F1_2000Hz,F2_1500Hz,F3_1000Hz,F4_900Hz,F5_800Hz,F6_700Hz,F7_600Hz,F8_500Hz,F9_400Hz,F10_200Hz,F11_100Hz,F12_80Hz,F13_600Hz,F14_600Hz,F15_600Hz,F16_600Hz,F17_600Hz,F18_600Hz
NaN,NaN,-0.022568606955853,-0.0265762452521206,-0.0288992480248756,-0.0205012687899095,-0.0305238094151719,-0.0222353800927522,-0.0260447939072037,NaN,NaN,NaN,NaN,NaN,NaN,NaN,NaN,NaN
NaN,NaN,-0.0200772445629506,-0.0278613027670266,-0.0298095227093048,-0.0209466272450906,-0.0291510585666401,-0.0181000843440415,-0.0329713192913914,NaN,NaN,NaN,NaN,NaN,NaN,NaN,NaN,NaN
NaN,NaN,-0.0253175172935395,-0.0278749187030674,-0.0307531014890022,-0.0279220098115426,-0.0343756478250725,-0.0192085072194459,-0.0338022266660118,NaN,NaN,NaN,NaN,NaN,NaN,NaN,NaN,NaN
NaN,NaN,-0.0295619640479951,-0.0314160306491734,-0.0325346284419841,-0.0253515781320554,-0.0349126670480473,-0.0214871927892091,-0.0303532225225354,NaN,NaN,NaN,NaN,NaN,NaN,NaN,NaN,NaN
NaN,NaN,-0.0295857500265508,-0.0303663183488728,-0.0340351567477531,-0.0230976471163255,-0.0404927421332104,-0.0274092308973195,-0.0295516890619183,NaN,NaN,NaN,NaN,NaN,NaN,NaN,NaN,NaN
NaN,NaN,-0.0266165073941617,-0.0348379146792771,-0.0336429768115825,-0.0245741100467664,-0.0370313886523945,-0.0224727928434731,-0.0298955706093693,NaN,NaN,NaN,NaN,NaN,NaN,NaN,NaN,NaN
NaN,NaN,-0.0263233456741242,-0.0328499693908573,-0.0323392928451843,-0.0233778075732213,-0.0331963513017399,-0.0163855008577229,-0.0355219324264908,NaN,NaN,NaN,NaN,NaN,NaN,NaN,NaN,NaN
NaN,NaN,-0.0275263350437551,-0.0314335395135762,-0.0337509170979805,-0.0272863076485616,-0.0327730093122227,-0.020476093122852,-0.0373231847916031,NaN,NaN,NaN,NaN,NaN,NaN,NaN,NaN,NaN
NaN,NaN,-0.0319046128521829,-0.0336342920102955,-0.0352030911356754,-0.0225697548545819,-0.0316116314352257,-0.0217433623765828,-0.0306267892156029,NaN,NaN,NaN,NaN,NaN,NaN,NaN,NaN,NaN
NaN,NaN,-0.0278906311820416,-0.0328635108210922,-0.0339714542836494,-0.0198758670546037,-0.0333465922594769,-0.0275770738517167,-0.03116071644763,NaN,NaN,NaN,NaN,NaN,NaN,NaN,NaN,NaN
NaN,NaN,-0.0262568119893937,-0.0360178072490574,-0.0353319489270992,-0.0200186015523893,-0.031796200943063,-0.0212271488999249,-0.0320238475833321,NaN,NaN,NaN,NaN,NaN,NaN,NaN,NaN,NaN
NaN,NaN,-0.0275318484733968,-0.0328646656610848,-0.0282605842561073,-0.0192842350758535,-0.0286678325355751,-0.0186876185034635,-0.0364571479294682,NaN,NaN,NaN,NaN,NaN,NaN,NaN,NaN,NaN
NaN,NaN,-0.0255595866571336,-0.0308340844251992,-0.0303291820794887,-0.0199526639141065,-0.0323101047397358,-0.0231425627862336,-0.0341942575905705,NaN,NaN,NaN,NaN,NaN,NaN,NaN,NaN,NaN
NaN,NaN,-0.0299408819507031,-0.0324579943456532,-0.0320211530536956,-0.0167474613942128,-0.0345342893124325,-0.0256988569890382,-0.0287725259695435,NaN,NaN,NaN,NaN,NaN,NaN,NaN,NaN,NaN
NaN,NaN,-0.0267502453158765,-0.0297593195476414,-0.0279762142211742,-0.0208599956191999,-0.0359617833019001,-0.0255576312338235,-0.0294145983789349,NaN,NaN,NaN,NaN,NaN,NaN,NaN,NaN,NaN
NaN,NaN,-0.0264662291835217,-0.033175448004234,-0.0281978876203842,-0.024885171786688,-0.0350822795153363,-0.0212363503669621,-0.0317781833146,NaN,NaN,NaN,NaN,NaN,NaN,NaN,NaN,NaN
NaN,NaN,-0.0279794234763055,-0.029133060995567,-0.0261399813801593,-0.0233271808780652,-0.0312320429802639,-0.0168986409698846,-0.0308939484093571,NaN,NaN,NaN,NaN,NaN,NaN,NaN,NaN,NaN
NaN,NaN,-0.0237657476197152,-0.026821201715696,-0.0272165902764148,-0.0224397235967141,-0.0316539879859192,-0.0177228055690648,-0.0283408207033062,NaN,NaN,NaN,NaN,NaN,NaN,NaN,NaN,NaN
NaN,NaN,-0.0265625838170915,-0.0276159365215184,-0.0278390304059334,-0.0206842550493699,-0.0277563285053475,-0.0157863810454728,-0.0240324107144261,NaN,NaN,NaN,NaN,NaN,NaN,NaN,NaN,NaN
NaN,NaN,-0.0201954107712178,-0.0251103621461274,-0.0258576602548904,-0.0187118255950433,-0.0260327298165066,-0.0145177334343316,-0.0255565014813328,NaN,NaN,NaN,NaN,NaN,NaN,NaN,NaN,NaN
NaN,NaN,-0.0218344267438321,-0.0275183525421501,-0.0261460163504429,-0.0194133163846952,-0.0246434759319527,-0.0137788221036317,-0.0274758641753579,NaN,NaN,NaN,NaN,NaN,NaN,NaN,NaN,NaN
NaN,NaN,-0.0191974986325173,-0.0255954508223416,-0.0243672274858303,-0.0166556143619043,-0.0238893654168351,-0.0105597242509248,-0.0238172751996899,NaN,NaN,NaN,NaN,NaN,NaN,NaN,NaN,NaN
NaN,NaN,-0.0175109293292432,-0.0265298095085503,-0.0249256112486667,-0.0144215205170137,-0.0263384643913014,-0.0149099692498567,-0.0246567507419968,NaN,NaN,NaN,NaN,NaN,NaN,NaN,NaN,NaN
NaN,NaN,-0.0217016760240464,-0.0275460500755192,-0.026723194202835,-0.0163240448988896,-0.0253140468121273,-0.0110765896533849,-0.0214503561292076,NaN,NaN,NaN,NaN,NaN,NaN,NaN,NaN,NaN
NaN,NaN,-0.0186069842408566,-0.026138206992376,-0.0211293541700191,-0.0178257839240056,-0.0238597493589623,-0.0119022816215875,-0.0246503059897805,NaN,NaN,NaN,NaN,NaN,NaN,NaN,NaN,NaN
NaN,NaN,-0.0218798939119248,-0.0287087318041207,-0.0243272551209278,-0.0200324596322995,-0.0249769452930195,-0.0114742457662942,-0.0247667213116074,NaN,NaN,NaN,NaN,NaN,NaN,NaN,NaN,NaN
NaN,NaN,-0.0223286796341805,-0.0249996465184571,-0.0256922387391872,-0.018307929620884,-0.0265394438029034,-0.0109639741276624,-0.0240365271602059,NaN,NaN,NaN,NaN,NaN,NaN,NaN,NaN,NaN
NaN,NaN,-0.0256691660712628,-0.0272491258122803,-0.025382741621191,-0.0189882048822862,-0.0277289848745568,-0.0146180555020692,-0.0253544044826413,NaN,NaN,NaN,NaN,NaN,NaN,NaN,NaN,NaN
NaN,NaN,-0.0288898844252496,-0.029319586280811,-0.0279944308907337,-0.0215648019172174,-0.0271127101004822,-0.0122234388982179,-0.0233300631080056,NaN,NaN,NaN,NaN,NaN,NaN,NaN,NaN,NaN
NaN,NaN,-0.027577222509232,-0.0280663613715054,-0.0240767479748077,-0.0172736400224191,-0.0247250784159405,-0.0145868934487225,-0.0252288249466801,NaN,NaN,NaN,NaN,NaN,NaN,NaN,NaN,NaN
NaN,NaN,-0.0247645352016358,-0.0270291846730591,-0.028112373581583,-0.0200881899751645,-0.0287709299445851,-0.0136213540827157,-0.0256539923284436,NaN,NaN,NaN,NaN,NaN,NaN,NaN,NaN,NaN
NaN,NaN,-0.0251431737075715,-0.0272864718475224,-0.026248517713005,-0.0181926691390496,-0.0286188635946019,-0.0140510663186433,-0.0232277480099583,NaN,NaN,NaN,NaN,NaN,NaN,NaN,NaN,NaN
NaN,NaN,-0.0250772733221917,-0.0278307926394821,-0.0262105756313152,-0.0211108007885438,-0.0323427755356533,-0.0148230954800965,-0.0268973824713612,NaN,NaN,NaN,NaN,NaN,NaN,NaN,NaN,NaN
NaN,NaN,-0.0286798339317708,-0.0304916557409645,-0.0294780650049991,-0.0250418761230928,-0.032698484879802,-0.0141541637276532,-0.0248617534671212,NaN,NaN,NaN,NaN,NaN,NaN,NaN,NaN,NaN
NaN,NaN,-0.0273246292005448,-0.0319177713730217,-0.0288234942466564,-0.0250928194679242,-0.0305718842864735,-0.0137563772295835,-0.0282351714704419,NaN,NaN,NaN,NaN,NaN,NaN,NaN,NaN,NaN
NaN,NaN,-0.0241569776068597,-0.029330370996225,-0.0364774198145218,-0.028972243652485,-0.0339489903271897,-0.0137252338026883,-0.0306452294025803,NaN,NaN,NaN,NaN,NaN,NaN,NaN,NaN,NaN
NaN,NaN,-0.0268295567463307,-0.0310386587419392,-0.0365409732670135,-0.0274235473431569,-0.0286891039431794,-0.0147611625288846,-0.0304744807217503,NaN,NaN,NaN,NaN,NaN,NaN,NaN,NaN,NaN
NaN,NaN,-0.0271166089902787,-0.0302088130750538,-0.0344822288364715,-0.0298128926612359,-0.0330904040456517,-0.0199744269048097,-0.0341950771544361,NaN,NaN,NaN,NaN,NaN,NaN,NaN,NaN,NaN
NaN,NaN,-0.0313725110124021,-0.0335249174871327,-0.0424596027345009,-0.0286166088141423,-0.0300691004813416,-0.0235049031471135,-0.0328659867082024,NaN,NaN,NaN,NaN,NaN,NaN,NaN,NaN,NaN
NaN,NaN,-0.0307467740009694,-0.0314408597090126,-0.0405852415472812,-0.026206290111683,-0.0332951087475521,-0.0213948614691617,-0.0336474967334652,NaN,NaN,NaN,NaN,NaN,NaN,NaN,NaN,NaN
NaN,NaN,-0.0300435323248773,-0.0277389456071736,-0.0408370525450058,-0.0274224483825189,-0.0350387494981987,-0.0212998479400994,-0.0330246281955624,NaN,NaN,NaN,NaN,NaN,NaN,NaN,NaN,NaN
NaN,NaN,-0.0316420357654958,-0.0297028441467167,-0.0368670106739349,-0.0244135686613542,-0.0333523664594395,-0.0205206103419187,-0.0299930800829316,NaN,NaN,NaN,NaN,NaN,NaN,NaN,NaN,NaN
NaN,NaN,-0.030821596456614,-0.0242871102430703,-0.0325866148680992,-0.0258081124581319,-0.0356345165491803,-0.0237269863282563,-0.031626917902031,NaN,NaN,NaN,NaN,NaN,NaN,NaN,NaN,NaN
NaN,NaN,-0.0318815160523324,-0.0256990883984448,-0.0385484204501457,-0.029830755428217,-0.0328905049682362,-0.02008139861573,-0.0273937401507283,NaN,NaN,NaN,NaN,NaN,NaN,NaN,NaN,NaN
NaN,NaN,-0.027807370943871,-0.0218907613792301,-0.0346238271207161,-0.0302940884090882,-0.0344224374712212,-0.0147820427810075,-0.0276949857507134,NaN,NaN,NaN,NaN,NaN,NaN,NaN,NaN,NaN
NaN,NaN,-0.0260319162140756,-0.0198588762917401,-0.0365574763030357,-0.0341557429589254,-0.033333088082145,-0.0127108372544171,-0.0281271939311409,NaN,NaN,NaN,NaN,NaN,NaN,NaN,NaN,NaN
NaN,NaN,-0.0286187205444245,-0.0226127226390721,-0.0297452055723018,-0.0309045144773942,-0.0297032210946782,-0.011825838664663,-0.0271000010106945,NaN,NaN,NaN,NaN,NaN,NaN,NaN,NaN,NaN
NaN,NaN,-0.0246703784893422,-0.0175013449528099,-0.0299152091950721,-0.0301851236678582,-0.0275246154487832,-0.0153796165977838,-0.0261084218655014,NaN,NaN,NaN,NaN,NaN,NaN,NaN,NaN,NaN
NaN,NaN,-0.0250847052763371,-0.0202156845965267,-0.0358947844118423,-0.0289906465865594,-0.0282837923587067,-0.0136380992626073,-0.0243679476116085,NaN,NaN,NaN,NaN,NaN,NaN,NaN,NaN,NaN
NaN,NaN,-0.021806840969172,-0.0171674844362618,-0.0273909524888343,-0.0269647592164498,-0.0252318482816918,-0.0103308982943418,-0.0250260387692833,NaN,NaN,NaN,NaN,NaN,NaN,NaN,NaN,NaN
NaN,NaN,-0.0189918067286878,-0.0179435555376889,-0.0231480517298526,-0.0272141674019319,-0.0297627884865506,-0.0117135770415189,-0.0239630644355202,NaN,NaN,NaN,NaN,NaN,NaN,NaN,NaN,NaN
NaN,NaN,-0.0232007328401475,-0.0228053574004055,-0.0178874575406856,-0.0230472998179418,-0.0272752631426556,-0.0126998103951337,-0.0244009350572014,NaN,NaN,NaN,NaN,NaN,NaN,NaN,NaN,NaN
NaN,NaN,-0.020279639584866,-0.0169221181907536,-0.019270788213665,-0.0236887203015309,-0.026272843402694,-0.0118884980474832,-0.0206301589641953,NaN,NaN,NaN,NaN,NaN,NaN,NaN,NaN,NaN
NaN,NaN,-0.0206877265106111,-0.0215482954420925,-0.0182392367035694,-0.0245743708170873,-0.0249047491670353,-0.00782152412284631,-0.0191726391349221,NaN,NaN,NaN,NaN,NaN,NaN,NaN,NaN,NaN
NaN,NaN,-0.0196308430264859,-0.016899282161224,-0.0118251995057411,-0.0218595096327287,-0.021770234030555,-0.00417921466578264,-0.0175767433975125,NaN,NaN,NaN,NaN,NaN,NaN,NaN,NaN,NaN
NaN,NaN,-0.015240756047812,-0.0150518548228623,-0.00801903315489957,-0.0212815308429223,-0.0245561737538083,-0.0069585792516591,-0.0204210211668396,NaN,NaN,NaN,NaN,NaN,NaN,NaN,NaN,NaN
NaN,NaN,-0.020397302878943,-0.018121345017183,-0.0103206665129013,-0.0192039364434701,-0.0191641885758145,-0.00824749244202394,-0.0201720972690964,NaN,NaN,NaN,NaN,NaN,NaN,NaN,NaN,NaN
NaN,NaN,-0.0149453405271439,-0.01554048252486,-0.0145090290219135,-0.0179686488069516,-0.0220357540965779,-0.00906159875739831,-0.0197369833622361,NaN,NaN,NaN,NaN,NaN,NaN,NaN,NaN,NaN
NaN,NaN,-0.0197094466517835,-0.0208040196933628,-0.0184464559764213,-0.0200267413116914,-0.023594098907779,-0.00714778674591798,-0.0192824979458237,NaN,NaN,NaN,NaN,NaN,NaN,NaN,NaN,NaN
NaN,NaN,-0.0187500912676721,-0.0173878167309643,-0.0100069039375133,-0.0212190763510686,-0.0250753302098019,-0.00844992471684236,-0.0176064525876427,NaN,NaN,NaN,NaN,NaN,NaN,NaN,NaN,NaN
NaN,NaN,-0.01595530397996,-0.0173041653373123,-0.0101839111060447,-0.0204398387528878,-0.0267639670491917,-0.0108960993384244,-0.0233734627399826,NaN,NaN,NaN,NaN,NaN,NaN,NaN,NaN,NaN
NaN,NaN,-0.0213072050343423,-0.0203217249848725,-0.0189737894446201,-0.0196950414635163,-0.0274582121492131,-0.0126846484636189,-0.0215976541076088,NaN,NaN,NaN,NaN,NaN,NaN,NaN,NaN,NaN
NaN,NaN,-0.0185882274042039,-0.0219009873010994,-0.0209687196523494,-0.023779524252556,-0.0294575754523976,-0.0113828830217244,-0.0216446113918209,NaN,NaN,NaN,NaN,NaN,NaN,NaN,NaN,NaN
NaN,NaN,-0.0249862831066518,-0.0281304549910904,-0.0231525034517593,-0.0268084087826234,-0.0293245080829365,-0.00922359300602693,-0.0227208105061436,NaN,NaN,NaN,NaN,NaN,NaN,NaN,NaN,NaN
NaN,NaN,-0.0233363706599145,-0.0218680371084095,-0.0173046731263942,-0.0257231944657785,-0.028056531024049,-0.0110694370960118,-0.0240780641470337,NaN,NaN,NaN,NaN,NaN,NaN,NaN,NaN,NaN
NaN,NaN,-0.0221925016473203,-0.0232985858359219,-0.0196031958669967,-0.0243852005757314,-0.0268482517421944,-0.0116345636342885,-0.0275697228644276,NaN,NaN,NaN,NaN,NaN,NaN,NaN,NaN,NaN
NaN,NaN,-0.0249638196061521,-0.027649520013559,-0.0269692682535,-0.0226141416884881,-0.0266538102150662,-0.0139697618578793,-0.0259144832525635,NaN,NaN,NaN,NaN,NaN,NaN,NaN,NaN,NaN
NaN,NaN,-0.0224881406854062,-0.0285184067227722,-0.0280404009730167,-0.0221491882063371,-0.0260130975366337,-0.0118709146772744,-0.0269851875636959,NaN,NaN,NaN,NaN,NaN,NaN,NaN,NaN,NaN
NaN,NaN,-0.0281620185802846,-0.0312434565760971,-0.0263584696561641,-0.024234791979931,-0.0293786551774247,-0.0158792897855164,-0.0291669597063446,NaN,NaN,NaN,NaN,NaN,NaN,NaN,NaN,NaN
NaN,NaN,-0.0265271935592561,-0.0272679757811905,-0.020073606899435,-0.0220381186760884,-0.0293794188619358,-0.0183256134187104,-0.0263421465788269,NaN,NaN,NaN,NaN,NaN,NaN,NaN,NaN,NaN
NaN,NaN,-0.0240264620612531,-0.0278425273039223,-0.0253244594544716,-0.0218080633737069,-0.0351898286462529,-0.0199286803399445,-0.0283841830823803,NaN,NaN,NaN,NaN,NaN,NaN,NaN,NaN,NaN
NaN,NaN,-0.0266656812261014,-0.031330926392305,-0.0275104039222545,-0.0239049361504537,-0.0331102225900395,-0.0174177042936208,-0.0237993006739998,NaN,NaN,NaN,NaN,NaN,NaN,NaN,NaN,NaN
NaN,NaN,-0.0239839192460446,-0.0298835393526436,-0.023173905244524,-0.024163247779749,-0.032421043884824,-0.0138691231404664,-0.0261468482349301,NaN,NaN,NaN,NaN,NaN,NaN,NaN,NaN,NaN
NaN,NaN,-0.0280782926808267,-0.0284141731002213,-0.0231983058959789,-0.0260046028949243,-0.0335233759105904,-0.0164488121663453,-0.0277533610496903,NaN,NaN,NaN,NaN,NaN,NaN,NaN,NaN,NaN
NaN,NaN,-0.0273757960627942,-0.0231063236036183,-0.0219610066026992,-0.0254851297892552,-0.0318530861259205,-0.0137147284840466,-0.025398623678484,NaN,NaN,NaN,NaN,NaN,NaN,NaN,NaN,NaN
NaN,NaN,-0.0246697079370885,-0.0237731878199459,-0.0247556821317024,-0.0246758663512689,-0.0328751008928521,-0.0138583011721494,-0.0256592449877644,NaN,NaN,NaN,NaN,NaN,NaN,NaN,NaN,NaN
NaN,NaN,-0.0217239532600312,-0.0249866452553154,-0.0254599296361751,-0.023596556619547,-0.0271043095708592,-0.0112137175892713,-0.0216496591601754,NaN,NaN,NaN,NaN,NaN,NaN,NaN,NaN,NaN
NaN,NaN,-0.0189735341797738,-0.0204182472565056,-0.017937301924879,-0.0154943854965192,-0.0238485921145184,-0.0080220937525155,-0.0218647015426541,NaN,NaN,NaN,NaN,NaN,NaN,NaN,NaN,NaN
NaN,NaN,-0.0166306991110711,-0.0162704717852951,-0.0166262046307869,-0.0177888476706964,-0.0228674624086125,-0.00920122263778467,-0.0202128891978646,NaN,NaN,NaN,NaN,NaN,NaN,NaN,NaN,NaN
NaN,NaN,-0.0138087172041802,-0.0130581912138344,-0.0140975893348999,-0.0119762772180062,-0.021432368826936,-0.00477762667287607,-0.0157804642949486,NaN,NaN,NaN,NaN,NaN,NaN,NaN,NaN,NaN
NaN,NaN,-0.00901821739777612,-0.0130880307891251,-0.0170490995854683,-0.0129101329900247,-0.02035812549002,-0.0049897074495675,-0.017504044357338,NaN,NaN,NaN,NaN,NaN,NaN,NaN,NaN,NaN
NaN,NaN,-0.00878231338962602,-0.0157084186115147,-0.013614028027708,-0.0127961763597947,-0.0173108939052327,-0.000721400210750289,-0.0132336509559536,NaN,NaN,NaN,NaN,NaN,NaN,NaN,NaN,NaN
NaN,NaN,-0.0073858324418931,-0.0140288714804531,-0.00720407002275654,-0.0110035107888204,-0.0151193428755505,0.000622181614744477,-0.0125455153320218,NaN,NaN,NaN,NaN,NaN,NaN,NaN,NaN,NaN
NaN,NaN,-0.00813442952736902,-0.00761414510391963,-0.0108963356227226,-0.0165548825122338,-0.0157808985532029,0.00011475982319098,-0.0120322262082482,NaN,NaN,NaN,NaN,NaN,NaN,NaN,NaN,NaN
NaN,NaN,-0.00772095955714273,-0.00581166339300883,-0.00971675970261761,-0.0148172767318708,-0.0119472023070557,0.00187518300663214,-0.00935083675722126,NaN,NaN,NaN,NaN,NaN,NaN,NaN,NaN,NaN
NaN,NaN,-0.00319322310194063,-0.00667783064030421,-0.00850522079175183,-0.0160634422160607,-0.0120574708998902,0.000680612793075852,-0.0126352016959572,NaN,NaN,NaN,NaN,NaN,NaN,NaN,NaN,NaN
NaN,NaN,-0.00590251497730302,-0.0125904065110565,-0.0087317556948013,-0.0125542746342641,-0.0125929627538426,-0.000701283643138595,-0.00820829022268299,NaN,NaN,NaN,NaN,NaN,NaN,NaN,NaN,NaN
NaN,NaN,-0.0057955246399312,-0.00653656763218654,-0.00551908396785924,-0.0119812877334577,-0.0115447591961129,0.00138523282657843,-0.00790711912850384,NaN,NaN,NaN,NaN,NaN,NaN,NaN,NaN,NaN
NaN,NaN,-0.00485090277895021,-0.00381354806207431,-0.0052558922082729,-0.0157860198475343,-0.0106809016288025,0.00184182303200942,-0.0061812666390324,NaN,NaN,NaN,NaN,NaN,NaN,NaN,NaN,NaN
NaN,NaN,-0.00422702841266679,-0.00482325074456943,-0.00648087941711613,-0.0130621248342019,-0.00951387993700337,0.00671476351271849,-0.00334227878192905,NaN,NaN,NaN,NaN,NaN,NaN,NaN,NaN,NaN
NaN,NaN,-0.00169666223033952,-0.00647888151191485,-0.00469691239898869,-0.0116970294572335,-0.0139965962589486,0.0059944227541564,-0.00778051513771061,NaN,NaN,NaN,NaN,NaN,NaN,NaN,NaN,NaN
NaN,NaN,-0.00544739626153993,-0.0124130640663983,-0.00508607485001752,-0.0138169245280248,-0.0124897535861237,0.0049975164438365,-0.00446206379274372,NaN,NaN,NaN,NaN,NaN,NaN,NaN,NaN,NaN
NaN,NaN,-0.00500563271149683,-0.00669649434469951,-0.00617549874489972,-0.0133328789330941,-0.0118174318195088,0.00745937453757506,-0.00619696873764042,NaN,NaN,NaN,NaN,NaN,NaN,NaN,NaN,NaN
NaN,NaN,-0.00228807069167184,-0.00509396759055865,-0.0100482546598262,-0.0178437025703412,-0.00725575796968769,0.00486949684272986,-0.00936504873970989,NaN,NaN,NaN,NaN,NaN,NaN,NaN,NaN,NaN
NaN,NaN,-0.00687882043227243,-0.00934769031785739,-0.00764672764247128,-0.0152338014401418,-0.0093403745413525,0.00928059445868712,-0.00728020865062717,NaN,NaN,NaN,NaN,NaN,NaN,NaN,NaN,NaN
NaN,NaN,-0.00489555038317728,-0.0112525802590729,-0.00819635697310635,-0.00878836004509746,-0.0119100052834256,0.0015187658573268,-0.0107455109391594,NaN,NaN,NaN,NaN,NaN,NaN,NaN,NaN,NaN
NaN,NaN,-0.0103426326046853,-0.0144044925012471,-0.0123432011217422,-0.0101611667729837,-0.0137572836101754,0.000672081878292375,-0.00900019380787853,NaN,NaN,NaN,NaN,NaN,NaN,NaN,NaN,NaN
NaN,NaN,-0.00987091772064256,-0.00749298003696216,-0.0102519535333461,-0.0100574919439775,-0.0108335640252335,-0.000301727632177062,-0.00879725861886982,NaN,NaN,NaN,NaN,NaN,NaN,NaN,NaN,NaN
NaN,NaN,-0.00727470703228998,-0.0103173088767411,-0.0119975873143024,-0.0130089835680944,-0.0137777168274624,-0.0028454862331273,-0.0106284436915303,NaN,NaN,NaN,NaN,NaN,NaN,NaN,NaN,NaN
NaN,NaN,-0.010667813194838,-0.0131687392034413,-0.00877370246356198,-0.00947675643935024,-0.0171407785237534,0.000273513069259934,-0.00855889591912273,NaN,NaN,NaN,NaN,NaN,NaN,NaN,NaN,NaN
NaN,NaN,-0.00895775593623209,-0.0124814045169236,-0.00787778877323338,-0.00741007714047252,-0.0182857651234372,-0.00295417157758493,-0.00841794956068043,NaN,NaN,NaN,NaN,NaN,NaN,NaN,NaN,NaN
NaN,NaN,-0.0106726746986775,-0.0134356748797776,-0.00831174784010121,-0.0116974764920694,-0.0176748920202954,0.00208283068786841,-0.00793038356641773,NaN,NaN,NaN,NaN,NaN,NaN,NaN,NaN,NaN
NaN,NaN,-0.00820625312432336,-0.00573197943352473,-0.00922047652905652,-0.0119335481382829,-0.00966713837988209,0.00532986821781378,-0.00717707398871426,NaN,NaN,NaN,NaN,NaN,NaN,NaN,NaN,NaN
NaN,NaN,-0.00608039758905458,-0.00713551980637324,-0.00843907826250264,-0.0157128551460725,-0.0130568917811615,0.00350319074641448,-0.0125017990503693,NaN,NaN,NaN,NaN,NaN,NaN,NaN,NaN,NaN
NaN,NaN,-0.0081315796802907,-0.00881877360128177,-0.00705530055468747,-0.00951784639134227,-0.0134984876931412,0.00304155277262907,-0.00963159326056484,NaN,NaN,NaN,NaN,NaN,NaN,NaN,NaN,NaN
NaN,NaN,-0.00362321473464059,-0.00821780977033389,-0.00859986179178425,-0.00456650717630206,-0.0131696004391415,-0.000195649990928359,-0.0095435273979092,NaN,NaN,NaN,NaN,NaN,NaN,NaN,NaN,NaN
NaN,NaN,-0.00704949460729646,-0.00806978536032451,-0.00944328614180752,-0.00750209181084453,-0.0100841287494404,0.00412024783145171,-0.00993485051731114,NaN,NaN,NaN,NaN,NaN,NaN,NaN,NaN,NaN
NaN,NaN,-0.00298667438134241,-0.00452763033293498,-0.00927771561449238,-0.00407141609563648,-0.00456773750192951,0.00632133560429793,-0.00651820052007679,NaN,NaN,NaN,NaN,NaN,NaN,NaN,NaN,NaN
NaN,NaN,-0.00102154649600076,-0.00530401808403743,-0.0050340511709995,-0.00420671863927661,-0.0103971648932202,0.00305062385450583,-0.0101854880485917,NaN,NaN,NaN,NaN,NaN,NaN,NaN,NaN,NaN
NaN,NaN,-0.00157797448143053,-0.00412712437294734,-0.00840387426918217,0.00063956738934697,-0.00984887666709255,0.00237772466789465,-0.00467788848618511,NaN,NaN,NaN,NaN,NaN,NaN,NaN,NaN,NaN
NaN,NaN,0.00255301855698538,-0.00380347115181697,-0.00320960887377927,0.00112884701714696,-0.0076786156714661,0.00338472651492339,-0.00459855842927937,NaN,NaN,NaN,NaN,NaN,NaN,NaN,NaN,NaN
NaN,NaN,-0.000997220350351806,-0.00588266742609752,-0.00688611649578282,-0.00308926193489848,-0.00569163895852398,0.00695228802214842,-0.00376731577853207,NaN,NaN,NaN,NaN,NaN,NaN,NaN,NaN,NaN
NaN,NaN,0.00136172659889174,0.000121829982769365,-0.00611097671693036,0.00035270140991391,-0.00159147269732784,0.0112895503843902,-0.00211503777245525,NaN,NaN,NaN,NaN,NaN,NaN,NaN,NaN,NaN
NaN,NaN,0.00130336992636633,0.00257521304107892,0.000388611772602113,0.00146481232271374,-0.0037278149247868,0.00755729379307013,-0.00408523205260281,NaN,NaN,NaN,NaN,NaN,NaN,NaN,NaN,NaN
NaN,NaN,0.00426845886007262,0.00113352569557416,-0.00208483197396466,0.00669646100626172,-0.00310088582045864,0.00916322918783408,0.00127050605078693,NaN,NaN,NaN,NaN,NaN,NaN,NaN,NaN,NaN
NaN,NaN,0.00835811980262709,0.00158475148297536,0.00145136258894733,0.00902899564728917,-0.000118064504931681,0.0113941751624225,-0.000527579817571678,NaN,NaN,NaN,NaN,NaN,NaN,NaN,NaN,NaN
NaN,NaN,0.00602744780674887,0.000993082251322145,-0.000971044680530516,0.00410587550625981,-0.000195438784430735,0.0122446589375613,0.000533122089109384,NaN,NaN,NaN,NaN,NaN,NaN,NaN,NaN,NaN
NaN,NaN,0.00657780356899214,0.00531454938269841,0.00176613099271587,0.00600582943782987,0.000566997754503973,0.0138842523301719,0.000669449087581597,NaN,NaN,NaN,NaN,NaN,NaN,NaN,NaN,NaN
NaN,NaN,0.00758355744377089,0.0070092770717262,0.00308739832932285,0.00648691342697324,-0.00474226735241245,0.00809233861218672,-0.000620767954387702,NaN,NaN,NaN,NaN,NaN,NaN,NaN,NaN,NaN
NaN,NaN,0.00715445988074255,0.00190464216090428,0.00176685742432407,0.0053336380563754,-0.00552886239893269,0.0127638712729095,0.00265556898375507,NaN,NaN,NaN,NaN,NaN,NaN,NaN,NaN,NaN
NaN,NaN,0.00867402441993666,0.000339331056845064,0.00464514709407619,0.00376180769429387,-8.22432048153132e-06,0.0146431684697745,5.47203089809045e-05,NaN,NaN,NaN,NaN,NaN,NaN,NaN,NaN,NaN
NaN,NaN,0.00669725500241232,0.00243521663166272,-0.001054640194828,-0.000440580532692062,-0.00110530368692707,0.0134863913262961,-0.00277702185849193,NaN,NaN,NaN,NaN,NaN,NaN,NaN,NaN,NaN
NaN,NaN,0.0022674191762538,0.00461628096915471,-0.000430560937578169,0.00158931152448834,0.00197713189118076,0.0125773832405684,-0.00270801085571293,NaN,NaN,NaN,NaN,NaN,NaN,NaN,NaN,NaN
NaN,NaN,0.00258080922261191,0.00291233318663823,-0.000727764597589461,0.000811545415975464,-0.00450651235587429,0.00675441922794562,-0.00437971625069622,NaN,NaN,NaN,NaN,NaN,NaN,NaN,NaN,NaN
NaN,NaN,0.00125181190863562,-0.00389952776216281,-0.0027675100476093,0.00195098133311452,-0.00260486341721844,0.0101503938640235,-0.00157002780179027,NaN,NaN,NaN,NaN,NaN,NaN,NaN,NaN,NaN
NaN,NaN,0.00141758732691718,-0.00268864077709926,-0.000889740219766585,0.00486607687101544,0.000994642454315908,0.0111948721314548,-0.00377454284171108,NaN,NaN,NaN,NaN,NaN,NaN,NaN,NaN,NaN
NaN,NaN,-0.000215747577991957,0.000834776040089006,-0.00053758852785298,0.00183305726871671,-0.00261592752940487,0.00887163208972197,-0.00411183062533382,NaN,NaN,NaN,NaN,NaN,NaN,NaN,NaN,NaN
NaN,NaN,-0.00169286243423509,0.000990102019083376,-0.00227867745464512,0.00442574755773724,-0.00223259515769314,0.00813408048998099,-0.00260681334475521,NaN,NaN,NaN,NaN,NaN,NaN,NaN,NaN,NaN
NaN,NaN,0.000953695552501207,0.000580059315931673,-0.00216596879666516,0.00193418027386845,-0.0103255834401352,0.0042026139999507,-0.00514256257156376,NaN,NaN,NaN,NaN,NaN,NaN,NaN,NaN,NaN
NaN,NaN,-0.00212307758435297,-0.00740307015560878,-0.00288556449716755,-0.00389776168837367,-0.00809277482039761,0.00766702221881133,-0.00298589888552669,NaN,NaN,NaN,NaN,NaN,NaN,NaN,NaN,NaN
NaN,NaN,-0.0016601357589631,-0.00415733647726787,-0.00278174065654942,-0.00141452042832195,-0.00712200142152142,0.00892834963451605,-0.00676084730366711,NaN,NaN,NaN,NaN,NaN,NaN,NaN,NaN,NaN
NaN,NaN,-0.00423010177716302,-0.00327108991526378,-0.0077978067905254,-0.0084809118367654,-0.0116064500034554,0.0050401523913024,-0.00918819058279041,NaN,NaN,NaN,NaN,NaN,NaN,NaN,NaN,NaN
NaN,NaN,-0.00668385736450243,-0.00288867023967517,-0.0106139772445507,-0.0068031528450471,-0.00940329469449352,0.0044699967111228,-0.00817498612741474,NaN,NaN,NaN,NaN,NaN,NaN,NaN,NaN,NaN
NaN,NaN,-0.00376201905116128,-0.0055540409424187,-0.0108822912782974,-0.0088328213848096,-0.0116390276671154,-0.0015266962145688,-0.0113588241074467,NaN,NaN,NaN,NaN,NaN,NaN,NaN,NaN,NaN
NaN,NaN,-0.0074807528386979,-0.012786822442043,-0.013973760685379,-0.00757976411356746,-0.00930725671059918,0.00120356904517394,-0.0100206439528847,NaN,NaN,NaN,NaN,NaN,NaN,NaN,NaN,NaN
NaN,NaN,-0.00673781819447565,-0.00730140698336375,-0.0093222514600105,-0.00264366133584796,-0.00781308002478909,0.00218969064007979,-0.0116990176175023,NaN,NaN,NaN,NaN,NaN,NaN,NaN,NaN,NaN
NaN,NaN,-0.0066969890128045,-0.00904916417979014,-0.0117275782734699,-0.00402658222689449,-0.0124851901055081,0.00136239679704886,-0.0115803298685933,NaN,NaN,NaN,NaN,NaN,NaN,NaN,NaN,NaN
NaN,NaN,-0.00764230005249071,-0.00765797314428104,-0.0130160816819019,-0.00197648046984493,-0.00971640534407925,0.00117197858344298,-0.00881409693101887,NaN,NaN,NaN,NaN,NaN,NaN,NaN,NaN,NaN
NaN,NaN,-0.00445890910729455,-0.00793204275153888,-0.00852198459809491,-0.00348628474845706,-0.00856221727735829,0.00073882045398932,-0.00941593620518688,NaN,NaN,NaN,NaN,NaN,NaN,NaN,NaN,NaN
NaN,NaN,-0.00484771765574502,-0.0110475402810456,-0.007743082276041,-0.00446665076985179,-0.00965614877350163,0.00613145755778532,-0.00829430717567448,NaN,NaN,NaN,NaN,NaN,NaN,NaN,NaN,NaN
NaN,NaN,-0.00292310230239915,-0.00526274186753047,-0.00398662992423245,0.000954857333757294,-0.0081339765310986,0.00731459113012534,-0.00698961738089565,NaN,NaN,NaN,NaN,NaN,NaN,NaN,NaN,NaN
NaN,NaN,-0.00338883809551286,-0.00210572597764743,-0.00621770628398129,-0.00267629487886249,-0.00995951778895687,0.00665962921630125,-0.00895824703911785,NaN,NaN,NaN,NaN,NaN,NaN,NaN,NaN,NaN
NaN,NaN,-0.00562872476681757,-0.00356270563982738,-0.0069370225877113,-0.00266653461828052,-0.00438013188249897,0.00489222111355048,-0.0043429476354504,NaN,NaN,NaN,NaN,NaN,NaN,NaN,NaN,NaN
NaN,NaN,-0.00131850801214265,-0.00570500833176387,-0.00450712748473355,-0.00276784388794719,-0.00574759281880688,0.00462971853266936,-0.00873061317543034,NaN,NaN,NaN,NaN,NaN,NaN,NaN,NaN,NaN
NaN,NaN,-0.00433511771067666,-0.00430660885952723,-0.00772579692905614,-0.00143281160368739,-0.00790496431000065,0.00796690808783751,-0.00707079145649914,NaN,NaN,NaN,NaN,NaN,NaN,NaN,NaN,NaN
NaN,NaN,-0.00154245383843469,-0.000401238028037672,-0.00195275180643269,0.00547801168189229,-0.00577687360055279,0.00816256033431273,-0.00420570794085506,NaN,NaN,NaN,NaN,NaN,NaN,NaN,NaN,NaN
NaN,NaN,-0.00110801048382806,0.000665815498602266,-0.00421234526341626,0.00196182192788304,-0.00582420341379475,0.00686386825691443,-0.00395562920311932,NaN,NaN,NaN,NaN,NaN,NaN,NaN,NaN,NaN
NaN,NaN,-0.00455895177825975,-0.00259806034349215,-0.00528018110101887,0.00158499018774213,-0.00256731249100994,0.00749010818253737,0.000621988889179192,NaN,NaN,NaN,NaN,NaN,NaN,NaN,NaN,NaN
NaN,NaN,0.00150135047927809,-0.00302840587877048,-0.000522109946662871,0.00120568112955273,-0.00315607599623036,0.0145004525984405,-0.00128288242558483,NaN,NaN,NaN,NaN,NaN,NaN,NaN,NaN,NaN
NaN,NaN,0.00267563648715926,-0.000342061791646605,-0.00219044395392605,0.00191229419336499,-0.00383260734088253,0.0187331274355529,-0.000229426208534278,NaN,NaN,NaN,NaN,NaN,NaN,NaN,NaN,NaN
NaN,NaN,0.00529652722373915,0.00370893063760983,-0.000189925810749022,0.00963293971047582,0.00273008756630588,0.0177195318246959,0.00129630368610378,NaN,NaN,NaN,NaN,NaN,NaN,NaN,NaN,NaN
NaN,NaN,0.005792195724401,0.00587747799969899,-0.00220320307319829,0.00438005687222661,0.0029855679749744,0.0124782905186294,-0.000858162078657188,NaN,NaN,NaN,NaN,NaN,NaN,NaN,NaN,NaN
NaN,NaN,0.00244802124992323,-0.000562300954091673,-0.00359089233582684,0.00279814959988774,0.0032885644613998,0.0107318930531619,-0.00074131834844593,NaN,NaN,NaN,NaN,NaN,NaN,NaN,NaN,NaN
NaN,NaN,0.00415018089309645,-0.000271672431457167,-0.0020566315264053,0.006463257833578,-0.000931407135794871,0.0130432307923911,-0.0030658063624287,NaN,NaN,NaN,NaN,NaN,NaN,NaN,NaN,NaN
NaN,NaN,0.00185674317375136,-0.00167234433077586,-0.00434135206645199,0.00570475147590817,-0.00490141175396275,0.0104008078778861,-0.00468887809256557,NaN,NaN,NaN,NaN,NaN,NaN,NaN,NaN,NaN
NaN,NaN,-7.38326440720507e-05,-0.00131432530664218,-0.00176292963927457,0.00962303043828191,-0.00133202485449146,0.00849046038638335,-0.000455309185781516,NaN,NaN,NaN,NaN,NaN,NaN,NaN,NaN,NaN
NaN,NaN,-0.000309457255449767,-0.00152513948463214,-0.00384808637803265,0.00347091840133847,-0.00581658519513439,0.00322764964948874,-0.00481948677042965,NaN,NaN,NaN,NaN,NaN,NaN,NaN,NaN,NaN
NaN,NaN,-0.00360134728058862,-0.00561358970783961,-0.00635967709725567,-0.000785598293684113,-0.00727792344696354,0.006574264189112,-0.00152517530659679,NaN,NaN,NaN,NaN,NaN,NaN,NaN,NaN,NaN
NaN,NaN,-0.00273259095653581,-0.0031504277624966,-0.0017577514857597,-0.000351173565528977,-0.0093452174187405,0.011948777755606,-0.00436412591079716,NaN,NaN,NaN,NaN,NaN,NaN,NaN,NaN,NaN
NaN,NaN,-0.00256323925956773,-0.00435622972630275,-0.00702095337813565,-0.000777402655027496,-0.0104828838229878,0.00947417916904669,-0.00606675121525768,NaN,NaN,NaN,NaN,NaN,NaN,NaN,NaN,NaN
NaN,NaN,-0.00459240488513994,-0.00415562284373057,-0.00624836542313763,-0.000956998900316345,-0.00626928247220349,0.00738995375286322,-0.00615794632176403,NaN,NaN,NaN,NaN,NaN,NaN,NaN,NaN,NaN
NaN,NaN,-0.00530075020894098,-0.00388153461002124,-0.00888924234216878,-0.0076409520067197,-0.00886512063152622,0.00264860915194731,-0.0114970323775196,NaN,NaN,NaN,NaN,NaN,NaN,NaN,NaN,NaN
NaN,NaN,-0.007389688117352,-0.00851726723097575,-0.0137062848419494,-0.00914447917117893,-0.0112624939501984,0.00216352047573309,-0.00863703388313297,NaN,NaN,NaN,NaN,NaN,NaN,NaN,NaN,NaN
NaN,NaN,-0.00740863121851968,-0.0068217199780823,-0.0104477547914333,-0.00530333234443484,-0.0114368561626179,0.00721376614819746,-0.0125713688466931,NaN,NaN,NaN,NaN,NaN,NaN,NaN,NaN,NaN
NaN,NaN,-0.00561540685400056,-0.0102115106322647,-0.0122540362984485,-0.00489051430001079,-0.0106221165478928,-0.000950319299590773,-0.0140053634677315,NaN,NaN,NaN,NaN,NaN,NaN,NaN,NaN,NaN
NaN,NaN,-0.00813172869190263,-0.0129567515590073,-0.0130899169356174,-0.00374711094870387,-0.0105060737550957,-0.00260103268374223,-0.0144376089010621,NaN,NaN,NaN,NaN,NaN,NaN,NaN,NaN,NaN
NaN,NaN,-0.00740721560820627,-0.0108776111640812,-0.0162474916190452,-0.0106118151403886,-0.0158030267775757,-0.00703654957760591,-0.016175624463358,NaN,NaN,NaN,NaN,NaN,NaN,NaN,NaN,NaN
NaN,NaN,-0.0133105900119214,-0.0124476906397225,-0.0161394395739383,-0.0139374190427285,-0.019112034511636,-0.00196881366719026,-0.0134625514183426,NaN,NaN,NaN,NaN,NaN,NaN,NaN,NaN,NaN
NaN,NaN,-0.0124542947839169,-0.0143877473213555,-0.0109565176874942,-0.00976270972266017,-0.0160439599276287,0.00212004633795004,-0.0137027581367875,NaN,NaN,NaN,NaN,NaN,NaN,NaN,NaN,NaN
NaN,NaN,-0.00991135574683237,-0.0133068729677082,-0.0141062320083923,-0.0100893618024808,-0.015665507686208,-0.00408231986511964,-0.0182676916156197,NaN,NaN,NaN,NaN,NaN,NaN,NaN,NaN,NaN
NaN,NaN,-0.0154632862637906,-0.0144592915215374,-0.0144199200779743,-0.00810704170241176,-0.0146851416648133,-0.00318599639285821,-0.0162790198955918,NaN,NaN,NaN,NaN,NaN,NaN,NaN,NaN,NaN
NaN,NaN,-0.0108065802584557,-0.0109056998529316,-0.0173069455534763,-0.0119812318541032,-0.0178433682740433,-0.00602355001319665,-0.0149537851248169,NaN,NaN,NaN,NaN,NaN,NaN,NaN,NaN,NaN
NaN,NaN,-0.0144554834793477,-0.0122747440376164,-0.0171911076516456,-0.0110098810352307,-0.0177381474495633,-0.000331027040374465,-0.0128597621951485,NaN,NaN,NaN,NaN,NaN,NaN,NaN,NaN,NaN
NaN,NaN,-0.0116478439401059,-0.00978213367246402,-0.0108314224392719,-0.00385421304478465,-0.0110449183703167,0.00324852990161162,-0.0105762523744488,NaN,NaN,NaN,NaN,NaN,NaN,NaN,NaN,NaN
NaN,NaN,-0.00507192425235796,-0.00588743579767955,-0.00924551047986218,-0.00334463058485805,-0.0107720594824059,0.000250863304245286,-0.0134414103958989,NaN,NaN,NaN,NaN,NaN,NaN,NaN,NaN,NaN
NaN,NaN,-0.00766033045753526,-0.00672711623095286,-0.0091703713745422,-0.0012799629427415,-0.0118369709671242,0.00203574301849585,-0.00708569261769298,NaN,NaN,NaN,NaN,NaN,NaN,NaN,NaN,NaN
NaN,NaN,-0.00310590229734468,-0.00312090483688129,-0.0114116922826118,-0.00585858686342059,-0.0140118513227208,0.00220475943933707,-0.00593593764642719,NaN,NaN,NaN,NaN,NaN,NaN,NaN,NaN,NaN
NaN,NaN,-0.00678483135804223,-0.00983363581084025,-0.0107159198135681,-0.00922032608165561,-0.012686467540334,0.00608105438004714,-0.00560159284214024,NaN,NaN,NaN,NaN,NaN,NaN,NaN,NaN,NaN
NaN,NaN,-0.00386867411240625,-0.00662291986130488,-0.00717201389973828,-0.00285395397319614,-0.00760165117389988,0.00757483991037588,-0.00505032438377384,NaN,NaN,NaN,NaN,NaN,NaN,NaN,NaN,NaN
NaN,NaN,-0.000172366572466368,-0.00404900503538859,-0.0076655776113815,-0.00446337251438915,-0.00787877551920246,0.0041805602813838,-0.0103445765707875,NaN,NaN,NaN,NaN,NaN,NaN,NaN,NaN,NaN
NaN,NaN,-0.00425060950025606,-0.00335213360570682,-0.00841015138333508,-0.00341177894248782,-0.0082872722268803,0.00725930782209616,-0.00390490937570576,NaN,NaN,NaN,NaN,NaN,NaN,NaN,NaN,NaN
NaN,NaN,-0.000443157924261565,-0.00238527176164401,-0.00730996139949032,-0.00319407297744571,-0.00696021206385922,0.00578608589421492,-0.00538770529965405,NaN,NaN,NaN,NaN,NaN,NaN,NaN,NaN,NaN
NaN,NaN,-0.00488862134322214,-0.00794809875272525,-0.00835121729081341,0.000183666362621201,-0.0064434025407536,0.00611048417340498,-0.00392945903877262,NaN,NaN,NaN,NaN,NaN,NaN,NaN,NaN,NaN
NaN,NaN,-0.00239269546970415,-0.00351885897301448,-0.00177216835921475,0.00526045472846211,-0.00358582548506092,0.00774177016864996,-0.00294603827933315,NaN,NaN,NaN,NaN,NaN,NaN,NaN,NaN,NaN
NaN,NaN,-0.00126735977634477,-0.00311548453949702,-0.00127048351472088,0.00412817136869611,-0.00828829668171238,0.00360427649866324,-0.00535700890759472,NaN,NaN,NaN,NaN,NaN,NaN,NaN,NaN,NaN
NaN,NaN,-0.0041662130485444,-0.00441622552655948,-0.00555154987281033,0.00190173299536885,-0.00906198359734844,0.00660905840049963,-0.00163229602912907,NaN,NaN,NaN,NaN,NaN,NaN,NaN,NaN,NaN
NaN,NaN,-0.00483544282421159,-0.00276174959920657,-0.00315276094382474,-0.000677155093095886,-0.00758639611012768,0.00711621942173224,-0.00183014619688038,NaN,NaN,NaN,NaN,NaN,NaN,NaN,NaN,NaN
NaN,NaN,-0.00697090960845041,-0.00672445264838946,-0.00553310968583294,-0.00217822356595813,-0.00910419113643002,0.00656003358017187,-0.00329748216609005,NaN,NaN,NaN,NaN,NaN,NaN,NaN,NaN,NaN
NaN,NaN,-0.00542960800036478,-0.00406785500429881,-0.005011028876955,-0.00350548861994563,-0.00765861086256336,0.00860281514178496,-0.00601061109045986,NaN,NaN,NaN,NaN,NaN,NaN,NaN,NaN,NaN
NaN,NaN,-0.00569857395991373,-0.00265541118763698,-0.0076759897977657,-0.00762023939266025,-0.0117228466988308,0.00408668296586256,-0.0106998947594548,NaN,NaN,NaN,NaN,NaN,NaN,NaN,NaN,NaN
NaN,NaN,-0.00907724462255525,-0.00761336279295695,-0.011098767897541,-0.0103730426587087,-0.0102550823212368,0.00348270164977293,-0.00821590844134334,NaN,NaN,NaN,NaN,NaN,NaN,NaN,NaN,NaN
NaN,NaN,-0.0100427839885621,-0.00947421980284465,-0.013143095454628,-0.0076673456884843,-0.0102988172293408,0.000386892279493622,-0.00869801688531879,NaN,NaN,NaN,NaN,NaN,NaN,NaN,NaN,NaN
NaN,NaN,-0.0122348006795316,-0.0116105806567551,-0.0156682462305374,-0.00825208588018237,-0.0146350551367505,-0.00115118695248384,-0.0132429828081513,NaN,NaN,NaN,NaN,NaN,NaN,NaN,NaN,NaN
NaN,NaN,-0.0118605580161481,-0.0114865284898163,-0.0138918042988128,-0.00812238989844142,-0.014105728638242,0.000195747634279542,-0.0131716621253872,NaN,NaN,NaN,NaN,NaN,NaN,NaN,NaN,NaN
NaN,NaN,-0.010410078985539,-0.0103950743117214,-0.0151873485059089,-0.00963323725833713,-0.0180056791723473,-0.00418936608184595,-0.0182356913719559,NaN,NaN,NaN,NaN,NaN,NaN,NaN,NaN,NaN
NaN,NaN,-0.0140184510479836,-0.0168484505751015,-0.0172307447404213,-0.0107103490687829,-0.0165732677996857,-0.00558405889023561,-0.0135353063378716,NaN,NaN,NaN,NaN,NaN,NaN,NaN,NaN,NaN
NaN,NaN,-0.0160372044871716,-0.016408903572786,-0.013747318914587,-0.00949176935925304,-0.0150907512725098,-0.00264992711890955,-0.0122345839772606,NaN,NaN,NaN,NaN,NaN,NaN,NaN,NaN,NaN
NaN,NaN,-0.0140327747891812,-0.0158233624436737,-0.0154647895008869,-0.0119148658074361,-0.0190095517755253,-0.00387372223485727,-0.0143123460147763,NaN,NaN,NaN,NaN,NaN,NaN,NaN,NaN,NaN
NaN,NaN,-0.014407408608046,-0.0127868410684944,-0.0155681849331207,-0.0106337012208921,-0.0129805233300431,-4.39375435234979e-05,-0.0155293983552838,NaN,NaN,NaN,NaN,NaN,NaN,NaN,NaN,NaN
NaN,NaN,-0.0116533014903932,-0.0122246388831021,-0.0137060613245315,-0.0119074711061936,-0.014062217247556,-0.00460769755591173,-0.0167790656123543,NaN,NaN,NaN,NaN,NaN,NaN,NaN,NaN,NaN
NaN,NaN,-0.0150801960359483,-0.0202790331580521,-0.0173577212602443,-0.0128564701832753,-0.0147666882694466,-0.00640867052425165,-0.0140227233205223,NaN,NaN,NaN,NaN,NaN,NaN,NaN,NaN,NaN
NaN,NaN,-0.0159378696213632,-0.0132055078186871,-0.0168133073360271,-0.00941273732557117,-0.015543299537967,-0.00197024790395517,-0.011981785777607,NaN,NaN,NaN,NaN,NaN,NaN,NaN,NaN,NaN
NaN,NaN,-0.0114873770604997,-0.0127548594512821,-0.016159630647356,-0.0129307152189237,-0.0196087088406784,-0.00461702940810937,-0.0151127805147553,NaN,NaN,NaN,NaN,NaN,NaN,NaN,NaN,NaN
NaN,NaN,-0.0113278973828225,-0.0110421944894673,-0.0151925452858753,-0.0112397686995488,-0.0153035212279065,-0.000841112414491363,-0.0122498390410328,NaN,NaN,NaN,NaN,NaN,NaN,NaN,NaN,NaN
NaN,NaN,-0.00677766017421769,-0.0110365506746651,-0.011093999525959,-0.00857518030776798,-0.0162260521174176,-0.00401114819396753,-0.0122102764580632,NaN,NaN,NaN,NaN,NaN,NaN,NaN,NaN,NaN
NaN,NaN,-0.0101284097860722,-0.0145890247561814,-0.0124491483778305,-0.00882924510612308,-0.0155832905293209,0.000126811137306504,-0.00894783485273365,NaN,NaN,NaN,NaN,NaN,NaN,NaN,NaN,NaN
NaN,NaN,-0.00606106333240556,-0.00708038550995601,-0.00993884288376042,-0.0063739807762128,-0.0112361375213368,0.00572337063204031,-0.00656392845849041,NaN,NaN,NaN,NaN,NaN,NaN,NaN,NaN,NaN
NaN,NaN,-0.00120248384579705,-0.00558611569188845,-0.00998827748602101,-0.00687711848392306,-0.0101793471694691,0.00612810479651671,-0.0108768833015347,NaN,NaN,NaN,NaN,NaN,NaN,NaN,NaN,NaN
NaN,NaN,-0.000744906438436978,-0.00316728470109713,-0.00711050935691067,-0.00355333997382937,-0.003141193461488,0.00925488995562774,-0.00655478287080769,NaN,NaN,NaN,NaN,NaN,NaN,NaN,NaN,NaN
NaN,NaN,0.0020632546414466,-0.0040402506031872,-0.00226617910569378,-0.00232615484371005,-0.00203135497577023,0.00662485363136512,-0.0061124791536713,NaN,NaN,NaN,NaN,NaN,NaN,NaN,NaN,NaN
NaN,NaN,-0.000539978219118588,-0.00433741701029551,-0.00493300267165371,0.00130825699792088,-0.0020326402009232,0.00852549674164038,-0.00337072137335781,NaN,NaN,NaN,NaN,NaN,NaN,NaN,NaN,NaN
NaN,NaN,0.000745321439656742,0.00160728948928106,-0.00401995264595219,0.00369184674248875,0.000259735810686834,0.0114188738371013,-0.00135761174897198,NaN,NaN,NaN,NaN,NaN,NaN,NaN,NaN,NaN
NaN,NaN,0.00407070182457877,0.00219495403386342,-0.00167039342826077,0.00109476061091603,-0.00141141079075169,0.00765454249631148,-0.00758542168478016,NaN,NaN,NaN,NaN,NaN,NaN,NaN,NaN,NaN
NaN,NaN,0.000614768641147144,-0.000486416790711999,-0.0024223432750053,0.00198670686707676,-0.00110046080953907,0.00930460395466071,-0.0013049920235062,NaN,NaN,NaN,NaN,NaN,NaN,NaN,NaN,NaN
NaN,NaN,0.000596849994811542,-0.0022014659383179,-0.00334081359809109,0.0009197278462428,-0.00347239039547276,0.00566862749110442,-0.00187687996367459,NaN,NaN,NaN,NaN,NaN,NaN,NaN,NaN,NaN
NaN,NaN,-0.00654829405054139,-0.00346905184172404,-0.00789108805959889,-0.00485663278474627,-0.00784046090848278,0.00816267209302168,-0.000450913343229331,NaN,NaN,NaN,NaN,NaN,NaN,NaN,NaN,NaN
NaN,NaN,-0.0114043962191014,-0.00576658738039744,-0.0103464827746696,-0.00823476328029452,-0.00711002461321186,0.00872822703968268,-0.003135320279398,NaN,NaN,NaN,NaN,NaN,NaN,NaN,NaN,NaN
NaN,NaN,-0.0134364303182034,-0.00776518699907077,-0.0143948675007171,-0.0137790569521409,-0.0112065028370125,0.00468058737169486,-0.0133211207721615,NaN,NaN,NaN,NaN,NaN,NaN,NaN,NaN,NaN
NaN,NaN,-0.0235817369054227,-0.0173758212962033,-0.0193964608818836,-0.0173910984255296,-0.0110371697664959,0.00186082201253157,-0.0110894483659649,NaN,NaN,NaN,NaN,NaN,NaN,NaN,NaN,NaN
NaN,NaN,-0.0254352923463254,-0.0229690652825714,-0.0252249196976967,-0.0179981903590184,-0.0134480472625,-0.00459441689599771,-0.0127667230699444,NaN,NaN,NaN,NaN,NaN,NaN,NaN,NaN,NaN
NaN,NaN,-0.0349849995206265,-0.029903302017677,-0.0331314385742492,-0.0233278514303189,-0.0194598276139004,-0.00620227081526536,-0.0142371137771988,NaN,NaN,NaN,NaN,NaN,NaN,NaN,NaN,NaN
NaN,NaN,-0.0422130499015717,-0.0346109699942948,-0.0356620096475429,-0.0249596403397542,-0.0195538166881306,-0.00816739870060701,-0.0167988841567421,NaN,NaN,NaN,NaN,NaN,NaN,NaN,NaN,NaN
NaN,NaN,-0.044243239981976,-0.038816282574165,-0.0365096435756035,-0.0296861024059278,-0.0266390580654843,-0.0142239570413949,-0.0256257360015297,NaN,NaN,NaN,NaN,NaN,NaN,NaN,NaN,NaN
NaN,NaN,-0.049766672028151,-0.0485168826320053,-0.0444335409313984,-0.031716366992138,-0.0309722412348492,-0.0180846616422059,-0.021903630826273,NaN,NaN,NaN,NaN,NaN,NaN,NaN,NaN,NaN
NaN,NaN,-0.050247402114716,-0.0482648853697659,-0.0437666580886192,-0.0328091250218373,-0.0331448864162667,-0.0180401257966878,-0.0204665628407383,NaN,NaN,NaN,NaN,NaN,NaN,NaN,NaN,NaN
NaN,NaN,-0.052828078342524,-0.0512614530064942,-0.0433956564277954,-0.0381863766767007,-0.0370023686409695,-0.0175942644273164,-0.0211883192096138,NaN,NaN,NaN,NaN,NaN,NaN,NaN,NaN,NaN
NaN,NaN,-0.0521500941346555,-0.0466537345685841,-0.0433184870392627,-0.0352580377317887,-0.034556063634227,-0.0171456835960271,-0.0206275140080834,NaN,NaN,NaN,NaN,NaN,NaN,NaN,NaN,NaN
NaN,NaN,-0.043779459966269,-0.0412832070627095,-0.0363596447617359,-0.0368009225882512,-0.034683189165662,-0.0207390613650205,-0.0274200034473324,NaN,NaN,NaN,NaN,NaN,NaN,NaN,NaN,NaN
NaN,NaN,-0.0418864909540086,-0.0405298788585545,-0.0377515808553047,-0.032479231939457,-0.0323877770424588,-0.0191292889212491,-0.0195667562220478,NaN,NaN,NaN,NaN,NaN,NaN,NaN,NaN,NaN
NaN,NaN,-0.0305977437625794,-0.032637627843845,-0.0300610729367084,-0.0270329692818147,-0.0270881604374154,-0.0158471032773377,-0.0180352521274472,NaN,NaN,NaN,NaN,NaN,NaN,NaN,NaN,NaN
NaN,NaN,-0.0252674866448312,-0.0238937754669072,-0.0256858312398739,-0.0233124473549348,-0.0241302054346306,-0.0124954595958116,-0.0179287088249112,NaN,NaN,NaN,NaN,NaN,NaN,NaN,NaN,NaN
NaN,NaN,-0.0151767369340329,-0.0143148433902146,-0.0167163566560096,-0.0153652669347745,-0.016275747489999,-0.00941939426411409,-0.0135984500084305,NaN,NaN,NaN,NaN,NaN,NaN,NaN,NaN,NaN
NaN,NaN,0.00130778439537001,-0.00265738559149516,-0.00442919441168972,-0.00783734931125461,-0.0127931226015789,-0.00785797608841676,-0.0136651140783215,NaN,NaN,NaN,NaN,NaN,NaN,NaN,NaN,NaN
NaN,NaN,0.0108310978879066,0.00537543925262677,0.00118174470359615,-0.000432515279195893,-0.00671696923382115,0.000247082134592347,-0.00346837985853199,NaN,NaN,NaN,NaN,NaN,NaN,NaN,NaN,NaN
NaN,NaN,0.0242490161229701,0.0179465617499469,0.0162843137174301,0.00814481662140073,0.0039461527048843,0.00995198490272742,-0.000244569513597526,NaN,NaN,NaN,NaN,NaN,NaN,NaN,NaN,NaN
NaN,NaN,0.0354946058262916,0.0296842995545982,0.0213962129443341,0.0130767657004374,0.00988797210447956,0.0139204621518729,-0.000806231531896628,NaN,NaN,NaN,NaN,NaN,NaN,NaN,NaN,NaN
NaN,NaN,0.0454101365079017,0.0391316916308521,0.0300447351425343,0.0235092176638621,0.0197318468271988,0.0204238318110583,0.00432481568714138,NaN,NaN,NaN,NaN,NaN,NaN,NaN,NaN,NaN
NaN,NaN,0.0602425847221942,0.0503874886295913,0.040839303949421,0.0303250646732825,0.0253339383780258,0.0247442372346995,0.0079658026661491,NaN,NaN,NaN,NaN,NaN,NaN,NaN,NaN,NaN
NaN,NaN,0.0682784270514579,0.0558613743147968,0.0503563775807076,0.037553617968418,0.034927082437207,0.0334375746751903,0.0167115363146877,NaN,NaN,NaN,NaN,NaN,NaN,NaN,NaN,NaN
NaN,NaN,0.0761556465198131,0.0641964133343815,0.0622841983228379,0.0508532209836024,0.0451140191435115,0.0396889470721362,0.0208549345697975,NaN,NaN,NaN,NaN,NaN,NaN,NaN,NaN,NaN
NaN,NaN,0.0829980921019645,0.0733318682274936,0.0650811649053746,0.0544094576083201,0.0480030376493232,0.0405935965682147,0.0198396439518547,NaN,NaN,NaN,NaN,NaN,NaN,NaN,NaN,NaN
NaN,NaN,0.0869938943554492,0.0776040497682213,0.0710498250215702,0.061732689156391,0.052998931336333,0.0474999308789847,0.0295352707471466,NaN,NaN,NaN,NaN,NaN,NaN,NaN,NaN,NaN
NaN,NaN,0.0982747998108001,0.0834961924216865,0.0783082551448994,0.065328171714403,0.0561503220378654,0.050490631183493,0.0294140870537376,NaN,NaN,NaN,NaN,NaN,NaN,NaN,NaN,NaN
NaN,NaN,0.0984679561127753,0.0846266317627548,0.0832110538273506,0.0667551814161319,0.0601050343393581,0.0573104270006297,0.0367861385311699,NaN,NaN,NaN,NaN,NaN,NaN,NaN,NaN,NaN
NaN,NaN,0.101252740996036,0.0881252195201038,0.09047872267062,0.0709266124807376,0.0642873618780868,0.0612530507351039,0.0381126771535492,NaN,NaN,NaN,NaN,NaN,NaN,NaN,NaN,NaN
NaN,NaN,0.103764368968162,0.0908107626698135,0.0852094485550575,0.0708854852758426,0.0598770093201892,0.0626158178056357,0.0358685250248527,NaN,NaN,NaN,NaN,NaN,NaN,NaN,NaN,NaN
NaN,NaN,0.101922399180088,0.093218324657452,0.0832737504630738,0.0710405318580645,0.0620822694181697,0.0664853327180026,0.0416709440614795,NaN,NaN,NaN,NaN,NaN,NaN,NaN,NaN,NaN
NaN,NaN,0.107997304575595,0.0949968713781952,0.088295125135725,0.0710667206488627,0.0678410094260471,0.0664936773682712,0.0372640932764625,NaN,NaN,NaN,NaN,NaN,NaN,NaN,NaN,NaN
NaN,NaN,0.106783474611196,0.0891919563970684,0.0870286940723114,0.072875386341669,0.0702927906095283,0.0662630260194419,0.0407776567008113,NaN,NaN,NaN,NaN,NaN,NaN,NaN,NaN,NaN
NaN,NaN,0.10798400528923,0.0920724067351936,0.09032257712776,0.0767722262583751,0.0712000850617187,0.0676345288957236,0.0418272199895,NaN,NaN,NaN,NaN,NaN,NaN,NaN,NaN,NaN
NaN,NaN,0.108685738222751,0.092641798730862,0.0875793478577786,0.0766312798999327,0.0650470975815551,0.0652106501365779,0.0396358365978813,NaN,NaN,NaN,NaN,NaN,NaN,NaN,NaN,NaN
NaN,NaN,0.107281136142168,0.0943913626930832,0.0871149345427208,0.0769922046504992,0.0667520698189037,0.066640546938288,0.0445769871439552,NaN,NaN,NaN,NaN,NaN,NaN,NaN,NaN,NaN
NaN,NaN,0.113327524440441,0.0988833177349685,0.0980967923193627,0.0804185031496066,0.0721311096131103,0.0700589105690596,0.0408852244581794,NaN,NaN,NaN,NaN,NaN,NaN,NaN,NaN,NaN
NaN,NaN,0.112207329647693,0.0988297480604767,0.103946112760847,0.0811742900453585,0.0730906140088337,0.0727734551037429,0.0439809593226528,NaN,NaN,NaN,NaN,NaN,NaN,NaN,NaN,NaN
NaN,NaN,0.117414112018499,0.104496808674109,0.111698572257107,0.087482547625162,0.0734702397166984,0.0780500121618388,0.0476486938860035,NaN,NaN,NaN,NaN,NaN,NaN,NaN,NaN,NaN
NaN,NaN,0.120791683720502,0.111130991902125,0.110669479438608,0.0916168934248465,0.0734295222937362,0.0776289612258552,0.0430113035108661,NaN,NaN,NaN,NaN,NaN,NaN,NaN,NaN,NaN
NaN,NaN,0.125258586185131,0.115223074283373,0.114823289880102,0.0948713070295829,0.083631714063813,0.0818513356352923,0.0474401893879985,NaN,NaN,NaN,NaN,NaN,NaN,NaN,NaN,NaN
NaN,NaN,0.136455113815221,0.120206618633044,0.125255834975784,0.104187345369913,0.09085654206865,0.0863637984002708,0.0447499709989643,NaN,NaN,NaN,NaN,NaN,NaN,NaN,NaN,NaN
NaN,NaN,0.147126058863554,0.126393916036856,0.127468322136944,0.109715247764446,0.0928412463545101,0.0897879176045535,0.0499363015260314,NaN,NaN,NaN,NaN,NaN,NaN,NaN,NaN,NaN
NaN,NaN,0.153406097369346,0.130696160670292,0.134734482237642,0.121070603146412,0.0967355717002647,0.0954766966606257,0.0559297348227119,NaN,NaN,NaN,NaN,NaN,NaN,NaN,NaN,NaN
NaN,NaN,0.161050076412115,0.135513892348778,0.137154877850359,0.12631273852215,0.103402593362262,0.0930984527076362,0.0547421495284652,NaN,NaN,NaN,NaN,NaN,NaN,NaN,NaN,NaN
NaN,NaN,0.166119376944456,0.136093603398573,0.140939884552305,0.131268752976515,0.112824914234807,0.101693293472636,0.0622986028756713,NaN,NaN,NaN,NaN,NaN,NaN,NaN,NaN,NaN
NaN,NaN,0.174618868904266,0.138102652456534,0.149660621502941,0.139559721811869,0.117747009921004,0.110647885521757,0.0634430679347133,NaN,NaN,NaN,NaN,NaN,NaN,NaN,NaN,NaN
NaN,NaN,0.180840662496242,0.13993914606787,0.15125251255328,0.140174748613693,0.117796556281974,0.1166152604128,0.0713832448091125,NaN,NaN,NaN,NaN,NaN,NaN,NaN,NaN,NaN
NaN,NaN,0.178717321531925,0.140597516622317,0.154315073707645,0.148198502375938,0.124531154709985,0.12247737722646,0.0736905592348194,NaN,NaN,NaN,NaN,NaN,NaN,NaN,NaN,NaN
NaN,NaN,0.180140810834322,0.145917659576905,0.155116178759878,0.149754816903927,0.131717183816363,0.121123271455872,0.0719570512737846,NaN,NaN,NaN,NaN,NaN,NaN,NaN,NaN,NaN
NaN,NaN,0.177367294954214,0.14398332121588,0.158760518500155,0.149931377037622,0.139880784976413,0.130394196530688,0.0777609045471763,NaN,NaN,NaN,NaN,NaN,NaN,NaN,NaN,NaN
NaN,NaN,0.183361715452823,0.150706389870417,0.165878784576004,0.157290147855141,0.140478563684155,0.135549979677307,0.081014461335144,NaN,NaN,NaN,NaN,NaN,NaN,NaN,NaN,NaN
NaN,NaN,0.182672555374059,0.155154982533228,0.164764643379992,0.16040156619177,0.136552722382476,0.137224814316141,0.0893416213657474,NaN,NaN,NaN,NaN,NaN,NaN,NaN,NaN,NaN
NaN,NaN,0.177915285157117,0.164657453026545,0.16897030986244,0.16636465699897,0.14432583861344,0.138779545595753,0.0928628216352081,NaN,NaN,NaN,NaN,NaN,NaN,NaN,NaN,NaN
NaN,NaN,0.180062002318058,0.175913268651736,0.172941879102533,0.169442082061626,0.148522005605628,0.139298590293038,0.0958612519170856,NaN,NaN,NaN,NaN,NaN,NaN,NaN,NaN,NaN
NaN,NaN,0.182534533368501,0.180570533450615,0.17608658290798,0.16951327235923,0.152803630757262,0.149654971828568,0.102839074548683,NaN,NaN,NaN,NaN,NaN,NaN,NaN,NaN,NaN
NaN,NaN,0.189873504268083,0.192746253635657,0.188398406574076,0.174945434793093,0.152830210703542,0.159580653926241,0.113693136241636,NaN,NaN,NaN,NaN,NaN,NaN,NaN,NaN,NaN
NaN,NaN,0.194055366145525,0.198493054088128,0.191556819447821,0.178104406460382,0.155970239269664,0.159906225671875,0.120355091508827,NaN,NaN,NaN,NaN,NaN,NaN,NaN,NaN,NaN
NaN,NaN,0.196337087826881,0.207833660717976,0.19540189645583,0.185411209478237,0.16646287329786,0.165397974124062,0.125238053020439,NaN,NaN,NaN,NaN,NaN,NaN,NaN,NaN,NaN
NaN,NaN,0.206846969949159,0.218497937496674,0.203079235473221,0.189254014059164,0.176287991183926,0.168155657520401,0.12657871049305,NaN,NaN,NaN,NaN,NaN,NaN,NaN,NaN,NaN
NaN,NaN,0.215050711112175,0.222971359219324,0.211971689680164,0.19586873264537,0.183296081799199,0.179512409886229,0.137565001365147,NaN,NaN,NaN,NaN,NaN,NaN,NaN,NaN,NaN
NaN,NaN,0.229665546493682,0.230106817509901,0.229681514868086,0.209041880681373,0.188752346861293,0.187374467423069,0.146000697728596,NaN,NaN,NaN,NaN,NaN,NaN,NaN,NaN,NaN
NaN,NaN,0.240476934986267,0.235388012554419,0.239489030757492,0.219122832878687,0.198819813507725,0.188514275869238,0.150481737669907,NaN,NaN,NaN,NaN,NaN,NaN,NaN,NaN,NaN
NaN,NaN,0.253008457647714,0.241250054862273,0.252932504484003,0.233362047239401,0.212191594022443,0.19520445021044,0.155192162361345,NaN,NaN,NaN,NaN,NaN,NaN,NaN,NaN,NaN
NaN,NaN,0.270410108195695,0.250365057911646,0.265294731327837,0.241049835696079,0.219672107326915,0.203276893516886,0.157850864794455,NaN,NaN,NaN,NaN,NaN,NaN,NaN,NaN,NaN
NaN,NaN,0.282797331737432,0.255228722419512,0.278136105009859,0.250018714233496,0.224982024359633,0.219073055704939,0.17042479988595,NaN,NaN,NaN,NaN,NaN,NaN,NaN,NaN,NaN
NaN,NaN,0.29976170771018,0.263727636959326,0.298785146990364,0.261441311105348,0.238794171440531,0.230742173662293,0.181252263006172,NaN,NaN,NaN,NaN,NaN,NaN,NaN,NaN,NaN
NaN,NaN,0.31706985347167,0.270614469375384,0.304748032906597,0.271799220009901,0.250615150856902,0.234722348322975,0.184810939696035,NaN,NaN,NaN,NaN,NaN,NaN,NaN,NaN,NaN
NaN,NaN,0.331276620553884,0.279768997754824,0.313547280350273,0.284792771800615,0.268251010405947,0.245114921053755,0.189187746014795,NaN,NaN,NaN,NaN,NaN,NaN,NaN,NaN,NaN
NaN,NaN,0.34570096321598,0.292990202035677,0.320767079213207,0.293483259394028,0.276276682692696,0.257102048417437,0.199158969786367,NaN,NaN,NaN,NaN,NaN,NaN,NaN,NaN,NaN
NaN,NaN,0.356176367776546,0.298142390277159,0.329202254036015,0.30076256976948,0.283721172439982,0.269649217298138,0.20978461530467,NaN,NaN,NaN,NaN,NaN,NaN,NaN,NaN,NaN
NaN,NaN,0.36993291489974,0.312467137303126,0.339127731242722,0.316106723859169,0.299001102524926,0.279010424783337,0.2199831004109,NaN,NaN,NaN,NaN,NaN,NaN,NaN,NaN,NaN
NaN,NaN,0.383059887962493,0.324560193296444,0.345988412120884,0.325683979555227,0.309125193583895,0.281435495635378,0.220015156533918,NaN,NaN,NaN,NaN,NaN,NaN,NaN,NaN,NaN
NaN,NaN,0.390416740255508,0.335203776087534,0.348648027250116,0.335775437071182,0.320231513309409,0.291632043590653,0.229478548732004,NaN,NaN,NaN,NaN,NaN,NaN,NaN,NaN,NaN
NaN,NaN,0.400267208742055,0.349740641143095,0.352647517540997,0.34436813579426,0.323595971989562,0.301077703406918,0.239955648299656,NaN,NaN,NaN,NaN,NaN,NaN,NaN,NaN,NaN
NaN,NaN,0.406559522079382,0.356859782662165,0.359132186242884,0.349304275824882,0.330539540576865,0.310637599250185,0.247880048569641,NaN,NaN,NaN,NaN,NaN,NaN,NaN,NaN,NaN
NaN,NaN,0.415716117994937,0.368962394025099,0.365521413007324,0.3609754426919,0.342989125478198,0.316840207597124,0.254472676184378,NaN,NaN,NaN,NaN,NaN,NaN,NaN,NaN,NaN
NaN,NaN,0.42263059206501,0.382610293056738,0.368575685390776,0.368410190805055,0.350518849867512,0.319313502332079,0.253391652819118,NaN,NaN,NaN,NaN,NaN,NaN,NaN,NaN,NaN
NaN,NaN,0.423092844711694,0.394111251410019,0.368503694155758,0.371767757698156,0.357797713208129,0.328246878852951,0.267074066665373,NaN,NaN,NaN,NaN,NaN,NaN,NaN,NaN,NaN
NaN,NaN,0.426982047783289,0.403685321982872,0.375951592543667,0.374240326001503,0.364087400215794,0.335597118755686,0.277095041688881,NaN,NaN,NaN,NaN,NaN,NaN,NaN,NaN,NaN
NaN,NaN,0.431296753512773,0.406524961765778,0.383716904291456,0.380134498938181,0.370016535001923,0.338013397922623,0.283767856177292,NaN,NaN,NaN,NaN,NaN,NaN,NaN,NaN,NaN
NaN,NaN,0.435042141752395,0.415151858653796,0.394260705181902,0.388899641349174,0.379146960753133,0.340527726730215,0.286735143032274,NaN,NaN,NaN,NaN,NaN,NaN,NaN,NaN,NaN
NaN,NaN,0.438803008573207,0.42325149657942,0.403299581924026,0.391770350053169,0.381842115151812,0.340757372250664,0.28915389951726,NaN,NaN,NaN,NaN,NaN,NaN,NaN,NaN,NaN
NaN,NaN,0.438550527023229,0.426464913364422,0.410230763921087,0.392273469134428,0.384616562354495,0.348673521002638,0.302866581347189,NaN,NaN,NaN,NaN,NaN,NaN,NaN,NaN,NaN
NaN,NaN,0.441220032798204,0.430322470094931,0.423473630765026,0.395597359403231,0.391419463980128,0.356485734155285,0.310118380453787,NaN,NaN,NaN,NaN,NaN,NaN,NaN,NaN,NaN
NaN,NaN,0.445976911859664,0.430990042116415,0.437449318090027,0.399644943191864,0.397599757838179,0.363044852783787,0.312702130046091,NaN,NaN,NaN,NaN,NaN,NaN,NaN,NaN,NaN
NaN,NaN,0.448270424084816,0.435682920690548,0.448909335502928,0.409076018496611,0.41027585901611,0.371699838360655,0.31438601714035,NaN,NaN,NaN,NaN,NaN,NaN,NaN,NaN,NaN
NaN,NaN,0.452037530766878,0.44389074104644,0.454094883719032,0.413975613429405,0.414488473164965,0.378864521553623,0.317078936364851,NaN,NaN,NaN,NaN,NaN,NaN,NaN,NaN,NaN
NaN,NaN,0.454214683549556,0.444679496761334,0.462806009420698,0.420664893700935,0.424098846691777,0.388666225990164,0.328427232321701,NaN,NaN,NaN,NaN,NaN,NaN,NaN,NaN,NaN
NaN,NaN,0.462229273097667,0.446180602487099,0.474220708677118,0.433421889557697,0.434893415498664,0.395871533473837,0.3314159395959,NaN,NaN,NaN,NaN,NaN,NaN,NaN,NaN,NaN
NaN,NaN,0.471173918621692,0.448647582854998,0.483452983865088,0.445169331743576,0.442670219767024,0.402293524166453,0.330402381237946,NaN,NaN,NaN,NaN,NaN,NaN,NaN,NaN,NaN
NaN,NaN,0.47282008715168,0.455089429344904,0.491940126487558,0.461160158976175,0.454030418026377,0.412258508076775,0.336969453361235,NaN,NaN,NaN,NaN,NaN,NaN,NaN,NaN,NaN
NaN,NaN,0.478359705584201,0.459844669278633,0.496767581173723,0.471074553444244,0.457151093709399,0.419799240698921,0.343638319041929,NaN,NaN,NaN,NaN,NaN,NaN,NaN,NaN,NaN
NaN,NaN,0.47299895696536,0.458779888179076,0.501147852012461,0.482679317011692,0.46488546692126,0.429284369965899,0.353608369347057,NaN,NaN,NaN,NaN,NaN,NaN,NaN,NaN,NaN
NaN,NaN,0.473721160369072,0.462401578154337,0.509719782242125,0.495243976130344,0.473616578805377,0.43877816053282,0.356195695218048,NaN,NaN,NaN,NaN,NaN,NaN,NaN,NaN,NaN
NaN,NaN,0.476830548422489,0.463573107447398,0.516383507022207,0.499625327303268,0.478843030708958,0.448108857890475,0.359419021275244,NaN,NaN,NaN,NaN,NaN,NaN,NaN,NaN,NaN
NaN,NaN,0.472499414162788,0.466465907122862,0.514730502584522,0.511091528698065,0.486756310987403,0.45704227166425,0.371069512781105,NaN,NaN,NaN,NaN,NaN,NaN,NaN,NaN,NaN
NaN,NaN,0.474079514669332,0.468798777040017,0.515858594992702,0.512530831857778,0.491268866884639,0.461858457347262,0.38021785717865,NaN,NaN,NaN,NaN,NaN,NaN,NaN,NaN,NaN
NaN,NaN,0.460989496486339,0.462776416864169,0.512836173841303,0.517349662496902,0.49800896011584,0.468359256556141,0.388252060380182,NaN,NaN,NaN,NaN,NaN,NaN,NaN,NaN,NaN
NaN,NaN,0.462190436946306,0.464443502899182,0.513463605859821,0.519998325272657,0.502613474804093,0.47447424607526,0.388271152492962,NaN,NaN,NaN,NaN,NaN,NaN,NaN,NaN,NaN
NaN,NaN,0.460135902093801,0.463171316262257,0.511908166775053,0.516396304830172,0.502009456235101,0.479860587438452,0.390639170524082,NaN,NaN,NaN,NaN,NaN,NaN,NaN,NaN,NaN
NaN,NaN,0.453696979956779,0.461255865123045,0.509899676510637,0.518243955685951,0.507061005759169,0.481853915771353,0.398073043194017,NaN,NaN,NaN,NaN,NaN,NaN,NaN,NaN,NaN
NaN,NaN,0.451164751129303,0.457903141107333,0.508937154629772,0.514109926535942,0.506847732889582,0.483945126106846,0.404775250222883,NaN,NaN,NaN,NaN,NaN,NaN,NaN,NaN,NaN
NaN,NaN,0.438263810055408,0.449844500001442,0.501796071150845,0.510109747066357,0.508016915249755,0.486109463890898,0.406018025692902,NaN,NaN,NaN,NaN,NaN,NaN,NaN,NaN,NaN
NaN,NaN,0.434908813612613,0.446947192724717,0.502361439832991,0.500323558463909,0.506747578459908,0.492303708961117,0.406354102757177,NaN,NaN,NaN,NaN,NaN,NaN,NaN,NaN,NaN
NaN,NaN,0.427734984831962,0.439855078186762,0.497399576672857,0.491284365072109,0.502514065432479,0.490169378390419,0.404258012291393,NaN,NaN,NaN,NaN,NaN,NaN,NaN,NaN,NaN
NaN,NaN,0.41813496761218,0.434335334177983,0.491683062830513,0.487470822646477,0.50438632183068,0.487205760946381,0.406010426100693,NaN,NaN,NaN,NaN,NaN,NaN,NaN,NaN,NaN
NaN,NaN,0.407332799213085,0.427356654729617,0.488543481299227,0.481287474050381,0.503920809554984,0.485446939637768,0.406173109528027,NaN,NaN,NaN,NaN,NaN,NaN,NaN,NaN,NaN
NaN,NaN,0.393067340182218,0.418862862463963,0.480562754639929,0.477959579094507,0.502786123382975,0.483911486735451,0.402028072145185,NaN,NaN,NaN,NaN,NaN,NaN,NaN,NaN,NaN
NaN,NaN,0.382581579314622,0.414733862455857,0.478639554896896,0.474398555471756,0.500182741510798,0.488482045402634,0.402142699327669,NaN,NaN,NaN,NaN,NaN,NaN,NaN,NaN,NaN
NaN,NaN,0.373001622783098,0.40908559593178,0.476402126917189,0.472211735560753,0.497865871715476,0.484801365455496,0.398236415800056,NaN,NaN,NaN,NaN,NaN,NaN,NaN,NaN,NaN
NaN,NaN,0.364325254039917,0.4022471550367,0.474459686049765,0.473899273439504,0.499669135737349,0.484679157307255,0.405114978071651,NaN,NaN,NaN,NaN,NaN,NaN,NaN,NaN,NaN
NaN,NaN,0.358036516981277,0.397293915923607,0.47019378162319,0.475387266143419,0.500916977602174,0.486128872653353,0.403700969633064,NaN,NaN,NaN,NaN,NaN,NaN,NaN,NaN,NaN
NaN,NaN,0.347246902810487,0.394788769956601,0.463278469362801,0.475737424805023,0.496903405713965,0.491387324800598,0.40624379691144,NaN,NaN,NaN,NaN,NaN,NaN,NaN,NaN,NaN
NaN,NaN,0.33998262398139,0.389894204165709,0.46745930678541,0.476843519373991,0.499192373084952,0.498537646999466,0.409792117294273,NaN,NaN,NaN,NaN,NaN,NaN,NaN,NaN,NaN
NaN,NaN,0.334436933325681,0.385718041982424,0.463275749900883,0.479432894154646,0.498325665670563,0.497654362043249,0.409692037370405,NaN,NaN,NaN,NaN,NaN,NaN,NaN,NaN,NaN
NaN,NaN,0.330331477152261,0.38074006694175,0.459463436821049,0.484428042783596,0.503986858951976,0.501658061912167,0.417825351920328,NaN,NaN,NaN,NaN,NaN,NaN,NaN,NaN,NaN
NaN,NaN,0.328197556363496,0.376507559742701,0.455063831725662,0.490846010162689,0.505936508256127,0.50443688633095,0.420848462250433,NaN,NaN,NaN,NaN,NaN,NaN,NaN,NaN,NaN
NaN,NaN,0.321074801312837,0.369056066449654,0.449393343844955,0.493762782081224,0.505982273447444,0.505836422016728,0.425455696400604,NaN,NaN,NaN,NaN,NaN,NaN,NaN,NaN,NaN
NaN,NaN,0.314756690340194,0.362734844859612,0.450152595260685,0.500860801204302,0.509482965993811,0.511310605725157,0.432990654822788,NaN,NaN,NaN,NaN,NaN,NaN,NaN,NaN,NaN
NaN,NaN,0.314295033739957,0.355697734232914,0.446853757569139,0.501394691183426,0.506841884183814,0.508649519106257,0.436280849840841,NaN,NaN,NaN,NaN,NaN,NaN,NaN,NaN,NaN
NaN,NaN,0.311630799250755,0.348423769649041,0.441096265533512,0.504834195836641,0.509741128611495,0.512744600346196,0.446483712163172,NaN,NaN,NaN,NaN,NaN,NaN,NaN,NaN,NaN
NaN,NaN,0.310394654797468,0.341071220066321,0.435881566920822,0.505439443751432,0.505721559005906,0.512977375110495,0.451924275126657,NaN,NaN,NaN,NaN,NaN,NaN,NaN,NaN,NaN
NaN,NaN,0.302908590810451,0.332503089632761,0.434217833647078,0.499410713329174,0.505955823886325,0.514589531740057,0.459793503847322,NaN,NaN,NaN,NaN,NaN,NaN,NaN,NaN,NaN
NaN,NaN,0.298130589352998,0.323329674031508,0.431735449203794,0.497775888308145,0.505556379634072,0.518031178435194,0.465777828809223,NaN,NaN,NaN,NaN,NaN,NaN,NaN,NaN,NaN
NaN,NaN,0.298431034015569,0.318679785307419,0.425130304613655,0.49298998923526,0.50137550495856,0.516004415621865,0.465940083828173,NaN,NaN,NaN,NaN,NaN,NaN,NaN,NaN,NaN
NaN,NaN,0.291622469948682,0.311940083231699,0.416843601235693,0.489142714305975,0.501832132416894,0.520081801732886,0.475314311202965,NaN,NaN,NaN,NaN,NaN,NaN,NaN,NaN,NaN
NaN,NaN,0.281319918857965,0.303447240915072,0.411992509582584,0.48380813585148,0.500590213763644,0.516240189244854,0.4778828429844,NaN,NaN,NaN,NaN,NaN,NaN,NaN,NaN,NaN
NaN,NaN,0.269026889281425,0.293079832520258,0.403168526211327,0.478101102872946,0.499733229356934,0.513411147912848,0.480231023844681,NaN,NaN,NaN,NaN,NaN,NaN,NaN,NaN,NaN
NaN,NaN,0.256782903151664,0.285020781632435,0.398030102917498,0.473808767511703,0.499211278933217,0.51357830168854,0.479881684746942,NaN,NaN,NaN,NaN,NaN,NaN,NaN,NaN,NaN
NaN,NaN,0.248567632215175,0.281076313879263,0.391009458073919,0.469460087134697,0.495871016013552,0.512082020213711,0.478699109968147,NaN,NaN,NaN,NaN,NaN,NaN,NaN,NaN,NaN
NaN,NaN,0.23318296559349,0.273493466850293,0.380943835446184,0.464742733403303,0.495896515625645,0.515359754135716,0.484182439264259,NaN,NaN,NaN,NaN,NaN,NaN,NaN,NaN,NaN
NaN,NaN,0.212323277073059,0.26812446671344,0.377010133781975,0.458983192458012,0.499825430291821,0.516349489262211,0.482381522175274,NaN,NaN,NaN,NaN,NaN,NaN,NaN,NaN,NaN
NaN,NaN,0.192668272929344,0.260263452257883,0.369069658884352,0.45252244011984,0.498878144848277,0.518890938183176,0.479735970016918,NaN,NaN,NaN,NaN,NaN,NaN,NaN,NaN,NaN
NaN,NaN,0.175086187945756,0.257177011992705,0.362247143605297,0.451588379456856,0.501517121869256,0.525983555635321,0.476342081543407,NaN,NaN,NaN,NaN,NaN,NaN,NaN,NaN,NaN
NaN,NaN,0.162329695003185,0.258678136344921,0.35387587613756,0.445332033797361,0.500756622481276,0.527954103818047,0.474669482078752,NaN,NaN,NaN,NaN,NaN,NaN,NaN,NaN,NaN
NaN,NaN,0.139704852180633,0.251503543879759,0.348657414981668,0.441696187718965,0.505715654420783,0.531658327599871,0.478584464159212,NaN,NaN,NaN,NaN,NaN,NaN,NaN,NaN,NaN
NaN,NaN,0.120980369674119,0.24717816519357,0.346566912451332,0.441578859701015,0.507720438021352,0.53241033332597,0.476686764028273,NaN,NaN,NaN,NaN,NaN,NaN,NaN,NaN,NaN
NaN,NaN,0.103774371372613,0.240716854061854,0.339887411066835,0.441281507029392,0.505059183764388,0.535011610409128,0.47450681727787,NaN,NaN,NaN,NaN,NaN,NaN,NaN,NaN,NaN
NaN,NaN,0.0907883074153991,0.237386444535029,0.336584866711443,0.441774418815233,0.507534508782555,0.541287569722044,0.475988719132147,NaN,NaN,NaN,NaN,NaN,NaN,NaN,NaN,NaN
NaN,NaN,0.084486308323297,0.231951152857315,0.333529104211872,0.43836939172373,0.506347966569592,0.543153306862223,0.482454034950933,NaN,NaN,NaN,NaN,NaN,NaN,NaN,NaN,NaN
NaN,NaN,0.0670156095196338,0.221480442162526,0.329352029332464,0.43777839304433,0.510082160311867,0.546071829667198,0.488505247500143,NaN,NaN,NaN,NaN,NaN,NaN,NaN,NaN,NaN
NaN,NaN,0.056632946061048,0.212233452077877,0.33060788057143,0.437043244256832,0.506262508410146,0.547277352234232,0.490360497948132,NaN,NaN,NaN,NaN,NaN,NaN,NaN,NaN,NaN
NaN,NaN,0.0477176371981235,0.19977557840563,0.325653151342218,0.433862945302584,0.501616568493773,0.546789134314167,0.489334683385096,NaN,NaN,NaN,NaN,NaN,NaN,NaN,NaN,NaN
NaN,NaN,0.0417334798742862,0.189188135739338,0.318470884779041,0.430443519964077,0.498174288499285,0.549736490866053,0.492904312428436,NaN,NaN,NaN,NaN,NaN,NaN,NaN,NaN,NaN
NaN,NaN,0.0385059442390533,0.178362330373299,0.317804691114967,0.425863852962114,0.499743883687188,0.546355585029232,0.497123483088217,NaN,NaN,NaN,NaN,NaN,NaN,NaN,NaN,NaN
NaN,NaN,0.0260385338236423,0.161278428461325,0.317056373426264,0.425435761227466,0.499550243097474,0.542283749600756,0.501412447061739,NaN,NaN,NaN,NaN,NaN,NaN,NaN,NaN,NaN
NaN,NaN,0.0211352881063552,0.148545516606343,0.317849115201776,0.426326068355896,0.493739553916384,0.537296405454981,0.502108387168846,NaN,NaN,NaN,NaN,NaN,NaN,NaN,NaN,NaN
NaN,NaN,0.0128072898854346,0.136068588074219,0.311828189262693,0.425511999293424,0.487876654791762,0.532214643826592,0.503049935665331,NaN,NaN,NaN,NaN,NaN,NaN,NaN,NaN,NaN
NaN,NaN,0.00803111382022811,0.124547028865588,0.309112694778984,0.422426825626947,0.486702331530978,0.532811938246596,0.508282776441774,NaN,NaN,NaN,NaN,NaN,NaN,NaN,NaN,NaN
NaN,NaN,-0.00044611953004884,0.116322500582707,0.311122898676937,0.420295642926552,0.486366776007344,0.528287498673308,0.511258054044447,NaN,NaN,NaN,NaN,NaN,NaN,NaN,NaN,NaN
NaN,NaN,-0.0130602318774133,0.103306224521172,0.310740721145218,0.417203502967216,0.482396026331116,0.525998438170063,0.51354797136446,NaN,NaN,NaN,NaN,NaN,NaN,NaN,NaN,NaN
NaN,NaN,-0.0258138004671006,0.0950268599650978,0.309376836487597,0.411621807380773,0.481074796247412,0.526863431950915,0.517061162259779,NaN,NaN,NaN,NaN,NaN,NaN,NaN,NaN,NaN
NaN,NaN,-0.0379889059792428,0.0867783966920494,0.297258653411215,0.405471893265106,0.47990173958533,0.528330898305285,0.51631427880784,NaN,NaN,NaN,NaN,NaN,NaN,NaN,NaN,NaN
NaN,NaN,-0.04802047945365,0.0819601434729217,0.288590610691851,0.399773651971676,0.484338169175317,0.534904806336272,0.517475414540968,NaN,NaN,NaN,NaN,NaN,NaN,NaN,NaN,NaN
NaN,NaN,-0.0628259751926332,0.0765736344716667,0.286333755323237,0.394674698128559,0.487775345522095,0.536315555145848,0.515380013253889,NaN,NaN,NaN,NaN,NaN,NaN,NaN,NaN,NaN
NaN,NaN,-0.0797154914568334,0.0671485010049461,0.275326789089983,0.387339173122503,0.484584634381463,0.538594669123995,0.511889807399712,NaN,NaN,NaN,NaN,NaN,NaN,NaN,NaN,NaN
NaN,NaN,-0.098117661846724,0.0588524098954319,0.260659408488815,0.382547723367073,0.488177211213042,0.542198403200018,0.513957418021164,NaN,NaN,NaN,NaN,NaN,NaN,NaN,NaN,NaN
NaN,NaN,-0.110952367259112,0.0509881730637668,0.242964801111763,0.372882401808359,0.488072251158883,0.54704791160475,0.507678087320528,NaN,NaN,NaN,NaN,NaN,NaN,NaN,NaN,NaN
NaN,NaN,-0.124318466706124,0.0425371471307396,0.233196680167263,0.365985417976238,0.490840570259024,0.553640073558199,0.51024945032259,NaN,NaN,NaN,NaN,NaN,NaN,NaN,NaN,NaN
NaN,NaN,-0.136860494686213,0.032580396111977,0.224611264386719,0.359097374840834,0.488689736652304,0.555109886845457,0.503555122282705,NaN,NaN,NaN,NaN,NaN,NaN,NaN,NaN,NaN
NaN,NaN,-0.156043299658146,0.0206274855396866,0.209993839928453,0.346715031429388,0.482846320795943,0.559700766971218,0.503668613251648,NaN,NaN,NaN,NaN,NaN,NaN,NaN,NaN,NaN
NaN,NaN,-0.174653732402173,0.004064584102404,0.19063441894347,0.339305280014135,0.484493308889796,0.55958321543585,0.501674036946497,NaN,NaN,NaN,NaN,NaN,NaN,NaN,NaN,NaN
NaN,NaN,-0.185706203056422,-0.00562899378322375,0.173341360607689,0.329617923363306,0.479693290966679,0.562017152478802,0.493146866079769,NaN,NaN,NaN,NaN,NaN,NaN,NaN,NaN,NaN
NaN,NaN,-0.205285639686432,-0.0234251898267151,0.163572066196745,0.320494110002376,0.479052466529538,0.560559800287592,0.494066230472527,NaN,NaN,NaN,NaN,NaN,NaN,NaN,NaN,NaN
NaN,NaN,-0.221306045724001,-0.0386120062806488,0.155126013526266,0.313442265852548,0.470491525906255,0.557016322782147,0.489346976843081,NaN,NaN,NaN,NaN,NaN,NaN,NaN,NaN,NaN
NaN,NaN,-0.240052656454888,-0.0598461796083332,0.13697652957732,0.306015564366438,0.459330071884324,0.550363364091027,0.490352060165606,NaN,NaN,NaN,NaN,NaN,NaN,NaN,NaN,NaN
NaN,NaN,-0.26145655400857,-0.0790768173076988,0.117882405140942,0.302390503003456,0.453592770922114,0.544752350469935,0.486855223294697,NaN,NaN,NaN,NaN,NaN,NaN,NaN,NaN,NaN
NaN,NaN,-0.274750680847016,-0.0939653497674347,0.108696826466864,0.294240219756224,0.445649278539349,0.539857170006144,0.484120897468529,NaN,NaN,NaN,NaN,NaN,NaN,NaN,NaN,NaN
NaN,NaN,-0.295262557638731,-0.115671200726259,0.102771100321358,0.286272177710392,0.437069115418126,0.536582621207344,0.485503762480221,NaN,NaN,NaN,NaN,NaN,NaN,NaN,NaN,NaN
NaN,NaN,-0.311930512262431,-0.131099974785078,0.0944058678239041,0.279298695041992,0.427084070819546,0.530069137384999,0.486783362444839,NaN,NaN,NaN,NaN,NaN,NaN,NaN,NaN,NaN
NaN,NaN,-0.330387314034548,-0.153676612351167,0.0798552191942387,0.270139174773552,0.41579236202233,0.521396959593403,0.488506625857554,NaN,NaN,NaN,NaN,NaN,NaN,NaN,NaN,NaN
NaN,NaN,-0.348859687520113,-0.173240533147085,0.0626494444101506,0.26521789865122,0.411471043902566,0.51556337850343,0.486964541938505,NaN,NaN,NaN,NaN,NaN,NaN,NaN,NaN,NaN
NaN,NaN,-0.362916511667815,-0.18618878540777,0.0519075512080841,0.255682440712311,0.407167346405913,0.511454439183581,0.484733316567144,NaN,NaN,NaN,NaN,NaN,NaN,NaN,NaN,NaN
NaN,NaN,-0.383987349642363,-0.205411767635572,0.0428876920729332,0.246611191197493,0.4013956796407,0.506567584743607,0.48836029645463,NaN,NaN,NaN,NaN,NaN,NaN,NaN,NaN,NaN
NaN,NaN,-0.396790539098826,-0.222695754889476,0.0282181880562954,0.239958139374115,0.395619970935513,0.497688969990122,0.489950250354013,NaN,NaN,NaN,NaN,NaN,NaN,NaN,NaN,NaN
NaN,NaN,-0.41454070918068,-0.24375318181895,0.00729211486274532,0.232464513047792,0.387591951715876,0.488299971839297,0.488414424922667,NaN,NaN,NaN,NaN,NaN,NaN,NaN,NaN,NaN
NaN,NaN,-0.431755946202126,-0.261400217238891,-0.00926758282488057,0.224387841536858,0.386651688444545,0.484918972870219,0.486865560975275,NaN,NaN,NaN,NaN,NaN,NaN,NaN,NaN,NaN
NaN,NaN,-0.444194075835791,-0.274458589080799,-0.0208826840729065,0.212133573605873,0.37972995005839,0.483715424707043,0.48653460618516,NaN,NaN,NaN,NaN,NaN,NaN,NaN,NaN,NaN
NaN,NaN,-0.460903101785031,-0.290858285550106,-0.0345353142232246,0.199254611744739,0.370768820124795,0.480270592888701,0.490743327405653,NaN,NaN,NaN,NaN,NaN,NaN,NaN,NaN,NaN
NaN,NaN,-0.471914333475676,-0.304596765015352,-0.0532276102215595,0.189753929390766,0.365626839178731,0.477598442157614,0.491873356964788,NaN,NaN,NaN,NaN,NaN,NaN,NaN,NaN,NaN
NaN,NaN,-0.483890601618138,-0.323573598686683,-0.0742990442425556,0.173972090943911,0.360844553637435,0.474787449857104,0.488156672086916,NaN,NaN,NaN,NaN,NaN,NaN,NaN,NaN,NaN
NaN,NaN,-0.496488453073349,-0.3368049543836,-0.0973223254889793,0.162661923333265,0.358581775057246,0.476092791577685,0.487333643701277,NaN,NaN,NaN,NaN,NaN,NaN,NaN,NaN,NaN
NaN,NaN,-0.50387434400424,-0.347555024597871,-0.113710566690618,0.145672755553581,0.351790235567023,0.477781819572556,0.485708318170509,NaN,NaN,NaN,NaN,NaN,NaN,NaN,NaN,NaN
NaN,NaN,-0.515113600714055,-0.364266751382578,-0.132603972485716,0.130994627489902,0.34466131516092,0.474559927752125,0.489168628570042,NaN,NaN,NaN,NaN,NaN,NaN,NaN,NaN,NaN
NaN,NaN,-0.517817677182999,-0.378865940544832,-0.156323435983116,0.121913785352566,0.340258804339101,0.471919292976963,0.484647355493507,NaN,NaN,NaN,NaN,NaN,NaN,NaN,NaN,NaN
NaN,NaN,-0.52398947737917,-0.395845124546516,-0.176120392313654,0.10801379592643,0.334339541572263,0.469058642556774,0.4803685615625,NaN,NaN,NaN,NaN,NaN,NaN,NaN,NaN,NaN
NaN,NaN,-0.529316791517582,-0.411087578211057,-0.195052112719471,0.0959046839319247,0.329671585190226,0.46935590209614,0.480288747217855,NaN,NaN,NaN,NaN,NaN,NaN,NaN,NaN,NaN
NaN,NaN,-0.531554629279223,-0.426238911274898,-0.209117654046471,0.0824767819188613,0.320332207906176,0.46857305096637,0.481404359903536,NaN,NaN,NaN,NaN,NaN,NaN,NaN,NaN,NaN
NaN,NaN,-0.534240246934739,-0.444167075727213,-0.228521256974394,0.0723820461474437,0.311203514414956,0.464759676178801,0.480176206197939,NaN,NaN,NaN,NaN,NaN,NaN,NaN,NaN,NaN
NaN,NaN,-0.533249990267601,-0.46001783204459,-0.243841327062303,0.0614557324491519,0.306218964236905,0.46152180286299,0.476357727762661,NaN,NaN,NaN,NaN,NaN,NaN,NaN,NaN,NaN
NaN,NaN,-0.53243642411932,-0.475955741528499,-0.259225546649153,0.0487314073883075,0.299265877532889,0.454805216213572,0.468510347869596,NaN,NaN,NaN,NaN,NaN,NaN,NaN,NaN,NaN
NaN,NaN,-0.535585095358935,-0.491762800190675,-0.278943023911173,0.035559153421976,0.293675688284566,0.452369882186758,0.469876858856878,NaN,NaN,NaN,NaN,NaN,NaN,NaN,NaN,NaN
NaN,NaN,-0.538082455469218,-0.508059566889036,-0.288886401137764,0.0243408514700908,0.286350743102957,0.445977004637825,0.468541807946167,NaN,NaN,NaN,NaN,NaN,NaN,NaN,NaN,NaN
NaN,NaN,-0.536121295018044,-0.523253181997764,-0.305401879629547,0.0160042292021293,0.278105129676987,0.438458903154242,0.466816700514755,NaN,NaN,NaN,NaN,NaN,NaN,NaN,NaN,NaN
NaN,NaN,-0.531585158033219,-0.533628748778331,-0.319055217585022,0.00986023829803647,0.273673021423747,0.4291177563573,0.462048366185627,NaN,NaN,NaN,NaN,NaN,NaN,NaN,NaN,NaN
NaN,NaN,-0.529829186571684,-0.542400112424123,-0.33235549115246,-0.00229845731034099,0.266889305043151,0.421732796748984,0.458098403629265,NaN,NaN,NaN,NaN,NaN,NaN,NaN,NaN,NaN
NaN,NaN,-0.53125528357729,-0.551179280553091,-0.347809057018215,-0.0157531255341989,0.260301166403224,0.417234396954882,0.461648307260475,NaN,NaN,NaN,NaN,NaN,NaN,NaN,NaN,NaN
NaN,NaN,-0.528932118041363,-0.559046180967319,-0.357473503133709,-0.0282756888724786,0.249617667126586,0.41311931090604,0.460560615625582,NaN,NaN,NaN,NaN,NaN,NaN,NaN,NaN,NaN
NaN,NaN,-0.524238215012398,-0.568050282124508,-0.37272206627434,-0.0450457723297101,0.239908908682992,0.404587278535473,0.456751506295404,NaN,NaN,NaN,NaN,NaN,NaN,NaN,NaN,NaN
NaN,NaN,-0.522908286375847,-0.574468566153276,-0.383701744756157,-0.0604937130071145,0.231289052593638,0.39576746748935,0.453436240073643,NaN,NaN,NaN,NaN,NaN,NaN,NaN,NaN,NaN
NaN,NaN,-0.522403956575242,-0.57972100195669,-0.402219007989819,-0.0801104770459157,0.217373528706958,0.387684109082329,0.452023963895044,NaN,NaN,NaN,NaN,NaN,NaN,NaN,NaN,NaN
NaN,NaN,-0.528727264327851,-0.584164677236307,-0.420951294979507,-0.100323324785374,0.205944934117724,0.38408067302953,0.452978774424992,NaN,NaN,NaN,NaN,NaN,NaN,NaN,NaN,NaN
NaN,NaN,-0.528129411114302,-0.590145109269846,-0.431212662985975,-0.117483166740082,0.193283324319054,0.377046542635071,0.448170467730961,NaN,NaN,NaN,NaN,NaN,NaN,NaN,NaN,NaN
NaN,NaN,-0.526009143514481,-0.597952758941877,-0.449739593347961,-0.135828004912279,0.17754319049709,0.366135763397324,0.442285403129063,NaN,NaN,NaN,NaN,NaN,NaN,NaN,NaN,NaN
NaN,NaN,-0.530241054667082,-0.601072428796518,-0.465194332680161,-0.150264324382685,0.165258058535983,0.359611271342146,0.442143711712561,NaN,NaN,NaN,NaN,NaN,NaN,NaN,NaN,NaN
NaN,NaN,-0.53376758210167,-0.604841379497278,-0.48468164288109,-0.171733395890139,0.146725894141127,0.353403913250077,0.44175490316411,NaN,NaN,NaN,NaN,NaN,NaN,NaN,NaN,NaN
NaN,NaN,-0.542414372039881,-0.60985727799319,-0.501407078734095,-0.189437782154224,0.13351050131314,0.355626644959557,0.443771533187828,NaN,NaN,NaN,NaN,NaN,NaN,NaN,NaN,NaN
NaN,NaN,-0.538467017186728,-0.611688481692302,-0.511865086188967,-0.207789344475411,0.117773962396313,0.35197792800318,0.436995882060728,NaN,NaN,NaN,NaN,NaN,NaN,NaN,NaN,NaN
NaN,NaN,-0.540148985756484,-0.614490067634809,-0.526402491411621,-0.229374738172434,0.104473167288234,0.348524844666827,0.432705502476892,NaN,NaN,NaN,NaN,NaN,NaN,NaN,NaN,NaN
NaN,NaN,-0.542778649551716,-0.616371581379402,-0.541090156218464,-0.248096203193806,0.0941507417737739,0.347846059521544,0.430662013110123,NaN,NaN,NaN,NaN,NaN,NaN,NaN,NaN,NaN
NaN,NaN,-0.545938813311902,-0.614068830434311,-0.560970950207169,-0.26800944446101,0.0790361214458244,0.347054733356345,0.424443963434896,NaN,NaN,NaN,NaN,NaN,NaN,NaN,NaN,NaN
NaN,NaN,-0.551148054374304,-0.61492780787133,-0.574731855920012,-0.286387307331703,0.0729181889473693,0.350480156412232,0.420852988478146,NaN,NaN,NaN,NaN,NaN,NaN,NaN,NaN,NaN
NaN,NaN,-0.542427913470116,-0.610792549375522,-0.579318768611605,-0.300816995785378,0.0629878316103714,0.35021577255975,0.413095909621916,NaN,NaN,NaN,NaN,NaN,NaN,NaN,NaN,NaN
NaN,NaN,-0.54299138225421,-0.610267879489887,-0.590365688583309,-0.31589806987419,0.0545908596395748,0.345745498707402,0.408733110394678,NaN,NaN,NaN,NaN,NaN,NaN,NaN,NaN,NaN
NaN,NaN,-0.544769277049151,-0.606654552791345,-0.599925491294319,-0.328783550993345,0.0493906524061458,0.344844704886782,0.406580972936354,NaN,NaN,NaN,NaN,NaN,NaN,NaN,NaN,NaN
NaN,NaN,-0.54517492390975,-0.601923788014877,-0.611128910711462,-0.343995736674212,0.0377966735541122,0.341321288069594,0.401496435966692,NaN,NaN,NaN,NaN,NaN,NaN,NaN,NaN,NaN
NaN,NaN,-0.546529849244204,-0.601521587047804,-0.620640340527946,-0.357978502050779,0.0296451423346298,0.338453988006222,0.395309306200943,NaN,NaN,NaN,NaN,NaN,NaN,NaN,NaN,NaN
NaN,NaN,-0.540004183722582,-0.595467636410225,-0.621605805388147,-0.373779656127833,0.0180592101096408,0.335073845853913,0.390743292387924,NaN,NaN,NaN,NaN,NaN,NaN,NaN,NaN,NaN
NaN,NaN,-0.541035362703648,-0.595174418810833,-0.628267388126308,-0.391927277431629,0.0079967539786594,0.326984750499832,0.388307809349499,NaN,NaN,NaN,NaN,NaN,NaN,NaN,NaN,NaN
NaN,NaN,-0.542944033814517,-0.592530226383436,-0.636423017165119,-0.402908203885697,-0.0012471627414925,0.320667794367182,0.383597347405157,NaN,NaN,NaN,NaN,NaN,NaN,NaN,NaN,NaN
NaN,NaN,-0.543522701783028,-0.589398374829519,-0.647303696057255,-0.419680578396462,-0.0158532995701535,0.310129451027024,0.377010102834902,NaN,NaN,NaN,NaN,NaN,NaN,NaN,NaN,NaN
NaN,NaN,-0.546667237950411,-0.591496830854643,-0.652718759408647,-0.436163088069103,-0.0291694056213601,0.302001556774485,0.372144519802532,NaN,NaN,NaN,NaN,NaN,NaN,NaN,NaN,NaN
NaN,NaN,-0.543873065335598,-0.591651653919447,-0.655559907934124,-0.452276030317686,-0.0459547068894608,0.288499782254803,0.370899211135111,NaN,NaN,NaN,NaN,NaN,NaN,NaN,NaN,NaN
NaN,NaN,-0.546452325953093,-0.595441708389747,-0.665610200992281,-0.467087877676628,-0.0629391621769173,0.27544196920644,0.367332599576912,NaN,NaN,NaN,NaN,NaN,NaN,NaN,NaN,NaN
NaN,NaN,-0.548172534627762,-0.597404843244779,-0.672767955145294,-0.476073352382324,-0.0781003858865006,0.265723711272585,0.366049292948446,NaN,NaN,NaN,NaN,NaN,NaN,NaN,NaN,NaN
NaN,NaN,-0.547252574188557,-0.601257799241769,-0.682244180968458,-0.495146130905293,-0.0981965575338108,0.256022943576681,0.359746232148609,NaN,NaN,NaN,NaN,NaN,NaN,NaN,NaN,NaN
NaN,NaN,-0.548794620854702,-0.605737665716636,-0.688514999380762,-0.513956220582865,-0.115496135127614,0.246614871939528,0.356716285910807,NaN,NaN,NaN,NaN,NaN,NaN,NaN,NaN,NaN
NaN,NaN,-0.548380349947062,-0.608475884471166,-0.691671679994518,-0.534342834488295,-0.134420553964446,0.237754417976248,0.355368252363405,NaN,NaN,NaN,NaN,NaN,NaN,NaN,NaN,NaN
NaN,NaN,-0.548789647592154,-0.613916950348842,-0.700638286104853,-0.550381848350905,-0.150976898890804,0.225355403890717,0.350874099400244,NaN,NaN,NaN,NaN,NaN,NaN,NaN,NaN,NaN
NaN,NaN,-0.54680552072629,-0.617207368884313,-0.713349852046425,-0.563302347198866,-0.167895062637399,0.219428336640704,0.348171755191288,NaN,NaN,NaN,NaN,NaN,NaN,NaN,NaN,NaN
NaN,NaN,-0.544666719807234,-0.620339108679521,-0.720797340652401,-0.587240746007107,-0.183820063990424,0.211522171666729,0.340772527721128,NaN,NaN,NaN,NaN,NaN,NaN,NaN,NaN,NaN
NaN,NaN,-0.54310783482894,-0.625971337828863,-0.72437555648988,-0.607630284265421,-0.198774217438768,0.2030580140854,0.33746903341671,NaN,NaN,NaN,NaN,NaN,NaN,NaN,NaN,NaN
NaN,NaN,-0.53614359088048,-0.628669733230102,-0.725987973889763,-0.62198714329376,-0.216751313579152,0.192832651009667,0.333480048444471,NaN,NaN,NaN,NaN,NaN,NaN,NaN,NaN,NaN
NaN,NaN,-0.531975903732624,-0.630785679493177,-0.733456808409149,-0.631674146042011,-0.232199366015266,0.180492086728918,0.327539998557768,NaN,NaN,NaN,NaN,NaN,NaN,NaN,NaN,NaN
NaN,NaN,-0.524883453918543,-0.634390046868551,-0.737863864085132,-0.64430777891054,-0.249678502601455,0.174644815197098,0.323733105775318,NaN,NaN,NaN,NaN,NaN,NaN,NaN,NaN,NaN
NaN,NaN,-0.51768475882515,-0.634332658771503,-0.738577797344381,-0.662065623090408,-0.265680822354625,0.165774563720333,0.316759529974661,NaN,NaN,NaN,NaN,NaN,NaN,NaN,NaN,NaN
NaN,NaN,-0.511373129857626,-0.637674728456962,-0.736689708462412,-0.677500469372414,-0.283125425499748,0.15781436341058,0.31345838260313,NaN,NaN,NaN,NaN,NaN,NaN,NaN,NaN,NaN
NaN,NaN,-0.498245132340041,-0.637940453413952,-0.729752677759582,-0.685700075463198,-0.297227642309736,0.149610696753371,0.308792680021725,NaN,NaN,NaN,NaN,NaN,NaN,NaN,NaN,NaN
NaN,NaN,-0.486369204891768,-0.638928586665619,-0.735452204278166,-0.691247870907925,-0.314349560809205,0.136205761154997,0.300540156182251,NaN,NaN,NaN,NaN,NaN,NaN,NaN,NaN,NaN
NaN,NaN,-0.47799143679246,-0.639576060745943,-0.734998743316585,-0.702382148937128,-0.328605166447232,0.128045512756216,0.291638276990852,NaN,NaN,NaN,NaN,NaN,NaN,NaN,NaN,NaN
NaN,NaN,-0.467423160744753,-0.637299666229713,-0.732087484827692,-0.713862916216991,-0.344362306219409,0.113948511352646,0.281241457429132,NaN,NaN,NaN,NaN,NaN,NaN,NaN,NaN,NaN
NaN,NaN,-0.457700153065768,-0.640769699636924,-0.728394977083856,-0.721691520646952,-0.363804689419339,0.0996688589657424,0.27482661929389,NaN,NaN,NaN,NaN,NaN,NaN,NaN,NaN,NaN
NaN,NaN,-0.439891477299777,-0.638805856976736,-0.722270599833185,-0.717658484116934,-0.378032727909158,0.0868347868527053,0.267896927412949,NaN,NaN,NaN,NaN,NaN,NaN,NaN,NaN,NaN
NaN,NaN,-0.425727346165028,-0.637435136411417,-0.724687046638185,-0.719967903331659,-0.397317233306239,0.0690950848365901,0.260741762336693,NaN,NaN,NaN,NaN,NaN,NaN,NaN,NaN,NaN
NaN,NaN,-0.414149069411602,-0.633973205510605,-0.718768901458437,-0.726229334012411,-0.412508724999498,0.0563113041425822,0.254193596061668,NaN,NaN,NaN,NaN,NaN,NaN,NaN,NaN,NaN
NaN,NaN,-0.400827990097847,-0.63080581468724,-0.714138309738094,-0.731074539706848,-0.430666460466455,0.0405127577687381,0.247228756066761,NaN,NaN,NaN,NaN,NaN,NaN,NaN,NaN,NaN
NaN,NaN,-0.389127281678763,-0.627204427544105,-0.707911561510021,-0.737122064218662,-0.449500559640001,0.0268913641775725,0.243239715215168,NaN,NaN,NaN,NaN,NaN,NaN,NaN,NaN,NaN
NaN,NaN,-0.373864450676289,-0.622979370925653,-0.702001313945705,-0.735962008819721,-0.462477831912111,0.0121889285946963,0.238768267896376,NaN,NaN,NaN,NaN,NaN,NaN,NaN,NaN,NaN
NaN,NaN,-0.362478752804842,-0.615723678890693,-0.706205024650747,-0.741921243951462,-0.480734231692622,-0.00525017974723596,0.233194637563429,NaN,NaN,NaN,NaN,NaN,NaN,NaN,NaN,NaN
NaN,NaN,-0.355905608458367,-0.606409447316158,-0.70013149761265,-0.75087715847864,-0.493189609420369,-0.0196885108744027,0.230864785131416,NaN,NaN,NaN,NaN,NaN,NaN,NaN,NaN,NaN
NaN,NaN,-0.347554289920178,-0.599161671523082,-0.698196730843241,-0.75737784592881,-0.510647269707988,-0.0350877806340577,0.228788941618404,NaN,NaN,NaN,NaN,NaN,NaN,NaN,NaN,NaN
NaN,NaN,-0.337577552718964,-0.591803403619754,-0.69628504224723,-0.761002367124699,-0.526434863728355,-0.0502542197500588,0.226669679846964,NaN,NaN,NaN,NaN,NaN,NaN,NaN,NaN,NaN
NaN,NaN,-0.327545476330367,-0.579961916480291,-0.696748673251326,-0.758513463423393,-0.538127413761686,-0.0651692949031712,0.227232273187838,NaN,NaN,NaN,NaN,NaN,NaN,NaN,NaN,NaN
NaN,NaN,-0.318223309887495,-0.565648904118765,-0.698831892839128,-0.770864942804716,-0.554567250233958,-0.0820263638888719,0.22602945145627,NaN,NaN,NaN,NaN,NaN,NaN,NaN,NaN,NaN
NaN,NaN,-0.311868001891222,-0.554466066930521,-0.697016186347658,-0.777929378435753,-0.569593786072801,-0.0930642314051511,0.227742712464533,NaN,NaN,NaN,NaN,NaN,NaN,NaN,NaN,NaN
NaN,NaN,-0.30242312438592,-0.541324304465282,-0.699296008130962,-0.784844839707754,-0.586697785925935,-0.107351818660391,0.225027534630499,NaN,NaN,NaN,NaN,NaN,NaN,NaN,NaN,NaN
NaN,NaN,-0.293524281306115,-0.532905278775919,-0.697283960214311,-0.789525778726481,-0.599515187364887,-0.119020359197748,0.223096251007519,NaN,NaN,NaN,NaN,NaN,NaN,NaN,NaN,NaN
NaN,NaN,-0.282688194138852,-0.519954046282995,-0.700997888377363,-0.78783101378455,-0.611306792867254,-0.132861470410717,0.218607089933357,NaN,NaN,NaN,NaN,NaN,NaN,NaN,NaN,NaN
NaN,NaN,-0.273735837263909,-0.505009075675237,-0.704708240261728,-0.796530050919197,-0.625733575594495,-0.148818434754503,0.209202426936827,NaN,NaN,NaN,NaN,NaN,NaN,NaN,NaN,NaN
NaN,NaN,-0.268955358488408,-0.495808800730932,-0.70285149969762,-0.798548003420971,-0.640820833665202,-0.158814822862041,0.205398365375004,NaN,NaN,NaN,NaN,NaN,NaN,NaN,NaN,NaN
NaN,NaN,-0.258831695837822,-0.486833328429687,-0.705176527878696,-0.795590979740761,-0.655437736582826,-0.177013983557117,0.194977629449568,NaN,NaN,NaN,NaN,NaN,NaN,NaN,NaN,NaN
NaN,NaN,-0.252373811973181,-0.477843234364021,-0.703277337631637,-0.788926733420036,-0.670039682459901,-0.188621205816162,0.189012601491413,NaN,NaN,NaN,NaN,NaN,NaN,NaN,NaN,NaN
NaN,NaN,-0.243760307503787,-0.464246930603016,-0.701029907247478,-0.784168401495359,-0.681962902468513,-0.203471218774212,0.179403699454269,NaN,NaN,NaN,NaN,NaN,NaN,NaN,NaN,NaN
NaN,NaN,-0.235778239739981,-0.451297504875887,-0.695814929238016,-0.784067017719887,-0.698546628278564,-0.215937828252208,0.170096937086782,NaN,NaN,NaN,NaN,NaN,NaN,NaN,NaN,NaN
NaN,NaN,-0.231287253273573,-0.441714307341802,-0.691979519358332,-0.78239814354553,-0.715738470476936,-0.227168013880146,0.162205375250778,NaN,NaN,NaN,NaN,NaN,NaN,NaN,NaN,NaN
NaN,NaN,-0.226538998259154,-0.431136718068349,-0.687288969090635,-0.777708803997181,-0.728111128133605,-0.241789107749355,0.153666693237028,NaN,NaN,NaN,NaN,NaN,NaN,NaN,NaN,NaN
NaN,NaN,-0.222505663705912,-0.420569689992893,-0.681257649591619,-0.77678327424898,-0.739611583572696,-0.253495702127111,0.144035160061321,NaN,NaN,NaN,NaN,NaN,NaN,NaN,NaN,NaN
NaN,NaN,-0.218129509312954,-0.406940529171455,-0.675286512157375,-0.773919922993324,-0.745232078057597,-0.265835390964639,0.134856976088486,NaN,NaN,NaN,NaN,NaN,NaN,NaN,NaN,NaN
NaN,NaN,-0.213921738041487,-0.392498435501087,-0.667741700342352,-0.774197140470884,-0.755596450340818,-0.278238912651432,0.124108545001945,NaN,NaN,NaN,NaN,NaN,NaN,NaN,NaN,NaN
NaN,NaN,-0.214139537138787,-0.384832086090076,-0.661261613747532,-0.771953342244766,-0.761838304621051,-0.291500759849441,0.119015365358791,NaN,NaN,NaN,NaN,NaN,NaN,NaN,NaN,NaN
NaN,NaN,-0.211776753140536,-0.372358771089542,-0.653944379916841,-0.762641457603119,-0.763667757433723,-0.306326688805711,0.110821738358936,NaN,NaN,NaN,NaN,NaN,NaN,NaN,NaN,NaN
NaN,NaN,-0.210404579712,-0.360937589828003,-0.645740452489311,-0.758700547502182,-0.765785808485816,-0.319869329759968,0.102729215737781,NaN,NaN,NaN,NaN,NaN,NaN,NaN,NaN,NaN
NaN,NaN,-0.20852209739193,-0.346712308053005,-0.634366116753275,-0.753801045701645,-0.76580644659407,-0.331740656474722,0.097274813320837,NaN,NaN,NaN,NaN,NaN,NaN,NaN,NaN,NaN
NaN,NaN,-0.204858199877587,-0.335331937346685,-0.623918726375753,-0.748977074161909,-0.770691941303085,-0.346601919809473,0.0917888949479675,NaN,NaN,NaN,NaN,NaN,NaN,NaN,NaN,NaN
NaN,NaN,-0.204942167920914,-0.32820286792897,-0.616393230190928,-0.742904944107674,-0.77194179482467,-0.358246339092148,0.0877781729068374,NaN,NaN,NaN,NaN,NaN,NaN,NaN,NaN,NaN
NaN,NaN,-0.203252543879595,-0.314250724438655,-0.602754011085684,-0.737175242737673,-0.767468857389758,-0.3701463505422,0.084498520460329,NaN,NaN,NaN,NaN,NaN,NaN,NaN,NaN,NaN
NaN,NaN,-0.201618706060496,-0.304635079626072,-0.59106716074651,-0.733472062037132,-0.767599615079234,-0.38412028698076,0.0782425659563159,NaN,NaN,NaN,NaN,NaN,NaN,NaN,NaN,NaN
NaN,NaN,-0.197651365024891,-0.288205841604698,-0.579260002157146,-0.72745288698449,-0.764801605415414,-0.393470504859579,0.0758146452571964,NaN,NaN,NaN,NaN,NaN,NaN,NaN,NaN,NaN
NaN,NaN,-0.194481441004124,-0.27820321363591,-0.565922196289951,-0.722549380496882,-0.767087499421905,-0.407816839942825,0.0717796715762233,NaN,NaN,NaN,NaN,NaN,NaN,NaN,NaN,NaN
NaN,NaN,-0.19390860311493,-0.274087792310941,-0.556182368925268,-0.718309925631426,-0.768004293364356,-0.419053395817173,0.0680356244411087,NaN,NaN,NaN,NaN,NaN,NaN,NaN,NaN,NaN
NaN,NaN,-0.189319417996254,-0.262570293668735,-0.54253510319298,-0.708137014643095,-0.765775172782014,-0.432828867415083,0.0622170376445865,NaN,NaN,NaN,NaN,NaN,NaN,NaN,NaN,NaN
NaN,NaN,-0.184811835361567,-0.251867143485773,-0.528576216927225,-0.70598498894348,-0.770097906512092,-0.446651203164947,0.0550133692886448,NaN,NaN,NaN,NaN,NaN,NaN,NaN,NaN,NaN
NaN,NaN,-0.179149543119517,-0.242593908730972,-0.514336592784578,-0.7027562425889,-0.770972437036107,-0.456454379091156,0.0521244066621875,NaN,NaN,NaN,NaN,NaN,NaN,NaN,NaN,NaN
NaN,NaN,-0.170930006725636,-0.234366362962949,-0.500721439054663,-0.699318488822125,-0.78049869350798,-0.469748599061859,0.0450905556645012,NaN,NaN,NaN,NaN,NaN,NaN,NaN,NaN,NaN
NaN,NaN,-0.17017304636344,-0.230233302388418,-0.490766643813307,-0.700625302032373,-0.782524133843253,-0.47968361301173,0.0373136210109806,NaN,NaN,NaN,NaN,NaN,NaN,NaN,NaN,NaN
NaN,NaN,-0.163585429264155,-0.223495593343008,-0.472592014154846,-0.693835029140852,-0.784225846451591,-0.493040380606544,0.0278754862811184,NaN,NaN,NaN,NaN,NaN,NaN,NaN,NaN,NaN
NaN,NaN,-0.153536142034379,-0.214822689119804,-0.461526765754873,-0.692656105146549,-0.792771122229169,-0.504942869374645,0.0157136614288902,NaN,NaN,NaN,NaN,NaN,NaN,NaN,NaN,NaN
NaN,NaN,-0.146676224840727,-0.20984322396301,-0.448758426389153,-0.69059302075281,-0.792605477196048,-0.516553258130443,0.00570583668013569,NaN,NaN,NaN,NaN,NaN,NaN,NaN,NaN,NaN
NaN,NaN,-0.140766517443505,-0.205651043031442,-0.433289065292532,-0.688566481456898,-0.799714485925506,-0.529590041915071,-0.00538153994421009,NaN,NaN,NaN,NaN,NaN,NaN,NaN,NaN,NaN
NaN,NaN,-0.137049571795311,-0.205403143588531,-0.423789593657906,-0.686894031003855,-0.800816743445466,-0.543850229660165,-0.0201665652130032,NaN,NaN,NaN,NaN,NaN,NaN,NaN,NaN,NaN
NaN,NaN,-0.129712649805394,-0.197435474071729,-0.40749601208275,-0.674103488907955,-0.802038657289813,-0.55748147664417,-0.0316223730478669,NaN,NaN,NaN,NaN,NaN,NaN,NaN,NaN,NaN
NaN,NaN,-0.116557252777663,-0.193656893495548,-0.390915620407516,-0.672508375481508,-0.807630746436189,-0.5685180961882,-0.046127498630085,NaN,NaN,NaN,NaN,NaN,NaN,NaN,NaN,NaN
NaN,NaN,-0.108821929616776,-0.188808726195324,-0.374398595920259,-0.665594385699175,-0.806493825090001,-0.578808335194481,-0.05249631080369,NaN,NaN,NaN,NaN,NaN,NaN,NaN,NaN,NaN
NaN,NaN,-0.101119258625355,-0.182808531496751,-0.359178605756218,-0.661573474989079,-0.807939889651607,-0.591906698027742,-0.0665265363786603,NaN,NaN,NaN,NaN,NaN,NaN,NaN,NaN,NaN
NaN,NaN,-0.0966698836515813,-0.178868906620967,-0.347127030870373,-0.657494505629681,-0.806127833944629,-0.604662855694187,-0.0791222085390473,NaN,NaN,NaN,NaN,NaN,NaN,NaN,NaN,NaN
NaN,NaN,-0.0842962760458855,-0.173205161515701,-0.335281837067062,-0.64819793193116,-0.803150377047132,-0.617735458145034,-0.090816453579464,NaN,NaN,NaN,NaN,NaN,NaN,NaN,NaN,NaN
NaN,NaN,-0.0722744103501706,-0.170377275023687,-0.326387054553682,-0.647571561620377,-0.805061115694116,-0.628048942962778,-0.105575029287138,NaN,NaN,NaN,NaN,NaN,NaN,NaN,NaN,NaN
NaN,NaN,-0.0629798855613141,-0.16479403344177,-0.315957694581205,-0.640820739553116,-0.797963189703296,-0.638761555383098,-0.111783802989521,NaN,NaN,NaN,NaN,NaN,NaN,NaN,NaN,NaN
NaN,NaN,-0.0550036851297288,-0.159706255469549,-0.308730705907995,-0.634168768063925,-0.796340211105417,-0.651763135174406,-0.124743789914646,NaN,NaN,NaN,NaN,NaN,NaN,NaN,NaN,NaN
NaN,NaN,-0.0452833969126611,-0.156606776688326,-0.305694910964424,-0.624882159516953,-0.790789491307805,-0.667050832489622,-0.136713538799086,NaN,NaN,NaN,NaN,NaN,NaN,NaN,NaN,NaN
NaN,NaN,-0.0324995044599442,-0.152874147567976,-0.299804128041918,-0.616747522488974,-0.787630780410836,-0.678819192180526,-0.1465660934482,NaN,NaN,NaN,NaN,NaN,NaN,NaN,NaN,NaN
NaN,NaN,-0.0174437809716134,-0.148686343852508,-0.292485944262201,-0.615760544077299,-0.786674181741546,-0.690468603352201,-0.154584240648546,NaN,NaN,NaN,NaN,NaN,NaN,NaN,NaN,NaN
NaN,NaN,-0.00645560882791566,-0.145761860583055,-0.288547083070929,-0.607690242812775,-0.781180831414531,-0.701292937228573,-0.159829598400393,NaN,NaN,NaN,NaN,NaN,NaN,NaN,NaN,NaN
NaN,NaN,0.00480374582305861,-0.138371871832836,-0.282190247705633,-0.600809426740549,-0.780473305654596,-0.712341701218975,-0.169926606598892,NaN,NaN,NaN,NaN,NaN,NaN,NaN,NaN,NaN
NaN,NaN,0.0159641381372542,-0.137601425919759,-0.276257871916945,-0.597138656065605,-0.777363712710212,-0.729171147177112,-0.181214683238068,NaN,NaN,NaN,NaN,NaN,NaN,NaN,NaN,NaN
NaN,NaN,0.028446635978374,-0.134658148560751,-0.269258852383549,-0.593974562124155,-0.775626851987909,-0.740059630552423,-0.189932439956465,NaN,NaN,NaN,NaN,NaN,NaN,NaN,NaN,NaN
NaN,NaN,0.0420019056667419,-0.126971105162132,-0.257292940548117,-0.595159092680357,-0.775625846159528,-0.755745077112806,-0.200350773069658,NaN,NaN,NaN,NaN,NaN,NaN,NaN,NaN,NaN
NaN,NaN,0.0478504065443606,-0.12577085388087,-0.24992807888096,-0.588027564571045,-0.773524987322162,-0.768075434098137,-0.205956627163687,NaN,NaN,NaN,NaN,NaN,NaN,NaN,NaN,NaN
NaN,NaN,0.0613739367593856,-0.120518660221326,-0.239969465217049,-0.576355894789837,-0.772501705956529,-0.782959794232738,-0.219153821948566,NaN,NaN,NaN,NaN,NaN,NaN,NaN,NaN,NaN
NaN,NaN,0.0713906276990504,-0.118867239032018,-0.23436597668236,-0.569643201068781,-0.774066830796073,-0.798859873393667,-0.231504872921505,NaN,NaN,NaN,NaN,NaN,NaN,NaN,NaN,NaN
NaN,NaN,0.0825340326894851,-0.112892748836506,-0.222932278445417,-0.564878890053175,-0.770124691349338,-0.807648708650959,-0.239957929137745,NaN,NaN,NaN,NaN,NaN,NaN,NaN,NaN,NaN
NaN,NaN,0.0956208284963699,-0.104229716632593,-0.212330567917282,-0.559134231642626,-0.771679515761207,-0.817808432111633,-0.249694701764383,NaN,NaN,NaN,NaN,NaN,NaN,NaN,NaN,NaN
NaN,NaN,0.102534967290315,-0.102317581001747,-0.206422350636179,-0.549880480156086,-0.773546985161374,-0.824604926237953,-0.260651935372152,NaN,NaN,NaN,NaN,NaN,NaN,NaN,NaN,NaN
NaN,NaN,0.114637392388734,-0.0960919689872147,-0.197573370567018,-0.536561598763607,-0.773879094791482,-0.827426088580978,-0.273549132529297,NaN,NaN,NaN,NaN,NaN,NaN,NaN,NaN,NaN
NaN,NaN,0.124456195907745,-0.0929111484923245,-0.193330525687391,-0.529736885563276,-0.775343897563289,-0.833121666291845,-0.288464058670797,NaN,NaN,NaN,NaN,NaN,NaN,NaN,NaN,NaN
NaN,NaN,0.134937393294725,-0.0831674654521824,-0.187491375288422,-0.518328556553267,-0.766488659006427,-0.830591057965648,-0.298892710838118,NaN,NaN,NaN,NaN,NaN,NaN,NaN,NaN,NaN
NaN,NaN,0.144959150629196,-0.0724242311456085,-0.180320563992912,-0.506243100152157,-0.764054684710572,-0.83164976684202,-0.312847368899384,NaN,NaN,NaN,NaN,NaN,NaN,NaN,NaN,NaN
NaN,NaN,0.151520504431877,-0.0698624607660652,-0.17577747934168,-0.492454981193684,-0.762330825251411,-0.830496845374,-0.327512644711533,NaN,NaN,NaN,NaN,NaN,NaN,NaN,NaN,NaN
NaN,NaN,0.160445145146999,-0.0618900042512299,-0.172951082965786,-0.472251279041908,-0.759724984687637,-0.827442349473131,-0.340746067944565,NaN,NaN,NaN,NaN,NaN,NaN,NaN,NaN,NaN
NaN,NaN,0.165118726717386,-0.0563135426976563,-0.173043824067766,-0.460825701937817,-0.755624837052892,-0.82665761707176,-0.355767537388601,NaN,NaN,NaN,NaN,NaN,NaN,NaN,NaN,NaN
NaN,NaN,0.171217194574031,-0.0462100152411343,-0.166755440911705,-0.446703852847956,-0.74611631296284,-0.820453686246765,-0.362699129167595,NaN,NaN,NaN,NaN,NaN,NaN,NaN,NaN,NaN
NaN,NaN,0.178420211004171,-0.0358314496018769,-0.157610970816071,-0.433279899642609,-0.743761631470989,-0.820029655078542,-0.378125574919977,NaN,NaN,NaN,NaN,NaN,NaN,NaN,NaN,NaN
NaN,NaN,0.181612859295759,-0.0301484819986702,-0.154631371876652,-0.42026319517269,-0.738714310151408,-0.81518912462343,-0.389550704989233,NaN,NaN,NaN,NaN,NaN,NaN,NaN,NaN,NaN
NaN,NaN,0.184570460395965,-0.0204994772114636,-0.148961331030781,-0.408448083088539,-0.731258886677097,-0.813239885101211,-0.401120152804651,NaN,NaN,NaN,NaN,NaN,NaN,NaN,NaN,NaN
NaN,NaN,0.186111370848569,-0.0144074727334858,-0.149831242194826,-0.401892559365175,-0.722674625736545,-0.814707295576227,-0.413102362785139,NaN,NaN,NaN,NaN,NaN,NaN,NaN,NaN,NaN
NaN,NaN,0.188099800424728,-0.00109391850613368,-0.143462895682508,-0.3898905308403,-0.713797072690795,-0.815221720913542,-0.423388261828222,NaN,NaN,NaN,NaN,NaN,NaN,NaN,NaN,NaN
NaN,NaN,0.192107486354265,0.00919820177174794,-0.132121193489487,-0.379060795292996,-0.70576232932217,-0.822742430100334,-0.43836119073967,NaN,NaN,NaN,NaN,NaN,NaN,NaN,NaN,NaN
NaN,NaN,0.191763940082941,0.0160883683226227,-0.128316889783794,-0.369769939915083,-0.70156463496096,-0.829886307546985,-0.450255167219439,NaN,NaN,NaN,NaN,NaN,NaN,NaN,NaN,NaN
NaN,NaN,0.190917088465843,0.0252873207888721,-0.124238367459232,-0.359309343383453,-0.691679297757219,-0.838809663036955,-0.460943863276043,NaN,NaN,NaN,NaN,NaN,NaN,NaN,NaN,NaN
NaN,NaN,0.189282114433202,0.0344507712385772,-0.119273077032024,-0.35382512001767,-0.68419382981665,-0.849891135076177,-0.474297985914745,NaN,NaN,NaN,NaN,NaN,NaN,NaN,NaN,NaN
NaN,NaN,0.188878590988073,0.046181263353598,-0.108857202610428,-0.343908807025097,-0.675914372128318,-0.859747321883333,-0.486272931579151,NaN,NaN,NaN,NaN,NaN,NaN,NaN,NaN,NaN
NaN,NaN,0.192965811865482,0.0561609249076961,-0.0952467054933853,-0.333212995664023,-0.669746259969543,-0.868880858251941,-0.500893652919331,NaN,NaN,NaN,NaN,NaN,NaN,NaN,NaN,NaN
NaN,NaN,0.189753475414667,0.0660906303188919,-0.0876535766631908,-0.328304124758385,-0.66666326559789,-0.876440478095901,-0.510905426475801,NaN,NaN,NaN,NaN,NaN,NaN,NaN,NaN,NaN
NaN,NaN,0.187206326799545,0.0761836152038692,-0.0798434682995624,-0.32250509573593,-0.657913136106799,-0.879732088724268,-0.521890543881454,NaN,NaN,NaN,NaN,NaN,NaN,NaN,NaN,NaN
NaN,NaN,0.187362826244983,0.0881217363736747,-0.0763122842521019,-0.318443486229323,-0.658903523159097,-0.885320601591957,-0.539288841668167,NaN,NaN,NaN,NaN,NaN,NaN,NaN,NaN,NaN
NaN,NaN,0.184216334300193,0.0985082555077194,-0.064482773920948,-0.311936093256615,-0.655251770091127,-0.887235158661497,-0.552059695604839,NaN,NaN,NaN,NaN,NaN,NaN,NaN,NaN,NaN
NaN,NaN,0.18404679633871,0.107287926550877,-0.0539172545880622,-0.304951602355383,-0.656863759082626,-0.887443737665308,-0.567863252494135,NaN,NaN,NaN,NaN,NaN,NaN,NaN,NaN,NaN
NaN,NaN,0.179490840809497,0.111971864428294,-0.0509805337399788,-0.298742046342037,-0.657834905010532,-0.887356100211036,-0.579800647232332,NaN,NaN,NaN,NaN,NaN,NaN,NaN,NaN,NaN
NaN,NaN,0.174329935388717,0.122251244213354,-0.0471987680405922,-0.288269696519516,-0.65464920438535,-0.87899969665159,-0.591720607611933,NaN,NaN,NaN,NaN,NaN,NaN,NaN,NaN,NaN
NaN,NaN,0.175731315093193,0.13353445934869,-0.0418922969013996,-0.282598444954298,-0.656378335130285,-0.875144468227518,-0.607823528829613,NaN,NaN,NaN,NaN,NaN,NaN,NaN,NaN,NaN
NaN,NaN,0.173514692859802,0.142481358673346,-0.0319015898615665,-0.273759281025074,-0.657009213042329,-0.864342430213583,-0.618515410009422,NaN,NaN,NaN,NaN,NaN,NaN,NaN,NaN,NaN
NaN,NaN,0.172792694347057,0.150769198264849,-0.0213030272037334,-0.265780305252216,-0.65437735132582,-0.854198930392158,-0.63237710345129,NaN,NaN,NaN,NaN,NaN,NaN,NaN,NaN,NaN
NaN,NaN,0.168580396847877,0.155257651533854,-0.0172170542985744,-0.260036652670048,-0.653747926276992,-0.846869067827356,-0.642677754643955,NaN,NaN,NaN,NaN,NaN,NaN,NaN,NaN,NaN
NaN,NaN,0.1639805760254,0.163468433495533,-0.0159243971914596,-0.248059248314045,-0.648457008224796,-0.838289724269998,-0.657274242970743,NaN,NaN,NaN,NaN,NaN,NaN,NaN,NaN,NaN
NaN,NaN,0.164772945271883,0.173613758709204,-0.0129182741851158,-0.240884432331465,-0.646424918246339,-0.834866126606357,-0.675797112766304,NaN,NaN,NaN,NaN,NaN,NaN,NaN,NaN,NaN
NaN,NaN,0.160279555993232,0.179008053567183,-0.00187107481663891,-0.233894074098013,-0.642527463656734,-0.826666222492349,-0.687296525124111,NaN,NaN,NaN,NaN,NaN,NaN,NaN,NaN,NaN
NaN,NaN,0.156942720340642,0.183348314788115,0.00939006797367863,-0.221921419487141,-0.634717522931169,-0.82388520015229,-0.700198863181868,NaN,NaN,NaN,NaN,NaN,NaN,NaN,NaN,NaN
NaN,NaN,0.15334835536972,0.188179587896836,0.0115122540980034,-0.210557067529104,-0.632212656360934,-0.822553930411232,-0.710219968590536,NaN,NaN,NaN,NaN,NaN,NaN,NaN,NaN,NaN
NaN,NaN,0.147036875413808,0.193713488008749,0.0171139544933491,-0.198983223871134,-0.623634001982282,-0.821700708547723,-0.721824713531532,NaN,NaN,NaN,NaN,NaN,NaN,NaN,NaN,NaN
NaN,NaN,0.147721583770666,0.202433349516165,0.0273646122902089,-0.189831191436194,-0.619877344739507,-0.8229679219221,-0.732378498199978,NaN,NaN,NaN,NaN,NaN,NaN,NaN,NaN,NaN
NaN,NaN,0.144165961818847,0.203539481338036,0.0384754582434349,-0.185443619028471,-0.613251990449498,-0.822164078781498,-0.741242360803881,NaN,NaN,NaN,NaN,NaN,NaN,NaN,NaN,NaN
NaN,NaN,0.141726753490123,0.208752671208155,0.050205205300396,-0.177758754924677,-0.601062132787774,-0.824704577753437,-0.745912459227839,NaN,NaN,NaN,NaN,NaN,NaN,NaN,NaN,NaN
NaN,NaN,0.138991272823963,0.210280617650521,0.056493886479681,-0.175174632803343,-0.595085779947112,-0.828551256636274,-0.7574194152985,NaN,NaN,NaN,NaN,NaN,NaN,NaN,NaN,NaN
NaN,NaN,0.134456849472675,0.211791222866547,0.0592857866674118,-0.171866276995085,-0.58243650085933,-0.831027047315729,-0.764941670480766,NaN,NaN,NaN,NaN,NaN,NaN,NaN,NaN,NaN
NaN,NaN,0.134840312229547,0.217768395271075,0.0693667947440796,-0.167461232975863,-0.574001884830068,-0.839221642891061,-0.775473364177742,NaN,NaN,NaN,NaN,NaN,NaN,NaN,NaN,NaN
NaN,NaN,0.129051546381864,0.21316985967375,0.0775089941113644,-0.166222890601299,-0.561722527068923,-0.842909810671699,-0.778937642011442,NaN,NaN,NaN,NaN,NaN,NaN,NaN,NaN,NaN
NaN,NaN,0.129018521683368,0.213616466101181,0.0868993519931488,-0.155239468202732,-0.549120298397611,-0.850694140026462,-0.784787558499374,NaN,NaN,NaN,NaN,NaN,NaN,NaN,NaN,NaN
NaN,NaN,0.126750937478694,0.208978591438305,0.0904271832793408,-0.153379691527031,-0.541543989253114,-0.853617747852695,-0.796075057718554,NaN,NaN,NaN,NaN,NaN,NaN,NaN,NaN,NaN
NaN,NaN,0.12380484752551,0.205941678907645,0.098184355267828,-0.149879129365824,-0.53178018964536,-0.856275798360002,-0.802429974559345,NaN,NaN,NaN,NaN,NaN,NaN,NaN,NaN,NaN
NaN,NaN,0.124777446316633,0.202768141355288,0.106510192820375,-0.144458347693823,-0.526036835086416,-0.864530631879461,-0.810447637471952,NaN,NaN,NaN,NaN,NaN,NaN,NaN,NaN,NaN
NaN,NaN,0.118346738444719,0.194972040083182,0.112148587325161,-0.141111379251621,-0.519207837802242,-0.866999698409927,-0.814465735587873,NaN,NaN,NaN,NaN,NaN,NaN,NaN,NaN,NaN
NaN,NaN,0.116127061473283,0.190946416880858,0.122273460695093,-0.133265489474676,-0.50995555780537,-0.867563930878532,-0.820967931780615,NaN,NaN,NaN,NaN,NaN,NaN,NaN,NaN,NaN
NaN,NaN,0.114742836730632,0.181135212954056,0.126484864124601,-0.133541831509016,-0.506563159447978,-0.865939816067112,-0.832221568110981,NaN,NaN,NaN,NaN,NaN,NaN,NaN,NaN,NaN
NaN,NaN,0.11202406399146,0.177819630082619,0.132275623002594,-0.126956933871649,-0.497020548951696,-0.862905306348694,-0.838903397801914,NaN,NaN,NaN,NaN,NaN,NaN,NaN,NaN,NaN
NaN,NaN,0.111695139484558,0.1724753844998,0.143723495969122,-0.117574361846588,-0.488921134543489,-0.862512642124784,-0.843848962816992,NaN,NaN,NaN,NaN,NaN,NaN,NaN,NaN,NaN
NaN,NaN,0.10993812494174,0.16602700012542,0.152490612783974,-0.107675036177776,-0.480880747360061,-0.859441494176281,-0.848150965306559,NaN,NaN,NaN,NaN,NaN,NaN,NaN,NaN,NaN
NaN,NaN,0.109884387629184,0.161704042877924,0.162233532139605,-0.0920878814019185,-0.471311128509114,-0.851927192488802,-0.852674380425015,NaN,NaN,NaN,NaN,NaN,NaN,NaN,NaN,NaN
NaN,NaN,0.108793995158824,0.155613919671547,0.170724306920116,-0.0877812409259301,-0.465884144228767,-0.84596233216871,-0.861954339328804,NaN,NaN,NaN,NaN,NaN,NaN,NaN,NaN,NaN
NaN,NaN,0.107557608561668,0.149515153791678,0.178903759190386,-0.0773240716613751,-0.454302924496005,-0.83749454242934,-0.863536134842434,NaN,NaN,NaN,NaN,NaN,NaN,NaN,NaN,NaN
NaN,NaN,0.107778406517658,0.143351232584488,0.189892192104405,-0.0637165175236684,-0.447989786785911,-0.832082943597925,-0.86878648448328,NaN,NaN,NaN,NaN,NaN,NaN,NaN,NaN,NaN
NaN,NaN,0.107515289263877,0.137005852486861,0.19832135058338,-0.0529737488783818,-0.435965872180532,-0.822993980327738,-0.873862118009129,NaN,NaN,NaN,NaN,NaN,NaN,NaN,NaN,NaN
NaN,NaN,0.107292535530481,0.130923272993338,0.208399508812969,-0.0384998598553163,-0.421961500120233,-0.810445954630268,-0.880054295543232,NaN,NaN,NaN,NaN,NaN,NaN,NaN,NaN,NaN
NaN,NaN,0.10847365744606,0.128121985074055,0.211985622265881,-0.0298900434233171,-0.412773332369397,-0.803056133518112,-0.890874997261562,NaN,NaN,NaN,NaN,NaN,NaN,NaN,NaN,NaN
NaN,NaN,0.104397929089221,0.123033871825707,0.216031753191298,-0.0153441445387822,-0.397011629116605,-0.796001700291527,-0.895726461443701,NaN,NaN,NaN,NaN,NaN,NaN,NaN,NaN,NaN
NaN,NaN,0.105398914592418,0.118555905248892,0.225592859753912,0.00135232718215169,-0.381565122675966,-0.791676377484691,-0.901167396936216,NaN,NaN,NaN,NaN,NaN,NaN,NaN,NaN,NaN
NaN,NaN,0.106400403009805,0.115225700613034,0.227956034907644,0.0154995827518481,-0.368339950960944,-0.789843758175266,-0.908655398074188,NaN,NaN,NaN,NaN,NaN,NaN,NaN,NaN,NaN
NaN,NaN,0.10378094650999,0.113036198493016,0.23339521951372,0.0313559270046729,-0.349937035512994,-0.782781799862278,-0.91196742329339,NaN,NaN,NaN,NaN,NaN,NaN,NaN,NaN,NaN
NaN,NaN,0.106859321521673,0.113916093435061,0.239194919088429,0.0418383164845485,-0.339949494969915,-0.783002523312462,-0.915758446339169,NaN,NaN,NaN,NaN,NaN,NaN,NaN,NaN,NaN
NaN,NaN,0.100646505879316,0.109301799859774,0.241497111239975,0.056210579588272,-0.327594700080226,-0.782619265446556,-0.913538098815479,NaN,NaN,NaN,NaN,NaN,NaN,NaN,NaN,NaN
NaN,NaN,0.102398118751201,0.108285782810223,0.247348238447254,0.0705903305254954,-0.31201143823273,-0.781501696983469,-0.915783983204165,NaN,NaN,NaN,NaN,NaN,NaN,NaN,NaN,NaN
NaN,NaN,0.0991053346563907,0.10800927313782,0.247503694811409,0.0753080009065646,-0.30267992131121,-0.781121922263992,-0.916928895298042,NaN,NaN,NaN,NaN,NaN,NaN,NaN,NaN,NaN
NaN,NaN,0.0975183423627944,0.105589995112193,0.249053229311054,0.0819045214496631,-0.287821340185474,-0.775320080647361,-0.915615488323965,NaN,NaN,NaN,NaN,NaN,NaN,NaN,NaN,NaN
NaN,NaN,0.0961184714008899,0.10792789417125,0.247118350782936,0.0886098390959281,-0.283861095827888,-0.777194516340387,-0.916866776082315,NaN,NaN,NaN,NaN,NaN,NaN,NaN,NaN,NaN
NaN,NaN,0.0878208342959018,0.101660968687308,0.243210204610174,0.0953228680931109,-0.274295947325299,-0.778461748341215,-0.914507698747911,NaN,NaN,NaN,NaN,NaN,NaN,NaN,NaN,NaN
NaN,NaN,0.0845713380743594,0.102396843906414,0.239909467020577,0.101879155500986,-0.265816292536329,-0.779405681023491,-0.915835876498022,NaN,NaN,NaN,NaN,NaN,NaN,NaN,NaN,NaN
NaN,NaN,0.0792594838906856,0.0993207972011684,0.232990522602146,0.101410886510469,-0.262755538147758,-0.781001595387352,-0.920683503631153,NaN,NaN,NaN,NaN,NaN,NaN,NaN,NaN,NaN
NaN,NaN,0.0750494029392333,0.0960996504387974,0.227552250692194,0.105360513790705,-0.257844636958907,-0.773326379785431,-0.919186495724716,NaN,NaN,NaN,NaN,NaN,NaN,NaN,NaN,NaN
NaN,NaN,0.0705937322248549,0.0962960849962353,0.224051502266472,0.109543306990721,-0.256697303426336,-0.772293189147604,-0.923071302953758,NaN,NaN,NaN,NaN,NaN,NaN,NaN,NaN,NaN
NaN,NaN,0.0651617933084102,0.0913746971151947,0.216838893213814,0.113840149953224,-0.251320033145021,-0.765201447138679,-0.922055863324204,NaN,NaN,NaN,NaN,NaN,NaN,NaN,NaN,NaN
NaN,NaN,0.0617929201592536,0.0979507658145546,0.21310808948571,0.118793780221798,-0.244964594763587,-0.757503600398195,-0.923606217387714,NaN,NaN,NaN,NaN,NaN,NaN,NaN,NaN,NaN
NaN,NaN,0.0581270482410522,0.0955570432803749,0.209060375311916,0.116071356698133,-0.243489975851844,-0.748488919416559,-0.928284585956135,NaN,NaN,NaN,NaN,NaN,NaN,NaN,NaN,NaN
NaN,NaN,0.051661713795814,0.0939708891770958,0.201923315146511,0.119447419657566,-0.239457591247628,-0.736095642278087,-0.928008448812761,NaN,NaN,NaN,NaN,NaN,NaN,NaN,NaN,NaN
NaN,NaN,0.0475182037819953,0.0948636922500252,0.195443228551691,0.122137582167246,-0.237648217749665,-0.727888157198322,-0.934780970696011,NaN,NaN,NaN,NaN,NaN,NaN,NaN,NaN,NaN
NaN,NaN,0.0376831952501865,0.0928630809745907,0.18498710236842,0.12341725663767,-0.231985776496003,-0.718938799182069,-0.935349617633619,NaN,NaN,NaN,NaN,NaN,NaN,NaN,NaN,NaN
NaN,NaN,0.0355904761721225,0.0963650028667568,0.178278823116367,0.127991447462894,-0.225633392852615,-0.709138119200361,-0.938788768384256,NaN,NaN,NaN,NaN,NaN,NaN,NaN,NaN,NaN
NaN,NaN,0.0313780296613307,0.0979090239367603,0.170138747164553,0.131739387526371,-0.226383144778083,-0.698095297047985,-0.939766526702442,NaN,NaN,NaN,NaN,NaN,NaN,NaN,NaN,NaN
NaN,NaN,0.022096021847877,0.0962949487826942,0.161762264290398,0.134476898475744,-0.220613638681243,-0.689075531045091,-0.938598424676456,NaN,NaN,NaN,NaN,NaN,NaN,NaN,NaN,NaN
NaN,NaN,0.0196457866598697,0.0961562934777855,0.154280391254967,0.138556501134493,-0.218019439649652,-0.680765470096958,-0.937478062245646,NaN,NaN,NaN,NaN,NaN,NaN,NaN,NaN,NaN
NaN,NaN,0.0117920737732978,0.0951880532763122,0.142619953224009,0.139716984941818,-0.211291006577085,-0.674468351135147,-0.936557878289022,NaN,NaN,NaN,NaN,NaN,NaN,NaN,NaN,NaN
NaN,NaN,0.00925537459746314,0.0980802382788776,0.138078433194702,0.145781664415457,-0.202146480602096,-0.661333331445348,-0.931490663919249,NaN,NaN,NaN,NaN,NaN,NaN,NaN,NaN,NaN
NaN,NaN,0.00791166238680792,0.0989008079729198,0.132381234982555,0.148133179410555,-0.19712030030496,-0.656259839961422,-0.930235147956409,NaN,NaN,NaN,NaN,NaN,NaN,NaN,NaN,NaN
NaN,NaN,0.00295030214086485,0.0981413144133209,0.121496644535606,0.153949028118708,-0.186645659428905,-0.649485604444635,-0.925922789159813,NaN,NaN,NaN,NaN,NaN,NaN,NaN,NaN,NaN
NaN,NaN,0.00152126215592337,0.101185789283287,0.11699980936343,0.157856615497925,-0.175858019661973,-0.646097173521412,-0.925747681889334,NaN,NaN,NaN,NaN,NaN,NaN,NaN,NaN,NaN
NaN,NaN,-0.00403916202291536,0.0983684081099151,0.108509090462273,0.158622274412968,-0.164599447321962,-0.645982602218282,-0.924602956059971,NaN,NaN,NaN,NaN,NaN,NaN,NaN,NaN,NaN
NaN,NaN,-0.00505596138342904,0.0984376240036606,0.103777338483875,0.170330470665552,-0.156126889211009,-0.641539895514143,-0.922979511800804,NaN,NaN,NaN,NaN,NaN,NaN,NaN,NaN,NaN
NaN,NaN,-0.00873446203574228,0.0954981091878532,0.0999539054125004,0.169937843694546,-0.148736956340144,-0.643949972072733,-0.923114628079929,NaN,NaN,NaN,NaN,NaN,NaN,NaN,NaN,NaN
NaN,NaN,-0.0125021461378007,0.0900594461224197,0.0947567529171162,0.17197876261101,-0.141397389394115,-0.642602534571779,-0.920213167104521,NaN,NaN,NaN,NaN,NaN,NaN,NaN,NaN,NaN
NaN,NaN,-0.0154449950884252,0.0906187425813793,0.09141472048456,0.172847295417644,-0.132048698884319,-0.644660198668134,-0.922587741646566,NaN,NaN,NaN,NaN,NaN,NaN,NaN,NaN,NaN
NaN,NaN,-0.0216216754148869,0.0849896985552429,0.086222075590437,0.170672675832369,-0.124133779478143,-0.644828693548334,-0.923138581696548,NaN,NaN,NaN,NaN,NaN,NaN,NaN,NaN,NaN
NaN,NaN,-0.0230748925338654,0.0833663846812366,0.0866564444392376,0.173271941258766,-0.11438160277612,-0.637849604318035,-0.923991449657478,NaN,NaN,NaN,NaN,NaN,NaN,NaN,NaN,NaN
NaN,NaN,-0.0248212899993329,0.0770272630713104,0.0851917161732369,0.168085536225893,-0.106787710261415,-0.637571511397255,-0.925958589199581,NaN,NaN,NaN,NaN,NaN,NaN,NaN,NaN,NaN
NaN,NaN,-0.0283045481871037,0.076558398034346,0.081327118644064,0.165901696547129,-0.0936208207131131,-0.631701441088808,-0.927292410764494,NaN,NaN,NaN,NaN,NaN,NaN,NaN,NaN,NaN
NaN,NaN,-0.0296713571976094,0.0776261779925941,0.083394338110035,0.166445309533932,-0.0789412584126694,-0.626544596234453,-0.927989803734818,NaN,NaN,NaN,NaN,NaN,NaN,NaN,NaN,NaN
NaN,NaN,-0.0321176994572549,0.0745744946859001,0.0820377736478501,0.168928643926241,-0.0703182544530137,-0.622060445675743,-0.930389281842508,NaN,NaN,NaN,NaN,NaN,NaN,NaN,NaN,NaN
NaN,NaN,-0.0292826231549649,0.069944983299744,0.0845861143558674,0.172994872792818,-0.0567835669935448,-0.60833211762656,-0.92802515673975,NaN,NaN,NaN,NaN,NaN,NaN,NaN,NaN,NaN
NaN,NaN,-0.0304164338837533,0.0651802625022052,0.0871515913992577,0.170840239389994,-0.0478659111977322,-0.60319842545141,-0.929711949560442,NaN,NaN,NaN,NaN,NaN,NaN,NaN,NaN,NaN
NaN,NaN,-0.0330883610974221,0.0624794270358204,0.0859121873169594,0.170002831383802,-0.0353613223851426,-0.592414287457359,-0.924812522265711,NaN,NaN,NaN,NaN,NaN,NaN,NaN,NaN,NaN
NaN,NaN,-0.0343078907559781,0.0593540574870228,0.0880953750699215,0.173057196899511,-0.0244223613262875,-0.581793335804832,-0.924151879284182,NaN,NaN,NaN,NaN,NaN,NaN,NaN,NaN,NaN
NaN,NaN,-0.0348466981182961,0.0550336520633815,0.0868377543180638,0.172868902101375,-0.0198219630838139,-0.569658947715652,-0.922627062085667,NaN,NaN,NaN,NaN,NaN,NaN,NaN,NaN,NaN
NaN,NaN,-0.0354044113288789,0.0450802538058876,0.093534000882452,0.174026945843555,-0.00682580358989071,-0.55202986819495,-0.919031858924427,NaN,NaN,NaN,NaN,NaN,NaN,NaN,NaN,NaN
NaN,NaN,-0.0351855132709413,0.0432169381044029,0.094585240551775,0.173349054767944,0.000883498418261297,-0.544348729381454,-0.921257142457762,NaN,NaN,NaN,NaN,NaN,NaN,NaN,NaN,NaN
NaN,NaN,-0.0394182439874082,0.0409362036249756,0.0937685824125462,0.171140814437725,0.0120699305116432,-0.531970539668691,-0.919745922568836,NaN,NaN,NaN,NaN,NaN,NaN,NaN,NaN,NaN
NaN,NaN,-0.038999707622376,0.0386973600349544,0.0975989258974247,0.175143210455038,0.0215099278866546,-0.523546130934847,-0.923607558492222,NaN,NaN,NaN,NaN,NaN,NaN,NaN,NaN,NaN
NaN,NaN,-0.0333772387336163,0.0322065446040748,0.0941020331471615,0.174510693415262,0.026046642291476,-0.512727161476505,-0.92430038798193,NaN,NaN,NaN,NaN,NaN,NaN,NaN,NaN,NaN
NaN,NaN,-0.0366984654198556,0.0279454085490822,0.100139555254524,0.17673240066991,0.0392184678494232,-0.499234029630316,-0.922189303222694,NaN,NaN,NaN,NaN,NaN,NaN,NaN,NaN,NaN
NaN,NaN,-0.0320182528327374,0.0299736801049827,0.105475288549011,0.175527790799,0.0467865441023605,-0.493850128332269,-0.92389086681942,NaN,NaN,NaN,NaN,NaN,NaN,NaN,NaN,NaN
NaN,NaN,-0.0334108408521085,0.0275435428581356,0.105061948963945,0.172760030492403,0.0518452089308994,-0.484082715192926,-0.924968760940828,NaN,NaN,NaN,NaN,NaN,NaN,NaN,NaN,NaN
NaN,NaN,-0.0287974040935903,0.0269421878717064,0.105708193698471,0.177002819492676,0.0597235273598926,-0.476402898857486,-0.926127121332684,NaN,NaN,NaN,NaN,NaN,NaN,NaN,NaN,NaN
NaN,NaN,-0.0245794069002538,0.017912624355328,0.105186504045074,0.170386499031641,0.0656613234459655,-0.466817540655029,-0.927180726561346,NaN,NaN,NaN,NaN,NaN,NaN,NaN,NaN,NaN
NaN,NaN,-0.02503668628439,0.0152736659608005,0.106828425744122,0.168425506218531,0.0767933849274414,-0.456169133613002,-0.925386235598125,NaN,NaN,NaN,NaN,NaN,NaN,NaN,NaN,NaN
NaN,NaN,-0.0200644854436784,0.0194913092515587,0.106505200931376,0.166011313214161,0.0832106258749263,-0.448205766806495,-0.930148181054392,NaN,NaN,NaN,NaN,NaN,NaN,NaN,NaN,NaN
NaN,NaN,-0.0225298080573945,0.0164583082757114,0.107048664906567,0.162622994049646,0.0875110264896648,-0.438934897611034,-0.929747097674408,NaN,NaN,NaN,NaN,NaN,NaN,NaN,NaN,NaN
NaN,NaN,-0.0157080378363995,0.0137873310110687,0.105536830344742,0.166572025283434,0.094647136706044,-0.428383273610962,-0.923928231481113,NaN,NaN,NaN,NaN,NaN,NaN,NaN,NaN,NaN
NaN,NaN,-0.0126508969794183,0.00780775579429852,0.105095811852758,0.161520997300007,0.0975491192220943,-0.421415807286394,-0.923008196536102,NaN,NaN,NaN,NaN,NaN,NaN,NaN,NaN,NaN
NaN,NaN,-0.0123554069529443,0.0102941449246525,0.108627405682152,0.159638086571552,0.102516682076384,-0.408190635571373,-0.916591961416998,NaN,NaN,NaN,NaN,NaN,NaN,NaN,NaN,NaN
NaN,NaN,-0.00799001864894914,0.0161607320866703,0.113363218226975,0.159045448764421,0.103181869912078,-0.396908854672802,-0.91716839421133,NaN,NaN,NaN,NaN,NaN,NaN,NaN,NaN,NaN
NaN,NaN,-0.00425807870730447,0.0146087016425251,0.114023283788507,0.158304358138897,0.102075253802468,-0.380897985378397,-0.90932168487052,NaN,NaN,NaN,NaN,NaN,NaN,NaN,NaN,NaN
NaN,NaN,0.000757074730548386,0.0146204921863197,0.115183115670031,0.158141469820597,0.107861020791461,-0.361405515650404,-0.89794768441061,NaN,NaN,NaN,NaN,NaN,NaN,NaN,NaN,NaN
NaN,NaN,0.00540647916689826,0.0125200245044349,0.116859682568853,0.148858884587147,0.108678722011973,-0.349591428021085,-0.893942010137835,NaN,NaN,NaN,NaN,NaN,NaN,NaN,NaN,NaN
NaN,NaN,0.00648945830956412,0.0189093257746814,0.116267454543655,0.146689107879259,0.111423068869044,-0.332540699819219,-0.888769276920357,NaN,NaN,NaN,NaN,NaN,NaN,NaN,NaN,NaN
NaN,NaN,0.0115006443132491,0.0248195174596428,0.119512089261358,0.145085631176092,0.111845330524375,-0.32187778277148,-0.888643734637299,NaN,NaN,NaN,NaN,NaN,NaN,NaN,NaN,NaN
NaN,NaN,0.0144855517913432,0.0228628087303756,0.115342073807066,0.142651470615723,0.111573179441621,-0.307277476022136,-0.879933670643368,NaN,NaN,NaN,NaN,NaN,NaN,NaN,NaN,NaN
NaN,NaN,0.0178949188460441,0.0207339357099651,0.113557305851524,0.142905609919884,0.115179502594401,-0.294602101275814,-0.87337360206584,NaN,NaN,NaN,NaN,NaN,NaN,NaN,NaN,NaN
NaN,NaN,0.0250487055648894,0.0231420751175998,0.110972718068903,0.139921317114689,0.116118163990905,-0.286214945444954,-0.869039021912613,NaN,NaN,NaN,NaN,NaN,NaN,NaN,NaN,NaN
NaN,NaN,0.024593121187839,0.0287205110750316,0.112216965028589,0.140816057338573,0.118600026893546,-0.276619845608366,-0.86481258693675,NaN,NaN,NaN,NaN,NaN,NaN,NaN,NaN,NaN
NaN,NaN,0.0322120662798019,0.0319904963932155,0.11445243723089,0.142581211640694,0.115254157411982,-0.269509272256983,-0.857224319610395,NaN,NaN,NaN,NaN,NaN,NaN,NaN,NaN,NaN
NaN,NaN,0.0329977858831019,0.0292153600118278,0.107317295589989,0.137121277167656,0.11336977519386,-0.260727757195127,-0.851523470613756,NaN,NaN,NaN,NaN,NaN,NaN,NaN,NaN,NaN
NaN,NaN,0.0332707565297217,0.0270684752128242,0.10632439396674,0.133683895929911,0.118174133080174,-0.249776428172481,-0.839962795856991,NaN,NaN,NaN,NaN,NaN,NaN,NaN,NaN,NaN
NaN,NaN,0.0381369169820876,0.0313340443632721,0.106519226649349,0.134099489315607,0.118354623395135,-0.246265416571987,-0.838221557918587,NaN,NaN,NaN,NaN,NaN,NaN,NaN,NaN,NaN
NaN,NaN,0.0379099909235568,0.0370518248043178,0.104701303610151,0.135137634589531,0.120671362805297,-0.237957032004488,-0.829987120363512,NaN,NaN,NaN,NaN,NaN,NaN,NaN,NaN,NaN
NaN,NaN,0.0426435869206519,0.0429431106410144,0.108294681379145,0.137531375750162,0.123728056627442,-0.230745410153759,-0.820815157625475,NaN,NaN,NaN,NaN,NaN,NaN,NaN,NaN,NaN
NaN,NaN,0.0421332966555686,0.0406299661359905,0.0996587506621533,0.131225222959377,0.125466481971671,-0.226320547590149,-0.815256409827271,NaN,NaN,NaN,NaN,NaN,NaN,NaN,NaN,NaN
NaN,NaN,0.0459774609674544,0.0393518749139427,0.0954816385298424,0.133764920993902,0.129245341944625,-0.21530864534725,-0.803516902509728,NaN,NaN,NaN,NaN,NaN,NaN,NaN,NaN,NaN
NaN,NaN,0.0471829835344882,0.0452835615239261,0.0956101796715908,0.135473450883486,0.129970264810254,-0.213369706252706,-0.803411569926539,NaN,NaN,NaN,NaN,NaN,NaN,NaN,NaN,NaN
NaN,NaN,0.0473732527364822,0.045961974140179,0.0937789200931244,0.137167489393808,0.131501191484858,-0.203476713577402,-0.791897405419149,NaN,NaN,NaN,NaN,NaN,NaN,NaN,NaN,NaN
NaN,NaN,0.0493931237627597,0.0485166478417038,0.09410076654846,0.137699591233589,0.134180848675896,-0.195750666389358,-0.784232099089422,NaN,NaN,NaN,NaN,NaN,NaN,NaN,NaN,NaN
NaN,NaN,0.0506267163921924,0.0461194607875465,0.0866491242438012,0.133754620566227,0.134593294191291,-0.185840053090942,-0.778024349841871,NaN,NaN,NaN,NaN,NaN,NaN,NaN,NaN,NaN
NaN,NaN,0.0531493712236018,0.0455881412587284,0.0833335413723641,0.13470501662717,0.140299470353057,-0.175629870573175,-0.769521281603375,NaN,NaN,NaN,NaN,NaN,NaN,NaN,NaN,NaN
NaN,NaN,0.056991542505178,0.0505113731584667,0.0810853659301453,0.137174567445375,0.141264897960355,-0.171574705818784,-0.770487268004217,NaN,NaN,NaN,NaN,NaN,NaN,NaN,NaN,NaN
NaN,NaN,0.0536582086254687,0.0518587361536144,0.0811949267178231,0.135494014485933,0.14653420932882,-0.161436011621845,-0.763373546782532,NaN,NaN,NaN,NaN,NaN,NaN,NaN,NaN,NaN
NaN,NaN,0.0534829337169261,0.0548212360105632,0.0836931436448746,0.138946334137775,0.15604321770661,-0.153221932778251,-0.754369333866634,NaN,NaN,NaN,NaN,NaN,NaN,NaN,NaN,NaN
NaN,NaN,0.0614047076572509,0.0564148593208908,0.078790102818554,0.143501991643764,0.157496583837201,-0.144737192968023,-0.748653956237831,NaN,NaN,NaN,NaN,NaN,NaN,NaN,NaN,NaN
NaN,NaN,0.0638850618173213,0.0591146517059921,0.0794013484507256,0.151294870539762,0.165709675478865,-0.137195603529108,-0.740428682896891,NaN,NaN,NaN,NaN,NaN,NaN,NaN,NaN,NaN
NaN,NaN,0.0677637223173709,0.0656047034523605,0.0839712551921063,0.154903186722853,0.168011197078158,-0.134793908873689,-0.738991652164259,NaN,NaN,NaN,NaN,NaN,NaN,NaN,NaN,NaN
NaN,NaN,0.0650975693036647,0.066677754696381,0.0871107994704895,0.153261879696705,0.170745560157229,-0.127791368940962,-0.73086837727169,NaN,NaN,NaN,NaN,NaN,NaN,NaN,NaN,NaN
NaN,NaN,0.0671843837966056,0.0686012710890888,0.0878136313646489,0.157344909622528,0.177591973173548,-0.121355538794887,-0.722044058624306,NaN,NaN,NaN,NaN,NaN,NaN,NaN,NaN,NaN
NaN,NaN,0.0732604812850089,0.0718385856113552,0.0847878574519806,0.158527018740036,0.177014180648257,-0.112629642317188,-0.715963136884966,NaN,NaN,NaN,NaN,NaN,NaN,NaN,NaN,NaN
NaN,NaN,0.0757457342018218,0.0737752709052681,0.0877517356663399,0.161265386506178,0.184185438978602,-0.10550802348007,-0.708233364406624,NaN,NaN,NaN,NaN,NaN,NaN,NaN,NaN,NaN
NaN,NaN,0.0782522212733359,0.0823026466629623,0.0925875536292248,0.164255826040365,0.188864887881209,-0.100412627289188,-0.705362283173599,NaN,NaN,NaN,NaN,NaN,NaN,NaN,NaN,NaN
NaN,NaN,0.0760752920080753,0.0844423416516899,0.096241877147501,0.162937445803739,0.194788695502211,-0.0927864178811433,-0.695971105727949,NaN,NaN,NaN,NaN,NaN,NaN,NaN,NaN,NaN
NaN,NaN,0.0793182689715953,0.0870065520963787,0.0960248044818097,0.171004841341831,0.203808331119944,-0.0846366934274556,-0.68846304390172,NaN,NaN,NaN,NaN,NaN,NaN,NaN,NaN,NaN
NaN,NaN,0.0869311977197261,0.0903167146704315,0.0928179255812817,0.174585255100586,0.205270656573703,-0.0776148192380788,-0.682689216468134,NaN,NaN,NaN,NaN,NaN,NaN,NaN,NaN,NaN
NaN,NaN,0.0884413559009166,0.0916451718173145,0.096957635798996,0.180366700752832,0.213269786167075,-0.0724679209088208,-0.674536120626726,NaN,NaN,NaN,NaN,NaN,NaN,NaN,NaN,NaN
NaN,NaN,0.0913327772189708,0.0987516287229179,0.105016984710043,0.183477895572044,0.217431829500129,-0.0657842658256413,-0.666424580398598,NaN,NaN,NaN,NaN,NaN,NaN,NaN,NaN,NaN
NaN,NaN,0.0934814501573176,0.0978869702181934,0.106361926266497,0.185419777645924,0.220317942279507,-0.0589570566808107,-0.656814914676943,NaN,NaN,NaN,NaN,NaN,NaN,NaN,NaN,NaN
NaN,NaN,0.0962475340832801,0.101969255085957,0.10466621137554,0.191087788208582,0.223633432018687,-0.0482268795167329,-0.649429098251858,NaN,NaN,NaN,NaN,NaN,NaN,NaN,NaN,NaN
NaN,NaN,0.100570342319164,0.10136143672086,0.106461130747145,0.188546078517296,0.223965932804276,-0.0425462402199628,-0.645191245261231,NaN,NaN,NaN,NaN,NaN,NaN,NaN,NaN,NaN
NaN,NaN,0.0978126216699214,0.0979317482075809,0.106640857377594,0.190168759091951,0.226791621375014,-0.0402914151345612,-0.638410006198683,NaN,NaN,NaN,NaN,NaN,NaN,NaN,NaN,NaN
NaN,NaN,0.0987238276769252,0.103961298193705,0.111937661388462,0.189814372225859,0.228449040281703,-0.0340320333634736,-0.63038578677515,NaN,NaN,NaN,NaN,NaN,NaN,NaN,NaN,NaN
NaN,NaN,0.0947807755340667,0.101120727088225,0.111653347232883,0.187530825152256,0.229821548986365,-0.0312775350903394,-0.622472860399284,NaN,NaN,NaN,NaN,NaN,NaN,NaN,NaN,NaN
NaN,NaN,0.0989556897451015,0.10338721233226,0.105661199161356,0.190638331934072,0.228961845117738,-0.0213166117464425,-0.613825753811398,NaN,NaN,NaN,NaN,NaN,NaN,NaN,NaN,NaN
NaN,NaN,0.100642612950954,0.102365160312426,0.106689900824373,0.189263643934585,0.2258915167331,-0.0197221129928948,-0.609920699629583,NaN,NaN,NaN,NaN,NaN,NaN,NaN,NaN,NaN
NaN,NaN,0.0968696203102202,0.0991100389025329,0.106669188210314,0.184907177700855,0.22604391835921,-0.0198548637126805,-0.599092435571947,NaN,NaN,NaN,NaN,NaN,NaN,NaN,NaN,NaN
NaN,NaN,0.0991876449455352,0.104237565722239,0.111810703495091,0.186281269653894,0.225964569675853,-0.0132943481003167,-0.592431933167972,NaN,NaN,NaN,NaN,NaN,NaN,NaN,NaN,NaN
NaN,NaN,0.100631008671674,0.106302065726292,0.111758530804461,0.184847833826401,0.223875929790665,-0.00812949387182016,-0.583802093300619,NaN,NaN,NaN,NaN,NaN,NaN,NaN,NaN,NaN
NaN,NaN,0.104693400489244,0.108448540743363,0.110273872235363,0.188042437895395,0.225784917551209,0.00492032842885237,-0.572655801210203,NaN,NaN,NaN,NaN,NaN,NaN,NaN,NaN,NaN
NaN,NaN,0.108680448310527,0.107917798634541,0.115197476664131,0.185068985684969,0.224359546977212,0.00537425505171996,-0.569194335970678,NaN,NaN,NaN,NaN,NaN,NaN,NaN,NaN,NaN
NaN,NaN,0.107975008713159,0.106845399316323,0.11212211913759,0.18040274293647,0.224269748854567,0.00750888364564162,-0.564471543315449,NaN,NaN,NaN,NaN,NaN,NaN,NaN,NaN,NaN
NaN,NaN,0.105950518326911,0.111775951411497,0.117669784197157,0.180676011606314,0.227490616220166,0.0118109792674659,-0.563776851180592,NaN,NaN,NaN,NaN,NaN,NaN,NaN,NaN,NaN
NaN,NaN,0.107784869896326,0.111299840684903,0.113092277863567,0.178815843775131,0.223909792679478,0.015986210128176,-0.556179345134296,NaN,NaN,NaN,NaN,NaN,NaN,NaN,NaN,NaN
NaN,NaN,0.106621070580635,0.10738282832123,0.112679999986237,0.183217907562115,0.222630509364535,0.0235148914362071,-0.548755344483652,NaN,NaN,NaN,NaN,NaN,NaN,NaN,NaN,NaN
NaN,NaN,0.108364767210636,0.106254493769181,0.1143951422661,0.18083597557173,0.21914196126454,0.0244587868655799,-0.543106332901516,NaN,NaN,NaN,NaN,NaN,NaN,NaN,NaN,NaN
NaN,NaN,0.105509425329122,0.10432058381654,0.116005566635674,0.175305409594633,0.215950002151658,0.0278014153445838,-0.536694046590128,NaN,NaN,NaN,NaN,NaN,NaN,NaN,NaN,NaN
NaN,NaN,0.106197337435636,0.110710667397749,0.119525295415466,0.178529033675053,0.218163551020552,0.0357336387241958,-0.531538505587377,NaN,NaN,NaN,NaN,NaN,NaN,NaN,NaN,NaN
NaN,NaN,0.110428298639211,0.110934706356299,0.11492772839362,0.175178973241903,0.214183786141803,0.0454143271053908,-0.522569757435121,NaN,NaN,NaN,NaN,NaN,NaN,NaN,NaN,NaN
NaN,NaN,0.10709282271758,0.106751522000801,0.116508462199514,0.172177357836821,0.213831410932471,0.055894053002703,-0.509951100233593,NaN,NaN,NaN,NaN,NaN,NaN,NaN,NaN,NaN
NaN,NaN,0.111586211996231,0.109095642294657,0.119678125449961,0.168441878869392,0.212342375147273,0.061073528995621,-0.505756497863331,NaN,NaN,NaN,NaN,NaN,NaN,NaN,NaN,NaN
NaN,NaN,0.109170826898965,0.11071554752804,0.1182550831824,0.166381476684667,0.213614431399037,0.0683908373321174,-0.498941563550034,NaN,NaN,NaN,NaN,NaN,NaN,NaN,NaN,NaN
NaN,NaN,0.112865458058271,0.120961306568158,0.123798836687153,0.171956336363413,0.222408295798232,0.0808514863456366,-0.489489272717037,NaN,NaN,NaN,NaN,NaN,NaN,NaN,NaN,NaN
NaN,NaN,0.117382577436122,0.120308617081416,0.120596968302076,0.169295659526445,0.220060953128268,0.0866198562289355,-0.482657351079979,NaN,NaN,NaN,NaN,NaN,NaN,NaN,NaN,NaN
NaN,NaN,0.116328152643594,0.115655748125088,0.11827804959709,0.171381933852293,0.221264631676604,0.0960025027598022,-0.47086485150794,NaN,NaN,NaN,NaN,NaN,NaN,NaN,NaN,NaN
NaN,NaN,0.118283240871582,0.11789971398927,0.121844568023031,0.170569522544004,0.220444304126431,0.0978803470934508,-0.470406994703808,NaN,NaN,NaN,NaN,NaN,NaN,NaN,NaN,NaN
NaN,NaN,0.11615060530797,0.116417309220803,0.119578026899641,0.170301189883806,0.218927254158189,0.103833603134262,-0.460127167883911,NaN,NaN,NaN,NaN,NaN,NaN,NaN,NaN,NaN
NaN,NaN,0.118317029254589,0.122050972606909,0.12267582930023,0.174788413807012,0.225357850271394,0.11516202466737,-0.448966738316813,NaN,NaN,NaN,NaN,NaN,NaN,NaN,NaN,NaN
NaN,NaN,0.118413756417188,0.119115835007203,0.121427074739283,0.168633098020412,0.221899104493787,0.119891671856749,-0.441040978315868,NaN,NaN,NaN,NaN,NaN,NaN,NaN,NaN,NaN
NaN,NaN,0.1153028596212,0.113663854028952,0.120584469953125,0.167350368811943,0.223296572643449,0.126749577393639,-0.431564677986898,NaN,NaN,NaN,NaN,NaN,NaN,NaN,NaN,NaN
NaN,NaN,0.116125720368776,0.115480268325579,0.123046197661703,0.167559227212526,0.222997245567967,0.128419587781536,-0.430636466029682,NaN,NaN,NaN,NaN,NaN,NaN,NaN,NaN,NaN
NaN,NaN,0.114000833408985,0.117092052426112,0.119353634038513,0.166164068742849,0.226751779395272,0.136198850741494,-0.421877358588972,NaN,NaN,NaN,NaN,NaN,NaN,NaN,NaN,NaN
NaN,NaN,0.112721773611459,0.120765170033944,0.126383722492998,0.169101441516735,0.236504049229552,0.145587494989741,-0.409895260367193,NaN,NaN,NaN,NaN,NaN,NaN,NaN,NaN,NaN
NaN,NaN,0.117034896092567,0.11979093211509,0.122687992373055,0.167490905388452,0.233564012873103,0.149250051399576,-0.401945230099955,NaN,NaN,NaN,NaN,NaN,NaN,NaN,NaN,NaN
NaN,NaN,0.113027545439157,0.119641249950898,0.122564610758369,0.167597653581955,0.236578350144555,0.153086299469578,-0.393170997980633,NaN,NaN,NaN,NaN,NaN,NaN,NaN,NaN,NaN
NaN,NaN,0.115273914115581,0.121745144899857,0.125676122227257,0.169037534161665,0.237378412115504,0.154866243174183,-0.391402490917244,NaN,NaN,NaN,NaN,NaN,NaN,NaN,NaN,NaN
NaN,NaN,0.112612045185718,0.120673378880989,0.120463323512619,0.16445734561906,0.240137697386672,0.160151312520611,-0.383916724953451,NaN,NaN,NaN,NaN,NaN,NaN,NaN,NaN,NaN
NaN,NaN,0.107576346771869,0.119379231657755,0.123313710758036,0.164396977289774,0.244418726491858,0.170224814137328,-0.37402876142005,NaN,NaN,NaN,NaN,NaN,NaN,NaN,NaN,NaN
NaN,NaN,0.109415690230283,0.116905508514416,0.11994547090823,0.158210443570473,0.242007848995854,0.173683615794289,-0.370354433092871,NaN,NaN,NaN,NaN,NaN,NaN,NaN,NaN,NaN
NaN,NaN,0.103245659547004,0.111575698431504,0.116101735004728,0.156950084730245,0.244311717528035,0.17682338359009,-0.364895355436602,NaN,NaN,NaN,NaN,NaN,NaN,NaN,NaN,NaN
NaN,NaN,0.103730785476121,0.114303020711911,0.113855198690241,0.157167511298515,0.246881683546235,0.18239680903207,-0.363653213265934,NaN,NaN,NaN,NaN,NaN,NaN,NaN,NaN,NaN
NaN,NaN,0.0973672818411918,0.112133653785956,0.111593798467463,0.150551675125219,0.251120914894273,0.188332258185255,-0.355267119142809,NaN,NaN,NaN,NaN,NaN,NaN,NaN,NaN,NaN
NaN,NaN,0.094820058720264,0.107265146400702,0.111782018759792,0.154282981767513,0.253690564262797,0.197297206541407,-0.347274154904881,NaN,NaN,NaN,NaN,NaN,NaN,NaN,NaN,NaN
NaN,NaN,0.0934504184891315,0.105740291949284,0.108902946779078,0.153593486412622,0.249852136897971,0.196288062652457,-0.342624713215628,NaN,NaN,NaN,NaN,NaN,NaN,NaN,NaN,NaN
NaN,NaN,0.0879236895610423,0.102768031831753,0.106511254528111,0.154881356521704,0.250359242039849,0.198547246327507,-0.335031025591888,NaN,NaN,NaN,NaN,NaN,NaN,NaN,NaN,NaN
NaN,NaN,0.0864868823458285,0.10722917872287,0.108624425449913,0.154998442395784,0.25345482789271,0.205093661716091,-0.326927587870159,NaN,NaN,NaN,NaN,NaN,NaN,NaN,NaN,NaN
NaN,NaN,0.0850746806730361,0.104543263044131,0.106191158959215,0.150261176987745,0.252771665531327,0.211103467663634,-0.315560888979235,NaN,NaN,NaN,NaN,NaN,NaN,NaN,NaN,NaN
NaN,NaN,0.0818823676575751,0.104723455335867,0.109347057262009,0.151557093723871,0.254216314482619,0.2202464662696,-0.303970672670403,NaN,NaN,NaN,NaN,NaN,NaN,NaN,NaN,NaN
NaN,NaN,0.0809117618967624,0.10308689805485,0.11092749304468,0.147551698847868,0.251087201017071,0.21784175412904,-0.297123682234087,NaN,NaN,NaN,NaN,NaN,NaN,NaN,NaN,NaN
NaN,NaN,0.0760038409401508,0.10272880452491,0.104222398915833,0.145358490064003,0.248779514062335,0.222179947813856,-0.288608264658251,NaN,NaN,NaN,NaN,NaN,NaN,NaN,NaN,NaN
NaN,NaN,0.0742439579238029,0.10595442163564,0.106851503917521,0.143433725699045,0.253831249850919,0.228221809884417,-0.275598340216675,NaN,NaN,NaN,NaN,NaN,NaN,NaN,NaN,NaN
NaN,NaN,0.072322937475595,0.101587710853588,0.104043156573122,0.141699789329626,0.253512215989758,0.232255796363461,-0.26320664632658,NaN,NaN,NaN,NaN,NaN,NaN,NaN,NaN,NaN
NaN,NaN,0.0692801203598113,0.100601365741265,0.104341142544096,0.143338842555143,0.253840283679892,0.235827101787436,-0.249693453792133,NaN,NaN,NaN,NaN,NaN,NaN,NaN,NaN,NaN
NaN,NaN,0.0685566503573985,0.0997424069306968,0.10322983256871,0.143468389525272,0.251556941497256,0.232549814900267,-0.24064036506752,NaN,NaN,NaN,NaN,NaN,NaN,NaN,NaN,NaN
NaN,NaN,0.0614672366549106,0.0979151706657528,0.0979378714352303,0.139339128746845,0.248890378701617,0.235660003891098,-0.228892848375835,NaN,NaN,NaN,NaN,NaN,NaN,NaN,NaN,NaN
NaN,NaN,0.0602642845381827,0.0990052092335342,0.100590520271605,0.140473367884018,0.251535725969006,0.241926892122137,-0.213219285491505,NaN,NaN,NaN,NaN,NaN,NaN,NaN,NaN,NaN
NaN,NaN,0.0600162174572082,0.0987792703769325,0.0996694422453099,0.142115308209516,0.248930816727807,0.24558641242038,-0.201630726936855,NaN,NaN,NaN,NaN,NaN,NaN,NaN,NaN,NaN
NaN,NaN,0.0559945989419551,0.0976335014662861,0.105303161510771,0.140759079023458,0.24881328381889,0.251301529278862,-0.184973445269861,NaN,NaN,NaN,NaN,NaN,NaN,NaN,NaN,NaN
NaN,NaN,0.0556884918381305,0.0988636668286442,0.104847130098885,0.140664140000202,0.246907164531876,0.250662381222355,-0.178498574081459,NaN,NaN,NaN,NaN,NaN,NaN,NaN,NaN,NaN
NaN,NaN,0.0493526112307639,0.0972419920823692,0.0994672893672638,0.13615599857197,0.244094365465571,0.253316315283882,-0.170929678264656,NaN,NaN,NaN,NaN,NaN,NaN,NaN,NaN,NaN
NaN,NaN,0.0441225830484958,0.095807475920689,0.102044352063482,0.137502486123897,0.248047587650944,0.255767668058979,-0.160520975026884,NaN,NaN,NaN,NaN,NaN,NaN,NaN,NaN,NaN
NaN,NaN,0.0448809590210052,0.0927120018265365,0.099877276191061,0.134204207225897,0.245066275077988,0.253424441834795,-0.153440148118534,NaN,NaN,NaN,NaN,NaN,NaN,NaN,NaN,NaN
NaN,NaN,0.0401000145842166,0.0903128031156181,0.101483323344534,0.135376742347338,0.245350160825183,0.255819859376061,-0.140123222503462,NaN,NaN,NaN,NaN,NaN,NaN,NaN,NaN,NaN
NaN,NaN,0.0366380836834045,0.0924553293249725,0.100983128616159,0.134741245075323,0.243100458013942,0.254482014497626,-0.135877527776756,NaN,NaN,NaN,NaN,NaN,NaN,NaN,NaN,NaN
NaN,NaN,0.0320452664066882,0.0876632276437401,0.0979407399087601,0.130987772955753,0.239526060599019,0.255957620611298,-0.12759913179616,NaN,NaN,NaN,NaN,NaN,NaN,NaN,NaN,NaN
NaN,NaN,0.030777829514894,0.0844950172565101,0.0994592986195736,0.133667206629373,0.239005935567548,0.256603921225178,-0.120230935994186,NaN,NaN,NaN,NaN,NaN,NaN,NaN,NaN,NaN
NaN,NaN,0.0306504804660411,0.0809832233450531,0.0955246283798867,0.128021436049797,0.234829885142972,0.254934171607601,-0.114067126545706,NaN,NaN,NaN,NaN,NaN,NaN,NaN,NaN,NaN
NaN,NaN,0.0241637628544898,0.0764922555050968,0.0972593098073654,0.12306514219866,0.235295490550925,0.256094748547184,-0.106019549552002,NaN,NaN,NaN,NaN,NaN,NaN,NaN,NaN,NaN
NaN,NaN,0.0222485538591476,0.077489515717995,0.0950671999841385,0.121984603121139,0.230564185607363,0.25446659179579,-0.10254625651578,NaN,NaN,NaN,NaN,NaN,NaN,NaN,NaN,NaN
NaN,NaN,0.017063117401752,0.072425207074654,0.0927164300471001,0.117577230795481,0.228102029490401,0.25347342940222,-0.0990363811288262,NaN,NaN,NaN,NaN,NaN,NaN,NaN,NaN,NaN
NaN,NaN,0.0163443412651153,0.0696567017099975,0.0959859310775452,0.11878819228635,0.230302297699382,0.253833981623757,-0.0904275705252076,NaN,NaN,NaN,NaN,NaN,NaN,NaN,NaN,NaN
NaN,NaN,0.0167132008840175,0.0642867329976677,0.0944462685971909,0.117713427408792,0.225144130366971,0.248946940919268,-0.0888470602367306,NaN,NaN,NaN,NaN,NaN,NaN,NaN,NaN,NaN
NaN,NaN,0.00741761438742591,0.0613640378675579,0.0971123471050911,0.114288917049028,0.223086410391261,0.25029523523699,-0.0847934601042653,NaN,NaN,NaN,NaN,NaN,NaN,NaN,NaN,NaN
NaN,NaN,0.00507405288711501,0.0610518771669983,0.0982150516598874,0.114287426932909,0.216089644658496,0.249188637753832,-0.0844413829181576,NaN,NaN,NaN,NaN,NaN,NaN,NaN,NaN,NaN
NaN,NaN,-0.00119659788712549,0.0539296436569809,0.0952396436720543,0.109076043828585,0.209511843699147,0.248174539228785,-0.0852045831416035,NaN,NaN,NaN,NaN,NaN,NaN,NaN,NaN,NaN
NaN,NaN,-0.00272191799983072,0.0478817838690399,0.0935296050398999,0.108008282496788,0.208752573656966,0.252876693775761,-0.0773475361202145,NaN,NaN,NaN,NaN,NaN,NaN,NaN,NaN,NaN
NaN,NaN,-0.00657556317552614,0.0450764167568802,0.0934500700920277,0.100517468764641,0.20220613964193,0.256055856516468,-0.0797840622399235,NaN,NaN,NaN,NaN,NaN,NaN,NaN,NaN,NaN
NaN,NaN,-0.0127725277076631,0.0416280831656574,0.0923772423654251,0.0970769955359477,0.199450151252677,0.262394847741234,-0.0797766861651326,NaN,NaN,NaN,NaN,NaN,NaN,NaN,NaN,NaN
NaN,NaN,-0.0153395879994302,0.0423942636213421,0.0888337834864312,0.0953120833776969,0.194976673650672,0.264960008134949,-0.0870995079312706,NaN,NaN,NaN,NaN,NaN,NaN,NaN,NaN,NaN
NaN,NaN,-0.0176599409411817,0.038520241107714,0.0831706530540638,0.0905409178279418,0.194110562282731,0.266625455042231,-0.0888596703443909,NaN,NaN,NaN,NaN,NaN,NaN,NaN,NaN,NaN
NaN,NaN,-0.0188782971332936,0.0338983665666698,0.0816744274585896,0.0913209377370852,0.195765597003628,0.274559298923123,-0.0866490644548321,NaN,NaN,NaN,NaN,NaN,NaN,NaN,NaN,NaN
NaN,NaN,-0.0180493082831769,0.0333115588388561,0.0819326459556275,0.0918031393133181,0.193714563924004,0.277781097611296,-0.0910743181739235,NaN,NaN,NaN,NaN,NaN,NaN,NaN,NaN,NaN
NaN,NaN,-0.0226149681936173,0.0311406086645244,0.0829926214307003,0.0939287899576205,0.192159199345042,0.282469394078362,-0.0943854865763569,NaN,NaN,NaN,NaN,NaN,NaN,NaN,NaN,NaN
NaN,NaN,-0.0234360966812043,0.0283616724870323,0.0802300765305214,0.0936158283196467,0.189852425086428,0.282862598469364,-0.0995247480605031,NaN,NaN,NaN,NaN,NaN,NaN,NaN,NaN,NaN
NaN,NaN,-0.0225996199975877,0.022553143974316,0.0746731541245633,0.090484591438629,0.185785469788243,0.284913594296086,-0.101578221205273,NaN,NaN,NaN,NaN,NaN,NaN,NaN,NaN,NaN
NaN,NaN,-0.0254521492849259,0.01593980374552,0.0721720314710789,0.0893463103614825,0.184663468229701,0.291625803729403,-0.0995961059961701,NaN,NaN,NaN,NaN,NaN,NaN,NaN,NaN,NaN
NaN,NaN,-0.0228049766252904,0.0142222772798656,0.0763113877862149,0.0872214606545943,0.183455393838813,0.294584261646378,-0.0999815617833519,NaN,NaN,NaN,NaN,NaN,NaN,NaN,NaN,NaN
NaN,NaN,-0.02671746276125,0.0106899011395096,0.0733011297076397,0.0871531388305205,0.179445342349936,0.299845712652314,-0.100570325288572,NaN,NaN,NaN,NaN,NaN,NaN,NaN,NaN,NaN
NaN,NaN,-0.0237550001572041,0.0106863807401775,0.0670838995962792,0.087221106752016,0.181108609962394,0.303149635365116,-0.0986548927758122,NaN,NaN,NaN,NaN,NaN,NaN,NaN,NaN,NaN
NaN,NaN,-0.0277440037558942,0.00500982063628423,0.0646115920632534,0.08287592814789,0.178491034734179,0.305742977579939,-0.0946569112275029,NaN,NaN,NaN,NaN,NaN,NaN,NaN,NaN,NaN
NaN,NaN,-0.0291927505265145,-0.00272591230653537,0.0605486973314934,0.0846371150158423,0.177878466623952,0.309722518941271,-0.0869482983980561,NaN,NaN,NaN,NaN,NaN,NaN,NaN,NaN,NaN
NaN,NaN,-0.0301134001444249,-0.000595567796456938,0.0620941898911648,0.0849303512416858,0.175819629061152,0.309666453322279,-0.0855390955839539,NaN,NaN,NaN,NaN,NaN,NaN,NaN,NaN,NaN
NaN,NaN,-0.0355895955096154,-0.00337169137977374,0.0591671361714058,0.0831922798000354,0.172528279203107,0.311496800204623,-0.0794147183332825,NaN,NaN,NaN,NaN,NaN,NaN,NaN,NaN,NaN
NaN,NaN,-0.0345108818243413,-0.00379348737381709,0.055911493220871,0.0857047832153815,0.172947691011359,0.315518325587618,-0.0703231846127892,NaN,NaN,NaN,NaN,NaN,NaN,NaN,NaN,NaN
NaN,NaN,-0.0359475400279431,-0.00954470229529155,0.0533270171969586,0.082617970421173,0.17043740414374,0.318494441380608,-0.0632637594972039,NaN,NaN,NaN,NaN,NaN,NaN,NaN,NaN,NaN
NaN,NaN,-0.0373613435755639,-0.01297088903569,0.0517282902389221,0.0846360719345588,0.172665928679635,0.324322583546746,-0.0526624214980984,NaN,NaN,NaN,NaN,NaN,NaN,NaN,NaN,NaN
NaN,NaN,-0.0379378881286054,-0.0119957570471646,0.0555285520046406,0.0827866143129844,0.169563786315848,0.323280638476717,-0.051359221819439,NaN,NaN,NaN,NaN,NaN,NaN,NaN,NaN,NaN
NaN,NaN,-0.0416062559913068,-0.0159446578957917,0.0458021170585804,0.0788590221248645,0.164803163337638,0.32437905894767,-0.0443297480378533,NaN,NaN,NaN,NaN,NaN,NaN,NaN,NaN,NaN
NaN,NaN,-0.0443180810640721,-0.0178707261123539,0.0427784665613823,0.0774080029271621,0.167789784449269,0.327042287608492,-0.0337353577051545,NaN,NaN,NaN,NaN,NaN,NaN,NaN,NaN,NaN
NaN,NaN,-0.0467397432754903,-0.0256656166651131,0.0378498143642598,0.0771472884856242,0.162527439373662,0.326473398527014,-0.0237405528459931,NaN,NaN,NaN,NaN,NaN,NaN,NaN,NaN,NaN
NaN,NaN,-0.0495684120784669,-0.0294775572159172,0.0344628549307042,0.0799575543545264,0.163745050507714,0.327928347905981,-0.0114537072513485,NaN,NaN,NaN,NaN,NaN,NaN,NaN,NaN,NaN
NaN,NaN,-0.0513634245823293,-0.0287934635319592,0.0352129048793965,0.0792975074194449,0.159419299292495,0.326636938771117,-0.00610586676339153,NaN,NaN,NaN,NaN,NaN,NaN,NaN,NaN,NaN
NaN,NaN,-0.0546171862612634,-0.0336286854483963,0.027843721875494,0.0738659596584815,0.150648494440247,0.327006804218399,0.00568605538865086,NaN,NaN,NaN,NaN,NaN,NaN,NaN,NaN,NaN
NaN,NaN,-0.0585165221224694,-0.0356992390491844,0.02361015296871,0.0739346353851336,0.151257542151143,0.330454709401238,0.0198292876448249,NaN,NaN,NaN,NaN,NaN,NaN,NaN,NaN,NaN
NaN,NaN,-0.0578980308006673,-0.0360980872549893,0.0187573104291611,0.0754532499753016,0.146207017081906,0.331861267259228,0.0309232766594505,NaN,NaN,NaN,NaN,NaN,NaN,NaN,NaN,NaN
NaN,NaN,-0.059423369539824,-0.0380827915408493,0.0209922797172718,0.0730476251386184,0.149310761320521,0.334417691847193,0.0444497684802627,NaN,NaN,NaN,NaN,NaN,NaN,NaN,NaN,NaN
NaN,NaN,-0.0572236414979367,-0.0374093708135964,0.0196905329018288,0.0719814843081015,0.144388144093682,0.332190042754519,0.0501810158457374,NaN,NaN,NaN,NaN,NaN,NaN,NaN,NaN,NaN
NaN,NaN,-0.0604373376797109,-0.039075488273132,0.0105483538597279,0.0625005273662585,0.13918689377897,0.331106914600241,0.0568190733756637,NaN,NaN,NaN,NaN,NaN,NaN,NaN,NaN,NaN
NaN,NaN,-0.0659110371004014,-0.0418022517599942,0.00246514446431926,0.062455823882677,0.140043002742459,0.330523273369181,0.0685708368982887,NaN,NaN,NaN,NaN,NaN,NaN,NaN,NaN,NaN
NaN,NaN,-0.0639414947460561,-0.0424865875878216,-0.00407909162944028,0.0604481718085784,0.135419507700135,0.325681737085688,0.0731553467776393,NaN,NaN,NaN,NaN,NaN,NaN,NaN,NaN,NaN
NaN,NaN,-0.066474002970305,-0.0483921226599099,-0.00527934291070172,0.0623688011013049,0.136258107799222,0.323859846612322,0.0870999651815509,NaN,NaN,NaN,NaN,NaN,NaN,NaN,NaN,NaN
NaN,NaN,-0.0658288385699658,-0.0478897858896138,-0.00517317213719555,0.0606252348564643,0.132014275717665,0.320994446447003,0.0950057576264953,NaN,NaN,NaN,NaN,NaN,NaN,NaN,NaN,NaN
NaN,NaN,-0.0690029349158673,-0.0489510652162911,-0.0122723088473625,0.0566465316854495,0.126400617140462,0.320018252750742,0.107603832599125,NaN,NaN,NaN,NaN,NaN,NaN,NaN,NaN,NaN
NaN,NaN,-0.0701387759278684,-0.0505914781727673,-0.0207382545680351,0.0607527701698321,0.125768454003264,0.319714529832709,0.118696797158918,NaN,NaN,NaN,NaN,NaN,NaN,NaN,NaN,NaN
NaN,NaN,-0.069255509598103,-0.0523935128488423,-0.0221067772120781,0.0554725995801467,0.11926635094278,0.315071439763415,0.125919296857319,NaN,NaN,NaN,NaN,NaN,NaN,NaN,NaN,NaN
NaN,NaN,-0.071861722690907,-0.0600187164285065,-0.022446076652462,0.0514615981422442,0.117679116505315,0.310806056877482,0.13857893225213,NaN,NaN,NaN,NaN,NaN,NaN,NaN,NaN,NaN
NaN,NaN,-0.0712152544389634,-0.0573306028284909,-0.024681548854763,0.0488911105834025,0.112730776148965,0.309110304733622,0.145698800202808,NaN,NaN,NaN,NaN,NaN,NaN,NaN,NaN,NaN
NaN,NaN,-0.0737403865884213,-0.0558808502294899,-0.0320074253589458,0.0457234403632659,0.111729995536734,0.309537558277952,0.157707347985706,NaN,NaN,NaN,NaN,NaN,NaN,NaN,NaN,NaN
NaN,NaN,-0.0733864467571645,-0.0545298364498497,-0.0357923389286346,0.049874531342842,0.11209015660279,0.309066960980999,0.169410831746063,NaN,NaN,NaN,NaN,NaN,NaN,NaN,NaN,NaN
NaN,NaN,-0.0672390285859971,-0.0560239386298539,-0.0355147302955932,0.048623634739973,0.108209056037595,0.304660501351464,0.17697803255578,NaN,NaN,NaN,NaN,NaN,NaN,NaN,NaN,NaN
NaN,NaN,-0.0703050542603402,-0.0594219249226929,-0.0361791916996784,0.0450655540965575,0.109096289801528,0.30119443537842,0.188036072519026,NaN,NaN,NaN,NaN,NaN,NaN,NaN,NaN,NaN
NaN,NaN,-0.0681938391159444,-0.0550060216822506,-0.0358929217666931,0.0435073024176139,0.107737881320645,0.30162804054271,0.196276191141806,NaN,NaN,NaN,NaN,NaN,NaN,NaN,NaN,NaN
NaN,NaN,-0.0680716495941548,-0.0529188346602799,-0.042829859337265,0.0414142108105201,0.103216999399592,0.302014800181496,0.206249724593363,NaN,NaN,NaN,NaN,NaN,NaN,NaN,NaN,NaN
NaN,NaN,-0.0662787418793111,-0.0541423131265522,-0.0462443672925777,0.0428426361225623,0.102098760384251,0.303428845872986,0.216622907188139,NaN,NaN,NaN,NaN,NaN,NaN,NaN,NaN,NaN
NaN,NaN,-0.0616073582302003,-0.0582048725821854,-0.043886966338808,0.0378227329395789,0.0989043984591262,0.300172606876004,0.222064122077427,NaN,NaN,NaN,NaN,NaN,NaN,NaN,NaN,NaN
NaN,NaN,-0.0626290749739079,-0.0631556716301323,-0.0460945547432251,0.0321647806607264,0.0982999701082008,0.298761932572233,0.227661873665056,NaN,NaN,NaN,NaN,NaN,NaN,NaN,NaN,NaN
NaN,NaN,-0.0613988351057439,-0.0562203359343888,-0.0489431724757499,0.0308886638425368,0.0983414698421257,0.299032630791771,0.229357122894726,NaN,NaN,NaN,NaN,NaN,NaN,NaN,NaN,NaN
NaN,NaN,-0.0609401401112943,-0.0525170993544937,-0.0526149862319774,0.0281896165154952,0.09605913348787,0.297904706021654,0.234525404390297,NaN,NaN,NaN,NaN,NaN,NaN,NaN,NaN,NaN
NaN,NaN,-0.0592710237930684,-0.0557468329110028,-0.0535042502791233,0.0318955539308566,0.0971486505150096,0.297073705514777,0.242051645633182,NaN,NaN,NaN,NaN,NaN,NaN,NaN,NaN,NaN
NaN,NaN,-0.0530247177909284,-0.0561887640991093,-0.0490709313065357,0.0314683562658805,0.0956397030531662,0.292271396538126,0.24246325295826,NaN,NaN,NaN,NaN,NaN,NaN,NaN,NaN,NaN
NaN,NaN,-0.0519360389541058,-0.0570308287181736,-0.0489802949935741,0.028616385772087,0.0962599825143116,0.290052632262814,0.243506054845056,NaN,NaN,NaN,NaN,NaN,NaN,NaN,NaN,NaN
NaN,NaN,-0.0510592732559113,-0.0499937553443791,-0.0481261045545883,0.0295683837078589,0.0941738199471729,0.28850062044512,0.240757423904142,NaN,NaN,NaN,NaN,NaN,NaN,NaN,NaN,NaN
NaN,NaN,-0.0479298431406884,-0.0496273544170739,-0.0533124350816555,0.0239000751219767,0.0881410475849407,0.287912713756668,0.242556292083464,NaN,NaN,NaN,NaN,NaN,NaN,NaN,NaN,NaN
NaN,NaN,-0.0479716781507401,-0.0537208524086357,-0.0549831346482582,0.0222392289482135,0.0867206502734916,0.288789088299382,0.245425827321014,NaN,NaN,NaN,NaN,NaN,NaN,NaN,NaN,NaN
NaN,NaN,-0.0428176086376576,-0.0557053704299809,-0.0486183457881755,0.0164469054482955,0.0841006349801319,0.284574909528601,0.243628765907488,NaN,NaN,NaN,NaN,NaN,NaN,NaN,NaN,NaN
NaN,NaN,-0.0439155820737748,-0.0560273845233799,-0.0559808977753467,0.0127296245239753,0.0833998892485397,0.283015223612892,0.239163856473169,NaN,NaN,NaN,NaN,NaN,NaN,NaN,NaN,NaN
NaN,NaN,-0.043860578162518,-0.0483639967181565,-0.0554512173742599,0.011303732409336,0.0828868050157325,0.283590762337553,0.235710773136816,NaN,NaN,NaN,NaN,NaN,NaN,NaN,NaN,NaN
NaN,NaN,-0.0418231610189347,-0.0516610648968102,-0.0610044889957256,0.00465179817304791,0.0789966333686607,0.282482283582794,0.237306892391643,NaN,NaN,NaN,NaN,NaN,NaN,NaN,NaN,NaN
NaN,NaN,-0.0414153534899621,-0.0562322009839894,-0.0637749687642402,0.00305115269050778,0.0789945285796421,0.27925422640692,0.237703728940687,NaN,NaN,NaN,NaN,NaN,NaN,NaN,NaN,NaN
NaN,NaN,-0.0390413377414613,-0.0562213231363179,-0.0603662536353416,0.00267920108065785,0.0762920167326229,0.272658991088974,0.236675865467987,NaN,NaN,NaN,NaN,NaN,NaN,NaN,NaN,NaN
NaN,NaN,-0.0416461165975003,-0.056591579739082,-0.0625141815156288,0.00102211745009602,0.0754279356478946,0.267578645070898,0.234223395105801,NaN,NaN,NaN,NaN,NaN,NaN,NaN,NaN,NaN
NaN,NaN,-0.0374094929526715,-0.0509920586385609,-0.061481903573925,0.000590728833534135,0.073132244127919,0.270371904989588,0.240721605237923,NaN,NaN,NaN,NaN,NaN,NaN,NaN,NaN,NaN
NaN,NaN,-0.0351543139646916,-0.0529070441164852,-0.0634627708107776,-0.00396319641246616,0.0690591793536441,0.265713820626843,0.245595234897337,NaN,NaN,NaN,NaN,NaN,NaN,NaN,NaN,NaN
NaN,NaN,-0.0332270722816853,-0.054549748126495,-0.0608295866162128,-0.00594041286482631,0.0703331168770092,0.267006496360409,0.252388860550127,NaN,NaN,NaN,NaN,NaN,NaN,NaN,NaN,NaN
NaN,NaN,-0.0293018270264535,-0.0528682079651238,-0.0566023134500332,-0.00777500657810985,0.0692378442763584,0.260258859416354,0.253108474877081,NaN,NaN,NaN,NaN,NaN,NaN,NaN,NaN,NaN
NaN,NaN,-0.0286692541073232,-0.0502874386050583,-0.0590563670605964,-0.0102745087303144,0.0699631769239204,0.259960649927962,0.253887898739777,NaN,NaN,NaN,NaN,NaN,NaN,NaN,NaN,NaN
NaN,NaN,-0.0263188753257661,-0.0449214559533478,-0.0566210702866859,-0.0126889066256505,0.0707377392827766,0.262383969893563,0.263346652951441,NaN,NaN,NaN,NaN,NaN,NaN,NaN,NaN,NaN
NaN,NaN,-0.0243749443422227,-0.0474789049961449,-0.0590660341889209,-0.0172385291613561,0.066924606639077,0.258462300917017,0.270668804165325,NaN,NaN,NaN,NaN,NaN,NaN,NaN,NaN,NaN
NaN,NaN,-0.0233460564146905,-0.0480208602287651,-0.0593581714541263,-0.0164378338910562,0.067058847474982,0.256532768180477,0.277391016003094,NaN,NaN,NaN,NaN,NaN,NaN,NaN,NaN,NaN
NaN,NaN,-0.0218270320425897,-0.0444353800752045,-0.0569135614544696,-0.0178373882032853,0.0660941462992923,0.250304939618218,0.277303117778501,NaN,NaN,NaN,NaN,NaN,NaN,NaN,NaN,NaN
NaN,NaN,-0.0188389580677419,-0.041700812105167,-0.058003786286766,-0.0209843830622655,0.0638628091692226,0.249891916682827,0.282311062779627,NaN,NaN,NaN,NaN,NaN,NaN,NaN,NaN,NaN
NaN,NaN,-0.0172735165785222,-0.0373042803742768,-0.0552641705483741,-0.0225494520224553,0.0623184341966407,0.25149833636533,0.292683127787313,NaN,NaN,NaN,NaN,NaN,NaN,NaN,NaN,NaN
NaN,NaN,-0.0126535978148847,-0.0357533675172211,-0.0542641722471065,-0.0242733673609716,0.0597693856834667,0.251551850160467,0.301825269576511,NaN,NaN,NaN,NaN,NaN,NaN,NaN,NaN,NaN
NaN,NaN,-0.0107151243816285,-0.0328022297956826,-0.0501621433407611,-0.0238493734456521,0.0630039062380092,0.249985961636412,0.306520364698372,NaN,NaN,NaN,NaN,NaN,NaN,NaN,NaN,NaN
NaN,NaN,-0.00384304411515283,-0.0282010678686978,-0.0480794266671486,-0.0229643934823495,0.0643092479585903,0.247511716952431,0.30746295627614,NaN,NaN,NaN,NaN,NaN,NaN,NaN,NaN,NaN
NaN,NaN,-0.0012244071792035,-0.0231015552320362,-0.0482573651582546,-0.0266623960293752,0.0668098676978843,0.249514433016884,0.311691924449406,NaN,NaN,NaN,NaN,NaN,NaN,NaN,NaN,NaN
NaN,NaN,-0.000822895390835278,-0.0195357818641545,-0.0437241152734108,-0.0256200039245111,0.0680904921173351,0.250406807681429,0.324551645186148,NaN,NaN,NaN,NaN,NaN,NaN,NaN,NaN,NaN
NaN,NaN,0.00408416874900771,-0.0176872369387032,-0.0421039120168037,-0.0220515669740659,0.0654849309503334,0.245272184183705,0.32859971326252,NaN,NaN,NaN,NaN,NaN,NaN,NaN,NaN,NaN
NaN,NaN,0.00526175163880301,-0.0151976254322411,-0.0418687530667133,-0.0202927642919046,0.0658930551289814,0.242543371787178,0.333546395864687,NaN,NaN,NaN,NaN,NaN,NaN,NaN,NaN,NaN
NaN,NaN,0.00928724445596648,-0.0124188755192639,-0.0389504910320587,-0.0209281498052102,0.0639226373314159,0.239944292625296,0.338092442121706,NaN,NaN,NaN,NaN,NaN,NaN,NaN,NaN,NaN
NaN,NaN,0.0085671272148223,-0.0110899899639965,-0.0377740816087074,-0.0269264818586331,0.0612271476566093,0.243062975278008,0.347074843462906,NaN,NaN,NaN,NaN,NaN,NaN,NaN,NaN,NaN
NaN,NaN,0.00818938277855826,-0.00820868280910266,-0.0344375812322445,-0.0273576097048741,0.056841661411454,0.244485421499121,0.359525005784235,NaN,NaN,NaN,NaN,NaN,NaN,NaN,NaN,NaN
NaN,NaN,0.0108468186129661,-0.005905726973045,-0.0319492363244838,-0.0293808521188718,0.0531450558482902,0.239442868551123,0.363248656954966,NaN,NaN,NaN,NaN,NaN,NaN,NaN,NaN,NaN
NaN,NaN,0.0124235477317901,-0.008615987423885,-0.0349185720891304,-0.0298095771528703,0.0516226042091148,0.23579657303344,0.3669249224331,NaN,NaN,NaN,NaN,NaN,NaN,NaN,NaN,NaN
NaN,NaN,0.0132487367858024,-0.00537429568551791,-0.035665418288166,-0.0337559634305459,0.0512133810698288,0.236019289513934,0.36950625058671,NaN,NaN,NaN,NaN,NaN,NaN,NaN,NaN,NaN
NaN,NaN,0.0106144908835025,-0.00421885964654697,-0.0332561985463447,-0.0390450374640447,0.0514806147693889,0.236608667692053,0.379665061351261,NaN,NaN,NaN,NaN,NaN,NaN,NaN,NaN,NaN
NaN,NaN,0.0131168801356883,-0.00105832335733188,-0.0299633399457283,-0.0362450906492692,0.0517265025555389,0.235637447258341,0.386164407696924,NaN,NaN,NaN,NaN,NaN,NaN,NaN,NaN,NaN
NaN,NaN,0.018688312547359,0.00247273030496823,-0.0291447074026413,-0.0315563471473676,0.0490741517423885,0.229097551127779,0.385771892484627,NaN,NaN,NaN,NaN,NaN,NaN,NaN,NaN,NaN
NaN,NaN,0.0187294956316085,-0.000996762935149793,-0.0322958000809497,-0.0314399131990892,0.0480686027585762,0.225831998905051,0.387157253440819,NaN,NaN,NaN,NaN,NaN,NaN,NaN,NaN,NaN
NaN,NaN,0.019048007952127,0.000703291919004791,-0.0288866751701183,-0.0356835962690335,0.0468631174444454,0.22409754099499,0.390850618001423,NaN,NaN,NaN,NaN,NaN,NaN,NaN,NaN,NaN
NaN,NaN,0.0205226454903216,-4.78756167770697e-05,-0.0277219631583042,-0.0373332851983529,0.0416756134509342,0.22091597544204,0.397841497775516,NaN,NaN,NaN,NaN,NaN,NaN,NaN,NaN,NaN
NaN,NaN,0.0202436957527728,0.00159816252804982,-0.0255465240091629,-0.0384010279036981,0.0389308009325759,0.218704773506033,0.400624271002016,NaN,NaN,NaN,NaN,NaN,NaN,NaN,NaN,NaN
NaN,NaN,0.024203195052299,0.00208192872620809,-0.0243490294427223,-0.0391807311631662,0.0338096816121833,0.213763026913512,0.400257627930841,NaN,NaN,NaN,NaN,NaN,NaN,NaN,NaN,NaN
NaN,NaN,0.0184069227446647,-0.00155153316639674,-0.0286398001820392,-0.0444739402688962,0.0280148807942169,0.213205481340992,0.397985945906839,NaN,NaN,NaN,NaN,NaN,NaN,NaN,NaN,NaN
NaN,NaN,0.0188296873141856,0.000872736748230333,-0.0277653441638298,-0.0463369765736085,0.0300426866888301,0.211616682281601,0.402537300702534,NaN,NaN,NaN,NaN,NaN,NaN,NaN,NaN,NaN
NaN,NaN,0.0192487452198596,0.00256101968504178,-0.0250152976126022,-0.0492269264019948,0.0251261603116291,0.205384476503241,0.404920946326456,NaN,NaN,NaN,NaN,NaN,NaN,NaN,NaN,NaN
NaN,NaN,0.0202113602329822,0.00406780647851216,-0.0255718559831924,-0.0460716055191976,0.0238342668890255,0.203077720871079,0.406916193183861,NaN,NaN,NaN,NaN,NaN,NaN,NaN,NaN,NaN
NaN,NaN,0.0243146371115775,0.00784370484567868,-0.0253264711112327,-0.0419375018633824,0.0206088546692627,0.200590121021378,0.406565270837746,NaN,NaN,NaN,NaN,NaN,NaN,NaN,NaN,NaN
NaN,NaN,0.0220160584916205,0.00493743824578511,-0.0254183181435413,-0.045147770778082,0.0187203746318119,0.199875088801491,0.405465658273897,NaN,NaN,NaN,NaN,NaN,NaN,NaN,NaN,NaN
NaN,NaN,0.0251186292637916,0.00866086589909779,-0.0187907845587082,-0.0410188452757817,0.0196825239836471,0.198411459496128,0.413833312210045,NaN,NaN,NaN,NaN,NaN,NaN,NaN,NaN,NaN
NaN,NaN,0.0298143949379058,0.0119261014721512,-0.0173314207107372,-0.0412836761630994,0.0166948597907322,0.192155039330828,0.412154901292524,NaN,NaN,NaN,NaN,NaN,NaN,NaN,NaN,NaN
NaN,NaN,0.0299668338169189,0.0129979606232761,-0.0171838060826606,-0.0387339757241231,0.0140327859699028,0.192616360654938,0.414824779596529,NaN,NaN,NaN,NaN,NaN,NaN,NaN,NaN,NaN
NaN,NaN,0.0307287301887603,0.0126719232163547,-0.0160469033629245,-0.0410459095098001,0.0101894039689796,0.189607052525389,0.411351114031277,NaN,NaN,NaN,NaN,NaN,NaN,NaN,NaN,NaN
NaN,NaN,0.0304685745407672,0.0109100471696972,-0.0187061459631271,-0.0460928024209958,0.0081415932654636,0.188182557394612,0.410193945732317,NaN,NaN,NaN,NaN,NaN,NaN,NaN,NaN,NaN
NaN,NaN,0.0297061380018325,0.0134650747738002,-0.0134578638583965,-0.0431685240425092,0.00869993977539707,0.183552319576847,0.413322239633999,NaN,NaN,NaN,NaN,NaN,NaN,NaN,NaN,NaN
NaN,NaN,0.0309794422258468,0.0136829670033573,-0.0134544365913219,-0.0415876784779054,0.0067002411960857,0.180200061222422,0.410317699876032,NaN,NaN,NaN,NaN,NaN,NaN,NaN,NaN,NaN
NaN,NaN,0.0302845079471202,0.0127024519703506,-0.0144539878577537,-0.0364765243090612,0.002209068465163,0.178452676555025,0.412244326886139,NaN,NaN,NaN,NaN,NaN,NaN,NaN,NaN,NaN
NaN,NaN,0.0307788912226291,0.0138521324358104,-0.0139171921521969,-0.0363244393326264,-0.000259625536273234,0.176597761383164,0.410155072328052,NaN,NaN,NaN,NaN,NaN,NaN,NaN,NaN,NaN
NaN,NaN,0.0306768182684512,0.0131574961803077,-0.0106652372390575,-0.0394759231664163,-0.00320221371657681,0.170752520134556,0.410389057811699,NaN,NaN,NaN,NaN,NaN,NaN,NaN,NaN,NaN
NaN,NaN,0.0320662211646171,0.0148865151665329,-0.00644751944249341,-0.0345123277462941,-0.00278244800574612,0.17000554355036,0.415536906089983,NaN,NaN,NaN,NaN,NaN,NaN,NaN,NaN,NaN
NaN,NaN,0.0344655502606959,0.0196977648398994,-0.00368052282040784,-0.0315060371018869,-0.00329273827082943,0.170811100324499,0.415734234717092,NaN,NaN,NaN,NaN,NaN,NaN,NaN,NaN,NaN
NaN,NaN,0.035890715943727,0.0200653764865516,0.00142634726459315,-0.0309827642001134,-0.00413087270862889,0.172764828821528,0.419081966843805,NaN,NaN,NaN,NaN,NaN,NaN,NaN,NaN,NaN
NaN,NaN,0.0418311942388148,0.0224868896863578,0.00285099140698245,-0.0287983471013528,-0.00187394283420872,0.170769824107992,0.415533739593229,NaN,NaN,NaN,NaN,NaN,NaN,NaN,NaN,NaN
NaN,NaN,0.0410042170454593,0.0238411630950092,0.00339227608734897,-0.0316501872099858,-0.00184311605698895,0.1635655224527,0.412572022047243,NaN,NaN,NaN,NaN,NaN,NaN,NaN,NaN,NaN
NaN,NaN,0.0398625645805926,0.0241958293578743,0.00683800197536281,-0.0288687550879937,0.00127903111570049,0.162994677593815,0.416092663523159,NaN,NaN,NaN,NaN,NaN,NaN,NaN,NaN,NaN
NaN,NaN,0.0420455101896854,0.0251286234221576,0.00516719065005115,-0.0260934696949941,-0.00183013342029881,0.160819052180159,0.413016244288883,NaN,NaN,NaN,NaN,NaN,NaN,NaN,NaN,NaN
NaN,NaN,0.0414522577096553,0.0254281926415085,0.00520433179432682,-0.0243175493039113,-0.00460452474362683,0.160006175210583,0.413380279656849,NaN,NaN,NaN,NaN,NaN,NaN,NaN,NaN,NaN
NaN,NaN,0.0418502863515945,0.0265520754716514,0.00439791820341877,-0.0222888679660779,-0.00422115511901211,0.151933750530588,0.407175268497667,NaN,NaN,NaN,NaN,NaN,NaN,NaN,NaN,NaN
NaN,NaN,0.0421557229031653,0.0268816705308078,0.00509020752603343,-0.0262892523266297,-0.0099470939458115,0.145820977559197,0.406425758716068,NaN,NaN,NaN,NaN,NaN,NaN,NaN,NaN,NaN
NaN,NaN,0.0369014244546027,0.0230874809882759,0.00521081379944614,-0.0233315580941659,-0.00966359935409855,0.143822843601811,0.409077923264704,NaN,NaN,NaN,NaN,NaN,NaN,NaN,NaN,NaN
NaN,NaN,0.0403875697423549,0.0285756531617759,0.0090491107791119,-0.0216373146928769,-0.0130388427496655,0.146114511808264,0.409014574703178,NaN,NaN,NaN,NaN,NaN,NaN,NaN,NaN,NaN
NaN,NaN,0.0412468638290496,0.0265726390740989,0.0113930820613556,-0.0207427793599588,-0.0158616255939705,0.142822323759901,0.409415192421875,NaN,NaN,NaN,NaN,NaN,NaN,NaN,NaN,NaN
NaN,NaN,0.0420254495014281,0.0310672204456447,0.0106268084734135,-0.0196833440519792,-0.0119781222165329,0.137196557989228,0.40268366735836,NaN,NaN,NaN,NaN,NaN,NaN,NaN,NaN,NaN
NaN,NaN,0.0432568628360362,0.0325518045089363,0.0111634179144554,-0.023647406832121,-0.0134939987183316,0.134056808819878,0.402239594128332,NaN,NaN,NaN,NaN,NaN,NaN,NaN,NaN,NaN
NaN,NaN,0.0370846901108356,0.0294906217119812,0.0123202509372883,-0.0200994030989629,-0.0119814563513501,0.131210687031853,0.403145081814728,NaN,NaN,NaN,NaN,NaN,NaN,NaN,NaN,NaN
NaN,NaN,0.0441435936857791,0.0339345018825649,0.0149401544719391,-0.0153728106476289,-0.0158257324219448,0.131007956733811,0.400079298284254,NaN,NaN,NaN,NaN,NaN,NaN,NaN,NaN,NaN
NaN,NaN,0.0423139173556895,0.0315834525487541,0.0120327144056015,-0.0160357260562402,-0.019175103676389,0.123338440826046,0.395095884319744,NaN,NaN,NaN,NaN,NaN,NaN,NaN,NaN,NaN
NaN,NaN,0.0420883137752147,0.0326924155912517,0.0125642574518376,-0.0174266935743314,-0.0179248217464192,0.119225068410742,0.39324156519433,NaN,NaN,NaN,NaN,NaN,NaN,NaN,NaN,NaN
NaN,NaN,0.0412358555962176,0.0299329999349235,0.01084369487459,-0.0177162417627793,-0.0222539070964558,0.115689730664599,0.392153277512989,NaN,NaN,NaN,NaN,NaN,NaN,NaN,NaN,NaN
NaN,NaN,0.0388072829712958,0.028501575764191,0.00995886392289928,-0.0140943468965512,-0.023689633977483,0.116834214350092,0.392268109586439,NaN,NaN,NaN,NaN,NaN,NaN,NaN,NaN,NaN
NaN,NaN,0.0435335587729545,0.031633278306496,0.0153593800156765,-0.013895211503647,-0.0245317358494503,0.114006327858078,0.389935090657673,NaN,NaN,NaN,NaN,NaN,NaN,NaN,NaN,NaN
NaN,NaN,0.0410017024745078,0.0282750408611416,0.0110187462657147,-0.0188173630691987,-0.0293749857664807,0.105691479911911,0.384096424546442,NaN,NaN,NaN,NaN,NaN,NaN,NaN,NaN,NaN
NaN,NaN,0.0406878467668624,0.0324536431095718,0.00880702278906635,-0.0182899737216455,-0.0250524196744664,0.103314558436978,0.382579542216263,NaN,NaN,NaN,NaN,NaN,NaN,NaN,NaN,NaN
NaN,NaN,0.0364010807146163,0.0311068761608719,0.0121351412623577,-0.0157990024842244,-0.0251704182446701,0.100708363970625,0.382213476565084,NaN,NaN,NaN,NaN,NaN,NaN,NaN,NaN,NaN
NaN,NaN,0.0408414218594165,0.0318613033256649,0.0140019028573685,-0.00736440508141338,-0.0225777093291981,0.102894587835181,0.384654808309278,NaN,NaN,NaN,NaN,NaN,NaN,NaN,NaN,NaN
NaN,NaN,0.0461462538708778,0.0385835337898849,0.0203418999105149,-0.00174433900489627,-0.0213047776342137,0.0973029270971892,0.38278046574851,NaN,NaN,NaN,NaN,NaN,NaN,NaN,NaN,NaN
NaN,NaN,0.0462818916906447,0.0379345695934414,0.020381443867033,-0.00435334606542407,-0.0241680730105145,0.0924863502586959,0.379201635238132,NaN,NaN,NaN,NaN,NaN,NaN,NaN,NaN,NaN
NaN,NaN,0.0449849691261382,0.0428515988848327,0.0213677331000023,-0.00143374292626201,-0.0216673042596085,0.0917933903838275,0.381206884499989,NaN,NaN,NaN,NaN,NaN,NaN,NaN,NaN,NaN
NaN,NaN,0.0457875829209418,0.0420991088709949,0.0230999558358841,0.00107250200138272,-0.0239805232704384,0.0932418205047725,0.380765791502199,NaN,NaN,NaN,NaN,NaN,NaN,NaN,NaN,NaN
NaN,NaN,0.0469670284558864,0.0412194746992706,0.0243713042824917,0.0040487481795329,-0.0223821688414318,0.0943888932670234,0.382607947554789,NaN,NaN,NaN,NaN,NaN,NaN,NaN,NaN,NaN
NaN,NaN,0.04874320961729,0.0444925706348537,0.0291066325395756,0.00149340392575444,-0.0242343086720211,0.0897866696323035,0.379905472960672,NaN,NaN,NaN,NaN,NaN,NaN,NaN,NaN,NaN
NaN,NaN,0.0467600327004523,0.0424400288126587,0.022833932855671,-0.00339741794838725,-0.0278728555858834,0.0877167679573176,0.37428708326479,NaN,NaN,NaN,NaN,NaN,NaN,NaN,NaN,NaN
NaN,NaN,0.043901561575088,0.0464940946064113,0.021682166227644,-0.00149191333427249,-0.0232754562021,0.0882026761973975,0.374052166458569,NaN,NaN,NaN,NaN,NaN,NaN,NaN,NaN,NaN
NaN,NaN,0.0469586838056178,0.0441483165583728,0.0235685973554306,0.00179423974380673,-0.0216792438150151,0.0880000390316127,0.371251344200573,NaN,NaN,NaN,NaN,NaN,NaN,NaN,NaN,NaN
NaN,NaN,0.049708525465879,0.0429936814568161,0.0241602293341809,0.00520708994493664,-0.0199350070179207,0.0814991280640242,0.370891034122906,NaN,NaN,NaN,NaN,NaN,NaN,NaN,NaN,NaN
NaN,NaN,0.0504457045365901,0.0468913595638393,0.0278617150276356,0.00655413629040898,-0.0194003533542855,0.0778385088051436,0.368456761803827,NaN,NaN,NaN,NaN,NaN,NaN,NaN,NaN,NaN
NaN,NaN,0.0486324567367168,0.0476463827750801,0.0247081822841816,0.00456039817557515,-0.0223757985950215,0.0744959734583972,0.364274639156065,NaN,NaN,NaN,NaN,NaN,NaN,NaN,NaN,NaN
NaN,NaN,0.0483188804258437,0.0482057537398456,0.0265317305117302,0.00968636037335576,-0.018811850619386,0.0774535373057006,0.366680375751457,NaN,NaN,NaN,NaN,NaN,NaN,NaN,NaN,NaN
NaN,NaN,0.0526848275233836,0.0460058766863464,0.0305004312782936,0.0140315576039332,-0.0198445197165711,0.0742568470741389,0.362874116268358,NaN,NaN,NaN,NaN,NaN,NaN,NaN,NaN,NaN
NaN,NaN,0.0521605487932296,0.0443658548853515,0.0341508804946595,0.010529970987894,-0.019488605481456,0.068740418573725,0.363202388849459,NaN,NaN,NaN,NaN,NaN,NaN,NaN,NaN,NaN
NaN,NaN,0.0485935460795493,0.0431468840203403,0.0362978584259205,0.00781473727450551,-0.0234430197597248,0.066907016953337,0.361034586545429,NaN,NaN,NaN,NaN,NaN,NaN,NaN,NaN,NaN
NaN,NaN,0.0461192455162139,0.0445377025268196,0.0275533541231804,0.00561472983584584,-0.0252464141667588,0.0659906886721728,0.355513985719881,NaN,NaN,NaN,NaN,NaN,NaN,NaN,NaN,NaN
NaN,NaN,0.0431911673416228,0.0434590633473514,0.0281069508879834,0.00819354341850461,-0.0220626693189843,0.0683246761764167,0.356675847884617,NaN,NaN,NaN,NaN,NaN,NaN,NaN,NaN,NaN
NaN,NaN,0.0458562027682395,0.0395543258152126,0.031044547179287,0.00986463414058865,-0.0219851460278733,0.0608256295527099,0.353435050215921,NaN,NaN,NaN,NaN,NaN,NaN,NaN,NaN,NaN
NaN,NaN,0.0421058598925204,0.0373158175013183,0.0300110026388817,0.00779048563466252,-0.0241634722769959,0.0556099623645423,0.351680214967928,NaN,NaN,NaN,NaN,NaN,NaN,NaN,NaN,NaN
NaN,NaN,0.0379623498787017,0.0391574892661689,0.0301098904698544,0.00575584383235158,-0.0257741387904389,0.0545442313159583,0.347776334252558,NaN,NaN,NaN,NaN,NaN,NaN,NaN,NaN,NaN
NaN,NaN,0.0375003021229835,0.0404385979733585,0.0244506343393975,0.00706790970192136,-0.029563038420747,0.0519603327120421,0.342549416687689,NaN,NaN,NaN,NaN,NaN,NaN,NaN,NaN,NaN
NaN,NaN,0.0380429465343089,0.0376917924246906,0.0238004594236069,0.00935022742972554,-0.0268717396975262,0.0517363123799441,0.341232265796862,NaN,NaN,NaN,NaN,NaN,NaN,NaN,NaN,NaN
NaN,NaN,0.0409096319247813,0.0381500776372074,0.0286229408472233,0.0102368092678565,-0.0261309470952256,0.047621542980778,0.339409257736406,NaN,NaN,NaN,NaN,NaN,NaN,NaN,NaN,NaN
NaN,NaN,0.0382348176111312,0.0351962949595569,0.0327415286689453,0.00721738697514714,-0.0253513183415635,0.0473119341040729,0.33778631639143,NaN,NaN,NaN,NaN,NaN,NaN,NaN,NaN,NaN
NaN,NaN,0.0398222383131118,0.041366362895739,0.0326108454852753,0.00919521810040654,-0.0222684916079743,0.0504482373798965,0.333772819009027,NaN,NaN,NaN,NaN,NaN,NaN,NaN,NaN,NaN
NaN,NaN,0.0414246346820922,0.0436664130053638,0.029502891668623,0.0124690590940493,-0.0223347086430294,0.0469862878526328,0.328121534999809,NaN,NaN,NaN,NaN,NaN,NaN,NaN,NaN,NaN
NaN,NaN,0.0384973015655608,0.0385286975166916,0.030362614163702,0.0118221624337214,-0.0170476276398404,0.0440894834900973,0.330143026527367,NaN,NaN,NaN,NaN,NaN,NaN,NaN,NaN,NaN
NaN,NaN,0.039437732474956,0.037450952406895,0.0332402146547489,0.0132628998302001,-0.0185669500351651,0.0368730187619803,0.328082698848448,NaN,NaN,NaN,NaN,NaN,NaN,NaN,NaN,NaN
NaN,NaN,0.0348316904176803,0.0345902647338031,0.0327989353924446,0.012860978259899,-0.019285316389869,0.0365925789083121,0.326632052179775,NaN,NaN,NaN,NaN,NaN,NaN,NaN,NaN,NaN
NaN,NaN,0.0354058507849307,0.0412673819325088,0.0326571322172337,0.016179243340351,-0.0189552742958767,0.0385201744938968,0.322471443083487,NaN,NaN,NaN,NaN,NaN,NaN,NaN,NaN,NaN
NaN,NaN,0.0372908476759524,0.0405932347736477,0.0297559878915005,0.0168760775171298,-0.0212393056572182,0.0353231489862083,0.321347224977217,NaN,NaN,NaN,NaN,NaN,NaN,NaN,NaN,NaN
NaN,NaN,0.0355066012610526,0.0380766707918762,0.0311810418158226,0.0166010765872973,-0.0173023816169007,0.0345023185218452,0.325701549169025,NaN,NaN,NaN,NaN,NaN,NaN,NaN,NaN,NaN
NaN,NaN,0.0365101013352008,0.0405611972770809,0.0377347960262947,0.0167382604025382,-0.0154239598632557,0.0335367232764838,0.327954604741535,NaN,NaN,NaN,NaN,NaN,NaN,NaN,NaN,NaN
NaN,NaN,0.0377738129366965,0.0405776816866516,0.0378738424866848,0.0188938251279372,-0.0127350639522774,0.036158079674351,0.327589172389708,NaN,NaN,NaN,NaN,NaN,NaN,NaN,NaN,NaN
NaN,NaN,0.0423537965883346,0.0506011154017566,0.0376970029562168,0.0235006867490786,-0.00902210436470341,0.0399543926323531,0.32243279319664,NaN,NaN,NaN,NaN,NaN,NaN,NaN,NaN,NaN
NaN,NaN,0.0461685683597655,0.0498033258578895,0.0364390096753292,0.0213078504942435,-0.00541181377775501,0.0383662454987643,0.322930268463097,NaN,NaN,NaN,NaN,NaN,NaN,NaN,NaN,NaN
NaN,NaN,0.0436899278332324,0.046273203518164,0.0381149060218983,0.0243152959786433,-0.000652978938887827,0.035403652509558,0.325315683599911,NaN,NaN,NaN,NaN,NaN,NaN,NaN,NaN,NaN
NaN,NaN,0.0463972266782851,0.0468414220473884,0.0427711091130429,0.0298049023889083,-3.94795060856268e-05,0.0324876629019855,0.322590894516907,NaN,NaN,NaN,NaN,NaN,NaN,NaN,NaN,NaN
NaN,NaN,0.0434360865522952,0.0473797637484192,0.0419027625709229,0.0304741321645755,0.00176294632547069,0.031242577751982,0.316983662065468,NaN,NaN,NaN,NaN,NaN,NaN,NaN,NaN,NaN
NaN,NaN,0.0447622340191932,0.0507377217970012,0.0424712418704682,0.0317619463943023,0.00134845190041233,0.0329830892587779,0.315643134978018,NaN,NaN,NaN,NaN,NaN,NaN,NaN,NaN,NaN
NaN,NaN,0.0432033304144473,0.045736854847443,0.0409499450712853,0.0290647803388614,-0.000113501024316065,0.0311643839086173,0.315958238657913,NaN,NaN,NaN,NaN,NaN,NaN,NaN,NaN,NaN
NaN,NaN,0.0358820918966861,0.043018082108271,0.0424690812020951,0.0304620808504599,0.0016546707629459,0.0300845340098022,0.320066935833893,NaN,NaN,NaN,NaN,NaN,NaN,NaN,NaN,NaN
NaN,NaN,0.0381449263562293,0.0422850194833397,0.0475681468039208,0.0329855552457351,0.00359331183426548,0.0307659268582938,0.316641661789618,NaN,NaN,NaN,NaN,NaN,NaN,NaN,NaN,NaN
NaN,NaN,0.0352172020842166,0.0436629112324833,0.043047004112547,0.0293953812263984,0.00426276512735058,0.0290328473056434,0.309028472271166,NaN,NaN,NaN,NaN,NaN,NaN,NaN,NaN,NaN
NaN,NaN,0.0363122511674495,0.0487571898362755,0.0420561327725106,0.0285233280204314,0.00503177680366207,0.0315967038477538,0.310260574784479,NaN,NaN,NaN,NaN,NaN,NaN,NaN,NaN,NaN
NaN,NaN,0.0311323095132442,0.0458744670710682,0.0433171435385399,0.0281689784072417,0.00597705059044529,0.0279414676333545,0.309336535152397,NaN,NaN,NaN,NaN,NaN,NaN,NaN,NaN,NaN
NaN,NaN,0.0298050258328052,0.0435588266215442,0.0439998961179905,0.0313483832918185,0.0105109710275428,0.0260951765085338,0.309232208397589,NaN,NaN,NaN,NaN,NaN,NaN,NaN,NaN,NaN
NaN,NaN,0.0341837506760688,0.0471484232208847,0.0470672442703896,0.0381188190125007,0.0138065490900772,0.0275106378103374,0.30238855209609,NaN,NaN,NaN,NaN,NaN,NaN,NaN,NaN,NaN
NaN,NaN,0.0340397868324847,0.0493489335737346,0.0435488752215557,0.033430038257696,0.0143065575539367,0.0244702048803447,0.295631657805643,NaN,NaN,NaN,NaN,NaN,NaN,NaN,NaN,NaN
NaN,NaN,0.033558423446569,0.0503011550269245,0.0441648147195034,0.0351940563462752,0.0130207363545196,0.0252410792018054,0.298858858164749,NaN,NaN,NaN,NaN,NaN,NaN,NaN,NaN,NaN
NaN,NaN,0.0326326515544982,0.0468418132028698,0.0427946715741806,0.0334916359327811,0.0118870187579887,0.0203227833117126,0.295083760734997,NaN,NaN,NaN,NaN,NaN,NaN,NaN,NaN,NaN
NaN,NaN,0.0316043596734138,0.0437577198705791,0.0439099303572827,0.034649605169155,0.0127824109076755,0.0199962988699554,0.291755996164284,NaN,NaN,NaN,NaN,NaN,NaN,NaN,NaN,NaN
NaN,NaN,0.0320094849933715,0.0420692134163498,0.0452916405289822,0.0324812068186778,0.0142397072195308,0.0199587665701983,0.282013225820265,NaN,NaN,NaN,NaN,NaN,NaN,NaN,NaN,NaN
NaN,NaN,0.0308793250490756,0.0432468521854995,0.0378136604219132,0.0277848450981158,0.0111041303753154,0.0182346649671672,0.276818662401638,NaN,NaN,NaN,NaN,NaN,NaN,NaN,NaN,NaN
NaN,NaN,0.0233767580260367,0.0400371793172477,0.038274292567318,0.0305421373389739,0.0133594770013588,0.018513763716328,0.280102915581665,NaN,NaN,NaN,NaN,NaN,NaN,NaN,NaN,NaN
NaN,NaN,0.0249841835369201,0.0385140012464641,0.0387354276269131,0.0341343043886203,0.0150730546592968,0.0158201925660251,0.278075687107048,NaN,NaN,NaN,NaN,NaN,NaN,NaN,NaN,NaN
NaN,NaN,0.0255870100130172,0.0370057243368744,0.0401214032560044,0.0390813595198172,0.017153107750346,0.0147710763121722,0.274244766202173,NaN,NaN,NaN,NaN,NaN,NaN,NaN,NaN,NaN
NaN,NaN,0.0264818433691592,0.0384453813991665,0.0425290211229973,0.0406194573782462,0.0208651173888939,0.0182211421633838,0.267055794116459,NaN,NaN,NaN,NaN,NaN,NaN,NaN,NaN,NaN
NaN,NaN,0.0268983680774303,0.042239403303635,0.0420031218915634,0.036632074280836,0.0176048737048404,0.0169670604373096,0.267544868853292,NaN,NaN,NaN,NaN,NaN,NaN,NaN,NaN,NaN
NaN,NaN,0.0234338853527637,0.0398152637741684,0.0417118228166752,0.0397073759280223,0.0179754283308284,0.020505806824076,0.27064989831706,NaN,NaN,NaN,NaN,NaN,NaN,NaN,NaN,NaN
NaN,NaN,0.0290144633521171,0.0420316997430442,0.0440864718645268,0.0417615941308516,0.0186551634251373,0.0189861677790759,0.266192588474951,NaN,NaN,NaN,NaN,NaN,NaN,NaN,NaN,NaN
NaN,NaN,0.0273718338479133,0.0396082866451858,0.0472585938065701,0.0391709900043982,0.0180309724091785,0.0188201315904735,0.260038949068985,NaN,NaN,NaN,NaN,NaN,NaN,NaN,NaN,NaN
NaN,NaN,0.0295460995306106,0.0388561132810234,0.0480403459757023,0.037345262482025,0.0186718154727714,0.0201394058967708,0.252906806286774,NaN,NaN,NaN,NaN,NaN,NaN,NaN,NaN,NaN
NaN,NaN,0.0281213622559638,0.0427425410113453,0.041736484238451,0.0323562792085189,0.0181653622566955,0.0201826192642329,0.249856855240068,NaN,NaN,NaN,NaN,NaN,NaN,NaN,NaN,NaN
NaN,NaN,0.02449028454915,0.0400096121690391,0.0425544834821873,0.0347511379562396,0.0203384358464973,0.0229508638585685,0.251548584070406,NaN,NaN,NaN,NaN,NaN,NaN,NaN,NaN,NaN
NaN,NaN,0.0281917516161532,0.0391049067936062,0.0420131242960148,0.0387674479328174,0.0223280761420028,0.0194369651580928,0.244002654668293,NaN,NaN,NaN,NaN,NaN,NaN,NaN,NaN,NaN
NaN,NaN,0.025983511285934,0.0350299234948276,0.0425340316384487,0.0391687175773162,0.0225264478503959,0.0197523668612121,0.240200381245813,NaN,NaN,NaN,NaN,NaN,NaN,NaN,NaN,NaN
NaN,NaN,0.026308058576736,0.0358152705690979,0.043660838821476,0.0402865281842727,0.0239637766062515,0.0213781021739123,0.238159890737734,NaN,NaN,NaN,NaN,NaN,NaN,NaN,NaN,NaN
NaN,NaN,0.0263932559658618,0.0373598504326461,0.0420145212798767,0.0411815291784781,0.0239481862663524,0.0224379472638248,0.238555050906143,NaN,NaN,NaN,NaN,NaN,NaN,NaN,NaN,NaN
NaN,NaN,0.0253330755998225,0.0376059803626655,0.0431585393040829,0.0447004383944053,0.0252105195104377,0.0238284863735316,0.239731981870136,NaN,NaN,NaN,NaN,NaN,NaN,NaN,NaN,NaN
NaN,NaN,0.0279904555548759,0.0381161216161369,0.0454208522229843,0.0475069975994605,0.028262742984225,0.0257563986087916,0.235239821937284,NaN,NaN,NaN,NaN,NaN,NaN,NaN,NaN,NaN
NaN,NaN,0.0289442230035396,0.0340260322651981,0.0490227422803097,0.0447779989384192,0.0280722875177162,0.0290147423947928,0.234115827348433,NaN,NaN,NaN,NaN,NaN,NaN,NaN,NaN,NaN
NaN,NaN,0.0288595471550555,0.0401371288559555,0.0471513426988774,0.0478870889686126,0.0318931873916881,0.0327958561683772,0.232058852430782,NaN,NaN,NaN,NaN,NaN,NaN,NaN,NaN,NaN
NaN,NaN,0.0305251430739493,0.0440929214916347,0.0485213740854912,0.0464054478846568,0.0337034177064197,0.0315851368213771,0.232038828995428,NaN,NaN,NaN,NaN,NaN,NaN,NaN,NaN,NaN
NaN,NaN,0.0279546555151076,0.0420112478993057,0.0462822510986977,0.0455379209064025,0.03434809781902,0.0300915561820148,0.230825930353603,NaN,NaN,NaN,NaN,NaN,NaN,NaN,NaN,NaN
NaN,NaN,0.0302748594452472,0.0375303197167038,0.0457951321392708,0.0479109494529742,0.0325429711519973,0.0287259578908561,0.223158090826473,NaN,NaN,NaN,NaN,NaN,NaN,NaN,NaN,NaN
NaN,NaN,0.0250729572047324,0.0333834383151649,0.0433838448613339,0.0458003117285746,0.0297189030825393,0.030116310736048,0.221023723002872,NaN,NaN,NaN,NaN,NaN,NaN,NaN,NaN,NaN
NaN,NaN,0.0234273847211928,0.0356394368670105,0.041212093749588,0.0483586920939464,0.0304106708645122,0.0310433119739173,0.220243274685345,NaN,NaN,NaN,NaN,NaN,NaN,NaN,NaN,NaN
NaN,NaN,0.0254083450903029,0.0367957297227501,0.0397240451663189,0.0459406620405692,0.029489536958863,0.0271371774579166,0.219778451588354,NaN,NaN,NaN,NaN,NaN,NaN,NaN,NaN,NaN
NaN,NaN,0.0234982583691211,0.0314874704442142,0.0371536507397347,0.0439807681880969,0.0289561498939293,0.0268906377459643,0.218872405108414,NaN,NaN,NaN,NaN,NaN,NaN,NaN,NaN,NaN
NaN,NaN,0.0243968728949161,0.0285723562798618,0.0423627986698799,0.0435838943861502,0.0286629881738918,0.0291395023668883,0.215645689037046,NaN,NaN,NaN,NaN,NaN,NaN,NaN,NaN,NaN
NaN,NaN,0.0227442223598094,0.0272097568473934,0.0404876179187947,0.0407854004345912,0.0260473500966327,0.0306168221140979,0.212532985475264,NaN,NaN,NaN,NaN,NaN,NaN,NaN,NaN,NaN
NaN,NaN,0.0194054681827159,0.0293616521618484,0.0380176386922055,0.042052632435419,0.0288606148242252,0.0308816343749641,0.210342104997835,NaN,NaN,NaN,NaN,NaN,NaN,NaN,NaN,NaN
NaN,NaN,0.0198731411267848,0.030484082128775,0.0386225513308697,0.0382302424453276,0.030413502085139,0.02731520908128,0.20755564373394,NaN,NaN,NaN,NaN,NaN,NaN,NaN,NaN,NaN
NaN,NaN,0.0168031852711768,0.022955214556229,0.0369079864710026,0.0369060880087394,0.0302586603938835,0.0238083698059199,0.206391248371801,NaN,NaN,NaN,NaN,NaN,NaN,NaN,NaN,NaN
NaN,NaN,0.0182169329394431,0.0214735734722732,0.0394685275047474,0.0410496911548156,0.0295612115442054,0.0252937548066257,0.202863063183031,NaN,NaN,NaN,NaN,NaN,NaN,NaN,NaN,NaN
NaN,NaN,0.0155435901154609,0.0225344057641147,0.0367811217098885,0.0394505916677493,0.0260889615892665,0.0242722429538844,0.198331862207851,NaN,NaN,NaN,NaN,NaN,NaN,NaN,NaN,NaN
NaN,NaN,0.0130659926702113,0.0219500008485435,0.0341911881356888,0.0397473855458278,0.0250386904954212,0.0243076518381713,0.199061013277969,NaN,NaN,NaN,NaN,NaN,NaN,NaN,NaN,NaN
NaN,NaN,0.0138113115002246,0.0207662153504013,0.0333580455868893,0.0357654599987048,0.0240524198889034,0.0211782403493999,0.194444950189791,NaN,NaN,NaN,NaN,NaN,NaN,NaN,NaN,NaN
NaN,NaN,0.0110308293272586,0.0155250299236892,0.0323139584749394,0.0341949334882277,0.0238281387864845,0.0233425408805488,0.197430453714333,NaN,NaN,NaN,NaN,NaN,NaN,NaN,NaN,NaN
NaN,NaN,0.0149483446051211,0.015149055000317,0.0363490439146214,0.0365005156539458,0.0241058964311378,0.0269660562480567,0.197964213308296,NaN,NaN,NaN,NaN,NaN,NaN,NaN,NaN,NaN
NaN,NaN,0.0146216180194945,0.0172718371710895,0.0278318940787964,0.0363815857611674,0.0239098530291812,0.0269429035688518,0.193551830467186,NaN,NaN,NaN,NaN,NaN,NaN,NaN,NaN,NaN
NaN,NaN,0.0156631719340415,0.020436173256409,0.0262129574208908,0.0356400108479041,0.0276788782357471,0.0281233363057254,0.192532963570557,NaN,NaN,NaN,NaN,NaN,NaN,NaN,NaN,NaN
NaN,NaN,0.0157666418720813,0.0212765614948391,0.0302048853724652,0.0361201821409243,0.0322794627427356,0.0264279194379924,0.190804652389488,NaN,NaN,NaN,NaN,NaN,NaN,NaN,NaN,NaN
NaN,NaN,0.0170818742384048,0.0166415739319442,0.0308030552356892,0.037321048095085,0.0337277624785202,0.0273907765949843,0.193864568587742,NaN,NaN,NaN,NaN,NaN,NaN,NaN,NaN,NaN
NaN,NaN,0.0203981649149985,0.0207446086666702,0.0347636907487564,0.0457900113008994,0.037426603215863,0.0298169650341151,0.193871758398018,NaN,NaN,NaN,NaN,NaN,NaN,NaN,NaN,NaN
NaN,NaN,0.0210305701960654,0.0226033236346363,0.030879889348095,0.0469987748704928,0.0345522064744728,0.0267222359980224,0.190165094551048,NaN,NaN,NaN,NaN,NaN,NaN,NaN,NaN,NaN
NaN,NaN,0.0209057170917125,0.0238572936020015,0.0325020670085602,0.0482737741015929,0.0359642963885562,0.0261948652769206,0.190741285201511,NaN,NaN,NaN,NaN,NaN,NaN,NaN,NaN,NaN
NaN,NaN,0.018846954034719,0.0229992661140083,0.0354463501959496,0.0457371121786612,0.0362589482247131,0.0245292321051238,0.19089566123148,NaN,NaN,NaN,NaN,NaN,NaN,NaN,NaN,NaN
NaN,NaN,0.0174901660551162,0.0168072375915168,0.0354643433480912,0.0416905342184085,0.0343169357656734,0.0263959564472316,0.19427531909605,NaN,NaN,NaN,NaN,NaN,NaN,NaN,NaN,NaN
NaN,NaN,0.0155903425087066,0.0181831176838993,0.0356475158720665,0.0440429060302752,0.0340008076309459,0.0302918277884601,0.190036329891882,NaN,NaN,NaN,NaN,NaN,NaN,NaN,NaN,NaN
NaN,NaN,0.0176586236824126,0.0209378953538059,0.0290941155641728,0.0420705324553031,0.0300446983455913,0.0284708872641204,0.184111162539921,NaN,NaN,NaN,NaN,NaN,NaN,NaN,NaN,NaN
NaN,NaN,0.0116037230958076,0.022036055054438,0.0306642136662655,0.0409828408204097,0.0367589194356697,0.0300407059694408,0.186524889883003,NaN,NaN,NaN,NaN,NaN,NaN,NaN,NaN,NaN
NaN,NaN,0.0138923365642161,0.021435426499617,0.0330092652826958,0.0397874696694392,0.0364588100492256,0.028205311318743,0.186573300030432,NaN,NaN,NaN,NaN,NaN,NaN,NaN,NaN,NaN
NaN,NaN,0.0147655818630786,0.0162965002915977,0.0314045033543759,0.04146638350115,0.034080454337527,0.0305533617938636,0.185760795589886,NaN,NaN,NaN,NaN,NaN,NaN,NaN,NaN,NaN
NaN,NaN,0.0137508127857776,0.0192461292705654,0.0292519002347641,0.0450079797349948,0.0370826285361545,0.0310396798158763,0.178528926786385,NaN,NaN,NaN,NaN,NaN,NaN,NaN,NaN,NaN
NaN,NaN,0.0143155109156699,0.0227112080416797,0.0283527269154244,0.0414998366080302,0.0318733688473003,0.026387649049866,0.173748056855402,NaN,NaN,NaN,NaN,NaN,NaN,NaN,NaN,NaN
NaN,NaN,0.0103632386793227,0.0187236573062061,0.0270351848691159,0.0399947261951941,0.0393421661137836,0.0279700778628467,0.176442354437313,NaN,NaN,NaN,NaN,NaN,NaN,NaN,NaN,NaN
NaN,NaN,0.0141661267747016,0.0204415749273418,0.0306766375094109,0.0384942537687797,0.0373307701229351,0.0299248494411586,0.177347618606291,NaN,NaN,NaN,NaN,NaN,NaN,NaN,NaN,NaN
NaN,NaN,0.0135206084717841,0.0147746260724186,0.0294619134753399,0.0373522660277862,0.0356314417003887,0.0313000403548358,0.173883936819038,NaN,NaN,NaN,NaN,NaN,NaN,NaN,NaN,NaN
NaN,NaN,0.0134259115923972,0.0167153160534023,0.0252530432432347,0.0389614237986583,0.0350388038932579,0.0298634939099429,0.165072917458019,NaN,NaN,NaN,NaN,NaN,NaN,NaN,NaN,NaN
NaN,NaN,0.00861319042936278,0.0174006763360618,0.0227945192843132,0.0335374011240977,0.0345888260781066,0.0237322248722194,0.160827129599056,NaN,NaN,NaN,NaN,NaN,NaN,NaN,NaN,NaN
NaN,NaN,0.00309070833221388,0.0121432113907455,0.0224799930244141,0.032102978094675,0.0398819606780307,0.0249927513505099,0.162619888302288,NaN,NaN,NaN,NaN,NaN,NaN,NaN,NaN,NaN
NaN,NaN,0.00629136599794341,0.0118865016362785,0.0235998711674862,0.0341903327547091,0.0365903127967613,0.025529062768328,0.162903829928837,NaN,NaN,NaN,NaN,NaN,NaN,NaN,NaN,NaN
NaN,NaN,0.00422122217908812,0.00887635531641232,0.0182610086291485,0.0354758559309024,0.0343246471165912,0.0262874759937404,0.157191339400015,NaN,NaN,NaN,NaN,NaN,NaN,NaN,NaN,NaN
NaN,NaN,0.0029136266578765,0.0131932030878185,0.0187494314401799,0.0363600535832423,0.0324803676485317,0.0230791628564475,0.153253409531317,NaN,NaN,NaN,NaN,NaN,NaN,NaN,NaN,NaN
NaN,NaN,0.00152923427716208,0.0129996370039104,0.0178859091489964,0.0321148803971785,0.0307711672066944,0.0208305776322959,0.15269914221426,NaN,NaN,NaN,NaN,NaN,NaN,NaN,NaN,NaN
NaN,NaN,-0.000333001090136046,0.0126690919957279,0.020001203486269,0.0307013003669757,0.0330364603578346,0.0239101447368739,0.152231674161158,NaN,NaN,NaN,NaN,NaN,NaN,NaN,NaN,NaN
NaN,NaN,0.00339810066119147,0.0165585744640945,0.0237987271636181,0.0325710980735797,0.0329074349283474,0.0290918745304225,0.153431664672098,NaN,NaN,NaN,NaN,NaN,NaN,NaN,NaN,NaN
NaN,NaN,0.00430673621788931,0.0122717711589454,0.0201072252481633,0.0316844976089972,0.030719963091542,0.0293083325232146,0.146042532738647,NaN,NaN,NaN,NaN,NaN,NaN,NaN,NaN,NaN
NaN,NaN,0.00382880009904814,0.0183566230795501,0.016077653238123,0.0331565460704345,0.034284115958144,0.0311018176580546,0.143536269184551,NaN,NaN,NaN,NaN,NaN,NaN,NaN,NaN,NaN
NaN,NaN,0.00634795315757704,0.0163060742876648,0.0181688449471646,0.0286899043761271,0.0368564102827804,0.0285671860183356,0.140510979559622,NaN,NaN,NaN,NaN,NaN,NaN,NaN,NaN,NaN
NaN,NaN,0.00117667280331565,0.0128222759328006,0.0176212645261937,0.0270442387603301,0.0385421041428344,0.0281738139892695,0.137754376497469,NaN,NaN,NaN,NaN,NaN,NaN,NaN,NaN,NaN
NaN,NaN,0.00499679036632491,0.0117674413583397,0.0174985534637623,0.0294289833448905,0.0364224325894611,0.0271593988145469,0.135802063610754,NaN,NaN,NaN,NaN,NaN,NaN,NaN,NaN,NaN
NaN,NaN,0.000395200030955797,0.00689114811636197,0.0122093862980061,0.0291640965782184,0.0312292475282447,0.0232427962328074,0.128890085485182,NaN,NaN,NaN,NaN,NaN,NaN,NaN,NaN,NaN
NaN,NaN,-0.00202120952114152,0.00768299582220303,0.0117113708644562,0.0317795856438655,0.0332861665665405,0.0255864508653758,0.131363454725943,NaN,NaN,NaN,NaN,NaN,NaN,NaN,NaN,NaN
NaN,NaN,0.000960959868583208,0.00765339839078175,0.0147316313474827,0.029880749299385,0.0314778175234096,0.0232756160403369,0.129485778030357,NaN,NaN,NaN,NaN,NaN,NaN,NaN,NaN,NaN
NaN,NaN,-0.00214844681128549,0.0053843426964401,0.0160115852146798,0.0284632204614657,0.032915593314101,0.0258778803254245,0.129102296647034,NaN,NaN,NaN,NaN,NaN,NaN,NaN,NaN,NaN
NaN,NaN,7.19565917582567e-05,0.00609285565830457,0.0198703154116326,0.0285512676976699,0.0323685158073204,0.0277816526795505,0.129029821124277,NaN,NaN,NaN,NaN,NaN,NaN,NaN,NaN,NaN
NaN,NaN,-0.00229775644644784,0.00698495092607724,0.014671598294323,0.0306378959260959,0.0304470296978252,0.0271450005675433,0.125428694751463,NaN,NaN,NaN,NaN,NaN,NaN,NaN,NaN,NaN
NaN,NaN,-0.0011127602289586,0.0107114146909832,0.0149800709574871,0.0320671780549067,0.034410030770232,0.0297831580246566,0.127778682377539,NaN,NaN,NaN,NaN,NaN,NaN,NaN,NaN,NaN
NaN,NaN,0.000610484557303911,0.0119453984758972,0.0189776240974121,0.0286047628663558,0.0358286958216922,0.0312580004538177,0.126165184643469,NaN,NaN,NaN,NaN,NaN,NaN,NaN,NaN,NaN
NaN,NaN,0.0012971673180194,0.0107647049687027,0.0184236175506764,0.0298450796447772,0.0363683227478759,0.0311960116232513,0.12363779869338,NaN,NaN,NaN,NaN,NaN,NaN,NaN,NaN,NaN
NaN,NaN,0.00184996314540816,0.0163092407844185,0.0176617770581894,0.034090215577938,0.0371563520311611,0.0309185333753703,0.123677454408607,NaN,NaN,NaN,NaN,NaN,NaN,NaN,NaN,NaN
NaN,NaN,0.00113744549647284,0.0191942918560623,0.0153708352833443,0.0335630870007056,0.0359070014237659,0.0286273680831073,0.120672579374514,NaN,NaN,NaN,NaN,NaN,NaN,NaN,NaN,NaN
NaN,NaN,0.00168213881746245,0.019056828644049,0.0162625207691841,0.0329342766247767,0.0359523382066982,0.0293920584226726,0.12461872350832,NaN,NaN,NaN,NaN,NaN,NaN,NaN,NaN,NaN
NaN,NaN,0.00474592931762648,0.0147800091168998,0.016868364730423,0.0302793367348689,0.0345372866868274,0.0321808852459071,0.121412533786497,NaN,NaN,NaN,NaN,NaN,NaN,NaN,NaN,NaN
NaN,NaN,0.00116223730340911,0.0109084080419658,0.0172325304835491,0.0280310867868441,0.0357726302027004,0.0325543083454249,0.121977380928001,NaN,NaN,NaN,NaN,NaN,NaN,NaN,NaN,NaN
NaN,NaN,0.00251444317594481,0.0153733733556389,0.0178780674129181,0.0316516591750163,0.037869875508477,0.0323411658609984,0.12313628148695,NaN,NaN,NaN,NaN,NaN,NaN,NaN,NaN,NaN
NaN,NaN,0.00280227773085547,0.0164213161430477,0.0128522782712632,0.0291950909935016,0.0362922709464328,0.0321745336259482,0.121499724205933,NaN,NaN,NaN,NaN,NaN,NaN,NaN,NaN,NaN
NaN,NaN,0.000246113913211353,0.014146355863583,0.0125090672760659,0.0266475698493499,0.0387218307732837,0.0338802136684535,0.124314162399969,NaN,NaN,NaN,NaN,NaN,NaN,NaN,NaN,NaN
NaN,NaN,0.00177433975234938,0.0094792562983154,0.0141794315665417,0.0282598941169757,0.0393623199342983,0.0338921345974086,0.120879742768011,NaN,NaN,NaN,NaN,NaN,NaN,NaN,NaN,NaN
NaN,NaN,8.25922955603655e-05,0.00969020086146581,0.0119618035047703,0.0294317586861628,0.039944247531821,0.0335050210560439,0.121206916388473,NaN,NaN,NaN,NaN,NaN,NaN,NaN,NaN,NaN
NaN,NaN,0.00185905285373641,0.0174646581969379,0.0134400173216515,0.0355468227110881,0.043358159440686,0.0346881360019324,0.124212424721918,NaN,NaN,NaN,NaN,NaN,NaN,NaN,NaN,NaN
NaN,NaN,0.00508193187609625,0.0177975873909115,0.0120855762749367,0.0307523927234191,0.038848285752465,0.0333899095858214,0.123682930585346,NaN,NaN,NaN,NaN,NaN,NaN,NaN,NaN,NaN
NaN,NaN,0.00106510035887671,0.0112756844124912,0.0116524367719345,0.0260944573722857,0.0371445614873664,0.0355384521390079,0.122906505581341,NaN,NaN,NaN,NaN,NaN,NaN,NaN,NaN,NaN
NaN,NaN,0.00112820677653266,0.00780654507495153,0.0116963579445534,0.0265806636355895,0.0351962532877224,0.0321820028329967,0.116650942232809,NaN,NaN,NaN,NaN,NaN,NaN,NaN,NaN,NaN
NaN,NaN,-0.00333755947455453,0.00677002030230748,0.010753915378397,0.0206744021318931,0.0329984251438873,0.0306445010210155,0.114810406681499,NaN,NaN,NaN,NaN,NaN,NaN,NaN,NaN,NaN
NaN,NaN,-0.00340595580443429,0.00788976806021916,0.00838718257242969,0.0207247680567283,0.0339702975034015,0.032665694525349,0.115368268903694,NaN,NaN,NaN,NaN,NaN,NaN,NaN,NaN,NaN
NaN,NaN,-0.00113788731202173,0.00695418002821194,0.00365543059403232,0.0135832002900618,0.0303194571315544,0.0314371682907222,0.109744049128494,NaN,NaN,NaN,NaN,NaN,NaN,NaN,NaN,NaN
NaN,NaN,-0.00598402432903337,7.84303507922832e-05,0.00283027879292301,0.0129259659491557,0.0338492628216045,0.0299034290219424,0.110309436437092,NaN,NaN,NaN,NaN,NaN,NaN,NaN,NaN,NaN
NaN,NaN,-0.00596543513044404,0.000910455312502259,0.00499212063247493,0.0172741434119719,0.0340291198372142,0.0266861379350303,0.105149574097595,NaN,NaN,NaN,NaN,NaN,NaN,NaN,NaN,NaN
NaN,NaN,-0.00598337240323114,0.00230460795379865,0.00437536157066158,0.0181263594470996,0.0344083171366947,0.0247136898542522,0.104417759444914,NaN,NaN,NaN,NaN,NaN,NaN,NaN,NaN,NaN
NaN,NaN,-0.00702766440614747,0.0027823391816734,0.00276275790626338,0.0193297027193087,0.0329921294032829,0.0259888380969642,0.106257605817518,NaN,NaN,NaN,NaN,NaN,NaN,NaN,NaN,NaN
NaN,NaN,-0.00277317799433755,-0.000388758305537825,0.00162011823946765,0.0130982047461051,0.0270001117169159,0.0239637516642688,0.102812792625627,NaN,NaN,NaN,NaN,NaN,NaN,NaN,NaN,NaN
NaN,NaN,-0.00974544994339036,-0.007202705416906,-0.000759187421256986,0.0147051645957011,0.0277559544920223,0.0223959446157096,0.104369125780067,NaN,NaN,NaN,NaN,NaN,NaN,NaN,NaN,NaN
NaN,NaN,-0.00663101412161874,-0.00127696064494861,0.00597002796227268,0.0162692277275103,0.0280892375885742,0.0237016216124175,0.103907785829506,NaN,NaN,NaN,NaN,NaN,NaN,NaN,NaN,NaN
NaN,NaN,-0.00745050348147439,-0.00203796294711841,0.00469314745957187,0.0132181590937156,0.0297302279650467,0.0224035069550155,0.101685873683891,NaN,NaN,NaN,NaN,NaN,NaN,NaN,NaN,NaN
NaN,NaN,-0.00422995276555108,-0.00027951416753543,0.00118433378035358,0.0135948045693416,0.0265840899228351,0.0271655827964423,0.104654222246609,NaN,NaN,NaN,NaN,NaN,NaN,NaN,NaN,NaN
NaN,NaN,-0.00410584471925782,-0.00238542077325595,0.000289574930017505,0.00715297670588673,0.0255799379228847,0.0236479401792167,0.0992537434067344,NaN,NaN,NaN,NaN,NaN,NaN,NaN,NaN,NaN
NaN,NaN,-0.010767166687098,-0.00546862003587497,-0.000470719566995587,0.00878703804240407,0.027899452674319,0.026130976548302,0.102086584534845,NaN,NaN,NaN,NaN,NaN,NaN,NaN,NaN,NaN
NaN,NaN,-0.00380974001988458,-0.000474924270141249,0.00438979707056812,0.0139729774139899,0.0294752318441169,0.0281702563370345,0.100596189018688,NaN,NaN,NaN,NaN,NaN,NaN,NaN,NaN,NaN
NaN,NaN,-0.00374782569512414,0.00180731895185697,0.00105223498637012,0.0147149062298316,0.0331466358184116,0.0277170747722266,0.100675835725269,NaN,NaN,NaN,NaN,NaN,NaN,NaN,NaN,NaN
NaN,NaN,-0.000426319612112517,0.00347796263910519,0.00386121563011936,0.0147049969576377,0.0310590203880565,0.0299292080308078,0.106472722705803,NaN,NaN,NaN,NaN,NaN,NaN,NaN,NaN,NaN
NaN,NaN,-0.00156298018797922,0.000497339244854324,0.00203749976450733,0.0134041255854148,0.0304466757952468,0.0273461289907573,0.103124171015224,NaN,NaN,NaN,NaN,NaN,NaN,NaN,NaN,NaN
NaN,NaN,-0.00362835563525247,-6.3838485705979e-05,0.00215156815344623,0.0162713138900775,0.029234149682452,0.0313527159596561,0.103899701949558,NaN,NaN,NaN,NaN,NaN,NaN,NaN,NaN,NaN
NaN,NaN,0.0013971913625331,0.00439775544024693,0.00815695963198474,0.017616665228464,0.0329069320141571,0.0346682429517386,0.103412787881098,NaN,NaN,NaN,NaN,NaN,NaN,NaN,NaN,NaN
NaN,NaN,0.0046867903341384,0.00508335786677586,0.00383862174445919,0.016555777057268,0.0345570493518608,0.0336255714501021,0.102702170130215,NaN,NaN,NaN,NaN,NaN,NaN,NaN,NaN,NaN
NaN,NaN,0.00347178690329505,0.00805772277332532,0.00390468976790241,0.0155985823415297,0.0360341269552009,0.0344631843472598,0.108491736915312,NaN,NaN,NaN,NaN,NaN,NaN,NaN,NaN,NaN
NaN,NaN,0.0019215445984931,0.0057285036406635,0.00537552750999263,0.0166547021411437,0.037030623483588,0.0319161102379439,0.103508993503056,NaN,NaN,NaN,NaN,NaN,NaN,NaN,NaN,NaN
NaN,NaN,0.000326412545594698,0.00342942210651623,0.00636218927199176,0.0181525109849948,0.033423070985009,0.0316005967761157,0.101520526673994,NaN,NaN,NaN,NaN,NaN,NaN,NaN,NaN,NaN
NaN,NaN,0.00275239609375907,0.00694123464442479,0.00691520861679843,0.0214847645305175,0.0344173695921199,0.032351931949961,0.0971013451780891,NaN,NaN,NaN,NaN,NaN,NaN,NaN,NaN,NaN
NaN,NaN,0.00155443586603118,0.00585752907015073,0.00338607347900203,0.0149951598189849,0.0296855244814651,0.0315125681663631,0.0971575039293384,NaN,NaN,NaN,NaN,NaN,NaN,NaN,NaN,NaN
NaN,NaN,-0.00406948588594484,0.0052273775897144,0.00228966466481021,0.0123412630103606,0.0291902098833816,0.0363517761434196,0.101927887168131,NaN,NaN,NaN,NaN,NaN,NaN,NaN,NaN,NaN
NaN,NaN,-0.00189900137290048,0.0034900512061237,0.00502577863032154,0.0148953779183406,0.0274767067312496,0.0358208850229857,0.0944633926119422,NaN,NaN,NaN,NaN,NaN,NaN,NaN,NaN,NaN
NaN,NaN,-0.00438915304645585,0.0028491895160793,0.00254354319865039,0.0118412172935981,0.0252316605328815,0.0378960393572925,0.0934830265905475,NaN,NaN,NaN,NaN,NaN,NaN,NaN,NaN,NaN
NaN,NaN,0.0018379863370986,0.00562453078843343,0.0049251212864571,0.00953375385627927,0.0292950954317348,0.0391234107519267,0.0910140345658874,NaN,NaN,NaN,NaN,NaN,NaN,NaN,NaN,NaN
NaN,NaN,-0.000158210469332213,0.00643152179933774,-0.00139630519455143,0.00499476702437581,0.0259965557634132,0.0366233311797259,0.0877121048833942,NaN,NaN,NaN,NaN,NaN,NaN,NaN,NaN,NaN
NaN,NaN,-0.00272081903919267,0.00563835161544072,-0.00357453831141659,0.00308838696704091,0.0283489089488285,0.0374495446885703,0.0895746382739162,NaN,NaN,NaN,NaN,NaN,NaN,NaN,NaN,NaN
NaN,NaN,-0.0013675514589219,0.00448457333065259,-0.00022572585051724,0.00678264559731663,0.0274694237887161,0.0317703955079196,0.0826200242008781,NaN,NaN,NaN,NaN,NaN,NaN,NaN,NaN,NaN
NaN,NaN,-0.00197062007888841,0.0014502312502979,-0.00447929956620404,0.00692970143184842,0.026302178579499,0.0250661768222926,0.0809892411198234,NaN,NaN,NaN,NaN,NaN,NaN,NaN,NaN,NaN
NaN,NaN,0.00118894763484908,0.00370211335636365,-0.00414255194967457,0.00781553821191968,0.0274451162695186,0.0194729514623759,0.0795401404466247,NaN,NaN,NaN,NaN,NaN,NaN,NaN,NaN,NaN
NaN,NaN,-0.00399412326320695,0.00371092366791951,-0.00583679535096356,0.00583234266863049,0.0231954168557422,0.0121070653403876,0.0785455996956443,NaN,NaN,NaN,NaN,NaN,NaN,NaN,NaN,NaN
NaN,NaN,-0.00377619378074693,-6.42110147358235e-05,-0.0044476718515701,0.00780229480490864,0.0220755200862186,0.0133057519997237,0.080343424793682,NaN,NaN,NaN,NaN,NaN,NaN,NaN,NaN,NaN
NaN,NaN,-0.0037133108805089,-0.000637868467795974,-0.00227323853080937,0.00893893675432385,0.0197500262438552,0.0134955741668819,0.0751319671835517,NaN,NaN,NaN,NaN,NaN,NaN,NaN,NaN,NaN
NaN,NaN,0.000657330082807068,-0.00263972771548045,-0.0025209330827541,0.0027025772772807,0.0199035454570549,0.0134511687065242,0.0767099070217227,NaN,NaN,NaN,NaN,NaN,NaN,NaN,NaN,NaN
NaN,NaN,0.00659078620568228,0.000489609267485017,-0.00186032735412785,0.00334423990473927,0.0231431882857578,0.0156013876403449,0.0767608689930057,NaN,NaN,NaN,NaN,NaN,NaN,NaN,NaN,NaN
NaN,NaN,0.00958416871920538,0.00527236047006833,-0.00385264985864827,3.8696690656554e-05,0.021196519213845,0.0146328680420993,0.0752037162747001,NaN,NaN,NaN,NaN,NaN,NaN,NaN,NaN,NaN
NaN,NaN,0.00763956718340827,0.00231202128149259,-0.000970877042467084,0.00010720477924527,0.0230000067531364,0.0200755357946036,0.0753486486937618,NaN,NaN,NaN,NaN,NaN,NaN,NaN,NaN,NaN
NaN,NaN,0.0113189246524901,0.00415063830829846,0.00116209379727176,0.000148164346076859,0.0219361010967987,0.0203141406382201,0.0720427515771007,NaN,NaN,NaN,NaN,NaN,NaN,NaN,NaN,NaN
NaN,NaN,0.0137274179627032,0.00448366063452947,-0.0018025667280502,-0.00172461359276591,0.0225522082328098,0.0190583825315116,0.0735039408173179,NaN,NaN,NaN,NaN,NaN,NaN,NaN,NaN,NaN
NaN,NaN,0.0125961963106723,0.0101655292770981,0.000498619595115695,0.00394136668667973,0.0309582140325801,0.0219126068259357,0.0741961370076751,NaN,NaN,NaN,NaN,NaN,NaN,NaN,NaN,NaN
NaN,NaN,0.0166221361626716,0.0133097301683544,0.00318284026676944,0.002982793613531,0.0279693018674152,0.0200291745568393,0.0743415723409271,NaN,NaN,NaN,NaN,NaN,NaN,NaN,NaN,NaN
NaN,NaN,0.0140883054603667,0.00906237768746602,0.00396062500173381,0.00465760962591351,0.0275412287592189,0.0267592467571376,0.0743597145046806,NaN,NaN,NaN,NaN,NaN,NaN,NaN,NaN,NaN
NaN,NaN,0.0176004905273051,0.0104431192836879,0.00669590077692798,0.00361996726617993,0.0241100128769176,0.0257083423639415,0.0738209443952655,NaN,NaN,NaN,NaN,NaN,NaN,NaN,NaN,NaN
NaN,NaN,0.0158425074090095,0.00733542623735654,0.00552582434708408,-0.000909035787723649,0.0236047517537372,0.0239174276794074,0.0730943265225505,NaN,NaN,NaN,NaN,NaN,NaN,NaN,NaN,NaN
NaN,NaN,0.0147716913391681,0.0115271601340889,0.00535511291915706,0.00477540330515088,0.0292362917243736,0.0261851236427901,0.0710663343634224,NaN,NaN,NaN,NaN,NaN,NaN,NaN,NaN,NaN
NaN,NaN,0.0166071232427688,0.0122011210284351,0.00638472727829746,0.000515794619180571,0.0272341158270137,0.0265116825903533,0.066963131990633,NaN,NaN,NaN,NaN,NaN,NaN,NaN,NaN,NaN
NaN,NaN,0.0121539112199874,0.00717313396550404,0.00600323892528347,0.00102843181715192,0.0276563588558929,0.0292203225399135,0.0671513336565113,NaN,NaN,NaN,NaN,NaN,NaN,NaN,NaN,NaN
NaN,NaN,0.0170503396560283,0.00769739406920659,0.00634147665793231,0.00142199011073292,0.0251224909006851,0.0240572564507602,0.0657350341643905,NaN,NaN,NaN,NaN,NaN,NaN,NaN,NaN,NaN
NaN,NaN,0.0137192223240466,0.00782360690451848,0.0053453340321236,0.00457278476581753,0.0264505568920868,0.0239028245414374,0.0652230675186729,NaN,NaN,NaN,NaN,NaN,NaN,NaN,NaN,NaN
NaN,NaN,0.0130558971335025,0.0125190559289573,0.00864469326431087,0.00848620222435177,0.030051571506192,0.0268481321836589,0.0657522450055694,NaN,NaN,NaN,NaN,NaN,NaN,NaN,NaN,NaN
NaN,NaN,0.0149109799434276,0.0151107403895973,0.00945280186230472,0.00586369098649205,0.027709481495549,0.029386135211098,0.063631474491558,NaN,NaN,NaN,NaN,NaN,NaN,NaN,NaN,NaN
NaN,NaN,0.0124447632600398,0.00903950440503346,0.00590757347041896,0.00441891165003956,0.024164849150111,0.0275969714130042,0.0656694131757831,NaN,NaN,NaN,NaN,NaN,NaN,NaN,NaN,NaN
NaN,NaN,0.0126149158944221,0.0125152747593044,0.00952594793731502,0.00242495001778783,0.0239462677418487,0.0277854524756549,0.0662604118551826,NaN,NaN,NaN,NaN,NaN,NaN,NaN,NaN,NaN
NaN,NaN,0.00643043108478499,0.00977448555446851,0.00749218157822422,0.00292920531258763,0.0237218562542694,0.024807213267195,0.0606393772031879,NaN,NaN,NaN,NaN,NaN,NaN,NaN,NaN,NaN
NaN,NaN,0.00443402938738776,0.0131453144810318,0.00426397539073757,0.00194312097058476,0.0259694542764919,0.029426126202452,0.0585125903453445,NaN,NaN,NaN,NaN,NaN,NaN,NaN,NaN,NaN
NaN,NaN,0.00437656678453398,0.0114127750954746,0.00313409484321407,-0.0022034996606332,0.0260622326313751,0.0274418875778792,0.0542597244348144,NaN,NaN,NaN,NaN,NaN,NaN,NaN,NaN,NaN
NaN,NaN,-0.00010028220519113,0.0055955294034599,0.0004673644095116,-0.00582299171461879,0.0223430890619056,0.0216639436985133,0.0557080241705989,NaN,NaN,NaN,NaN,NaN,NaN,NaN,NaN,NaN
NaN,NaN,0.00211708508625937,0.005491146769297,0.00252413443619541,-0.00150240002646266,0.0217088211356895,0.0200406857038615,0.0527564207877731,NaN,NaN,NaN,NaN,NaN,NaN,NaN,NaN,NaN
NaN,NaN,-0.000540537012663359,0.00504744606829869,0.000273351290767703,-0.000110016898058046,0.0188646551250713,0.0161752872372745,0.0463741789426422,NaN,NaN,NaN,NaN,NaN,NaN,NaN,NaN,NaN
NaN,NaN,-0.000993010772314543,0.00403701695419537,-0.000802028259689298,-0.00237598060145198,0.017868791896035,0.0185493588651298,0.0467918026115512,NaN,NaN,NaN,NaN,NaN,NaN,NaN,NaN,NaN
NaN,NaN,0.00187913216844512,0.00133364829040753,-0.000881786724979367,-0.00567422224654971,0.0144503537594574,0.0130914919282077,0.0456144059862709,NaN,NaN,NaN,NaN,NaN,NaN,NaN,NaN,NaN
NaN,NaN,-0.00240159891351747,-0.000501094434487944,-0.00255675174897381,-0.00948707549347697,0.00929188840382267,0.0134698696638225,0.0473839747573948,NaN,NaN,NaN,NaN,NaN,NaN,NaN,NaN,NaN
NaN,NaN,-0.000740287078466887,0.00043680327750432,0.00262307814652256,-0.00701633258237659,0.0131519038259285,0.0147802964056609,0.046366076436243,NaN,NaN,NaN,NaN,NaN,NaN,NaN,NaN,NaN
NaN,NaN,-6.95299337773272e-05,0.00252302172399747,-0.00102858178919026,-0.00744259892477809,0.00832627453200985,0.0157314375246642,0.0413413490023231,NaN,NaN,NaN,NaN,NaN,NaN,NaN,NaN,NaN
NaN,NaN,0.00155668966666174,0.00341116818405377,-0.00340507485573956,-0.0130829119540673,0.0129761632560985,0.0175413698161719,0.0425130831863498,NaN,NaN,NaN,NaN,NaN,NaN,NaN,NaN,NaN
NaN,NaN,0.00216419138208342,0.00191710325695264,-0.00125073947613904,-0.016292994604252,0.0123599257349269,0.0140287935937522,0.043841056045494,NaN,NaN,NaN,NaN,NaN,NaN,NaN,NaN,NaN
NaN,NaN,-0.000153609735813613,0.000522186931145067,-0.00217127733534047,-0.0160571837283593,0.0069826368271606,0.0120366387272952,0.0433140951063251,NaN,NaN,NaN,NaN,NaN,NaN,NaN,NaN,NaN
NaN,NaN,-7.72971640496203e-05,0.000973338212740297,-0.00349409066742131,-0.00909506319536983,0.010968436676194,0.0134268611873267,0.0405688169266796,NaN,NaN,NaN,NaN,NaN,NaN,NaN,NaN,NaN
NaN,NaN,0.000964871423396592,0.00249204593516576,-0.00527038358753392,-0.0130600386716348,0.00706587843887974,0.0127695337141631,0.0368602159287548,NaN,NaN,NaN,NaN,NaN,NaN,NaN,NaN,NaN
NaN,NaN,0.00212349258557272,0.000364420887005205,-0.00917340748613545,-0.01843531592264,0.00944740064733196,0.0106975645030616,0.0390762421156978,NaN,NaN,NaN,NaN,NaN,NaN,NaN,NaN,NaN
NaN,NaN,0.00317190103426886,-0.000691847924220686,-0.00704937734311291,-0.0185456962741834,0.00566665940277744,0.00864915775309782,0.0384233477379894,NaN,NaN,NaN,NaN,NaN,NaN,NaN,NaN,NaN
NaN,NaN,0.000273885952386384,-0.0029392224290253,-0.00543770500128933,-0.0176040173925382,0.00156517066352535,0.0076382629777072,0.0382960545684909,NaN,NaN,NaN,NaN,NaN,NaN,NaN,NaN,NaN
NaN,NaN,0.00105807818666411,-0.00223290738843692,-0.00516074829405018,-0.012061511860035,0.00598310418718029,0.0112938903475879,0.0364325339760398,NaN,NaN,NaN,NaN,NaN,NaN,NaN,NaN,NaN
NaN,NaN,0.00376921408072424,0.00144058274842488,-0.00687298484748074,-0.0174814180888158,0.00493145473592449,0.0110921658779262,0.0348864639963722,NaN,NaN,NaN,NaN,NaN,NaN,NaN,NaN,NaN
NaN,NaN,0.00407990329161597,0.003095747854483,-0.00685990907853314,-0.020815962687872,0.0108880076586502,0.0107302911783336,0.0376914399530506,NaN,NaN,NaN,NaN,NaN,NaN,NaN,NaN,NaN
NaN,NaN,0.00533350072995139,0.00269038039065587,-0.00204722516840168,-0.0174059995867234,0.00753563754551578,0.00842506291519385,0.0395622621144867,NaN,NaN,NaN,NaN,NaN,NaN,NaN,NaN,NaN
NaN,NaN,0.00473749153510047,0.000786663915884371,-0.00442701511686512,-0.0135623940683824,0.00500340871803928,0.00719338881026488,0.0377543787326431,NaN,NaN,NaN,NaN,NaN,NaN,NaN,NaN,NaN
NaN,NaN,0.00515623279109908,0.0048640872798084,-0.00291199543183514,-0.00745496688856899,0.00783356763713527,0.0111456610466121,0.0404827813472366,NaN,NaN,NaN,NaN,NaN,NaN,NaN,NaN,NaN
NaN,NaN,0.00875637196198416,0.00990662160135495,-0.00182359599178502,-0.0147373133756143,0.0075988184689777,0.00980967881332617,0.0404409277107334,NaN,NaN,NaN,NaN,NaN,NaN,NaN,NaN,NaN
NaN,NaN,0.00956496484771681,0.0106943714878677,-0.000452540150339093,-0.0139161848880273,0.00912490226619411,0.010865984877455,0.0444335448410129,NaN,NaN,NaN,NaN,NaN,NaN,NaN,NaN,NaN
NaN,NaN,0.0120172489453883,0.00898025366283643,0.00241174242789081,-0.00951747386231242,0.00404958539002109,0.0106999859417556,0.0432712170149898,NaN,NaN,NaN,NaN,NaN,NaN,NaN,NaN,NaN
NaN,NaN,0.0111260477472873,0.00641889306522595,-0.000256068339998212,-0.0115047299720269,0.00132544823281933,0.0119423702562926,0.0402732523943996,NaN,NaN,NaN,NaN,NaN,NaN,NaN,NaN,NaN
NaN,NaN,0.0138073626925082,0.00842529716707456,-0.000917773029262509,-0.0104965360321027,0.00380807481997181,0.0132135510648368,0.040845028575859,NaN,NaN,NaN,NaN,NaN,NaN,NaN,NaN,NaN
NaN,NaN,0.0164523933102222,0.0138208027444004,-0.00415160440509984,-0.017338031665228,0.00677444897883106,0.0110887386108516,0.0366301792528247,NaN,NaN,NaN,NaN,NaN,NaN,NaN,NaN,NaN
NaN,NaN,0.0121677506734462,0.0110841113588928,-0.00292725049560734,-0.016508390889309,0.00770249329798389,0.0095228500867961,0.0384320835437393,NaN,NaN,NaN,NaN,NaN,NaN,NaN,NaN,NaN
NaN,NaN,0.0130985889603229,0.00749607938147771,-0.00272267617886731,-0.0115429887033921,0.00449686236970592,0.00874666722666007,0.036812439080677,NaN,NaN,NaN,NaN,NaN,NaN,NaN,NaN,NaN
NaN,NaN,0.0131202328969569,0.00679505425311315,-0.00691105731433102,-0.00885372026338397,0.0013645079015987,0.00915097298275214,0.0348315904702758,NaN,NaN,NaN,NaN,NaN,NaN,NaN,NaN,NaN
NaN,NaN,0.0121172916163535,0.0103594120106815,-0.004914134076292,-0.00734331993832408,0.00663182623975445,0.00985084327112418,0.0393162998225307,NaN,NaN,NaN,NaN,NaN,NaN,NaN,NaN,NaN
NaN,NaN,0.0155732434262366,0.0144462789855121,-0.000993713071996655,-0.00889963446631252,0.00653960667841602,0.00700593220244627,0.0392558383609867,NaN,NaN,NaN,NaN,NaN,NaN,NaN,NaN,NaN
NaN,NaN,0.0126551676560969,0.0102687570712684,-0.00070807643836209,-0.00850844173207103,0.00458392240398098,0.00643277766357642,0.0401213909353828,NaN,NaN,NaN,NaN,NaN,NaN,NaN,NaN,NaN
NaN,NaN,0.0125698585082622,0.00920373382784116,0.001396451809948,-0.00835091783180057,-1.40543997986242e-05,0.00883784370671492,0.0401304806437111,NaN,NaN,NaN,NaN,NaN,NaN,NaN,NaN,NaN
NaN,NaN,0.0127726819385619,0.007291933473122,4.54939096622784e-05,-0.0112735012032014,-0.00535973421938252,0.00659078585158568,0.0354616860713577,NaN,NaN,NaN,NaN,NaN,NaN,NaN,NaN,NaN
NaN,NaN,0.0104624431599708,0.0107308420798897,-0.00365498595541188,-0.0133542620994073,-0.00330486409075093,0.00809306504379492,0.0367505061294651,NaN,NaN,NaN,NaN,NaN,NaN,NaN,NaN,NaN
NaN,NaN,0.0124637063612075,0.0128259453437446,-0.000297232797796218,-0.0172429995097142,-0.00310906283266377,0.00289334209810477,0.0317862960364437,NaN,NaN,NaN,NaN,NaN,NaN,NaN,NaN,NaN
NaN,NaN,0.00689491890564871,0.00718509214736211,-0.00311265819376179,-0.0174499207593423,-0.0054733741999371,0.00205820651899558,0.0300246621336555,NaN,NaN,NaN,NaN,NaN,NaN,NaN,NaN,NaN
NaN,NaN,0.0105624672044845,0.00781306433297383,-0.00214421310132214,-0.014891745284937,-0.00895266495354008,0.00180278198968153,0.0285790446068859,NaN,NaN,NaN,NaN,NaN,NaN,NaN,NaN,NaN
NaN,NaN,0.00951538123384428,0.0093453134856342,-0.0056417205244846,-0.0132185311473828,-0.00975010059482884,0.000689478983986191,0.0240245605673408,NaN,NaN,NaN,NaN,NaN,NaN,NaN,NaN,NaN
NaN,NaN,0.00950569547906828,0.0115641522667526,-0.00283147328203389,-0.0132574418045503,-0.0062493894220097,0.00113588052045088,0.0285884882177925,NaN,NaN,NaN,NaN,NaN,NaN,NaN,NaN,NaN
NaN,NaN,0.0120854217578502,0.0120183582863926,-0.0022804283410854,-0.0131837555624467,-0.00682192928798031,-0.00177023706783075,0.0240653711225605,NaN,NaN,NaN,NaN,NaN,NaN,NaN,NaN,NaN
NaN,NaN,0.0077354002763362,0.00824845763660657,-0.00508071043198773,-0.0145807766772729,-0.0118272293329937,-0.000881289670360275,0.0245639639761066,NaN,NaN,NaN,NaN,NaN,NaN,NaN,NaN,NaN
NaN,NaN,0.0119243215788932,0.00834298687793004,0.000132181414907488,-0.0141261981286031,-0.0123051654518349,0.00182811396371108,0.0249831708933925,NaN,NaN,NaN,NaN,NaN,NaN,NaN,NaN,NaN
NaN,NaN,0.011713991688642,0.0103678497932075,-0.00209980764096448,-0.0140887030817491,-0.0136992994666798,0.000302439948427491,0.0215756478573894,NaN,NaN,NaN,NaN,NaN,NaN,NaN,NaN,NaN
NaN,NaN,0.0136817459036441,0.0121594536564468,5.59806018524496e-05,-0.0127406695343476,-0.00895827151543926,0.00119434895168524,0.0251951212849235,NaN,NaN,NaN,NaN,NaN,NaN,NaN,NaN,NaN
NaN,NaN,0.0121714014579387,0.0135577786228775,0.00226045838887027,-0.0117804573334676,-0.00899207852489781,8.17537511466071e-05,0.0215050536062336,NaN,NaN,NaN,NaN,NaN,NaN,NaN,NaN,NaN
NaN,NaN,0.0122386243213744,0.00909741404272306,0.000834230998104128,-0.0122670174993497,-0.0128798101068242,-0.00247014460910577,0.0226110736693954,NaN,NaN,NaN,NaN,NaN,NaN,NaN,NaN,NaN
NaN,NaN,0.0145978879202933,0.0130480657777904,0.00456726990038684,-0.00669163627996265,-0.0118526544392807,0.000677260031807236,0.0231634783413028,NaN,NaN,NaN,NaN,NaN,NaN,NaN,NaN,NaN
NaN,NaN,0.0158325608839126,0.0158059726915477,0.00358172572547725,-0.0055611596859914,-0.0129167463601334,-0.00252622885454912,0.023538503315649,NaN,NaN,NaN,NaN,NaN,NaN,NaN,NaN,NaN
NaN,NaN,0.0151544835437865,0.0148318092785,0.00495011798435977,-0.00607782019748508,-0.0108470123232109,-0.000940614918363281,0.0270065064396476,NaN,NaN,NaN,NaN,NaN,NaN,NaN,NaN,NaN
NaN,NaN,0.0145726490785213,0.0142946969232677,0.0041740468829327,-0.00575427873506366,-0.0139099087537033,-0.00292185468424577,0.0220267060067272,NaN,NaN,NaN,NaN,NaN,NaN,NaN,NaN,NaN
NaN,NaN,0.0152218367923827,0.0149362291655658,0.00528068161899379,-0.0080367082215768,-0.0150786254525883,-0.00143503544677515,0.0230898479785537,NaN,NaN,NaN,NaN,NaN,NaN,NaN,NaN,NaN
NaN,NaN,0.0170007374157043,0.0168482157847999,0.00824107668692401,-0.00584431900157749,-0.0115996140957577,0.00478567781101447,0.0229654605354881,NaN,NaN,NaN,NaN,NaN,NaN,NaN,NaN,NaN
NaN,NaN,0.0201960865427585,0.019730212118399,0.00694353944951824,-0.00582705228104411,-0.0133008610428078,0.00292398261080962,0.0227356660034275,NaN,NaN,NaN,NaN,NaN,NaN,NaN,NaN,NaN
NaN,NaN,0.01817470677391,0.0179565082750438,0.00593104279929927,-0.00758950574769794,-0.00757006071216892,0.00458976479421835,0.0235482822026825,NaN,NaN,NaN,NaN,NaN,NaN,NaN,NaN,NaN
NaN,NaN,0.0194352146257491,0.0178976673147796,0.00860159165555766,-0.00838301120772182,-0.00945434979803395,0.00020887928258162,0.0191155779029941,NaN,NaN,NaN,NaN,NaN,NaN,NaN,NaN,NaN
NaN,NaN,0.0184612933565707,0.0168179850540279,0.00627075202161601,-0.00596570758595287,-0.00981482751376461,-0.000520011017215438,0.0168231460120296,NaN,NaN,NaN,NaN,NaN,NaN,NaN,NaN,NaN
NaN,NaN,0.0181576635707946,0.0181869174800037,0.0074667750983887,-0.00148919387235462,-0.0090354409039719,0.000595117380726151,0.0185849661793327,NaN,NaN,NaN,NaN,NaN,NaN,NaN,NaN,NaN
NaN,NaN,0.016892256962213,0.0159634407124637,0.00799874655300906,-0.00443420349135219,-0.0154392894328339,-0.00348841545928735,0.0170735786523437,NaN,NaN,NaN,NaN,NaN,NaN,NaN,NaN,NaN
NaN,NaN,0.0128153178860278,0.0110940765104412,0.00560372016722492,-0.00621327175273715,-0.0156304154515965,-0.00493040082801599,0.0167314293648815,NaN,NaN,NaN,NaN,NaN,NaN,NaN,NaN,NaN
NaN,NaN,0.0157122526337237,0.012960651840937,0.00637742570931247,-0.00750659941210567,-0.0197505678952439,-0.00717451570380945,0.0110869812633609,NaN,NaN,NaN,NaN,NaN,NaN,NaN,NaN,NaN
NaN,NaN,0.0120844904352756,0.0120795648059963,0.00563072852188876,-0.00814688368215381,-0.0182138856471283,-0.00664165017951745,0.0115795763995266,NaN,NaN,NaN,NaN,NaN,NaN,NaN,NaN,NaN
NaN,NaN,0.0128616232444377,0.0143568161389946,0.009014949867075,-0.00553497089519321,-0.0190824743331177,-0.00527424512256403,0.0165341566171264,NaN,NaN,NaN,NaN,NaN,NaN,NaN,NaN,NaN
NaN,NaN,0.0133905958403678,0.0148529316744922,0.0057951069563084,-0.00968177779092609,-0.022191564363311,-0.00556584222067613,0.0129125225212192,NaN,NaN,NaN,NaN,NaN,NaN,NaN,NaN,NaN
NaN,NaN,0.0107550460864635,0.0115450415275215,0.00562078199679187,-0.0119276435531598,-0.0195609506190522,-0.00666113344777841,0.00972866591473576,NaN,NaN,NaN,NaN,NaN,NaN,NaN,NaN,NaN
NaN,NaN,0.0110474441219897,0.0138533617816089,0.00642514667803577,-0.0118996107436639,-0.022682091963361,-0.0081049255823018,0.0048978212143993,NaN,NaN,NaN,NaN,NaN,NaN,NaN,NaN,NaN
NaN,NaN,0.0128288406898112,0.0120255480966686,0.00359183988863757,-0.0102805809535009,-0.0210434112668736,-0.0121908984874608,0.00505782243271824,NaN,NaN,NaN,NaN,NaN,NaN,NaN,NaN,NaN
NaN,NaN,0.00998474918499899,0.0122434775791286,0.00538955322796634,-0.00828784866704761,-0.0221804816246731,-0.0129963435028912,0.0101864295866108,NaN,NaN,NaN,NaN,NaN,NaN,NaN,NaN,NaN
NaN,NaN,0.0135073836912246,0.0119677874705909,0.00536735049778751,-0.0105081216849309,-0.0257371839106781,-0.018344780037296,0.00687086534162517,NaN,NaN,NaN,NaN,NaN,NaN,NaN,NaN,NaN
NaN,NaN,0.0100155014564128,0.00806327345587003,0.00327068261200717,-0.00942823453321277,-0.0266239706397755,-0.0182416640018346,0.00391188588400837,NaN,NaN,NaN,NaN,NaN,NaN,NaN,NaN,NaN
NaN,NaN,0.0108658175934882,0.0109364967308162,0.00651315666133693,-0.00890069617404758,-0.0273645583511097,-0.0177867874299409,0.00154891562124249,NaN,NaN,NaN,NaN,NaN,NaN,NaN,NaN,NaN
NaN,NaN,0.0112203348447413,0.00739624160147893,0.007474542328661,-0.0112884396172982,-0.0269292954326374,-0.0222734898125054,0.00386138957401272,NaN,NaN,NaN,NaN,NaN,NaN,NaN,NaN,NaN
NaN,NaN,0.0097873460520835,0.00604258286572682,0.00605000994498065,-0.0115280316628438,-0.0285330142796738,-0.0219835690950276,0.00787023034354206,NaN,NaN,NaN,NaN,NaN,NaN,NaN,NaN,NaN
NaN,NaN,0.0126849886049361,0.00795803400493848,0.00253974340254596,-0.0118655802167874,-0.0295397367299302,-0.0281978376006009,6.4257052144967e-05,NaN,NaN,NaN,NaN,NaN,NaN,NaN,NaN,NaN
NaN,NaN,0.00431373976365042,0.00517079043008077,0.0028404674618893,-0.0106989683069211,-0.030110507083009,-0.0253653503750684,-0.00142595219949726,NaN,NaN,NaN,NaN,NaN,NaN,NaN,NaN,NaN
NaN,NaN,0.00907151289478255,0.0075983013472675,0.0060302659063988,-0.00813522352351962,-0.0287732023716671,-0.0265212893282296,-0.00239454630354885,NaN,NaN,NaN,NaN,NaN,NaN,NaN,NaN,NaN
NaN,NaN,0.00860572122231436,0.00915550994492757,0.0070034421175175,-0.0077385546125394,-0.0274929132283432,-0.025455912182224,0.0038159037794685,NaN,NaN,NaN,NaN,NaN,NaN,NaN,NaN,NaN
NaN,NaN,0.0115145023931594,0.0109140704832195,0.00915870881969264,-0.00852077244295894,-0.0270262647391064,-0.0235370896552922,0.00965652566810604,NaN,NaN,NaN,NaN,NaN,NaN,NaN,NaN,NaN
NaN,NaN,0.013123753296289,0.0137494634351848,0.00909919730717471,-0.00487602292074977,-0.0280303049803479,-0.0222050376032712,0.00446732666750904,NaN,NaN,NaN,NaN,NaN,NaN,NaN,NaN,NaN
NaN,NaN,0.00843595974341345,0.0111532713732837,0.010722511181181,-0.00372367887272655,-0.0289208169997437,-0.0196286454593064,0.004033889141283,NaN,NaN,NaN,NaN,NaN,NaN,NaN,NaN,NaN
NaN,NaN,0.0126739058662982,0.015091964926493,0.0137688114433937,-0.00393618805780231,-0.0228130172909005,-0.0160238124226453,0.00764941376110073,NaN,NaN,NaN,NaN,NaN,NaN,NaN,NaN,NaN
NaN,NaN,0.0151380363871188,0.0133539866171001,0.0142238556533509,-0.00626706494464694,-0.0237812574923737,-0.0175424083863618,0.00994491901656147,NaN,NaN,NaN,NaN,NaN,NaN,NaN,NaN,NaN
NaN,NaN,0.0159194719065757,0.0140994358322738,0.0100315443366223,-0.00723759619965373,-0.021632063013385,-0.0152077503298642,0.00993683513661381,NaN,NaN,NaN,NaN,NaN,NaN,NaN,NaN,NaN
NaN,NaN,0.0138340543974967,0.0151966642103313,0.0108626938551121,-0.00375417037381946,-0.0215633686602814,-0.0148469000851037,0.00311623838206287,NaN,NaN,NaN,NaN,NaN,NaN,NaN,NaN,NaN
NaN,NaN,0.00999408103719664,0.0111044514439224,0.00989599964911273,-0.00376502959503947,-0.0211125340283616,-0.017856636623037,-0.000306986752548255,NaN,NaN,NaN,NaN,NaN,NaN,NaN,NaN,NaN
NaN,NaN,0.0160392772425742,0.0140954497716545,0.0119485414713078,0.000944072618343247,-0.0157966006518109,-0.0176959648524644,0.00231192958017345,NaN,NaN,NaN,NaN,NaN,NaN,NaN,NaN,NaN
NaN,NaN,0.0191100154091449,0.016131209161055,0.0141838460355454,0.00276480825171651,-0.0145329449296696,-0.0198823377286317,0.00363127839227672,NaN,NaN,NaN,NaN,NaN,NaN,NaN,NaN,NaN
NaN,NaN,0.0177452553083034,0.0154664683601974,0.0152169249146633,0.0070513321600932,-0.0141539897740586,-0.0142936013435246,0.00493177723546978,NaN,NaN,NaN,NaN,NaN,NaN,NaN,NaN,NaN
NaN,NaN,0.0187062125672431,0.0176630112788795,0.019160815247839,0.0111084713183421,-0.0150746766448719,-0.0128145493363263,0.00378086742421146,NaN,NaN,NaN,NaN,NaN,NaN,NaN,NaN,NaN
NaN,NaN,0.0167557995785804,0.0171789470574974,0.0165222852616959,0.00773861096725644,-0.015560249608825,-0.0150947809015634,0.00417261895199772,NaN,NaN,NaN,NaN,NaN,NaN,NaN,NaN,NaN
NaN,NaN,0.0207584563662143,0.0185208711288093,0.0200433923988991,0.00669571594820203,-0.0110617380560143,-0.014834047833574,0.00814547341724392,NaN,NaN,NaN,NaN,NaN,NaN,NaN,NaN,NaN
NaN,NaN,0.0215830307473273,0.0195591281614422,0.0166259973436051,0.00544100092277707,-0.0149689901591046,-0.0156806945597054,0.0075511406030273,NaN,NaN,NaN,NaN,NaN,NaN,NaN,NaN,NaN
NaN,NaN,0.0160579781998725,0.0175589266679405,0.0149848207026177,0.00521929027066411,-0.0155137579859002,-0.01312039566983,0.00470585700531956,NaN,NaN,NaN,NaN,NaN,NaN,NaN,NaN,NaN
NaN,NaN,0.0143434505929084,0.0177353564164756,0.0152193836062603,0.00529059232697667,-0.0164115902007325,-0.0155504397844197,0.00294737097283359,NaN,NaN,NaN,NaN,NaN,NaN,NaN,NaN,NaN
NaN,NaN,0.0138447459806533,0.0140472631416439,0.0108235969334297,0.0026236197494048,-0.0157732803345425,-0.0190793141518952,0.00108185735007282,NaN,NaN,NaN,NaN,NaN,NaN,NaN,NaN,NaN
NaN,NaN,0.0176285792161555,0.0150115545354007,0.0110429047733002,0.00610471726880253,-0.0115921635151608,-0.0190080120955827,0.0018135974969482,NaN,NaN,NaN,NaN,NaN,NaN,NaN,NaN,NaN
NaN,NaN,0.0142252285052867,0.0152306574843048,0.0091823085337334,0.00409723283276738,-0.0156698103965027,-0.0190723851119401,0.000791843500337562,NaN,NaN,NaN,NaN,NaN,NaN,NaN,NaN,NaN
NaN,NaN,0.00950491316810561,0.0108658652267574,0.0103186524599247,0.00509492145404996,-0.0176669571519597,-0.0194711029325845,-0.000584055218496362,NaN,NaN,NaN,NaN,NaN,NaN,NaN,NaN,NaN
NaN,NaN,0.0111813869346709,0.0114707592389702,0.00742620668703845,0.00695331977234067,-0.020192331445287,-0.0212755963002564,-0.00202222216466907,NaN,NaN,NaN,NaN,NaN,NaN,NaN,NaN,NaN
NaN,NaN,0.0113118466009231,0.0075491461417793,0.00851969114834598,0.000509163602449311,-0.0162558730662568,-0.0208239048515679,-0.00185834664443974,NaN,NaN,NaN,NaN,NaN,NaN,NaN,NaN,NaN
NaN,NaN,0.0135852795113654,0.00997742074347722,0.0110953382342511,0.00472717942223729,-0.0127734530688031,-0.0183282770012738,0.00254306521674152,NaN,NaN,NaN,NaN,NaN,NaN,NaN,NaN,NaN
NaN,NaN,0.0126425016690822,0.0128768886885761,0.0107058032541924,0.00499368669018925,-0.0141740690887673,-0.0178812235390069,0.000354606178007087,NaN,NaN,NaN,NaN,NaN,NaN,NaN,NaN,NaN
NaN,NaN,0.0102322202195258,0.0125543716809868,0.0113980180710011,0.00556220324263753,-0.0123454358399613,-0.0194756477867486,-0.00252463344077114,NaN,NaN,NaN,NaN,NaN,NaN,NaN,NaN,NaN
NaN,NaN,0.0138450812567802,0.0111208799741386,0.0108479417055302,0.00752436952219189,-0.0142600674153073,-0.023535301515949,-0.00398891467193607,NaN,NaN,NaN,NaN,NaN,NaN,NaN,NaN,NaN
NaN,NaN,0.013852718101892,0.00735066267467725,0.00776548750097087,0.00371563272104443,-0.0126168232382042,-0.0258912309800508,-0.00686217519978527,NaN,NaN,NaN,NaN,NaN,NaN,NaN,NaN,NaN
NaN,NaN,0.0108928073217006,0.0121146942935108,0.00938289678985408,0.00774308131561459,-0.0117951732099755,-0.0227147131954553,-0.00370178792218212,NaN,NaN,NaN,NaN,NaN,NaN,NaN,NaN,NaN
NaN,NaN,0.00888137407794905,0.011989394154322,0.0117119855373555,0.00509980158434094,-0.0144443388999207,-0.0239625364338281,-0.00576116565207485,NaN,NaN,NaN,NaN,NaN,NaN,NaN,NaN,NaN
NaN,NaN,0.00592015944615317,0.00778261008478391,0.00631094790393642,0.00509685860500516,-0.0165852073550923,-0.0246314309333684,-0.00715639862755779,NaN,NaN,NaN,NaN,NaN,NaN,NaN,NaN,NaN
NaN,NaN,0.0113514091838927,0.0063223894200443,0.00761455736452869,0.00571020902619542,-0.0170469757140381,-0.0260204799269559,-0.00713224011997227,NaN,NaN,NaN,NaN,NaN,NaN,NaN,NaN,NaN
NaN,NaN,0.00886040069356871,0.00481875049687612,0.00502710110837749,0.000387756391622437,-0.0140901941776974,-0.0243201084231259,-0.00825239765981678,NaN,NaN,NaN,NaN,NaN,NaN,NaN,NaN,NaN
NaN,NaN,0.00793027021184874,0.0109886321685432,0.0107448442965203,0.00556579814777554,-0.0109247405052884,-0.0202515885030152,-0.00571903261879925,NaN,NaN,NaN,NaN,NaN,NaN,NaN,NaN,NaN
NaN,NaN,0.0108779992927642,0.0134292933604835,0.00921609691674045,0.00371367694363774,-0.00804017372138333,-0.0180440373515012,-0.00729643228987698,NaN,NaN,NaN,NaN,NaN,NaN,NaN,NaN,NaN
NaN,NaN,0.00976225622192336,0.0093273948392986,0.00824482060367397,0.00650147931204022,-0.0067153859854443,-0.0182982697879197,-0.00517959195713047,NaN,NaN,NaN,NaN,NaN,NaN,NaN,NaN,NaN
NaN,NaN,0.0120030742158027,0.00921701448775517,0.00938623092467121,0.0087646676741618,-0.00558619461662602,-0.0203996501659276,-0.00653472218255047,NaN,NaN,NaN,NaN,NaN,NaN,NaN,NaN,NaN
NaN,NaN,0.00673689209118796,0.00923878880954968,0.00747033275062373,0.0108356683097857,-0.0038171846390469,-0.0204111613129498,-0.0103487488959217,NaN,NaN,NaN,NaN,NaN,NaN,NaN,NaN,NaN
NaN,NaN,0.00320961959854079,0.0152241941056369,0.013265617856329,0.0150745643816966,-0.00116483382589649,-0.0195588707720162,-0.00600772399047856,NaN,NaN,NaN,NaN,NaN,NaN,NaN,NaN,NaN
NaN,NaN,0.0064519632627101,0.0141067001483558,0.0123224116056614,0.0130468143664378,-0.00224935896403622,-0.0198020018433454,-0.00560783270339016,NaN,NaN,NaN,NaN,NaN,NaN,NaN,NaN,NaN
NaN,NaN,0.00850796960488272,0.00998429390407788,0.011986874708479,0.0150778426371592,-0.00440140329010319,-0.0195489428733708,-0.00269219699839596,NaN,NaN,NaN,NaN,NaN,NaN,NaN,NaN,NaN
NaN,NaN,0.00950677581325484,0.013396771576178,0.0147289491384678,0.0147922432564277,-0.00433911643631291,-0.0176388934050919,-0.00353536057809833,NaN,NaN,NaN,NaN,NaN,NaN,NaN,NaN,NaN
NaN,NaN,0.00627616681352568,0.0123177039883255,0.015641533502882,0.0116516745232123,-0.004516905915807,-0.0173978298698785,-0.00907775435189251,NaN,NaN,NaN,NaN,NaN,NaN,NaN,NaN,NaN
NaN,NaN,0.00511110089913321,0.0160794835052608,0.0140160403340512,0.00999405072555722,-0.00326429567940067,-0.0147982850467088,-0.00601128164271359,NaN,NaN,NaN,NaN,NaN,NaN,NaN,NaN,NaN
NaN,NaN,0.00696527101293517,0.0149825904033302,0.0115454464345627,0.00759878219590367,-0.00455814487941097,-0.0174597255681874,-0.00567837107519154,NaN,NaN,NaN,NaN,NaN,NaN,NaN,NaN,NaN
NaN,NaN,0.00506013892785025,0.00984746399141538,0.0102356343656235,0.00808280916438283,-0.00661776475317311,-0.0166161894594552,-0.00530690375308041,NaN,NaN,NaN,NaN,NaN,NaN,NaN,NaN,NaN
NaN,NaN,0.0053148183991046,0.0109808835647224,0.0140884786039048,0.0123311861001033,-0.00476108006841969,-0.0169369742070558,-0.00999520022014622,NaN,NaN,NaN,NaN,NaN,NaN,NaN,NaN,NaN
NaN,NaN,0.00331735499397231,0.0131881180665611,0.0119919411032849,0.0125610737644214,-0.00125602893240284,-0.0163690723275067,-0.0133058843348408,NaN,NaN,NaN,NaN,NaN,NaN,NaN,NaN,NaN
NaN,NaN,0.00581659637585593,0.0159961301348327,0.0103613629131966,0.0108590445064086,0.000367489832569845,-0.017464400807512,-0.008991811904707,NaN,NaN,NaN,NaN,NaN,NaN,NaN,NaN,NaN
NaN,NaN,0.00692770146027518,0.0121281798443912,0.00872173226768306,0.0101544803522605,-0.00395110882527661,-0.0202921569143655,-0.01031777310709,NaN,NaN,NaN,NaN,NaN,NaN,NaN,NaN,NaN
NaN,NaN,0.00414746143117858,0.00687131094552266,0.00635617292815975,0.00847584591732205,-0.00842754803306889,-0.0215081848000409,-0.0142335188720608,NaN,NaN,NaN,NaN,NaN,NaN,NaN,NaN,NaN
NaN,NaN,-0.000259761882868283,0.00503764855481374,0.0117618858009034,0.00787197635994137,-0.00688311718113255,-0.0222367025708081,-0.0181432110402966,NaN,NaN,NaN,NaN,NaN,NaN,NaN,NaN,NaN
NaN,NaN,-0.00127643085822152,0.00462941261745679,0.00540862671429447,0.00416605757103146,-0.0065913710714085,-0.0231931149755837,-0.0214027282927418,NaN,NaN,NaN,NaN,NaN,NaN,NaN,NaN,NaN
NaN,NaN,-0.000486799700108046,0.00645286771274792,0.00177106700236133,0.000295145674802674,-0.00435582436330151,-0.0261870004032971,-0.0214649592671776,NaN,NaN,NaN,NaN,NaN,NaN,NaN,NaN,NaN
NaN,NaN,-0.002317966146317,0.00202718558527219,0.0017348013013058,-0.00340173928513347,-0.010299543660949,-0.0295889355038526,-0.0245162700448418,NaN,NaN,NaN,NaN,NaN,NaN,NaN,NaN,NaN
NaN,NaN,-0.00673737115963983,-0.00404701200507892,0.000957687118595157,-0.00376041023506938,-0.0125100005388958,-0.0325039192830445,-0.0294648152921582,NaN,NaN,NaN,NaN,NaN,NaN,NaN,NaN,NaN
NaN,NaN,-0.00965649001106309,-0.00309425038479579,0.000900485286062274,-0.000506518170974838,-0.0108243811846478,-0.0303613930736901,-0.028286897126236,NaN,NaN,NaN,NaN,NaN,NaN,NaN,NaN,NaN
NaN,NaN,-0.00729851163729715,0.000888699617159242,-0.00068244644110867,-0.00694354040994464,-0.00697855911857914,-0.030291432121885,-0.0274687674973393,NaN,NaN,NaN,NaN,NaN,NaN,NaN,NaN,NaN
NaN,NaN,-0.00417984761103677,0.00218403893328893,0.00149554453188709,-0.00745530216469585,-0.0046842832089169,-0.0305198296700837,-0.0221319166157628,NaN,NaN,NaN,NaN,NaN,NaN,NaN,NaN,NaN
NaN,NaN,-0.00187603495821046,0.000419760074388856,0.00270371205503276,-0.00876585929169475,-0.00950011498935055,-0.029604767987621,-0.021853879574337,NaN,NaN,NaN,NaN,NaN,NaN,NaN,NaN,NaN
NaN,NaN,-0.00443519763454484,-0.00146145564697993,0.00498908452088168,-0.00737884058131992,-0.00740491859323811,-0.0262098364328267,-0.0233724382851506,NaN,NaN,NaN,NaN,NaN,NaN,NaN,NaN,NaN
NaN,NaN,-0.00501516945466089,0.00176192628957021,0.00490759379560283,-0.0044448205687028,-0.00365139059431385,-0.0238161697780015,-0.0201712218258763,NaN,NaN,NaN,NaN,NaN,NaN,NaN,NaN,NaN
NaN,NaN,0.000741987304839617,0.0045644808075546,0.00268767468029789,-0.00775172351374446,-0.000341004502843134,-0.0251287013088586,-0.023044463727274,NaN,NaN,NaN,NaN,NaN,NaN,NaN,NaN,NaN
NaN,NaN,0.00229638330832434,0.00407108473397481,0.00327992133194736,-0.00986502482070743,0.00161803253286052,-0.0256561837886693,-0.019714240464964,NaN,NaN,NaN,NaN,NaN,NaN,NaN,NaN,NaN
NaN,NaN,0.0018072340656848,0.00105281728125798,0.00625301963979534,-0.00971124483718692,0.000498154389788397,-0.0262300647591474,-0.021772947642603,NaN,NaN,NaN,NaN,NaN,NaN,NaN,NaN,NaN
NaN,NaN,-0.000917927546349041,-0.00276953545593036,0.00185229695731929,-0.00418628542198955,-0.00209943465597462,-0.0271838322078111,-0.0248506148491288,NaN,NaN,NaN,NaN,NaN,NaN,NaN,NaN,NaN
NaN,NaN,-0.00101068727478074,0.000334506805908555,0.002772164264267,0.00129408226833524,0.00102667995088268,-0.025182252356899,-0.0236291480396176,NaN,NaN,NaN,NaN,NaN,NaN,NaN,NaN,NaN
NaN,NaN,0.00352023430362654,0.00174234988905179,0.0037983886092358,-0.00118159665241062,-0.000516726446221583,-0.0294287107681157,-0.0255255629454041,NaN,NaN,NaN,NaN,NaN,NaN,NaN,NaN,NaN
NaN,NaN,0.00217650346651984,-0.000694194857108718,0.00617016918355754,-0.00394755019321262,-0.00160696990496945,-0.0266310177539708,-0.0189797063503647,NaN,NaN,NaN,NaN,NaN,NaN,NaN,NaN,NaN
NaN,NaN,0.0045165259410472,-0.00112273362659228,0.00783369756633571,-0.000382056222103227,-0.00405258573300671,-0.0238250732218148,-0.0198143390152836,NaN,NaN,NaN,NaN,NaN,NaN,NaN,NaN,NaN
NaN,NaN,0.00205101706281615,-0.00148036149524463,0.00699194959694675,0.00154850096926869,-0.00443517304665875,-0.0180290058051469,-0.0184615370963002,NaN,NaN,NaN,NaN,NaN,NaN,NaN,NaN,NaN
NaN,NaN,0.00281688086882544,0.00212923991299855,0.00826285100871852,0.00431335554943265,-0.00142716876871418,-0.015242134759319,-0.0150454831455136,NaN,NaN,NaN,NaN,NaN,NaN,NaN,NaN,NaN
NaN,NaN,0.00588361434832526,0.00400527748085248,0.00822883910829357,-0.00116175948157131,-0.00231350846297573,-0.0161505281721475,-0.015690014246502,NaN,NaN,NaN,NaN,NaN,NaN,NaN,NaN,NaN
NaN,NaN,0.00158675275937033,-0.0021535028257252,0.00937675006086162,-0.00370238883867084,0.000187558311154135,-0.0200138591026189,-0.0112434891198063,NaN,NaN,NaN,NaN,NaN,NaN,NaN,NaN,NaN
NaN,NaN,0.00301944352880431,-0.00767520261191142,0.00488978690797618,-0.00220331339611827,-0.00241930670745205,-0.0224012113903882,-0.0155061525438214,NaN,NaN,NaN,NaN,NaN,NaN,NaN,NaN,NaN
NaN,NaN,0.000539704041633136,-0.00970647302650226,0.000500500866716415,0.00186490850076855,-0.00232414416677784,-0.0249595172499539,-0.0169739728007698,NaN,NaN,NaN,NaN,NaN,NaN,NaN,NaN,NaN
NaN,NaN,0.000157153980884082,-0.0084277857580067,-0.000706511816436734,0.00371447788105191,-0.00245501361496281,-0.0263655721937539,-0.0163594116602326,NaN,NaN,NaN,NaN,NaN,NaN,NaN,NaN,NaN
NaN,NaN,0.00272076837912513,-0.00820560944460643,0.00344342432314685,-0.00247246562018215,-0.00430525354749989,-0.0281405798887135,-0.0186426793370629,NaN,NaN,NaN,NaN,NaN,NaN,NaN,NaN,NaN
NaN,NaN,0.00124961398735953,-0.0114603210725666,0.00107812575394443,-0.00205096764936267,-0.00641278065450024,-0.0294874772225739,-0.0159133453998948,NaN,NaN,NaN,NaN,NaN,NaN,NaN,NaN,NaN
NaN,NaN,0.00090813525215102,-0.0125013720729233,-0.00189489804809758,-0.000733947143695939,-0.00912965349562,-0.0255597360228421,-0.0195481297705555,NaN,NaN,NaN,NaN,NaN,NaN,NaN,NaN,NaN
NaN,NaN,-0.00111506990894365,-0.0153982695677162,-0.00309414350097844,0.000503650172807586,-0.00877515487081837,-0.0260442659055116,-0.0170416426990414,NaN,NaN,NaN,NaN,NaN,NaN,NaN,NaN,NaN
NaN,NaN,-0.00366536639436769,-0.0130031873025776,-0.00232854046529004,0.0021961240612048,-0.00878698266751599,-0.0231352798437001,-0.0179854263697052,NaN,NaN,NaN,NaN,NaN,NaN,NaN,NaN,NaN
NaN,NaN,-0.000363660229292385,-0.009898437235582,-0.00105689399545857,-0.0037749016143304,-0.00429351888305973,-0.0222126558219316,-0.021414462957182,NaN,NaN,NaN,NaN,NaN,NaN,NaN,NaN,NaN
NaN,NaN,-0.0045815829168229,-0.0115497839190842,-0.00197022341793248,-0.00124773918165981,-0.00398683435923886,-0.0219133846258046,-0.0172377419803524,NaN,NaN,NaN,NaN,NaN,NaN,NaN,NaN,NaN
NaN,NaN,-0.00556811429366159,-0.0114513617493988,-0.00407035582369038,0.00250325561986149,-0.0056954760075314,-0.0224007643555524,-0.0205363747809315,NaN,NaN,NaN,NaN,NaN,NaN,NaN,NaN,NaN
NaN,NaN,-0.00804312266215371,-0.011237828109491,-0.00672730737035939,0.00560772629008473,-0.00786176956898998,-0.0237197965179803,-0.0176364411745453,NaN,NaN,NaN,NaN,NaN,NaN,NaN,NaN,NaN
NaN,NaN,-0.00912449992999124,-0.00966020492099536,-0.00179414757197567,0.00448831380829991,-0.0053789194644196,-0.0232529245113255,-0.021264110240736,NaN,NaN,NaN,NaN,NaN,NaN,NaN,NaN,NaN
NaN,NaN,-0.00328208990201044,-0.00792943504832995,-0.00151417337959477,0.00150418864116849,-0.00513537861115765,-0.0221609115396859,-0.0222225901816273,NaN,NaN,NaN,NaN,NaN,NaN,NaN,NaN,NaN
NaN,NaN,-0.00536288805111932,-0.00973512050889743,0.00053212858135036,0.00126500637755574,-0.00562080256349873,-0.0206973381136777,-0.0199615997407818,NaN,NaN,NaN,NaN,NaN,NaN,NaN,NaN,NaN
NaN,NaN,-0.00572390593394326,-0.00782101047419322,0.0020414485722237,0.0022278635345477,-0.00620936117775273,-0.0199786178563954,-0.0205742051039124,NaN,NaN,NaN,NaN,NaN,NaN,NaN,NaN,NaN
NaN,NaN,-0.00686561427816438,-0.0104442108907582,0.00317620925003818,0.00157111348138035,-0.00960352904803585,-0.0200341991876485,-0.0221545663807774,NaN,NaN,NaN,NaN,NaN,NaN,NaN,NaN,NaN
NaN,NaN,-0.0062523011098771,-0.00936896172546161,0.000792768517082248,-0.000660614804170716,-0.00711402930028271,-0.0193210482393624,-0.0299888332519913,NaN,NaN,NaN,NaN,NaN,NaN,NaN,NaN,NaN
NaN,NaN,-0.00385872758730935,-0.00876205605648768,-0.000602091929370847,-0.0028031782664281,-0.00367828719026875,-0.0192657090519788,-0.0302751590643311,NaN,NaN,NaN,NaN,NaN,NaN,NaN,NaN,NaN
NaN,NaN,-0.00807715318903016,-0.00956608546160472,-0.00224218823617169,-0.00262993364109813,-0.00312711186415982,-0.0202539913152577,-0.0272200857434655,NaN,NaN,NaN,NaN,NaN,NaN,NaN,NaN,NaN
NaN,NaN,-0.00750554464563417,-0.00980508146070254,-0.00261654265826413,0.00387526141033353,-0.00305990762717556,-0.0192850805615308,-0.025404640022316,NaN,NaN,NaN,NaN,NaN,NaN,NaN,NaN,NaN
NaN,NaN,-0.00883318222865152,-0.00783384409927142,0.000803311088626895,0.00704775588140668,-0.00264558084018063,-0.0184749603067758,-0.0260757324431324,NaN,NaN,NaN,NaN,NaN,NaN,NaN,NaN,NaN
NaN,NaN,-0.00670429058178949,-0.0074839089550854,-0.000919412156993833,0.00749782682881535,-0.0030828181625111,-0.0192761957441689,-0.0286835474107647,NaN,NaN,NaN,NaN,NaN,NaN,NaN,NaN,NaN
NaN,NaN,-0.00238023437365579,-0.004875144038427,-0.000278103432113614,0.0051015897236842,-0.00106378532655071,-0.0193459331785562,-0.0273501915071392,NaN,NaN,NaN,NaN,NaN,NaN,NaN,NaN,NaN
NaN,NaN,-0.00643172971710252,-0.00529775959633601,-0.00235122748320767,0.00252933265195073,-0.00505910329229664,-0.0180255226587178,-0.0237853494618321,NaN,NaN,NaN,NaN,NaN,NaN,NaN,NaN,NaN
NaN,NaN,-0.00677775330647516,-0.00561383185170901,0.00165133617216877,0.00280556292758168,-0.00531858838803601,-0.0155459508096101,-0.0209801872406388,NaN,NaN,NaN,NaN,NaN,NaN,NaN,NaN,NaN
NaN,NaN,-0.00392541028365182,-0.00619873968147052,-0.000213823548013654,0.00341658504233541,-0.00604539252526592,-0.0135606691037538,-0.0228451420698548,NaN,NaN,NaN,NaN,NaN,NaN,NaN,NaN,NaN
NaN,NaN,-0.00470110885604905,-0.00467835557841075,-0.00145011701291272,0.00315564708337964,-0.00453173257119488,-0.0124610565399053,-0.0214831945631886,NaN,NaN,NaN,NaN,NaN,NaN,NaN,NaN,NaN
NaN,NaN,-0.00233957283004808,-0.000560345176684981,0.00103517315680316,8.63804064768665e-05,-0.00141714773781132,-0.0123004033957841,-0.0181069453392411,NaN,NaN,NaN,NaN,NaN,NaN,NaN,NaN,NaN
NaN,NaN,-0.0028907667826085,-0.00194538948320163,-0.00353605606263348,-0.000820932672165025,-0.00378700978762936,-0.0139250397478463,-0.0156199042830849,NaN,NaN,NaN,NaN,NaN,NaN,NaN,NaN,NaN
NaN,NaN,-0.00307133160337495,-0.00234379065417064,-0.00146950714891621,0.00459934608564557,-0.00312806181318592,-0.011651569584501,-0.0134635758731747,NaN,NaN,NaN,NaN,NaN,NaN,NaN,NaN,NaN
NaN,NaN,0.000740795211944109,-0.00243520927809489,3.26774412921435e-06,0.00564976619110288,-0.00186049453623127,-0.0113557442819001,-0.0152376522455597,NaN,NaN,NaN,NaN,NaN,NaN,NaN,NaN,NaN
NaN,NaN,-0.0015712503324418,0.000535821493637437,0.00695033810431293,0.00803303928599538,-0.000203206014703028,-0.010967215130222,-0.016678110245266,NaN,NaN,NaN,NaN,NaN,NaN,NaN,NaN,NaN
NaN,NaN,0.00225182883635474,0.0040289517006992,0.0105957954316788,0.00479421602115811,-0.000411356610129587,-0.0100695691799046,-0.0166108501289273,NaN,NaN,NaN,NaN,NaN,NaN,NaN,NaN,NaN
NaN,NaN,0.00220448039666129,0.00563032361484753,0.0104601017325573,0.00162520469651402,-0.00393309704668354,-0.00786203665484209,-0.0133120683167363,NaN,NaN,NaN,NaN,NaN,NaN,NaN,NaN,NaN
NaN,NaN,0.00262404121652556,0.0048759337029575,0.012267687091177,0.00419436977729977,-0.00371669493324589,-0.00833602396596689,-0.0139072579477215,NaN,NaN,NaN,NaN,NaN,NaN,NaN,NaN,NaN
NaN,NaN,0.00300176702633811,0.00869344356275785,0.00662795148188404,0.0061576163910407,-0.00244009382731747,-0.00779591275204439,-0.0177729544375325,NaN,NaN,NaN,NaN,NaN,NaN,NaN,NaN,NaN
NaN,NaN,-0.00123206265076684,0.0114325377605079,0.00927644661957553,0.0042141696952361,-0.000505848598550074,-0.00797364635218401,-0.0208369312022114,NaN,NaN,NaN,NaN,NaN,NaN,NaN,NaN,NaN
NaN,NaN,-0.000436769051399702,0.012016216244471,0.0113074562638455,0.000449316813804519,-1.77983165485784e-05,-0.00861068961967248,-0.0191747625503922,NaN,NaN,NaN,NaN,NaN,NaN,NaN,NaN,NaN
NaN,NaN,-0.000171565635052197,0.00809760200597036,0.00742194122964672,0.000561205907918822,-0.00495382658846211,-0.00801708323706407,-0.0167763834033394,NaN,NaN,NaN,NaN,NaN,NaN,NaN,NaN,NaN
NaN,NaN,0.000306966530236727,0.00505327614761578,0.00430875338012508,0.00257301168070019,-0.00311900935776066,-0.0107639819179894,-0.0188004081282998,NaN,NaN,NaN,NaN,NaN,NaN,NaN,NaN,NaN
NaN,NaN,-0.000284255666580671,0.00631564664460408,0.00164260036641887,0.00399655686245145,-0.00577003769285511,-0.011389905193937,-0.0236998354230309,NaN,NaN,NaN,NaN,NaN,NaN,NaN,NaN,NaN
NaN,NaN,-0.00368261448844957,0.00622722687937009,0.00145234979087642,-0.00063193006887256,-0.00660657025582623,-0.0125542633031728,-0.0269470592174912,NaN,NaN,NaN,NaN,NaN,NaN,NaN,NaN,NaN
NaN,NaN,-0.00109642483099985,0.00575685309983479,0.00273925132448009,-0.0039773711420518,-0.00563978291756939,-0.0103002019022824,-0.0249351789389038,NaN,NaN,NaN,NaN,NaN,NaN,NaN,NaN,NaN
NaN,NaN,-0.00210957340702104,0.00328068989135014,0.000680059859102283,-0.00677349953427135,-0.00753353424079251,-0.00993836445559282,-0.022036921713152,NaN,NaN,NaN,NaN,NaN,NaN,NaN,NaN,NaN
NaN,NaN,-0.0014419082532792,-0.000739829663264876,-0.00288100101655194,-0.00452215759529888,-0.00493367276794743,-0.0102648302708985,-0.0252493140433216,NaN,NaN,NaN,NaN,NaN,NaN,NaN,NaN,NaN
NaN,NaN,-0.000268218291845793,0.00339570822931516,-0.00472345509236523,-0.0035002359606248,-0.00700810067064594,-0.00796174404968042,-0.0303738792572403,NaN,NaN,NaN,NaN,NaN,NaN,NaN,NaN,NaN
NaN,NaN,-0.00649658702119874,0.00164221408582913,-0.00303073906009861,-0.0101436579085809,-0.0032211195648415,-0.0102694496308686,-0.0336986077163601,NaN,NaN,NaN,NaN,NaN,NaN,NaN,NaN,NaN
NaN,NaN,-0.00269781537159967,0.000485474195253724,-0.0031496875793285,-0.0116302350021821,-0.00470108426816296,-0.0121505908464314,-0.0320827071700478,NaN,NaN,NaN,NaN,NaN,NaN,NaN,NaN,NaN
NaN,NaN,-0.00474102534159707,-0.00411371332787288,-0.00739271872347065,-0.00789520306958972,-0.00642496235377621,-0.0170032471214654,-0.0297913183603669,NaN,NaN,NaN,NaN,NaN,NaN,NaN,NaN,NaN
NaN,NaN,-0.00689966343149232,-0.00560777825497401,-0.00786979802554318,-0.00363186909332095,-0.00749238840944599,-0.0160346343909623,-0.0317353797290707,NaN,NaN,NaN,NaN,NaN,NaN,NaN,NaN,NaN
NaN,NaN,-0.00464513636931467,-0.00140812811635745,-0.00493078612392613,-0.00189702002777873,-0.0107526320934994,-0.0157327554916264,-0.0334937912557507,NaN,NaN,NaN,NaN,NaN,NaN,NaN,NaN,NaN
NaN,NaN,-0.00676057971819925,-0.00413403478645099,-0.00304504417484471,-0.00876947282328426,-0.0100219909072621,-0.0152325421368005,-0.0358932321105385,NaN,NaN,NaN,NaN,NaN,NaN,NaN,NaN,NaN
NaN,NaN,-0.00371023751601266,2.19176969646169e-05,-0.00365185671156117,-0.0119641327716333,-0.0105299342394574,-0.0153290644084336,-0.030084088924923,NaN,NaN,NaN,NaN,NaN,NaN,NaN,NaN,NaN
NaN,NaN,-0.00369939692124414,-0.00425691348694575,-0.0073257566303558,-0.0123827622689229,-0.0109719771862729,-0.015707274505985,-0.0263804425630951,NaN,NaN,NaN,NaN,NaN,NaN,NaN,NaN,NaN
NaN,NaN,-0.00467248000010538,-0.00304597062252772,-0.00754081763928601,-0.00691086961402713,-0.0100012037873967,-0.00779095811594743,-0.0269572478864575,NaN,NaN,NaN,NaN,NaN,NaN,NaN,NaN,NaN
NaN,NaN,-0.000654828919020171,0.00460517960406529,-0.000918462207967725,-0.00670318467988788,-0.00458146519667935,-0.00553266851056833,-0.0278786239359761,NaN,NaN,NaN,NaN,NaN,NaN,NaN,NaN,NaN
NaN,NaN,0.000639281051311021,0.00149340736485707,-0.000749501666480985,-0.0114189551629048,-0.0023671153903706,-0.00588899252761621,-0.0285833557281876,NaN,NaN,NaN,NaN,NaN,NaN,NaN,NaN,NaN
NaN,NaN,0.00448201112643195,0.00401423680402028,-0.00271790780728528,-0.00882706581129848,-0.00121723003394436,-0.00790720579971094,-0.022597633782425,NaN,NaN,NaN,NaN,NaN,NaN,NaN,NaN,NaN
NaN,NaN,0.00327192507878256,0.00158065366364705,-0.00720347397630879,-0.00420984788312732,-0.00168063752062153,-0.00482780633319635,-0.0203225989971543,NaN,NaN,NaN,NaN,NaN,NaN,NaN,NaN,NaN
NaN,NaN,0.00230966396823836,0.00326640340305554,-0.00181735613053509,0.000638338043548476,0.00127159916155506,-0.00172806678165216,-0.0213897084031487,NaN,NaN,NaN,NaN,NaN,NaN,NaN,NaN,NaN
NaN,NaN,0.0064589854349227,0.00603632437802541,0.00460595704013637,0.000614030524351012,0.00236823149316479,0.000416061302530579,-0.0208858070109272,NaN,NaN,NaN,NaN,NaN,NaN,NaN,NaN,NaN
NaN,NaN,0.00769702978626204,0.0034912805519222,0.00261162287885479,-0.00440784706249057,0.00092723332636524,-0.0028784364258172,-0.022137299660244,NaN,NaN,NaN,NaN,NaN,NaN,NaN,NaN,NaN
NaN,NaN,0.0108846861888499,0.0073086414001106,0.00442330605680278,-0.00245262844934284,0.00229713432781864,-0.000750252584111877,-0.0141854812536622,NaN,NaN,NaN,NaN,NaN,NaN,NaN,NaN,NaN
NaN,NaN,0.00898598022952986,0.00441563683367955,0.00171708754593662,-0.000866269455097306,-0.000744192671845667,0.00153880791913252,-0.0172938262257958,NaN,NaN,NaN,NaN,NaN,NaN,NaN,NaN,NaN
NaN,NaN,0.00804497190013838,0.00799158024407613,0.00363699040705493,-0.00060741765870868,0.00280448161356617,0.0027147516811965,-0.0208142814371968,NaN,NaN,NaN,NaN,NaN,NaN,NaN,NaN,NaN
NaN,NaN,0.00889856629267645,0.00570943015433537,0.00749559021884731,-0.00162419839277088,0.00343832113139797,0.00232273938308936,-0.0211192337010289,NaN,NaN,NaN,NaN,NaN,NaN,NaN,NaN,NaN
NaN,NaN,0.00566775240198088,0.0049553941450237,0.00297983057195476,-0.00697652785553752,0.00194548555009533,-0.00381616649974603,-0.0229719323251629,NaN,NaN,NaN,NaN,NaN,NaN,NaN,NaN,NaN
NaN,NaN,0.00822054483190489,0.00718114333964574,0.000580669113939317,-0.00181288434638797,0.00186919160478283,0.000737740119802766,-0.0173080382082844,NaN,NaN,NaN,NaN,NaN,NaN,NaN,NaN,NaN
NaN,NaN,0.00554969795242262,0.00816543954230534,0.00193481213743022,-0.00148459313883601,-0.000410779190133326,0.000941196849453263,-0.019418526921072,NaN,NaN,NaN,NaN,NaN,NaN,NaN,NaN,NaN
NaN,NaN,0.00619706027403784,0.00739192026473271,0.00409810684019855,-0.00167579366340457,0.00102386735670734,0.00116527306090575,-0.0193152805004502,NaN,NaN,NaN,NaN,NaN,NaN,NaN,NaN,NaN
NaN,NaN,0.00687569640770865,0.00441831904269444,0.00367685101324848,-0.00320167256965457,-0.00236858688003849,-0.00351844129909296,-0.0200493117008591,NaN,NaN,NaN,NaN,NaN,NaN,NaN,NaN,NaN
NaN,NaN,0.0027842845787139,0.00378632354356038,-0.000534701427871672,-0.0104892717160207,-0.00411550588614773,-0.00544508693565149,-0.0227293227944756,NaN,NaN,NaN,NaN,NaN,NaN,NaN,NaN,NaN
NaN,NaN,0.00347420834198905,0.00381856593109357,-0.00212217800920674,-0.00966071127428828,-0.0034032676339848,-0.00147111488331575,-0.0184089173708344,NaN,NaN,NaN,NaN,NaN,NaN,NaN,NaN,NaN
NaN,NaN,0.00418715439930869,0.00458025741196858,-0.00282148950403401,-0.00981857045068561,-0.00595490522391628,-0.000631024668109603,-0.0229253848228836,NaN,NaN,NaN,NaN,NaN,NaN,NaN,NaN,NaN
NaN,NaN,0.00608133413091612,0.00312517764784085,-0.00165798821156689,-0.00909036932959376,-0.00294533632404637,-0.00255575178016443,-0.0238513988588238,NaN,NaN,NaN,NaN,NaN,NaN,NaN,NaN,NaN
NaN,NaN,0.00288028530970526,0.00279670017577397,-0.000301759025508848,-0.00826635374202548,-0.0042047079623444,-0.0060474291240098,-0.0266680536005879,NaN,NaN,NaN,NaN,NaN,NaN,NaN,NaN,NaN
NaN,NaN,0.00231240205660773,0.00205585169411885,-0.00565436788504788,-0.0107348242260438,-0.00577866173989605,-0.00847944764245767,-0.0288870227668667,NaN,NaN,NaN,NaN,NaN,NaN,NaN,NaN,NaN
NaN,NaN,0.000127072261724,0.00368754747129666,-0.00419496678417393,-0.00643703131451427,-0.00439885146624874,-0.00531071571458597,-0.023904335233965,NaN,NaN,NaN,NaN,NaN,NaN,NaN,NaN,NaN
NaN,NaN,0.00500053428307486,0.00517518627263295,-0.00125100024645993,-0.00445744930281459,-0.00465630627877545,-0.00559298096050043,-0.0237014186714077,NaN,NaN,NaN,NaN,NaN,NaN,NaN,NaN,NaN
NaN,NaN,0.00759396963015509,0.00327610778428304,0.00319599054152301,-0.000673616067312348,-0.0038818556786282,-0.0061348430608632,-0.0209332485828782,NaN,NaN,NaN,NaN,NaN,NaN,NaN,NaN,NaN
NaN,NaN,0.00626636930004073,0.00730756106592404,0.00316447458559802,0.000470793112375152,-0.00494278110272717,-0.00409310458053369,-0.0216612634394551,NaN,NaN,NaN,NaN,NaN,NaN,NaN,NaN,NaN
NaN,NaN,0.00428460799351645,0.00860530319429624,0.00281249053174785,-0.00576536147370158,-0.00579473636753391,-0.00239996013988275,-0.0195542951259995,NaN,NaN,NaN,NaN,NaN,NaN,NaN,NaN,NaN
NaN,NaN,0.00395272188082648,0.00832205074645268,0.00515452466303638,-0.0060462856151086,-0.00486862919933628,0.00216217937122565,-0.0163131994340802,NaN,NaN,NaN,NaN,NaN,NaN,NaN,NaN,NaN
NaN,NaN,0.008968694882545,0.00969780045367467,0.00540816105300716,-0.00454143597259341,-0.00317837185866665,0.00064091982494574,-0.01609314653615,NaN,NaN,NaN,NaN,NaN,NaN,NaN,NaN,NaN
NaN,NaN,0.00870162882104826,0.0100270788631557,0.0103451206474953,-0.00215235142483531,0.000974358248640783,0.000309294482576661,-0.0179749396775151,NaN,NaN,NaN,NaN,NaN,NaN,NaN,NaN,NaN
NaN,NaN,0.00887630768314314,0.0118689927718757,0.00593609056765369,-0.00149558274521648,0.00143541880242992,0.00219652654777747,-0.0180067909095669,NaN,NaN,NaN,NaN,NaN,NaN,NaN,NaN,NaN
NaN,NaN,0.0106162417699428,0.0136657934150814,0.00684081456953815,-0.00155360414161502,0.00163978822820354,0.00317244084726553,-0.0188162406120682,NaN,NaN,NaN,NaN,NaN,NaN,NaN,NaN,NaN
NaN,NaN,0.0127351496388049,0.015830764498484,0.00707433439189723,0.00146868662462415,0.00554987155192066,0.00457788111816626,-0.0150070008967305,NaN,NaN,NaN,NaN,NaN,NaN,NaN,NaN,NaN
NaN,NaN,0.0165815677513213,0.0173556748292564,0.013242651441639,0.00399450795278729,0.00520278625481296,0.00241546185861807,-0.0149096963141346,NaN,NaN,NaN,NaN,NaN,NaN,NaN,NaN,NaN
NaN,NaN,0.0167927358318896,0.0157104189953922,0.0127273692875557,0.00682267384157361,0.00342094265215565,0.00292537959467154,-0.015985467020073,NaN,NaN,NaN,NaN,NaN,NaN,NaN,NaN,NaN
NaN,NaN,0.0150038514305682,0.0166510920486568,0.0113917782097512,0.00861222879514874,0.00456194319122005,0.00638615565549116,-0.0136540127132321,NaN,NaN,NaN,NaN,NaN,NaN,NaN,NaN,NaN
NaN,NaN,0.0173652570714088,0.0180890168509601,0.0157010636418515,0.00540175498948277,0.00355609618418384,0.0076663516665576,-0.012013301733532,NaN,NaN,NaN,NaN,NaN,NaN,NaN,NaN,NaN
NaN,NaN,0.0173407446612449,0.0189110580346702,0.0140716775446587,0.00872247876153172,0.00773970894806553,0.00814579652796965,-0.00973299566248898,NaN,NaN,NaN,NaN,NaN,NaN,NaN,NaN,NaN
NaN,NaN,0.0206199500729175,0.0218091848752617,0.0197236879854851,0.00843555690274419,0.00760164968960453,0.00838857369672041,-0.0109953661594773,NaN,NaN,NaN,NaN,NaN,NaN,NaN,NaN,NaN
NaN,NaN,0.014799724148664,0.0173985901734947,0.0166403024583512,0.00897663669214429,0.00578767545812298,0.00625571461569052,-0.0115818572376156,NaN,NaN,NaN,NaN,NaN,NaN,NaN,NaN,NaN
NaN,NaN,0.0132310602833362,0.0174266043565391,0.0154511897950821,0.0106319694362658,0.00368003659241367,0.00750111641536932,-0.01170210960845,NaN,NaN,NaN,NaN,NaN,NaN,NaN,NaN,NaN
NaN,NaN,0.0147395234574409,0.0194474625847458,0.0153890147000008,0.00764339254722775,0.00460815541737247,0.00483563395391684,-0.0111096021864796,NaN,NaN,NaN,NaN,NaN,NaN,NaN,NaN,NaN
NaN,NaN,0.0148390818406673,0.0185370575151561,0.0183887115805798,0.00969202281460942,0.00526121743314434,0.00325957538734656,-0.00851689327100758,NaN,NaN,NaN,NaN,NaN,NaN,NaN,NaN,NaN
NaN,NaN,0.0181177470852466,0.0192990656457065,0.0201540148943119,0.00983611704335393,0.00173856430046726,0.00407636391173583,-0.00817142847517971,NaN,NaN,NaN,NaN,NaN,NaN,NaN,NaN,NaN
NaN,NaN,0.0146348800529571,0.0162578131518482,0.016529177048748,0.00800372125134648,-0.000102679055999033,0.0053385481442092,-0.0110346493456746,NaN,NaN,NaN,NaN,NaN,NaN,NaN,NaN,NaN
NaN,NaN,0.0133274149169059,0.018840072628033,0.0166993110566788,0.00790649117455663,0.000137974697281606,0.00788571538578253,-0.00985518518427853,NaN,NaN,NaN,NaN,NaN,NaN,NaN,NaN,NaN
NaN,NaN,0.0150169271995158,0.0171698014698147,0.0154903798490219,0.00292013423071088,0.00105990954034496,0.00273091944109183,-0.0132094179425621,NaN,NaN,NaN,NaN,NaN,NaN,NaN,NaN,NaN
NaN,NaN,0.0149742539991469,0.0170079376063465,0.0147632776885681,0.00378460647092046,0.000585717338253744,0.00421295168052893,-0.0128153008554364,NaN,NaN,NaN,NaN,NaN,NaN,NaN,NaN,NaN
NaN,NaN,0.0150304872562022,0.0153070631883262,0.0137601315169983,0.00317185209617795,0.0018368002056377,0.00368463101040106,-0.0155755919549847,NaN,NaN,NaN,NaN,NaN,NaN,NaN,NaN,NaN
NaN,NaN,0.0100457508136363,0.0131355728469013,0.0110643438189679,0.00384998531565846,-6.63574755890295e-05,0.00419061856518965,-0.0205659163329983,NaN,NaN,NaN,NaN,NaN,NaN,NaN,NaN,NaN
NaN,NaN,0.00669269152179671,0.0127053390703319,0.00990458644325069,0.00503514917121114,-0.00118824727542233,-0.000574176738155074,-0.0205514994595433,NaN,NaN,NaN,NaN,NaN,NaN,NaN,NaN,NaN
NaN,NaN,0.00786543153420401,0.012573072638285,0.0100295699327641,0.0035796037457961,-0.000806442272732966,-0.00588595641602296,-0.0226212334964657,NaN,NaN,NaN,NaN,NaN,NaN,NaN,NaN,NaN
NaN,NaN,0.00720575712815237,0.0121691766641258,0.0120419344990902,0.00388632552251996,-0.00338529310829472,-0.00586719957937021,-0.018602353069582,NaN,NaN,NaN,NaN,NaN,NaN,NaN,NaN,NaN
NaN,NaN,0.0098718728889556,0.0101768914125084,0.0123497552364521,0.00470527471528233,-0.00443470738537144,-0.00271392760623712,-0.0197871816490078,NaN,NaN,NaN,NaN,NaN,NaN,NaN,NaN,NaN
NaN,NaN,0.00697192065611792,0.0102360303959964,0.0107776641040497,0.00417231605873288,-0.00794322304136585,0.0018021486903308,-0.0203163963888073,NaN,NaN,NaN,NaN,NaN,NaN,NaN,NaN,NaN
NaN,NaN,0.00451639555588675,0.00983815076566922,0.0151538184970074,-0.000189160690448868,-0.00617132596380543,-0.00282792148937006,-0.0171326142881298,NaN,NaN,NaN,NaN,NaN,NaN,NaN,NaN,NaN
NaN,NaN,0.00892831273570967,0.0114842075369476,0.0162162340372258,-0.00327383144273578,-0.0074347395420773,-0.003042405078304,-0.0192422275576973,NaN,NaN,NaN,NaN,NaN,NaN,NaN,NaN,NaN
NaN,NaN,0.0119093086589904,0.0141473430655121,0.0138173147230797,-0.00325926555766879,-0.00471896566159558,-0.00212963444937486,-0.0188220893178368,NaN,NaN,NaN,NaN,NaN,NaN,NaN,NaN,NaN
NaN,NaN,0.0170285839606853,0.012287417378199,0.0129898532419854,-0.000480776415012466,-0.00303200520284008,0.00363534541975241,-0.0202891645167256,NaN,NaN,NaN,NaN,NaN,NaN,NaN,NaN,NaN
NaN,NaN,0.0175822552312942,0.0128170791528343,0.00900928742582134,0.00112940581069173,-0.00333354882604908,0.000934379568207078,-0.0213013445172692,NaN,NaN,NaN,NaN,NaN,NaN,NaN,NaN,NaN
NaN,NaN,0.0163685183991523,0.0113629493377327,0.0115293718069249,0.00310256169662656,-0.000674958151648752,-0.00341519487847108,-0.0190328289900208,NaN,NaN,NaN,NaN,NaN,NaN,NaN,NaN,NaN
NaN,NaN,0.0196372929979892,0.0154290105662464,0.0158229178875141,-0.000107818976781952,-0.00015040002472233,-0.00600239036430139,-0.0204245415661717,NaN,NaN,NaN,NaN,NaN,NaN,NaN,NaN,NaN
NaN,NaN,0.0197325859238238,0.0151324774584888,0.0144396803467923,0.00322784320936383,-0.00059888772375416,-0.00360902173270006,-0.016265031430521,NaN,NaN,NaN,NaN,NaN,NaN,NaN,NaN,NaN
NaN,NaN,0.0219863493014903,0.0120347309372543,0.0125085829883271,0.00733387680278004,-0.00138995311863255,-0.00134477166284341,-0.0152166043553734,NaN,NaN,NaN,NaN,NaN,NaN,NaN,NaN,NaN
NaN,NaN,0.0190935868789287,0.0123250428102134,0.01407331667239,0.00613383041248502,-0.00116880126006436,-0.00503593830217142,-0.0135149848792935,NaN,NaN,NaN,NaN,NaN,NaN,NaN,NaN,NaN
NaN,NaN,0.0162720706333251,0.0084373112282871,0.0169343396216088,0.00480483309850873,-0.00164547078020405,-0.00815491897810716,-0.0121638965938473,NaN,NaN,NaN,NaN,NaN,NaN,NaN,NaN,NaN
NaN,NaN,0.0204653505255313,0.0144880208633064,0.0175556621640377,0.00241068215594472,0.000718821960617788,-0.00611901057709474,-0.0148209598992253,NaN,NaN,NaN,NaN,NaN,NaN,NaN,NaN,NaN
NaN,NaN,0.0197675850261779,0.0151597093305706,0.0157571478872948,0.00413081632480801,0.00169406570785213,-0.000336000302922912,-0.00942476514319423,NaN,NaN,NaN,NaN,NaN,NaN,NaN,NaN,NaN
NaN,NaN,0.0171876352299781,0.0148109849057316,0.0178600556343251,0.00836956338510693,0.00444189571135212,-0.00138284412969369,-0.0070878346596146,NaN,NaN,NaN,NaN,NaN,NaN,NaN,NaN,NaN
NaN,NaN,0.0179590497185321,0.0149176772198795,0.0179926573424988,0.0106335526846427,0.0027271445869701,-0.00391661895264406,-0.00702441159228329,NaN,NaN,NaN,NaN,NaN,NaN,NaN,NaN,NaN
NaN,NaN,0.0140551876296134,0.015117613550198,0.0184829241722279,0.0101369714878577,0.00253324322693516,-0.00553525758732576,-0.00785341906885151,NaN,NaN,NaN,NaN,NaN,NaN,NaN,NaN,NaN
NaN,NaN,0.0202543314565749,0.0179691928885101,0.0203085585623436,0.00956614525542439,0.00513919554941822,-0.000604686865699477,-0.00916209492424969,NaN,NaN,NaN,NaN,NaN,NaN,NaN,NaN,NaN
NaN,NaN,0.018878358231935,0.0178839582464813,0.017002791830843,0.0123416727922934,0.00435336418740917,0.00303069355140906,-0.00511240634659771,NaN,NaN,NaN,NaN,NaN,NaN,NaN,NaN,NaN
NaN,NaN,0.0164281975497336,0.0185819845161556,0.0207856564908676,0.0139005018912333,0.00600469224445987,0.00270225333224516,-0.00475576567987446,NaN,NaN,NaN,NaN,NaN,NaN,NaN,NaN,NaN
NaN,NaN,0.0165482077766986,0.0172538626453994,0.0215571454852276,0.0100316761575717,0.00152327977411915,0.00124702455650549,-0.00674415800313,NaN,NaN,NaN,NaN,NaN,NaN,NaN,NaN,NaN
NaN,NaN,0.0127878438700767,0.0138508844635605,0.0192127271681481,0.00712866918668927,0.000958227741648443,0.00122379737149458,-0.0105254207883263,NaN,NaN,NaN,NaN,NaN,NaN,NaN,NaN,NaN
NaN,NaN,0.0190742712487311,0.0169078390560268,0.0162534124344044,0.00788207189665021,0.00632838271849323,0.00655379371892195,-0.0111425151262665,NaN,NaN,NaN,NaN,NaN,NaN,NaN,NaN,NaN
NaN,NaN,0.014800860362205,0.017150858368647,0.0140194117217713,0.00963621796593846,0.00837300829880405,0.00458479153166991,-0.00854632306436542,NaN,NaN,NaN,NaN,NaN,NaN,NaN,NaN,NaN
NaN,NaN,0.01481190584794,0.015176789786589,0.0185590877323799,0.0137930086396712,0.00820930041663814,0.00191437306057196,-0.00643402758578304,NaN,NaN,NaN,NaN,NaN,NaN,NaN,NaN,NaN
NaN,NaN,0.0134648408760161,0.0154629479608654,0.0181648402600937,0.0162117092453021,0.00294878073327709,-0.00113228110421915,-0.00847720030287746,NaN,NaN,NaN,NaN,NaN,NaN,NaN,NaN,NaN
NaN,NaN,0.0114111255873771,0.0118529181442379,0.0166870734780484,0.0132273978136557,0.0049462068855064,-0.000671071538818069,-0.0112662878964329,NaN,NaN,NaN,NaN,NaN,NaN,NaN,NaN,NaN
NaN,NaN,0.016874282436523,0.0169926452896713,0.017424345681017,0.0155536180876273,0.00646698214404751,0.00144044162880164,-0.00879127952794079,NaN,NaN,NaN,NaN,NaN,NaN,NaN,NaN,NaN
NaN,NaN,0.0132224734891982,0.0165807399413704,0.0158166221469097,0.0151811821900386,0.00140570961229969,-0.00295210404146928,-0.00882391307095531,NaN,NaN,NaN,NaN,NaN,NaN,NaN,NaN,NaN
NaN,NaN,0.00869050882950735,0.014409119214785,0.0193466513543778,0.0156132599853057,0.000263889509369619,-0.000285336354863829,-0.00538796606997494,NaN,NaN,NaN,NaN,NaN,NaN,NaN,NaN,NaN
NaN,NaN,0.00525763519302321,0.0108447800836681,0.0209505378394776,0.012079915269472,-0.005106675249408,-0.00293180120934267,-0.00914356160501484,NaN,NaN,NaN,NaN,NaN,NaN,NaN,NaN,NaN
NaN,NaN,0.00168973840967131,0.00795086282111394,0.0126300274520569,0.00766498060450734,-0.00188359133608174,0.00042582156311255,-0.0116061461303616,NaN,NaN,NaN,NaN,NaN,NaN,NaN,NaN,NaN
NaN,NaN,0.00718519352570487,0.0153990219793438,0.0151119648605042,0.00739564211592854,0.0019709851621883,-0.000418012568843551,-0.0117881824407959,NaN,NaN,NaN,NaN,NaN,NaN,NaN,NaN,NaN
NaN,NaN,0.00246890150204611,0.0129434409997581,0.0123251496940308,0.00569679798112096,0.000545223432709463,-0.00332783682097215,-0.0126070012483979,NaN,NaN,NaN,NaN,NaN,NaN,NaN,NaN,NaN
NaN,NaN,0.000948275255116943,0.00802255603290784,0.0126770406156235,0.00859386311397733,-0.00132412723905873,-0.00431142521847505,-0.0109167252812767,NaN,NaN,NaN,NaN,NaN,NaN,NaN,NaN,NaN
NaN,NaN,-0.0012840118239789,0.00503437029935109,0.00936319000417522,0.00751833455190839,-0.00214922316081356,-0.00501304639328737,-0.0152035472128773,NaN,NaN,NaN,NaN,NaN,NaN,NaN,NaN,NaN
NaN,NaN,-0.00166367478474664,0.00437693106747853,0.00625415585333637,0.00638810010180653,0.000131865221192129,-0.00537205261935014,-0.0156262186501408,NaN,NaN,NaN,NaN,NaN,NaN,NaN,NaN,NaN
NaN,NaN,0.00645349063173247,0.0113613474629043,0.0117609917312317,0.0081506839536208,0.000405953454901464,-0.00389661414374132,-0.012404475841322,NaN,NaN,NaN,NaN,NaN,NaN,NaN,NaN,NaN
NaN,NaN,0.00398809351221037,0.00852357032514798,0.0118284939914399,0.00933096767888249,-0.0015695307374699,-0.00500546542753,-0.0109648374054814,NaN,NaN,NaN,NaN,NaN,NaN,NaN,NaN,NaN
NaN,NaN,0.00174045823708487,0.00608680206156957,0.014817033627575,0.00888849632368268,-0.00205692909366917,-0.00285742578853387,-0.00688396814803127,NaN,NaN,NaN,NaN,NaN,NaN,NaN,NaN,NaN
NaN,NaN,0.00184167437449408,0.00524900289989697,0.0103577307551556,0.00882043526992978,-0.000943514329264872,-0.00218270120967645,-0.0113440347049618,NaN,NaN,NaN,NaN,NaN,NaN,NaN,NaN,NaN
NaN,NaN,0.00419162474766684,0.0083983074388622,0.0103432580023461,0.00798706920371236,0.00118386857502628,-0.000291874239337631,-0.0121590350900078,NaN,NaN,NaN,NaN,NaN,NaN,NaN,NaN,NaN
NaN,NaN,0.00724502168789816,0.0147683675847172,0.0162708095400982,0.00914511294589223,0.00487844385497738,0.00233995022426825,-0.00788862306217197,NaN,NaN,NaN,NaN,NaN,NaN,NaN,NaN,NaN
NaN,NaN,0.00499343760505629,0.010628359343779,0.0159393145828896,0.00954314158783139,0.00261493884318043,-0.00112589223135728,-0.00829888928274158,NaN,NaN,NaN,NaN,NaN,NaN,NaN,NaN,NaN
NaN,NaN,0.002417101340446,0.00860019954658734,0.0117631337731533,0.0116380213342685,0.00346216298930813,0.00191293882380705,-0.00637112605909351,NaN,NaN,NaN,NaN,NaN,NaN,NaN,NaN,NaN
NaN,NaN,0.00164522119060469,0.00873922738052594,0.00968982345754436,0.0130181855104941,0.00610423200123478,0.00120433272968512,-0.0107930083904648,NaN,NaN,NaN,NaN,NaN,NaN,NaN,NaN,NaN
NaN,NaN,0.00361046083465529,0.0107316616437553,0.0130251503675633,0.0110628365121859,0.00475387014739681,0.00225002171646338,-0.00842094841937069,NaN,NaN,NaN,NaN,NaN,NaN,NaN,NaN,NaN
NaN,NaN,0.00765893869296027,0.0145285333953022,0.0157508521466904,0.0137999376796264,0.00861992053978611,0.00597175436269026,-0.00425000164250378,NaN,NaN,NaN,NaN,NaN,NaN,NaN,NaN,NaN
NaN,NaN,0.00775523744717551,0.0128421503565429,0.0157077319114857,0.0134381188593882,0.00558146201365162,0.00713791923772078,-0.00334389928320888,NaN,NaN,NaN,NaN,NaN,NaN,NaN,NaN,NaN
NaN,NaN,0.00663889832988692,0.00885269972301709,0.0121967948167973,0.0138122125111598,0.00873864554159809,0.00946842359553557,-0.00269964757899288,NaN,NaN,NaN,NaN,NaN,NaN,NaN,NaN,NaN
NaN,NaN,0.00922572128668738,0.0111425611636757,0.012410551974123,0.0146519488237876,0.00808020048134495,0.010983536412823,-0.00694573346117977,NaN,NaN,NaN,NaN,NaN,NaN,NaN,NaN,NaN
NaN,NaN,0.00997392721668196,0.0125340688488601,0.0136985710948162,0.0106192661963481,0.0102478537737625,0.00741278978239279,-0.00807995397190098,NaN,NaN,NaN,NaN,NaN,NaN,NaN,NaN,NaN
NaN,NaN,0.00900095589652968,0.0128150488696216,0.0166558182924443,0.0136838576339263,0.0133912537276046,0.00847667681227904,-0.00546848821977619,NaN,NaN,NaN,NaN,NaN,NaN,NaN,NaN,NaN
NaN,NaN,0.00660905875459624,0.00804416271663892,0.010817021796053,0.0151751658462066,0.00683328993909527,0.00488890560518484,-0.00552569005230907,NaN,NaN,NaN,NaN,NaN,NaN,NaN,NaN,NaN
NaN,NaN,0.00174500309124899,0.00335849257923352,0.00678778506213954,0.0182342066012401,0.0105181422113674,0.0048178084398387,-0.00704054209927563,NaN,NaN,NaN,NaN,NaN,NaN,NaN,NaN,NaN
NaN,NaN,0.00248002149358702,0.00704224589086759,0.0119361362546139,0.0173026232563037,0.00802720822684933,0.00346595646988135,-0.00830673101881985,NaN,NaN,NaN,NaN,NaN,NaN,NaN,NaN,NaN
NaN,NaN,0.00263737775579405,0.00577126997328984,0.0118779658466034,0.0129797218881625,0.00665367506735492,0.000884833207237534,-0.00783211040834431,NaN,NaN,NaN,NaN,NaN,NaN,NaN,NaN,NaN
NaN,NaN,0.00317445285812331,0.00685793715335118,0.0130732624917679,0.0122453740380782,0.00587032102339435,0.00529412405740004,-0.00417041081527714,NaN,NaN,NaN,NaN,NaN,NaN,NaN,NaN,NaN
NaN,NaN,-0.000648030264225478,0.00380923407889592,0.00817189804608157,0.0096852800391692,0.00254663564555813,0.00357879551302176,-0.00313854265550617,NaN,NaN,NaN,NaN,NaN,NaN,NaN,NaN,NaN
NaN,NaN,-0.00514203421577501,-0.00145912734054339,0.00649171761566928,0.00729893357978047,0.0022742237924831,0.00541497247468214,-0.00741733658651356,NaN,NaN,NaN,NaN,NaN,NaN,NaN,NaN,NaN
NaN,NaN,-0.00213933847650575,0.00539440098024594,0.00730772382909587,0.00206642807946385,0.00302557759277988,0.00247724579821806,-0.00974690962175373,NaN,NaN,NaN,NaN,NaN,NaN,NaN,NaN,NaN
NaN,NaN,-0.00106380991443681,0.00231112721182096,0.00696335799390605,-0.00543317733778774,0.00372790657274891,0.00232763813983183,-0.0135515858564759,NaN,NaN,NaN,NaN,NaN,NaN,NaN,NaN,NaN
NaN,NaN,-0.00171057618960428,0.0032703894636749,0.00416408173138431,-0.00635175941958247,0.00451636426441837,0.00405749531637412,-0.0106365461979294,NaN,NaN,NaN,NaN,NaN,NaN,NaN,NaN,NaN
NaN,NaN,-0.00456278882726716,-0.000404423151242857,0.000273891457860979,-0.00350191234125911,0.00280684717290569,0.00153046326886397,-0.0121371490095044,NaN,NaN,NaN,NaN,NaN,NaN,NaN,NaN,NaN
NaN,NaN,-0.0112861555050282,-0.000615553978908186,0.00105789742762378,-0.000706324116132842,0.00390523039095569,0.0017207697237609,-0.0154486899409676,NaN,NaN,NaN,NaN,NaN,NaN,NaN,NaN,NaN
NaN,NaN,-0.00843727700218248,0.0026733558139919,0.0060283473818951,-0.00165772600545703,0.00551883988373447,2.18883360503241e-05,-0.0150963333580876,NaN,NaN,NaN,NaN,NaN,NaN,NaN,NaN,NaN
NaN,NaN,-0.0062382567654519,0.000202687408697481,0.00466530091459087,-0.005637192860983,0.00269719325297046,0.000639560093986802,-0.0176237193081761,NaN,NaN,NaN,NaN,NaN,NaN,NaN,NaN,NaN
NaN,NaN,-0.0113809268902211,0.000677885439169283,0.00152009419495395,-0.00374696193709194,0.00513662509911228,0.00213122220884543,-0.0116695878241444,NaN,NaN,NaN,NaN,NaN,NaN,NaN,NaN,NaN
NaN,NaN,-0.0143465187381177,-0.00451624957107318,0.00244100458318523,-0.00378879694714366,0.00150767080776859,0.000556243976461701,-0.0136777241859818,NaN,NaN,NaN,NaN,NaN,NaN,NaN,NaN,NaN
NaN,NaN,-0.0172827552984624,-0.00554577079795611,0.00119439206415943,-0.00173992453589259,0.00159288682334591,0.00143977107654791,-0.0169241097901249,NaN,NaN,NaN,NaN,NaN,NaN,NaN,NaN,NaN
NaN,NaN,-0.011719090117064,-0.00238689226292384,0.0044731504409962,-0.00335254682674228,0.00376035385124851,0.00284645931969862,-0.015315641197958,NaN,NaN,NaN,NaN,NaN,NaN,NaN,NaN,NaN
NaN,NaN,-0.0126443218420415,-0.0018684249856354,0.00232516668135455,-0.00710437981858074,0.00397276990406681,0.00225717427383643,-0.0144454692635918,NaN,NaN,NaN,NaN,NaN,NaN,NaN,NaN,NaN
NaN,NaN,-0.0131179366241364,-0.00225071427606357,0.000339326181953462,-0.0023800411678773,0.00661213808052707,0.00324368702422362,-0.00762971538642887,NaN,NaN,NaN,NaN,NaN,NaN,NaN,NaN,NaN
NaN,NaN,-0.0110934462378888,-0.00194460717223895,0.00225922904307178,0.00362201617584409,0.00297735370986629,0.00282408895145636,-0.0100397919450188,NaN,NaN,NaN,NaN,NaN,NaN,NaN,NaN,NaN
NaN,NaN,-0.0101888712476163,-0.00360811692856563,0.00539916447693637,0.0036847128115672,0.00434129424684215,0.00446301179181319,-0.0111621101532364,NaN,NaN,NaN,NaN,NaN,NaN,NaN,NaN,NaN
NaN,NaN,-0.00390568487152147,0.000109760042202348,0.00976036182934574,0.00337944389805974,0.00551153831474949,0.00889398383151274,-0.00667820173839573,NaN,NaN,NaN,NaN,NaN,NaN,NaN,NaN,NaN
NaN,NaN,-0.00361032523020791,0.00106257754183995,0.00628015837961963,0.000509461625673187,0.00530374162190128,0.0064899794961093,-0.00923619094828609,NaN,NaN,NaN,NaN,NaN,NaN,NaN,NaN,NaN
NaN,NaN,-0.00611632801398324,0.000784261103641863,0.00741143591100505,0.00352514000163258,0.00672138221852947,0.0111848138476489,-0.00341957855562214,NaN,NaN,NaN,NaN,NaN,NaN,NaN,NaN,NaN
NaN,NaN,-0.00372405834301996,-0.00150008690737498,0.00868786937887004,0.00581122027263821,0.00418555848591495,0.0100986123288749,-0.0101751503680134,NaN,NaN,NaN,NaN,NaN,NaN,NaN,NaN,NaN
NaN,NaN,-0.0021561767886548,-0.00260737356923831,0.00712252102190784,0.00536276982650937,0.00564961619966198,0.0134347588027595,-0.00932552340964321,NaN,NaN,NaN,NaN,NaN,NaN,NaN,NaN,NaN
NaN,NaN,-0.000446790082302565,0.00146073656893956,0.011050578871315,0.00467154221162976,0.0105136532365577,0.0129178375209449,-0.00586646098236088,NaN,NaN,NaN,NaN,NaN,NaN,NaN,NaN,NaN
NaN,NaN,-0.00206004567250299,0.0025716181359409,0.00794482297593883,0.00295347557888211,0.00966987498395611,0.00920884536753874,-0.00647984865645412,NaN,NaN,NaN,NaN,NaN,NaN,NaN,NaN,NaN
NaN,NaN,-0.00439239404901552,0.00202744635559308,0.00775833494359783,0.00904872105941952,0.00921203680627514,0.0105312489176868,-0.00221763226727489,NaN,NaN,NaN,NaN,NaN,NaN,NaN,NaN,NaN
NaN,NaN,-0.000928414238539214,6.2597867023821e-05,0.00539117372924617,0.0106533712290305,0.00937019400589634,0.00919526668440085,-0.0076344837580109,NaN,NaN,NaN,NaN,NaN,NaN,NaN,NaN,NaN
NaN,NaN,-0.00222412608369875,-0.00201438185952914,0.00358632645899585,0.00822090567574681,0.0078858148335712,0.0089359864796279,-0.00502517867425922,NaN,NaN,NaN,NaN,NaN,NaN,NaN,NaN,NaN
NaN,NaN,-0.00196020789250421,0.00120967062927472,0.00286581806237033,0.00691796676740826,0.00718696900003124,0.00742044525395613,-0.00383099961618427,NaN,NaN,NaN,NaN,NaN,NaN,NaN,NaN,NaN
NaN,NaN,-0.0051267977784543,0.0022129285595535,-0.000465820810253111,0.00122278021202267,0.00227716677181888,0.00672683345328551,-0.00421503979305271,NaN,NaN,NaN,NaN,NaN,NaN,NaN,NaN,NaN
NaN,NaN,-0.00965470187171983,-0.00130760115765346,-3.52890104598673e-05,0.000706697120525253,0.00278388075821567,0.00884963425050955,-0.0014529791806126,NaN,NaN,NaN,NaN,NaN,NaN,NaN,NaN,NaN
NaN,NaN,-0.00420495606764841,-0.00387501535199893,-0.000181301763708082,0.00196439237818898,0.00248367823951412,0.0107448756898521,-0.00805844042042736,NaN,NaN,NaN,NaN,NaN,NaN,NaN,NaN,NaN
NaN,NaN,-0.00422468147977876,-0.00376282823466075,-0.00293339722459981,-0.000406699017427551,0.0040757369279163,0.0108106643165229,-0.00718234527448658,NaN,NaN,NaN,NaN,NaN,NaN,NaN,NaN,NaN
NaN,NaN,-0.00741082913979577,-0.000449592296111708,-0.00163725697105595,8.32511626261598e-05,0.00693281106941868,0.00982213990937453,-0.00824893313983921,NaN,NaN,NaN,NaN,NaN,NaN,NaN,NaN,NaN
NaN,NaN,-0.00860573462947893,-0.000885693404901152,-0.00551085107629964,-0.004292959109686,0.00165791176550556,0.00409009160648566,-0.00965500671009067,NaN,NaN,NaN,NaN,NaN,NaN,NaN,NaN,NaN
NaN,NaN,-0.0112857270966439,-0.00650946614526523,-0.0082732655913181,-0.000379355386636841,0.0029993701755302,0.00620765837084036,-0.00596896234492306,NaN,NaN,NaN,NaN,NaN,NaN,NaN,NaN,NaN
NaN,NaN,-0.00478524453743982,-0.00824282509468806,-0.00506491520112225,0.00214288966283978,0.00444796793453861,0.00608630703936797,-0.0100045320723439,NaN,NaN,NaN,NaN,NaN,NaN,NaN,NaN,NaN
NaN,NaN,-0.00616717822655725,-0.00804741499208224,-0.00559113108223149,0.0015872439883727,0.00253367163531948,0.00401964636694174,-0.00738608140090946,NaN,NaN,NaN,NaN,NaN,NaN,NaN,NaN,NaN
NaN,NaN,-0.00872753299578714,-0.0052873846628548,-0.00556490503853032,0.0031603409491557,0.003166970986058,0.0041444808448432,-0.00664424571732525,NaN,NaN,NaN,NaN,NaN,NaN,NaN,NaN,NaN
NaN,NaN,-0.0081473004053502,-0.0052171443142773,-0.00765594773595997,-0.00409361882581531,-0.00141735262877773,0.00205178039323073,-0.00700036484340672,NaN,NaN,NaN,NaN,NaN,NaN,NaN,NaN,NaN
NaN,NaN,-0.0107367310653596,-0.012598900172937,-0.00812134825294682,-0.00453074438943683,-0.00125571228272747,0.0038681388105033,-0.00603789884189609,NaN,NaN,NaN,NaN,NaN,NaN,NaN,NaN,NaN
NaN,NaN,-0.00561428926691102,-0.0115967598297478,-0.00562899865811536,-0.00222389562501727,-0.00107913352258038,0.00224393086682539,-0.0114048686955357,NaN,NaN,NaN,NaN,NaN,NaN,NaN,NaN,NaN
NaN,NaN,-0.0101238090525536,-0.0121342447140099,-0.00706930764620968,-0.00527863366975604,-0.00243981443054508,0.00260174499999266,-0.0110324514243985,NaN,NaN,NaN,NaN,NaN,NaN,NaN,NaN,NaN
NaN,NaN,-0.0144576068948178,-0.00806784820936931,-0.00542140685623357,-0.00289916037096797,0.00099255629174877,0.00383021535526495,-0.00795355487207416,NaN,NaN,NaN,NaN,NaN,NaN,NaN,NaN,NaN
NaN,NaN,-0.0117294277976422,-0.0078416485824467,-0.00777824901645848,-0.00637720315232097,-0.00332317389256787,0.00213131534110289,-0.00982467505673412,NaN,NaN,NaN,NaN,NaN,NaN,NaN,NaN,NaN
NaN,NaN,-0.0128715272973447,-0.0140044335760952,-0.00900802322333523,-0.00401017232312976,-0.000842707973788492,0.00323826672683936,-0.00602018508652691,NaN,NaN,NaN,NaN,NaN,NaN,NaN,NaN,NaN
NaN,NaN,-0.00851794816359567,-0.0103375744559647,-0.00419424035256573,-0.0018697322763425,-0.00349740571982693,0.00128226580272894,-0.00884013671020512,NaN,NaN,NaN,NaN,NaN,NaN,NaN,NaN,NaN
NaN,NaN,-0.0108199354241757,-0.0101937223710896,-0.0072383240670509,-0.00436431704535304,-0.00319127998955082,0.00350909533153754,-0.00733700070122723,NaN,NaN,NaN,NaN,NaN,NaN,NaN,NaN,NaN
NaN,NaN,-0.0120198514293103,-0.00554882553600085,-0.00362570517366597,-0.0025331319726926,0.00042471029155422,0.00885149689565878,-0.00308525237778667,NaN,NaN,NaN,NaN,NaN,NaN,NaN,NaN,NaN
NaN,NaN,-0.00657986588582086,-0.004418591085899,-0.00217969649141499,-0.00744041962995349,-3.20661783916876e-05,0.00699242802511435,-0.00417633402685169,NaN,NaN,NaN,NaN,NaN,NaN,NaN,NaN,NaN
NaN,NaN,-0.00559083856448221,-0.00896780383967173,-0.00358757682746121,-0.00606997846140681,0.00161644928448368,0.00884242581378203,-0.00157483342627529,NaN,NaN,NaN,NaN,NaN,NaN,NaN,NaN,NaN
NaN,NaN,-0.000658032668676848,-0.00335164931796802,-0.00164904751485058,-0.00187010480537235,0.00412984676950146,0.0093697779084323,-0.00392727974394802,NaN,NaN,NaN,NaN,NaN,NaN,NaN,NaN,NaN
NaN,NaN,-0.00579507760509538,-0.00388166499518168,-0.00326796554630467,-0.0031684243537408,0.00589518733613659,0.0124539643729804,-0.00457514497975353,NaN,NaN,NaN,NaN,NaN,NaN,NaN,NaN,NaN
NaN,NaN,-0.00758411101802873,-0.00387011659525645,-0.00201434948151776,-0.000422755018613922,0.00652509667270351,0.0130759760941146,-0.00181965950469021,NaN,NaN,NaN,NaN,NaN,NaN,NaN,NaN,NaN
NaN,NaN,-0.00289519987806367,-0.00355290812634242,-0.00183940984910199,-0.000601494447134124,0.00579743571870495,0.00766692908655386,-0.00372918743232731,NaN,NaN,NaN,NaN,NaN,NaN,NaN,NaN,NaN
NaN,NaN,-0.00404499210223245,-0.00498578516029132,-0.00273772635167309,0.00136389420852841,0.00560435392253567,0.00883238615642767,-0.000104014310636558,NaN,NaN,NaN,NaN,NaN,NaN,NaN,NaN,NaN
NaN,NaN,0.00105308629766417,-0.00122791719816936,0.00215700707728199,0.00677271769867123,0.00630314387672115,0.012786781808245,0.000651623573503457,NaN,NaN,NaN,NaN,NaN,NaN,NaN,NaN,NaN
NaN,NaN,-0.00280024222835588,-0.00211570975564731,-0.000743522575551953,0.00313584716544331,0.00232907869212795,0.0152022972906707,0.00050326388736721,NaN,NaN,NaN,NaN,NaN,NaN,NaN,NaN,NaN
NaN,NaN,-0.00645808614596414,-0.00166517314695132,0.000661992201154742,-0.000377101586006272,0.00337392948858906,0.0144209176505683,0.0055554094578838,NaN,NaN,NaN,NaN,NaN,NaN,NaN,NaN,NaN
NaN,NaN,-0.0029142733643918,-0.00475833756111873,0.00274945861989788,-0.00383046431913196,0.000145462530781515,0.00992322566162329,0.00293891456385609,NaN,NaN,NaN,NaN,NaN,NaN,NaN,NaN,NaN
NaN,NaN,-0.00448489300712632,-0.00519667384408725,-0.00374504484837719,-0.0020705254234296,0.000739217925001867,0.012826847305405,0.00287578951974865,NaN,NaN,NaN,NaN,NaN,NaN,NaN,NaN,NaN
NaN,NaN,2.32111682028843e-05,-0.00152147007368815,-8.16129953212404e-05,0.00141167105660618,0.00588209294073749,0.0182765744830249,0.00103344720264431,NaN,NaN,NaN,NaN,NaN,NaN,NaN,NaN,NaN
NaN,NaN,-0.0040710318814187,-0.00409963173054469,-0.00276391514247128,-0.00217116414084255,0.00313370414369274,0.0147094227577327,8.33864178275672e-05,NaN,NaN,NaN,NaN,NaN,NaN,NaN,NaN,NaN
NaN,NaN,-0.00648168586000489,-0.0081676487364651,-0.00533213027423092,-0.00411416380181132,0.00369743369810749,0.00877766164194327,0.0013948376144981,NaN,NaN,NaN,NaN,NaN,NaN,NaN,NaN,NaN
NaN,NaN,-0.00497424714073228,-0.00911923689030421,-0.00563302197163769,-0.00524639128222285,-0.000116891038487665,0.00612966941844206,-0.00434507105092052,NaN,NaN,NaN,NaN,NaN,NaN,NaN,NaN,NaN
NaN,NaN,-0.00690681598886537,-0.0124912765362145,-0.00990708478396603,-0.00362780852689563,-0.00169650725729298,0.00624977277766447,-0.00374861482123379,NaN,NaN,NaN,NaN,NaN,NaN,NaN,NaN,NaN
NaN,NaN,-0.00525550655826616,-0.00976756778739703,-0.00619317524736592,0.000969833000757109,-0.00168665386445355,0.010797048380482,-0.00350771892408375,NaN,NaN,NaN,NaN,NaN,NaN,NaN,NaN,NaN
NaN,NaN,-0.0081722598503499,-0.011938983623016,-0.00813576512640187,-0.00571212707533656,-0.00727207474119496,0.00389229731808882,-0.00485975715855602,NaN,NaN,NaN,NaN,NaN,NaN,NaN,NaN,NaN
NaN,NaN,-0.0131593432258038,-0.0162767302729965,-0.00772194125359723,-0.0115756408728582,-0.00791144631511997,0.000477230569231324,-0.00332866284588818,NaN,NaN,NaN,NaN,NaN,NaN,NaN,NaN,NaN
NaN,NaN,-0.0111647296677499,-0.0147398990132691,-0.00870530613368222,-0.0135952511288148,-0.0130323607445462,0.000470133891212754,-0.0103062060807133,NaN,NaN,NaN,NaN,NaN,NaN,NaN,NaN,NaN
NaN,NaN,-0.0117893677185445,-0.0185244214274765,-0.0164393626958675,-0.0129997075952512,-0.0130626101017697,0.00410218017350417,-0.00650700602272991,NaN,NaN,NaN,NaN,NaN,NaN,NaN,NaN,NaN
NaN,NaN,-0.0141948062907128,-0.0121737514176251,-0.00960349225109288,-0.00840716971530734,-0.00923917703039479,0.00819012748252135,-0.00532275486330036,NaN,NaN,NaN,NaN,NaN,NaN,NaN,NaN,NaN
NaN,NaN,-0.0142314258943467,-0.0113864671923996,-0.00922742419546315,-0.0151795612133962,-0.0129507396341069,-0.000842639783513732,-0.00523364591936115,NaN,NaN,NaN,NaN,NaN,NaN,NaN,NaN,NaN
NaN,NaN,-0.0160378564129739,-0.0143416282274605,-0.0112070062071628,-0.0156325006343347,-0.0126388769567711,0.00012258293281775,-0.00545390370825771,NaN,NaN,NaN,NaN,NaN,NaN,NaN,NaN,NaN
NaN,NaN,-0.0127741109560399,-0.0108783562221409,-0.012295182129795,-0.0135088243938905,-0.0112443517864449,0.000340531041729264,-0.00949632796982769,NaN,NaN,NaN,NaN,NaN,NaN,NaN,NaN,NaN
NaN,NaN,-0.0119578998516469,-0.0133027565219284,-0.0159809098452873,-0.0102723853148442,-0.0121861238003476,0.00517493339430075,-0.00336269337276463,NaN,NaN,NaN,NaN,NaN,NaN,NaN,NaN,NaN
NaN,NaN,-0.0107152733932404,-0.0100077745058419,-0.00868051432674595,-0.00653517408742725,-0.00672158859379124,0.00712521599780302,-0.00229256648162846,NaN,NaN,NaN,NaN,NaN,NaN,NaN,NaN,NaN
NaN,NaN,-0.00903647132023858,-0.00812829104446185,-0.00710846044724652,-0.0143770591773015,-0.0127296995342476,0.00155057983647566,-0.0034472947154427,NaN,NaN,NaN,NaN,NaN,NaN,NaN,NaN,NaN
NaN,NaN,-0.0120719682405858,-0.0132595245280148,-0.0099805475086517,-0.0183885635293943,-0.0105245884478791,0.00322781728755217,-0.00546057197789196,NaN,NaN,NaN,NaN,NaN,NaN,NaN,NaN,NaN
NaN,NaN,-0.00525857992276239,-0.010124879006374,-0.0130095251709766,-0.0134883352972489,-0.0112493436754448,0.003224594911444,-0.00716172579268459,NaN,NaN,NaN,NaN,NaN,NaN,NaN,NaN,NaN
NaN,NaN,-0.00535681582793283,-0.0102724936344506,-0.0156462670177765,-0.010498212412737,-0.00756678245670628,0.00829929711471777,-0.00393713313678745,NaN,NaN,NaN,NaN,NaN,NaN,NaN,NaN,NaN
NaN,NaN,-0.006787811590281,-0.00836439994357837,-0.00588203900163838,-0.00675025372280894,-0.00268363468057942,0.00752777086745482,-0.000889081988134422,NaN,NaN,NaN,NaN,NaN,NaN,NaN,NaN,NaN
NaN,NaN,-0.00514439977511453,-0.0079668742158295,-0.00634512983864018,-0.0114786343134862,-0.0106857817590935,0.000822658112156205,-0.00438552770356182,NaN,NaN,NaN,NaN,NaN,NaN,NaN,NaN,NaN
NaN,NaN,-0.00964592881306695,-0.0117813293375851,-0.011615931323225,-0.00854046060218631,-0.00629446543462109,0.00351689981471281,-0.00258336264232639,NaN,NaN,NaN,NaN,NaN,NaN,NaN,NaN,NaN
NaN,NaN,-0.00196702517375039,-0.00565531295918239,-0.00729049675768086,-0.00487155257239162,-0.00511947162158322,0.00451503547083121,0.00234823253413197,NaN,NaN,NaN,NaN,NaN,NaN,NaN,NaN,NaN
NaN,NaN,-0.00274196006163644,-0.00684034642957461,-0.00737135418360898,-0.00329996435417949,-0.00430331639654469,0.00862315522681456,0.0066007445420837,NaN,NaN,NaN,NaN,NaN,NaN,NaN,NaN,NaN
NaN,NaN,-0.0042282205055623,-0.0038501490392567,-0.000536433687860455,-0.00261652259602367,-0.00308099277026486,0.0109527468885062,0.00993907031079288,NaN,NaN,NaN,NaN,NaN,NaN,NaN,NaN,NaN
NaN,NaN,-0.00386537723049211,-0.00498712626479877,-0.00113853373234936,-0.0110811830915433,-0.00888048745400738,0.00598365666519385,0.00355200421472546,NaN,NaN,NaN,NaN,NaN,NaN,NaN,NaN,NaN
NaN,NaN,-0.00874463207825708,-0.0103806946911694,-0.00766926564877698,-0.0106706374742013,-0.00978670157201122,0.00811638536106329,0.00445350584050175,NaN,NaN,NaN,NaN,NaN,NaN,NaN,NaN,NaN
NaN,NaN,2.4475351286489e-07,-0.00158548918746722,-0.00579317220156857,-0.00983088253512202,-0.00395012162334751,0.0096676707471488,0.00385522421856876,NaN,NaN,NaN,NaN,NaN,NaN,NaN,NaN,NaN
NaN,NaN,-0.00227758399948167,-0.00368347955130351,-0.00625266813343236,-0.0122522839762193,-0.00618751235015225,0.00944715218793135,0.00486025166173931,NaN,NaN,NaN,NaN,NaN,NaN,NaN,NaN,NaN
NaN,NaN,-0.00514402724608468,-0.00410821852468265,-0.00207646869724461,-0.0112758667625409,-0.0035498019278748,0.00972654896031599,0.00745355662365909,NaN,NaN,NaN,NaN,NaN,NaN,NaN,NaN,NaN
NaN,NaN,-0.00228995196327257,-0.00791796115421069,-0.0082294189245052,-0.0129145660854798,-0.00999768338806462,0.00499278532515746,0.00275281768699642,NaN,NaN,NaN,NaN,NaN,NaN,NaN,NaN,NaN
NaN,NaN,-0.00739270560249376,-0.0100442078449608,-0.0127993629187889,-0.0117111669339162,-0.00712993628985714,0.00502797069202643,0.00769206833501812,NaN,NaN,NaN,NaN,NaN,NaN,NaN,NaN,NaN
NaN,NaN,-0.000933964921083922,-0.00140775558732761,-0.00615692817276188,-0.00749711854829608,-0.00330292693979573,0.00582000466238242,0.00886067327519413,NaN,NaN,NaN,NaN,NaN,NaN,NaN,NaN,NaN
NaN,NaN,-0.00286984927758264,-0.00403490481160892,-0.00646148928111264,-0.00777809856905757,-0.00861558206088375,0.0046785384620307,0.00933775257726665,NaN,NaN,NaN,NaN,NaN,NaN,NaN,NaN,NaN
NaN,NaN,-0.00547481439813661,-0.00601249379299892,-0.00734035976832577,-0.00716700194849788,-0.00660172737843823,0.00755384789954405,0.0111972871090984,NaN,NaN,NaN,NaN,NaN,NaN,NaN,NaN,NaN
NaN,NaN,-0.002001893890944,-0.00924628791593326,-0.0160354480952568,-0.0137470008291226,-0.0115767966926796,0.00422790872107726,0.00732678499480244,NaN,NaN,NaN,NaN,NaN,NaN,NaN,NaN,NaN
NaN,NaN,-0.00720109529599237,-0.010800758425224,-0.0217864394993133,-0.0172463895238858,-0.0089434076071484,0.00252120422373991,0.00795555811782833,NaN,NaN,NaN,NaN,NaN,NaN,NaN,NaN,NaN
NaN,NaN,-0.00390685833796548,-0.00349475634478343,-0.0171276659578628,-0.0138344706453305,-0.00594235099561047,0.00434376524935942,0.00856250103970524,NaN,NaN,NaN,NaN,NaN,NaN,NaN,NaN,NaN
NaN,NaN,-0.00884212292536783,-0.00573579785608066,-0.0144836411685295,-0.0139468812800866,-0.00935311503417324,0.00238156171690207,0.00498983588477131,NaN,NaN,NaN,NaN,NaN,NaN,NaN,NaN,NaN
NaN,NaN,-0.00863674767121362,-0.0119932797291161,-0.0171288953036613,-0.0128012986339551,-0.0119451533973916,0.00215936677705031,0.00518736940284725,NaN,NaN,NaN,NaN,NaN,NaN,NaN,NaN,NaN
NaN,NaN,-0.00342594198688554,-0.010207356933582,-0.0201925554186649,-0.0153557674445134,-0.0153057564020855,-0.00146969927300233,-0.0015946705971146,NaN,NaN,NaN,NaN,NaN,NaN,NaN,NaN,NaN
NaN,NaN,-0.00780898816689538,-0.00924138915919078,-0.0215903588444538,-0.0194686928249818,-0.013525533300708,-0.00704476384271402,-0.000679962817230262,NaN,NaN,NaN,NaN,NaN,NaN,NaN,NaN,NaN
NaN,NaN,-0.00533709041580247,-0.00331419152401698,-0.0138900161594696,-0.0135271900750619,-0.00937759019143414,-0.00231642050493974,0.00140700068732258,NaN,NaN,NaN,NaN,NaN,NaN,NaN,NaN,NaN
NaN,NaN,-0.00528353936776208,-0.00680212495111239,-0.0148318999320812,-0.0144104377783757,-0.0151137363136513,-0.00314008218992967,-0.00148924488166813,NaN,NaN,NaN,NaN,NaN,NaN,NaN,NaN,NaN
NaN,NaN,-0.0065737191568284,-0.0126506258287312,-0.0167405151635952,-0.015325369075678,-0.0136342745245202,0.000423046221840195,0.00127773311396595,NaN,NaN,NaN,NaN,NaN,NaN,NaN,NaN,NaN
NaN,NaN,-0.00225839875444459,-0.010563233915794,-0.0161518820435352,-0.0195332521058541,-0.0169151563168271,-0.00448785496701021,-0.00502540219167713,NaN,NaN,NaN,NaN,NaN,NaN,NaN,NaN,NaN
NaN,NaN,-0.00760499127015161,-0.00908226338409198,-0.0193235755771942,-0.0222962067879659,-0.0149938192189438,-0.00864611713041086,-0.003847409519949,NaN,NaN,NaN,NaN,NaN,NaN,NaN,NaN,NaN
NaN,NaN,-0.00637121237620401,-0.00521911871813548,-0.0103873864621467,-0.0162212268866521,-0.00793262459046673,-0.00121136901725549,-0.000662640217342414,NaN,NaN,NaN,NaN,NaN,NaN,NaN,NaN,NaN
NaN,NaN,-0.00610161311730432,-0.0117818136253239,-0.0131382339507885,-0.0173994058228952,-0.0140865061403019,-0.00305156929243822,-0.000633694711723365,NaN,NaN,NaN,NaN,NaN,NaN,NaN,NaN,NaN
NaN,NaN,-0.00621519721850442,-0.0164728109278561,-0.0146239728540725,-0.0127000824965459,-0.0133369404793484,-0.00102938858617563,-0.000125751379528083,NaN,NaN,NaN,NaN,NaN,NaN,NaN,NaN,NaN
NaN,NaN,-0.00252110622629213,-0.00845192563914073,-0.0119442225307769,-0.0122845822431069,-0.0130940142989857,-0.00744452474464197,-0.00380916941503529,NaN,NaN,NaN,NaN,NaN,NaN,NaN,NaN,NaN
NaN,NaN,-0.00729055814250993,-0.00679681641243709,-0.00974963538950154,-0.0152868682004434,-0.0125963341415627,-0.00927213353861589,-0.00073889690975193,NaN,NaN,NaN,NaN,NaN,NaN,NaN,NaN,NaN
NaN,NaN,-0.00365942455634164,-0.00185516295217288,-0.00320426308220097,-0.00954306660666286,-0.00920937470800709,0.000508131852257065,0.00691765498777386,NaN,NaN,NaN,NaN,NaN,NaN,NaN,NaN,NaN
NaN,NaN,-0.000210308654156203,-0.00465514701985133,-0.00658265434807011,-0.0122053639449102,-0.0154932688892586,-0.00045502332795877,0.00487213533779141,NaN,NaN,NaN,NaN,NaN,NaN,NaN,NaN,NaN
NaN,NaN,0.000854137169274812,-0.00811229092262996,-0.00537124582236477,-0.0111765318967324,-0.013535219055484,0.002443494668114,0.00489159997960087,NaN,NaN,NaN,NaN,NaN,NaN,NaN,NaN,NaN
NaN,NaN,0.00599699355855895,0.00128527539588201,-0.00227424435918996,-0.0113061347462159,-0.00925830639607739,-0.00196819899429101,-0.000778627130785026,NaN,NaN,NaN,NaN,NaN,NaN,NaN,NaN,NaN
NaN,NaN,0.00531576834813071,0.00396439241982686,-0.00241761215632626,-0.0164182574905378,-0.0073349390149815,-0.00131305081595201,0.00160779383440968,NaN,NaN,NaN,NaN,NaN,NaN,NaN,NaN,NaN
NaN,NaN,0.00722365714803648,0.0072926412782787,0.000923190930431399,-0.00968473939671336,-0.00234213731891941,0.00939291196118575,0.0103735509183025,NaN,NaN,NaN,NaN,NaN,NaN,NaN,NaN,NaN
NaN,NaN,0.0116935957242579,0.00359137910224187,-0.00312636726206013,-0.00839295773281871,-0.00842685885436367,0.00461053328763228,0.00545696866174694,NaN,NaN,NaN,NaN,NaN,NaN,NaN,NaN,NaN
NaN,NaN,0.0107909206320376,0.000482512589466447,-0.00341232054537007,-0.00572963593973933,-0.00368691123730969,0.00569347517739516,0.00583614733477589,NaN,NaN,NaN,NaN,NaN,NaN,NaN,NaN,NaN
NaN,NaN,0.0127926122416587,0.00630672457433927,0.00155438549215129,-0.00779469473733722,-0.0013551961601479,-0.00189417747606058,0.000458206501207314,NaN,NaN,NaN,NaN,NaN,NaN,NaN,NaN,NaN
NaN,NaN,0.0105213586260409,0.00478162797905194,-0.000496349564249005,-0.0109890752889138,-0.00491003580100369,-0.00203853247512598,0.00608278017898556,NaN,NaN,NaN,NaN,NaN,NaN,NaN,NaN,NaN
NaN,NaN,0.0101334255208106,0.00362336071945416,0.000297938206737552,-0.00430730147733508,-0.00438361502892803,0.00475228058348875,0.0106763797666645,NaN,NaN,NaN,NaN,NaN,NaN,NaN,NaN,NaN
NaN,NaN,0.0134270105530353,0.00249223219968068,-0.000689598998481717,-0.00599811761154948,-0.00944226123101544,0.000594409575569443,0.00630920332332607,NaN,NaN,NaN,NaN,NaN,NaN,NaN,NaN,NaN
NaN,NaN,0.0108041267861457,-0.00217950535200847,0.000164982595985446,-0.00846619694008647,-0.00547635443217587,0.00043042229663115,0.00458981421252247,NaN,NaN,NaN,NaN,NaN,NaN,NaN,NaN,NaN
NaN,NaN,0.0116677422095866,0.00339028793193089,0.00238523698741725,-0.00992764695062457,-0.00548656172759365,-0.00410118846048135,0.000289804753265344,NaN,NaN,NaN,NaN,NaN,NaN,NaN,NaN,NaN
NaN,NaN,0.00675328336850119,0.00080536487318265,-0.00223702870910832,-0.0139722132541162,-0.0083756919921143,-0.00288696734060068,0.00538760375638958,NaN,NaN,NaN,NaN,NaN,NaN,NaN,NaN,NaN
NaN,NaN,0.00345835723176909,0.000327372874987002,-2.79874414748811e-05,-0.00863584666027843,-0.00790066159970593,0.00172257648955565,0.00856218439002987,NaN,NaN,NaN,NaN,NaN,NaN,NaN,NaN,NaN
NaN,NaN,0.00909980647459937,0.000282389994633074,-0.000909540137702908,-0.00898155359997569,-0.0116947207570774,-0.00532654819835443,0.0015827785100555,NaN,NaN,NaN,NaN,NaN,NaN,NaN,NaN,NaN
NaN,NaN,0.00539737083211852,-0.0024991352596165,-0.000682502320463149,-0.011941687897585,-0.0103651087702019,-0.00548520831216592,-0.000283573303022422,NaN,NaN,NaN,NaN,NaN,NaN,NaN,NaN,NaN
NaN,NaN,0.00602884479061079,0.00157523336626279,0.00149485535318187,-0.0126776376224977,-0.011041789126466,-0.00867180300701875,0.00161435034533497,NaN,NaN,NaN,NaN,NaN,NaN,NaN,NaN,NaN
NaN,NaN,0.0019915428032012,-0.00352698010586513,-0.00357284330433079,-0.0168514156199914,-0.0152958471298916,-0.00717252267349977,0.00321898188849445,NaN,NaN,NaN,NaN,NaN,NaN,NaN,NaN,NaN
NaN,NaN,0.000629092382344727,-0.00790160712980044,-0.0023017370015926,-0.0127147415138703,-0.0132745604933007,-0.00281678287137765,0.00571861442585941,NaN,NaN,NaN,NaN,NaN,NaN,NaN,NaN,NaN
NaN,NaN,0.00658836476698828,-0.0129080992677094,-0.000332213273698775,-0.0177710221566182,-0.0127536158979638,-0.00817965490568895,-0.0039183763001347,NaN,NaN,NaN,NaN,NaN,NaN,NaN,NaN,NaN
NaN,NaN,0.00303654261127425,-0.0194556881227375,-0.00251094930475423,-0.0187215113498193,-0.0163616340578301,-0.00874832046974916,-0.00448365185002331,NaN,NaN,NaN,NaN,NaN,NaN,NaN,NaN,NaN
NaN,NaN,0.00290243216052962,-0.0158703197278858,-0.00215637617414662,-0.0173364484168511,-0.0133178669930203,-0.00956818235863466,-0.00425011340121273,NaN,NaN,NaN,NaN,NaN,NaN,NaN,NaN,NaN
NaN,NaN,-0.00147310755952882,-0.0160113405921341,-0.00379181586807439,-0.0203654819585305,-0.0162233885348542,-0.010565330812824,-0.00328971493581776,NaN,NaN,NaN,NaN,NaN,NaN,NaN,NaN,NaN
NaN,NaN,-0.000851095838394637,-0.0139557812847973,-0.00333144449299046,-0.016495035723589,-0.0106570225179894,-0.00875107718457002,-0.00180591318348888,NaN,NaN,NaN,NaN,NaN,NaN,NaN,NaN,NaN
NaN,NaN,0.00324139632478667,-0.013375157538879,-0.00123889305298993,-0.0144160815931779,-0.0130059856892331,-0.013492310026777,-0.0107582141790772,NaN,NaN,NaN,NaN,NaN,NaN,NaN,NaN,NaN
NaN,NaN,-0.000117642057981963,-0.0157781187929989,-0.00214253672068783,-0.0138072573997003,-0.0144479338050587,-0.0146114617382409,-0.00465475443343166,NaN,NaN,NaN,NaN,NaN,NaN,NaN,NaN,NaN
NaN,NaN,0.000141116606149202,-0.00881722760580791,0.00088755852872661,-0.0104787477709275,-0.0144380617857678,-0.0116299815272214,0.000845897462568246,NaN,NaN,NaN,NaN,NaN,NaN,NaN,NaN,NaN
NaN,NaN,0.00029748566642714,-0.0052338522412659,0.00156900725657276,-0.0133969911791307,-0.0169078361213906,-0.0118172332440736,0.00330594879051205,NaN,NaN,NaN,NaN,NaN,NaN,NaN,NaN,NaN
NaN,NaN,0.00184584669962836,-0.0031399969496609,0.00425004280502132,-0.0105667577542287,-0.0097349386633141,-0.00379835961211938,0.00456723895331379,NaN,NaN,NaN,NaN,NaN,NaN,NaN,NaN,NaN
NaN,NaN,0.00778522603407813,-0.0021348577477814,0.00914686239654353,-0.00931435240878879,-0.0117305766762001,-0.00725269092072267,-4.94201813125983e-05,NaN,NaN,NaN,NaN,NaN,NaN,NaN,NaN,NaN
NaN,NaN,0.00707282014385176,-0.00473825824641002,0.00421357221299938,-0.00868453620447932,-0.00915431491739582,-0.00380739344109315,0.0044453847076511,NaN,NaN,NaN,NaN,NaN,NaN,NaN,NaN,NaN
NaN,NaN,0.00839256011143637,0.00404275390125501,0.00649674675757221,-0.00693541927709399,-0.00548078752763104,-0.0032373867725255,0.00767381441255566,NaN,NaN,NaN,NaN,NaN,NaN,NaN,NaN,NaN
NaN,NaN,0.00768715776697112,0.00617194357134091,0.00775680757457546,-0.0104405262924653,-0.00407776869542431,-0.00446114463557024,0.00734643590112682,NaN,NaN,NaN,NaN,NaN,NaN,NaN,NaN,NaN
NaN,NaN,0.00905044637814475,0.00533576491094815,0.00853604517275623,-0.00364380864872752,-0.00339652485854458,-0.000240521112573333,0.00512104060908314,NaN,NaN,NaN,NaN,NaN,NaN,NaN,NaN,NaN
NaN,NaN,0.0159136604537101,0.00576819660879361,0.010176364996975,0.000352924927331817,-0.00236268229491543,-0.0037651486491086,0.00266851436754223,NaN,NaN,NaN,NaN,NaN,NaN,NaN,NaN,NaN
NaN,NaN,0.0156393673290343,0.00319180446482884,0.00991814649993709,0.00143515901193799,-0.00335549078590702,-0.00314976794470567,0.00367374670167919,NaN,NaN,NaN,NaN,NaN,NaN,NaN,NaN,NaN
NaN,NaN,0.0159328456987472,0.00997831481314885,0.0123084790199452,0.00428468944058598,0.000242487716604955,-0.00429956016887445,0.00783402052184101,NaN,NaN,NaN,NaN,NaN,NaN,NaN,NaN,NaN
NaN,NaN,0.0148729633559318,0.00980432512975919,0.0126235081940346,-0.000207843021295654,-0.00268624238378834,-0.00313475502480287,0.00567158263584133,NaN,NaN,NaN,NaN,NaN,NaN,NaN,NaN,NaN
NaN,NaN,0.0116632718612285,0.0058207790813564,0.0137439823835545,0.00267938734517278,-0.00172802321321797,0.00111190827738028,0.00853923660179134,NaN,NaN,NaN,NaN,NaN,NaN,NaN,NaN,NaN
NaN,NaN,0.016461129115972,0.00548542844868886,0.0168795592277699,0.00248457328901471,-0.00379464663274121,-0.00104298589576501,0.00635288235207554,NaN,NaN,NaN,NaN,NaN,NaN,NaN,NaN,NaN
NaN,NaN,0.0138899151255221,0.00634980755664098,0.0114112242251091,0.000840081139661682,-0.00375620163686108,-0.000543890128028579,0.00666869383712765,NaN,NaN,NaN,NaN,NaN,NaN,NaN,NaN,NaN
NaN,NaN,0.0106117341686816,0.0122588071487068,0.0154686055272274,0.000893278285123718,0.00448911376588512,0.000801014175522141,0.0104933003749466,NaN,NaN,NaN,NaN,NaN,NaN,NaN,NaN,NaN
NaN,NaN,0.010987448321733,0.0148622076473354,0.0143712095111065,-0.00138225941433727,-0.00169457010633778,-0.00238690299738664,0.00739754688402172,NaN,NaN,NaN,NaN,NaN,NaN,NaN,NaN,NaN
NaN,NaN,0.00945048667684508,0.0134931448361992,0.0102626054673844,0.00198016898260297,0.000194226580788381,0.000885950794327073,0.0102015170123195,NaN,NaN,NaN,NaN,NaN,NaN,NaN,NaN,NaN
NaN,NaN,0.0139606025089355,0.0202779788038849,0.0159924931019001,0.00369587005601109,-0.00258577130443882,-0.00180162263859529,0.00745122831722256,NaN,NaN,NaN,NaN,NaN,NaN,NaN,NaN,NaN
NaN,NaN,0.0130094613899322,0.0196298155448555,0.0110566510945015,0.00274027721510114,-0.00305696464783978,-0.00137405244458932,0.00808426689764019,NaN,NaN,NaN,NaN,NaN,NaN,NaN,NaN,NaN
NaN,NaN,0.013061894850883,0.0250230859480022,0.0141766748517208,0.00272979052291096,0.00320748351805378,0.00120135249744635,0.00877592292090412,NaN,NaN,NaN,NaN,NaN,NaN,NaN,NaN,NaN
NaN,NaN,0.0138789441455932,0.0241050254068493,0.0130047916560822,6.6003068544281e-05,-0.00392484552867245,-0.00149039326061029,0.00671879899164196,NaN,NaN,NaN,NaN,NaN,NaN,NaN,NaN,NaN
NaN,NaN,0.0138142172266574,0.0160953532419323,0.0119207135527783,-0.000162040577076065,-0.00319465137727093,-0.000585781017434783,0.00775286507268902,NaN,NaN,NaN,NaN,NaN,NaN,NaN,NaN,NaN
NaN,NaN,0.0167402837444873,0.0192641596756099,0.0128775171130352,0.00318591506705464,-0.00467271618254017,-0.00235467923630495,0.0030217091407394,NaN,NaN,NaN,NaN,NaN,NaN,NaN,NaN,NaN
NaN,NaN,0.0146595787276359,0.0167852956316589,0.00855333051974109,-5.8496133230316e-05,-0.00153274349577259,-0.00373177004803438,0.000593807068071327,NaN,NaN,NaN,NaN,NaN,NaN,NaN,NaN,NaN
NaN,NaN,0.010263363646421,0.0206562075278877,0.0121677002995663,0.00153240771517934,0.00279857702844311,-0.00220015419472475,0.00456878494878765,NaN,NaN,NaN,NaN,NaN,NaN,NaN,NaN,NaN
NaN,NaN,0.0144527133573623,0.0195006783566593,0.0124738074033909,0.00294229970798672,-0.0024342078686459,-0.005960946509731,0.0033312435116386,NaN,NaN,NaN,NaN,NaN,NaN,NaN,NaN,NaN
NaN,NaN,0.0127315919865699,0.0170930232367634,0.0131147249727898,0.00784990401492299,-0.000393922251532786,-0.00425860060204286,0.00691653740068432,NaN,NaN,NaN,NaN,NaN,NaN,NaN,NaN,NaN
NaN,NaN,0.0160244692136378,0.0200832206270813,0.016544916400259,0.010183481737234,0.00214234851591755,-0.00228822005738039,0.00465394508501049,NaN,NaN,NaN,NaN,NaN,NaN,NaN,NaN,NaN
NaN,NaN,0.0162208665181727,0.0198166202268718,0.0156242295294457,0.00770232663974942,-0.000378965210984461,-0.00293763128865976,0.00630607407947537,NaN,NaN,NaN,NaN,NaN,NaN,NaN,NaN,NaN
NaN,NaN,0.012386276202354,0.0203420537970184,0.0182147777765446,0.00782049284801663,0.00145374723069835,0.000164473822223954,0.0103921401168918,NaN,NaN,NaN,NaN,NaN,NaN,NaN,NaN,NaN
NaN,NaN,0.0191292565335364,0.0217254217229007,0.0227115198164635,0.00669081719145955,-0.00069283954508137,0.000251906385528855,0.0100886034633731,NaN,NaN,NaN,NaN,NaN,NaN,NaN,NaN,NaN
NaN,NaN,0.0172353561987014,0.0198837499580501,0.0213281705170327,0.00941178785190762,0.00102481730573345,0.00357488395820837,0.00857218679448124,NaN,NaN,NaN,NaN,NaN,NaN,NaN,NaN,NaN
NaN,NaN,0.0222619462777705,0.0247470978162407,0.0211432284801655,0.0101609437309283,0.00786422677629162,0.00835370497952681,0.00641854059358593,NaN,NaN,NaN,NaN,NaN,NaN,NaN,NaN,NaN
NaN,NaN,0.0229436744023891,0.0251454431078552,0.0208515382497959,0.00649821968302907,0.0083666007994907,0.00608217196713667,0.00838504683633801,NaN,NaN,NaN,NaN,NaN,NaN,NaN,NaN,NaN
NaN,NaN,0.0193396050502391,0.0245606284103511,0.0228293693750553,0.0097269474111575,0.0089355271338718,0.00630256014119368,0.0130929569568252,NaN,NaN,NaN,NaN,NaN,NaN,NaN,NaN,NaN
NaN,NaN,0.0253671806325049,0.0264341327808021,0.0251197151034527,0.0141618682585734,0.00795644633763004,0.00525960924278479,0.010776888098917,NaN,NaN,NaN,NaN,NaN,NaN,NaN,NaN,NaN
NaN,NaN,0.0223980125059218,0.0240428130588649,0.0212206213861161,0.0153721219442862,0.00965605415694881,0.00586228670726996,0.00958406877180096,NaN,NaN,NaN,NaN,NaN,NaN,NaN,NaN,NaN
NaN,NaN,0.0248753491808505,0.0268264989814876,0.0252872414081745,0.0193709975622672,0.0136032972513931,0.00954022856603842,0.0135467531945324,NaN,NaN,NaN,NaN,NaN,NaN,NaN,NaN,NaN
NaN,NaN,0.0267975058425994,0.0262836683056472,0.0247404432981663,0.0165796934209842,0.0105159442900913,0.00582272412430029,0.014924607690773,NaN,NaN,NaN,NaN,NaN,NaN,NaN,NaN,NaN
NaN,NaN,0.023567492889318,0.0256536472103714,0.0275587371676617,0.0186295157812613,0.0117858771263855,0.0092121049965499,0.0206932197179412,NaN,NaN,NaN,NaN,NaN,NaN,NaN,NaN,NaN
NaN,NaN,0.0288343269397349,0.0282905753216861,0.0325157760768586,0.0184191113852042,0.0138375993847148,0.00979162978183012,0.0165870184864616,NaN,NaN,NaN,NaN,NaN,NaN,NaN,NaN,NaN
NaN,NaN,0.023947807775888,0.0250904391965984,0.0265025987415963,0.0168698935352343,0.0114488687395351,0.0131400138343452,0.0152203584875679,NaN,NaN,NaN,NaN,NaN,NaN,NaN,NaN,NaN
NaN,NaN,0.0269362356533141,0.0295542682967304,0.0303107208698445,0.0214379562579173,0.0167599778651493,0.0173885770345805,0.019675340023241,NaN,NaN,NaN,NaN,NaN,NaN,NaN,NaN,NaN
NaN,NaN,0.0258850891162486,0.0296908560655235,0.0313931412189656,0.0180289989851493,0.0142820078908699,0.012697039564955,0.017173360552988,NaN,NaN,NaN,NaN,NaN,NaN,NaN,NaN,NaN
NaN,NaN,0.0237420972456069,0.0275202039144157,0.0317214324265175,0.0196405595682639,0.016711008924176,0.0115291424299357,0.0213349941041088,NaN,NaN,NaN,NaN,NaN,NaN,NaN,NaN,NaN
NaN,NaN,0.029202236609611,0.0308890770635723,0.0309725745707207,0.021420615031578,0.0150292452453868,0.0105057120526908,0.0129065806831932,NaN,NaN,NaN,NaN,NaN,NaN,NaN,NaN,NaN
NaN,NaN,0.0240304719676108,0.0266214217505573,0.0258372805207424,0.019505908950426,0.0113941442250507,0.0108445458317874,0.015565115478239,NaN,NaN,NaN,NaN,NaN,NaN,NaN,NaN,NaN
NaN,NaN,0.0252104017902942,0.0290364901981472,0.0280621170192414,0.0230515843771476,0.0155359964846866,0.0140112288499949,0.0184787395264721,NaN,NaN,NaN,NaN,NaN,NaN,NaN,NaN,NaN
NaN,NaN,0.0268498647977443,0.027435919221413,0.0293086364060097,0.0192397742115039,0.0106036748766201,0.008817075213301,0.01537628051301,NaN,NaN,NaN,NaN,NaN,NaN,NaN,NaN,NaN
NaN,NaN,0.0208797890712352,0.0259050484261631,0.0306384719103031,0.0169911331079978,0.015028984475066,0.0102147855068324,0.0176022345985984,NaN,NaN,NaN,NaN,NaN,NaN,NaN,NaN,NaN
NaN,NaN,0.0246775548924537,0.0256674494109272,0.029413186678236,0.0179238526664752,0.0127575632213848,0.00952443333517294,0.0113150621618843,NaN,NaN,NaN,NaN,NaN,NaN,NaN,NaN,NaN
NaN,NaN,0.0199972305466266,0.0220072213075279,0.0197809456973725,0.0159489458941001,0.0116310540615814,0.010398721715319,0.0134777608182048,NaN,NaN,NaN,NaN,NaN,NaN,NaN,NaN,NaN
NaN,NaN,0.018598644809875,0.022596655365002,0.0261158949821644,0.017820177837469,0.0168109398364322,0.0117944948578952,0.0143794673349475,NaN,NaN,NaN,NaN,NaN,NaN,NaN,NaN,NaN
NaN,NaN,0.0216688241829009,0.0213260333500026,0.0270431756168061,0.0141489415012378,0.013622780519654,0.00593500437389593,0.0123735288943863,NaN,NaN,NaN,NaN,NaN,NaN,NaN,NaN,NaN
NaN,NaN,0.0155319485832782,0.0192067156992077,0.0251019454687291,0.0169771632693786,0.0137534078239696,0.00712419154297095,0.0102304438914871,NaN,NaN,NaN,NaN,NaN,NaN,NaN,NaN,NaN
NaN,NaN,0.019034727292213,0.0226699690780758,0.0255814834623986,0.0204067400239486,0.0129739280819194,0.00727240221749525,0.00967142682929989,NaN,NaN,NaN,NaN,NaN,NaN,NaN,NaN,NaN
NaN,NaN,0.0159137535859675,0.0206181536874889,0.0195039703636818,0.0177070966504592,0.0104271892487304,0.00658156575809699,0.0120455170836067,NaN,NaN,NaN,NaN,NaN,NaN,NaN,NaN,NaN
NaN,NaN,0.018911047654304,0.0210911537966846,0.0280522077470475,0.0207814483486194,0.012203668433358,0.00731572734366637,0.0154299805726623,NaN,NaN,NaN,NaN,NaN,NaN,NaN,NaN,NaN
NaN,NaN,0.0208746481706233,0.0203001442811607,0.0265677168160134,0.0154423436664122,0.00722211711399723,0.00400632845412474,0.0111165786947822,NaN,NaN,NaN,NaN,NaN,NaN,NaN,NaN,NaN
NaN,NaN,0.015381130205545,0.0175481605789779,0.0251982442229443,0.0144476166509169,0.00681825839274097,0.00576284008275252,0.00967273068090435,NaN,NaN,NaN,NaN,NaN,NaN,NaN,NaN,NaN
NaN,NaN,0.0186059650053115,0.0209515299162983,0.0215721770315819,0.0171714557848948,0.00798332430713344,0.00861468019138556,0.00975518998166081,NaN,NaN,NaN,NaN,NaN,NaN,NaN,NaN,NaN
NaN,NaN,0.0155563306082816,0.0207985508701919,0.0181366770654374,0.012072799965002,0.0110795620857971,0.00806363525043707,0.00976608645578381,NaN,NaN,NaN,NaN,NaN,NaN,NaN,NaN,NaN
NaN,NaN,0.0181626182068915,0.0216198656222938,0.0263982161074334,0.0156799240551967,0.0165449354826706,0.00974485876213294,0.0125175113644218,NaN,NaN,NaN,NaN,NaN,NaN,NaN,NaN,NaN
NaN,NaN,0.0203247953225703,0.0205487329027771,0.0243353924840145,0.0150482638321895,0.0109534051298397,0.00593614058743697,0.00345771711727139,NaN,NaN,NaN,NaN,NaN,NaN,NaN,NaN,NaN
NaN,NaN,0.0156744595636458,0.0167362894377826,0.018781673827713,0.0185526816688556,0.0132129613339202,0.00699818359862547,0.00926168214937206,NaN,NaN,NaN,NaN,NaN,NaN,NaN,NaN,NaN
NaN,NaN,0.0181446436812015,0.0213564130923866,0.0207009806423836,0.0222581534229297,0.0173666786431568,0.00855725484143477,0.0179522442485904,NaN,NaN,NaN,NaN,NaN,NaN,NaN,NaN,NaN
NaN,NaN,0.0170218039323421,0.0201510022840618,0.0255209847479515,0.020927516981222,0.0152173910319107,0.0076733738387702,0.0247935349907493,NaN,NaN,NaN,NaN,NaN,NaN,NaN,NaN,NaN
NaN,NaN,0.0214488830436797,0.021137477781546,0.0307992926924878,0.0227739943705577,0.0166827153443592,0.0130090140009997,0.0281285079981899,NaN,NaN,NaN,NaN,NaN,NaN,NaN,NaN,NaN
NaN,NaN,0.0243443463017077,0.0233817044160484,0.0293928279667549,0.0226644708357829,0.0127333488344448,0.0108582921529887,0.0227620410587406,NaN,NaN,NaN,NaN,NaN,NaN,NaN,NaN,NaN
NaN,NaN,0.019812083618793,0.020378058727753,0.0261330313175373,0.0221065154813308,0.0150631640135543,0.0126602895761607,0.0270434240665054,NaN,NaN,NaN,NaN,NaN,NaN,NaN,NaN,NaN
NaN,NaN,0.022041651235971,0.0287055912873863,0.028673437157219,0.0257781615994948,0.0198577243863838,0.0166079983318923,0.0285892332758522,NaN,NaN,NaN,NaN,NaN,NaN,NaN,NaN,NaN
NaN,NaN,0.022981243955049,0.0283043216428875,0.0330358638554268,0.0230135864161033,0.0204982135473983,0.0171395413781283,0.027299817171297,NaN,NaN,NaN,NaN,NaN,NaN,NaN,NaN,NaN
NaN,NaN,0.0221393656004996,0.0286138187608837,0.0372738472312146,0.024985755100109,0.022044358032872,0.0242374114895938,0.0278493533696746,NaN,NaN,NaN,NaN,NaN,NaN,NaN,NaN,NaN
NaN,NaN,0.0283278178443046,0.0297685656211494,0.032255490043705,0.0281472972177047,0.0192920763074653,0.0171640165353892,0.022079325732193,NaN,NaN,NaN,NaN,NaN,NaN,NaN,NaN,NaN
NaN,NaN,0.021190217511806,0.027005927588713,0.0283062166660481,0.0278562030337829,0.0235862370609539,0.0158348143304465,0.0237686331238365,NaN,NaN,NaN,NaN,NaN,NaN,NaN,NaN,NaN
NaN,NaN,0.0219334688057036,0.0306978206596492,0.0323592393785172,0.0285551419995803,0.0251670453726547,0.0195207655633567,0.0257132905389881,NaN,NaN,NaN,NaN,NaN,NaN,NaN,NaN,NaN
NaN,NaN,0.0249857667852969,0.0269047487042068,0.0333547487049752,0.026562409713127,0.0219877894996898,0.0207275547290919,0.0225823516811943,NaN,NaN,NaN,NaN,NaN,NaN,NaN,NaN,NaN
NaN,NaN,0.0252007905413241,0.0265607926509498,0.0344319536476784,0.0277157409630793,0.0187745217263,0.0278230965341209,0.0231881025101757,NaN,NaN,NaN,NaN,NaN,NaN,NaN,NaN,NaN
NaN,NaN,0.0293627034892173,0.0280062984190105,0.0333434797018223,0.0274814947091121,0.021895216035773,0.0201506003941176,0.0190516519214725,NaN,NaN,NaN,NaN,NaN,NaN,NaN,NaN,NaN
NaN,NaN,0.0219399321843715,0.0253692958018898,0.0285372032910042,0.0263295418165702,0.0225319985329406,0.0200907722319243,0.017510164048872,NaN,NaN,NaN,NaN,NaN,NaN,NaN,NaN,NaN
NaN,NaN,0.0245285991598697,0.0307468268535255,0.0312255217819863,0.0276466740809459,0.025403601306607,0.0254289269651053,0.0173773760761833,NaN,NaN,NaN,NaN,NaN,NaN,NaN,NaN,NaN
NaN,NaN,0.025188944118175,0.0258429478368877,0.032276109525507,0.0245699009440917,0.0202903982280986,0.0256596528197406,0.0149591970111942,NaN,NaN,NaN,NaN,NaN,NaN,NaN,NaN,NaN
NaN,NaN,0.0251610044409366,0.0222712512574314,0.0293100520163231,0.0264245553456324,0.0183315474569099,0.0257090687955497,0.0169371212687111,NaN,NaN,NaN,NaN,NaN,NaN,NaN,NaN,NaN
NaN,NaN,0.0250599186886878,0.0234724152348159,0.0294016196518593,0.0300765691839236,0.017804623770644,0.0162045866454719,0.0107657494809246,NaN,NaN,NaN,NaN,NaN,NaN,NaN,NaN,NaN
NaN,NaN,0.0133857529629798,0.0217322203776954,0.0248077220409565,0.024666087939598,0.0185145709692733,0.0154011905397056,0.0105803231563186,NaN,NaN,NaN,NaN,NaN,NaN,NaN,NaN,NaN
NaN,NaN,0.0157715033759208,0.0241612586639045,0.029229194590395,0.0257285221062678,0.0177126463531749,0.0203419685567496,0.014309264239273,NaN,NaN,NaN,NaN,NaN,NaN,NaN,NaN,NaN
NaN,NaN,0.0164062742163272,0.0174652728698372,0.0271335511594467,0.020162379606821,0.00882432721846271,0.0191297404671786,0.0128255928721046,NaN,NaN,NaN,NaN,NaN,NaN,NaN,NaN,NaN
NaN,NaN,0.0144597914089294,0.0147481392583965,0.025160134503191,0.0212786255918521,0.0119357828079956,0.0204679392481921,0.016439552869997,NaN,NaN,NaN,NaN,NaN,NaN,NaN,NaN,NaN
NaN,NaN,0.0143062721957297,0.0173236000797867,0.0264416716187649,0.0212806372486133,0.0126889992534416,0.0135809019411681,0.00850870784779545,NaN,NaN,NaN,NaN,NaN,NaN,NaN,NaN,NaN
NaN,NaN,0.00635223724142027,0.0183287951610206,0.021387812414711,0.0172488300643939,0.014534712958266,0.0169710651243804,0.00795749526878353,NaN,NaN,NaN,NaN,NaN,NaN,NaN,NaN,NaN
NaN,NaN,0.0104465547968478,0.0194750111065029,0.0249283469408207,0.0186161606155414,0.0169616464554565,0.0241372570599196,0.0120471748377895,NaN,NaN,NaN,NaN,NaN,NaN,NaN,NaN,NaN
NaN,NaN,0.0119519073535533,0.0159587654731392,0.0220641202419453,0.0148336498580951,0.0105618584930198,0.0213002436066745,0.0107226478721714,NaN,NaN,NaN,NaN,NaN,NaN,NaN,NaN,NaN
NaN,NaN,0.0122058976461024,0.0132625121138214,0.021524772712534,0.0215352235876101,0.0168966215132969,0.0186107143963454,0.0102213169302559,NaN,NaN,NaN,NaN,NaN,NaN,NaN,NaN,NaN
NaN,NaN,0.0132683690656753,0.021623050745499,0.0236835411875897,0.0263965597890395,0.0200975958287017,0.0124414101446746,0.00373949807544704,NaN,NaN,NaN,NaN,NaN,NaN,NaN,NaN,NaN
NaN,NaN,0.00893922783628416,0.0192943717799305,0.0240850343495064,0.0235408081255931,0.0192850913881557,0.0141441099549411,0.00786605801840778,NaN,NaN,NaN,NaN,NaN,NaN,NaN,NaN,NaN
NaN,NaN,0.0122056368757815,0.0201114769539951,0.0264284840911084,0.0254656842492598,0.0179263848840492,0.0219844490493415,0.0145965958799934,NaN,NaN,NaN,NaN,NaN,NaN,NaN,NaN,NaN
NaN,NaN,0.0155919257570834,0.016916966017258,0.0250614515631848,0.0223504102371711,0.013420553135802,0.0197608977759955,0.0137138324644184,NaN,NaN,NaN,NaN,NaN,NaN,NaN,NaN,NaN
NaN,NaN,0.0135445807148547,0.0166956092677234,0.0272936641364746,0.0249524882577437,0.021153045076062,0.0187849089707015,0.0129180545773124,NaN,NaN,NaN,NaN,NaN,NaN,NaN,NaN,NaN
NaN,NaN,0.0147758822907538,0.0229185390732406,0.0287510908334904,0.025574201955654,0.0223332729219692,0.0153720773960231,0.00874397855659481,NaN,NaN,NaN,NaN,NaN,NaN,NaN,NaN,NaN
NaN,NaN,0.00954188667431784,0.0200945082566856,0.0227255269079857,0.0202338493011969,0.0201899085222976,0.0196427315677283,0.0134311760630226,NaN,NaN,NaN,NaN,NaN,NaN,NaN,NaN,NaN
NaN,NaN,0.0118192497660251,0.0213679987452148,0.0255427776961975,0.0215901902459639,0.0233649920701282,0.0276595376635669,0.0181699502136325,NaN,NaN,NaN,NaN,NaN,NaN,NaN,NaN,NaN
NaN,NaN,0.0168698865939708,0.0216434653363346,0.0280541448980027,0.022947630151369,0.0232086602627533,0.0238639325107215,0.0159992235567188,NaN,NaN,NaN,NaN,NaN,NaN,NaN,NaN,NaN
NaN,NaN,0.0165901917983623,0.0235923509559749,0.0288966379254513,0.0282791352413672,0.0276861611782806,0.0219379015470622,0.0130226979817962,NaN,NaN,NaN,NaN,NaN,NaN,NaN,NaN,NaN
NaN,NaN,0.0190608043243022,0.0282759163043617,0.0320891185789757,0.0297913423322219,0.0304577957867878,0.0207826145197032,0.0144196818437194,NaN,NaN,NaN,NaN,NaN,NaN,NaN,NaN,NaN
NaN,NaN,0.0161627333630652,0.0243346523008465,0.0270941562145405,0.0265314525507468,0.0260800581454532,0.0256367609108565,0.0188989150192356,NaN,NaN,NaN,NaN,NaN,NaN,NaN,NaN,NaN
NaN,NaN,0.0210060205329986,0.0242291334531425,0.0296804017513447,0.0292717202149409,0.0282567825197475,0.032406377067673,0.0216921004321193,NaN,NaN,NaN,NaN,NaN,NaN,NaN,NaN,NaN
NaN,NaN,0.0250014875103564,0.0265955123565315,0.0331991433292084,0.0290397650145072,0.0282900307356613,0.0298501759971259,0.0177939380373573,NaN,NaN,NaN,NaN,NaN,NaN,NaN,NaN,NaN
NaN,NaN,0.0219823073615165,0.0219289343319057,0.0321020453363114,0.0279426111422557,0.0294754181086319,0.0266580119932769,0.0170162650611019,NaN,NaN,NaN,NaN,NaN,NaN,NaN,NaN,NaN
NaN,NaN,0.020375254379663,0.023140417363417,0.0295071757524662,0.028940895809986,0.0272338923095958,0.0261029623652576,0.0187869514193153,NaN,NaN,NaN,NaN,NaN,NaN,NaN,NaN,NaN
NaN,NaN,0.0146552946437926,0.0195483620724796,0.0239343277304821,0.0226061886690635,0.0257745843409793,0.0282815121317981,0.0179645190801239,NaN,NaN,NaN,NaN,NaN,NaN,NaN,NaN,NaN
NaN,NaN,0.0132333885897727,0.0179201680681823,0.0249474576800518,0.0246475918732661,0.0299428302823799,0.0323945492709754,0.0197124439146137,NaN,NaN,NaN,NaN,NaN,NaN,NaN,NaN,NaN
NaN,NaN,0.0135410044361682,0.0200138929746269,0.0268310762136631,0.0257841965697783,0.028876801210572,0.0265608005429385,0.0127508262958145,NaN,NaN,NaN,NaN,NaN,NaN,NaN,NaN,NaN
NaN,NaN,0.0083794098366828,0.0157294552288173,0.0238006829410248,0.0280851966284293,0.028127216923167,0.0256487935985206,0.0168690788414096,NaN,NaN,NaN,NaN,NaN,NaN,NaN,NaN,NaN
NaN,NaN,0.00640409328237486,0.0179195347688316,0.0241000845223122,0.0276960714303035,0.0266693618177669,0.0252795987034915,0.0197077127959346,NaN,NaN,NaN,NaN,NaN,NaN,NaN,NaN,NaN
NaN,NaN,0.00467123724714232,0.016427798148167,0.0223498686342888,0.0231317526243705,0.0225024942337768,0.0260923825408099,0.0193335818912601,NaN,NaN,NaN,NaN,NaN,NaN,NaN,NaN,NaN
NaN,NaN,0.00545624904528571,0.0153816621265529,0.0230388983278923,0.0228844119750041,0.0251621279894607,0.0314119480754016,0.0188123020197963,NaN,NaN,NaN,NaN,NaN,NaN,NaN,NaN,NaN
NaN,NaN,0.00807239003673506,0.017159333404076,0.0260945304423027,0.0206923394046801,0.0234568763553398,0.0264694564248202,0.0121082882251358,NaN,NaN,NaN,NaN,NaN,NaN,NaN,NaN,NaN
NaN,NaN,0.00563938431635809,0.0123022626600383,0.0214649818032437,0.0197238570593375,0.0213737312733429,0.0267417192662833,0.0168557609285926,NaN,NaN,NaN,NaN,NaN,NaN,NaN,NaN,NaN
NaN,NaN,0.00640098266497565,0.0157790760955928,0.0187468796163254,0.0201583749197501,0.0230144422530429,0.0265328049863456,0.0151254939701175,NaN,NaN,NaN,NaN,NaN,NaN,NaN,NaN,NaN
NaN,NaN,0.00518130399480773,0.0152593422196029,0.0162760435729676,0.0135460032664317,0.0213324364303844,0.027289783974993,0.0147644760872936,NaN,NaN,NaN,NaN,NaN,NaN,NaN,NaN,NaN
NaN,NaN,0.00194624327317191,0.0130434836707233,0.0155905715315991,0.0156420378528613,0.0259300593315857,0.029437059929478,0.0139640602137661,NaN,NaN,NaN,NaN,NaN,NaN,NaN,NaN,NaN
NaN,NaN,0.0072897437979312,0.0117709245047687,0.0178031331985646,0.0191088302575129,0.0236164491652744,0.0235880002583144,0.00893532809277531,NaN,NaN,NaN,NaN,NaN,NaN,NaN,NaN,NaN
NaN,NaN,0.00285927467242194,0.0088521968088268,0.012674675056284,0.0186571201823729,0.0213607672631042,0.0203137308562873,0.0134193668927765,NaN,NaN,NaN,NaN,NaN,NaN,NaN,NaN,NaN
NaN,NaN,0.00298934318319273,0.0117595996222614,0.0159291072874718,0.0206835104666728,0.0216508556186454,0.0187023937905906,0.0130983400013065,NaN,NaN,NaN,NaN,NaN,NaN,NaN,NaN,NaN
NaN,NaN,0.0037705365587802,0.0101665723583816,0.0133600353389435,0.0134698583327311,0.0188547831057804,0.0204155430401443,0.0128686944808578,NaN,NaN,NaN,NaN,NaN,NaN,NaN,NaN,NaN
NaN,NaN,0.00211684294238997,0.00611619460202443,0.0151723331897908,0.0176902024589557,0.0215306777536171,0.025237316658604,0.0136687750782585,NaN,NaN,NaN,NaN,NaN,NaN,NaN,NaN,NaN
NaN,NaN,0.00712715350285483,0.00630670594788777,0.0221155478745156,0.0193589462481517,0.0221864033519523,0.0231967143918155,0.0160537804331398,NaN,NaN,NaN,NaN,NaN,NaN,NaN,NaN,NaN
NaN,NaN,0.00471232719913436,0.00418535801388013,0.0176303542345219,0.0177501051269549,0.0184490803658264,0.022637082656729,0.0166609654988861,NaN,NaN,NaN,NaN,NaN,NaN,NaN,NaN,NaN
NaN,NaN,0.00685032718077612,0.00829409244276273,0.0198561406820469,0.0176465420566577,0.0241408769070404,0.0247139133716701,0.0160200293030357,NaN,NaN,NaN,NaN,NaN,NaN,NaN,NaN,NaN
NaN,NaN,0.00822503380671454,0.00912503707028615,0.0180456495969944,0.0146149939440268,0.0240128945588367,0.0275449104810832,0.0157995852496242,NaN,NaN,NaN,NaN,NaN,NaN,NaN,NaN,NaN
NaN,NaN,0.0104598168303103,0.00480593549824941,0.0165819830387287,0.0212657174609679,0.0259809654235141,0.0287950620258925,0.0184965091611957,NaN,NaN,NaN,NaN,NaN,NaN,NaN,NaN,NaN
NaN,NaN,0.0127457108368011,0.0101396198830723,0.0174962624102288,0.0243582485757846,0.0265258636354702,0.0270643852854846,0.019902918007574,NaN,NaN,NaN,NaN,NaN,NaN,NaN,NaN,NaN
NaN,NaN,0.0106751386095614,0.00864818128563153,0.0113052210896664,0.0196173882626075,0.0224114667653339,0.0242627620900748,0.017558406558237,NaN,NaN,NaN,NaN,NaN,NaN,NaN,NaN,NaN
NaN,NaN,0.0103970270623298,0.0108374412617801,0.0129414989739113,0.0189486986540336,0.0244897317170398,0.0268725328351138,0.0183282750513172,NaN,NaN,NaN,NaN,NaN,NaN,NaN,NaN,NaN
NaN,NaN,0.013405888157043,0.0112042147181152,0.0106350041120701,0.017345501347639,0.0219670023798244,0.0280221015418647,0.0183524708118057,NaN,NaN,NaN,NaN,NaN,NaN,NaN,NaN,NaN
NaN,NaN,0.0124833200146289,0.00724573987342107,0.014549315640276,0.0204940608285445,0.0248854693054454,0.0314939044619678,0.0253814789321041,NaN,NaN,NaN,NaN,NaN,NaN,NaN,NaN,NaN
NaN,NaN,0.0134657908250423,0.00919350790597188,0.0176430202215367,0.0202344639740962,0.024467603492667,0.0299813807214377,0.0235417815711116,NaN,NaN,NaN,NaN,NaN,NaN,NaN,NaN,NaN
NaN,NaN,0.0129826392997832,0.00966417970873105,0.0116856663613968,0.0164795948706645,0.0241616640269058,0.0296204559708713,0.0195786687399959,NaN,NaN,NaN,NaN,NaN,NaN,NaN,NaN,NaN
NaN,NaN,0.0106452804078193,0.0125618967673897,0.0150478898673706,0.0178586600862521,0.0280182708083885,0.0320574104989646,0.0205643246736145,NaN,NaN,NaN,NaN,NaN,NaN,NaN,NaN,NaN
NaN,NaN,0.0122762125004859,0.0117074641845344,0.0142731039910965,0.0170621371410865,0.02706144862168,0.0304706603492377,0.0228596622910118,NaN,NaN,NaN,NaN,NaN,NaN,NaN,NaN,NaN
NaN,NaN,0.0103144746293159,0.00966578158355939,0.015770056018179,0.0217368362985629,0.0276026587962406,0.0320912733877776,0.0269247735704994,NaN,NaN,NaN,NaN,NaN,NaN,NaN,NaN,NaN
NaN,NaN,0.0110474813748927,0.0118473302087902,0.0186068645804577,0.0225574991248626,0.0275651264964836,0.0313363246823428,0.0228980886604404,NaN,NaN,NaN,NaN,NaN,NaN,NaN,NaN,NaN
NaN,NaN,0.00944672413364363,0.0123556088171123,0.015767522820776,0.0187432302676219,0.0235836479841964,0.0297208711708663,0.0218893918063259,NaN,NaN,NaN,NaN,NaN,NaN,NaN,NaN,NaN
NaN,NaN,0.0081558551658721,0.0132484305164932,0.0157922773748093,0.020715752854206,0.0223525326728122,0.0292320013249991,0.0238282563950634,NaN,NaN,NaN,NaN,NaN,NaN,NaN,NaN,NaN
NaN,NaN,0.00960206873908949,0.0100366528592228,0.0154180347114258,0.0152350498877543,0.0203734722017543,0.0288013763929484,0.0260440590645885,NaN,NaN,NaN,NaN,NaN,NaN,NaN,NaN,NaN
NaN,NaN,0.00675514601365042,0.00581871154524076,0.0161967135160618,0.0127892850481051,0.0206242773710983,0.029979573955643,0.0257115769054508,NaN,NaN,NaN,NaN,NaN,NaN,NaN,NaN,NaN
NaN,NaN,0.00866705812707854,0.00781988161422002,0.0152610323517971,0.0116615279160518,0.0204335611342685,0.029871745427954,0.0190851609077072,NaN,NaN,NaN,NaN,NaN,NaN,NaN,NaN,NaN
NaN,NaN,0.00949865468040419,0.00897012087322461,0.00928115911180309,0.0082407800994891,0.0179578077077167,0.0290003255213378,0.0165866087045288,NaN,NaN,NaN,NaN,NaN,NaN,NaN,NaN,NaN
NaN,NaN,0.00584414489761305,0.00969645934916722,0.0113305716901474,0.0106620139025229,0.0212890740513103,0.0278075061942218,0.0200397851731395,NaN,NaN,NaN,NaN,NaN,NaN,NaN,NaN,NaN
NaN,NaN,0.00824166722789717,0.00596399786688077,0.0125041312664204,0.00883135037050427,0.0206545081018703,0.0264533072913764,0.022188141461811,NaN,NaN,NaN,NaN,NaN,NaN,NaN,NaN,NaN
NaN,NaN,0.00853183008924437,0.00371444406725156,0.0104771449356728,0.0128047077499408,0.0221546638786094,0.027487168481457,0.0181454005505657,NaN,NaN,NaN,NaN,NaN,NaN,NaN,NaN,NaN
NaN,NaN,0.00979040079012824,0.00640367525435674,0.0116145691960507,0.0114085434518832,0.0199269402801292,0.0233472906256793,0.0149289662804222,NaN,NaN,NaN,NaN,NaN,NaN,NaN,NaN,NaN
NaN,NaN,0.00805899761811209,0.0053521189353584,0.00687844000155261,0.00972176925764264,0.0133817914902465,0.0218229763413547,0.0144731025065994,NaN,NaN,NaN,NaN,NaN,NaN,NaN,NaN,NaN
NaN,NaN,0.00417465605035735,0.00399508881188619,0.00935337386423877,0.0106610267005938,0.0159756366192596,0.0211902544106124,0.0188559810485458,NaN,NaN,NaN,NaN,NaN,NaN,NaN,NaN,NaN
NaN,NaN,0.00578385107413245,0.00306803169466245,0.0118775933175736,0.00869707228169621,0.015816138315131,0.0225132912601111,0.0197427864040947,NaN,NaN,NaN,NaN,NaN,NaN,NaN,NaN,NaN
NaN,NaN,0.00461193062559081,0.000685783054602022,0.0106582871764355,0.00780227617845715,0.0154076043545501,0.0230851792002795,0.0166711355414009,NaN,NaN,NaN,NaN,NaN,NaN,NaN,NaN,NaN
NaN,NaN,0.00551332049265814,0.00568996551252591,0.00833238355213931,0.00659299106822194,0.0122038174449699,0.0224611744488357,0.0163855361606693,NaN,NaN,NaN,NaN,NaN,NaN,NaN,NaN,NaN
NaN,NaN,0.00228230171099616,0.00515072974182355,0.00719413972789577,0.0018325916074294,0.0116457503318088,0.0221577495540259,0.0183051596250152,NaN,NaN,NaN,NaN,NaN,NaN,NaN,NaN,NaN
NaN,NaN,-0.00222213305338907,0.00514679956055867,0.0108808546453171,0.00304804207310857,0.0171633150457637,0.023402518054354,0.0235369759466266,NaN,NaN,NaN,NaN,NaN,NaN,NaN,NaN,NaN
NaN,NaN,0.00394404195443106,0.00415654289342153,0.00999932057554057,0.00535230176077069,0.0179377842723625,0.0248208292032359,0.0203205044235801,NaN,NaN,NaN,NaN,NaN,NaN,NaN,NaN,NaN
NaN,NaN,0.00534707941308928,0.00636167260624158,0.00874238900238803,0.0073163120590228,0.0186281178175705,0.0264854751731036,0.0206500436033821,NaN,NaN,NaN,NaN,NaN,NaN,NaN,NaN,NaN
NaN,NaN,0.00867871828571272,0.0108328032753586,0.0112265802114659,0.00745370076523007,0.0195777315675514,0.0281260743940948,0.0241583357419586,NaN,NaN,NaN,NaN,NaN,NaN,NaN,NaN,NaN
NaN,NaN,0.0108425717820258,0.0107078011593937,0.01473459295327,0.00622647838220776,0.0189858946978347,0.0289492145384429,0.0275668273534393,NaN,NaN,NaN,NaN,NaN,NaN,NaN,NaN,NaN
NaN,NaN,0.00963008292213393,0.0118319820127605,0.0171714170962029,0.00922921137438001,0.0258979473292129,0.0317993596399901,0.0307728866901016,NaN,NaN,NaN,NaN,NaN,NaN,NaN,NaN,NaN
NaN,NaN,0.0153108898569675,0.0121344942114471,0.0174293748229199,0.00770774693713368,0.0263953853427665,0.0318198487366317,0.0285359429981327,NaN,NaN,NaN,NaN,NaN,NaN,NaN,NaN,NaN
NaN,NaN,0.0167540673185916,0.0117612573764442,0.0130502960770779,0.0108898340307254,0.0237155418872135,0.0307096377218841,0.0281320656504249,NaN,NaN,NaN,NaN,NaN,NaN,NaN,NaN,NaN
NaN,NaN,0.0180398140122027,0.0141454431674598,0.0156346789687329,0.00885182084069432,0.026324120539357,0.0317626096511958,0.0307733337249374,NaN,NaN,NaN,NaN,NaN,NaN,NaN,NaN,NaN
NaN,NaN,0.0159315604735942,0.0140702668092369,0.0188051990359478,0.00987685309276761,0.025659212100436,0.031083936264622,0.0330893094505882,NaN,NaN,NaN,NaN,NaN,NaN,NaN,NaN,NaN
NaN,NaN,0.0121540416051478,0.0129271242282509,0.0184937647669964,0.011859489842512,0.0304587457358139,0.030812623372185,0.0324952001537895,NaN,NaN,NaN,NaN,NaN,NaN,NaN,NaN,NaN
NaN,NaN,0.0173218574394317,0.0171879808864711,0.0178907892792874,0.0159880055628795,0.0278697062312858,0.0334808625484584,0.0322488839592552,NaN,NaN,NaN,NaN,NaN,NaN,NaN,NaN,NaN
NaN,NaN,0.0164810407926173,0.0142433437965034,0.0149217142849617,0.0165018348537463,0.0267345730244415,0.0324689805711387,0.0348103935684776,NaN,NaN,NaN,NaN,NaN,NaN,NaN,NaN,NaN
NaN,NaN,0.0173619229365916,0.0159696433208107,0.0209152593403511,0.016647866233446,0.0259899619995849,0.0341312237287639,0.0392125504877185,NaN,NaN,NaN,NaN,NaN,NaN,NaN,NaN,NaN
NaN,NaN,0.0143970016409488,0.0152608509621738,0.0216209224551373,0.0157153329394835,0.0240543011605041,0.0333585985208629,0.0384183185960865,NaN,NaN,NaN,NaN,NaN,NaN,NaN,NaN,NaN
NaN,NaN,0.0118718508650394,0.0147067885360836,0.0196993245869332,0.0133713802836913,0.0249841708719032,0.0357122183049796,0.0370071041252231,NaN,NaN,NaN,NaN,NaN,NaN,NaN,NaN,NaN
NaN,NaN,0.0169981110860438,0.0146094653270363,0.0190570100336724,0.014047930254795,0.0238177638530033,0.0370461516286014,0.0372683401074028,NaN,NaN,NaN,NaN,NaN,NaN,NaN,NaN,NaN
NaN,NaN,0.0157691191901298,0.0110924560091613,0.0133377394765072,0.0111858083449382,0.0221108917176025,0.0349293858016608,0.0333198490407085,NaN,NaN,NaN,NaN,NaN,NaN,NaN,NaN,NaN
NaN,NaN,0.0139312285949321,0.0117528009674667,0.0156648724466019,0.0084849356256503,0.022017722207238,0.0336708523536799,0.0334922741021728,NaN,NaN,NaN,NaN,NaN,NaN,NaN,NaN,NaN
NaN,NaN,0.00814948491946173,0.0118341613075851,0.0139488919764214,0.00675215409622372,0.0224906291841762,0.0301291071082233,0.0285877617861843,NaN,NaN,NaN,NaN,NaN,NaN,NaN,NaN,NaN
NaN,NaN,0.00732936226025534,0.00641038077689397,0.00856981492931178,0.00839210139141263,0.0204834800242679,0.0276940152252791,0.0253651621605968,NaN,NaN,NaN,NaN,NaN,NaN,NaN,NaN,NaN
NaN,NaN,0.00796987004772139,0.006123291280043,0.0064422643869572,0.0114587603651065,0.0210805695533054,0.0274194985831855,0.0272477748658275,NaN,NaN,NaN,NaN,NaN,NaN,NaN,NaN,NaN
NaN,NaN,0.00551283620491934,0.00106835174180257,0.00479143924409679,0.00711035938487233,0.016716913509299,0.0235506355966209,0.0231101321842289,NaN,NaN,NaN,NaN,NaN,NaN,NaN,NaN,NaN
NaN,NaN,0.00198569409743262,0.00261814701176869,0.00760585881168178,0.00440484867916287,0.0163569945871131,0.0231554381753085,0.0255943792726612,NaN,NaN,NaN,NaN,NaN,NaN,NaN,NaN,NaN
NaN,NaN,0.000370948391112808,0.00168932038165318,0.00579270414406589,0.00271293358431043,0.0114170547603862,0.0199923686886905,0.0211259680654621,NaN,NaN,NaN,NaN,NaN,NaN,NaN,NaN,NaN
NaN,NaN,-0.00206736586793947,-0.00143450317167056,0.00400894201690486,0.000963965668537033,0.0112881597160595,0.0200913496519206,0.0248893494572258,NaN,NaN,NaN,NaN,NaN,NaN,NaN,NaN,NaN
NaN,NaN,0.000927450882348541,0.000130826558840151,0.00250805980855754,0.000866772844650162,0.0124695796548622,0.0226263910735724,0.0250606941845035,NaN,NaN,NaN,NaN,NaN,NaN,NaN,NaN,NaN
NaN,NaN,0.00161221511856032,0.00114414277292478,0.00303570992643169,-0.00237862555756389,0.00800548978440929,0.0223629385436652,0.0214768531586742,NaN,NaN,NaN,NaN,NaN,NaN,NaN,NaN,NaN
NaN,NaN,-0.00119574107035684,0.00398069056488263,0.00616335190231136,-0.00302401347532092,0.0122148070513504,0.0248460121656535,0.0231230589415645,NaN,NaN,NaN,NaN,NaN,NaN,NaN,NaN,NaN
NaN,NaN,0.00255508609310103,0.00363896968580472,0.00348216734225086,-0.00300657911672412,0.00753595419519115,0.019711388667929,0.0220879125263309,NaN,NaN,NaN,NaN,NaN,NaN,NaN,NaN,NaN
NaN,NaN,0.000720157103690629,0.00236050593472707,0.000358213403766664,0.00160326273665608,0.0138691525935428,0.0206928350235103,0.0254041286971187,NaN,NaN,NaN,NaN,NaN,NaN,NaN,NaN,NaN
NaN,NaN,0.00686319805875731,0.00600985619045484,0.000927847543304475,0.00459008873925389,0.0168523464380996,0.0220841564441798,0.0250756139721489,NaN,NaN,NaN,NaN,NaN,NaN,NaN,NaN,NaN
NaN,NaN,0.00839857645526839,0.00663140225030171,0.00607603109771541,0.00360907079205693,0.0137141618906753,0.0239628017152427,0.0248059402074432,NaN,NaN,NaN,NaN,NaN,NaN,NaN,NaN,NaN
NaN,NaN,0.00854626558915091,0.00603716256834256,0.00690449840719035,0.00496751652584256,0.0133359331666725,0.0253019318188308,0.0261150444712257,NaN,NaN,NaN,NaN,NaN,NaN,NaN,NaN,NaN
NaN,NaN,0.0115769941379161,0.00658062654353368,0.0082069530277901,0.00588770048246564,0.0116801720141666,0.0236767366732238,0.0268766986991977,NaN,NaN,NaN,NaN,NaN,NaN,NaN,NaN,NaN
NaN,NaN,0.00946287326708746,0.00507326233006703,0.00620146162206462,0.00605971576199712,0.0175759468256729,0.0241661466861842,0.0288179474737262,NaN,NaN,NaN,NaN,NaN,NaN,NaN,NaN,NaN
NaN,NaN,0.0126638662089438,0.00655527594305264,0.00876488975579074,0.00890334160552205,0.0194001283525722,0.0270142242516158,0.0282607185508823,NaN,NaN,NaN,NaN,NaN,NaN,NaN,NaN,NaN
NaN,NaN,0.0131919633616538,0.00932311075545537,0.0100207968741112,0.00603984133825482,0.0190241534291999,0.0274324812198756,0.0279739270772552,NaN,NaN,NaN,NaN,NaN,NaN,NaN,NaN,NaN
NaN,NaN,0.0125406894852252,0.00880050840593564,0.0121687247543984,0.00884427712783993,0.0169036436855095,0.0277786724473117,0.0325596663024044,NaN,NaN,NaN,NaN,NaN,NaN,NaN,NaN,NaN
NaN,NaN,0.0142985049654574,0.0106346737108349,0.0120594619899445,0.0122463612400073,0.0199170310079353,0.0271179922128795,0.0339970695640659,NaN,NaN,NaN,NaN,NaN,NaN,NaN,NaN,NaN
NaN,NaN,0.0135895077158542,0.0110863092801689,0.00671463898712924,0.0143479837618846,0.0229121457814472,0.0258031323755858,0.036064140018425,NaN,NaN,NaN,NaN,NaN,NaN,NaN,NaN,NaN
NaN,NaN,0.0121503163148494,0.0122203621528267,0.00964541799718669,0.0119409991942424,0.0215487267851131,0.0287924356962321,0.0374798993434524,NaN,NaN,NaN,NaN,NaN,NaN,NaN,NaN,NaN
NaN,NaN,0.0132821898926826,0.0127485896906971,0.00904968819910816,0.00877016247735203,0.0147509846865432,0.0281483330036281,0.0390984075929737,NaN,NaN,NaN,NaN,NaN,NaN,NaN,NaN,NaN
NaN,NaN,0.0121056687106223,0.00952209713674771,0.00920616901809505,0.00863653631434621,0.0146388161956565,0.0281129986251472,0.0406991462077713,NaN,NaN,NaN,NaN,NaN,NaN,NaN,NaN,NaN
NaN,NaN,0.0117738012243838,0.0113651658854603,0.0112694769292527,0.0107360354207534,0.0182071413873928,0.0306580424512504,0.0393507587577915,NaN,NaN,NaN,NaN,NaN,NaN,NaN,NaN,NaN
NaN,NaN,0.0112854156662555,0.00787536981321561,0.00866874001318744,0.00643688277826489,0.0188499402283924,0.028717631867039,0.0355099658336258,NaN,NaN,NaN,NaN,NaN,NaN,NaN,NaN,NaN
NaN,NaN,0.0100009355713458,0.0101078431568264,0.00610821760589412,0.00237812311873616,0.0172240559040802,0.0321023374999641,0.036233603474102,NaN,NaN,NaN,NaN,NaN,NaN,NaN,NaN,NaN
NaN,NaN,0.0102195728589625,0.00820869016267049,0.00601348347360424,-0.00213551311268626,0.0121667508065002,0.030615313371527,0.0353256012167549,NaN,NaN,NaN,NaN,NaN,NaN,NaN,NaN,NaN
NaN,NaN,0.00798432417407942,0.00531775313235509,0.0056873343079739,0.00166491629109563,0.0161061894177692,0.0282525107468246,0.0348770762648201,NaN,NaN,NaN,NaN,NaN,NaN,NaN,NaN,NaN
NaN,NaN,0.0107849974204631,0.00690426113821256,0.00528584114605716,0.0077888465069312,0.0191417049645679,0.0284362793172477,0.0305057088698959,NaN,NaN,NaN,NaN,NaN,NaN,NaN,NaN,NaN
NaN,NaN,0.0090914804507823,0.00655695232368695,0.00613071835929683,0.00495984242782773,0.0207202408491867,0.0266051128710387,0.0304731312062358,NaN,NaN,NaN,NaN,NaN,NaN,NaN,NaN,NaN
NaN,NaN,0.00807347037092162,0.00803432795025098,0.00787473163897327,0.00381729589328946,0.0145727481722133,0.0290126189793227,0.0353351193334674,NaN,NaN,NaN,NaN,NaN,NaN,NaN,NaN,NaN
NaN,NaN,0.0114352282156081,0.00595906185723531,0.00759550250465206,0.00111523108110608,0.0102637048839824,0.0268826842511771,0.0357486079301452,NaN,NaN,NaN,NaN,NaN,NaN,NaN,NaN,NaN
NaN,NaN,0.0090132493545146,0.00520705613113629,0.00823163307601741,0.00491769076810063,0.01412299387448,0.025661180188763,0.0344613524939632,NaN,NaN,NaN,NaN,NaN,NaN,NaN,NaN,NaN
NaN,NaN,0.0100550640393825,0.00577179151393163,0.0110745697408371,0.00332749472484769,0.0156932782410877,0.0230341240967391,0.0317627335753059,NaN,NaN,NaN,NaN,NaN,NaN,NaN,NaN,NaN
NaN,NaN,0.00624789186016035,0.00761959138132321,0.00705287671977809,-0.00192345096244632,0.00948690735094715,0.0235022627020953,0.0308230477239704,NaN,NaN,NaN,NaN,NaN,NaN,NaN,NaN,NaN
NaN,NaN,0.00621861107841444,0.00378552260614621,0.00685754112297824,-0.00471449433340846,0.00602290891401935,0.024975577762234,0.0308174597885227,NaN,NaN,NaN,NaN,NaN,NaN,NaN,NaN,NaN
NaN,NaN,0.00781143345132781,0.00536880823589551,0.00689267061049274,-0.00591241730823337,0.00767706819169689,0.0236364849115489,0.0277739907469368,NaN,NaN,NaN,NaN,NaN,NaN,NaN,NaN,NaN
NaN,NaN,0.00546362512007666,0.00118217798687207,0.00460260427886775,-0.00397250963821231,0.0102677281975048,0.0185290746594546,0.0251732538308715,NaN,NaN,NaN,NaN,NaN,NaN,NaN,NaN,NaN
NaN,NaN,0.00575879849687529,0.00549196633316266,0.00502654231483272,-0.00159236578717052,0.01286347322457,0.0189526587928412,0.0223576235439396,NaN,NaN,NaN,NaN,NaN,NaN,NaN,NaN,NaN
NaN,NaN,0.00287639238134337,0.00417386549330937,0.00257410920554927,-0.00601830868496715,0.00516288839571644,0.0183022417331813,0.0244730855192756,NaN,NaN,NaN,NaN,NaN,NaN,NaN,NaN,NaN
NaN,NaN,0.00549862422243071,0.00097417640305745,0.00450969553882411,-0.00306096835508166,0.00428651385300327,0.0221436120773433,0.0265247332717991,NaN,NaN,NaN,NaN,NaN,NaN,NaN,NaN,NaN
NaN,NaN,0.00859754421010924,0.00390074583507764,0.0067152164071255,-0.0018241906024438,0.00644662343256641,0.0222439713979838,0.0254261265363311,NaN,NaN,NaN,NaN,NaN,NaN,NaN,NaN,NaN
NaN,NaN,0.00557864345804167,0.00276140305019605,0.00730802185231975,-0.00209768278970538,0.0108860518812435,0.020624457320082,0.0244397069182014,NaN,NaN,NaN,NaN,NaN,NaN,NaN,NaN,NaN
NaN,NaN,0.00598438345089865,0.00598225178934323,0.00998235187823108,-0.000354526326797592,0.00869649388187099,0.0219231680239318,0.0253459582891082,NaN,NaN,NaN,NaN,NaN,NaN,NaN,NaN,NaN
NaN,NaN,0.00564903281823111,0.00312992739297139,0.00586853242809108,-0.00479065789356052,0.00356276445381809,0.0209000915492652,0.0229844408895588,NaN,NaN,NaN,NaN,NaN,NaN,NaN,NaN,NaN
NaN,NaN,0.00801064335003806,0.00480520906664121,0.00682947106057933,-0.00110023631229221,0.00670174993865658,0.0228519201482413,0.0247292364801979,NaN,NaN,NaN,NaN,NaN,NaN,NaN,NaN,NaN
NaN,NaN,0.00933533795371962,0.00520700025178182,0.00950815967613986,0.0011556318543929,0.011676893758704,0.0211361445690272,0.0226736585464096,NaN,NaN,NaN,NaN,NaN,NaN,NaN,NaN,NaN
NaN,NaN,0.00762909911766959,0.00614195498443829,0.00887303493315509,0.00471808971390904,0.0124165501474636,0.0201846495474456,0.0214510927762603,NaN,NaN,NaN,NaN,NaN,NaN,NaN,NaN,NaN
NaN,NaN,0.00766866170063925,0.0105233806631683,0.0102339393585377,0.0061655885122794,0.00968246646516491,0.0206877872551559,0.0265269498195266,NaN,NaN,NaN,NaN,NaN,NaN,NaN,NaN,NaN
NaN,NaN,0.00979271047011328,0.0076152514181255,0.00865175268942645,0.00201231823787869,0.00502456836693455,0.0192485027218936,0.0265870946313953,NaN,NaN,NaN,NaN,NaN,NaN,NaN,NaN,NaN
NaN,NaN,0.0105563018490405,0.00976388710356938,0.00837615571314624,0.00448963628635586,0.00847906731360126,0.0215626716817496,0.0298907938267803,NaN,NaN,NaN,NaN,NaN,NaN,NaN,NaN,NaN
NaN,NaN,0.0134804684688182,0.0106538217029689,0.011480570504015,0.00551509694681348,0.0130923178076046,0.0238891713524936,0.0244013178016758,NaN,NaN,NaN,NaN,NaN,NaN,NaN,NaN,NaN
NaN,NaN,0.013230184840116,0.0132097247502922,0.0133598863273316,0.00813656510338963,0.013036829608609,0.0245065450872062,0.0290682869817829,NaN,NaN,NaN,NaN,NaN,NaN,NaN,NaN,NaN
NaN,NaN,0.0153695445527167,0.0148021932206272,0.0143981619864159,0.00562210591063679,0.0117361631273525,0.0265756458247779,0.0317017505731201,NaN,NaN,NaN,NaN,NaN,NaN,NaN,NaN,NaN
NaN,NaN,0.0186456207205386,0.0166235249004482,0.0106791860550099,0.00344791473374547,0.0118167039036052,0.0266380630637286,0.0316112446453189,NaN,NaN,NaN,NaN,NaN,NaN,NaN,NaN,NaN
NaN,NaN,0.0147229831685157,0.0149390603861927,0.0125780223994904,0.00557103218064488,0.0194601055263774,0.0273162335361121,0.0310779134597396,NaN,NaN,NaN,NaN,NaN,NaN,NaN,NaN,NaN
NaN,NaN,0.0171717654933066,0.0146884042284607,0.016024269828146,0.00898427353725613,0.0191927414416568,0.0266907945479034,0.0262129451002693,NaN,NaN,NaN,NaN,NaN,NaN,NaN,NaN,NaN
NaN,NaN,0.0167934995164008,0.0144703816137432,0.0143218307882004,0.0131191036246795,0.0175670247554081,0.0239533953572391,0.0299929412867641,NaN,NaN,NaN,NaN,NaN,NaN,NaN,NaN,NaN
NaN,NaN,0.0175442945231528,0.0137846488020538,0.0131170532792263,0.0104213787756938,0.0138164583622711,0.0240949936414836,0.0311488057341194,NaN,NaN,NaN,NaN,NaN,NaN,NaN,NaN,NaN
NaN,NaN,0.0173800464738936,0.0145421120784401,0.0111574388235264,0.0095389878891486,0.0109910119354026,0.0206193536723731,0.0329166049923515,NaN,NaN,NaN,NaN,NaN,NaN,NaN,NaN,NaN
NaN,NaN,0.015898032860908,0.00913664134956586,0.0137398659377747,0.0106589032851237,0.012769148874213,0.02241442205559,0.0289936880435562,NaN,NaN,NaN,NaN,NaN,NaN,NaN,NaN,NaN
NaN,NaN,0.015055185930881,0.0105833019576191,0.0199521227865868,0.0114202036105174,0.0112210299848812,0.0233615212346194,0.0310281435813522,NaN,NaN,NaN,NaN,NaN,NaN,NaN,NaN,NaN
NaN,NaN,0.0127586934734912,0.00939616369820821,0.0157443142622166,0.00800979347453297,0.00709886588447262,0.0226139672304271,0.0309956963028526,NaN,NaN,NaN,NaN,NaN,NaN,NaN,NaN,NaN
NaN,NaN,0.0123040217925639,0.0120319369695305,0.0111817090898209,0.0078651404522437,0.00513815246813465,0.0240422062779544,0.0308199557330227,NaN,NaN,NaN,NaN,NaN,NaN,NaN,NaN,NaN
NaN,NaN,0.0114524204303355,0.0129975322148918,0.00953939623529247,0.00346913026199521,0.00904771425120998,0.0209078215266345,0.0294182593788719,NaN,NaN,NaN,NaN,NaN,NaN,NaN,NaN,NaN
NaN,NaN,0.00869332142368269,0.00877886446930158,0.0132976739793473,0.00303107337579907,0.0104519438027637,0.0209132418240188,0.0264912801649189,NaN,NaN,NaN,NaN,NaN,NaN,NaN,NaN,NaN
NaN,NaN,0.0110648784805865,0.00951915415741193,0.016352486529892,0.00663469569311322,0.0107329051970737,0.0195154570246814,0.0269423569407081,NaN,NaN,NaN,NaN,NaN,NaN,NaN,NaN,NaN
NaN,NaN,0.00861544422999335,0.00904939505077588,0.00686823270613483,0.00334349484667958,0.00536954887502361,0.0166640453244327,0.0222056503262138,NaN,NaN,NaN,NaN,NaN,NaN,NaN,NaN,NaN
NaN,NaN,0.00751542188421202,0.00972560974575268,0.00520399651819995,0.00228510261998357,0.00430543832771946,0.0150509014929412,0.0231378483440494,NaN,NaN,NaN,NaN,NaN,NaN,NaN,NaN,NaN
NaN,NaN,0.00861400999322844,0.00656194421268689,0.00408287040287784,0.000434471531965148,0.00397573150985409,0.0116054177487968,0.0207732762064552,NaN,NaN,NaN,NaN,NaN,NaN,NaN,NaN,NaN
NaN,NaN,0.00673635192409468,0.0017585549018501,0.00786854765707782,-0.000145518914602386,0.00330361463420559,0.0138367176259635,0.0213322746421909,NaN,NaN,NaN,NaN,NaN,NaN,NaN,NaN,NaN
NaN,NaN,0.00904137529626799,0.00572854089356648,0.0102012499361687,0.00242547155842961,0.00557151548855472,0.0133739806915401,0.0215574498142814,NaN,NaN,NaN,NaN,NaN,NaN,NaN,NaN,NaN
NaN,NaN,0.00816911719933463,0.00436664926625478,0.00267612628037265,0.000327984108783614,-0.00158782191283535,0.0125048332120059,0.0185738275613403,NaN,NaN,NaN,NaN,NaN,NaN,NaN,NaN,NaN
NaN,NaN,0.0074961062540145,0.00787469926096188,0.000824209967201265,-0.00193039862885295,0.00350289903872181,0.0135564640368102,0.0193841340806102,NaN,NaN,NaN,NaN,NaN,NaN,NaN,NaN,NaN
NaN,NaN,0.00747863464251471,0.00513160037614095,0.00397317923003963,-0.00257561890854655,0.00334109105460811,0.0107913673127769,0.0193134466971969,NaN,NaN,NaN,NaN,NaN,NaN,NaN,NaN,NaN
NaN,NaN,0.00504602007761908,0.0031756739578365,0.00757231257254413,-0.000524511323116409,0.00644334517710377,0.0130705744231818,0.0235047521855449,NaN,NaN,NaN,NaN,NaN,NaN,NaN,NaN,NaN
NaN,NaN,0.00872936360732031,0.00924469339467275,0.00880555129939845,0.00683753774986447,0.00567360706918407,0.0136926047707675,0.0238454486097908,NaN,NaN,NaN,NaN,NaN,NaN,NaN,NaN,NaN
NaN,NaN,0.0100739326347442,0.0104981045684932,0.00841866127545169,0.00494548143372716,0.00304234139912296,0.0123852141405223,0.0243742163147544,NaN,NaN,NaN,NaN,NaN,NaN,NaN,NaN,NaN
NaN,NaN,0.0127294871975513,0.014162057962191,0.011050690630024,0.00585134164915265,0.00659215189807583,0.015956016650307,0.0283245514001464,NaN,NaN,NaN,NaN,NaN,NaN,NaN,NaN,NaN
NaN,NaN,0.0135739173759551,0.0114105771741985,0.0145446217744999,0.00547538535223187,0.00428528450720478,0.0151659198309062,0.0289867776300525,NaN,NaN,NaN,NaN,NaN,NaN,NaN,NaN,NaN
NaN,NaN,0.0150126989950271,0.0116378012559532,0.0166889733761006,0.00931515382156552,0.00948487706773449,0.0149392917955993,0.0309269088174915,NaN,NaN,NaN,NaN,NaN,NaN,NaN,NaN,NaN
NaN,NaN,0.0184226062168212,0.0144400018713592,0.0177801667838745,0.00879843743071736,0.00653303154103924,0.00977067502390127,0.0295485700335121,NaN,NaN,NaN,NaN,NaN,NaN,NaN,NaN,NaN
NaN,NaN,0.0200862091054053,0.016580348785889,0.0135652988343888,0.0056075586520213,0.00486739836924244,0.00693613888870459,0.0272741126682376,NaN,NaN,NaN,NaN,NaN,NaN,NaN,NaN,NaN
NaN,NaN,0.0199569042791457,0.0152878779432892,0.0156883417754822,0.00475388975367726,0.00967482962005306,0.00873305129061919,0.0278405244316673,NaN,NaN,NaN,NaN,NaN,NaN,NaN,NaN,NaN
NaN,NaN,0.0168721217681499,0.0135914925000786,0.0181909545450859,0.00721423910484494,0.0117739748238819,0.00985723214398604,0.0290809529687976,NaN,NaN,NaN,NaN,NaN,NaN,NaN,NaN,NaN
NaN,NaN,0.0186759445835681,0.0113691705725311,0.0168199918358975,0.0128206519924182,0.015553337711026,0.0106174707616447,0.0303662340011215,NaN,NaN,NaN,NaN,NaN,NaN,NaN,NaN,NaN
NaN,NaN,0.0199395071734519,0.016548981841576,0.0177798128812962,0.0150995052002448,0.0167197074770229,0.0106299877370475,0.029689162489376,NaN,NaN,NaN,NaN,NaN,NaN,NaN,NaN,NaN
NaN,NaN,0.0196712490190597,0.0194967668018459,0.0159262574403935,0.0123366063974875,0.0128386627911823,0.0102586694265483,0.0297950352396583,NaN,NaN,NaN,NaN,NaN,NaN,NaN,NaN,NaN
NaN,NaN,0.019469450043592,0.0172324049732803,0.019799125114029,0.0135910047732371,0.0151931021391647,0.0158004857803462,0.0324957775737857,NaN,NaN,NaN,NaN,NaN,NaN,NaN,NaN,NaN
NaN,NaN,0.0198624122907252,0.018193436738026,0.0229866697579079,0.016002403809883,0.0156393546640174,0.0176677502895473,0.0350715922977543,NaN,NaN,NaN,NaN,NaN,NaN,NaN,NaN,NaN
NaN,NaN,0.0209706861545177,0.0158839243910431,0.0239133357196503,0.0133327303968448,0.013892919945647,0.0195191450620769,0.0368142830993747,NaN,NaN,NaN,NaN,NaN,NaN,NaN,NaN,NaN
NaN,NaN,0.0207900095750423,0.0210809465012668,0.0217250443189793,0.0132289065562266,0.0127848695992725,0.0179482460225699,0.0323343607451534,NaN,NaN,NaN,NaN,NaN,NaN,NaN,NaN,NaN
NaN,NaN,0.0198393713702292,0.0198789629600166,0.0172921723812275,0.00834831060395421,0.00969984494440723,0.0160749092901824,0.0285730841424083,NaN,NaN,NaN,NaN,NaN,NaN,NaN,NaN,NaN
NaN,NaN,0.0160443808902831,0.0174100454411625,0.0193493708162957,0.00956253172383488,0.0145188991009491,0.0204436131025432,0.0283836531307315,NaN,NaN,NaN,NaN,NaN,NaN,NaN,NaN,NaN
NaN,NaN,0.0187034558524222,0.0169964078328727,0.0200536183207684,0.0102157241247672,0.0138546612142818,0.0164638109708903,0.0311832087900257,NaN,NaN,NaN,NaN,NaN,NaN,NaN,NaN,NaN
NaN,NaN,0.0213243652154536,0.0172685961685299,0.0166919722347908,0.0123983158312816,0.0133413348376052,0.0165259674395202,0.0286157945956802,NaN,NaN,NaN,NaN,NaN,NaN,NaN,NaN,NaN
NaN,NaN,0.0204603027571769,0.0210238005480884,0.0146733119278603,0.0134182816885489,0.0132265213906066,0.0132077396119712,0.0269482242729282,NaN,NaN,NaN,NaN,NaN,NaN,NaN,NaN,NaN
NaN,NaN,0.0202894050647349,0.0154791157207607,0.0135692476421051,0.00958473445401372,0.0075707111536758,0.0115033820475219,0.0228558252420044,NaN,NaN,NaN,NaN,NaN,NaN,NaN,NaN,NaN
NaN,NaN,0.0136550169457526,0.0131357032320617,0.0147032632618599,0.00976125733480633,0.0078678961872356,0.0132560380006908,0.0249188351299381,NaN,NaN,NaN,NaN,NaN,NaN,NaN,NaN,NaN
NaN,NaN,0.0155445959438415,0.0108615066371082,0.014761117020195,0.00691014365778149,0.00533117838494945,0.0107236229086993,0.0249583604600048,NaN,NaN,NaN,NaN,NaN,NaN,NaN,NaN,NaN
NaN,NaN,0.0166162315775485,0.0112487133107303,0.0134284130423718,0.0063625073574561,0.00533522032492328,0.0116044119204162,0.025116331395111,NaN,NaN,NaN,NaN,NaN,NaN,NaN,NaN,NaN
NaN,NaN,0.0167912084628673,0.0124189387521862,0.0117390683978253,0.00870400132165135,0.00495781116478611,0.012095274796593,0.0223898845579242,NaN,NaN,NaN,NaN,NaN,NaN,NaN,NaN,NaN
NaN,NaN,0.0173836413790317,0.0140387136004089,0.0125514797061138,0.00681041763649167,0.00469556935422588,0.0127172678912757,0.0209225858416175,NaN,NaN,NaN,NaN,NaN,NaN,NaN,NaN,NaN
NaN,NaN,0.0102529328335853,0.0111474226675152,0.0166270776777916,0.00829028920755566,0.00764527283899952,0.0141267873550532,0.0255149002041435,NaN,NaN,NaN,NaN,NaN,NaN,NaN,NaN,NaN
NaN,NaN,0.0155327867735953,0.0126160997412323,0.0165909423618965,0.00962662534341992,0.00680019073479343,0.0112093821371673,0.0228667030896759,NaN,NaN,NaN,NaN,NaN,NaN,NaN,NaN,NaN
NaN,NaN,0.0168237116207213,0.0151940751335739,0.0147172331004792,0.0134365728639144,0.00735769905440975,0.0122115224803565,0.0265628243651008,NaN,NaN,NaN,NaN,NaN,NaN,NaN,NaN,NaN
NaN,NaN,0.0183936979641051,0.015965191598904,0.0184454850047284,0.0137925988577384,0.0073919717251556,0.0118969589675544,0.0235158349241829,NaN,NaN,NaN,NaN,NaN,NaN,NaN,NaN,NaN
NaN,NaN,0.0179110493530364,0.019379029001963,0.0187379389196091,0.0123075863860625,0.0035453114687698,0.0134436622465728,0.0267359013523674,NaN,NaN,NaN,NaN,NaN,NaN,NaN,NaN,NaN
NaN,NaN,0.0157061990369887,0.0155685785672783,0.0200927338689022,0.0119306615136641,0.00649976469867397,0.0160496518219588,0.027702036764822,NaN,NaN,NaN,NaN,NaN,NaN,NaN,NaN,NaN
NaN,NaN,0.0209098521639438,0.0189834776780723,0.0222201167731934,0.0119169151924628,0.0089551594137447,0.0160023033822654,0.0284500564303016,NaN,NaN,NaN,NaN,NaN,NaN,NaN,NaN,NaN
NaN,NaN,0.0216200228799911,0.0186764578781246,0.0214364647060089,0.0110216906808394,0.00740828849666286,0.0173960462416289,0.0274396086897468,NaN,NaN,NaN,NaN,NaN,NaN,NaN,NaN,NaN
NaN,NaN,0.0217772673834891,0.0229234378299831,0.0208540341942959,0.0116350411020297,0.00915042050473858,0.0188328907097457,0.0228566634323215,NaN,NaN,NaN,NaN,NaN,NaN,NaN,NaN,NaN
NaN,NaN,0.0209709469248385,0.0229601505658745,0.0201228155880623,0.00929432944879712,0.010153250026633,0.0198390357400058,0.0266026663448429,NaN,NaN,NaN,NaN,NaN,NaN,NaN,NaN,NaN
NaN,NaN,0.0199702966977687,0.0204601082465767,0.022128996172493,0.0117858036004084,0.0148272413789527,0.0195882678235648,0.0280635203089332,NaN,NaN,NaN,NaN,NaN,NaN,NaN,NaN,NaN
NaN,NaN,0.0254537563790412,0.0230291243157505,0.0238315655975991,0.0181381499908942,0.0158052604674594,0.0172034487331985,0.0300449649657821,NaN,NaN,NaN,NaN,NaN,NaN,NaN,NaN,NaN
NaN,NaN,0.0244312386979194,0.0224182139597057,0.0236094451635533,0.0173776878558177,0.0151578981458442,0.0184573628212092,0.0269043962325668,NaN,NaN,NaN,NaN,NaN,NaN,NaN,NaN,NaN
NaN,NaN,0.024459942059669,0.0250041800997375,0.0244717194824868,0.0195239393554706,0.01293986030214,0.0165241234208224,0.0286375875439262,NaN,NaN,NaN,NaN,NaN,NaN,NaN,NaN,NaN
NaN,NaN,0.0249684628118606,0.0216670836768268,0.022131380358284,0.014688400789358,0.00940437354438473,0.0159121513570426,0.0282783950533485,NaN,NaN,NaN,NaN,NaN,NaN,NaN,NaN,NaN
NaN,NaN,0.0228260669876666,0.0208833757302879,0.025961854228323,0.0171370899818915,0.0126895952998893,0.0182037636841414,0.0331029626395321,NaN,NaN,NaN,NaN,NaN,NaN,NaN,NaN,NaN
NaN,NaN,0.02740636728898,0.0232839900515197,0.0284606672018223,0.0187891630970019,0.0133625689923065,0.0182201922143577,0.0344243603612995,NaN,NaN,NaN,NaN,NaN,NaN,NaN,NaN,NaN
NaN,NaN,0.0259552735854716,0.0235003549120544,0.0246586545496636,0.0182297176264304,0.0107678856729763,0.0214652367139934,0.0308052035834407,NaN,NaN,NaN,NaN,NaN,NaN,NaN,NaN,NaN
NaN,NaN,0.0242973890174956,0.0263653639218925,0.0247300683646851,0.0162305405877608,0.0121035512565868,0.0200040288473247,0.0308741400804138,NaN,NaN,NaN,NaN,NaN,NaN,NaN,NaN,NaN
NaN,NaN,0.0221295680870147,0.0221979561708091,0.0237864709585362,0.012721857293703,0.0108163144468563,0.0173871241713641,0.0290201934840297,NaN,NaN,NaN,NaN,NaN,NaN,NaN,NaN,NaN
NaN,NaN,0.0196710255016418,0.0206792298219322,0.0229055888145619,0.015412634476282,0.0130897101043956,0.0170067534054397,0.033059600260458,NaN,NaN,NaN,NaN,NaN,NaN,NaN,NaN,NaN
NaN,NaN,0.0217452671398253,0.0209186914823173,0.0223381339698487,0.0189034736298102,0.0146941367565887,0.0190515279973624,0.0298895644809818,NaN,NaN,NaN,NaN,NaN,NaN,NaN,NaN,NaN
NaN,NaN,0.0214600216616721,0.0226866211257099,0.0209123908668213,0.0178660547874946,0.0109350953280227,0.0190122820640681,0.027825530138216,NaN,NaN,NaN,NaN,NaN,NaN,NaN,NaN,NaN
NaN,NaN,0.020886215197,0.0194154809675335,0.0209700583606415,0.0166859200738448,0.00965363271825481,0.0167017825151561,0.0274383607174968,NaN,NaN,NaN,NaN,NaN,NaN,NaN,NaN,NaN
NaN,NaN,0.0192571830023856,0.0166962798199772,0.0214383087247067,0.0137582144282836,0.00685925521247555,0.0135146290267585,0.0262489127781009,NaN,NaN,NaN,NaN,NaN,NaN,NaN,NaN,NaN
NaN,NaN,0.0171712439526649,0.014187483068478,0.0201845995276623,0.0119758120320815,0.0100754473387497,0.0131140671874164,0.0285890097584343,NaN,NaN,NaN,NaN,NaN,NaN,NaN,NaN,NaN
NaN,NaN,0.0182517457772822,0.0138147491476654,0.0213724269657784,0.0130020363770503,0.00680190436833072,0.0141837842966197,0.0264765466417884,NaN,NaN,NaN,NaN,NaN,NaN,NaN,NaN,NaN
NaN,NaN,0.018917213009748,0.0162884350381015,0.0168098962991886,0.00925011025295438,0.00437810011499096,0.0143328890408156,0.0228163185383892,NaN,NaN,NaN,NaN,NaN,NaN,NaN,NaN,NaN
NaN,NaN,0.016915335135612,0.0127649809680103,0.0167512788563423,0.00816107751355351,0.00571622439019848,0.0116382748092292,0.021932716932497,NaN,NaN,NaN,NaN,NaN,NaN,NaN,NaN,NaN
NaN,NaN,0.0131790552307696,0.0124889555833458,0.0193361460357361,0.00692284689769925,0.00604293234937359,0.0107430502976058,0.0209297011460876,NaN,NaN,NaN,NaN,NaN,NaN,NaN,NaN,NaN
NaN,NaN,0.0129345458020301,0.0129347796998142,0.0171084038108044,0.00922071771249951,0.006192092972924,0.00986451508651953,0.0224873567785835,NaN,NaN,NaN,NaN,NaN,NaN,NaN,NaN,NaN
NaN,NaN,0.0133024182190032,0.0158250275514244,0.0175076059191876,0.0106030239306468,0.00363868587010074,0.00927165376197081,0.0216159182455158,NaN,NaN,NaN,NaN,NaN,NaN,NaN,NaN,NaN
NaN,NaN,0.0142434079219432,0.0139008219800113,0.0154427892654591,0.00570791797266187,0.000653629380394705,0.00666627885948401,0.0175596731569385,NaN,NaN,NaN,NaN,NaN,NaN,NaN,NaN,NaN
NaN,NaN,0.0123696800340743,0.0116385276875614,0.0132125697224789,0.00674971403107823,0.00148926787369419,0.00658460186969023,0.019083111998043,NaN,NaN,NaN,NaN,NaN,NaN,NaN,NaN,NaN
NaN,NaN,0.0137177508343787,0.0122604462764381,0.0151676020711117,0.00750753121004285,0.00370134525292087,0.00787038581620436,0.018117945161066,NaN,NaN,NaN,NaN,NaN,NaN,NaN,NaN,NaN
NaN,NaN,0.0130080830325217,0.012700309928429,0.0163882493167572,0.00622973801121892,0.00409274287812877,0.00896929057489615,0.0210319789912319,NaN,NaN,NaN,NaN,NaN,NaN,NaN,NaN,NaN
NaN,NaN,0.0146469313670726,0.015109138514769,0.0166046886830979,0.00655126781687917,0.00200989581935573,0.0105218053067802,0.0175227182771778,NaN,NaN,NaN,NaN,NaN,NaN,NaN,NaN,NaN
NaN,NaN,0.0168691415359111,0.0113558526597141,0.0114971666722947,0.00258927257285298,0.00331687666766811,0.00584520625125151,0.0118298600282287,NaN,NaN,NaN,NaN,NaN,NaN,NaN,NaN,NaN
NaN,NaN,0.0135781083275409,0.0109592023751854,0.0134114070921593,0.00562713505253972,0.00661515556566883,0.00666447209368926,0.0143920960690593,NaN,NaN,NaN,NaN,NaN,NaN,NaN,NaN,NaN
NaN,NaN,0.0167388495077224,0.00998645457245099,0.0140272534578495,0.00948301540241422,0.00858864672773052,0.00461301060568076,0.0156544106866932,NaN,NaN,NaN,NaN,NaN,NaN,NaN,NaN,NaN
NaN,NaN,0.0168841730822654,0.0124321262798427,0.0139596953182869,0.0123601129792708,0.00798181556456257,0.00577198567043524,0.017217095461092,NaN,NaN,NaN,NaN,NaN,NaN,NaN,NaN,NaN
NaN,NaN,0.0173632267881961,0.0152926649413227,0.0176084309011155,0.0141625760637301,0.00903365128033329,0.00593397991906386,0.0169118265475845,NaN,NaN,NaN,NaN,NaN,NaN,NaN,NaN,NaN
NaN,NaN,0.0191790822912784,0.0145408641061901,0.0181091471701317,0.0134723729036826,0.00744952746026684,0.00519436078320723,0.0189013364579296,NaN,NaN,NaN,NaN,NaN,NaN,NaN,NaN,NaN
NaN,NaN,0.0178843576480479,0.0147730987033962,0.0208749144464188,0.0162861591719169,0.0106895614444511,0.00758471192966681,0.0227224971022224,NaN,NaN,NaN,NaN,NaN,NaN,NaN,NaN,NaN
NaN,NaN,0.0186735790242286,0.0171389188132404,0.024348803529089,0.015422282978155,0.00925729908340145,0.00888854490767699,0.0272306012775516,NaN,NaN,NaN,NaN,NaN,NaN,NaN,NaN,NaN
NaN,NaN,0.0196479659546943,0.0201726462206958,0.0241777754514866,0.013352679326393,0.00834728516929317,0.0107288383151172,0.0262423003878212,NaN,NaN,NaN,NaN,NaN,NaN,NaN,NaN,NaN
NaN,NaN,0.0208782803286643,0.0219644922278045,0.0255241698711567,0.0150773956023234,0.00943249948613811,0.013914259543526,0.0276927794184303,NaN,NaN,NaN,NaN,NaN,NaN,NaN,NaN,NaN
NaN,NaN,0.0234035987426372,0.0229077916107296,0.0260253331750088,0.0139979368589896,0.0120680678664939,0.0136983789707301,0.0243116314377403,NaN,NaN,NaN,NaN,NaN,NaN,NaN,NaN,NaN
NaN,NaN,0.0179367352296443,0.0192825253567814,0.0248478992968254,0.0137743449352759,0.0141685355483787,0.0132752418721793,0.0262696812715149,NaN,NaN,NaN,NaN,NaN,NaN,NaN,NaN,NaN
NaN,NaN,0.018166418002996,0.0199677738807319,0.0228190503209286,0.0119486360393542,0.011554499345948,0.0102326855267165,0.0229644919600105,NaN,NaN,NaN,NaN,NaN,NaN,NaN,NaN,NaN
NaN,NaN,0.0173148911465735,0.0226974058411239,0.0201301544099503,0.0129504597328681,0.0117219138919609,0.011253564080107,0.0236766743328189,NaN,NaN,NaN,NaN,NaN,NaN,NaN,NaN,NaN
NaN,NaN,0.0217007312943072,0.0200672950110553,0.0228219374209099,0.015899455412485,0.0117787804483669,0.0118513427878497,0.0243720370199298,NaN,NaN,NaN,NaN,NaN,NaN,NaN,NaN,NaN
NaN,NaN,0.0217415045966239,0.0217354986331581,0.0233475572555714,0.0158220625065345,0.0119561787723796,0.0101151153648971,0.0199189740087604,NaN,NaN,NaN,NaN,NaN,NaN,NaN,NaN,NaN
NaN,NaN,0.0179307002593608,0.0167777519188045,0.0197630829303913,0.0145272074781436,0.0102957982599037,0.00968611093412619,0.0203311587538337,NaN,NaN,NaN,NaN,NaN,NaN,NaN,NaN,NaN
NaN,NaN,0.0175762016345592,0.0187415945789932,0.0199442810505085,0.00876790867672146,0.00981192030303646,0.00710007028828841,0.0176815087761497,NaN,NaN,NaN,NaN,NaN,NaN,NaN,NaN,NaN
NaN,NaN,0.0160292189587684,0.0168164018056511,0.0171874730973893,0.0100945218049067,0.00603663660876919,0.00758683534513693,0.0221000197198009,NaN,NaN,NaN,NaN,NaN,NaN,NaN,NaN,NaN
NaN,NaN,0.0197364602257342,0.0169551502428173,0.0157634995072537,0.0112868382178325,0.00850283466570545,0.0072417803312419,0.016642953720293,NaN,NaN,NaN,NaN,NaN,NaN,NaN,NaN,NaN
NaN,NaN,0.0138078656066985,0.0172782260439514,0.0179670832245999,0.0106377063833255,0.00847660862200428,0.00419391544710379,0.0142919416393852,NaN,NaN,NaN,NaN,NaN,NaN,NaN,NaN,NaN
NaN,NaN,0.0109250310827823,0.0125333610437034,0.0166000134437733,0.00919551612363042,0.0081997264205711,0.00254057573329192,0.0126002686884021,NaN,NaN,NaN,NaN,NaN,NaN,NaN,NaN,NaN
NaN,NaN,0.01097405590311,0.0158159005901931,0.0151701352685147,0.00949244038686932,0.00767501928203274,0.00194709973584395,0.016957927015028,NaN,NaN,NaN,NaN,NaN,NaN,NaN,NaN,NaN
NaN,NaN,0.0122227173318,0.0119766164085983,0.0124145007818394,0.00800845237002553,0.0041631694912212,0.000431558510172181,0.0182436364557361,NaN,NaN,NaN,NaN,NaN,NaN,NaN,NaN,NaN
NaN,NaN,0.012317041682157,0.0127853396794914,0.0135636597066574,0.00998917059526624,0.00364187099330593,0.000370351990568452,0.0143195274140453,NaN,NaN,NaN,NaN,NaN,NaN,NaN,NaN,NaN
NaN,NaN,0.0110351506640048,0.0108165796361088,0.0131145945876293,0.00698211626634778,0.00194921084039379,-0.00215086860407609,0.0107189970876789,NaN,NaN,NaN,NaN,NaN,NaN,NaN,NaN,NaN
NaN,NaN,0.0102103900183768,0.00963422837473142,0.0117747007995301,0.00336685241685094,0.00375048183195759,-0.000244097391259857,0.00991703521867748,NaN,NaN,NaN,NaN,NaN,NaN,NaN,NaN,NaN
NaN,NaN,0.0126697894205184,0.0114177111051201,0.0126751779704743,0.00348608033285321,0.00430405997030903,0.000954701026785187,0.0157562228705501,NaN,NaN,NaN,NaN,NaN,NaN,NaN,NaN,NaN
NaN,NaN,0.0165385965277286,0.0110711473486541,0.00852513007218173,0.00374048040733517,0.00033034868829418,0.00159798415552359,0.0104255745973205,NaN,NaN,NaN,NaN,NaN,NaN,NaN,NaN,NaN
NaN,NaN,0.012773743646297,0.0122018102071403,0.0114315084307843,0.00485084043369473,0.00408121310465503,-8.02963768364862e-05,0.00971810471673962,NaN,NaN,NaN,NaN,NaN,NaN,NaN,NaN,NaN
NaN,NaN,0.0118456993271442,0.0124079491458057,0.014227227041071,0.00436174707040967,0.00661940239660908,-0.000514199564349838,0.00572265636583325,NaN,NaN,NaN,NaN,NaN,NaN,NaN,NaN,NaN
NaN,NaN,0.0114199917782874,0.0104204136393188,0.0119111581831627,0.0048557764433402,0.0069128993927734,-0.00216267777432222,0.00942976724763867,NaN,NaN,NaN,NaN,NaN,NaN,NaN,NaN,NaN
NaN,NaN,0.0136237245072455,0.0127469505629657,0.0135932012587242,0.00939703570232571,0.00860326849215198,0.00234436469327193,0.013487148549757,NaN,NaN,NaN,NaN,NaN,NaN,NaN,NaN,NaN
NaN,NaN,0.0169430326689811,0.0158499311170696,0.016016931006258,0.012509795143463,0.00348879881494213,-0.00114507747639436,0.0106247844960308,NaN,NaN,NaN,NaN,NaN,NaN,NaN,NaN,NaN
NaN,NaN,0.0130692150463195,0.0146914030871509,0.0187575153201275,0.0116461052142161,0.00624311082356144,0.00100491794000845,0.0119438539113617,NaN,NaN,NaN,NaN,NaN,NaN,NaN,NaN,NaN
NaN,NaN,0.0128479700554938,0.016777770545256,0.0222004099875145,0.0101191273473281,0.006469422209193,0.00320479499350767,0.0104117165174102,NaN,NaN,NaN,NaN,NaN,NaN,NaN,NaN,NaN
NaN,NaN,0.0116314020027251,0.0135842095575451,0.0178656994491272,0.00686633424387158,0.00708668418519665,0.00190688522707205,0.0175766604806995,NaN,NaN,NaN,NaN,NaN,NaN,NaN,NaN,NaN
NaN,NaN,0.0141139354576201,0.0155129413566707,0.0185351527422123,0.0108241571627635,0.00643898658745456,0.00602092819462996,0.0163865419890499,NaN,NaN,NaN,NaN,NaN,NaN,NaN,NaN,NaN
NaN,NaN,0.0186917025615306,0.0202488656602024,0.0182044959753208,0.0126327856026667,0.00415536500804592,0.00466907622467261,0.0148218269314384,NaN,NaN,NaN,NaN,NaN,NaN,NaN,NaN,NaN
NaN,NaN,0.0150899056364627,0.0182062517366527,0.0216418399601631,0.0122090524576682,0.0125918064295547,0.00896102043043356,0.014249901738367,NaN,NaN,NaN,NaN,NaN,NaN,NaN,NaN,NaN
NaN,NaN,0.0174076322485538,0.0219613071045993,0.0231301865666561,0.010395506634571,0.0145561520039337,0.00833316000353079,0.0168970743980026,NaN,NaN,NaN,NaN,NaN,NaN,NaN,NaN,NaN
NaN,NaN,0.0197522927095027,0.0190722699723362,0.0183157517700844,0.0127573220573443,0.0145284917234676,0.00722995253454428,0.0199179868068313,NaN,NaN,NaN,NaN,NaN,NaN,NaN,NaN,NaN
NaN,NaN,0.020856096224937,0.0228273998460888,0.0206512666433506,0.0188113285742778,0.0153185140370624,0.00785975011240225,0.0196193116571521,NaN,NaN,NaN,NaN,NaN,NaN,NaN,NaN,NaN
NaN,NaN,0.0231351356972785,0.0240356791279434,0.0225462286859207,0.0194722695790309,0.0111662868439453,0.00563305096875411,0.0152889038290596,NaN,NaN,NaN,NaN,NaN,NaN,NaN,NaN,NaN
NaN,NaN,0.0188349027206035,0.0195167157313942,0.0242364487736874,0.0178118518136519,0.0150052171229618,0.00933347495447379,0.0155923100974178,NaN,NaN,NaN,NaN,NaN,NaN,NaN,NaN,NaN
NaN,NaN,0.0204416576792331,0.0221168007216571,0.025287334540432,0.0168581402443427,0.0165956553100841,0.00827454256068449,0.0188731360103702,NaN,NaN,NaN,NaN,NaN,NaN,NaN,NaN,NaN
NaN,NaN,0.0210768755544753,0.01562963607527,0.0224149680822544,0.0139808377765197,0.0115481104730861,0.00676904099236708,0.0211297678615665,NaN,NaN,NaN,NaN,NaN,NaN,NaN,NaN,NaN
NaN,NaN,0.0189091663827033,0.0184964891038059,0.0216001167088204,0.0187440312050361,0.0117266263841884,0.0082759767974494,0.0165308224823093,NaN,NaN,NaN,NaN,NaN,NaN,NaN,NaN,NaN
NaN,NaN,0.0182965610195727,0.0177561435363411,0.0189962691753559,0.0128455183051604,0.0108308244525688,0.00538712592970114,0.00944478016754146,NaN,NaN,NaN,NaN,NaN,NaN,NaN,NaN,NaN
NaN,NaN,0.0106666635741324,0.016100829418671,0.021409754374569,0.0114986023448485,0.0143255937873619,0.00699900316249113,0.013415641602478,NaN,NaN,NaN,NaN,NaN,NaN,NaN,NaN,NaN
NaN,NaN,0.0167219925691218,0.0170452650151371,0.0214016704946213,0.0133193193517703,0.011722714829375,0.00283245222817641,0.0149541119899368,NaN,NaN,NaN,NaN,NaN,NaN,NaN,NaN,NaN
NaN,NaN,0.0168396744896503,0.0146883669755577,0.0187825120180302,0.0144894516609687,0.00633333735459018,0.00387052299629431,0.0174451391067123,NaN,NaN,NaN,NaN,NaN,NaN,NaN,NaN,NaN
NaN,NaN,0.0149140346814723,0.0166945661864399,0.01932184092099,0.0158096200369376,0.0089137341856258,0.003853107264149,0.0116645875241375,NaN,NaN,NaN,NaN,NaN,NaN,NaN,NaN,NaN
NaN,NaN,0.0136704023946853,0.0167113113663315,0.0188412970989399,0.0112989826642054,0.00777834020846058,0.00205029027711134,0.0105427908565616,NaN,NaN,NaN,NaN,NaN,NaN,NaN,NaN,NaN
NaN,NaN,0.0115673828889461,0.0156027767322181,0.0217248953073674,0.0102917759262103,0.0117633949994342,0.00615131335507613,0.0142692173685646,NaN,NaN,NaN,NaN,NaN,NaN,NaN,NaN,NaN
NaN,NaN,0.0173906262983413,0.0177147369346737,0.0227960839062386,0.00969016016946019,0.00743248425715137,0.00516433494340163,0.0156001704599475,NaN,NaN,NaN,NaN,NaN,NaN,NaN,NaN,NaN
NaN,NaN,0.0165629599262805,0.015385145272982,0.0182946480005436,0.0107552392922419,0.00286425389640499,0.00574546160351019,0.012157368924818,NaN,NaN,NaN,NaN,NaN,NaN,NaN,NaN,NaN
NaN,NaN,0.0134909551610084,0.0166497323176979,0.0140143825798684,0.00885612355098904,0.00660103671543766,0.00497348832141142,0.0067078093852615,NaN,NaN,NaN,NaN,NaN,NaN,NaN,NaN,NaN
NaN,NaN,0.012451692299995,0.0169912855587124,0.0165180198043042,0.00524898083434285,0.00900647528760601,0.00314258264552336,0.00722314741869923,NaN,NaN,NaN,NaN,NaN,NaN,NaN,NaN,NaN
NaN,NaN,0.0100454155375094,0.0125893149039863,0.0178928754418545,0.00663802982793034,0.00986927114718128,0.00377832206140738,0.01047886487504,NaN,NaN,NaN,NaN,NaN,NaN,NaN,NaN,NaN
NaN,NaN,0.0145856130887599,0.0123280975482582,0.0160387425809555,0.0100936091087836,0.00442516915791202,0.000416452458011918,0.00775957059522625,NaN,NaN,NaN,NaN,NaN,NaN,NaN,NaN,NaN
NaN,NaN,0.0121085744370551,0.0112413186094879,0.0110276683359795,0.0120713843546885,0.00441967435472179,-0.000634302923572249,0.00485293146630283,NaN,NaN,NaN,NaN,NaN,NaN,NaN,NaN,NaN
NaN,NaN,0.0111757431198688,0.0117832738421081,0.0116887024729901,0.0111968352042216,0.00667826198332477,-0.00138606650580186,0.0066082696284866,NaN,NaN,NaN,NaN,NaN,NaN,NaN,NaN,NaN
NaN,NaN,0.0143316600491138,0.0151258278153061,0.0184616527646237,0.0112668334089297,0.00722515322559047,0.00139137955557089,0.00816141765972134,NaN,NaN,NaN,NaN,NaN,NaN,NaN,NaN,NaN
NaN,NaN,0.0134117182363601,0.0129653643331646,0.0204306363254242,0.0115764050327319,0.00595173724286724,0.00517878906975966,0.0132424156035995,NaN,NaN,NaN,NaN,NaN,NaN,NaN,NaN,NaN
NaN,NaN,0.0181826788951488,0.0164576004705547,0.021298368194645,0.0131521842025298,0.00490595512383152,0.00262771027337294,0.00862190079351421,NaN,NaN,NaN,NaN,NaN,NaN,NaN,NaN,NaN
NaN,NaN,0.0170032706131072,0.0148539375028728,0.0152149505108052,0.0128028451047915,0.0023291904508369,0.00241238849412184,0.0056704464223003,NaN,NaN,NaN,NaN,NaN,NaN,NaN,NaN,NaN
NaN,NaN,0.0146510291864009,0.0181180741152881,0.0162107764869385,0.0120912960313338,0.0101084347843425,0.00449748935352545,0.00793536704441067,NaN,NaN,NaN,NaN,NaN,NaN,NaN,NaN,NaN
NaN,NaN,0.0155084420014949,0.0220992918572544,0.0224273174195938,0.0119142516098994,0.0100724298536079,0.00884480999957304,0.0116466875042533,NaN,NaN,NaN,NaN,NaN,NaN,NaN,NaN,NaN
NaN,NaN,0.0166277427245708,0.0174786094091057,0.020910677233284,0.0115387982271689,0.00978960581414867,0.00919152276765089,0.0129123548831558,NaN,NaN,NaN,NaN,NaN,NaN,NaN,NaN,NaN
NaN,NaN,0.0197433147598834,0.0208840649089931,0.020765390911644,0.0189077577136535,0.0106013838230865,0.0053797126020072,0.00905520793457981,NaN,NaN,NaN,NaN,NaN,NaN,NaN,NaN,NaN
NaN,NaN,0.0206474613417716,0.0163505170009254,0.0162962346463852,0.0145261085175055,0.0096996773063438,0.00254892038356047,0.00903341498633381,NaN,NaN,NaN,NaN,NaN,NaN,NaN,NaN,NaN
NaN,NaN,0.0168433811534972,0.0206317696235298,0.019101564505642,0.0154470002792853,0.0128410842298763,0.00645546468149405,0.0126098054315662,NaN,NaN,NaN,NaN,NaN,NaN,NaN,NaN,NaN
NaN,NaN,0.0187288437058063,0.0201729814968227,0.0240310176401787,0.0160989447079677,0.00998685993545223,0.00802496673713904,0.0133610288467025,NaN,NaN,NaN,NaN,NaN,NaN,NaN,NaN,NaN
NaN,NaN,0.0216763492693038,0.0172399673125862,0.022529781529253,0.0136580599986094,0.0100438382505672,0.00806784482847434,0.0135968397225952,NaN,NaN,NaN,NaN,NaN,NaN,NaN,NaN,NaN
NaN,NaN,0.0247765172292323,0.0195878501496433,0.0251392169981652,0.0207707567654628,0.00979493297927547,0.00566764028917532,0.0128467525209999,NaN,NaN,NaN,NaN,NaN,NaN,NaN,NaN,NaN
NaN,NaN,0.0255966957677932,0.0209467242918132,0.018301130005663,0.0159938170157451,0.0106216866552131,0.00676473828207236,0.00979287129302975,NaN,NaN,NaN,NaN,NaN,NaN,NaN,NaN,NaN
NaN,NaN,0.0169929515589805,0.0247467252872108,0.0229868560224228,0.0159031061969775,0.0138604354142444,0.0113834090734599,0.0130560020770645,NaN,NaN,NaN,NaN,NaN,NaN,NaN,NaN,NaN
NaN,NaN,0.0179188352097602,0.0212401840350746,0.0266076333015614,0.0163115097723979,0.0112644296168583,0.00826539697300177,0.0126033793058014,NaN,NaN,NaN,NaN,NaN,NaN,NaN,NaN,NaN
NaN,NaN,0.0195607755352588,0.018783355083239,0.0214479013472252,0.0181421174250621,0.00730494894378353,0.0060891382599948,0.0109098250832176,NaN,NaN,NaN,NaN,NaN,NaN,NaN,NaN,NaN
NaN,NaN,0.0206370864082904,0.0190255920848964,0.0204871489792519,0.0208192600451487,0.00871575363271404,0.0042512849177001,0.0112487147416687,NaN,NaN,NaN,NaN,NaN,NaN,NaN,NaN,NaN
NaN,NaN,0.0176901210118861,0.0213538612685322,0.0180632888465577,0.0158093965195197,0.00698042027943302,0.0034302309359191,0.00858820554276462,NaN,NaN,NaN,NaN,NaN,NaN,NaN,NaN,NaN
NaN,NaN,0.0105423692633243,0.0208354871235012,0.0199990055649929,0.0126646927140731,0.00670782216184307,0.00810398014436942,0.0145069467689609,NaN,NaN,NaN,NaN,NaN,NaN,NaN,NaN,NaN
NaN,NaN,0.0160231467355819,0.0178326237461685,0.0223590514748745,0.0114108158789653,0.00462786220305134,0.00565199406992178,0.0104698682989692,NaN,NaN,NaN,NaN,NaN,NaN,NaN,NaN,NaN
NaN,NaN,0.0154820855726333,0.0140884089729904,0.0179417885034733,0.00988294394240559,0.00102066360705066,0.00589516239415389,0.0097719165351009,NaN,NaN,NaN,NaN,NaN,NaN,NaN,NaN,NaN
NaN,NaN,0.016317128019485,0.0142626035473465,0.015617505380457,0.00958866463527859,0.00329394750588108,0.00409137683163863,0.00504562210699078,NaN,NaN,NaN,NaN,NaN,NaN,NaN,NaN,NaN
NaN,NaN,0.0138418775071235,0.017715165343058,0.0113708048253708,0.00443828315959157,0.00327608473889995,0.00203848110686522,0.00332019802590366,NaN,NaN,NaN,NaN,NaN,NaN,NaN,NaN,NaN
NaN,NaN,0.00712631531253768,0.0109759848079799,0.0137369415848904,0.00288191275224866,0.00668310486071277,0.00469174461613875,0.00788818624278065,NaN,NaN,NaN,NaN,NaN,NaN,NaN,NaN,NaN
NaN,NaN,0.0142499271799655,0.0106879081091999,0.013828714111393,0.00470289052949132,0.00312906615727115,-0.000581273416173644,0.00148161825200077,NaN,NaN,NaN,NaN,NaN,NaN,NaN,NaN,NaN
NaN,NaN,0.011666922645721,0.0070058684311031,0.00980031556779674,0.00672497810349645,0.000479285794426687,-0.000188944468391128,-0.000243042144575156,NaN,NaN,NaN,NaN,NaN,NaN,NaN,NaN,NaN
NaN,NaN,0.00878092162505103,0.0105328987798809,0.0102720304518395,0.00769351632819356,0.00258930884592701,-0.00506251824845094,-0.00251340169052128,NaN,NaN,NaN,NaN,NaN,NaN,NaN,NaN,NaN
NaN,NaN,0.0068513516356082,0.011483201708567,0.00919372654849819,0.00306199328527631,-9.92331624729559e-05,-0.00676205156196374,0.000392157104215585,NaN,NaN,NaN,NaN,NaN,NaN,NaN,NaN,NaN
NaN,NaN,0.0051951807011695,0.00598035189129102,0.0116353749423676,0.00208371342644871,0.00113676227920223,-0.00129801926959772,0.00295264225860592,NaN,NaN,NaN,NaN,NaN,NaN,NaN,NaN,NaN
NaN,NaN,0.0118044231106372,0.0102204773090004,0.0158285058229618,0.00624199421630086,-0.00120039172179531,-0.00139670220960397,0.00147066589852329,NaN,NaN,NaN,NaN,NaN,NaN,NaN,NaN,NaN
NaN,NaN,0.010644628482017,0.00754219847537267,0.0130619003563576,0.00426369742975415,-0.00358521081216168,-0.000706387290847487,-0.000698235366144218,NaN,NaN,NaN,NaN,NaN,NaN,NaN,NaN,NaN
NaN,NaN,0.00854088254466963,0.0134792867562889,0.0113160058050804,0.00608119206056775,-0.000394723188946955,-0.00311938820232171,0.000300608095130882,NaN,NaN,NaN,NaN,NaN,NaN,NaN,NaN,NaN
NaN,NaN,0.00875108204976035,0.0120861399433731,0.0109147547870331,-0.000960035011909592,0.00120867900841404,-0.000765656659496017,0.000374406095943414,NaN,NaN,NaN,NaN,NaN,NaN,NaN,NaN,NaN
NaN,NaN,0.00914687551752043,0.011185215737593,0.013304360875433,-0.000540045783660996,0.00399897732131649,0.00238344298850279,0.00203955498000141,NaN,NaN,NaN,NaN,NaN,NaN,NaN,NaN,NaN
NaN,NaN,0.0171506803502173,0.0131395216546177,0.0177645764439755,0.00905956165418805,0.0043886426865356,0.00375183524738532,0.00217418697138783,NaN,NaN,NaN,NaN,NaN,NaN,NaN,NaN,NaN
NaN,NaN,0.0178450185824962,0.0167649555466293,0.0150281458287888,0.0105244575582522,0.00426801778667141,0.00267438816081267,0.00238831665774342,NaN,NaN,NaN,NaN,NaN,NaN,NaN,NaN,NaN
NaN,NaN,0.018687027322206,0.0196678880117057,0.0167488946705513,0.0111134818337935,0.00871720649593044,0.00170411767612677,0.00569508921762463,NaN,NaN,NaN,NaN,NaN,NaN,NaN,NaN,NaN
