F1_2000Hz,F2_1500Hz,F3_1000Hz,F4_900Hz,F5_800Hz,F6_700Hz,F7_600Hz,F8_500Hz,F9_400Hz,F10_200Hz,F11_100Hz,F12_80Hz,F13_600Hz,F14_600Hz,F15_600Hz,F16_600Hz,F17_600Hz,F18_600Hz
NaN,NaN,0.00696882207800324,0.00658348234719597,0.00388130440357296,0.0111243638433128,0.00293736119541184,0.02045714390988,0.00471425673458725,NaN,NaN,NaN,NaN,NaN,NaN,NaN,NaN,NaN
NaN,NaN,0.00697018180896218,0.00267146187252365,0.00999499007108777,0.00605009004842335,0.00457458902868287,0.0200558183860267,0.00288649892900139,NaN,NaN,NaN,NaN,NaN,NaN,NaN,NaN,NaN
NaN,NaN,0.00352846060801918,0.00867076250142418,0.00384157418253987,0.00754890472065502,0.00560614053877847,0.0169458715390647,0.0062196651706472,NaN,NaN,NaN,NaN,NaN,NaN,NaN,NaN,NaN
NaN,NaN,0.00847233061601097,0.00370800527161919,0.00741707055810063,0.00819753364097172,0.00101209391626374,0.022033761269995,0.00150577595923096,NaN,NaN,NaN,NaN,NaN,NaN,NaN,NaN,NaN
NaN,NaN,0.00479856108237679,0.00682907211012207,0.00779854028466313,0.00351629659902149,0.00742754672440545,0.0177809698652709,0.00502388423774391,NaN,NaN,NaN,NaN,NaN,NaN,NaN,NaN,NaN
NaN,NaN,0.0056658645432132,0.0071121382934507,0.00339491187575428,0.0103826771713405,0.0023077312556173,0.0205304948758567,0.00596332794521004,NaN,NaN,NaN,NaN,NaN,NaN,NaN,NaN,NaN
NaN,NaN,0.00760886420418198,0.00315578686422668,0.00866897298935025,0.00576275840770298,0.00468057353767411,0.0215799650322879,0.0022630343446508,NaN,NaN,NaN,NaN,NaN,NaN,NaN,NaN,NaN
NaN,NaN,0.0036962663095134,0.0085253830475267,0.00395260645988553,0.00606225312124783,0.00608688925179498,0.0164600750576938,0.00621858483646065,NaN,NaN,NaN,NaN,NaN,NaN,NaN,NaN,NaN
NaN,NaN,0.00894488369037087,0.0047230537456926,0.00569488747957318,0.00882096097241932,0.001426849111643,0.0213558329414809,0.00209509825799614,NaN,NaN,NaN,NaN,NaN,NaN,NaN,NaN,NaN
NaN,NaN,0.00562484909702713,0.00495178657001816,0.00783080129864781,0.00341390699516827,0.00750117708715455,0.0170754743885482,0.00529989099595696,NaN,NaN,NaN,NaN,NaN,NaN,NaN,NaN,NaN
NaN,NaN,0.00452713643123085,0.00599890979356132,0.00304495810511677,0.0102980013228565,0.00285395194562928,0.0198301589261973,0.00597087165806442,NaN,NaN,NaN,NaN,NaN,NaN,NaN,NaN,NaN
NaN,NaN,0.00864289303232605,0.00127578186220489,0.00845616578105061,0.00576603666316563,0.00429467071565644,0.0207399120699847,0.00128481036517769,NaN,NaN,NaN,NaN,NaN,NaN,NaN,NaN,NaN
NaN,NaN,0.00388597671796257,0.00711714880890213,0.00461026920917599,0.00626107186447674,0.00618488301309602,0.0154590336751426,0.00596349558327347,NaN,NaN,NaN,NaN,NaN,NaN,NaN,NaN,NaN
NaN,NaN,0.00911350895573075,0.00362364607281052,0.00492207600715725,0.00920470312606388,0.000666591867532891,0.0206349333893741,0.00176066032145172,NaN,NaN,NaN,NaN,NaN,NaN,NaN,NaN,NaN
NaN,NaN,0.00468004097153122,0.00356078179902397,0.00774344324114888,0.00327791527282291,0.00781432498964326,0.0160642443370307,0.00439350923988968,NaN,NaN,NaN,NaN,NaN,NaN,NaN,NaN,NaN
NaN,NaN,0.00480170895267899,0.00575194167322479,0.00234052433612912,0.0096633981205135,0.00243286375674264,0.0183474933874095,0.00529746955726296,NaN,NaN,NaN,NaN,NaN,NaN,NaN,NaN,NaN
NaN,NaN,0.00860938404609139,0.00170128452009521,0.00829839973691075,0.0045410308278709,0.00445491407784478,0.0185683472227538,0.000530792982317507,NaN,NaN,NaN,NaN,NaN,NaN,NaN,NaN,NaN
NaN,NaN,0.00457405646253998,0.0077752772194799,0.00459756596925824,0.00500794008742863,0.00683055032762544,0.015983591802069,0.00599082058761269,NaN,NaN,NaN,NaN,NaN,NaN,NaN,NaN,NaN
NaN,NaN,0.00872559447695191,0.00571936400956474,0.00475438206437199,0.00882895172010952,0.00228089053901689,0.0204665316414321,0.00297635293100029,NaN,NaN,NaN,NaN,NaN,NaN,NaN,NaN,NaN
NaN,NaN,0.00581973765899117,0.00476719843572937,0.00797446711900799,0.00246144339810902,0.00770398189100282,0.0173523379635299,0.00392887240741402,NaN,NaN,NaN,NaN,NaN,NaN,NaN,NaN,NaN
NaN,NaN,0.00572783474732811,0.00788558306521736,0.00219358026030629,0.00849481180678898,0.00336306874426858,0.0176446987461532,0.00538244342897087,NaN,NaN,NaN,NaN,NaN,NaN,NaN,NaN,NaN
NaN,NaN,0.0100600865941184,0.00248407977051102,0.00896572961452572,0.00414689511429363,0.00346914638551728,0.0187029978405917,0.000596190453507006,NaN,NaN,NaN,NaN,NaN,NaN,NaN,NaN,NaN
NaN,NaN,0.00411279101778443,0.00766638698405586,0.00449163733962147,0.0034038859642654,0.00660632510456101,0.0153194284212077,0.00558230525348336,NaN,NaN,NaN,NaN,NaN,NaN,NaN,NaN,NaN
NaN,NaN,0.00703153734017784,0.00487107815570198,0.00439122213962643,0.00832916677366787,0.00217818428548829,0.0195089085173095,0.00223161152098328,NaN,NaN,NaN,NaN,NaN,NaN,NaN,NaN,NaN
NaN,NaN,0.00522026394416268,0.00406121867126785,0.00875033332946866,0.00261328623067432,0.00648551394018189,0.0154820373427356,0.00317852443549782,NaN,NaN,NaN,NaN,NaN,NaN,NaN,NaN,NaN
NaN,NaN,0.00528644372631485,0.0077447670919355,0.00291431217434971,0.00878355905782276,0.00386819948228852,0.0142962588142836,0.00582823029253632,NaN,NaN,NaN,NaN,NaN,NaN,NaN,NaN,NaN
NaN,NaN,0.00982382868338997,0.0019822831673082,0.00922152667286961,0.00628290206562573,0.00322275568517701,0.0161428107094252,0.00138483440969139,NaN,NaN,NaN,NaN,NaN,NaN,NaN,NaN,NaN
NaN,NaN,0.0025751029412883,0.00702181863016449,0.00516133277657597,0.00460028157006794,0.00731927116188066,0.0106753884028876,0.0063899481901899,NaN,NaN,NaN,NaN,NaN,NaN,NaN,NaN,NaN
NaN,NaN,0.00710654606033737,0.00485109197325073,0.00432036711814969,0.00965313494574123,0.00221458037170426,0.014869357473799,0.00274680054280907,NaN,NaN,NaN,NaN,NaN,NaN,NaN,NaN,NaN
NaN,NaN,0.00598087509085114,0.00381894441670738,0.00998128100278943,0.00377270833026463,0.00604172010692613,0.0110101429891074,0.00402222818229347,NaN,NaN,NaN,NaN,NaN,NaN,NaN,NaN,NaN
NaN,NaN,0.00428484355021889,0.00817887517041527,0.0045368623638448,0.0089844825900703,0.00434980501207368,0.00882606116647366,0.00699402263853699,NaN,NaN,NaN,NaN,NaN,NaN,NaN,NaN,NaN
NaN,NaN,0.00795954440642769,0.0026425163669046,0.00852420820835202,0.00669963166486317,0.00259323750409142,0.0113479150604689,0.00240317976567894,NaN,NaN,NaN,NaN,NaN,NaN,NaN,NaN,NaN
NaN,NaN,0.00153667827059204,0.00671314107603393,0.00597590475323765,0.00383153066407734,0.00714770291718499,0.00557615516299848,0.00625214970204979,NaN,NaN,NaN,NaN,NaN,NaN,NaN,NaN,NaN
NaN,NaN,0.0057624985735553,0.00566689329571091,0.00485230131986706,0.00880229726802402,0.00190344412597672,0.00947305095905904,0.00323317444417626,NaN,NaN,NaN,NaN,NaN,NaN,NaN,NaN,NaN
NaN,NaN,0.0059652288715976,0.00365294548100792,0.0103680592680272,0.00283987701307827,0.00662029494318025,0.00650297013635281,0.00372664502356201,NaN,NaN,NaN,NaN,NaN,NaN,NaN,NaN,NaN
NaN,NaN,0.00368909512568886,0.00879619302577339,0.00380948080661862,0.00735511511932903,0.00619197969111459,0.00439311472291593,0.00673641881439835,NaN,NaN,NaN,NaN,NaN,NaN,NaN,NaN,NaN
NaN,NaN,0.00677147482444222,0.00172741743153892,0.00621883093360035,0.0059361334181934,0.00358520780476586,0.00767485333199147,0.00199213123414665,NaN,NaN,NaN,NaN,NaN,NaN,NaN,NaN,NaN
NaN,NaN,0.00219707910825188,0.00491976769990288,0.0053651992881593,0.00262893244992786,0.00849646289619462,0.001806198633858,0.00432265421841294,NaN,NaN,NaN,NaN,NaN,NaN,NaN,NaN,NaN
NaN,NaN,0.00573923413564141,0.00497505100793205,0.00273626192453473,0.00869722545515591,0.00239374820860879,0.00506694523210172,0.00243631622288376,NaN,NaN,NaN,NaN,NaN,NaN,NaN,NaN,NaN
NaN,NaN,0.00608540673662598,0.0015119093877729,0.00931687547805874,0.00354518622528606,0.00666220445903794,0.00145846141094808,0.00104639178607613,NaN,NaN,NaN,NaN,NaN,NaN,NaN,NaN,NaN
NaN,NaN,0.00196069081236298,0.00637235151953064,0.00255932926180928,0.00784871608387524,0.00665004138621346,0.000418378986069001,0.00585054478142411,NaN,NaN,NaN,NaN,NaN,NaN,NaN,NaN,NaN
NaN,NaN,0.00618848551918442,0.000713132641976699,0.00632522522452443,0.00723668814074093,0.00244919915470139,0.00678488147968892,0.000436319620348513,NaN,NaN,NaN,NaN,NaN,NaN,NaN,NaN,NaN
NaN,NaN,0.00224141006280358,0.00384027170366608,0.00611049949172108,0.00405970469485813,0.00810627599033372,0.00353018847818021,0.00424630439374596,NaN,NaN,NaN,NaN,NaN,NaN,NaN,NaN,NaN
NaN,NaN,0.00442541737963135,0.004810467682546,0.00334823398831456,0.00963191941749149,0.00206558738621728,0.00706334692949895,0.00352473428938538,NaN,NaN,NaN,NaN,NaN,NaN,NaN,NaN,NaN
NaN,NaN,0.00532634158541138,0.0019074234587606,0.00872496410253613,0.00369110584627682,0.00583172549280183,0.00559796673769597,0.00191725289914757,NaN,NaN,NaN,NaN,NaN,NaN,NaN,NaN,NaN
NaN,NaN,0.00021924798299248,0.00557115333504044,0.00127639516237347,0.00640969232093388,0.00518473570021646,0.00296811667794827,0.00636508187744766,NaN,NaN,NaN,NaN,NaN,NaN,NaN,NaN,NaN
NaN,NaN,0.00653965000916893,0.000852104596560821,0.005740131130248,0.00599694878231579,0.00126410980495469,0.0085801361274207,0.00107695779297501,NaN,NaN,NaN,NaN,NaN,NaN,NaN,NaN,NaN
NaN,NaN,0.00191093956042702,0.00339230554527603,0.00619957118275731,0.00206255793940121,0.00641182769807832,0.00438681898231152,0.00470166525337845,NaN,NaN,NaN,NaN,NaN,NaN,NaN,NaN,NaN
NaN,NaN,0.00555974964906151,0.005389340542024,0.00220293073895543,0.00834591195355945,0.00231801305684106,0.00818605629319791,0.00457653275225312,NaN,NaN,NaN,NaN,NaN,NaN,NaN,NaN,NaN
NaN,NaN,0.00672351171184952,0.00238729672855698,0.00763624801281064,0.00258149087797695,0.00638752017888085,0.00888173562998418,0.00246025121305138,NaN,NaN,NaN,NaN,NaN,NaN,NaN,NaN,NaN
NaN,NaN,0.00191881854940827,0.00646643372601829,0.0023231272304353,0.00616434470187717,0.00574745942625062,0.00666298998112325,0.00730348250363022,NaN,NaN,NaN,NaN,NaN,NaN,NaN,NaN,NaN
NaN,NaN,0.00870117519904549,0.00191295551485382,0.00491781054976552,0.00716987505923801,0.00238493789705293,0.0127661330770934,0.00224695971701294,NaN,NaN,NaN,NaN,NaN,NaN,NaN,NaN,NaN
NaN,NaN,0.00467028071094925,0.00407328861183487,0.00624308257344334,0.00262850404154354,0.00746999640735642,0.00706001279468182,0.00470946973655373,NaN,NaN,NaN,NaN,NaN,NaN,NaN,NaN,NaN
NaN,NaN,0.00578268964697296,0.00674100624746643,0.00169740884545414,0.00890936211120182,0.00297809724482552,0.010239697076031,0.00475527218077332,NaN,NaN,NaN,NaN,NaN,NaN,NaN,NaN,NaN
NaN,NaN,0.0071089116196769,0.00161092760390602,0.0080645446384248,0.00344931587945515,0.00605840940746323,0.011908515371033,0.00257754197809845,NaN,NaN,NaN,NaN,NaN,NaN,NaN,NaN,NaN
NaN,NaN,0.00247202415872986,0.0057628195208963,0.0030608837211427,0.00606761753927761,0.00589928363236444,0.00845101756567601,0.00707881024572998,NaN,NaN,NaN,NaN,NaN,NaN,NaN,NaN,NaN
NaN,NaN,0.00798871342946465,0.00202717291540466,0.00442244007232754,0.00707907110821301,0.00182878930839555,0.0138062155019725,0.00220510608050972,NaN,NaN,NaN,NaN,NaN,NaN,NaN,NaN,NaN
NaN,NaN,0.00419150640179093,0.00338146495050751,0.00649696110728352,0.00160635888945156,0.00701243762644784,0.00787292701716069,0.00450057408306748,NaN,NaN,NaN,NaN,NaN,NaN,NaN,NaN,NaN
NaN,NaN,0.0043877546947139,0.00689130308455788,0.00183366133812039,0.00795928269993359,0.00248064060482041,0.0112200817238772,0.00587297102902085,NaN,NaN,NaN,NaN,NaN,NaN,NaN,NaN,NaN
NaN,NaN,0.00656680737544472,0.00146510111517273,0.00819604738596051,0.00326884419094616,0.00437185873064057,0.0119828535389388,0.00302649533841759,NaN,NaN,NaN,NaN,NaN,NaN,NaN,NaN,NaN
NaN,NaN,0.00167080734778816,0.00536130773252808,0.00384816794636815,0.00502243146668964,0.0049436349121,0.00790733007306699,0.0072836825856939,NaN,NaN,NaN,NaN,NaN,NaN,NaN,NaN,NaN
NaN,NaN,0.00723445390273506,0.00337723674601875,0.00389328121188252,0.00622340917955929,0.000431228026476068,0.0103966435563052,0.00155904761049896,NaN,NaN,NaN,NaN,NaN,NaN,NaN,NaN,NaN
NaN,NaN,0.00387381364513809,0.00333556937403046,0.00610895349624722,0.000663636926522789,0.00618266646536843,0.00556551945919637,0.00346855691168457,NaN,NaN,NaN,NaN,NaN,NaN,NaN,NaN,NaN
NaN,NaN,0.00359916661788399,0.00791190224117599,0.00108022137525647,0.00630987316738659,0.00295432989272134,0.00720135030860547,0.0056853654095903,NaN,NaN,NaN,NaN,NaN,NaN,NaN,NaN,NaN
NaN,NaN,0.00716372926641876,0.00154253127402626,0.00725755362752049,0.00318888083468967,0.00411114428910272,0.00728438702935819,0.00141601508948952,NaN,NaN,NaN,NaN,NaN,NaN,NaN,NaN,NaN
NaN,NaN,0.00210972105075295,0.00601077484316193,0.0027661201262769,0.00401120141517216,0.00561735366257684,0.00196709392184857,0.00523531308863312,NaN,NaN,NaN,NaN,NaN,NaN,NaN,NaN,NaN
NaN,NaN,0.00823838238526757,0.00292874904698692,0.00198384641650288,0.00641026974093014,0.00180833746465699,0.00491435734147672,0.000290213734842837,NaN,NaN,NaN,NaN,NaN,NaN,NaN,NaN,NaN
NaN,NaN,0.00447274719287331,0.00291317733353935,0.00601703195813267,0.00107794508706623,0.00663111691149728,0.000722958720871247,0.00155396258924156,NaN,NaN,NaN,NaN,NaN,NaN,NaN,NaN,NaN
NaN,NaN,0.00340926994491989,0.00651828976697288,0.00106498493793576,0.00747633606564098,0.00376234535845773,1.66809331858531e-05,0.00473360961768776,NaN,NaN,NaN,NaN,NaN,NaN,NaN,NaN,NaN
NaN,NaN,0.00698348109532768,-0.000613871641689911,0.00615747540238469,0.00475350276004368,0.00285058055790917,0.00101189223641995,-0.00123952084686607,NaN,NaN,NaN,NaN,NaN,NaN,NaN,NaN,NaN
NaN,NaN,0.00174253781248505,0.0042987059277948,0.00290907814148037,0.00421499342094952,0.00487061922225015,-0.00584932880883571,0.00395131728146225,NaN,NaN,NaN,NaN,NaN,NaN,NaN,NaN,NaN
NaN,NaN,0.005956995980038,0.00116139682359062,0.00188289104941456,0.00749220580231243,-4.71365007494267e-05,-0.00172017978911754,0.000223903567530215,NaN,NaN,NaN,NaN,NaN,NaN,NaN,NaN,NaN
NaN,NaN,0.00284961958338196,0.00165546344942413,0.00774035125020115,0.00176548466455036,0.00625948195132272,-0.00444899218564387,0.00210470950696617,NaN,NaN,NaN,NaN,NaN,NaN,NaN,NaN,NaN
NaN,NaN,0.00231520806361611,0.00618526744074188,0.00227019085529416,0.00827805579077297,0.00408689264925973,-0.00486920493131038,0.00577473512385041,NaN,NaN,NaN,NaN,NaN,NaN,NaN,NaN,NaN
NaN,NaN,0.00703878302980835,0.000208467565244064,0.00755797966363995,0.00455397621165806,0.00287300680550591,-0.00214672552829143,0.000862660468555987,NaN,NaN,NaN,NaN,NaN,NaN,NaN,NaN,NaN
NaN,NaN,0.00195232753564293,0.00552287357277237,0.00416818900945752,0.0035317751802116,0.00591338385614411,-0.00793306993728038,0.00494021421764046,NaN,NaN,NaN,NaN,NaN,NaN,NaN,NaN,NaN
NaN,NaN,0.00594907973815377,0.00357057931250893,0.00289747386220067,0.00741566971313053,0.00159946043762223,-0.00133410932903644,0.000839489162899554,NaN,NaN,NaN,NaN,NaN,NaN,NaN,NaN,NaN
NaN,NaN,0.00527441103865082,0.0029958974046167,0.00856319337132542,0.00242460027705723,0.00769410987171189,-0.00424577759986278,0.00173493719194084,NaN,NaN,NaN,NaN,NaN,NaN,NaN,NaN,NaN
NaN,NaN,0.00338470165540154,0.00780243458575569,0.00257516174557774,0.0070720675624519,0.0051090564278032,-0.00477605404739734,0.00529918319080025,NaN,NaN,NaN,NaN,NaN,NaN,NaN,NaN,NaN
NaN,NaN,0.00867345903922493,0.00214733215398155,0.00608045502546399,0.00536938637863689,0.00279514823826806,-0.00286788585071918,-0.000579846440814435,NaN,NaN,NaN,NaN,NaN,NaN,NaN,NaN,NaN
NaN,NaN,0.00294161562730248,0.0059648233873304,0.00412177189233868,0.00337590903412395,0.00712646876248376,-0.0092241996753728,0.00393930322024971,NaN,NaN,NaN,NaN,NaN,NaN,NaN,NaN,NaN
NaN,NaN,0.00680449952293808,0.00310868056840263,0.00273590802195637,0.00757721692692333,0.00220129971179025,-0.00396444367652293,0.000586746842600405,NaN,NaN,NaN,NaN,NaN,NaN,NaN,NaN,NaN
NaN,NaN,0.0059228350680011,0.00210408153361641,0.00873435183408825,0.00280254960428768,0.00745712552937524,-0.00713451670890208,0.00211286789271981,NaN,NaN,NaN,NaN,NaN,NaN,NaN,NaN,NaN
NaN,NaN,0.00310418729592736,0.00670284064835869,0.00263517617228596,0.00648462653528744,0.00394741778048532,-0.00850546079163905,0.0059842454502359,NaN,NaN,NaN,NaN,NaN,NaN,NaN,NaN,NaN
NaN,NaN,0.00852012609054024,0.00165157052106224,0.00676723091843693,0.00517822310697132,0.00161810551556603,-0.00703151243214961,-0.000466988771222532,NaN,NaN,NaN,NaN,NaN,NaN,NaN,NaN,NaN
NaN,NaN,0.00264353652407105,0.00422444226569496,0.00666519521716206,0.00284155339371258,0.00617527176412599,-0.0126700186956441,0.00437028205487877,NaN,NaN,NaN,NaN,NaN,NaN,NaN,NaN,NaN
NaN,NaN,0.00585361917425568,0.00345798241323791,0.00354297353866665,0.00873758897553974,0.00161171664270417,-0.00850937234645244,0.00267214572522789,NaN,NaN,NaN,NaN,NaN,NaN,NaN,NaN,NaN
NaN,NaN,0.00624550108720238,0.00278055699891411,0.00975865765455334,0.00227948159348064,0.00594013144048707,-0.0108331153023755,0.0026205318281427,NaN,NaN,NaN,NaN,NaN,NaN,NaN,NaN,NaN
NaN,NaN,0.00295586486269409,0.00809216903871857,0.00212721421363919,0.00618686408173138,0.00346204970749871,-0.0133458422351396,0.00677441677544266,NaN,NaN,NaN,NaN,NaN,NaN,NaN,NaN,NaN
NaN,NaN,0.00851377447058136,0.00204065846628509,0.00625677301529019,0.00521983459960514,0.00111463253172891,-0.0109490090835607,-0.000735917477868497,NaN,NaN,NaN,NaN,NaN,NaN,NaN,NaN,NaN
NaN,NaN,0.00292231862355645,0.00467620822018944,0.0057682198190984,0.00227488085996204,0.00647715066346185,-0.015755974673084,0.00433373695705086,NaN,NaN,NaN,NaN,NaN,NaN,NaN,NaN,NaN
NaN,NaN,0.00541559954096253,0.00453611867851578,0.00158799706938832,0.00842729092012936,0.00145478878888146,-0.0127497585344827,0.00315235427115113,NaN,NaN,NaN,NaN,NaN,NaN,NaN,NaN,NaN
NaN,NaN,0.00653564532209809,0.0030976164562162,0.0078632858300504,0.000668610189071236,0.00509320531758325,-0.0144667448330438,0.000640838057734072,NaN,NaN,NaN,NaN,NaN,NaN,NaN,NaN,NaN
NaN,NaN,0.00231925000358994,0.00871041821665131,0.00140841945055096,0.00454222292076641,0.00319844816597955,-0.018140365355066,0.00493049120996147,NaN,NaN,NaN,NaN,NaN,NaN,NaN,NaN,NaN
NaN,NaN,0.00769119311977799,0.00123320179409347,0.00519659264925091,0.00432738542925411,0.000233470990982217,-0.0134831750619924,-0.00199147069361061,NaN,NaN,NaN,NaN,NaN,NaN,NaN,NaN,NaN
NaN,NaN,0.00261794377972061,0.00378947737044655,0.00487264140489666,0.00231839225064808,0.00665287260684029,-0.0188868576515233,0.00371468684170395,NaN,NaN,NaN,NaN,NaN,NaN,NaN,NaN,NaN
NaN,NaN,0.004753242925896,0.00485729458159767,0.00238204269650547,0.00789831832419926,0.00224417780312554,-0.0155982645082986,0.00304040929768234,NaN,NaN,NaN,NaN,NaN,NaN,NaN,NaN,NaN
NaN,NaN,0.00679490690041954,0.00211143898195587,0.00750543444398015,0.00164105996858173,0.00552191172513024,-0.0165022248256719,0.000386437983252108,NaN,NaN,NaN,NaN,NaN,NaN,NaN,NaN,NaN
NaN,NaN,0.00225159873176987,0.00757543402141891,0.00328488542678921,0.0045398201085239,0.0050010416355993,-0.0196041809249436,0.00456245115492493,NaN,NaN,NaN,NaN,NaN,NaN,NaN,NaN,NaN
NaN,NaN,0.00702805419374878,0.00107163595384918,0.00647179677131741,0.00657641768824154,0.00132540945681588,-0.0149146737385308,-0.000548293231986463,NaN,NaN,NaN,NaN,NaN,NaN,NaN,NaN,NaN
NaN,NaN,0.00230179701854164,0.00341746988124214,0.00655008374693959,0.00323989868532711,0.00755435560616509,-0.0200928272533929,0.00414970761630684,NaN,NaN,NaN,NaN,NaN,NaN,NaN,NaN,NaN
NaN,NaN,0.00503530328084404,0.00525331156677566,0.00287173210623829,0.00916067019473606,0.00266679336103455,-0.0171057404804742,0.00424349179957062,NaN,NaN,NaN,NaN,NaN,NaN,NaN,NaN,NaN
NaN,NaN,0.00626884003092224,0.00221617551869713,0.00848172127249806,0.00278219089280659,0.00469420810016648,-0.0166528755653417,0.000810823054052889,NaN,NaN,NaN,NaN,NaN,NaN,NaN,NaN,NaN
NaN,NaN,0.00182531376291687,0.00787729429430328,0.00404186441543667,0.00526105493675762,0.00503129099282281,-0.0194818796444451,0.00452992937061936,NaN,NaN,NaN,NaN,NaN,NaN,NaN,NaN,NaN
NaN,NaN,0.00596209962774689,0.00130273433751427,0.0054230716729459,0.00812028974663311,0.00158904825123803,-0.014645409755758,0.00107863417360932,NaN,NaN,NaN,NaN,NaN,NaN,NaN,NaN,NaN
NaN,NaN,0.00285539378334458,0.00314062493271194,0.00631756975296109,0.00355466708909565,0.00787799020084397,-0.0197880053747213,0.00359905383083969,NaN,NaN,NaN,NaN,NaN,NaN,NaN,NaN,NaN
NaN,NaN,0.00500304226685936,0.00546967642731033,0.00110948353055088,0.00879661620031887,0.00300743390592591,-0.0158271835971391,0.00516330322716385,NaN,NaN,NaN,NaN,NaN,NaN,NaN,NaN,NaN
NaN,NaN,0.00720502410937721,0.00190885769552551,0.00850541411879628,0.00201826423775249,0.00509506796273248,-0.0147376665699994,6.96128699928525e-06,NaN,NaN,NaN,NaN,NaN,NaN,NaN,NaN,NaN
NaN,NaN,0.00265579272915299,0.00699257510132156,0.00367429002168744,0.00494533658396298,0.00642628182443635,-0.0176187874603784,0.00539369380567223,NaN,NaN,NaN,NaN,NaN,NaN,NaN,NaN,NaN
NaN,NaN,0.00745735664774353,0.000805203191703185,0.00356525077465146,0.00830878943573528,0.00273010466965692,-0.013303522937349,0.00133336952421814,NaN,NaN,NaN,NaN,NaN,NaN,NaN,NaN,NaN
NaN,NaN,0.00499412019659455,0.00247493418282829,0.00576257600429623,0.00240584344040447,0.00900151912840859,-0.0180879691470182,0.00301043933723122,NaN,NaN,NaN,NaN,NaN,NaN,NaN,NaN,NaN
NaN,NaN,0.00421540413905556,0.00500256227678619,0.00104764371159642,0.00792905196916157,0.00312042196067826,-0.0144945913780248,0.00438782817218453,NaN,NaN,NaN,NaN,NaN,NaN,NaN,NaN,NaN
NaN,NaN,0.00767636646439011,0.000619944505160674,0.00848665728214352,0.00327491641413265,0.00451606471809403,-0.0135760279226815,-5.40667679160831e-06,NaN,NaN,NaN,NaN,NaN,NaN,NaN,NaN,NaN
NaN,NaN,0.00070249264050896,0.00567011567181908,0.003278142651349,0.00482059523831898,0.00673462410244004,-0.0169383445609128,0.0062695654341951,NaN,NaN,NaN,NaN,NaN,NaN,NaN,NaN,NaN
NaN,NaN,0.00695747856904442,0.000321735016768798,0.00316830246689885,0.00869670391451412,0.0018492411521341,-0.0130628878105199,0.00226664787624031,NaN,NaN,NaN,NaN,NaN,NaN,NaN,NaN,NaN
NaN,NaN,0.00309440840889389,0.00187205182737671,0.00536939023974507,0.00149787843596035,0.00693198998245255,-0.0165832126367604,0.00335661193821579,NaN,NaN,NaN,NaN,NaN,NaN,NaN,NaN,NaN
NaN,NaN,0.00205818165947373,0.00615233587450348,0.00155791535022824,0.00676901519667202,0.0018964778331186,-0.0144377807009732,0.00456818810198456,NaN,NaN,NaN,NaN,NaN,NaN,NaN,NaN,NaN
NaN,NaN,0.0064111088674205,0.00124633344239555,0.0069683407151994,0.0022115322984367,0.00201881636652009,-0.0127539867389714,-3.06827714666724e-05,NaN,NaN,NaN,NaN,NaN,NaN,NaN,NaN,NaN
NaN,NaN,-0.00035707305263107,0.00458316909498535,0.00292537628653615,0.00266570106517368,0.00623649691018121,-0.017157186739496,0.00640671199653298,NaN,NaN,NaN,NaN,NaN,NaN,NaN,NaN,NaN
NaN,NaN,0.0065603067438739,0.00155940683907829,0.00183140753748982,0.00688768431912952,0.000412713333692712,-0.0123680652905023,0.00248450285289437,NaN,NaN,NaN,NaN,NaN,NaN,NaN,NaN,NaN
NaN,NaN,0.00349834163595612,0.00237291710800491,0.00606501369717686,0.000408678058496056,0.00588468049439446,-0.0140728140104329,0.00248092657420784,NaN,NaN,NaN,NaN,NaN,NaN,NaN,NaN,NaN
NaN,NaN,0.0030750182728904,0.0071983601374086,0.00161707296016781,0.00548513114821011,0.00280969549688355,-0.0142982313263929,0.00513132160995156,NaN,NaN,NaN,NaN,NaN,NaN,NaN,NaN,NaN
NaN,NaN,0.00619316075850899,0.00106992232031189,0.00758839665892689,0.00324967757236057,0.00276461948427216,-0.0116521390009439,0.000620963633991778,NaN,NaN,NaN,NaN,NaN,NaN,NaN,NaN,NaN
NaN,NaN,0.00112836782742913,0.00501276957220398,0.00297242670300572,0.00319050133596951,0.00764571835073487,-0.0173656353581464,0.00621346256230026,NaN,NaN,NaN,NaN,NaN,NaN,NaN,NaN,NaN
NaN,NaN,0.00691219766546662,0.00225141676492058,0.00174730910900204,0.00784649953614765,0.000910896405306024,-0.0125371562171495,0.00215297064278275,NaN,NaN,NaN,NaN,NaN,NaN,NaN,NaN,NaN
NaN,NaN,0.00431840841580803,0.0024216252786573,0.0068700116777715,0.00113183141123348,0.00596464385065095,-0.0149278798926389,0.00153680762741715,NaN,NaN,NaN,NaN,NaN,NaN,NaN,NaN,NaN
NaN,NaN,0.00343773116280014,0.00702805849141441,0.00137472419980137,0.00661756351958805,0.00318866927894608,-0.0152212465036428,0.00452460220549256,NaN,NaN,NaN,NaN,NaN,NaN,NaN,NaN,NaN
NaN,NaN,0.00675458063293869,0.00150833310908638,0.00649969919565289,0.00484726831685597,0.00332719419869439,-0.0126698138046777,0.000364160747267306,NaN,NaN,NaN,NaN,NaN,NaN,NaN,NaN,NaN
NaN,NaN,0.000682133929027865,0.0048569779319223,0.00258685915711491,0.00391350567709499,0.00667835359248178,-0.0173064032424008,0.00550595542881638,NaN,NaN,NaN,NaN,NaN,NaN,NaN,NaN,NaN
NaN,NaN,0.00610360477973397,0.00263638826436363,0.00227877764943211,0.00864538804065281,0.000635820969667596,-0.0120529057312524,0.00187880790326744,NaN,NaN,NaN,NaN,NaN,NaN,NaN,NaN,NaN
NaN,NaN,0.00358080093671257,0.00224635037011467,0.00791322334650128,0.00129602358113819,0.0053980085698034,-0.0141390496719396,0.00173147267196327,NaN,NaN,NaN,NaN,NaN,NaN,NaN,NaN,NaN
NaN,NaN,0.00246872727681572,0.00684164496487938,0.00267550243976681,0.00683448717366749,0.00302809064063088,-0.0153096476424253,0.0056560660013929,NaN,NaN,NaN,NaN,NaN,NaN,NaN,NaN,NaN
NaN,NaN,0.00654512618590767,0.0018090944213327,0.00603048025611012,0.00479990125071102,0.00228889991315858,-0.0111822308826959,0.00118169432971626,NaN,NaN,NaN,NaN,NaN,NaN,NaN,NaN,NaN
NaN,NaN,0.000207997606291125,0.00419711726135574,0.0034045603776273,0.00296649963032299,0.00526563037904755,-0.0159050421643769,0.00499948358628899,NaN,NaN,NaN,NaN,NaN,NaN,NaN,NaN,NaN
NaN,NaN,0.00606245894838745,0.00303600015467964,0.00194948061349957,0.00732369229566151,0.00125885714563386,-0.0113822603452718,0.00210491439793259,NaN,NaN,NaN,NaN,NaN,NaN,NaN,NaN,NaN
NaN,NaN,0.00441187594939644,0.000603795371716842,0.00768663256409733,0.000493912700524864,0.00585327629717843,-0.0135351987410104,0.000834143371321261,NaN,NaN,NaN,NaN,NaN,NaN,NaN,NaN,NaN
NaN,NaN,0.00274158616472657,0.00698799299425445,0.00191217183116047,0.00481828555833393,0.00491331104907052,-0.0140564972389257,0.00496973714325577,NaN,NaN,NaN,NaN,NaN,NaN,NaN,NaN,NaN
NaN,NaN,0.00709162627269203,0.00101501154131256,0.00443989305737584,0.00486168519031101,0.00215205137404458,-0.00928332003240939,-0.000148010789416731,NaN,NaN,NaN,NaN,NaN,NaN,NaN,NaN,NaN
NaN,NaN,0.00187443171550209,0.00413959877914749,0.00321017472985356,0.00217217460643345,0.00583599095019357,-0.0139728085923707,0.00344588852021843,NaN,NaN,NaN,NaN,NaN,NaN,NaN,NaN,NaN
NaN,NaN,0.00622624133635933,0.00274362074560486,0.00156232981923192,0.00797785327207142,0.000851776048269433,-0.0102400863397634,0.0014383482048288,NaN,NaN,NaN,NaN,NaN,NaN,NaN,NaN,NaN
NaN,NaN,0.00513508518148835,8.24037415441126e-05,0.00733369856122105,0.000731437209954796,0.004591241076317,-0.0112960943806684,-0.000728671788237989,NaN,NaN,NaN,NaN,NaN,NaN,NaN,NaN,NaN
NaN,NaN,0.00200930585075791,0.00578900831169449,0.000385585119753766,0.00504265979301029,0.00479069311889665,-0.0133385406661546,0.00402843079064041,NaN,NaN,NaN,NaN,NaN,NaN,NaN,NaN,NaN
NaN,NaN,0.00599788104106362,-0.000174026616150513,0.00383397459033101,0.00493125498663479,0.000801875784721536,-0.007403557174257,-0.000719917356036603,NaN,NaN,NaN,NaN,NaN,NaN,NaN,NaN,NaN
NaN,NaN,0.00101092805077011,0.00309443133301102,0.00417193292620747,0.00244577855240398,0.00548970659050004,-0.0128725999820745,0.00369527807924896,NaN,NaN,NaN,NaN,NaN,NaN,NaN,NaN,NaN
NaN,NaN,0.00503066529442246,0.00339811699814163,0.00203704356196492,0.00715240344773823,0.000564835563030404,-0.0104183042276418,0.0032492863247171,NaN,NaN,NaN,NaN,NaN,NaN,NaN,NaN,NaN
NaN,NaN,0.00512200941254074,0.00117329912609421,0.00815400748494237,0.00072486207257801,0.00413804088505761,-0.0101516293216264,0.000182683230377733,NaN,NaN,NaN,NaN,NaN,NaN,NaN,NaN,NaN
NaN,NaN,0.002173777417435,0.0069462324900087,0.00082209601047604,0.00440740466486507,0.00421936397227303,-0.0126349823403871,0.00512275344226509,NaN,NaN,NaN,NaN,NaN,NaN,NaN,NaN,NaN
NaN,NaN,0.00720005084682877,0.0018168430251535,0.00407324998620121,0.0052734601534515,0.000387530371275109,-0.00621498467808124,-0.000295234262011945,NaN,NaN,NaN,NaN,NaN,NaN,NaN,NaN,NaN
NaN,NaN,0.00266143654395516,0.00413415985531174,0.00527173175457089,0.00139267623793179,0.0057148072567846,-0.0129563445079839,0.00383916741702706,NaN,NaN,NaN,NaN,NaN,NaN,NaN,NaN,NaN
NaN,NaN,0.0056774874489444,0.00428728791303001,0.00139223306420414,0.00568042949210697,0.00114089582833306,-0.00973842012172099,0.00284639617893845,NaN,NaN,NaN,NaN,NaN,NaN,NaN,NaN,NaN
NaN,NaN,0.00656621132899697,0.00122701781219803,0.00689573480728238,0.00139696032177502,0.00512539182576196,-0.00861204134707805,-0.00079900526907295,NaN,NaN,NaN,NaN,NaN,NaN,NaN,NaN,NaN
NaN,NaN,0.00234685440470154,0.00679476218647324,0.00104309885743229,0.00472787276279026,0.00498753745826737,-0.0111010940599954,0.00382132327649742,NaN,NaN,NaN,NaN,NaN,NaN,NaN,NaN,NaN
NaN,NaN,0.00804921214391167,0.00233396919793449,0.003798863729268,0.00712397948276096,0.00177963410290734,-0.00641806887870189,-0.000988119631074369,NaN,NaN,NaN,NaN,NaN,NaN,NaN,NaN,NaN
NaN,NaN,0.00316882108260567,0.00345710697001778,0.0066241611445245,0.00247280553351933,0.00711115781935708,-0.012792524867109,0.00286489224527031,NaN,NaN,NaN,NaN,NaN,NaN,NaN,NaN,NaN
NaN,NaN,0.0057145354609626,0.00470737027353607,0.00142821936848729,0.0069352190233379,0.00230657641562478,-0.0105560840893304,0.00351428485009819,NaN,NaN,NaN,NaN,NaN,NaN,NaN,NaN,NaN
NaN,NaN,0.0063278113763469,0.000520181230967864,0.00809768109562962,0.00263219207893902,0.00479399000081078,-0.0087080607045209,-0.000212868093512952,NaN,NaN,NaN,NaN,NaN,NaN,NaN,NaN,NaN
NaN,NaN,0.00222572659064705,0.00679397987551056,0.00282203673365681,0.00509604320298725,0.00424130593213098,-0.0129122929502046,0.00399035832379013,NaN,NaN,NaN,NaN,NaN,NaN,NaN,NaN,NaN
NaN,NaN,0.0069454086284774,0.002488959900802,0.00527916370871632,0.007053646001926,0.000542278930273218,-0.00861293541674968,0.000394298345781863,NaN,NaN,NaN,NaN,NaN,NaN,NaN,NaN,NaN
NaN,NaN,0.00306371201683457,0.00326842101640068,0.00759607075694172,0.00102245688807064,0.00586374436291711,-0.0136100025702035,0.00245451426599175,NaN,NaN,NaN,NaN,NaN,NaN,NaN,NaN,NaN
NaN,NaN,0.00392142285515244,0.00510841640061699,0.00248400389197438,0.00657503933083111,0.00178986002477662,-0.0100326435494935,0.00444687402341515,NaN,NaN,NaN,NaN,NaN,NaN,NaN,NaN,NaN
NaN,NaN,0.00609568853784973,0.00186512278742157,0.00779732956531613,0.00238416225086742,0.00305863802107827,-0.00720183270459529,-0.00100879499223083,NaN,NaN,NaN,NaN,NaN,NaN,NaN,NaN,NaN
NaN,NaN,0.00207040061165268,0.00779243218130432,0.00331548868659108,0.00468447313081318,0.00483398099216477,-0.0114046493399655,0.00430153182242066,NaN,NaN,NaN,NaN,NaN,NaN,NaN,NaN,NaN
NaN,NaN,0.00746363376189644,0.00325208561844192,0.00457379861715405,0.0064803610778957,0.0011032703963186,-0.00723530443792697,0.000199409783817827,NaN,NaN,NaN,NaN,NaN,NaN,NaN,NaN,NaN
NaN,NaN,0.00389834468175347,0.00417994367307983,0.00676624371650784,0.00133484110604816,0.00682926510247247,-0.0106366062391317,0.00181359669659287,NaN,NaN,NaN,NaN,NaN,NaN,NaN,NaN,NaN
NaN,NaN,0.00429097165275986,0.00597272100276314,0.00136542960050671,0.0066850285268932,0.00323771272572534,-0.00873635428433772,0.00358212238643318,NaN,NaN,NaN,NaN,NaN,NaN,NaN,NaN,NaN
NaN,NaN,0.00710537259389336,0.00193560527986847,0.00663254304769604,0.00321886942159229,0.00408126746090905,-0.00623785796051379,-0.00181913876440376,NaN,NaN,NaN,NaN,NaN,NaN,NaN,NaN,NaN
NaN,NaN,0.00271899227906639,0.00658636944717728,0.00214004783871739,0.00512804344665104,0.00678348128470437,-0.011892774127773,0.00463813042733818,NaN,NaN,NaN,NaN,NaN,NaN,NaN,NaN,NaN
NaN,NaN,0.00767668311406548,0.0022917989117559,0.00347511737588017,0.00675426304709011,0.000643252923813028,-0.00786983313446399,0.000654733390547335,NaN,NaN,NaN,NaN,NaN,NaN,NaN,NaN,NaN
NaN,NaN,0.0032716763477462,0.00288661601371132,0.00590419291499226,0.00211409733068043,0.00648264546665208,-0.0113343158591306,0.00194206333253533,NaN,NaN,NaN,NaN,NaN,NaN,NaN,NaN,NaN
NaN,NaN,0.00414484714080269,0.00513335721916519,0.000150984963208127,0.00708922252427631,0.00337782089385049,-0.00968958156590816,0.00371038413140923,NaN,NaN,NaN,NaN,NaN,NaN,NaN,NaN,NaN
NaN,NaN,0.00684639041234429,0.00140622290200554,0.00621620460393994,0.00542673722278172,0.00492422614964501,-0.00833718942885753,-0.00101114192511886,NaN,NaN,NaN,NaN,NaN,NaN,NaN,NaN,NaN
NaN,NaN,0.00222846467901642,0.006602779350942,0.00314248620513051,0.0045044671035915,0.00686210353645341,-0.0131590934324777,0.00481415039394051,NaN,NaN,NaN,NaN,NaN,NaN,NaN,NaN,NaN
NaN,NaN,0.00627098207284386,0.00323696093983017,0.00335413857343762,0.00760631144415432,0.0005943957415487,-0.00862301232700702,0.00140543526504189,NaN,NaN,NaN,NaN,NaN,NaN,NaN,NaN,NaN
NaN,NaN,0.00355673556138451,0.00356106119579636,0.00708548246863453,0.00221961617838436,0.00585882697972314,-0.0104923816252267,0.00173272064421326,NaN,NaN,NaN,NaN,NaN,NaN,NaN,NaN,NaN
NaN,NaN,0.00426463385034973,0.00653618978685699,0.00101454450729458,0.00766388580571705,0.0040736492422487,-0.0110733965266263,0.00433613976929337,NaN,NaN,NaN,NaN,NaN,NaN,NaN,NaN,NaN
NaN,NaN,0.00736301367093498,0.00242171841091476,0.00669088109376996,0.00600542381774479,0.00468008924993531,-0.00808282660727855,-0.000379127799533308,NaN,NaN,NaN,NaN,NaN,NaN,NaN,NaN,NaN
NaN,NaN,0.00340450157333786,0.0073114785773214,0.0037840929532346,0.00344028205048138,0.00654215697917001,-0.0141243161488092,0.00498976057861,NaN,NaN,NaN,NaN,NaN,NaN,NaN,NaN,NaN
NaN,NaN,0.00633246798921997,0.00440044360584579,0.00273601978066533,0.00778741643201405,0.000840302154150171,-0.00845649185066577,0.00285373500082642,NaN,NaN,NaN,NaN,NaN,NaN,NaN,NaN,NaN
NaN,NaN,0.00537866328765328,0.00389438154525124,0.00661825655940144,0.00179571539532238,0.00633348484310166,-0.0109684178460157,0.00178075826261193,NaN,NaN,NaN,NaN,NaN,NaN,NaN,NaN,NaN
NaN,NaN,0.00463692073632653,0.00654898615903221,0.000870636543064999,0.00789883986484104,0.00467167009386079,-0.0120373898971593,0.00550237915012985,NaN,NaN,NaN,NaN,NaN,NaN,NaN,NaN,NaN
NaN,NaN,0.00856099252511437,0.00232771071023308,0.0063291554057893,0.00509388253461414,0.00354497466954247,-0.00874015408044215,-0.000558072119019926,NaN,NaN,NaN,NaN,NaN,NaN,NaN,NaN,NaN
NaN,NaN,0.00291158978749687,0.00638447733945213,0.00336673005464642,0.00299265116821819,0.0062590349164869,-0.0140634821582353,0.00466891995165497,NaN,NaN,NaN,NaN,NaN,NaN,NaN,NaN,NaN
NaN,NaN,0.00645491828133042,0.00376202198094688,0.00201057537439435,0.00793799266587788,0.00174366642507569,-0.00832280980830546,0.00281903392169625,NaN,NaN,NaN,NaN,NaN,NaN,NaN,NaN,NaN
NaN,NaN,0.00580738832165177,0.00260492818779312,0.00638497888091176,0.00247833758961254,0.00736604218157784,-0.0117289917398011,0.00200051313731819,NaN,NaN,NaN,NaN,NaN,NaN,NaN,NaN,NaN
NaN,NaN,0.00374186386276657,0.0061646479589399,0.00176878540757267,0.00860616073381,0.00549263094338433,-0.0119393775094068,0.0052041137823835,NaN,NaN,NaN,NaN,NaN,NaN,NaN,NaN,NaN
NaN,NaN,0.0071779226224559,0.0029234777612146,0.00672265782001584,0.00545201331745678,0.00222227309617059,-0.00818964930658694,4.62258467450738e-05,NaN,NaN,NaN,NaN,NaN,NaN,NaN,NaN,NaN
NaN,NaN,0.00197175492454941,0.00654812934226356,0.00463627173545926,0.0031178581751495,0.006192184582081,-0.0118297608423745,0.00546980148646981,NaN,NaN,NaN,NaN,NaN,NaN,NaN,NaN,NaN
NaN,NaN,0.00552642692734177,0.00537063958472572,0.00282341509106724,0.00852053493629986,0.00208235119256036,-0.0077285887527978,0.00434182083699852,NaN,NaN,NaN,NaN,NaN,NaN,NaN,NaN,NaN
NaN,NaN,0.00540976946164543,0.00273035871214233,0.00800173624399273,0.00275361791621738,0.00707884092601792,-0.0101025113690412,0.00173251575324684,NaN,NaN,NaN,NaN,NaN,NaN,NaN,NaN,NaN
NaN,NaN,0.00234759946276123,0.00711679490632378,0.00258790223839848,0.00605720535289341,0.004677202149954,-0.0108703123260057,0.00521018600556999,NaN,NaN,NaN,NaN,NaN,NaN,NaN,NaN,NaN
NaN,NaN,0.0060715486567157,0.00265283542103134,0.00638646899703114,0.00527280822764927,0.000519964441385431,-0.00492998304252978,0.000611035735346377,NaN,NaN,NaN,NaN,NaN,NaN,NaN,NaN,NaN
NaN,NaN,0.000957824037565539,0.0068217332882341,0.00511603324654667,0.00196769342195087,0.00692023669156091,-0.00950909125094768,0.00470919033978134,NaN,NaN,NaN,NaN,NaN,NaN,NaN,NaN,NaN
NaN,NaN,0.00437575925995285,0.00470951231545769,0.00207176326754658,0.00756438330184513,0.00206832547458665,-0.00628764646535274,0.00372988602612168,NaN,NaN,NaN,NaN,NaN,NaN,NaN,NaN,NaN
NaN,NaN,0.00589357291270668,0.00232288645929657,0.0079751749241647,0.00220544144879871,0.00708537881049172,-0.00734585242753383,-0.00025591382291168,NaN,NaN,NaN,NaN,NaN,NaN,NaN,NaN,NaN
NaN,NaN,0.00267037724067147,0.00573350148624741,0.00281879573109715,0.00574798763166958,0.00616873387965218,-0.00851689743285533,0.00472126028034836,NaN,NaN,NaN,NaN,NaN,NaN,NaN,NaN,NaN
NaN,NaN,0.00755002324391777,0.002281889639562,0.00572359084132283,0.00676724568378025,0.00291381736072556,-0.00383329483156558,-2.71996250376107e-05,NaN,NaN,NaN,NaN,NaN,NaN,NaN,NaN,NaN
NaN,NaN,0.00276639659811432,0.00623816656298004,0.00606559111717312,0.00333671898018414,0.00959644798907296,-0.00869334580784198,0.00419126322958618,NaN,NaN,NaN,NaN,NaN,NaN,NaN,NaN,NaN
NaN,NaN,0.00681446467448647,0.00521631943411194,0.00427558912876217,0.0101962636448055,0.00348037813576714,-0.00437921749835368,0.00434275215957314,NaN,NaN,NaN,NaN,NaN,NaN,NaN,NaN,NaN
NaN,NaN,0.00801033873964722,0.00270284744328819,0.00945871590617268,0.00523909435044819,0.00780484412583367,-0.00495009961014148,0.00046427792403847,NaN,NaN,NaN,NaN,NaN,NaN,NaN,NaN,NaN
NaN,NaN,0.00429285292436058,0.00662684472627006,0.00471696152332394,0.0082159924544006,0.00711478997739808,-0.00585871654038783,0.00606217852327972,NaN,NaN,NaN,NaN,NaN,NaN,NaN,NaN,NaN
NaN,NaN,0.00846875433732445,0.00424770670360886,0.00727819173577397,0.00959434986483151,0.00455041189464585,-0.00103541555290576,0.00145758932922035,NaN,NaN,NaN,NaN,NaN,NaN,NaN,NaN,NaN
NaN,NaN,0.00491058056165154,0.00690998541540466,0.00867463543060391,0.00564714402329022,0.010297454490986,-0.00488546582346316,0.00517479574773461,NaN,NaN,NaN,NaN,NaN,NaN,NaN,NaN,NaN
NaN,NaN,0.00852327396084244,0.00730823757476173,0.00576557486298649,0.0111661988533645,0.00451477949294106,-0.00120899545436259,0.00606312847230583,NaN,NaN,NaN,NaN,NaN,NaN,NaN,NaN,NaN
NaN,NaN,0.00925466020513947,0.00326843964285217,0.0104541693532762,0.00534379363428646,0.00773860846432702,-0.000737336449674331,0.00194882473442703,NaN,NaN,NaN,NaN,NaN,NaN,NaN,NaN,NaN
NaN,NaN,0.00620813642550881,0.00898527013487183,0.00506929947975247,0.00790409252416187,0.00867557485374467,-0.00220832320337649,0.00668435788247734,NaN,NaN,NaN,NaN,NaN,NaN,NaN,NaN,NaN
NaN,NaN,0.0108112355034488,0.00638768108910881,0.00764012231472103,0.00951317578922802,0.00604121719273583,0.00163476077432279,0.00281486159656197,NaN,NaN,NaN,NaN,NaN,NaN,NaN,NaN,NaN
NaN,NaN,0.00863834817816193,0.00841135191149078,0.00984394817593662,0.00510943562161022,0.0106565165964033,-0.001448997281841,0.00551077967975289,NaN,NaN,NaN,NaN,NaN,NaN,NaN,NaN,NaN
NaN,NaN,0.0107855496268409,0.00972032579011284,0.0059641700887975,0.0106541949547439,0.00650339533361451,0.00109835622424725,0.00691232702229172,NaN,NaN,NaN,NaN,NaN,NaN,NaN,NaN,NaN
NaN,NaN,0.0124645193379062,0.00441901417798363,0.0102947083020505,0.00716210782896572,0.00847541500600831,0.00236039144510869,0.00156586489174515,NaN,NaN,NaN,NaN,NaN,NaN,NaN,NaN,NaN
NaN,NaN,0.00856009845544273,0.0110901895386633,0.00585477693918316,0.00863655910264546,0.0114954333451654,-0.00101980658655521,0.00754061585757881,NaN,NaN,NaN,NaN,NaN,NaN,NaN,NaN,NaN
NaN,NaN,0.0138932985525268,0.00831333952373825,0.00868879153373807,0.0112441132999569,0.00723198761018769,0.00352089387888554,0.00412713235709816,NaN,NaN,NaN,NaN,NaN,NaN,NaN,NaN,NaN
NaN,NaN,0.0116069202582973,0.0102170001191553,0.011057740887433,0.0061720374263435,0.0113758515265848,0.00118075964564923,0.00652728101704269,NaN,NaN,NaN,NaN,NaN,NaN,NaN,NaN,NaN
NaN,NaN,0.0113554259102481,0.0116863663715776,0.00670332356336682,0.0121019731498867,0.00758181099566476,0.00303815213555936,0.00782161450479179,NaN,NaN,NaN,NaN,NaN,NaN,NaN,NaN,NaN
NaN,NaN,0.0136120018820899,0.00744711639708839,0.0112139050567445,0.00967656702171856,0.00853131298693673,0.00526833442563657,0.00328290706966072,NaN,NaN,NaN,NaN,NaN,NaN,NaN,NaN,NaN
NaN,NaN,0.0104894263010162,0.0133693221432623,0.00892577587607472,0.00985349968444401,0.0111036259380247,0.000994420624920167,0.00927084556315094,NaN,NaN,NaN,NaN,NaN,NaN,NaN,NaN,NaN
NaN,NaN,0.0157000270943778,0.0115537646634039,0.0112258073592481,0.0131659905649334,0.00617551390799539,0.00637943951005582,0.00662710017058998,NaN,NaN,NaN,NaN,NaN,NaN,NaN,NaN,NaN
NaN,NaN,0.0138207857768672,0.0135196934861597,0.0142238464856443,0.00786127031218106,0.0121233310249712,0.00466984791273717,0.0085237572202459,NaN,NaN,NaN,NaN,NaN,NaN,NaN,NaN,NaN
NaN,NaN,0.0139185746472018,0.0163013863784727,0.0106233347857293,0.0139101359285026,0.00941448618444459,0.00665170235151891,0.00968925154302269,NaN,NaN,NaN,NaN,NaN,NaN,NaN,NaN,NaN
NaN,NaN,0.0178889145414966,0.0124393406731542,0.0157210592830476,0.013117170635572,0.0123906392303373,0.00949679968471173,0.00664440414402634,NaN,NaN,NaN,NaN,NaN,NaN,NaN,NaN,NaN
NaN,NaN,0.0150126179020541,0.0191603604180273,0.0149912935400304,0.0135903756357341,0.0157263386693861,0.00667885971779469,0.0128598647424951,NaN,NaN,NaN,NaN,NaN,NaN,NaN,NaN,NaN
NaN,NaN,0.0198822242479461,0.017406177095836,0.0160339650416669,0.017424816939941,0.0110752578524019,0.0134797683131183,0.00991826376412064,NaN,NaN,NaN,NaN,NaN,NaN,NaN,NaN,NaN
NaN,NaN,0.0187014562349456,0.0181934240681585,0.0204773422980603,0.0133559058643489,0.0174703146961595,0.0124645149480784,0.0104844520101324,NaN,NaN,NaN,NaN,NaN,NaN,NaN,NaN,NaN
NaN,NaN,0.0186661032300132,0.0209040197951254,0.0160680887008008,0.0205654974318653,0.016679659083214,0.0134517913829768,0.0128480369457975,NaN,NaN,NaN,NaN,NaN,NaN,NaN,NaN,NaN
NaN,NaN,0.0227871311168807,0.0168666246754583,0.0218108658397493,0.0195827472246795,0.0176020223346616,0.0171575425338233,0.00979933387134224,NaN,NaN,NaN,NaN,NaN,NaN,NaN,NaN,NaN
NaN,NaN,0.0186105405252116,0.0222847055119928,0.0203826640451249,0.0191753308511882,0.0208889204708006,0.0139952181052649,0.0151709044585004,NaN,NaN,NaN,NaN,NaN,NaN,NaN,NaN,NaN
NaN,NaN,0.0227657479505676,0.0214430693013128,0.0204783294999894,0.0232419136203437,0.0158179621842767,0.0209304792952025,0.0127853403100744,NaN,NaN,NaN,NaN,NaN,NaN,NaN,NaN,NaN
NaN,NaN,0.0211994496445792,0.0212083387596067,0.0255936932468709,0.0184246848560482,0.0221376564052965,0.020386773176142,0.0132125379750505,NaN,NaN,NaN,NaN,NaN,NaN,NaN,NaN,NaN
NaN,NaN,0.0216783357124465,0.0250196087581571,0.021790879657298,0.0258479590750843,0.0224459241774942,0.0201237304281676,0.0178222121903673,NaN,NaN,NaN,NaN,NaN,NaN,NaN,NaN,NaN
NaN,NaN,0.028020493433966,0.022238102130359,0.0274978753829297,0.0245716746188312,0.0214400585440065,0.0245289793383563,0.0156098740408197,NaN,NaN,NaN,NaN,NaN,NaN,NaN,NaN,NaN
NaN,NaN,0.0236953941445487,0.0298776480776723,0.0267018367255029,0.0231549839712291,0.0257310341742899,0.0215919790935004,0.0211244212696329,NaN,NaN,NaN,NaN,NaN,NaN,NaN,NaN,NaN
NaN,NaN,0.0313609239916938,0.0300466644985136,0.0273058925473985,0.0284237551726013,0.0218345481601621,0.0289492039155448,0.0201636316487566,NaN,NaN,NaN,NaN,NaN,NaN,NaN,NaN,NaN
NaN,NaN,0.0343847421269553,0.0324046428722795,0.0336706069016752,0.0238728287852913,0.028956837549534,0.0291051631938899,0.0206513652810827,NaN,NaN,NaN,NaN,NaN,NaN,NaN,NaN,NaN
NaN,NaN,0.0387171057324546,0.040333178214496,0.0298064005279836,0.0323508816994339,0.0300547923591997,0.0294480575394118,0.0270736167440191,NaN,NaN,NaN,NaN,NaN,NaN,NaN,NaN,NaN
NaN,NaN,0.0488654856841701,0.0411101806384977,0.035893170973092,0.0318524192310482,0.0294897589531805,0.0354593349766219,0.0237709420034662,NaN,NaN,NaN,NaN,NaN,NaN,NaN,NaN,NaN
NaN,NaN,0.0500045118193763,0.0516264143807348,0.0376447279656228,0.0312432225085407,0.035030010685053,0.0334369493793929,0.0289904276141897,NaN,NaN,NaN,NaN,NaN,NaN,NaN,NaN,NaN
NaN,NaN,0.0596541685323852,0.0561723302525934,0.0390779402756986,0.0384079057015091,0.0333127263632681,0.0396682238351787,0.0288827667245641,NaN,NaN,NaN,NaN,NaN,NaN,NaN,NaN,NaN
NaN,NaN,0.0664885302345889,0.0598516877216753,0.0470846508348283,0.0372127208150535,0.0408624741879369,0.0415550088655436,0.0293797763297334,NaN,NaN,NaN,NaN,NaN,NaN,NaN,NaN,NaN
NaN,NaN,0.0712802593867915,0.0681712109071668,0.0450396527254876,0.0441096487678199,0.0427609752562906,0.0413545509945834,0.037286406964995,NaN,NaN,NaN,NaN,NaN,NaN,NaN,NaN,NaN
NaN,NaN,0.0804343593578475,0.0697645734471735,0.0515644055509862,0.0452183137870937,0.0415787543800737,0.0478470614325488,0.0340891393134371,NaN,NaN,NaN,NaN,NaN,NaN,NaN,NaN,NaN
NaN,NaN,0.080021522686972,0.0784069116634782,0.0537333440685567,0.0438678960539013,0.0470307912376787,0.0452923318516696,0.0396414982387796,NaN,NaN,NaN,NaN,NaN,NaN,NaN,NaN,NaN
NaN,NaN,0.0860589330356258,0.0814952890796121,0.0539897930527028,0.0508299607075363,0.0452719699290659,0.0499238362681353,0.0417977521428838,NaN,NaN,NaN,NaN,NaN,NaN,NaN,NaN,NaN
NaN,NaN,0.0889031921785014,0.0796186740917619,0.0592908066416082,0.0475076164342075,0.0499879080501463,0.05093715248222,0.0423209691653028,NaN,NaN,NaN,NaN,NaN,NaN,NaN,NaN,NaN
NaN,NaN,0.0861949992637771,0.0848679806513246,0.0541740645373163,0.0511985036767631,0.0494354847517873,0.0489697149168933,0.048787216306664,NaN,NaN,NaN,NaN,NaN,NaN,NaN,NaN,NaN
NaN,NaN,0.0884740201096671,0.0803565050882753,0.0562448230290708,0.0488345089591651,0.0445012073663141,0.0543734161328757,0.0441342914709821,NaN,NaN,NaN,NaN,NaN,NaN,NaN,NaN,NaN
NaN,NaN,0.0803710294227737,0.0796815011126455,0.0548106793964204,0.0439104947484642,0.0484272163060571,0.0486877104412997,0.0481997939059511,NaN,NaN,NaN,NaN,NaN,NaN,NaN,NaN,NaN
NaN,NaN,0.0772892457704681,0.0749297443253454,0.0485541474724111,0.0469390253759532,0.0430129538920786,0.0503041884076083,0.0489267470547929,NaN,NaN,NaN,NaN,NaN,NaN,NaN,NaN,NaN
NaN,NaN,0.07007289280106,0.0637800622207578,0.0483487163389024,0.0393947351015716,0.0434634718743231,0.0498304618668044,0.0472833352396265,NaN,NaN,NaN,NaN,NaN,NaN,NaN,NaN,NaN
NaN,NaN,0.0586052012901443,0.0631295892817434,0.0400644343996343,0.0390678408778816,0.0400444935706522,0.0439358418952907,0.0521146083483472,NaN,NaN,NaN,NaN,NaN,NaN,NaN,NaN,NaN
NaN,NaN,0.0527368259887832,0.0545038472337183,0.0391330745721158,0.0351196664608627,0.0327953207937147,0.0469213081669295,0.0458016755292192,NaN,NaN,NaN,NaN,NaN,NaN,NaN,NaN,NaN
NaN,NaN,0.0383141224544185,0.0510188009066042,0.0374690246486959,0.0296479041911274,0.0368060800877477,0.0385418823134387,0.0486592712113634,NaN,NaN,NaN,NaN,NaN,NaN,NaN,NaN,NaN
NaN,NaN,0.0303623226742881,0.043985676340526,0.0312498760128316,0.0327057528532653,0.0308366376605894,0.0398146463703597,0.0488226996967569,NaN,NaN,NaN,NaN,NaN,NaN,NaN,NaN,NaN
NaN,NaN,0.020078696058287,0.0339304845256265,0.0336834591532048,0.0270960989631324,0.0305119972375299,0.0379539756249869,0.0471617417642847,NaN,NaN,NaN,NaN,NaN,NaN,NaN,NaN,NaN
NaN,NaN,0.00795002628971511,0.0312219377083238,0.0286550064289865,0.0278794716335445,0.0293406169560816,0.0318881040584529,0.0510536270448938,NaN,NaN,NaN,NaN,NaN,NaN,NaN,NaN,NaN
NaN,NaN,0.00413465847183639,0.0218593146128114,0.030376928737193,0.0293406795002132,0.0258883718100454,0.0338834626745665,0.0454381803283468,NaN,NaN,NaN,NaN,NaN,NaN,NaN,NaN,NaN
NaN,NaN,-0.00641251380632943,0.0193896706623491,0.0321058732176122,0.0269041533805042,0.0332204695490267,0.0283106705319369,0.0485410304972902,NaN,NaN,NaN,NaN,NaN,NaN,NaN,NaN,NaN
NaN,NaN,-0.0102842266399724,0.0159954096598085,0.0282447029555139,0.0339561651683956,0.0315684709397222,0.0311740962933982,0.0499417023966089,NaN,NaN,NaN,NaN,NaN,NaN,NaN,NaN,NaN
NaN,NaN,-0.0131254310448033,0.010823104850715,0.0338829484486875,0.031757182184568,0.033455740257826,0.0321757709753001,0.0469624573597684,NaN,NaN,NaN,NaN,NaN,NaN,NaN,NaN,NaN
NaN,NaN,-0.0184574017960889,0.0113406221789774,0.0305578102076349,0.0357843327559143,0.0371207926121618,0.0287025524448836,0.0506265783915296,NaN,NaN,NaN,NaN,NaN,NaN,NaN,NaN,NaN
NaN,NaN,-0.0157699960012299,0.00456452401704155,0.0340039086246785,0.038480697873941,0.0382483821061518,0.0341976536583388,0.0463682363042608,NaN,NaN,NaN,NaN,NaN,NaN,NaN,NaN,NaN
NaN,NaN,-0.0181468615968091,0.00434257122105919,0.0350652065778074,0.0364784288443237,0.0472907419947054,0.0341094946634257,0.0480951877543703,NaN,NaN,NaN,NaN,NaN,NaN,NaN,NaN,NaN
NaN,NaN,-0.0166792648572785,0.00613674553460442,0.0302877825403508,0.042122113261333,0.0456631626633074,0.0388638777803862,0.0483708778629079,NaN,NaN,NaN,NaN,NaN,NaN,NaN,NaN,NaN
NaN,NaN,-0.0122693220813138,0.00277979331440292,0.0330922369563875,0.0391195106543212,0.0479436177459623,0.0438825143646682,0.0432824107119813,NaN,NaN,NaN,NaN,NaN,NaN,NaN,NaN,NaN
NaN,NaN,-0.014604874207483,0.00503070684499107,0.0291241881156263,0.0390908631719261,0.0514182705131437,0.0411349265050376,0.0463506343076006,NaN,NaN,NaN,NaN,NaN,NaN,NaN,NaN,NaN
NaN,NaN,-0.00935584704469269,-0.000140200980240479,0.0278204110169706,0.0395674581862598,0.0499323825982477,0.0497598862421,0.041019799769856,NaN,NaN,NaN,NaN,NaN,NaN,NaN,NaN,NaN
NaN,NaN,-0.0116812105018956,9.49207169469446e-05,0.027762389620572,0.03270294025909,0.0544057111886408,0.0497104888927424,0.0405792655656114,NaN,NaN,NaN,NaN,NaN,NaN,NaN,NaN,NaN
NaN,NaN,-0.0110168049771649,0.000218432716792449,0.0187528867924508,0.0342174011505752,0.0480591017452146,0.0535133024823153,0.0396761806914583,NaN,NaN,NaN,NaN,NaN,NaN,NaN,NaN,NaN
NaN,NaN,-0.00888130094002312,-0.00494385106139816,0.01978298543933,0.0267020005024581,0.0461436319795515,0.0568513861071551,0.0316595422336832,NaN,NaN,NaN,NaN,NaN,NaN,NaN,NaN,NaN
NaN,NaN,-0.0138467962581975,-0.00448202682309784,0.0154557999873456,0.0228870052136093,0.0454575638917352,0.0514801321696723,0.0339260833570734,NaN,NaN,NaN,NaN,NaN,NaN,NaN,NaN,NaN
NaN,NaN,-0.0117150920171601,-0.00887529892497696,0.0144758623743352,0.0209586459435134,0.0365614216473963,0.0575292771827662,0.0277260082075372,NaN,NaN,NaN,NaN,NaN,NaN,NaN,NaN,NaN
NaN,NaN,-0.017507527275787,-0.0112132724898402,0.0164775912368593,0.012355367395988,0.0362321618643667,0.0530021181475604,0.0254393505165353,NaN,NaN,NaN,NaN,NaN,NaN,NaN,NaN,NaN
NaN,NaN,-0.0194045568544728,-0.0114339773135725,0.0101818320060071,0.0142904880679756,0.0268225442317392,0.0520584462356055,0.0250638226279989,NaN,NaN,NaN,NaN,NaN,NaN,NaN,NaN,NaN
NaN,NaN,-0.0211308377523286,-0.0180377807992045,0.0171302248442468,0.00963201254974895,0.0237346697297956,0.0498232161771739,0.0176238963613287,NaN,NaN,NaN,NaN,NaN,NaN,NaN,NaN,NaN
NaN,NaN,-0.0282269756038052,-0.0162606124358717,0.0162088115418252,0.00747819871079021,0.0227583642748262,0.0426918184530223,0.0202832693466917,NaN,NaN,NaN,NaN,NaN,NaN,NaN,NaN,NaN
NaN,NaN,-0.0271878803808553,-0.0209437680023257,0.0176679332459268,0.0105583432353645,0.0134508195963766,0.0444834036898101,0.0161919320235029,NaN,NaN,NaN,NaN,NaN,NaN,NaN,NaN,NaN
NaN,NaN,-0.0321087653477055,-0.0220188495295588,0.0224844169521627,0.00732862830530696,0.0148279290345575,0.0390335647534812,0.0145486692199484,NaN,NaN,NaN,NaN,NaN,NaN,NaN,NaN,NaN
NaN,NaN,-0.0344728718240124,-0.0221171785669867,0.020357052674323,0.0139175865090995,0.0108893472400572,0.0334752081107581,0.0170460665831342,NaN,NaN,NaN,NaN,NaN,NaN,NaN,NaN,NaN
NaN,NaN,-0.0351830425400597,-0.0277580131369177,0.0283520844483671,0.0148615191913753,0.0103883515742685,0.0309274634491885,0.0102146664867178,NaN,NaN,NaN,NaN,NaN,NaN,NaN,NaN,NaN
NaN,NaN,-0.0407377297718388,-0.0258652490156237,0.0272617851102647,0.0168264794386535,0.014842550798979,0.0225464543473208,0.0134626725921407,NaN,NaN,NaN,NaN,NaN,NaN,NaN,NaN,NaN
NaN,NaN,-0.0386245402235848,-0.0290374640899245,0.0290288951897916,0.0239101003147274,0.0111553329673673,0.0235771862935508,0.0107095526764169,NaN,NaN,NaN,NaN,NaN,NaN,NaN,NaN,NaN
NaN,NaN,-0.0418273213047845,-0.0299683210032526,0.0349724841022786,0.023123728785625,0.0166174839881326,0.0187684884440387,0.00905036425683648,NaN,NaN,NaN,NaN,NaN,NaN,NaN,NaN,NaN
NaN,NaN,-0.044898320241676,-0.0299945284205023,0.0319019694531259,0.0304624575413375,0.0165808271315958,0.0122474422823871,0.0120577724883333,NaN,NaN,NaN,NaN,NaN,NaN,NaN,NaN,NaN
NaN,NaN,-0.0451123009164197,-0.0357843932288233,0.0358415757024583,0.0306196461654811,0.0165454741266634,0.0115906922292197,0.00416807329747826,NaN,NaN,NaN,NaN,NaN,NaN,NaN,NaN,NaN
NaN,NaN,-0.0508687871236665,-0.0363732312398497,0.0337636646533307,0.0296165931261688,0.0206772867289449,0.00293179509753827,0.00753424561116844,NaN,NaN,NaN,NaN,NaN,NaN,NaN,NaN,NaN
NaN,NaN,-0.0513099918801648,-0.0407495905237738,0.0309716340804395,0.032995971593967,0.0160950120237734,0.00459821058029775,0.00383665284607559,NaN,NaN,NaN,NaN,NaN,NaN,NaN,NaN,NaN
NaN,NaN,-0.055918697520004,-0.0445350070076529,0.0313453552031812,0.02673634767901,0.0175395864692594,3.35564982378855e-05,0.000119334668852389,NaN,NaN,NaN,NaN,NaN,NaN,NaN,NaN,NaN
NaN,NaN,-0.0648181552727086,-0.0472012345271651,0.0237199467325506,0.0258656355775505,0.0138364989009763,-0.00679801123624202,0.000543123693205416,NaN,NaN,NaN,NaN,NaN,NaN,NaN,NaN,NaN
NaN,NaN,-0.0669868888993127,-0.05723589999252,0.0177386578822431,0.019778976891151,0.00719715614589707,-0.00664724873786326,-0.00968542450573296,NaN,NaN,NaN,NaN,NaN,NaN,NaN,NaN,NaN
NaN,NaN,-0.0779917875964505,-0.0617606189625803,0.00896476103904813,0.0109243902600914,0.00643209327730195,-0.0158117981482064,-0.00916051247622818,NaN,NaN,NaN,NaN,NaN,NaN,NaN,NaN,NaN
NaN,NaN,-0.0828789400596482,-0.0706533339398447,-0.00198429555651576,0.00686475515734249,-0.00472300912466987,-0.0167071344185388,-0.0152478603413329,NaN,NaN,NaN,NaN,NaN,NaN,NaN,NaN,NaN
NaN,NaN,-0.0921009893257481,-0.0797376964765135,-0.00810599059817226,-0.0069212217592091,-0.00833577702966674,-0.0239549660909688,-0.0227174399187788,NaN,NaN,NaN,NaN,NaN,NaN,NaN,NaN,NaN
NaN,NaN,-0.103418551637636,-0.0864380036073271,-0.024701208928794,-0.0152912412546963,-0.017639484659109,-0.0327757457125699,-0.0255825234344229,NaN,NaN,NaN,NaN,NaN,NaN,NaN,NaN,NaN
NaN,NaN,-0.109340850516067,-0.102263670094544,-0.0355170677697364,-0.025519007142672,-0.0302311893853281,-0.0355844097066438,-0.0378101369133219,NaN,NaN,NaN,NaN,NaN,NaN,NaN,NaN,NaN
NaN,NaN,-0.122882243498073,-0.110876541264588,-0.0492150160765353,-0.0399836201928944,-0.0346901197287176,-0.0466993162262952,-0.0404800338437781,NaN,NaN,NaN,NaN,NaN,NaN,NaN,NaN,NaN
NaN,NaN,-0.130421895786033,-0.122843756951625,-0.0650186474716368,-0.0464363072775692,-0.0496108386966322,-0.0509893977869069,-0.0477290203562006,NaN,NaN,NaN,NaN,NaN,NaN,NaN,NaN,NaN
NaN,NaN,-0.142605681224571,-0.135341006942326,-0.0734066414928141,-0.0623510268293709,-0.0564689677509402,-0.0598808647919213,-0.0574696300318465,NaN,NaN,NaN,NaN,NaN,NaN,NaN,NaN,NaN
NaN,NaN,-0.154278897001253,-0.143460370280081,-0.0920224014019671,-0.0717722487412781,-0.0665209744426344,-0.0697407396364724,-0.0589905543019995,NaN,NaN,NaN,NaN,NaN,NaN,NaN,NaN,NaN
NaN,NaN,-0.159155320628391,-0.159365664847428,-0.101587177375526,-0.0802782785855622,-0.0799687322529886,-0.0727920504141366,-0.0707345133414492,NaN,NaN,NaN,NaN,NaN,NaN,NaN,NaN,NaN
NaN,NaN,-0.172424264504419,-0.167527142592007,-0.112942774901361,-0.0942373138629288,-0.0832087476107214,-0.0840225526917493,-0.072765932767652,NaN,NaN,NaN,NaN,NaN,NaN,NaN,NaN,NaN
NaN,NaN,-0.179055989040838,-0.177243686892325,-0.126787853548497,-0.0988058422468991,-0.0956618715378378,-0.0880827465880429,-0.0781882418086752,NaN,NaN,NaN,NaN,NaN,NaN,NaN,NaN,NaN
NaN,NaN,-0.187407735987411,-0.189249142684275,-0.133360420474977,-0.113505055453667,-0.100864816859636,-0.0949063049483811,-0.0853731905808672,NaN,NaN,NaN,NaN,NaN,NaN,NaN,NaN,NaN
NaN,NaN,-0.195227250709043,-0.195352863200242,-0.148764123330087,-0.12087423845757,-0.107206210896644,-0.103512880377821,-0.0848917154362425,NaN,NaN,NaN,NaN,NaN,NaN,NaN,NaN,NaN
NaN,NaN,-0.196174126370655,-0.207186136074597,-0.157059618393153,-0.127550591971764,-0.117975019321117,-0.104449008576921,-0.0931448539486155,NaN,NaN,NaN,NaN,NaN,NaN,NaN,NaN,NaN
NaN,NaN,-0.203991219653593,-0.212884321488673,-0.166229886124105,-0.140209985222706,-0.117323484674368,-0.114040159605793,-0.0939184477319941,NaN,NaN,NaN,NaN,NaN,NaN,NaN,NaN,NaN
NaN,NaN,-0.207289107396112,-0.218674800969893,-0.179552790830106,-0.143840001221785,-0.12645344476429,-0.116291631929926,-0.0955998388817534,NaN,NaN,NaN,NaN,NaN,NaN,NaN,NaN,NaN
NaN,NaN,-0.20930810297917,-0.22850679201656,-0.186474287072391,-0.157169760461935,-0.130030729279194,-0.119179029934458,-0.102213234989904,NaN,NaN,NaN,NaN,NaN,NaN,NaN,NaN,NaN
NaN,NaN,-0.213024378075109,-0.23128470373922,-0.20165605575797,-0.163633735176215,-0.134072259471092,-0.125617151134065,-0.100537301390432,NaN,NaN,NaN,NaN,NaN,NaN,NaN,NaN,NaN
NaN,NaN,-0.210947528733717,-0.240345429308945,-0.211677254298896,-0.169484452601561,-0.142526600912485,-0.123859074883512,-0.107154497294687,NaN,NaN,NaN,NaN,NaN,NaN,NaN,NaN,NaN
NaN,NaN,-0.216444548471676,-0.244444608368212,-0.222283919463128,-0.181798455562481,-0.142052837118778,-0.130448796771816,-0.107935374020599,NaN,NaN,NaN,NaN,NaN,NaN,NaN,NaN,NaN
NaN,NaN,-0.217025507493721,-0.24800596726709,-0.238203873047799,-0.185246509756932,-0.150552906498585,-0.131516688488773,-0.107923173694871,NaN,NaN,NaN,NaN,NaN,NaN,NaN,NaN,NaN
NaN,NaN,-0.215905256821619,-0.255868285574252,-0.247075018594236,-0.197595660831818,-0.155716102972898,-0.131332361124805,-0.114289191900752,NaN,NaN,NaN,NaN,NaN,NaN,NaN,NaN,NaN
NaN,NaN,-0.218966327859865,-0.257164369948441,-0.262591802636356,-0.205314983870873,-0.159213740781221,-0.137768619679264,-0.110484962700866,NaN,NaN,NaN,NaN,NaN,NaN,NaN,NaN,NaN
NaN,NaN,-0.21673754255365,-0.264605916716391,-0.27441445843336,-0.210566618736872,-0.168415338203583,-0.135036864303402,-0.116809648810886,NaN,NaN,NaN,NaN,NaN,NaN,NaN,NaN,NaN
NaN,NaN,-0.220952242865072,-0.267424322344596,-0.283851382443875,-0.223735166039357,-0.169519327983532,-0.140317165278248,-0.116838259040378,NaN,NaN,NaN,NaN,NaN,NaN,NaN,NaN,NaN
NaN,NaN,-0.220398925497041,-0.268552321620518,-0.299622287163705,-0.228123334493527,-0.178198714211855,-0.141197581760935,-0.113687278120779,NaN,NaN,NaN,NaN,NaN,NaN,NaN,NaN,NaN
NaN,NaN,-0.218361806376682,-0.273612439312274,-0.304155164519519,-0.239672572609076,-0.184650823876533,-0.140515425227932,-0.120424670516513,NaN,NaN,NaN,NaN,NaN,NaN,NaN,NaN,NaN
NaN,NaN,-0.220230970783935,-0.27188306642347,-0.315754824439258,-0.248584323819766,-0.18613509129015,-0.147279099546722,-0.116639421670698,NaN,NaN,NaN,NaN,NaN,NaN,NaN,NaN,NaN
NaN,NaN,-0.217137843622671,-0.276252831943566,-0.322859977493257,-0.25220018371571,-0.195304930612717,-0.144185041062883,-0.119883981882595,NaN,NaN,NaN,NaN,NaN,NaN,NaN,NaN,NaN
NaN,NaN,-0.218094386412607,-0.276081803865964,-0.326638129661054,-0.264743794944176,-0.195389755472813,-0.147987538002781,-0.119975214242004,NaN,NaN,NaN,NaN,NaN,NaN,NaN,NaN,NaN
NaN,NaN,-0.216364957644449,-0.271894968725974,-0.334244669536323,-0.266993441876063,-0.202551514312897,-0.149114289306453,-0.116141722886823,NaN,NaN,NaN,NaN,NaN,NaN,NaN,NaN,NaN
NaN,NaN,-0.210301209493385,-0.272740199841792,-0.331156590143413,-0.275422507222781,-0.207666878059778,-0.149438035659841,-0.122124688117765,NaN,NaN,NaN,NaN,NaN,NaN,NaN,NaN,NaN
NaN,NaN,-0.211100805803047,-0.265346634812886,-0.33386094600913,-0.280853812839875,-0.206561305031452,-0.155199066721252,-0.117806126712821,NaN,NaN,NaN,NaN,NaN,NaN,NaN,NaN,NaN
NaN,NaN,-0.203291740520702,-0.263832341559464,-0.332066734442681,-0.280131553556809,-0.214213237569008,-0.152935822479776,-0.12110176065471,NaN,NaN,NaN,NaN,NaN,NaN,NaN,NaN,NaN
NaN,NaN,-0.19874865586947,-0.257396995701129,-0.325763561884135,-0.288839307870755,-0.211899534270439,-0.155529518597177,-0.121073187678121,NaN,NaN,NaN,NaN,NaN,NaN,NaN,NaN,NaN
NaN,NaN,-0.192238953216777,-0.246521737106377,-0.322256238321036,-0.28497331335772,-0.216994017765198,-0.159272857927135,-0.116179515956901,NaN,NaN,NaN,NaN,NaN,NaN,NaN,NaN,NaN
NaN,NaN,-0.182095714165674,-0.241205338068539,-0.311506745526761,-0.2881471489333,-0.219182346418772,-0.15757192762976,-0.12220412993338,NaN,NaN,NaN,NaN,NaN,NaN,NaN,NaN,NaN
NaN,NaN,-0.177978392942653,-0.228935740567977,-0.305060987482041,-0.287325070496687,-0.216693628981981,-0.164088428937248,-0.118673113523982,NaN,NaN,NaN,NaN,NaN,NaN,NaN,NaN,NaN
NaN,NaN,-0.165148157878624,-0.220440383680398,-0.295266975769967,-0.280748703774104,-0.221936881944809,-0.160669618271641,-0.120304753421806,NaN,NaN,NaN,NaN,NaN,NaN,NaN,NaN,NaN
NaN,NaN,-0.155075252308355,-0.20815525171929,-0.280354769090385,-0.282268529083619,-0.217967324361477,-0.162418083273224,-0.121090454398654,NaN,NaN,NaN,NaN,NaN,NaN,NaN,NaN,NaN
NaN,NaN,-0.143557623280988,-0.192207041807706,-0.269574784795016,-0.273561706092247,-0.219395954564485,-0.165199589901022,-0.116449394612573,NaN,NaN,NaN,NaN,NaN,NaN,NaN,NaN,NaN
NaN,NaN,-0.129152037455545,-0.1810970712977,-0.254002289036483,-0.26823457821835,-0.219077032462034,-0.161196486078552,-0.122456108569168,NaN,NaN,NaN,NaN,NaN,NaN,NaN,NaN,NaN
NaN,NaN,-0.120801184578643,-0.165815353073413,-0.241854676166743,-0.260810540314803,-0.213803958550367,-0.165582139961771,-0.119368234067224,NaN,NaN,NaN,NaN,NaN,NaN,NaN,NaN,NaN
NaN,NaN,-0.105096813543544,-0.152415558375651,-0.228551869401902,-0.245934692468533,-0.216186263069782,-0.160992973469547,-0.120826852857135,NaN,NaN,NaN,NaN,NaN,NaN,NaN,NaN,NaN
NaN,NaN,-0.0933413433570725,-0.137597396649653,-0.208533463189572,-0.239331838931927,-0.208980918333206,-0.161615618490032,-0.12233170249965,NaN,NaN,NaN,NaN,NaN,NaN,NaN,NaN,NaN
NaN,NaN,-0.0822046066362721,-0.118729341455037,-0.197754857251615,-0.223890547897706,-0.206754517212782,-0.161442634635023,-0.117846266715787,NaN,NaN,NaN,NaN,NaN,NaN,NaN,NaN,NaN
NaN,NaN,-0.069328196598993,-0.108035485871369,-0.1811066839194,-0.211271518167147,-0.204046585068378,-0.156311810933403,-0.123954569338821,NaN,NaN,NaN,NaN,NaN,NaN,NaN,NaN,NaN
NaN,NaN,-0.0627902003664834,-0.092033277876908,-0.167751760343284,-0.197114278819451,-0.194905877515945,-0.159906269036583,-0.120379203348421,NaN,NaN,NaN,NaN,NaN,NaN,NaN,NaN,NaN
NaN,NaN,-0.0506127106685502,-0.0776120830851141,-0.15488540858981,-0.177043364640364,-0.193411589071426,-0.155646082930616,-0.120525495498441,NaN,NaN,NaN,NaN,NaN,NaN,NaN,NaN,NaN
NaN,NaN,-0.0422986077804429,-0.062456652201945,-0.134846680918902,-0.165076894011387,-0.182946857467565,-0.155125864766887,-0.12201229610946,NaN,NaN,NaN,NaN,NaN,NaN,NaN,NaN,NaN
NaN,NaN,-0.0363538267750603,-0.0439678874390665,-0.125137754837245,-0.145847411152014,-0.176120244369182,-0.154331409357837,-0.118281361996196,NaN,NaN,NaN,NaN,NaN,NaN,NaN,NaN,NaN
NaN,NaN,-0.0253725277919633,-0.0345110703783575,-0.109274518797368,-0.128204473551402,-0.170673739567671,-0.149332814835361,-0.12341123574879,NaN,NaN,NaN,NaN,NaN,NaN,NaN,NaN,NaN
NaN,NaN,-0.0230294133264882,-0.0192459669488017,-0.0954942974543277,-0.112334047701249,-0.158252131596479,-0.151053824447445,-0.120889009325765,NaN,NaN,NaN,NaN,NaN,NaN,NaN,NaN,NaN
NaN,NaN,-0.0123879353244168,-0.00559639153652824,-0.0832378688549701,-0.0902166452967018,-0.15195965062109,-0.146372997187427,-0.120956064551137,NaN,NaN,NaN,NaN,NaN,NaN,NaN,NaN,NaN
NaN,NaN,-0.00702504466365403,0.00716827841824852,-0.0648066225742999,-0.0771362942420334,-0.140081469372186,-0.143232912741951,-0.124052861123346,NaN,NaN,NaN,NaN,NaN,NaN,NaN,NaN,NaN
NaN,NaN,-0.00134289662431306,0.0227598290366586,-0.0557053472196761,-0.0570785489641518,-0.129058707908068,-0.142127376966528,-0.1182558251312,NaN,NaN,NaN,NaN,NaN,NaN,NaN,NaN,NaN
NaN,NaN,0.00807752435017997,0.0294657241029199,-0.0404194007909003,-0.040359949018845,-0.121256571665678,-0.135271538965753,-0.121311904280446,NaN,NaN,NaN,NaN,NaN,NaN,NaN,NaN,NaN
NaN,NaN,0.0128442754309314,0.0417212586326059,-0.0258940468823615,-0.0261710260771603,-0.106203549012813,-0.136076723210863,-0.116927740513347,NaN,NaN,NaN,NaN,NaN,NaN,NaN,NaN,NaN
NaN,NaN,0.0232726482014793,0.0532664361817297,-0.0152364756262008,-0.00661623224247401,-0.0974685069474314,-0.129816447370104,-0.114943278371356,NaN,NaN,NaN,NaN,NaN,NaN,NaN,NaN,NaN
NaN,NaN,0.032979581252827,0.0616633522731718,0.00141324370148743,0.0045398387349754,-0.0836200755390261,-0.124381081186584,-0.118336272775196,NaN,NaN,NaN,NaN,NaN,NaN,NaN,NaN,NaN
NaN,NaN,0.0404206996123927,0.0732046927732881,0.00896572961452569,0.0195461835004001,-0.0718999211045836,-0.122773115508608,-0.110347387730144,NaN,NaN,NaN,NaN,NaN,NaN,NaN,NaN,NaN
NaN,NaN,0.0538863760690826,0.0773609991592821,0.022060981830388,0.0343767690695434,-0.0621249083730315,-0.114153520189575,-0.112771359621547,NaN,NaN,NaN,NaN,NaN,NaN,NaN,NaN,NaN
NaN,NaN,0.0644022559087413,0.0868219885451254,0.0343242649638947,0.0436118009723335,-0.0474815186413859,-0.11284376399999,-0.107897338806652,NaN,NaN,NaN,NaN,NaN,NaN,NaN,NaN,NaN
NaN,NaN,0.0784934272329944,0.0957824106735643,0.041859838058978,0.0584258276261002,-0.0379393738063906,-0.104930930756382,-0.103245922713541,NaN,NaN,NaN,NaN,NaN,NaN,NaN,NaN,NaN
NaN,NaN,0.0938871276836532,0.10047445105738,0.0553823065662679,0.0633908759094387,-0.0265952874275778,-0.0961931878555333,-0.104413056164049,NaN,NaN,NaN,NaN,NaN,NaN,NaN,NaN,NaN
NaN,NaN,0.104557085530056,0.109217148594325,0.0601077069247064,0.0725198301709801,-0.014863770857725,-0.0923923859227216,-0.0956470010569319,NaN,NaN,NaN,NaN,NaN,NaN,NaN,NaN,NaN
NaN,NaN,0.123532894746556,0.113016832940048,0.068986582448512,0.0819046373702198,-0.00752567540136323,-0.0812317514646566,-0.0961144877364859,NaN,NaN,NaN,NaN,NaN,NaN,NaN,NaN,NaN
NaN,NaN,0.136689148591055,0.119915940187639,0.0770851027870473,0.0849182854629665,0.00510987599166884,-0.0769464010227239,-0.088637457578443,NaN,NaN,NaN,NaN,NaN,NaN,NaN,NaN,NaN
NaN,NaN,0.155099924401535,0.127920713595813,0.0785940875017938,0.0918802011049896,0.0110892835703756,-0.0676089050102746,-0.0823809070279822,NaN,NaN,NaN,NaN,NaN,NaN,NaN,NaN,NaN
NaN,NaN,0.172196622685685,0.130912233464187,0.086854918738633,0.0900745715237766,0.0189057994333173,-0.05713139566069,-0.0827491892268881,NaN,NaN,NaN,NaN,NaN,NaN,NaN,NaN,NaN
NaN,NaN,0.185848954812779,0.139522515557474,0.0872039784395989,0.0933742474056393,0.0295599434224035,-0.0536278718936956,-0.0724157368531451,NaN,NaN,NaN,NaN,NaN,NaN,NaN,NaN,NaN
NaN,NaN,0.205031685278906,0.143087730131811,0.0908421341979798,0.0980641084946304,0.0326054241207506,-0.042276036911062,-0.0707263922085986,NaN,NaN,NaN,NaN,NaN,NaN,NaN,NaN,NaN
NaN,NaN,0.21893389125277,0.150757283292478,0.094462743839055,0.0940944205261379,0.0427909638431932,-0.0372940571833169,-0.0638050822308287,NaN,NaN,NaN,NaN,NaN,NaN,NaN,NaN,NaN
NaN,NaN,0.235877964393391,0.159647874854272,0.0916589227223691,0.0967242705858856,0.0461379136589433,-0.0283232414949453,-0.0563238424947485,NaN,NaN,NaN,NaN,NaN,NaN,NaN,NaN,NaN
NaN,NaN,0.250875331209196,0.163818598113721,0.097077394714385,0.0914350847936779,0.0521463039961721,-0.0201593795645749,-0.0555753012886271,NaN,NaN,NaN,NaN,NaN,NaN,NaN,NaN,NaN
NaN,NaN,0.261136829600825,0.174358617834514,0.0956733700537976,0.090248095545879,0.0611512247172262,-0.0181010262895143,-0.044347052811645,NaN,NaN,NaN,NaN,NaN,NaN,NaN,NaN,NaN
NaN,NaN,0.276213321582569,0.180314220808214,0.0963601831996736,0.0908707964457184,0.0617770176080133,-0.0089694084454095,-0.0416156699648127,NaN,NaN,NaN,NaN,NaN,NaN,NaN,NaN,NaN
NaN,NaN,0.284605897710814,0.190145541302627,0.0996149507069883,0.084123848680368,0.0692015956786539,-0.00450466664915439,-0.0345154901733622,NaN,NaN,NaN,NaN,NaN,NaN,NaN,NaN,NaN
NaN,NaN,0.29402011607696,0.202046577207511,0.096596478363305,0.0832748550213485,0.0711138989475633,0.000824286616989411,-0.0257774865021929,NaN,NaN,NaN,NaN,NaN,NaN,NaN,NaN,NaN
NaN,NaN,0.302449926481737,0.209965166024631,0.103980618407756,0.0781711328066498,0.0746110152152444,0.00797114429587964,-0.0234453430166468,NaN,NaN,NaN,NaN,NaN,NaN,NaN,NaN,NaN
NaN,NaN,0.30504151781012,0.225048940948909,0.104830394377738,0.0736463020778804,0.0809162739363576,0.00781181362981442,-0.0127374803414568,NaN,NaN,NaN,NaN,NaN,NaN,NaN,NaN,NaN
NaN,NaN,0.313618849710717,0.235674996249145,0.108553635766536,0.0746127541400104,0.0788430008736516,0.0173938935768092,-0.00871759408619255,NaN,NaN,NaN,NaN,NaN,NaN,NaN,NaN,NaN
NaN,NaN,0.314079388723864,0.248649251036113,0.117049570074111,0.0662047925628334,0.0848021056202318,0.0215112706791842,-0.00274010503198951,NaN,NaN,NaN,NaN,NaN,NaN,NaN,NaN,NaN
NaN,NaN,0.3152312671106,0.263286251894897,0.120551957627564,0.0671247530020385,0.0868885103312398,0.025531287319609,0.00685862696263939,NaN,NaN,NaN,NaN,NaN,NaN,NaN,NaN,NaN
NaN,NaN,0.316582094625725,0.27333050998277,0.132752097090512,0.0610721248425155,0.0894649211016561,0.0341678513359511,0.00840946531388909,NaN,NaN,NaN,NaN,NaN,NaN,NaN,NaN,NaN
NaN,NaN,0.312834787861599,0.288426596991485,0.141061301221877,0.0555534984208255,0.0944259460714723,0.0345276771258796,0.0183607587823644,NaN,NaN,NaN,NaN,NaN,NaN,NaN,NaN,NaN
NaN,NaN,0.316112074748768,0.297232996992534,0.151255930652648,0.056512779299131,0.0927102636245157,0.0461263684701407,0.0218782710144296,NaN,NaN,NaN,NaN,NaN,NaN,NaN,NaN,NaN
NaN,NaN,0.312625296161665,0.307105649582809,0.168611313095122,0.0523888829387336,0.0990810502019788,0.050757891513058,0.0266519883880392,NaN,NaN,NaN,NaN,NaN,NaN,NaN,NaN,NaN
NaN,NaN,0.309257484720244,0.317549221537774,0.181393789937526,0.0522440809048324,0.101195785745707,0.0554740158986533,0.0364367613801733,NaN,NaN,NaN,NaN,NaN,NaN,NaN,NaN,NaN
NaN,NaN,0.30898196224977,0.321939848683542,0.201063807001143,0.0519976156986862,0.101282659515467,0.0650458326708758,0.0368688578018919,NaN,NaN,NaN,NaN,NaN,NaN,NaN,NaN,NaN
NaN,NaN,0.30395024989654,0.329413004539674,0.217434744229346,0.0507402184642463,0.106004260077801,0.0678588180016959,0.0463610092410818,NaN,NaN,NaN,NaN,NaN,NaN,NaN,NaN,NaN
NaN,NaN,0.305993962780728,0.33152310209698,0.235083027621537,0.0572499769962936,0.101980629905787,0.0785464896034682,0.0506779501447454,NaN,NaN,NaN,NaN,NaN,NaN,NaN,NaN,NaN
NaN,NaN,0.303708199159397,0.331610180757707,0.260761174252063,0.058286818418613,0.107705935433235,0.0847149556648219,0.0543881902704016,NaN,NaN,NaN,NaN,NaN,NaN,NaN,NaN,NaN
NaN,NaN,0.301745362327589,0.334248822502559,0.277854463895589,0.0653684648908287,0.108197543367472,0.0891985660564387,0.064436080516316,NaN,NaN,NaN,NaN,NaN,NaN,NaN,NaN,NaN
NaN,NaN,0.304527800277962,0.330125186912483,0.300875100185901,0.070768794719091,0.106557782336798,0.0996796516847098,0.0648863191017881,NaN,NaN,NaN,NaN,NaN,NaN,NaN,NaN,NaN
NaN,NaN,0.303784139202132,0.330034345708555,0.319522878965169,0.0768804501033931,0.109929505333033,0.102629019893357,0.0746297599980608,NaN,NaN,NaN,NaN,NaN,NaN,NaN,NaN,NaN
NaN,NaN,0.308519448832764,0.325951930455631,0.33712323649767,0.0926586563922077,0.107365835055437,0.112549486584612,0.0796575607964769,NaN,NaN,NaN,NaN,NaN,NaN,NaN,NaN,NaN
NaN,NaN,0.311449054376377,0.321586188249057,0.35937797172907,0.102056781504264,0.112001828446713,0.118582724608132,0.0831591474125162,NaN,NaN,NaN,NaN,NaN,NaN,NaN,NaN,NaN
NaN,NaN,0.312990933404459,0.321321562252706,0.372355784168273,0.119134294543377,0.114677145674553,0.122588752783486,0.0940051624784246,NaN,NaN,NaN,NaN,NaN,NaN,NaN,NaN,NaN
NaN,NaN,0.321222297595038,0.315523203782504,0.388374234428435,0.135959288779607,0.111834805056181,0.132865450359532,0.0949442336568609,NaN,NaN,NaN,NaN,NaN,NaN,NaN,NaN,NaN
NaN,NaN,0.323934048161997,0.31491691278643,0.401707830717593,0.152605860236993,0.118974361166086,0.135166636682698,0.10324786847923,NaN,NaN,NaN,NaN,NaN,NaN,NaN,NaN,NaN
NaN,NaN,0.331579405562176,0.312293060444063,0.409418715974122,0.179537343535533,0.117928467288342,0.142953387476155,0.108973770053126,NaN,NaN,NaN,NaN,NaN,NaN,NaN,NaN,NaN
NaN,NaN,0.337780747310414,0.309452638350194,0.422110053589374,0.198229918930641,0.124044257744875,0.148558291621157,0.110428570420481,NaN,NaN,NaN,NaN,NaN,NaN,NaN,NaN,NaN
NaN,NaN,0.342236213133826,0.313146692089504,0.423906872859031,0.22429516047608,0.128594141050902,0.150048202849575,0.119789628894068,NaN,NaN,NaN,NaN,NaN,NaN,NaN,NaN,NaN
NaN,NaN,0.35226437796761,0.311515443347162,0.429252720316678,0.250253393057695,0.12789153267416,0.160069941557595,0.118392030359246,NaN,NaN,NaN,NaN,NaN,NaN,NaN,NaN,NaN
NaN,NaN,0.356516480193629,0.315812863729661,0.432010105689794,0.27366125464808,0.138322159245339,0.160555235124775,0.124628482968546,NaN,NaN,NaN,NaN,NaN,NaN,NaN,NaN,NaN
NaN,NaN,0.362904533491625,0.318679977528518,0.429358984222442,0.304640452120414,0.138759508326378,0.165388911045738,0.129330674768426,NaN,NaN,NaN,NaN,NaN,NaN,NaN,NaN,NaN
NaN,NaN,0.36944659029056,0.321326703153318,0.430955345621139,0.326464432034603,0.145172334804859,0.1696652649116,0.126967667252757,NaN,NaN,NaN,NaN,NaN,NaN,NaN,NaN,NaN
NaN,NaN,0.372783910230889,0.329788476548856,0.42429566278103,0.352232022885194,0.152486569776859,0.168067208505818,0.134716215194203,NaN,NaN,NaN,NaN,NaN,NaN,NaN,NaN,NaN
NaN,NaN,0.381348371253504,0.333244037203258,0.422168652405768,0.377720310095659,0.153933658793297,0.176577392048785,0.130881792516448,NaN,NaN,NaN,NaN,NaN,NaN,NaN,NaN,NaN
NaN,NaN,0.3831874911945,0.340821631572908,0.419755893638164,0.397250684652439,0.165066875114765,0.173945139176794,0.13450536376331,NaN,NaN,NaN,NaN,NaN,NaN,NaN,NaN,NaN
NaN,NaN,0.388160604731335,0.348400194518035,0.411163139035731,0.421796026382556,0.167485966875878,0.17692419794912,0.136824766756035,NaN,NaN,NaN,NaN,NaN,NaN,NaN,NaN,NaN
NaN,NaN,0.394496950999989,0.353273134998744,0.410201604356795,0.437504290346017,0.177799302682009,0.180471158600994,0.132018695236184,NaN,NaN,NaN,NaN,NaN,NaN,NaN,NaN,NaN
NaN,NaN,0.395507342861189,0.364048909716075,0.401190313389331,0.453755180094352,0.189788758352127,0.178749180413433,0.136567405075766,NaN,NaN,NaN,NaN,NaN,NaN,NaN,NaN,NaN
NaN,NaN,0.403681486592783,0.367183406226104,0.397739185830384,0.468997242603412,0.196222334697571,0.184050920433947,0.131313982070424,NaN,NaN,NaN,NaN,NaN,NaN,NaN,NaN,NaN
NaN,NaN,0.403920408086075,0.373293906770414,0.393583605875998,0.475055663589349,0.213107026710835,0.180792576647946,0.132225206703879,NaN,NaN,NaN,NaN,NaN,NaN,NaN,NaN,NaN
NaN,NaN,0.408102027819647,0.378724299691385,0.383670813282758,0.48774461701881,0.221600949361649,0.182202766663977,0.132781969965436,NaN,NaN,NaN,NaN,NaN,NaN,NaN,NaN,NaN
NaN,NaN,0.414073630915179,0.381184313766425,0.382724254270821,0.490004024211278,0.234402704581347,0.184590770877548,0.12685138231609,NaN,NaN,NaN,NaN,NaN,NaN,NaN,NaN,NaN
NaN,NaN,0.413849293933405,0.388184059731429,0.375628246804505,0.492868213657251,0.25089497451457,0.179206441171118,0.129913738579489,NaN,NaN,NaN,NaN,NaN,NaN,NaN,NaN,NaN
NaN,NaN,0.42094477985908,0.389316920511192,0.370513758500844,0.495068388733974,0.260706457838145,0.183795440025278,0.125268841744401,NaN,NaN,NaN,NaN,NaN,NaN,NaN,NaN,NaN
NaN,NaN,0.420816946522488,0.392005984060233,0.368571112742453,0.489277816120496,0.280142675682631,0.179906385965296,0.124753689975478,NaN,NaN,NaN,NaN,NaN,NaN,NaN,NaN,NaN
NaN,NaN,0.425392105923189,0.396812167338794,0.360748729547292,0.489751151505819,0.290317579701271,0.180155272610136,0.12656030675862,NaN,NaN,NaN,NaN,NaN,NaN,NaN,NaN,NaN
NaN,NaN,0.430883221076025,0.397821013204521,0.361053774943381,0.481346766207328,0.29944862012538,0.182523160256096,0.120925991446711,NaN,NaN,NaN,NaN,NaN,NaN,NaN,NaN,NaN
NaN,NaN,0.430343612776293,0.40546974199242,0.355622338941127,0.472924704406372,0.318765554174509,0.176324854619452,0.124800088466145,NaN,NaN,NaN,NaN,NaN,NaN,NaN,NaN,NaN
NaN,NaN,0.435263138012185,0.407753605715698,0.350528525998622,0.46623665348064,0.327533490553227,0.180324251778075,0.121389380306937,NaN,NaN,NaN,NaN,NaN,NaN,NaN,NaN,NaN
NaN,NaN,0.435999553398384,0.411476753972238,0.348576101353198,0.450909319076648,0.343778475716438,0.178292906857678,0.120588591904379,NaN,NaN,NaN,NaN,NaN,NaN,NaN,NaN,NaN
NaN,NaN,0.439224909738793,0.419077314756578,0.342490951409369,0.445027011189571,0.351030610099163,0.177986967391917,0.123161612660624,NaN,NaN,NaN,NaN,NaN,NaN,NaN,NaN,NaN
NaN,NaN,0.443386543289914,0.422521289758151,0.342354792048961,0.4314498554207,0.359650652453032,0.18097323460097,0.117575353593566,NaN,NaN,NaN,NaN,NaN,NaN,NaN,NaN,NaN
NaN,NaN,0.440098080531849,0.43195949899382,0.337828042795688,0.417275237593761,0.369279689684239,0.176766525037237,0.121659538359381,NaN,NaN,NaN,NaN,NaN,NaN,NaN,NaN,NaN
NaN,NaN,0.442584693179621,0.436406731925672,0.333152989735633,0.407614535395017,0.369622788920727,0.182395457304665,0.119325234205462,NaN,NaN,NaN,NaN,NaN,NaN,NaN,NaN,NaN
NaN,NaN,0.441018413500084,0.439955573849147,0.332731417259007,0.391211057756057,0.376549277052012,0.183016556329676,0.118916346342303,NaN,NaN,NaN,NaN,NaN,NaN,NaN,NaN,NaN
NaN,NaN,0.438426058487191,0.448410120181506,0.327805316885739,0.38291044041883,0.377332426205006,0.181967626340338,0.123689151019789,NaN,NaN,NaN,NaN,NaN,NaN,NaN,NaN,NaN
NaN,NaN,0.437392253176464,0.449024997971719,0.329120344361096,0.368835567239633,0.375048879131403,0.187636903501698,0.117402984411456,NaN,NaN,NaN,NaN,NaN,NaN,NaN,NaN,NaN
NaN,NaN,0.427152957515015,0.45492881941027,0.326242408593923,0.353437675837389,0.376543186202374,0.185716777123162,0.122630050987937,NaN,NaN,NaN,NaN,NaN,NaN,NaN,NaN,NaN
NaN,NaN,0.422650906936421,0.45470839398331,0.324222053279906,0.3439867261089,0.367725070163336,0.195393479443737,0.122477984637953,NaN,NaN,NaN,NaN,NaN,NaN,NaN,NaN,NaN
NaN,NaN,0.413445994005694,0.451480243675178,0.329475271394282,0.329222115430942,0.365625403418865,0.197600304163643,0.12244075036142,NaN,NaN,NaN,NaN,NaN,NaN,NaN,NaN,NaN
NaN,NaN,0.40230497320105,0.45363847198314,0.328246279498368,0.32048532247912,0.359510358020392,0.20176326019282,0.127782742143609,NaN,NaN,NaN,NaN,NaN,NaN,NaN,NaN,NaN
NaN,NaN,0.391909904525771,0.446173250995344,0.333500577946931,0.309034655544868,0.349168374731865,0.210868223584839,0.123482620925643,NaN,NaN,NaN,NaN,NaN,NaN,NaN,NaN,NaN
NaN,NaN,0.373689155773415,0.443971101514762,0.335695668002396,0.293989027593246,0.345398567214337,0.213460280574509,0.128784062922932,NaN,NaN,NaN,NaN,NaN,NaN,NaN,NaN,NaN
NaN,NaN,0.361837275074019,0.435696728847688,0.338969490369588,0.288486326787582,0.331088218435374,0.22469001916761,0.131425554514863,NaN,NaN,NaN,NaN,NaN,NaN,NaN,NaN,NaN
NaN,NaN,0.345309018836512,0.426301900617545,0.349227896770268,0.274863964620939,0.325188904598084,0.23165625614638,0.130781395942904,NaN,NaN,NaN,NaN,NaN,NaN,NaN,NaN,NaN
NaN,NaN,0.326402462766661,0.421545114688342,0.351334399422437,0.268214954737535,0.315659109100428,0.23773781118507,0.136700193048455,NaN,NaN,NaN,NaN,NaN,NaN,NaN,NaN,NaN
NaN,NaN,0.310414150105013,0.408100858650869,0.360361317982703,0.258185672316661,0.303569051965799,0.25054670033569,0.132369189173914,NaN,NaN,NaN,NaN,NaN,NaN,NaN,NaN,NaN
NaN,NaN,0.287743020550503,0.400591977260774,0.366870033433467,0.246024015102497,0.299597631737318,0.255588843501755,0.139680723310448,NaN,NaN,NaN,NaN,NaN,NaN,NaN,NaN,NaN
NaN,NaN,0.272033415482535,0.388410967163509,0.372829827358752,0.244972402904144,0.287082761123505,0.2659997074079,0.142121701152064,NaN,NaN,NaN,NaN,NaN,NaN,NaN,NaN,NaN
NaN,NaN,0.252503767357363,0.375407990388339,0.383902544965774,0.234440131787172,0.283176142319765,0.274374644286581,0.140836978913285,NaN,NaN,NaN,NaN,NaN,NaN,NaN,NaN,NaN
NaN,NaN,0.230348106221451,0.366538372210925,0.386115255644351,0.231356317851654,0.277217465981569,0.278578951038071,0.146469170809723,NaN,NaN,NaN,NaN,NaN,NaN,NaN,NaN,NaN
NaN,NaN,0.213278416291966,0.349357202969259,0.394480469515353,0.22748447463285,0.267451636090603,0.290987632251927,0.143636217922904,NaN,NaN,NaN,NaN,NaN,NaN,NaN,NaN,NaN
NaN,NaN,0.189795229331745,0.337980985961622,0.40206976129654,0.219188458029142,0.267767577960816,0.291011194713064,0.149622498662211,NaN,NaN,NaN,NaN,NaN,NaN,NaN,NaN,NaN
NaN,NaN,0.173944081858887,0.323609393410152,0.403326636990338,0.223082038316837,0.259141873165693,0.297927363790222,0.15144617727492,NaN,NaN,NaN,NaN,NaN,NaN,NaN,NaN,NaN
NaN,NaN,0.153923161075606,0.306574926100438,0.410979687114984,0.216135377738586,0.258073050126162,0.301710619605728,0.148941329331137,NaN,NaN,NaN,NaN,NaN,NaN,NaN,NaN,NaN
NaN,NaN,0.131778843448653,0.294756256364053,0.408096982976228,0.218054144386163,0.256057649448242,0.302365749157616,0.155140957445838,NaN,NaN,NaN,NaN,NaN,NaN,NaN,NaN,NaN
NaN,NaN,0.115104518578543,0.27407890217728,0.411292835017472,0.219469680193773,0.249687179520455,0.309898509658524,0.152445821673609,NaN,NaN,NaN,NaN,NaN,NaN,NaN,NaN,NaN
NaN,NaN,0.0918101293306487,0.258447639964288,0.4117175553644,0.216971742663494,0.253048955991593,0.303212526268908,0.157575956196524,NaN,NaN,NaN,NaN,NaN,NaN,NaN,NaN,NaN
NaN,NaN,0.0760116947155135,0.240895692579215,0.403935274919301,0.225537153635135,0.247649129077521,0.306660021669813,0.160316540510394,NaN,NaN,NaN,NaN,NaN,NaN,NaN,NaN,NaN
NaN,NaN,0.0546483841996329,0.218649152986472,0.400872695138484,0.224578301165214,0.250149469420042,0.30657797215099,0.156840565265156,NaN,NaN,NaN,NaN,NaN,NaN,NaN,NaN,NaN
NaN,NaN,0.0305316184919017,0.200743191264337,0.387584621896773,0.230695209208837,0.250137995525923,0.299278247184702,0.163383367122151,NaN,NaN,NaN,NaN,NaN,NaN,NaN,NaN,NaN
NaN,NaN,0.0125261542658942,0.175783075712388,0.380456260284215,0.238212509755006,0.246636073633757,0.301647177911946,0.15980837366078,NaN,NaN,NaN,NaN,NaN,NaN,NaN,NaN,NaN
NaN,NaN,-0.0122548679549558,0.153657645307248,0.369800458540946,0.239361836317888,0.251133430346575,0.292647379465052,0.163049786002375,NaN,NaN,NaN,NaN,NaN,NaN,NaN,NaN,NaN
NaN,NaN,-0.033713396890865,0.129297916166252,0.351067184349328,0.250902692530265,0.248996734216538,0.288294191486784,0.164537052274682,NaN,NaN,NaN,NaN,NaN,NaN,NaN,NaN,NaN
NaN,NaN,-0.0585268105108601,0.10079909148044,0.337239093025952,0.254430300299039,0.251314796104756,0.284285630114027,0.160049548954703,NaN,NaN,NaN,NaN,NaN,NaN,NaN,NaN,NaN
NaN,NaN,-0.0865307303805214,0.0773988481087144,0.316300856759578,0.262481546703687,0.25399165932807,0.272156327046105,0.165257709682919,NaN,NaN,NaN,NaN,NaN,NaN,NaN,NaN,NaN
NaN,NaN,-0.108587187035785,0.048667434923118,0.300424153795272,0.272929253730884,0.250615801259604,0.268402836300083,0.160627993405797,NaN,NaN,NaN,NaN,NaN,NaN,NaN,NaN,NaN
NaN,NaN,-0.137772098435865,0.0214250202698167,0.283632426401406,0.27563446641337,0.257289770588007,0.257060575313517,0.163444424630143,NaN,NaN,NaN,NaN,NaN,NaN,NaN,NaN,NaN
NaN,NaN,-0.163923226549135,-0.00351149556809105,0.257079842379123,0.288137788627258,0.256615269526568,0.24973939267511,0.165539341629483,NaN,NaN,NaN,NaN,NaN,NaN,NaN,NaN,NaN
NaN,NaN,-0.189976826562391,-0.033541191049153,0.239366683056384,0.292510590258947,0.258937690004435,0.244476041771122,0.160501855076291,NaN,NaN,NaN,NaN,NaN,NaN,NaN,NaN,NaN
NaN,NaN,-0.218506496651874,-0.0541686077194754,0.215640327771932,0.299122980538717,0.263223971768942,0.232466488159844,0.166556923300959,NaN,NaN,NaN,NaN,NaN,NaN,NaN,NaN,NaN
NaN,NaN,-0.240070916964517,-0.079430080630118,0.195412318100959,0.309438011351934,0.260886184468594,0.231084219194599,0.164489070535637,NaN,NaN,NaN,NaN,NaN,NaN,NaN,NaN,NaN
NaN,NaN,-0.266058374448524,-0.101770050503546,0.177119503607779,0.309168393466583,0.268231935396519,0.219108435339876,0.167264337302186,NaN,NaN,NaN,NaN,NaN,NaN,NaN,NaN,NaN
NaN,NaN,-0.288343284531341,-0.120626948453719,0.147622580518752,0.319646275345197,0.269183002009716,0.210744637079188,0.171429286361672,NaN,NaN,NaN,NaN,NaN,NaN,NaN,NaN,NaN
NaN,NaN,-0.307068530722366,-0.143848247505957,0.130567214330464,0.319807412777057,0.272131681039658,0.209356258637854,0.16770787036512,NaN,NaN,NaN,NaN,NaN,NaN,NaN,NaN,NaN
NaN,NaN,-0.32794110874723,-0.15553420377546,0.10700259252432,0.320822647515646,0.27854514081749,0.19998488111014,0.17598842701409,NaN,NaN,NaN,NaN,NaN,NaN,NaN,NaN,NaN
NaN,NaN,-0.341731369747625,-0.173011775739724,0.0861705456579027,0.324492021206728,0.277889191701737,0.200489937342354,0.17536596825812,NaN,NaN,NaN,NaN,NaN,NaN,NaN,NaN,NaN
NaN,NaN,-0.359384812666879,-0.187970623053843,0.0665327896082696,0.317145748738161,0.283804803684082,0.192453349955031,0.176806687028147,NaN,NaN,NaN,NaN,NaN,NaN,NaN,NaN,NaN
NaN,NaN,-0.373643528922306,-0.19989814577275,0.0387273904586133,0.318321580741516,0.284946586534109,0.188054713435122,0.182488835067488,NaN,NaN,NaN,NaN,NaN,NaN,NaN,NaN,NaN
NaN,NaN,-0.383656047536836,-0.21578663928085,0.0223247510099706,0.308993826363197,0.286156840219822,0.186984232641407,0.178806609124877,NaN,NaN,NaN,NaN,NaN,NaN,NaN,NaN,NaN
NaN,NaN,-0.397949073715911,-0.222906823881203,-0.000617933580845914,0.299142575565687,0.291829488768902,0.179661578513333,0.186911127180792,NaN,NaN,NaN,NaN,NaN,NaN,NaN,NaN,NaN
NaN,NaN,-0.407099541528926,-0.236579700984294,-0.022600052068204,0.291038187894931,0.288975134089317,0.180816064603277,0.184714789153077,NaN,NaN,NaN,NaN,NaN,NaN,NaN,NaN,NaN
NaN,NaN,-0.419279974206195,-0.249444879271323,-0.0427330109572116,0.271072364155164,0.294098861112919,0.17583168206329,0.185690591693856,NaN,NaN,NaN,NaN,NaN,NaN,NaN,NaN,NaN
NaN,NaN,-0.432140570386158,-0.259493011661107,-0.0705508153235617,0.259546725753656,0.292888141765919,0.173980250037857,0.190047057927586,NaN,NaN,NaN,NaN,NaN,NaN,NaN,NaN,NaN
NaN,NaN,-0.43979432831596,-0.274062044598395,-0.0890471237992946,0.239625307474247,0.290571122958985,0.175960148699232,0.184474191279151,NaN,NaN,NaN,NaN,NaN,NaN,NaN,NaN,NaN
NaN,NaN,-0.4562531078894,-0.283083598740632,-0.113142338702649,0.216998136345258,0.293741568520394,0.169040999389836,0.190091649652459,NaN,NaN,NaN,NaN,NaN,NaN,NaN,NaN,NaN
NaN,NaN,-0.466254581018196,-0.297712683357531,-0.137908310750693,0.198597418818584,0.286683205112543,0.173992599375197,0.18568839377258,NaN,NaN,NaN,NaN,NaN,NaN,NaN,NaN,NaN
NaN,NaN,-0.480686821295724,-0.313548333622748,-0.158531797239751,0.170233337882867,0.288978375091877,0.173107060618349,0.184214929700829,NaN,NaN,NaN,NaN,NaN,NaN,NaN,NaN,NaN
NaN,NaN,-0.496586323036657,-0.323772467352683,-0.18686495826599,0.14997656897079,0.284093550935116,0.172675522990176,0.18624357378576,NaN,NaN,NaN,NaN,NaN,NaN,NaN,NaN,NaN
NaN,NaN,-0.507001117124067,-0.340049899794394,-0.205041282931537,0.125687899742237,0.277363795384493,0.178176323897787,0.178262977511622,NaN,NaN,NaN,NaN,NaN,NaN,NaN,NaN,NaN
NaN,NaN,-0.525462873532281,-0.349324457027251,-0.226820093700856,0.0971418383754402,0.277601301267471,0.173660433865734,0.181048526079394,NaN,NaN,NaN,NaN,NaN,NaN,NaN,NaN,NaN
NaN,NaN,-0.537035562350259,-0.363454911537701,-0.250528846988649,0.0760751913524776,0.266517128392782,0.178134582019993,0.176023072213866,NaN,NaN,NaN,NaN,NaN,NaN,NaN,NaN,NaN
NaN,NaN,-0.551239758982168,-0.376624036260182,-0.266794283995599,0.0463430534340053,0.265741522952643,0.175968456096598,0.172388790757395,NaN,NaN,NaN,NaN,NaN,NaN,NaN,NaN,NaN
NaN,NaN,-0.566292017950521,-0.384450442768866,-0.290678815106124,0.025780829343906,0.257122281536188,0.172874453492113,0.174680309952237,NaN,NaN,NaN,NaN,NaN,NaN,NaN,NaN,NaN
NaN,NaN,-0.575549513353811,-0.396708137966925,-0.303469040552348,0.000926623795142689,0.246034178480234,0.176388054169365,0.165247018099762,NaN,NaN,NaN,NaN,NaN,NaN,NaN,NaN,NaN
NaN,NaN,-0.591418542220102,-0.403908900596434,-0.31889623136279,-0.0261305507980675,0.241545538946715,0.168614770300337,0.167234609485604,NaN,NaN,NaN,NaN,NaN,NaN,NaN,NaN,NaN
NaN,NaN,-0.599144235505567,-0.413255653955275,-0.334801339665622,-0.0448405232988686,0.227577283575859,0.169021385736414,0.164134199381806,NaN,NaN,NaN,NaN,NaN,NaN,NaN,NaN,NaN
NaN,NaN,-0.608381875111566,-0.422662477620179,-0.3430795121288,-0.0716713492535443,0.220534771278229,0.163546307958313,0.160668301046826,NaN,NaN,NaN,NaN,NaN,NaN,NaN,NaN,NaN
NaN,NaN,-0.618394691749321,-0.427260417171055,-0.356616434762448,-0.0895966452323288,0.207461610033837,0.157755232430645,0.163491139770485,NaN,NaN,NaN,NaN,NaN,NaN,NaN,NaN,NaN
NaN,NaN,-0.620240889741884,-0.437429546989733,-0.361089763352841,-0.112227858301291,0.191386647119847,0.158957681633183,0.155639308155514,NaN,NaN,NaN,NaN,NaN,NaN,NaN,NaN,NaN
NaN,NaN,-0.629115555687652,-0.44438626585179,-0.366275218436688,-0.13654817387093,0.182272966548529,0.149795646793791,0.15822469687555,NaN,NaN,NaN,NaN,NaN,NaN,NaN,NaN,NaN
NaN,NaN,-0.630364589645372,-0.452216565288836,-0.373799746046037,-0.151925669308791,0.164856601103869,0.148148360676714,0.157597357989289,NaN,NaN,NaN,NaN,NaN,NaN,NaN,NaN,NaN
NaN,NaN,-0.63137919108461,-0.463369469769532,-0.373123736242026,-0.176087827678809,0.151283897056904,0.143875955618569,0.152561268419959,NaN,NaN,NaN,NaN,NaN,NaN,NaN,NaN,NaN
NaN,NaN,-0.63542586217712,-0.469143185444409,-0.379691348532409,-0.192971085455307,0.135448172285881,0.138109858162352,0.155890001566149,NaN,NaN,NaN,NaN,NaN,NaN,NaN,NaN,NaN
NaN,NaN,-0.631315097465025,-0.483876354672248,-0.378353764424295,-0.211172388192305,0.114067241146889,0.139418496764847,0.148382666171528,NaN,NaN,NaN,NaN,NaN,NaN,NaN,NaN,NaN
NaN,NaN,-0.634252749635683,-0.494898929871852,-0.377971717277736,-0.232542143460402,0.103464264020052,0.129945009030052,0.152520271600224,NaN,NaN,NaN,NaN,NaN,NaN,NaN,NaN,NaN
NaN,NaN,-0.632072225465284,-0.50747964499169,-0.381794833699435,-0.243136533793101,0.0811225060072805,0.127859666026779,0.151845733285882,NaN,NaN,NaN,NaN,NaN,NaN,NaN,NaN,NaN
NaN,NaN,-0.628989789887176,-0.523723661579425,-0.378057119557828,-0.262480774220118,0.0656006741968061,0.124097420848557,0.14613599947188,NaN,NaN,NaN,NaN,NaN,NaN,NaN,NaN,NaN
NaN,NaN,-0.632654376580225,-0.53481191364699,-0.383525231043071,-0.276716579940209,0.0483736466315653,0.116587552256533,0.149943842203356,NaN,NaN,NaN,NaN,NaN,NaN,NaN,NaN,NaN
NaN,NaN,-0.62748842339109,-0.553771573730046,-0.381896832147807,-0.28847154721249,0.0260510179844763,0.117516844547936,0.143212577910163,NaN,NaN,NaN,NaN,NaN,NaN,NaN,NaN,NaN
NaN,NaN,-0.629013519986377,-0.567374005593592,-0.380999391088456,-0.30520178868998,0.01404673565897,0.109032495893189,0.145821938873269,NaN,NaN,NaN,NaN,NaN,NaN,NaN,NaN,NaN
NaN,NaN,-0.627466500057684,-0.581127926387126,-0.385841150889367,-0.310886116024146,-0.00942872132388098,0.107197157121846,0.146044171066023,NaN,NaN,NaN,NaN,NaN,NaN,NaN,NaN,NaN
NaN,NaN,-0.624705165876852,-0.597470346518094,-0.38418661908266,-0.325791877951512,-0.0263287615331743,0.106722741402336,0.139848603517748,NaN,NaN,NaN,NaN,NaN,NaN,NaN,NaN,NaN
NaN,NaN,-0.627565015359626,-0.608342457242543,-0.391445701131791,-0.334639349278101,-0.0425595347138975,0.10237631482596,0.144872902543284,NaN,NaN,NaN,NaN,NaN,NaN,NaN,NaN,NaN
NaN,NaN,-0.621980227782236,-0.624100993998582,-0.393328369716376,-0.339760505851397,-0.063840851590309,0.105637899614521,0.137717662961222,NaN,NaN,NaN,NaN,NaN,NaN,NaN,NaN,NaN
NaN,NaN,-0.623652957632051,-0.633966996945674,-0.396463853428334,-0.351417460735926,-0.0758691992911433,0.101025654948899,0.141130159259774,NaN,NaN,NaN,NaN,NaN,NaN,NaN,NaN,NaN
NaN,NaN,-0.620974324895845,-0.641955509461695,-0.405302104661435,-0.351870660927185,-0.0967609253081416,0.101372814751812,0.141516490490176,NaN,NaN,NaN,NaN,NaN,NaN,NaN,NaN,NaN
NaN,NaN,-0.617053848012195,-0.653691924788291,-0.408099332014293,-0.362105914648661,-0.112808134809408,0.104725669152685,0.135681940824725,NaN,NaN,NaN,NaN,NaN,NaN,NaN,NaN,NaN
NaN,NaN,-0.618138410403238,-0.658026672579581,-0.418141839215726,-0.365721364762673,-0.126056589588795,0.101313359118649,0.140644549042918,NaN,NaN,NaN,NaN,NaN,NaN,NaN,NaN,NaN
NaN,NaN,-0.609733466311203,-0.667185093887383,-0.425346196750373,-0.365978689190039,-0.14539244811264,0.108335512704798,0.136207244009711,NaN,NaN,NaN,NaN,NaN,NaN,NaN,NaN,NaN
NaN,NaN,-0.60861520866941,-0.67200470683747,-0.431975294957131,-0.373427537526974,-0.154479977146063,0.105647939271876,0.138343567610718,NaN,NaN,NaN,NaN,NaN,NaN,NaN,NaN,NaN
NaN,NaN,-0.602944758041607,-0.672589949943358,-0.445632712105483,-0.370815270837435,-0.171829641267929,0.105774356998154,0.140076516778208,NaN,NaN,NaN,NaN,NaN,NaN,NaN,NaN,NaN
NaN,NaN,-0.594433345152841,-0.680392998881871,-0.451759045133561,-0.377101046290287,-0.184882481053743,0.109499386526295,0.133448945940472,NaN,NaN,NaN,NaN,NaN,NaN,NaN,NaN,NaN
NaN,NaN,-0.591325298203931,-0.6782215644198,-0.464110841164559,-0.378655367787966,-0.193075828656826,0.104479222572991,0.139909456134774,NaN,NaN,NaN,NaN,NaN,NaN,NaN,NaN,NaN
NaN,NaN,-0.579355512066589,-0.682775340654189,-0.475115460464925,-0.376713634725699,-0.21036318729845,0.11026070547814,0.135838552028872,NaN,NaN,NaN,NaN,NaN,NaN,NaN,NaN,NaN
NaN,NaN,-0.572963882489906,-0.682124923594529,-0.483252239534825,-0.383494184609541,-0.215461545095119,0.104431427098461,0.136939133168198,NaN,NaN,NaN,NaN,NaN,NaN,NaN,NaN,NaN
NaN,NaN,-0.563611336304651,-0.679380185581977,-0.500371531704635,-0.381016773428807,-0.229173705384407,0.0996782547008479,0.140480934293009,NaN,NaN,NaN,NaN,NaN,NaN,NaN,NaN,NaN
NaN,NaN,-0.550647344692455,-0.684157870389754,-0.506791510740489,-0.385227841582188,-0.239901628747854,0.0985610773932422,0.133850923390128,NaN,NaN,NaN,NaN,NaN,NaN,NaN,NaN,NaN
NaN,NaN,-0.543740097685562,-0.678987875260646,-0.520126559892863,-0.386843928393015,-0.245880626544628,0.0876040300499881,0.139941884786822,NaN,NaN,NaN,NaN,NaN,NaN,NaN,NaN,NaN
NaN,NaN,-0.528707228853212,-0.679875183530385,-0.532457401165933,-0.383632225241551,-0.259967197135362,0.0870685381960357,0.135038359672762,NaN,NaN,NaN,NaN,NaN,NaN,NaN,NaN,NaN
NaN,NaN,-0.518992193295465,-0.676408819534117,-0.541706589171857,-0.389454779472241,-0.262926605001364,0.0763450479280436,0.134239694685675,NaN,NaN,NaN,NaN,NaN,NaN,NaN,NaN,NaN
NaN,NaN,-0.506078288211332,-0.671851765044266,-0.558918063650102,-0.386140984740147,-0.274140157208118,0.0662962636124576,0.135635281563736,NaN,NaN,NaN,NaN,NaN,NaN,NaN,NaN,NaN
NaN,NaN,-0.49087813521813,-0.672388262726599,-0.568086431483001,-0.387730100449213,-0.282434795454416,0.0600823676359141,0.127953863353468,NaN,NaN,NaN,NaN,NaN,NaN,NaN,NaN,NaN
NaN,NaN,-0.482179377480255,-0.665529574878747,-0.582140368530721,-0.388404750522265,-0.284386121139202,0.0443210369121516,0.131809240789153,NaN,NaN,NaN,NaN,NaN,NaN,NaN,NaN,NaN
NaN,NaN,-0.464481584979997,-0.661578401603037,-0.596461669663161,-0.382453170862088,-0.29527631814805,0.0388210928213084,0.12448437011335,NaN,NaN,NaN,NaN,NaN,NaN,NaN,NaN,NaN
NaN,NaN,-0.452680535866724,-0.655660908349091,-0.604747795621127,-0.386235215958247,-0.29493344242898,0.0241677006852115,0.120746395201422,NaN,NaN,NaN,NaN,NaN,NaN,NaN,NaN,NaN
NaN,NaN,-0.437570311381326,-0.647088996745879,-0.62147108943221,-0.380358551885972,-0.300118841633472,0.00944535342568997,0.120441424311139,NaN,NaN,NaN,NaN,NaN,NaN,NaN,NaN,NaN
NaN,NaN,-0.420668818308817,-0.644331015326316,-0.630319119552344,-0.379625153984913,-0.304838318780336,0.00144462195748929,0.110356299788691,NaN,NaN,NaN,NaN,NaN,NaN,NaN,NaN,NaN
NaN,NaN,-0.410419296725498,-0.63373729554587,-0.642389637539357,-0.379401003267655,-0.301230710402403,-0.0156897390115773,0.111504359752871,NaN,NaN,NaN,NaN,NaN,NaN,NaN,NaN,NaN
NaN,NaN,-0.390593953682886,-0.624255817063386,-0.653990768948764,-0.373918698426375,-0.308230679884825,-0.0226003387797391,0.103750652284361,NaN,NaN,NaN,NaN,NaN,NaN,NaN,NaN,NaN
NaN,NaN,-0.376941509797083,-0.616709757276112,-0.658976846495837,-0.379713070835957,-0.303721197352085,-0.0381044195819413,0.0975786844501272,NaN,NaN,NaN,NaN,NaN,NaN,NaN,NaN,NaN
NaN,NaN,-0.361587651326166,-0.603087860770756,-0.673144851932496,-0.377181922342667,-0.304767612770471,-0.0529317827749765,0.0962190652498975,NaN,NaN,NaN,NaN,NaN,NaN,NaN,NaN,NaN
NaN,NaN,-0.344310444100605,-0.595927834190661,-0.678128079632491,-0.381504134532103,-0.305572275474939,-0.0587039897072827,0.0851805085549131,NaN,NaN,NaN,NaN,NaN,NaN,NaN,NaN,NaN
NaN,NaN,-0.331663344307647,-0.579771697201068,-0.685834643552274,-0.389210661198983,-0.299671229377661,-0.0748919034231221,0.0846538642654195,NaN,NaN,NaN,NaN,NaN,NaN,NaN,NaN,NaN
NaN,NaN,-0.310604725285278,-0.566779635526473,-0.693405774543256,-0.389733449813017,-0.303531729087505,-0.0805225493240869,0.0775821456918493,NaN,NaN,NaN,NaN,NaN,NaN,NaN,NaN,NaN
NaN,NaN,-0.294421710326181,-0.554968714393908,-0.694198628077478,-0.402999432083258,-0.296876516595754,-0.092898857765249,0.0698350692400709,NaN,NaN,NaN,NaN,NaN,NaN,NaN,NaN,NaN
NaN,NaN,-0.278426524503933,-0.537711400218541,-0.703414437482328,-0.410293420102486,-0.294958383247528,-0.104517293148092,0.0685690293321386,NaN,NaN,NaN,NaN,NaN,NaN,NaN,NaN,NaN
NaN,NaN,-0.258907158179985,-0.526479016669327,-0.702892896840543,-0.422104322608599,-0.294424586400661,-0.106031828545383,0.0565665723988786,NaN,NaN,NaN,NaN,NaN,NaN,NaN,NaN,NaN
NaN,NaN,-0.243900589897142,-0.508617814310128,-0.703140889415712,-0.438446053560862,-0.288898341760311,-0.119262886219076,0.0558498637983575,NaN,NaN,NaN,NaN,NaN,NaN,NaN,NaN,NaN
NaN,NaN,-0.222617298616872,-0.494726281292969,-0.705981888929576,-0.447172192182431,-0.290836647555504,-0.122432381831459,0.0480291756102815,NaN,NaN,NaN,NaN,NaN,NaN,NaN,NaN,NaN
NaN,NaN,-0.205246400340305,-0.482066906668479,-0.700655114958257,-0.46738219007481,-0.286001332506809,-0.130884339087061,0.0391509520122781,NaN,NaN,NaN,NaN,NaN,NaN,NaN,NaN,NaN
NaN,NaN,-0.189813658847318,-0.463171396084363,-0.702368692616195,-0.481755552139172,-0.285137679830465,-0.138714172862819,0.0366604836890474,NaN,NaN,NaN,NaN,NaN,NaN,NaN,NaN,NaN
NaN,NaN,-0.169383812947975,-0.451104100473458,-0.696444940874547,-0.498289731588253,-0.288770731941137,-0.138148543410352,0.0252729045460001,NaN,NaN,NaN,NaN,NaN,NaN,NaN,NaN,NaN
NaN,NaN,-0.153830129905449,-0.433584097452695,-0.690406468818158,-0.517514185305724,-0.285446636781368,-0.148273752056411,0.0227900916943327,NaN,NaN,NaN,NaN,NaN,NaN,NaN,NaN,NaN
NaN,NaN,-0.133573621763693,-0.416746213712031,-0.688029398331613,-0.529010766442904,-0.291014548793707,-0.150114287607721,0.0157812932739034,NaN,NaN,NaN,NaN,NaN,NaN,NaN,NaN,NaN
NaN,NaN,-0.117078297092424,-0.402965135552222,-0.676848740438193,-0.549725168641695,-0.291287109658394,-0.156993688069633,0.00538438057992607,NaN,NaN,NaN,NaN,NaN,NaN,NaN,NaN,NaN
NaN,NaN,-0.102725480004059,-0.381289831973845,-0.673519318113297,-0.563728050585875,-0.294704635098848,-0.164873496614746,0.00406728556845337,NaN,NaN,NaN,NaN,NaN,NaN,NaN,NaN,NaN
NaN,NaN,-0.0813803675312859,-0.367807633854682,-0.662292224476308,-0.576353022154459,-0.3050431911203,-0.163862192057422,-0.00583580264355987,NaN,NaN,NaN,NaN,NaN,NaN,NaN,NaN,NaN
NaN,NaN,-0.0673239531655175,-0.348240267165238,-0.652278886297912,-0.592233878817448,-0.305095792219314,-0.173885588519624,-0.00972368323709816,NaN,NaN,NaN,NaN,NaN,NaN,NaN,NaN,NaN
NaN,NaN,-0.0474969337422711,-0.328882354922825,-0.645691921124429,-0.598994032736906,-0.316885404691372,-0.177320250295452,-0.0151647118618712,NaN,NaN,NaN,NaN,NaN,NaN,NaN,NaN,NaN
NaN,NaN,-0.0300749058563573,-0.312510057963664,-0.62970783666727,-0.614731800999531,-0.322736476019296,-0.183388077639393,-0.0260398586979136,NaN,NaN,NaN,NaN,NaN,NaN,NaN,NaN,NaN
NaN,NaN,-0.015434328718887,-0.288449357874924,-0.622962993690938,-0.622585439380297,-0.330820486352119,-0.193149828337482,-0.0257693839957938,NaN,NaN,NaN,NaN,NaN,NaN,NaN,NaN,NaN
NaN,NaN,0.00580261995006973,-0.272824782558018,-0.609010198274821,-0.627063797112593,-0.345568593994055,-0.195733838700107,-0.0364327853312716,NaN,NaN,NaN,NaN,NaN,NaN,NaN,NaN,NaN
NaN,NaN,0.0203266513805526,-0.2523871321755,-0.595883839884967,-0.638320897962937,-0.350180820033226,-0.208423984222463,-0.0399137710919604,NaN,NaN,NaN,NaN,NaN,NaN,NaN,NaN,NaN
NaN,NaN,0.0387574319999354,-0.23096954417997,-0.585923512587518,-0.6385682013594,-0.365001142427597,-0.215923142604879,-0.0448409704258665,NaN,NaN,NaN,NaN,NaN,NaN,NaN,NaN,NaN
NaN,NaN,0.056731119499697,-0.213213730283314,-0.567297750273913,-0.648230039771685,-0.376187518641624,-0.223606088184169,-0.0545541433384642,NaN,NaN,NaN,NaN,NaN,NaN,NaN,NaN,NaN
NaN,NaN,0.0703413372199672,-0.188560373760993,-0.55605663091895,-0.649762624200472,-0.38677363882986,-0.236634639077238,-0.0535905224969611,NaN,NaN,NaN,NaN,NaN,NaN,NaN,NaN,NaN
NaN,NaN,0.091061047957434,-0.172015893884236,-0.540681370655269,-0.649392777379641,-0.402969599172745,-0.239507489823154,-0.0626164166023955,NaN,NaN,NaN,NaN,NaN,NaN,NaN,NaN,NaN
NaN,NaN,0.106566786513819,-0.150732285954291,-0.522260741451949,-0.655635358091483,-0.410863656953249,-0.25340060608869,-0.065247961669229,NaN,NaN,NaN,NaN,NaN,NaN,NaN,NaN,NaN
NaN,NaN,0.124303657309307,-0.12638473851257,-0.510108602354497,-0.651647621091494,-0.426649537340078,-0.260555808417848,-0.0685204615583643,NaN,NaN,NaN,NaN,NaN,NaN,NaN,NaN,NaN
NaN,NaN,0.144190300003781,-0.108477156289155,-0.486802143166036,-0.654913117434868,-0.439960316226158,-0.266972956233076,-0.0780737636378035,NaN,NaN,NaN,NaN,NaN,NaN,NaN,NaN,NaN
NaN,NaN,0.156482510016455,-0.0842315327899996,-0.471671410957545,-0.653754272755274,-0.449253965571794,-0.277693130992702,-0.0757669148733839,NaN,NaN,NaN,NaN,NaN,NaN,NaN,NaN,NaN
NaN,NaN,0.177422757939591,-0.0681846026855055,-0.453127176622123,-0.649554305966982,-0.466345280811462,-0.278569431029609,-0.0839032096555457,NaN,NaN,NaN,NaN,NaN,NaN,NaN,NaN,NaN
NaN,NaN,0.191700827078118,-0.0465240140038077,-0.431804732540816,-0.652371687140355,-0.471865099326048,-0.289491907678894,-0.0875553352525457,NaN,NaN,NaN,NaN,NaN,NaN,NaN,NaN,NaN
NaN,NaN,0.208941992120041,-0.0226861794071738,-0.41641892970559,-0.644685221161732,-0.48750735114542,-0.2941426345933,-0.0900623811176046,NaN,NaN,NaN,NaN,NaN,NaN,NaN,NaN,NaN
NaN,NaN,0.227470040069117,-0.00594193083816208,-0.389785953918666,-0.643342142250428,-0.498478908494387,-0.295981996678165,-0.0997785342624411,NaN,NaN,NaN,NaN,NaN,NaN,NaN,NaN,NaN
NaN,NaN,0.238488908604874,0.0164595808309969,-0.372513999352426,-0.638793097134718,-0.505560014799509,-0.302262649856857,-0.0972951439907774,NaN,NaN,NaN,NaN,NaN,NaN,NaN,NaN,NaN
NaN,NaN,0.258623394862904,0.0325518849713262,-0.351711754808396,-0.628904258158097,-0.519577928290043,-0.300127667360357,-0.10536866763141,NaN,NaN,NaN,NaN,NaN,NaN,NaN,NaN,NaN
NaN,NaN,0.270977481947436,0.0528412501735147,-0.326318816403121,-0.62669355913628,-0.522280775413189,-0.304564488105825,-0.108977207331918,NaN,NaN,NaN,NaN,NaN,NaN,NaN,NaN,NaN
NaN,NaN,0.285495254890217,0.0751819651050027,-0.308050421187848,-0.611502179201731,-0.533279154852304,-0.305458948932937,-0.110572208999656,NaN,NaN,NaN,NaN,NaN,NaN,NaN,NaN,NaN
NaN,NaN,0.30178468276669,0.090053938649362,-0.27912564680931,-0.603431412275919,-0.541048806563291,-0.301208746604971,-0.117746186791919,NaN,NaN,NaN,NaN,NaN,NaN,NaN,NaN,NaN
NaN,NaN,0.309740803883566,0.110940058104461,-0.259502959558934,-0.592906032946,-0.543090358779106,-0.303927184068016,-0.115524200140499,NaN,NaN,NaN,NaN,NaN,NaN,NaN,NaN,NaN
NaN,NaN,0.326685826973213,0.127808526478475,-0.237341393837899,-0.575884026732335,-0.552091516956959,-0.297246937625459,-0.121486042975448,NaN,NaN,NaN,NaN,NaN,NaN,NaN,NaN,NaN
NaN,NaN,0.336203496650948,0.146448090992635,-0.20932838425991,-0.567891211506018,-0.551906276896868,-0.295881004058174,-0.123510272591375,NaN,NaN,NaN,NaN,NaN,NaN,NaN,NaN,NaN
NaN,NaN,0.346180177972807,0.167319588683313,-0.189103466579885,-0.547526222910771,-0.556253318146143,-0.29271836297994,-0.122339842258953,NaN,NaN,NaN,NaN,NaN,NaN,NaN,NaN,NaN
NaN,NaN,0.35956488524486,0.180034097604221,-0.160145630249948,-0.534602129157671,-0.559515014693413,-0.284054511212162,-0.128052668063901,NaN,NaN,NaN,NaN,NaN,NaN,NaN,NaN,NaN
NaN,NaN,0.364513132468952,0.199434068374103,-0.139274039427013,-0.520677124407181,-0.556413077220592,-0.284311630748562,-0.125047066598199,NaN,NaN,NaN,NaN,NaN,NaN,NaN,NaN,NaN
NaN,NaN,0.377350538716807,0.215914566389984,-0.117463153908223,-0.501384274359831,-0.560674921080742,-0.2743711219955,-0.128264674334787,NaN,NaN,NaN,NaN,NaN,NaN,NaN,NaN,NaN
NaN,NaN,0.384944952772154,0.232255142502254,-0.0890930938815776,-0.491256718780884,-0.557027712866936,-0.271736484937719,-0.1307224718621,NaN,NaN,NaN,NaN,NaN,NaN,NaN,NaN,NaN
NaN,NaN,0.390475574628605,0.252442080847686,-0.069856328079671,-0.471114372160324,-0.556740083202991,-0.267124854944996,-0.127881043939851,NaN,NaN,NaN,NaN,NaN,NaN,NaN,NaN,NaN
NaN,NaN,0.402061190203919,0.262412969343131,-0.0444952036535445,-0.456861951645502,-0.557057999477062,-0.259145935051492,-0.134167489944957,NaN,NaN,NaN,NaN,NaN,NaN,NaN,NaN,NaN
NaN,NaN,0.403522025541558,0.280237533472246,-0.023906865278453,-0.443867319520602,-0.549223825738106,-0.259651848100475,-0.130899404524826,NaN,NaN,NaN,NaN,NaN,NaN,NaN,NaN,NaN
NaN,NaN,0.413588337347998,0.295096077345079,-0.00387260795590313,-0.422720317985901,-0.551956549689445,-0.251429834388546,-0.133486097096466,NaN,NaN,NaN,NaN,NaN,NaN,NaN,NaN,NaN
NaN,NaN,0.418450157837166,0.308552254311508,0.0234881032908258,-0.412714206870684,-0.542309668317709,-0.249330465667299,-0.135980178951286,NaN,NaN,NaN,NaN,NaN,NaN,NaN,NaN,NaN
NaN,NaN,0.420712396250262,0.325743574969238,0.0403299544656572,-0.392678999599108,-0.539991736814651,-0.250322827123455,-0.132051376043819,NaN,NaN,NaN,NaN,NaN,NaN,NaN,NaN,NaN
NaN,NaN,0.428956333295597,0.332961306296056,0.0638960291350183,-0.379575272347817,-0.536024377152595,-0.244951535933069,-0.139479232369922,NaN,NaN,NaN,NaN,NaN,NaN,NaN,NaN,NaN
NaN,NaN,0.427128389225497,0.347977616213029,0.083047634800702,-0.367863611575255,-0.525697704807196,-0.249866125159315,-0.136649296968244,NaN,NaN,NaN,NaN,NaN,NaN,NaN,NaN,NaN
NaN,NaN,0.432975139216675,0.360223073832458,0.100059284707337,-0.346996994014868,-0.523759603902969,-0.245213479720405,-0.139333685277961,NaN,NaN,NaN,NaN,NaN,NaN,NaN,NaN,NaN
NaN,NaN,0.435409839944138,0.370095521531766,0.124836693396598,-0.337233976718077,-0.51304563175169,-0.248057887874893,-0.1442463187268,NaN,NaN,NaN,NaN,NaN,NaN,NaN,NaN,NaN
NaN,NaN,0.433399002746834,0.384527240268653,0.138755905320674,-0.318231922831425,-0.506220341131363,-0.253293597124866,-0.141620734124444,NaN,NaN,NaN,NaN,NaN,NaN,NaN,NaN,NaN
NaN,NaN,0.43877616126944,0.388704631797737,0.159628315707475,-0.304436148401389,-0.50152122269598,-0.252287303082994,-0.149422181188129,NaN,NaN,NaN,NaN,NaN,NaN,NaN,NaN,NaN
NaN,NaN,0.43489524696876,0.401382539741462,0.177250671079188,-0.29257424667109,-0.488329466834936,-0.260746580534033,-0.147767612128519,NaN,NaN,NaN,NaN,NaN,NaN,NaN,NaN,NaN
NaN,NaN,0.439052019016041,0.411945171974367,0.190228986432582,-0.270074331458697,-0.482760008827123,-0.261408527367166,-0.150970076560043,NaN,NaN,NaN,NaN,NaN,NaN,NaN,NaN,NaN
NaN,NaN,0.439848076299919,0.418813955358928,0.213239620318442,-0.25851414098967,-0.470441535517845,-0.268325348370126,-0.156781287281774,NaN,NaN,NaN,NaN,NaN,NaN,NaN,NaN,NaN
NaN,NaN,0.435109004126086,0.430867690913146,0.223785600503713,-0.239900895651469,-0.459684666648779,-0.279693108968786,-0.154375438927673,NaN,NaN,NaN,NaN,NaN,NaN,NaN,NaN,NaN
NaN,NaN,0.439834665254845,0.432586130074924,0.241494308104545,-0.222909865226635,-0.454147395149145,-0.283267860286287,-0.163270836113952,NaN,NaN,NaN,NaN,NaN,NaN,NaN,NaN,NaN
NaN,NaN,0.435537095860733,0.442976206861204,0.256246122410327,-0.208897241648325,-0.43777331005064,-0.29739073383098,-0.16343893983867,NaN,NaN,NaN,NaN,NaN,NaN,NaN,NaN,NaN
NaN,NaN,0.436741165564551,0.45094342934317,0.267700104852944,-0.185266123410353,-0.432089727774534,-0.303503450923017,-0.166936689405702,NaN,NaN,NaN,NaN,NaN,NaN,NaN,NaN,NaN
NaN,NaN,0.435738038019432,0.453576762549346,0.286646223505765,-0.173018840398678,-0.419934329048071,-0.316114732049755,-0.173499347059987,NaN,NaN,NaN,NaN,NaN,NaN,NaN,NaN,NaN
NaN,NaN,0.428625173614516,0.462451055966085,0.295600368520051,-0.15428469076384,-0.410255000397835,-0.331646100603393,-0.169865736155771,NaN,NaN,NaN,NaN,NaN,NaN,NaN,NaN,NaN
NaN,NaN,0.432171556846394,0.462583732180065,0.310503485491305,-0.134822936054358,-0.406240888342533,-0.338554185800604,-0.17853621894028,NaN,NaN,NaN,NaN,NaN,NaN,NaN,NaN,NaN
NaN,NaN,0.426740716890587,0.469245538435644,0.323952826550036,-0.120657724585423,-0.389928661689434,-0.354336974196485,-0.178873041062616,NaN,NaN,NaN,NaN,NaN,NaN,NaN,NaN,NaN
NaN,NaN,0.424978542820706,0.474897660635179,0.332839990844756,-0.0969509829543919,-0.387608606770906,-0.363488093935302,-0.180526473908685,NaN,NaN,NaN,NaN,NaN,NaN,NaN,NaN,NaN
NaN,NaN,0.422435100869431,0.473327748797601,0.350893734833032,-0.0852349077128262,-0.377455868229542,-0.375203703515581,-0.185826649307273,NaN,NaN,NaN,NaN,NaN,NaN,NaN,NaN,NaN
NaN,NaN,0.415441110477938,0.479191392980283,0.358668322553664,-0.0658365574442238,-0.370848749235544,-0.390419335089973,-0.181138818501495,NaN,NaN,NaN,NaN,NaN,NaN,NaN,NaN,NaN
NaN,NaN,0.41882577885796,0.477734823100036,0.369780677249461,-0.045609721239695,-0.368130628422174,-0.395035640322021,-0.188005459844135,NaN,NaN,NaN,NaN,NaN,NaN,NaN,NaN,NaN
NaN,NaN,0.411682907239689,0.480512194655603,0.382894406905204,-0.0325250488482804,-0.355060466036472,-0.407493346356205,-0.185688739060424,NaN,NaN,NaN,NaN,NaN,NaN,NaN,NaN,NaN
NaN,NaN,0.408213749275698,0.48497971179313,0.389037242969304,-0.00987679257620282,-0.354200780794296,-0.414436356149963,-0.184888081043027,NaN,NaN,NaN,NaN,NaN,NaN,NaN,NaN,NaN
NaN,NaN,0.406010407702221,0.480177346937126,0.404655652930766,0.0028981591797977,-0.347317040369186,-0.4214783282805,-0.190234673558734,NaN,NaN,NaN,NaN,NaN,NaN,NaN,NaN,NaN
NaN,NaN,0.39880649720241,0.484338738344377,0.409846081277161,0.0224026057161003,-0.340407222911987,-0.433842287384323,-0.186619856744073,NaN,NaN,NaN,NaN,NaN,NaN,NaN,NaN,NaN
NaN,NaN,0.399698629723086,0.479977745882934,0.419258027216226,0.0433015774227291,-0.339392938122425,-0.43489632102137,-0.194717035978101,NaN,NaN,NaN,NaN,NaN,NaN,NaN,NaN,NaN
NaN,NaN,0.39207914446403,0.480150115065044,0.430527533283263,0.055447010997644,-0.328019310191545,-0.44417603778129,-0.195609187125228,NaN,NaN,NaN,NaN,NaN,NaN,NaN,NaN,NaN
NaN,NaN,0.385733876125111,0.481150020234054,0.434546897997886,0.0798603098131328,-0.32830919365612,-0.448416964136413,-0.198694658814929,NaN,NaN,NaN,NaN,NaN,NaN,NaN,NaN,NaN
NaN,NaN,0.384200602517619,0.473527126334375,0.448906085332662,0.094751841131559,-0.323419861898098,-0.453206607126049,-0.210210779099725,NaN,NaN,NaN,NaN,NaN,NaN,NaN,NaN,NaN
NaN,NaN,0.374953668312325,0.475416090659564,0.453390366276532,0.115089188072792,-0.317158095941219,-0.463883754782728,-0.213304185657762,NaN,NaN,NaN,NaN,NaN,NaN,NaN,NaN,NaN
NaN,NaN,0.374291814611449,0.469454694859451,0.460712796887189,0.13686885565888,-0.318300344452534,-0.462366108768038,-0.226055202423595,NaN,NaN,NaN,NaN,NaN,NaN,NaN,NaN,NaN
NaN,NaN,0.364627834157242,0.467967633478111,0.47169415174964,0.150180156085601,-0.309551015898857,-0.470826000891975,-0.233653807430528,NaN,NaN,NaN,NaN,NaN,NaN,NaN,NaN,NaN
NaN,NaN,0.358094531790509,0.467583909950918,0.474472864409715,0.175685821775308,-0.310281694337997,-0.474976235054783,-0.24167938658502,NaN,NaN,NaN,NaN,NaN,NaN,NaN,NaN,NaN
NaN,NaN,0.356360465035929,0.45928515525884,0.486579052051335,0.192264574322811,-0.307150513336334,-0.478612304650596,-0.258353655575775,NaN,NaN,NaN,NaN,NaN,NaN,NaN,NaN,NaN
NaN,NaN,0.346284355716004,0.459736157528823,0.489743872424394,0.211724764410368,-0.299934123114023,-0.488219008766464,-0.264572487561963,NaN,NaN,NaN,NaN,NaN,NaN,NaN,NaN,NaN
NaN,NaN,0.343223005280985,0.454162229172653,0.495407226374179,0.234785522077194,-0.301251888677749,-0.486376238040975,-0.28003106394317,NaN,NaN,NaN,NaN,NaN,NaN,NaN,NaN,NaN
NaN,NaN,0.333701237783923,0.450753830693429,0.504122803797751,0.246943901035896,-0.293200176611814,-0.493681755833677,-0.28984586277511,NaN,NaN,NaN,NaN,NaN,NaN,NaN,NaN,NaN
NaN,NaN,0.326885949568047,0.44908542218036,0.504165123095542,0.272862682793251,-0.291984595760975,-0.497399334781221,-0.29676842072513,NaN,NaN,NaN,NaN,NaN,NaN,NaN,NaN,NaN
NaN,NaN,0.324934977785839,0.440114550612634,0.513417496224671,0.288571226153484,-0.289096396819029,-0.498283010892919,-0.31140164041426,NaN,NaN,NaN,NaN,NaN,NaN,NaN,NaN,NaN
NaN,NaN,0.313533913091912,0.439641625009244,0.514372418513328,0.306623256508222,-0.28011775802103,-0.505394496940426,-0.313024432747625,NaN,NaN,NaN,NaN,NaN,NaN,NaN,NaN,NaN
NaN,NaN,0.310352608309283,0.434022173605626,0.516488849064141,0.328594180498233,-0.280813120708141,-0.499954474144033,-0.322927856235765,NaN,NaN,NaN,NaN,NaN,NaN,NaN,NaN,NaN
NaN,NaN,0.300437636421217,0.427655559353298,0.523417181214124,0.340531854633203,-0.270356305346165,-0.501959872417501,-0.32666167744901,NaN,NaN,NaN,NaN,NaN,NaN,NaN,NaN,NaN
NaN,NaN,0.29268383582045,0.427062884293264,0.521623137285739,0.363371777091137,-0.266249396309528,-0.499692977391533,-0.325242341845296,NaN,NaN,NaN,NaN,NaN,NaN,NaN,NaN,NaN
NaN,NaN,0.289118993775143,0.417172257177299,0.527787729045182,0.378068773750177,-0.261310220167312,-0.492384479366592,-0.332780559896491,NaN,NaN,NaN,NaN,NaN,NaN,NaN,NaN,NaN
NaN,NaN,0.276083662853731,0.41649501802749,0.527121144225627,0.392792219970337,-0.247881349578771,-0.491147049688152,-0.325249717920087,NaN,NaN,NaN,NaN,NaN,NaN,NaN,NaN,NaN
NaN,NaN,0.271042972550883,0.410473868570989,0.526298078587085,0.41311697543036,-0.244944647357139,-0.476114888660959,-0.327208475559019,NaN,NaN,NaN,NaN,NaN,NaN,NaN,NaN,NaN
NaN,NaN,0.261822376147999,0.402427278779214,0.531984100928336,0.423433813009372,-0.22891163121191,-0.466789574347786,-0.322895241319202,NaN,NaN,NaN,NaN,NaN,NaN,NaN,NaN,NaN
NaN,NaN,0.252668536947264,0.402046572737163,0.527689772536784,0.442892811004034,-0.220366858348522,-0.455012422971777,-0.315475468873046,NaN,NaN,NaN,NaN,NaN,NaN,NaN,NaN,NaN
NaN,NaN,0.247270293281569,0.391959343425697,0.530931315263539,0.455304509703031,-0.209931835934791,-0.436313011668972,-0.316206668852828,NaN,NaN,NaN,NaN,NaN,NaN,NaN,NaN,NaN
NaN,NaN,0.234465818599953,0.390582736901706,0.529601852288276,0.466082482341638,-0.191033047095213,-0.423912246697,-0.304882699041627,NaN,NaN,NaN,NaN,NaN,NaN,NaN,NaN,NaN
NaN,NaN,0.228425372139706,0.384932626358932,0.525571013679534,0.483408267352691,-0.181805614784632,-0.401196395032457,-0.302386270253919,NaN,NaN,NaN,NaN,NaN,NaN,NaN,NaN,NaN
NaN,NaN,0.219510268167748,0.376951154641574,0.529795083096057,0.490770148787609,-0.160073630914364,-0.383127414606861,-0.295870607136749,NaN,NaN,NaN,NaN,NaN,NaN,NaN,NaN,NaN
NaN,NaN,0.208460051314129,0.376035739056533,0.521788502922088,0.506711746308914,-0.144214827969942,-0.365451638572267,-0.286513963132165,NaN,NaN,NaN,NaN,NaN,NaN,NaN,NaN,NaN
NaN,NaN,0.202784962699904,0.366420261882013,0.524171608378917,0.517052649263254,-0.126483172580871,-0.341744412653497,-0.28525986277964,NaN,NaN,NaN,NaN,NaN,NaN,NaN,NaN,NaN
NaN,NaN,0.189865842209353,0.363852661423152,0.520484539558917,0.52345979467403,-0.10110051597682,-0.327333685927442,-0.274459650157951,NaN,NaN,NaN,NaN,NaN,NaN,NaN,NaN,NaN
NaN,NaN,0.184120457367195,0.357074700616067,0.514600424906045,0.538607421074024,-0.083191667154703,-0.303148412131122,-0.270721041946672,NaN,NaN,NaN,NaN,NaN,NaN,NaN,NaN,NaN
NaN,NaN,0.175948679194941,0.348661225609249,0.516573152383595,0.543656586412302,-0.0565536435994242,-0.285045941345743,-0.265637436299585,NaN,NaN,NaN,NaN,NaN,NaN,NaN,NaN,NaN
NaN,NaN,0.163316871718659,0.347137227974599,0.507357510616809,0.555647848848215,-0.0328420963439082,-0.269823473863653,-0.256336168735288,NaN,NaN,NaN,NaN,NaN,NaN,NaN,NaN,NaN
NaN,NaN,0.158287320033802,0.337423999182647,0.507049466362029,0.563625744286886,-0.0103309866341685,-0.249888774924329,-0.255563245504163,NaN,NaN,NaN,NaN,NaN,NaN,NaN,NaN,NaN
NaN,NaN,0.146010495470061,0.332736801676219,0.502560417046577,0.565162799064031,0.0223401445594694,-0.239367512040189,-0.246915077208541,NaN,NaN,NaN,NaN,NaN,NaN,NaN,NaN,NaN
NaN,NaN,0.14043906305839,0.325896833412116,0.494732892950803,0.577406543049923,0.0449460815337564,-0.222633861922077,-0.243010581820272,NaN,NaN,NaN,NaN,NaN,NaN,NaN,NaN,NaN
NaN,NaN,0.130981873468651,0.316262878797716,0.495253297379046,0.577873247418514,0.0749850529876615,-0.210790977798752,-0.239692950039171,NaN,NaN,NaN,NaN,NaN,NaN,NaN,NaN,NaN
NaN,NaN,0.118376124398007,0.314771496079629,0.486177596142322,0.585158592764249,0.103269766613569,-0.20290107371693,-0.230635390966199,NaN,NaN,NaN,NaN,NaN,NaN,NaN,NaN,NaN
NaN,NaN,0.114477850244536,0.304328054509824,0.483663509478599,0.588429025117269,0.127866647734966,-0.190189004861168,-0.230965060531162,NaN,NaN,NaN,NaN,NaN,NaN,NaN,NaN,NaN
NaN,NaN,0.103447451935305,0.29780622603721,0.479156243493586,0.586754637513271,0.164717126235094,-0.188321479581646,-0.222889935015701,NaN,NaN,NaN,NaN,NaN,NaN,NaN,NaN,NaN
NaN,NaN,0.0976383273761409,0.290207937679952,0.469195282896787,0.594863402400127,0.189372736558047,-0.179599643670372,-0.218626247136854,NaN,NaN,NaN,NaN,NaN,NaN,NaN,NaN,NaN
NaN,NaN,0.090204920367493,0.280414410255617,0.469829420437842,0.591291761700025,0.221845440163937,-0.173367344759754,-0.216243905364536,NaN,NaN,NaN,NaN,NaN,NaN,NaN,NaN,NaN
NaN,NaN,0.0782588084499973,0.276773646794027,0.459002795507937,0.593298724595419,0.251583724811402,-0.173606880925945,-0.207675998448394,NaN,NaN,NaN,NaN,NaN,NaN,NaN,NaN,NaN
NaN,NaN,0.0760862377743858,0.264506228588289,0.455398409506112,0.594491953704467,0.278300705894556,-0.167343475841335,-0.209245835780166,NaN,NaN,NaN,NaN,NaN,NaN,NaN,NaN,NaN
NaN,NaN,0.066079120830788,0.255088806472486,0.448875649710923,0.590493357483259,0.313587326153841,-0.170939815216116,-0.202978053479455,NaN,NaN,NaN,NaN,NaN,NaN,NaN,NaN,NaN
NaN,NaN,0.0597942767005103,0.247347969881957,0.438262502541572,0.595749965611806,0.337618540569868,-0.167435583643964,-0.199878611951135,NaN,NaN,NaN,NaN,NaN,NaN,NaN,NaN,NaN
NaN,NaN,0.0536233705740112,0.234740246407455,0.436972099235087,0.590186728838792,0.366303015097704,-0.166437317602686,-0.200538435368799,NaN,NaN,NaN,NaN,NaN,NaN,NaN,NaN,NaN
NaN,NaN,0.0424433459799426,0.230273176304763,0.426307766577035,0.58880960077416,0.394546210363236,-0.172013071351103,-0.193647523759864,NaN,NaN,NaN,NaN,NaN,NaN,NaN,NaN,NaN
NaN,NaN,0.040835417554869,0.216055792145198,0.421281511774093,0.588415260169616,0.417536131635037,-0.169824928962043,-0.197492898791097,NaN,NaN,NaN,NaN,NaN,NaN,NaN,NaN,NaN
NaN,NaN,0.0309842226367133,0.206252094678348,0.41587619005683,0.581463346932045,0.448394741460409,-0.1763516561914,-0.194011782645248,NaN,NaN,NaN,NaN,NaN,NaN,NaN,NaN,NaN
NaN,NaN,0.0243747567098277,0.198668930999702,0.404624025216132,0.584527416828981,0.467780630632963,-0.175638970904402,-0.193309863447212,NaN,NaN,NaN,NaN,NaN,NaN,NaN,NaN,NaN
NaN,NaN,0.0207445171933311,0.185040813259548,0.403152777692109,0.576152833852878,0.490215856179323,-0.177530896835378,-0.198043813346885,NaN,NaN,NaN,NaN,NaN,NaN,NaN,NaN,NaN
NaN,NaN,0.010040547446503,0.180054474942153,0.392358581414252,0.572604979131332,0.514268137111988,-0.186376188867143,-0.194795322953723,NaN,NaN,NaN,NaN,NaN,NaN,NaN,NaN,NaN
NaN,NaN,0.00922159825374062,0.166104752890533,0.385483763059407,0.570856681767812,0.529976512834158,-0.184815478496603,-0.201524221687578,NaN,NaN,NaN,NaN,NaN,NaN,NaN,NaN,NaN
NaN,NaN,0.000734083102239917,0.155476406536764,0.379836204340487,0.561741287562957,0.554221540286865,-0.193082381956629,-0.202480131178163,NaN,NaN,NaN,NaN,NaN,NaN,NaN,NaN,NaN
NaN,NaN,-0.00422683010886734,0.148454346082872,0.366761590232879,0.561778354201427,0.566280416741696,-0.19490620958095,-0.203036056249402,NaN,NaN,NaN,NaN,NaN,NaN,NaN,NaN,NaN
NaN,NaN,-0.00483647386621063,0.134446770272916,0.362429655035764,0.553228328678718,0.581371418729153,-0.198770583592704,-0.21083180361893,NaN,NaN,NaN,NaN,NaN,NaN,NaN,NaN,NaN
NaN,NaN,-0.0146807397444112,0.127851292811101,0.351623575081855,0.546913793984762,0.599193002626028,-0.20830537097936,-0.208981954841875,NaN,NaN,NaN,NaN,NaN,NaN,NaN,NaN,NaN
NaN,NaN,-0.0151769856650693,0.114802532218164,0.341903845658332,0.54472362131249,0.607020936503735,-0.208213430814794,-0.216644523083232,NaN,NaN,NaN,NaN,NaN,NaN,NaN,NaN,NaN
NaN,NaN,-0.0219590815443856,0.103607066295808,0.336271877279311,0.534316352311483,0.622585534646836,-0.216072545372299,-0.218000416993164,NaN,NaN,NaN,NaN,NaN,NaN,NaN,NaN,NaN
NaN,NaN,-0.0260983261008126,0.0962059389275964,0.321120935370952,0.533773353997579,0.628448918059197,-0.217925355755142,-0.216537514119409,NaN,NaN,NaN,NaN,NaN,NaN,NaN,NaN,NaN
NaN,NaN,-0.0262066761691434,0.0826198238355573,0.316959525337249,0.525174247775188,0.636407255723801,-0.219615855239681,-0.223408048390411,NaN,NaN,NaN,NaN,NaN,NaN,NaN,NaN,NaN
NaN,NaN,-0.0354035610992772,0.0763601999206003,0.304173975130349,0.51829477280747,0.647675048157301,-0.227199112050585,-0.219347258447669,NaN,NaN,NaN,NaN,NaN,NaN,NaN,NaN,NaN
NaN,NaN,-0.036106411619888,0.0639127198082861,0.293190627237588,0.514974384311548,0.647046666189757,-0.224001676760963,-0.22335635998752,NaN,NaN,NaN,NaN,NaN,NaN,NaN,NaN,NaN
NaN,NaN,-0.0416428821821076,0.0526261146587785,0.285966767808228,0.503445989195219,0.655009958490458,-0.22788566442614,-0.221529235481285,NaN,NaN,NaN,NaN,NaN,NaN,NaN,NaN,NaN
NaN,NaN,-0.0459129403073651,0.0461667220515665,0.269880237867862,0.500772497359624,0.65414101590189,-0.22542604150658,-0.21621937432792,NaN,NaN,NaN,NaN,NaN,NaN,NaN,NaN,NaN
NaN,NaN,-0.0449815618533951,0.0339999798161443,0.263571533253222,0.492749414149633,0.655586577549305,-0.21997432129865,-0.220171404420398,NaN,NaN,NaN,NaN,NaN,NaN,NaN,NaN,NaN
NaN,NaN,-0.0542211944897038,0.0280421044153627,0.25005165382269,0.483933738175741,0.660154118731346,-0.221745287053636,-0.213105311035179,NaN,NaN,NaN,NaN,NaN,NaN,NaN,NaN,NaN
NaN,NaN,-0.0535657669145924,0.0177689458651002,0.236977337738305,0.481726391915193,0.652747533812847,-0.212421351097873,-0.213767909794115,NaN,NaN,NaN,NaN,NaN,NaN,NaN,NaN,NaN
NaN,NaN,-0.0574263597566945,0.00779239492840134,0.229209548672467,0.468865013424268,0.654787130251255,-0.207729049943737,-0.210765381692909,NaN,NaN,NaN,NaN,NaN,NaN,NaN,NaN,NaN
NaN,NaN,-0.0615285004217488,0.00306205856031738,0.212554260035783,0.466769612137189,0.649800270393219,-0.198090215199045,-0.204437324195169,NaN,NaN,NaN,NaN,NaN,NaN,NaN,NaN,NaN
NaN,NaN,-0.0606736394305093,-0.00783171472721733,0.204237772961884,0.458675245497337,0.646069485291567,-0.183894009314827,-0.207746648578905,NaN,NaN,NaN,NaN,NaN,NaN,NaN,NaN,NaN
NaN,NaN,-0.0700447003085477,-0.0120171156304423,0.190995502164393,0.449571027163377,0.64643661265048,-0.178404049001983,-0.200529420166276,NaN,NaN,NaN,NaN,NaN,NaN,NaN,NaN,NaN
NaN,NaN,-0.069351274772392,-0.0201710124092642,0.176786518534451,0.447807959023824,0.634954392507401,-0.160698023610166,-0.200326317339204,NaN,NaN,NaN,NaN,NaN,NaN,NaN,NaN,NaN
NaN,NaN,-0.0716820399005276,-0.0281755809264723,0.169176011225015,0.435261106792799,0.633942510530081,-0.146957606993965,-0.198069052188657,NaN,NaN,NaN,NaN,NaN,NaN,NaN,NaN,NaN
NaN,NaN,-0.0760773422856194,-0.0297253948228899,0.152603032877475,0.431946567002645,0.626907765462723,-0.130019866846851,-0.193352387635969,NaN,NaN,NaN,NaN,NaN,NaN,NaN,NaN,NaN
NaN,NaN,-0.0746236781318051,-0.0390532423334662,0.145359466662436,0.424105855379215,0.619971572950211,-0.107755054705194,-0.197525346069597,NaN,NaN,NaN,NaN,NaN,NaN,NaN,NaN,NaN
NaN,NaN,-0.0826830456693036,-0.0404402051644865,0.133849921515017,0.414051632139793,0.616927191212502,-0.0943265752721345,-0.191331901936792,NaN,NaN,NaN,NaN,NaN,NaN,NaN,NaN,NaN
NaN,NaN,-0.0820024723846776,-0.0455458272772375,0.12080328433755,0.411354931745639,0.604009579464522,-0.0671157138276612,-0.189731349586509,NaN,NaN,NaN,NaN,NaN,NaN,NaN,NaN,NaN
NaN,NaN,-0.0830626900036198,-0.0517367009597365,0.114412474324733,0.398343349549881,0.602285328849879,-0.0442564384866273,-0.189921376644634,NaN,NaN,NaN,NaN,NaN,NaN,NaN,NaN,NaN
NaN,NaN,-0.0877882766265733,-0.0502333786862437,0.0997262437546548,0.393683402541986,0.595636374845829,-0.0202376479137456,-0.183956385939382,NaN,NaN,NaN,NaN,NaN,NaN,NaN,NaN,NaN
NaN,NaN,-0.0851954186994893,-0.0567424852924887,0.0927754667306241,0.385323292318693,0.585263397142019,0.0103374114405597,-0.187841845094226,NaN,NaN,NaN,NaN,NaN,NaN,NaN,NaN,NaN
NaN,NaN,-0.0916527810234887,-0.0569686476665083,0.0820574153864679,0.37303234890472,0.582615814700451,0.031252141125151,-0.180022348999046,NaN,NaN,NaN,NaN,NaN,NaN,NaN,NaN,NaN
NaN,NaN,-0.0909914488632542,-0.0596828941779677,0.0682655152583417,0.369222848419061,0.571119680598107,0.0659285774599994,-0.176814240752719,NaN,NaN,NaN,NaN,NaN,NaN,NaN,NaN,NaN
NaN,NaN,-0.0900624173421723,-0.0653969307022635,0.0638110552633104,0.354453301731458,0.568572830006209,0.0955398483347381,-0.175277372240089,NaN,NaN,NaN,NaN,NaN,NaN,NaN,NaN,NaN
NaN,NaN,-0.0948663281936509,-0.0622274723427836,0.0504328299963769,0.348920351568571,0.564286101206866,0.125177047229954,-0.165614583878778,NaN,NaN,NaN,NaN,NaN,NaN,NaN,NaN,NaN
NaN,NaN,-0.0903151224095685,-0.0675794106500689,0.0435944449806508,0.339960693124643,0.55225661729249,0.160269542611786,-0.167074730037712,NaN,NaN,NaN,NaN,NaN,NaN,NaN,NaN,NaN
NaN,NaN,-0.09623455281447,-0.0680066269414965,0.0356157113516626,0.325620989058128,0.553288150176134,0.186509295381256,-0.154354782192968,NaN,NaN,NaN,NaN,NaN,NaN,NaN,NaN,NaN
NaN,NaN,-0.0948526936311585,-0.0699722763674799,0.0226400968337354,0.32199322685968,0.5428068969098,0.224039415843436,-0.147396684973501,NaN,NaN,NaN,NaN,NaN,NaN,NaN,NaN,NaN
NaN,NaN,-0.0941082874972684,-0.0758530010061804,0.020635704388648,0.306668109003416,0.54045836214694,0.256035636193701,-0.142554701655172,NaN,NaN,NaN,NaN,NaN,NaN,NaN,NaN,NaN
NaN,NaN,-0.0992315674860341,-0.0723733004706446,0.00868875428083508,0.298845073882452,0.535611535951224,0.286470289356657,-0.128758014529012,NaN,NaN,NaN,NaN,NaN,NaN,NaN,NaN,NaN
NaN,NaN,-0.0956901202638013,-0.0777300816553179,0.00295635207536786,0.289559769187084,0.525111153319206,0.323136235601851,-0.125080333440565,NaN,NaN,NaN,NaN,NaN,NaN,NaN,NaN,NaN
NaN,NaN,-0.101294018580423,-0.0780296322482172,-0.0026512342786494,0.273580322716346,0.526988252594795,0.350419889218756,-0.109718037187122,NaN,NaN,NaN,NaN,NaN,NaN,NaN,NaN,NaN
NaN,NaN,-0.100656956686483,-0.0786801424401347,-0.01383477927205,0.268253716383091,0.516597598388519,0.384662291980931,-0.0995762137463316,NaN,NaN,NaN,NaN,NaN,NaN,NaN,NaN,NaN
NaN,NaN,-0.100105148061023,-0.0837893780844752,-0.0140926066136065,0.253480444405189,0.513875007226792,0.417037635124871,-0.0940621694317088,NaN,NaN,NaN,NaN,NaN,NaN,NaN,NaN,NaN
NaN,NaN,-0.105299487962232,-0.0797832940297667,-0.0245319689905348,0.243801767680755,0.50979486440095,0.442344668335863,-0.0792185080936179,NaN,NaN,NaN,NaN,NaN,NaN,NaN,NaN,NaN
NaN,NaN,-0.101722166194425,-0.084964595414931,-0.0289596255218688,0.233585885468832,0.501047435745325,0.475753909922787,-0.0750455124070868,NaN,NaN,NaN,NaN,NaN,NaN,NaN,NaN,NaN
NaN,NaN,-0.106268566354023,-0.0862518694775645,-0.0326354439651671,0.216577495191207,0.503488171443072,0.497172019458958,-0.0616237943759188,NaN,NaN,NaN,NaN,NaN,NaN,NaN,NaN,NaN
NaN,NaN,-0.106718674554334,-0.0863105241733138,-0.0412958870923224,0.209959312085023,0.493596035584536,0.526350579239079,-0.0534766217460856,NaN,NaN,NaN,NaN,NaN,NaN,NaN,NaN,NaN
NaN,NaN,-0.104774166150795,-0.0920177992957179,-0.042169970581502,0.194098665121904,0.488943576410141,0.551286983318278,-0.0506509331753477,NaN,NaN,NaN,NaN,NaN,NaN,NaN,NaN,NaN
NaN,NaN,-0.111035280181871,-0.0898745652812067,-0.0498378659879866,0.183192076835743,0.486080616309967,0.568981329925009,-0.038552233367227,NaN,NaN,NaN,NaN,NaN,NaN,NaN,NaN,NaN
NaN,NaN,-0.107768181963669,-0.0951858047919814,-0.05438434065339,0.172457522455564,0.477649017765846,0.593850622899481,-0.0363983636489138,NaN,NaN,NaN,NaN,NaN,NaN,NaN,NaN,NaN
NaN,NaN,-0.113338552667604,-0.0981781628506724,-0.0551321181750003,0.155192124400249,0.479279931232062,0.607997207916924,-0.0268795018782839,NaN,NaN,NaN,NaN,NaN,NaN,NaN,NaN,NaN
NaN,NaN,-0.113720376296745,-0.0972921956854407,-0.0647037486827079,0.148935536596885,0.468475900187817,0.626295964248129,-0.0207887639990076,NaN,NaN,NaN,NaN,NaN,NaN,NaN,NaN,NaN
NaN,NaN,-0.111711289985882,-0.105092301644618,-0.0640921864008609,0.132935247126928,0.463651146337118,0.641342635281035,-0.019759633927606,NaN,NaN,NaN,NaN,NaN,NaN,NaN,NaN,NaN
NaN,NaN,-0.117384162052379,-0.103700123407179,-0.0699271644746962,0.120842302892318,0.460886645659533,0.649244758315035,-0.00965439283754675,NaN,NaN,NaN,NaN,NaN,NaN,NaN,NaN,NaN
NaN,NaN,-0.115158878519045,-0.108921285398537,-0.0739862594103518,0.111178229305854,0.451416976347294,0.663963343031355,-0.00892200076486914,NaN,NaN,NaN,NaN,NaN,NaN,NaN,NaN,NaN
NaN,NaN,-0.119557831688629,-0.112985632993514,-0.0732832226252261,0.0936757910288482,0.451759181514111,0.669130581445643,-0.00161085778381675,NaN,NaN,NaN,NaN,NaN,NaN,NaN,NaN,NaN
NaN,NaN,-0.120343029751287,-0.112054310418898,-0.0834265548085872,0.0876731935180336,0.44146033708724,0.676067053354927,0.00495751819107682,NaN,NaN,NaN,NaN,NaN,NaN,NaN,NaN,NaN
NaN,NaN,-0.118061643346058,-0.120587199606234,-0.0813035304939452,0.0713747876919418,0.43633662869009,0.682134079761454,0.0051644021878019,NaN,NaN,NaN,NaN,NaN,NaN,NaN,NaN,NaN
NaN,NaN,-0.124744255347953,-0.119744967349106,-0.0876815441345874,0.058160978112331,0.434557858451929,0.680749780512997,0.0155584091553465,NaN,NaN,NaN,NaN,NaN,NaN,NaN,NaN,NaN
NaN,NaN,-0.122567810370432,-0.124784856714541,-0.0915797810351554,0.0498158435560375,0.423660900041189,0.685705422438332,0.0154993260512128,NaN,NaN,NaN,NaN,NaN,NaN,NaN,NaN,NaN
NaN,NaN,-0.125716686501012,-0.12935886127525,-0.0917705531513396,0.0326334822214752,0.421436622336235,0.682197148926207,0.0209189528832212,NaN,NaN,NaN,NaN,NaN,NaN,NaN,NaN,NaN
NaN,NaN,-0.126851149155603,-0.129087213106686,-0.101549365678996,0.0267645667530208,0.410971220180121,0.679061274058768,0.0275245631346479,NaN,NaN,NaN,NaN,NaN,NaN,NaN,NaN,NaN
NaN,NaN,-0.1236414576609,-0.138367674924666,-0.100098961154193,0.0132813628054767,0.404315616532889,0.677097133375355,0.0267138840863481,NaN,NaN,NaN,NaN,NaN,NaN,NaN,NaN,NaN
NaN,NaN,-0.130749162538753,-0.137947313167388,-0.105652344534368,-0.0011664678119511,0.401280361756411,0.66734667030687,0.0356269577750936,NaN,NaN,NaN,NaN,NaN,NaN,NaN,NaN,NaN
NaN,NaN,-0.128478877498613,-0.143218226410681,-0.110477955201835,-0.00641422837603992,0.386996946826306,0.663189972765394,0.0351089934119955,NaN,NaN,NaN,NaN,NaN,NaN,NaN,NaN,NaN
NaN,NaN,-0.130045213057504,-0.147385019488866,-0.111264643380612,-0.0218747605346531,0.382223397090759,0.65163417813892,0.0384825790533796,NaN,NaN,NaN,NaN,NaN,NaN,NaN,NaN,NaN
NaN,NaN,-0.131337534888492,-0.146418045886094,-0.120918621430368,-0.0262991946898789,0.371225408807125,0.639904505587765,0.0433833101997152,NaN,NaN,NaN,NaN,NaN,NaN,NaN,NaN,NaN
NaN,NaN,-0.127582591279255,-0.155834424920613,-0.120087471911878,-0.0378247585855813,0.360724132105436,0.632176670260378,0.0408257493982091,NaN,NaN,NaN,NaN,NaN,NaN,NaN,NaN,NaN
NaN,NaN,-0.135585539295183,-0.154909304954344,-0.124955644021005,-0.0501903195642323,0.35544606630477,0.615182007677504,0.0477823937544599,NaN,NaN,NaN,NaN,NaN,NaN,NaN,NaN,NaN
NaN,NaN,-0.132265039040552,-0.158478449709946,-0.131625217506856,-0.0535488177799077,0.33807377104434,0.60623549950833,0.0463603200623765,NaN,NaN,NaN,NaN,NaN,NaN,NaN,NaN,NaN
NaN,NaN,-0.132869709535347,-0.16340961647802,-0.130679291794271,-0.06799046441544,0.330624941333857,0.588925118572661,0.046020126552321,NaN,NaN,NaN,NaN,NaN,NaN,NaN,NaN,NaN
NaN,NaN,-0.135580547406183,-0.162003710545832,-0.141170472959251,-0.0723211702667565,0.317684940591183,0.573966643787571,0.0500224666902795,NaN,NaN,NaN,NaN,NaN,NaN,NaN,NaN,NaN
NaN,NaN,-0.131931029512392,-0.170026309468085,-0.141980406949491,-0.0844956238530964,0.30432495062026,0.562984897769638,0.0447409922489896,NaN,NaN,NaN,NaN,NaN,NaN,NaN,NaN,NaN
NaN,NaN,-0.139298517509208,-0.168143454618985,-0.145759229669541,-0.0945672441982121,0.295686114176836,0.543299849159666,0.0491905162343755,NaN,NaN,NaN,NaN,NaN,NaN,NaN,NaN,NaN
NaN,NaN,-0.134519808246599,-0.17067640987807,-0.153541659126252,-0.0979941201173157,0.276955224171009,0.531619722969481,0.0465471433708444,NaN,NaN,NaN,NaN,NaN,NaN,NaN,NaN,NaN
NaN,NaN,-0.134185854597793,-0.174851044692332,-0.153079406479568,-0.109806400980839,0.267867695137587,0.515108286417671,0.0431672619888559,NaN,NaN,NaN,NaN,NaN,NaN,NaN,NaN,NaN
NaN,NaN,-0.136867225422369,-0.172829236515099,-0.164024048606128,-0.113699143078217,0.253694120391932,0.498626074768254,0.0459304774412885,NaN,NaN,NaN,NaN,NaN,NaN,NaN,NaN,NaN
NaN,NaN,-0.131913949056373,-0.179000477917725,-0.164826997677058,-0.121921287175307,0.238425552442398,0.489117494798847,0.0382946567842737,NaN,NaN,NaN,NaN,NaN,NaN,NaN,NaN,NaN
NaN,NaN,-0.13821900288652,-0.177222750760848,-0.168865305492848,-0.130135757174382,0.227469548180428,0.470528836376616,0.0415532799670472,NaN,NaN,NaN,NaN,NaN,NaN,NaN,NaN,NaN
NaN,NaN,-0.133641757323251,-0.178632661380107,-0.17547845945713,-0.129875154491553,0.207873757526007,0.460899482495734,0.0371752443024888,NaN,NaN,NaN,NaN,NaN,NaN,NaN,NaN,NaN
NaN,NaN,-0.132762700571523,-0.182199496455723,-0.175086596170634,-0.140847028490195,0.196472655579176,0.44763770980353,0.0331537002930417,NaN,NaN,NaN,NaN,NaN,NaN,NaN,NaN,NaN
NaN,NaN,-0.136722088112341,-0.179089512355858,-0.184130278537244,-0.143465907570013,0.181490208551016,0.433141916073509,0.0354535641381517,NaN,NaN,NaN,NaN,NaN,NaN,NaN,NaN,NaN
NaN,NaN,-0.131606277330623,-0.183262731559807,-0.18349092558977,-0.14796199768413,0.162577077343788,0.425877059824415,0.0282276557991281,NaN,NaN,NaN,NaN,NaN,NaN,NaN,NaN,NaN
NaN,NaN,-0.137124195947157,-0.180745124496752,-0.187238698015184,-0.156341553922781,0.150766901269283,0.411083578146645,0.0309987316140905,NaN,NaN,NaN,NaN,NaN,NaN,NaN,NaN,NaN
NaN,NaN,-0.132825285448538,-0.180518459208542,-0.19367480755803,-0.154674356129059,0.1302161138204,0.405153567917296,0.0271558525273576,NaN,NaN,NaN,NaN,NaN,NaN,NaN,NaN,NaN
NaN,NaN,-0.131744019939409,-0.183189604111249,-0.190687795290917,-0.165198729630598,0.117113113000717,0.396266124225804,0.0247175196418538,NaN,NaN,NaN,NaN,NaN,NaN,NaN,NaN,NaN
NaN,NaN,-0.135482479139076,-0.178265235997969,-0.19880088151452,-0.167102557864079,0.101670220091667,0.386094293571659,0.0278942981967703,NaN,NaN,NaN,NaN,NaN,NaN,NaN,NaN,NaN
NaN,NaN,-0.12965623687099,-0.181078463472659,-0.19861478463766,-0.169681669469962,0.0815092283931639,0.383491898901411,0.0236178511986509,NaN,NaN,NaN,NaN,NaN,NaN,NaN,NaN,NaN
NaN,NaN,-0.134117644532428,-0.178391653724248,-0.200391561845512,-0.177288470115551,0.0712054665830995,0.373876999146887,0.0273624385008589,NaN,NaN,NaN,NaN,NaN,NaN,NaN,NaN,NaN
NaN,NaN,-0.129667263730274,-0.175507906504208,-0.205390715161532,-0.173924011435399,0.0507928687778379,0.37086446864123,0.027159913093783,NaN,NaN,NaN,NaN,NaN,NaN,NaN,NaN,NaN
NaN,NaN,-0.12887288282703,-0.177609119244153,-0.20139044255969,-0.182869383391032,0.0378533150699999,0.367078344352194,0.0269861469278112,NaN,NaN,NaN,NaN,NaN,NaN,NaN,NaN,NaN
NaN,NaN,-0.131925981744037,-0.171824339457089,-0.208075960288018,-0.183560890402684,0.0232036482242014,0.360658234931179,0.0340539911994711,NaN,NaN,NaN,NaN,NaN,NaN,NaN,NaN,NaN
NaN,NaN,-0.125883113845096,-0.175133142300183,-0.207170081446141,-0.184852727945933,0.00429731567176835,0.363090979881235,0.0337002562591806,NaN,NaN,NaN,NaN,NaN,NaN,NaN,NaN,NaN
NaN,NaN,-0.130507502957092,-0.171292721905047,-0.206896365741462,-0.191407245840916,-0.0048108514699076,0.356810010052868,0.0409530611941591,NaN,NaN,NaN,NaN,NaN,NaN,NaN,NaN,NaN
NaN,NaN,-0.127679243936048,-0.167746506311232,-0.211888832161397,-0.188120571222195,-0.0239267129751776,0.357213216848322,0.0463749604532495,NaN,NaN,NaN,NaN,NaN,NaN,NaN,NaN,NaN
NaN,NaN,-0.126829635604129,-0.170235223748023,-0.206168332258433,-0.19535523399342,-0.0370235484394167,0.356027252055355,0.0512766974279657,NaN,NaN,NaN,NaN,NaN,NaN,NaN,NaN,NaN
NaN,NaN,-0.130885247393356,-0.165134500392014,-0.212121420661182,-0.196487517353186,-0.0502996076199148,0.351980878986069,0.0633659349987284,NaN,NaN,NaN,NaN,NaN,NaN,NaN,NaN,NaN
NaN,NaN,-0.125252608462082,-0.168244074709946,-0.210586116770476,-0.197159224446902,-0.0665591400417422,0.357926572687575,0.0686935099074617,NaN,NaN,NaN,NaN,NaN,NaN,NaN,NaN,NaN
NaN,NaN,-0.129984434946285,-0.165137722768122,-0.208274723151893,-0.202771839942822,-0.0736038875135515,0.354068028755137,0.0801617043325678,NaN,NaN,NaN,NaN,NaN,NaN,NaN,NaN,NaN
NaN,NaN,-0.129110872997747,-0.160876642592484,-0.212134682694644,-0.199443833228239,-0.0900442082735632,0.356998863644549,0.0916059823939577,NaN,NaN,NaN,NaN,NaN,NaN,NaN,NaN,NaN
NaN,NaN,-0.127224572255121,-0.163132007844979,-0.206057989159793,-0.205164817418942,-0.100004535571012,0.358896880425164,0.100678349495865,NaN,NaN,NaN,NaN,NaN,NaN,NaN,NaN,NaN
NaN,NaN,-0.131015520795093,-0.158192589558894,-0.209533945778579,-0.206179325725922,-0.108195722505722,0.356478906251141,0.117400134564377,NaN,NaN,NaN,NaN,NaN,NaN,NaN,NaN,NaN
NaN,NaN,-0.125286899759279,-0.160809419729048,-0.207884331355065,-0.205460530962834,-0.120503560111198,0.364208306200453,0.125316991121508,NaN,NaN,NaN,NaN,NaN,NaN,NaN,NaN,NaN
NaN,NaN,-0.12954414288591,-0.158805660583312,-0.203049817243785,-0.21114836006988,-0.12506111751524,0.360373622752377,0.139180714846589,NaN,NaN,NaN,NaN,NaN,NaN,NaN,NaN,NaN
NaN,NaN,-0.129360839976774,-0.154763608850772,-0.20785318792817,-0.207299390133509,-0.137688137993488,0.362381423838087,0.154022550792433,NaN,NaN,NaN,NaN,NaN,NaN,NaN,NaN,NaN
NaN,NaN,-0.126083404077993,-0.158725715853507,-0.201004074076385,-0.212548231031784,-0.144630104705963,0.362305111266323,0.16298593452666,NaN,NaN,NaN,NaN,NaN,NaN,NaN,NaN,NaN
NaN,NaN,-0.130500629796491,-0.154832657106454,-0.204449297050208,-0.214259238239417,-0.147996873066101,0.358457054026076,0.180144882411696,NaN,NaN,NaN,NaN,NaN,NaN,NaN,NaN,NaN
NaN,NaN,-0.125432838006721,-0.157690792955691,-0.200794675508708,-0.212002811279187,-0.158535011515293,0.363546061344096,0.188472750247456,NaN,NaN,NaN,NaN,NaN,NaN,NaN,NaN,NaN
NaN,NaN,-0.129215814425455,-0.156186148204142,-0.196626951107949,-0.218211249705443,-0.161052059784803,0.357505484498688,0.203094663680531,NaN,NaN,NaN,NaN,NaN,NaN,NaN,NaN,NaN
NaN,NaN,-0.129251670344577,-0.15288798106485,-0.199682173440427,-0.213913494046816,-0.169589139923725,0.354578598416992,0.218298225314356,NaN,NaN,NaN,NaN,NaN,NaN,NaN,NaN,NaN
NaN,NaN,-0.125523288055168,-0.157579350896413,-0.193888136306972,-0.219286554750094,-0.174371015683088,0.352175059742876,0.226194909424521,NaN,NaN,NaN,NaN,NaN,NaN,NaN,NaN,NaN
NaN,NaN,-0.129764549686418,-0.153133645333583,-0.195158180901975,-0.221173004504332,-0.17466173733798,0.344088981873938,0.243830377818085,NaN,NaN,NaN,NaN,NaN,NaN,NaN,NaN,NaN
NaN,NaN,-0.124488290651546,-0.155952945031459,-0.192623772779674,-0.217511733319649,-0.184448037699137,0.345276772059151,0.252812257618643,NaN,NaN,NaN,NaN,NaN,NaN,NaN,NaN,NaN
NaN,NaN,-0.127308968706833,-0.154387298651272,-0.187519454518527,-0.223293327983508,-0.184782401129875,0.33523292375321,0.266999466926791,NaN,NaN,NaN,NaN,NaN,NaN,NaN,NaN,NaN
NaN,NaN,-0.126279317094789,-0.151370968349511,-0.191153773227901,-0.220043123956809,-0.190945595905456,0.326181734926649,0.280717680812813,NaN,NaN,NaN,NaN,NaN,NaN,NaN,NaN,NaN
NaN,NaN,-0.121078010900722,-0.156052615173394,-0.186041613230676,-0.225776550617108,-0.193295397267017,0.320920898593613,0.286110485554673,NaN,NaN,NaN,NaN,NaN,NaN,NaN,NaN,NaN
NaN,NaN,-0.126267936332927,-0.152741036989028,-0.18731016770956,-0.228181374516377,-0.191853113875065,0.308547309614369,0.30168689286802,NaN,NaN,NaN,NaN,NaN,NaN,NaN,NaN,NaN
NaN,NaN,-0.120556023224102,-0.154348462499911,-0.187642985144824,-0.2251529929005,-0.200459186390314,0.303846384413191,0.310150603414513,NaN,NaN,NaN,NaN,NaN,NaN,NaN,NaN,NaN
NaN,NaN,-0.121596906586395,-0.154471136309439,-0.183331427285642,-0.231284690346608,-0.199057508662615,0.288985642619082,0.320399938733317,NaN,NaN,NaN,NaN,NaN,NaN,NaN,NaN,NaN
NaN,NaN,-0.120478797956215,-0.151992086000973,-0.187641141126126,-0.229793326254973,-0.202838901832971,0.274283523685881,0.331372110755183,NaN,NaN,NaN,NaN,NaN,NaN,NaN,NaN,NaN
NaN,NaN,-0.114667587234483,-0.157668012805516,-0.184460804918975,-0.233658706095108,-0.205001693621549,0.264020963586518,0.334946526796557,NaN,NaN,NaN,NaN,NaN,NaN,NaN,NaN,NaN
NaN,NaN,-0.119016826405035,-0.155648830957944,-0.186102689365119,-0.235900976952204,-0.202650737419996,0.246305773980566,0.348467561067082,NaN,NaN,NaN,NaN,NaN,NaN,NaN,NaN,NaN
NaN,NaN,-0.112802073611723,-0.155186913587386,-0.187697579274148,-0.232438971545586,-0.210670207098398,0.236321157790371,0.355902439565398,NaN,NaN,NaN,NaN,NaN,NaN,NaN,NaN,NaN
NaN,NaN,-0.111976158126102,-0.156348235585028,-0.182127990881175,-0.239146878268609,-0.207504343644056,0.216216529734083,0.362308094860055,NaN,NaN,NaN,NaN,NaN,NaN,NaN,NaN,NaN
NaN,NaN,-0.110938553019272,-0.152435786701972,-0.187283364245862,-0.236413148488888,-0.210464254424248,0.197634167052456,0.37131465470884,NaN,NaN,NaN,NaN,NaN,NaN,NaN,NaN,NaN
NaN,NaN,-0.105125107123361,-0.158153231866891,-0.183822737196654,-0.238053468313107,-0.213965300873194,0.18465594483132,0.372538896859623,NaN,NaN,NaN,NaN,NaN,NaN,NaN,NaN,NaN
NaN,NaN,-0.108542036517368,-0.154838803835446,-0.186023601452083,-0.241423384543547,-0.211409602716837,0.163059766418883,0.384562643826939,NaN,NaN,NaN,NaN,NaN,NaN,NaN,NaN,NaN
NaN,NaN,-0.102308694525467,-0.153622217156226,-0.187814572015971,-0.237454665150532,-0.218262479111824,0.148799858070561,0.388927007676102,NaN,NaN,NaN,NaN,NaN,NaN,NaN,NaN,NaN
NaN,NaN,-0.0998297000963551,-0.154767427273327,-0.18261108652708,-0.244332594122776,-0.215890083864603,0.126584592289873,0.39069974294398,NaN,NaN,NaN,NaN,NaN,NaN,NaN,NaN,NaN
NaN,NaN,-0.0994305911202294,-0.150482467986876,-0.189224184612006,-0.241137505766043,-0.217939719960365,0.105055208332487,0.39800973108504,NaN,NaN,NaN,NaN,NaN,NaN,NaN,NaN,NaN
NaN,NaN,-0.0921483750183446,-0.155223644949729,-0.186207221010894,-0.241661952134261,-0.223078683421287,0.0903684748482192,0.396400778205134,NaN,NaN,NaN,NaN,NaN,NaN,NaN,NaN,NaN
NaN,NaN,-0.0940132180888516,-0.150171573885018,-0.188609325448245,-0.245472383942494,-0.219031695679102,0.0670212609838927,0.40500206372235,NaN,NaN,NaN,NaN,NaN,NaN,NaN,NaN,NaN
NaN,NaN,-0.0863111058909757,-0.148158892669016,-0.189745147833795,-0.24097083627809,-0.22634291316596,0.0506698442768538,0.405078879208304,NaN,NaN,NaN,NaN,NaN,NaN,NaN,NaN,NaN
NaN,NaN,-0.0831376242179734,-0.14891931755119,-0.184843131462306,-0.246873093094716,-0.224331070140276,0.0287849186133826,0.404594367952086,NaN,NaN,NaN,NaN,NaN,NaN,NaN,NaN,NaN
NaN,NaN,-0.0831171537477834,-0.143983494170243,-0.191434194455117,-0.242816978391299,-0.227360755607757,0.00590966177696828,0.407963166595437,NaN,NaN,NaN,NaN,NaN,NaN,NaN,NaN,NaN
NaN,NaN,-0.0757259729046685,-0.147439464606578,-0.189706255803079,-0.241692704405674,-0.233622391179476,-0.00822353082185145,0.404306198121048,NaN,NaN,NaN,NaN,NaN,NaN,NaN,NaN,NaN
NaN,NaN,-0.0762829410571916,-0.141870416380698,-0.189973824778766,-0.245334753092417,-0.229912113800917,-0.0319372759986436,0.40925418457482,NaN,NaN,NaN,NaN,NaN,NaN,NaN,NaN,NaN
NaN,NaN,-0.0698802101154191,-0.138612370617921,-0.191746485540837,-0.239554592665324,-0.238382641628656,-0.0489550540078199,0.406553498120047,NaN,NaN,NaN,NaN,NaN,NaN,NaN,NaN,NaN
NaN,NaN,-0.0659486318666798,-0.140071957983309,-0.187209100583762,-0.244234469976315,-0.237405069574985,-0.0695182652998483,0.402299346984364,NaN,NaN,NaN,NaN,NaN,NaN,NaN,NaN,NaN
NaN,NaN,-0.0666505138118131,-0.134382303484017,-0.192688145796031,-0.239580986347088,-0.241693139478836,-0.0906482050049817,0.405227387906052,NaN,NaN,NaN,NaN,NaN,NaN,NaN,NaN,NaN
NaN,NaN,-0.0588929134149415,-0.135727319546277,-0.190934931049317,-0.239288923587689,-0.247482482746515,-0.10183035301452,0.400140299112536,NaN,NaN,NaN,NaN,NaN,NaN,NaN,NaN,NaN
NaN,NaN,-0.0593988450903756,-0.130571182497079,-0.189324171403617,-0.242254813458809,-0.246117275610838,-0.122302015297464,0.401803752989508,NaN,NaN,NaN,NaN,NaN,NaN,NaN,NaN,NaN
NaN,NaN,-0.0530141445536477,-0.126050095685059,-0.191855059126586,-0.235649333592543,-0.254946604773674,-0.137226161532453,0.397044638753869,NaN,NaN,NaN,NaN,NaN,NaN,NaN,NaN,NaN
NaN,NaN,-0.0479789118010861,-0.127037819154793,-0.186788906464547,-0.239824285056481,-0.255390640750799,-0.153778557651094,0.390650885761715,NaN,NaN,NaN,NaN,NaN,NaN,NaN,NaN,NaN
NaN,NaN,-0.0498931894738538,-0.119827873684699,-0.191077870438069,-0.236918912526259,-0.258443758294258,-0.170853779636673,0.392109932960011,NaN,NaN,NaN,NaN,NaN,NaN,NaN,NaN,NaN
NaN,NaN,-0.0418173747796876,-0.121061689831549,-0.188418218055934,-0.235017542984375,-0.264179997548733,-0.1770487511385,0.386108471662737,NaN,NaN,NaN,NaN,NaN,NaN,NaN,NaN,NaN
NaN,NaN,-0.0423631298084122,-0.114749092288548,-0.184973684260816,-0.237261937256941,-0.263852395519886,-0.194079362772754,0.384522783220746,NaN,NaN,NaN,NaN,NaN,NaN,NaN,NaN,NaN
NaN,NaN,-0.0360274168391091,-0.109388455428416,-0.187755805561513,-0.229864795949349,-0.270928826585684,-0.204763998262933,0.378808579058386,NaN,NaN,NaN,NaN,NaN,NaN,NaN,NaN,NaN
NaN,NaN,-0.0312762188453538,-0.109708364732796,-0.182065797159642,-0.232342859055886,-0.272180542752418,-0.215289507978014,0.371029483736493,NaN,NaN,NaN,NaN,NaN,NaN,NaN,NaN,NaN
NaN,NaN,-0.0329845997233254,-0.102423820324475,-0.185063538262815,-0.229989537294993,-0.272093594476852,-0.226523810051731,0.371831929893233,NaN,NaN,NaN,NaN,NaN,NaN,NaN,NaN,NaN
NaN,NaN,-0.0232361483116013,-0.101715363241965,-0.18205940828678,-0.226816092874894,-0.277838010743532,-0.228953612022451,0.364219653070904,NaN,NaN,NaN,NaN,NaN,NaN,NaN,NaN,NaN
NaN,NaN,-0.0243931489724976,-0.096651892788941,-0.176961870053977,-0.228377213027367,-0.276133913949404,-0.241298013352207,0.361162828863598,NaN,NaN,NaN,NaN,NaN,NaN,NaN,NaN,NaN
NaN,NaN,-0.0203168804485661,-0.0900792141037527,-0.179874339262218,-0.220755064185748,-0.282540481940183,-0.24669223370438,0.356031725765206,NaN,NaN,NaN,NaN,NaN,NaN,NaN,NaN,NaN
NaN,NaN,-0.015715290113197,-0.0907864790933672,-0.172552653709621,-0.222763107415327,-0.283816263482246,-0.250887916408828,0.348267494351603,NaN,NaN,NaN,NaN,NaN,NaN,NaN,NaN,NaN
NaN,NaN,-0.0173972773094041,-0.0821632516162936,-0.17352147133109,-0.220841230150351,-0.28198014239994,-0.257250935756019,0.349503564299084,NaN,NaN,NaN,NaN,NaN,NaN,NaN,NaN,NaN
NaN,NaN,-0.0079432914693219,-0.079717207379872,-0.169337243894309,-0.215741754766592,-0.28934530209032,-0.255133592509083,0.341179570765235,NaN,NaN,NaN,NaN,NaN,NaN,NaN,NaN,NaN
NaN,NaN,-0.00874095062802856,-0.0748703066783492,-0.16278440237996,-0.217874222692141,-0.285672985419903,-0.261957560651354,0.337977218092419,NaN,NaN,NaN,NaN,NaN,NaN,NaN,NaN,NaN
NaN,NaN,-0.00590816537927215,-0.0659656707721297,-0.164378640363187,-0.210597445514092,-0.291418221250448,-0.262809441410354,0.334586123586632,NaN,NaN,NaN,NaN,NaN,NaN,NaN,NaN,NaN
NaN,NaN,-0.000756573184238126,-0.0660625283198897,-0.156220086971492,-0.212399983104357,-0.289526798233662,-0.261218183659366,0.326057052821852,NaN,NaN,NaN,NaN,NaN,NaN,NaN,NaN,NaN
NaN,NaN,-0.00168197254727905,-0.0560569201188628,-0.156116579780549,-0.210198876705059,-0.287162337854776,-0.264252432607464,0.326587403775193,NaN,NaN,NaN,NaN,NaN,NaN,NaN,NaN,NaN
NaN,NaN,0.00768376116563256,-0.0543266717868391,-0.151225683400601,-0.204823022034058,-0.29274541179863,-0.258897942476324,0.317254433990456,NaN,NaN,NaN,NaN,NaN,NaN,NaN,NaN,NaN
NaN,NaN,0.00643046175052101,-0.0490831208007876,-0.145100132683486,-0.206671809103379,-0.288863826945696,-0.261649702661089,0.314151062280871,NaN,NaN,NaN,NaN,NaN,NaN,NaN,NaN,NaN
NaN,NaN,0.0096435618858474,-0.0406599600391928,-0.146148522505731,-0.200394583191761,-0.291296478763494,-0.260454182498506,0.310689559788443,NaN,NaN,NaN,NaN,NaN,NaN,NaN,NaN,NaN
NaN,NaN,0.0154261810045379,-0.0412254777329508,-0.136923455754489,-0.201232345100531,-0.289212290600214,-0.256013878606609,0.302712297649123,NaN,NaN,NaN,NaN,NaN,NaN,NaN,NaN,NaN
NaN,NaN,0.0147373748283523,-0.0321990062075201,-0.135909319976539,-0.198894483294377,-0.285600826546821,-0.257772271506838,0.30247561133001,NaN,NaN,NaN,NaN,NaN,NaN,NaN,NaN,NaN
NaN,NaN,0.0222482678752082,-0.0305419784563128,-0.131402426520557,-0.192153365608344,-0.28994054760066,-0.25159002187138,0.294414809555747,NaN,NaN,NaN,NaN,NaN,NaN,NaN,NaN,NaN
NaN,NaN,0.0211947744052547,-0.0250440832751337,-0.123987441072434,-0.193393663760313,-0.28472996543375,-0.252610714160255,0.28974672278855,NaN,NaN,NaN,NaN,NaN,NaN,NaN,NaN,NaN
NaN,NaN,0.0230949704806941,-0.0175945830123965,-0.124037080565661,-0.18815657615293,-0.284315601393852,-0.250736632369808,0.287244128645398,NaN,NaN,NaN,NaN,NaN,NaN,NaN,NaN,NaN
NaN,NaN,0.0287488994460242,-0.017405505903298,-0.113249552557439,-0.187935945835003,-0.283001244470749,-0.245446589760832,0.278662326396443,NaN,NaN,NaN,NaN,NaN,NaN,NaN,NaN,NaN
NaN,NaN,0.0264906284670966,-0.0094521228747908,-0.111369119147033,-0.187252802100071,-0.277914602712068,-0.246677202158025,0.279111018986441,NaN,NaN,NaN,NaN,NaN,NaN,NaN,NaN,NaN
NaN,NaN,0.03322301034738,-0.00658750502043404,-0.107874610582561,-0.179596063938031,-0.281130217418346,-0.238610663436702,0.27110965421889,NaN,NaN,NaN,NaN,NaN,NaN,NaN,NaN,NaN
NaN,NaN,0.0337967423062461,-0.00250793961458839,-0.0987510766184035,-0.182136823680291,-0.272947654530678,-0.239458874784759,0.265942061902024,NaN,NaN,NaN,NaN,NaN,NaN,NaN,NaN,NaN
NaN,NaN,0.034435201184048,0.00489588858908974,-0.0980134505128566,-0.176822026517281,-0.271922491893444,-0.237096370183281,0.262785865576006,NaN,NaN,NaN,NaN,NaN,NaN,NaN,NaN,NaN
NaN,NaN,0.0410250162046092,0.00454101743525825,-0.0889808695113364,-0.176006783988366,-0.270272393182192,-0.232814447008423,0.252983974874951,NaN,NaN,NaN,NaN,NaN,NaN,NaN,NaN,NaN
NaN,NaN,0.0386086252789634,0.0114296193642076,-0.0865624669289294,-0.175246880646834,-0.265197225317631,-0.234266565166763,0.251976004452445,NaN,NaN,NaN,NaN,NaN,NaN,NaN,NaN,NaN
NaN,NaN,0.04571349893619,0.0144198540074285,-0.0848204094266597,-0.167874568399081,-0.267182097241554,-0.228672538869432,0.243016904802062,NaN,NaN,NaN,NaN,NaN,NaN,NaN,NaN,NaN
NaN,NaN,0.0468504202823776,0.0155861865205225,-0.0745772953426543,-0.170630985196719,-0.258210033580932,-0.229102940284065,0.235614082426764,NaN,NaN,NaN,NaN,NaN,NaN,NaN,NaN,NaN
NaN,NaN,0.0462748443048137,0.0230984579247888,-0.0746545019840899,-0.165385906841645,-0.255538069114361,-0.22964295836573,0.231735347420908,NaN,NaN,NaN,NaN,NaN,NaN,NaN,NaN,NaN
NaN,NaN,0.0542195101540225,0.0203632007760461,-0.0660533282255831,-0.16250096752871,-0.254685964837942,-0.226282355361036,0.221531982184388,NaN,NaN,NaN,NaN,NaN,NaN,NaN,NaN,NaN
NaN,NaN,0.0508471352319854,0.0281499888224062,-0.062440094659299,-0.161718898709902,-0.247336544499073,-0.230509758912376,0.218277121544816,NaN,NaN,NaN,NaN,NaN,NaN,NaN,NaN,NaN
NaN,NaN,0.0571365055899757,0.0298281948489603,-0.0597730475759211,-0.154028781946787,-0.247117292538557,-0.227688875966123,0.208808048279025,NaN,NaN,NaN,NaN,NaN,NaN,NaN,NaN,NaN
NaN,NaN,0.0577880029838222,0.0310113470477518,-0.0493215221261683,-0.157175795432219,-0.239446230635319,-0.229324744068435,0.200282870442606,NaN,NaN,NaN,NaN,NaN,NaN,NaN,NaN,NaN
NaN,NaN,0.0564926636676925,0.0376828204316553,-0.0491120490526858,-0.15101949244369,-0.236405183032427,-0.233707697116188,0.195192317129113,NaN,NaN,NaN,NaN,NaN,NaN,NaN,NaN,NaN
NaN,NaN,0.0637154241364139,0.0348765778762754,-0.0423799838220778,-0.148394094105849,-0.236641310557995,-0.23284300135856,0.183005421073176,NaN,NaN,NaN,NaN,NaN,NaN,NaN,NaN,NaN
NaN,NaN,0.0609986630540031,0.0404042753798421,-0.037422982165784,-0.148088005628476,-0.227931768104706,-0.23911314921861,0.178165915072896,NaN,NaN,NaN,NaN,NaN,NaN,NaN,NaN,NaN
NaN,NaN,0.0654141192596095,0.0419145825726446,-0.0362610268687907,-0.140870199795851,-0.227698211029444,-0.238633033804945,0.168518474907614,NaN,NaN,NaN,NaN,NaN,NaN,NaN,NaN,NaN
NaN,NaN,0.0661401038329738,0.0428754653257784,-0.0253978940939608,-0.143767004158387,-0.220302503958616,-0.241892700069002,0.158114279271103,NaN,NaN,NaN,NaN,NaN,NaN,NaN,NaN,NaN
NaN,NaN,0.0650078763525623,0.0479824657959398,-0.0267689871883097,-0.136609231378922,-0.217223421141777,-0.248791676931432,0.153766604722477,NaN,NaN,NaN,NaN,NaN,NaN,NaN,NaN,NaN
NaN,NaN,0.0727098581652778,0.0462049249035772,-0.0200096342062655,-0.1331184667312,-0.21681855659214,-0.24884532111173,0.139917037100531,NaN,NaN,NaN,NaN,NaN,NaN,NaN,NaN,NaN
NaN,NaN,0.0705824566345351,0.0496869537455495,-0.0155651207363311,-0.133650885220656,-0.206687312975798,-0.256003559552482,0.134705188334919,NaN,NaN,NaN,NaN,NaN,NaN,NaN,NaN,NaN
NaN,NaN,0.0743881759505409,0.0525954741460737,-0.0144534196054641,-0.125973788347134,-0.207499631151829,-0.257320654563955,0.124916652799584,NaN,NaN,NaN,NaN,NaN,NaN,NaN,NaN,NaN
NaN,NaN,0.075357850388779,0.0522710013610777,-0.00569207699057491,-0.127332718368659,-0.201170698210869,-0.262556084417156,0.113292536349036,NaN,NaN,NaN,NaN,NaN,NaN,NaN,NaN,NaN
NaN,NaN,0.0740525272946494,0.0567700344545301,-0.00710738928076656,-0.121014253493437,-0.19821207265583,-0.271251284502796,0.108218299807049,NaN,NaN,NaN,NaN,NaN,NaN,NaN,NaN,NaN
NaN,NaN,0.0800383051197665,0.0544539842230733,-0.00118894607779415,-0.116706886585841,-0.1976531487259,-0.272052501313738,0.0935342299053445,NaN,NaN,NaN,NaN,NaN,NaN,NaN,NaN,NaN
NaN,NaN,0.077522001908316,0.056257937423652,0.00346580415013401,-0.11639284461368,-0.188487332716856,-0.279824909739546,0.0882358612725511,NaN,NaN,NaN,NaN,NaN,NaN,NaN,NaN,NaN
NaN,NaN,0.0797012781064647,0.0598198737425264,0.00381184636595814,-0.107885250147471,-0.189503722295437,-0.281880971961073,0.0785135055193678,NaN,NaN,NaN,NaN,NaN,NaN,NaN,NaN,NaN
NaN,NaN,0.0811903325181144,0.0578061121923383,0.0121540193164644,-0.10781497254599,-0.185785323784027,-0.28803075569158,0.065677440376021,NaN,NaN,NaN,NaN,NaN,NaN,NaN,NaN,NaN
NaN,NaN,0.07799535592009,0.0630830790323671,0.0109820429885682,-0.103140999820122,-0.181596737757597,-0.295469825141481,0.0596424142131582,NaN,NaN,NaN,NaN,NaN,NaN,NaN,NaN,NaN
NaN,NaN,0.0843132620017665,0.0606888163310941,0.0169594389105138,-0.0967888396941513,-0.182444297179851,-0.295786791466526,0.0447166661033407,NaN,NaN,NaN,NaN,NaN,NaN,NaN,NaN,NaN
NaN,NaN,0.0811758597653049,0.0628183785302099,0.0216186222338971,-0.0970668953620285,-0.175141312584553,-0.301312253795913,0.0381119871744886,NaN,NaN,NaN,NaN,NaN,NaN,NaN,NaN,NaN
NaN,NaN,0.0827847195129531,0.0664010088366922,0.0200752158367929,-0.0876808960698933,-0.175775189355287,-0.303761371396831,0.0278061764547601,NaN,NaN,NaN,NaN,NaN,NaN,NaN,NaN,NaN
NaN,NaN,0.0845004019599098,0.0653298388642725,0.0273780886733827,-0.0875821758769841,-0.173437085405264,-0.306158111416153,0.0138559142360464,NaN,NaN,NaN,NaN,NaN,NaN,NaN,NaN,NaN
NaN,NaN,0.0806745660762924,0.070200451038545,0.0256779965663251,-0.0820312325619549,-0.168641630962763,-0.312909212880186,0.00738538301084191,NaN,NaN,NaN,NaN,NaN,NaN,NaN,NaN,NaN
NaN,NaN,0.086473688231005,0.0677151049894746,0.0301676046753225,-0.073951152410397,-0.170820329740915,-0.309683372252039,-0.0081175243249163,NaN,NaN,NaN,NaN,NaN,NaN,NaN,NaN,NaN
NaN,NaN,0.0835639757375854,0.0701059217972215,0.0337471616173085,-0.0752805967592091,-0.162703201577339,-0.314455059342436,-0.015718532144092,NaN,NaN,NaN,NaN,NaN,NaN,NaN,NaN,NaN
NaN,NaN,0.083643603817715,0.0731899592501577,0.0313062955344018,-0.0654770483039707,-0.164637782082233,-0.315743991159252,-0.0265702655306086,NaN,NaN,NaN,NaN,NaN,NaN,NaN,NaN,NaN
NaN,NaN,0.0856807229380744,0.0699100087804254,0.038294548978835,-0.0647972759567589,-0.162133511558447,-0.315249104969553,-0.0416432929923758,NaN,NaN,NaN,NaN,NaN,NaN,NaN,NaN,NaN
NaN,NaN,0.0813898404400485,0.0745682235283311,0.0373932522440252,-0.0589970734678597,-0.157511059597406,-0.320933301918558,-0.0486030665924773,NaN,NaN,NaN,NaN,NaN,NaN,NaN,NaN,NaN
NaN,NaN,0.0859506388466495,0.07324241133756,0.0408862148130235,-0.0510671970211357,-0.160569467053089,-0.31558557318931,-0.0626585868885741,NaN,NaN,NaN,NaN,NaN,NaN,NaN,NaN,NaN
NaN,NaN,0.0830728334646362,0.0748431313259061,0.0452184480333623,-0.0516649012230725,-0.153844740644369,-0.318307251654915,-0.0701347416033968,NaN,NaN,NaN,NaN,NaN,NaN,NaN,NaN,NaN
NaN,NaN,0.0824559067647594,0.0787494893593248,0.0424369972849187,-0.0420547698401303,-0.155312039360676,-0.315879703484825,-0.0784915735712275,NaN,NaN,NaN,NaN,NaN,NaN,NaN,NaN,NaN
NaN,NaN,0.0847863738696712,0.0748315829259809,0.0480478246414956,-0.040593617852816,-0.153041121021185,-0.312575389616541,-0.0924003733089194,NaN,NaN,NaN,NaN,NaN,NaN,NaN,NaN,NaN
NaN,NaN,0.0797243004005092,0.0805290791613515,0.0485812675857839,-0.0359404136203617,-0.148486674234543,-0.314269241862348,-0.0964636219432577,NaN,NaN,NaN,NaN,NaN,NaN,NaN,NaN,NaN
NaN,NaN,0.083849463359608,0.0798187966865953,0.0511539344394502,-0.0278680075668187,-0.151084896579656,-0.306852747671655,-0.107532241730951,NaN,NaN,NaN,NaN,NaN,NaN,NaN,NaN,NaN
NaN,NaN,0.0804564875822204,0.0821669961733278,0.0548667077625093,-0.028112964030394,-0.144350558921966,-0.305140902273706,-0.114142713486217,NaN,NaN,NaN,NaN,NaN,NaN,NaN,NaN,NaN
NaN,NaN,0.0790274475972789,0.0860026481968816,0.0520660345161256,-0.0201920282803864,-0.144272793486986,-0.301524055175832,-0.120200203149579,NaN,NaN,NaN,NaN,NaN,NaN,NaN,NaN,NaN
NaN,NaN,0.0806032640199798,0.0822423401696142,0.0577252533936796,-0.0180687804483265,-0.142735962227259,-0.293080964111141,-0.132197649567388,NaN,NaN,NaN,NaN,NaN,NaN,NaN,NaN,NaN
NaN,NaN,0.0755297539096015,0.0875968116743024,0.0585041557157335,-0.0160497289859146,-0.136429157510671,-0.293663748525432,-0.133693651645444,NaN,NaN,NaN,NaN,NaN,NaN,NaN,NaN,NaN
NaN,NaN,0.0793555339138644,0.0876994247955736,0.0596877363229093,-0.00680279478062099,-0.139464822069082,-0.283665646784357,-0.141386133967899,NaN,NaN,NaN,NaN,NaN,NaN,NaN,NaN,NaN
NaN,NaN,0.0763327216069835,0.0884816798788961,0.0647742476964292,-0.00892146050561374,-0.131793499395523,-0.28075597154384,-0.147779141901992,NaN,NaN,NaN,NaN,NaN,NaN,NaN,NaN,NaN
NaN,NaN,0.074563469485535,0.0910865518671926,0.0617451210224923,-4.91042398304345e-05,-0.131321393355999,-0.275364358894876,-0.150718395947479,NaN,NaN,NaN,NaN,NaN,NaN,NaN,NaN,NaN
NaN,NaN,0.0770069432716506,0.0887412022275385,0.0677167054915723,0.00233502567183071,-0.130374033406648,-0.265016079865745,-0.16229512670543,NaN,NaN,NaN,NaN,NaN,NaN,NaN,NaN,NaN
NaN,NaN,0.070824898527159,0.092380214802688,0.0692334388101396,0.0042366001046806,-0.123343348905716,-0.264255170695833,-0.161389620392583,NaN,NaN,NaN,NaN,NaN,NaN,NaN,NaN,NaN
NaN,NaN,0.0744354126315254,0.0937396663648542,0.0694438618326482,0.0131779673732429,-0.125589903846655,-0.253257722579292,-0.1683938925853,NaN,NaN,NaN,NaN,NaN,NaN,NaN,NaN,NaN
NaN,NaN,0.0717795600454944,0.091838762484258,0.0747941982651052,0.0115156869627147,-0.117970846995983,-0.24796723293548,-0.173124936758541,NaN,NaN,NaN,NaN,NaN,NaN,NaN,NaN,NaN
NaN,NaN,0.0685809326629775,0.0956973995489534,0.0719856087768373,0.0187293577231079,-0.117241211638126,-0.241782822631649,-0.175144789158367,NaN,NaN,NaN,NaN,NaN,NaN,NaN,NaN,NaN
NaN,NaN,0.0697158237259525,0.0917617979866918,0.078369582881957,0.0210011701322704,-0.115963902727041,-0.230814971946529,-0.183377121924423,NaN,NaN,NaN,NaN,NaN,NaN,NaN,NaN,NaN
NaN,NaN,0.0638715883057254,0.0966511856240686,0.0809085731113252,0.0221378679610401,-0.109166495904598,-0.229369298540405,-0.181361907511018,NaN,NaN,NaN,NaN,NaN,NaN,NaN,NaN,NaN
NaN,NaN,0.0654121448557514,0.0960841964406427,0.0800621871555146,0.0308000247217327,-0.110696528509531,-0.218532633953146,-0.187006132095121,NaN,NaN,NaN,NaN,NaN,NaN,NaN,NaN,NaN
NaN,NaN,0.0634680089812415,0.0936727974039968,0.0861554209792909,0.0273090365565925,-0.102856412932548,-0.212844152920297,-0.191771542071365,NaN,NaN,NaN,NaN,NaN,NaN,NaN,NaN,NaN
NaN,NaN,0.0580852066438335,0.0969684685987886,0.0838817459249791,0.033986749801746,-0.100973166927967,-0.20714719685202,-0.19174851977732,NaN,NaN,NaN,NaN,NaN,NaN,NaN,NaN,NaN
NaN,NaN,0.0596652698974746,0.093608107737964,0.0899148721897897,0.0363560158051162,-0.0998710956725214,-0.197773323379806,-0.199010041891597,NaN,NaN,NaN,NaN,NaN,NaN,NaN,NaN,NaN
NaN,NaN,0.0535258983533519,0.0974070842785295,0.0924573269391355,0.0366029466725498,-0.092340961501274,-0.197395187788061,-0.197112714289688,NaN,NaN,NaN,NaN,NaN,NaN,NaN,NaN,NaN
NaN,NaN,0.0558186468939918,0.095307194016641,0.0915952016318139,0.0446839208937793,-0.0910032283815478,-0.187594638191513,-0.200570826767944,NaN,NaN,NaN,NaN,NaN,NaN,NaN,NaN,NaN
NaN,NaN,0.0533920859258311,0.0926116112095769,0.0983084913993177,0.0431656974590927,-0.0840135034474467,-0.181540147386841,-0.204501920728944,NaN,NaN,NaN,NaN,NaN,NaN,NaN,NaN,NaN
NaN,NaN,0.0476304960708755,0.094478987477487,0.0959279005134401,0.049038282338491,-0.0797901977154349,-0.177512084119371,-0.201879800646566,NaN,NaN,NaN,NaN,NaN,NaN,NaN,NaN,NaN
NaN,NaN,0.0497944240729945,0.0919347632152494,0.101956612309247,0.0528606350756794,-0.0796805810484026,-0.16975323575025,-0.206765146343969,NaN,NaN,NaN,NaN,NaN,NaN,NaN,NaN,NaN
NaN,NaN,0.0431891304712432,0.0924219566804823,0.103833916475802,0.0536394442654758,-0.0705440085682009,-0.170421962611726,-0.203896579681896,NaN,NaN,NaN,NaN,NaN,NaN,NaN,NaN,NaN
NaN,NaN,0.0443319936554568,0.0907589498383459,0.102932787379056,0.0608764539695888,-0.0708337057682608,-0.162613698266796,-0.205359184532426,NaN,NaN,NaN,NaN,NaN,NaN,NaN,NaN,NaN
NaN,NaN,0.0410658453862804,0.0854698385519441,0.1094400127137,0.0599078412390857,-0.0638558645102118,-0.157281988285831,-0.208017980097793,NaN,NaN,NaN,NaN,NaN,NaN,NaN,NaN,NaN
NaN,NaN,0.0347683725218909,0.0883079695922788,0.106610151817828,0.0637544828690201,-0.0603341985794638,-0.156892062150291,-0.203954787342809,NaN,NaN,NaN,NaN,NaN,NaN,NaN,NaN,NaN
NaN,NaN,0.037298086778416,0.0841733443958219,0.111906024506122,0.0684549424089103,-0.0600605573805903,-0.150731307439855,-0.20764710882213,NaN,NaN,NaN,NaN,NaN,NaN,NaN,NaN,NaN
NaN,NaN,0.0306598429839748,0.0830640833301004,0.11354846774581,0.0669767285920292,-0.0496016186031435,-0.151745946131996,-0.204462004243396,NaN,NaN,NaN,NaN,NaN,NaN,NaN,NaN,NaN
NaN,NaN,0.031738221393122,0.0812125581724104,0.11168008564952,0.0751596453822761,-0.0492954183670615,-0.145415355436853,-0.206025415449403,NaN,NaN,NaN,NaN,NaN,NaN,NaN,NaN,NaN
NaN,NaN,0.0286560652117866,0.0766889567894395,0.115230827471047,0.0739716875589996,-0.0421128910335635,-0.14097547995334,-0.20835556590464,NaN,NaN,NaN,NaN,NaN,NaN,NaN,NaN,NaN
NaN,NaN,0.0236875524084705,0.0789387713593896,0.112904178788691,0.0773534129596859,-0.0377879035028551,-0.143391777746729,-0.203759544878267,NaN,NaN,NaN,NaN,NaN,NaN,NaN,NaN,NaN
NaN,NaN,0.0266723667543071,0.0736798908037599,0.116292106797725,0.0817157465256363,-0.0354804586919878,-0.138107919119648,-0.207818639813922,NaN,NaN,NaN,NaN,NaN,NaN,NaN,NaN,NaN
NaN,NaN,0.0212855783562797,0.0711917321605142,0.117222851952344,0.080793513659349,-0.0260013085159396,-0.139952124081901,-0.205932990997098,NaN,NaN,NaN,NaN,NaN,NaN,NaN,NaN,NaN
NaN,NaN,0.020848899827494,0.0690421465260442,0.113288815012008,0.0889590705968051,-0.0248158652636145,-0.136409410260967,-0.207200316130184,NaN,NaN,NaN,NaN,NaN,NaN,NaN,NaN,NaN
NaN,NaN,0.0184326206605571,0.0618667531234678,0.115863400390178,0.0874921071566253,-0.0197515752467249,-0.133758773081354,-0.210981392650865,NaN,NaN,NaN,NaN,NaN,NaN,NaN,NaN,NaN
NaN,NaN,0.0124879514138835,0.0641616250795778,0.112901440700322,0.0893658722973972,-0.0145352561327551,-0.138694764100364,-0.207632393925451,NaN,NaN,NaN,NaN,NaN,NaN,NaN,NaN,NaN
NaN,NaN,0.0151114871065753,0.0567984211666044,0.114280003001719,0.0947386163509994,-0.0131650384816264,-0.134320807628683,-0.212612101226114,NaN,NaN,NaN,NaN,NaN,NaN,NaN,NaN,NaN
NaN,NaN,0.00932728473950798,0.0546771663648542,0.114265809645682,0.0929650615192562,-0.00423300306526168,-0.137068153344444,-0.212376253097318,NaN,NaN,NaN,NaN,NaN,NaN,NaN,NaN,NaN
NaN,NaN,0.00802609671760971,0.0517094511014875,0.109376738657981,0.0993852268196254,-0.00328677932945235,-0.135474287890247,-0.212681671022438,NaN,NaN,NaN,NaN,NaN,NaN,NaN,NaN,NaN
NaN,NaN,0.00520564217974121,0.0455277602595743,0.111004355242282,0.0974168579317241,-0.000310086116466362,-0.135078103267006,-0.217080642818473,NaN,NaN,NaN,NaN,NaN,NaN,NaN,NaN,NaN
NaN,NaN,0.000969409690393755,0.0470328147930559,0.108437034180194,0.0996512684262901,0.00555819605263726,-0.139466457985691,-0.214063381194137,NaN,NaN,NaN,NaN,NaN,NaN,NaN,NaN,NaN
NaN,NaN,0.00272709478546555,0.0410325455886777,0.106581224938661,0.103997788134924,0.0058233249631788,-0.136464134775451,-0.218857569037937,NaN,NaN,NaN,NaN,NaN,NaN,NaN,NaN,NaN
NaN,NaN,-0.00217905665825432,0.0382815304619726,0.107010993053943,0.102988551113716,0.0149000506547357,-0.139218539916328,-0.219256789772771,NaN,NaN,NaN,NaN,NaN,NaN,NaN,NaN,NaN
NaN,NaN,-0.00389498124908035,0.036523435584968,0.10090807347539,0.107676139775625,0.0144338119474317,-0.13796004372125,-0.218961728154682,NaN,NaN,NaN,NaN,NaN,NaN,NaN,NaN,NaN
NaN,NaN,-0.00382164890955513,0.0310864489001688,0.10237153514269,0.106591279361358,0.0183765474406149,-0.136761599205784,-0.223565628170036,NaN,NaN,NaN,NaN,NaN,NaN,NaN,NaN,NaN
NaN,NaN,-0.00805326203893249,0.0309773910266813,0.0991990034187135,0.108005064282527,0.0234313379672434,-0.141609952770523,-0.221145809977315,NaN,NaN,NaN,NaN,NaN,NaN,NaN,NaN,NaN
NaN,NaN,-0.00638753573487823,0.0257903899473604,0.0954985980594453,0.113007458601108,0.0236182916608717,-0.139219769262127,-0.226754811941646,NaN,NaN,NaN,NaN,NaN,NaN,NaN,NaN,NaN
NaN,NaN,-0.0107754806716306,0.0219745005888399,0.0946111221516427,0.110067515376916,0.0306053530124094,-0.141204678438953,-0.22814818227198,NaN,NaN,NaN,NaN,NaN,NaN,NaN,NaN,NaN
NaN,NaN,-0.0124631489355428,0.0204705077630933,0.086717157503396,0.1133924114741,0.0304700877216722,-0.141493574701599,-0.227375091402791,NaN,NaN,NaN,NaN,NaN,NaN,NaN,NaN,NaN
NaN,NaN,-0.0113382416505677,0.0154429677349981,0.0884638529920873,0.11250072598826,0.0330220792141821,-0.140205779098324,-0.231964146136306,NaN,NaN,NaN,NaN,NaN,NaN,NaN,NaN,NaN
NaN,NaN,-0.0165199155647618,0.0152540955168661,0.0840380591059026,0.112934796813837,0.0382139976766969,-0.143990562282852,-0.229045455693267,NaN,NaN,NaN,NaN,NaN,NaN,NaN,NaN,NaN
NaN,NaN,-0.014230612917648,0.0112392570299562,0.0791700732612905,0.117874587628952,0.0377812493291761,-0.141146955065778,-0.233299830346368,NaN,NaN,NaN,NaN,NaN,NaN,NaN,NaN,NaN
NaN,NaN,-0.0184327031214101,0.00797372343367897,0.0802806381786165,0.114104482088199,0.0435751747039224,-0.142203801297001,-0.233292305259965,NaN,NaN,NaN,NaN,NaN,NaN,NaN,NaN,NaN
NaN,NaN,-0.0196868779797417,0.00802991943783127,0.0716256526017484,0.117496899072042,0.0438199076500799,-0.142178748719743,-0.230380078195594,NaN,NaN,NaN,NaN,NaN,NaN,NaN,NaN,NaN
NaN,NaN,-0.0175557511587006,0.00324169205850922,0.0737028930986223,0.116464062336793,0.0443261746016409,-0.138847873531631,-0.235521127819084,NaN,NaN,NaN,NaN,NaN,NaN,NaN,NaN,NaN
NaN,NaN,-0.0236927198905808,0.00356834413832985,0.0686558139229116,0.114450710568538,0.0495793740895654,-0.142068386994652,-0.231330716400407,NaN,NaN,NaN,NaN,NaN,NaN,NaN,NaN,NaN
NaN,NaN,-0.0217490310509068,-0.000524762697750703,0.0643876370692548,0.118775809857956,0.0476423162666227,-0.137064632945112,-0.235059303580783,NaN,NaN,NaN,NaN,NaN,NaN,NaN,NaN,NaN
NaN,NaN,-0.0248206074077946,-0.0035123523848597,0.0642015588188466,0.113731897178999,0.0525900046971704,-0.136504405163578,-0.234359638183378,NaN,NaN,NaN,NaN,NaN,NaN,NaN,NaN,NaN
NaN,NaN,-0.0262722971577508,-0.00235989657812752,0.0559423480832872,0.116499396715274,0.0529536861625578,-0.134771493248991,-0.231137243448757,NaN,NaN,NaN,NaN,NaN,NaN,NaN,NaN,NaN
NaN,NaN,-0.0245001393098695,-0.007242764957482,0.0563898299539384,0.114406360987535,0.0531401741948988,-0.129937444798998,-0.235954397707246,NaN,NaN,NaN,NaN,NaN,NaN,NaN,NaN,NaN
NaN,NaN,-0.0307607876796586,-0.00538961929851212,0.0516327460015115,0.112545652989259,0.0585326064077284,-0.130882215671591,-0.231310879229568,NaN,NaN,NaN,NaN,NaN,NaN,NaN,NaN,NaN
NaN,NaN,-0.0278875644047124,-0.00876264614635147,0.0473722432458696,0.115805226121059,0.0569864805487062,-0.124997896127752,-0.233304952620529,NaN,NaN,NaN,NaN,NaN,NaN,NaN,NaN,NaN
NaN,NaN,-0.0301969836194379,-0.0109011117892805,0.0479200471842584,0.110607421699873,0.060892615064707,-0.122212999485782,-0.231565987109207,NaN,NaN,NaN,NaN,NaN,NaN,NaN,NaN,NaN
NaN,NaN,-0.0329159985024792,-0.0104769316094462,0.0401831035220918,0.111435162577739,0.0615720521357919,-0.119909931891016,-0.227199220447801,NaN,NaN,NaN,NaN,NaN,NaN,NaN,NaN,NaN
NaN,NaN,-0.0300438928146226,-0.0142037865298335,0.040375123610526,0.109292897138706,0.0612696144429113,-0.113551308386377,-0.230325297801755,NaN,NaN,NaN,NaN,NaN,NaN,NaN,NaN,NaN
NaN,NaN,-0.0372421967525346,-0.0121520828979556,0.0382644858861265,0.106617784801832,0.0661194953766729,-0.11274640353804,-0.22552816697862,NaN,NaN,NaN,NaN,NaN,NaN,NaN,NaN,NaN
NaN,NaN,-0.0342657643098695,-0.014953165926272,0.0348823134506044,0.10935747504603,0.0645160186735059,-0.106015195124201,-0.223756567924283,NaN,NaN,NaN,NaN,NaN,NaN,NaN,NaN,NaN
NaN,NaN,-0.036500081672178,-0.0172069665568415,0.0362123910987672,0.104394997212997,0.0680417079177763,-0.10048507618194,-0.222540297894739,NaN,NaN,NaN,NaN,NaN,NaN,NaN,NaN,NaN
NaN,NaN,-0.0393286014635426,-0.0165615413861815,0.0293445017838773,0.105010955337396,0.0688456628170873,-0.0974561357725179,-0.215481468825601,NaN,NaN,NaN,NaN,NaN,NaN,NaN,NaN,NaN
NaN,NaN,-0.036129303528772,-0.019017345883185,0.0301637117469606,0.103977671567312,0.0676630507853891,-0.0894234599400079,-0.217380882590078,NaN,NaN,NaN,NaN,NaN,NaN,NaN,NaN,NaN
NaN,NaN,-0.0427556263942582,-0.0179424133675639,0.0279111218357381,0.100016514513603,0.0738608907607462,-0.087320980601362,-0.211224784492515,NaN,NaN,NaN,NaN,NaN,NaN,NaN,NaN,NaN
NaN,NaN,-0.0398015456933839,-0.0193461400049273,0.0241857570314702,0.102270724926105,0.071894570782509,-0.0791750559437787,-0.208667298196815,NaN,NaN,NaN,NaN,NaN,NaN,NaN,NaN,NaN
NaN,NaN,-0.041295685126291,-0.0215692069905344,0.0245839346850213,0.0962411563135295,0.0748494151678945,-0.0728282974887406,-0.208492339937948,NaN,NaN,NaN,NaN,NaN,NaN,NaN,NaN,NaN
NaN,NaN,-0.0434773082573277,-0.019899122096831,0.0182466757202443,0.0961772862113624,0.0760696153787042,-0.0687678987014806,-0.200532381772064,NaN,NaN,NaN,NaN,NaN,NaN,NaN,NaN,NaN
NaN,NaN,-0.0406856315870148,-0.0224141587095801,0.0192969654405412,0.0949718008972316,0.0753991190043356,-0.0592552767921006,-0.201789015321992,NaN,NaN,NaN,NaN,NaN,NaN,NaN,NaN,NaN
NaN,NaN,-0.0456018785674435,-0.0210932080226485,0.0188784104490575,0.0905071336067825,0.0823948416558172,-0.0562923485267675,-0.195504022180103,NaN,NaN,NaN,NaN,NaN,NaN,NaN,NaN,NaN
NaN,NaN,-0.0438837560553414,-0.0225202177243773,0.0143863622749147,0.0931382688916832,0.0809701416340734,-0.048643526606611,-0.192654547630809,NaN,NaN,NaN,NaN,NaN,NaN,NaN,NaN,NaN
NaN,NaN,-0.0435483122904164,-0.0251885127800051,0.0157960121238527,0.0866822849250942,0.0843997183886434,-0.0415134141076123,-0.19275216886308,NaN,NaN,NaN,NaN,NaN,NaN,NaN,NaN,NaN
NaN,NaN,-0.045991897835241,-0.0229480859416071,0.010682268878251,0.0865743818915992,0.0859051454511549,-0.0380932250845945,-0.185513799428008,NaN,NaN,NaN,NaN,NaN,NaN,NaN,NaN,NaN
NaN,NaN,-0.0436941946585042,-0.0264995355682913,0.012156124105483,0.0853527474440246,0.0858008745757009,-0.0291542233753717,-0.18664340057876,NaN,NaN,NaN,NaN,NaN,NaN,NaN,NaN,NaN
NaN,NaN,-0.0485786462862355,-0.0262640599685255,0.0121116813922223,0.0803409095145374,0.0918641198125745,-0.0263391705084359,-0.181522877304815,NaN,NaN,NaN,NaN,NaN,NaN,NaN,NaN,NaN
NaN,NaN,-0.0480090680260522,-0.0283737291174475,0.00645263015273182,0.0826021234728008,0.0903451699462797,-0.0194052690494573,-0.179576170979999,NaN,NaN,NaN,NaN,NaN,NaN,NaN,NaN,NaN
NaN,NaN,-0.0467326159317357,-0.0304016095178667,0.00844661041143506,0.0756311553753524,0.0913586165455248,-0.0126171940792119,-0.179627542733215,NaN,NaN,NaN,NaN,NaN,NaN,NaN,NaN,NaN
NaN,NaN,-0.0502872320551736,-0.0283476893382613,0.00486111163142292,0.0742199409044891,0.0948908436742689,-0.0110986353683984,-0.172516634105705,NaN,NaN,NaN,NaN,NaN,NaN,NaN,NaN,NaN
NaN,NaN,-0.0471913109261853,-0.0312620025651995,0.00571044056656926,0.0731926175988823,0.0936001982239153,-0.00142081546073314,-0.172913973568939,NaN,NaN,NaN,NaN,NaN,NaN,NaN,NaN,NaN
NaN,NaN,-0.0512578005630833,-0.0317081247048918,0.00576414062622159,0.0676502610779911,0.0996913086322214,0.000248375363298692,-0.170338773517869,NaN,NaN,NaN,NaN,NaN,NaN,NaN,NaN,NaN
NaN,NaN,-0.0503548460740907,-0.0316595282929484,0.000389887830048488,0.069512868974319,0.0966347451952364,0.0055046482157195,-0.167777878581546,NaN,NaN,NaN,NaN,NaN,NaN,NaN,NaN,NaN
NaN,NaN,-0.0476510117490155,-0.0349582728522364,0.00214500247481434,0.0623843956030517,0.0978386472609903,0.0111303394805873,-0.169916698127054,NaN,NaN,NaN,NaN,NaN,NaN,NaN,NaN,NaN
NaN,NaN,-0.0517560581405026,-0.0329170000331942,-0.0012786696946326,0.0608525003529697,0.10137219686779,0.0114925680827582,-0.162909203558229,NaN,NaN,NaN,NaN,NaN,NaN,NaN,NaN,NaN
NaN,NaN,-0.0477649683792455,-0.0363419015484396,-0.00257080526110561,0.0600290063060432,0.100111875280466,0.0191085329424823,-0.165201113908552,NaN,NaN,NaN,NaN,NaN,NaN,NaN,NaN,NaN
NaN,NaN,-0.0508537928302151,-0.0364619676547591,-0.00265410275217922,0.0544665518439918,0.105534072562781,0.0197306005429709,-0.163408429711126,NaN,NaN,NaN,NaN,NaN,NaN,NaN,NaN,NaN
NaN,NaN,-0.0492068606157166,-0.0366515104251448,-0.00819848955628307,0.0553867544270664,0.102719876512613,0.023043724722811,-0.160841276287101,NaN,NaN,NaN,NaN,NaN,NaN,NaN,NaN,NaN
NaN,NaN,-0.0463609064657552,-0.0399402525799815,-0.00524481863734157,0.0496234136856704,0.103963601931658,0.0267460486065829,-0.163864628761075,NaN,NaN,NaN,NaN,NaN,NaN,NaN,NaN,NaN
NaN,NaN,-0.0504603462953431,-0.0390054096060339,-0.00936895714160831,0.047009805891624,0.107065539404478,0.0262349574040854,-0.15713483595755,NaN,NaN,NaN,NaN,NaN,NaN,NaN,NaN,NaN
NaN,NaN,-0.0465373920936448,-0.0412578877585474,-0.0100710067248049,0.046657449308744,0.104727081551876,0.0322087397944415,-0.161538836895488,NaN,NaN,NaN,NaN,NaN,NaN,NaN,NaN,NaN
NaN,NaN,-0.0495637993056638,-0.0415354963915888,-0.0103231902515593,0.0406413289941459,0.108712099089947,0.0309881670546019,-0.159619753598236,NaN,NaN,NaN,NaN,NaN,NaN,NaN,NaN,NaN
NaN,NaN,-0.0468963051874501,-0.040338635124499,-0.0153147626018229,0.0411458078063636,0.1064180094448,0.0320890648436034,-0.157458302914165,NaN,NaN,NaN,NaN,NaN,NaN,NaN,NaN,NaN
NaN,NaN,-0.0447713996012074,-0.0446379740315024,-0.0110262084102336,0.0359095770157486,0.10668624897274,0.035799472607323,-0.16016800457146,NaN,NaN,NaN,NaN,NaN,NaN,NaN,NaN,NaN
NaN,NaN,-0.0485649930972916,-0.0420894656854216,-0.0156974989270869,0.0322195465899616,0.109562173083153,0.0345987929176772,-0.154837374924682,NaN,NaN,NaN,NaN,NaN,NaN,NaN,NaN,NaN
NaN,NaN,-0.0437107163209779,-0.0437084209697787,-0.0162401060855094,0.0328393231369167,0.105907700553265,0.0392835503589595,-0.158608151017688,NaN,NaN,NaN,NaN,NaN,NaN,NaN,NaN,NaN
NaN,NaN,-0.0452466721374852,-0.0435916144924704,-0.0169270496165457,0.0253613430298477,0.108704220100966,0.0373934125673259,-0.157829118310474,NaN,NaN,NaN,NaN,NaN,NaN,NaN,NaN,NaN
NaN,NaN,-0.041936304672466,-0.0419691015558783,-0.0212089169120494,0.0263453784621864,0.107189088657227,0.0378611041378463,-0.156285376637243,NaN,NaN,NaN,NaN,NaN,NaN,NaN,NaN,NaN
NaN,NaN,-0.0398844334025246,-0.0465572249668185,-0.0192486319040957,0.0211614134944587,0.106424491449919,0.0411307728063548,-0.159041178761981,NaN,NaN,NaN,NaN,NaN,NaN,NaN,NaN,NaN
NaN,NaN,-0.0422706494767529,-0.0433644276636187,-0.023446419397563,0.0178865107930809,0.108450844481316,0.0375172412168467,-0.156141748069786,NaN,NaN,NaN,NaN,NaN,NaN,NaN,NaN,NaN
NaN,NaN,-0.0376505444486005,-0.0448609326558653,-0.0247479240691367,0.019165104929319,0.103906865760412,0.0406913748156512,-0.159111400484107,NaN,NaN,NaN,NaN,NaN,NaN,NaN,NaN,NaN
NaN,NaN,-0.0379685166020257,-0.0456184331851546,-0.0252305168008509,0.0118325974084049,0.105804156109419,0.0372425196837867,-0.159611408947967,NaN,NaN,NaN,NaN,NaN,NaN,NaN,NaN,NaN
NaN,NaN,-0.0358718673426968,-0.0436403785424773,-0.029543881425828,0.0134376387334972,0.104786462679234,0.0369007801782573,-0.156871644197963,NaN,NaN,NaN,NaN,NaN,NaN,NaN,NaN,NaN
NaN,NaN,-0.0329846369762284,-0.0477903519349638,-0.0284672539031211,0.0091443534232288,0.102596159621802,0.0392699344229186,-0.15976621338632,NaN,NaN,NaN,NaN,NaN,NaN,NaN,NaN,NaN
NaN,NaN,-0.0355714785594804,-0.0447791439073626,-0.0319244909381571,0.00604072094332272,0.104083314135399,0.0349821811687434,-0.155188874690793,NaN,NaN,NaN,NaN,NaN,NaN,NaN,NaN,NaN
NaN,NaN,-0.031161815180288,-0.0445066389220301,-0.0334969545995894,0.00727785259853893,0.0979122031179334,0.0375059908401454,-0.156609458266757,NaN,NaN,NaN,NaN,NaN,NaN,NaN,NaN,NaN
NaN,NaN,-0.0315691943008763,-0.04570936752134,-0.0324024456834498,0.000355276022067605,0.100015054985609,0.0344347870122874,-0.156430327682756,NaN,NaN,NaN,NaN,NaN,NaN,NaN,NaN,NaN
NaN,NaN,-0.0302192794818742,-0.0426356118696276,-0.0360984738266173,0.000900565389504967,0.0973535585847761,0.034484147108742,-0.152311982004903,NaN,NaN,NaN,NaN,NaN,NaN,NaN,NaN,NaN
NaN,NaN,-0.0273092130858762,-0.0454620268719736,-0.0359789851402941,-0.00230279311169094,0.0930183078792955,0.0364076076220954,-0.154171535163186,NaN,NaN,NaN,NaN,NaN,NaN,NaN,NaN,NaN
NaN,NaN,-0.0286003987033231,-0.0419854928331915,-0.0375095579123202,-0.00588704391945308,0.0939836796072389,0.0334441578161204,-0.149357007234357,NaN,NaN,NaN,NaN,NaN,NaN,NaN,NaN,NaN
NaN,NaN,-0.0239314364929063,-0.0413065586762968,-0.0396341095959845,-0.00534909337390369,0.0880704145577814,0.0358262201916659,-0.149520621984266,NaN,NaN,NaN,NaN,NaN,NaN,NaN,NaN,NaN
NaN,NaN,-0.0238730425674779,-0.0414070483820979,-0.0359667848145667,-0.01082823171843,0.0891175005284216,0.0354223055910552,-0.149398842244409,NaN,NaN,NaN,NaN,NaN,NaN,NaN,NaN,NaN
NaN,NaN,-0.0223534780282838,-0.038135628827149,-0.0408667895292941,-0.0114763390981049,0.0867458875921632,0.0344747780036414,-0.144214523374103,NaN,NaN,NaN,NaN,NaN,NaN,NaN,NaN,NaN
NaN,NaN,-0.0184344167549474,-0.0414296608942095,-0.0397126387154761,-0.0122942638360352,0.0813406403807069,0.0387743031751597,-0.145139959990047,NaN,NaN,NaN,NaN,NaN,NaN,NaN,NaN,NaN
NaN,NaN,-0.0196373129923207,-0.0367130335944239,-0.0411407287513915,-0.0165949252210945,0.08321142528924,0.0356195224594558,-0.140585662215017,NaN,NaN,NaN,NaN,NaN,NaN,NaN,NaN,NaN
NaN,NaN,-0.01542475472282,-0.0357136499660555,-0.0423444072997275,-0.0147573326491207,0.0773265096989538,0.0387318534922088,-0.139307030825876,NaN,NaN,NaN,NaN,NaN,NaN,NaN,NaN,NaN
NaN,NaN,-0.014947433276878,-0.0348556969838683,-0.038243998894662,-0.0183374297582001,0.0771554257419969,0.040034401245066,-0.139200636534952,NaN,NaN,NaN,NaN,NaN,NaN,NaN,NaN,NaN
NaN,NaN,-0.0140578525800568,-0.0317570750194136,-0.0423360812759104,-0.019396045502314,0.0742321718183424,0.0388841806125129,-0.131565821706317,NaN,NaN,NaN,NaN,NaN,NaN,NaN,NaN,NaN
NaN,NaN,-0.00896474744270866,-0.0330751758592669,-0.0401267978644076,-0.0188658994399399,0.0687409262803461,0.0449565155577147,-0.13240149745252,NaN,NaN,NaN,NaN,NaN,NaN,NaN,NaN,NaN
NaN,NaN,-0.0110749195058209,-0.0289228555338923,-0.0395913618898097,-0.0224710677527279,0.0702919322696592,0.0434087319445098,-0.127304555266164,NaN,NaN,NaN,NaN,NaN,NaN,NaN,NaN,NaN
NaN,NaN,-0.0069432186622483,-0.0251525823550764,-0.0405682820176783,-0.0202712838314862,0.0642793696072962,0.0483534028899157,-0.125414119451307,NaN,NaN,NaN,NaN,NaN,NaN,NaN,NaN,NaN
NaN,NaN,-0.00518417383621757,-0.0256703418272082,-0.0350163328742686,-0.0241996769570202,0.0636361982372667,0.0509833460819209,-0.124476650147699,NaN,NaN,NaN,NaN,NaN,NaN,NaN,NaN,NaN
NaN,NaN,-0.00449467848132675,-0.0217710618453566,-0.0383243720328513,-0.0249744069539399,0.0603333558586504,0.0504919616651023,-0.117161334841512,NaN,NaN,NaN,NaN,NaN,NaN,NaN,NaN,NaN
NaN,NaN,0.00011017148305352,-0.0221703757124487,-0.036082380572528,-0.0242941875718922,0.0561172213104631,0.0572154773544753,-0.117511083721183,NaN,NaN,NaN,NaN,NaN,NaN,NaN,NaN,NaN
NaN,NaN,-0.0010821449298722,-0.0176431980507914,-0.0349983583485785,-0.027342909272799,0.0571663934436704,0.0580370715033496,-0.11244949453976,NaN,NaN,NaN,NaN,NaN,NaN,NaN,NaN,NaN
NaN,NaN,0.00290458624173577,-0.0141595114546362,-0.035307259420127,-0.0246532869302124,0.051630761071768,0.062824404813,-0.109295458882116,NaN,NaN,NaN,NaN,NaN,NaN,NaN,NaN,NaN
NaN,NaN,0.00537009511996682,-0.0151992586033884,-0.0306237685775462,-0.0288577240668625,0.0494882534888651,0.0657143918942893,-0.107647595345043,NaN,NaN,NaN,NaN,NaN,NaN,NaN,NaN,NaN
NaN,NaN,0.00533846740533287,-0.0105878148751799,-0.0336037400459948,-0.0287691180371136,0.0487039308694269,0.0668504191708053,-0.100910277455114,NaN,NaN,NaN,NaN,NaN,NaN,NaN,NaN,NaN
NaN,NaN,0.0104268227975505,-0.0107680816727225,-0.0318709585165683,-0.0271462511979432,0.0439596246627237,0.0742553463351214,-0.100671486346982,NaN,NaN,NaN,NaN,NaN,NaN,NaN,NaN,NaN
NaN,NaN,0.00905915697027619,-0.00652475250535645,-0.0286549340283576,-0.0297609765790791,0.0456532906440164,0.0763563169311965,-0.0975126264384016,NaN,NaN,NaN,NaN,NaN,NaN,NaN,NaN,NaN
NaN,NaN,0.0125445013206142,-0.0035821084456984,-0.0297126929557028,-0.026369118388781,0.0405597384718324,0.0806615790497744,-0.0931813990464434,NaN,NaN,NaN,NaN,NaN,NaN,NaN,NaN,NaN
NaN,NaN,0.0154008490305084,-0.00474866447621025,-0.0248667980825606,-0.0299824078344197,0.0379349175539877,0.083751874990412,-0.0925927845528349,NaN,NaN,NaN,NaN,NaN,NaN,NaN,NaN,NaN
NaN,NaN,0.0140464452366966,-0.000177696027094498,-0.0266478034949008,-0.029509295966515,0.0381019595709707,0.0830865008902038,-0.0862383706262335,NaN,NaN,NaN,NaN,NaN,NaN,NaN,NaN,NaN
NaN,NaN,0.0192654465596813,-0.000172126718098298,-0.0238232325112525,-0.0275006194375843,0.0328816916492845,0.0914351372193778,-0.0867049818625674,NaN,NaN,NaN,NaN,NaN,NaN,NaN,NaN,NaN
NaN,NaN,0.0166677643816608,0.00404814290232025,-0.0203790526187125,-0.0308149729632229,0.0344107743051912,0.0937156109284842,-0.0825719585409388,NaN,NaN,NaN,NaN,NaN,NaN,NaN,NaN,NaN
NaN,NaN,0.0208272745173114,0.00743946092552505,-0.0201574909782115,-0.0267210279368252,0.0291332300451662,0.0970428167056525,-0.0777874005725607,NaN,NaN,NaN,NaN,NaN,NaN,NaN,NaN,NaN
NaN,NaN,0.0236882974665302,0.0061254020256456,-0.0158178071772757,-0.0300207969509453,0.027288019254532,0.100053763962933,-0.0779735347023234,NaN,NaN,NaN,NaN,NaN,NaN,NaN,NaN,NaN
NaN,NaN,0.0213242654960292,0.011280831269687,-0.0172258924042884,-0.0299774531983227,0.0274447235909368,0.100625447012135,-0.0716957127442583,NaN,NaN,NaN,NaN,NaN,NaN,NaN,NaN,NaN
NaN,NaN,0.0268015039425033,0.0112919885141309,-0.0141484487151805,-0.0269975003563256,0.0231564674225713,0.108440454132506,-0.0721588408341631,NaN,NaN,NaN,NaN,NaN,NaN,NaN,NaN,NaN
NaN,NaN,0.0252293196778434,0.015027802757686,-0.0107807117795649,-0.030964953150639,0.0240552309599783,0.109641953386017,-0.068338462500833,NaN,NaN,NaN,NaN,NaN,NaN,NaN,NaN,NaN
NaN,NaN,0.028801556424393,0.018302444688743,-0.0114941980039778,-0.0271761466525883,0.0204197760370638,0.112195136971422,-0.0648036835482344,NaN,NaN,NaN,NaN,NaN,NaN,NaN,NaN,NaN
NaN,NaN,0.0316844468276637,0.0171335789782461,-0.00681333349105746,-0.0289826703034729,0.0194532308426763,0.115490212119767,-0.0657869925489649,NaN,NaN,NaN,NaN,NaN,NaN,NaN,NaN,NaN
NaN,NaN,0.0304426958124774,0.022016540489858,-0.00775054202434451,-0.0280597482584805,0.0205473858562376,0.115732672638842,-0.0607089748373255,NaN,NaN,NaN,NaN,NaN,NaN,NaN,NaN,NaN
NaN,NaN,0.0349145901661056,0.0225051309389528,-0.00594018132445247,-0.0251366805993409,0.0168238836971189,0.121692596949288,-0.0609590163221583,NaN,NaN,NaN,NaN,NaN,NaN,NaN,NaN,NaN
NaN,NaN,0.0350304466943877,0.0252090956491884,-0.00200452388283641,-0.0277772594951481,0.0174450013485815,0.121246642447659,-0.0588383761933073,NaN,NaN,NaN,NaN,NaN,NaN,NaN,NaN,NaN
NaN,NaN,0.0367439684729713,0.0283196944219526,-0.00382259593364627,-0.0236609254740567,0.0159669365433122,0.120604085750529,-0.0544893791666254,NaN,NaN,NaN,NaN,NaN,NaN,NaN,NaN,NaN
NaN,NaN,0.039239205167784,0.0252718667907175,0.00116569816115468,-0.0252598945759625,0.0136503275183107,0.123218848384568,-0.0556221654405817,NaN,NaN,NaN,NaN,NaN,NaN,NaN,NaN,NaN
NaN,NaN,0.0372275111537116,0.0293209034425672,0.000711007853775907,-0.0243296523355336,0.0170439924744035,0.122055291212746,-0.0505072487285361,NaN,NaN,NaN,NaN,NaN,NaN,NaN,NaN,NaN
NaN,NaN,0.0416767929952281,0.0288278053922113,0.00251658155563443,-0.0202056069635243,0.0116752344814207,0.12526986283774,-0.0495137138059363,NaN,NaN,NaN,NaN,NaN,NaN,NaN,NaN,NaN
NaN,NaN,0.0423048024337428,0.0311398695630487,0.00739926367047398,-0.0231957112215847,0.0133681926575567,0.123045175350853,-0.0487556172301993,NaN,NaN,NaN,NaN,NaN,NaN,NaN,NaN,NaN
NaN,NaN,0.0429898646931785,0.0337138961476739,0.00613555206897824,-0.0195695881508679,0.0119981612709428,0.120688761599013,-0.043483474641107,NaN,NaN,NaN,NaN,NaN,NaN,NaN,NaN,NaN
NaN,NaN,0.0466141623716491,0.0321570787054952,0.00948898388984768,-0.0191614267193169,0.00998095382722871,0.123031503535458,-0.0457517293980345,NaN,NaN,NaN,NaN,NaN,NaN,NaN,NaN,NaN
NaN,NaN,0.0434100960652965,0.0363153222424444,0.00984847440364926,-0.0193142008744568,0.0138280424919988,0.120860981769511,-0.0398101148894057,NaN,NaN,NaN,NaN,NaN,NaN,NaN,NaN,NaN
NaN,NaN,0.0490199920992988,0.0365357476694044,0.0105445821488199,-0.0157159802280754,0.00769137178334252,0.123360502548167,-0.0388307546963915,NaN,NaN,NaN,NaN,NaN,NaN,NaN,NaN,NaN
NaN,NaN,0.0481085253219741,0.0377611446601804,0.0152196910882291,-0.0184327226840348,0.00966218073638932,0.119306939668604,-0.0386537475278601,NaN,NaN,NaN,NaN,NaN,NaN,NaN,NaN,NaN
NaN,NaN,0.0480270159702438,0.0393388237280305,0.0129008655155,-0.0148734685741753,0.00781577785285966,0.115640210933634,-0.0330692393472418,NaN,NaN,NaN,NaN,NaN,NaN,NaN,NaN,NaN
NaN,NaN,0.051251273350014,0.0382451157493051,0.0157222513759431,-0.0135119867287964,0.00794247497591035,0.116468901760527,-0.036568590789102,NaN,NaN,NaN,NaN,NaN,NaN,NaN,NaN,NaN
NaN,NaN,0.0478630659442085,0.0408182110113557,0.0160646986866292,-0.0148582321368546,0.0105428207364942,0.112989163972088,-0.0303694469621405,NaN,NaN,NaN,NaN,NaN,NaN,NaN,NaN,NaN
NaN,NaN,0.0529291254739898,0.0398092720133718,0.0161343243623075,-0.0111157682501168,0.00601305399807946,0.112760915435501,-0.0302364913513884,NaN,NaN,NaN,NaN,NaN,NaN,NaN,NaN,NaN
NaN,NaN,0.0523944718103545,0.0410222824139055,0.0216688577735719,-0.0128220629655213,0.00764840055974976,0.108321039951988,-0.02906635904219,NaN,NaN,NaN,NaN,NaN,NaN,NaN,NaN,NaN
NaN,NaN,0.0512807962756293,0.0431286360544618,0.0194304984712896,-0.00866082056988186,0.00731085200580613,0.103559895433136,-0.0244677303126082,NaN,NaN,NaN,NaN,NaN,NaN,NaN,NaN,NaN
NaN,NaN,0.0551557314853805,0.0417336079699453,0.0224189449751672,-0.00677239641178554,0.00620498095425622,0.104128188468167,-0.0268808988621458,NaN,NaN,NaN,NaN,NaN,NaN,NaN,NaN,NaN
NaN,NaN,0.0521420461397308,0.0443554300290998,0.0233221416080293,-0.00806842490662044,0.00831688527735726,0.0993530182313407,-0.0209967283299193,NaN,NaN,NaN,NaN,NaN,NaN,NaN,NaN,NaN
NaN,NaN,0.0564450917105811,0.0435416403634008,0.0232325297498998,-0.00372572362054294,0.00408292521509187,0.0975473327707732,-0.0199639661004767,NaN,NaN,NaN,NaN,NaN,NaN,NaN,NaN,NaN
NaN,NaN,0.0563801040213245,0.0448529611749109,0.0283429574871358,-0.0051790524982304,0.00552252639802949,0.0942371143173659,-0.0196287086000666,NaN,NaN,NaN,NaN,NaN,NaN,NaN,NaN,NaN
NaN,NaN,0.0539920811813014,0.0472754243237432,0.0255639095509347,-0.000425414439329565,0.00708467100533501,0.0884439153742278,-0.0144794819643721,NaN,NaN,NaN,NaN,NaN,NaN,NaN,NaN,NaN
NaN,NaN,0.0582277548771041,0.0458492155594286,0.0296217565143403,0.000562085512986719,0.00473688130053536,0.0907196207117522,-0.0158757952740416,NaN,NaN,NaN,NaN,NaN,NaN,NaN,NaN,NaN
NaN,NaN,0.0553186384301322,0.047317184827989,0.0299517613554296,-0.00160372376073307,0.00699317787560479,0.0842076270055259,-0.0106027399888262,NaN,NaN,NaN,NaN,NaN,NaN,NaN,NaN,NaN
NaN,NaN,0.05947062347938,0.0486931021732744,0.0297851104939279,0.00407022863995129,0.00333967392119424,0.0828560916852439,-0.00851469615008682,NaN,NaN,NaN,NaN,NaN,NaN,NaN,NaN,NaN
NaN,NaN,0.0586879586141246,0.0473624284786638,0.0329751697087583,0.00272364795576626,0.0051468494978811,0.079789469964453,-0.00909686589147896,NaN,NaN,NaN,NaN,NaN,NaN,NaN,NaN,NaN
NaN,NaN,0.056860852734341,0.0506605397386011,0.0317172136807737,0.0060138802267223,0.0068618800190355,0.0745219467353309,-0.00285605469252914,NaN,NaN,NaN,NaN,NaN,NaN,NaN,NaN,NaN
NaN,NaN,0.0614366826872962,0.0489087219757494,0.0340381999218759,0.00837334871660763,0.00451312173875825,0.076037692851969,-0.00520557665731758,NaN,NaN,NaN,NaN,NaN,NaN,NaN,NaN,NaN
NaN,NaN,0.0589953695695537,0.0497999045473989,0.0355106022858915,0.00559616342555576,0.00654571463140504,0.0693917190801585,0.000420040101744233,NaN,NaN,NaN,NaN,NaN,NaN,NaN,NaN,NaN
NaN,NaN,0.0629808527689117,0.0512129444105085,0.0336570840978917,0.0127563203908115,0.00353469286831872,0.0682360408973182,0.00243398791644722,NaN,NaN,NaN,NaN,NaN,NaN,NaN,NaN,NaN
NaN,NaN,0.0618394983272689,0.0494753200036939,0.0383172918761071,0.011199018660894,0.00485849340232865,0.0660734353732551,0.00289329758379608,NaN,NaN,NaN,NaN,NaN,NaN,NaN,NaN,NaN
NaN,NaN,0.0590166223507064,0.0519985895080026,0.0365078997516927,0.014456487003675,0.00636637915643708,0.0615793010365451,0.00941443687770515,NaN,NaN,NaN,NaN,NaN,NaN,NaN,NaN,NaN
NaN,NaN,0.0626008172791141,0.0509636107308324,0.0393911999368963,0.0166651743687301,0.00432762090834634,0.0629356419813121,0.00859202316496521,NaN,NaN,NaN,NaN,NaN,NaN,NaN,NaN,NaN
NaN,NaN,0.0600474846820968,0.0528362210316118,0.0421391975784597,0.0152726422287136,0.00613909919532792,0.0582851944636786,0.0126335347304121,NaN,NaN,NaN,NaN,NaN,NaN,NaN,NaN,NaN
NaN,NaN,0.0618380082111495,0.0542524646443781,0.0403345738256273,0.0206787462569385,0.00284828950437562,0.0572239896428073,0.0165178204188123,NaN,NaN,NaN,NaN,NaN,NaN,NaN,NaN,NaN
NaN,NaN,0.0615796407024997,0.0529612045211252,0.0439697866046724,0.0189926984943061,0.00284245942505853,0.0563385253917659,0.0172083961078897,NaN,NaN,NaN,NaN,NaN,NaN,NaN,NaN,NaN
NaN,NaN,0.0585484092395442,0.0559248592180666,0.0422178570831117,0.0201306256688743,0.00508419011506097,0.0521334363293136,0.0238205442437902,NaN,NaN,NaN,NaN,NaN,NaN,NaN,NaN,NaN
NaN,NaN,0.0617250574093002,0.0547910484892782,0.0436113764250573,0.0227633814550548,0.000790811672535103,0.0550486995052779,0.0234328160295263,NaN,NaN,NaN,NaN,NaN,NaN,NaN,NaN,NaN
NaN,NaN,0.0597298478047984,0.0566579777223524,0.0465347048545179,0.0208895976878315,0.00408393104347245,0.052344343639561,0.0274429047713056,NaN,NaN,NaN,NaN,NaN,NaN,NaN,NaN,NaN
NaN,NaN,0.0604608056407111,0.0580015222949442,0.0442876656258401,0.0261430951989799,0.00147529651197449,0.0519984504353488,0.0326614031801,NaN,NaN,NaN,NaN,NaN,NaN,NaN,NaN,NaN
NaN,NaN,0.0610280928473609,0.0559381585044321,0.04804575710538,0.0244119341708332,0.00275064964565293,0.0521510569524253,0.0326582553097978,NaN,NaN,NaN,NaN,NaN,NaN,NaN,NaN,NaN
NaN,NaN,0.0581103896062511,0.0588139708561357,0.0468057383501825,0.0246919269896656,0.00601229031356828,0.0490414453815902,0.0392620029160753,NaN,NaN,NaN,NaN,NaN,NaN,NaN,NaN,NaN
NaN,NaN,0.0615466160040038,0.0568923729879316,0.0471926470005807,0.0283561225272327,0.00152933184775369,0.0515347262989962,0.0394204953918234,NaN,NaN,NaN,NaN,NaN,NaN,NaN,NaN,NaN
NaN,NaN,0.0580720749955314,0.0579053166729864,0.0495905046069917,0.0264533746279388,0.00447756384285943,0.0503174690675223,0.0436688537010923,NaN,NaN,NaN,NaN,NaN,NaN,NaN,NaN,NaN
NaN,NaN,0.0578663458387988,0.0591360035759863,0.0469336461925802,0.0315587918497234,0.00335921306880967,0.0488642519485438,0.049871145398356,NaN,NaN,NaN,NaN,NaN,NaN,NaN,NaN,NaN
NaN,NaN,0.0576688495736259,0.0564038942975458,0.0515704032683667,0.030271219763866,0.00355534960302369,0.0495206853520358,0.0490808064350858,NaN,NaN,NaN,NaN,NaN,NaN,NaN,NaN,NaN
NaN,NaN,0.0534072292308944,0.0585908445937093,0.0513287809396085,0.0307832981682926,0.00644719932946221,0.0469082510244334,0.0558178449282423,NaN,NaN,NaN,NaN,NaN,NaN,NaN,NaN,NaN
NaN,NaN,0.0572960038941043,0.0580804611963686,0.0514320832395849,0.0350532259083896,0.00185775344046609,0.0501261009048903,0.0580269793281332,NaN,NaN,NaN,NaN,NaN,NaN,NaN,NaN,NaN
NaN,NaN,0.053627375261082,0.0583018365723547,0.0542264421189126,0.0331682476438194,0.00530279014977471,0.0491965664696181,0.0623658249387518,NaN,NaN,NaN,NaN,NaN,NaN,NaN,NaN,NaN
NaN,NaN,0.0533666421930927,0.0606366250140127,0.0506002631688413,0.0371491114832073,0.004839475795355,0.0477215191494906,0.0689281100640073,NaN,NaN,NaN,NaN,NaN,NaN,NaN,NaN,NaN
NaN,NaN,0.0535228249888557,0.0581569227797445,0.0561319094801244,0.0365763294733673,0.0050165388432409,0.0506869433593238,0.0674681687960401,NaN,NaN,NaN,NaN,NaN,NaN,NaN,NaN,NaN
NaN,NaN,0.0497138087909358,0.0609776567143854,0.0546202053034601,0.0360293264723926,0.00904650200876252,0.0476585244905436,0.0760655800113454,NaN,NaN,NaN,NaN,NaN,NaN,NaN,NaN,NaN
NaN,NaN,0.0529881154458659,0.060553439281648,0.0553342130685148,0.0404334019161373,0.00485042814883248,0.0522994166385615,0.0772986697265878,NaN,NaN,NaN,NaN,NaN,NaN,NaN,NaN,NaN
NaN,NaN,0.0497815159421104,0.0593732114357408,0.0572682906592187,0.0378083388544231,0.00911398564251916,0.0517295217287028,0.08103906607721,NaN,NaN,NaN,NaN,NaN,NaN,NaN,NaN,NaN
NaN,NaN,0.0481794362228053,0.061251074395841,0.0544142526293096,0.0403404372967392,0.00958916504653947,0.0509281559061492,0.0864885324845091,NaN,NaN,NaN,NaN,NaN,NaN,NaN,NaN,NaN
NaN,NaN,0.0485029590587753,0.0587042424303945,0.0589142729246911,0.0408049064911514,0.00962578465017335,0.0544492630433524,0.0851232322165743,NaN,NaN,NaN,NaN,NaN,NaN,NaN,NaN,NaN
NaN,NaN,0.0445987803201812,0.0615021589619573,0.0580802176797685,0.0410581889785438,0.0139818224755193,0.0511330841254676,0.092139313579537,NaN,NaN,NaN,NaN,NaN,NaN,NaN,NaN,NaN
NaN,NaN,0.046911123887791,0.0595992247981485,0.0572372031116781,0.0450502473152786,0.0102243084159757,0.0549034131836379,0.0934939408907667,NaN,NaN,NaN,NaN,NaN,NaN,NaN,NaN,NaN
NaN,NaN,0.0434885506789821,0.0576530772668775,0.0588428777361211,0.0420194070078045,0.0139834988561536,0.0543013690185035,0.0950774686643854,NaN,NaN,NaN,NaN,NaN,NaN,NaN,NaN,NaN
NaN,NaN,0.0404339430194038,0.0585494379920419,0.0551285025382337,0.0440990316904693,0.0144351344254877,0.0531340865563834,0.0997265564510599,NaN,NaN,NaN,NaN,NaN,NaN,NaN,NaN,NaN
NaN,NaN,0.0405101810853618,0.0558113309962209,0.0592804689610299,0.0459100256897121,0.013523704901066,0.0564772179495776,0.0978645259747282,NaN,NaN,NaN,NaN,NaN,NaN,NaN,NaN,NaN
NaN,NaN,0.0368467678587573,0.0573126416129526,0.0586236444020566,0.0445099498368412,0.0181677821722891,0.0527812084328616,0.104883662075736,NaN,NaN,NaN,NaN,NaN,NaN,NaN,NaN,NaN
NaN,NaN,0.0384967734377521,0.0564951266569551,0.0576849830055532,0.0498692642189174,0.0153923105147745,0.0550507670413936,0.105871366919018,NaN,NaN,NaN,NaN,NaN,NaN,NaN,NaN,NaN
NaN,NaN,0.0349289325337547,0.0523739870113786,0.060719064315587,0.0460169601477295,0.0182424183634187,0.0548659553896869,0.106541323126294,NaN,NaN,NaN,NaN,NaN,NaN,NaN,NaN,NaN
NaN,NaN,0.0322201249461311,0.0551857243699487,0.0568785507881936,0.049299834970346,0.0190069596913721,0.0531714698445285,0.111288218409754,NaN,NaN,NaN,NaN,NaN,NaN,NaN,NaN,NaN
NaN,NaN,0.032665893183245,0.0513382445496973,0.0606558647656736,0.0516703675724178,0.01867904101285,0.05616021437163,0.108816898078658,NaN,NaN,NaN,NaN,NaN,NaN,NaN,NaN,NaN
NaN,NaN,0.0289431360821861,0.052252021007007,0.059546864470273,0.0492455202377945,0.0229652668980028,0.0518463282060111,0.113916447968222,NaN,NaN,NaN,NaN,NaN,NaN,NaN,NaN,NaN
NaN,NaN,0.0302285847525733,0.0511765483242925,0.0580140192711648,0.0545044752992302,0.020574114814129,0.0531627526652301,0.113669610233046,NaN,NaN,NaN,NaN,NaN,NaN,NaN,NaN,NaN
NaN,NaN,0.0263035257618564,0.0473216551763471,0.0596204389536676,0.0503686952627807,0.0231455150690939,0.05295942632074,0.112445349455811,NaN,NaN,NaN,NaN,NaN,NaN,NaN,NaN,NaN
NaN,NaN,0.0244413649003642,0.0497974086028989,0.0557897415662107,0.0539401310719162,0.0253798324314024,0.0501635586988414,0.11576968675945,NaN,NaN,NaN,NaN,NaN,NaN,NaN,NaN,NaN
NaN,NaN,0.0252659392814773,0.0461621958238538,0.0577590790295896,0.0554137814081817,0.0239914912429716,0.0522143310081447,0.113476267666556,NaN,NaN,NaN,NaN,NaN,NaN,NaN,NaN,NaN
NaN,NaN,0.0218458433907169,0.0467868525010999,0.0573017437660989,0.0536338377035766,0.030482679202881,0.0479267826449359,0.116727477521636,NaN,NaN,NaN,NaN,NaN,NaN,NaN,NaN,NaN
NaN,NaN,0.022357791409983,0.0453359078092035,0.0546224404776391,0.0582622128761917,0.028291929110613,0.0488727456104243,0.11770484468434,NaN,NaN,NaN,NaN,NaN,NaN,NaN,NaN,NaN
NaN,NaN,0.0200515200655597,0.041860305092996,0.0568186294937429,0.0561213444210201,0.0311609614339735,0.0484111821424449,0.115026752115227,NaN,NaN,NaN,NaN,NaN,NaN,NaN,NaN,NaN
NaN,NaN,0.0167185587148803,0.0432029555959161,0.0541933615410623,0.0592318873144298,0.0327269430902864,0.0445726988982642,0.11927840730641,NaN,NaN,NaN,NaN,NaN,NaN,NaN,NaN,NaN
NaN,NaN,0.0186605898003715,0.0386955219728407,0.0560493197942075,0.06053322434794,0.030768483474579,0.0467964736890281,0.116785126389004,NaN,NaN,NaN,NaN,NaN,NaN,NaN,NaN,NaN
NaN,NaN,0.0133406889896529,0.0385884943825658,0.0561847154701051,0.0578268009461074,0.0366668846157457,0.0414822725724662,0.118484790087678,NaN,NaN,NaN,NaN,NaN,NaN,NaN,NaN,NaN
NaN,NaN,0.0143448782425063,0.0367657657188829,0.053147858818799,0.0621504287458568,0.0336130592671301,0.0420708311867202,0.119631751091219,NaN,NaN,NaN,NaN,NaN,NaN,NaN,NaN,NaN
NaN,NaN,0.0111574639837878,0.0328153561276849,0.055120455911189,0.0592709469832092,0.0354375574437048,0.0414929082762683,0.11666861793492,NaN,NaN,NaN,NaN,NaN,NaN,NaN,NaN,NaN
NaN,NaN,0.00724438180138046,0.0345350432617124,0.0516610954606828,0.0609544801748901,0.038624506041136,0.0385269438993419,0.121207194984891,NaN,NaN,NaN,NaN,NaN,NaN,NaN,NaN,NaN
NaN,NaN,0.00922984977175172,0.0298690054041799,0.0530546520555314,0.0616964276171833,0.0362296286669637,0.0400049900781596,0.117512973607518,NaN,NaN,NaN,NaN,NaN,NaN,NaN,NaN,NaN
NaN,NaN,0.00417068202902252,0.0305758606118616,0.0513316121602353,0.0593736532367378,0.0418615225401785,0.0364061361324275,0.119015401811339,NaN,NaN,NaN,NaN,NaN,NaN,NaN,NaN,NaN
NaN,NaN,0.00518960480500633,0.0282770025951322,0.0472559210563001,0.062116081569305,0.0386856939342882,0.0360039165389026,0.118754910887219,NaN,NaN,NaN,NaN,NaN,NaN,NaN,NaN,NaN
NaN,NaN,0.00321240697909767,0.023571476660436,0.0484103885197934,0.059702596370092,0.0399749424007799,0.0362895717989886,0.115852704853751,NaN,NaN,NaN,NaN,NaN,NaN,NaN,NaN,NaN
NaN,NaN,-0.000255018724904708,0.0253139439446386,0.0445499633157548,0.0598643484748512,0.0432045083192255,0.0314848600100959,0.119233945966698,NaN,NaN,NaN,NaN,NaN,NaN,NaN,NaN,NaN
NaN,NaN,0.00157197539616997,0.0208037908596452,0.0454277162158784,0.0620053100622802,0.0415699440685178,0.0329357301961863,0.115315834642388,NaN,NaN,NaN,NaN,NaN,NaN,NaN,NaN,NaN
NaN,NaN,-0.00221304993222778,0.020244960061973,0.0444542978608903,0.058847530487886,0.0460254098919298,0.0295585496496642,0.116786653758027,NaN,NaN,NaN,NaN,NaN,NaN,NaN,NaN,NaN
NaN,NaN,-0.00185456524680679,0.0186324309033807,0.0398335781598386,0.0629252518750339,0.0428972650018598,0.0291390633356059,0.118167339474894,NaN,NaN,NaN,NaN,NaN,NaN,NaN,NaN,NaN
NaN,NaN,-0.00399109373878067,0.0132031555694994,0.042513924529582,0.0598393704034,0.0442825700786974,0.0299405036639655,0.115588246495463,NaN,NaN,NaN,NaN,NaN,NaN,NaN,NaN,NaN
NaN,NaN,-0.00849565888832634,0.0150057304126676,0.0394762855673131,0.0597977030314117,0.047442864224043,0.0248662484955275,0.119385677040555,NaN,NaN,NaN,NaN,NaN,NaN,NaN,NaN,NaN
NaN,NaN,-0.00615530113767212,0.0117267485184129,0.0394169975722131,0.0620329889691978,0.0436342391816045,0.0256184404861415,0.116520947427489,NaN,NaN,NaN,NaN,NaN,NaN,NaN,NaN,NaN
NaN,NaN,-0.00979060704897469,0.0102830308896955,0.0378730882609185,0.0578083793855815,0.0485312264111902,0.0233110143017257,0.116819045157172,NaN,NaN,NaN,NaN,NaN,NaN,NaN,NaN,NaN
NaN,NaN,-0.0106440151769978,0.00943020018166862,0.033614187380105,0.0609468433297782,0.0443604658988382,0.0237270919751609,0.120172532857396,NaN,NaN,NaN,NaN,NaN,NaN,NaN,NaN,NaN
NaN,NaN,-0.0117192829687459,0.00507203894085251,0.0347132038975057,0.0578587639368682,0.0464376318899061,0.0251053003739798,0.115866488427855,NaN,NaN,NaN,NaN,NaN,NaN,NaN,NaN,NaN
NaN,NaN,-0.0165833758849961,0.00658687236136757,0.0326450344825086,0.0571341577209144,0.0480029057410623,0.0201220540475333,0.119752282858826,NaN,NaN,NaN,NaN,NaN,NaN,NaN,NaN,NaN
NaN,NaN,-0.0123902450044019,0.00314975189394318,0.0307159301543531,0.060330922458282,0.0450201403048898,0.0232017701637233,0.116854509920813,NaN,NaN,NaN,NaN,NaN,NaN,NaN,NaN,NaN
NaN,NaN,-0.0153188633460862,0.00226506995386444,0.0307189103865918,0.0551088663972526,0.0487458776381876,0.0221450356912101,0.118270474136807,NaN,NaN,NaN,NaN,NaN,NaN,NaN,NaN,NaN
NaN,NaN,-0.0165107327241761,0.00103518398827873,0.0255690131986436,0.0576263058222442,0.0457312423435117,0.0224024532508338,0.1216791147599,NaN,NaN,NaN,NaN,NaN,NaN,NaN,NaN,NaN
NaN,NaN,-0.0177459086019856,-0.00257164207869209,0.0282763306701478,0.0545523639060169,0.0468634884503748,0.0241690231632674,0.116414664895274,NaN,NaN,NaN,NaN,NaN,NaN,NaN,NaN,NaN
NaN,NaN,-0.0219481478173596,-0.00150050935917534,0.025156362792283,0.0530692885852962,0.0482238340822126,0.0194610944163287,0.120790856541134,NaN,NaN,NaN,NaN,NaN,NaN,NaN,NaN,NaN
NaN,NaN,-0.018464442594753,-0.00459058178239502,0.0232455496394929,0.0548193740881591,0.0445849146393205,0.0236555105220759,0.117738223285414,NaN,NaN,NaN,NaN,NaN,NaN,NaN,NaN,NaN
NaN,NaN,-0.0214443209309441,-0.0069380734639708,0.0236737158799466,0.0498786333240181,0.0477196532932188,0.0222825547825778,0.119943036348559,NaN,NaN,NaN,NaN,NaN,NaN,NaN,NaN,NaN
NaN,NaN,-0.0245596321959359,-0.00688737226300873,0.0173183892572221,0.0516975435651451,0.0458127144423391,0.0223834542703116,0.121912001282908,NaN,NaN,NaN,NaN,NaN,NaN,NaN,NaN,NaN
NaN,NaN,-0.0240294302542073,-0.0109385323303286,0.0203952741527852,0.0485356661714225,0.0454154308584596,0.0245588375400985,0.117482985020615,NaN,NaN,NaN,NaN,NaN,NaN,NaN,NaN,NaN
NaN,NaN,-0.0293541739423138,-0.00939829242997803,0.0167618495130834,0.0482126276231914,0.0475264224854375,0.0211899085115874,0.122188287437893,NaN,NaN,NaN,NaN,NaN,NaN,NaN,NaN,NaN
NaN,NaN,-0.0253362062115533,-0.0123501938360278,0.0155626413131055,0.0492585401273876,0.0434933673289682,0.0261421790492022,0.121376323164441,NaN,NaN,NaN,NaN,NaN,NaN,NaN,NaN,NaN
NaN,NaN,-0.0285953881878716,-0.0140851732867304,0.0156928960883912,0.0432610648907333,0.0463006715920831,0.0263531608652556,0.121820228756405,NaN,NaN,NaN,NaN,NaN,NaN,NaN,NaN,NaN
NaN,NaN,-0.0321274476785523,-0.0125139762239996,0.0101582509184179,0.0447470273114353,0.043968528106537,0.0261369450163329,0.124279888928868,NaN,NaN,NaN,NaN,NaN,NaN,NaN,NaN,NaN
NaN,NaN,-0.0308471771616799,-0.0167416777985636,0.0122245390618142,0.0426885995305687,0.0437918562141325,0.0300689516734565,0.120222842902876,NaN,NaN,NaN,NaN,NaN,NaN,NaN,NaN,NaN
NaN,NaN,-0.0351951124806268,-0.0147068869846407,0.00982016219738095,0.0413905780054241,0.0469281781164076,0.0283545358252013,0.124580538482405,NaN,NaN,NaN,NaN,NaN,NaN,NaN,NaN,NaN
NaN,NaN,-0.0311105924386842,-0.0177342813985888,0.0079591934287843,0.0422629851139694,0.0429718266871835,0.0322619369399035,0.124735957593657,NaN,NaN,NaN,NaN,NaN,NaN,NaN,NaN,NaN
NaN,NaN,-0.0344198236901623,-0.0184764896112029,0.00831384106519788,0.0360285441614299,0.0456295791712667,0.0321581876050914,0.123051772476174,NaN,NaN,NaN,NaN,NaN,NaN,NaN,NaN,NaN
NaN,NaN,-0.0373651685852868,-0.0179430280404631,0.00362383096459477,0.0376343491710334,0.0453063729849722,0.0311022354435408,0.125332171679474,NaN,NaN,NaN,NaN,NaN,NaN,NaN,NaN,NaN
NaN,NaN,-0.0339179153282506,-0.0224070992844645,0.00439545034411519,0.0373677301443725,0.0445640343871977,0.0357056511711562,0.120546253980137,NaN,NaN,NaN,NaN,NaN,NaN,NaN,NaN,NaN
NaN,NaN,-0.0388736690122945,-0.0208913531678263,0.00252218811753362,0.0334808926321178,0.0472872588482763,0.0329287825297797,0.125935165793635,NaN,NaN,NaN,NaN,NaN,NaN,NaN,NaN,NaN
NaN,NaN,-0.0354832264323098,-0.0235103998857085,-0.00070382014867694,0.0358539956844955,0.0428267638829614,0.0368308378529036,0.124951875419356,NaN,NaN,NaN,NaN,NaN,NaN,NaN,NaN,NaN
NaN,NaN,-0.0399604852039677,-0.0251686569827143,0.000894180377751283,0.0296754527128845,0.0458283606615926,0.0364828771125758,0.122169660986401,NaN,NaN,NaN,NaN,NaN,NaN,NaN,NaN,NaN
NaN,NaN,-0.0422199110228879,-0.0237390768306796,-0.00438738719579608,0.0326049278713375,0.0451081316617395,0.0360444663238013,0.124698779196478,NaN,NaN,NaN,NaN,NaN,NaN,NaN,NaN,NaN
NaN,NaN,-0.0381550232608182,-0.0277868841367308,-0.00263294310328395,0.0316760081089645,0.0429412234273817,0.0409859707724536,0.121077070594765,NaN,NaN,NaN,NaN,NaN,NaN,NaN,NaN,NaN
NaN,NaN,-0.0421067925829751,-0.0261759009736124,-0.00268254534360797,0.0271472285724788,0.0452295388725664,0.0393136134516681,0.12517809367273,NaN,NaN,NaN,NaN,NaN,NaN,NaN,NaN,NaN
NaN,NaN,-0.0405154603261811,-0.0264287923055235,-0.00736678124424846,0.0285199049152046,0.0425000372973348,0.0428593820106471,0.123717593611218,NaN,NaN,NaN,NaN,NaN,NaN,NaN,NaN,NaN
NaN,NaN,-0.0433848092992169,-0.0287808102148119,-0.0050400766825381,0.0236217255927234,0.0444798614529039,0.0433920798968757,0.119480969966389,NaN,NaN,NaN,NaN,NaN,NaN,NaN,NaN,NaN
NaN,NaN,-0.045807756735788,-0.0274408046680037,-0.0105245235657397,0.0254168312288433,0.0437351572957899,0.0424411064159358,0.121326776803471,NaN,NaN,NaN,NaN,NaN,NaN,NaN,NaN,NaN
NaN,NaN,-0.04155716325234,-0.032178796507651,-0.00899836526271731,0.0234615194834381,0.039521723583069,0.0469227051507914,0.116906682611443,NaN,NaN,NaN,NaN,NaN,NaN,NaN,NaN,NaN
NaN,NaN,-0.0459928477842671,-0.0300151665287558,-0.0100752535557452,0.0181615303493648,0.0438753958490755,0.0436410037946189,0.119486203999259,NaN,NaN,NaN,NaN,NaN,NaN,NaN,NaN,NaN
NaN,NaN,-0.0436172487873894,-0.031501892633969,-0.0150054144954386,0.0198232333398967,0.0399340759662058,0.0465851752232993,0.117331030429341,NaN,NaN,NaN,NaN,NaN,NaN,NaN,NaN,NaN
NaN,NaN,-0.0453011917610032,-0.0343603265064303,-0.0122860829627219,0.0158069047368675,0.0425373460796739,0.0468313424062217,0.110712139518,NaN,NaN,NaN,NaN,NaN,NaN,NaN,NaN,NaN
NaN,NaN,-0.0481568502921921,-0.0342091169732157,-0.0174559104537669,0.0167558293081432,0.0404878962484266,0.045608571745106,0.114164068014361,NaN,NaN,NaN,NaN,NaN,NaN,NaN,NaN,NaN
NaN,NaN,-0.044025317086683,-0.0370715927856509,-0.0160561139976683,0.0161424416340499,0.0374111417380239,0.0488679213594878,0.108622233034112,NaN,NaN,NaN,NaN,NaN,NaN,NaN,NaN,NaN
NaN,NaN,-0.0473908188481194,-0.0360582020657603,-0.0168164643740359,0.0111753071881443,0.0421090308276083,0.0453038616251433,0.110526601434685,NaN,NaN,NaN,NaN,NaN,NaN,NaN,NaN,NaN
NaN,NaN,-0.0460689182121617,-0.0366456989722792,-0.0218329775428477,0.0139361012018829,0.0388076971915628,0.046556900269934,0.106879467726685,NaN,NaN,NaN,NaN,NaN,NaN,NaN,NaN,NaN
NaN,NaN,-0.0465188960273129,-0.0398568992095534,-0.01925155625698,0.0101563471592575,0.0394923310426141,0.0471964022290194,0.10154799988959,NaN,NaN,NaN,NaN,NaN,NaN,NaN,NaN,NaN
NaN,NaN,-0.0497039074737889,-0.0386425477045123,-0.0240293155705634,0.0105223755575328,0.0376827154007818,0.0449633887183154,0.104965506703593,NaN,NaN,NaN,NaN,NaN,NaN,NaN,NaN,NaN
NaN,NaN,-0.0446410889465672,-0.040977932192618,-0.0227391357814971,0.0101824986971527,0.0343637052622701,0.0481115197908366,0.099210342974402,NaN,NaN,NaN,NaN,NaN,NaN,NaN,NaN,NaN
NaN,NaN,-0.0486826936442715,-0.040263421513373,-0.0224930617308322,0.00447088361155087,0.0392498891499902,0.0437176330160582,0.100665627629496,NaN,NaN,NaN,NaN,NaN,NaN,NaN,NaN,NaN
NaN,NaN,-0.0463657865960461,-0.0400681045430247,-0.0274745385443869,0.00933575883876377,0.035451452776518,0.0443207202624762,0.0969817439327016,NaN,NaN,NaN,NaN,NaN,NaN,NaN,NaN,NaN
NaN,NaN,-0.0460620264251096,-0.0436732728558127,-0.0238798196708861,0.00382815927635723,0.0350759621408846,0.0456425277661765,0.0924967179307714,NaN,NaN,NaN,NaN,NaN,NaN,NaN,NaN,NaN
NaN,NaN,-0.0485188181240422,-0.0416179743187968,-0.0284281011020842,0.00324384749304348,0.0344885956195261,0.0423352336656535,0.0938412310788408,NaN,NaN,NaN,NaN,NaN,NaN,NaN,NaN,NaN
NaN,NaN,-0.0436805042166573,-0.0433610376494471,-0.0278289067840281,0.00253963724147373,0.0314683351364996,0.0454641981195891,0.0880843537161127,NaN,NaN,NaN,NaN,NaN,NaN,NaN,NaN,NaN
NaN,NaN,-0.0476490559716088,-0.0440813225286547,-0.027757809618682,-0.0027928550504536,0.0363894436207678,0.0398831544589484,0.087503450573422,NaN,NaN,NaN,NaN,NaN,NaN,NaN,NaN,NaN
NaN,NaN,-0.0459583515961034,-0.0432215069013182,-0.0331549543237391,0.00176762670647198,0.0321826781776811,0.0403148038458312,0.0838804939994588,NaN,NaN,NaN,NaN,NaN,NaN,NaN,NaN,NaN
NaN,NaN,-0.0446981976468427,-0.0481494326668326,-0.0295833881294432,-0.00236815332997745,0.0309968996492292,0.041850852794596,0.0788106719264761,NaN,NaN,NaN,NaN,NaN,NaN,NaN,NaN,NaN
NaN,NaN,-0.047078173859821,-0.0441195253806654,-0.034062192896575,-0.00373268991340107,0.0318829785731699,0.0370511701476062,0.0800359757849947,NaN,NaN,NaN,NaN,NaN,NaN,NaN,NaN,NaN
NaN,NaN,-0.0419062229533059,-0.0459035855310503,-0.0338855582570735,-0.00293508663404888,0.0287859398570921,0.0399807198118651,0.0742448630044237,NaN,NaN,NaN,NaN,NaN,NaN,NaN,NaN,NaN
NaN,NaN,-0.0447753484089238,-0.0465481538849417,-0.0339393328225318,-0.00790816291798061,0.0325567718294527,0.0335913440358127,0.0720338659593835,NaN,NaN,NaN,NaN,NaN,NaN,NaN,NaN,NaN
NaN,NaN,-0.0447666498560769,-0.0455034148471896,-0.0380268144702616,-0.00472898155082172,0.0271866354790594,0.0336174396943534,0.070432903827168,NaN,NaN,NaN,NaN,NaN,NaN,NaN,NaN,NaN
NaN,NaN,-0.0421315471370084,-0.0497379895823542,-0.0352229188477698,-0.00863904624808735,0.0256865542081262,0.033659609980532,0.0640777634689584,NaN,NaN,NaN,NaN,NaN,NaN,NaN,NaN,NaN
NaN,NaN,-0.0456957745094163,-0.0460074466245715,-0.0385588790571395,-0.0116924990676731,0.0264336239245798,0.0283220140408957,0.0665680269012228,NaN,NaN,NaN,NaN,NaN,NaN,NaN,NaN,NaN
NaN,NaN,-0.0408393370647294,-0.0490552183764521,-0.039195922324628,-0.00977432846654362,0.0223014574197199,0.0315777687501395,0.0607662039110437,NaN,NaN,NaN,NaN,NaN,NaN,NaN,NaN,NaN
NaN,NaN,-0.043469373388992,-0.0492242720501963,-0.0385156843161288,-0.0149542701207489,0.0249612215605642,0.027127313442179,0.0590230288216844,NaN,NaN,NaN,NaN,NaN,NaN,NaN,NaN,NaN
NaN,NaN,-0.0431458319265706,-0.0480320301430766,-0.0427701893543902,-0.0122307662628979,0.0205094810274507,0.0265494836639846,0.0585889952490106,NaN,NaN,NaN,NaN,NaN,NaN,NaN,NaN,NaN
NaN,NaN,-0.0399039725501401,-0.0505200397747103,-0.0386687937473956,-0.0162542660497517,0.0186616625336076,0.0276506608497584,0.0524017350981012,NaN,NaN,NaN,NaN,NaN,NaN,NaN,NaN,NaN
NaN,NaN,-0.0427375773627621,-0.0475979593174998,-0.0434375378584567,-0.0181636077128739,0.0209177355912592,0.02289231029863,0.0555510396370664,NaN,NaN,NaN,NaN,NaN,NaN,NaN,NaN,NaN
NaN,NaN,-0.038060959680782,-0.0490806062298361,-0.0438188026940528,-0.0157869097553582,0.0159269082990553,0.0255294060480082,0.049597411067225,NaN,NaN,NaN,NaN,NaN,NaN,NaN,NaN,NaN
NaN,NaN,-0.040415082379089,-0.0497986000555102,-0.04305526719448,-0.0210910712145657,0.0183477695730592,0.0218538856279338,0.0475608879933134,NaN,NaN,NaN,NaN,NaN,NaN,NaN,NaN,NaN
NaN,NaN,-0.0393547902543408,-0.0475658659415785,-0.0476957868134681,-0.0185903769694657,0.0151087227908041,0.020108195967623,0.0470447117695585,NaN,NaN,NaN,NaN,NaN,NaN,NaN,NaN,NaN
NaN,NaN,-0.0365651438672406,-0.0504814643936697,-0.0448633368408385,-0.0216810640655846,0.0122904848006632,0.0223891539644683,0.0430561365792528,NaN,NaN,NaN,NaN,NaN,NaN,NaN,NaN,NaN
NaN,NaN,-0.039210155858503,-0.0475650650041644,-0.0482071201598349,-0.0237038966976494,0.01670731936368,0.0178298643004382,0.0462179580936208,NaN,NaN,NaN,NaN,NaN,NaN,NaN,NaN,NaN
NaN,NaN,-0.0346068332631451,-0.048805921949679,-0.0483496497666541,-0.0208459284864754,0.0108972076025869,0.0207261843752349,0.0428913856158033,NaN,NaN,NaN,NaN,NaN,NaN,NaN,NaN,NaN
NaN,NaN,-0.0356529506583077,-0.0488825325446669,-0.0455975356793109,-0.0254811023138852,0.014361708953705,0.0169386631023372,0.0411946276435629,NaN,NaN,NaN,NaN,NaN,NaN,NaN,NaN,NaN
NaN,NaN,-0.0356074276108605,-0.045906752027804,-0.0500395904576484,-0.022437055852303,0.0106470543590452,0.0147436661791289,0.0437331894645467,NaN,NaN,NaN,NaN,NaN,NaN,NaN,NaN,NaN
NaN,NaN,-0.0322547967274052,-0.0490923781471793,-0.0468706722652617,-0.0252205927633137,0.00774695311459557,0.0180026246380294,0.04029079771135,NaN,NaN,NaN,NaN,NaN,NaN,NaN,NaN,NaN
NaN,NaN,-0.0356144125301701,-0.0454548556881491,-0.0480791378116313,-0.0275214624368042,0.0108488719609644,0.0144147602986777,0.0448354656109586,NaN,NaN,NaN,NaN,NaN,NaN,NaN,NaN,NaN
NaN,NaN,-0.0311445112068517,-0.0455709543603007,-0.0491128686165515,-0.0255526651405186,0.0050426903811361,0.0178112192224944,0.0424704464385286,NaN,NaN,NaN,NaN,NaN,NaN,NaN,NaN,NaN
NaN,NaN,-0.031988885505901,-0.045425984688336,-0.0456561531221572,-0.0303674538396687,0.00771057565483109,0.015053461320349,0.0416094759711996,NaN,NaN,NaN,NaN,NaN,NaN,NaN,NaN,NaN
NaN,NaN,-0.0314002337593896,-0.0424514148908202,-0.0509954440688792,-0.0284011711143345,0.00425635610493676,0.0138065135251964,0.0450569341192022,NaN,NaN,NaN,NaN,NaN,NaN,NaN,NaN,NaN
NaN,NaN,-0.0282104911942345,-0.0449162532167975,-0.0479416559731665,-0.0306682710312695,0.00207991112741486,0.0178500553738559,0.0417190740117803,NaN,NaN,NaN,NaN,NaN,NaN,NaN,NaN,NaN
NaN,NaN,-0.0312339740533692,-0.0418157499807421,-0.0489079776501361,-0.0333333064578862,0.00472181250127808,0.0155580891441787,0.0457346761832014,NaN,NaN,NaN,NaN,NaN,NaN,NaN,NaN,NaN
NaN,NaN,-0.0270594882507188,-0.040078144200379,-0.0501357774531546,-0.0303074952923149,0.000202606960859456,0.0183962015580619,0.0430728445062414,NaN,NaN,NaN,NaN,NaN,NaN,NaN,NaN,NaN
NaN,NaN,-0.0266794341344697,-0.0410182398336474,-0.047322922507495,-0.0346017864309639,0.00162015442523018,0.0171965276967967,0.0412153216311708,NaN,NaN,NaN,NaN,NaN,NaN,NaN,NaN,NaN
NaN,NaN,-0.0264143052239281,-0.0379620861785952,-0.0528398725485507,-0.0328613680564255,-0.00056320096579536,0.0156478313874686,0.0443432057509199,NaN,NaN,NaN,NaN,NaN,NaN,NaN,NaN,NaN
NaN,NaN,-0.0231098609704835,-0.0407597605662886,-0.0490163463449183,-0.0346837055646271,-0.00415965209928497,0.0198857030045474,0.0406956808874384,NaN,NaN,NaN,NaN,NaN,NaN,NaN,NaN,NaN
NaN,NaN,-0.0266651662726266,-0.0377495583670679,-0.0498344946002665,-0.037939236756453,-0.000902872935209117,0.0161695210408652,0.0436317125568166,NaN,NaN,NaN,NaN,NaN,NaN,NaN,NaN,NaN
NaN,NaN,-0.0229033122498853,-0.0365133580344263,-0.051086844066352,-0.0338789497279019,-0.00649721588221534,0.0190371005010093,0.0411103802034631,NaN,NaN,NaN,NaN,NaN,NaN,NaN,NaN,NaN
NaN,NaN,-0.0227081442911488,-0.0381014120357577,-0.0476361821686927,-0.0392544318698735,-0.0054236430975531,0.0188390081893886,0.0393000195035711,NaN,NaN,NaN,NaN,NaN,NaN,NaN,NaN,NaN
NaN,NaN,-0.0229750613410336,-0.0341195237415377,-0.051221271166772,-0.0370620612763256,-0.00600858818021759,0.0173059022199595,0.043672057450749,NaN,NaN,NaN,NaN,NaN,NaN,NaN,NaN,NaN
NaN,NaN,-0.0193921888906819,-0.0366718318837229,-0.0477015982663336,-0.0382766735516877,-0.0101207126232718,0.0223656660091365,0.0390589559683576,NaN,NaN,NaN,NaN,NaN,NaN,NaN,NaN,NaN
NaN,NaN,-0.022964593275295,-0.0331888903456274,-0.0479685711955729,-0.0415628080033154,-0.00668025802103026,0.0184400668513263,0.0412531892070547,NaN,NaN,NaN,NaN,NaN,NaN,NaN,NaN,NaN
NaN,NaN,-0.0194324965317113,-0.0316524129884783,-0.049615335772008,-0.0376176324449868,-0.0132557120474909,0.0214794380735839,0.0390488790581003,NaN,NaN,NaN,NaN,NaN,NaN,NaN,NaN,NaN
NaN,NaN,-0.0178072082538468,-0.033045857824618,-0.045845435122222,-0.042593148794064,-0.0114224035593603,0.0216971626650775,0.0370849060127512,NaN,NaN,NaN,NaN,NaN,NaN,NaN,NaN,NaN
NaN,NaN,-0.0192262830872399,-0.0284102742152754,-0.0493930849528018,-0.0417562250756115,-0.0125980120452975,0.0206611221801722,0.0419436903903261,NaN,NaN,NaN,NaN,NaN,NaN,NaN,NaN,NaN
NaN,NaN,-0.0155982414920193,-0.0306529734807555,-0.0452890443896952,-0.0411328722499699,-0.0157584738287066,0.0250857612263644,0.036986074061133,NaN,NaN,NaN,NaN,NaN,NaN,NaN,NaN,NaN
NaN,NaN,-0.0183754826624257,-0.0270958055334631,-0.0449188622927371,-0.0445960324965805,-0.0127295334192847,0.0219287639629329,0.0380631299922243,NaN,NaN,NaN,NaN,NaN,NaN,NaN,NaN,NaN
NaN,NaN,-0.0145198817093236,-0.0252535004692618,-0.0468678037917319,-0.039474801417479,-0.0172183033379648,0.0244743107032264,0.0370205516228452,NaN,NaN,NaN,NaN,NaN,NaN,NaN,NaN,NaN
NaN,NaN,-0.0123546312291486,-0.0270846296625677,-0.0408169823980036,-0.0440095786713452,-0.0153696094009016,0.0249260952841723,0.0348673897096887,NaN,NaN,NaN,NaN,NaN,NaN,NaN,NaN,NaN
NaN,NaN,-0.014907479538427,-0.0222857293265406,-0.0437642830705348,-0.0435705532096714,-0.0144887645098303,0.0225353343557799,0.038579715997912,NaN,NaN,NaN,NaN,NaN,NaN,NaN,NaN,NaN
NaN,NaN,-0.0109024758179051,-0.024417321808869,-0.0408297973966304,-0.0421858628057331,-0.0189793039414023,0.0271077742945636,0.0340411203214899,NaN,NaN,NaN,NaN,NaN,NaN,NaN,NaN,NaN
NaN,NaN,-0.0134941789049966,-0.0223282907682005,-0.0400553281700316,-0.0452013735436291,-0.0153777677866553,0.0233214078616584,0.0343724476406351,NaN,NaN,NaN,NaN,NaN,NaN,NaN,NaN,NaN
NaN,NaN,-0.0110606143910748,-0.0200331766682211,-0.041719433972806,-0.0397845034264416,-0.0197391886564825,0.0252302838634932,0.0344449604162946,NaN,NaN,NaN,NaN,NaN,NaN,NaN,NaN,NaN
NaN,NaN,-0.00883067424486702,-0.0222298872249667,-0.0362660560106936,-0.0445094940029473,-0.0187775980981921,0.0245616687607253,0.0316499682376161,NaN,NaN,NaN,NaN,NaN,NaN,NaN,NaN,NaN
NaN,NaN,-0.0127746949632031,-0.0176830959098879,-0.0385547812378112,-0.0437402588092179,-0.0180748593362902,0.0216203844320262,0.0345440903911367,NaN,NaN,NaN,NaN,NaN,NaN,NaN,NaN,NaN
NaN,NaN,-0.00830332215021675,-0.0190601494687144,-0.0372090946232978,-0.041597713973412,-0.0232090171727274,0.0262616304826224,0.0299017640063539,NaN,NaN,NaN,NaN,NaN,NaN,NaN,NaN,NaN
NaN,NaN,-0.010138511909948,-0.017638113029534,-0.0348533327972594,-0.0447048668526501,-0.0194247182759379,0.0217520175647223,0.0300795721122995,NaN,NaN,NaN,NaN,NaN,NaN,NaN,NaN,NaN
NaN,NaN,-0.00853876049707954,-0.0157734003441874,-0.0372861522531214,-0.0403936256431431,-0.0237447884234522,0.0225008940469706,0.0304419310996309,NaN,NaN,NaN,NaN,NaN,NaN,NaN,NaN,NaN
NaN,NaN,-0.006265774621473,-0.0177688148396555,-0.0334437202012244,-0.0444805484973282,-0.0227798078509901,0.0212997300695861,0.026207840652205,NaN,NaN,NaN,NaN,NaN,NaN,NaN,NaN,NaN
NaN,NaN,-0.0105186219055516,-0.0141929086821619,-0.0348379100954238,-0.0450494934581608,-0.0220140744301413,0.0180251067649806,0.0282625990221277,NaN,NaN,NaN,NaN,NaN,NaN,NaN,NaN,NaN
NaN,NaN,-0.00570524881671493,-0.0166194323974196,-0.0350491713082495,-0.041161743249783,-0.0265980441423987,0.0220311535667861,0.023453994304873,NaN,NaN,NaN,NaN,NaN,NaN,NaN,NaN,NaN
NaN,NaN,-0.00658026362846916,-0.0149256174045149,-0.0318787257468405,-0.044995886530766,-0.0222814943942164,0.0174434585642302,0.0246889466652647,NaN,NaN,NaN,NaN,NaN,NaN,NaN,NaN,NaN
NaN,NaN,-0.00555165509770935,-0.0133392211573664,-0.0355513963198367,-0.0407627087794632,-0.0254888948353861,0.0165245598327601,0.0244852291652933,NaN,NaN,NaN,NaN,NaN,NaN,NaN,NaN,NaN
NaN,NaN,-0.00372963423918312,-0.0159114409761969,-0.0301279510652724,-0.0439181414209694,-0.0251845572444533,0.0157291358482325,0.0197992796311155,NaN,NaN,NaN,NaN,NaN,NaN,NaN,NaN,NaN
NaN,NaN,-0.00714058454226081,-0.0131837647932116,-0.0323042470311824,-0.0435426321588845,-0.0240955058786009,0.0122550977539504,0.0220750967273489,NaN,NaN,NaN,NaN,NaN,NaN,NaN,NaN,NaN
NaN,NaN,-0.00296121860931938,-0.0155896876531187,-0.0329370434677306,-0.0392064687572808,-0.0296092521699999,0.0149425594281638,0.017228382290341,NaN,NaN,NaN,NaN,NaN,NaN,NaN,NaN,NaN
NaN,NaN,-0.00458799700330322,-0.0158559341507498,-0.0291094008183184,-0.0437781822644562,-0.0264338705989455,0.0103238327574218,0.0184059465536848,NaN,NaN,NaN,NaN,NaN,NaN,NaN,NaN,NaN
NaN,NaN,-0.00499684761355941,-0.013223960675532,-0.0327444273328486,-0.0390386444293351,-0.0293457437607382,0.00714139176125173,0.0185135329375043,NaN,NaN,NaN,NaN,NaN,NaN,NaN,NaN,NaN
NaN,NaN,-0.00173975179980819,-0.015173628606135,-0.0271453532671633,-0.0419278119467587,-0.0301174935254191,0.00817536471004132,0.0141270967433229,NaN,NaN,NaN,NaN,NaN,NaN,NaN,NaN,NaN
NaN,NaN,-0.00563718776296203,-0.0124394331651274,-0.0287443037426177,-0.040642270144114,-0.0280907120856379,0.0049349768232787,0.0178179094800726,NaN,NaN,NaN,NaN,NaN,NaN,NaN,NaN,NaN
NaN,NaN,-0.000856019808755566,-0.0128615458088461,-0.029539224812955,-0.036912360485682,-0.0336432386490439,0.00792392624134663,0.0144352900097147,NaN,NaN,NaN,NaN,NaN,NaN,NaN,NaN,NaN
NaN,NaN,-0.00184642548750465,-0.0134696435707156,-0.0254067975377742,-0.0413529065214486,-0.028334942117605,0.00393170026654843,0.0153872506925836,NaN,NaN,NaN,NaN,NaN,NaN,NaN,NaN,NaN
NaN,NaN,-0.00256089891384666,-0.00849483502679504,-0.0285333033001128,-0.0375508566163868,-0.0313951004597281,0.00209785161132459,0.015641930163838,NaN,NaN,NaN,NaN,NaN,NaN,NaN,NaN,NaN
NaN,NaN,0.00239027266313012,-0.011426917888457,-0.0235504853820506,-0.0394788247310013,-0.0310892354997729,0.00376622287149075,0.0114954957971349,NaN,NaN,NaN,NaN,NaN,NaN,NaN,NaN,NaN
NaN,NaN,-0.00139879460524147,-0.00951588121824898,-0.0257270048653784,-0.0396788169406742,-0.0295359384569262,0.00025763270969037,0.0151281008729711,NaN,NaN,NaN,NaN,NaN,NaN,NaN,NaN,NaN
NaN,NaN,0.00282868345190461,-0.00975718689733185,-0.027751718769044,-0.0349884156845898,-0.0342096504124735,0.0026296926807845,0.0116872364887968,NaN,NaN,NaN,NaN,NaN,NaN,NaN,NaN,NaN
NaN,NaN,0.00117985133935387,-0.00999426437192596,-0.0225319910144511,-0.04082857191194,-0.0292032700332735,-0.00164450051670428,0.00966563320253044,NaN,NaN,NaN,NaN,NaN,NaN,NaN,NaN,NaN
NaN,NaN,0.000750679270519566,-0.00547818807535805,-0.0264525610303584,-0.0366478835009426,-0.0324763845953081,-0.00362756567483302,0.0102787601063028,NaN,NaN,NaN,NaN,NaN,NaN,NaN,NaN,NaN
NaN,NaN,0.00581493203450615,-0.0101340372639243,-0.0222673091387454,-0.037904163148293,-0.0344499502631758,-0.00128659325127956,0.005304622114636,NaN,NaN,NaN,NaN,NaN,NaN,NaN,NaN,NaN
NaN,NaN,0.00152071540166314,-0.0074885968642775,-0.0236031796133223,-0.0382701729201168,-0.0313042965087031,-0.00563879402761813,0.0100819530198351,NaN,NaN,NaN,NaN,NaN,NaN,NaN,NaN,NaN
NaN,NaN,0.00425446380783493,-0.00767901507788338,-0.0256345059072676,-0.033022486861834,-0.0357424583586787,-0.00410999076848384,0.00699622055981308,NaN,NaN,NaN,NaN,NaN,NaN,NaN,NaN,NaN
NaN,NaN,0.00423801665116723,-0.00723769856267609,-0.0199808377122584,-0.0379806806110234,-0.0314566236290072,-0.00804173665528651,0.00438883400056511,NaN,NaN,NaN,NaN,NaN,NaN,NaN,NaN,NaN
NaN,NaN,0.00283525858928139,-0.00300025535398163,-0.0237120884751979,-0.03417773663629,-0.0350954685660933,-0.00968451517110225,0.00620670116040856,NaN,NaN,NaN,NaN,NaN,NaN,NaN,NaN,NaN
NaN,NaN,0.00797070165087159,-0.00707594645791687,-0.0202898691689673,-0.0350064647160859,-0.0386294465812777,-0.00662456171994563,0.00214257708285004,NaN,NaN,NaN,NaN,NaN,NaN,NaN,NaN,NaN
NaN,NaN,0.00267259378839905,-0.00447990340762772,-0.0213858868276778,-0.0359885257445664,-0.0344937037977312,-0.0121020609367406,0.00687282031867653,NaN,NaN,NaN,NaN,NaN,NaN,NaN,NaN,NaN
NaN,NaN,0.00536800895739968,-0.00388966841273941,-0.0222907598411742,-0.031573982235083,-0.0389135372194384,-0.0104994037974393,0.00283399096224457,NaN,NaN,NaN,NaN,NaN,NaN,NaN,NaN,NaN
NaN,NaN,0.00552108113576348,-0.00474041295819916,-0.0177522014176551,-0.0367726248465866,-0.0349333811852072,-0.0125411981571233,0.000865137786604464,NaN,NaN,NaN,NaN,NaN,NaN,NaN,NaN,NaN
NaN,NaN,0.00471848596741135,-0.00154260513954796,-0.0212585936581794,-0.0344270330630631,-0.0376522284301852,-0.0141835668910062,0.00345319008920342,NaN,NaN,NaN,NaN,NaN,NaN,NaN,NaN,NaN
NaN,NaN,0.00864347045232232,-0.00507701156311668,-0.0195922340547744,-0.0342097741328568,-0.041364424333248,-0.0112429717410123,0.000231670797802508,NaN,NaN,NaN,NaN,NaN,NaN,NaN,NaN,NaN
NaN,NaN,0.00325683106590683,-0.00316072223358788,-0.0190245370661917,-0.0360570897125096,-0.0362229835542773,-0.016538248382858,0.00295279046986252,NaN,NaN,NaN,NaN,NaN,NaN,NaN,NaN,NaN
NaN,NaN,0.0054720935683387,-0.00159019572311081,-0.0210290226435366,-0.0312552091442437,-0.0409747403415774,-0.0145420515764272,-0.00103876495268196,NaN,NaN,NaN,NaN,NaN,NaN,NaN,NaN,NaN
NaN,NaN,0.00655453254391129,-0.00381488320999779,-0.0160871829187575,-0.0353843022846074,-0.0378958624157046,-0.0148837538290536,-0.0023390589049086,NaN,NaN,NaN,NaN,NaN,NaN,NaN,NaN,NaN
NaN,NaN,0.00432539333511765,-7.46172445360571e-05,-0.0207440193092528,-0.0319380176030487,-0.0384503905030821,-0.0168539108562982,0.00155385083053261,NaN,NaN,NaN,NaN,NaN,NaN,NaN,NaN,NaN
NaN,NaN,0.00783329431821282,-0.00273166192346253,-0.0177359218990508,-0.0307605092190594,-0.0413303938063715,-0.0132961654890096,-0.00157718115951866,NaN,NaN,NaN,NaN,NaN,NaN,NaN,NaN,NaN
NaN,NaN,0.00353039775897438,0.000569951109355316,-0.0164769227897826,-0.0329043951593727,-0.0358297791632746,-0.0187460789311444,0.00101664534304291,NaN,NaN,NaN,NaN,NaN,NaN,NaN,NaN,NaN
NaN,NaN,0.00618895118047173,0.00123595850891434,-0.0191376927590075,-0.0284781542383522,-0.0407442193779085,-0.0156339155364549,-0.000627325265668333,NaN,NaN,NaN,NaN,NaN,NaN,NaN,NaN,NaN
NaN,NaN,0.00791973967958863,-0.000483486481243744,-0.0128461989855471,-0.031968788500914,-0.0384414311799143,-0.015353792332462,-0.000384603976272047,NaN,NaN,NaN,NaN,NaN,NaN,NaN,NaN,NaN
NaN,NaN,0.00409777809788163,0.00239480318850838,-0.016399716148347,-0.0285568137430043,-0.0382312689277266,-0.0173519821692025,0.00474063178990036,NaN,NaN,NaN,NaN,NaN,NaN,NaN,NaN,NaN
NaN,NaN,0.00725401167680199,0.000630896858638152,-0.0141572404002848,-0.0278437559269757,-0.0409292917999361,-0.0143670001853025,0.00110785907600075,NaN,NaN,NaN,NaN,NaN,NaN,NaN,NaN,NaN
NaN,NaN,0.00310318146754677,0.00258334013051353,-0.0125085014199916,-0.0313149441741795,-0.035937775329027,-0.0178884425986325,0.00337779021356255,NaN,NaN,NaN,NaN,NaN,NaN,NaN,NaN,NaN
NaN,NaN,0.00532893066216881,0.00459848003811203,-0.0156905140077773,-0.0270117495917172,-0.0413368571850394,-0.0149893844354665,0.00268235302064568,NaN,NaN,NaN,NaN,NaN,NaN,NaN,NaN,NaN
NaN,NaN,0.00682174761701996,0.00151794435805641,-0.0104905116653147,-0.030422401871571,-0.0390521366449927,-0.0138649055588758,0.00238120055291802,NaN,NaN,NaN,NaN,NaN,NaN,NaN,NaN,NaN
NaN,NaN,0.00315161024142678,0.0053755383414682,-0.0142071034109297,-0.0285093535446019,-0.037251741096649,-0.0173097187507665,0.00652858486864716,NaN,NaN,NaN,NaN,NaN,NaN,NaN,NaN,NaN
NaN,NaN,0.00752752249051506,0.00376209648675285,-0.0119606974816027,-0.0258016076647133,-0.0400157388600443,-0.0130699472356355,0.00275492167565972,NaN,NaN,NaN,NaN,NaN,NaN,NaN,NaN,NaN
NaN,NaN,0.00375154961754258,0.00476771997637115,-0.0101166042780581,-0.0301759925447792,-0.0344240967485045,-0.0155263664055383,0.00426114967558533,NaN,NaN,NaN,NaN,NaN,NaN,NaN,NaN,NaN
NaN,NaN,0.00561885137964661,0.00712720709270798,-0.013248604843587,-0.0243298386000485,-0.0393727537545298,-0.0125542366731679,0.00442716723773628,NaN,NaN,NaN,NaN,NaN,NaN,NaN,NaN,NaN
NaN,NaN,0.00723255400468285,0.0032107162696775,-0.00786485255715282,-0.0278021816872448,-0.0375688936862086,-0.0126377576816594,0.00322756788227707,NaN,NaN,NaN,NaN,NaN,NaN,NaN,NaN,NaN
NaN,NaN,0.00175334115435059,0.0066434595210012,-0.0116113956367675,-0.0257015277408451,-0.0350444879683588,-0.0163103164959466,0.00749216845724731,NaN,NaN,NaN,NaN,NaN,NaN,NaN,NaN,NaN
NaN,NaN,0.00560750787068779,0.00409271600074135,-0.00996885926482112,-0.0226938214861245,-0.0402305204722021,-0.012412284486345,0.00298629945609719,NaN,NaN,NaN,NaN,NaN,NaN,NaN,NaN,NaN
NaN,NaN,0.00174378578473503,0.00433748619980179,-0.00671222911235721,-0.0267292049490303,-0.0344326649161909,-0.0141750732291257,0.00541252514813095,NaN,NaN,NaN,NaN,NaN,NaN,NaN,NaN,NaN
NaN,NaN,0.00164826934148247,0.00616446169442497,-0.0115826736485663,-0.0228336875103802,-0.0396126251968478,-0.0137499989796197,0.00615065416786819,NaN,NaN,NaN,NaN,NaN,NaN,NaN,NaN,NaN
NaN,NaN,0.00358232830573494,0.00280039416975342,-0.00593701482769877,-0.0261703182720036,-0.0385446776005362,-0.0129867987561738,0.00389169401023537,NaN,NaN,NaN,NaN,NaN,NaN,NaN,NaN,NaN
NaN,NaN,-0.00153437654565399,0.00632654907531105,-0.00923421339151294,-0.0253040951453537,-0.0360054079743956,-0.0177310118306195,0.00789282342884689,NaN,NaN,NaN,NaN,NaN,NaN,NaN,NaN,NaN
NaN,NaN,0.00178854514767105,0.00397527622408234,-0.00817606330868632,-0.0215691563450188,-0.0413495231720541,-0.012308237128309,0.00300615525338799,NaN,NaN,NaN,NaN,NaN,NaN,NaN,NaN,NaN
NaN,NaN,-0.00105517382811134,0.00463988663977943,-0.00499660254475505,-0.0271477785669655,-0.0363017175647353,-0.0146179916191613,0.00519329181406647,NaN,NaN,NaN,NaN,NaN,NaN,NaN,NaN,NaN
NaN,NaN,-0.000966400160298994,0.00561203839606605,-0.00943245471474559,-0.0224375773929448,-0.0397284258457754,-0.0137378545332467,0.00545711687300354,NaN,NaN,NaN,NaN,NaN,NaN,NaN,NaN,NaN
NaN,NaN,0.000679265455498049,0.00332502680248581,-0.00465817854759128,-0.0257252950929493,-0.038395032689247,-0.0116928377974546,0.00213162472937256,NaN,NaN,NaN,NaN,NaN,NaN,NaN,NaN,NaN
NaN,NaN,-0.00305960352610176,0.00682491841143928,-0.00648487464544208,-0.0238691505752892,-0.0344140384646986,-0.0164750674593961,0.00530739745590835,NaN,NaN,NaN,NaN,NaN,NaN,NaN,NaN,NaN
NaN,NaN,0.00044054885317261,0.00470029222196899,-0.00564748526570232,-0.0202265617214531,-0.0389336724135016,-0.0104477526474511,0.00103970488999039,NaN,NaN,NaN,NaN,NaN,NaN,NaN,NaN,NaN
NaN,NaN,-0.00303849975656097,0.00355400177068077,-0.00321569026467235,-0.0244747337662072,-0.0329249281736945,-0.013641499899677,0.00168479478452355,NaN,NaN,NaN,NaN,NaN,NaN,NaN,NaN,NaN
NaN,NaN,-0.00305161277841156,0.00630749421543442,-0.00796640397068889,-0.0201611083709092,-0.0366606306585406,-0.0146875800419366,0.00260700902435929,NaN,NaN,NaN,NaN,NaN,NaN,NaN,NaN,NaN
NaN,NaN,-0.000553805633292844,0.00171531023806892,-0.00257926167008311,-0.0212176379524559,-0.034986075416479,-0.0134375216293847,-0.00223782414104789,NaN,NaN,NaN,NaN,NaN,NaN,NaN,NaN,NaN
NaN,NaN,-0.005484674378143,0.00521579789347015,-0.00601261959430606,-0.0202372905575127,-0.0307597708257769,-0.0191690483916318,0.000676619471050799,NaN,NaN,NaN,NaN,NaN,NaN,NaN,NaN,NaN
NaN,NaN,-0.00215281198810165,0.00263284923858009,-0.00516777963396938,-0.0169929911159367,-0.0361511413308714,-0.0138359228003537,-0.00376180314924568,NaN,NaN,NaN,NaN,NaN,NaN,NaN,NaN,NaN
NaN,NaN,-0.00490399475287025,0.000674482755130157,-0.00250933797118099,-0.0217033040486664,-0.0320665467831229,-0.0179540449607885,-0.00306612381245941,NaN,NaN,NaN,NaN,NaN,NaN,NaN,NaN,NaN
NaN,NaN,-0.00614131267260139,0.00301577182835899,-0.00645058334824473,-0.0169881854914517,-0.0336683843585585,-0.0182655164826429,-0.00214702019002289,NaN,NaN,NaN,NaN,NaN,NaN,NaN,NaN,NaN
NaN,NaN,-0.00284003491591041,-0.000865589507156983,-0.00133490295168788,-0.0174824383818001,-0.0331737775656317,-0.0165137918520486,-0.00687798985745758,NaN,NaN,NaN,NaN,NaN,NaN,NaN,NaN,NaN
NaN,NaN,-0.0076725001175267,0.00187644766992889,-0.00378998101708324,-0.0181382943652958,-0.0291591998490427,-0.0206896560121095,-0.00410674640443176,NaN,NaN,NaN,NaN,NaN,NaN,NaN,NaN,NaN
NaN,NaN,-0.00412309940050667,0.00011472063488327,-0.00467734516617687,-0.014463668014893,-0.0339930620345209,-0.0163226844597375,-0.00700807699467987,NaN,NaN,NaN,NaN,NaN,NaN,NaN,NaN,NaN
NaN,NaN,-0.00587150852273529,-0.00152185527258553,-0.000997466156453203,-0.0194509376548619,-0.0297452066394423,-0.0200030663836515,-0.00749055796768516,NaN,NaN,NaN,NaN,NaN,NaN,NaN,NaN,NaN
NaN,NaN,-0.00691069687794273,0.00137439029640518,-0.0063470202779475,-0.0141907346211762,-0.0313457962426279,-0.0214347513247048,-0.00527117901947349,NaN,NaN,NaN,NaN,NaN,NaN,NaN,NaN,NaN
NaN,NaN,-0.00309022541235512,-0.00259015677147545,-0.00218846009132297,-0.0155021485649437,-0.0318636115941141,-0.0189884090650594,-0.0118694877019152,NaN,NaN,NaN,NaN,NaN,NaN,NaN,NaN,NaN
NaN,NaN,-0.00733860234807556,-0.00114800376468338,-0.0037522997057143,-0.0171634231470913,-0.0281664658638571,-0.0237298095453298,-0.00754138955380768,NaN,NaN,NaN,NaN,NaN,NaN,NaN,NaN,NaN
NaN,NaN,-0.0052218924004895,-0.0025798563438002,-0.00651836500522525,-0.0126597520672173,-0.0321398046168421,-0.0211102785397088,-0.0121743282070383,NaN,NaN,NaN,NaN,NaN,NaN,NaN,NaN,NaN
NaN,NaN,-0.00616847003887718,-0.00448105824762024,-0.00275461108443172,-0.0178062592409939,-0.0280984979423617,-0.0238075004745042,-0.0131554020335898,NaN,NaN,NaN,NaN,NaN,NaN,NaN,NaN,NaN
NaN,NaN,-0.00846919070075577,-0.00202551452093758,-0.00764591724631221,-0.0132921946011872,-0.0285152647945021,-0.0259596379328286,-0.0109572386136279,NaN,NaN,NaN,NaN,NaN,NaN,NaN,NaN,NaN
NaN,NaN,-0.00503803069780891,-0.00639397618942894,-0.00455908582565219,-0.013463278558144,-0.0313955474945639,-0.0229359501827275,-0.0165917215636,NaN,NaN,NaN,NaN,NaN,NaN,NaN,NaN,NaN
NaN,NaN,-0.00874720911572998,-0.00521149454289116,-0.00557508424875171,-0.0162007895075173,-0.026392650261793,-0.0284282201755559,-0.0132014279952273,NaN,NaN,NaN,NaN,NaN,NaN,NaN,NaN,NaN
NaN,NaN,-0.00721937443207329,-0.00602055308991112,-0.00785756961461933,-0.0114695776962132,-0.0317637924405669,-0.0259314747381723,-0.0164680046727881,NaN,NaN,NaN,NaN,NaN,NaN,NaN,NaN,NaN
NaN,NaN,-0.00798551763485496,-0.00873183799558319,-0.00468887493965061,-0.0172825206779332,-0.0279409554156397,-0.0280591556656873,-0.0175294888904318,NaN,NaN,NaN,NaN,NaN,NaN,NaN,NaN,NaN
NaN,NaN,-0.0110253731448514,-0.00355867636972107,-0.00823332102057369,-0.0136573848091454,-0.029088419333372,-0.0290548698831117,-0.0138959711184725,NaN,NaN,NaN,NaN,NaN,NaN,NaN,NaN,NaN
NaN,NaN,-0.00626665006469314,-0.00917766211205162,-0.00539811433312328,-0.0138853166960568,-0.0318898003849123,-0.0258798235881841,-0.0185861302306876,NaN,NaN,NaN,NaN,NaN,NaN,NaN,NaN,NaN
NaN,NaN,-0.0107945355315072,-0.00680079651647247,-0.00521177531239421,-0.0170382720195145,-0.0258782249244784,-0.0305152954388177,-0.0147511301329359,NaN,NaN,NaN,NaN,NaN,NaN,NaN,NaN,NaN
NaN,NaN,-0.00873696456740921,-0.00650914353900589,-0.00880055234786899,-0.0128526289724202,-0.0319996405693625,-0.0279806265461957,-0.0173238714924082,NaN,NaN,NaN,NaN,NaN,NaN,NaN,NaN,NaN
NaN,NaN,-0.00859307522963112,-0.00958731365972199,-0.00429947034475238,-0.0174834442101807,-0.0288558308335875,-0.0284550422657048,-0.0188056988408789,NaN,NaN,NaN,NaN,NaN,NaN,NaN,NaN,NaN
NaN,NaN,-0.0123202095467908,-0.00543100727372803,-0.00963043526765735,-0.0150984947346539,-0.0281955790075396,-0.0305078821111238,-0.014985972433351,NaN,NaN,NaN,NaN,NaN,NaN,NaN,NaN,NaN
NaN,NaN,-0.00687003533433502,-0.0098980214970652,-0.00610236183759601,-0.013793916698584,-0.0300935957881544,-0.0273396903503453,-0.0200646979501471,NaN,NaN,NaN,NaN,NaN,NaN,NaN,NaN,NaN
NaN,NaN,-0.0112465436298711,-0.00927008656435646,-0.00709544972535999,-0.0168334369324536,-0.0254575465175246,-0.0323021495569265,-0.0161258553853258,NaN,NaN,NaN,NaN,NaN,NaN,NaN,NaN,NaN
NaN,NaN,-0.0092298577267987,-0.00816000593476929,-0.0101793567931357,-0.0124396060370297,-0.0304526020142172,-0.0288137318420922,-0.0180709412088618,NaN,NaN,NaN,NaN,NaN,NaN,NaN,NaN,NaN
NaN,NaN,-0.00835584874342506,-0.0118381340580527,-0.0054421472644511,-0.0165402752124161,-0.027449869022045,-0.0296315634477651,-0.0201180441072211,NaN,NaN,NaN,NaN,NaN,NaN,NaN,NaN,NaN
NaN,NaN,-0.0112092534739835,-0.00842940030270256,-0.00974176556822689,-0.013687410648951,-0.0271961208733652,-0.0322048822272336,-0.0147349064936861,NaN,NaN,NaN,NaN,NaN,NaN,NaN,NaN,NaN
NaN,NaN,-0.00710707555602615,-0.0116695646720473,-0.00729998678919704,-0.0118305583261341,-0.0291988928171728,-0.0279231080639875,-0.0197619808604941,NaN,NaN,NaN,NaN,NaN,NaN,NaN,NaN,NaN
NaN,NaN,-0.0112196097810132,-0.0100195218401495,-0.006176252970666,-0.0154640760980935,-0.0241481256040667,-0.0319532388675725,-0.0153525968780741,NaN,NaN,NaN,NaN,NaN,NaN,NaN,NaN,NaN
NaN,NaN,-0.0106208252448899,-0.00890914318733849,-0.0104370537495318,-0.0101949696205944,-0.0290987942668532,-0.0279949130344903,-0.0169265879085287,NaN,NaN,NaN,NaN,NaN,NaN,NaN,NaN,NaN
NaN,NaN,-0.0099145847101075,-0.0130129788594786,-0.00536678464171321,-0.0157478314601273,-0.0270230252596472,-0.0283569181192433,-0.0188851592829451,NaN,NaN,NaN,NaN,NaN,NaN,NaN,NaN,NaN
NaN,NaN,-0.0134776013631684,-0.00946395067148842,-0.00920431793686778,-0.0132195700668187,-0.0263121653648947,-0.0315254451561486,-0.0141642292728648,NaN,NaN,NaN,NaN,NaN,NaN,NaN,NaN,NaN
NaN,NaN,-0.00945186640213554,-0.012735966272885,-0.00730633840915592,-0.0119289059900135,-0.0290302116724585,-0.0270299883413827,-0.0186700237682089,NaN,NaN,NaN,NaN,NaN,NaN,NaN,NaN,NaN
NaN,NaN,-0.0143114144642216,-0.0119485330360476,-0.0070295493399802,-0.0169007901810498,-0.0242300633641814,-0.0293660806346452,-0.0143448313465342,NaN,NaN,NaN,NaN,NaN,NaN,NaN,NaN,NaN
NaN,NaN,-0.0130894074876172,-0.0104464587348048,-0.0110454309081736,-0.0122025658153386,-0.0286576453897093,-0.0275724837410962,-0.0156881710281596,NaN,NaN,NaN,NaN,NaN,NaN,NaN,NaN,NaN
NaN,NaN,-0.0106884206373555,-0.0148701478319708,-0.00665392831918628,-0.0165734302960724,-0.0267470743807886,-0.0267475554574048,-0.017432258813642,NaN,NaN,NaN,NaN,NaN,NaN,NaN,NaN,NaN
NaN,NaN,-0.0147296341795785,-0.0109635662811343,-0.010388140687913,-0.0141534072123856,-0.0245133716913794,-0.0297143207717454,-0.0138206643750891,NaN,NaN,NaN,NaN,NaN,NaN,NaN,NaN,NaN
NaN,NaN,-0.00947356621812408,-0.0138539258914534,-0.00992661447283657,-0.0120036911927552,-0.0280798714908694,-0.0249195555079496,-0.0184172069421038,NaN,NaN,NaN,NaN,NaN,NaN,NaN,NaN,NaN
NaN,NaN,-0.0137879180450303,-0.0140347328560892,-0.00876385823842914,-0.0167654503845066,-0.0235763307961558,-0.0286665269959485,-0.0158443165710196,NaN,NaN,NaN,NaN,NaN,NaN,NaN,NaN,NaN
NaN,NaN,-0.012885205699907,-0.0125612315314356,-0.0138790543472472,-0.0125869971476883,-0.0274554383310412,-0.026251737945131,-0.0161782515933737,NaN,NaN,NaN,NaN,NaN,NaN,NaN,NaN,NaN
NaN,NaN,-0.0105266499061448,-0.0166828182118479,-0.00862550095674426,-0.015614149417767,-0.0268621113452052,-0.0253137471008813,-0.0186595184495673,NaN,NaN,NaN,NaN,NaN,NaN,NaN,NaN,NaN
NaN,NaN,-0.0151069315810067,-0.0129723173158709,-0.012884029308528,-0.0141692583226056,-0.0233647715601061,-0.0282308542955434,-0.0140723822405562,NaN,NaN,NaN,NaN,NaN,NaN,NaN,NaN,NaN
NaN,NaN,-0.0111713300187451,-0.0148678940313403,-0.0124320584630671,-0.011300524022469,-0.0274630192967985,-0.0235721180069959,-0.0178590280702338,NaN,NaN,NaN,NaN,NaN,NaN,NaN,NaN,NaN
NaN,NaN,-0.0145541730065209,-0.0158482786791865,-0.010112059423894,-0.0171295230053753,-0.0235637579413985,-0.0277125546563184,-0.0159294767072424,NaN,NaN,NaN,NaN,NaN,NaN,NaN,NaN,NaN
NaN,NaN,-0.0153683724541528,-0.0134833898919169,-0.0144256289398375,-0.0130986471437306,-0.0272132572087382,-0.0260925190377748,-0.0150612791767344,NaN,NaN,NaN,NaN,NaN,NaN,NaN,NaN,NaN
NaN,NaN,-0.0128305743176801,-0.0177804749982897,-0.00995893136617572,-0.0164746914767117,-0.0265345651957129,-0.0233985567319905,-0.0181572003057227,NaN,NaN,NaN,NaN,NaN,NaN,NaN,NaN,NaN
NaN,NaN,-0.0171321483988625,-0.013063996710116,-0.0135087046122256,-0.0151765023135037,-0.0228210654410456,-0.0260986285138642,-0.0134173458209261,NaN,NaN,NaN,NaN,NaN,NaN,NaN,NaN,NaN
NaN,NaN,-0.0132211523790223,-0.0150256041961256,-0.0136997561251822,-0.0125316393338532,-0.0283625651451681,-0.0218465262878453,-0.0174457257380709,NaN,NaN,NaN,NaN,NaN,NaN,NaN,NaN,NaN
NaN,NaN,-0.0151574278910023,-0.0160066035168711,-0.0106137070154849,-0.0186074946783871,-0.023955937877569,-0.0249330969381845,-0.016344697563909,NaN,NaN,NaN,NaN,NaN,NaN,NaN,NaN,NaN
NaN,NaN,-0.0151884968120915,-0.0134876553493086,-0.0149827461039725,-0.0142792661451191,-0.0273066316100691,-0.0230836020637071,-0.0155591642251238,NaN,NaN,NaN,NaN,NaN,NaN,NaN,NaN,NaN
NaN,NaN,-0.0124511907536847,-0.0173379850166384,-0.010911245951623,-0.0158237715028614,-0.0254622031303976,-0.019861170076183,-0.019130134372972,NaN,NaN,NaN,NaN,NaN,NaN,NaN,NaN,NaN
NaN,NaN,-0.0159882607598168,-0.0130836103635374,-0.0142227868830863,-0.0168453578614087,-0.021038793430004,-0.0229246625531232,-0.0134890576591715,NaN,NaN,NaN,NaN,NaN,NaN,NaN,NaN,NaN
NaN,NaN,-0.0130577611465318,-0.0143190097587649,-0.0149277980720702,-0.013194461610207,-0.026637327328596,-0.0199190424609696,-0.0183676978340372,NaN,NaN,NaN,NaN,NaN,NaN,NaN,NaN,NaN
NaN,NaN,-0.0137904698688847,-0.0156340186076704,-0.0107839900350276,-0.0193616796993107,-0.0219036195727919,-0.0217982278991258,-0.0181771492352709,NaN,NaN,NaN,NaN,NaN,NaN,NaN,NaN,NaN
NaN,NaN,-0.0153554456968171,-0.0136473026650492,-0.0157728615498248,-0.0143270616196484,-0.0249726999851797,-0.0221079112816369,-0.0173972969641909,NaN,NaN,NaN,NaN,NaN,NaN,NaN,NaN,NaN
NaN,NaN,-0.0118451605279309,-0.0177949104981963,-0.012989324638814,-0.0150750440322251,-0.0250619951936339,-0.0190152684081113,-0.0210506891598925,NaN,NaN,NaN,NaN,NaN,NaN,NaN,NaN,NaN
NaN,NaN,-0.0169832299191815,-0.0144841891305987,-0.0145355995094481,-0.0170978021584839,-0.0209486414047812,-0.0248866053152597,-0.0163915989687666,NaN,NaN,NaN,NaN,NaN,NaN,NaN,NaN,NaN
NaN,NaN,-0.0138637090761525,-0.0149016079085413,-0.016077441284627,-0.0135566343330235,-0.0269541260155772,-0.0207897359359777,-0.0215093841543421,NaN,NaN,NaN,NaN,NaN,NaN,NaN,NaN,NaN
NaN,NaN,-0.0134280736286504,-0.0167483460681979,-0.0109208385741416,-0.019374252554068,-0.0224782269748782,-0.0226243855286157,-0.0213253548135981,NaN,NaN,NaN,NaN,NaN,NaN,NaN,NaN,NaN
NaN,NaN,-0.0162505584497315,-0.0137480158882681,-0.0161024193560782,-0.0137046959959359,-0.0244511034640406,-0.0228258864808595,-0.0199418751290068,NaN,NaN,NaN,NaN,NaN,NaN,NaN,NaN,NaN
NaN,NaN,-0.0125312099892957,-0.0174930502253119,-0.0124250735437575,-0.0151332889460415,-0.0249995965811346,-0.0193213196325814,-0.0224754636874422,NaN,NaN,NaN,NaN,NaN,NaN,NaN,NaN,NaN
NaN,NaN,-0.0186022597093446,-0.0145105455594603,-0.0125580105280581,-0.0184257005118222,-0.0213215988430117,-0.0261464239883935,-0.0185518575599417,NaN,NaN,NaN,NaN,NaN,NaN,NaN,NaN,NaN
NaN,NaN,-0.0139757471818787,-0.0152727027016226,-0.0151261884069148,-0.0153195720874161,-0.0270219449254607,-0.0206872345734155,-0.0238189896335825,NaN,NaN,NaN,NaN,NaN,NaN,NaN,NaN,NaN
NaN,NaN,-0.0139663221974236,-0.0177856904047076,-0.0109084333574477,-0.0200215217434258,-0.0224766064735983,-0.0221471758413827,-0.0246493382146582,NaN,NaN,NaN,NaN,NaN,NaN,NaN,NaN,NaN
NaN,NaN,-0.0172148498434884,-0.0150965337234084,-0.0170216347372237,-0.0149561513923497,-0.0242003914269541,-0.0236750850308454,-0.0228558717062697,NaN,NaN,NaN,NaN,NaN,NaN,NaN,NaN,NaN
NaN,NaN,-0.0133261496860844,-0.0182247903721873,-0.0142915743684474,-0.0165311296247334,-0.025167104259405,-0.0205634245503461,-0.0271160019328818,NaN,NaN,NaN,NaN,NaN,NaN,NaN,NaN,NaN
NaN,NaN,-0.0180341901917321,-0.015315469034249,-0.0143057304715815,-0.0195706312321514,-0.0207924772354697,-0.0276298532116925,-0.0245147434761748,NaN,NaN,NaN,NaN,NaN,NaN,NaN,NaN,NaN
NaN,NaN,-0.0134613032181126,-0.0161737014132086,-0.0173445987796489,-0.0151918318830819,-0.0268691148909663,-0.0225549274910009,-0.0285771352937445,NaN,NaN,NaN,NaN,NaN,NaN,NaN,NaN,NaN
NaN,NaN,-0.0131887423534257,-0.0193308290618006,-0.0122176121270362,-0.0194455546103806,-0.0219781440052126,-0.0238426858413732,-0.0298180294921622,NaN,NaN,NaN,NaN,NaN,NaN,NaN,NaN,NaN
NaN,NaN,-0.0171111563880307,-0.0157139447110239,-0.0179780843949023,-0.0159002889655918,-0.0228459317537878,-0.0264942170906579,-0.0266693209996447,NaN,NaN,NaN,NaN,NaN,NaN,NaN,NaN,NaN
NaN,NaN,-0.0129963124830586,-0.0193603147345129,-0.0149014975225631,-0.0164170239828915,-0.0249650072607134,-0.0239540533948457,-0.0314465215196833,NaN,NaN,NaN,NaN,NaN,NaN,NaN,NaN,NaN
NaN,NaN,-0.0159161577660901,-0.0165901702421252,-0.0140111903941336,-0.0202890720926613,-0.0202538933905695,-0.0286090085137403,-0.0285784577718005,NaN,NaN,NaN,NaN,NaN,NaN,NaN,NaN,NaN
NaN,NaN,-0.0124190973777634,-0.0170741227047984,-0.0173074390089217,-0.0140611503981442,-0.0259814154657458,-0.0249053621519124,-0.0312334907939658,NaN,NaN,NaN,NaN,NaN,NaN,NaN,NaN,NaN
NaN,NaN,-0.0134471843678815,-0.021207071520621,-0.0123201507425013,-0.0193955425881237,-0.0223264027687643,-0.0252330759394681,-0.0323438321938738,NaN,NaN,NaN,NaN,NaN,NaN,NaN,NaN,NaN
NaN,NaN,-0.0172251502711636,-0.0165926661866251,-0.0168693448698226,-0.0173424233459324,-0.0220050406011675,-0.0282557206082856,-0.0284322960069403,NaN,NaN,NaN,NaN,NaN,NaN,NaN,NaN,NaN
NaN,NaN,-0.01173843096088,-0.0184074599819724,-0.0141782510375682,-0.017242902215609,-0.024778277084503,-0.0238861972320592,-0.0339721565833315,NaN,NaN,NaN,NaN,NaN,NaN,NaN,NaN,NaN
NaN,NaN,-0.0134477059085233,-0.0156042721646372,-0.0127347382998172,-0.0211443801187367,-0.0200465437325571,-0.0279480302560842,-0.0296341491630301,NaN,NaN,NaN,NaN,NaN,NaN,NaN,NaN,NaN
NaN,NaN,-0.0106276425261361,-0.0153723169642035,-0.0165352980887595,-0.0143833507560582,-0.0253497924956416,-0.0247301617491757,-0.0311168519547209,NaN,NaN,NaN,NaN,NaN,NaN,NaN,NaN,NaN
NaN,NaN,-0.0107581766981942,-0.0184807178156916,-0.0120227235650721,-0.0203275357149929,-0.0231041875037287,-0.0254599088657415,-0.0331763786962256,NaN,NaN,NaN,NaN,NaN,NaN,NaN,NaN,NaN
NaN,NaN,-0.0146615917522771,-0.0149650682287756,-0.0175927589928809,-0.01974011331428,-0.0217464309486483,-0.0293679991591489,-0.0299930995097384,NaN,NaN,NaN,NaN,NaN,NaN,NaN,NaN,NaN
NaN,NaN,-0.00841383288692062,-0.0163816843705717,-0.0151997442638579,-0.0182971779965252,-0.0258153233977888,-0.024182283304981,-0.0346938943257555,NaN,NaN,NaN,NaN,NaN,NaN,NaN,NaN,NaN
NaN,NaN,-0.0103223922390801,-0.0156656649487559,-0.0135352286791507,-0.0211768087707848,-0.0197795335504149,-0.0278142737079179,-0.030228947638534,NaN,NaN,NaN,NaN,NaN,NaN,NaN,NaN,NaN
NaN,NaN,-0.00970404992888992,-0.0145775635319296,-0.0174786347245875,-0.0151400876008362,-0.0260017369243239,-0.0257714548934018,-0.0304404696216807,NaN,NaN,NaN,NaN,NaN,NaN,NaN,NaN,NaN
NaN,NaN,-0.00894172514866417,-0.0184997354226653,-0.0115275766050521,-0.0204800677262635,-0.0227736797484492,-0.0262895310152089,-0.0325185110559687,NaN,NaN,NaN,NaN,NaN,NaN,NaN,NaN,NaN
NaN,NaN,-0.0128267558951241,-0.0137281042116228,-0.0165597732460204,-0.0198916022442669,-0.0220576044472788,-0.0300661558139836,-0.0292255220701918,NaN,NaN,NaN,NaN,NaN,NaN,NaN,NaN,NaN
NaN,NaN,-0.00628557453940933,-0.0163372602837626,-0.0142125050818625,-0.0167018596791119,-0.0263685848864649,-0.0241486625600373,-0.0329870221903548,NaN,NaN,NaN,NaN,NaN,NaN,NaN,NaN,NaN
NaN,NaN,-0.00850208501409118,-0.0151995752530638,-0.0119776848053637,-0.0207611781321854,-0.0213843141051863,-0.0284697199094808,-0.0292140481760725,NaN,NaN,NaN,NaN,NaN,NaN,NaN,NaN,NaN
NaN,NaN,-0.00962812851260727,-0.0133448463457171,-0.0162502016222182,-0.0162893210314602,-0.0270180147441958,-0.0279870154190576,-0.0281617467990145,NaN,NaN,NaN,NaN,NaN,NaN,NaN,NaN,NaN
NaN,NaN,-0.00735242317508285,-0.0168242302315775,-0.0115711252486411,-0.0209470514916272,-0.0251618516000841,-0.0269802370894467,-0.0310466674854979,NaN,NaN,NaN,NaN,NaN,NaN,NaN,NaN,NaN
NaN,NaN,-0.0111215042610032,-0.0118231025116984,-0.014879853585929,-0.0202008385919423,-0.0235504772814844,-0.0308099286485231,-0.0272425872972235,NaN,NaN,NaN,NaN,NaN,NaN,NaN,NaN,NaN
NaN,NaN,-0.00500813524316376,-0.0137250494735781,-0.0135477456545535,-0.0162054088674874,-0.0293453526052569,-0.0251168841350591,-0.0298831661930308,NaN,NaN,NaN,NaN,NaN,NaN,NaN,NaN,NaN
NaN,NaN,-0.00799442107866829,-0.0137879323738161,-0.0110317777192298,-0.0210320439897866,-0.0232271034571265,-0.0296908700693166,-0.0277917137136683,NaN,NaN,NaN,NaN,NaN,NaN,NaN,NaN,NaN
NaN,NaN,-0.00889057691286629,-0.0113859210687224,-0.0164428736364547,-0.0174527850710244,-0.0280024227055643,-0.0297417575347936,-0.0270955500891432,NaN,NaN,NaN,NaN,NaN,NaN,NaN,NaN,NaN
NaN,NaN,-0.00558281715105598,-0.0148575749772135,-0.0113392631804648,-0.0203959506713242,-0.0266338814350699,-0.0265863621461904,-0.0313717549433932,NaN,NaN,NaN,NaN,NaN,NaN,NaN,NaN,NaN
NaN,NaN,-0.00872780035327499,-0.0101551969128195,-0.0140112648999396,-0.0193187271021695,-0.0237247836145495,-0.0302254492271459,-0.0261227277806029,NaN,NaN,NaN,NaN,NaN,NaN,NaN,NaN,NaN
NaN,NaN,-0.00311071450899666,-0.0126266290026251,-0.0134911771213713,-0.0152581047974915,-0.0294772092553709,-0.0252162935066735,-0.029652645229362,NaN,NaN,NaN,NaN,NaN,NaN,NaN,NaN,NaN
NaN,NaN,-0.006228242321716,-0.0130313631671015,-0.0103446851765815,-0.0213402186297268,-0.023999561026964,-0.0307605312991655,-0.0281031479826197,NaN,NaN,NaN,NaN,NaN,NaN,NaN,NaN,NaN
NaN,NaN,-0.00707926626394813,-0.0105035115557257,-0.0156153749024573,-0.0164092567526192,-0.0274978321346377,-0.0299555333185708,-0.0273833101382479,NaN,NaN,NaN,NaN,NaN,NaN,NaN,NaN,NaN
NaN,NaN,-0.00363456483076637,-0.013501364417607,-0.0101177032386962,-0.0177237626873345,-0.0272040929946039,-0.0262919710803544,-0.0315215861191973,NaN,NaN,NaN,NaN,NaN,NaN,NaN,NaN,NaN
NaN,NaN,-0.006385673089729,-0.00949338046484627,-0.0123797367608252,-0.0175700944625229,-0.0235707614871596,-0.029577267341665,-0.0248204035451636,NaN,NaN,NaN,NaN,NaN,NaN,NaN,NaN,NaN
NaN,NaN,-0.00239558915685241,-0.0108339261787478,-0.0118416185772124,-0.0137001883946747,-0.0293092917951678,-0.0257412055361783,-0.0278082912554964,NaN,NaN,NaN,NaN,NaN,NaN,NaN,NaN,NaN
NaN,NaN,-0.00462841640304153,-0.0107969899254385,-0.00810539455172451,-0.020832331176886,-0.0243697617503737,-0.0295996935892617,-0.0271365096559748,NaN,NaN,NaN,NaN,NaN,NaN,NaN,NaN,NaN
NaN,NaN,-0.00493348042558258,-0.00743200970464386,-0.01415917755124,-0.0147347760163636,-0.0279518146368597,-0.0289164753485238,-0.0260079515865073,NaN,NaN,NaN,NaN,NaN,NaN,NaN,NaN,NaN
NaN,NaN,-0.00142908121536796,-0.0108145546691958,-0.00927532196995647,-0.0166503575407357,-0.0275284353944395,-0.0241504320729291,-0.0300014441600069,NaN,NaN,NaN,NaN,NaN,NaN,NaN,NaN,NaN
NaN,NaN,-0.00547279070209091,-0.00657990542822517,-0.0112167756354514,-0.0183564287387223,-0.0243756477090452,-0.0276153990853345,-0.0235733253648505,NaN,NaN,NaN,NaN,NaN,NaN,NaN,NaN,NaN
NaN,NaN,-0.0016818421621186,-0.00693747741752304,-0.0115671950673762,-0.0150782105289788,-0.0297385942491625,-0.0232494519877946,-0.0267092002322897,NaN,NaN,NaN,NaN,NaN,NaN,NaN,NaN,NaN
NaN,NaN,-0.00307638595889633,-0.00722102788859047,-0.00775599957463176,-0.0207920049094052,-0.0250565935227011,-0.0270098904002225,-0.0267659177770838,NaN,NaN,NaN,NaN,NaN,NaN,NaN,NaN,NaN
NaN,NaN,-0.00349034021686142,-0.00379860369139351,-0.0132827471291724,-0.014744666662106,-0.0266575556549166,-0.0261541353393113,-0.0255101596703753,NaN,NaN,NaN,NaN,NaN,NaN,NaN,NaN,NaN
NaN,NaN,0.000365409747852633,-0.00777522069984116,-0.00934554369208248,-0.0165125217996926,-0.0274658132645224,-0.021625635199598,-0.0294389625778422,NaN,NaN,NaN,NaN,NaN,NaN,NaN,NaN,NaN
NaN,NaN,-0.00492703567336624,-0.00459372965269722,-0.0105760070776644,-0.0180696186386437,-0.0234196078332995,-0.0259747626114404,-0.0241329570999369,NaN,NaN,NaN,NaN,NaN,NaN,NaN,NaN,NaN
NaN,NaN,-0.00112360741089409,-0.00473478776984848,-0.0121400329565707,-0.0142683882974476,-0.0293303955647085,-0.0231267036724603,-0.0274469753494486,NaN,NaN,NaN,NaN,NaN,NaN,NaN,NaN,NaN
NaN,NaN,-0.00231478761027878,-0.00622706455760635,-0.00835714967009456,-0.0180260886215062,-0.0247779045554732,-0.0257926145422971,-0.0291412001242861,NaN,NaN,NaN,NaN,NaN,NaN,NaN,NaN,NaN
NaN,NaN,-0.00315629343579834,-0.0027411800401751,-0.0130809854066077,-0.012615551497826,-0.0263315927538012,-0.0256710396934068,-0.0263406200101599,NaN,NaN,NaN,NaN,NaN,NaN,NaN,NaN,NaN
NaN,NaN,-0.000271633519635847,-0.00794380871229805,-0.00838268653509052,-0.0145257686041684,-0.0285311345311735,-0.0213559800613439,-0.0303036397090182,NaN,NaN,NaN,NaN,NaN,NaN,NaN,NaN,NaN
NaN,NaN,-0.00449292759488647,-0.00353604523115791,-0.00919690460917385,-0.0169429418407769,-0.0235456902834509,-0.0269276359904325,-0.0254857590189204,NaN,NaN,NaN,NaN,NaN,NaN,NaN,NaN,NaN
NaN,NaN,-0.000991229220138242,-0.00273285401635803,-0.0102423141991797,-0.0118911874257416,-0.0300297443124388,-0.0237058931816136,-0.0280690056970343,NaN,NaN,NaN,NaN,NaN,NaN,NaN,NaN,NaN
NaN,NaN,-0.000348747028814008,-0.00365452808910049,-0.00592589483615787,-0.0153894026540608,-0.0259083997758959,-0.0251680882502114,-0.0292489168932661,NaN,NaN,NaN,NaN,NaN,NaN,NaN,NaN,NaN
NaN,NaN,-0.00195337857197349,-0.000665671803290024,-0.0104216683005992,-0.0117467206679673,-0.0269745033535097,-0.0252259792614495,-0.0256084142019972,NaN,NaN,NaN,NaN,NaN,NaN,NaN,NaN,NaN
NaN,NaN,0.000958662227882693,-0.00389393387013115,-0.0059650662636462,-0.0128445823453755,-0.0283456337007616,-0.021782041512779,-0.0300831584027037,NaN,NaN,NaN,NaN,NaN,NaN,NaN,NaN,NaN
NaN,NaN,-0.00268809895108764,-0.000655054725939408,-0.00693498284575374,-0.0166791167818398,-0.0238825682851408,-0.0272400388348615,-0.0261622531106696,NaN,NaN,NaN,NaN,NaN,NaN,NaN,NaN,NaN
NaN,NaN,0.00108377610255654,0.000492390565341339,-0.00901520357486637,-0.0102370467745156,-0.0294009525629614,-0.024511487208656,-0.0293462401023135,NaN,NaN,NaN,NaN,NaN,NaN,NaN,NaN,NaN
NaN,NaN,0.00145822365690644,-0.00190038201981224,-0.00357069180366428,-0.0141839732192845,-0.0256353173705672,-0.0245223464298761,-0.0308741492917761,NaN,NaN,NaN,NaN,NaN,NaN,NaN,NaN,NaN
NaN,NaN,-0.00134108985851829,0.00106465103453957,-0.00849980966207416,-0.0119617444239945,-0.0255946558269594,-0.0260693291056668,-0.0266573814442381,NaN,NaN,NaN,NaN,NaN,NaN,NaN,NaN,NaN
NaN,NaN,0.00248752136637146,-0.0016856376605574,-0.00429503724929721,-0.0122827713154644,-0.0271459225865935,-0.0214141504693544,-0.0314344143262133,NaN,NaN,NaN,NaN,NaN,NaN,NaN,NaN,NaN
NaN,NaN,-0.000751953824268034,0.00153843345469795,-0.00456569821593196,-0.0148986701630444,-0.0220306333455179,-0.0274062799144303,-0.0280561161926016,NaN,NaN,NaN,NaN,NaN,NaN,NaN,NaN,NaN
NaN,NaN,0.00291276325394089,0.00356180625385605,-0.00708440423962505,-0.00766423090923733,-0.0269006867262457,-0.0245562093186891,-0.0310706024756655,NaN,NaN,NaN,NaN,NaN,NaN,NaN,NaN,NaN
NaN,NaN,0.0033877005140918,-0.000385101564461365,-0.00149419636485012,-0.0121388819776863,-0.0230955448302363,-0.0242031821835553,-0.0322194820037112,NaN,NaN,NaN,NaN,NaN,NaN,NaN,NaN,NaN
NaN,NaN,2.89787809985374e-05,0.00266080754227005,-0.00518526987192066,-0.0103844937645287,-0.0224528577479456,-0.0261387126374757,-0.0285325994482264,NaN,NaN,NaN,NaN,NaN,NaN,NaN,NaN,NaN
NaN,NaN,0.00411200870682175,0.000753198139136657,-0.00235149742123516,-0.00921490162242359,-0.025512196526203,-0.0221773693192517,-0.0331842018058524,NaN,NaN,NaN,NaN,NaN,NaN,NaN,NaN,NaN
NaN,NaN,0.0019829307954448,0.00286961006349884,-0.000940860370368076,-0.0108399663828701,-0.0200068693908785,-0.0264692203927552,-0.0296230850508437,NaN,NaN,NaN,NaN,NaN,NaN,NaN,NaN,NaN
NaN,NaN,0.00347867210318024,0.0047012421709951,-0.00459220365640552,-0.00416316583383984,-0.0249441270085905,-0.0240608202147996,-0.0312622314086184,NaN,NaN,NaN,NaN,NaN,NaN,NaN,NaN,NaN
NaN,NaN,0.00389858682562287,-0.000346339918905869,0.00212054594400494,-0.00946971147883839,-0.0220451992305849,-0.0235284017253434,-0.0331878525903448,NaN,NaN,NaN,NaN,NaN,NaN,NaN,NaN,NaN
NaN,NaN,-0.0014638754267556,0.00374643164104782,-0.00178955600616367,-0.00840094431866116,-0.0204830359968279,-0.0259330021071946,-0.0287077998509631,NaN,NaN,NaN,NaN,NaN,NaN,NaN,NaN,NaN
NaN,NaN,0.004188898698582,0.00103306057280861,0.000156759163170742,-0.00607882186401791,-0.0243646394762133,-0.0211011515784776,-0.033411612152122,NaN,NaN,NaN,NaN,NaN,NaN,NaN,NaN,NaN
NaN,NaN,0.0017496717434066,0.00372476907796226,0.00230412824991314,-0.00886155783761448,-0.0185300339314078,-0.0268673794198548,-0.0311261279275641,NaN,NaN,NaN,NaN,NaN,NaN,NaN,NaN,NaN
NaN,NaN,0.00342897673059876,0.00593414562172256,-0.00173647061941059,-0.00346215933192676,-0.0235653784426783,-0.0240826504159486,-0.0322420386364684,NaN,NaN,NaN,NaN,NaN,NaN,NaN,NaN,NaN
NaN,NaN,0.00437898163606102,0.000753738306229934,0.0052784931564626,-0.00845337777961201,-0.0206067715140913,-0.0240956889319932,-0.0352997569134459,NaN,NaN,NaN,NaN,NaN,NaN,NaN,NaN,NaN
NaN,NaN,0.000526770697130511,0.00456661017960869,0.000378600200444149,-0.00683947026360935,-0.0179872777613734,-0.0256866114068544,-0.0311063466360793,NaN,NaN,NaN,NaN,NaN,NaN,NaN,NaN,NaN
NaN,NaN,0.00704476212073738,0.0018200095219072,0.0017684873843488,-0.00373820334304279,-0.0218135606798266,-0.0215189242589986,-0.0352343221893534,NaN,NaN,NaN,NaN,NaN,NaN,NaN,NaN,NaN
NaN,NaN,0.00421747167517121,0.00436106728739105,0.00348960875514119,-0.00748049959171719,-0.0157166201922034,-0.0271836751926458,-0.033543543308042,NaN,NaN,NaN,NaN,NaN,NaN,NaN,NaN,NaN
NaN,NaN,0.00518597264696533,0.00518068703240715,0.000237337192326473,-0.00154715522755093,-0.0199481588157748,-0.0247294725704705,-0.0338894551387057,NaN,NaN,NaN,NaN,NaN,NaN,NaN,NaN,NaN
NaN,NaN,0.00574400250722344,0.000433791748946533,0.00665742798688976,-0.00530189394582218,-0.0174596835228537,-0.0241746837127721,-0.0366401163628325,NaN,NaN,NaN,NaN,NaN,NaN,NaN,NaN,NaN
NaN,NaN,0.00121742089201386,0.00421147825545631,0.00182416184785931,-0.00400480374325222,-0.0154067505451773,-0.0266441786516225,-0.0315415723016486,NaN,NaN,NaN,NaN,NaN,NaN,NaN,NaN,NaN
NaN,NaN,0.00783782054592545,0.00195963340229355,0.0022892084622678,-0.000960533764252128,-0.0194215145262812,-0.0228611649799859,-0.0354609688511118,NaN,NaN,NaN,NaN,NaN,NaN,NaN,NaN,NaN
NaN,NaN,0.00403187771250183,0.00282952593988739,0.00493097945097058,-0.00563037141788906,-0.0149813223930929,-0.0269762324023759,-0.0332453710725531,NaN,NaN,NaN,NaN,NaN,NaN,NaN,NaN,NaN
NaN,NaN,0.00373918165375168,0.00437773796147667,0.00133683799746601,-0.000481927093157234,-0.0191874359103773,-0.0253422083187615,-0.0325690073659644,NaN,NaN,NaN,NaN,NaN,NaN,NaN,NaN,NaN
NaN,NaN,0.00584050615240509,0.000957139156525955,0.00682270049098103,-0.00324681892622417,-0.0175208714160059,-0.0227280789840734,-0.0360551526537165,NaN,NaN,NaN,NaN,NaN,NaN,NaN,NaN,NaN
NaN,NaN,0.00269095946957047,0.00533148678368889,0.00278405739906399,-0.00320423885811275,-0.0137817789169882,-0.0258996607590234,-0.0295885329833254,NaN,NaN,NaN,NaN,NaN,NaN,NaN,NaN,NaN
NaN,NaN,0.00852008883763726,0.00392841207212768,0.00301238044145672,0.000542918894401131,-0.0182895105632876,-0.0217791916657006,-0.0341184301069006,NaN,NaN,NaN,NaN,NaN,NaN,NaN,NaN,NaN
NaN,NaN,0.00554024775434906,0.00400185617036186,0.00707469775322048,-0.00503637387979931,-0.0119649175855254,-0.0239027934003389,-0.0319468838861212,NaN,NaN,NaN,NaN,NaN,NaN,NaN,NaN,NaN
NaN,NaN,0.00535683308650429,0.00601803915924393,0.00200161605122654,0.00180990875135952,-0.0159183632883166,-0.023032826356939,-0.0312222404172644,NaN,NaN,NaN,NaN,NaN,NaN,NaN,NaN,NaN
NaN,NaN,0.00796731163669998,0.00255590336746536,0.00657053559067814,-0.00095861523974842,-0.0143073614987467,-0.0197238186228788,-0.0347280738642439,NaN,NaN,NaN,NaN,NaN,NaN,NaN,NaN,NaN
NaN,NaN,0.00540179734040673,0.00653607802814804,0.00257497548106281,-0.00130156546462482,-0.0108525086495016,-0.024424389921478,-0.0290636209538206,NaN,NaN,NaN,NaN,NaN,NaN,NaN,NaN,NaN
NaN,NaN,0.00992824857045586,0.00564092802233063,0.00363757728579609,0.00322486713897282,-0.015326265648279,-0.0200892137218034,-0.0324411181500182,NaN,NaN,NaN,NaN,NaN,NaN,NaN,NaN,NaN
NaN,NaN,0.00670678515840943,0.00452857496566139,0.00805018364432423,-0.00114197402823871,-0.00976805801716788,-0.0230132685828721,-0.0305762750795111,NaN,NaN,NaN,NaN,NaN,NaN,NaN,NaN,NaN
NaN,NaN,0.0057448220710891,0.00708151640719734,0.00323055206778614,0.00597679496180111,-0.0126370717140768,-0.0225327433872735,-0.0288466414203867,NaN,NaN,NaN,NaN,NaN,NaN,NaN,NaN,NaN
NaN,NaN,0.00881673370410378,0.00331968101090752,0.00771539180520146,0.00325830161940151,-0.0128757510634993,-0.0194614464271581,-0.0325593774905428,NaN,NaN,NaN,NaN,NaN,NaN,NaN,NaN,NaN
NaN,NaN,0.00540325020362313,0.00775391267961822,0.00536057992818921,0.00194532305370861,-0.00942233245101913,-0.0243175858486211,-0.0270858643343672,NaN,NaN,NaN,NaN,NaN,NaN,NaN,NaN,NaN
NaN,NaN,0.00862057854343827,0.00713452728814445,0.00640300928595631,0.00617011890183979,-0.0143533129545782,-0.0192701527703321,-0.030167275457643,NaN,NaN,NaN,NaN,NaN,NaN,NaN,NaN,NaN
NaN,NaN,0.0066613179903167,0.00608233766979538,0.0104197290444669,0.00233582660924488,-0.00844856019345267,-0.0210715913999593,-0.029251636355184,NaN,NaN,NaN,NaN,NaN,NaN,NaN,NaN,NaN
NaN,NaN,0.00565170844007904,0.00894181462354027,0.00565163685920804,0.00688656673203999,-0.0104836676570509,-0.0209739515412366,-0.026095719425939,NaN,NaN,NaN,NaN,NaN,NaN,NaN,NaN,NaN
NaN,NaN,0.0107778382759231,0.00584473865455948,0.00906191661003201,0.00481605038415486,-0.0108665716203783,-0.0166526893008268,-0.0301164066186175,NaN,NaN,NaN,NaN,NaN,NaN,NaN,NaN,NaN
NaN,NaN,0.00616088111807282,0.0102384205383714,0.00737855105641453,0.00321680188547665,-0.00642790685621245,-0.0217170910764253,-0.025103954016231,NaN,NaN,NaN,NaN,NaN,NaN,NaN,NaN,NaN
NaN,NaN,0.00996114288379128,0.0101571533305105,0.00725354894044964,0.00849201783906513,-0.0112085718962286,-0.0171915339160478,-0.0278118861606345,NaN,NaN,NaN,NaN,NaN,NaN,NaN,NaN,NaN
NaN,NaN,0.00823482473303253,0.00818003001040779,0.0111081254387197,0.00506391257416302,-0.00653569813099845,-0.0187339717376744,-0.0279944998910651,NaN,NaN,NaN,NaN,NaN,NaN,NaN,NaN,NaN
NaN,NaN,0.0064416376214164,0.0109391290170606,0.00556075840237706,0.00879561037193829,-0.0076194409581755,-0.0194073365855729,-0.0244079207768664,NaN,NaN,NaN,NaN,NaN,NaN,NaN,NaN,NaN
NaN,NaN,0.0113777590255874,0.00703331115073524,0.00831121473553746,0.00703492641817623,-0.00877921696034415,-0.0159308770525968,-0.0299209592631087,NaN,NaN,NaN,NaN,NaN,NaN,NaN,NaN,NaN
NaN,NaN,0.00604113166142876,0.0106914158386644,0.00781863822582333,0.00425712645422512,-0.00450303073254569,-0.0211687283444917,-0.0249874828150496,NaN,NaN,NaN,NaN,NaN,NaN,NaN,NaN,NaN
NaN,NaN,0.00903576214720185,0.00982118802494369,0.00565968348625271,0.0108335304297119,-0.00954135547605498,-0.0175728173780954,-0.0293729318073019,NaN,NaN,NaN,NaN,NaN,NaN,NaN,NaN,NaN
NaN,NaN,0.00739492078234131,0.00700004430836998,0.0107081037664708,0.00577279806505734,-0.00485618825283988,-0.0179638052213704,-0.0288318333914503,NaN,NaN,NaN,NaN,NaN,NaN,NaN,NaN,NaN
NaN,NaN,0.00587217111994202,0.0103625099582132,0.00562107085230916,0.0102378937638908,-0.00475161935416206,-0.018311263047508,-0.0246907075634226,NaN,NaN,NaN,NaN,NaN,NaN,NaN,NaN,NaN
NaN,NaN,0.00997347359467919,0.0077091533166822,0.00924270494821637,0.00860550880800778,-0.00609533156481727,-0.0132347354519879,-0.028173835366033,NaN,NaN,NaN,NaN,NaN,NaN,NaN,NaN,NaN
NaN,NaN,0.00554566805173332,0.0107840265554842,0.00919386639240353,0.00700845823060566,-0.00129587243524535,-0.0180697338510072,-0.0245814447989687,NaN,NaN,NaN,NaN,NaN,NaN,NaN,NaN,NaN
NaN,NaN,0.00831706051637108,0.010737218282884,0.00801203667166798,0.0138690273500591,-0.00672080780592902,-0.0138066606450593,-0.026608114480041,NaN,NaN,NaN,NaN,NaN,NaN,NaN,NaN,NaN
NaN,NaN,0.00771574278284485,0.00846324520534836,0.0122567814493474,0.00753093019496495,-0.00249264057007774,-0.0135294990468537,-0.0273423505714163,NaN,NaN,NaN,NaN,NaN,NaN,NaN,NaN,NaN
NaN,NaN,0.00634764854718621,0.01290734889335,0.00806763662937253,0.010437252674213,-0.00312377925244315,-0.0150834107625997,-0.023105820058845,NaN,NaN,NaN,NaN,NaN,NaN,NaN,NaN,NaN
NaN,NaN,0.00977417056371147,0.00981416585273109,0.0104543742442426,0.0107124771214634,-0.00520984868732436,-0.0100470976758515,-0.0273279336979613,NaN,NaN,NaN,NaN,NaN,NaN,NaN,NaN,NaN
NaN,NaN,0.00614206840206558,0.0118155966920312,0.0109980617368516,0.00883846983682209,0.000331502005186241,-0.0142821753252065,-0.0232878377428278,NaN,NaN,NaN,NaN,NaN,NaN,NaN,NaN,NaN
NaN,NaN,0.0096212846498626,0.0123998153430875,0.00834291695597737,0.0147936071492344,-0.00410004745450957,-0.0107192704308545,-0.0253019159426913,NaN,NaN,NaN,NaN,NaN,NaN,NaN,NaN,NaN
NaN,NaN,0.0100124028782981,0.0111027251405176,0.0131101523244676,0.00891213745247418,0.00084320788058297,-0.0105178253579652,-0.0266894561937079,NaN,NaN,NaN,NaN,NaN,NaN,NaN,NaN,NaN
NaN,NaN,0.00714249511171753,0.0154808725637849,0.00858085124734013,0.0115160967446476,0.00139144022735612,-0.0131065109599149,-0.023238924681209,NaN,NaN,NaN,NaN,NaN,NaN,NaN,NaN,NaN
NaN,NaN,0.0120728050630229,0.0114243294519838,0.011881290813714,0.0138531948662906,-0.00110802467194541,-0.00689140426402446,-0.0276031581452116,NaN,NaN,NaN,NaN,NaN,NaN,NaN,NaN,NaN
NaN,NaN,0.00808761988688881,0.0130339528841432,0.0130200002992448,0.0114650788940101,0.00485925708683984,-0.0111369499791181,-0.024479148327373,NaN,NaN,NaN,NaN,NaN,NaN,NaN,NaN,NaN
NaN,NaN,0.0102934574048656,0.0147697518987115,0.00922767340186207,0.0164866770840793,0.000550027534094021,-0.0085545042384183,-0.0259248217334971,NaN,NaN,NaN,NaN,NaN,NaN,NaN,NaN,NaN
NaN,NaN,0.0109295320968765,0.012611896119779,0.0152391743564901,0.0111945110596328,0.00331380178007142,-0.008242809199146,-0.0281336208572611,NaN,NaN,NaN,NaN,NaN,NaN,NaN,NaN,NaN
NaN,NaN,0.00735096235681946,0.0174282494408544,0.0116447721326646,0.0140670637823253,0.00402045209678666,-0.0107885235775029,-0.0236074490239844,NaN,NaN,NaN,NaN,NaN,NaN,NaN,NaN,NaN
NaN,NaN,0.0124572363953727,0.0121928195876535,0.0144512195790109,0.0164871613718181,0.00112200860651986,-0.00486499535327312,-0.0281913628568873,NaN,NaN,NaN,NaN,NaN,NaN,NaN,NaN,NaN
NaN,NaN,0.009367201225056,0.0146156366390642,0.0156563509905633,0.0120727668739467,0.0067470851984884,-0.00903659405594226,-0.0250127030303702,NaN,NaN,NaN,NaN,NaN,NaN,NaN,NaN,NaN
NaN,NaN,0.0102368143658775,0.0170570056361612,0.0116150443160829,0.01615205288302,0.00298266072544114,-0.00732269974832889,-0.0257505340268835,NaN,NaN,NaN,NaN,NaN,NaN,NaN,NaN,NaN
NaN,NaN,0.0110703108172553,0.0139083343965467,0.0168318104648885,0.0115560691095501,0.00397502218159692,-0.00601717176323291,-0.028757662861608,NaN,NaN,NaN,NaN,NaN,NaN,NaN,NaN,NaN
NaN,NaN,0.00780826036740715,0.0176904912514146,0.0140458893680867,0.0149214963651806,0.00635095645460145,-0.00875855701451655,-0.0235885245492682,NaN,NaN,NaN,NaN,NaN,NaN,NaN,NaN,NaN
NaN,NaN,0.0126608793895381,0.013826582900947,0.0143044431412515,0.0170416894591957,0.00291646231683747,-0.00246425064688083,-0.0281834279885516,NaN,NaN,NaN,NaN,NaN,NaN,NaN,NaN,NaN
NaN,NaN,0.00952019889761383,0.0159643034858163,0.0161716331446466,0.012144664976707,0.00953524146946923,-0.00654474737530109,-0.0269085218897089,NaN,NaN,NaN,NaN,NaN,NaN,NaN,NaN,NaN
NaN,NaN,0.0103981939416068,0.0183774161559995,0.0119619992280301,0.0163116629458576,0.00566300709518449,-0.00601340922003146,-0.0269123589387164,NaN,NaN,NaN,NaN,NaN,NaN,NaN,NaN,NaN
NaN,NaN,0.0123307255368369,0.0140906314773019,0.0177215960526761,0.0136462549902111,0.00692869310053842,-0.00348607914929744,-0.0305144538870081,NaN,NaN,NaN,NaN,NaN,NaN,NaN,NaN,NaN
NaN,NaN,0.00968964372683937,0.0174550529045518,0.015682632913619,0.0161623160577922,0.0106214988675977,-0.00690278502588626,-0.0239838709821925,NaN,NaN,NaN,NaN,NaN,NaN,NaN,NaN,NaN
NaN,NaN,0.0137913373570579,0.0150500427407678,0.014971754392415,0.0188986907936245,0.00610104535492913,-0.00103962513094302,-0.0288483736803755,NaN,NaN,NaN,NaN,NaN,NaN,NaN,NaN,NaN
NaN,NaN,0.0103673671643871,0.0161969292385038,0.0175524864995775,0.0135736118293911,0.0126972119954492,-0.0053712436783826,-0.0281683405628428,NaN,NaN,NaN,NaN,NaN,NaN,NaN,NaN,NaN
NaN,NaN,0.0103495975296634,0.0178416262788232,0.0135832828188237,0.0192626330293327,0.00834545825394647,-0.00519047396664973,-0.0273805720498785,NaN,NaN,NaN,NaN,NaN,NaN,NaN,NaN,NaN
NaN,NaN,0.0128591207127708,0.0135400894505437,0.0202924002611932,0.016786507073751,0.00953527872237222,-0.0015783393610036,-0.0302860190859064,NaN,NaN,NaN,NaN,NaN,NaN,NaN,NaN,NaN
NaN,NaN,0.010142210618748,0.017313063464826,0.0174386416280565,0.0179777804053932,0.0133334543255235,-0.0048151323426282,-0.0244883870473132,NaN,NaN,NaN,NaN,NaN,NaN,NaN,NaN,NaN
NaN,NaN,0.0138173957626956,0.0153457376582082,0.0173481543267068,0.0208045120574146,0.00866385881575601,-8.0977551988326e-05,-0.0282745299628004,NaN,NaN,NaN,NaN,NaN,NaN,NaN,NaN,NaN
NaN,NaN,0.0104019937377113,0.0166378732246812,0.0205431122982797,0.0153870458937793,0.0148463878479864,-0.00245735885982867,-0.027817921130918,NaN,NaN,NaN,NaN,NaN,NaN,NaN,NaN,NaN
NaN,NaN,0.0111011189680236,0.0192794579488691,0.0165301550829705,0.0215755167640358,0.0117860804942514,-0.00156699585204478,-0.0248659079661593,NaN,NaN,NaN,NaN,NaN,NaN,NaN,NaN,NaN
NaN,NaN,0.0149058697085517,0.0155068750900682,0.0225616794729528,0.0191782552040725,0.0123998406973745,0.00316553843731526,-0.0272530181100592,NaN,NaN,NaN,NaN,NaN,NaN,NaN,NaN,NaN
NaN,NaN,0.0119953562777179,0.0196032229287084,0.0198765088522729,0.0197188879586368,0.0167273614254858,-0.000739254974178039,-0.0216687148204073,NaN,NaN,NaN,NaN,NaN,NaN,NaN,NaN,NaN
NaN,NaN,0.0155153272013801,0.0178426134807523,0.0190283906364736,0.022447998378387,0.0129776704755689,0.00448511076683644,-0.0247851809253916,NaN,NaN,NaN,NaN,NaN,NaN,NaN,NaN,NaN
NaN,NaN,0.0122243312459129,0.0175077285093721,0.0221198600435552,0.0179349768198639,0.0172199751881029,0.00145421458000783,-0.0249968891730532,NaN,NaN,NaN,NaN,NaN,NaN,NaN,NaN,NaN
NaN,NaN,0.0126774941842693,0.0202087502402719,0.0176601101363,0.0238509613312393,0.0152640673962499,0.00237208885664586,-0.0213835438480601,NaN,NaN,NaN,NaN,NaN,NaN,NaN,NaN,NaN
NaN,NaN,0.0174085011046069,0.0163240361434873,0.022380760749608,0.0222995455599933,0.0160431746092703,0.00616376382822637,-0.024887272506021,NaN,NaN,NaN,NaN,NaN,NaN,NaN,NaN,NaN
NaN,NaN,0.0129827630977767,0.0203052911383566,0.0205263112390336,0.0216792102194934,0.0204970571843054,0.00232662168855313,-0.0195145284524187,NaN,NaN,NaN,NaN,NaN,NaN,NaN,NaN,NaN
NaN,NaN,0.0160199550252097,0.01896118777222,0.0189030718708333,0.024846992198339,0.0157422084060575,0.00692465437168721,-0.0220099141588435,NaN,NaN,NaN,NaN,NaN,NaN,NaN,NaN,NaN
NaN,NaN,0.0132010651092666,0.0178032930416521,0.0230608497464952,0.0214340488649517,0.019392303719845,0.00451163483376149,-0.0220431437483057,NaN,NaN,NaN,NaN,NaN,NaN,NaN,NaN,NaN
NaN,NaN,0.0138143969040054,0.0211522917670663,0.0182261121177968,0.0258820454813152,0.0176578644362356,0.00501574111694936,-0.0180548479547724,NaN,NaN,NaN,NaN,NaN,NaN,NaN,NaN,NaN
NaN,NaN,0.0180430484275954,0.016747434012359,0.0229937572682199,0.0252054396308571,0.0174136530307199,0.0080330027412856,-0.0215150652220473,NaN,NaN,NaN,NaN,NaN,NaN,NaN,NaN,NaN
NaN,NaN,0.0131574605863231,0.02083230795688,0.0224914763772783,0.0225939738787323,0.0225966680494215,0.00344215986842755,-0.0172231396427378,NaN,NaN,NaN,NaN,NaN,NaN,NaN,NaN,NaN
NaN,NaN,0.0159556006353038,0.0198867175204214,0.0198052440488633,0.0264029714502006,0.0174155901816751,0.00790239406342153,-0.0192666476359591,NaN,NaN,NaN,NaN,NaN,NaN,NaN,NaN,NaN
NaN,NaN,0.014360300944342,0.0183646756631788,0.0244094048345384,0.0222261573411136,0.0207311916795637,0.00724163932318334,-0.0187290696194395,NaN,NaN,NaN,NaN,NaN,NaN,NaN,NaN,NaN
NaN,NaN,0.0145355199735301,0.0219692293030676,0.0194268104338941,0.0264344315267711,0.0199768576470281,0.00723793265933637,-0.0145117057254538,NaN,NaN,NaN,NaN,NaN,NaN,NaN,NaN,NaN
NaN,NaN,0.0181307603876727,0.0194320830923971,0.0239700813496408,0.0248175065256267,0.0190803665367033,0.0112404776882613,-0.0172415425768122,NaN,NaN,NaN,NaN,NaN,NaN,NaN,NaN,NaN
NaN,NaN,0.0134788413803714,0.0222739953023847,0.0224789407754239,0.0226411546803623,0.0246950309422876,0.00756015164370183,-0.0133391147246584,NaN,NaN,NaN,NaN,NaN,NaN,NaN,NaN,NaN
NaN,NaN,0.0169477758269447,0.0204782749933656,0.0188153040314016,0.0274274076558262,0.019240777536955,0.0116072697710479,-0.0150701081147417,NaN,NaN,NaN,NaN,NaN,NaN,NaN,NaN,NaN
NaN,NaN,0.0162007619898456,0.0196751769108232,0.0243880030417737,0.0231004457212597,0.0241292338517572,0.0107550351094687,-0.0156981361797079,NaN,NaN,NaN,NaN,NaN,NaN,NaN,NaN,NaN
NaN,NaN,0.0160041597943443,0.0234527330321725,0.018923188438445,0.027533150020948,0.023816216334429,0.0104575520526851,-0.0113300097873434,NaN,NaN,NaN,NaN,NaN,NaN,NaN,NaN,NaN
NaN,NaN,0.0194857602279323,0.0201753343862947,0.0240611833238897,0.0263918142057567,0.0234112213996317,0.0148018179606879,-0.0155541909625754,NaN,NaN,NaN,NaN,NaN,NaN,NaN,NaN,NaN
NaN,NaN,0.0152336207490104,0.0230857360584196,0.0230425026917753,0.0257727082110553,0.0276557799127962,0.0104361688863719,-0.0112642211606726,NaN,NaN,NaN,NaN,NaN,NaN,NaN,NaN,NaN
NaN,NaN,0.0175953616659778,0.0220749157888349,0.0201231416964826,0.0306695091761261,0.0233086827841665,0.0144344857108081,-0.0124528681626543,NaN,NaN,NaN,NaN,NaN,NaN,NaN,NaN,NaN
NaN,NaN,0.0175805908899444,0.0212909470719751,0.0256369252407846,0.0273399937189727,0.0272197719362642,0.014168313718983,-0.0118419950595126,NaN,NaN,NaN,NaN,NaN,NaN,NaN,NaN,NaN
NaN,NaN,0.0152987015705245,0.0262598510307726,0.0209639955961999,0.0298299591280132,0.02786439616951,0.0130309639644111,-0.00729682424571365,NaN,NaN,NaN,NaN,NaN,NaN,NaN,NaN,NaN
NaN,NaN,0.0193653774719375,0.0226419422251638,0.0254978787803945,0.0313678148425727,0.0262163649943735,0.0183515539538348,-0.0106410545995459,NaN,NaN,NaN,NaN,NaN,NaN,NaN,NaN,NaN
NaN,NaN,0.0144918036918777,0.0246511775476392,0.0248737250173387,0.0289221245087295,0.0297060679343607,0.0145486658584559,-0.00666197889950126,NaN,NaN,NaN,NaN,NaN,NaN,NaN,NaN,NaN
NaN,NaN,0.0178524066965717,0.0251532535476144,0.0221427333259877,0.0331194090880066,0.025986309691992,0.0179980797838653,-0.00763973721768707,NaN,NaN,NaN,NaN,NaN,NaN,NaN,NaN,NaN
NaN,NaN,0.0180244778554576,0.0230260196549352,0.0265534584129152,0.0282905574179798,0.0295416708734895,0.0185767850052798,-0.0085733508458361,NaN,NaN,NaN,NaN,NaN,NaN,NaN,NaN,NaN
NaN,NaN,0.0157070306401389,0.0285579453629907,0.022446139594346,0.0296582418717056,0.0307422760573293,0.0170972487103427,-0.00361875200178474,NaN,NaN,NaN,NaN,NaN,NaN,NaN,NaN,NaN
NaN,NaN,0.0208206621270316,0.0245727601868566,0.026609524031907,0.0328504431284576,0.0269410457161333,0.0225843591761077,-0.00741575413849205,NaN,NaN,NaN,NaN,NaN,NaN,NaN,NaN,NaN
NaN,NaN,0.0169245300154823,0.0257408994657453,0.0267988619113263,0.0297800216115623,0.0314762327519323,0.0198566457402194,-0.00438232475426048,NaN,NaN,NaN,NaN,NaN,NaN,NaN,NaN,NaN
NaN,NaN,0.0195834559660094,0.0267122875375208,0.0238875102901754,0.0342762607372909,0.0286946143654253,0.0227429447841132,-0.0042013501515612,NaN,NaN,NaN,NaN,NaN,NaN,NaN,NaN,NaN
NaN,NaN,0.0191239227812427,0.02451863171882,0.0274346944594678,0.0295244666970878,0.031439445510235,0.0233856318664039,-0.0055952233960852,NaN,NaN,NaN,NaN,NaN,NaN,NaN,NaN,NaN
NaN,NaN,0.0175592636029857,0.0280478041095193,0.0245222066247758,0.0322024847603946,0.0335136685219671,0.02164027748222,-0.000869357376359403,NaN,NaN,NaN,NaN,NaN,NaN,NaN,NaN,NaN
NaN,NaN,0.0203063671748775,0.0244964289886411,0.0275127579176721,0.0350485134161621,0.0297492067960168,0.0267233243357623,-0.00487769523169845,NaN,NaN,NaN,NaN,NaN,NaN,NaN,NaN,NaN
NaN,NaN,0.0171001029472488,0.0253584984166082,0.0283700403476056,0.0311963397301345,0.0342144887593652,0.0232087737094844,-0.00290729606058449,NaN,NaN,NaN,NaN,NaN,NaN,NaN,NaN,NaN
NaN,NaN,0.018056124196543,0.0264629911107477,0.0247493003213701,0.0354083392060905,0.0316722947803404,0.025193273104378,-0.00198973843362182,NaN,NaN,NaN,NaN,NaN,NaN,NaN,NaN,NaN
NaN,NaN,0.0191514154236453,0.0250941890699323,0.0296186272704896,0.0313003498352676,0.0331717241254713,0.0265222890448058,-0.0033681703498587,NaN,NaN,NaN,NaN,NaN,NaN,NaN,NaN,NaN
NaN,NaN,0.0166232844154971,0.0274622071010526,0.0264195714795884,0.0339787590540558,0.0349095720497038,0.0243320977460826,0.00224813318345696,NaN,NaN,NaN,NaN,NaN,NaN,NaN,NaN,NaN
NaN,NaN,0.0198667642932075,0.0242943319899496,0.0290948142016229,0.0362701106108337,0.0310665812042619,0.0293381242227042,-0.00203870737459511,NaN,NaN,NaN,NaN,NaN,NaN,NaN,NaN,NaN
NaN,NaN,0.0160306466083663,0.0261269512993749,0.0295699377262887,0.0318669292367607,0.0358687039163973,0.0257733008038485,-0.000458159833215177,NaN,NaN,NaN,NaN,NaN,NaN,NaN,NaN,NaN
NaN,NaN,0.016636825845732,0.027966294757789,0.0256668579483327,0.0355658444799095,0.0326525862959291,0.0281498497497523,0.000835409970022738,NaN,NaN,NaN,NaN,NaN,NaN,NaN,NaN,NaN
NaN,NaN,0.0202444155972141,0.0258815291745123,0.0310860563719568,0.0329284320808559,0.0348003465381529,0.0299644014012301,-0.000321236788295209,NaN,NaN,NaN,NaN,NaN,NaN,NaN,NaN,NaN
NaN,NaN,0.0169862208228248,0.0287589992803987,0.0289865013861951,0.0354285489059597,0.0369153614786531,0.0280118277441943,0.00495643785689026,NaN,NaN,NaN,NaN,NaN,NaN,NaN,NaN,NaN
NaN,NaN,0.0210673322241443,0.0256533923966344,0.0308238890672025,0.0375842440165191,0.033532090082493,0.0331972269486869,0.000860537053085864,NaN,NaN,NaN,NaN,NaN,NaN,NaN,NaN,NaN
NaN,NaN,0.016687899575724,0.0260145965439733,0.0316533435786065,0.0333898465372234,0.039520624622431,0.0298933228623355,0.00271109363529831,NaN,NaN,NaN,NaN,NaN,NaN,NaN,NaN,NaN
NaN,NaN,0.0176594552855628,0.029011294565862,0.0272519130909738,0.0375426325238853,0.0369402277913953,0.032006419278332,0.00547777360770851,NaN,NaN,NaN,NaN,NaN,NaN,NaN,NaN,NaN
NaN,NaN,0.0207518373887676,0.0245721082610544,0.0330653217339811,0.0360729682482391,0.0381648797241117,0.035323399133631,0.00350344425532967,NaN,NaN,NaN,NaN,NaN,NaN,NaN,NaN,NaN
NaN,NaN,0.0167793740790027,0.0278183448535856,0.0308961783254442,0.037581021640411,0.0411808374968435,0.0323827853571856,0.00762108212802559,NaN,NaN,NaN,NaN,NaN,NaN,NaN,NaN,NaN
NaN,NaN,0.0195888576369422,0.0249081108195242,0.0315306511426267,0.0401775489784389,0.0363746542182829,0.0358167952072108,0.00459001830313355,NaN,NaN,NaN,NaN,NaN,NaN,NaN,NaN,NaN
NaN,NaN,0.0158837025325435,0.025408622197574,0.0329215441549119,0.0339762631095558,0.0413278933313753,0.0339837661158526,0.00520791357848793,NaN,NaN,NaN,NaN,NaN,NaN,NaN,NaN,NaN
NaN,NaN,0.0171835680763858,0.0265877324563917,0.0283792231881913,0.0388812224603801,0.0383367273655798,0.0348781524371589,0.00985348096583038,NaN,NaN,NaN,NaN,NaN,NaN,NaN,NaN,NaN
NaN,NaN,0.0196130161445277,0.0241024050337728,0.0336196821832952,0.0373968991674095,0.0388215552714731,0.0379221616458381,0.00673349446151405,NaN,NaN,NaN,NaN,NaN,NaN,NaN,NaN,NaN
NaN,NaN,0.0162083615820544,0.0274782444757875,0.0327502925598916,0.0386097419298797,0.0425796281245615,0.0347093409072841,0.0117440657922998,NaN,NaN,NaN,NaN,NaN,NaN,NaN,NaN,NaN
NaN,NaN,0.0188148726980823,0.025446191750234,0.0332571741843519,0.0409429657496124,0.0385456416455175,0.0386395221721614,0.00896186998579651,NaN,NaN,NaN,NaN,NaN,NaN,NaN,NaN,NaN
NaN,NaN,0.0160705817203658,0.0258583578688558,0.0348036725724038,0.0361814114488273,0.0428534555879499,0.0382396867644275,0.0108890557894483,NaN,NaN,NaN,NaN,NaN,NaN,NaN,NaN,NaN
NaN,NaN,0.017007454977526,0.0272997844440397,0.030737834861308,0.0402553144134193,0.0420600060072805,0.0382855823409045,0.0150454180547968,NaN,NaN,NaN,NaN,NaN,NaN,NaN,NaN,NaN
NaN,NaN,0.0197382417779105,0.025149416498607,0.0354135025942621,0.0402603063024192,0.0408138405230905,0.0420430964004481,0.0108838403830305,NaN,NaN,NaN,NaN,NaN,NaN,NaN,NaN,NaN
NaN,NaN,0.0149042678337234,0.0280017781478819,0.0332384918535051,0.0385059553421646,0.0446979958263303,0.0382773867022479,0.0149909356841817,NaN,NaN,NaN,NaN,NaN,NaN,NaN,NaN,NaN
NaN,NaN,0.0176915859143871,0.0249833058041986,0.0321439456844625,0.0419581632352977,0.0405661459711458,0.0423042765032733,0.0131161647150293,NaN,NaN,NaN,NaN,NaN,NaN,NaN,NaN,NaN
NaN,NaN,0.0168019493382114,0.0242308902961668,0.034134759446412,0.0367699886895328,0.0460347417441274,0.0419166600477183,0.014048139215447,NaN,NaN,NaN,NaN,NaN,NaN,NaN,NaN,NaN
NaN,NaN,0.0168147829632896,0.0268368239921983,0.0293859270119962,0.0405886906422287,0.0447774003890421,0.040931730545708,0.0179297613212839,NaN,NaN,NaN,NaN,NaN,NaN,NaN,NaN,NaN
NaN,NaN,0.0196855102937358,0.0236556309682783,0.0345450815463361,0.0406172636188179,0.0435374188867475,0.0448897211026633,0.0141728246817365,NaN,NaN,NaN,NaN,NaN,NaN,NaN,NaN,NaN
NaN,NaN,0.0147144829194682,0.0261935222370084,0.0325177785659131,0.0390742483771949,0.0470393221524622,0.0404208628606284,0.0186943026492372,NaN,NaN,NaN,NaN,NaN,NaN,NaN,NaN,NaN
NaN,NaN,0.0173206401329177,0.0242198634368833,0.0320725877487954,0.0432421031631141,0.0427570264485742,0.0452388180565322,0.0177773783216253,NaN,NaN,NaN,NaN,NaN,NaN,NaN,NaN,NaN
NaN,NaN,0.0171876658957141,0.0222211334330495,0.0347032201195058,0.0383129480518013,0.0474716234651472,0.0438891267549479,0.0189958090195432,NaN,NaN,NaN,NaN,NaN,NaN,NaN,NaN,NaN
NaN,NaN,0.0156479475360053,0.0258823301119264,0.0307255041504201,0.0427485580779224,0.0461856532541181,0.0422902507852996,0.022881249547936,NaN,NaN,NaN,NaN,NaN,NaN,NaN,NaN,NaN
NaN,NaN,0.0175897737305301,0.0224425646883901,0.0348885905647573,0.041762455109468,0.0447318214622404,0.0469950875412906,0.0198406303534284,NaN,NaN,NaN,NaN,NaN,NaN,NaN,NaN,NaN
NaN,NaN,0.0119991933267253,0.02424977751798,0.0340882119441327,0.0403903561867386,0.048907033696499,0.0438735922944034,0.0248303586849943,NaN,NaN,NaN,NaN,NaN,NaN,NaN,NaN,NaN
NaN,NaN,0.0143909973364013,0.0236133675498422,0.0320325595045385,0.0436477313972622,0.0442569214549925,0.0473692556988681,0.024989633471705,NaN,NaN,NaN,NaN,NaN,NaN,NaN,NaN,NaN
NaN,NaN,0.0134147663872379,0.0223140421730932,0.0344612625146207,0.0393262642658859,0.0487766857889558,0.04773636443133,0.0255400451133028,NaN,NaN,NaN,NaN,NaN,NaN,NaN,NaN,NaN
NaN,NaN,0.0113356446187633,0.0254538844747003,0.0312563766444024,0.0433054144717365,0.0477838586715128,0.045326399631449,0.0295709209749475,NaN,NaN,NaN,NaN,NaN,NaN,NaN,NaN,NaN
NaN,NaN,0.0141037215750354,0.022118278167909,0.0340040576362905,0.0423080052472263,0.0458496506956484,0.051598205245682,0.0254455344984308,NaN,NaN,NaN,NaN,NaN,NaN,NaN,NaN,NaN
NaN,NaN,0.00953569610525543,0.0231175686640199,0.0331017550731,0.0407523426450401,0.0501686591354276,0.0477009555470431,0.0297616558382288,NaN,NaN,NaN,NaN,NaN,NaN,NaN,NaN,NaN
NaN,NaN,0.0119135116498607,0.0229370783490594,0.0302399684393701,0.0436529281772285,0.0465028430965807,0.0504423407983268,0.029735634685494,NaN,NaN,NaN,NaN,NaN,NaN,NaN,NaN,NaN
NaN,NaN,0.0104576868276733,0.0210251476091798,0.0329500426256952,0.0402017261124759,0.0497662346509363,0.0507604060840094,0.0290549682686105,NaN,NaN,NaN,NaN,NaN,NaN,NaN,NaN,NaN
NaN,NaN,0.00805949394513542,0.0250116738898214,0.0294898812377748,0.0437008167840152,0.0501543540206815,0.0484255617629969,0.0332155214855447,NaN,NaN,NaN,NaN,NaN,NaN,NaN,NaN,NaN
NaN,NaN,0.0119405200045245,0.0206156636995729,0.0331245538497266,0.0440256993509441,0.0476477924433614,0.0545678949129069,0.0306428732583299,NaN,NaN,NaN,NaN,NaN,NaN,NaN,NaN,NaN
NaN,NaN,0.00880039830614502,0.0230249020678457,0.0323250692987737,0.0415074217356353,0.0528393011239435,0.0513124568533385,0.0342305699596182,NaN,NaN,NaN,NaN,NaN,NaN,NaN,NaN,NaN
NaN,NaN,0.0118805800836223,0.0228102508408483,0.0292152900898752,0.0458227980173736,0.0491899508682157,0.0534124402474845,0.0358226286480203,NaN,NaN,NaN,NaN,NaN,NaN,NaN,NaN,NaN
NaN,NaN,0.010405122981562,0.0208051692170557,0.0333026972317991,0.0424453753269821,0.0507143396583463,0.0547788022231543,0.0342437202343717,NaN,NaN,NaN,NaN,NaN,NaN,NaN,NaN,NaN
NaN,NaN,0.00839929629970963,0.0244347195548471,0.0302295190000829,0.0448593261874824,0.0519327517298128,0.0530396504473174,0.0395528177032247,NaN,NaN,NaN,NaN,NaN,NaN,NaN,NaN,NaN
NaN,NaN,0.0127102581124442,0.0201512690109666,0.0326478098237809,0.0450879658795505,0.0487146597054865,0.0580205684673274,0.0359251300105825,NaN,NaN,NaN,NaN,NaN,NaN,NaN,NaN,NaN
NaN,NaN,0.00940894310285027,0.0214900638384279,0.0329139259362516,0.0415248188413292,0.0537156011608507,0.0549484333168948,0.038695945055224,NaN,NaN,NaN,NaN,NaN,NaN,NaN,NaN,NaN
NaN,NaN,0.0117051934163707,0.0216317552549299,0.0283483405316171,0.0456419165469318,0.0499195117202665,0.0563304601382697,0.0408851864049211,NaN,NaN,NaN,NaN,NaN,NaN,NaN,NaN,NaN
NaN,NaN,0.0115900074403423,0.0192689340037759,0.0330804650390443,0.0421104531026989,0.0518603879657652,0.0578370047878707,0.0389996307203546,NaN,NaN,NaN,NaN,NaN,NaN,NaN,NaN,NaN
NaN,NaN,0.00941052635122711,0.0230764787120279,0.0292026427293119,0.0437344002760559,0.0525193731931116,0.0567400558065856,0.0440119901904836,NaN,NaN,NaN,NaN,NaN,NaN,NaN,NaN,NaN
NaN,NaN,0.0126670819978851,0.019222852162784,0.0311154116595086,0.0442444670237213,0.0495572644916441,0.0617891280126059,0.040334420860745,NaN,NaN,NaN,NaN,NaN,NaN,NaN,NaN,NaN
NaN,NaN,0.00983196844269211,0.0205080959422048,0.031056328555375,0.0405120427943378,0.0540303509381677,0.0576066328358138,0.0427315334090963,NaN,NaN,NaN,NaN,NaN,NaN,NaN,NaN,NaN
NaN,NaN,0.0107411441664832,0.0201722610217985,0.0269293215775785,0.0449528868533283,0.0514021586326028,0.0583054972958053,0.0445400128373876,NaN,NaN,NaN,NaN,NaN,NaN,NaN,NaN,NaN
NaN,NaN,0.0111669634740489,0.0173255618137773,0.0312395569587049,0.0418931755460411,0.05270008702549,0.0606326116394484,0.0423519077012315,NaN,NaN,NaN,NaN,NaN,NaN,NaN,NaN,NaN
NaN,NaN,0.00879922483970101,0.0207834880275186,0.0271960337364969,0.043436190787664,0.0542768347707655,0.0593792190920794,0.0467502275714651,NaN,NaN,NaN,NaN,NaN,NaN,NaN,NaN,NaN
NaN,NaN,0.0119614747624534,0.0169370699150022,0.0287196960950193,0.0447216580845028,0.0505120377686884,0.0628615273308242,0.0436955640325323,NaN,NaN,NaN,NaN,NaN,NaN,NaN,NaN,NaN
NaN,NaN,0.00750504036356384,0.0174332413298544,0.0287458848858175,0.040966937992683,0.054711576148596,0.0599867953133071,0.0462961333105341,NaN,NaN,NaN,NaN,NaN,NaN,NaN,NaN,NaN
NaN,NaN,0.00875850741673882,0.0176555294019636,0.0254501391852197,0.0450683522261291,0.0522260810879137,0.060227951980778,0.0488159755477682,NaN,NaN,NaN,NaN,NaN,NaN,NaN,NaN,NaN
NaN,NaN,0.00759627272297318,0.0140105563623365,0.0295019698047933,0.0426940757073074,0.0524593401399519,0.0637642024230445,0.0465757163474336,NaN,NaN,NaN,NaN,NaN,NaN,NaN,NaN,NaN
NaN,NaN,0.00498191987086708,0.0180297720653471,0.0260220830047426,0.0424183297194152,0.0542127597776319,0.061160429395386,0.0501326421508566,NaN,NaN,NaN,NaN,NaN,NaN,NaN,NaN,NaN
NaN,NaN,0.00712614108730728,0.0144044685584959,0.0266480435335931,0.0434729780293613,0.0492763030973341,0.0644866852235282,0.0482144156703725,NaN,NaN,NaN,NaN,NaN,NaN,NaN,NaN,NaN
NaN,NaN,0.00221138422299797,0.0148612822813448,0.0269910310113725,0.0386044892705589,0.0537795085159208,0.0615841625403846,0.0495206142077222,NaN,NaN,NaN,NaN,NaN,NaN,NaN,NaN,NaN
NaN,NaN,0.00407710273672516,0.0151249583286699,0.0234381471479234,0.0428600746430069,0.051777220859852,0.0625965474318946,0.0525767306098714,NaN,NaN,NaN,NaN,NaN,NaN,NaN,NaN,NaN
NaN,NaN,0.00430021037270004,0.0128719958884176,0.0280633930766877,0.0403827007151752,0.0524816360023882,0.0665089776884997,0.0491064364323393,NaN,NaN,NaN,NaN,NaN,NaN,NaN,NaN,NaN
NaN,NaN,0.00264623735953743,0.0165047313494142,0.0246881124282178,0.0406948986686378,0.0557466666844751,0.0636300174664939,0.0531785326311365,NaN,NaN,NaN,NaN,NaN,NaN,NaN,NaN,NaN
NaN,NaN,0.00495176364590103,0.013880990765756,0.0243844267630872,0.0419178555942684,0.051270991161194,0.0667375615012133,0.0514155948767439,NaN,NaN,NaN,NaN,NaN,NaN,NaN,NaN,NaN
NaN,NaN,0.00182546277452881,0.0132866765779909,0.0260982838177976,0.0388490545786529,0.0565685216036703,0.0652340529632056,0.0523330779979005,NaN,NaN,NaN,NaN,NaN,NaN,NaN,NaN,NaN
NaN,NaN,0.00259985749532158,0.0139449353737291,0.0226344157660302,0.0423537518120914,0.054260890528288,0.0655298410129035,0.0564791584620252,NaN,NaN,NaN,NaN,NaN,NaN,NaN,NaN,NaN
NaN,NaN,0.00389160190631325,0.0113553184492048,0.0258751203024682,0.0403172846175342,0.0543498877135183,0.0686047515046084,0.0522452356526628,NaN,NaN,NaN,NaN,NaN,NaN,NaN,NaN,NaN
NaN,NaN,-0.000723976894126585,0.0132274444622453,0.0227872644269761,0.0399343992806583,0.0559069286731149,0.064443546361872,0.0568135032663122,NaN,NaN,NaN,NaN,NaN,NaN,NaN,NaN,NaN
NaN,NaN,0.00157473211099083,0.010935776255792,0.0219194580519494,0.042148860845676,0.051766324385729,0.0671580908965552,0.0541463257977739,NaN,NaN,NaN,NaN,NaN,NaN,NaN,NaN,NaN
NaN,NaN,-0.000857789321647337,0.00941289620823227,0.0245903235578832,0.0382221441007763,0.0545998733189966,0.0663016280304873,0.0562510961899534,NaN,NaN,NaN,NaN,NaN,NaN,NaN,NaN,NaN
NaN,NaN,-0.00116799424480026,0.0111656080407556,0.0216277119422254,0.041491179469934,0.0535622123328115,0.0667536733817542,0.0594876470277086,NaN,NaN,NaN,NaN,NaN,NaN,NaN,NaN,NaN
NaN,NaN,3.00591151850913e-05,0.00835506277508102,0.0239507098400888,0.0386963735557705,0.0521283853498365,0.0700781783234561,0.0570463152835146,NaN,NaN,NaN,NaN,NaN,NaN,NaN,NaN,NaN
NaN,NaN,-0.00411667327474182,0.0110371600312646,0.0214567397439775,0.0377211298085361,0.0547058764544393,0.065828944570967,0.0608100505778566,NaN,NaN,NaN,NaN,NaN,NaN,NaN,NaN,NaN
NaN,NaN,-0.00129009063433235,0.00846432553953491,0.0203516323769387,0.0408201801813751,0.0494237873402502,0.0687982803356135,0.0593029843876138,NaN,NaN,NaN,NaN,NaN,NaN,NaN,NaN,NaN
NaN,NaN,-0.00250954578708236,0.00686325164861046,0.0236963097656068,0.0363596479631572,0.0541964802590276,0.0686384281289065,0.0600804524729028,NaN,NaN,NaN,NaN,NaN,NaN,NaN,NaN,NaN
NaN,NaN,-0.00266623149703567,0.00935483755893074,0.0194089290404615,0.0384508396721988,0.0535984221545126,0.0690730018686736,0.0640228899428621,NaN,NaN,NaN,NaN,NaN,NaN,NaN,NaN,NaN
NaN,NaN,-0.0013013410110337,0.00680025698966347,0.0211721089387235,0.0360352869368702,0.0513663399663831,0.0708666732680285,0.0605539927491918,NaN,NaN,NaN,NaN,NaN,NaN,NaN,NaN,NaN
NaN,NaN,-0.00529922942708557,0.00816429065889679,0.0177803066277799,0.0344462643600612,0.0543098594692613,0.0676670959364856,0.0637409227201715,NaN,NaN,NaN,NaN,NaN,NaN,NaN,NaN,NaN
NaN,NaN,-0.00190755750130241,0.00523289697594009,0.0171447721028623,0.0385759349204212,0.0498572807458307,0.0704107722413028,0.0632712939986959,NaN,NaN,NaN,NaN,NaN,NaN,NaN,NaN,NaN
NaN,NaN,-0.0032680521447522,0.00389125230140053,0.0199246582293805,0.0329063969887405,0.0541431713548566,0.0703751212131465,0.0627387823769823,NaN,NaN,NaN,NaN,NaN,NaN,NaN,NaN,NaN
NaN,NaN,-0.00453437144945686,0.00621579619473778,0.0155734260285196,0.0356991539932399,0.052751998945799,0.069144676454016,0.0667858446249738,NaN,NaN,NaN,NaN,NaN,NaN,NaN,NaN,NaN
NaN,NaN,-0.00400923590253418,0.00249372827238403,0.0175895717644986,0.0336635622419029,0.0502145360854532,0.0718496842455352,0.0622752817580476,NaN,NaN,NaN,NaN,NaN,NaN,NaN,NaN,NaN
NaN,NaN,-0.00829868416379516,0.00373480873531662,0.0156223763430413,0.0325585852600246,0.0525802816894914,0.0680610081326449,0.0654930757591501,NaN,NaN,NaN,NaN,NaN,NaN,NaN,NaN,NaN
NaN,NaN,-0.00551894704888885,0.000685490987962112,0.0137561735415754,0.0360838088430076,0.0490705366876985,0.0708516976010287,0.0661101700970903,NaN,NaN,NaN,NaN,NaN,NaN,NaN,NaN,NaN
NaN,NaN,-0.00648906852196281,0.000490323029225692,0.0174044807160196,0.0301552887297779,0.051791786744919,0.0706151230406249,0.065006552846171,NaN,NaN,NaN,NaN,NaN,NaN,NaN,NaN,NaN
NaN,NaN,-0.00890683780501907,0.00306481527513824,0.0128078263902959,0.032980194989553,0.0506548095193769,0.0687785362970317,0.0702398034045473,NaN,NaN,NaN,NaN,NaN,NaN,NaN,NaN,NaN
NaN,NaN,-0.00620650525282448,-0.000508427299791947,0.0161007967496213,0.0325003403462082,0.0478798966554071,0.0723976371955359,0.0660618530819193,NaN,NaN,NaN,NaN,NaN,NaN,NaN,NaN,NaN
NaN,NaN,-0.00911141212175911,0.000566300324862823,0.014888028492957,0.0311403113640457,0.0514589134302999,0.0698209842812503,0.07029488182161,NaN,NaN,NaN,NaN,NaN,NaN,NaN,NaN,NaN
NaN,NaN,-0.00672893996428077,7.73000938352197e-05,0.012226345827609,0.033588199619165,0.0481671165374185,0.0725964000594104,0.0711041638860479,NaN,NaN,NaN,NaN,NaN,NaN,NaN,NaN,NaN
NaN,NaN,-0.00810342307280128,-0.00116063249879517,0.0156072889173326,0.0292228858209758,0.0501236948815252,0.0729151731502498,0.069102025241591,NaN,NaN,NaN,NaN,NaN,NaN,NaN,NaN,NaN
NaN,NaN,-0.0114952626366479,0.000716373644536361,0.0101194706464109,0.0298490884936958,0.049257006093588,0.0705444542836631,0.0744766691932455,NaN,NaN,NaN,NaN,NaN,NaN,NaN,NaN,NaN
NaN,NaN,-0.00782650361846512,-0.00331442771130241,0.0121399377191362,0.0317531961239486,0.0469688769129182,0.0742157464992488,0.0697097504744306,NaN,NaN,NaN,NaN,NaN,NaN,NaN,NaN,NaN
NaN,NaN,-0.0104032124121053,-0.0021831315534655,0.010808258196145,0.0277105297185093,0.0512432936278249,0.0709084523987258,0.0728986175963655,NaN,NaN,NaN,NaN,NaN,NaN,NaN,NaN,NaN
NaN,NaN,-0.00925027231763428,-0.00287514147930779,0.0080100436413583,0.0310193325616031,0.0485192682293321,0.0731670586537803,0.0741562197217718,NaN,NaN,NaN,NaN,NaN,NaN,NaN,NaN,NaN
NaN,NaN,-0.0095917137999398,-0.004082005150849,0.0111373689675626,0.0258314374126106,0.0499439868775274,0.0734440712403739,0.0715201856801286,NaN,NaN,NaN,NaN,NaN,NaN,NaN,NaN,NaN
NaN,NaN,-0.0126820097405774,-0.00270927292876877,0.0075316977405843,0.0275463189221531,0.0492760609534647,0.070653679795214,0.0760718571254984,NaN,NaN,NaN,NaN,NaN,NaN,NaN,NaN,NaN
NaN,NaN,-0.00873066882680481,-0.00471997974091209,0.00903909920695393,0.0295859339870124,0.0460439245847131,0.0745814023684943,0.0719361329684034,NaN,NaN,NaN,NaN,NaN,NaN,NaN,NaN,NaN
NaN,NaN,-0.0116372520763737,-0.00484168497496285,0.00809207453373043,0.0245676699317604,0.0494226511267091,0.0718366271030391,0.0747680800268427,NaN,NaN,NaN,NaN,NaN,NaN,NaN,NaN,NaN
NaN,NaN,-0.0112787487645013,-0.00474760276847519,0.00536566494944661,0.0278929758108764,0.0458974089172746,0.0728303110372508,0.0758350963005796,NaN,NaN,NaN,NaN,NaN,NaN,NaN,NaN,NaN
NaN,NaN,-0.0119385908086163,-0.00753421304398216,0.00874096422436802,0.0235000203586727,0.0471945177462961,0.0737122362625087,0.0736022318014875,NaN,NaN,NaN,NaN,NaN,NaN,NaN,NaN,NaN
NaN,NaN,-0.0160202982563836,-0.00605452773743309,0.00496130331400006,0.0252170066572338,0.0463011745062734,0.0705526499223197,0.0774779865751043,NaN,NaN,NaN,NaN,NaN,NaN,NaN,NaN,NaN
NaN,NaN,-0.0108850414593083,-0.00890929219895042,0.00500667734983532,0.025181374255529,0.042462095215645,0.0743449395667994,0.0742121363291517,NaN,NaN,NaN,NaN,NaN,NaN,NaN,NaN,NaN
NaN,NaN,-0.0145133438248498,-0.00770399314933456,0.00375136627796261,0.0205754812098652,0.0450970489231016,0.0715267015766585,0.0772336634108797,NaN,NaN,NaN,NaN,NaN,NaN,NaN,NaN,NaN
NaN,NaN,-0.013740085317598,-0.00732928482466377,0.00141130655053227,0.0231478127874046,0.0418781559613611,0.0729857487749541,0.0783460537204519,NaN,NaN,NaN,NaN,NaN,NaN,NaN,NaN,NaN
NaN,NaN,-0.0139380286176068,-0.011074524052674,0.00478669895771115,0.0195859137214332,0.0424996088889505,0.0738512640964473,0.0749090077588335,NaN,NaN,NaN,NaN,NaN,NaN,NaN,NaN,NaN
NaN,NaN,-0.0170687253315312,-0.00881718439632095,0.000567658683091092,0.0207810427285343,0.0432722713497545,0.0698170727264369,0.0792968595633283,NaN,NaN,NaN,NaN,NaN,NaN,NaN,NaN,NaN
NaN,NaN,-0.012709688647495,-0.0110517811554018,-0.00029368431326778,0.021050455722919,0.0391307729926969,0.0744364326965297,0.0763354214141145,NaN,NaN,NaN,NaN,NaN,NaN,NaN,NaN,NaN
NaN,NaN,-0.0160847271520955,-0.0114523988740984,-0.00111965567824276,0.0154715354777485,0.0429892237928774,0.0701505979668582,0.0779204579303041,NaN,NaN,NaN,NaN,NaN,NaN,NaN,NaN,NaN
NaN,NaN,-0.016888886942373,-0.0112916153448168,-0.00282907963749797,0.0199098649657875,0.0398674864021207,0.0710489889752353,0.079365516663529,NaN,NaN,NaN,NaN,NaN,NaN,NaN,NaN,NaN
NaN,NaN,-0.0164629372496468,-0.0150993463175837,0.000726672699480938,0.0177012893594413,0.0400702353266145,0.0725507838797057,0.0754341619322076,NaN,NaN,NaN,NaN,NaN,NaN,NaN,NaN,NaN
NaN,NaN,-0.0192003736932141,-0.0120321285503451,-0.00309690938350589,0.0185605834461361,0.0418050098863508,0.068705036319443,0.0801008144626394,NaN,NaN,NaN,NaN,NaN,NaN,NaN,NaN,NaN
NaN,NaN,-0.0154686945218903,-0.0142892819421832,-0.00379938737508686,0.0188931959904342,0.037849422141638,0.0721192089986289,0.0784122148761526,NaN,NaN,NaN,NaN,NaN,NaN,NaN,NaN,NaN
NaN,NaN,-0.0185626784999234,-0.0151805576460902,-0.00258663774487407,0.0137432056702285,0.040346372469988,0.0685783205699408,0.0793019445845857,NaN,NaN,NaN,NaN,NaN,NaN,NaN,NaN,NaN
NaN,NaN,-0.0201694148321015,-0.0151192393677775,-0.00527747080680759,0.0176756221092849,0.0370776537505056,0.0688170185458148,0.0813575411448255,NaN,NaN,NaN,NaN,NaN,NaN,NaN,NaN,NaN
NaN,NaN,-0.0187136272628171,-0.0173054073529784,-0.00214493007418544,0.0139836917854457,0.0363313663450147,0.0713594546687091,0.0776999952504411,NaN,NaN,NaN,NaN,NaN,NaN,NaN,NaN,NaN
NaN,NaN,-0.0213919060964448,-0.0145488415437285,-0.00599341572281749,0.0126106242872387,0.0376374158707525,0.0674260882806266,0.0819873759755865,NaN,NaN,NaN,NaN,NaN,NaN,NaN,NaN,NaN
NaN,NaN,-0.0180845188636643,-0.0157734562235419,-0.00789053843376071,0.0136827069557815,0.0337708811906244,0.0706104105483973,0.0799065778264776,NaN,NaN,NaN,NaN,NaN,NaN,NaN,NaN,NaN
NaN,NaN,-0.0203217792053086,-0.0169088129478041,-0.00476902456042202,0.00884897515546375,0.0358833443072702,0.0686135618161643,0.0805483894655481,NaN,NaN,NaN,NaN,NaN,NaN,NaN,NaN,NaN
NaN,NaN,-0.0216820875842435,-0.0164224576728884,-0.00788169086930187,0.0131826053596645,0.034859448268738,0.068288437105366,0.082193179638125,NaN,NaN,NaN,NaN,NaN,NaN,NaN,NaN,NaN
NaN,NaN,-0.0194584618050915,-0.0186752152221743,-0.00532958761808307,0.0102151881195217,0.0332794967738058,0.0713955341052497,0.0790210018167272,NaN,NaN,NaN,NaN,NaN,NaN,NaN,NaN,NaN
NaN,NaN,-0.0223828519422871,-0.0154179890232626,-0.00990390882846744,0.00859971598159367,0.0356693263796236,0.0674166632961715,0.0832772577414289,NaN,NaN,NaN,NaN,NaN,NaN,NaN,NaN,NaN
NaN,NaN,-0.0187389219839436,-0.0176002268271986,-0.0114054988419715,0.0101145494021087,0.0315037440207864,0.0702380305301631,0.0809739852556959,NaN,NaN,NaN,NaN,NaN,NaN,NaN,NaN,NaN
NaN,NaN,-0.0208624119598729,-0.020161922700936,-0.00792427093741329,0.00687987983595425,0.0335131656077768,0.0675372881960357,0.0804085606941953,NaN,NaN,NaN,NaN,NaN,NaN,NaN,NaN,NaN
NaN,NaN,-0.023596588774429,-0.0187298093514983,-0.0124232108986083,0.00955841943990284,0.0316888350692655,0.0658908961486304,0.0825678320834413,NaN,NaN,NaN,NaN,NaN,NaN,NaN,NaN,NaN
NaN,NaN,-0.0205434712309701,-0.0224408504145686,-0.0110658641254607,0.00588742524754101,0.029385469451275,0.0690085357200587,0.0790689649293199,NaN,NaN,NaN,NaN,NaN,NaN,NaN,NaN,NaN
NaN,NaN,-0.0245852249402863,-0.0194203291612212,-0.0145393247997466,0.00411156073581272,0.0313008274582292,0.0649558482837165,0.0823059069225565,NaN,NaN,NaN,NaN,NaN,NaN,NaN,NaN,NaN
NaN,NaN,-0.0205587262947423,-0.0220091451483313,-0.0151345330571833,0.00626192868124538,0.0264098565724756,0.0667735850583995,0.0816111961612478,NaN,NaN,NaN,NaN,NaN,NaN,NaN,NaN,NaN
NaN,NaN,-0.0238468724031312,-0.023613366909558,-0.0121115903651419,0.00277406975995594,0.0287423353341486,0.0644966131221736,0.0805575723061338,NaN,NaN,NaN,NaN,NaN,NaN,NaN,NaN,NaN
NaN,NaN,-0.0267102981645924,-0.0212812793033663,-0.0160447332358065,0.00428517789017254,0.0270997803357507,0.0628429008793319,0.0833083452889696,NaN,NaN,NaN,NaN,NaN,NaN,NaN,NaN,NaN
NaN,NaN,-0.0240679125029904,-0.0250159573333804,-0.0149561102783385,0.00113492340218121,0.0239440124181177,0.0665848245989764,0.0786325285444036,NaN,NaN,NaN,NaN,NaN,NaN,NaN,NaN,NaN
NaN,NaN,-0.0276002886433465,-0.0218488459067885,-0.0172670009827319,-0.00161955624450153,0.0259914692190553,0.062099034912535,0.0824231045553461,NaN,NaN,NaN,NaN,NaN,NaN,NaN,NaN,NaN
NaN,NaN,-0.0240994284589154,-0.0239022259193007,-0.0188100534772578,0.00131301090489918,0.0202367525247003,0.0640601581108058,0.081791109056212,NaN,NaN,NaN,NaN,NaN,NaN,NaN,NaN,NaN
NaN,NaN,-0.026543051256643,-0.0251566801744048,-0.0156508582925502,-0.00265783190358585,0.0223469059613611,0.0632909415435279,0.0798846917459741,NaN,NaN,NaN,NaN,NaN,NaN,NaN,NaN,NaN
NaN,NaN,-0.0285628477771146,-0.0236361656861845,-0.0203958723044101,-0.00159642219174808,0.0222489122000601,0.0615428490709746,0.0824118169257417,NaN,NaN,NaN,NaN,NaN,NaN,NaN,NaN,NaN
NaN,NaN,-0.0245746637422902,-0.0260317136126105,-0.0189634609317485,-0.00362260758508152,0.0192064862397577,0.0644211573671782,0.0785314614186063,NaN,NaN,NaN,NaN,NaN,NaN,NaN,NaN,NaN
NaN,NaN,-0.0273928644795281,-0.0247315314190928,-0.0205294984674159,-0.00527099266279644,0.0217002700713541,0.060632369495579,0.0822410123655573,NaN,NaN,NaN,NaN,NaN,NaN,NaN,NaN,NaN
NaN,NaN,-0.0241704138655526,-0.0256582905130927,-0.0227798904573622,-0.00248976543177074,0.0175758707967664,0.0614627739560092,0.0810062462696806,NaN,NaN,NaN,NaN,NaN,NaN,NaN,NaN,NaN
NaN,NaN,-0.0261795746822221,-0.0278466191666666,-0.0194989714121524,-0.00640921786058849,0.01846697886261,0.0610542027425254,0.0791810216614977,NaN,NaN,NaN,NaN,NaN,NaN,NaN,NaN,NaN
NaN,NaN,-0.0280563386816842,-0.0251699608343188,-0.0239469494020644,-0.00622239455212063,0.0195343117860223,0.0582472337555373,0.0826486522564664,NaN,NaN,NaN,NaN,NaN,NaN,NaN,NaN,NaN
NaN,NaN,-0.02445521230887,-0.0281175595300738,-0.02256255702135,-0.00581110387671894,0.0161232310977842,0.0612194752466166,0.0785133378813043,NaN,NaN,NaN,NaN,NaN,NaN,NaN,NaN,NaN
NaN,NaN,-0.0285479093630177,-0.0271828655677382,-0.0220679874813262,-0.00916528075564808,0.0183695811477567,0.0570332361530745,0.0818320686230436,NaN,NaN,NaN,NaN,NaN,NaN,NaN,NaN,NaN
NaN,NaN,-0.0264210479993684,-0.0272424702125136,-0.0254137638306323,-0.00609633072842068,0.0137997675386335,0.0581195866834605,0.0803754242369905,NaN,NaN,NaN,NaN,NaN,NaN,NaN,NaN,NaN
NaN,NaN,-0.0276663752932412,-0.0290241089242045,-0.0216582241749469,-0.0101723384820313,0.0147409435060884,0.0581500781845534,0.0789921866962686,NaN,NaN,NaN,NaN,NaN,NaN,NaN,NaN,NaN
NaN,NaN,-0.0297178367812497,-0.0245131362753455,-0.0254636268412772,-0.00998994826901859,0.0157651375678446,0.056843171842047,0.0821485134074464,NaN,NaN,NaN,NaN,NaN,NaN,NaN,NaN,NaN
NaN,NaN,-0.0250364879805905,-0.0285071876423899,-0.0243128287887278,-0.0095379774235577,0.0123424153474237,0.0593381291400874,0.0794032166013494,NaN,NaN,NaN,NaN,NaN,NaN,NaN,NaN,NaN
NaN,NaN,-0.0285668524641854,-0.026248525507981,-0.0244713026380244,-0.013440312143454,0.0144959311631586,0.0553269228112185,0.0811642544576898,NaN,NaN,NaN,NaN,NaN,NaN,NaN,NaN,NaN
NaN,NaN,-0.0272512103159291,-0.027102306165034,-0.0274930904900733,-0.0109527495466561,0.00932044123085992,0.0561826033663237,0.0803018683800474,NaN,NaN,NaN,NaN,NaN,NaN,NaN,NaN,NaN
NaN,NaN,-0.0271447601456506,-0.0296020877140108,-0.0246072757339183,-0.0159333509169907,0.0105335261371996,0.056528273053118,0.0772055002162233,NaN,NaN,NaN,NaN,NaN,NaN,NaN,NaN,NaN
NaN,NaN,-0.0295591394145352,-0.0266525518673006,-0.0281429115032855,-0.015085027810225,0.0107367779758836,0.0542647121619666,0.0802224824437872,NaN,NaN,NaN,NaN,NaN,NaN,NaN,NaN,NaN
NaN,NaN,-0.0246862175602776,-0.030966419406468,-0.0273511383032504,-0.0143538650833458,0.0065441127565767,0.0548062017332995,0.0776269236812368,NaN,NaN,NaN,NaN,NaN,NaN,NaN,NaN,NaN
NaN,NaN,-0.0292140098948342,-0.0296087932365481,-0.0272132094299498,-0.0176362928711266,0.00847209949764268,0.0510200960707152,0.077529656351544,NaN,NaN,NaN,NaN,NaN,NaN,NaN,NaN,NaN
NaN,NaN,-0.0271964299220902,-0.0306472179072443,-0.0307089473402205,-0.0147096116803975,0.00475753803524034,0.0506106680404628,0.0782438690075651,NaN,NaN,NaN,NaN,NaN,NaN,NaN,NaN,NaN
NaN,NaN,-0.0277376400966508,-0.0335246880131308,-0.0266329954659644,-0.0190525364838929,0.00543721725019471,0.0524291498732055,0.0746894764015451,NaN,NaN,NaN,NaN,NaN,NaN,NaN,NaN,NaN
NaN,NaN,-0.0306816066343648,-0.0306812856870238,-0.031046905676097,-0.0184293326698632,0.00582637970122353,0.0485359793674434,0.0785602765390649,NaN,NaN,NaN,NaN,NaN,NaN,NaN,NaN,NaN
NaN,NaN,-0.0274176376600129,-0.0343639959173743,-0.0303182388937178,-0.0179963980578274,0.000384512886133355,0.0498027084540809,0.0755324909696355,NaN,NaN,NaN,NaN,NaN,NaN,NaN,NaN,NaN
NaN,NaN,-0.0320366996068818,-0.0335718129354063,-0.030129031399459,-0.0224503923915715,0.00177823711904542,0.045938110924908,0.0757564926752821,NaN,NaN,NaN,NaN,NaN,NaN,NaN,NaN,NaN
NaN,NaN,-0.0299449118513924,-0.0331987064855639,-0.0333460617160502,-0.0197868657075257,-3.83075627420719e-05,0.0465463390719378,0.076673342497088,NaN,NaN,NaN,NaN,NaN,NaN,NaN,NaN,NaN
NaN,NaN,-0.030074365689264,-0.0366661694424693,-0.0289417627548877,-0.0231573779844136,-0.00100237543908103,0.0479956260096515,0.0735098259756342,NaN,NaN,NaN,NaN,NaN,NaN,NaN,NaN,NaN
NaN,NaN,-0.0317671562273366,-0.0330759395437781,-0.0325370404219332,-0.0223499213122219,0.000710736557569665,0.0432657739293063,0.0773353638360277,NaN,NaN,NaN,NaN,NaN,NaN,NaN,NaN,NaN
NaN,NaN,-0.0284168536503178,-0.0361042094009463,-0.032423717091054,-0.0218445856832356,-0.00492247979370101,0.0457848524820292,0.0740617463598028,NaN,NaN,NaN,NaN,NaN,NaN,NaN,NaN,NaN
NaN,NaN,-0.0320033210058076,-0.0351051237958018,-0.0315833474790755,-0.0266655583642811,-0.00250938574996932,0.0430708667408908,0.0732723945984617,NaN,NaN,NaN,NaN,NaN,NaN,NaN,NaN,NaN
NaN,NaN,-0.0299983697671754,-0.034729092993075,-0.035194513509244,-0.0244964708350987,-0.00486335943666442,0.0433418629836524,0.0746021369704977,NaN,NaN,NaN,NaN,NaN,NaN,NaN,NaN,NaN
NaN,NaN,-0.029107876374231,-0.0367842611449305,-0.0320262658691111,-0.027197436686644,-0.00499875511256202,0.0438246047269786,0.0714624809334055,NaN,NaN,NaN,NaN,NaN,NaN,NaN,NaN,NaN
NaN,NaN,-0.0306608195144994,-0.0333907265739981,-0.0356423306560221,-0.0275696304403633,-0.00391339178410514,0.0398397175740683,0.0748559223720804,NaN,NaN,NaN,NaN,NaN,NaN,NaN,NaN,NaN
NaN,NaN,-0.0285051989097459,-0.036663207836682,-0.0364606838023368,-0.0255738992952198,-0.00850397388664229,0.0414742631983245,0.0716631995746866,NaN,NaN,NaN,NaN,NaN,NaN,NaN,NaN,NaN
NaN,NaN,-0.0305630492706162,-0.0371229645388667,-0.0347932997440997,-0.0298972476981968,-0.00613543431488021,0.0402355296682799,0.0706715831765905,NaN,NaN,NaN,NaN,NaN,NaN,NaN,NaN,NaN
NaN,NaN,-0.0303942377407414,-0.0353480872290675,-0.038389322469205,-0.0264714334868283,-0.0090544786604975,0.0394353373121703,0.0725406917044893,NaN,NaN,NaN,NaN,NaN,NaN,NaN,NaN,NaN
NaN,NaN,-0.0275395664114815,-0.0378231514769141,-0.0350503075217906,-0.0289834339879841,-0.00882816727486594,0.0398666514229262,0.0695882128784433,NaN,NaN,NaN,NaN,NaN,NaN,NaN,NaN,NaN
NaN,NaN,-0.0319123866696221,-0.0343577746825758,-0.0385294492637816,-0.0291955147646756,-0.00840467627373679,0.0357297351729358,0.0722265938529745,NaN,NaN,NaN,NaN,NaN,NaN,NaN,NaN,NaN
NaN,NaN,-0.0282119999368054,-0.0376477648096625,-0.0385218124186698,-0.0276767511628956,-0.0138562474700545,0.0375514021288836,0.0692919405410066,NaN,NaN,NaN,NaN,NaN,NaN,NaN,NaN,NaN
NaN,NaN,-0.0310471507449013,-0.0383487526851241,-0.0362665589248839,-0.0320702840350956,-0.0121495802256201,0.0361185996007407,0.0685665520140901,NaN,NaN,NaN,NaN,NaN,NaN,NaN,NaN,NaN
NaN,NaN,-0.0307926389117104,-0.0357535664516035,-0.0406352813636962,-0.0300462593101353,-0.0149256293031309,0.0330389021110022,0.0699502924690023,NaN,NaN,NaN,NaN,NaN,NaN,NaN,NaN,NaN
NaN,NaN,-0.0279907549459798,-0.0385776345210616,-0.0373290303444567,-0.0332288306914658,-0.0161599297377203,0.0346935456764186,0.0673442470142618,NaN,NaN,NaN,NaN,NaN,NaN,NaN,NaN,NaN
NaN,NaN,-0.0323321337540013,-0.0352435742097441,-0.0401884327923957,-0.0344195079766602,-0.0144964758607481,0.0304929455887759,0.069225593120791,NaN,NaN,NaN,NaN,NaN,NaN,NaN,NaN,NaN
NaN,NaN,-0.0279856512982709,-0.03851957587176,-0.0401351611411277,-0.0325882670246453,-0.0197751004549597,0.0323301097523654,0.0681242855498567,NaN,NaN,NaN,NaN,NaN,NaN,NaN,NaN,NaN
NaN,NaN,-0.0301681498725278,-0.0380971279519144,-0.0384287919199172,-0.0369961795173973,-0.0169227946850394,0.0306269070279086,0.0662694076308981,NaN,NaN,NaN,NaN,NaN,NaN,NaN,NaN,NaN
NaN,NaN,-0.029834494246946,-0.036085396684939,-0.0431046272909346,-0.034249280836472,-0.0178189132663344,0.0281370533775771,0.0681522811064497,NaN,NaN,NaN,NaN,NaN,NaN,NaN,NaN,NaN
NaN,NaN,-0.0289655144054753,-0.0389284451084677,-0.0404181341921988,-0.0369296458326668,-0.0211214389952753,0.0298003396164859,0.0635384904453531,NaN,NaN,NaN,NaN,NaN,NaN,NaN,NaN,NaN
NaN,NaN,-0.0328200909037453,-0.0367658023315016,-0.0426131124889556,-0.0385243494771809,-0.0194609280976389,0.0250904550921405,0.0649093600222841,NaN,NaN,NaN,NaN,NaN,NaN,NaN,NaN,NaN
NaN,NaN,-0.029222931965099,-0.0401160676556174,-0.0443209345733824,-0.0357301209830136,-0.0243695568594073,0.0260539082955802,0.0631983714411035,NaN,NaN,NaN,NaN,NaN,NaN,NaN,NaN,NaN
NaN,NaN,-0.0316034110922677,-0.0385180671291891,-0.0410907539820376,-0.0409460303150505,-0.021397054598007,0.0244487924646819,0.0608414547750726,NaN,NaN,NaN,NaN,NaN,NaN,NaN,NaN,NaN
NaN,NaN,-0.031445123507486,-0.0374616493063513,-0.0467882502174082,-0.0387055289708466,-0.0232764076742266,0.0218741698336089,0.0628320263931528,NaN,NaN,NaN,NaN,NaN,NaN,NaN,NaN,NaN
NaN,NaN,-0.0300636368532044,-0.0397338714974467,-0.0435168865418139,-0.0388530877195687,-0.0263076205107306,0.0233826702606166,0.0586368466028944,NaN,NaN,NaN,NaN,NaN,NaN,NaN,NaN,NaN
NaN,NaN,-0.0325769039530618,-0.0386128571408335,-0.0446823436116877,-0.0408747841380925,-0.0252176750752066,0.0183270415436709,0.0615126775810495,NaN,NaN,NaN,NaN,NaN,NaN,NaN,NaN,NaN
NaN,NaN,-0.0294441769559247,-0.0392488014476839,-0.0454213108217421,-0.0375012543760628,-0.0292810727211569,0.0194721026491607,0.0605568239698187,NaN,NaN,NaN,NaN,NaN,NaN,NaN,NaN,NaN
NaN,NaN,-0.0305849353511197,-0.0390277799742762,-0.0427691835260096,-0.0430797834657521,-0.0274144601377581,0.0187933361303294,0.0578790853032842,NaN,NaN,NaN,NaN,NaN,NaN,NaN,NaN,NaN
NaN,NaN,-0.0322502891261441,-0.0360171121137682,-0.0476748693084422,-0.0409537602924199,-0.0290093872996901,0.0157829290401423,0.0604406694183126,NaN,NaN,NaN,NaN,NaN,NaN,NaN,NaN,NaN
NaN,NaN,-0.0293155426819188,-0.0385664586501662,-0.043956228653163,-0.0411598060988278,-0.0319751467856501,0.0175149841379607,0.0561764786252752,NaN,NaN,NaN,NaN,NaN,NaN,NaN,NaN,NaN
NaN,NaN,-0.0327265674908025,-0.0382072289066855,-0.0445052433108988,-0.0443319280408711,-0.0291244056376551,0.013078405536362,0.0585382940480486,NaN,NaN,NaN,NaN,NaN,NaN,NaN,NaN,NaN
NaN,NaN,-0.0301057140071255,-0.0366369817929808,-0.0465906980728808,-0.0409973648153633,-0.0338381830903624,0.0151614947390044,0.0576210530707613,NaN,NaN,NaN,NaN,NaN,NaN,NaN,NaN,NaN
NaN,NaN,-0.0303048680264813,-0.0389342751877848,-0.0440517450964156,-0.0463934291862339,-0.0314718600663279,0.0156276216875995,0.0552021662006155,NaN,NaN,NaN,NaN,NaN,NaN,NaN,NaN,NaN
NaN,NaN,-0.0313700402815205,-0.0346618701296393,-0.0493548448478881,-0.043362141843924,-0.0329674337359999,0.011958229370066,0.056863701553084,NaN,NaN,NaN,NaN,NaN,NaN,NaN,NaN,NaN
NaN,NaN,-0.0277472885985238,-0.0385800373333041,-0.0455170135295096,-0.0437865827940792,-0.0354211893233393,0.014416622943827,0.053498218418099,NaN,NaN,NaN,NaN,NaN,NaN,NaN,NaN,NaN
NaN,NaN,-0.0314017611284119,-0.0377890836971346,-0.0456168513095084,-0.0466614079438538,-0.0317615013870333,0.00920104888791684,0.0537675010273233,NaN,NaN,NaN,NaN,NaN,NaN,NaN,NaN,NaN
NaN,NaN,-0.0294325540501935,-0.0374071296828333,-0.0479443940615359,-0.0438323107324929,-0.0373282771858309,0.010658754981705,0.0538223000476137,NaN,NaN,NaN,NaN,NaN,NaN,NaN,NaN,NaN
NaN,NaN,-0.0289865064163071,-0.0388142835872713,-0.0446733284091654,-0.0475596499406189,-0.0366688635501002,0.010452895439812,0.0500119054922834,NaN,NaN,NaN,NaN,NaN,NaN,NaN,NaN,NaN
NaN,NaN,-0.0313899147052628,-0.0362832095997874,-0.0483270372545424,-0.0446755488180012,-0.0370332155677412,0.00531758276338223,0.0532091731438413,NaN,NaN,NaN,NaN,NaN,NaN,NaN,NaN,NaN
NaN,NaN,-0.0279528873700959,-0.0392995212750975,-0.0452382500564757,-0.0452673298083634,-0.0400357622953986,0.00770091173762921,0.0495229238877073,NaN,NaN,NaN,NaN,NaN,NaN,NaN,NaN,NaN
NaN,NaN,-0.0329035560328824,-0.0379329916613642,-0.0452747020220462,-0.049498421397099,-0.036738396093521,0.00312141237372998,0.0495450148591772,NaN,NaN,NaN,NaN,NaN,NaN,NaN,NaN,NaN
NaN,NaN,-0.0305013584632737,-0.0374063659983221,-0.0486266809796992,-0.0459701430760712,-0.0418358598205183,0.0046489490341628,0.0502400422701612,NaN,NaN,NaN,NaN,NaN,NaN,NaN,NaN,NaN
NaN,NaN,-0.0299272726018292,-0.0398049686627928,-0.0454886826967898,-0.0488817554675431,-0.0419188592883681,0.00411772263760213,0.0455043414840475,NaN,NaN,NaN,NaN,NaN,NaN,NaN,NaN,NaN
NaN,NaN,-0.0328446964461667,-0.0369365696387831,-0.0480815219974223,-0.049739280041346,-0.0420006852897738,-0.00052756535296794,0.0495788218686357,NaN,NaN,NaN,NaN,NaN,NaN,NaN,NaN,NaN
NaN,NaN,-0.0293538945455415,-0.0404520888405386,-0.047442783722848,-0.0489958052300305,-0.0451292958411311,0.00258660969848279,0.0451992960879579,NaN,NaN,NaN,NaN,NaN,NaN,NaN,NaN,NaN
NaN,NaN,-0.033810328944431,-0.0380019095318858,-0.0472448031699362,-0.0545722109042496,-0.043364942476425,-0.00178364010935184,0.0448895381996408,NaN,NaN,NaN,NaN,NaN,NaN,NaN,NaN,NaN
NaN,NaN,-0.0319278838772637,-0.0372751240211073,-0.0511742207503024,-0.0499557939134926,-0.0467353802475069,-0.00110826360469218,0.0458404371747747,NaN,NaN,NaN,NaN,NaN,NaN,NaN,NaN,NaN
NaN,NaN,-0.0295775237221581,-0.0412488353031222,-0.0465398851132098,-0.0532023099027962,-0.0471656885298823,-0.00122773366456386,0.0404517675051466,NaN,NaN,NaN,NaN,NaN,NaN,NaN,NaN,NaN
NaN,NaN,-0.0320991540987355,-0.0375573520141188,-0.0494257930016223,-0.0536247950755448,-0.0455533642622565,-0.00607899295573588,0.0447420353302732,NaN,NaN,NaN,NaN,NaN,NaN,NaN,NaN,NaN
NaN,NaN,-0.0293409491617543,-0.0398351435142104,-0.0480504530763331,-0.0520545293353886,-0.0497607630046938,-0.00291089432721492,0.0399316424736753,NaN,NaN,NaN,NaN,NaN,NaN,NaN,NaN,NaN
NaN,NaN,-0.0324243160624368,-0.0389136929588858,-0.0479275930022898,-0.055876807566771,-0.0471144471618269,-0.00715083348040935,0.0392110223183408,NaN,NaN,NaN,NaN,NaN,NaN,NaN,NaN,NaN
NaN,NaN,-0.0314337799985272,-0.0373190079408232,-0.0515170405900183,-0.0512257267497868,-0.051243856951866,-0.00624920146947261,0.03971676772926,NaN,NaN,NaN,NaN,NaN,NaN,NaN,NaN,NaN
NaN,NaN,-0.0287718179364068,-0.0416629199462477,-0.0472064513063136,-0.054777027364859,-0.051051352575693,-0.00677578987961169,0.0354384953388944,NaN,NaN,NaN,NaN,NaN,NaN,NaN,NaN,NaN
NaN,NaN,-0.0324360134739739,-0.037554558046395,-0.049983394453496,-0.0553591039739937,-0.0493562523576353,-0.0112830744910752,0.0396086411783472,NaN,NaN,NaN,NaN,NaN,NaN,NaN,NaN,NaN
NaN,NaN,-0.0299535731513364,-0.0402237471716944,-0.0490567098653022,-0.0535380889438481,-0.054347787454996,-0.00867822112923022,0.0358450735220686,NaN,NaN,NaN,NaN,NaN,NaN,NaN,NaN,NaN
NaN,NaN,-0.0321126582760674,-0.0395307127910201,-0.0475692945813838,-0.0578552533649296,-0.051871195838127,-0.0120628522563493,0.0344443643698469,NaN,NaN,NaN,NaN,NaN,NaN,NaN,NaN,NaN
NaN,NaN,-0.0316778610188824,-0.0373839024978224,-0.0513354513144198,-0.0537118178569168,-0.0549473915549849,-0.0127825038362062,0.0354197943815961,NaN,NaN,NaN,NaN,NaN,NaN,NaN,NaN,NaN
NaN,NaN,-0.0270379374463422,-0.0413086262124125,-0.0470027338063422,-0.0570228558741898,-0.0554701242896651,-0.0109092974889791,0.0319748321780935,NaN,NaN,NaN,NaN,NaN,NaN,NaN,NaN,NaN
NaN,NaN,-0.0318879301388127,-0.0362011600809637,-0.0496348749196234,-0.0580170240961403,-0.052310649708185,-0.0160026820230996,0.0354438597569242,NaN,NaN,NaN,NaN,NaN,NaN,NaN,NaN,NaN
NaN,NaN,-0.0277373420734269,-0.039977729000384,-0.0490733060335818,-0.0544582542740197,-0.0585612025412653,-0.0128236869204557,0.0312001953134313,NaN,NaN,NaN,NaN,NaN,NaN,NaN,NaN,NaN
NaN,NaN,-0.0306741188008649,-0.0382542234438006,-0.0466224934255782,-0.0590854187272877,-0.0552103597971533,-0.0164767997193849,0.0297732601175085,NaN,NaN,NaN,NaN,NaN,NaN,NaN,NaN,NaN
NaN,NaN,-0.0292963574368817,-0.0375819761829916,-0.0514580133652392,-0.0555152122639508,-0.0572160560938452,-0.017888461225084,0.0306707384297624,NaN,NaN,NaN,NaN,NaN,NaN,NaN,NaN,NaN
NaN,NaN,-0.0254469218392236,-0.0400724258797709,-0.0473208735978308,-0.058115837421307,-0.0585974496158694,-0.0155906649160897,0.0261158073553815,NaN,NaN,NaN,NaN,NaN,NaN,NaN,NaN,NaN
NaN,NaN,-0.0308654124576909,-0.0369634103553835,-0.0507008667385283,-0.0601706330441327,-0.0547159392687415,-0.0211241366196191,0.029316539526917,NaN,NaN,NaN,NaN,NaN,NaN,NaN,NaN,NaN
NaN,NaN,-0.0268407578308446,-0.0394686308281962,-0.0499463278150264,-0.0554459963702053,-0.0610110279473399,-0.018696383558563,0.0256905282149091,NaN,NaN,NaN,NaN,NaN,NaN,NaN,NaN,NaN
NaN,NaN,-0.0302606488306386,-0.0404304635303561,-0.0471995595192614,-0.0605423052572102,-0.0589431565555666,-0.0228347340453183,0.0234285319456831,NaN,NaN,NaN,NaN,NaN,NaN,NaN,NaN,NaN
NaN,NaN,-0.0287168699045045,-0.0378226671891753,-0.052126963744134,-0.0575386223160118,-0.0606828671249483,-0.0254304604459321,0.0243963251123205,NaN,NaN,NaN,NaN,NaN,NaN,NaN,NaN,NaN
NaN,NaN,-0.0262698570926053,-0.0414342430012766,-0.0483586649691764,-0.0597606275938839,-0.0631134886595343,-0.0231454232562101,0.0195497969398275,NaN,NaN,NaN,NaN,NaN,NaN,NaN,NaN,NaN
NaN,NaN,-0.0315036291916234,-0.0383259539084975,-0.0506876605844203,-0.0608182747625203,-0.0603078235241507,-0.0290544414747274,0.0219326416263357,NaN,NaN,NaN,NaN,NaN,NaN,NaN,NaN,NaN
NaN,NaN,-0.0293860996801717,-0.0400327329116408,-0.0511020059978667,-0.0574095410071701,-0.0662135076078509,-0.0274404594529187,0.018542161793448,NaN,NaN,NaN,NaN,NaN,NaN,NaN,NaN,NaN
NaN,NaN,-0.0310379120249612,-0.0408599708753172,-0.0477827164625827,-0.0624083031677098,-0.0632386770400141,-0.0298225590813672,0.0156562166521326,NaN,NaN,NaN,NaN,NaN,NaN,NaN,NaN,NaN
NaN,NaN,-0.030039180322395,-0.0367088612692896,-0.0521628010368052,-0.0599061746858448,-0.0650345091077422,-0.0324123995233094,0.0176814893493429,NaN,NaN,NaN,NaN,NaN,NaN,NaN,NaN,NaN
NaN,NaN,-0.0276623519797189,-0.039855446346337,-0.0493346910273734,-0.0607241925560326,-0.0671248812529181,-0.0296092489588773,0.0124894591281191,NaN,NaN,NaN,NaN,NaN,NaN,NaN,NaN,NaN
NaN,NaN,-0.031987861051069,-0.0366356779413763,-0.049829633096427,-0.0625900600813717,-0.0645816069397066,-0.0350905665982282,0.0152167627820745,NaN,NaN,NaN,NaN,NaN,NaN,NaN,NaN,NaN
NaN,NaN,-0.0290790240008694,-0.0382978652196471,-0.0513183336054984,-0.0583184187077374,-0.0690337758812044,-0.0333822974789655,0.0116422908613458,NaN,NaN,NaN,NaN,NaN,NaN,NaN,NaN,NaN
NaN,NaN,-0.0289642105538708,-0.0397366654651705,-0.0486336286461058,-0.0637816873155922,-0.065682840004835,-0.0349609078693902,0.00801842159125954,NaN,NaN,NaN,NaN,NaN,NaN,NaN,NaN,NaN
NaN,NaN,-0.0294786917705399,-0.0356734168308321,-0.0536420765614215,-0.0619404625855774,-0.0672903027686213,-0.0380384260643041,0.0113533759722486,NaN,NaN,NaN,NaN,NaN,NaN,NaN,NaN,NaN
NaN,NaN,-0.0253409559566838,-0.0393402945774142,-0.0501986789798442,-0.0609116305373997,-0.0699373636695479,-0.0358735481131589,0.00526478013489395,NaN,NaN,NaN,NaN,NaN,NaN,NaN,NaN,NaN
NaN,NaN,-0.0311519431609971,-0.03747211737209,-0.0501400242840949,-0.0633462195061535,-0.0666403327437971,-0.0420964220393216,0.00759945681784302,NaN,NaN,NaN,NaN,NaN,NaN,NaN,NaN,NaN
NaN,NaN,-0.0278847704369885,-0.0379923169093672,-0.0515878769850436,-0.0579265926741452,-0.0710589554461573,-0.040178363196901,0.00388938433025032,NaN,NaN,NaN,NaN,NaN,NaN,NaN,NaN,NaN
NaN,NaN,-0.0279803427595956,-0.040557738073403,-0.0492585833465758,-0.0644100692831368,-0.0682378862353896,-0.0408520260680234,0.00209101906511933,NaN,NaN,NaN,NaN,NaN,NaN,NaN,NaN,NaN
NaN,NaN,-0.0290468002397877,-0.0349139418976847,-0.0532120104229155,-0.0606227156483025,-0.0690338131341074,-0.0435851411748445,0.00531520193908364,NaN,NaN,NaN,NaN,NaN,NaN,NaN,NaN,NaN
NaN,NaN,-0.0250905233163697,-0.0392887551861349,-0.0499279993867579,-0.0594342176579327,-0.0731813464614485,-0.0409820573258912,0.000617722631432116,NaN,NaN,NaN,NaN,NaN,NaN,NaN,NaN,NaN
NaN,NaN,-0.0295306223173005,-0.0365844179468695,-0.0488159071004096,-0.0623868082426876,-0.0683432933243845,-0.0472397068369901,0.00169366097543389,NaN,NaN,NaN,NaN,NaN,NaN,NaN,NaN,NaN
NaN,NaN,-0.0262453074295384,-0.0361766662972514,-0.0509896698689166,-0.0580325026773304,-0.07301311235157,-0.0444954531121766,-0.000541792600415647,NaN,NaN,NaN,NaN,NaN,NaN,NaN,NaN,NaN
NaN,NaN,-0.025646932675348,-0.0378974896448199,-0.0478213104700747,-0.0632397507094235,-0.0710019771310423,-0.0454229013848817,-0.00341151410248131,NaN,NaN,NaN,NaN,NaN,NaN,NaN,NaN,NaN
NaN,NaN,-0.0275506118972165,-0.0326973569171969,-0.0518587428426448,-0.0604221273921818,-0.0712097738238905,-0.0491021843481576,-4.59750881418586e-05,NaN,NaN,NaN,NaN,NaN,NaN,NaN,NaN,NaN
NaN,NaN,-0.0244350771148068,-0.0374761593120638,-0.0486888560747805,-0.0607492451332898,-0.0760231096598242,-0.0470062987733399,-0.00481198111083359,NaN,NaN,NaN,NaN,NaN,NaN,NaN,NaN,NaN
NaN,NaN,-0.0283949116904599,-0.0348950919287745,-0.0475109751617614,-0.0638550569080204,-0.0706559535416697,-0.0516737149882829,-0.00558104866649956,NaN,NaN,NaN,NaN,NaN,NaN,NaN,NaN,NaN
NaN,NaN,-0.026007764293657,-0.034706201084191,-0.0519409972524348,-0.0605070640109867,-0.0753644410821532,-0.0498443366814172,-0.00684110948350281,NaN,NaN,NaN,NaN,NaN,NaN,NaN,NaN,NaN
NaN,NaN,-0.0260158295471532,-0.0364848036842886,-0.0483633029555979,-0.0643384505771488,-0.0738514703067873,-0.0506431879330194,-0.0108438035240397,NaN,NaN,NaN,NaN,NaN,NaN,NaN,NaN,NaN
NaN,NaN,-0.0283238704044682,-0.0328418609278742,-0.0524265888428393,-0.0628790867291779,-0.0736045766922568,-0.0542671875882661,-0.00716407352592796,NaN,NaN,NaN,NaN,NaN,NaN,NaN,NaN,NaN
NaN,NaN,-0.0247885512847764,-0.0374821384029929,-0.049943589726657,-0.0618402522765488,-0.0780131224843596,-0.0515981661010301,-0.0137862054398283,NaN,NaN,NaN,NaN,NaN,NaN,NaN,NaN,NaN
NaN,NaN,-0.0285328591902119,-0.034805368311936,-0.0486491631066504,-0.0662851755284161,-0.0721457716378306,-0.0559146413434064,-0.0136684862663969,NaN,NaN,NaN,NaN,NaN,NaN,NaN,NaN,NaN
NaN,NaN,-0.0249593185920579,-0.0346356813388411,-0.0527637648677531,-0.0614880819581837,-0.0771277886184786,-0.0555655071366346,-0.0133677435806021,NaN,NaN,NaN,NaN,NaN,NaN,NaN,NaN,NaN
NaN,NaN,-0.0246300401825768,-0.0361967642384116,-0.0480283993577662,-0.0641944494806618,-0.0754310492726897,-0.0563105838227784,-0.0174075228860602,NaN,NaN,NaN,NaN,NaN,NaN,NaN,NaN,NaN
NaN,NaN,-0.0269791151125294,-0.0336758602934424,-0.0513341660892668,-0.0633038070761055,-0.0752966780516241,-0.0606778720248258,-0.0130666097393259,NaN,NaN,NaN,NaN,NaN,NaN,NaN,NaN,NaN
NaN,NaN,-0.0234203266639573,-0.0359467972593848,-0.0490327376222316,-0.0608922962807507,-0.0796443339737986,-0.0575833292532479,-0.0199739126255736,NaN,NaN,NaN,NaN,NaN,NaN,NaN,NaN,NaN
NaN,NaN,-0.0267354997534615,-0.0341280546563212,-0.0470073717927638,-0.0664871048890442,-0.0739500414880846,-0.0611758874583757,-0.0190022451570258,NaN,NaN,NaN,NaN,NaN,NaN,NaN,NaN,NaN
NaN,NaN,-0.0252195487458569,-0.0321181674080435,-0.0514010909294787,-0.0607235406302304,-0.078876831040058,-0.0611956314969575,-0.0187251208117232,NaN,NaN,NaN,NaN,NaN,NaN,NaN,NaN,NaN
NaN,NaN,-0.023450091733442,-0.0349073108809534,-0.0464023287689391,-0.0646398079358429,-0.0786992464515303,-0.0610802220035112,-0.0221119312336668,NaN,NaN,NaN,NaN,NaN,NaN,NaN,NaN,NaN
NaN,NaN,-0.0267086590368611,-0.0315857116656844,-0.0484203371500674,-0.0630118560754151,-0.0781079683753584,-0.0646723518002545,-0.0197289002826437,NaN,NaN,NaN,NaN,NaN,NaN,NaN,NaN,NaN
NaN,NaN,-0.0223893712003094,-0.0333568264322821,-0.046804511109561,-0.0623369638584942,-0.0818086717578505,-0.0608418034244096,-0.0248983738711104,NaN,NaN,NaN,NaN,NaN,NaN,NaN,NaN,NaN
NaN,NaN,-0.0249194393594128,-0.0315134410338942,-0.045311358878583,-0.0651610691808552,-0.0760082271250819,-0.0644895331788575,-0.0249287163605914,NaN,NaN,NaN,NaN,NaN,NaN,NaN,NaN,NaN
NaN,NaN,-0.0241856503028733,-0.0287542861478869,-0.0493969220018092,-0.060659018602261,-0.0799572397324179,-0.0642534056532895,-0.0240592336049303,NaN,NaN,NaN,NaN,NaN,NaN,NaN,NaN,NaN
NaN,NaN,-0.0208208563465936,-0.0325527970271651,-0.04414653510806,-0.0635384258591027,-0.0793021474334334,-0.0635967859852826,-0.0281508875777945,NaN,NaN,NaN,NaN,NaN,NaN,NaN,NaN,NaN
NaN,NaN,-0.0239130335588319,-0.0285294462519232,-0.0458014766967002,-0.0625135612450928,-0.077621054306898,-0.0666371071565663,-0.0263771651079878,NaN,NaN,NaN,NaN,NaN,NaN,NaN,NaN,NaN
NaN,NaN,-0.0188853817720277,-0.0305224020557944,-0.0450427281951609,-0.0600998897813649,-0.0807326961609457,-0.0640534879494226,-0.031305649667047,NaN,NaN,NaN,NaN,NaN,NaN,NaN,NaN,NaN
NaN,NaN,-0.021789785726772,-0.0292623039858881,-0.0425101827180091,-0.0637196239792198,-0.0761952366980646,-0.0676978463161504,-0.0315019538393244,NaN,NaN,NaN,NaN,NaN,NaN,NaN,NaN,NaN
NaN,NaN,-0.0215837771732671,-0.027873571641976,-0.0467098142301741,-0.0594530676268429,-0.0795567337724303,-0.0693328203487908,-0.030295648961328,NaN,NaN,NaN,NaN,NaN,NaN,NaN,NaN,NaN
NaN,NaN,-0.017935171975599,-0.031276661582524,-0.0414535600042048,-0.0610323299430699,-0.0802420381757353,-0.0672332467365777,-0.0353717108955607,NaN,NaN,NaN,NaN,NaN,NaN,NaN,NaN,NaN
NaN,NaN,-0.0223303626019818,-0.0282052528636996,-0.0429434153532687,-0.0619302739166111,-0.0786608387085532,-0.0712564671266591,-0.0335300018778071,NaN,NaN,NaN,NaN,NaN,NaN,NaN,NaN,NaN
NaN,NaN,-0.0175484868426186,-0.0291696001368109,-0.0429287749623957,-0.0581495326720566,-0.0818932544740771,-0.0680937887955224,-0.0373308038106188,NaN,NaN,NaN,NaN,NaN,NaN,NaN,NaN,NaN
NaN,NaN,-0.0209530482728345,-0.0284261625783984,-0.0396025191342536,-0.0632290777527184,-0.0787175562533472,-0.0715061919618165,-0.0371007112553343,NaN,NaN,NaN,NaN,NaN,NaN,NaN,NaN,NaN
NaN,NaN,-0.0203044566054208,-0.0259566117601935,-0.0441570963060561,-0.0591344435476155,-0.0811241869184111,-0.0733254747319734,-0.0352877614786848,NaN,NaN,NaN,NaN,NaN,NaN,NaN,NaN,NaN
NaN,NaN,-0.0172704498011929,-0.0303669270651881,-0.039554257998437,-0.0610322926901669,-0.0831996206494902,-0.0702250273752725,-0.0420297173550352,NaN,NaN,NaN,NaN,NaN,NaN,NaN,NaN,NaN
NaN,NaN,-0.0210711958546502,-0.0262184437888209,-0.0412910628413859,-0.0620226797424645,-0.07988187710968,-0.0751117141771829,-0.0389745322754607,NaN,NaN,NaN,NaN,NaN,NaN,NaN,NaN,NaN
NaN,NaN,-0.0172587523896558,-0.0272935811954085,-0.04304191202876,-0.0577822376750798,-0.0838918727192019,-0.0719048539031064,-0.0423868236830458,NaN,NaN,NaN,NaN,NaN,NaN,NaN,NaN,NaN
NaN,NaN,-0.0185990000803334,-0.0273947042005602,-0.0390704918002787,-0.0633550670706124,-0.0792729225310419,-0.0748115675378358,-0.0431966831674799,NaN,NaN,NaN,NaN,NaN,NaN,NaN,NaN,NaN
NaN,NaN,-0.0183600785870415,-0.0251693461614195,-0.0434073071276847,-0.0579678875171036,-0.0806192051920031,-0.0769127802777803,-0.0420011257519946,NaN,NaN,NaN,NaN,NaN,NaN,NaN,NaN,NaN
NaN,NaN,-0.0146132561106545,-0.0288030315714423,-0.0388218845522109,-0.059071355756411,-0.0813101720365618,-0.073033225708059,-0.0487314028432593,NaN,NaN,NaN,NaN,NaN,NaN,NaN,NaN,NaN
NaN,NaN,-0.0182099493880135,-0.0251184214430396,-0.0396289500689212,-0.05995778858293,-0.0783552345189188,-0.0781249152350938,-0.0458082979312167,NaN,NaN,NaN,NaN,NaN,NaN,NaN,NaN,NaN
NaN,NaN,-0.0155466089684827,-0.0260821912961546,-0.0421923968290988,-0.0567226906083912,-0.0817090574952696,-0.074796666376642,-0.0480435838690028,NaN,NaN,NaN,NaN,NaN,NaN,NaN,NaN,NaN
NaN,NaN,-0.0156018177707059,-0.0274256799893919,-0.0366061563884917,-0.0611346636675686,-0.0785104859921072,-0.0780033403862035,-0.050667324452661,NaN,NaN,NaN,NaN,NaN,NaN,NaN,NaN,NaN
NaN,NaN,-0.017220586790548,-0.0244702395575587,-0.0415749672150317,-0.0563391160928101,-0.0794734549078081,-0.0794040867913282,-0.0487497871508822,NaN,NaN,NaN,NaN,NaN,NaN,NaN,NaN,NaN
NaN,NaN,-0.0127829278547627,-0.027614552207524,-0.0366524989998046,-0.0566584479771942,-0.0820492323788737,-0.0758265228796517,-0.0549528984120116,NaN,NaN,NaN,NaN,NaN,NaN,NaN,NaN,NaN
NaN,NaN,-0.0177330563504559,-0.0229537856357638,-0.038297158787221,-0.0584973071478695,-0.0778735731097792,-0.0805938327539479,-0.0520364803960547,NaN,NaN,NaN,NaN,NaN,NaN,NaN,NaN,NaN
NaN,NaN,-0.014567304654823,-0.023301914014155,-0.0398224975263777,-0.0542935405634732,-0.0812776129993533,-0.0768602350581205,-0.0539873404195532,NaN,NaN,NaN,NaN,NaN,NaN,NaN,NaN,NaN
NaN,NaN,-0.0140881391901833,-0.0245805454032961,-0.0343160900568667,-0.0578624804281086,-0.0777281191500758,-0.0789403626549756,-0.0565282305469736,NaN,NaN,NaN,NaN,NaN,NaN,NaN,NaN,NaN
NaN,NaN,-0.0154951813359124,-0.0207993571239058,-0.038517509708375,-0.0541508805714936,-0.077899519756708,-0.0801434824097669,-0.0540213895728812,NaN,NaN,NaN,NaN,NaN,NaN,NaN,NaN,NaN
NaN,NaN,-0.0103483575124604,-0.0233715955691878,-0.033527054945201,-0.053164051171431,-0.0808971118482684,-0.0759962284791982,-0.0587796469917521,NaN,NaN,NaN,NaN,NaN,NaN,NaN,NaN,NaN
NaN,NaN,-0.0149084108610017,-0.0193442028539721,-0.0345838639235202,-0.0559273597561211,-0.0754558410796259,-0.0806457260478055,-0.0573581320932135,NaN,NaN,NaN,NaN,NaN,NaN,NaN,NaN,NaN
NaN,NaN,-0.0105784686941964,-0.0202265937405173,-0.0368189822232428,-0.0515547630153984,-0.0791365024003123,-0.0781345451105153,-0.0594630514970049,NaN,NaN,NaN,NaN,NaN,NaN,NaN,NaN,NaN
NaN,NaN,-0.0108656699497563,-0.021078586258227,-0.0320595327114764,-0.054989052262196,-0.0765462149235342,-0.0805370965827024,-0.063483533798717,NaN,NaN,NaN,NaN,NaN,NaN,NaN,NaN,NaN
NaN,NaN,-0.0125333706576688,-0.0181774233060423,-0.0355411890244189,-0.0514765505455822,-0.0760373588952158,-0.0827693277824437,-0.0601459158351645,NaN,NaN,NaN,NaN,NaN,NaN,NaN,NaN,NaN
NaN,NaN,-0.00844503219317024,-0.0205271687882487,-0.0321789096390906,-0.0499409858845562,-0.0798809830400084,-0.0786305675137555,-0.0647339647402987,NaN,NaN,NaN,NaN,NaN,NaN,NaN,NaN,NaN
NaN,NaN,-0.0124298075873715,-0.0176853124576155,-0.0320203612839881,-0.0540624421798081,-0.0732327182146643,-0.0837674448121106,-0.063546416698955,NaN,NaN,NaN,NaN,NaN,NaN,NaN,NaN,NaN
NaN,NaN,-0.00932330663393562,-0.018237568117911,-0.0348394933438006,-0.0483471390568108,-0.077733688459072,-0.0813938015926396,-0.0647208144655451,NaN,NaN,NaN,NaN,NaN,NaN,NaN,NaN,NaN
NaN,NaN,-0.00925567398856704,-0.020316857524449,-0.0291595432257357,-0.0514173556827397,-0.0755705427679156,-0.0829847799468553,-0.0685107199242339,NaN,NaN,NaN,NaN,NaN,NaN,NaN,NaN,NaN
NaN,NaN,-0.0120334180731637,-0.0165884379821364,-0.0325271497761908,-0.0480694931708664,-0.0755387287887667,-0.0851382212567842,-0.0647405771305785,NaN,NaN,NaN,NaN,NaN,NaN,NaN,NaN,NaN
NaN,NaN,-0.00794941957186287,-0.0193142887728754,-0.0298365774845782,-0.0473418880962223,-0.0785980489405726,-0.0810341620672261,-0.0697259841253981,NaN,NaN,NaN,NaN,NaN,NaN,NaN,NaN,NaN
NaN,NaN,-0.0113625864226681,-0.0157646645384375,-0.0289067077731791,-0.0518710215352864,-0.0728850554975603,-0.0849039563763654,-0.0685999965062365,NaN,NaN,NaN,NaN,NaN,NaN,NaN,NaN,NaN
NaN,NaN,-0.00889689127992218,-0.0155682858603541,-0.0318948562538329,-0.0466938738488049,-0.0764297250959013,-0.0836102748144185,-0.0688914632191882,NaN,NaN,NaN,NaN,NaN,NaN,NaN,NaN,NaN
NaN,NaN,-0.00787923510263984,-0.017639286495978,-0.0257298547124568,-0.0489553858302922,-0.0748940300497149,-0.0838394919264829,-0.0730174457421526,NaN,NaN,NaN,NaN,NaN,NaN,NaN,NaN,NaN
NaN,NaN,-0.0111512134511334,-0.0133001056092326,-0.0288575153147879,-0.0466703672670216,-0.0733735900673006,-0.0858882339525735,-0.0686554660787806,NaN,NaN,NaN,NaN,NaN,NaN,NaN,NaN,NaN
NaN,NaN,-0.00524081687520569,-0.0152639110165183,-0.0274801823591891,-0.0444088552855343,-0.0765992258044813,-0.0807015867758309,-0.0737337631871924,NaN,NaN,NaN,NaN,NaN,NaN,NaN,NaN,NaN
NaN,NaN,-0.0088009278018338,-0.0139187645690981,-0.0267634923851195,-0.0507629153095574,-0.0711774941834544,-0.0846521081257379,-0.072853179066442,NaN,NaN,NaN,NaN,NaN,NaN,NaN,NaN,NaN
NaN,NaN,-0.00678051660846298,-0.0124764439242426,-0.0298824916875068,-0.0433253546022267,-0.0736335408243273,-0.0844364696968114,-0.0741607187082991,NaN,NaN,NaN,NaN,NaN,NaN,NaN,NaN,NaN
NaN,NaN,-0.00485169167707985,-0.0161065158026759,-0.0235657963251773,-0.0468373720311016,-0.072493452981386,-0.0839348221052205,-0.0768572514643893,NaN,NaN,NaN,NaN,NaN,NaN,NaN,NaN,NaN
NaN,NaN,-0.0089162069101197,-0.0107796859520022,-0.0273269984221164,-0.0437270154022068,-0.0695570301565264,-0.0864975983131444,-0.0739585472038016,NaN,NaN,NaN,NaN,NaN,NaN,NaN,NaN,NaN
NaN,NaN,-0.00284633065651481,-0.0130986605363432,-0.0259827460443679,-0.0414986026250214,-0.0741857778581713,-0.081633989684633,-0.0790706513216719,NaN,NaN,NaN,NaN,NaN,NaN,NaN,NaN,NaN
NaN,NaN,-0.00692919294427459,-0.0130147297459189,-0.0246203701293174,-0.0456352022253365,-0.0679642264100645,-0.0857935743260896,-0.0784268839051947,NaN,NaN,NaN,NaN,NaN,NaN,NaN,NaN,NaN
NaN,NaN,-0.00567531610916679,-0.0100186277704779,-0.0266481015181247,-0.0383891214393467,-0.0706619698855017,-0.0856272028613603,-0.0782728617778048,NaN,NaN,NaN,NaN,NaN,NaN,NaN,NaN,NaN
NaN,NaN,-0.002889469518171,-0.0128731314616743,-0.0208183388507071,-0.0412735392116398,-0.0688359070870016,-0.0837128134298837,-0.0805739549687132,NaN,NaN,NaN,NaN,NaN,NaN,NaN,NaN,NaN
NaN,NaN,-0.00709046076129501,-0.00767063317471184,-0.0243424448466006,-0.040223137732634,-0.0670964386614893,-0.0857442887354409,-0.077912644832395,NaN,NaN,NaN,NaN,NaN,NaN,NaN,NaN,NaN
NaN,NaN,-0.00208357746790474,-0.0105307806807104,-0.0239315825795832,-0.0378361952267975,-0.0720484298023318,-0.0814311662543332,-0.0823770140996203,NaN,NaN,NaN,NaN,NaN,NaN,NaN,NaN,NaN
NaN,NaN,-0.00536816592405861,-0.0101259906368796,-0.0208760249709788,-0.0425618749820084,-0.066178061470661,-0.0859609516191995,-0.0821686213603243,NaN,NaN,NaN,NaN,NaN,NaN,NaN,NaN,NaN
NaN,NaN,-0.00432214166115349,-0.00732313809567131,-0.023393222252101,-0.0369534690641255,-0.0679702241274451,-0.0851896116364514,-0.0801847738912329,NaN,NaN,NaN,NaN,NaN,NaN,NaN,NaN,NaN
NaN,NaN,-0.00138914610336845,-0.0102130134182516,-0.0181127163862887,-0.0385557723008484,-0.0672669638249014,-0.0821075113344705,-0.0839608957758173,NaN,NaN,NaN,NaN,NaN,NaN,NaN,NaN,NaN
NaN,NaN,-0.00507869224141662,-0.00478202445083298,-0.0216963897740546,-0.038617314096579,-0.0649871979209517,-0.0845762425888097,-0.0808565554907545,NaN,NaN,NaN,NaN,NaN,NaN,NaN,NaN,NaN
NaN,NaN,0.000451147304071734,-0.00772844968014397,-0.0215925659334365,-0.0353201714121193,-0.069513164863262,-0.0810141945112264,-0.0858269495656714,NaN,NaN,NaN,NaN,NaN,NaN,NaN,NaN,NaN
NaN,NaN,-0.00188742230723923,-0.00719031287007965,-0.01721218333599,-0.0396233659945816,-0.0630320724400614,-0.0847413474548375,-0.0851342877140269,NaN,NaN,NaN,NaN,NaN,NaN,NaN,NaN,NaN
NaN,NaN,-0.000878874464736631,-0.00389691410236992,-0.0205084878301326,-0.0339096274935097,-0.0642694648655985,-0.0846688533056295,-0.0823914682259783,NaN,NaN,NaN,NaN,NaN,NaN,NaN,NaN,NaN
NaN,NaN,0.0018489879827636,-0.00772669879370369,-0.0155162449276152,-0.0360042650960774,-0.0652870092841719,-0.0802643867064035,-0.0878253070404753,NaN,NaN,NaN,NaN,NaN,NaN,NaN,NaN,NaN
NaN,NaN,-0.00262666891406601,-0.00400671703391708,-0.0187210376655761,-0.0355066408180088,-0.0628245178910826,-0.0851257974136388,-0.0840841470053419,NaN,NaN,NaN,NaN,NaN,NaN,NaN,NaN,NaN
NaN,NaN,0.00206160892654831,-0.0066355612652842,-0.0187570425963107,-0.0316880319975705,-0.0658743758055304,-0.080413286559633,-0.0888899950077757,NaN,NaN,NaN,NaN,NaN,NaN,NaN,NaN,NaN
NaN,NaN,-0.0007958749968869,-0.00589625877910294,-0.0135987262522879,-0.0367477399073929,-0.0603724386843775,-0.0840442152548349,-0.0874175553908572,NaN,NaN,NaN,NaN,NaN,NaN,NaN,NaN,NaN
NaN,NaN,-0.000547025604949644,-0.00182656539254822,-0.017925520548791,-0.0304713335596413,-0.0609649088534449,-0.083420285009197,-0.0854786721756682,NaN,NaN,NaN,NaN,NaN,NaN,NaN,NaN,NaN
NaN,NaN,0.00223563586284096,-0.00445006383233704,-0.0122335749959651,-0.0323588450216145,-0.0635713268372153,-0.0796382212865865,-0.0904261557152495,NaN,NaN,NaN,NaN,NaN,NaN,NaN,NaN,NaN
NaN,NaN,-0.00164483140300339,-0.00196427074843086,-0.0153413052951995,-0.0323524188958496,-0.0589014146777724,-0.0840203175175702,-0.0860102897277102,NaN,NaN,NaN,NaN,NaN,NaN,NaN,NaN,NaN
NaN,NaN,0.00285612021495278,-0.00295922128134407,-0.0141864094233218,-0.0283926960789055,-0.0627540353986357,-0.0794428111839807,-0.0892301326384768,NaN,NaN,NaN,NaN,NaN,NaN,NaN,NaN,NaN
NaN,NaN,0.00116105724979813,-0.00229071793728508,-0.00968018651959331,-0.0327548992596955,-0.0562534597071741,-0.0819053398299729,-0.0892740351846442,NaN,NaN,NaN,NaN,NaN,NaN,NaN,NaN,NaN
NaN,NaN,0.0002693345110553,0.00162884625024162,-0.0138657550608817,-0.0281252947412819,-0.0585604947361086,-0.0815840894210851,-0.0877647710731253,NaN,NaN,NaN,NaN,NaN,NaN,NaN,NaN,NaN
NaN,NaN,0.00367838491608078,-0.0022289153712336,-0.00958232314345272,-0.0285511885546536,-0.0603950325700377,-0.0775931859243428,-0.0915829328587279,NaN,NaN,NaN,NaN,NaN,NaN,NaN,NaN,NaN
NaN,NaN,0.000197306023134539,-6.93273323122412e-05,-0.0116853985285464,-0.0305754181705803,-0.0555105809423064,-0.0812881709862268,-0.0884781082859263,NaN,NaN,NaN,NaN,NaN,NaN,NaN,NaN,NaN
NaN,NaN,0.00372845281769211,0.000212267361348495,-0.0117326724624339,-0.0252153214775414,-0.0595995899590586,-0.0777367958653485,-0.091166147380136,NaN,NaN,NaN,NaN,NaN,NaN,NaN,NaN,NaN
NaN,NaN,0.00275194247175629,-0.00103238938027062,-0.00762805447933109,-0.0298089210652203,-0.0537807610186671,-0.0794021682668244,-0.0921787185361609,NaN,NaN,NaN,NaN,NaN,NaN,NaN,NaN,NaN
NaN,NaN,0.000736467288030932,0.00339664550847374,-0.0119948956465426,-0.0251088713072628,-0.0552762415560816,-0.0787913137901342,-0.0898609919240698,NaN,NaN,NaN,NaN,NaN,NaN,NaN,NaN,NaN
NaN,NaN,0.00519828473140175,-0.00169159812503494,-0.00790407986399562,-0.0250349429212899,-0.0563705828341578,-0.0756651433039224,-0.0944851388921961,NaN,NaN,NaN,NaN,NaN,NaN,NaN,NaN,NaN
NaN,NaN,0.00149361391474182,0.00200105863041244,-0.00917770073768527,-0.0268614341281742,-0.0512932729276751,-0.0797067293751752,-0.0917500866344199,NaN,NaN,NaN,NaN,NaN,NaN,NaN,NaN,NaN
NaN,NaN,0.00578770016242439,0.00173892857856117,-0.00984825299140842,-0.0204722259901852,-0.0553788546773527,-0.0771283628273522,-0.0936216911068186,NaN,NaN,NaN,NaN,NaN,NaN,NaN,NaN,NaN
NaN,NaN,0.00421184648682053,-6.64961116854101e-05,-0.00506205589529903,-0.0251656074785084,-0.0517873209270571,-0.0776948118436849,-0.0948404757073149,NaN,NaN,NaN,NaN,NaN,NaN,NaN,NaN,NaN
NaN,NaN,0.00255111207176621,0.00458875703043304,-0.00857155875322254,-0.0206527721845002,-0.0518284295055006,-0.0773854451108491,-0.0914586571743712,NaN,NaN,NaN,NaN,NaN,NaN,NaN,NaN,NaN
NaN,NaN,0.00656615544964249,5.4019910749048e-06,-0.00528046966549785,-0.0207555715702862,-0.0543192703577612,-0.0742667252052343,-0.0958760505309328,NaN,NaN,NaN,NaN,NaN,NaN,NaN,NaN,NaN
NaN,NaN,0.00299682442952568,0.00273779066628776,-0.00491188944336803,-0.0226208057962746,-0.0478427972945307,-0.0771680371690309,-0.0924919223180041,NaN,NaN,NaN,NaN,NaN,NaN,NaN,NaN,NaN
NaN,NaN,0.00665640060712273,0.00437874378985725,-0.00613724918124111,-0.0170023602210373,-0.0523183424326514,-0.0742400148737943,-0.0934954223921522,NaN,NaN,NaN,NaN,NaN,NaN,NaN,NaN,NaN
NaN,NaN,0.00532984335829193,0.00226354258484207,-0.000566021660536839,-0.0219802235030026,-0.0488879647406672,-0.0734599018323934,-0.0957322543254122,NaN,NaN,NaN,NaN,NaN,NaN,NaN,NaN,NaN
NaN,NaN,0.00244997044016297,0.00672785597271286,-0.0050483282005492,-0.0186177764796109,-0.0478729535194968,-0.0749023156095063,-0.0929518652847037,NaN,NaN,NaN,NaN,NaN,NaN,NaN,NaN,NaN
NaN,NaN,0.00679606174041207,0.00232510300702415,-0.00229582295772464,-0.0179441508613915,-0.0495527986737822,-0.0696785459149396,-0.0970050183823332,NaN,NaN,NaN,NaN,NaN,NaN,NaN,NaN,NaN
NaN,NaN,0.00445236985494072,0.00533811780042015,-0.00172393501755626,-0.0208787482940049,-0.0436317105146979,-0.0739570977020776,-0.0940353473415598,NaN,NaN,NaN,NaN,NaN,NaN,NaN,NaN,NaN
NaN,NaN,0.00690366675068314,0.00692987846559845,-0.00424400077220829,-0.0158184443377346,-0.0478305969688032,-0.0707754203904187,-0.0942704131593928,NaN,NaN,NaN,NaN,NaN,NaN,NaN,NaN,NaN
NaN,NaN,0.00740840633322174,0.00409206407493912,0.00118665291908352,-0.0194214519821495,-0.0437774438711737,-0.0700753638375318,-0.096909781335853,NaN,NaN,NaN,NaN,NaN,NaN,NaN,NaN,NaN
NaN,NaN,0.00412363161255295,0.00770783083862625,-0.00304320932385357,-0.0157142293416352,-0.042107992276821,-0.071767688714317,-0.0922169772675261,NaN,NaN,NaN,NaN,NaN,NaN,NaN,NaN,NaN
NaN,NaN,0.0101633143882888,0.00375596838421188,-0.000473522702426029,-0.0134554740749688,-0.0449822027536963,-0.066828046910814,-0.0970565391471609,NaN,NaN,NaN,NaN,NaN,NaN,NaN,NaN,NaN
NaN,NaN,0.00627332900573189,0.00635586710995995,0.000975186815291332,-0.0162956912778706,-0.0397071171852682,-0.0712410444248235,-0.0936166992178187,NaN,NaN,NaN,NaN,NaN,NaN,NaN,NaN,NaN
NaN,NaN,0.0077228953402179,0.00797934862202965,-0.001868681172103,-0.0112790663503498,-0.0440393504056071,-0.0688798623014009,-0.094705825089477,NaN,NaN,NaN,NaN,NaN,NaN,NaN,NaN,NaN
NaN,NaN,0.00761337180544312,0.00455683129257523,0.00430302589181034,-0.0145702671967835,-0.040476706281576,-0.0678154723573243,-0.0975862195482478,NaN,NaN,NaN,NaN,NaN,NaN,NaN,NaN,NaN
NaN,NaN,0.00439771984626229,0.00846350597566925,0.000462065329581188,-0.0112628613375515,-0.0381017405840491,-0.0699958475161111,-0.0923403216293082,NaN,NaN,NaN,NaN,NaN,NaN,NaN,NaN,NaN
NaN,NaN,0.0101390813748973,0.00483362036175095,0.00222459330204098,-0.00956744446981853,-0.0422703218015765,-0.0640591503906762,-0.096659311442636,NaN,NaN,NaN,NaN,NaN,NaN,NaN,NaN,NaN
NaN,NaN,0.00567657475282128,0.0083008784276899,0.00397838546875088,-0.0135625016652436,-0.036666851893339,-0.0684053348231828,-0.0947302071144804,NaN,NaN,NaN,NaN,NaN,NaN,NaN,NaN,NaN
NaN,NaN,0.006900369868769,0.00966984810656868,7.62742662724723e-05,-0.00870062529672092,-0.0408037867697809,-0.0659309411275899,-0.0947948222747073,NaN,NaN,NaN,NaN,NaN,NaN,NaN,NaN,NaN
NaN,NaN,0.00817505245019371,0.00609139012522064,0.0065721002126035,-0.0113139350675434,-0.0368704576346014,-0.0642373496521031,-0.0967933846404776,NaN,NaN,NaN,NaN,NaN,NaN,NaN,NaN,NaN
NaN,NaN,0.00607549746443207,0.0103368799609598,0.00225450738313763,-0.00900382667411274,-0.0338024016770457,-0.0665788808692014,-0.0923438979079947,NaN,NaN,NaN,NaN,NaN,NaN,NaN,NaN,NaN
NaN,NaN,0.0114700344662803,0.0077779594284948,0.00351978360655873,-0.00652794286240047,-0.0384650681468581,-0.0609624655771768,-0.0969749180367216,NaN,NaN,NaN,NaN,NaN,NaN,NaN,NaN,NaN
NaN,NaN,0.00731046845127518,0.00864010336226784,0.00666469230297177,-0.0109872271083683,-0.0331715051385496,-0.065160439335159,-0.0956384701421484,NaN,NaN,NaN,NaN,NaN,NaN,NaN,NaN,NaN
NaN,NaN,0.00764773760844643,0.010524131677812,0.00189108668807118,-0.00547646104920811,-0.0361687433275317,-0.0632733935344731,-0.094879069714807,NaN,NaN,NaN,NaN,NaN,NaN,NaN,NaN,NaN
NaN,NaN,0.0103774440746444,0.00643331589526497,0.00853160290959446,-0.00767851739753193,-0.0328989442738627,-0.0608282247412717,-0.0975344193866476,NaN,NaN,NaN,NaN,NaN,NaN,NaN,NaN,NaN
NaN,NaN,0.00753452603627617,0.0108855965954717,0.00477803765776722,-0.00609204664457745,-0.0291843641850088,-0.0628435136604821,-0.0930714657297358,NaN,NaN,NaN,NaN,NaN,NaN,NaN,NaN,NaN
NaN,NaN,0.011525224642052,0.00807249950594269,0.00499345256927578,-0.00221567719806141,-0.0338449817451571,-0.0575228119123494,-0.0964583879103884,NaN,NaN,NaN,NaN,NaN,NaN,NaN,NaN,NaN
NaN,NaN,0.00799890209843094,0.00842502372688614,0.00925430922749607,-0.00665313124288029,-0.0280646350535487,-0.0617220895219361,-0.0961887141456828,NaN,NaN,NaN,NaN,NaN,NaN,NaN,NaN,NaN
NaN,NaN,0.0072455180149215,0.0104317258519586,0.00408720119836895,-0.00149727359045452,-0.030954435870323,-0.0603295573819196,-0.093911369680427,NaN,NaN,NaN,NaN,NaN,NaN,NaN,NaN,NaN
NaN,NaN,0.0111200806956428,0.00614358144230209,0.0100944739485082,-0.00318168222535557,-0.028931975767288,-0.057076987795881,-0.0981489805271849,NaN,NaN,NaN,NaN,NaN,NaN,NaN,NaN,NaN
NaN,NaN,0.00668495495726044,0.0113867040199693,0.00589821382406323,-0.00370810299743122,-0.0260191340300177,-0.0606503421295201,-0.0933099774410948,NaN,NaN,NaN,NaN,NaN,NaN,NaN,NaN,NaN
NaN,NaN,0.0102659833889144,0.00882105933851562,0.00651042803171246,0.000670100305190621,-0.030829694524679,-0.0554510662186658,-0.0967260686447844,NaN,NaN,NaN,NaN,NaN,NaN,NaN,NaN,NaN
NaN,NaN,0.00754069139172013,0.00942047717398964,0.010317693343192,-0.00425549715388721,-0.0242664594503973,-0.058522810213617,-0.0952883114805445,NaN,NaN,NaN,NaN,NaN,NaN,NaN,NaN,NaN
NaN,NaN,0.00746525426317627,0.0118234384281095,0.00591622560265629,0.00184986248981052,-0.0265606608542536,-0.0561340609419858,-0.0925561276962981,NaN,NaN,NaN,NaN,NaN,NaN,NaN,NaN,NaN
NaN,NaN,0.0117364113490718,0.00866541670984589,0.0119037729406652,0.000180504027715264,-0.0249322433325384,-0.0525318169820821,-0.0962473129620776,NaN,NaN,NaN,NaN,NaN,NaN,NaN,NaN,NaN
NaN,NaN,0.00807417158891136,0.0135756845993455,0.00896843044999211,-0.000681081112513008,-0.0215552676769827,-0.0550810703862226,-0.0912566346814856,NaN,NaN,NaN,NaN,NaN,NaN,NaN,NaN,NaN
NaN,NaN,0.0111324300329822,0.0109233896655496,0.00888191058281033,0.00413439676534229,-0.026210856095228,-0.0517406957078492,-0.0941090335836634,NaN,NaN,NaN,NaN,NaN,NaN,NaN,NaN,NaN
NaN,NaN,0.00873570864011223,0.00978965344256721,0.0122770470285711,-0.00096990286935276,-0.0192365166100596,-0.0537140192318475,-0.0932670062175021,NaN,NaN,NaN,NaN,NaN,NaN,NaN,NaN,NaN
NaN,NaN,0.00806795035411293,0.0120343271119054,0.00793864845278828,0.00520988807450825,-0.0214269686791037,-0.0536794485378778,-0.0905073484173045,NaN,NaN,NaN,NaN,NaN,NaN,NaN,NaN,NaN
NaN,NaN,0.0122679543953078,0.00838702576584183,0.0124511670971212,0.00382225469123417,-0.021110188618574,-0.048287388854078,-0.0945382056524977,NaN,NaN,NaN,NaN,NaN,NaN,NaN,NaN,NaN
NaN,NaN,0.00726479639221604,0.0117759037239011,0.0104514498913583,0.00285841033231312,-0.0181581195744608,-0.0525724040198838,-0.0912628745427355,NaN,NaN,NaN,NaN,NaN,NaN,NaN,NaN,NaN
NaN,NaN,0.00945314367224152,0.0089465829951223,0.00935107364299862,0.00739385813843304,-0.0226528499576185,-0.0491397725272691,-0.0924659756710753,NaN,NaN,NaN,NaN,NaN,NaN,NaN,NaN,NaN
NaN,NaN,0.00847659607340271,0.00627022268599831,0.0128847350085077,0.00228784487020069,-0.016887218162689,-0.0513478265929734,-0.0927613725652918,NaN,NaN,NaN,NaN,NaN,NaN,NaN,NaN,NaN
NaN,NaN,0.00637536470700676,0.0104601125640329,0.00910859449747174,0.00771734372149998,-0.0190911930355166,-0.0505623491335427,-0.0882522439351305,NaN,NaN,NaN,NaN,NaN,NaN,NaN,NaN,NaN
NaN,NaN,0.0116999035041469,0.00789521294063888,0.0131589908802804,0.00712353244792515,-0.0190336000475024,-0.0455839829373872,-0.0929049266269431,NaN,NaN,NaN,NaN,NaN,NaN,NaN,NaN,NaN
NaN,NaN,0.00629730124880249,0.0117679688555654,0.0120525237822828,0.00451666742931896,-0.0159471784087752,-0.0500899636972463,-0.0891636362066492,NaN,NaN,NaN,NaN,NaN,NaN,NaN,NaN,NaN
NaN,NaN,0.00922692541886742,0.0104918892902788,0.00978702574017613,0.00962165624271923,-0.019189391687784,-0.0459305094409501,-0.0892785614123568,NaN,NaN,NaN,NaN,NaN,NaN,NaN,NaN,NaN
NaN,NaN,0.00912723665048058,0.00832604276365601,0.015164333274394,0.00417876497279698,-0.0138171505483721,-0.046053015612415,-0.0906674055149779,NaN,NaN,NaN,NaN,NaN,NaN,NaN,NaN,NaN
NaN,NaN,0.00670034040619309,0.0136663209123071,0.0104774524176416,0.00903939336906964,-0.0149887916001414,-0.0459615038562333,-0.0862233763327822,NaN,NaN,NaN,NaN,NaN,NaN,NaN,NaN,NaN
NaN,NaN,0.0102156360905307,0.00892838495201431,0.0143171277547178,0.0084819223023563,-0.0155465606900786,-0.0404737414646661,-0.0915556264808401,NaN,NaN,NaN,NaN,NaN,NaN,NaN,NaN,NaN
NaN,NaN,0.00624829505492623,0.0122949297947343,0.013390033384591,0.00545631602775151,-0.0101598281714056,-0.0450747357535874,-0.0870648635318503,NaN,NaN,NaN,NaN,NaN,NaN,NaN,NaN,NaN
NaN,NaN,0.00881552298475678,0.0104495513660368,0.0104859088266191,0.0113368357754856,-0.0140083696993922,-0.0403679432201898,-0.0883868200471625,NaN,NaN,NaN,NaN,NaN,NaN,NaN,NaN,NaN
NaN,NaN,0.00891293932606156,0.00863114403910004,0.0157790434265432,0.00687840834628636,-0.0104316067251299,-0.0400854544568574,-0.0891188954701647,NaN,NaN,NaN,NaN,NaN,NaN,NaN,NaN,NaN
NaN,NaN,0.00591182683516915,0.0133512731117662,0.0107305858934221,0.0108518029786258,-0.00989926274147971,-0.0410138340521371,-0.085169175057672,NaN,NaN,NaN,NaN,NaN,NaN,NaN,NaN,NaN
NaN,NaN,0.00844094504524643,0.00912666352814995,0.0142136391902265,0.0115333634651809,-0.0123825040015314,-0.0362072409916436,-0.0899254580726847,NaN,NaN,NaN,NaN,NaN,NaN,NaN,NaN,NaN
NaN,NaN,0.00483354155827934,0.0112387168628629,0.0139856141710576,0.00865950689088398,-0.00611351098147376,-0.0417045587528264,-0.0855244559934363,NaN,NaN,NaN,NaN,NaN,NaN,NaN,NaN,NaN
NaN,NaN,0.00656755243350441,0.0103950689954218,0.0111427706384954,0.0149780835248142,-0.0111036677214239,-0.0369567321467912,-0.0856993769994006,NaN,NaN,NaN,NaN,NaN,NaN,NaN,NaN,NaN
NaN,NaN,0.00731143702675278,0.00913588362163864,0.0167848904335794,0.0106267209387928,-0.00749943073121055,-0.0362159395444905,-0.0867905704071745,NaN,NaN,NaN,NaN,NaN,NaN,NaN,NaN,NaN
NaN,NaN,0.00380944062878067,0.0134392830950674,0.0129515294635591,0.0139668534732967,-0.00658423866358741,-0.0374140674102819,-0.0824545746436343,NaN,NaN,NaN,NaN,NaN,NaN,NaN,NaN,NaN
NaN,NaN,0.00773420159627373,0.0100588242930826,0.0152940292561349,0.0140747192538887,-0.00864920432892783,-0.0321805002022302,-0.0865883057704195,NaN,NaN,NaN,NaN,NaN,NaN,NaN,NaN,NaN
NaN,NaN,0.00420908977199967,0.0116898495180067,0.0164409902596769,0.0104668873585373,-0.00273411388722404,-0.0367448003817117,-0.0816821357002482,NaN,NaN,NaN,NaN,NaN,NaN,NaN,NaN,NaN
NaN,NaN,0.00598644439984734,0.012256969086593,0.0126856554949579,0.0164908494092136,-0.00742665718523009,-0.0320081310201203,-0.0820328904082999,NaN,NaN,NaN,NaN,NaN,NaN,NaN,NaN,NaN
NaN,NaN,0.00701050807644303,0.0104035067779478,0.018137394329339,0.0113262932039409,-0.00435776303735717,-0.0313896024454152,-0.0833317873766646,NaN,NaN,NaN,NaN,NaN,NaN,NaN,NaN,NaN
NaN,NaN,0.00312361468483383,0.0134583938342985,0.0137556520009336,0.0133120219446331,-0.00257986824241622,-0.031570595674566,-0.0793026624014601,NaN,NaN,NaN,NaN,NaN,NaN,NaN,NaN,NaN
NaN,NaN,0.00764991690327103,0.0106206539494451,0.014642364224225,0.0146015684343486,-0.00484106357422813,-0.0270528429973638,-0.0834643145790324,NaN,NaN,NaN,NaN,NaN,NaN,NaN,NaN,NaN
NaN,NaN,0.00363854293633873,0.0108932334405836,0.0147725258672532,0.0101699630952983,-1.86566564176864e-05,-0.0312828542519128,-0.0798667831113562,NaN,NaN,NaN,NaN,NaN,NaN,NaN,NaN,NaN
NaN,NaN,0.00554361914206917,0.0121616575343069,0.0105996046865281,0.0172722104228645,-0.00357276986566528,-0.0273516857851064,-0.0801769135287032,NaN,NaN,NaN,NaN,NaN,NaN,NaN,NaN,NaN
NaN,NaN,0.00738795448948319,0.00920657100505196,0.0167372253442106,0.0133753891326099,-0.00142223428216918,-0.0249271364737069,-0.0819302400341257,NaN,NaN,NaN,NaN,NaN,NaN,NaN,NaN,NaN
NaN,NaN,0.00280813847590859,0.0127542580885347,0.0120320905649957,0.0145898710228115,0.00139240880283372,-0.0264781610894715,-0.0770002467324957,NaN,NaN,NaN,NaN,NaN,NaN,NaN,NaN,NaN
NaN,NaN,0.00699406091977532,0.0086629580182489,0.0137665298486051,0.0168002906478553,-0.00176883529153808,-0.0225218469131505,-0.080214930116199,NaN,NaN,NaN,NaN,NaN,NaN,NaN,NaN,NaN
NaN,NaN,0.00407503520060951,0.00846624406403862,0.0156624232137498,0.0128936159647613,0.00332929898771302,-0.0266743721294915,-0.0767300886800513,NaN,NaN,NaN,NaN,NaN,NaN,NaN,NaN,NaN
NaN,NaN,0.00518409137536461,0.010240674339002,0.0112875354194936,0.0196231479979663,-0.000220884040269691,-0.0231895493197953,-0.0760841047158465,NaN,NaN,NaN,NaN,NaN,NaN,NaN,NaN,NaN
NaN,NaN,0.00610503901649887,0.00708190756267868,0.0175421674454507,0.0152708727158218,0.00113672350319878,-0.0207083197165048,-0.0782014852156863,NaN,NaN,NaN,NaN,NaN,NaN,NaN,NaN,NaN
NaN,NaN,0.00177688498903687,0.0110892954689916,0.0135557529235181,0.0152478317953258,0.00413712818893449,-0.0233749383914983,-0.0725917009403929,NaN,NaN,NaN,NaN,NaN,NaN,NaN,NaN,NaN
NaN,NaN,0.00448664252568657,0.00717666032142006,0.0146159891689119,0.0178082051910072,0.000382314964857262,-0.0196709940064466,-0.0758053039899096,NaN,NaN,NaN,NaN,NaN,NaN,NaN,NaN,NaN
NaN,NaN,0.00344289068986351,0.00698627936071716,0.0163107168579396,0.0135415184534698,0.00583608408245103,-0.0227490523684537,-0.0721663845470175,NaN,NaN,NaN,NaN,NaN,NaN,NaN,NaN,NaN
NaN,NaN,0.00380966414619858,0.00929862292832695,0.0119254355037507,0.0191750700808673,0.00180351321372048,-0.0202537970471894,-0.0717137431493029,NaN,NaN,NaN,NaN,NaN,NaN,NaN,NaN,NaN
NaN,NaN,0.00586011980582649,0.00577621193951927,0.0173929881954488,0.0156738746203094,0.00317782868417756,-0.0168457152176416,-0.0759839689126238,NaN,NaN,NaN,NaN,NaN,NaN,NaN,NaN,NaN
NaN,NaN,0.00171595786620552,0.00918356733745895,0.0136886712813672,0.0156055900491386,0.00657544244798676,-0.0209640608954942,-0.0698168067028746,NaN,NaN,NaN,NaN,NaN,NaN,NaN,NaN,NaN
NaN,NaN,0.00522562836219246,0.00686662303633057,0.0131476101184186,0.019300593737474,0.00313522998961465,-0.0163592481840169,-0.0733573412289843,NaN,NaN,NaN,NaN,NaN,NaN,NaN,NaN,NaN
NaN,NaN,0.00463326995183403,0.00602427902049385,0.0160589803660211,0.0144186566806942,0.00802709494503991,-0.0181689569581067,-0.0711864469340071,NaN,NaN,NaN,NaN,NaN,NaN,NaN,NaN,NaN
NaN,NaN,0.00343594302345688,0.00968169452971779,0.0122973684871492,0.0205791878737121,0.0059078331735994,-0.0165905700850999,-0.0696740163257346,NaN,NaN,NaN,NaN,NaN,NaN,NaN,NaN,NaN
NaN,NaN,0.00610962112356598,0.00663008572882973,0.017480923672944,0.0181656840480476,0.00610400696071641,-0.0129811176884687,-0.072458372800611,NaN,NaN,NaN,NaN,NaN,NaN,NaN,NaN,NaN
NaN,NaN,0.000600103036655733,0.00941023262566887,0.014415922453433,0.0183686751164108,0.0117874215987589,-0.0179434837627923,-0.0659967636456713,NaN,NaN,NaN,NaN,NaN,NaN,NaN,NaN,NaN
NaN,NaN,0.00454950679947312,0.00823479177779518,0.014276503464013,0.0229517321325451,0.00666876096996324,-0.0128034399676835,-0.0688052786281332,NaN,NaN,NaN,NaN,NaN,NaN,NaN,NaN,NaN
NaN,NaN,0.00250966821719582,0.00651579382247292,0.0175723609233197,0.0167885746098667,0.0110610086170103,-0.0146655263233697,-0.0674955969443545,NaN,NaN,NaN,NaN,NaN,NaN,NaN,NaN,NaN
NaN,NaN,0.00126877401877815,0.0106598440033849,0.013174450835019,0.0216647374666839,0.00875261385711686,-0.0137507999170339,-0.0649355401983485,NaN,NaN,NaN,NaN,NaN,NaN,NaN,NaN,NaN
NaN,NaN,0.0032707077722686,0.00623358445591293,0.0173585106337365,0.0195451404191166,0.00833214034112947,-0.00995066853647586,-0.0682873328914866,NaN,NaN,NaN,NaN,NaN,NaN,NaN,NaN,NaN
NaN,NaN,-0.00120243455360954,0.00902956383652054,0.0143398333990869,0.0189514967836052,0.0138371880796816,-0.0152294607687509,-0.0623249498894438,NaN,NaN,NaN,NaN,NaN,NaN,NaN,NaN,NaN
NaN,NaN,0.00240444739271576,0.0084636177343782,0.0123081904554662,0.0228075820244461,0.00844220404299752,-0.0089522162306821,-0.0651284916093573,NaN,NaN,NaN,NaN,NaN,NaN,NaN,NaN,NaN
NaN,NaN,0.00114157398153717,0.00652816178626381,0.0165823650265035,0.0178282286263614,0.0123472582248117,-0.00982497724180575,-0.0638208960881457,NaN,NaN,NaN,NaN,NaN,NaN,NaN,NaN,NaN
NaN,NaN,9.81015424864982e-05,0.0112302604538854,0.0116520550751981,0.0223079274631649,0.0117487530854608,-0.00913941206817981,-0.0601679323008284,NaN,NaN,NaN,NaN,NaN,NaN,NaN,NaN,NaN
NaN,NaN,0.00267913167287285,0.0057647566718515,0.0141175639534292,0.0210606071389824,0.0113003585186865,-0.00602432432060596,-0.0642618214478716,NaN,NaN,NaN,NaN,NaN,NaN,NaN,NaN,NaN
NaN,NaN,-0.000729732467637708,0.00854948567575775,0.0121739496195611,0.0191204573250919,0.0170607935336496,-0.0107914665568387,-0.0594635916640982,NaN,NaN,NaN,NaN,NaN,NaN,NaN,NaN,NaN
NaN,NaN,0.00251082305718834,0.00784873994416557,0.00859510048273174,0.0234966675974041,0.0115767191794779,-0.00562802793865558,-0.0621290927520022,NaN,NaN,NaN,NaN,NaN,NaN,NaN,NaN,NaN
NaN,NaN,0.0016503741305011,0.00466235014027916,0.0131804299259481,0.0181778843737751,0.0154646370259191,-0.00637770535831805,-0.0609573585679755,NaN,NaN,NaN,NaN,NaN,NaN,NaN,NaN,NaN
NaN,NaN,-0.0010656977732045,0.00834219189709984,0.00821793346646397,0.0225401434339195,0.0160084176507856,-0.00648894252663013,-0.0571236064424738,NaN,NaN,NaN,NaN,NaN,NaN,NaN,NaN,NaN
NaN,NaN,0.0019068603675502,0.00303823532885872,0.0107867818975744,0.0224273230172306,0.0139321457293894,-0.00368076282029506,-0.061219991534017,NaN,NaN,NaN,NaN,NaN,NaN,NaN,NaN,NaN
NaN,NaN,-0.00184690977524345,0.00572297754115425,0.0102164772057828,0.0189056198335796,0.0189149636474516,-0.00822688358312007,-0.0557778825750574,NaN,NaN,NaN,NaN,NaN,NaN,NaN,NaN,NaN
NaN,NaN,0.000498439864410708,0.00494657116360031,0.00735219462755291,0.0242406080700069,0.0126064452973272,-0.00306035297398921,-0.0572355700423941,NaN,NaN,NaN,NaN,NaN,NaN,NaN,NaN,NaN
NaN,NaN,0.000938992695106814,0.00223560290760361,0.0130699191892442,0.0189067746735721,0.0161036919501688,-0.00289029347186442,-0.0563314234605059,NaN,NaN,NaN,NaN,NaN,NaN,NaN,NaN,NaN
NaN,NaN,-0.00358522336076324,0.00680057363933884,0.00791259004715054,0.0225041385031849,0.0169832888689901,-0.0036690467823064,-0.0517160868039355,NaN,NaN,NaN,NaN,NaN,NaN,NaN,NaN,NaN
NaN,NaN,0.00105058376599724,0.00281870397157036,0.0118983712697324,0.0216229210830837,0.0137197296765711,0.000221087611862458,-0.0563004849245772,NaN,NaN,NaN,NaN,NaN,NaN,NaN,NaN,NaN
NaN,NaN,-0.00351375366638725,0.00579634713358246,0.0103781548047361,0.0177848103679329,0.0198037247804071,-0.00401387827878352,-0.0510743496706709,NaN,NaN,NaN,NaN,NaN,NaN,NaN,NaN,NaN
NaN,NaN,-0.000335783018575361,0.00574516164488159,0.0080739882493314,0.0226222674585491,0.0133757363704111,0.00180385170096997,-0.051630032598041,NaN,NaN,NaN,NaN,NaN,NaN,NaN,NaN,NaN
NaN,NaN,0.000274475411667177,0.0032947774452623,0.0133736421072778,0.0185300360656887,0.0185344438699152,0.00254803431744222,-0.051093497662805,NaN,NaN,NaN,NaN,NaN,NaN,NaN,NaN,NaN
NaN,NaN,-0.00314711059521263,0.00713462042040192,0.0085843157673177,0.0206256981230884,0.0187241915312673,0.000726069338270463,-0.0466756572714075,NaN,NaN,NaN,NaN,NaN,NaN,NaN,NaN,NaN
NaN,NaN,0.00268179525543625,0.00423055174178444,0.0119355124140081,0.0223119507766872,0.0169620360878374,0.00528899116034154,-0.0504598257830366,NaN,NaN,NaN,NaN,NaN,NaN,NaN,NaN,NaN
NaN,NaN,-0.00177091385315483,0.00614009829587303,0.0115760219002065,0.0167715686596542,0.0224820036140348,0.000212724335142411,-0.0463469749083742,NaN,NaN,NaN,NaN,NaN,NaN,NaN,NaN,NaN
NaN,NaN,0.000394932673467944,0.00678893210715614,0.00754918797853558,0.0218549321628719,0.0168209593442346,0.00517976564879064,-0.0469585185637698,NaN,NaN,NaN,NaN,NaN,NaN,NaN,NaN,NaN
NaN,NaN,0.00090581898499901,0.00278087364858948,0.0130012620890435,0.0186348843611389,0.0197593751994039,0.0052413819503272,-0.0467021068325266,NaN,NaN,NaN,NaN,NaN,NaN,NaN,NaN,NaN
NaN,NaN,-0.00218712191175049,0.00651884856051765,0.00937260582092373,0.020790262822023,0.0210671197322275,0.00346518216247205,-0.0425479611149058,NaN,NaN,NaN,NaN,NaN,NaN,NaN,NaN,NaN
NaN,NaN,0.00220415715981896,0.0036607313377317,0.0108207751715478,0.0223615343905597,0.017435296967354,0.00767874626035336,-0.0460954433074221,NaN,NaN,NaN,NaN,NaN,NaN,NaN,NaN,NaN
NaN,NaN,-0.00208678121756141,0.00413144039339386,0.0121270854676065,0.0169417771733909,0.0230548787561323,0.00370112342352513,-0.0430129891028628,NaN,NaN,NaN,NaN,NaN,NaN,NaN,NaN,NaN
NaN,NaN,-0.000999871893630674,0.00623945178813301,0.0072819915318784,0.0226740489936977,0.0181358936873342,0.00765048993343953,-0.0420224530389532,NaN,NaN,NaN,NaN,NaN,NaN,NaN,NaN,NaN
NaN,NaN,-0.00013608883212631,0.0017364326340612,0.0139675278866586,0.0186205792463928,0.0200428325382139,0.00885517431015614,-0.042444379418157,NaN,NaN,NaN,NaN,NaN,NaN,NaN,NaN,NaN
NaN,NaN,-0.00356648515056198,0.00586053388542496,0.00960176705363362,0.0207192587889343,0.0231842580881979,0.00599899423832539,-0.0379230132093653,NaN,NaN,NaN,NaN,NaN,NaN,NaN,NaN,NaN
NaN,NaN,0.000321805224909137,0.00381859051412903,0.0106244523728189,0.0220443445480972,0.0180651876774694,0.0108357621502364,-0.0409399581840262,NaN,NaN,NaN,NaN,NaN,NaN,NaN,NaN,NaN
NaN,NaN,-0.0036810005743367,0.00411311196512543,0.0115801383459863,0.0160193207896858,0.023712019964781,0.0073289228748763,-0.0380302829435095,NaN,NaN,NaN,NaN,NaN,NaN,NaN,NaN,NaN
NaN,NaN,-0.00268062974403923,0.00566627862281166,0.00643644376638501,0.0221381846107154,0.0188022736159231,0.00987044630164746,-0.0368104366352782,NaN,NaN,NaN,NaN,NaN,NaN,NaN,NaN,NaN
NaN,NaN,-0.00115663210938995,0.000797156564658508,0.0118232880437669,0.0175736236609131,0.0207483466413881,0.0121493181359256,-0.0396041994681582,NaN,NaN,NaN,NaN,NaN,NaN,NaN,NaN,NaN
NaN,NaN,-0.0043005536038739,0.00528663428849541,0.00720845430138676,0.0187434951997905,0.0230574678328897,0.00842317102069501,-0.0347070632269606,NaN,NaN,NaN,NaN,NaN,NaN,NaN,NaN,NaN
NaN,NaN,-0.000681080176339795,0.0028006735665258,0.0084700052345094,0.020408737216106,0.0182587910142805,0.013803700931021,-0.0390012239804491,NaN,NaN,NaN,NaN,NaN,NaN,NaN,NaN,NaN
NaN,NaN,-0.00435939456413811,0.00246120648807846,0.00993868230822651,0.0148504923320919,0.024410754039612,0.00959000644797925,-0.0358434630325064,NaN,NaN,NaN,NaN,NaN,NaN,NaN,NaN,NaN
NaN,NaN,-0.00389648999165123,0.00392178105539642,0.00504465668442814,0.0211675974763542,0.0198721211102869,0.0131441941630328,-0.0339105216553435,NaN,NaN,NaN,NaN,NaN,NaN,NaN,NaN,NaN
NaN,NaN,-0.00185419271777694,-0.00146400151425041,0.0102767524028119,0.0175965155697971,0.0220296974924471,0.014985586531111,-0.037439396022819,NaN,NaN,NaN,NaN,NaN,NaN,NaN,NaN,NaN
NaN,NaN,-0.00593604917715614,0.00329304518527351,0.00686501978877156,0.017980686131826,0.0247043814209367,0.0101246228587115,-0.0329840978374705,NaN,NaN,NaN,NaN,NaN,NaN,NaN,NaN,NaN
NaN,NaN,-0.00202525804828232,0.00107258590287529,0.00706924020293324,0.0202611412144809,0.0192257646170522,0.0162397986423457,-0.0360523028066382,NaN,NaN,NaN,NaN,NaN,NaN,NaN,NaN,NaN
NaN,NaN,-0.00418425004075592,0.0001858550531324,0.0100064080858526,0.0156433086134105,0.0243083830622102,0.0117661720287288,-0.0314015386393294,NaN,NaN,NaN,NaN,NaN,NaN,NaN,NaN,NaN
NaN,NaN,-0.00499973471354072,0.00264523582882248,0.00517837597969143,0.0207908029891163,0.0214599515942003,0.0166220693063224,-0.0292270680656657,NaN,NaN,NaN,NaN,NaN,NaN,NaN,NaN,NaN
NaN,NaN,-0.00208495582531517,-0.00111471829586662,0.0105300721431073,0.0180119040645271,0.0216671708670522,0.0181048093509162,-0.0328276915242895,NaN,NaN,NaN,NaN,NaN,NaN,NaN,NaN,NaN
NaN,NaN,-0.00621950651596611,0.00344039904302917,0.00841047509553997,0.017114872787109,0.0256425771561529,0.0145397251617396,-0.0270565090468153,NaN,NaN,NaN,NaN,NaN,NaN,NaN,NaN,NaN
NaN,NaN,-0.00215653727840011,0.00108409704989754,0.00728420807960598,0.020267083052507,0.0200199778822328,0.0199724277626956,-0.029658624320291,NaN,NaN,NaN,NaN,NaN,NaN,NaN,NaN,NaN
NaN,NaN,-0.00356758411120003,-0.000795181520516053,0.00992333411219685,0.013600471172443,0.0248800847378637,0.0170139139663661,-0.0269146313657984,NaN,NaN,NaN,NaN,NaN,NaN,NaN,NaN,NaN
NaN,NaN,-0.0042538012106282,0.00256394999451004,0.00452883436325161,0.0190407733656078,0.0226921658662225,0.0191667033504928,-0.0241567803313956,NaN,NaN,NaN,NaN,NaN,NaN,NaN,NaN,NaN
NaN,NaN,-0.000492282464013745,-0.00119714034372009,0.00996520637515156,0.0163729812241703,0.0223308685866262,0.0225589899491752,-0.0280569171300158,NaN,NaN,NaN,NaN,NaN,NaN,NaN,NaN,NaN
NaN,NaN,-0.0044710601408345,0.0028556588513311,0.00770151509883969,0.0154678660668045,0.0267838384655382,0.0187060898315394,-0.0225716693094,NaN,NaN,NaN,NaN,NaN,NaN,NaN,NaN,NaN
