F1_2000Hz,F2_1500Hz,F3_1000Hz,F4_900Hz,F5_800Hz,F6_700Hz,F7_600Hz,F8_500Hz,F9_400Hz,F10_200Hz,F11_100Hz,F12_80Hz,F13_600Hz,F14_600Hz,F15_600Hz,F16_600Hz,F17_600Hz,F18_600Hz
NaN,NaN,0.0299775722523918,0.0322479417227441,0.03571401804705,0.0207473978128595,0.0322263680573087,0.0323944562890877,0.0238692124985391,NaN,NaN,NaN,NaN,NaN,NaN,NaN,NaN,NaN
NaN,NaN,0.0349081802269211,0.0378398446046049,0.0291333858670744,0.0317687995460195,0.0308898084040266,0.0320396596410622,0.027050927063101,NaN,NaN,NaN,NaN,NaN,NaN,NaN,NaN,NaN
NaN,NaN,0.0368222157558193,0.028324652244919,0.0288756702842268,0.0329806737330121,0.0271559126849752,0.0366646261730542,0.0225017888151342,NaN,NaN,NaN,NaN,NaN,NaN,NaN,NaN,NaN
NaN,NaN,0.0230640853842488,0.0384177116357023,0.0312628735603842,0.0265947811033887,0.0310140840883832,0.0282051997104039,0.0368430202506715,NaN,NaN,NaN,NaN,NaN,NaN,NaN,NaN,NaN
NaN,NaN,0.0324844877322903,0.0319144537352258,0.0322538566591296,0.0379840366270704,0.0228380218322854,0.0378955552199235,0.0335198564134771,NaN,NaN,NaN,NaN,NaN,NaN,NaN,NaN,NaN
NaN,NaN,0.027614415725111,0.0271711161040002,0.0381437455119643,0.0314690813150567,0.0342661135073286,0.0340966345587124,0.0298404430650407,NaN,NaN,NaN,NaN,NaN,NaN,NaN,NaN,NaN
NaN,NaN,0.0291518057783833,0.0390417350135976,0.0276641686262641,0.0376546464588804,0.0306151800032239,0.0343746157207837,0.0331220326625044,NaN,NaN,NaN,NaN,NaN,NaN,NaN,NaN,NaN
NaN,NaN,0.0347335013648262,0.0327659805916483,0.0335817177595648,0.0311315700140161,0.0257632129068952,0.041295944325005,0.0311118846439058,NaN,NaN,NaN,NaN,NaN,NaN,NaN,NaN,NaN
NaN,NaN,0.0238972838124027,0.0408926827512914,0.0357463163139376,0.0210700452056093,0.030084624158917,0.0302490988591065,0.0366925930284197,NaN,NaN,NaN,NaN,NaN,NaN,NaN,NaN,NaN
NaN,NaN,0.0358392047783127,0.0332737562857801,0.0329836596550498,0.0342342711713476,0.0242125980730634,0.0396592939117303,0.0304531974397833,NaN,NaN,NaN,NaN,NaN,NaN,NaN,NaN,NaN
NaN,NaN,0.0299234810372582,0.0305080821417505,0.040118261128858,0.0271288759734792,0.0320547998126131,0.0388298952796807,0.02715875559079,NaN,NaN,NaN,NaN,NaN,NaN,NaN,NaN,NaN
NaN,NaN,0.030596100827097,0.039577264120453,0.0303791601957831,0.03497683328654,0.0325425520713907,0.0347685465433945,0.034155856599682,NaN,NaN,NaN,NaN,NaN,NaN,NaN,NaN,NaN
NaN,NaN,0.035480049540638,0.0358606537483865,0.0345569428803477,0.0287422619488401,0.0248819023545366,0.0431683497348179,0.0303549429081613,NaN,NaN,NaN,NaN,NaN,NaN,NaN,NaN,NaN
NaN,NaN,0.0266890908678761,0.0397052464686567,0.0353696708383116,0.0219149596717519,0.0304846458311658,0.0303274044611802,0.0323998478852445,NaN,NaN,NaN,NaN,NaN,NaN,NaN,NaN,NaN
NaN,NaN,0.0364719080826035,0.0325414945982629,0.0276498076321635,0.0325657881524724,0.0240725085313898,0.0356003107347836,0.0270837282441789,NaN,NaN,NaN,NaN,NaN,NaN,NaN,NaN,NaN
NaN,NaN,0.0311915698548546,0.031992703457945,0.0363429774345908,0.028567955615775,0.0303881608124357,0.036539046637093,0.0232204345666105,NaN,NaN,NaN,NaN,NaN,NaN,NaN,NaN,NaN
NaN,NaN,0.0327070738276234,0.0411016715370351,0.0304290045799765,0.0368972204353971,0.0352859489794355,0.0347783813097825,0.0376619135640794,NaN,NaN,NaN,NaN,NaN,NaN,NaN,NaN,NaN
NaN,NaN,0.0400638329883805,0.0347192620538408,0.0375177104773078,0.0322049751606149,0.0298393510456663,0.0436178246357789,0.0296358314953977,NaN,NaN,NaN,NaN,NaN,NaN,NaN,NaN,NaN
NaN,NaN,0.0325649912556401,0.0401147117518121,0.0397341650726351,0.0301078974929017,0.0373269610281568,0.0360634015717854,0.0331549642287428,NaN,NaN,NaN,NaN,NaN,NaN,NaN,NaN,NaN
NaN,NaN,0.0386715429922333,0.0382576545380289,0.0353534099461588,0.0344751484420461,0.0295760661538225,0.0406924472966542,0.0285397579573328,NaN,NaN,NaN,NaN,NaN,NaN,NaN,NaN,NaN
NaN,NaN,0.0357494252821198,0.0343428400956327,0.0425093759598288,0.0280131295051736,0.0317409813578706,0.0435443619110932,0.0287712102435762,NaN,NaN,NaN,NaN,NaN,NaN,NaN,NaN,NaN
NaN,NaN,0.0328963558276882,0.0428176333807642,0.0341015447678122,0.0310835137691659,0.0369805090303998,0.0382396975376954,0.0411461030744249,NaN,NaN,NaN,NaN,NaN,NaN,NaN,NaN,NaN
NaN,NaN,0.0430356088181725,0.0331938674353296,0.0384003062548193,0.0332739472117585,0.0268319055612665,0.0436795899489274,0.0347772722743684,NaN,NaN,NaN,NaN,NaN,NaN,NaN,NaN,NaN
NaN,NaN,0.0321034277876606,0.0353123096429044,0.0386611697079691,0.0286132551458043,0.0376581579621416,0.0389581756511082,0.0366729980014497,NaN,NaN,NaN,NaN,NaN,NaN,NaN,NaN,NaN
NaN,NaN,0.0350545468827477,0.0386341510020429,0.0304782529177222,0.0359792902794046,0.0296135984535795,0.0432863855579247,0.0378119310043985,NaN,NaN,NaN,NaN,NaN,NaN,NaN,NaN,NaN
NaN,NaN,0.0360481935640564,0.0382963975571329,0.0376171757282767,0.0304750807311696,0.0332343384798151,0.0506504462876668,0.0354270932875806,NaN,NaN,NaN,NaN,NaN,NaN,NaN,NaN,NaN
NaN,NaN,0.0349578197201481,0.0443167647026712,0.0307288159431967,0.0323403708365125,0.0405439168389421,0.0391138369062295,0.0430738476716215,NaN,NaN,NaN,NaN,NaN,NaN,NaN,NaN,NaN
NaN,NaN,0.0472458574076882,0.0362297741376096,0.0320818413795981,0.0363831862535638,0.0321023717697244,0.0465172925808777,0.0336789076827699,NaN,NaN,NaN,NaN,NaN,NaN,NaN,NaN,NaN
NaN,NaN,0.0365398760040989,0.035673048128956,0.0370468896629366,0.0294721767034692,0.0420517094607931,0.0395092950978627,0.0350729671918089,NaN,NaN,NaN,NaN,NaN,NaN,NaN,NaN,NaN
NaN,NaN,0.0411115336319199,0.0384294463001424,0.0325029295684847,0.0401306234028501,0.0326501198287588,0.0424642884948601,0.0384286528133089,NaN,NaN,NaN,NaN,NaN,NaN,NaN,NaN,NaN
NaN,NaN,0.0427758443256607,0.0386563537322218,0.0433872778715643,0.0338864221897287,0.0364014126535039,0.0441033975997319,0.0350108293496305,NaN,NaN,NaN,NaN,NaN,NaN,NaN,NaN,NaN
NaN,NaN,0.0388296256860485,0.041577856769436,0.0396338057519946,0.0345233536985082,0.0392272502358537,0.0317679555931439,0.0382558924757177,NaN,NaN,NaN,NaN,NaN,NaN,NaN,NaN,NaN
NaN,NaN,0.0437514233490219,0.032091982444399,0.0363145534696135,0.0353175483372373,0.0247953266080003,0.0348953740516057,0.0280287226341898,NaN,NaN,NaN,NaN,NaN,NaN,NaN,NaN,NaN
NaN,NaN,0.0270971405407181,0.0290378963254625,0.0393092398347411,0.025593907358901,0.0304816283460241,0.0283832499602189,0.0316123401426012,NaN,NaN,NaN,NaN,NaN,NaN,NaN,NaN,NaN
NaN,NaN,0.0307890336116543,0.0392114778660471,0.030277571529344,0.0359974138167066,0.0206300795252901,0.0329513126829018,0.0404177343152696,NaN,NaN,NaN,NaN,NaN,NaN,NaN,NaN,NaN
NaN,NaN,0.0369550223549595,0.0324386207066709,0.0426395748557601,0.0337901793148679,0.0299747653480154,0.0379000255682816,0.0375517008505994,NaN,NaN,NaN,NaN,NaN,NaN,NaN,NaN,NaN
NaN,NaN,0.0306737358769169,0.0410466676257784,0.0360301648082289,0.0330709747698468,0.0364217154856306,0.029482508621489,0.0423201283119852,NaN,NaN,NaN,NaN,NaN,NaN,NaN,NaN,NaN
NaN,NaN,0.035383229245781,0.0324391795002157,0.0310433794559989,0.0283525407042665,0.0218398302968126,0.037635157428061,0.0309553106926614,NaN,NaN,NaN,NaN,NaN,NaN,NaN,NaN,NaN
NaN,NaN,0.0224409001966706,0.0327264738880331,0.0325842526557002,0.0179477862742109,0.0269724421377759,0.0319424481907239,0.0318254826270277,NaN,NaN,NaN,NaN,NaN,NaN,NaN,NaN,NaN
NaN,NaN,0.0242207507690182,0.0363194605015451,0.0211007286610159,0.0251860439505739,0.0182162031705957,0.0319005014219632,0.0328762007557089,NaN,NaN,NaN,NaN,NaN,NaN,NaN,NaN,NaN
NaN,NaN,0.0342650274833431,0.0260788796149427,0.034240162819818,0.0256407156315011,0.0255899124022108,0.0358744548478474,0.0255920847557718,NaN,NaN,NaN,NaN,NaN,NaN,NaN,NaN,NaN
NaN,NaN,0.0275653350254288,0.0295587664149934,0.0292295169832263,0.0220352120425863,0.0297247424896341,0.0250308425941815,0.0273632367752725,NaN,NaN,NaN,NaN,NaN,NaN,NaN,NaN,NaN
NaN,NaN,0.0330307456752053,0.0259187480114633,0.0239941243829283,0.0214747793700856,0.0184897884901147,0.0288374001005044,0.020953465034836,NaN,NaN,NaN,NaN,NaN,NaN,NaN,NaN,NaN
NaN,NaN,0.023745310594677,0.0276663934491808,0.0269965407254252,0.0133342005040807,0.022185090201674,0.0242139236846318,0.0212789622746641,NaN,NaN,NaN,NaN,NaN,NaN,NaN,NaN,NaN
NaN,NaN,0.0249936926265946,0.0292019394837553,0.023141163289741,0.0254139758374852,0.0214823886926752,0.0246466534057011,0.0254578625463182,NaN,NaN,NaN,NaN,NaN,NaN,NaN,NaN,NaN
NaN,NaN,0.0331242690881481,0.0190603954397375,0.0308379669489417,0.0250946439531011,0.0289397493179422,0.0301351794817795,0.0197233555518324,NaN,NaN,NaN,NaN,NaN,NaN,NaN,NaN,NaN
NaN,NaN,0.0180538307031384,0.0226482225261861,0.0264551256598982,0.0161882944133443,0.0268136330123525,0.0205167034485688,0.024630103042,NaN,NaN,NaN,NaN,NaN,NaN,NaN,NaN,NaN
NaN,NaN,0.0253684568306198,0.0247440708481008,0.0212030065061602,0.0216612860288781,0.0155650630767923,0.0261467346766343,0.020430322518223,NaN,NaN,NaN,NaN,NaN,NaN,NaN,NaN,NaN
NaN,NaN,0.0157048861583462,0.0207813864253694,0.0281998839976344,0.0163551687922639,0.0206099257047754,0.0206083269634595,0.0184106563829118,NaN,NaN,NaN,NaN,NaN,NaN,NaN,NaN,NaN
NaN,NaN,0.021274921586155,0.0290927325986559,0.0238462117316279,0.0285609520700139,0.0199550196703058,0.0257609808662285,0.0283026618562872,NaN,NaN,NaN,NaN,NaN,NaN,NaN,NaN,NaN
NaN,NaN,0.0310353125532856,0.020857419600361,0.0333934043349776,0.026338499757306,0.0232757434423547,0.031317307225739,0.0214456876419717,NaN,NaN,NaN,NaN,NaN,NaN,NaN,NaN,NaN
NaN,NaN,0.0208676169713726,0.0297640112839872,0.0301820550860915,0.0147604278948468,0.0247228883381467,0.0267184736051907,0.0346556787990266,NaN,NaN,NaN,NaN,NaN,NaN,NaN,NaN,NaN
NaN,NaN,0.0307224626740208,0.0311915984057123,0.0246046063305888,0.0251363299515409,0.0177262716169935,0.0341010117748131,0.0320389417611295,NaN,NaN,NaN,NaN,NaN,NaN,NaN,NaN,NaN
NaN,NaN,0.0267118337651482,0.0193332729540998,0.0367113527657542,0.0238012976672811,0.026022940146504,0.034120755813395,0.0309465748869115,NaN,NaN,NaN,NaN,NaN,NaN,NaN,NaN,NaN
NaN,NaN,0.0308438140054932,0.0319748779438669,0.0257118557395491,0.0350064865973157,0.0304566502745729,0.0316630700447907,0.0382407677971059,NaN,NaN,NaN,NaN,NaN,NaN,NaN,NaN,NaN
NaN,NaN,0.0338395993312588,0.0210738403402502,0.0301734682919535,0.0255217112329168,0.0265363782818895,0.0356663973846783,0.0243721639417345,NaN,NaN,NaN,NaN,NaN,NaN,NaN,NaN,NaN
NaN,NaN,0.0222863565286389,0.0350043212674791,0.0273656424881968,0.0158535398271245,0.0271443456585985,0.0284317159870019,0.0318444257281953,NaN,NaN,NaN,NaN,NaN,NaN,NaN,NaN,NaN
NaN,NaN,0.0281149084767094,0.0289504265092546,0.0184994143249545,0.0274414278295202,0.0218796722765546,0.0282722735622277,0.0288427544437582,NaN,NaN,NaN,NaN,NaN,NaN,NaN,NaN,NaN
NaN,NaN,0.0217332440515747,0.0212773529492551,0.0352008965613398,0.0286496326055688,0.0253775894816499,0.0294364081540455,0.0280115117930109,NaN,NaN,NaN,NaN,NaN,NaN,NaN,NaN,NaN
NaN,NaN,0.0245768140157452,0.0316913274727995,0.0288395349683318,0.0382214866306943,0.0320108972664457,0.0275684730925908,0.0342477595113451,NaN,NaN,NaN,NaN,NaN,NaN,NaN,NaN,NaN
NaN,NaN,0.0294436263939133,0.0248544325731928,0.0357383069397959,0.0291496596958799,0.0271219380374532,0.0330225402334084,0.0274342408083612,NaN,NaN,NaN,NaN,NaN,NaN,NaN,NaN,NaN
NaN,NaN,0.0206964771350613,0.0363616307877237,0.0324881774189028,0.0227973319318456,0.0264447361405473,0.0248359912851204,0.0306814273499185,NaN,NaN,NaN,NaN,NaN,NaN,NaN,NaN,NaN
NaN,NaN,0.0249815481802216,0.028616398354643,0.0291313928367648,0.0317303731765909,0.0196252755995374,0.0257935399034371,0.0312215571902925,NaN,NaN,NaN,NaN,NaN,NaN,NaN,NaN,NaN
NaN,NaN,0.0240609544416657,0.0236225349508459,0.0401142378153357,0.0255639001455468,0.0196645774121862,0.029224662653481,0.0268187855981523,NaN,NaN,NaN,NaN,NaN,NaN,NaN,NaN,NaN
NaN,NaN,0.0205453793605557,0.0305512023769552,0.0324219603838477,0.0237097672846479,0.0233536206360441,0.0250701630332818,0.0315288750134641,NaN,NaN,NaN,NaN,NaN,NaN,NaN,NaN,NaN
NaN,NaN,0.0306869792839279,0.0275900995038683,0.0372592870893034,0.0192099332537813,0.0187457718129735,0.0329842628755917,0.0261473392747575,NaN,NaN,NaN,NaN,NaN,NaN,NaN,NaN,NaN
NaN,NaN,0.0202223780652275,0.0291806867026025,0.0315326404573473,0.0160855509069127,0.0235807888384443,0.02105143161801,0.0287176219426328,NaN,NaN,NaN,NaN,NaN,NaN,NaN,NaN,NaN
NaN,NaN,0.022563424994587,0.0281970796786482,0.024214121401504,0.0251256011154813,0.0155286111112218,0.0226116204479088,0.025297209402197,NaN,NaN,NaN,NaN,NaN,NaN,NaN,NaN,NaN
NaN,NaN,0.019480039467453,0.0166938861511881,0.0319872376324687,0.0162622786786718,0.0157133296306711,0.0251752907255044,0.0145139095984632,NaN,NaN,NaN,NaN,NaN,NaN,NaN,NaN,NaN
NaN,NaN,0.0140818516811123,0.0241917779349023,0.0183062021436247,0.00538590249683087,0.0198227532382589,0.0160990865745892,0.021015062709921,NaN,NaN,NaN,NaN,NaN,NaN,NaN,NaN,NaN
NaN,NaN,0.0202222663065186,0.0140206364594633,0.0176376801731143,0.00596617234017079,0.010846517252503,0.0203133584776272,0.0115105060540373,NaN,NaN,NaN,NaN,NaN,NaN,NaN,NaN,NaN
NaN,NaN,0.00458359076583293,0.010184705039137,0.0179438804091963,0.00596151572729771,0.0177754454489332,0.010434410146748,0.0149838922225172,NaN,NaN,NaN,NaN,NaN,NaN,NaN,NaN,NaN
NaN,NaN,0.00573610245191958,0.0114277599059278,0.0112636525930914,0.0132092915203733,0.00833637939649634,0.00748567523745199,0.0136320775054628,NaN,NaN,NaN,NaN,NaN,NaN,NaN,NaN,NaN
NaN,NaN,0.00820371611916926,0.000778291156166233,0.0168474343421015,0.00368731913234418,0.00544993134099059,0.0144493790188183,0.000239249100559391,NaN,NaN,NaN,NaN,NaN,NaN,NaN,NaN,NaN
NaN,NaN,0.00158458306395915,0.0127719191514188,0.0104935792090449,-0.00298694821928317,0.0126034759159666,0.00634212287453314,0.010480593671673,NaN,NaN,NaN,NaN,NaN,NaN,NaN,NaN,NaN
NaN,NaN,0.013739963163971,0.00522857882606331,0.0120522406699214,0.00938917395736401,0.00416135342675261,0.0110540749349942,0.00304010861145798,NaN,NaN,NaN,NaN,NaN,NaN,NaN,NaN,NaN
NaN,NaN,0.000156586160301233,0.0048921851121122,0.0150083889069113,0.00350120362903302,0.00608051122981124,0.0047020079412808,0.00611501910316292,NaN,NaN,NaN,NaN,NaN,NaN,NaN,NaN,NaN
NaN,NaN,0.00615644558274653,0.0118215789698297,0.00819416239877076,0.00866270509626096,0.00157063754159026,0.00418016927627226,0.00967552118527237,NaN,NaN,NaN,NaN,NaN,NaN,NaN,NaN,NaN
NaN,NaN,0.00996724992000964,0.00425756328331772,0.0135202658178362,-0.000275514301999161,0.00335035772877745,0.013660697809731,0.00159188338147942,NaN,NaN,NaN,NaN,NaN,NaN,NaN,NaN,NaN
NaN,NaN,0.000929714282392526,0.0162463856540853,0.00774656876941056,-0.00142351838682468,0.00911649243789725,0.00602819266108175,0.00944598742353264,NaN,NaN,NaN,NaN,NaN,NaN,NaN,NaN,NaN
NaN,NaN,0.00963791563117411,0.00903765090333764,0.00986976072211595,0.0115748949077291,0.00126393439131789,0.0149452710368981,0.00364859752880875,NaN,NaN,NaN,NaN,NaN,NaN,NaN,NaN,NaN
NaN,NaN,-0.00169538603222463,0.00649208553659264,0.0148581479491744,0.000258506062285354,0.00435143636423163,0.00875607373503347,0.00393287443148438,NaN,NaN,NaN,NaN,NaN,NaN,NaN,NaN,NaN
NaN,NaN,0.00649092077219393,0.0134504621528322,0.00399551808853479,0.00280813199545567,0.00546423645573668,0.00976294519690176,0.0145099980436498,NaN,NaN,NaN,NaN,NaN,NaN,NaN,NaN,NaN
NaN,NaN,0.0129862438043347,0.0024781411193544,0.0158272635938677,0.00288466808463757,0.00983875172096305,0.0203548768380036,0.00926415600406472,NaN,NaN,NaN,NaN,NaN,NaN,NaN,NaN,NaN
NaN,NaN,0.00561754508817103,0.015311095645302,0.0122775276007208,0.01130380553271,0.0170109786267858,0.013120418957745,0.0158718524180586,NaN,NaN,NaN,NaN,NaN,NaN,NaN,NaN,NaN
NaN,NaN,0.0146009336313,0.00840831898676697,0.0123981711270365,0.0200155086543721,0.00545855538803153,0.0210332522013535,0.0107050982915098,NaN,NaN,NaN,NaN,NaN,NaN,NaN,NaN,NaN
NaN,NaN,0.00825583293044474,0.0084220466815168,0.0171045538785014,0.00417302248145764,0.00931369067984633,0.0151954801597943,0.00861141063796822,NaN,NaN,NaN,NaN,NaN,NaN,NaN,NaN,NaN
NaN,NaN,0.0155064399441471,0.0182092224858934,0.00555404916425081,0.00673622709776586,0.0119633220310789,0.012003912202393,0.0171152425609762,NaN,NaN,NaN,NaN,NaN,NaN,NaN,NaN,NaN
NaN,NaN,0.0202106620272389,0.00542924158798996,0.0153421376647505,0.0127700797941846,0.00782694594818167,0.0213859999397149,0.0126414296828443,NaN,NaN,NaN,NaN,NaN,NaN,NaN,NaN,NaN
NaN,NaN,0.00957179172837641,0.0156519783340627,0.0151188623907122,0.0146460614826841,0.0132962308998685,0.0152270333686223,0.0169479770265752,NaN,NaN,NaN,NaN,NaN,NaN,NaN,NaN,NaN
NaN,NaN,0.0157705071469536,0.0115134043298895,0.0142585065962824,0.0192825950410528,0.00412614943343215,0.0199770951488366,0.0145994050108129,NaN,NaN,NaN,NaN,NaN,NaN,NaN,NaN,NaN
NaN,NaN,0.0128807808359852,0.0124144216679269,0.0178887647392306,0.00280794573094075,0.00792907478171401,0.0150665106096615,0.0104576086305315,NaN,NaN,NaN,NaN,NaN,NaN,NaN,NaN,NaN
NaN,NaN,0.0172164226969471,0.02118941747176,0.0112802673878226,0.00777971816326802,0.0153496481652837,0.0130769634464135,0.0191483756207163,NaN,NaN,NaN,NaN,NaN,NaN,NaN,NaN,NaN
NaN,NaN,0.021074929376482,0.00965444721805397,0.0142061103882346,0.0171423040058774,0.00517424123245291,0.0202650600889077,0.0123092827998335,NaN,NaN,NaN,NaN,NaN,NaN,NaN,NaN,NaN
NaN,NaN,0.00470576166117098,0.0132658181391889,0.0122673016788516,0.00440812555219357,0.0124041542585474,0.0114498311498513,0.0159663071535761,NaN,NaN,NaN,NaN,NaN,NaN,NaN,NaN,NaN
NaN,NaN,0.00965343146526721,0.0075963919662172,0.00657030835767122,0.00338141691948598,0.000470037775812671,0.0122408592918267,0.0136109923623735,NaN,NaN,NaN,NaN,NaN,NaN,NaN,NaN,NaN
NaN,NaN,0.0104647810658207,0.0041723658941919,0.00729141280074449,-0.00847159999345119,0.00517889784532599,0.0062601106086125,0.00447350718604866,NaN,NaN,NaN,NaN,NaN,NaN,NaN,NaN,NaN
NaN,NaN,0.0093451264401665,0.0161988882027799,-0.00226343527416854,0.00644081157709783,0.00931721107917838,0.00687089057949682,0.0107182485662634,NaN,NaN,NaN,NaN,NaN,NaN,NaN,NaN,NaN
NaN,NaN,0.0147963996132603,0.00628061943280045,0.000748070776656583,0.0125613890316648,-0.00313254146021791,0.0183171616711964,0.00198760234343354,NaN,NaN,NaN,NaN,NaN,NaN,NaN,NaN,NaN
NaN,NaN,-0.000830802033306096,0.0127914769254858,0.00508073240537973,-0.00164655151699359,0.00802533628302626,0.0100111985423913,0.00730051823484246,NaN,NaN,NaN,NaN,NaN,NaN,NaN,NaN,NaN
NaN,NaN,0.0114116381009808,0.00671655290352646,-0.000516013353869006,0.00313325670625394,-5.23969356436282e-05,0.0104754442193856,0.0101587099634344,NaN,NaN,NaN,NaN,NaN,NaN,NaN,NaN,NaN
NaN,NaN,0.0126620690425625,-0.00243318847788032,0.00823290541787477,-0.000128924128754685,0.00610260220128112,0.00786029042986532,0.00446864568220917,NaN,NaN,NaN,NaN,NaN,NaN,NaN,NaN,NaN
NaN,NaN,0.00987938894832041,0.0101257523201639,0.000523417145207837,0.016251959624545,0.0108847759838682,0.00658074634460112,0.0111638305388624,NaN,NaN,NaN,NaN,NaN,NaN,NaN,NaN,NaN
NaN,NaN,0.00882451712095645,0.00314602979051415,0.001959293037847,0.0128628581490678,-0.00315463243168779,0.0149033428945889,0.00273459755408112,NaN,NaN,NaN,NaN,NaN,NaN,NaN,NaN,NaN
NaN,NaN,-0.00225444034731481,0.008277449538582,0.0119752202930007,-0.00588539170954997,0.00618556441622786,0.00342307852891584,0.00617251895891968,NaN,NaN,NaN,NaN,NaN,NaN,NaN,NaN,NaN
NaN,NaN,0.00801361455523875,0.00363862492667977,0.00119262829442354,0.00216140297319119,0.000110640394268557,0.00313570963529249,0.0110628565453226,NaN,NaN,NaN,NaN,NaN,NaN,NaN,NaN,NaN
NaN,NaN,0.0047822604974499,-0.00269068054331001,0.00881341740508409,0.0057578727331323,0.00281970875221305,0.00801401453403135,0.00720889471995179,NaN,NaN,NaN,NaN,NaN,NaN,NaN,NaN,NaN
NaN,NaN,0.00181607260310557,0.0134688092075521,0.00376862928290696,0.0150519318607015,0.00929800720768981,0.00513626503137251,0.0167331767879659,NaN,NaN,NaN,NaN,NaN,NaN,NaN,NaN,NaN
NaN,NaN,0.00442988528811839,0.00991817914473359,0.00404521346111627,0.0110323063757581,-0.00210896207136102,0.014418794385468,0.0103648861550028,NaN,NaN,NaN,NaN,NaN,NaN,NaN,NaN,NaN
NaN,NaN,0.000999321331619289,0.017229396631592,0.0128239159287962,-0.00330050590370471,0.0075396329339128,0.00841152163532873,0.0106895824574167,NaN,NaN,NaN,NaN,NaN,NaN,NaN,NaN,NaN
NaN,NaN,0.0123830447992077,0.0104624626837904,0.00139047846217485,0.00799407136704152,0.00250585304456763,0.0117071555772175,0.011920325239771,NaN,NaN,NaN,NaN,NaN,NaN,NaN,NaN,NaN
NaN,NaN,0.0142704258760205,0.00516107656585518,0.00828653097172113,0.0107484392550153,0.00359741898137145,0.0205628039160122,0.00635354944097344,NaN,NaN,NaN,NaN,NaN,NaN,NaN,NaN,NaN
NaN,NaN,0.00426144628727343,0.0142768619261915,0.00273948058505388,0.0079234026100797,0.0100501991983037,0.0117699453451981,0.0131628771923715,NaN,NaN,NaN,NaN,NaN,NaN,NaN,NaN,NaN
NaN,NaN,0.0152933160861721,0.00809045859205071,0.00430413976331086,0.00620522421862309,0.000975671428022906,0.0163648115315785,0.0101288703881437,NaN,NaN,NaN,NaN,NaN,NaN,NaN,NaN,NaN
NaN,NaN,0.0130051869055023,0.00807689853536431,0.0141203728320155,0.000249267342345171,0.0164439521904569,0.0104869553664078,0.00419757493364159,NaN,NaN,NaN,NaN,NaN,NaN,NaN,NaN,NaN
NaN,NaN,0.0146290223201504,0.011004734566086,0.00242961093802781,0.0146062381293935,0.00914642514544539,0.0111462572434296,0.00672928222047631,NaN,NaN,NaN,NaN,NaN,NaN,NaN,NaN,NaN
NaN,NaN,0.0167264911433449,0.00573929749953095,0.00874004781265588,0.0136167078938646,0.00930095018702559,0.0210016431131711,0.00303630881535355,NaN,NaN,NaN,NaN,NaN,NaN,NaN,NaN,NaN
NaN,NaN,-0.000394514660001729,0.0123565679095918,0.00304422795791955,0.00447823551561063,0.0116174847062211,0.0053356239416947,0.0137645115755731,NaN,NaN,NaN,NaN,NaN,NaN,NaN,NaN,NaN
NaN,NaN,0.011739333262085,0.00126446016656701,-0.00123309448341994,0.00290681493546193,0.0010030523117166,0.0114333653667321,0.00947210170852486,NaN,NaN,NaN,NaN,NaN,NaN,NaN,NaN,NaN
NaN,NaN,0.0010092306038132,-0.00322721547854599,0.00705562055130334,-0.00110621678565318,0.00825345443445258,0.0070731924691548,0.00256539486872498,NaN,NaN,NaN,NaN,NaN,NaN,NaN,NaN,NaN
NaN,NaN,0.00258707730972674,0.00340992935525719,-0.0053603249786344,0.0116206228461427,0.0016109824355226,0.00863602625516554,0.00820332371222321,NaN,NaN,NaN,NaN,NaN,NaN,NaN,NaN,NaN
NaN,NaN,0.00320759891474154,-0.00246222711575683,0.00193556293864579,0.00699131635095303,-0.00323506144923158,0.0144775235870232,0.000191863407962956,NaN,NaN,NaN,NaN,NaN,NaN,NaN,NaN,NaN
NaN,NaN,-0.00301747293269727,0.0112711487017805,-0.00118166685084967,-0.00583117010925586,0.00242108406382613,0.00298651175883909,0.0148700287245447,NaN,NaN,NaN,NaN,NaN,NaN,NaN,NaN,NaN
NaN,NaN,0.0131779099901905,0.00245023869501892,-0.00604026496390967,0.00161313337351506,-0.00386226995033212,0.0114833960154404,0.00632614993082825,NaN,NaN,NaN,NaN,NaN,NaN,NaN,NaN,NaN
NaN,NaN,0.00252182885014918,0.000312834759824909,0.00796101510544153,8.10891118211074e-05,0.0048441432591062,0.0109337294319024,0.00390621997939888,NaN,NaN,NaN,NaN,NaN,NaN,NaN,NaN,NaN
NaN,NaN,0.00846778332197573,0.00979179867135826,-0.00132686004023223,0.00726510656143849,0.00266255738097243,0.00975989045885702,0.0114064773224527,NaN,NaN,NaN,NaN,NaN,NaN,NaN,NaN,NaN
NaN,NaN,0.00847571819031146,0.00137696393358056,0.00686782866735788,0.00153648552562421,0.00265559108811431,0.0113125914552559,0.00435584389197174,NaN,NaN,NaN,NaN,NaN,NaN,NaN,NaN,NaN
NaN,NaN,0.00346771730983165,0.0113972125254804,9.0743303492978e-05,-0.00839098471139247,0.00931741597014479,0.00293072553661963,0.0105817353032762,NaN,NaN,NaN,NaN,NaN,NaN,NaN,NaN,NaN
NaN,NaN,0.00961724027001765,0.00307506301032845,-0.00229409441332488,0.00464790386225408,0.0027381994004827,0.0108600618162503,0.00219010912405793,NaN,NaN,NaN,NaN,NaN,NaN,NaN,NaN,NaN
NaN,NaN,0.00444711475574877,0.00336941682326142,0.0122112733127627,0.0046410679545564,0.00985577629762702,0.0138258213022103,0.00181653701292817,NaN,NaN,NaN,NaN,NaN,NaN,NaN,NaN,NaN
NaN,NaN,0.00371516971790698,0.0124153902434045,0.00560095056910844,0.0127822056141061,0.00935675503569655,0.00738322975424429,0.0154863407515222,NaN,NaN,NaN,NaN,NaN,NaN,NaN,NaN,NaN
NaN,NaN,0.00889280169212725,0.00855777763354126,0.0117888440193686,0.00526568737889951,0.00546850191312842,0.00886770205882689,0.0100085435115034,NaN,NaN,NaN,NaN,NaN,NaN,NaN,NaN,NaN
NaN,NaN,0.00162930517399218,0.0136468967102701,0.00486591354031892,0.00347546187307065,0.0148576863284688,-2.46403894076722e-05,0.0114718747936422,NaN,NaN,NaN,NaN,NaN,NaN,NaN,NaN,NaN
NaN,NaN,0.00482457979524043,0.00662608422862832,-0.000877441018625781,0.0142572715606851,0.00131795110064559,0.0107477256873002,0.00387869008409325,NaN,NaN,NaN,NaN,NaN,NaN,NaN,NaN,NaN
NaN,NaN,0.000133638372062709,0.00630347408878151,0.0128480744363818,0.00381993946696942,0.00318977909046225,0.0138153346100201,0.00298009418474976,NaN,NaN,NaN,NaN,NaN,NaN,NaN,NaN,NaN
NaN,NaN,-0.00192763925588224,0.0139258650742704,0.00271211832781167,0.00338583138848966,0.00299330728012137,0.00445386635450026,0.0173894425533945,NaN,NaN,NaN,NaN,NaN,NaN,NaN,NaN,NaN
NaN,NaN,0.00962668388092425,0.00663049869763199,0.00862227275987001,-0.000633849975808211,0.000682453828630969,0.0106716552594056,0.00915329136478249,NaN,NaN,NaN,NaN,NaN,NaN,NaN,NaN,NaN
NaN,NaN,0.00077004834020045,0.00799803413974587,0.00490825146456094,2.75194373292251e-05,0.011387708800612,0.00603439526942869,0.00615176909195725,NaN,NaN,NaN,NaN,NaN,NaN,NaN,NaN,NaN
NaN,NaN,0.00796233593428042,0.00711774804221932,0.00100994005818696,0.0110225088622731,0.000823158043203875,0.0149109424867978,0.00218813472019974,NaN,NaN,NaN,NaN,NaN,NaN,NaN,NaN,NaN
NaN,NaN,0.00350426240765956,0.00707488857733551,0.0137175199391398,-0.000144495842202254,0.00283092187601142,0.015537685326611,0.00262850128638092,NaN,NaN,NaN,NaN,NaN,NaN,NaN,NaN,NaN
NaN,NaN,0.00313521652424243,0.0168492121301824,0.00470499962587686,-0.00133575054739291,0.00627620072918944,0.00557737665561338,0.012218273957842,NaN,NaN,NaN,NaN,NaN,NaN,NaN,NaN,NaN
NaN,NaN,0.0121460045775166,0.00429414563404862,0.00514827191849084,0.000788056078211717,0.00358633624273352,0.00758098678973814,0.000263631125562824,NaN,NaN,NaN,NaN,NaN,NaN,NaN,NaN,NaN
NaN,NaN,-0.00189956919348333,9.73825954133645e-05,-0.00118019536118178,-0.0026419863376456,0.0116982117469888,0.00297373401311537,-0.00249803833139595,NaN,NaN,NaN,NaN,NaN,NaN,NaN,NaN,NaN
NaN,NaN,-0.000701050172210668,-0.000496056149131618,-0.00717936560492186,0.00622856316234296,-0.0044133335177321,0.00547638403562208,-0.00189733527076896,NaN,NaN,NaN,NaN,NaN,NaN,NaN,NaN,NaN
NaN,NaN,-0.00218677044904325,-0.00357845447433647,0.00251687586326928,-0.00374454188082988,-0.00245379356783815,0.0059084245779862,-0.00119766987336334,NaN,NaN,NaN,NaN,NaN,NaN,NaN,NaN,NaN
NaN,NaN,-0.00296274841821286,0.00913363300787751,-0.00217278033475547,-0.00204072448347385,0.00251563193160109,-0.00207682830902437,0.00566502266156022,NaN,NaN,NaN,NaN,NaN,NaN,NaN,NaN,NaN
NaN,NaN,0.00597578762972262,-0.00231822601926979,0.00239533826728196,0.00329454314972585,0.00117946343380027,0.00421241166380545,-0.00691187403572258,NaN,NaN,NaN,NaN,NaN,NaN,NaN,NaN,NaN
NaN,NaN,-0.00357872516906354,-0.00372841603530105,0.00299460709114404,-0.00256595316265399,0.00518882574397139,0.00448160114077231,-0.00333701095951255,NaN,NaN,NaN,NaN,NaN,NaN,NaN,NaN,NaN
NaN,NaN,-0.00243575022614095,0.000657554497593082,-0.000493438094660329,0.00554873493577664,-0.00610433591646142,0.0039269612946858,0.00749929972516838,NaN,NaN,NaN,NaN,NaN,NaN,NaN,NaN,NaN
NaN,NaN,0.00620643897855189,-0.00167423508537468,0.0114620988072905,-0.00690472426746661,-0.00175464971107431,0.0096652494588246,0.00655858941900078,NaN,NaN,NaN,NaN,NaN,NaN,NaN,NaN,NaN
NaN,NaN,-0.000509868274093602,0.00955500059353653,0.00359085842986436,0.000582922967926912,0.00529000462847762,0.000346286765610181,0.0104074848495657,NaN,NaN,NaN,NaN,NaN,NaN,NaN,NaN,NaN
NaN,NaN,0.00540788575017359,0.00191763394104782,0.00377764448542924,-6.08817014532761e-05,0.00240102337556891,0.00994555892733236,-0.00462406150472816,NaN,NaN,NaN,NaN,NaN,NaN,NaN,NaN,NaN
NaN,NaN,-0.0123336044052849,0.00452878304349724,0.00486637920160623,-0.0054757587883311,0.00157844202476554,0.00553177910236021,-0.000406772116548382,NaN,NaN,NaN,NaN,NaN,NaN,NaN,NaN,NaN
NaN,NaN,-0.00152670488751027,0.01146473341214,-0.00307633087019591,0.00466757339502995,-0.00551713703316636,0.00700291486767431,0.0138766800664598,NaN,NaN,NaN,NaN,NaN,NaN,NaN,NaN,NaN
NaN,NaN,0.00624810635054019,0.00777772047149483,0.0129893001915965,0.00652433258558934,0.00556880535441451,0.0176931569197526,0.00927874051558319,NaN,NaN,NaN,NaN,NaN,NaN,NaN,NaN,NaN
NaN,NaN,0.00118282913172152,0.015233460595482,0.00639846071620317,0.0123989850011033,0.016072000580607,0.00646047534731527,0.0137968098424608,NaN,NaN,NaN,NaN,NaN,NaN,NaN,NaN,NaN
NaN,NaN,0.0075615505775204,0.00743007638084237,0.00812343776245446,0.0141430727865857,0.00959092678385787,0.0163771794953694,0.00421083696710411,NaN,NaN,NaN,NaN,NaN,NaN,NaN,NaN,NaN
NaN,NaN,-0.0044328411022434,0.0102419254981214,0.0116391618551764,0.00608322096134847,0.0078634537931066,0.0118651078858723,0.0100243946217233,NaN,NaN,NaN,NaN,NaN,NaN,NaN,NaN,NaN
NaN,NaN,0.0042094598611584,0.0176425685785944,0.00398242369313569,0.0150678574767274,0.00492773877340369,0.0143305236318459,0.020289655556553,NaN,NaN,NaN,NaN,NaN,NaN,NaN,NaN,NaN
NaN,NaN,0.00963130324089434,0.00676663943158928,0.0177841585876498,0.0138453103330297,0.0072601244028192,0.0184868672707429,0.0083690246246988,NaN,NaN,NaN,NaN,NaN,NaN,NaN,NaN,NaN
NaN,NaN,-0.000701255063177083,0.0119553541444475,0.0105527368189845,0.00962410939003652,0.0163636163051706,0.008903762868916,0.0119055917166406,NaN,NaN,NaN,NaN,NaN,NaN,NaN,NaN,NaN
NaN,NaN,0.000372168709873225,0.00716619544255082,0.0115255218746218,0.0136585615303678,0.00471934603410773,0.0136927353062977,0.0080812645755941,NaN,NaN,NaN,NaN,NaN,NaN,NaN,NaN,NaN
NaN,NaN,-0.00409985602891538,0.0103056652151281,0.0117371183635745,0.00679810416962331,0.00809881763416342,0.0126407878318181,0.0159382743440801,NaN,NaN,NaN,NaN,NaN,NaN,NaN,NaN,NaN
NaN,NaN,0.000757084329961803,0.0231164915167028,0.00721856474895806,0.0120725564387006,0.00524679126101546,0.0151301013150563,0.0187856627308065,NaN,NaN,NaN,NaN,NaN,NaN,NaN,NaN,NaN
NaN,NaN,0.00743069975578692,0.0095679273508722,0.0154828232528719,0.00776181814338391,0.00625479893642478,0.0196426944651951,0.00447235234605614,NaN,NaN,NaN,NaN,NaN,NaN,NaN,NaN,NaN
NaN,NaN,-0.00948601112759206,0.014680087348097,0.00489554822464318,0.000372164669291429,0.00874254779773764,0.00625254826930662,0.00571935602056328,NaN,NaN,NaN,NaN,NaN,NaN,NaN,NaN,NaN
NaN,NaN,-0.00604408503568265,0.00465805061685387,-0.00241909652928977,0.00529971790577596,-0.00423310397309251,0.0126581476846089,0.00702046953665558,NaN,NaN,NaN,NaN,NaN,NaN,NaN,NaN,NaN
NaN,NaN,-0.00895942271745298,0.00244457625376526,-0.00185845896582274,-0.00534066113565738,-0.00393677575630136,0.00674328076032301,0.0062797700666124,NaN,NaN,NaN,NaN,NaN,NaN,NaN,NaN,NaN
NaN,NaN,-0.00461631164944265,0.00899706386553589,-0.00944624200443892,-0.000468689230425904,-0.00593986434978433,0.00303011628178259,0.00199935563432518,NaN,NaN,NaN,NaN,NaN,NaN,NaN,NaN,NaN
NaN,NaN,0.00449638171994593,-0.00607628024590667,-0.0009873557088819,-0.00621003213260944,-0.00607501788181253,0.00843553113130232,-0.0156353490747279,NaN,NaN,NaN,NaN,NaN,NaN,NaN,NaN,NaN
NaN,NaN,-0.0161198218265781,0.00247773133742157,-0.00452396005372672,-0.0117244489762622,0.000257826613960788,-0.00606579465481142,-0.00747599474561866,NaN,NaN,NaN,NaN,NaN,NaN,NaN,NaN,NaN
NaN,NaN,-0.00306940347945783,-0.00497242085111793,-0.012158663123652,-2.89745900469516e-05,-0.0104780688707251,0.00308465453175207,-0.00132736585510429,NaN,NaN,NaN,NaN,NaN,NaN,NaN,NaN,NaN
NaN,NaN,-0.0107020390132675,-0.00931044689787086,-0.00339651957134871,-0.00858768003915126,-0.00713363362592645,-0.00244522226663927,-0.00207436106575187,NaN,NaN,NaN,NaN,NaN,NaN,NaN,NaN,NaN
NaN,NaN,-0.00590211422240827,-0.00211462027800735,-0.012445789873406,-0.00443455877636249,-0.0051576092664618,-0.00118441639157633,-0.000921067068702541,NaN,NaN,NaN,NaN,NaN,NaN,NaN,NaN,NaN
NaN,NaN,-0.00539942354953382,-0.0142814556456869,-0.0022991235552278,-0.00854588228200252,-0.00939529461902566,-0.00120272619339327,-0.0151365885831183,NaN,NaN,NaN,NaN,NaN,NaN,NaN,NaN,NaN
NaN,NaN,-0.0207101617852459,-0.00232731572759803,-0.00155238911490111,-0.0142428383502799,-0.00224433912080713,-0.00892635194274286,-0.00281230382097419,NaN,NaN,NaN,NaN,NaN,NaN,NaN,NaN,NaN
NaN,NaN,-0.0129314203659305,-0.00120704642904457,-0.0109018246827569,-0.000159005847914763,-0.0155624940816779,-0.00253168625446657,2.3480286472477e-05,NaN,NaN,NaN,NaN,NaN,NaN,NaN,NaN,NaN
NaN,NaN,-0.0149012234905967,-0.00327711574209388,-6.45454225984068e-05,-0.00534647258852298,-0.00855671314639039,0.000611806831633054,-0.00227260238898452,NaN,NaN,NaN,NaN,NaN,NaN,NaN,NaN,NaN
NaN,NaN,-0.00528341800963971,0.00471385546552483,-0.00265490740518241,0.000760824206129961,0.00131966473418288,0.00201989205864569,0.00492612995731179,NaN,NaN,NaN,NaN,NaN,NaN,NaN,NaN,NaN
NaN,NaN,-0.00310488686955068,-0.00403865821135696,0.0113570456208739,-0.000622729984267302,-0.00105105413240381,0.00470334904578825,-0.00228104017151054,NaN,NaN,NaN,NaN,NaN,NaN,NaN,NaN,NaN
NaN,NaN,-0.00519179449474904,0.00824997552263085,0.0112515826525244,-0.00312707501385982,0.00662811027723365,0.00226615237382551,0.00621189527737442,NaN,NaN,NaN,NaN,NaN,NaN,NaN,NaN,NaN
NaN,NaN,0.00256619705760386,0.0122235936723882,0.00335549458880754,0.00794759837056821,-0.00614665521425195,0.0069530518570294,0.00784711145388428,NaN,NaN,NaN,NaN,NaN,NaN,NaN,NaN,NaN
NaN,NaN,0.00655985726916697,0.00447592117416207,0.0100026045741591,0.00200853568579381,0.00414896683651023,0.0188708888211598,0.00236463897454087,NaN,NaN,NaN,NaN,NaN,NaN,NaN,NaN,NaN
NaN,NaN,0.0010864744981518,0.0124200468562776,0.00565722107906671,0.00181604993607228,0.00933716000872664,0.0110071735301365,0.00968483441101853,NaN,NaN,NaN,NaN,NaN,NaN,NaN,NaN,NaN
NaN,NaN,0.0129331770440331,0.00197250746714417,0.015961131900743,0.00448402834202474,0.00756367968278937,0.0200807513513913,0.0108981800876791,NaN,NaN,NaN,NaN,NaN,NaN,NaN,NaN,NaN
NaN,NaN,0.00369939311349299,0.016634635408991,0.0129035626353774,0.00723115054036801,0.0147666029806715,0.0111228437939038,0.0161546392046148,NaN,NaN,NaN,NaN,NaN,NaN,NaN,NaN,NaN
NaN,NaN,0.0113319913943997,0.0190925260685617,0.0068314325811419,0.0191201537575883,0.00841202141600661,0.0209837803461899,0.0179121566616232,NaN,NaN,NaN,NaN,NaN,NaN,NaN,NaN,NaN
NaN,NaN,0.0162232230504742,0.0115960126422578,0.0136255425216708,0.0107789680090112,0.0178704776044469,0.0275661634126057,0.0088451726041967,NaN,NaN,NaN,NaN,NaN,NaN,NaN,NaN,NaN
NaN,NaN,0.00757879867160227,0.0215899979375536,0.0143142741920504,0.00665637550021832,0.019437297451077,0.0155629986741891,0.0178317276440794,NaN,NaN,NaN,NaN,NaN,NaN,NaN,NaN,NaN
NaN,NaN,0.0183993886312237,0.0138972548447782,0.0131295573713336,0.0176263868537111,0.0102465219970327,0.0218954333880295,0.0128264275990659,NaN,NaN,NaN,NaN,NaN,NaN,NaN,NaN,NaN
NaN,NaN,0.00346447630727198,0.0186717359028989,0.0146881256999526,0.00956741047169393,0.0131289467390161,0.00747274848011633,0.0141898652218515,NaN,NaN,NaN,NaN,NaN,NaN,NaN,NaN,NaN
NaN,NaN,0.0135087902744999,0.015480484595173,0.00101951405425401,0.0158435746755761,0.00644871892291121,0.0135671557703366,0.0149376986228162,NaN,NaN,NaN,NaN,NaN,NaN,NaN,NaN,NaN
NaN,NaN,0.0119812908669701,0.00287786476837937,0.010564825386003,0.00237014961506551,0.00592337848502211,0.0130950124779095,0.0029417236946756,NaN,NaN,NaN,NaN,NaN,NaN,NaN,NaN,NaN
NaN,NaN,0.0072817999025574,0.0175276992522413,0.00965512812157006,0.00182368678118413,0.00931840317207389,0.00855583938149115,0.0158339848421747,NaN,NaN,NaN,NaN,NaN,NaN,NaN,NaN,NaN
NaN,NaN,0.0131316232582321,0.0112072227202589,0.00860707357545228,0.0116427324440641,-0.00220064146560617,0.00911372023013731,0.00937574707495514,NaN,NaN,NaN,NaN,NaN,NaN,NaN,NaN,NaN
NaN,NaN,0.000834309597848918,0.0129481998883421,0.0087116611005816,-0.00145674797628696,0.00535577462869696,0.00508280711558958,0.0119063367747003,NaN,NaN,NaN,NaN,NaN,NaN,NaN,NaN,NaN
NaN,NaN,0.00719203903281596,0.00653816737758461,-0.0053017261622396,0.00611248311664288,0.0029513418849092,0.0107352273383488,0.0115248111687833,NaN,NaN,NaN,NaN,NaN,NaN,NaN,NaN,NaN
NaN,NaN,0.00933968751633074,-0.00356783739698586,0.00414860889335008,-0.00264956730340297,0.00427527280407958,0.0113304914751401,0.00699582674133126,NaN,NaN,NaN,NaN,NaN,NaN,NaN,NaN,NaN
NaN,NaN,0.0041832896968117,0.0116848608158762,0.0024749290945086,0.00349189040328687,0.00547883959370665,0.00461526455668112,0.0159733665786916,NaN,NaN,NaN,NaN,NaN,NaN,NaN,NaN,NaN
NaN,NaN,0.00554521857702639,0.00602472924219909,-0.000943993329807803,0.00545301360155766,-0.00458929760497995,0.00570632757929464,0.00340026967751328,NaN,NaN,NaN,NaN,NaN,NaN,NaN,NaN,NaN
NaN,NaN,-0.00313614205515478,0.00676283963548484,0.00576508685965867,-0.00472751560543353,0.000883675384102389,0.00299874933746954,0.000769413789384998,NaN,NaN,NaN,NaN,NaN,NaN,NaN,NaN,NaN
NaN,NaN,0.00117277084791567,0.0036271510325605,-0.00677172571401267,0.00225310099388783,-0.00318557096761651,0.000939222595964871,0.00593786292301957,NaN,NaN,NaN,NaN,NaN,NaN,NaN,NaN,NaN
NaN,NaN,0.00814977391564752,-0.00256657249701676,0.00675364851971002,0.00291055885221188,-0.00755999310058542,0.00983504819062849,0.00695909537898842,NaN,NaN,NaN,NaN,NaN,NaN,NaN,NaN,NaN
NaN,NaN,-0.00270080463087653,0.0123035942815477,0.00255578652043672,0.0064532354202432,-0.00590158699196763,-0.00712159780475,0.0159750802122289,NaN,NaN,NaN,NaN,NaN,NaN,NaN,NaN,NaN
NaN,NaN,0.00446611373627093,0.00569617726432624,0.0037632089855227,0.00670607087279981,-0.0182220533315558,0.00143969672111174,0.00295733266102616,NaN,NaN,NaN,NaN,NaN,NaN,NaN,NaN,NaN
NaN,NaN,-0.00627475501096342,0.00264432631956879,0.00981445878763527,-0.00236473160718258,-0.0121886476699729,-0.000588314064467944,-0.000661488840705715,NaN,NaN,NaN,NaN,NaN,NaN,NaN,NaN,NaN
NaN,NaN,-0.00146495820081327,0.00649614610301796,-0.00208415567855506,0.00174007264043514,-0.0120639808301348,0.000849741122995816,0.0121887882851297,NaN,NaN,NaN,NaN,NaN,NaN,NaN,NaN,NaN
NaN,NaN,0.00316732852661517,7.27770529920235e-05,0.00372109457869858,0.0090418651428384,-0.0181971683923621,0.00973042341259618,0.00729785465227906,NaN,NaN,NaN,NaN,NaN,NaN,NaN,NaN,NaN
NaN,NaN,-0.0089153339067707,0.00795351692067925,0.000491118878320165,0.00184249949719135,-0.00775076521676965,-0.00498231259795527,0.0130254139803583,NaN,NaN,NaN,NaN,NaN,NaN,NaN,NaN,NaN
NaN,NaN,0.0023108097811928,0.00340083964692894,-0.000927415787979655,0.00529928949739163,-0.0166817948047537,0.00163819881466527,0.00205991022812668,NaN,NaN,NaN,NaN,NaN,NaN,NaN,NaN,NaN
NaN,NaN,-0.00189493120706175,-0.00342374316824132,0.0102816101910624,-0.00355200025175388,-0.00608891321462579,0.0038438873210301,0.0017856916092569,NaN,NaN,NaN,NaN,NaN,NaN,NaN,NaN,NaN
NaN,NaN,0.00336337192857172,0.0127369945548708,-0.000434653013750605,0.0053003325786752,-0.000401661527575925,0.00777092071560521,0.0134860461257631,NaN,NaN,NaN,NaN,NaN,NaN,NaN,NaN,NaN
NaN,NaN,0.0120762485166779,0.010389614632004,0.00909003883619637,0.0126088119771642,-0.00506505442899652,0.0115561323085179,0.00976487227308098,NaN,NaN,NaN,NaN,NaN,NaN,NaN,NaN,NaN
NaN,NaN,0.00443584575259594,0.02050392680394,0.00863844051976533,0.00719542500640576,0.00706644656020217,0.00437753515628476,0.0140903813444311,NaN,NaN,NaN,NaN,NaN,NaN,NaN,NaN,NaN
NaN,NaN,0.0207088264724007,0.0162710098229581,0.00808353990335793,0.0184933736648721,-0.000204016250791028,0.00856695937303205,0.0103826557897264,NaN,NaN,NaN,NaN,NaN,NaN,NaN,NaN,NaN
NaN,NaN,0.0258367258211365,0.0170596165262396,0.0226105143131766,0.0150900602069062,0.0110471613879781,0.0172873796739926,0.0153483373724157,NaN,NaN,NaN,NaN,NaN,NaN,NaN,NaN,NaN
NaN,NaN,0.0313941883941879,0.0391211023234064,0.0197061476113352,0.0339057936992807,0.0137596570129972,0.0177333714285244,0.0278352496825391,NaN,NaN,NaN,NaN,NaN,NaN,NaN,NaN,NaN
NaN,NaN,0.043493242104887,0.0372574327193433,0.0340139818193469,0.0435035384919805,0.010477098840056,0.0269651064494004,0.0257764307461912,NaN,NaN,NaN,NaN,NaN,NaN,NaN,NaN,NaN
NaN,NaN,0.042930294861435,0.0513399054907495,0.0439942766727957,0.038089015307681,0.0262454517360311,0.0205438235619416,0.031157519450062,NaN,NaN,NaN,NaN,NaN,NaN,NaN,NaN,NaN
NaN,NaN,0.0621332350274315,0.0518157554470235,0.0465352785589251,0.0530531711604757,0.0232505232270341,0.0326019363322606,0.0374956166051561,NaN,NaN,NaN,NaN,NaN,NaN,NaN,NaN,NaN
NaN,NaN,0.0702728266915074,0.0551611778937513,0.0650706653298888,0.0523408025231523,0.0399580963130575,0.0423563668349137,0.0420452391408617,NaN,NaN,NaN,NaN,NaN,NaN,NaN,NaN,NaN
NaN,NaN,0.0683149817486992,0.0772494671546156,0.0630153854193244,0.0694580085303945,0.0449718155141454,0.0390847796419014,0.0591407080792123,NaN,NaN,NaN,NaN,NaN,NaN,NaN,NaN,NaN
NaN,NaN,0.0807046267291298,0.0737259385787183,0.0732132372262034,0.0709868304159803,0.0410893179650884,0.0492303842523446,0.0486722325586015,NaN,NaN,NaN,NaN,NaN,NaN,NaN,NaN,NaN
NaN,NaN,0.0741724046965828,0.0770560128294164,0.0739520926775488,0.0584662042286557,0.0535707168455701,0.038108660451447,0.0483109911583597,NaN,NaN,NaN,NaN,NaN,NaN,NaN,NaN,NaN
NaN,NaN,0.0858525495132199,0.0756353547476465,0.0653415125610385,0.0667623698439759,0.049218720960198,0.0501988479712357,0.0521354114316637,NaN,NaN,NaN,NaN,NaN,NaN,NaN,NaN,NaN
NaN,NaN,0.078468781997799,0.0731212308310205,0.0702307511868033,0.0645470514621896,0.0531192861672025,0.0553763868131985,0.0495157314144308,NaN,NaN,NaN,NaN,NaN,NaN,NaN,NaN,NaN
NaN,NaN,0.0675187940796604,0.0803587061964208,0.060378736704782,0.0689579441871804,0.0549865506764036,0.0476956019022812,0.0600058136187727,NaN,NaN,NaN,NaN,NaN,NaN,NaN,NaN,NaN
NaN,NaN,0.0750201503833523,0.0689136458240682,0.0602175433935675,0.0613928667929334,0.0442350648518186,0.0443085493364682,0.0451674049400026,NaN,NaN,NaN,NaN,NaN,NaN,NaN,NaN,NaN
NaN,NaN,0.0605072575708618,0.0590127182804281,0.0571467866005454,0.0500277138974828,0.0476374842401128,0.0360072241940846,0.0443405581318075,NaN,NaN,NaN,NaN,NaN,NaN,NaN,NaN,NaN
NaN,NaN,0.0587083148857346,0.0573330407642061,0.0431580607595,0.0542579114165467,0.0393019981856924,0.0456096628525605,0.0440982279978925,NaN,NaN,NaN,NaN,NaN,NaN,NaN,NaN,NaN
NaN,NaN,0.049650178392767,0.0526942534052068,0.0472647276522669,0.0456271402266187,0.0400134168739896,0.049255865237986,0.038932125797146,NaN,NaN,NaN,NaN,NaN,NaN,NaN,NaN,NaN
NaN,NaN,0.0366724590858212,0.0589843501948053,0.042168679535583,0.0425193726744813,0.0361600324686151,0.0333719910898556,0.0411528458498651,NaN,NaN,NaN,NaN,NaN,NaN,NaN,NaN,NaN
NaN,NaN,0.0541750091215363,0.0463303399883443,0.0420857731999907,0.0342083245244188,0.02382250429946,0.028949717603003,0.0319822242163355,NaN,NaN,NaN,NaN,NaN,NaN,NaN,NaN,NaN
NaN,NaN,0.0493951822718373,0.045845512082451,0.0480898794533762,0.0295159674909276,0.0329614050860982,0.025101194701468,0.0319990252755815,NaN,NaN,NaN,NaN,NaN,NaN,NaN,NaN,NaN
NaN,NaN,0.0555305305024376,0.0630818714998895,0.0458723072709593,0.0423467986014051,0.0302368581469636,0.0369022810676446,0.0400466208957369,NaN,NaN,NaN,NaN,NaN,NaN,NaN,NaN,NaN
NaN,NaN,0.0630315142770996,0.0691737828456098,0.0614404816927466,0.0441992178287668,0.0377304472203832,0.0496758917191376,0.0368855444394285,NaN,NaN,NaN,NaN,NaN,NaN,NaN,NaN,NaN
NaN,NaN,0.0664110231300583,0.09184366442787,0.0663292174043212,0.0475095294144315,0.0458820156927686,0.035485422781979,0.045707776924246,NaN,NaN,NaN,NaN,NaN,NaN,NaN,NaN,NaN
NaN,NaN,0.100389470448135,0.0912278739415342,0.0760664743186984,0.0604852929439706,0.0423078604217153,0.0469770306566109,0.0469808576308424,NaN,NaN,NaN,NaN,NaN,NaN,NaN,NaN,NaN
NaN,NaN,0.106667050262331,0.106708224644535,0.0923128378393206,0.0688829168405694,0.0640897445555311,0.0524983392873158,0.0537906696699793,NaN,NaN,NaN,NaN,NaN,NaN,NaN,NaN,NaN
NaN,NaN,0.128393036415218,0.133000653018826,0.102382241636709,0.0947811349954766,0.0733291350479703,0.0707329461195817,0.0672790703974897,NaN,NaN,NaN,NaN,NaN,NaN,NaN,NaN,NaN
NaN,NaN,0.151918132891296,0.145463127424591,0.130462529957488,0.109050114425675,0.0873014323587995,0.0866516703584542,0.0650189553998644,NaN,NaN,NaN,NaN,NaN,NaN,NaN,NaN,NaN
NaN,NaN,0.17222390799725,0.173776991447085,0.148235740959838,0.123733942183511,0.107105522620259,0.08387046175388,0.0842553672991926,NaN,NaN,NaN,NaN,NaN,NaN,NaN,NaN,NaN
NaN,NaN,0.209505980004906,0.18820656814205,0.16358566924949,0.149250522973792,0.119738969224272,0.109681414983546,0.0928557587467367,NaN,NaN,NaN,NaN,NaN,NaN,NaN,NaN,NaN
NaN,NaN,0.220416032811045,0.210402946700924,0.192045229375556,0.161420729729192,0.144485979544697,0.126282239876067,0.109426874449127,NaN,NaN,NaN,NaN,NaN,NaN,NaN,NaN,NaN
NaN,NaN,0.246728447367786,0.236869793166989,0.203239074796632,0.185830172869222,0.158188267814694,0.144091269544636,0.126881256481283,NaN,NaN,NaN,NaN,NaN,NaN,NaN,NaN,NaN
NaN,NaN,0.272953522493481,0.249149076422327,0.231337095499233,0.19765225124623,0.171028728800593,0.157972856036698,0.129520382513874,NaN,NaN,NaN,NaN,NaN,NaN,NaN,NaN,NaN
NaN,NaN,0.29354357450211,0.276659562965506,0.246989386975959,0.212155197533624,0.193578562902985,0.162252134255444,0.149275224437588,NaN,NaN,NaN,NaN,NaN,NaN,NaN,NaN,NaN
NaN,NaN,0.311534118940472,0.292860980858677,0.257332748621896,0.230277840765969,0.195175240951357,0.182367211751019,0.155355941285961,NaN,NaN,NaN,NaN,NaN,NaN,NaN,NaN,NaN
NaN,NaN,0.317821533521055,0.308863989790552,0.277063152641252,0.2332401171055,0.215916968154488,0.199027212879931,0.165965791573399,NaN,NaN,NaN,NaN,NaN,NaN,NaN,NaN,NaN
NaN,NaN,0.328146939267754,0.326868168791407,0.277993953675226,0.252319992306487,0.221507380920229,0.205374120346581,0.180367465844029,NaN,NaN,NaN,NaN,NaN,NaN,NaN,NaN,NaN
NaN,NaN,0.349568457444548,0.32963937499153,0.294724232405618,0.256206494542615,0.229280385392485,0.216404202006136,0.181812971612089,NaN,NaN,NaN,NaN,NaN,NaN,NaN,NaN,NaN
NaN,NaN,0.355282307704329,0.349878765424364,0.298214307874635,0.265132513615148,0.252233891951619,0.219058434090888,0.194578908165568,NaN,NaN,NaN,NaN,NaN,NaN,NaN,NaN,NaN
NaN,NaN,0.362898440202116,0.360192212989205,0.303835323900178,0.279781118753211,0.249605681019602,0.233816078475987,0.195637263139361,NaN,NaN,NaN,NaN,NaN,NaN,NaN,NaN,NaN
NaN,NaN,0.365927212973475,0.365309588392847,0.317865400463537,0.276580349328772,0.258507746475516,0.245252477548396,0.197248041411513,NaN,NaN,NaN,NaN,NaN,NaN,NaN,NaN,NaN
NaN,NaN,0.374883518656134,0.381912797471159,0.31885087013264,0.291010745587603,0.266629549878417,0.240265580437457,0.207900527646416,NaN,NaN,NaN,NaN,NaN,NaN,NaN,NaN,NaN
NaN,NaN,0.397607491453528,0.37844553940522,0.330112795233921,0.296558894934909,0.270350723731099,0.251555743239199,0.206763662179583,NaN,NaN,NaN,NaN,NaN,NaN,NaN,NaN,NaN
NaN,NaN,0.390916683812975,0.396441783537739,0.333563345372871,0.301114440682189,0.291650518047391,0.246422777495657,0.216355334749096,NaN,NaN,NaN,NaN,NaN,NaN,NaN,NaN,NaN
NaN,NaN,0.407882195999264,0.405425283839577,0.343255451768831,0.317336031022326,0.288561656343518,0.266045874527966,0.219793684562319,NaN,NaN,NaN,NaN,NaN,NaN,NaN,NaN,NaN
NaN,NaN,0.414138653417467,0.411613382180803,0.364143377989725,0.323644735636966,0.304948724078713,0.273647310755526,0.224601451089256,NaN,NaN,NaN,NaN,NaN,NaN,NaN,NaN,NaN
NaN,NaN,0.429560256292461,0.436179082622402,0.378435267955259,0.342008926692264,0.314134842919884,0.274055546692883,0.242468576660031,NaN,NaN,NaN,NaN,NaN,NaN,NaN,NaN,NaN
NaN,NaN,0.452063915421604,0.44303808711993,0.391238401532367,0.358481396707551,0.321445427107392,0.291681459716832,0.247226219406002,NaN,NaN,NaN,NaN,NaN,NaN,NaN,NaN,NaN
NaN,NaN,0.453857698579668,0.467793181320303,0.407499275058702,0.362606541040198,0.339809580909787,0.293835627458369,0.261032517781132,NaN,NaN,NaN,NaN,NaN,NaN,NaN,NaN,NaN
NaN,NaN,0.474467531879782,0.482802618076676,0.419738027155593,0.383021876933829,0.3397373475309,0.311264155975853,0.273516561617726,NaN,NaN,NaN,NaN,NaN,NaN,NaN,NaN,NaN
NaN,NaN,0.493521348675131,0.493224117686623,0.451367120146945,0.389536683234231,0.359699986147461,0.324339440635716,0.284874915858381,NaN,NaN,NaN,NaN,NaN,NaN,NaN,NaN,NaN
NaN,NaN,0.5196237872442,0.525120872785919,0.469519472569421,0.410385866436021,0.376547518389998,0.332865512541806,0.307788133402937,NaN,NaN,NaN,NaN,NaN,NaN,NaN,NaN,NaN
NaN,NaN,0.546743509461521,0.542546327938908,0.491462997049287,0.429099582853572,0.387756674754201,0.361652264914786,0.315584793468588,NaN,NaN,NaN,NaN,NaN,NaN,NaN,NaN,NaN
NaN,NaN,0.565168609013199,0.57719435893523,0.518326158523754,0.439355660947816,0.418609044718323,0.377487226001297,0.335347998669022,NaN,NaN,NaN,NaN,NaN,NaN,NaN,NaN,NaN
NaN,NaN,0.59578243001306,0.600061680903309,0.539478245079711,0.469249197068469,0.425687971728621,0.395471735469376,0.353626433541649,NaN,NaN,NaN,NaN,NaN,NaN,NaN,NaN,NaN
NaN,NaN,0.626265269806026,0.615531880190247,0.573040130436615,0.481243458363072,0.452157425897894,0.41563211249498,0.364637926002615,NaN,NaN,NaN,NaN,NaN,NaN,NaN,NaN,NaN
NaN,NaN,0.649247721870779,0.650998059441917,0.591097730100349,0.510153573724286,0.474156960117398,0.424260816148793,0.385967727532261,NaN,NaN,NaN,NaN,NaN,NaN,NaN,NaN,NaN
NaN,NaN,0.677181382765411,0.671368282070034,0.61005096405764,0.528562971177356,0.486161708104191,0.455972312561547,0.386674526860588,NaN,NaN,NaN,NaN,NaN,NaN,NaN,NaN,NaN
NaN,NaN,0.692079768617987,0.700934570064419,0.636788229346469,0.540049810680406,0.509175601619063,0.466923865101611,0.403780836393707,NaN,NaN,NaN,NaN,NaN,NaN,NaN,NaN,NaN
NaN,NaN,0.721744180758833,0.727549701710814,0.656439992487625,0.568238169672744,0.520449242758332,0.485141633621727,0.419991530259722,NaN,NaN,NaN,NaN,NaN,NaN,NaN,NaN,NaN
NaN,NaN,0.749415897866129,0.740756284227245,0.687706000060037,0.587411940815703,0.538647881912766,0.502097050271307,0.42874287047016,NaN,NaN,NaN,NaN,NaN,NaN,NaN,NaN,NaN
NaN,NaN,0.759616543640732,0.77278532438504,0.702446619868473,0.615425881716268,0.559668465721188,0.510228781572854,0.45177296899783,NaN,NaN,NaN,NaN,NaN,NaN,NaN,NaN,NaN
NaN,NaN,0.787166425128817,0.786005448331707,0.723630352765516,0.631641623350636,0.567587538826047,0.537198113820826,0.454068362494581,NaN,NaN,NaN,NaN,NaN,NaN,NaN,NaN,NaN
NaN,NaN,0.796460260738968,0.807811602731817,0.747769451588586,0.639732488217608,0.587302147614537,0.541382937304055,0.470737509211176,NaN,NaN,NaN,NaN,NaN,NaN,NaN,NaN,NaN
NaN,NaN,0.821017672409653,0.827552772840136,0.763749121576742,0.659949582788007,0.590872298198519,0.55929476635841,0.483379281839007,NaN,NaN,NaN,NaN,NaN,NaN,NaN,NaN,NaN
NaN,NaN,0.834423371692537,0.835683591445559,0.787316872626737,0.676622361662642,0.607727504539071,0.569864905051266,0.48993093126046,NaN,NaN,NaN,NaN,NaN,NaN,NaN,NaN,NaN
NaN,NaN,0.837434356202721,0.858177192290896,0.791892628073886,0.689291049512879,0.626019480841933,0.574373791537558,0.502759191920632,NaN,NaN,NaN,NaN,NaN,NaN,NaN,NaN,NaN
NaN,NaN,0.850496267070412,0.862977824886911,0.799919306189016,0.703796044709937,0.628934855776606,0.592870118639742,0.50674430259096,NaN,NaN,NaN,NaN,NaN,NaN,NaN,NaN,NaN
NaN,NaN,0.855659947832464,0.878361709197634,0.822222730964616,0.707829360636727,0.646424814331112,0.59805209057716,0.521309964140528,NaN,NaN,NaN,NaN,NaN,NaN,NaN,NaN,NaN
NaN,NaN,0.871923559447168,0.899499397506588,0.828107925951675,0.732389454516427,0.653662643599091,0.608423950693881,0.535224370440119,NaN,NaN,NaN,NaN,NaN,NaN,NaN,NaN,NaN
NaN,NaN,0.879276295294403,0.899215306868427,0.851626819819406,0.740932718637244,0.6657237552281,0.620519130102669,0.536382134785526,NaN,NaN,NaN,NaN,NaN,NaN,NaN,NaN,NaN
NaN,NaN,0.875469868173241,0.917577281375998,0.853021233231023,0.75217948180701,0.688046253490029,0.621145519039904,0.545516695608967,NaN,NaN,NaN,NaN,NaN,NaN,NaN,NaN,NaN
NaN,NaN,0.890709825893282,0.916034396519535,0.85818645998855,0.767455425831334,0.686327069270192,0.636637082866704,0.551699559917324,NaN,NaN,NaN,NaN,NaN,NaN,NaN,NaN,NaN
NaN,NaN,0.892253101905226,0.921388868024223,0.877046468556121,0.77076825198795,0.699876192229567,0.641268605909621,0.563952412237995,NaN,NaN,NaN,NaN,NaN,NaN,NaN,NaN,NaN
NaN,NaN,0.896562964757322,0.934336431106203,0.882661859393314,0.791754674884335,0.706378351169406,0.645822121373688,0.577676251312369,NaN,NaN,NaN,NaN,NaN,NaN,NaN,NaN,NaN
NaN,NaN,0.905668039908051,0.928986616214388,0.906363199353412,0.79680616852905,0.714156626927434,0.661970677397524,0.573718912681215,NaN,NaN,NaN,NaN,NaN,NaN,NaN,NaN,NaN
NaN,NaN,0.904256993075251,0.94674911700713,0.911723985225156,0.80436491292979,0.73332112209755,0.666538293085371,0.590798791279667,NaN,NaN,NaN,NaN,NaN,NaN,NaN,NaN,NaN
NaN,NaN,0.927088589509367,0.953790195067995,0.92463340133448,0.824652918401019,0.736090465652524,0.691349639169251,0.602784260889166,NaN,NaN,NaN,NaN,NaN,NaN,NaN,NaN,NaN
NaN,NaN,0.929977421750664,0.965190365692251,0.943951154947475,0.82857028466727,0.752903259563027,0.698938074133669,0.622532602181309,NaN,NaN,NaN,NaN,NaN,NaN,NaN,NaN,NaN
NaN,NaN,0.934125253101229,0.977455101688974,0.947510688454107,0.844543603035466,0.764137934165774,0.712361636183535,0.640586886336678,NaN,NaN,NaN,NaN,NaN,NaN,NaN,NaN,NaN
NaN,NaN,0.944295351495384,0.974410701324814,0.967576126456455,0.848324903073565,0.774852353351889,0.732931459865843,0.640030011316412,NaN,NaN,NaN,NaN,NaN,NaN,NaN,NaN,NaN
NaN,NaN,0.950096950968145,0.993690997143858,0.967088858485416,0.85682532635595,0.795444659161149,0.743934812567507,0.660065963646048,NaN,NaN,NaN,NaN,NaN,NaN,NaN,NaN,NaN
NaN,NaN,0.968292777528404,1.00057930104958,0.972510347962574,0.875559010329501,0.796486119943438,0.771120770446335,0.672679386814707,NaN,NaN,NaN,NaN,NaN,NaN,NaN,NaN,NaN
NaN,NaN,0.970676423152327,1.00916173659789,0.988199780583576,0.880465441169993,0.812783873843728,0.780215973577773,0.689300570418709,NaN,NaN,NaN,NaN,NaN,NaN,NaN,NaN,NaN
NaN,NaN,0.973251492818235,1.01785801701772,0.98822142452021,0.89784393903877,0.826060827093897,0.79635642709521,0.701851036181324,NaN,NaN,NaN,NaN,NaN,NaN,NaN,NaN,NaN
NaN,NaN,0.985902168889879,1.01606523968803,1.00162967562695,0.910355959805505,0.833902637677966,0.814817289433753,0.71114068083989,NaN,NaN,NaN,NaN,NaN,NaN,NaN,NaN,NaN
NaN,NaN,0.986652591367601,1.02764979355561,1.00654091209193,0.918974176767127,0.852336230891524,0.825017134270941,0.734507061322802,NaN,NaN,NaN,NaN,NaN,NaN,NaN,NaN,NaN
NaN,NaN,0.995185238411068,1.03296039976703,1.00886919990201,0.940725979181783,0.849393028038321,0.843128005585944,0.750224098344916,NaN,NaN,NaN,NaN,NaN,NaN,NaN,NaN,NaN
NaN,NaN,0.989700474878191,1.03260947742092,1.02698314458151,0.940354642244832,0.863277110474883,0.854608884624516,0.764020673712366,NaN,NaN,NaN,NaN,NaN,NaN,NaN,NaN,NaN
NaN,NaN,0.975453325649141,1.04589302443492,1.02557446330805,0.956837394061343,0.876699424552498,0.863999074868237,0.778024878134602,NaN,NaN,NaN,NaN,NaN,NaN,NaN,NaN,NaN
NaN,NaN,0.984653004546999,1.04322290398704,1.03041026264448,0.968590275171058,0.883771776425419,0.881135857275998,0.789015769740217,NaN,NaN,NaN,NaN,NaN,NaN,NaN,NaN,NaN
NaN,NaN,0.968403493156075,1.05005611084925,1.03298415884395,0.975294698747651,0.900775081681786,0.889704919032132,0.809755913694971,NaN,NaN,NaN,NaN,NaN,NaN,NaN,NaN,NaN
NaN,NaN,0.971729599972605,1.0552702134155,1.03744502633829,0.993333001407639,0.907386447506724,0.90636974441198,0.824783250471228,NaN,NaN,NaN,NaN,NaN,NaN,NaN,NaN,NaN
NaN,NaN,0.96210458605492,1.05225881912338,1.05872608244438,0.995668236884133,0.930898598599015,0.926735440812384,0.832890320350998,NaN,NaN,NaN,NaN,NaN,NaN,NaN,NaN,NaN
NaN,NaN,0.952396181513905,1.0702263040148,1.06361612200756,1.00767983940508,0.951461325603304,0.93744462596563,0.851906250944012,NaN,NaN,NaN,NaN,NaN,NaN,NaN,NaN,NaN
NaN,NaN,0.961938624372124,1.0615416837536,1.07278387516756,1.01993338090445,0.963856409507571,0.962428639254843,0.85927113123762,NaN,NaN,NaN,NaN,NaN,NaN,NaN,NaN,NaN
NaN,NaN,0.946725563248037,1.06447322644817,1.07949476212283,1.01762478125359,0.983192845451413,0.970355591348683,0.872077971478575,NaN,NaN,NaN,NaN,NaN,NaN,NaN,NaN,NaN
NaN,NaN,0.951212917556404,1.05888279505598,1.08175975725074,1.02816189524795,0.994360259937821,0.987641348115479,0.885948568364256,NaN,NaN,NaN,NaN,NaN,NaN,NaN,NaN,NaN
NaN,NaN,0.937645857324242,1.04501825176703,1.10243100196143,1.02512779531147,1.01176615731674,1.00281127037791,0.893021311392658,NaN,NaN,NaN,NaN,NaN,NaN,NaN,NaN,NaN
NaN,NaN,0.931192015399574,1.04867671035754,1.10399214074035,1.03137441796328,1.02787485273439,1.01051021607903,0.915557957967394,NaN,NaN,NaN,NaN,NaN,NaN,NaN,NaN,NaN
NaN,NaN,0.934729662825703,1.03039428942429,1.10994209989925,1.04167838466431,1.03503173144418,1.0360728787103,0.923197671552771,NaN,NaN,NaN,NaN,NaN,NaN,NaN,NaN,NaN
NaN,NaN,0.923198455115198,1.02546172567236,1.11837394058724,1.03613360670473,1.05689974428969,1.04958819466022,0.937718629618757,NaN,NaN,NaN,NaN,NaN,NaN,NaN,NaN,NaN
NaN,NaN,0.920843885382055,1.0187926923536,1.11412003159542,1.0484701290455,1.07058653535205,1.06500009315399,0.957173231770867,NaN,NaN,NaN,NaN,NaN,NaN,NaN,NaN,NaN
NaN,NaN,0.915022355606197,1.0035033000313,1.1256939497592,1.04751401466395,1.07809441091376,1.0799556808391,0.969499081154936,NaN,NaN,NaN,NaN,NaN,NaN,NaN,NaN,NaN
NaN,NaN,0.906443961997866,0.997240658631199,1.11890304356833,1.05299842429425,1.08911234812695,1.08538355918912,0.990280780722969,NaN,NaN,NaN,NaN,NaN,NaN,NaN,NaN,NaN
NaN,NaN,0.909031250615953,0.982325099190348,1.11214935302754,1.05635641959573,1.0882144041534,1.10705482082752,0.987215034445398,NaN,NaN,NaN,NaN,NaN,NaN,NaN,NaN,NaN
NaN,NaN,0.897745409150957,0.973932467182749,1.10924193158765,1.04844529998566,1.10248189346748,1.11421948539404,0.998195476611727,NaN,NaN,NaN,NaN,NaN,NaN,NaN,NaN,NaN
NaN,NaN,0.890171037157415,0.974234178444021,1.09363123297711,1.05085779798295,1.10499834569055,1.11669251935867,1.0124778298341,NaN,NaN,NaN,NaN,NaN,NaN,NaN,NaN,NaN
NaN,NaN,0.892732528140186,0.960798769971006,1.09347778826971,1.0504378460076,1.10430115761119,1.12345714362649,1.02201196529495,NaN,NaN,NaN,NaN,NaN,NaN,NaN,NaN,NaN
NaN,NaN,0.878745217909454,0.955770279993885,1.07039058104177,1.04896594655778,1.11268117951113,1.12169396372822,1.03916765355098,NaN,NaN,NaN,NaN,NaN,NaN,NaN,NaN,NaN
NaN,NaN,0.882899736156105,0.942810218562954,1.05655107170363,1.04743796286251,1.114464475977,1.13690307604459,1.03280295782315,NaN,NaN,NaN,NaN,NaN,NaN,NaN,NaN,NaN
NaN,NaN,0.862810232778429,0.936909675379866,1.04730421200414,1.03785469082262,1.1284364380117,1.13230159746793,1.04247695930826,NaN,NaN,NaN,NaN,NaN,NaN,NaN,NaN,NaN
NaN,NaN,0.856679932316183,0.943422693540924,1.03133501008172,1.0375524580207,1.12308772208053,1.12865695970443,1.05555181555974,NaN,NaN,NaN,NaN,NaN,NaN,NaN,NaN,NaN
NaN,NaN,0.853583415140747,0.933479074170464,1.02954744815846,1.03475968238975,1.11746976079303,1.13178955631641,1.05501906179416,NaN,NaN,NaN,NaN,NaN,NaN,NaN,NaN,NaN
NaN,NaN,0.834852785905241,0.934223629315966,1.01369276165982,1.02362309468056,1.12101666556555,1.12471785636929,1.06065810822474,NaN,NaN,NaN,NaN,NaN,NaN,NaN,NaN,NaN
NaN,NaN,0.836099417050718,0.926901049693697,1.00501685857792,1.02636831698085,1.11265374274808,1.12958126010684,1.05793773361074,NaN,NaN,NaN,NaN,NaN,NaN,NaN,NaN,NaN
NaN,NaN,0.815806922604679,0.927402492394321,1.01049256965537,1.01617318463589,1.1162443451758,1.12118890749601,1.06961281203257,NaN,NaN,NaN,NaN,NaN,NaN,NaN,NaN,NaN
NaN,NaN,0.810570431043743,0.940579589238041,1.01457509666701,1.02176600021388,1.1051625564869,1.11971054466752,1.08495635144936,NaN,NaN,NaN,NaN,NaN,NaN,NaN,NaN,NaN
NaN,NaN,0.803633065064787,0.938998985817307,1.0214485925438,1.01788581234481,1.08984749691444,1.12531040104417,1.08616979025828,NaN,NaN,NaN,NaN,NaN,NaN,NaN,NaN,NaN
NaN,NaN,0.786456217159866,0.94550108887779,1.02133374184389,1.00703512203957,1.08716189788538,1.11961724477199,1.09396002419817,NaN,NaN,NaN,NaN,NaN,NaN,NaN,NaN,NaN
NaN,NaN,0.77976922794187,0.940978437443846,1.02263543277998,1.01224792075421,1.06752768086153,1.11853547634867,1.09687351786124,NaN,NaN,NaN,NaN,NaN,NaN,NaN,NaN,NaN
NaN,NaN,0.760180925120949,0.938322268208139,1.0354842197897,1.00781422925259,1.05736233221251,1.11673642190484,1.10755968072044,NaN,NaN,NaN,NaN,NaN,NaN,NaN,NaN,NaN
NaN,NaN,0.740184442242025,0.945598784615868,1.04096013575812,1.01258919459845,1.04094793947297,1.11722860725907,1.12239449449407,NaN,NaN,NaN,NaN,NaN,NaN,NaN,NaN,NaN
NaN,NaN,0.724385858615278,0.936429820736521,1.04953202873488,1.0120549320903,1.02513201461989,1.13091161715177,1.11764610909449,NaN,NaN,NaN,NaN,NaN,NaN,NaN,NaN,NaN
NaN,NaN,0.698515561511158,0.938497692128294,1.05134615197797,1.01424026188518,1.02761132569867,1.12596947940377,1.12915006630647,NaN,NaN,NaN,NaN,NaN,NaN,NaN,NaN,NaN
NaN,NaN,0.688917257924913,0.931514747222536,1.05402862176318,1.02838798311617,1.01872576327878,1.13063860925225,1.13780117758142,NaN,NaN,NaN,NaN,NaN,NaN,NaN,NaN,NaN
NaN,NaN,0.663464379598736,0.919299632092588,1.07060387253781,1.02819067311551,1.02129639984923,1.13606458770422,1.14366141312348,NaN,NaN,NaN,NaN,NaN,NaN,NaN,NaN,NaN
NaN,NaN,0.635763567974209,0.917361289044493,1.06500906392951,1.03356788751747,1.02127337755519,1.13901701065091,1.15650895216095,NaN,NaN,NaN,NaN,NaN,NaN,NaN,NaN,NaN
NaN,NaN,0.614010331322788,0.894711207380169,1.06821646437068,1.03513569456603,1.02391287611681,1.14986829700259,1.14657580085623,NaN,NaN,NaN,NaN,NaN,NaN,NaN,NaN,NaN
NaN,NaN,0.581924573620199,0.885419700076454,1.068211733252,1.03334036541249,1.04676367642242,1.13825980814484,1.15665412672388,NaN,NaN,NaN,NaN,NaN,NaN,NaN,NaN,NaN
NaN,NaN,0.560803649117588,0.866606555660837,1.06337263703366,1.04311802310015,1.05075232611853,1.1437062943199,1.159590642681,NaN,NaN,NaN,NaN,NaN,NaN,NaN,NaN,NaN
NaN,NaN,0.528000195612549,0.843519888599985,1.06921405985971,1.03051043001081,1.07071980761248,1.14706725122718,1.16483790033089,NaN,NaN,NaN,NaN,NaN,NaN,NaN,NaN,NaN
NaN,NaN,0.494232469340204,0.833378325929516,1.05082675337811,1.02528664168979,1.08762051837402,1.14545637982277,1.17371131830441,NaN,NaN,NaN,NaN,NaN,NaN,NaN,NaN,NaN
NaN,NaN,0.478261386146187,0.804354086300009,1.03903434693833,1.02022805136706,1.10207460747915,1.15077222006706,1.17318808265554,NaN,NaN,NaN,NaN,NaN,NaN,NaN,NaN,NaN
NaN,NaN,0.445963044752716,0.781095515718334,1.03037815064211,1.00406897139813,1.13737407998997,1.14244379343775,1.18741969742405,NaN,NaN,NaN,NaN,NaN,NaN,NaN,NaN,NaN
NaN,NaN,0.419953719814657,0.751669354518526,1.01309084787984,1.00212934312488,1.14545494245249,1.14678573103932,1.19857351460087,NaN,NaN,NaN,NaN,NaN,NaN,NaN,NaN,NaN
NaN,NaN,0.38453626736009,0.721176940729492,0.999671551287368,0.977435269179599,1.16493886263925,1.15148924531726,1.20398824267613,NaN,NaN,NaN,NaN,NaN,NaN,NaN,NaN,NaN
NaN,NaN,0.35803190722072,0.70620008163678,0.971239651441768,0.964437284293429,1.18091275842744,1.14208005609301,1.21946600430238,NaN,NaN,NaN,NaN,NaN,NaN,NaN,NaN,NaN
NaN,NaN,0.344814428230166,0.674327075263136,0.942934392839864,0.958567959043042,1.18640959190088,1.14368750023035,1.22247911222803,NaN,NaN,NaN,NaN,NaN,NaN,NaN,NaN,NaN
NaN,NaN,0.310927548547625,0.645627662321203,0.924792322218612,0.948191274675385,1.20910815821844,1.13655101748494,1.24081012957322,NaN,NaN,NaN,NaN,NaN,NaN,NaN,NaN,NaN
NaN,NaN,0.280522846718668,0.616244882126921,0.894898432195381,0.952013776424186,1.2074138216849,1.14153804498104,1.26283944748866,NaN,NaN,NaN,NaN,NaN,NaN,NaN,NaN,NaN
NaN,NaN,0.255815790136694,0.586374610444181,0.87625786185284,0.949049767824666,1.21346922518569,1.14653481411127,1.26989056520688,NaN,NaN,NaN,NaN,NaN,NaN,NaN,NaN,NaN
NaN,NaN,0.231652458300232,0.581306986292475,0.835911366045669,0.957717251750485,1.21458945723134,1.13225469606308,1.29409554578888,NaN,NaN,NaN,NaN,NaN,NaN,NaN,NaN,NaN
NaN,NaN,0.219686192562222,0.552679955741041,0.806499379575447,0.973735422613875,1.19705855773645,1.13890527056841,1.29584775470721,NaN,NaN,NaN,NaN,NaN,NaN,NaN,NaN,NaN
NaN,NaN,0.178725265999674,0.525730144014233,0.783493495434717,0.977197800549523,1.19158636705833,1.13364689292697,1.31248328067886,NaN,NaN,NaN,NaN,NaN,NaN,NaN,NaN,NaN
NaN,NaN,0.151769419302582,0.500346369823092,0.742564047575191,1.00111626905467,1.16956852303701,1.14012172686247,1.32807060309278,NaN,NaN,NaN,NaN,NaN,NaN,NaN,NaN,NaN
NaN,NaN,0.130449862321257,0.470101762344711,0.718332747817234,1.01422461566593,1.15098277034122,1.14648774506835,1.32708196692693,NaN,NaN,NaN,NaN,NaN,NaN,NaN,NaN,NaN
NaN,NaN,0.106495780040859,0.462792575141066,0.678608748018936,1.03490485695268,1.13821193503099,1.14101924242762,1.34625983588921,NaN,NaN,NaN,NaN,NaN,NaN,NaN,NaN,NaN
NaN,NaN,0.0852443399926415,0.432790130158537,0.65519539162536,1.05967304554846,1.11038314105826,1.16498606520084,1.34233382694947,NaN,NaN,NaN,NaN,NaN,NaN,NaN,NaN,NaN
NaN,NaN,0.0512394244869938,0.40752411239373,0.641779056638673,1.06504940313365,1.10168982224423,1.17781765999583,1.35191849597322,NaN,NaN,NaN,NaN,NaN,NaN,NaN,NaN,NaN
NaN,NaN,0.0251235562463989,0.380317628165358,0.611801906377271,1.08124446940686,1.08507879005629,1.18968799950865,1.35141340248811,NaN,NaN,NaN,NaN,NaN,NaN,NaN,NaN,NaN
NaN,NaN,0.0101299706002465,0.355498384466046,0.590852810889677,1.0873616009679,1.07628453450161,1.20450126247791,1.33900196455943,NaN,NaN,NaN,NaN,NaN,NaN,NaN,NaN,NaN
NaN,NaN,-0.0239517603913555,0.34114057548868,0.567392422706083,1.09097151902582,1.07408467607456,1.21138328926948,1.34027308948862,NaN,NaN,NaN,NaN,NaN,NaN,NaN,NaN,NaN
NaN,NaN,-0.0571300339797745,0.306354690124863,0.555349695384696,1.09294223484661,1.0532195858832,1.23844981434134,1.32487771265733,NaN,NaN,NaN,NaN,NaN,NaN,NaN,NaN,NaN
NaN,NaN,-0.0939644564787159,0.275771770408028,0.547240241319135,1.07683383745219,1.05903943927842,1.24972354861287,1.31668233477103,NaN,NaN,NaN,NaN,NaN,NaN,NaN,NaN,NaN
NaN,NaN,-0.118302970091463,0.252045638640993,0.528898737281755,1.06893231046464,1.05734765456873,1.25563916059521,1.30908769719827,NaN,NaN,NaN,NaN,NaN,NaN,NaN,NaN,NaN
NaN,NaN,-0.134794085184694,0.223384894212359,0.51703962951918,1.04873825681473,1.062661390024,1.26976998763469,1.2913142626785,NaN,NaN,NaN,NaN,NaN,NaN,NaN,NaN,NaN
NaN,NaN,-0.185710105011822,0.201128110071295,0.503845061063961,1.01973154467608,1.07517566459137,1.27463873716382,1.29244075321185,NaN,NaN,NaN,NaN,NaN,NaN,NaN,NaN,NaN
NaN,NaN,-0.217135368744493,0.163281935980194,0.494019216746286,0.9908024862137,1.06667732747155,1.28781818094042,1.27587561660039,NaN,NaN,NaN,NaN,NaN,NaN,NaN,NaN,NaN
NaN,NaN,-0.254660627702833,0.121337905307882,0.488268001824811,0.938273099037663,1.07641361581045,1.27984365688947,1.26435409464466,NaN,NaN,NaN,NaN,NaN,NaN,NaN,NaN,NaN
NaN,NaN,-0.27801771358645,0.0963727047346765,0.461292094439462,0.900842015418069,1.08090611101943,1.26981606947569,1.26433073707449,NaN,NaN,NaN,NaN,NaN,NaN,NaN,NaN,NaN
NaN,NaN,-0.29963875831163,0.0628633832238847,0.447407862991289,0.850434330078618,1.08330715374905,1.27424022423414,1.25504032873141,NaN,NaN,NaN,NaN,NaN,NaN,NaN,NaN,NaN
NaN,NaN,-0.348270243863226,0.0326885318063432,0.426286416948036,0.790446092161195,1.08963182123262,1.26641452553061,1.26216138877498,NaN,NaN,NaN,NaN,NaN,NaN,NaN,NaN,NaN
NaN,NaN,-0.367698917994858,-0.00370064399612602,0.400342992395357,0.744133692952649,1.07962600814062,1.26693681123046,1.2613328469597,NaN,NaN,NaN,NaN,NaN,NaN,NaN,NaN,NaN
NaN,NaN,-0.392063974300981,-0.046889033386833,0.378045248687461,0.684023079248921,1.08624013068038,1.25044364722756,1.26920146100747,NaN,NaN,NaN,NaN,NaN,NaN,NaN,NaN,NaN
NaN,NaN,-0.409542384455563,-0.0701675156451529,0.338056362122491,0.646378536495225,1.08626574205118,1.23961458223251,1.28967154004204,NaN,NaN,NaN,NaN,NaN,NaN,NaN,NaN,NaN
NaN,NaN,-0.433654530803324,-0.109599974224693,0.30723571300526,0.595110029700057,1.07743449436384,1.23747537153152,1.29878557451593,NaN,NaN,NaN,NaN,NaN,NaN,NaN,NaN,NaN
NaN,NaN,-0.469118102351786,-0.140539758125669,0.272383275330261,0.541285135569827,1.06824630798656,1.2179089175382,1.30957597099768,NaN,NaN,NaN,NaN,NaN,NaN,NaN,NaN,NaN
NaN,NaN,-0.480845427970053,-0.185537521014339,0.224420199990467,0.508818541440026,1.03522112520295,1.19851358475474,1.31790963165986,NaN,NaN,NaN,NaN,NaN,NaN,NaN,NaN,NaN
NaN,NaN,-0.497636335800053,-0.235693674752838,0.185460648387865,0.46862675693895,1.02157650442678,1.17520744221595,1.32755148388969,NaN,NaN,NaN,NaN,NaN,NaN,NaN,NaN,NaN
NaN,NaN,-0.5207635153929,-0.268998235682375,0.138950138241247,0.448055294128911,0.998746807890711,1.15733005347041,1.34728857480513,NaN,NaN,NaN,NaN,NaN,NaN,NaN,NaN,NaN
NaN,NaN,-0.536323065767647,-0.316859983126051,0.100008840561107,0.419545442583815,0.963564924168168,1.15415720509676,1.35215782724845,NaN,NaN,NaN,NaN,NaN,NaN,NaN,NaN,NaN
NaN,NaN,-0.562393746236921,-0.351205762694008,0.0699996341766867,0.392841574522511,0.937949716317235,1.13553747775344,1.36267346494424,NaN,NaN,NaN,NaN,NaN,NaN,NaN,NaN,NaN
NaN,NaN,-0.564584477702738,-0.386186592499143,0.0269788083436045,0.3851408965614,0.894909500348149,1.11821307109979,1.37318358921038,NaN,NaN,NaN,NaN,NaN,NaN,NaN,NaN,NaN
NaN,NaN,-0.574447537670494,-0.433337461421615,0.0011583183707747,0.362569157752053,0.868999733793316,1.1075419584134,1.3724841473304,NaN,NaN,NaN,NaN,NaN,NaN,NaN,NaN,NaN
NaN,NaN,-0.599719404141069,-0.458630021879799,-0.0396625931559053,0.352603205266253,0.836477800476132,1.09682388844279,1.38638707973587,NaN,NaN,NaN,NaN,NaN,NaN,NaN,NaN,NaN
NaN,NaN,-0.606166689554811,-0.493448466280825,-0.0659793663022962,0.336362168910758,0.792482773977099,1.10323451699999,1.37837150298583,NaN,NaN,NaN,NaN,NaN,NaN,NaN,NaN,NaN
NaN,NaN,-0.622048216770054,-0.513764783958322,-0.0885783928630796,0.319524266543643,0.762469600158511,1.0882641026595,1.37987026177871,NaN,NaN,NaN,NaN,NaN,NaN,NaN,NaN,NaN
NaN,NaN,-0.615887517938972,-0.528647542218096,-0.119483252167508,0.31837941032912,0.723179205524502,1.08323538916496,1.3789459241234,NaN,NaN,NaN,NaN,NaN,NaN,NaN,NaN,NaN
NaN,NaN,-0.626292086104513,-0.559551470199949,-0.127197154909178,0.29650910643007,0.699165984260617,1.09207753332642,1.3632640165888,NaN,NaN,NaN,NaN,NaN,NaN,NaN,NaN,NaN
NaN,NaN,-0.640116526643396,-0.566385347614414,-0.15956378087382,0.279526327523248,0.669643598812399,1.0943963402727,1.36753519230115,NaN,NaN,NaN,NaN,NaN,NaN,NaN,NaN,NaN
NaN,NaN,-0.641875441084267,-0.58602712697757,-0.174779412448212,0.258089069994943,0.633125993626891,1.11451898010758,1.34967676528322,NaN,NaN,NaN,NaN,NaN,NaN,NaN,NaN,NaN
NaN,NaN,-0.655352759073139,-0.596396379391081,-0.194215816557213,0.229229488196628,0.615674722212134,1.10458625721124,1.34341019370186,NaN,NaN,NaN,NaN,NaN,NaN,NaN,NaN,NaN
NaN,NaN,-0.658922574380995,-0.604665518025286,-0.219433703571364,0.210150656076924,0.582107993977843,1.110093912653,1.32990678005444,NaN,NaN,NaN,NaN,NaN,NaN,NaN,NaN,NaN
NaN,NaN,-0.67644296855724,-0.632304899612791,-0.231522382348582,0.165589031549947,0.564139242487727,1.11837936805872,1.30394985132443,NaN,NaN,NaN,NaN,NaN,NaN,NaN,NaN,NaN
NaN,NaN,-0.699861111948849,-0.632110942373402,-0.2641895274816,0.127327468964116,0.548181421327172,1.11289300265101,1.30008883007395,NaN,NaN,NaN,NaN,NaN,NaN,NaN,NaN,NaN
NaN,NaN,-0.700863047401072,-0.643611025283462,-0.28659055486302,0.0924183696236772,0.522722973691998,1.111658478699,1.28659486003744,NaN,NaN,NaN,NaN,NaN,NaN,NaN,NaN,NaN
NaN,NaN,-0.720104413936497,-0.646411661276943,-0.303629753291413,0.0551800511505765,0.514551363157807,1.08976191150335,1.28764490761387,NaN,NaN,NaN,NaN,NaN,NaN,NaN,NaN,NaN
NaN,NaN,-0.732599093476892,-0.646536849657423,-0.328188170790478,0.0259436189856691,0.492538585531292,1.07648818062929,1.28780410789477,NaN,NaN,NaN,NaN,NaN,NaN,NaN,NaN,NaN
NaN,NaN,-0.741888868520618,-0.662422828594572,-0.345520847588583,-0.0140345759961444,0.4815217659052,1.06464956196335,1.28146435298549,NaN,NaN,NaN,NaN,NaN,NaN,NaN,NaN,NaN
NaN,NaN,-0.758068716982962,-0.652598250875599,-0.37615433812122,-0.0522833794627028,0.470959841477452,1.03463649990348,1.29169360898959,NaN,NaN,NaN,NaN,NaN,NaN,NaN,NaN,NaN
NaN,NaN,-0.751521426151157,-0.653195414910442,-0.400945809781357,-0.0786652520570593,0.447812098282157,1.00432412939457,1.29132843740808,NaN,NaN,NaN,NaN,NaN,NaN,NaN,NaN,NaN
NaN,NaN,-0.769878297011019,-0.655154861728079,-0.416738544702336,-0.114005889025672,0.425680986809311,0.958895089648043,1.29681785755383,NaN,NaN,NaN,NaN,NaN,NaN,NaN,NaN,NaN
NaN,NaN,-0.777839726666571,-0.657697204718716,-0.447015469074055,-0.140537853566154,0.401296205091057,0.919129105828082,1.29820236169326,NaN,NaN,NaN,NaN,NaN,NaN,NaN,NaN,NaN
NaN,NaN,-0.778638857314945,-0.676452476749546,-0.467426632642552,-0.17507122012709,0.383442118036328,0.886659810862814,1.29429719575273,NaN,NaN,NaN,NaN,NaN,NaN,NaN,NaN,NaN
NaN,NaN,-0.785518015632988,-0.666666232267744,-0.493385796546742,-0.196072022644027,0.373799930530367,0.836830905250584,1.30903707050311,NaN,NaN,NaN,NaN,NaN,NaN,NaN,NaN,NaN
NaN,NaN,-0.770037366906763,-0.664241906473762,-0.51142696768026,-0.20008291232322,0.352025683241664,0.80222366618303,1.31350702770578,NaN,NaN,NaN,NaN,NaN,NaN,NaN,NaN,NaN
NaN,NaN,-0.778876176933409,-0.667030342141516,-0.515842069983288,-0.219913787421926,0.333899016695796,0.765083415977036,1.31805294357764,NaN,NaN,NaN,NaN,NaN,NaN,NaN,NaN,NaN
NaN,NaN,-0.777519649724127,-0.665187645921833,-0.544270151406333,-0.231332714882834,0.317190568166552,0.734750668130194,1.31993192412483,NaN,NaN,NaN,NaN,NaN,NaN,NaN,NaN,NaN
NaN,NaN,-0.769252932528616,-0.690008770892746,-0.55668846249561,-0.248419317630275,0.297197009640513,0.719118213824307,1.3147747253679,NaN,NaN,NaN,NaN,NaN,NaN,NaN,NaN,NaN
NaN,NaN,-0.777676372686983,-0.688260901937611,-0.574372955709502,-0.260252795395597,0.291945169883547,0.689588023892914,1.32950640447962,NaN,NaN,NaN,NaN,NaN,NaN,NaN,NaN,NaN
NaN,NaN,-0.763193319449783,-0.695201955953962,-0.589905255585715,-0.261255047497495,0.261125936376629,0.687786436251675,1.33271929972398,NaN,NaN,NaN,NaN,NaN,NaN,NaN,NaN,NaN
NaN,NaN,-0.770697246203781,-0.709520723889,-0.591300916969582,-0.285589351532205,0.245093106495915,0.686854200980937,1.32406878449547,NaN,NaN,NaN,NaN,NaN,NaN,NaN,NaN,NaN
NaN,NaN,-0.767915069023729,-0.712212823549635,-0.613576662838265,-0.304385322359546,0.22911718042451,0.690331200681006,1.31192526944506,NaN,NaN,NaN,NaN,NaN,NaN,NaN,NaN,NaN
NaN,NaN,-0.754906709204079,-0.7380980404414,-0.616831728368804,-0.323572094765647,0.208030565845547,0.705306495151793,1.29546183325874,NaN,NaN,NaN,NaN,NaN,NaN,NaN,NaN,NaN
NaN,NaN,-0.761389273116947,-0.741511188665754,-0.626067877858683,-0.346969953951581,0.201367437111912,0.706711581520115,1.28776199348795,NaN,NaN,NaN,NaN,NaN,NaN,NaN,NaN,NaN
NaN,NaN,-0.751487581888796,-0.752487663397915,-0.643408582657382,-0.368528432426198,0.168262812512694,0.727290904692685,1.27296655603277,NaN,NaN,NaN,NaN,NaN,NaN,NaN,NaN,NaN
NaN,NaN,-0.757819606820703,-0.766883339951164,-0.647909254878565,-0.411152123687013,0.150028838979779,0.731928369573628,1.24325397588836,NaN,NaN,NaN,NaN,NaN,NaN,NaN,NaN,NaN
NaN,NaN,-0.759577161530615,-0.764739528516657,-0.674488679617449,-0.449938281652673,0.127928833680926,0.734059962055956,1.22835134320485,NaN,NaN,NaN,NaN,NaN,NaN,NaN,NaN,NaN
NaN,NaN,-0.752147777835489,-0.78697321585787,-0.682654404192969,-0.476930449930175,0.103877353685675,0.740712548218047,1.2094616440736,NaN,NaN,NaN,NaN,NaN,NaN,NaN,NaN,NaN
NaN,NaN,-0.762659764746786,-0.783579047987587,-0.691466615646883,-0.508031315383657,0.0873012088413816,0.73292518275169,1.20589117683994,NaN,NaN,NaN,NaN,NaN,NaN,NaN,NaN,NaN
NaN,NaN,-0.754846340874792,-0.784779280642397,-0.708199520706936,-0.527744527188285,0.054094082879601,0.736648051611458,1.20338429861295,NaN,NaN,NaN,NaN,NaN,NaN,NaN,NaN,NaN
NaN,NaN,-0.758463467369438,-0.791785527238972,-0.707262256294295,-0.565002887723191,0.0372314445849042,0.727289433203017,1.17952217512357,NaN,NaN,NaN,NaN,NaN,NaN,NaN,NaN,NaN
NaN,NaN,-0.757671936313272,-0.781350411692983,-0.723937680125042,-0.580490353730662,0.0167049087758642,0.7091877447286,1.17408220820653,NaN,NaN,NaN,NaN,NaN,NaN,NaN,NaN,NaN
NaN,NaN,-0.752644563923241,-0.80044239408744,-0.723945167958542,-0.588378246155723,-0.00837946383398958,0.693517851255213,1.14603073500621,NaN,NaN,NaN,NaN,NaN,NaN,NaN,NaN,NaN
NaN,NaN,-0.762269987622858,-0.797150243291981,-0.725515731721922,-0.606685738292678,-0.0313020691100974,0.663620757482325,1.13548332058417,NaN,NaN,NaN,NaN,NaN,NaN,NaN,NaN,NaN
NaN,NaN,-0.757820519516827,-0.799216531435377,-0.741137270927235,-0.612353376326306,-0.0682767674152274,0.632920286230122,1.12094500266539,NaN,NaN,NaN,NaN,NaN,NaN,NaN,NaN,NaN
NaN,NaN,-0.758197556147934,-0.811552643994219,-0.739108496457144,-0.63292401957248,-0.0936850912694354,0.595843365959202,1.09708654858696,NaN,NaN,NaN,NaN,NaN,NaN,NaN,NaN,NaN
NaN,NaN,-0.765450882623554,-0.813660096595413,-0.758292232751652,-0.633740528700097,-0.112148654443445,0.546890108458077,1.09274563544022,NaN,NaN,NaN,NaN,NaN,NaN,NaN,NaN,NaN
NaN,NaN,-0.751863165656687,-0.832523010889418,-0.760319181829497,-0.626644577113135,-0.141675100458087,0.516961815378939,1.06778710313665,NaN,NaN,NaN,NaN,NaN,NaN,NaN,NaN,NaN
NaN,NaN,-0.751896190355183,-0.832764353821403,-0.763861150592371,-0.631712331650003,-0.158299748582067,0.475500805846726,1.06032313012111,NaN,NaN,NaN,NaN,NaN,NaN,NaN,NaN,NaN
NaN,NaN,-0.735353740761639,-0.83500651291979,-0.777493273019597,-0.629510033157809,-0.187485721689882,0.438467732242619,1.04920572765695,NaN,NaN,NaN,NaN,NaN,NaN,NaN,NaN,NaN
NaN,NaN,-0.724924473921419,-0.849379334817059,-0.782704916894242,-0.636411096182807,-0.205735266936244,0.407819117031371,1.02810283355939,NaN,NaN,NaN,NaN,NaN,NaN,NaN,NaN,NaN
NaN,NaN,-0.724445196698071,-0.855240185032017,-0.80484891787152,-0.62758649813865,-0.220671743882122,0.36243342103747,1.01148094215023,NaN,NaN,NaN,NaN,NaN,NaN,NaN,NaN,NaN
NaN,NaN,-0.703940956751467,-0.875061188111431,-0.815267288237616,-0.617010287222608,-0.24278117416543,0.3443479189494,0.980563565870398,NaN,NaN,NaN,NaN,NaN,NaN,NaN,NaN,NaN
NaN,NaN,-0.694341274807812,-0.88176143936289,-0.824221768528029,-0.623430098620399,-0.255979654175462,0.310908465258156,0.956968378057354,NaN,NaN,NaN,NaN,NaN,NaN,NaN,NaN,NaN
NaN,NaN,-0.675764518688084,-0.881843358496553,-0.841141645908162,-0.622346318540319,-0.27493871821207,0.290801192245757,0.932074479540461,NaN,NaN,NaN,NaN,NaN,NaN,NaN,NaN,NaN
NaN,NaN,-0.661562333712936,-0.898587271789438,-0.847138879000947,-0.631129360971196,-0.287451502663316,0.272410737893855,0.895098868539208,NaN,NaN,NaN,NaN,NaN,NaN,NaN,NaN,NaN
NaN,NaN,-0.659127167324186,-0.897036154041416,-0.864390959143445,-0.632964010563834,-0.29686594454688,0.246795120260989,0.869169395198696,NaN,NaN,NaN,NaN,NaN,NaN,NaN,NaN,NaN
NaN,NaN,-0.638305886546732,-0.912094634244568,-0.876687266975447,-0.632825951305373,-0.317702182364883,0.244759286365782,0.830097302576178,NaN,NaN,NaN,NaN,NaN,NaN,NaN,NaN,NaN
NaN,NaN,-0.636259193430305,-0.916100625167019,-0.884370566457316,-0.659688479480489,-0.332374312711181,0.227463303677117,0.800841294010752,NaN,NaN,NaN,NaN,NaN,NaN,NaN,NaN,NaN
NaN,NaN,-0.632643892327906,-0.908839438328869,-0.906937313377663,-0.678140233484252,-0.354424659890356,0.220293013922249,0.773196138223284,NaN,NaN,NaN,NaN,NaN,NaN,NaN,NaN,NaN
NaN,NaN,-0.629338628510595,-0.916622333446867,-0.918791988044783,-0.702051847455247,-0.383106377703371,0.210125169328724,0.730943485876196,NaN,NaN,NaN,NaN,NaN,NaN,NaN,NaN,NaN
NaN,NaN,-0.64011395619309,-0.911028921822435,-0.937344064116284,-0.722724843052371,-0.404239670169773,0.203304181418692,0.704931627740734,NaN,NaN,NaN,NaN,NaN,NaN,NaN,NaN,NaN
NaN,NaN,-0.628495017896057,-0.91528072602523,-0.956799672096774,-0.735464181033118,-0.435768590104999,0.204829054496561,0.672976329704397,NaN,NaN,NaN,NaN,NaN,NaN,NaN,NaN,NaN
NaN,NaN,-0.636624942431808,-0.914721373686916,-0.966080562323138,-0.765655293342813,-0.457224082929315,0.198727550528323,0.654087152113789,NaN,NaN,NaN,NaN,NaN,NaN,NaN,NaN,NaN
NaN,NaN,-0.644131849418045,-0.897138729909784,-0.989601151197955,-0.782298176762803,-0.485605933499755,0.184876995704447,0.637052517166012,NaN,NaN,NaN,NaN,NaN,NaN,NaN,NaN,NaN
NaN,NaN,-0.647196887890459,-0.896717567215092,-1.00281682342271,-0.797121684280379,-0.51501844151062,0.170797149262701,0.609402015586966,NaN,NaN,NaN,NaN,NaN,NaN,NaN,NaN,NaN
NaN,NaN,-0.657914492199779,-0.884941347161657,-1.0216926458476,-0.809751778123124,-0.536371451598825,0.147860592774426,0.58853353538143,NaN,NaN,NaN,NaN,NaN,NaN,NaN,NaN,NaN
NaN,NaN,-0.655256609330536,-0.887364946524031,-1.03947841107826,-0.816981616643413,-0.571062584203901,0.123280400953566,0.569291796316975,NaN,NaN,NaN,NaN,NaN,NaN,NaN,NaN,NaN
NaN,NaN,-0.667430355111719,-0.883787885526545,-1.04495816409568,-0.835778462913974,-0.596910250169458,0.0916634524085869,0.553544360926026,NaN,NaN,NaN,NaN,NaN,NaN,NaN,NaN,NaN
NaN,NaN,-0.678278307328583,-0.870494075337774,-1.06739482387881,-0.844440656927569,-0.62807964233798,0.0361414464035382,0.541841491838568,NaN,NaN,NaN,NaN,NaN,NaN,NaN,NaN,NaN
NaN,NaN,-0.686128425310017,-0.874740310231573,-1.07756801426391,-0.850452493158324,-0.658162032050313,-0.00910397378417353,0.520684208502644,NaN,NaN,NaN,NaN,NaN,NaN,NaN,NaN,NaN
NaN,NaN,-0.695617037723423,-0.86578994638694,-1.08583176985364,-0.858508545187457,-0.673803035897436,-0.0690270191213737,0.510917950203293,NaN,NaN,NaN,NaN,NaN,NaN,NaN,NaN,NaN
NaN,NaN,-0.69608905063069,-0.86198605246318,-1.09270209923367,-0.857895213392718,-0.704898220283212,-0.110000593044485,0.504636570592993,NaN,NaN,NaN,NaN,NaN,NaN,NaN,NaN,NaN
NaN,NaN,-0.705701361308456,-0.855928637305624,-1.08261861383896,-0.872530370232804,-0.723684188706102,-0.161274035849298,0.493257373353117,NaN,NaN,NaN,NaN,NaN,NaN,NaN,NaN,NaN
NaN,NaN,-0.720931353876949,-0.837618276695139,-1.09269904449563,-0.878775931176885,-0.74162924734992,-0.213122905620063,0.487906142850989,NaN,NaN,NaN,NaN,NaN,NaN,NaN,NaN,NaN
NaN,NaN,-0.719576819697977,-0.839991715023643,-1.09314755082111,-0.881804927465661,-0.764930044097127,-0.241939888723815,0.467601932366961,NaN,NaN,NaN,NaN,NaN,NaN,NaN,NaN,NaN
NaN,NaN,-0.728944583694101,-0.832681764135486,-1.08235367119293,-0.893274649259789,-0.773056373727741,-0.285672896929706,0.464111093213432,NaN,NaN,NaN,NaN,NaN,NaN,NaN,NaN,NaN
NaN,NaN,-0.726195840994478,-0.830692086587078,-1.07851772114615,-0.896036486354812,-0.799668376130285,-0.31854493302914,0.453091051211231,NaN,NaN,NaN,NaN,NaN,NaN,NaN,NaN,NaN
NaN,NaN,-0.72745213926828,-0.823816597679979,-1.06231125548463,-0.917727901813729,-0.812671837193193,-0.363082343169178,0.431263047983521,NaN,NaN,NaN,NaN,NaN,NaN,NaN,NaN,NaN
NaN,NaN,-0.734878263334394,-0.809824165175087,-1.06782269209604,-0.928874454674466,-0.824225582910003,-0.398531926252569,0.425152119030827,NaN,NaN,NaN,NaN,NaN,NaN,NaN,NaN,NaN
NaN,NaN,-0.724462686936022,-0.810628082821495,-1.05889756709318,-0.936259544667943,-0.846119542402448,-0.414064468272651,0.40337284260022,NaN,NaN,NaN,NaN,NaN,NaN,NaN,NaN,NaN
NaN,NaN,-0.731386325220228,-0.812734604100115,-1.04604006290416,-0.958367130932553,-0.848352630418958,-0.437306703456367,0.396558169057244,NaN,NaN,NaN,NaN,NaN,NaN,NaN,NaN,NaN
NaN,NaN,-0.724421243081451,-0.814071182379848,-1.03944181010108,-0.968040554997666,-0.873982683551731,-0.448201799221958,0.379022128661745,NaN,NaN,NaN,NaN,NaN,NaN,NaN,NaN,NaN
NaN,NaN,-0.723132572034956,-0.815642621586449,-1.03228183940034,-1.00059515911077,-0.878400896472158,-0.458758396484579,0.352036312004202,NaN,NaN,NaN,NaN,NaN,NaN,NaN,NaN,NaN
NaN,NaN,-0.728764857063652,-0.801473070154316,-1.03978356823306,-1.01736093985771,-0.895324629527749,-0.471799296714986,0.342473938842886,NaN,NaN,NaN,NaN,NaN,NaN,NaN,NaN,NaN
NaN,NaN,-0.721754624406458,-0.808815486947424,-1.03478482469897,-1.03413262518977,-0.919789989275159,-0.470933408864463,0.316065840204828,NaN,NaN,NaN,NaN,NaN,NaN,NaN,NaN,NaN
NaN,NaN,-0.730404301444651,-0.816987842539675,-1.02325305819492,-1.05867796691988,-0.928151552361669,-0.483398528226341,0.305295765181654,NaN,NaN,NaN,NaN,NaN,NaN,NaN,NaN,NaN
NaN,NaN,-0.727146572331549,-0.819143519023783,-1.02838743954878,-1.07160686629747,-0.950320270640077,-0.490718667783464,0.287599462797516,NaN,NaN,NaN,NaN,NaN,NaN,NaN,NaN,NaN
NaN,NaN,-0.729683197001577,-0.820767373064882,-1.02746647328119,-1.09742821308707,-0.959140882623615,-0.497738697954143,0.265595756252878,NaN,NaN,NaN,NaN,NaN,NaN,NaN,NaN,NaN
NaN,NaN,-0.733868393013836,-0.808271557310945,-1.03479013323764,-1.11155021118854,-0.974940658343257,-0.515570898928369,0.258045449634665,NaN,NaN,NaN,NaN,NaN,NaN,NaN,NaN,NaN
NaN,NaN,-0.729832078228355,-0.815221216747887,-1.03565941110234,-1.12585528868173,-0.998142809403362,-0.521078964152063,0.231875322540873,NaN,NaN,NaN,NaN,NaN,NaN,NaN,NaN,NaN
NaN,NaN,-0.735362402061583,-0.82492984480632,-1.02454331248979,-1.14831122684215,-1.00387470869464,-0.547889859803642,0.214112095316523,NaN,NaN,NaN,NaN,NaN,NaN,NaN,NaN,NaN
NaN,NaN,-0.737460764954449,-0.822883188942797,-1.04000142320971,-1.15956007617448,-1.02121422140044,-0.56853607056352,0.195066399654024,NaN,NaN,NaN,NaN,NaN,NaN,NaN,NaN,NaN
NaN,NaN,-0.738267364809872,-0.828693598727114,-1.04158552840333,-1.17713357436393,-1.0319977819745,-0.595232264526809,0.16862352543103,NaN,NaN,NaN,NaN,NaN,NaN,NaN,NaN,NaN
NaN,NaN,-0.747147786329151,-0.82334767676366,-1.0481792177258,-1.18571217286323,-1.04125175697845,-0.636151393332208,0.158812526395195,NaN,NaN,NaN,NaN,NaN,NaN,NaN,NaN,NaN
NaN,NaN,-0.74009378151095,-0.835952829787857,-1.04482425853591,-1.18727707418536,-1.05528101397795,-0.660964713819946,0.127449493636959,NaN,NaN,NaN,NaN,NaN,NaN,NaN,NaN,NaN
NaN,NaN,-0.740067182938219,-0.844825260559446,-1.03286112204175,-1.19508589732383,-1.04957066549105,-0.699189209767307,0.103215362658375,NaN,NaN,NaN,NaN,NaN,NaN,NaN,NaN,NaN
NaN,NaN,-0.73753541977203,-0.837781910071499,-1.04472656279783,-1.19042606207465,-1.05122789813322,-0.732518376239265,0.0821431276999647,NaN,NaN,NaN,NaN,NaN,NaN,NaN,NaN,NaN
NaN,NaN,-0.730872384170652,-0.840721499393112,-1.0360339331625,-1.19156743514274,-1.05420569030684,-0.76438054201814,0.0562074144982034,NaN,NaN,NaN,NaN,NaN,NaN,NaN,NaN,NaN
NaN,NaN,-0.739311507801176,-0.836339775691158,-1.03678873285632,-1.18636517899965,-1.05030780730885,-0.807195675947393,0.0382170749508077,NaN,NaN,NaN,NaN,NaN,NaN,NaN,NaN,NaN
NaN,NaN,-0.731473944048048,-0.848959233830101,-1.02606412500124,-1.17354265528653,-1.05879133639974,-0.831698642500366,0.00117193140613381,NaN,NaN,NaN,NaN,NaN,NaN,NaN,NaN,NaN
NaN,NaN,-0.734204544583918,-0.859934590975172,-1.02035487547497,-1.17401673572992,-1.05115918515367,-0.862640922345842,-0.0314894395269221,NaN,NaN,NaN,NaN,NaN,NaN,NaN,NaN,NaN
NaN,NaN,-0.730787577937008,-0.850472707519657,-1.02649344608168,-1.16841609704231,-1.05582114381832,-0.885559671946491,-0.0565007033146685,NaN,NaN,NaN,NaN,NaN,NaN,NaN,NaN,NaN
NaN,NaN,-0.724615591476322,-0.857783738742001,-1.01982275500874,-1.16450340601538,-1.06179216949386,-0.902592816778148,-0.087754491934902,NaN,NaN,NaN,NaN,NaN,NaN,NaN,NaN,NaN
NaN,NaN,-0.725874255309463,-0.851384714464075,-1.01197477906923,-1.16253151672815,-1.06069600282353,-0.923252513088907,-0.112359512815601,NaN,NaN,NaN,NaN,NaN,NaN,NaN,NaN,NaN
NaN,NaN,-0.711326363394619,-0.862963009843952,-1.00894062325339,-1.15348315912221,-1.07027636913699,-0.92139079926225,-0.15195359311474,NaN,NaN,NaN,NaN,NaN,NaN,NaN,NaN,NaN
NaN,NaN,-0.7109541696409,-0.871172636965639,-1.00891387566905,-1.16516535284851,-1.06864377929014,-0.931748633660997,-0.190776780465967,NaN,NaN,NaN,NaN,NaN,NaN,NaN,NaN,NaN
NaN,NaN,-0.707371855984093,-0.859039999762899,-1.02233937486987,-1.17327784302567,-1.08099585471791,-0.939565317162002,-0.219066392848617,NaN,NaN,NaN,NaN,NaN,NaN,NaN,NaN,NaN
NaN,NaN,-0.698821085403324,-0.866149511406548,-1.02729138463716,-1.18047529014681,-1.09408652482671,-0.936056149580205,-0.258080762097961,NaN,NaN,NaN,NaN,NaN,NaN,NaN,NaN,NaN
NaN,NaN,-0.70016405255592,-0.862968653658754,-1.02736900106053,-1.19419983702634,-1.09891770480317,-0.93868383897158,-0.286007102797157,NaN,NaN,NaN,NaN,NaN,NaN,NaN,NaN,NaN
NaN,NaN,-0.686917423168779,-0.867523752371199,-1.0412706296144,-1.19381523805593,-1.11164821384591,-0.925369893588747,-0.321403768131859,NaN,NaN,NaN,NaN,NaN,NaN,NaN,NaN,NaN
NaN,NaN,-0.685236944715143,-0.87207769624365,-1.04287012025695,-1.21294616836046,-1.11080806775135,-0.923842822589601,-0.355480451355106,NaN,NaN,NaN,NaN,NaN,NaN,NaN,NaN,NaN
NaN,NaN,-0.68441935525334,-0.859576367060072,-1.05743906006198,-1.21952322426174,-1.12097987977904,-0.928169877656425,-0.371150735983974,NaN,NaN,NaN,NaN,NaN,NaN,NaN,NaN,NaN
NaN,NaN,-0.669123648563982,-0.860723663339741,-1.05385767772774,-1.22296939718459,-1.13458337335032,-0.920073089577878,-0.403538037309772,NaN,NaN,NaN,NaN,NaN,NaN,NaN,NaN,NaN
NaN,NaN,-0.668837732533575,-0.853964627007372,-1.05217196524124,-1.23676500397657,-1.13824118001503,-0.925675423272575,-0.422065098056919,NaN,NaN,NaN,NaN,NaN,NaN,NaN,NaN,NaN
NaN,NaN,-0.658218252370716,-0.857349556157715,-1.05933353781681,-1.23391979488467,-1.15408837868017,-0.927738861568893,-0.449599240193493,NaN,NaN,NaN,NaN,NaN,NaN,NaN,NaN,NaN
NaN,NaN,-0.658897912959219,-0.863599140415317,-1.05493411898594,-1.25349353182052,-1.16073578668875,-0.94229914007398,-0.476187773267156,NaN,NaN,NaN,NaN,NaN,NaN,NaN,NaN,NaN
NaN,NaN,-0.659726622412563,-0.853352412799723,-1.0590819503365,-1.25501205327843,-1.17549069298548,-0.964228750594581,-0.482454680124647,NaN,NaN,NaN,NaN,NaN,NaN,NaN,NaN,NaN
NaN,NaN,-0.645776788602234,-0.860259920576937,-1.0517527396975,-1.25749250057076,-1.19484713373822,-0.973402277954544,-0.509690650025732,NaN,NaN,NaN,NaN,NaN,NaN,NaN,NaN,NaN
NaN,NaN,-0.647075443426729,-0.852264516273863,-1.04419511288385,-1.26526993813847,-1.20461991129559,-0.994704773106302,-0.517368845859892,NaN,NaN,NaN,NaN,NaN,NaN,NaN,NaN,NaN
NaN,NaN,-0.632618634859682,-0.84865254930628,-1.04375042498092,-1.26068593117331,-1.21690103856963,-1.00886584950301,-0.53573454565776,NaN,NaN,NaN,NaN,NaN,NaN,NaN,NaN,NaN
NaN,NaN,-0.63547427476442,-0.854253784040338,-1.02707893133144,-1.26868174525832,-1.22656405044836,-1.03054171187493,-0.550574239561683,NaN,NaN,NaN,NaN,NaN,NaN,NaN,NaN,NaN
NaN,NaN,-0.631957637975574,-0.835049428264029,-1.02233931899051,-1.26298231187199,-1.23543353824061,-1.05417879057738,-0.553268145988113,NaN,NaN,NaN,NaN,NaN,NaN,NaN,NaN,NaN
NaN,NaN,-0.617195597747923,-0.837729383478291,-1.01143284246306,-1.25543880390857,-1.25349346621078,-1.06204928589674,-0.575590737382299,NaN,NaN,NaN,NaN,NaN,NaN,NaN,NaN,NaN
NaN,NaN,-0.62010864437616,-0.831015311399824,-1.00600000947694,-1.25578754695986,-1.26172225995106,-1.08507953343603,-0.585071601191885,NaN,NaN,NaN,NaN,NaN,NaN,NaN,NaN,NaN
NaN,NaN,-0.615230302224518,-0.826084628919489,-1.00715831398945,-1.24619507345293,-1.27459483293933,-1.09908152131053,-0.609233126262552,NaN,NaN,NaN,NaN,NaN,NaN,NaN,NaN,NaN
NaN,NaN,-0.613962418297888,-0.834607254932053,-0.992304817884966,-1.24960512968634,-1.28734350277227,-1.11040176583144,-0.631296269813902,NaN,NaN,NaN,NaN,NaN,NaN,NaN,NaN,NaN
NaN,NaN,-0.611681274036528,-0.821796484509832,-0.990715385526225,-1.24272278624509,-1.29800560025615,-1.12247003001782,-0.642749209175236,NaN,NaN,NaN,NaN,NaN,NaN,NaN,NaN,NaN
NaN,NaN,-0.598409890095354,-0.820182167211897,-0.983493817150399,-1.22576757448648,-1.3126291714434,-1.11299603936883,-0.663678355733282,NaN,NaN,NaN,NaN,NaN,NaN,NaN,NaN,NaN
NaN,NaN,-0.604455384323956,-0.812574882278568,-0.976366647630736,-1.2233913235638,-1.31820727212471,-1.11768068505141,-0.67465280018223,NaN,NaN,NaN,NaN,NaN,NaN,NaN,NaN,NaN
NaN,NaN,-0.605590387145639,-0.810916494796402,-0.979051035940453,-1.21158055144285,-1.3290642395441,-1.11616421250316,-0.692507613668568,NaN,NaN,NaN,NaN,NaN,NaN,NaN,NaN,NaN
NaN,NaN,-0.602869472364546,-0.815625466624624,-0.967817478924796,-1.21857618096207,-1.34096888898057,-1.10941624028298,-0.713269029030926,NaN,NaN,NaN,NaN,NaN,NaN,NaN,NaN,NaN
NaN,NaN,-0.603568932870985,-0.800967697272427,-0.974533693045184,-1.21866353901957,-1.34691575614852,-1.1069601191363,-0.722329382071621,NaN,NaN,NaN,NaN,NaN,NaN,NaN,NaN,NaN
NaN,NaN,-0.590317292968393,-0.795318089643843,-0.971340709477469,-1.20670319649313,-1.36698819769663,-1.0890327183685,-0.740141820380813,NaN,NaN,NaN,NaN,NaN,NaN,NaN,NaN,NaN
NaN,NaN,-0.595720994184376,-0.78656581811083,-0.972888381331965,-1.20768589082096,-1.37074787242454,-1.08195116502854,-0.7521945314802,NaN,NaN,NaN,NaN,NaN,NaN,NaN,NaN,NaN
NaN,NaN,-0.592580872485996,-0.778664272496826,-0.978613202571675,-1.20061752500866,-1.37463484032196,-1.07400703934642,-0.767326846937067,NaN,NaN,NaN,NaN,NaN,NaN,NaN,NaN,NaN
NaN,NaN,-0.581129069338203,-0.785505973020918,-0.97549086913447,-1.20243110808466,-1.38624651430291,-1.06489469987961,-0.786706552127725,NaN,NaN,NaN,NaN,NaN,NaN,NaN,NaN,NaN
NaN,NaN,-0.578556290725828,-0.763515956918127,-0.978949335515305,-1.19582298326228,-1.38411525709671,-1.06609923524472,-0.796066902796156,NaN,NaN,NaN,NaN,NaN,NaN,NaN,NaN,NaN
NaN,NaN,-0.561565092662931,-0.757605374077684,-0.984189589619443,-1.17897977235649,-1.39806773586315,-1.05898720903012,-0.814321682075388,NaN,NaN,NaN,NaN,NaN,NaN,NaN,NaN,NaN
NaN,NaN,-0.564884791980148,-0.754507702062256,-0.981626385003134,-1.18035928460692,-1.40547415314359,-1.06703372431609,-0.83837854511512,NaN,NaN,NaN,NaN,NaN,NaN,NaN,NaN,NaN
NaN,NaN,-0.557365181753994,-0.751982663045055,-0.98786265134792,-1.17569976600741,-1.40988098530215,-1.08542576191636,-0.860687613705522,NaN,NaN,NaN,NaN,NaN,NaN,NaN,NaN,NaN
NaN,NaN,-0.548428359339596,-0.762263737837202,-0.988065027743384,-1.17607799473141,-1.4228219546203,-1.09753170741412,-0.886553831616766,NaN,NaN,NaN,NaN,NaN,NaN,NaN,NaN,NaN
NaN,NaN,-0.548440075377584,-0.746889315763838,-0.989744463115737,-1.16913075673316,-1.41954721955699,-1.12685078514429,-0.899620883385069,NaN,NaN,NaN,NaN,NaN,NaN,NaN,NaN,NaN
NaN,NaN,-0.535637854496599,-0.742298566023237,-0.989836664050624,-1.15109955075119,-1.43030384628219,-1.13902730626675,-0.917366862515337,NaN,NaN,NaN,NaN,NaN,NaN,NaN,NaN,NaN
NaN,NaN,-0.534309024820686,-0.736724898437387,-0.975619875937506,-1.15370550307368,-1.4265451960091,-1.16584999246212,-0.940524887511856,NaN,NaN,NaN,NaN,NaN,NaN,NaN,NaN,NaN
NaN,NaN,-0.52176740662253,-0.731904093394405,-0.975689669251248,-1.1456470482323,-1.42950663415832,-1.19166876880142,-0.954287544111139,NaN,NaN,NaN,NaN,NaN,NaN,NaN,NaN,NaN
NaN,NaN,-0.512699677507044,-0.729352120528347,-0.966291879415318,-1.13764827254151,-1.43480667917174,-1.20439655838224,-0.976857010493404,NaN,NaN,NaN,NaN,NaN,NaN,NaN,NaN,NaN
NaN,NaN,-0.513166121105314,-0.713698916355497,-0.964268078207776,-1.12684448364113,-1.42964676095289,-1.23799165470215,-0.986436724881059,NaN,NaN,NaN,NaN,NaN,NaN,NaN,NaN,NaN
NaN,NaN,-0.503981287489296,-0.712695230016834,-0.95775034755449,-1.10804108085965,-1.44749403072638,-1.25064423067185,-1.00931589327229,NaN,NaN,NaN,NaN,NaN,NaN,NaN,NaN,NaN
NaN,NaN,-0.498681410113932,-0.708682496318943,-0.944378175884291,-1.11583967807625,-1.44838934837026,-1.27316619960281,-1.03625050581468,NaN,NaN,NaN,NaN,NaN,NaN,NaN,NaN,NaN
NaN,NaN,-0.489469307372929,-0.703346204230911,-0.944162127673432,-1.10922879653905,-1.45191935895127,-1.2895619472644,-1.05217921383155,NaN,NaN,NaN,NaN,NaN,NaN,NaN,NaN,NaN
NaN,NaN,-0.48065541953838,-0.699979752520449,-0.933451787680193,-1.0988490388069,-1.45975029168767,-1.29473948610636,-1.07453076935781,NaN,NaN,NaN,NaN,NaN,NaN,NaN,NaN,NaN
NaN,NaN,-0.477836864898563,-0.687358003327972,-0.925639835297867,-1.0864579223368,-1.45382840259117,-1.31169149411532,-1.08323334551824,NaN,NaN,NaN,NaN,NaN,NaN,NaN,NaN,NaN
NaN,NaN,-0.463018740425468,-0.685435865292675,-0.918326103240057,-1.06838570090864,-1.46647408677381,-1.31385488195034,-1.1052891502477,NaN,NaN,NaN,NaN,NaN,NaN,NaN,NaN,NaN
NaN,NaN,-0.456045388142229,-0.685057245413191,-0.90657480537872,-1.07832134815787,-1.47112738413853,-1.32526905966612,-1.12830377019418,NaN,NaN,NaN,NaN,NaN,NaN,NaN,NaN,NaN
NaN,NaN,-0.454595058123232,-0.67564334369672,-0.905191307067677,-1.07407369765375,-1.4743840887968,-1.33615767342659,-1.14146708346379,NaN,NaN,NaN,NaN,NaN,NaN,NaN,NaN,NaN
NaN,NaN,-0.450364227304817,-0.673919614622719,-0.902020544856593,-1.06290425288413,-1.48761458767694,-1.34163161499115,-1.16031895227206,NaN,NaN,NaN,NaN,NaN,NaN,NaN,NaN,NaN
NaN,NaN,-0.450135121951462,-0.667727064559586,-0.893118758797452,-1.05623572247957,-1.4936258092348,-1.35388090965959,-1.17052695549501,NaN,NaN,NaN,NaN,NaN,NaN,NaN,NaN,NaN
NaN,NaN,-0.435093629072071,-0.666377634028322,-0.891365711688801,-1.04240740763877,-1.51052087618154,-1.36147510019752,-1.18979758418573,NaN,NaN,NaN,NaN,NaN,NaN,NaN,NaN,NaN
NaN,NaN,-0.427356387386681,-0.663768720100052,-0.881315027475163,-1.05199347364639,-1.51409063561005,-1.3687123147926,-1.20873638264311,NaN,NaN,NaN,NaN,NaN,NaN,NaN,NaN,NaN
NaN,NaN,-0.428766894052387,-0.655301470527775,-0.880244136899516,-1.04560206758712,-1.5130216635589,-1.38485088703843,-1.20940184987558,NaN,NaN,NaN,NaN,NaN,NaN,NaN,NaN,NaN
NaN,NaN,-0.416612929562689,-0.649042070130236,-0.873301983922526,-1.03613709214066,-1.52125941662234,-1.38636423034283,-1.22443408540857,NaN,NaN,NaN,NaN,NaN,NaN,NaN,NaN,NaN
NaN,NaN,-0.408424015055061,-0.641483586499817,-0.858261999785706,-1.03391363399957,-1.51647336853785,-1.40388309715005,-1.23273578307999,NaN,NaN,NaN,NaN,NaN,NaN,NaN,NaN,NaN
NaN,NaN,-0.388861901024939,-0.637369785676128,-0.85755421325545,-1.0317958437178,-1.52398312537116,-1.4112840941331,-1.24924839309824,NaN,NaN,NaN,NaN,NaN,NaN,NaN,NaN,NaN
NaN,NaN,-0.383114951560856,-0.63376923672331,-0.846051988303467,-1.04662858995531,-1.52041811568779,-1.42513289807054,-1.26433904118312,NaN,NaN,NaN,NaN,NaN,NaN,NaN,NaN,NaN
NaN,NaN,-0.388055003146292,-0.627556849489338,-0.84758613735418,-1.04597079682086,-1.51055419890326,-1.45436743033739,-1.26286386347783,NaN,NaN,NaN,NaN,NaN,NaN,NaN,NaN,NaN
NaN,NaN,-0.373122121105553,-0.625697389463312,-0.839241468459174,-1.04914610388611,-1.52066396622104,-1.4638354977748,-1.28208434976113,NaN,NaN,NaN,NaN,NaN,NaN,NaN,NaN,NaN
NaN,NaN,-0.361244647661806,-0.620102431843407,-0.825624489337012,-1.06159736516808,-1.51144424526137,-1.48844130096647,-1.29165527246369,NaN,NaN,NaN,NaN,NaN,NaN,NaN,NaN,NaN
NaN,NaN,-0.344082328389049,-0.607383843729622,-0.825932999253079,-1.06643629374836,-1.51078153474373,-1.50049788636776,-1.30501360468043,NaN,NaN,NaN,NaN,NaN,NaN,NaN,NaN,NaN
NaN,NaN,-0.336293975720764,-0.601031162063009,-0.811534845381781,-1.07960184219216,-1.50654522774857,-1.51427145806762,-1.31408485419524,NaN,NaN,NaN,NaN,NaN,NaN,NaN,NaN,NaN
NaN,NaN,-0.334076459417702,-0.586190872112638,-0.80734100669603,-1.08141920643781,-1.49634905232233,-1.53823418302151,-1.31690067074669,NaN,NaN,NaN,NaN,NaN,NaN,NaN,NaN,NaN
NaN,NaN,-0.316865692744614,-0.582146678338177,-0.796547592729136,-1.08584000843499,-1.50670861898107,-1.5451600937328,-1.33789825088752,NaN,NaN,NaN,NaN,NaN,NaN,NaN,NaN,NaN
NaN,NaN,-0.306668362478376,-0.576754749039537,-0.781733659207627,-1.09666655885909,-1.50176350100082,-1.56211049986693,-1.35139685891045,NaN,NaN,NaN,NaN,NaN,NaN,NaN,NaN,NaN
NaN,NaN,-0.296035080114962,-0.561335213700659,-0.779877700954482,-1.10111012238,-1.50638371778768,-1.57630085704538,-1.36611553675903,NaN,NaN,NaN,NaN,NaN,NaN,NaN,NaN,NaN
NaN,NaN,-0.291350099156261,-0.554986369083054,-0.766600039899155,-1.10338482188915,-1.50678057296318,-1.58639114109489,-1.37823161504639,NaN,NaN,NaN,NaN,NaN,NaN,NaN,NaN,NaN
NaN,NaN,-0.282356596449972,-0.540938541511423,-0.756267854124114,-1.10104658755396,-1.50249810962123,-1.6048204502246,-1.38375500983966,NaN,NaN,NaN,NaN,NaN,NaN,NaN,NaN,NaN
NaN,NaN,-0.260856977562071,-0.536300424704677,-0.738111478388115,-1.08718476372693,-1.50776607988519,-1.60028394071075,-1.39376954011095,NaN,NaN,NaN,NaN,NaN,NaN,NaN,NaN,NaN
NaN,NaN,-0.245537075112225,-0.523988489279873,-0.72218934550862,-1.08191407400106,-1.4965770773415,-1.60969860611173,-1.3983620779909,NaN,NaN,NaN,NaN,NaN,NaN,NaN,NaN,NaN
NaN,NaN,-0.236739522675634,-0.503491923431284,-0.714384452551409,-1.06585235449408,-1.4937188111071,-1.61520093438836,-1.40124427921546,NaN,NaN,NaN,NaN,NaN,NaN,NaN,NaN,NaN
NaN,NaN,-0.225177450935007,-0.490649432162172,-0.70238188385944,-1.05171573462818,-1.49054007677478,-1.61736871806594,-1.41225739217771,NaN,NaN,NaN,NaN,NaN,NaN,NaN,NaN,NaN
NaN,NaN,-0.215806483189226,-0.476108767310507,-0.694910385757491,-1.03740462216471,-1.47691747246427,-1.62869974730226,-1.41059498138202,NaN,NaN,NaN,NaN,NaN,NaN,NaN,NaN,NaN
NaN,NaN,-0.194212297807098,-0.470654607037432,-0.687358328252837,-1.0097470425341,-1.47693390099448,-1.61943316219064,-1.41288875437749,NaN,NaN,NaN,NaN,NaN,NaN,NaN,NaN,NaN
NaN,NaN,-0.183455913225771,-0.458970587918884,-0.673630130588814,-0.992830499288781,-1.45656479595345,-1.62373810765954,-1.41682599506748,NaN,NaN,NaN,NaN,NaN,NaN,NaN,NaN,NaN
NaN,NaN,-0.174993972192169,-0.43402351088298,-0.673376494198843,-0.963483127978786,-1.44694378672284,-1.62687306983086,-1.41439764595998,NaN,NaN,NaN,NaN,NaN,NaN,NaN,NaN,NaN
NaN,NaN,-0.159178792397142,-0.422752868602402,-0.664048795699879,-0.939405906227572,-1.43424194378895,-1.62319805232498,-1.42633803955687,NaN,NaN,NaN,NaN,NaN,NaN,NaN,NaN,NaN
NaN,NaN,-0.149099497954012,-0.410192400435335,-0.651476928144499,-0.919268737760528,-1.40964506266755,-1.62905309108707,-1.41993335283769,NaN,NaN,NaN,NaN,NaN,NaN,NaN,NaN,NaN
NaN,NaN,-0.128095175037743,-0.400396470198757,-0.646831248998448,-0.89116276356314,-1.3974093280558,-1.62507600841733,-1.42604787669552,NaN,NaN,NaN,NaN,NaN,NaN,NaN,NaN,NaN
NaN,NaN,-0.123658745447756,-0.385576296815998,-0.631509390771195,-0.884126081344827,-1.37619843779248,-1.63772407678577,-1.4359099308349,NaN,NaN,NaN,NaN,NaN,NaN,NaN,NaN,NaN
NaN,NaN,-0.119586034576059,-0.359044723430998,-0.63297991186361,-0.870798333761437,-1.3654837764625,-1.65377620367023,-1.44155694938672,NaN,NaN,NaN,NaN,NaN,NaN,NaN,NaN,NaN
NaN,NaN,-0.110629468123079,-0.354123316923506,-0.62735083058457,-0.868401929018243,-1.35244231743854,-1.66330719126078,-1.45768054596556,NaN,NaN,NaN,NaN,NaN,NaN,NaN,NaN,NaN
NaN,NaN,-0.108684140155674,-0.344388369689113,-0.618946538418337,-0.867973352995856,-1.32795022873324,-1.68098559362503,-1.45504320807231,NaN,NaN,NaN,NaN,NaN,NaN,NaN,NaN,NaN
NaN,NaN,-0.0955327850679169,-0.334121916661388,-0.61293391987662,-0.863844501999362,-1.31777172980946,-1.69057568294617,-1.46802929065598,NaN,NaN,NaN,NaN,NaN,NaN,NaN,NaN,NaN
NaN,NaN,-0.0891530205408344,-0.314780898610479,-0.602011238336369,-0.87685595380996,-1.29759403018397,-1.71064829213234,-1.48327310405148,NaN,NaN,NaN,NaN,NaN,NaN,NaN,NaN,NaN
NaN,NaN,-0.0831552472809562,-0.286366824278957,-0.603481852561041,-0.877695671496137,-1.28715140817803,-1.72676898298475,-1.49015483281983,NaN,NaN,NaN,NaN,NaN,NaN,NaN,NaN,NaN
NaN,NaN,-0.0746129703620682,-0.284325476954109,-0.595683329850241,-0.884550987956269,-1.27317005841178,-1.72797947881433,-1.50898477829469,NaN,NaN,NaN,NaN,NaN,NaN,NaN,NaN,NaN
NaN,NaN,-0.0712744397023926,-0.274120938251144,-0.585128204077288,-0.893281615552648,-1.25013433469576,-1.74248905611845,-1.5139419662155,NaN,NaN,NaN,NaN,NaN,NaN,NaN,NaN,NaN
NaN,NaN,-0.0676056061784038,-0.266519762793905,-0.578535352945134,-0.896850108382447,-1.24411638898891,-1.74422573057624,-1.53853070757759,NaN,NaN,NaN,NaN,NaN,NaN,NaN,NaN,NaN
NaN,NaN,-0.0605783861974487,-0.251704190144665,-0.566086103319928,-0.91104637014602,-1.23113883732003,-1.75284897667977,-1.5624306800164,NaN,NaN,NaN,NaN,NaN,NaN,NaN,NaN,NaN
NaN,NaN,-0.0620991055766353,-0.23581189684046,-0.566215240508124,-0.915274723646386,-1.22437849713606,-1.75401163978192,-1.57308048404229,NaN,NaN,NaN,NaN,NaN,NaN,NaN,NaN,NaN
NaN,NaN,-0.0522693683305988,-0.234850920955068,-0.550385308563515,-0.914602196988805,-1.21032865790767,-1.73755597082588,-1.59585381693614,NaN,NaN,NaN,NaN,NaN,NaN,NaN,NaN,NaN
NaN,NaN,-0.0556520809332142,-0.232307981917984,-0.529540819227501,-0.909919171807511,-1.19240889398498,-1.73093599958035,-1.60096443093789,NaN,NaN,NaN,NaN,NaN,NaN,NaN,NaN,NaN
NaN,NaN,-0.0491535541514168,-0.222654115626938,-0.517465663254067,-0.898105382201417,-1.18407910762471,-1.7177254310033,-1.62172344348801,NaN,NaN,NaN,NaN,NaN,NaN,NaN,NaN,NaN
NaN,NaN,-0.0464234751561889,-0.209204420665628,-0.503475112020775,-0.895837481347068,-1.17634734211606,-1.70440332723471,-1.63928855977429,NaN,NaN,NaN,NaN,NaN,NaN,NaN,NaN,NaN
NaN,NaN,-0.0488045875827083,-0.197945941457874,-0.498898425251051,-0.882542553571208,-1.16946978567285,-1.68999040258738,-1.64889803923143,NaN,NaN,NaN,NaN,NaN,NaN,NaN,NaN,NaN
NaN,NaN,-0.0399294187227497,-0.197515446910984,-0.48023388266544,-0.866356912282451,-1.16451792491716,-1.66746038702937,-1.6687353777088,NaN,NaN,NaN,NaN,NaN,NaN,NaN,NaN,NaN
NaN,NaN,-0.0457731884816894,-0.196703352252371,-0.4632852087913,-0.847431916025622,-1.15039741693181,-1.65820518267962,-1.67569243184698,NaN,NaN,NaN,NaN,NaN,NaN,NaN,NaN,NaN
NaN,NaN,-0.0375167530874023,-0.185954157481319,-0.452493284940526,-0.821096739945157,-1.14646447895211,-1.64789689464184,-1.69318492359889,NaN,NaN,NaN,NaN,NaN,NaN,NaN,NaN,NaN
NaN,NaN,-0.0345380295912037,-0.178051494280226,-0.443799705356165,-0.804002705243571,-1.13919790906948,-1.64111215380641,-1.70622764922155,NaN,NaN,NaN,NaN,NaN,NaN,NaN,NaN,NaN
NaN,NaN,-0.0368259352544555,-0.161663104066974,-0.435561207234665,-0.777819129851802,-1.12785138262552,-1.64432827142688,-1.7079738976754,NaN,NaN,NaN,NaN,NaN,NaN,NaN,NaN,NaN
NaN,NaN,-0.0236608338454971,-0.160702984998352,-0.411904067843958,-0.746060862419351,-1.11923744974774,-1.64339318630906,-1.71951350591553,NaN,NaN,NaN,NaN,NaN,NaN,NaN,NaN,NaN
NaN,NaN,-0.0276568223634968,-0.155296750584967,-0.391821288615271,-0.721155303743823,-1.10536659209174,-1.66013022644135,-1.72455060131324,NaN,NaN,NaN,NaN,NaN,NaN,NaN,NaN,NaN
NaN,NaN,-0.0105222751299152,-0.143118385443813,-0.384288155585333,-0.694513554898246,-1.10232424063724,-1.6762958629212,-1.7349098140694,NaN,NaN,NaN,NaN,NaN,NaN,NaN,NaN,NaN
NaN,NaN,-0.00709810004627798,-0.136404872158892,-0.370668419748351,-0.674963529435142,-1.09880670977873,-1.69973777366492,-1.74105415887607,NaN,NaN,NaN,NaN,NaN,NaN,NaN,NaN,NaN
NaN,NaN,-0.00671446965134237,-0.125590913216001,-0.357118775248333,-0.654699719724401,-1.09212862400454,-1.73353232202741,-1.7381662765838,NaN,NaN,NaN,NaN,NaN,NaN,NaN,NaN,NaN
NaN,NaN,0.00480442597472575,-0.127620358238346,-0.33504060015063,-0.632386776832088,-1.09097193999332,-1.75628255812141,-1.74122120089305,NaN,NaN,NaN,NaN,NaN,NaN,NaN,NaN,NaN
NaN,NaN,0.00356718256080058,-0.120843701282865,-0.319928457140728,-0.619279156652434,-1.07883663920802,-1.79166756329748,-1.74503276891483,NaN,NaN,NaN,NaN,NaN,NaN,NaN,NaN,NaN
NaN,NaN,0.0206452543934574,-0.108098682234413,-0.315537699609801,-0.603988013443692,-1.07824014572543,-1.81545302031251,-1.74229289240611,NaN,NaN,NaN,NaN,NaN,NaN,NaN,NaN,NaN
NaN,NaN,0.0259258533915272,-0.0968837889231509,-0.299997539371058,-0.594289872077449,-1.07291046602768,-1.83739939463946,-1.74195893875731,NaN,NaN,NaN,NaN,NaN,NaN,NaN,NaN,NaN
NaN,NaN,0.0263487483462086,-0.0857811199821299,-0.283164647519394,-0.585140000310882,-1.06726946381968,-1.86005124581667,-1.73667260281218,NaN,NaN,NaN,NaN,NaN,NaN,NaN,NaN,NaN
NaN,NaN,0.038627379675745,-0.0839398579992121,-0.266695604771182,-0.574680484113439,-1.06560999600333,-1.8675037076852,-1.7448689679004,NaN,NaN,NaN,NaN,NaN,NaN,NaN,NaN,NaN
NaN,NaN,0.0391235697170487,-0.0793901237047976,-0.259153121262595,-0.573809194591983,-1.05690319163841,-1.88136391101095,-1.76065490416659,NaN,NaN,NaN,NaN,NaN,NaN,NaN,NaN,NaN
NaN,NaN,0.0504970858892193,-0.0674164446390932,-0.259570651799246,-0.56389737057422,-1.05448193920893,-1.88101351020547,-1.76114224664343,NaN,NaN,NaN,NaN,NaN,NaN,NaN,NaN,NaN
NaN,NaN,0.0567236851056805,-0.0636929238535231,-0.242405557185217,-0.563574332025989,-1.05113305224222,-1.87154296545001,-1.77510042510403,NaN,NaN,NaN,NaN,NaN,NaN,NaN,NaN,NaN
NaN,NaN,0.0603767792781582,-0.0545126909710234,-0.229971450865075,-0.559217809912904,-1.04157749636215,-1.85768799615713,-1.77985071040166,NaN,NaN,NaN,NaN,NaN,NaN,NaN,NaN,NaN
NaN,NaN,0.077808530171751,-0.0541275518335169,-0.217680377065941,-0.547393514988168,-1.03304674921674,-1.83135000748249,-1.79904608822835,NaN,NaN,NaN,NaN,NaN,NaN,NaN,NaN,NaN
NaN,NaN,0.0841000611981144,-0.0533612968720263,-0.212215599715516,-0.542432042983516,-1.01727278975886,-1.80654199553343,-1.81856629274262,NaN,NaN,NaN,NaN,NaN,NaN,NaN,NaN,NaN
NaN,NaN,0.0921780365606537,-0.0411130080319708,-0.20844407856445,-0.528714928058131,-1.0048540130083,-1.78152171654316,-1.82338577530754,NaN,NaN,NaN,NaN,NaN,NaN,NaN,NaN,NaN
NaN,NaN,0.0942066247662297,-0.0416435452498263,-0.191234299093291,-0.527221179780705,-0.9998414113943,-1.74915849921914,-1.84993951416982,NaN,NaN,NaN,NaN,NaN,NaN,NaN,NaN,NaN
NaN,NaN,0.0916491198440781,-0.0335077906347578,-0.181067218184277,-0.520503326532586,-0.990335066599073,-1.72383729127857,-1.86536007396353,NaN,NaN,NaN,NaN,NaN,NaN,NaN,NaN,NaN
NaN,NaN,0.103916370411753,-0.0349855201639002,-0.180268739461705,-0.504537663635953,-0.982616991532268,-1.68968949226352,-1.89236114568484,NaN,NaN,NaN,NaN,NaN,NaN,NaN,NaN,NaN
NaN,NaN,0.100782227804302,-0.031230744192726,-0.173113164603516,-0.494678999510749,-0.962968134117546,-1.66598606614086,-1.91051398239506,NaN,NaN,NaN,NaN,NaN,NaN,NaN,NaN,NaN
NaN,NaN,0.10287112845981,-0.0206918420590227,-0.165818245261714,-0.480643409517749,-0.949098431301536,-1.64625169468733,-1.91659712068213,NaN,NaN,NaN,NaN,NaN,NaN,NaN,NaN,NaN
NaN,NaN,0.11218366502726,-0.0163554551400011,-0.149205592572495,-0.472194600132449,-0.943213608843507,-1.62132378427001,-1.94755720741523,NaN,NaN,NaN,NaN,NaN,NaN,NaN,NaN,NaN
NaN,NaN,0.109810114940046,-0.00581822938693222,-0.142313656508729,-0.455293144312842,-0.929380432498874,-1.61063145605537,-1.9630284684099,NaN,NaN,NaN,NaN,NaN,NaN,NaN,NaN,NaN
NaN,NaN,0.12191185085976,-0.00213710240495857,-0.143634402304694,-0.432992289987548,-0.919519179296913,-1.59331077469202,-1.98846240363491,NaN,NaN,NaN,NaN,NaN,NaN,NaN,NaN,NaN
NaN,NaN,0.123241835375666,0.00314155944215599,-0.13341177731733,-0.421995233026488,-0.899041873199167,-1.5875770500085,-2.003664903561,NaN,NaN,NaN,NaN,NaN,NaN,NaN,NaN,NaN
NaN,NaN,0.125615683486103,0.0142737140558893,-0.122330901324555,-0.412005140659555,-0.88884942306322,-1.58792683614107,-2.01012764892948,NaN,NaN,NaN,NaN,NaN,NaN,NaN,NaN,NaN
NaN,NaN,0.137719263424515,0.0196794083021814,-0.109846280067965,-0.397338207093223,-0.884015970659675,-1.57870795337173,-2.03658110297692,NaN,NaN,NaN,NaN,NaN,NaN,NaN,NaN,NaN
NaN,NaN,0.137709745307802,0.0295741891168291,-0.106730391382977,-0.37734198498462,-0.869105663878145,-1.58088357878538,-2.04402726910484,NaN,NaN,NaN,NaN,NaN,NaN,NaN,NaN,NaN
NaN,NaN,0.14992586626613,0.0357447785936529,-0.106844049989983,-0.355155906853421,-0.852667131257476,-1.57883796600314,-2.05652647487295,NaN,NaN,NaN,NaN,NaN,NaN,NaN,NaN,NaN
NaN,NaN,0.146506198783754,0.0414646638237173,-0.0921489532289949,-0.351285982159122,-0.833767038566293,-1.57464224604579,-2.06068188718928,NaN,NaN,NaN,NaN,NaN,NaN,NaN,NaN,NaN
NaN,NaN,0.154817340066074,0.0561522541247541,-0.0816502283511606,-0.347246705767854,-0.822871272248449,-1.5731420343897,-2.05529910347832,NaN,NaN,NaN,NaN,NaN,NaN,NaN,NaN,NaN
NaN,NaN,0.165517752160667,0.0637886894546682,-0.0789399865267721,-0.335256635424836,-0.811687559616985,-1.54854869229409,-2.06569426528586,NaN,NaN,NaN,NaN,NaN,NaN,NaN,NaN,NaN
NaN,NaN,0.161436752518057,0.0710354221664602,-0.0754300925133672,-0.322817034301503,-0.794237424415769,-1.54216658083412,-2.05945744014753,NaN,NaN,NaN,NaN,NaN,NaN,NaN,NaN,NaN
NaN,NaN,0.166345828314661,0.0821697374485666,-0.073709809332892,-0.310633081224902,-0.775030032527866,-1.52197832001063,-2.06171520821226,NaN,NaN,NaN,NaN,NaN,NaN,NaN,NaN,NaN
NaN,NaN,0.164911777814268,0.0796600280009443,-0.0569620403645483,-0.31576001199816,-0.76438488511485,-1.49526994434806,-2.05788516275061,NaN,NaN,NaN,NaN,NaN,NaN,NaN,NaN,NaN
NaN,NaN,0.165332269956707,0.0974378583632642,-0.0500265370307413,-0.315649817911132,-0.753211510163965,-1.46772498024317,-2.04961822203768,NaN,NaN,NaN,NaN,NaN,NaN,NaN,NaN,NaN
NaN,NaN,0.18024136601889,0.106606822242611,-0.0455837930736986,-0.306716348258002,-0.744796470535221,-1.41409238559815,-2.05213249496592,NaN,NaN,NaN,NaN,NaN,NaN,NaN,NaN,NaN
NaN,NaN,0.177113239755272,0.116455875118845,-0.0344399783013311,-0.297054584351523,-0.722735506278696,-1.38401590047094,-2.04313541598094,NaN,NaN,NaN,NaN,NaN,NaN,NaN,NaN,NaN
NaN,NaN,0.183927373131155,0.128341078539961,-0.0256756182013002,-0.289291861680492,-0.703914408368291,-1.343169936367,-2.03931576407922,NaN,NaN,NaN,NaN,NaN,NaN,NaN,NaN,NaN
NaN,NaN,0.188633662750362,0.128733202596777,-0.00700837478022246,-0.296989186880334,-0.693722237629117,-1.30057107416602,-2.03405068091524,NaN,NaN,NaN,NaN,NaN,NaN,NaN,NaN,NaN
NaN,NaN,0.186631430973648,0.14159018524515,-0.00926284596304564,-0.294611874249919,-0.67732902316493,-1.26605648306819,-2.02886442489398,NaN,NaN,NaN,NaN,NaN,NaN,NaN,NaN,NaN
NaN,NaN,0.195784469236969,0.147713184138411,-0.00569548934678702,-0.2846569113705,-0.670362897944869,-1.21869602931353,-2.03274999580754,NaN,NaN,NaN,NaN,NaN,NaN,NaN,NaN,NaN
NaN,NaN,0.188190371831297,0.152601938476437,0.00444232940693231,-0.278028837618573,-0.64973251966876,-1.19462705908033,-2.03154108322633,NaN,NaN,NaN,NaN,NaN,NaN,NaN,NaN,NaN
NaN,NaN,0.196801976402639,0.160754959812039,0.0165833112599406,-0.269163950559838,-0.635648091119947,-1.16344216970416,-2.02851726509107,NaN,NaN,NaN,NaN,NaN,NaN,NaN,NaN,NaN
NaN,NaN,0.198513989438652,0.158625174095505,0.0308933992685828,-0.266499343541606,-0.626088903081836,-1.13498689366194,-2.03025656587852,NaN,NaN,NaN,NaN,NaN,NaN,NaN,NaN,NaN
NaN,NaN,0.198478226651787,0.175318013658398,0.0343129177393469,-0.252137678888782,-0.611814317089738,-1.11866909769985,-2.03005249447597,NaN,NaN,NaN,NaN,NaN,NaN,NaN,NaN,NaN
NaN,NaN,0.204793133874773,0.178582001259201,0.0432201240958724,-0.232063225683911,-0.610955302399816,-1.10460497198316,-2.03991115860117,NaN,NaN,NaN,NaN,NaN,NaN,NaN,NaN,NaN
NaN,NaN,0.193143927594065,0.183427709867829,0.0601142783464942,-0.22401592808698,-0.59860490335268,-1.10288573188397,-2.04972159884346,NaN,NaN,NaN,NaN,NaN,NaN,NaN,NaN,NaN
NaN,NaN,0.204793711294769,0.19095277764427,0.0719467502834353,-0.216700538274987,-0.594393276405754,-1.09950804842326,-2.05468383453263,NaN,NaN,NaN,NaN,NaN,NaN,NaN,NaN,NaN
NaN,NaN,0.207147293825983,0.188552126070135,0.0800022062661204,-0.207466940608962,-0.592799541336717,-1.09670370576593,-2.06267586744798,NaN,NaN,NaN,NaN,NaN,NaN,NaN,NaN,NaN
NaN,NaN,0.209011876126169,0.201274849256151,0.0848241475226435,-0.193777765360816,-0.583061874640407,-1.11048329380962,-2.0687572175957,NaN,NaN,NaN,NaN,NaN,NaN,NaN,NaN,NaN
NaN,NaN,0.211574689586996,0.202501345207565,0.0916027788819823,-0.174587751952155,-0.586426612717332,-1.11951566992017,-2.07488803959859,NaN,NaN,NaN,NaN,NaN,NaN,NaN,NaN,NaN
NaN,NaN,0.20775049283111,0.208724573036307,0.112992129177049,-0.166337649551375,-0.572073758376064,-1.13480826599213,-2.08729575223697,NaN,NaN,NaN,NaN,NaN,NaN,NaN,NaN,NaN
NaN,NaN,0.216198799302219,0.21455940209853,0.119076198786691,-0.159651666161759,-0.562712532264413,-1.13949376849147,-2.08659010774863,NaN,NaN,NaN,NaN,NaN,NaN,NaN,NaN,NaN
NaN,NaN,0.220083941807388,0.217620733907097,0.126582826376155,-0.147735933986648,-0.559452977759065,-1.14048152921411,-2.09335674367321,NaN,NaN,NaN,NaN,NaN,NaN,NaN,NaN,NaN
NaN,NaN,0.222050429423689,0.227804746260517,0.128663028478816,-0.133449576077207,-0.548526366037549,-1.15770386291357,-2.09463958464039,NaN,NaN,NaN,NaN,NaN,NaN,NaN,NaN,NaN
NaN,NaN,0.221581992795109,0.228238835712546,0.136063522547677,-0.120802792933925,-0.550659243745031,-1.15744072703334,-2.09649559877289,NaN,NaN,NaN,NaN,NaN,NaN,NaN,NaN,NaN
NaN,NaN,0.22240591525042,0.229777902146452,0.15232910856624,-0.118170297918065,-0.536275171471061,-1.1628865240297,-2.10876696578634,NaN,NaN,NaN,NaN,NaN,NaN,NaN,NaN,NaN
NaN,NaN,0.226085943271755,0.229905716856592,0.15054149076362,-0.109572551426633,-0.526975319517078,-1.15748278556081,-2.10041069261206,NaN,NaN,NaN,NaN,NaN,NaN,NaN,NaN,NaN
NaN,NaN,0.228921298970818,0.230251479675644,0.157542149424747,-0.0995496392521697,-0.522819069010438,-1.14559625966164,-2.10830666891707,NaN,NaN,NaN,NaN,NaN,NaN,NaN,NaN,NaN
NaN,NaN,0.22984098001325,0.236066005905741,0.165033950358823,-0.0914577126774626,-0.5152441195969,-1.14471317959639,-2.09828113041294,NaN,NaN,NaN,NaN,NaN,NaN,NaN,NaN,NaN
NaN,NaN,0.237231378545403,0.241125825574272,0.17660837143679,-0.0801079079780417,-0.506938473117771,-1.12436758113715,-2.0909014048375,NaN,NaN,NaN,NaN,NaN,NaN,NaN,NaN,NaN
NaN,NaN,0.241203767349361,0.239971935530775,0.191659494191602,-0.0780575268242198,-0.482318141293945,-1.10528154058071,-2.08083183340204,NaN,NaN,NaN,NaN,NaN,NaN,NaN,NaN,NaN
NaN,NaN,0.243552823652863,0.249266236802214,0.19647201046367,-0.0685771659288245,-0.467435103637399,-1.08622582388731,-2.06125515348685,NaN,NaN,NaN,NaN,NaN,NaN,NaN,NaN,NaN
NaN,NaN,0.245662977089523,0.244053847869509,0.200933883786396,-0.0581173517081576,-0.457318854314508,-1.06452129540655,-2.06051458440197,NaN,NaN,NaN,NaN,NaN,NaN,NaN,NaN,NaN
NaN,NaN,0.24358124761784,0.25191991009342,0.209688818901971,-0.0596039288017588,-0.448069200647296,-1.04699160663101,-2.04245432115567,NaN,NaN,NaN,NaN,NaN,NaN,NaN,NaN,NaN
NaN,NaN,0.252317500402569,0.254861715962761,0.216442937851146,-0.0505029887232619,-0.434376095217885,-1.01808933300587,-2.03167934737576,NaN,NaN,NaN,NaN,NaN,NaN,NaN,NaN,NaN
NaN,NaN,0.257429921170115,0.251975007136934,0.226262356043056,-0.042965348092063,-0.410589744133176,-0.988379844852413,-2.01282084755076,NaN,NaN,NaN,NaN,NaN,NaN,NaN,NaN,NaN
NaN,NaN,0.26117497413361,0.262795597096556,0.226042452156738,-0.0290117144856291,-0.387255550158443,-0.965365951337541,-1.99631913400663,NaN,NaN,NaN,NaN,NaN,NaN,NaN,NaN,NaN
NaN,NaN,0.269639038582682,0.25941886358487,0.233096773624614,-0.0122713215920764,-0.376005303842248,-0.941462700643266,-1.99287815786374,NaN,NaN,NaN,NaN,NaN,NaN,NaN,NaN,NaN
NaN,NaN,0.274066154946922,0.271190855433815,0.247808075398401,-0.00304442944858844,-0.354700517636957,-0.926901025154317,-1.98266506961954,NaN,NaN,NaN,NaN,NaN,NaN,NaN,NaN,NaN
NaN,NaN,0.2821720699867,0.274594429662102,0.251368707865671,0.01487742063667,-0.337563791108551,-0.90350512174579,-1.97640114299429,NaN,NaN,NaN,NaN,NaN,NaN,NaN,NaN,NaN
NaN,NaN,0.283901480128407,0.276962093790644,0.266061886102155,0.0268561474707288,-0.312314965558471,-0.885139515080179,-1.9730412291683,NaN,NaN,NaN,NaN,NaN,NaN,NaN,NaN,NaN
NaN,NaN,0.286551092853188,0.280983470162028,0.261342557966903,0.0429335690763158,-0.290999599528732,-0.883787607230867,-1.9680816570617,NaN,NaN,NaN,NaN,NaN,NaN,NaN,NaN,NaN
NaN,NaN,0.293686886419891,0.279333948870772,0.274042035341457,0.0571251742270154,-0.280163121205987,-0.871320923247064,-1.97418927050603,NaN,NaN,NaN,NaN,NaN,NaN,NaN,NaN,NaN
NaN,NaN,0.295592465539812,0.286884534885758,0.28746019572039,0.0666230439868135,-0.255795177799882,-0.873818376489604,-1.97769432164205,NaN,NaN,NaN,NaN,NaN,NaN,NaN,NaN,NaN
NaN,NaN,0.298309152116417,0.295773375561112,0.292675751149848,0.0887334987249536,-0.239333175850334,-0.864448693968977,-1.97660229004396,NaN,NaN,NaN,NaN,NaN,NaN,NaN,NaN,NaN
NaN,NaN,0.297023498555063,0.2986121771537,0.301511692702964,0.0988784514095945,-0.217279513162794,-0.861654577233518,-1.98933220304025,NaN,NaN,NaN,NaN,NaN,NaN,NaN,NaN,NaN
NaN,NaN,0.296161037971615,0.304469171693199,0.297481506020025,0.107763976576583,-0.20822953505558,-0.864373908766235,-1.99317618108762,NaN,NaN,NaN,NaN,NaN,NaN,NaN,NaN,NaN
NaN,NaN,0.301621996899485,0.302703179200762,0.303997187763647,0.122069054069774,-0.200264380109729,-0.858494189955915,-2.00543298221601,NaN,NaN,NaN,NaN,NaN,NaN,NaN,NaN,NaN
NaN,NaN,0.298558131893515,0.308988265474909,0.307962256372169,0.126119245561616,-0.182023533416213,-0.858907212891305,-2.02195358298195,NaN,NaN,NaN,NaN,NaN,NaN,NaN,NaN,NaN
NaN,NaN,0.297440302660107,0.321343824049109,0.311675756126836,0.144228533628241,-0.169851650280179,-0.856137496807302,-2.02921236700786,NaN,NaN,NaN,NaN,NaN,NaN,NaN,NaN,NaN
NaN,NaN,0.293684166957974,0.317105598529452,0.315613443851665,0.152246848466651,-0.157100987416925,-0.855435652115072,-2.05037907532824,NaN,NaN,NaN,NaN,NaN,NaN,NaN,NaN,NaN
NaN,NaN,0.296125461449265,0.322260636618012,0.314826681167081,0.156403937163608,-0.15229512078804,-0.856370085307086,-2.05619214869512,NaN,NaN,NaN,NaN,NaN,NaN,NaN,NaN,NaN
NaN,NaN,0.300991566022276,0.318526014467352,0.319893616140083,0.167281617197053,-0.144987516832771,-0.84132889045092,-2.06207227728737,NaN,NaN,NaN,NaN,NaN,NaN,NaN,NaN,NaN
NaN,NaN,0.30443554102385,0.327258094926947,0.325912157893375,0.175573889884011,-0.127645210159244,-0.836827678062643,-2.05871685243619,NaN,NaN,NaN,NaN,NaN,NaN,NaN,NaN,NaN
NaN,NaN,0.305600588311791,0.341469071587198,0.330819296539024,0.19420732629563,-0.111283809674205,-0.822463480212415,-2.04827227465285,NaN,NaN,NaN,NaN,NaN,NaN,NaN,NaN,NaN
NaN,NaN,0.305940055390238,0.337459709277027,0.34013591229935,0.200876862528579,-0.100172237289371,-0.813854986258472,-2.04319900668634,NaN,NaN,NaN,NaN,NaN,NaN,NaN,NaN,NaN
NaN,NaN,0.307063621570705,0.33978294931876,0.340984049141601,0.207617048892037,-0.0906071074132342,-0.803141181745256,-2.0221570024587,NaN,NaN,NaN,NaN,NaN,NaN,NaN,NaN,NaN
NaN,NaN,0.308537998338579,0.334377851118916,0.342276929766134,0.212957494678752,-0.0860484883014578,-0.779683252253259,-2.00321717954648,NaN,NaN,NaN,NaN,NaN,NaN,NaN,NaN,NaN
NaN,NaN,0.306898404945969,0.347515683402889,0.349720972478584,0.21915010062124,-0.066142716241302,-0.767389831521238,-1.97439976803435,NaN,NaN,NaN,NaN,NaN,NaN,NaN,NaN,NaN
NaN,NaN,0.306540590812801,0.356979895164841,0.351834534555868,0.235713560852067,-0.0563880435947794,-0.750456692107643,-1.93472011781705,NaN,NaN,NaN,NaN,NaN,NaN,NaN,NaN,NaN
NaN,NaN,0.315108646740555,0.349912442048662,0.361489313543037,0.242702354463593,-0.0460936136369128,-0.727463269062961,-1.90541899598611,NaN,NaN,NaN,NaN,NaN,NaN,NaN,NaN,NaN
NaN,NaN,0.311548517187475,0.356144144912832,0.362988817393974,0.248894476118342,-0.0312260359351058,-0.702357811310018,-1.8596837187506,NaN,NaN,NaN,NaN,NaN,NaN,NaN,NaN,NaN
NaN,NaN,0.317953930338263,0.353059716304415,0.36518016353269,0.257249203297154,-0.0233465440396685,-0.676774063535656,-1.81895590222848,NaN,NaN,NaN,NaN,NaN,NaN,NaN,NaN,NaN
NaN,NaN,0.31651900439465,0.370058327695006,0.375426798016027,0.261662349822776,-0.000749063474358991,-0.659744532235588,-1.77741532049549,NaN,NaN,NaN,NaN,NaN,NaN,NaN,NaN,NaN
NaN,NaN,0.316684109260677,0.377355705728405,0.382185797095493,0.270801399621026,0.00654203744488768,-0.642428842761243,-1.72739355660451,NaN,NaN,NaN,NaN,NaN,NaN,NaN,NaN,NaN
NaN,NaN,0.32846493004763,0.369408953716629,0.383994909823135,0.277806994291799,0.0199589312251192,-0.6200443742952,-1.69322368524445,NaN,NaN,NaN,NaN,NaN,NaN,NaN,NaN,NaN
NaN,NaN,0.326805518110632,0.371249153991812,0.38457823440452,0.282726798924462,0.0353394627745729,-0.59966774416777,-1.6420159938134,NaN,NaN,NaN,NaN,NaN,NaN,NaN,NaN,NaN
NaN,NaN,0.329276931573986,0.376369025339955,0.392970642894701,0.297117818864839,0.0516459897335153,-0.585712806709732,-1.60486698917521,NaN,NaN,NaN,NaN,NaN,NaN,NaN,NaN,NaN
NaN,NaN,0.332683299769997,0.390790015240782,0.405318974405721,0.305539973798053,0.0708807438786607,-0.575515308805431,-1.56901386402023,NaN,NaN,NaN,NaN,NaN,NaN,NaN,NaN,NaN
NaN,NaN,0.336412687887787,0.391985796173685,0.406878883838848,0.315688763531701,0.0778426781471353,-0.56481079889151,-1.53376323006523,NaN,NaN,NaN,NaN,NaN,NaN,NaN,NaN,NaN
NaN,NaN,0.343161591430544,0.386551752468222,0.406153178662256,0.321254477622764,0.0882530577655416,-0.545227487959589,-1.51597210041655,NaN,NaN,NaN,NaN,NaN,NaN,NaN,NaN,NaN
NaN,NaN,0.33655301957333,0.387007001569145,0.408837976753906,0.328407966318385,0.10086510257679,-0.534683444925273,-1.48052978164924,NaN,NaN,NaN,NaN,NaN,NaN,NaN,NaN,NaN
NaN,NaN,0.334686593254446,0.395139571061009,0.414069215655521,0.34206380021836,0.110253690945683,-0.52617268396231,-1.46575846544874,NaN,NaN,NaN,NaN,NaN,NaN,NaN,NaN,NaN
NaN,NaN,0.332569827427506,0.404745269348496,0.425518075823978,0.342255466404216,0.119611098634778,-0.51530955118748,-1.45213450140727,NaN,NaN,NaN,NaN,NaN,NaN,NaN,NaN,NaN
NaN,NaN,0.329568342407583,0.402044024100178,0.419148015678123,0.351760693612353,0.123648400622187,-0.507137344606842,-1.44008659593237,NaN,NaN,NaN,NaN,NaN,NaN,NaN,NaN,NaN
NaN,NaN,0.336297315647244,0.394198208829039,0.421127802580789,0.356432449790494,0.129150188731728,-0.48221263793918,-1.43863397485984,NaN,NaN,NaN,NaN,NaN,NaN,NaN,NaN,NaN
NaN,NaN,0.326515336622833,0.39813593380677,0.428914367109731,0.35979333219196,0.142648852634011,-0.474076156892503,-1.41824615023506,NaN,NaN,NaN,NaN,NaN,NaN,NaN,NaN,NaN
NaN,NaN,0.33142007245624,0.410471655210131,0.437774504423336,0.374673333736913,0.152750889974413,-0.458596364983047,-1.41370489097608,NaN,NaN,NaN,NaN,NaN,NaN,NaN,NaN,NaN
NaN,NaN,0.335625347783207,0.411496482571238,0.444837058782772,0.379191123667018,0.163175425695954,-0.436820031531776,-1.40519155956281,NaN,NaN,NaN,NaN,NaN,NaN,NaN,NaN,NaN
NaN,NaN,0.332700082202791,0.411812312682741,0.440736892521575,0.387829904231088,0.174849703180371,-0.417608318307127,-1.39986344448698,NaN,NaN,NaN,NaN,NaN,NaN,NaN,NaN,NaN
NaN,NaN,0.338439636965632,0.400454349597567,0.443771011084512,0.39216230508949,0.183806940185605,-0.39079982546779,-1.39804760761035,NaN,NaN,NaN,NaN,NaN,NaN,NaN,NaN,NaN
NaN,NaN,0.325315122594475,0.403750654091709,0.447703539282278,0.394623175981299,0.195896196382819,-0.378311553426708,-1.37941404081357,NaN,NaN,NaN,NaN,NaN,NaN,NaN,NaN,NaN
NaN,NaN,0.327958122928976,0.411036297460669,0.452023628056243,0.401623462113397,0.201052538322983,-0.35764237625214,-1.37324153281224,NaN,NaN,NaN,NaN,NaN,NaN,NaN,NaN,NaN
NaN,NaN,0.325828132321476,0.406656808932894,0.446461471617416,0.403742220970647,0.211559458839474,-0.333672834017004,-1.35856852702273,NaN,NaN,NaN,NaN,NaN,NaN,NaN,NaN,NaN
NaN,NaN,0.32055319576466,0.405027609100216,0.444511095881656,0.412238546433703,0.223955176043091,-0.313157287814344,-1.34387240580691,NaN,NaN,NaN,NaN,NaN,NaN,NaN,NaN,NaN
NaN,NaN,0.323470079441904,0.397014789064997,0.449327709973052,0.414809183004157,0.233867167698918,-0.288639420100177,-1.33041002623213,NaN,NaN,NaN,NaN,NaN,NaN,NaN,NaN,NaN
NaN,NaN,0.312113699605106,0.403745978852385,0.457516605854228,0.418728747191684,0.246053300070344,-0.276247111537183,-1.30672019741905,NaN,NaN,NaN,NaN,NaN,NaN,NaN,NaN,NaN
NaN,NaN,0.31840411304438,0.406374990721815,0.455087344050601,0.429764640304105,0.250156018155394,-0.255195272543157,-1.28638445235265,NaN,NaN,NaN,NaN,NaN,NaN,NaN,NaN,NaN
NaN,NaN,0.314137966473936,0.40346270777809,0.454220245480731,0.427197021218793,0.261253322678385,-0.23270491270038,-1.26668470747245,NaN,NaN,NaN,NaN,NaN,NaN,NaN,NaN,NaN
NaN,NaN,0.308376059969305,0.400291014244431,0.451349965185121,0.430178929838197,0.274416933971224,-0.220285800673688,-1.24125738463772,NaN,NaN,NaN,NaN,NaN,NaN,NaN,NaN,NaN
NaN,NaN,0.313251533647417,0.39374014713394,0.457436623871521,0.429239374372022,0.282698291557608,-0.200872251220668,-1.22321129612101,NaN,NaN,NaN,NaN,NaN,NaN,NaN,NaN,NaN
NaN,NaN,0.307202537645935,0.40093118675577,0.467016599029497,0.435121645006196,0.298792886751471,-0.189428699590887,-1.19532986379636,NaN,NaN,NaN,NaN,NaN,NaN,NaN,NaN,NaN
NaN,NaN,0.313639131476521,0.406961500426405,0.46065700694938,0.446005862924115,0.307111981528578,-0.174673141368354,-1.16843524224532,NaN,NaN,NaN,NaN,NaN,NaN,NaN,NaN,NaN
NaN,NaN,0.314072997411131,0.408118556966656,0.463860402703479,0.448719513389127,0.322829148935853,-0.155291815676416,-1.1528878921963,NaN,NaN,NaN,NaN,NaN,NaN,NaN,NaN,NaN
NaN,NaN,0.306427453746437,0.406498968382948,0.465343030989364,0.450381886931912,0.334291513281642,-0.151322574742759,-1.12958115361107,NaN,NaN,NaN,NaN,NaN,NaN,NaN,NaN,NaN
NaN,NaN,0.311327532966971,0.405493587037199,0.470741311907962,0.453764543655173,0.342323369550286,-0.133809929170335,-1.11585871152056,NaN,NaN,NaN,NaN,NaN,NaN,NaN,NaN,NaN
NaN,NaN,0.303597425212502,0.403796642800444,0.471520475000337,0.463590704622523,0.356745626049815,-0.123967041649545,-1.09848023227823,NaN,NaN,NaN,NaN,NaN,NaN,NaN,NaN,NaN
NaN,NaN,0.304526307721972,0.409835003098124,0.466305161714748,0.470927775624053,0.368465016799746,-0.113661696591104,-1.07836779973877,NaN,NaN,NaN,NaN,NaN,NaN,NaN,NaN,NaN
NaN,NaN,0.307311427881359,0.400681908955448,0.468967589438156,0.472274095537917,0.379950738715706,-0.096569580414022,-1.07166611425055,NaN,NaN,NaN,NaN,NaN,NaN,NaN,NaN,NaN
NaN,NaN,0.296651286174893,0.398536495646113,0.473731658309892,0.476679176810042,0.388606189953862,-0.0946133559724937,-1.05028378612769,NaN,NaN,NaN,NaN,NaN,NaN,NaN,NaN,NaN
NaN,NaN,0.305151392807602,0.396346956273192,0.476830913573698,0.482704666229741,0.394433885085164,-0.0761871760866294,-1.03792250923289,NaN,NaN,NaN,NaN,NaN,NaN,NaN,NaN,NaN
NaN,NaN,0.296169457127689,0.396797567387694,0.479694637358383,0.493873924734847,0.410490500944434,-0.0647258734485755,-1.0182472581364,NaN,NaN,NaN,NaN,NaN,NaN,NaN,NaN,NaN
NaN,NaN,0.298668474992155,0.401369262268418,0.479437517821983,0.498784173997895,0.424260868894635,-0.0483823171040664,-0.995850272694952,NaN,NaN,NaN,NaN,NaN,NaN,NaN,NaN,NaN
NaN,NaN,0.299963218261837,0.390661921133869,0.486923861205772,0.496631421866671,0.432917642610846,-0.0325236817977081,-0.982192371258861,NaN,NaN,NaN,NaN,NaN,NaN,NaN,NaN,NaN
NaN,NaN,0.288536318679689,0.393975417842739,0.487959771305517,0.49608371106054,0.439679882692872,-0.0292846350154529,-0.958493340978748,NaN,NaN,NaN,NaN,NaN,NaN,NaN,NaN,NaN
NaN,NaN,0.297464479794144,0.388188961675041,0.481827775836185,0.49937474426891,0.440362914669095,-0.0158487422546993,-0.944689017007477,NaN,NaN,NaN,NaN,NaN,NaN,NaN,NaN,NaN
NaN,NaN,0.285128367235302,0.390430208077305,0.480880918801025,0.498951774808423,0.453254337626277,-0.00650603083583216,-0.923381511340267,NaN,NaN,NaN,NaN,NaN,NaN,NaN,NaN,NaN
NaN,NaN,0.287853901376366,0.392730332692736,0.472063622325853,0.497686666223065,0.46387562455493,0.00629019232777258,-0.901060987482197,NaN,NaN,NaN,NaN,NaN,NaN,NaN,NaN,NaN
NaN,NaN,0.288777419467806,0.382556248237961,0.478854006976083,0.499674462499873,0.46918755324441,0.0246161432781567,-0.882081229457981,NaN,NaN,NaN,NaN,NaN,NaN,NaN,NaN,NaN
NaN,NaN,0.280149498124956,0.381061605890864,0.471624894887403,0.500069082501189,0.477573125826893,0.0285897614279141,-0.859158326158649,NaN,NaN,NaN,NaN,NaN,NaN,NaN,NaN,NaN
NaN,NaN,0.286197786321282,0.379985183259123,0.463599110841945,0.504460212561147,0.477631426620064,0.0391661586084714,-0.841522056827671,NaN,NaN,NaN,NaN,NaN,NaN,NaN,NaN,NaN
NaN,NaN,0.278623991747736,0.376383851995342,0.465072723925308,0.504518010440127,0.488663985597668,0.0513669686236729,-0.819952942649252,NaN,NaN,NaN,NaN,NaN,NaN,NaN,NaN,NaN
NaN,NaN,0.277252749641775,0.376779794474714,0.465900222659305,0.500756994607703,0.491284205781994,0.0591255562224736,-0.799685668418533,NaN,NaN,NaN,NaN,NaN,NaN,NaN,NaN,NaN
NaN,NaN,0.278796677579521,0.365615490605705,0.470962389260725,0.50084781718518,0.492327715473948,0.0734383078136792,-0.784544095615274,NaN,NaN,NaN,NaN,NaN,NaN,NaN,NaN,NaN
NaN,NaN,0.269533165832399,0.361077565481537,0.463665346503452,0.498744704547183,0.496649145352421,0.0749405870058884,-0.76440705753339,NaN,NaN,NaN,NaN,NaN,NaN,NaN,NaN,NaN
NaN,NaN,0.273141407509684,0.359233993818634,0.460625360608295,0.503601086112515,0.502778868394671,0.0851754681983342,-0.743164744446403,NaN,NaN,NaN,NaN,NaN,NaN,NaN,NaN,NaN
NaN,NaN,0.265982349505066,0.354720394840115,0.464475857913688,0.502329253378169,0.516062527167378,0.098196661643063,-0.727149013648159,NaN,NaN,NaN,NaN,NaN,NaN,NaN,NaN,NaN
NaN,NaN,0.265322134931921,0.360099471887224,0.464176810234979,0.500126191201465,0.518394279497443,0.108629374376809,-0.706806879708893,NaN,NaN,NaN,NaN,NaN,NaN,NaN,NaN,NaN
NaN,NaN,0.263033521463512,0.353672116776579,0.459953672141031,0.500369545790212,0.516652762162266,0.125001261554038,-0.700157720813877,NaN,NaN,NaN,NaN,NaN,NaN,NaN,NaN,NaN
NaN,NaN,0.253292930414318,0.354083873113268,0.453305276930526,0.497030866118924,0.522119066881714,0.130571427367007,-0.685258832047111,NaN,NaN,NaN,NaN,NaN,NaN,NaN,NaN,NaN
NaN,NaN,0.257054803063511,0.350835159202688,0.447026933431819,0.502273690673367,0.529101583379088,0.147119371763741,-0.671135250697262,NaN,NaN,NaN,NaN,NaN,NaN,NaN,NaN,NaN
NaN,NaN,0.251041737486958,0.342977851410978,0.453487071097091,0.497188762548224,0.536059624719201,0.16443137320069,-0.665233049759991,NaN,NaN,NaN,NaN,NaN,NaN,NaN,NaN,NaN
NaN,NaN,0.253690642406582,0.347834139844053,0.447978875488237,0.494323492768065,0.53934901879984,0.174292887172972,-0.655288797090179,NaN,NaN,NaN,NaN,NaN,NaN,NaN,NaN,NaN
NaN,NaN,0.254483216544031,0.342466462185257,0.444731614440874,0.498891052576558,0.536910220253048,0.195040016047036,-0.654897287706262,NaN,NaN,NaN,NaN,NaN,NaN,NaN,NaN,NaN
NaN,NaN,0.247889508595108,0.34366373323428,0.444481349438623,0.499852605881946,0.549242570268689,0.203464480660235,-0.641603626529104,NaN,NaN,NaN,NaN,NaN,NaN,NaN,NaN,NaN
NaN,NaN,0.253770494004129,0.341235868414515,0.447348370105222,0.510368113192574,0.561674497294007,0.223689938507353,-0.629256617496139,NaN,NaN,NaN,NaN,NaN,NaN,NaN,NaN,NaN
NaN,NaN,0.254070901413797,0.33674816020357,0.453134733140663,0.51151125577356,0.569016988592921,0.241490809790169,-0.61800106264127,NaN,NaN,NaN,NaN,NaN,NaN,NaN,NaN,NaN
NaN,NaN,0.25155813722813,0.344582445701235,0.449142693430379,0.508659732314603,0.572807005810319,0.247069133988892,-0.606901318053133,NaN,NaN,NaN,NaN,NaN,NaN,NaN,NaN,NaN
NaN,NaN,0.251577620496391,0.337506387164467,0.445059756636814,0.518311773213403,0.568887814151822,0.26453215869454,-0.601093981633312,NaN,NaN,NaN,NaN,NaN,NaN,NaN,NaN,NaN
NaN,NaN,0.24148059367144,0.338345359792584,0.444657350778774,0.511891496154324,0.577103941905079,0.267996250263726,-0.587709609637386,NaN,NaN,NaN,NaN,NaN,NaN,NaN,NaN,NaN
NaN,NaN,0.242753767510294,0.335835557212704,0.442817299515203,0.517610487314717,0.578894931095419,0.287912248245751,-0.571172952870256,NaN,NaN,NaN,NaN,NaN,NaN,NaN,NaN,NaN
NaN,NaN,0.242147513767122,0.33144347720372,0.443621403426126,0.513951041522281,0.580975524353562,0.301681330970799,-0.555923179010279,NaN,NaN,NaN,NaN,NaN,NaN,NaN,NaN,NaN
NaN,NaN,0.23729288308823,0.336850940962904,0.439229137152627,0.512343224855916,0.580900795030175,0.31115364523915,-0.539732843855745,NaN,NaN,NaN,NaN,NaN,NaN,NaN,NaN,NaN
NaN,NaN,0.237999533404945,0.332632180085056,0.434342077821687,0.517810330512778,0.578909143077908,0.332306905261551,-0.522976227322943,NaN,NaN,NaN,NaN,NaN,NaN,NaN,NaN,NaN
NaN,NaN,0.232715805163025,0.333541597952717,0.439903824478582,0.516385611864583,0.589325129258214,0.341585839710509,-0.503932059029466,NaN,NaN,NaN,NaN,NaN,NaN,NaN,NaN,NaN
NaN,NaN,0.234802116741776,0.333962462624186,0.432367916107372,0.514404148581283,0.589074994641123,0.360714870116984,-0.482913691768772,NaN,NaN,NaN,NaN,NaN,NaN,NaN,NaN,NaN
NaN,NaN,0.232113910009502,0.330582916518324,0.434459498971895,0.50865382772948,0.587374269234715,0.368994067034995,-0.469258006880409,NaN,NaN,NaN,NaN,NaN,NaN,NaN,NaN,NaN
NaN,NaN,0.225585394640802,0.329522270490998,0.425116955191091,0.505469728979127,0.58199137376505,0.377394130996739,-0.4522498028673,NaN,NaN,NaN,NaN,NaN,NaN,NaN,NaN,NaN
NaN,NaN,0.223002464612364,0.31938871719467,0.419362983554796,0.50794462558891,0.576884336041985,0.387435855887209,-0.431935589978821,NaN,NaN,NaN,NaN,NaN,NaN,NaN,NaN,NaN
NaN,NaN,0.215073221464991,0.312678556671017,0.417433059662775,0.505037017884509,0.584502778219758,0.399226530067002,-0.409818839500076,NaN,NaN,NaN,NaN,NaN,NaN,NaN,NaN,NaN
NaN,NaN,0.214324847896933,0.310297891279333,0.410734559297756,0.5054768815365,0.590419489162741,0.415023530445372,-0.381900098393089,NaN,NaN,NaN,NaN,NaN,NaN,NaN,NaN,NaN
NaN,NaN,0.207832821746706,0.31169716619479,0.4138736192884,0.501826320561425,0.589747446792899,0.426337926260506,-0.364488724837429,NaN,NaN,NaN,NaN,NaN,NaN,NaN,NaN,NaN
NaN,NaN,0.203728110631346,0.312196448227041,0.406719627678588,0.50007608604695,0.585536471771775,0.435616078398501,-0.339244164744741,NaN,NaN,NaN,NaN,NaN,NaN,NaN,NaN,NaN
NaN,NaN,0.204528060843586,0.306033849497908,0.405989042371706,0.504952509674088,0.581148377823411,0.45111226158527,-0.319704029927379,NaN,NaN,NaN,NaN,NaN,NaN,NaN,NaN,NaN
NaN,NaN,0.195400131036877,0.298146776636713,0.40304680809398,0.500039671334283,0.587416197377024,0.464461634478842,-0.298647217670805,NaN,NaN,NaN,NaN,NaN,NaN,NaN,NaN,NaN
NaN,NaN,0.191420552422642,0.297173358281725,0.395768466294006,0.498445712747828,0.588064826297341,0.475695042482888,-0.27796984485758,NaN,NaN,NaN,NaN,NaN,NaN,NaN,NaN,NaN
NaN,NaN,0.188573462059139,0.294184241225594,0.398835162520603,0.492705301168219,0.584964192676125,0.48825707527188,-0.263910114983446,NaN,NaN,NaN,NaN,NaN,NaN,NaN,NaN,NaN
NaN,NaN,0.186344527741312,0.30057266705262,0.398165727853969,0.489591331007735,0.581082067656098,0.498539137265955,-0.247212227652199,NaN,NaN,NaN,NaN,NaN,NaN,NaN,NaN,NaN
NaN,NaN,0.190643270601868,0.296198189040297,0.39503035590072,0.493937440934436,0.581276043521939,0.518688859961306,-0.228976316968328,NaN,NaN,NaN,NaN,NaN,NaN,NaN,NaN,NaN
NaN,NaN,0.183485982110142,0.285301510026329,0.396126969605878,0.490889054509656,0.589495561289368,0.531355200878655,-0.209369406322367,NaN,NaN,NaN,NaN,NaN,NaN,NaN,NaN,NaN
NaN,NaN,0.182295695980429,0.292539097150439,0.392384710610107,0.488626015159146,0.596716813015519,0.538266266308104,-0.190885968724615,NaN,NaN,NaN,NaN,NaN,NaN,NaN,NaN,NaN
NaN,NaN,0.180253398706554,0.284885097076767,0.393666936904386,0.48587473926212,0.589602644758997,0.547295364163195,-0.178611751864082,NaN,NaN,NaN,NaN,NaN,NaN,NaN,NaN,NaN
NaN,NaN,0.1765494170686,0.287628382226103,0.391343696862653,0.477695193859593,0.586246679740725,0.550251083991801,-0.166346345315105,NaN,NaN,NaN,NaN,NaN,NaN,NaN,NaN,NaN
NaN,NaN,0.175802254219889,0.278075992842787,0.377385164499477,0.478905391665952,0.580800975876627,0.560723936728512,-0.149003349462873,NaN,NaN,NaN,NaN,NaN,NaN,NaN,NaN,NaN
NaN,NaN,0.164456267943024,0.266275558402413,0.372404879778818,0.473514877977626,0.585109180974541,0.563405437938248,-0.134441152433283,NaN,NaN,NaN,NaN,NaN,NaN,NaN,NaN,NaN
NaN,NaN,0.160796337862848,0.271410871078842,0.364808267802194,0.469773978712813,0.588269121217309,0.56744588779596,-0.112473059663898,NaN,NaN,NaN,NaN,NaN,NaN,NaN,NaN,NaN
NaN,NaN,0.162719444473623,0.261896610041731,0.371034978777364,0.471257985356109,0.580749510991154,0.580819158426796,-0.0962921681202715,NaN,NaN,NaN,NaN,NaN,NaN,NaN,NaN,NaN
NaN,NaN,0.157546208341955,0.265322908540838,0.366116589755014,0.466347177299516,0.577567982691107,0.588617699764048,-0.0764282683230704,NaN,NaN,NaN,NaN,NaN,NaN,NaN,NaN,NaN
NaN,NaN,0.159805392017006,0.254716783543699,0.362892052978471,0.471912593367354,0.572805068659363,0.596697966180121,-0.0567543210781878,NaN,NaN,NaN,NaN,NaN,NaN,NaN,NaN,NaN
NaN,NaN,0.151708697070717,0.250681008925312,0.362567189037994,0.465909921350734,0.578733942675171,0.600043966046845,-0.0416023919678992,NaN,NaN,NaN,NaN,NaN,NaN,NaN,NaN,NaN
NaN,NaN,0.148592286845087,0.254421014120453,0.361281740367607,0.459396120878713,0.575938615220366,0.60276152806667,-0.0199407788313692,NaN,NaN,NaN,NaN,NaN,NaN,NaN,NaN,NaN
NaN,NaN,0.15080669253075,0.243132602205151,0.361102367639736,0.45543928516175,0.562921016680775,0.611524230412518,-0.00749275855196174,NaN,NaN,NaN,NaN,NaN,NaN,NaN,NaN,NaN
NaN,NaN,0.143111751516699,0.239559676279896,0.353769450336889,0.444949817630307,0.558035559224663,0.613384975663697,0.0116509308718378,NaN,NaN,NaN,NaN,NaN,NaN,NaN,NaN,NaN
NaN,NaN,0.138604913940071,0.232373330523842,0.346990260184005,0.454875797751204,0.556970237958012,0.61325371506003,0.029756344636553,NaN,NaN,NaN,NaN,NaN,NaN,NaN,NaN,NaN
NaN,NaN,0.139038146575331,0.231489375015371,0.348628307581142,0.447425142648475,0.566477663087426,0.619120041451727,0.0460926180385286,NaN,NaN,NaN,NaN,NaN,NaN,NaN,NaN,NaN
NaN,NaN,0.134615183909773,0.237563591232174,0.347157805115179,0.443122078451173,0.563548988866387,0.620508252254998,0.0635444668732816,NaN,NaN,NaN,NaN,NaN,NaN,NaN,NaN,NaN
NaN,NaN,0.139660698463558,0.229621514459723,0.336003838926748,0.441502415361659,0.551310255395947,0.630842170290028,0.0758644302986795,NaN,NaN,NaN,NaN,NaN,NaN,NaN,NaN,NaN
NaN,NaN,0.130098977228045,0.222548343022936,0.331832202971176,0.437512834342973,0.546748749184189,0.62819995226649,0.0842523125611478,NaN,NaN,NaN,NaN,NaN,NaN,NaN,NaN,NaN
NaN,NaN,0.124490236034035,0.218736439725035,0.325001920461849,0.444778305264966,0.547903961705742,0.627656339279686,0.0976112035714323,NaN,NaN,NaN,NaN,NaN,NaN,NaN,NaN,NaN
NaN,NaN,0.123899069716572,0.21006264143216,0.328790130913452,0.432673160704629,0.54579965697485,0.630009847305094,0.0987436731957132,NaN,NaN,NaN,NaN,NaN,NaN,NaN,NaN,NaN
NaN,NaN,0.11991865291202,0.208345580627793,0.324421073198513,0.423988298299567,0.540347154455958,0.626886955074345,0.109337094952934,NaN,NaN,NaN,NaN,NaN,NaN,NaN,NaN,NaN
NaN,NaN,0.122061141868471,0.195976406117552,0.314145083427623,0.421819806816832,0.527464914339362,0.631698074362551,0.115631662090891,NaN,NaN,NaN,NaN,NaN,NaN,NaN,NaN,NaN
NaN,NaN,0.11174480720365,0.19188540407049,0.315181217044786,0.421927449080007,0.530204530077754,0.626158269665514,0.125184330870979,NaN,NaN,NaN,NaN,NaN,NaN,NaN,NaN,NaN
NaN,NaN,0.106027548303246,0.191410187413567,0.311274877637819,0.427768182727353,0.532716362940846,0.626426006279265,0.138906437685364,NaN,NaN,NaN,NaN,NaN,NaN,NaN,NaN,NaN
NaN,NaN,0.111237050135969,0.186635743608349,0.318306977749065,0.417701554271237,0.531728695350466,0.628344847432648,0.139828931321972,NaN,NaN,NaN,NaN,NaN,NaN,NaN,NaN,NaN
NaN,NaN,0.106289771487354,0.189650770058506,0.307750864774183,0.410629723938958,0.528397801535903,0.626916273108994,0.151918560048216,NaN,NaN,NaN,NaN,NaN,NaN,NaN,NaN,NaN
NaN,NaN,0.11458200692141,0.18224958681094,0.302066760957435,0.414214738431231,0.517169012891827,0.628153143993889,0.153349555810564,NaN,NaN,NaN,NaN,NaN,NaN,NaN,NaN,NaN
NaN,NaN,0.100225669433712,0.183718561907881,0.296987681538061,0.412220553281562,0.523318796622334,0.624232480845725,0.162780090948218,NaN,NaN,NaN,NaN,NaN,NaN,NaN,NaN,NaN
NaN,NaN,0.0989202718337765,0.184650312890881,0.290454602688745,0.411003538193957,0.52028346734005,0.623336827925717,0.169265374323004,NaN,NaN,NaN,NaN,NaN,NaN,NaN,NaN,NaN
NaN,NaN,0.104691491564154,0.172857254525297,0.288691143393711,0.397131004157321,0.5155304625805,0.626709444991623,0.170494738747948,NaN,NaN,NaN,NaN,NaN,NaN,NaN,NaN,NaN
NaN,NaN,0.0967938575049629,0.168929140796536,0.279217488020853,0.392695934298293,0.513207986223279,0.623816626689707,0.180790938218706,NaN,NaN,NaN,NaN,NaN,NaN,NaN,NaN,NaN
NaN,NaN,0.10066899760568,0.161047078450792,0.27601355209966,0.400914930525081,0.509051959234057,0.624702016434943,0.185269724359387,NaN,NaN,NaN,NaN,NaN,NaN,NaN,NaN,NaN
NaN,NaN,0.091887892325758,0.158415961792343,0.27316411480327,0.396861870559709,0.517184286582051,0.622517580709731,0.191477846135967,NaN,NaN,NaN,NaN,NaN,NaN,NaN,NaN,NaN
NaN,NaN,0.0915419804950943,0.158450606992119,0.266237514913276,0.394798003855006,0.511766466515837,0.618911164424693,0.201534416308277,NaN,NaN,NaN,NaN,NaN,NaN,NaN,NaN,NaN
NaN,NaN,0.0928468751808396,0.145862199147814,0.259157582074598,0.380047064992444,0.509287118184147,0.620950295201813,0.201489582439535,NaN,NaN,NaN,NaN,NaN,NaN,NaN,NaN,NaN
NaN,NaN,0.0793989683588734,0.139299522867077,0.250209937691883,0.376498055430905,0.503880753385602,0.60875270756272,0.21295502014982,NaN,NaN,NaN,NaN,NaN,NaN,NaN,NaN,NaN
NaN,NaN,0.0758313882251969,0.131985399653786,0.243455502093032,0.382749949368493,0.497870183753548,0.607758576593672,0.220540642520064,NaN,NaN,NaN,NaN,NaN,NaN,NaN,NaN,NaN
NaN,NaN,0.0655113468965283,0.12901531883108,0.242133750468687,0.37574958873059,0.497128757851897,0.605296252838646,0.232586797108524,NaN,NaN,NaN,NaN,NaN,NaN,NaN,NaN,NaN
NaN,NaN,0.0679196725686779,0.130957126399153,0.233055460155204,0.37548909780647,0.493500231968937,0.602926204524313,0.253852411886328,NaN,NaN,NaN,NaN,NaN,NaN,NaN,NaN,NaN
NaN,NaN,0.0693701143463841,0.122514966657036,0.227830572873548,0.365593143525378,0.491055547463475,0.610070547632252,0.258900273373001,NaN,NaN,NaN,NaN,NaN,NaN,NaN,NaN,NaN
NaN,NaN,0.058452908982872,0.122667219271534,0.222931872010425,0.365463019135253,0.490679833310423,0.604490472547089,0.275779135306948,NaN,NaN,NaN,NaN,NaN,NaN,NaN,NaN,NaN
NaN,NaN,0.0579515407880535,0.120641629924648,0.219853739142612,0.368488252880828,0.484715177881299,0.607576409898077,0.287023421158665,NaN,NaN,NaN,NaN,NaN,NaN,NaN,NaN,NaN
NaN,NaN,0.0576821277936688,0.11827750482189,0.22292406752725,0.362758309366958,0.481533742713509,0.610559138081347,0.298213783433312,NaN,NaN,NaN,NaN,NaN,NaN,NaN,NaN,NaN
NaN,NaN,0.0571012619038811,0.119382519056671,0.216547786146596,0.359406032386081,0.482192169147311,0.601418803057944,0.314164079507464,NaN,NaN,NaN,NaN,NaN,NaN,NaN,NaN,NaN
NaN,NaN,0.0623468431731453,0.106696266462677,0.213904711306289,0.352453225078837,0.480666644143639,0.604991412333523,0.317299432834261,NaN,NaN,NaN,NaN,NaN,NaN,NaN,NaN,NaN
NaN,NaN,0.0495153228839627,0.109883289565914,0.212365030199483,0.354011160108106,0.488253700750647,0.598296283356225,0.334303557654493,NaN,NaN,NaN,NaN,NaN,NaN,NaN,NaN,NaN
NaN,NaN,0.0521198409696808,0.112606756170862,0.210473849326566,0.360924032303349,0.484632886218606,0.600860344789301,0.345296162893646,NaN,NaN,NaN,NaN,NaN,NaN,NaN,NaN,NaN
NaN,NaN,0.0551086786290398,0.108986295541399,0.21311800450106,0.356516715857045,0.487910880910931,0.603601562402522,0.359872702290886,NaN,NaN,NaN,NaN,NaN,NaN,NaN,NaN,NaN
NaN,NaN,0.053843756308197,0.111943989773863,0.209084576815561,0.356998824301021,0.490909814106999,0.591835549644505,0.375351283480995,NaN,NaN,NaN,NaN,NaN,NaN,NaN,NaN,NaN
NaN,NaN,0.0559333647688618,0.103650990655296,0.20673278242369,0.354893681379811,0.487205962854205,0.596838167480504,0.382211927106255,NaN,NaN,NaN,NaN,NaN,NaN,NaN,NaN,NaN
NaN,NaN,0.0417815084656468,0.104936569710844,0.206965259164766,0.353238739791171,0.487550179677783,0.587755574456727,0.397682517548674,NaN,NaN,NaN,NaN,NaN,NaN,NaN,NaN,NaN
NaN,NaN,0.046428770860075,0.107657968779677,0.197213548124031,0.356377539011495,0.474318321066676,0.58878161253718,0.40952266358363,NaN,NaN,NaN,NaN,NaN,NaN,NaN,NaN,NaN
NaN,NaN,0.0459694239398232,0.100351948072785,0.19615172863026,0.346071262630479,0.475006065535126,0.587677250228201,0.418809104492539,NaN,NaN,NaN,NaN,NaN,NaN,NaN,NaN,NaN
NaN,NaN,0.0416868115862599,0.101125616361969,0.188470943719343,0.339500111314313,0.474911834317027,0.577234553716456,0.429593838533037,NaN,NaN,NaN,NaN,NaN,NaN,NaN,NaN,NaN
NaN,NaN,0.0422331254085293,0.0888386403821642,0.189149877876237,0.335109428289191,0.472176372277318,0.586138574949776,0.437955960413092,NaN,NaN,NaN,NaN,NaN,NaN,NaN,NaN,NaN
NaN,NaN,0.0284915353258839,0.0911759247683221,0.186239811480239,0.331479933830754,0.469534582662163,0.57743031772164,0.449943516185158,NaN,NaN,NaN,NaN,NaN,NaN,NaN,NaN,NaN
NaN,NaN,0.0357606384059181,0.0870460120640928,0.174250001907543,0.33001166653897,0.460835415142355,0.579730479589974,0.462482601185911,NaN,NaN,NaN,NaN,NaN,NaN,NaN,NaN,NaN
NaN,NaN,0.0340076844295254,0.0842652504943544,0.171524970680669,0.320519105317847,0.461537967639742,0.573960451952492,0.464439738323563,NaN,NaN,NaN,NaN,NaN,NaN,NaN,NaN,NaN
NaN,NaN,0.02332995935285,0.0799706613324815,0.162123474180892,0.310147561850802,0.455885603296338,0.564498140088593,0.470856532236212,NaN,NaN,NaN,NaN,NaN,NaN,NaN,NaN,NaN
NaN,NaN,0.0227453122934094,0.0636282412015134,0.156491598934129,0.302710057022826,0.45089360253769,0.563172998450076,0.47336244188773,NaN,NaN,NaN,NaN,NaN,NaN,NaN,NaN,NaN
NaN,NaN,0.00588453664386179,0.059325307389372,0.147904581278757,0.295745049389855,0.442641041445313,0.554350896350419,0.483852579971426,NaN,NaN,NaN,NaN,NaN,NaN,NaN,NaN,NaN
NaN,NaN,0.00770018725597765,0.0529564765893156,0.136254592687086,0.294928856911914,0.436627323942957,0.553826040200268,0.500214371611946,NaN,NaN,NaN,NaN,NaN,NaN,NaN,NaN,NaN
NaN,NaN,0.00558569385611918,0.0475131382845575,0.139546482712224,0.2854164398935,0.4340154484089,0.55192748325256,0.503814305891865,NaN,NaN,NaN,NaN,NaN,NaN,NaN,NaN,NaN
NaN,NaN,-0.00371000439918134,0.0481360813282663,0.13749969646354,0.284257371696488,0.433247759210644,0.547034202686821,0.520851548542851,NaN,NaN,NaN,NaN,NaN,NaN,NaN,NaN,NaN
NaN,NaN,-0.00292910904681776,0.0410615501605207,0.130550968349174,0.279076442840354,0.424284356849967,0.54625045748738,0.526843547602766,NaN,NaN,NaN,NaN,NaN,NaN,NaN,NaN,NaN
NaN,NaN,-0.0151326571503887,0.0350699050031835,0.124483457654909,0.272414431693808,0.41927315221983,0.540002046696221,0.538475524415844,NaN,NaN,NaN,NaN,NaN,NaN,NaN,NaN,NaN
NaN,NaN,-0.0110528496006736,0.0367259082995588,0.118194310814336,0.268481158437983,0.413499734568177,0.536522681436812,0.554818056305521,NaN,NaN,NaN,NaN,NaN,NaN,NaN,NaN,NaN
NaN,NaN,-0.0133719545701751,0.0318550912343198,0.122971399575666,0.259754498275773,0.409245359915076,0.537055267564332,0.557384576430195,NaN,NaN,NaN,NaN,NaN,NaN,NaN,NaN,NaN
NaN,NaN,-0.0187125307420501,0.031812418033951,0.119125838279918,0.256922495337979,0.410818028467475,0.529372731766974,0.572728320737951,NaN,NaN,NaN,NaN,NaN,NaN,NaN,NaN,NaN
NaN,NaN,-0.0154066522518406,0.0271937472425634,0.110489516407445,0.256246839436547,0.402813087421237,0.532118624619519,0.581194154699915,NaN,NaN,NaN,NaN,NaN,NaN,NaN,NaN,NaN
NaN,NaN,-0.0237281125882873,0.0273591315053636,0.109371817559198,0.254145850214021,0.403125024604378,0.528275689653431,0.591744158198708,NaN,NaN,NaN,NaN,NaN,NaN,NaN,NaN,NaN
NaN,NaN,-0.0173848745325813,0.0306977366708452,0.105656231641963,0.251337707760589,0.403259656595765,0.533253534308945,0.607480287333601,NaN,NaN,NaN,NaN,NaN,NaN,NaN,NaN,NaN
NaN,NaN,-0.014816976050497,0.0297093612753088,0.113457939475969,0.250745870890872,0.402949470299063,0.534498749844109,0.612197119524353,NaN,NaN,NaN,NaN,NaN,NaN,NaN,NaN,NaN
NaN,NaN,-0.0157436978915939,0.0301652623020345,0.107367518246368,0.247271478894011,0.40381403567153,0.528711008451258,0.625481374343508,NaN,NaN,NaN,NaN,NaN,NaN,NaN,NaN,NaN
NaN,NaN,-0.0117707689205417,0.02412721865403,0.096237952709392,0.243662082376735,0.397620461153565,0.526397249273335,0.63139057882654,NaN,NaN,NaN,NaN,NaN,NaN,NaN,NaN,NaN
NaN,NaN,-0.0201004807749996,0.0262064149283106,0.0973004427554163,0.238904216113345,0.396241731214104,0.524491707406317,0.641518562813872,NaN,NaN,NaN,NaN,NaN,NaN,NaN,NaN,NaN
NaN,NaN,-0.0186342996457824,0.0281035935186082,0.0955890816452059,0.232972622635619,0.393442939239321,0.526392592660462,0.649563662489527,NaN,NaN,NaN,NaN,NaN,NaN,NaN,NaN,NaN
NaN,NaN,-0.0140700925985584,0.0255933625303442,0.101812141835884,0.23247136619951,0.392116028087912,0.528877994588887,0.649705279400223,NaN,NaN,NaN,NaN,NaN,NaN,NaN,NaN,NaN
NaN,NaN,-0.0173965719441185,0.025617912193411,0.0945647013189349,0.226719182702558,0.390509329008637,0.523510614953314,0.661206125994795,NaN,NaN,NaN,NaN,NaN,NaN,NaN,NaN,NaN
NaN,NaN,-0.0175083679059753,0.0167647784255678,0.0893977609278712,0.226611484560029,0.385994370299159,0.520223213902985,0.6612617259525,NaN,NaN,NaN,NaN,NaN,NaN,NaN,NaN,NaN
NaN,NaN,-0.0241460715333233,0.0185993162594968,0.0934737500550303,0.218042068901317,0.381306315975962,0.522276202760016,0.662637885441654,NaN,NaN,NaN,NaN,NaN,NaN,NaN,NaN,NaN
NaN,NaN,-0.0193818722764263,0.0188159046374494,0.0968429398538622,0.214103859635846,0.380540284531889,0.522726571730649,0.66706032656657,NaN,NaN,NaN,NaN,NaN,NaN,NaN,NaN,NaN
NaN,NaN,-0.0181049917737255,0.019280839493149,0.0946117889883074,0.21295036074783,0.368847361969529,0.520810133389508,0.660154010882252,NaN,NaN,NaN,NaN,NaN,NaN,NaN,NaN,NaN
NaN,NaN,-0.0232426141301403,0.0131873635255033,0.0824512866141352,0.201831263276593,0.368931311386405,0.512648823282992,0.665597684463137,NaN,NaN,NaN,NaN,NaN,NaN,NaN,NaN,NaN
NaN,NaN,-0.0267041166225681,0.0084242446027929,0.0779804912211451,0.196704500141398,0.363958365487633,0.51103430109409,0.66567174323427,NaN,NaN,NaN,NaN,NaN,NaN,NaN,NaN,NaN
NaN,NaN,-0.0311740551987896,0.00486521401035134,0.0844287452103648,0.190332987132327,0.363117343949853,0.51409229876784,0.665699552526348,NaN,NaN,NaN,NaN,NaN,NaN,NaN,NaN,NaN
NaN,NaN,-0.0264403474429855,0.00877352782117669,0.0831711058320555,0.190406878265397,0.366315002756892,0.513239691577231,0.671599723180407,NaN,NaN,NaN,NaN,NaN,NaN,NaN,NaN,NaN
NaN,NaN,-0.0201458920637378,0.0102590990863973,0.0756230902673754,0.192834687205808,0.356367974745808,0.513726400754725,0.667939103921526,NaN,NaN,NaN,NaN,NaN,NaN,NaN,NaN,NaN
NaN,NaN,-0.0293728028336773,0.00548968442308251,0.064414958358005,0.183814921202914,0.357636063563405,0.50320333110479,0.666516676326864,NaN,NaN,NaN,NaN,NaN,NaN,NaN,NaN,NaN
NaN,NaN,-0.0290490192273864,0.00289649121987168,0.0635120038690123,0.177862168076293,0.349953266995726,0.504448323122536,0.665096744676703,NaN,NaN,NaN,NaN,NaN,NaN,NaN,NaN,NaN
NaN,NaN,-0.0313764315942535,-0.00151402897608932,0.0728748691083941,0.178241551640288,0.348288416134892,0.50783114748386,0.660849280437105,NaN,NaN,NaN,NaN,NaN,NaN,NaN,NaN,NaN
NaN,NaN,-0.0294226844707737,0.00265067793952767,0.070325932353929,0.177630212875859,0.345588158088503,0.50136503072766,0.663876302322024,NaN,NaN,NaN,NaN,NaN,NaN,NaN,NaN,NaN
NaN,NaN,-0.0219430838624248,0.001099765082472,0.0613711167873892,0.179982119026439,0.338312144594966,0.503228383682047,0.65879735328781,NaN,NaN,NaN,NaN,NaN,NaN,NaN,NaN,NaN
NaN,NaN,-0.0274741341272602,0.00120204292761628,0.062230373621181,0.174126186194674,0.339768155681668,0.493929388544833,0.657720744391554,NaN,NaN,NaN,NaN,NaN,NaN,NaN,NaN,NaN
NaN,NaN,-0.0256922346452484,0.000681433608406223,0.0670799751581702,0.172035888555304,0.334346275049029,0.500976296685015,0.65779420711624,NaN,NaN,NaN,NaN,NaN,NaN,NaN,NaN,NaN
NaN,NaN,-0.0272723724046955,-0.00250005743873771,0.0749979865552935,0.174539749297158,0.337484683113871,0.501239711962019,0.657212205012911,NaN,NaN,NaN,NaN,NaN,NaN,NaN,NaN,NaN
NaN,NaN,-0.0244786840776214,0.00916242950188462,0.0680152279140505,0.174505383494155,0.333346835541306,0.498325249723469,0.662106603165739,NaN,NaN,NaN,NaN,NaN,NaN,NaN,NaN,NaN
NaN,NaN,-0.0176001963118324,0.0050062721275026,0.0607043270768675,0.172610421451585,0.328374914097367,0.499538390509163,0.659028731068247,NaN,NaN,NaN,NaN,NaN,NaN,NaN,NaN,NaN
NaN,NaN,-0.0231984321872005,0.00742560603248421,0.0626332637669596,0.163091894957082,0.326708163338481,0.492110590062415,0.659370749970549,NaN,NaN,NaN,NaN,NaN,NaN,NaN,NaN,NaN
NaN,NaN,-0.0186700065532932,0.00544622891175095,0.0657521699370894,0.163630162152306,0.322918202000437,0.504028389773642,0.658138405313366,NaN,NaN,NaN,NaN,NaN,NaN,NaN,NaN,NaN
NaN,NaN,-0.0185759057203541,0.00684244908916298,0.0653229233624491,0.161098119589345,0.323185919987736,0.497736150942122,0.653229459901922,NaN,NaN,NaN,NaN,NaN,NaN,NaN,NaN,NaN
NaN,NaN,-0.0132806849578628,0.0163685006700689,0.0541125935318026,0.16118281406428,0.3206354744907,0.500773137978589,0.655534669538611,NaN,NaN,NaN,NaN,NaN,NaN,NaN,NaN,NaN
NaN,NaN,-0.0067810033360729,0.0122537871502573,0.0502680194379839,0.160871584686295,0.314989573525963,0.504447727076088,0.654500622084015,NaN,NaN,NaN,NaN,NaN,NaN,NaN,NaN,NaN
NaN,NaN,-0.0162390311161289,0.00899304055201355,0.0563417699934992,0.152924571904199,0.316515154408989,0.503355881742512,0.650808635880821,NaN,NaN,NaN,NaN,NaN,NaN,NaN,NaN,NaN
NaN,NaN,-0.0138414715329418,0.00497103088127915,0.0560812418164763,0.157592137130753,0.317039805668173,0.511922261289631,0.653429396232241,NaN,NaN,NaN,NaN,NaN,NaN,NaN,NaN,NaN
NaN,NaN,-0.0132684287527809,0.00433886774408165,0.0561462108792815,0.157458194318072,0.313018820452271,0.508748928628241,0.647028099527233,NaN,NaN,NaN,NaN,NaN,NaN,NaN,NaN,NaN
NaN,NaN,-0.0100022246042499,0.0108847802184755,0.049507315159038,0.156867679926412,0.309448353218613,0.506708978287255,0.643501050552004,NaN,NaN,NaN,NaN,NaN,NaN,NaN,NaN,NaN
NaN,NaN,-0.007372933338047,0.00428347267734352,0.0476909753682169,0.155603819313304,0.29977904559928,0.507201890073096,0.640560511281365,NaN,NaN,NaN,NaN,NaN,NaN,NaN,NaN,NaN
NaN,NaN,-0.0178273645142326,-0.00106848425639328,0.0553375993670973,0.14685240459706,0.301160327362595,0.502300022713219,0.640860546162003,NaN,NaN,NaN,NaN,NaN,NaN,NaN,NaN,NaN
NaN,NaN,-0.0162481767038116,-0.00284213222039398,0.0499040213229212,0.14810605791475,0.299097224342404,0.502840152553593,0.648594695856445,NaN,NaN,NaN,NaN,NaN,NaN,NaN,NaN,NaN
NaN,NaN,-0.0125528749922523,0.000290855547063984,0.0520483170451674,0.149036095264213,0.294595397281228,0.5057846592584,0.646837699940079,NaN,NaN,NaN,NaN,NaN,NaN,NaN,NaN,NaN
NaN,NaN,-0.00659362123406027,0.0115870346926386,0.0479156476261172,0.151994217905061,0.290679930913029,0.507539885661875,0.647644597818726,NaN,NaN,NaN,NaN,NaN,NaN,NaN,NaN,NaN
NaN,NaN,-0.00781171665585134,0.00887731440889183,0.0487076257171187,0.152658958705918,0.284082292782841,0.50858190523771,0.64108505078184,NaN,NaN,NaN,NaN,NaN,NaN,NaN,NaN,NaN
NaN,NaN,-0.0130644318560371,0.0056648289464647,0.0523085471989665,0.142261431339042,0.28382316158968,0.504482539913928,0.639004848679178,NaN,NaN,NaN,NaN,NaN,NaN,NaN,NaN,NaN
NaN,NaN,-0.0110162672499428,0.00850042678939644,0.0451099266113791,0.141303919973628,0.278930588829098,0.502554832569634,0.642445266028517,NaN,NaN,NaN,NaN,NaN,NaN,NaN,NaN,NaN
NaN,NaN,-0.00535434753692243,0.0123534572921926,0.0487436492743048,0.143402096601979,0.271372645365773,0.503709467671191,0.633330486496561,NaN,NaN,NaN,NaN,NaN,NaN,NaN,NaN,NaN
NaN,NaN,-0.000970668057561852,0.0193608401023084,0.0474130314590487,0.142863121601598,0.270260180550395,0.506216364524638,0.632267977824085,NaN,NaN,NaN,NaN,NaN,NaN,NaN,NaN,NaN
NaN,NaN,-0.000424764017225243,0.0135192682646448,0.0517313879730258,0.146581315222041,0.26337787436205,0.500690064004933,0.624513637056225,NaN,NaN,NaN,NaN,NaN,NaN,NaN,NaN,NaN
NaN,NaN,-0.00337616250908468,0.00251965947973076,0.0544599023463282,0.137103394391791,0.26415873246151,0.493537413499628,0.62625776209461,NaN,NaN,NaN,NaN,NaN,NaN,NaN,NaN,NaN
NaN,NaN,-0.00578355685865972,0.00619801112043206,0.0470208142699751,0.140698131891744,0.262833534943638,0.492660871318852,0.629180643489235,NaN,NaN,NaN,NaN,NaN,NaN,NaN,NaN,NaN
NaN,NaN,0.00171545251214411,0.00968426816689316,0.0499800358714613,0.145309184464471,0.263456533866702,0.49823614077953,0.62245198689925,NaN,NaN,NaN,NaN,NaN,NaN,NaN,NaN,NaN
NaN,NaN,-0.00162460551655386,0.0159656664036447,0.0518428486587557,0.146019038530843,0.265142954158364,0.496157615057503,0.626237105359905,NaN,NaN,NaN,NaN,NaN,NaN,NaN,NaN,NaN
NaN,NaN,-0.00319569082057569,0.00771105640160386,0.0476487305762324,0.147565294775025,0.256031806784449,0.490462372622763,0.623018584927195,NaN,NaN,NaN,NaN,NaN,NaN,NaN,NaN,NaN
NaN,NaN,-0.00511201740300748,0.00469075866567437,0.0472350370885882,0.136173468801038,0.251010357605992,0.483213292978083,0.625903952648514,NaN,NaN,NaN,NaN,NaN,NaN,NaN,NaN,NaN
NaN,NaN,-0.00868390024697874,0.00967627741920296,0.0408903647961173,0.136379328342931,0.247242226469098,0.480811020902668,0.624238058706396,NaN,NaN,NaN,NaN,NaN,NaN,NaN,NaN,NaN
NaN,NaN,-0.00194635883963201,0.0143662875198061,0.0401650135221037,0.137537018182532,0.247751101123868,0.487786943636214,0.614383548279875,NaN,NaN,NaN,NaN,NaN,NaN,NaN,NaN,NaN
NaN,NaN,-0.00571028039848898,0.0120906008087331,0.0444276396932158,0.135381695601003,0.242799706029473,0.480057003519808,0.615637071212404,NaN,NaN,NaN,NaN,NaN,NaN,NaN,NaN,NaN
NaN,NaN,-0.00433915005123708,0.00608731411921326,0.0392345291378054,0.135057781609551,0.234105642157374,0.471315237305438,0.611921466668718,NaN,NaN,NaN,NaN,NaN,NaN,NaN,NaN,NaN
NaN,NaN,-0.00321549073851202,-0.000629011759883725,0.0404589016737494,0.126237821551816,0.236192866432248,0.468684940210854,0.610378674944513,NaN,NaN,NaN,NaN,NaN,NaN,NaN,NaN,NaN
NaN,NaN,-0.00491163403785322,0.013140816023224,0.0355846014620814,0.129011598202245,0.241912341880379,0.465098007194077,0.606712784399861,NaN,NaN,NaN,NaN,NaN,NaN,NaN,NaN,NaN
NaN,NaN,0.00343800811970141,0.00906179078447167,0.0391100858153853,0.128741905811088,0.239920540916501,0.466418529472624,0.600595615585917,NaN,NaN,NaN,NaN,NaN,NaN,NaN,NaN,NaN
NaN,NaN,-0.00189811633026693,0.00366637833940331,0.0347133491935286,0.123201076659219,0.234437621402321,0.451405795834338,0.595346160014742,NaN,NaN,NaN,NaN,NaN,NaN,NaN,NaN,NaN
NaN,NaN,-0.00261080161726568,-0.00301237798703369,0.0325552140178237,0.121370301368491,0.223909951018868,0.439680388740574,0.598374895533198,NaN,NaN,NaN,NaN,NaN,NaN,NaN,NaN,NaN
NaN,NaN,-0.00653600961959455,-0.00629508517158683,0.0317119945587668,0.113191109868543,0.225956606882391,0.435494689814125,0.599382139524096,NaN,NaN,NaN,NaN,NaN,NaN,NaN,NaN,NaN
NaN,NaN,-0.0116023299196968,0.000931214322918095,0.0258339707555327,0.117500097277419,0.232903900759993,0.435764493963992,0.602173592676991,NaN,NaN,NaN,NaN,NaN,NaN,NaN,NaN,NaN
NaN,NaN,-0.00505805657303426,0.00340795495139901,0.0320803512634787,0.12283687365319,0.221857167052804,0.439347906581437,0.604377046009176,NaN,NaN,NaN,NaN,NaN,NaN,NaN,NaN,NaN
NaN,NaN,-0.00741927594935987,0.000146128018968738,0.0301827442647967,0.119202275547044,0.215668621676741,0.428363981268679,0.602350655724877,NaN,NaN,NaN,NaN,NaN,NaN,NaN,NaN,NaN
NaN,NaN,-0.00672523574030492,0.000521227499120869,0.030380557179645,0.11470884901549,0.209735556709347,0.420207104257618,0.604598440011614,NaN,NaN,NaN,NaN,NaN,NaN,NaN,NaN,NaN
NaN,NaN,-0.00590742276108358,0.000335465898388065,0.0293116782607588,0.106115777763383,0.21398708151537,0.420196151904141,0.603272646447294,NaN,NaN,NaN,NaN,NaN,NaN,NaN,NaN,NaN
NaN,NaN,-0.011192547986866,0.00657527126895729,0.0301824834944758,0.106978107961671,0.217950641381321,0.415146483651673,0.605165466447943,NaN,NaN,NaN,NaN,NaN,NaN,NaN,NaN,NaN
NaN,NaN,-0.00288667799031827,0.00167070307361428,0.0310371954741034,0.110406380864636,0.209213494526921,0.420773646406208,0.603016998400562,NaN,NaN,NaN,NaN,NaN,NaN,NaN,NaN,NaN
NaN,NaN,-0.00596088067686651,0.00181520708429161,0.0362271767856631,0.104911484542148,0.210136193054495,0.411188288203751,0.601999640246504,NaN,NaN,NaN,NaN,NaN,NaN,NaN,NaN,NaN
NaN,NaN,-0.00136428223049733,0.00773050241696183,0.0329196405412707,0.102023974778907,0.211529861408053,0.409187956325089,0.606341875871294,NaN,NaN,NaN,NaN,NaN,NaN,NaN,NaN,NaN
NaN,NaN,0.00128642945492175,0.00588631608115975,0.0330139835180792,0.0999660685386819,0.220178905146895,0.408683943174159,0.610453255256289,NaN,NaN,NaN,NaN,NaN,NaN,NaN,NaN,NaN
NaN,NaN,0.00102105840051081,0.0174737011693651,0.0331319262089285,0.104476966681735,0.221652667241869,0.402750021389996,0.614591158708208,NaN,NaN,NaN,NaN,NaN,NaN,NaN,NaN,NaN
NaN,NaN,0.00769759817922022,0.0103521382116014,0.0353047390284094,0.113785163285987,0.21339682789403,0.404382573983942,0.612614687313908,NaN,NaN,NaN,NaN,NaN,NaN,NaN,NaN,NaN
NaN,NaN,0.00758200242125895,0.0113306602142984,0.0406151217224154,0.107691780450599,0.213367547112284,0.398704058102642,0.608684152146452,NaN,NaN,NaN,NaN,NaN,NaN,NaN,NaN,NaN
NaN,NaN,0.0101196515461197,0.0172509288095171,0.032983175367311,0.106691074344174,0.216759312170325,0.397409333459412,0.612526397933834,NaN,NaN,NaN,NaN,NaN,NaN,NaN,NaN,NaN
NaN,NaN,0.0158508430322399,0.013716019471758,0.0370966595413241,0.104599007191913,0.214800163375912,0.398040490768229,0.614522799631231,NaN,NaN,NaN,NaN,NaN,NaN,NaN,NaN,NaN
NaN,NaN,0.0143722008069744,0.020153991659754,0.0373625335099253,0.110432103994147,0.216421167569933,0.392695649138962,0.617091238280409,NaN,NaN,NaN,NaN,NaN,NaN,NaN,NaN,NaN
NaN,NaN,0.0180412578483811,0.0128302199445898,0.041830814331964,0.114913926246421,0.210159513371764,0.393189101091896,0.612394559910172,NaN,NaN,NaN,NaN,NaN,NaN,NaN,NaN,NaN
NaN,NaN,0.0175383809109917,0.0177226064406568,0.0471735697986636,0.106251490088956,0.211423094588099,0.393303821406638,0.605032603969448,NaN,NaN,NaN,NaN,NaN,NaN,NaN,NaN,NaN
NaN,NaN,0.0136447074910393,0.015892240931862,0.0377348203959021,0.10236314383413,0.212387125211535,0.385414885900294,0.614341508378857,NaN,NaN,NaN,NaN,NaN,NaN,NaN,NaN,NaN
NaN,NaN,0.0166005949577084,0.0125629862450296,0.0366312590243372,0.0968903571095628,0.203695706295548,0.383719189635788,0.610127478619688,NaN,NaN,NaN,NaN,NaN,NaN,NaN,NaN,NaN
NaN,NaN,0.0074007111688843,0.0117907521926099,0.0353549559416327,0.0992590643193883,0.202371216582833,0.372901319138085,0.610286120107048,NaN,NaN,NaN,NaN,NaN,NaN,NaN,NaN,NaN
NaN,NaN,0.00936112656199839,0.00660485007392708,0.0321160581709895,0.0968070223655862,0.193442161398707,0.371493606440102,0.600548416157835,NaN,NaN,NaN,NaN,NaN,NaN,NaN,NaN,NaN
NaN,NaN,0.00841225787007716,0.00669299044238869,0.0312638980152163,0.085548729422347,0.189765746908961,0.370660203120982,0.591058425387018,NaN,NaN,NaN,NaN,NaN,NaN,NaN,NaN,NaN
NaN,NaN,0.00502773850166705,0.00662925072538201,0.020210551917747,0.0831772282447976,0.191438178735552,0.359001422844206,0.601816765745752,NaN,NaN,NaN,NaN,NaN,NaN,NaN,NaN,NaN
NaN,NaN,0.00986310942971613,0.00195928268658463,0.0189321626724753,0.0830427266385717,0.183921884017764,0.363802036813771,0.602972313543432,NaN,NaN,NaN,NaN,NaN,NaN,NaN,NaN,NaN
NaN,NaN,0.00115518747770694,0.00334618963825051,0.0241855856778178,0.0900236040082139,0.185801460611401,0.358141439578806,0.598683777978295,NaN,NaN,NaN,NaN,NaN,NaN,NaN,NaN,NaN
NaN,NaN,0.0108575384219876,0.00703005470859353,0.0222514894606623,0.089737650724904,0.17880910934764,0.364904834500824,0.587645668318146,NaN,NaN,NaN,NaN,NaN,NaN,NaN,NaN,NaN
NaN,NaN,0.0126594054599991,0.00418469660507981,0.0249762226643118,0.0849960826065702,0.180073975789128,0.362223780325924,0.584275863846415,NaN,NaN,NaN,NaN,NaN,NaN,NaN,NaN,NaN
NaN,NaN,0.0112444284459343,0.00476967894064728,0.0162940983476195,0.082288578870551,0.180464684235631,0.350205956570183,0.593684941311949,NaN,NaN,NaN,NaN,NaN,NaN,NaN,NaN,NaN
NaN,NaN,0.0144024501641979,-0.00305298365128692,0.0238369357587847,0.0845018110897702,0.176160819100915,0.354461411557471,0.59649606399762,NaN,NaN,NaN,NaN,NaN,NaN,NaN,NaN,NaN
NaN,NaN,0.00569538502895739,0.00253692620026413,0.0283397127689871,0.0896718993511361,0.176577809470473,0.350951145015036,0.588523458471172,NaN,NaN,NaN,NaN,NaN,NaN,NaN,NaN,NaN
NaN,NaN,0.0129392865201226,0.00939770021068398,0.0297163379194293,0.08931609687473,0.172542258369504,0.355631450734412,0.581753376653069,NaN,NaN,NaN,NaN,NaN,NaN,NaN,NaN,NaN
NaN,NaN,0.0161934952338925,0.00553215273248497,0.0304361198844466,0.0886943645503682,0.174681152420817,0.352983812413489,0.587752956678742,NaN,NaN,NaN,NaN,NaN,NaN,NaN,NaN,NaN
NaN,NaN,0.0140315043827286,0.00869360171782319,0.0245316651465449,0.087999895932929,0.17498049812275,0.344493186644589,0.603982221116894,NaN,NaN,NaN,NaN,NaN,NaN,NaN,NaN,NaN
NaN,NaN,0.0167547102173558,0.00655616052972618,0.0316954356433901,0.0928248546745939,0.172994899767218,0.352913423053299,0.602983116885298,NaN,NaN,NaN,NaN,NaN,NaN,NaN,NaN,NaN
NaN,NaN,0.00940394877397921,0.018391947975033,0.0355317023398432,0.0973326422002477,0.177642739581643,0.3551488952556,0.596900500138872,NaN,NaN,NaN,NaN,NaN,NaN,NaN,NaN,NaN
NaN,NaN,0.023328599621891,0.0250820478104288,0.0366965074839148,0.0983028940584821,0.1723056838091,0.360779448024308,0.593318167855614,NaN,NaN,NaN,NaN,NaN,NaN,NaN,NaN,NaN
NaN,NaN,0.0265278044244042,0.0188723241590196,0.0354961816968474,0.094920833381669,0.171160194295226,0.358063767276083,0.598164975424879,NaN,NaN,NaN,NaN,NaN,NaN,NaN,NaN,NaN
NaN,NaN,0.0269825878640404,0.0196558644674951,0.0365330789985213,0.0934163376417322,0.174909494089661,0.35093683990029,0.606651913156384,NaN,NaN,NaN,NaN,NaN,NaN,NaN,NaN,NaN
NaN,NaN,0.0314051034947624,0.022114407052868,0.039266976416305,0.0951744697716398,0.172561424988089,0.35632366555122,0.601509801825159,NaN,NaN,NaN,NaN,NaN,NaN,NaN,NaN,NaN
NaN,NaN,0.0235326337715378,0.0289024633966619,0.0406508472563777,0.0961241766538782,0.177502501028357,0.358264485917365,0.594059239854687,NaN,NaN,NaN,NaN,NaN,NaN,NaN,NaN,NaN
NaN,NaN,0.0319606746634236,0.0258459744654829,0.0370140698554072,0.0942067324843568,0.170775986480294,0.357388074121748,0.588678877582424,NaN,NaN,NaN,NaN,NaN,NaN,NaN,NaN,NaN
NaN,NaN,0.0282164598902455,0.0163855438731844,0.0370877188446078,0.0924847729232473,0.167688968795119,0.350950586221491,0.594461254557245,NaN,NaN,NaN,NaN,NaN,NaN,NaN,NaN,NaN
NaN,NaN,0.024200578322052,0.0185056997142965,0.0347934429349455,0.0914853334155244,0.170939284580527,0.340732263944422,0.592958435197943,NaN,NaN,NaN,NaN,NaN,NaN,NaN,NaN,NaN
NaN,NaN,0.0264985981484642,0.0247286295198137,0.0373425845803771,0.0949870131638212,0.164211708324729,0.342643971166884,0.584139331956976,NaN,NaN,NaN,NaN,NaN,NaN,NaN,NaN,NaN
NaN,NaN,0.017856129546999,0.0206314434908563,0.0353102524580512,0.090848141136424,0.160429160314379,0.340349248222386,0.573815583964461,NaN,NaN,NaN,NaN,NaN,NaN,NaN,NaN,NaN
NaN,NaN,0.0228884379466763,0.0184849498473341,0.0338808771969828,0.0867997564103765,0.152356288599549,0.335780198297774,0.577225714703673,NaN,NaN,NaN,NaN,NaN,NaN,NaN,NaN,NaN
NaN,NaN,0.018996850689291,0.00417970471607987,0.0347945977749381,0.0850906304743451,0.152386370318709,0.331787786058461,0.58172830544936,NaN,NaN,NaN,NaN,NaN,NaN,NaN,NaN,NaN
NaN,NaN,0.0159653212031117,0.0153577549062902,0.0358148057760748,0.0812999613311452,0.154858826863347,0.326999670437848,0.582595627536648,NaN,NaN,NaN,NaN,NaN,NaN,NaN,NaN,NaN
NaN,NaN,0.018120103617548,0.0179020536743337,0.0349628318848166,0.0849902152743501,0.14989318253356,0.33234982060579,0.575681991656893,NaN,NaN,NaN,NaN,NaN,NaN,NaN,NaN,NaN
NaN,NaN,0.0148480135103455,0.0186805462144548,0.0304166179897341,0.0812487758424444,0.147048848884879,0.331020767412459,0.56369946502673,NaN,NaN,NaN,NaN,NaN,NaN,NaN,NaN,NaN
NaN,NaN,0.0212236243387451,0.0173350831173593,0.0307796102764163,0.0778328150239152,0.14582741932827,0.33063447343496,0.571468986352556,NaN,NaN,NaN,NaN,NaN,NaN,NaN,NaN,NaN
NaN,NaN,0.019297295351862,0.0085426529549295,0.0312074226142916,0.0814869895305795,0.147599912452279,0.32904057072786,0.569956090082997,NaN,NaN,NaN,NaN,NaN,NaN,NaN,NaN,NaN
NaN,NaN,0.0161629851063481,0.0189141964219743,0.0337568809093985,0.0777769356694383,0.151202826964436,0.323970133981978,0.567867226680391,NaN,NaN,NaN,NaN,NaN,NaN,NaN,NaN,NaN
NaN,NaN,0.0192388641735306,0.0151215342484647,0.0285652604701075,0.0825398869540853,0.141085422801552,0.324731099031245,0.554031610270613,NaN,NaN,NaN,NaN,NaN,NaN,NaN,NaN,NaN
NaN,NaN,0.0123717571696034,0.0117753481172258,0.0278876674177203,0.0762732222404642,0.137524343299447,0.320016539267575,0.544980030288571,NaN,NaN,NaN,NaN,NaN,NaN,NaN,NaN,NaN
NaN,NaN,0.0194431032141438,0.00805186458455864,0.0289634381236586,0.0774569704857034,0.139009057747899,0.315387642554318,0.548337299158447,NaN,NaN,NaN,NaN,NaN,NaN,NaN,NaN,NaN
NaN,NaN,0.019236722131609,0.00447016560065094,0.0286870402099642,0.0816125876929922,0.138645394908963,0.314639548383032,0.544027007897967,NaN,NaN,NaN,NaN,NaN,NaN,NaN,NaN,NaN
NaN,NaN,0.0113526295026531,0.0116390956245596,0.0271780182423148,0.0774136453595323,0.136646012979327,0.30317401754049,0.545216977378004,NaN,NaN,NaN,NaN,NaN,NaN,NaN,NaN,NaN
NaN,NaN,0.0146030197938671,0.00918161474692169,0.0200667370857749,0.0813542015578908,0.127049106376944,0.306791740081583,0.535985130598419,NaN,NaN,NaN,NaN,NaN,NaN,NaN,NaN,NaN
NaN,NaN,0.00937807663285639,0.00638261788117233,0.0274883535506281,0.0686444796350164,0.129323750006733,0.302839840374266,0.533690444906824,NaN,NaN,NaN,NaN,NaN,NaN,NaN,NaN,NaN
NaN,NaN,0.0135672587057343,0.00532580890285317,0.0245038372280154,0.0721735216405553,0.131882596033392,0.300660508296763,0.534626275082701,NaN,NaN,NaN,NaN,NaN,NaN,NaN,NaN,NaN
NaN,NaN,0.0181411887606373,0.0114783866010839,0.0267180939020667,0.0728033005919618,0.13389997111517,0.301985947958504,0.534166406621807,NaN,NaN,NaN,NaN,NaN,NaN,NaN,NaN,NaN
NaN,NaN,0.0132580037316075,0.0149501336418325,0.0195043486358676,0.0694955035772485,0.128654520231066,0.293253643981492,0.534196730484837,NaN,NaN,NaN,NaN,NaN,NaN,NaN,NaN,NaN
NaN,NaN,0.0147871236404171,0.01106270008313,0.0149210494758639,0.0709591887619657,0.121659337746678,0.29745094718722,0.526706028511398,NaN,NaN,NaN,NaN,NaN,NaN,NaN,NaN,NaN
NaN,NaN,0.0125607597728958,0.0036133488320047,0.024229748994306,0.0592573441293401,0.128808747249423,0.294665882907187,0.520320471157902,NaN,NaN,NaN,NaN,NaN,NaN,NaN,NaN,NaN
NaN,NaN,0.0153270299633732,0.00938678511010948,0.0209787812830958,0.0651019334521455,0.132448504882632,0.293406213245665,0.518845293452614,NaN,NaN,NaN,NaN,NaN,NaN,NaN,NaN,NaN
NaN,NaN,0.0212033215066185,0.00898795553075615,0.0179163505138907,0.0665680587020082,0.127173940854846,0.292639790646111,0.515420187046402,NaN,NaN,NaN,NaN,NaN,NaN,NaN,NaN,NaN
NaN,NaN,0.0136064115067711,0.0122958084248239,0.0119431641699824,0.0642761856045884,0.123585350083886,0.287590643934285,0.518066800912493,NaN,NaN,NaN,NaN,NaN,NaN,NaN,NaN,NaN
NaN,NaN,0.0136883120139828,0.00422183774935547,0.0122599069776091,0.0639776594665212,0.121444258111296,0.284603650293623,0.512754183044308,NaN,NaN,NaN,NaN,NaN,NaN,NaN,NaN,NaN
NaN,NaN,0.00920701130235102,-0.00298350698722061,0.0218980152906928,0.0573142699625654,0.125772840547143,0.283473453096425,0.506538703819388,NaN,NaN,NaN,NaN,NaN,NaN,NaN,NaN,NaN
NaN,NaN,0.00944492696726229,0.00609532349335495,0.0187557329239401,0.0622736744311017,0.129189769941149,0.281330088696753,0.512346599032753,NaN,NaN,NaN,NaN,NaN,NaN,NaN,NaN,NaN
NaN,NaN,0.0160141597589245,0.00696910895931069,0.0165487219395194,0.0668883591618699,0.123871545511065,0.279234128616129,0.510955035468214,NaN,NaN,NaN,NaN,NaN,NaN,NaN,NaN,NaN
NaN,NaN,0.00697144596779254,0.00910176314937416,0.0189430963995013,0.0679528981175584,0.123788676428376,0.27806323262242,0.515530679156655,NaN,NaN,NaN,NaN,NaN,NaN,NaN,NaN,NaN
NaN,NaN,0.00876997887098696,0.00694368385302368,0.0215688486399207,0.0666525669124288,0.126405208575306,0.273470452598607,0.508227340658777,NaN,NaN,NaN,NaN,NaN,NaN,NaN,NaN,NaN
NaN,NaN,0.00943021207058337,0.00585336588846985,0.0305725400151763,0.0631258718397779,0.12809714229661,0.277110247484719,0.502366043408983,NaN,NaN,NaN,NaN,NaN,NaN,NaN,NaN,NaN
NaN,NaN,0.0119169923564186,0.0141940487228567,0.02195439755936,0.0663111813094777,0.124538111704169,0.275270140341793,0.507342453827732,NaN,NaN,NaN,NaN,NaN,NaN,NaN,NaN,NaN
NaN,NaN,0.0182273733516922,0.0132025254570181,0.0216648679973635,0.0653974234786195,0.114608406292973,0.275415370784079,0.507534976830357,NaN,NaN,NaN,NaN,NaN,NaN,NaN,NaN,NaN
NaN,NaN,0.0117225694557419,0.0110743229888612,0.0239389714600596,0.0600932433929605,0.120178739744006,0.268869290671622,0.504281122019165,NaN,NaN,NaN,NaN,NaN,NaN,NaN,NaN,NaN
NaN,NaN,0.00918750940763857,0.00803061180340591,0.024142614454225,0.0568443059649629,0.117224007117329,0.266526176206147,0.496600784143084,NaN,NaN,NaN,NaN,NaN,NaN,NaN,NaN,NaN
NaN,NaN,0.0104753050109139,0.00663878746854607,0.0276964296402487,0.0568078167464895,0.117097608017502,0.267135745457684,0.488107401659363,NaN,NaN,NaN,NaN,NaN,NaN,NaN,NaN,NaN
NaN,NaN,0.0114726024767151,0.0157687661849195,0.0164217081667933,0.0597334362294835,0.114608648436842,0.264484940640007,0.491222359021776,NaN,NaN,NaN,NaN,NaN,NaN,NaN,NaN,NaN
NaN,NaN,0.0138172629376641,0.0084029173158342,0.0151902016999278,0.0607342913475198,0.111290979402838,0.263448844275748,0.49363847055065,NaN,NaN,NaN,NaN,NaN,NaN,NaN,NaN,NaN
NaN,NaN,0.0078417669137707,0.00569554396497551,0.0223736231030974,0.0545477762546701,0.119172073173104,0.254862944207465,0.482893820633763,NaN,NaN,NaN,NaN,NaN,NaN,NaN,NaN,NaN
NaN,NaN,0.00355755268537905,0.0053090078436071,0.0219277431072745,0.0561489991572065,0.11846207009512,0.251668116621052,0.479538563420647,NaN,NaN,NaN,NaN,NaN,NaN,NaN,NaN,NaN
NaN,NaN,0.00455634026729968,-0.0014234857953852,0.017938646376327,0.0578773848440809,0.107929426449118,0.251822343639409,0.474231961896294,NaN,NaN,NaN,NaN,NaN,NaN,NaN,NaN,NaN
NaN,NaN,0.00401444091403392,0.00871539466606919,0.0121254239978346,0.0557058572497529,0.10543249474722,0.248098785600935,0.479876689394587,NaN,NaN,NaN,NaN,NaN,NaN,NaN,NaN,NaN
NaN,NaN,0.00843751533830073,0.002103712191456,0.00929327204842897,0.0552288338270349,0.104013308155118,0.245233031533038,0.47647510819661,NaN,NaN,NaN,NaN,NaN,NaN,NaN,NaN,NaN
NaN,NaN,-0.000247347066760991,-0.000454798559076153,0.019812038988069,0.0485022633996171,0.107106826471863,0.238494838199889,0.465096227606409,NaN,NaN,NaN,NaN,NaN,NaN,NaN,NaN,NaN
NaN,NaN,-0.00523769007122609,0.000248331358307041,0.0155971337856802,0.0513385690477056,0.10072754623252,0.231379608235632,0.462306432207697,NaN,NaN,NaN,NaN,NaN,NaN,NaN,NaN,NaN
NaN,NaN,-0.000405150363803838,-0.00142514354956802,0.0132080864908251,0.0524404354121846,0.0931187339301687,0.236578288100039,0.461284063538187,NaN,NaN,NaN,NaN,NaN,NaN,NaN,NaN,NaN
NaN,NaN,-0.000656961361528371,0.00361737214552704,0.00950846344251962,0.0483944721248311,0.0908467911358457,0.233842490784203,0.466488703867071,NaN,NaN,NaN,NaN,NaN,NaN,NaN,NaN,NaN
NaN,NaN,0.00255468591058161,-0.000982243785983883,0.0079395201804194,0.0464029319312734,0.0924660630698781,0.230511392078673,0.462241239627474,NaN,NaN,NaN,NaN,NaN,NaN,NaN,NaN,NaN
NaN,NaN,-0.00664883003628347,-0.00634422175062355,0.0139812146129164,0.039933387907998,0.0946795001800638,0.226373488626753,0.45238020994293,NaN,NaN,NaN,NaN,NaN,NaN,NaN,NaN,NaN
NaN,NaN,-0.0101488147774944,-0.00521616659534629,0.00344514369984002,0.0415862247076196,0.0899072729225736,0.223473014853274,0.457249760409468,NaN,NaN,NaN,NaN,NaN,NaN,NaN,NaN,NaN
NaN,NaN,-0.000859822044731114,-0.00619504250062164,0.0054206092657599,0.0436277210440797,0.0865533568139654,0.23528196158198,0.460396960159414,NaN,NaN,NaN,NaN,NaN,NaN,NaN,NaN,NaN
NaN,NaN,-0.00121188060438726,0.00473259367572609,0.00914591819067331,0.0441127910938424,0.0976386286492925,0.230960606209313,0.468326836606138,NaN,NaN,NaN,NaN,NaN,NaN,NaN,NaN,NaN
NaN,NaN,0.00199652566516306,0.000756516834371723,0.00956519961376519,0.0495367951419515,0.0975724674935918,0.231899845025813,0.467019874384278,NaN,NaN,NaN,NaN,NaN,NaN,NaN,NaN,NaN
NaN,NaN,-0.0021898065606365,-0.00191958270443138,0.0148356658222231,0.044243492903964,0.0975252680655103,0.226526858828341,0.457545958241099,NaN,NaN,NaN,NaN,NaN,NaN,NaN,NaN,NaN
NaN,NaN,-0.00184832782542798,0.0089573336445028,0.00339323177953096,0.0481892645087404,0.0918239347811323,0.225943161717926,0.466020043721073,NaN,NaN,NaN,NaN,NaN,NaN,NaN,NaN,NaN
NaN,NaN,0.00971029802167323,0.00532418840157334,0.00952766731400819,0.0498559966411752,0.0873977311130147,0.236084966532265,0.461582012256258,NaN,NaN,NaN,NaN,NaN,NaN,NaN,NaN,NaN
NaN,NaN,0.00644593789184001,0.0131812354229623,0.0159878981115374,0.0488895445790452,0.0970332317228895,0.224880429528033,0.463725656052702,NaN,NaN,NaN,NaN,NaN,NaN,NaN,NaN,NaN
NaN,NaN,0.00402056901657488,0.00666082256066147,0.0154405598344359,0.0507359102096719,0.0949287034745794,0.222603010556971,0.459416817655438,NaN,NaN,NaN,NaN,NaN,NaN,NaN,NaN,NaN
NaN,NaN,0.00475040926539805,0.00372110285388771,0.0190089781584296,0.0475923612442178,0.0882253602321725,0.216893667898451,0.447662297417992,NaN,NaN,NaN,NaN,NaN,NaN,NaN,NaN,NaN
NaN,NaN,0.00393302469456103,0.0134369393490488,0.0109669704737219,0.0479421660032434,0.0865662649448495,0.219911041281496,0.45471551992523,NaN,NaN,NaN,NaN,NaN,NaN,NaN,NaN,NaN
NaN,NaN,0.0145217525860062,0.0151652691565687,0.0185092304648909,0.0521248474445504,0.0894889228220563,0.227153378150736,0.446317951907986,NaN,NaN,NaN,NaN,NaN,NaN,NaN,NaN,NaN
NaN,NaN,0.00697241454327013,0.0191576255165273,0.0227292206885371,0.052409347864644,0.0991629988129716,0.216118844769274,0.450888044913881,NaN,NaN,NaN,NaN,NaN,NaN,NaN,NaN,NaN
NaN,NaN,0.00801659478747752,0.0121099723182851,0.0168092128636393,0.0532926328208608,0.0944383062596899,0.215212239495789,0.443540505846613,NaN,NaN,NaN,NaN,NaN,NaN,NaN,NaN,NaN
NaN,NaN,0.0073253857990494,0.0119811890326673,0.0169584293665442,0.0450002111222905,0.090261156874476,0.21156549694327,0.437179423650377,NaN,NaN,NaN,NaN,NaN,NaN,NaN,NaN,NaN
NaN,NaN,0.0056851963599911,0.0211837550305063,0.00943086564560266,0.0486095517602128,0.0884271405811887,0.214503223619734,0.436725217630737,NaN,NaN,NaN,NaN,NaN,NaN,NaN,NaN,NaN
NaN,NaN,0.0165782804688206,0.0180322711967165,0.0149724398555312,0.0497355580058259,0.0907441593881231,0.214067495039975,0.43039170258271,NaN,NaN,NaN,NaN,NaN,NaN,NaN,NaN,NaN
NaN,NaN,0.0102272379299393,0.0162522902392084,0.0160161171855483,0.0486758805539769,0.0974707298155408,0.205126090518509,0.431156094899052,NaN,NaN,NaN,NaN,NaN,NaN,NaN,NaN,NaN
NaN,NaN,0.014649250646471,0.0147760321997339,0.00790353387613626,0.0505601882662935,0.0887076176877599,0.205689875952279,0.42830039911496,NaN,NaN,NaN,NaN,NaN,NaN,NaN,NaN,NaN
NaN,NaN,0.0187458033760777,0.00809381135331932,0.0148785997929129,0.0453283346917791,0.0855485342617612,0.205147343299662,0.418998181601637,NaN,NaN,NaN,NaN,NaN,NaN,NaN,NaN,NaN
NaN,NaN,0.0139679136773339,0.0204017420910532,0.0118600156905207,0.0472373597052259,0.0912367545242887,0.205036627671992,0.416939884205931,NaN,NaN,NaN,NaN,NaN,NaN,NaN,NaN,NaN
NaN,NaN,0.0201847153803101,0.0118324009381467,0.0193478491904292,0.0523324019935293,0.0911917343910318,0.202081038228547,0.414083666881197,NaN,NaN,NaN,NaN,NaN,NaN,NaN,NaN,NaN
NaN,NaN,0.0122503499587765,0.00875695027934853,0.0141187709571871,0.047538493546502,0.0905646376486402,0.193829035929715,0.411592975040548,NaN,NaN,NaN,NaN,NaN,NaN,NaN,NaN,NaN
NaN,NaN,0.011141088893055,0.0100557727419073,0.00590251281876893,0.0419584184613389,0.0808798328216653,0.189857299051558,0.412243671496981,NaN,NaN,NaN,NaN,NaN,NaN,NaN,NaN,NaN
NaN,NaN,0.0111619132658234,0.00469154097663704,0.0131899070741686,0.0372084125604791,0.0768160067673307,0.192413723639523,0.401319518467062,NaN,NaN,NaN,NaN,NaN,NaN,NaN,NaN,NaN
NaN,NaN,0.00176244704925921,0.0140776892803842,0.0108457681538615,0.040215522768752,0.0871326022024732,0.188607520035778,0.405964135905378,NaN,NaN,NaN,NaN,NaN,NaN,NaN,NaN,NaN
NaN,NaN,0.014378086765646,0.0090442632936174,0.0184710276128802,0.0497551157798929,0.0868972197349649,0.194072353265559,0.407721224954003,NaN,NaN,NaN,NaN,NaN,NaN,NaN,NaN,NaN
NaN,NaN,0.0107889185746899,0.0121937168441946,0.0164960090817961,0.0449812121417684,0.0875632085080724,0.196966866574561,0.411362156053656,NaN,NaN,NaN,NaN,NaN,NaN,NaN,NaN,NaN
NaN,NaN,0.0130605819722405,0.0179092621110613,0.00938418775816293,0.0407591543820066,0.0834354192193132,0.197351856700455,0.408696468701237,NaN,NaN,NaN,NaN,NaN,NaN,NaN,NaN,NaN
NaN,NaN,0.0182338181039086,0.0174213794671232,0.0164630588891062,0.035389763089673,0.0852495797153097,0.198863039336478,0.396709099193686,NaN,NaN,NaN,NaN,NaN,NaN,NaN,NaN,NaN
NaN,NaN,0.0109944987198105,0.0202627328835661,0.0157475051285777,0.0383476249602002,0.0911415547307115,0.193084015122925,0.401011623223894,NaN,NaN,NaN,NaN,NaN,NaN,NaN,NaN,NaN
NaN,NaN,0.0239803577860585,0.0101587211393053,0.0172422778608355,0.048305288675086,0.0842510901566129,0.195858425072705,0.396413981696242,NaN,NaN,NaN,NaN,NaN,NaN,NaN,NaN,NaN
NaN,NaN,0.0180690485140076,0.00923231594788376,0.0144954536857161,0.0371731899407071,0.0888286523695569,0.194999820164715,0.393155395766371,NaN,NaN,NaN,NaN,NaN,NaN,NaN,NaN,NaN
NaN,NaN,0.0190834078093758,0.0168628653191263,0.0125137855114493,0.0355794734981221,0.0859739810402971,0.188689550928151,0.386138476213091,NaN,NaN,NaN,NaN,NaN,NaN,NaN,NaN,NaN
NaN,NaN,0.0233064527710667,0.0149523688160116,0.017054597735599,0.0380676321413678,0.0903994396503549,0.188494233957802,0.380600422402495,NaN,NaN,NaN,NaN,NaN,NaN,NaN,NaN,NaN
NaN,NaN,0.0136751431127777,0.0187228841386968,0.0208697047831568,0.0453186675634546,0.0947983928199392,0.186721424184119,0.384648099323385,NaN,NaN,NaN,NaN,NaN,NaN,NaN,NaN,NaN
NaN,NaN,0.0258303369482746,0.0158838962815935,0.0209853377940211,0.0572967052188081,0.0881137132819276,0.191383811257159,0.387917917003506,NaN,NaN,NaN,NaN,NaN,NaN,NaN,NaN,NaN
NaN,NaN,0.0181098404427757,0.0142612715862924,0.0207772617044005,0.0445216975834531,0.0917387932713609,0.189023150674378,0.380403335919254,NaN,NaN,NaN,NaN,NaN,NaN,NaN,NaN,NaN
NaN,NaN,0.0194989080628147,0.0220789236627752,0.0162957933547053,0.0423648290064496,0.0887579649861436,0.180623608253275,0.380707263728254,NaN,NaN,NaN,NaN,NaN,NaN,NaN,NaN,NaN
NaN,NaN,0.0195322680374375,0.0181334687076742,0.0224985320868048,0.0426802493360204,0.0885450273926836,0.188097714058434,0.374404258807772,NaN,NaN,NaN,NaN,NaN,NaN,NaN,NaN,NaN
NaN,NaN,0.0140408176084748,0.0198018772207433,0.0227301892640147,0.0447664119031591,0.0894203216012102,0.185226819089924,0.37880313747155,NaN,NaN,NaN,NaN,NaN,NaN,NaN,NaN,NaN
NaN,NaN,0.0290269526740303,0.0186817196808988,0.0191373516621146,0.0506525568392438,0.0852290719922166,0.18883619698075,0.373246084680432,NaN,NaN,NaN,NaN,NaN,NaN,NaN,NaN,NaN
NaN,NaN,0.0244552391668549,0.0179338676534826,0.0217892368139777,0.0346857763555211,0.0879382521088701,0.186107757113253,0.361273877104395,NaN,NaN,NaN,NaN,NaN,NaN,NaN,NaN,NaN
NaN,NaN,0.0269027548929444,0.0218889897369081,0.0166693282129321,0.0346483185615701,0.0888969555671792,0.176754447243487,0.363589498927468,NaN,NaN,NaN,NaN,NaN,NaN,NaN,NaN,NaN
NaN,NaN,0.0249141204258194,0.0134662015043432,0.0183836323024783,0.0381098955598039,0.0837763019080739,0.182795489750182,0.353187557091587,NaN,NaN,NaN,NaN,NaN,NaN,NaN,NaN,NaN
NaN,NaN,0.0207190337678185,0.019281938453787,0.0177044932546172,0.03865941313173,0.0866286076779943,0.175470265171801,0.357934172978275,NaN,NaN,NaN,NaN,NaN,NaN,NaN,NaN,NaN
NaN,NaN,0.0318930233916035,0.0172283349238569,0.0106278572978529,0.0411647453632516,0.0792900093074422,0.173304027489697,0.347207236816757,NaN,NaN,NaN,NaN,NaN,NaN,NaN,NaN,NaN
NaN,NaN,0.0240769545634976,0.0102894788287813,0.00965417817254396,0.0259829766776723,0.0804959975357633,0.168347118965661,0.336535770227783,NaN,NaN,NaN,NaN,NaN,NaN,NaN,NaN,NaN
NaN,NaN,0.0193115073343506,0.0142809224926168,0.00831655681152673,0.0284205645051164,0.0827523872430902,0.157943836025273,0.343685421874397,NaN,NaN,NaN,NaN,NaN,NaN,NaN,NaN,NaN
NaN,NaN,0.0178902532061329,0.00307379641162697,0.00897166773696275,0.0365805707600278,0.0765555158432107,0.168002585492407,0.336519434829825,NaN,NaN,NaN,NaN,NaN,NaN,NaN,NaN,NaN
NaN,NaN,0.0145376595755806,0.0109045428835088,0.0118243274094615,0.0376378826525373,0.0827379889960866,0.162315147540843,0.342802285929793,NaN,NaN,NaN,NaN,NaN,NaN,NaN,NaN,NaN
NaN,NaN,0.024304811944603,0.0168533658288652,0.00976232334990831,0.0395332358505887,0.0774033360357862,0.166939201376711,0.337652742644423,NaN,NaN,NaN,NaN,NaN,NaN,NaN,NaN,NaN
NaN,NaN,0.0243863026698818,0.0160239858232671,0.0164258991183791,0.0284546695377988,0.0792755365546327,0.170173628798996,0.337633278002613,NaN,NaN,NaN,NaN,NaN,NaN,NaN,NaN,NaN
NaN,NaN,0.0194888311525574,0.0180956383846933,0.0177720141412768,0.0319222070005101,0.0825842276390176,0.1627009199777,0.343866862138384,NaN,NaN,NaN,NaN,NaN,NaN,NaN,NaN,NaN
NaN,NaN,0.0267995457252255,0.0142403168283636,0.019648480117515,0.0403599150207204,0.0780887521978002,0.174788350782668,0.340384851922863,NaN,NaN,NaN,NaN,NaN,NaN,NaN,NaN,NaN
NaN,NaN,0.0232230248948326,0.01979796566593,0.0213856016101393,0.0363823108103437,0.0812276445503812,0.168664197049414,0.338064741124981,NaN,NaN,NaN,NaN,NaN,NaN,NaN,NaN,NaN
NaN,NaN,0.0309548090299359,0.0207512302004034,0.0155002576114687,0.0337361998584432,0.0754878848965745,0.167912563852345,0.332433350165957,NaN,NaN,NaN,NaN,NaN,NaN,NaN,NaN,NaN
NaN,NaN,0.0249877135356655,0.016720559229725,0.0219461274148974,0.021919467273013,0.0773283459420782,0.165650642088925,0.328199781259173,NaN,NaN,NaN,NaN,NaN,NaN,NaN,NaN,NaN
NaN,NaN,0.0209820951422444,0.0198755448363954,0.0163027782740149,0.0277061469581289,0.080765522288857,0.157309922001635,0.33423287027108,NaN,NaN,NaN,NaN,NaN,NaN,NaN,NaN,NaN
NaN,NaN,0.0273835036059609,0.0173451041482622,0.0161749821903262,0.0375433347847623,0.0770631611521821,0.164219031653677,0.32503440209257,NaN,NaN,NaN,NaN,NaN,NaN,NaN,NaN,NaN
NaN,NaN,0.0204368989070645,0.0236496550642187,0.0165923637153658,0.0324755057420892,0.0811396531935316,0.15855340527681,0.322863098015659,NaN,NaN,NaN,NaN,NaN,NaN,NaN,NaN,NaN
NaN,NaN,0.0281078490515938,0.0237656419776613,0.00794935494680734,0.0330631702866716,0.0711430974479299,0.155328086189305,0.317335027983063,NaN,NaN,NaN,NaN,NaN,NaN,NaN,NaN,NaN
NaN,NaN,0.0223509158095112,0.0113462133012945,0.0107775022091422,0.0234511948850316,0.0685972154315095,0.150912033937251,0.311675753226154,NaN,NaN,NaN,NaN,NaN,NaN,NaN,NaN,NaN
NaN,NaN,0.0157294917007675,0.0135673803888494,0.00855465874095292,0.025191836776988,0.0669189721520524,0.144694524429118,0.314504124005907,NaN,NaN,NaN,NaN,NaN,NaN,NaN,NaN,NaN
NaN,NaN,0.0237663026055088,0.0146527995966608,0.00528815656919808,0.0302148505773706,0.0592972144659143,0.148526097259795,0.301836255719536,NaN,NaN,NaN,NaN,NaN,NaN,NaN,NaN,NaN
NaN,NaN,0.0159720826050034,0.0145981309615308,0.00746903464217515,0.0203991017964048,0.0636011168535333,0.146044513753926,0.300651967307203,NaN,NaN,NaN,NaN,NaN,NaN,NaN,NaN,NaN
NaN,NaN,0.0237311172386399,0.0158687902294332,0.00435376063008638,0.020974994423644,0.0566654272552114,0.143618325314795,0.29959797092306,NaN,NaN,NaN,NaN,NaN,NaN,NaN,NaN,NaN
NaN,NaN,0.0212171237071743,0.00516707428323571,0.00590705767293306,0.0177506252851648,0.0580316029663663,0.147743842176472,0.301014680197113,NaN,NaN,NaN,NaN,NaN,NaN,NaN,NaN,NaN
NaN,NaN,0.0157285417517414,0.013318903525942,0.00820848613996835,0.020742350044505,0.0629833147104364,0.142741522363697,0.30195587479102,NaN,NaN,NaN,NaN,NaN,NaN,NaN,NaN,NaN
NaN,NaN,0.0244233320554486,0.0197705475293333,0.00747415691633554,0.0244365341689748,0.0611510306771379,0.147780107877528,0.296580131878727,NaN,NaN,NaN,NaN,NaN,NaN,NaN,NaN,NaN
NaN,NaN,0.0185737508436432,0.0208814104698831,0.0035701830687079,0.013842218342082,0.0648125626321416,0.146591554007803,0.290007453193539,NaN,NaN,NaN,NaN,NaN,NaN,NaN,NaN,NaN
NaN,NaN,0.0236758711835137,0.0181322766147787,-0.00278586998562484,0.0152962177720231,0.0574962414975744,0.140308069608485,0.294354382684105,NaN,NaN,NaN,NaN,NaN,NaN,NaN,NaN,NaN
NaN,NaN,0.0198313157161465,0.00809146442043129,0.00285498321075769,0.0151697814192933,0.0591900006111246,0.148477724365269,0.293073441614979,NaN,NaN,NaN,NaN,NaN,NaN,NaN,NaN,NaN
NaN,NaN,0.0147626112302532,0.0208908913336927,0.00759839534778924,0.0188683986392183,0.0629487812693696,0.143160878292595,0.295527755995863,NaN,NaN,NaN,NaN,NaN,NaN,NaN,NaN,NaN
NaN,NaN,0.0295058573683491,0.0204960105620557,0.00688304647822709,0.0263084925439519,0.0637579515750986,0.151375981591021,0.293675709297531,NaN,NaN,NaN,NaN,NaN,NaN,NaN,NaN,NaN
NaN,NaN,0.0281844968994847,0.025014862199896,0.0138849158587012,0.0231822475519342,0.0671203054662328,0.155328756741559,0.291769943913096,NaN,NaN,NaN,NaN,NaN,NaN,NaN,NaN,NaN
NaN,NaN,0.0346768210729351,0.0258665380679304,0.00966647163052888,0.0277621008184118,0.0669821344490629,0.15474850552467,0.303968481501215,NaN,NaN,NaN,NaN,NaN,NaN,NaN,NaN,NaN
NaN,NaN,0.0337321619590512,0.0214941089652712,0.0192645889522585,0.0288684189047975,0.0672115750785451,0.159655420652901,0.297497074832791,NaN,NaN,NaN,NaN,NaN,NaN,NaN,NaN,NaN
NaN,NaN,0.0289504165848484,0.0321677548490698,0.0264966626467261,0.0266830518570108,0.071012116241036,0.153890682927643,0.301462553223246,NaN,NaN,NaN,NaN,NaN,NaN,NaN,NaN,NaN
NaN,NaN,0.0387109751900425,0.0343429332278902,0.024267318546966,0.0332694209840459,0.0669906839902978,0.156809690020358,0.297100815703743,NaN,NaN,NaN,NaN,NaN,NaN,NaN,NaN,NaN
NaN,NaN,0.0334209325810662,0.0315113773249323,0.0289793637396845,0.025014848234908,0.0665578797634225,0.155466480723893,0.298397961785668,NaN,NaN,NaN,NaN,NaN,NaN,NaN,NaN,NaN
NaN,NaN,0.0341793085535755,0.0341706571780378,0.0236329947413954,0.0265113904800576,0.065206474828301,0.15165867524532,0.301564384033554,NaN,NaN,NaN,NaN,NaN,NaN,NaN,NaN,NaN
NaN,NaN,0.0314760330220452,0.0342178379796678,0.0252843041719946,0.0241405412283105,0.0645353637810331,0.154551623932396,0.292681969483965,NaN,NaN,NaN,NaN,NaN,NaN,NaN,NaN,NaN
NaN,NaN,0.0253772485157242,0.037240016987198,0.0235029262306246,0.0213512673702401,0.0643489130015951,0.149647130242859,0.295088171740645,NaN,NaN,NaN,NaN,NaN,NaN,NaN,NaN,NaN
NaN,NaN,0.033829354782938,0.0366821361385519,0.0160975892843756,0.0252101465788049,0.0572201043542009,0.15434010194925,0.289826683481806,NaN,NaN,NaN,NaN,NaN,NaN,NaN,NaN,NaN
NaN,NaN,0.0277449312707176,0.0291945075296098,0.0218282778563056,0.0165926560487909,0.0558170482690912,0.152294954828297,0.290652189185494,NaN,NaN,NaN,NaN,NaN,NaN,NaN,NaN,NaN
NaN,NaN,0.0256905454298249,0.0260608305834467,0.0147287313642058,0.0140379078414602,0.0578922771092039,0.145736171475922,0.28541335069167,NaN,NaN,NaN,NaN,NaN,NaN,NaN,NaN,NaN
NaN,NaN,0.0232101726433029,0.0190378015540773,0.0133104574682269,0.00875444036986058,0.053305867331801,0.150619170240437,0.278636935880058,NaN,NaN,NaN,NaN,NaN,NaN,NaN,NaN,NaN
NaN,NaN,0.0170322257181397,0.0189257820748026,0.00964285329003663,0.00426427346731847,0.0482055537577253,0.14143172892121,0.274080570568913,NaN,NaN,NaN,NaN,NaN,NaN,NaN,NaN,NaN
NaN,NaN,0.0233580294152489,0.0161570904456312,0.00221037760396333,0.00706416440273946,0.0424153909261804,0.142924322358643,0.275780979325646,NaN,NaN,NaN,NaN,NaN,NaN,NaN,NaN,NaN
NaN,NaN,0.0210027146240463,0.00517493464576546,0.00895663619060845,0.000296243253008774,0.0432183958764654,0.141341893545662,0.264963499983423,NaN,NaN,NaN,NaN,NaN,NaN,NaN,NaN,NaN
NaN,NaN,0.0188591639598599,0.0107147207163507,0.00207105174680085,0.000489641698853423,0.045351851003943,0.134397076986109,0.266070861151093,NaN,NaN,NaN,NaN,NaN,NaN,NaN,NaN,NaN
NaN,NaN,0.01815283029282,0.00331731863843743,0.00250895962138505,0.000758607658402374,0.0399631627078634,0.137185661665474,0.25910995133745,NaN,NaN,NaN,NaN,NaN,NaN,NaN,NaN,NaN
NaN,NaN,0.0155938352545491,0.0093048846028978,0.00268103078027101,-0.0033187039468127,0.0388431728060823,0.128667934409653,0.257425077041262,NaN,NaN,NaN,NaN,NaN,NaN,NaN,NaN,NaN
NaN,NaN,0.0171193788846722,0.00974800788389985,-0.000434857904717015,-0.00166670533750827,0.0327788472350221,0.129128119520222,0.261091228356236,NaN,NaN,NaN,NaN,NaN,NaN,NaN,NaN,NaN
NaN,NaN,0.012580932219862,-0.000809259930974804,0.00408838957567544,-0.00244229215119655,0.0314350046392065,0.127921386233841,0.249505035360926,NaN,NaN,NaN,NaN,NaN,NaN,NaN,NaN,NaN
NaN,NaN,0.00682269512617495,0.00388391666638199,-0.00178587168435721,-0.0045951187882262,0.0367105186160188,0.128446614913022,0.257334459354752,NaN,NaN,NaN,NaN,NaN,NaN,NaN,NaN,NaN
NaN,NaN,0.0143567035993328,0.00146238484012429,0.00109185919185014,-0.00132595303390796,0.0312562465842348,0.134617223016297,0.256551012178534,NaN,NaN,NaN,NaN,NaN,NaN,NaN,NaN,NaN
NaN,NaN,0.0149348686536541,0.0119849888287717,0.00598567992468209,-0.0087801285359698,0.0389701493259054,0.135296250305449,0.262544948389404,NaN,NaN,NaN,NaN,NaN,NaN,NaN,NaN,NaN
NaN,NaN,0.0208131346007576,0.0127578748069936,0.00527854532022805,-0.00256155732010181,0.0411312274809461,0.141217692367112,0.264163233121508,NaN,NaN,NaN,NaN,NaN,NaN,NaN,NaN,NaN
NaN,NaN,0.023386825909256,0.0116241758369142,0.0119796906413588,-0.000687233385785172,0.0451771721418481,0.144563505969321,0.258304971983307,NaN,NaN,NaN,NaN,NaN,NaN,NaN,NaN,NaN
NaN,NaN,0.0185800838371506,0.0196989288233453,0.00546819984932275,-0.000484186438067505,0.0461750284011941,0.142578708551203,0.265235576560372,NaN,NaN,NaN,NaN,NaN,NaN,NaN,NaN,NaN
NaN,NaN,0.0303260917862644,0.0169169937871629,0.00736334815640779,0.00099011582400029,0.0404039390559774,0.143942220679795,0.263307943721884,NaN,NaN,NaN,NaN,NaN,NaN,NaN,NaN,NaN
NaN,NaN,0.0280052918096771,0.0205456500552827,0.0141413648428473,-0.00447795840833957,0.0456298880453687,0.142131655088936,0.265920657446259,NaN,NaN,NaN,NaN,NaN,NaN,NaN,NaN,NaN
NaN,NaN,0.0297166342934361,0.0182497536443407,0.0118170817198309,0.00205739286805814,0.0444870434876066,0.140110461584603,0.259339056690806,NaN,NaN,NaN,NaN,NaN,NaN,NaN,NaN,NaN
NaN,NaN,0.0313495407899609,0.0109339354239637,0.0167628702523264,0.00436053496863072,0.0449650354858022,0.14261037351874,0.255691624959582,NaN,NaN,NaN,NaN,NaN,NaN,NaN,NaN,NaN
NaN,NaN,0.020351980914711,0.0186553446255857,0.00881667703409524,0.00581894886757558,0.0421841994102579,0.135107620231186,0.260609324803227,NaN,NaN,NaN,NaN,NaN,NaN,NaN,NaN,NaN
NaN,NaN,0.0309638428589096,0.0148345378838712,0.00852427899856897,0.00588060242201512,0.034985485690413,0.136221742800747,0.264366596718901,NaN,NaN,NaN,NaN,NaN,NaN,NaN,NaN,NaN
NaN,NaN,0.02088855310285,0.0132239272497827,0.0170798552038226,-0.00021397250626857,0.0431147396739107,0.134428592942034,0.258684858461493,NaN,NaN,NaN,NaN,NaN,NaN,NaN,NaN,NaN
NaN,NaN,0.0222684937616577,0.0181105954252416,0.0122780863942656,0.00421729755665486,0.040929223614512,0.129269326648985,0.256734296461218,NaN,NaN,NaN,NaN,NaN,NaN,NaN,NaN,NaN
NaN,NaN,0.0243670056661358,0.014494810035103,0.0165928666295561,0.00369292569424336,0.0379618995066267,0.134308806232487,0.251467238893383,NaN,NaN,NaN,NaN,NaN,NaN,NaN,NaN,NaN
NaN,NaN,0.0174253369768849,0.0227853877149755,0.00915310800094934,0.000727538737313202,0.0324842699046712,0.127984697542464,0.257153559257858,NaN,NaN,NaN,NaN,NaN,NaN,NaN,NaN,NaN
NaN,NaN,0.0260533328255406,0.0204971095226938,0.00870374485869737,-0.00121356102560336,0.0284762300725561,0.130238051138197,0.258372083088034,NaN,NaN,NaN,NaN,NaN,NaN,NaN,NaN,NaN
NaN,NaN,0.0206697295507183,0.0149450858734781,0.0135419656338248,-0.00635552334521587,0.035509950685082,0.128653890065228,0.244170550038689,NaN,NaN,NaN,NaN,NaN,NaN,NaN,NaN,NaN
NaN,NaN,0.023624238659977,0.0164233741961652,0.0064402770998034,-0.00300607758496578,0.036498158442555,0.125582146070277,0.242983802934759,NaN,NaN,NaN,NaN,NaN,NaN,NaN,NaN,NaN
NaN,NaN,0.0288353609939804,0.0107394566439325,0.00859675452132554,-0.00235498997305209,0.0266090959485155,0.129049869797503,0.235285974820727,NaN,NaN,NaN,NaN,NaN,NaN,NaN,NaN,NaN
NaN,NaN,0.0220169249078026,0.0172519346378976,0.00228981941957803,-0.00971821251247699,0.0227327823813539,0.119973796031748,0.238124739160412,NaN,NaN,NaN,NaN,NaN,NaN,NaN,NaN,NaN
NaN,NaN,0.0255122902890434,0.0102522818051511,0.00135464116950364,-0.0063275836679774,0.0223259434278589,0.118698796800648,0.23120726623165,NaN,NaN,NaN,NaN,NaN,NaN,NaN,NaN,NaN
NaN,NaN,0.0174841779371491,0.00616101898776833,0.00879976421614022,-0.0133892439577418,0.0262399196799379,0.115072953126704,0.222954313983792,NaN,NaN,NaN,NaN,NaN,NaN,NaN,NaN,NaN
NaN,NaN,0.0181995081802597,0.0103588623605901,-0.00271998822669654,-0.00910573753450687,0.024774241464911,0.107737521252905,0.2238100317918,NaN,NaN,NaN,NaN,NaN,NaN,NaN,NaN,NaN
NaN,NaN,0.0177910114725819,0.000575374593609012,0.00205656036753984,-0.00957536625598247,0.0147194594319444,0.113292171231781,0.22146561347472,NaN,NaN,NaN,NaN,NaN,NaN,NaN,NaN,NaN
NaN,NaN,0.00987031786644366,0.0106354465387994,-0.0018820586798635,-0.0107396684858638,0.0180133424873929,0.105505159668004,0.228633425911539,NaN,NaN,NaN,NaN,NaN,NaN,NaN,NaN,NaN
NaN,NaN,0.013812643577694,0.00729928143846337,-0.000560642331644582,-0.00501158761714275,0.0222529463644605,0.112262817642962,0.227719630827778,NaN,NaN,NaN,NaN,NaN,NaN,NaN,NaN,NaN
NaN,NaN,0.0125718425115338,0.00736026444064919,0.00776601478476853,-0.0119831145081359,0.0233872972603422,0.11536173763064,0.225172612597817,NaN,NaN,NaN,NaN,NaN,NaN,NaN,NaN,NaN
NaN,NaN,0.0137225660582772,0.0201940944098169,0.00436154648681016,-0.00446413758133228,0.0214621976192575,0.114889277688538,0.231713160654181,NaN,NaN,NaN,NaN,NaN,NaN,NaN,NaN,NaN
NaN,NaN,0.0225025910040131,0.0167859008215601,0.00687693700213761,-0.00625101032589252,0.0131781950767618,0.125285650215422,0.22930194788205,NaN,NaN,NaN,NaN,NaN,NaN,NaN,NaN,NaN
NaN,NaN,0.0124132196506253,0.0206627545558149,0.00705603033323617,-0.00652966204021747,0.0216493562038522,0.117580781302725,0.234167475035065,NaN,NaN,NaN,NaN,NaN,NaN,NaN,NaN,NaN
NaN,NaN,0.0183010223408928,0.0192890165053541,0.00721286505480142,-0.00229743423794086,0.0236150428827386,0.122486392579352,0.232705969145172,NaN,NaN,NaN,NaN,NaN,NaN,NaN,NaN,NaN
NaN,NaN,0.0198165263136616,0.0160396879218752,0.0151930701734576,-0.0101966701719599,0.0195527069445234,0.121029338411366,0.225949596395367,NaN,NaN,NaN,NaN,NaN,NaN,NaN,NaN,NaN
NaN,NaN,0.0207495625218144,0.0217493658565218,0.010333391726211,-0.00629224928949649,0.0171922885056119,0.118532946876561,0.230649497141712,NaN,NaN,NaN,NaN,NaN,NaN,NaN,NaN,NaN
NaN,NaN,0.0271937559446087,0.0210849789582426,0.0109387700261626,-0.00361460375521953,0.0112008296127897,0.122192876956736,0.224767040243023,NaN,NaN,NaN,NaN,NaN,NaN,NaN,NaN,NaN
NaN,NaN,0.0154744955798378,0.0177527067862684,0.00706484064479203,-0.00123688134287173,0.0264129780407529,0.115166402033841,0.22735943250882,NaN,NaN,NaN,NaN,NaN,NaN,NaN,NaN,NaN
NaN,NaN,0.0199537473818054,0.0179040839575464,0.00772922754307122,-8.67724690275886e-05,0.0223192937846761,0.115234034679209,0.224188148757094,NaN,NaN,NaN,NaN,NaN,NaN,NaN,NaN,NaN
NaN,NaN,0.0182166258891812,0.0134160590969259,0.0172784504296336,-0.00455266910527522,0.0165854014630895,0.110518469087159,0.21923738696205,NaN,NaN,NaN,NaN,NaN,NaN,NaN,NaN,NaN
NaN,NaN,0.0152157369157067,0.0210173276864225,0.0114945460857901,-0.00261594655845935,0.0122591287072282,0.108097067646061,0.222145143678063,NaN,NaN,NaN,NaN,NaN,NaN,NaN,NaN,NaN
NaN,NaN,0.0170058320363751,0.0155148503981763,0.00923608884234758,3.26417114896085e-05,0.0055535689170938,0.108905306629216,0.220255918582552,NaN,NaN,NaN,NaN,NaN,NaN,NaN,NaN,NaN
NaN,NaN,0.00565010412537959,0.0132500601612264,0.00394479826112123,-0.00234470817182834,0.0146131582732778,0.105414784125363,0.222804315169924,NaN,NaN,NaN,NaN,NaN,NaN,NaN,NaN,NaN
NaN,NaN,0.0120676803489914,0.0144957972370321,0.00354738429208131,-0.00607959109280879,0.0075180635030847,0.105361791870867,0.220767922481173,NaN,NaN,NaN,NaN,NaN,NaN,NaN,NaN,NaN
NaN,NaN,0.0164612691005459,0.00581363566743676,0.0111790885033164,-0.00799202474687869,-0.000333656353177503,0.106580967626845,0.215533107300871,NaN,NaN,NaN,NaN,NaN,NaN,NaN,NaN,NaN
NaN,NaN,0.012171522816061,0.0181006302736932,0.00837150484342904,-0.00763339104984576,0.001953932660399,0.0982516283014168,0.217589802821749,NaN,NaN,NaN,NaN,NaN,NaN,NaN,NaN,NaN
NaN,NaN,0.0130317854782334,0.0111299788259203,0.00351937010903687,-0.0016850337657767,-9.22016624826938e-05,0.101070909372841,0.220291439225548,NaN,NaN,NaN,NaN,NaN,NaN,NaN,NaN,NaN
NaN,NaN,0.0064534629782429,0.0142261979781324,0.00555073365588517,-0.00900318029259021,0.00815879480796866,0.0984903821566453,0.219882607241743,NaN,NaN,NaN,NaN,NaN,NaN,NaN,NaN,NaN
NaN,NaN,0.0118212337692967,0.019848629613989,0.00415186852236123,-0.0108512409303027,-0.000399016571464017,0.0942176045694699,0.219772301396006,NaN,NaN,NaN,NaN,NaN,NaN,NaN,NaN,NaN
NaN,NaN,0.0165599706670037,0.0089800951682264,0.00756129145641656,-0.0103379518065291,-0.00520657820743509,0.0967093953707566,0.212296202560537,NaN,NaN,NaN,NaN,NaN,NaN,NaN,NaN,NaN
NaN,NaN,0.00890356778108981,0.0161431019805605,0.00284021243472428,-0.0103035860035258,0.00428594576078467,0.0883746730008473,0.214367221822613,NaN,NaN,NaN,NaN,NaN,NaN,NaN,NaN,NaN
NaN,NaN,0.0136966752907028,0.00963114552723709,-0.00261525168995528,-0.0018342316422301,-0.00126527695101686,0.0923295901933064,0.215908709695213,NaN,NaN,NaN,NaN,NaN,NaN,NaN,NaN,NaN
NaN,NaN,0.00838469072186854,0.0107664463721449,0.00228885084410043,-0.0103712000224429,0.00697543771821074,0.0930450508215775,0.219019997646683,NaN,NaN,NaN,NaN,NaN,NaN,NaN,NaN,NaN
NaN,NaN,0.0171014602383366,0.0155450625024969,0.00485805317778916,-0.00558891448114688,-0.000864901376189664,0.0937582762756695,0.222579587032669,NaN,NaN,NaN,NaN,NaN,NaN,NaN,NaN,NaN
NaN,NaN,0.0214268202980747,0.017360042562359,0.012504770308927,-0.00185654613111789,-0.00190824343007989,0.0941419066706051,0.215258534779423,NaN,NaN,NaN,NaN,NaN,NaN,NaN,NaN,NaN
NaN,NaN,0.0124759349127999,0.0197735463880235,0.0128299136461768,-0.00191229510043437,0.00998884366708808,0.0912698941150059,0.220470048268908,NaN,NaN,NaN,NaN,NaN,NaN,NaN,NaN,NaN
NaN,NaN,0.0188371288677445,0.0145625916920835,0.010109520405725,0.00455497649575894,0.006070173549233,0.0904421159842362,0.220270391335362,NaN,NaN,NaN,NaN,NaN,NaN,NaN,NaN,NaN
NaN,NaN,0.0151339667936554,0.0126231124304468,0.0170984071495089,-0.00647475126121814,0.00682096855598502,0.0890357816436638,0.223221063395613,NaN,NaN,NaN,NaN,NaN,NaN,NaN,NaN,NaN
NaN,NaN,0.0199568021198502,0.0223758292995626,0.0172377702595744,-0.00286170395944888,-0.00404989419621415,0.0860153721490254,0.221584208091372,NaN,NaN,NaN,NaN,NaN,NaN,NaN,NaN,NaN
NaN,NaN,0.016344704767107,0.0163411942921812,0.0225568328799758,-0.00259108024571712,-0.00228323115152307,0.0842013792910924,0.214431967368,NaN,NaN,NaN,NaN,NaN,NaN,NaN,NaN,NaN
NaN,NaN,0.00919116019213106,0.0185361725889379,0.020038480758861,-0.00503775778148944,0.00312412084895186,0.080872087351357,0.21808433510887,NaN,NaN,NaN,NaN,NaN,NaN,NaN,NaN,NaN
NaN,NaN,0.0137659656902542,0.0124464405380422,0.0127520737053904,0.000371587249295165,0.00321062208968215,0.0833305368044724,0.219884209116572,NaN,NaN,NaN,NaN,NaN,NaN,NaN,NaN,NaN
NaN,NaN,0.012996395220398,0.00671988703834359,0.0170444835724387,-0.00686156677935893,0.0019399069424253,0.0837767148235192,0.219587173094624,NaN,NaN,NaN,NaN,NaN,NaN,NaN,NaN,NaN
NaN,NaN,0.0132160755892983,0.0221159530483419,0.0156456184389147,-0.00382163676355655,-0.00206142736715265,0.0769092539170136,0.21779638879525,NaN,NaN,NaN,NaN,NaN,NaN,NaN,NaN,NaN
NaN,NaN,0.0118816952308407,0.00748018153535668,0.0138126266004595,-0.00434129613374049,-0.00462643874925561,0.0774502592006077,0.210697196205729,NaN,NaN,NaN,NaN,NaN,NaN,NaN,NaN,NaN
NaN,NaN,0.00180815636122134,0.00591367833840195,0.01132416993399,-0.0105109915408927,-0.00294553188723512,0.0674751611271252,0.211332730730646,NaN,NaN,NaN,NaN,NaN,NaN,NaN,NaN,NaN
NaN,NaN,0.015606165965437,-0.000706758568412624,-0.00214951589684157,-0.00547482746575649,-0.0093300461594481,0.0693812990405907,0.215277552386397,NaN,NaN,NaN,NaN,NaN,NaN,NaN,NaN,NaN
NaN,NaN,0.012516689588665,0.000495094587677158,0.00336706161518426,-0.012170477983697,-0.0102345838968176,0.069103411010777,0.207598369350308,NaN,NaN,NaN,NaN,NaN,NaN,NaN,NaN,NaN
NaN,NaN,0.0105733546515694,0.00711541973578278,0.00253594934959741,-0.00838046076629932,-0.0082413486961741,0.0602625707009186,0.208955343594425,NaN,NaN,NaN,NaN,NaN,NaN,NaN,NaN,NaN
NaN,NaN,0.00964333592855837,-0.00526770598662552,0.00477918878217073,-0.00769681411717708,-0.0127754181448836,0.0595624955215802,0.201634980519884,NaN,NaN,NaN,NaN,NaN,NaN,NaN,NaN,NaN
NaN,NaN,-0.000331706265569664,-0.00214118159783538,0.00851818814893098,-0.0131929211590129,-0.00737106500309892,0.0494335057058682,0.209359593471163,NaN,NaN,NaN,NaN,NaN,NaN,NaN,NaN,NaN
NaN,NaN,0.0128530087968102,-0.00133661202562507,-0.00133557721953063,-0.00611844587062175,-0.0126102015201468,0.0515722134926667,0.216397113879793,NaN,NaN,NaN,NaN,NaN,NaN,NaN,NaN,NaN
NaN,NaN,0.00808117269480135,0.00380536892043892,0.00348727673311563,-0.0118357233974772,-0.011678376031341,0.0505535142341008,0.206755541046732,NaN,NaN,NaN,NaN,NaN,NaN,NaN,NaN,NaN
NaN,NaN,0.00151071055734064,0.00671003364550415,0.00178550824542375,-0.00909411462877567,-0.00830022690934129,0.0502578751960148,0.21206782363879,NaN,NaN,NaN,NaN,NaN,NaN,NaN,NaN,NaN
NaN,NaN,0.00308058514201548,-0.00778767860902008,0.00131969794650407,-0.00586996900771434,-0.0122983388428111,0.0508378097632279,0.204149644603604,NaN,NaN,NaN,NaN,NaN,NaN,NaN,NaN,NaN
NaN,NaN,0.00177168576919939,-0.0041964801348513,0.00570382446070046,-0.00788043367598827,-0.00651789901894517,0.0502746948817124,0.219270318528288,NaN,NaN,NaN,NaN,NaN,NaN,NaN,NaN,NaN
NaN,NaN,0.0124422582885018,0.00816945337282959,-0.00584884092192321,-0.000984101769669602,-0.00661037935060449,0.0547196367600312,0.221865951796644,NaN,NaN,NaN,NaN,NaN,NaN,NaN,NaN,NaN
NaN,NaN,0.0139365281065693,0.0080657785438234,0.00490150868912072,-0.00535925033424671,-0.00252036450547166,0.0620326982655873,0.215317021837109,NaN,NaN,NaN,NaN,NaN,NaN,NaN,NaN,NaN
NaN,NaN,0.0118317204614868,0.0127007661067182,0.0047215957941565,-0.00250085371468837,0.00271962882834487,0.0628001266935219,0.218313850244158,NaN,NaN,NaN,NaN,NaN,NaN,NaN,NaN,NaN
NaN,NaN,0.0189589458605042,0.00626545750128571,0.014902516156629,0.00309170109297459,0.00137753711896949,0.0646710047343125,0.21318418138253,NaN,NaN,NaN,NaN,NaN,NaN,NaN,NaN,NaN
NaN,NaN,0.0198783102532616,0.0108090636931593,0.0173746746780428,0.00087317896153157,0.009362939017592,0.0622281642475476,0.222661059131497,NaN,NaN,NaN,NaN,NaN,NaN,NaN,NaN,NaN
NaN,NaN,0.0235545757313957,0.0185396743618185,0.00852196931858392,0.00760693919922536,0.0074880376632791,0.0572562241771569,0.220368832131498,NaN,NaN,NaN,NaN,NaN,NaN,NaN,NaN,NaN
NaN,NaN,0.0217989022930851,0.0130296533607179,0.0130152468385252,0.00331084129478162,0.00551078395801596,0.0604794384756436,0.216681018253439,NaN,NaN,NaN,NaN,NaN,NaN,NaN,NaN,NaN
NaN,NaN,0.0101551535626641,0.0128327531419927,0.0146783654393706,0.00329856646324818,0.00324889944749884,0.051672069899117,0.213489021887654,NaN,NaN,NaN,NaN,NaN,NaN,NaN,NaN,NaN
NaN,NaN,0.0189447338780155,0.00557709835993592,0.0145653773846182,0.00827374753619855,-0.00568335948628373,0.0501052686789384,0.212639990975731,NaN,NaN,NaN,NaN,NaN,NaN,NaN,NaN,NaN
NaN,NaN,0.0110143172641983,0.0146708858810598,0.0178899382056746,0.00750300359989827,0.00436475427704863,0.0483831601062169,0.214004210909479,NaN,NaN,NaN,NaN,NaN,NaN,NaN,NaN,NaN
NaN,NaN,0.015403864075779,0.0188596022926504,0.00520606979747148,0.0119565508988065,0.00312562959152274,0.0434420281865944,0.216523773749941,NaN,NaN,NaN,NaN,NaN,NaN,NaN,NaN,NaN
NaN,NaN,0.0112165260215988,0.0105260720156366,0.0117201869191679,0.00840899420048421,-0.000771228951634839,0.0516520464637627,0.207880262067192,NaN,NaN,NaN,NaN,NaN,NaN,NaN,NaN,NaN
NaN,NaN,0.000481487353681588,0.00995705254899803,0.0141368199886832,0.00149543282653516,-0.00188270656508394,0.0388612808504452,0.206633183886879,NaN,NaN,NaN,NaN,NaN,NaN,NaN,NaN,NaN
NaN,NaN,0.0102017755707493,0.00592738740670029,0.00944960385580392,0.00483591926361745,-0.0105362206522841,0.0393179455616822,0.203307207455509,NaN,NaN,NaN,NaN,NaN,NaN,NaN,NaN,NaN
NaN,NaN,0.0038381601771107,0.00564124785887543,0.00902032002826066,-0.00307369160388286,-0.00333542076987214,0.0336935767748704,0.198987416704767,NaN,NaN,NaN,NaN,NaN,NaN,NaN,NaN,NaN
NaN,NaN,0.00792953475320246,0.00967987232434098,-0.00550725042800574,-0.00122309776876743,-0.0062063529912848,0.0303973281600823,0.202776130070561,NaN,NaN,NaN,NaN,NaN,NaN,NaN,NaN,NaN
NaN,NaN,0.00498867883288767,-0.00492408520949539,0.000478676408723307,-0.00181180539463336,-0.00568771807593293,0.0360609987595429,0.192049976220005,NaN,NaN,NaN,NaN,NaN,NaN,NaN,NaN,NaN
NaN,NaN,0.00181713431084063,-0.00133271909726318,0.00169967755694718,-0.00555618780587489,-0.00554090438527055,0.0235836976983895,0.196488510599011,NaN,NaN,NaN,NaN,NaN,NaN,NaN,NaN,NaN
NaN,NaN,0.00983442469441798,-0.000220310161239468,-0.00409950047711997,0.00374679339195912,-0.00647973341983743,0.0254156464555611,0.192368674805039,NaN,NaN,NaN,NaN,NaN,NaN,NaN,NaN,NaN
NaN,NaN,0.00656406684720423,0.00129323803412262,0.000283694714501811,-0.00341265576813991,-0.000275802594842389,0.0210649544217934,0.19089249127137,NaN,NaN,NaN,NaN,NaN,NaN,NaN,NaN,NaN
NaN,NaN,0.0043075281282654,0.00629339717852417,-0.0136028464136568,0.000794277313010146,-0.00486388875287957,0.0174151198783269,0.194543629666441,NaN,NaN,NaN,NaN,NaN,NaN,NaN,NaN,NaN
NaN,NaN,0.00369192390644457,-0.00948767758382019,-0.00267766892890601,0.00144743246103947,-0.00804016439360566,0.0271732011654725,0.183019667645567,NaN,NaN,NaN,NaN,NaN,NaN,NaN,NaN,NaN
NaN,NaN,-0.0037505541840801,-0.00206427297962364,-0.000780620723768758,0.00119044330980008,-0.00641452221316285,0.0153709599593033,0.188395354678505,NaN,NaN,NaN,NaN,NaN,NaN,NaN,NaN,NaN
NaN,NaN,0.000283115645288491,-0.00677702597749885,-0.00363372743110328,0.00662133914496129,-0.00854058263939805,0.0204942399480691,0.188252787818783,NaN,NaN,NaN,NaN,NaN,NaN,NaN,NaN,NaN
NaN,NaN,-0.00175377995765302,-0.0018584879435366,0.00505808264036508,0.00121741441156094,-0.00447414888185449,0.0222856761732449,0.188926487942808,NaN,NaN,NaN,NaN,NaN,NaN,NaN,NaN,NaN
NaN,NaN,-0.00344262168800924,0.00112945564615074,-0.00126006558518081,0.00716400218273824,-0.00477751789730974,0.0243354240277161,0.194535117378109,NaN,NaN,NaN,NaN,NaN,NaN,NaN,NaN,NaN
NaN,NaN,0.00262824176752474,-0.00193800426495727,0.0109119665624651,0.00857663226391499,-0.00942502243560739,0.0361746387400975,0.188447098960751,NaN,NaN,NaN,NaN,NaN,NaN,NaN,NaN,NaN
NaN,NaN,-0.00262907416617963,0.0127972511254484,0.0153524380924258,0.00858963352705663,0.000231190788326785,0.0283621275642266,0.191316205789917,NaN,NaN,NaN,NaN,NaN,NaN,NaN,NaN,NaN
NaN,NaN,0.00640557437145617,0.0108902377687627,0.0110490013660941,0.0132729381051225,0.000556594895897433,0.0308025838652005,0.196296248366707,NaN,NaN,NaN,NaN,NaN,NaN,NaN,NaN,NaN
NaN,NaN,0.0029415200551739,0.0121201423607999,0.0145832774045023,0.00753256377841656,0.00286035166936927,0.0286470936456074,0.196762542953365,NaN,NaN,NaN,NaN,NaN,NaN,NaN,NaN,NaN
NaN,NaN,0.00414341046416667,0.01366524376499,0.00312570005674691,0.0128952681746644,-0.000416320544900373,0.0246809447028985,0.195474263062351,NaN,NaN,NaN,NaN,NaN,NaN,NaN,NaN,NaN
NaN,NaN,0.00958918883407023,0.00999663375841919,0.00971095159669252,0.0134359381821317,-0.00526744945091195,0.0322179147818436,0.185815740158432,NaN,NaN,NaN,NaN,NaN,NaN,NaN,NaN,NaN
NaN,NaN,0.00112549691402819,0.015542454799288,0.00970957323928208,0.00848251280452435,-0.000620149803580716,0.0232071826079239,0.185720074703568,NaN,NaN,NaN,NaN,NaN,NaN,NaN,NaN,NaN
NaN,NaN,0.0106622959574452,0.0135827099584276,0.00396994397063584,0.0167734816398782,0.00142360033350997,0.026576037130629,0.1912311201595,NaN,NaN,NaN,NaN,NaN,NaN,NaN,NaN,NaN
NaN,NaN,0.00747238575422671,0.00738825999724213,0.0105380219223055,0.0154642842438382,0.00572696255403571,0.0269363658347478,0.187681291034096,NaN,NaN,NaN,NaN,NaN,NaN,NaN,NaN,NaN
NaN,NaN,0.00493931873643305,0.0138520298205549,0.00567791506667466,0.0229260407116575,0.00666545631247573,0.0238841051080575,0.190013453146094,NaN,NaN,NaN,NaN,NaN,NaN,NaN,NaN,NaN
NaN,NaN,0.00895793839299586,0.0107990426622564,0.0121637572350058,0.0206841982629461,0.00370802285033278,0.0316391350546231,0.177196368356817,NaN,NaN,NaN,NaN,NaN,NaN,NaN,NaN,NaN
NaN,NaN,0.003056314875721,0.0112942641280824,0.0181594257058653,0.0137942366030378,0.00510498808580451,0.0226954581060757,0.182921543499106,NaN,NaN,NaN,NaN,NaN,NaN,NaN,NaN,NaN
NaN,NaN,0.00642472236359027,0.00846233569609467,0.00850952684898706,0.0171358033743066,0.00344661923008971,0.0226303586581101,0.189564648797386,NaN,NaN,NaN,NaN,NaN,NaN,NaN,NaN,NaN
NaN,NaN,0.00634382768475917,0.000785425087087789,0.0139872123302969,0.0119187205758256,0.000930707174120471,0.0238334039070954,0.181315645357245,NaN,NaN,NaN,NaN,NaN,NaN,NaN,NaN,NaN
NaN,NaN,4.75469132652524e-05,0.0104300154052908,0.00562238961477609,0.0169346376981897,0.00756544919568114,0.0214228616872182,0.184560354580753,NaN,NaN,NaN,NaN,NaN,NaN,NaN,NaN,NaN
NaN,NaN,0.00811166419589426,0.00574211009370629,0.0102893774213347,0.0124394230272931,-7.0371461333707e-05,0.0284564891674866,0.174732126077288,NaN,NaN,NaN,NaN,NaN,NaN,NaN,NaN,NaN
NaN,NaN,0.00605485691630748,0.00827467419730965,0.0139615264536891,0.0100778683748407,0.003875828551827,0.0200514705696454,0.179176118006581,NaN,NaN,NaN,NaN,NaN,NaN,NaN,NaN,NaN
NaN,NaN,0.00860168888175395,0.00732403599249665,0.00541958481092782,0.0130337930944127,0.000500044989166781,0.0225226418891301,0.182300817003124,NaN,NaN,NaN,NaN,NaN,NaN,NaN,NaN,NaN
NaN,NaN,0.0110122497280827,0.0039229018293554,0.00860675692577691,0.00738195029164975,0.000191274302778766,0.0247500488379349,0.172950748135918,NaN,NaN,NaN,NaN,NaN,NaN,NaN,NaN,NaN
NaN,NaN,0.00295450269186404,0.0105411221884424,-0.00337662652115493,0.00792127919460957,0.00631242917734198,0.0223498629250874,0.176107987543219,NaN,NaN,NaN,NaN,NaN,NaN,NaN,NaN,NaN
NaN,NaN,0.00824001907312777,-0.000332851181156002,0.000213081836894465,0.00906116214658444,-0.00462997777503915,0.024507644198214,0.166977468659752,NaN,NaN,NaN,NaN,NaN,NaN,NaN,NaN,NaN
NaN,NaN,-0.00151957095658872,-0.00463092348945793,0.00314937427659364,0.00345795300866788,0.000836550461826846,0.0191404135742535,0.170111778905266,NaN,NaN,NaN,NaN,NaN,NaN,NaN,NaN,NaN
NaN,NaN,0.000269834985374475,-0.00421816132438835,-0.00443354725818305,0.0102316111054582,0.00029647650080733,0.0213270472207417,0.171079944600933,NaN,NaN,NaN,NaN,NaN,NaN,NaN,NaN,NaN
NaN,NaN,0.000746336867450738,-0.00333070404303726,0.0024226073922667,0.0057014159586591,0.00317720623570494,0.0270856754699101,0.168988715638989,NaN,NaN,NaN,NaN,NaN,NaN,NaN,NaN,NaN
NaN,NaN,-0.00622794673836324,0.00280255802499596,-0.00199644371847777,0.00511434746052449,0.00529615135747008,0.0228414149799695,0.171832211097353,NaN,NaN,NaN,NaN,NaN,NaN,NaN,NaN,NaN
NaN,NaN,0.00114444001519587,-0.0020459631778067,0.00281754404325814,0.00905866620208447,-0.00204259602469392,0.0245120959201207,0.167909927447909,NaN,NaN,NaN,NaN,NaN,NaN,NaN,NaN,NaN
NaN,NaN,-0.0079019245604286,-0.00526625312340911,0.00740430772323938,0.0036116957392854,0.00475387947517447,0.0215144106963029,0.169509567102068,NaN,NaN,NaN,NaN,NaN,NaN,NaN,NaN,NaN
NaN,NaN,-0.00501083851850126,0.00285856776463334,0.00238960132022233,0.00783598867322629,0.00268746094661765,0.0193642290153851,0.169262468596571,NaN,NaN,NaN,NaN,NaN,NaN,NaN,NaN,NaN
NaN,NaN,-0.000171239385963416,-0.00461188725603279,0.00541056960840554,0.0049406558003587,0.0022433877165895,0.0252041244724145,0.169593162616366,NaN,NaN,NaN,NaN,NaN,NaN,NaN,NaN,NaN
NaN,NaN,-0.00266247139370534,0.00336058788525406,0.0013578821720633,0.0041801377859277,0.000229793804464862,0.0163125457086911,0.169671859373921,NaN,NaN,NaN,NaN,NaN,NaN,NaN,NaN,NaN
NaN,NaN,0.00446795775496867,-0.00553352407587226,0.0018987384440455,0.00469162014390652,-0.00295037476462312,0.0262035639801373,0.167626973023289,NaN,NaN,NaN,NaN,NaN,NaN,NaN,NaN,NaN
NaN,NaN,-0.00294659928476903,-0.00252438358438667,0.00488342240472169,0.000785504254357269,0.00701174067216925,0.0244157785394539,0.170449867626303,NaN,NaN,NaN,NaN,NaN,NaN,NaN,NaN,NaN
NaN,NaN,-0.000432512621046042,0.00748671941983048,0.00289208710213037,0.0115425966408414,0.013901832717238,0.0278099650361886,0.176474053194397,NaN,NaN,NaN,NaN,NaN,NaN,NaN,NaN,NaN
NaN,NaN,0.00422125040495303,0.00162642799841706,0.00645992800612779,0.0125516660239858,0.0135762795980554,0.0335549028435101,0.173338401844376,NaN,NaN,NaN,NaN,NaN,NaN,NaN,NaN,NaN
NaN,NaN,0.000422795405029321,0.00516819187032524,0.005962899774507,0.0138370029356641,0.0170877009804826,0.023658669165646,0.171850427766913,NaN,NaN,NaN,NaN,NaN,NaN,NaN,NaN,NaN
NaN,NaN,0.00878581135475543,-0.00221557564509567,0.00488228619118066,0.0167490437355203,0.00973995702224784,0.034158250860249,0.169794216533774,NaN,NaN,NaN,NaN,NaN,NaN,NaN,NaN,NaN
NaN,NaN,0.000793424536823297,-0.00032009206188377,0.00808905333299966,0.0117393478479547,0.0133818753238302,0.0334743248143544,0.168795000543469,NaN,NaN,NaN,NaN,NaN,NaN,NaN,NaN,NaN
NaN,NaN,0.00532732634746935,0.00945030130969826,0.00151397183556886,0.0200069218602342,0.0164219916041475,0.0337435329177727,0.174121662756079,NaN,NaN,NaN,NaN,NaN,NaN,NaN,NaN,NaN
NaN,NaN,0.0126030045648804,-0.000773068735725245,0.00584423065204949,0.0194791599836511,0.0135412618692499,0.0346145802953591,0.165651563336723,NaN,NaN,NaN,NaN,NaN,NaN,NaN,NaN,NaN
NaN,NaN,0.00661273776495364,-0.000628527472144924,0.00536856696029039,0.0154457322981519,0.0164390534337144,0.0277464488365998,0.164326905985945,NaN,NaN,NaN,NaN,NaN,NaN,NaN,NaN,NaN
NaN,NaN,0.0112058716913452,-0.00247304908407386,0.00467836380024285,0.0185727409746808,0.0109633982356172,0.031748397819077,0.166336774607771,NaN,NaN,NaN,NaN,NaN,NaN,NaN,NaN,NaN
NaN,NaN,0.00429819627606776,0.000640231897705235,0.0127193097772154,0.00943972614671414,0.0167640105064493,0.0319891074517121,0.165618724902743,NaN,NaN,NaN,NaN,NaN,NaN,NaN,NaN,NaN
NaN,NaN,0.00672755121195223,0.00850109734165016,0.00537029922027917,0.0157775439050359,0.0159216292377096,0.0263806642809262,0.170236985912197,NaN,NaN,NaN,NaN,NaN,NaN,NaN,NaN,NaN
NaN,NaN,0.0119999545713654,-0.0026093202031916,0.00711367920060487,0.0134716078367395,0.0130845040257555,0.0305011333742489,0.159439027091139,NaN,NaN,NaN,NaN,NaN,NaN,NaN,NaN,NaN
NaN,NaN,0.00301744147145655,-0.000334322670823894,0.0029743601383719,0.0114832341399354,0.0142154276545625,0.0280939252891888,0.160374652376049,NaN,NaN,NaN,NaN,NaN,NaN,NaN,NaN,NaN
NaN,NaN,0.00268970905744936,-0.000574827412492594,-0.000860137045189427,0.0128517009046239,0.0102291807706933,0.0332029746690144,0.160803600927466,NaN,NaN,NaN,NaN,NaN,NaN,NaN,NaN,NaN
NaN,NaN,-0.00182070479786489,-0.000971477697021327,0.00637650012989373,0.00441503596569722,0.0160044610674959,0.033231827042376,0.15881345771777,NaN,NaN,NaN,NaN,NaN,NaN,NaN,NaN,NaN
NaN,NaN,0.00104467674100306,0.00768224128114525,0.000485922098353816,0.0107863068308992,0.0184206284757238,0.0283380621888985,0.159585766275995,NaN,NaN,NaN,NaN,NaN,NaN,NaN,NaN,NaN
NaN,NaN,0.0122070807119599,-0.00121166578901466,0.00322076946516366,0.0125495612349672,0.0136699520226102,0.0366100134172787,0.151120435228222,NaN,NaN,NaN,NaN,NaN,NaN,NaN,NaN,NaN
NaN,NaN,0.00130486964189913,0.00781376265513245,0.00128335773964257,0.0097106106307668,0.0165858671243768,0.0343315141120305,0.15420361586439,NaN,NaN,NaN,NaN,NaN,NaN,NaN,NaN,NaN
NaN,NaN,0.00557962163293269,0.00565847732650582,-0.00194667384009032,0.0115854188528222,0.0138829082425218,0.0376586453833928,0.15293137334811,NaN,NaN,NaN,NaN,NaN,NaN,NaN,NaN,NaN
NaN,NaN,0.00130920960509684,-0.00164702183974441,0.00616423308868737,0.00413573232557004,0.0134857364173513,0.031163322351252,0.144433818539255,NaN,NaN,NaN,NaN,NaN,NaN,NaN,NaN,NaN
NaN,NaN,0.000771780600189232,0.00181375422107522,-0.000979290455385732,0.0087144307520551,0.0150748521264177,0.0212103338756909,0.144189495375031,NaN,NaN,NaN,NaN,NaN,NaN,NaN,NaN,NaN
NaN,NaN,0.0104017305275192,-0.00577862955105957,0.00113669306059213,0.0115331716563863,0.00552222059923224,0.027451536230122,0.13476672746765,NaN,NaN,NaN,NaN,NaN,NaN,NaN,NaN,NaN
NaN,NaN,-0.0086241652170429,-0.000304594854242167,-0.00124050781111388,0.00571117621924107,0.0119428515608888,0.0240252004781117,0.136185373892658,NaN,NaN,NaN,NaN,NaN,NaN,NaN,NaN,NaN
NaN,NaN,-0.000620509395957924,0.00138298027741257,-0.00126930430512099,0.00769733336831754,0.0100917175586801,0.0321632647731652,0.139744050582522,NaN,NaN,NaN,NaN,NaN,NaN,NaN,NaN,NaN
NaN,NaN,-0.00454091177380178,-0.00302059225214179,0.00704250752945275,0.00713103336359685,0.00941149817663245,0.0291871676066269,0.129922937383526,NaN,NaN,NaN,NaN,NaN,NaN,NaN,NaN,NaN
NaN,NaN,-0.00214417175448034,0.00266248710977379,0.00204195722956987,0.0122472725536985,0.0129943147476297,0.0252093585052838,0.133598308791989,NaN,NaN,NaN,NaN,NaN,NaN,NaN,NaN,NaN
NaN,NaN,0.00420713155472186,-1.89639104064554e-06,0.000789626389935924,0.016615212681548,0.00176483692484908,0.0345712365427365,0.131310757031315,NaN,NaN,NaN,NaN,NaN,NaN,NaN,NaN,NaN
NaN,NaN,-0.00649735973274801,-0.00114647320879158,-0.00215588614325194,0.00555195731188481,0.0147568799729925,0.0297566527345528,0.132524214466684,NaN,NaN,NaN,NaN,NaN,NaN,NaN,NaN,NaN
NaN,NaN,-0.00183055819070432,0.00178285293804947,-0.00140436470489173,0.00737753582264607,0.00697527008014731,0.0352111669102063,0.13713424258458,NaN,NaN,NaN,NaN,NaN,NaN,NaN,NaN,NaN
NaN,NaN,0.00280955164635088,-0.00628824926388916,0.00381642475743623,0.00886612457300847,0.0109426856215578,0.0321640843370309,0.125219106455916,NaN,NaN,NaN,NaN,NaN,NaN,NaN,NaN,NaN
NaN,NaN,0.00694000451767352,0.00421349309908692,-0.00466388195733695,0.0138808309760255,0.0159773968334775,0.0323263766088833,0.12873635791766,NaN,NaN,NaN,NaN,NaN,NaN,NaN,NaN,NaN
NaN,NaN,0.0105320598086109,-0.00195419065130409,-0.00455329671482711,0.0169528729942006,0.0140501551504713,0.0355989696302762,0.127992138048285,NaN,NaN,NaN,NaN,NaN,NaN,NaN,NaN,NaN
NaN,NaN,0.00880434467399027,-0.0024288857675856,-0.00299007177333503,0.00622357127334302,0.0244862578983884,0.033720994911467,0.133677508463734,NaN,NaN,NaN,NaN,NaN,NaN,NaN,NaN,NaN
NaN,NaN,0.00778562678897288,0.00384027489053551,0.00138606399317117,0.014563918831603,0.0187118716712575,0.033826327494656,0.133185267230147,NaN,NaN,NaN,NaN,NaN,NaN,NaN,NaN,NaN
NaN,NaN,0.0103043141862145,-0.0047801772452658,0.00831624016185136,0.016052153679387,0.0165815457876306,0.0325182476857056,0.123241666486138,NaN,NaN,NaN,NaN,NaN,NaN,NaN,NaN,NaN
NaN,NaN,0.00207479401433375,0.00553246938216034,-0.00131315097193389,0.0147357105937166,0.017289108800469,0.0279030972936501,0.127109709908837,NaN,NaN,NaN,NaN,NaN,NaN,NaN,NaN,NaN
NaN,NaN,0.0048658187588444,-0.00509678966773208,-0.00667531520108848,0.0162249326434297,0.0142424918885808,0.0326543325403084,0.130079529961222,NaN,NaN,NaN,NaN,NaN,NaN,NaN,NaN,NaN
NaN,NaN,-0.00445953280723188,-0.00608505330455955,-0.00207433953861861,0.00624726411964124,0.0180310003634077,0.0335547165789952,0.135145216961973,NaN,NaN,NaN,NaN,NaN,NaN,NaN,NaN,NaN
NaN,NaN,-0.00228146732843015,-0.000288203576928936,0.0019234371187243,0.0186310231414003,0.0146264948125463,0.0328051695444932,0.135020196219557,NaN,NaN,NaN,NaN,NaN,NaN,NaN,NaN,NaN
NaN,NaN,0.00571840732300188,-0.00158447421563324,0.0101750482620749,0.0230266980555219,0.0146677524026018,0.0399648049691071,0.129642385771149,NaN,NaN,NaN,NaN,NaN,NaN,NaN,NaN,NaN
NaN,NaN,-0.00105472923314664,0.0112232973478967,0.00521340861935945,0.0162938132610482,0.0186831310566049,0.0364680239775529,0.134587336113327,NaN,NaN,NaN,NaN,NaN,NaN,NaN,NaN,NaN
NaN,NaN,0.0139144371350994,0.00282515191065613,0.000650766194060756,0.0151764310624761,0.0141417227860074,0.0418559858420243,0.136442772825831,NaN,NaN,NaN,NaN,NaN,NaN,NaN,NaN,NaN
NaN,NaN,0.00469885124766734,0.00438006945478264,0.00624252006430955,0.0043116591599149,0.0202701978560071,0.0393757993200173,0.132934257169836,NaN,NaN,NaN,NaN,NaN,NaN,NaN,NaN,NaN
NaN,NaN,0.00867030872905161,0.0106139702402288,0.00641948997993798,0.0134207948770685,0.0162814736540895,0.0351120369353642,0.128960694899433,NaN,NaN,NaN,NaN,NaN,NaN,NaN,NaN,NaN
NaN,NaN,0.0145552056928864,0.00584863476979081,0.00846238330026002,0.0171145505931539,0.0149736918683629,0.0383635634401192,0.125067338129156,NaN,NaN,NaN,NaN,NaN,NaN,NaN,NaN,NaN
NaN,NaN,0.010128666748642,0.00830732636677567,0.00177831843514772,0.00916222927238171,0.0181522585626226,0.0323878625252595,0.124685477247112,NaN,NaN,NaN,NaN,NaN,NaN,NaN,NaN,NaN
NaN,NaN,0.0173131312330952,0.00199707575666253,-0.00170169875006347,0.0116427696969671,0.0143843881960493,0.0345435762622704,0.124291956206434,NaN,NaN,NaN,NaN,NaN,NaN,NaN,NaN,NaN
NaN,NaN,0.00914172558987048,0.00210568659531418,0.00512735441346498,0.00714965981508916,0.0177739925857168,0.0308421650746216,0.117448076387518,NaN,NaN,NaN,NaN,NaN,NaN,NaN,NaN,NaN
NaN,NaN,0.00830971925461199,0.0109662895702058,0.00710296899099679,0.0211936317112607,0.0180203274067026,0.0281182514348378,0.120449468275183,NaN,NaN,NaN,NaN,NaN,NaN,NaN,NaN,NaN
NaN,NaN,0.00874326853954699,0.00301180758106057,0.00840823620577188,0.0217299990084333,0.0171431519265752,0.0353341014900555,0.119499407490366,NaN,NaN,NaN,NaN,NaN,NaN,NaN,NaN,NaN
NaN,NaN,0.00677747010195162,0.00259448193537537,0.0026967887582335,0.0137445598569078,0.0212827317591291,0.0304448442378392,0.121336087366217,NaN,NaN,NaN,NaN,NaN,NaN,NaN,NaN,NaN
NaN,NaN,0.011734341373085,-0.00365983344090637,-0.00213001400212912,0.0157210871305627,0.0163277790124994,0.0316806720414509,0.118635773440474,NaN,NaN,NaN,NaN,NaN,NaN,NaN,NaN,NaN
NaN,NaN,0.008564007570385,0.0035993044875795,0.010357568860248,0.0120670430090589,0.0172375880356412,0.0329250307598462,0.11439909391629,NaN,NaN,NaN,NaN,NaN,NaN,NaN,NaN,NaN
NaN,NaN,0.00739357723796275,0.0136555766366655,0.00902968913336129,0.0220409303631944,0.0179376259620767,0.0328153209605565,0.123286165078753,NaN,NaN,NaN,NaN,NaN,NaN,NaN,NaN,NaN
NaN,NaN,0.0179282697936287,0.00341844164358918,0.0084595148267302,0.0177008181538743,0.0176660336728673,0.042888375542437,0.121270689895027,NaN,NaN,NaN,NaN,NaN,NaN,NaN,NaN,NaN
NaN,NaN,0.0119303475221386,0.00445532031881157,0.00683528825660081,0.0120249286022348,0.0215931601996999,0.0381050096669545,0.125929444810026,NaN,NaN,NaN,NaN,NaN,NaN,NaN,NaN,NaN
NaN,NaN,0.0193087878724327,0.0030928512715036,-0.00128208205084472,0.0137765042212171,0.0182696983392816,0.0372236246087899,0.122411057134741,NaN,NaN,NaN,NaN,NaN,NaN,NaN,NaN,NaN
NaN,NaN,0.0132515962322941,0.00791577972995583,0.00900031521935792,0.0110610469904107,0.0208270169969182,0.0363106863417973,0.114705331405276,NaN,NaN,NaN,NaN,NaN,NaN,NaN,NaN,NaN
NaN,NaN,0.00575213982665446,0.0129652058385545,0.00459448888917298,0.0123464397814435,0.0193206027324777,0.0343504944661011,0.120504714330309,NaN,NaN,NaN,NaN,NaN,NaN,NaN,NaN,NaN
NaN,NaN,0.0193414400418987,-0.000667158732539975,0.00041974231620164,0.00861008537079518,0.0174569331284147,0.0397503213801732,0.116248607417219,NaN,NaN,NaN,NaN,NaN,NaN,NaN,NaN,NaN
NaN,NaN,0.010401153107523,-0.00201455898059066,0.00205846026559205,0.00645381284023946,0.0225311882968526,0.036248548499619,0.118175979485386,NaN,NaN,NaN,NaN,NaN,NaN,NaN,NaN,NaN
NaN,NaN,0.0181342224677792,0.00367181726323906,-0.00440897896866469,0.0152029551294011,0.0209907807584386,0.0390661345639577,0.117978967507952,NaN,NaN,NaN,NaN,NaN,NaN,NaN,NaN,NaN
NaN,NaN,0.0103646452625981,0.00393145137059037,0.00835928589125009,0.0153732754018468,0.0255362682219129,0.0412965217450013,0.113722227295511,NaN,NaN,NaN,NaN,NaN,NaN,NaN,NaN,NaN
NaN,NaN,0.0106491270562401,0.00640867628681008,0.00612318038959832,0.0120469078149957,0.025326515751658,0.0403928221979489,0.123230024953955,NaN,NaN,NaN,NaN,NaN,NaN,NaN,NaN,NaN
NaN,NaN,0.0208662944933167,-0.00130317754519638,0.0101838958265337,0.016810287508027,0.0187535576696973,0.0473670685508599,0.118103429456824,NaN,NaN,NaN,NaN,NaN,NaN,NaN,NaN,NaN
NaN,NaN,0.0151892687281361,0.00422934420930687,0.0133596685530695,0.0119158334758443,0.0255162634130102,0.0393652008691182,0.120026442935341,NaN,NaN,NaN,NaN,NaN,NaN,NaN,NaN,NaN
NaN,NaN,0.0192854489287129,0.0119113770924741,0.00426750153322549,0.021047637584464,0.0240092903550249,0.0385931717076649,0.121470998754376,NaN,NaN,NaN,NaN,NaN,NaN,NaN,NaN,NaN
NaN,NaN,0.0121461163362255,0.00913352124916855,0.0108645063640627,0.015738540115611,0.0251855693932157,0.0420623669245591,0.117952294429415,NaN,NaN,NaN,NaN,NaN,NaN,NaN,NaN,NaN
NaN,NaN,0.0153693865140667,0.0125440058909589,0.00463531807084413,0.0104290514912767,0.0220873758371454,0.0371257053532948,0.12348584063875,NaN,NaN,NaN,NaN,NaN,NaN,NaN,NaN,NaN
NaN,NaN,0.0233242224057904,0.00361716725456063,0.00641064241547914,0.0156965747203988,0.0126973904843908,0.0414527790465703,0.114271558602923,NaN,NaN,NaN,NaN,NaN,NaN,NaN,NaN,NaN
NaN,NaN,0.013248336603283,0.0131634099088842,0.00605122640748353,0.00864899602796262,0.0218267359014135,0.031604135952269,0.114064693232649,NaN,NaN,NaN,NaN,NaN,NaN,NaN,NaN,NaN
NaN,NaN,0.0164982612332096,0.0176052411698038,-0.00280004471521048,0.0163518905368013,0.0198349908168893,0.0333593623557438,0.115776855280274,NaN,NaN,NaN,NaN,NaN,NaN,NaN,NaN,NaN
NaN,NaN,0.0143351900478592,0.00987338252889458,0.00647896423955293,0.0113234936919374,0.024707651900826,0.0423652889051785,0.113527506371611,NaN,NaN,NaN,NaN,NaN,NaN,NaN,NaN,NaN
NaN,NaN,0.0176228332420578,0.0140858849190408,0.00639300316591592,0.0133675418522519,0.0232239246543031,0.0411229604699959,0.118791844477528,NaN,NaN,NaN,NaN,NaN,NaN,NaN,NaN,NaN
NaN,NaN,0.0218091654678574,0.00819575392233673,0.00731309399028154,0.0228277489271325,0.0181450687523466,0.0429314957776417,0.109616510351771,NaN,NaN,NaN,NaN,NaN,NaN,NaN,NaN,NaN
NaN,NaN,0.0137509155174484,0.0104744581185514,0.00685482740421624,0.0143972679701013,0.0279659770603757,0.0330017717399945,0.108256742139929,NaN,NaN,NaN,NaN,NaN,NaN,NaN,NaN,NaN
NaN,NaN,0.0135306763550034,0.0148952228628332,-0.000581019669577169,0.0204121589389009,0.0221993021841627,0.03161026405481,0.111726160874241,NaN,NaN,NaN,NaN,NaN,NaN,NaN,NaN,NaN
NaN,NaN,0.0189357745548477,0.00566851698386017,0.00649338111300797,0.0164071365919275,0.0220983654435258,0.0397240767100205,0.109026461621397,NaN,NaN,NaN,NaN,NaN,NaN,NaN,NaN,NaN
NaN,NaN,0.0173142674466362,0.0100454909406835,0.0106575664879832,0.0185477815296811,0.0212981358345132,0.0364951068380227,0.114966530134552,NaN,NaN,NaN,NaN,NaN,NaN,NaN,NaN,NaN
NaN,NaN,0.0181354890664807,0.0102059578202898,0.00646577671189637,0.0262010551717443,0.0204842716630083,0.0373034575798859,0.113461140324944,NaN,NaN,NaN,NaN,NaN,NaN,NaN,NaN,NaN
NaN,NaN,0.0138145621021977,0.0126498972676927,0.00988469913621278,0.0169262371685666,0.0284038663085084,0.0324939587929597,0.112768888255232,NaN,NaN,NaN,NaN,NaN,NaN,NaN,NaN,NaN
NaN,NaN,0.0168540637096157,0.0183039566181833,0.00385125622172685,0.0206586613979501,0.0230721377010923,0.0313662202873578,0.118122707834118,NaN,NaN,NaN,NaN,NaN,NaN,NaN,NaN,NaN
NaN,NaN,0.0238884548743954,0.0121864711545641,0.0154465761782679,0.0187312148239774,0.0163352854724508,0.0400542864420762,0.109105959316366,NaN,NaN,NaN,NaN,NaN,NaN,NaN,NaN,NaN
NaN,NaN,0.0144359591504326,0.018336105873459,0.0134279344977889,0.0168438337471647,0.0147743888373952,0.0371341058829178,0.111366968383663,NaN,NaN,NaN,NaN,NaN,NaN,NaN,NaN,NaN
NaN,NaN,0.0144057097932091,0.0108053942822153,0.00237896561642022,0.0173296674814386,0.0119294405158143,0.0338722975769391,0.110691778143519,NaN,NaN,NaN,NaN,NaN,NaN,NaN,NaN,NaN
NaN,NaN,0.00735341860854533,0.0105055270396406,0.00486120104809136,0.00656333637501424,0.0181153595622163,0.0318482914784302,0.104081231882446,NaN,NaN,NaN,NaN,NaN,NaN,NaN,NaN,NaN
NaN,NaN,0.0143843080004444,0.0139332597755129,-0.00323579192142157,0.0121461681749982,0.0155404575343709,0.0272572250881543,0.108267601361149,NaN,NaN,NaN,NaN,NaN,NaN,NaN,NaN,NaN
NaN,NaN,0.0215238454838982,0.00743789949046914,0.00603954762239785,0.00997745317484562,0.010956655460177,0.0353580551066746,0.0977941153250868,NaN,NaN,NaN,NaN,NaN,NaN,NaN,NaN,NaN
NaN,NaN,0.00627077474200632,0.0147978065215284,0.00767463341374726,0.00770388987924283,0.0147850431676488,0.0288396911540379,0.10268795468437,NaN,NaN,NaN,NaN,NaN,NaN,NaN,NaN,NaN
NaN,NaN,0.0125466222962132,0.00871545054542366,-0.00504322826842933,0.00862673741842931,0.0113799229438882,0.0271735736945023,0.100553679993027,NaN,NaN,NaN,NaN,NaN,NaN,NaN,NaN,NaN
NaN,NaN,0.00271889670693781,0.000795036336057819,-0.00197122350315719,-0.000861185816271851,0.0133868299599271,0.0246345834651341,0.0960998346708948,NaN,NaN,NaN,NaN,NaN,NaN,NaN,NaN,NaN
NaN,NaN,0.00379893287026789,0.00408877037989441,-0.00703847512583404,0.00180576813484853,0.00860409738379531,0.0167166279473652,0.0976418440841371,NaN,NaN,NaN,NaN,NaN,NaN,NaN,NaN,NaN
NaN,NaN,0.00458152322971728,-0.00372804350627121,-3.9269327923345e-05,0.00302302536632245,-0.00144926903885789,0.0218753168204178,0.089018411716097,NaN,NaN,NaN,NaN,NaN,NaN,NaN,NaN,NaN
NaN,NaN,-0.00623953239119146,0.000736921807401814,-0.00252744659762053,-0.00186503979299838,0.0033969983633142,0.0110095390894761,0.0928386596642667,NaN,NaN,NaN,NaN,NaN,NaN,NaN,NaN,NaN
NaN,NaN,-0.000253922204137779,-0.00508365801943,-0.00996182218174605,0.00131857466961568,-0.00167341975611635,0.0135743828335156,0.0906628107331926,NaN,NaN,NaN,NaN,NaN,NaN,NaN,NaN,NaN
NaN,NaN,-0.0035982084373245,-0.0052803347207373,-0.0029654289780107,-0.00318287986253078,0.00199651272851042,0.0161378482201447,0.0888474581443006,NaN,NaN,NaN,NaN,NaN,NaN,NaN,NaN,NaN
NaN,NaN,0.000498456050991081,0.00374047436343972,-0.00398852407912879,0.00154555660750096,0.00302450658637099,0.014023913613831,0.0960600485705072,NaN,NaN,NaN,NaN,NaN,NaN,NaN,NaN,NaN
NaN,NaN,-0.000845312039018608,0.00382835396158043,0.00573573157210679,0.00712758747007077,0.00105187224107794,0.0256513641991963,0.0940045078896219,NaN,NaN,NaN,NaN,NaN,NaN,NaN,NaN,NaN
NaN,NaN,-0.00416871802008245,0.0064868515037233,0.00467443361897798,0.00105875429774945,0.0100562341685873,0.018181393466269,0.0969248933397466,NaN,NaN,NaN,NaN,NaN,NaN,NaN,NaN,NaN
NaN,NaN,0.0028458359738579,0.00340152882563416,-0.00730583921055465,0.00575483662153905,0.00563949273782782,0.0204790593901028,0.0947952752612764,NaN,NaN,NaN,NaN,NaN,NaN,NaN,NaN,NaN
NaN,NaN,0.00680499999725726,0.00202579774486367,0.00303128257413239,0.00110822615291302,0.00560084285098128,0.0229073153653493,0.0906084214948351,NaN,NaN,NaN,NaN,NaN,NaN,NaN,NaN,NaN
NaN,NaN,0.00703354655706789,0.0135749241017038,-0.00238908931593566,0.0062214292314214,0.00718522744136862,0.0210988545635094,0.100710831364268,NaN,NaN,NaN,NaN,NaN,NaN,NaN,NaN,NaN
NaN,NaN,0.0114441040059319,0.00594759710656945,-0.000541643351122426,0.00983598527576154,0.00133491979795508,0.0299441279688229,0.0951432173751527,NaN,NaN,NaN,NaN,NaN,NaN,NaN,NaN,NaN
NaN,NaN,0.00499808519089129,0.00574831270205323,0.00250791654010148,0.00618546155358975,0.0118246853526216,0.024608133904015,0.0991194618545705,NaN,NaN,NaN,NaN,NaN,NaN,NaN,NaN,NaN
NaN,NaN,0.0146355043252697,0.0102856604062254,-0.000145887136265325,0.0153710216012162,0.00991113411146216,0.0238385820606103,0.0981563625537092,NaN,NaN,NaN,NaN,NaN,NaN,NaN,NaN,NaN
NaN,NaN,0.0188938464125386,0.0120668707095319,0.0070445750655684,0.0144560344245595,0.010957866179524,0.0254370482483258,0.091608922710293,NaN,NaN,NaN,NaN,NaN,NaN,NaN,NaN,NaN
NaN,NaN,0.0131830881437054,0.0238071044586832,0.00501993566770883,0.0150677829709214,0.0152512259955984,0.0227221311846127,0.103377822568291,NaN,NaN,NaN,NaN,NaN,NaN,NaN,NaN,NaN
NaN,NaN,0.0181001919409027,0.0111091544531519,0.0068391811849627,0.0143515214052362,0.00445438476162963,0.0316442945816865,0.0960287561320001,NaN,NaN,NaN,NaN,NaN,NaN,NaN,NaN,NaN
NaN,NaN,0.00726317345106509,0.00598989777790848,0.00751740753670068,0.00412293595339482,0.0115975916560274,0.0246474543431153,0.0992928182386095,NaN,NaN,NaN,NaN,NaN,NaN,NaN,NaN,NaN
NaN,NaN,0.013743595322012,0.0102723238669569,0.00378664106150003,0.0132604770090741,0.00304851608234458,0.0215906115093579,0.100336495568627,NaN,NaN,NaN,NaN,NaN,NaN,NaN,NaN,NaN
NaN,NaN,0.0132840248843422,0.00712067239510361,0.0111909349264655,0.0106817751851243,0.00607957990723662,0.0259576948204388,0.0926600692473585,NaN,NaN,NaN,NaN,NaN,NaN,NaN,NaN,NaN
NaN,NaN,0.00703865020477679,0.012255593916052,0.0030584026875052,0.00479529497291272,0.00822747053462081,0.020631125740086,0.0986841244302923,NaN,NaN,NaN,NaN,NaN,NaN,NaN,NaN,NaN
NaN,NaN,0.0107153068383923,0.00249691658245865,0.00492911309023233,0.00586801094080632,-0.00132400615257211,0.0269211480238785,0.0919807066820795,NaN,NaN,NaN,NaN,NaN,NaN,NaN,NaN,NaN
NaN,NaN,0.00245764209830668,0.00483725570666138,0.00740089908261628,-0.00847851040695483,0.00644832776742987,0.0160322362401833,0.0883407814108068,NaN,NaN,NaN,NaN,NaN,NaN,NaN,NaN,NaN
NaN,NaN,0.00816620244586375,0.0127162819408113,-0.00433795630912452,0.00520706993605321,-0.00162238327902742,0.0125430920937409,0.0867154000006849,NaN,NaN,NaN,NaN,NaN,NaN,NaN,NaN,NaN
NaN,NaN,0.0045180070301285,0.00030864380823914,-0.0022795099018064,-0.00329758155082042,-0.00400379372877069,0.0134627545097222,0.079897187431925,NaN,NaN,NaN,NaN,NaN,NaN,NaN,NaN,NaN
NaN,NaN,-0.00411334157979582,0.00510998420941178,-0.00819689139704375,-0.0136339210245448,-0.00538459120434709,0.00428244712141653,0.0799554323457414,NaN,NaN,NaN,NaN,NaN,NaN,NaN,NaN,NaN
NaN,NaN,0.000492923994897865,-0.00603874794614967,-0.0158624771235433,-0.010180744555934,-0.0159079961304087,0.0106474222460141,0.0724617873929674,NaN,NaN,NaN,NaN,NaN,NaN,NaN,NaN,NaN
NaN,NaN,-0.00713304326927755,-0.00771147779596504,-0.00716753780822425,-0.0201846204969722,-0.0093818835739512,-0.000214909591401616,0.0662630906008417,NaN,NaN,NaN,NaN,NaN,NaN,NaN,NaN,NaN
NaN,NaN,-0.00637407125032041,0.000604394605034031,-0.0163711468873468,-0.00085963982079799,-0.00733094362658449,0.00122361125734945,0.0742455122672254,NaN,NaN,NaN,NaN,NaN,NaN,NaN,NaN,NaN
NaN,NaN,-0.00359617815411184,-0.0148362817562884,-0.0104400749502626,-0.00452471080158527,-0.0109759352926631,0.00717032941368719,0.0687987653218443,NaN,NaN,NaN,NaN,NaN,NaN,NaN,NaN,NaN
NaN,NaN,-0.0136897777119884,-0.00810775555146393,-0.0110304775832143,-0.00570333677266414,-0.00710418520611711,-0.0019871605715404,0.0725897883676225,NaN,NaN,NaN,NaN,NaN,NaN,NaN,NaN,NaN
NaN,NaN,-0.00740141318237875,-0.0122222828067606,-0.0110360841451135,-0.00611671361063297,-0.0137912489299197,0.00376185642865797,0.0634618213080103,NaN,NaN,NaN,NaN,NaN,NaN,NaN,NaN,NaN
NaN,NaN,-0.00979899139201734,-0.0118583591975039,-0.00680910900215773,-0.00999693873260791,-0.00915439872187562,-0.00070761648627619,0.064721900751465,NaN,NaN,NaN,NaN,NaN,NaN,NaN,NaN,NaN
NaN,NaN,-0.0094212469557533,-0.00596865660918411,-0.0126125524936166,-0.0010223791274863,-0.0106021024112124,-0.000763812490428488,0.0752524768613512,NaN,NaN,NaN,NaN,NaN,NaN,NaN,NaN,NaN
NaN,NaN,-0.00145143539702985,-0.0139190221525496,-0.00758953869323401,-0.00774947109554584,-0.0159169182006735,0.00841591747788092,0.069974168916815,NaN,NaN,NaN,NaN,NaN,NaN,NaN,NaN,NaN
NaN,NaN,-0.00862921298539732,-0.00525384790671524,-0.0101299259064641,-0.0132085860047179,-0.00890297887963243,0.00248164179114004,0.0723826063476736,NaN,NaN,NaN,NaN,NaN,NaN,NaN,NaN,NaN
NaN,NaN,0.0010155077179661,-0.00788926727545913,-0.00864372134189277,-0.00788397270177181,-0.0118277601723094,0.00549273806003233,0.066902927836054,NaN,NaN,NaN,NaN,NaN,NaN,NaN,NaN,NaN
NaN,NaN,-0.00145765663182829,-0.00536108038795646,0.000513079464629604,-0.0080547400090533,-0.00698058007401414,0.00833317878035208,0.0691692268155748,NaN,NaN,NaN,NaN,NaN,NaN,NaN,NaN,NaN
NaN,NaN,0.00300624697410967,0.00277480461227242,-0.00797160446624427,-0.000944222537024567,-0.0046293817285914,0.00469368191746374,0.0749481392704183,NaN,NaN,NaN,NaN,NaN,NaN,NaN,NaN,NaN
NaN,NaN,0.0157606351276627,-0.00494723788870033,-0.0020302879808393,-0.00186386632655437,-0.00943375824135728,0.0134770037451138,0.0672508885763818,NaN,NaN,NaN,NaN,NaN,NaN,NaN,NaN,NaN
NaN,NaN,0.000428048064350151,0.00141237281786744,-0.00674432620386748,-0.00949946346615131,-0.000271034223260358,0.00620275976446768,0.0692920496367151,NaN,NaN,NaN,NaN,NaN,NaN,NaN,NaN,NaN
NaN,NaN,0.00695250286662485,-0.0025536084867781,-0.0087112236021009,0.00161680278445905,-0.00586420370382257,0.00858668478516241,0.0695047823392088,NaN,NaN,NaN,NaN,NaN,NaN,NaN,NaN,NaN
NaN,NaN,-0.00164287806546781,-0.00868433735740837,-0.000505135506197499,-0.00020767676566417,-0.00520110203069635,0.0115136826255669,0.071715518613928,NaN,NaN,NaN,NaN,NaN,NaN,NaN,NaN,NaN
NaN,NaN,-0.000382742742658592,0.00199601404892746,-0.00803865969161658,0.0055931590225858,-0.0029509149317164,0.00784283744481703,0.0775442568265134,NaN,NaN,NaN,NaN,NaN,NaN,NaN,NaN,NaN
NaN,NaN,0.0141748535534134,-0.00425275064480957,-0.00139551714043288,0.00600474772121136,-0.00631023271125741,0.0143054338016858,0.0715621111594373,NaN,NaN,NaN,NaN,NaN,NaN,NaN,NaN,NaN
NaN,NaN,-0.00201151416695211,-0.000843346337205731,0.000770627409413767,-0.00151689278815563,0.00246312396484427,0.00472264604953428,0.0757494119607145,NaN,NaN,NaN,NaN,NaN,NaN,NaN,NaN,NaN
NaN,NaN,0.00417082860076334,0.00459846459852997,0.000293305963471842,0.00820712071921056,-0.00568201838177629,0.00837218256977697,0.0786297319136793,NaN,NaN,NaN,NaN,NaN,NaN,NaN,NaN,NaN
NaN,NaN,-0.0011035305360565,-0.00120501614583191,0.0056453746559176,-0.000454328236325333,-0.00720638854545541,0.00911694260624548,0.0726998893223936,NaN,NaN,NaN,NaN,NaN,NaN,NaN,NaN,NaN
NaN,NaN,0.00117811663949397,0.00868138276564423,-0.00460984662155776,0.000538871410147598,-0.00548115072888322,0.00337699668792387,0.0761813966237241,NaN,NaN,NaN,NaN,NaN,NaN,NaN,NaN,NaN
NaN,NaN,0.0131953443487873,0.00129497029411141,-0.00412332370857863,-1.59360740023355e-05,-0.0125161938194651,0.00781325863984724,0.0699409020744497,NaN,NaN,NaN,NaN,NaN,NaN,NaN,NaN,NaN
NaN,NaN,-0.00219572977221105,0.00628225856053177,-0.00689795717577605,-0.00691480117772395,-0.00509595571202226,0.00171236934450765,0.0728997138940031,NaN,NaN,NaN,NaN,NaN,NaN,NaN,NaN,NaN
NaN,NaN,0.000945509513258003,0.0063730252586538,-0.00884602323155074,-0.00149880650375659,-0.00882156266015954,0.00205742435840269,0.0718695593677694,NaN,NaN,NaN,NaN,NaN,NaN,NaN,NaN,NaN
NaN,NaN,-0.00369322196638677,0.0024793704651529,-0.00625547498445182,-0.0037522532317477,-0.0105331659142394,0.00449281426457067,0.0590438505314523,NaN,NaN,NaN,NaN,NaN,NaN,NaN,NaN,NaN
NaN,NaN,0.00127074598276522,0.0117155572079355,-0.0113350945709196,-0.00197799059484775,-0.00309651790303178,-0.00237885621997217,0.0632623506389791,NaN,NaN,NaN,NaN,NaN,NaN,NaN,NaN,NaN
NaN,NaN,0.00645793332660105,-0.00114285967720207,-0.00994602695088057,0.00524551493193333,-0.0102279156271834,0.00340506675032278,0.0623659154080087,NaN,NaN,NaN,NaN,NaN,NaN,NaN,NaN,NaN
NaN,NaN,-0.00785230369365308,-0.000576261649257504,-0.0094734366236177,-0.00494844394658382,-0.00175390465301462,-0.00178146866771082,0.0627055501245195,NaN,NaN,NaN,NaN,NaN,NaN,NaN,NaN,NaN
NaN,NaN,-0.00603484631574247,-0.00261569044960197,-0.0130747865138498,-0.00101738723848636,-0.00827508119982667,-0.00343044979187349,0.0640205403469736,NaN,NaN,NaN,NaN,NaN,NaN,NaN,NaN,NaN
NaN,NaN,-0.00271743805205915,-0.0144387560285395,-0.00583008408527045,-0.00269555601213748,-0.008595214021625,0.000316428563868006,0.0540801433526212,NaN,NaN,NaN,NaN,NaN,NaN,NaN,NaN,NaN
NaN,NaN,-0.003106525997282,0.000701661934726872,-0.00840705364923148,0.000910450490967681,-0.00225639043492265,-0.00652886686536173,0.0613433045946294,NaN,NaN,NaN,NaN,NaN,NaN,NaN,NaN,NaN
NaN,NaN,0.00409574537479784,-0.00547164700401481,-0.00443121895174651,0.0093586824562711,-0.00911794675630517,-0.000291184910262625,0.0613740196131403,NaN,NaN,NaN,NaN,NaN,NaN,NaN,NaN,NaN
NaN,NaN,-0.00709715009725187,-0.00462522379530128,0.00106708601136537,-0.00503798129890735,0.000542550551472232,-0.00150881467076639,0.0607592908345396,NaN,NaN,NaN,NaN,NaN,NaN,NaN,NaN,NaN
NaN,NaN,-0.00500199095404241,0.00250136830436531,-0.00236340343932776,0.00401922387148564,-0.00552438272279687,-0.00558189807149271,0.062718849410885,NaN,NaN,NaN,NaN,NaN,NaN,NaN,NaN,NaN
NaN,NaN,0.0042566779156914,-0.00453177488816436,0.00409274816532464,0.00027895790602391,-0.00733926965040155,-6.56930884967242e-05,0.0555356328986818,NaN,NaN,NaN,NaN,NaN,NaN,NaN,NaN,NaN
NaN,NaN,-0.0021815736690769,0.00868045144306961,0.0026081454755816,0.00380019542838757,-0.00213418228668161,-0.00525429604264597,0.0653024499915773,NaN,NaN,NaN,NaN,NaN,NaN,NaN,NaN,NaN
NaN,NaN,0.00428590281808283,0.00214441098796669,-0.00259597331266074,0.00531540137793248,-0.0110259845678229,0.00485310571578642,0.0619034392439062,NaN,NaN,NaN,NaN,NaN,NaN,NaN,NaN,NaN
NaN,NaN,-0.00941528649127576,0.00230100356566254,-0.00228064611534743,-0.0116248533401328,-0.00509364603203721,0.0034754933634152,0.061851788093918,NaN,NaN,NaN,NaN,NaN,NaN,NaN,NaN,NaN
NaN,NaN,-0.00573486731445882,0.000667594154947437,-0.0103419321773496,-0.0024312652919131,-0.00800063906353898,-0.00139286501022677,0.063725292464369,NaN,NaN,NaN,NaN,NaN,NaN,NaN,NaN,NaN
NaN,NaN,0.00121982126438525,-0.0046937132574385,-0.00209138274173407,0.00181087178255742,-0.00641016362351365,0.00715887414601942,0.0600900238059694,NaN,NaN,NaN,NaN,NaN,NaN,NaN,NaN,NaN
NaN,NaN,-0.00315605373180005,0.00724265702592675,-0.00483448162655501,0.00147431043054288,-0.00168070269864984,1.18860819687452e-05,0.0686229502462083,NaN,NaN,NaN,NaN,NaN,NaN,NaN,NaN,NaN
NaN,NaN,0.00714286520087626,-0.00162547103536781,-0.0061009871957746,0.000768107148663452,-0.00596217883867212,0.00710277127412458,0.0638754589163,NaN,NaN,NaN,NaN,NaN,NaN,NaN,NaN,NaN
NaN,NaN,-0.007502517561079,-7.2323004133068e-05,-0.0010173815486875,-0.00998065921400363,-0.00254413185757585,-0.000299678572143117,0.060325871934765,NaN,NaN,NaN,NaN,NaN,NaN,NaN,NaN,NaN
NaN,NaN,-0.00171682507789228,0.00194501482474152,-0.00801044061760573,-0.00182709771130855,-0.00454587934655137,-0.00609859583588938,0.0622428318165476,NaN,NaN,NaN,NaN,NaN,NaN,NaN,NaN,NaN
NaN,NaN,-0.00176737726724241,-0.00887211061490234,0.00019238784928651,0.0020395487275285,-0.00736210567993112,0.00341642888573309,0.061952203293913,NaN,NaN,NaN,NaN,NaN,NaN,NaN,NaN,NaN
NaN,NaN,-0.00395723328983877,-0.000866554895765148,-0.00443850189428,-0.00300617071722324,-0.00596724523347802,-0.00637728480311731,0.0684088019334013,NaN,NaN,NaN,NaN,NaN,NaN,NaN,NaN,NaN
NaN,NaN,0.000133861889480615,-0.00770235083473381,-0.0100148330626932,-0.00365587997172649,-0.0149646408681292,-0.000983884014810124,0.0644187925063306,NaN,NaN,NaN,NaN,NaN,NaN,NaN,NaN,NaN
NaN,NaN,-0.0132662308315048,-0.00853975884092506,-0.00474364042262702,-0.012150007513507,-0.00676475538057275,-0.00838972387524942,0.0580946651898557,NaN,NaN,NaN,NaN,NaN,NaN,NaN,NaN,NaN
NaN,NaN,-0.00978300989663694,-0.00186085350287613,-0.0108867745099512,0.00175422874356931,-0.00526266245287843,-0.0105242779633651,0.0603032221697504,NaN,NaN,NaN,NaN,NaN,NaN,NaN,NaN,NaN
NaN,NaN,-0.00455992938077543,-0.00632045439851936,-0.00331681698541312,0.00457451564337437,-0.0105116709892172,-0.00118953866573671,0.0591917073033983,NaN,NaN,NaN,NaN,NaN,NaN,NaN,NaN,NaN
NaN,NaN,-0.00323752583062742,-0.00112054518831428,-0.00461875006537108,-0.0055021710965472,-0.0073650672857184,-0.011815538086618,0.0622250249289209,NaN,NaN,NaN,NaN,NaN,NaN,NaN,NaN,NaN
NaN,NaN,-0.00308978081739042,-0.00436918459308799,-0.0117016258833852,-0.00392635467384631,-0.00981142817181535,-0.00690748674484591,0.0572993157111341,NaN,NaN,NaN,NaN,NaN,NaN,NaN,NaN,NaN
NaN,NaN,-0.00898749277985189,-0.0049511866964167,-0.00602050229887633,-0.0101607024941283,-0.00382212994736619,-0.0126612721166263,0.0467921530507738,NaN,NaN,NaN,NaN,NaN,NaN,NaN,NaN,NaN
NaN,NaN,-0.00860134781396482,-0.00198114312661346,-0.0124787028131929,0.00106212568546956,-0.00199155954760499,-0.0129288783452163,0.0562926118873293,NaN,NaN,NaN,NaN,NaN,NaN,NaN,NaN,NaN
NaN,NaN,0.00433785199129488,-0.00592186696303543,-0.0049401122329679,-0.000923230526192734,-0.00988459287327714,-0.00841654596539835,0.052026800593012,NaN,NaN,NaN,NaN,NaN,NaN,NaN,NaN,NaN
NaN,NaN,0.00183505295717623,-0.000363137791282497,-0.00547696381787925,-0.00625311511491115,-0.00191293729585595,-0.0143166048607479,0.0571349372767145,NaN,NaN,NaN,NaN,NaN,NaN,NaN,NaN,NaN
NaN,NaN,0.00266657500469592,-0.00195108003390487,-0.00899199873189597,-0.00131889360879237,-0.00373819915694185,-0.0123744061371932,0.0528950167499715,NaN,NaN,NaN,NaN,NaN,NaN,NaN,NaN,NaN
NaN,NaN,-0.00211457432305906,-0.000629570553428493,0.00142443448324533,0.00122143772508328,0.0030118964787107,-0.0110305821678291,0.0473371816478902,NaN,NaN,NaN,NaN,NaN,NaN,NaN,NaN,NaN
NaN,NaN,-0.00616694510972593,0.00325488277303521,-0.00363508716206221,0.0053356855836076,-0.000473224354209378,-0.0191445810875545,0.0579507385991747,NaN,NaN,NaN,NaN,NaN,NaN,NaN,NaN,NaN
NaN,NaN,0.00855655698978808,-0.00170966259611305,-0.00154011428336768,-0.000340632376416275,-0.011281260085525,-0.0123448459586749,0.0482641828857595,NaN,NaN,NaN,NaN,NaN,NaN,NaN,NaN,NaN
NaN,NaN,-0.00285316900408361,0.00144614257442299,-0.00328584119658141,-0.00967976751659686,-0.00198666079086252,-0.020388232000793,0.0490916816197569,NaN,NaN,NaN,NaN,NaN,NaN,NaN,NaN,NaN
NaN,NaN,-0.00548074663674924,-0.00123608506692108,-0.0128231059012857,-0.00387254285548503,-0.01064900381607,-0.019322538205112,0.0443469097517664,NaN,NaN,NaN,NaN,NaN,NaN,NaN,NaN,NaN
NaN,NaN,-0.0142182846466312,-0.0103152135707205,-0.00501057609896331,-0.00482090863321597,-0.00730643121642061,-0.0147849483570705,0.044916879167431,NaN,NaN,NaN,NaN,NaN,NaN,NaN,NaN,NaN
NaN,NaN,-0.0129141163924942,-0.00718563444388565,-0.00798589095453887,-0.0074894272062617,-0.00630963666480966,-0.0262067442915092,0.0541355384193594,NaN,NaN,NaN,NaN,NaN,NaN,NaN,NaN,NaN
NaN,NaN,0.00130531667673495,-0.011921018580324,-0.00827132269720702,-0.00436504485939319,-0.0146158978168387,-0.0128744518539558,0.04485520698654,NaN,NaN,NaN,NaN,NaN,NaN,NaN,NaN,NaN
NaN,NaN,-0.00635712117946241,-0.00586209468019661,-0.00570526823382048,-0.0165457569334346,-0.0031156100158114,-0.0206282897076259,0.0420417746208841,NaN,NaN,NaN,NaN,NaN,NaN,NaN,NaN,NaN
NaN,NaN,-0.00719739765918348,-0.0064232910372084,-0.015003462433621,-0.00487120005224521,-0.0101202919904608,-0.0208780145427833,0.0404978280566866,NaN,NaN,NaN,NaN,NaN,NaN,NaN,NaN,NaN
NaN,NaN,-0.0116412964562187,-0.017037611673004,-0.0103296759722677,-0.0151414528760749,-0.0107179030601401,-0.0192819697937618,0.0407889408670599,NaN,NaN,NaN,NaN,NaN,NaN,NaN,NaN,NaN
NaN,NaN,-0.0119116035202751,-0.0108696112729376,-0.0146549801526514,-0.0166976742718058,-0.0108573034231085,-0.0289518920859943,0.0486540345154935,NaN,NaN,NaN,NaN,NaN,NaN,NaN,NaN,NaN
NaN,NaN,5.32652338733931e-05,-0.0167114066280192,-0.0219881954787221,-0.0129281647775012,-0.0173449709836859,-0.0165876163324962,0.0385668238304788,NaN,NaN,NaN,NaN,NaN,NaN,NaN,NaN,NaN
NaN,NaN,-0.0123390805820236,-0.012838967362768,-0.0181783783433881,-0.0185836769912081,-0.00991305409115739,-0.028883551635469,0.0318451335333521,NaN,NaN,NaN,NaN,NaN,NaN,NaN,NaN,NaN
NaN,NaN,-0.0137157243589172,-0.0141667539573973,-0.0267722691593614,-0.00853669944141681,-0.014987029862823,-0.0234908213994155,0.0350492929719621,NaN,NaN,NaN,NaN,NaN,NaN,NaN,NaN,NaN
NaN,NaN,-0.0124087621370563,-0.0254236312903231,-0.0130033168194738,-0.0161692604694205,-0.0140626177017111,-0.0238351127287994,0.033420763691538,NaN,NaN,NaN,NaN,NaN,NaN,NaN,NaN,NaN
NaN,NaN,-0.012084997157217,-0.0146232324041193,-0.0140667754409757,-0.00819121601913745,-0.0101447298948187,-0.0252337729713569,0.0440294591389829,NaN,NaN,NaN,NaN,NaN,NaN,NaN,NaN,NaN
NaN,NaN,-0.00171097637212369,-0.0175020994938677,-0.0160785998402086,-0.00506973939870174,-0.0178360387508292,-0.0173267698070655,0.0345186812483007,NaN,NaN,NaN,NaN,NaN,NaN,NaN,NaN,NaN
NaN,NaN,-0.0153371010819683,-0.014814060399658,-0.00829523906092315,-0.0103110738370257,-0.00447293816250749,-0.0266562936982761,0.0322402005695039,NaN,NaN,NaN,NaN,NaN,NaN,NaN,NaN,NaN
NaN,NaN,-0.0162079063156852,-0.0140482524730032,-0.01745084777455,-0.00449976998303706,-0.00909164620679803,-0.0215791328034053,0.042216378977173,NaN,NaN,NaN,NaN,NaN,NaN,NaN,NaN,NaN
NaN,NaN,-0.0100198638538131,-0.0157050753332442,-0.00331506609897284,-0.0126732431623774,-0.00812633035820909,-0.018152759798492,0.0423203518294031,NaN,NaN,NaN,NaN,NaN,NaN,NaN,NaN,NaN
NaN,NaN,-0.00657773287093732,-0.00177085048926529,-0.00645652890185981,-0.0078147195551234,-0.00207429824513383,-0.0192549800655494,0.0501203646563226,NaN,NaN,NaN,NaN,NaN,NaN,NaN,NaN,NaN
NaN,NaN,0.00172890081012156,-0.00370652995479759,-0.012365770637795,0.00164114755655949,-0.00742249263566919,-0.0137702910384784,0.0407439393602544,NaN,NaN,NaN,NaN,NaN,NaN,NaN,NaN,NaN
NaN,NaN,-0.00668083027994726,-0.0017948041058844,-0.00117971107344298,-0.0057463079962569,0.00881113039213233,-0.0132950930080066,0.0377466825448209,NaN,NaN,NaN,NaN,NaN,NaN,NaN,NaN,NaN
NaN,NaN,-0.00244239986932371,0.000839292784803547,-0.00797486409525542,0.000582475933091095,0.00480009170132689,-0.0143437436005721,0.0465782655082876,NaN,NaN,NaN,NaN,NaN,NaN,NaN,NaN,NaN
NaN,NaN,0.0057610060175648,-0.00256174824608024,0.00173881173153253,0.0021207041766805,-0.00044766886276193,-0.00505937022777895,0.0406188068591291,NaN,NaN,NaN,NaN,NaN,NaN,NaN,NaN,NaN
NaN,NaN,0.0039745244284859,0.00719316654431168,-0.00250954657773642,-0.000740058002217362,0.00311054216581397,-0.0132920755228649,0.0415556801162893,NaN,NaN,NaN,NaN,NaN,NaN,NaN,NaN,NaN
NaN,NaN,0.0109601887961617,-0.00365052021516021,-0.0138939033446756,0.00883453411127751,-0.00298746002954431,-0.00892953706594805,0.0337850598298246,NaN,NaN,NaN,NaN,NaN,NaN,NaN,NaN,NaN
NaN,NaN,-0.000436722199083304,-0.0079002568818396,-0.00535509094576507,-0.00659129696820552,0.00653814451652579,-0.0087850703081737,0.0310963688098127,NaN,NaN,NaN,NaN,NaN,NaN,NaN,NaN,NaN
NaN,NaN,-0.00193056360876653,-0.00406223929894622,-0.010009263753697,0.00142681297923749,-0.00125970764202066,-0.0138676142475257,0.0399835144780809,NaN,NaN,NaN,NaN,NaN,NaN,NaN,NaN,NaN
NaN,NaN,0.00561918421590235,-0.00805437214148697,-0.00108730524758963,-0.00145626368854816,-0.00468187106889673,-0.00654142109366755,0.0341020261548692,NaN,NaN,NaN,NaN,NaN,NaN,NaN,NaN,NaN
NaN,NaN,-0.00656217978394124,-0.000627223620540462,-0.00572316825370459,-0.00243724438284213,-0.00206887794774957,-0.0199875025233875,0.0368293856881792,NaN,NaN,NaN,NaN,NaN,NaN,NaN,NaN,NaN
NaN,NaN,0.00189126758778002,-0.00205697141063865,-0.0153501752016988,-0.00194828140471751,-0.00565519629162736,-0.0122910713932166,0.0349883844755823,NaN,NaN,NaN,NaN,NaN,NaN,NaN,NaN,NaN
NaN,NaN,-0.00806082681810949,-0.00631613306177314,-0.00304565310458808,-0.0128923833641844,-0.000327714515151456,-0.0188654637119422,0.0326344107888872,NaN,NaN,NaN,NaN,NaN,NaN,NaN,NaN,NaN
NaN,NaN,-0.00888189942634199,0.00157924719678704,-0.0130170445142236,-0.00418060573671634,-0.00695511771482415,-0.0212725041589389,0.0438752321206266,NaN,NaN,NaN,NaN,NaN,NaN,NaN,NaN,NaN
NaN,NaN,-0.00672838361060712,-0.0067175703443354,-0.0103216479716745,-0.00351441207264239,-0.0141172490839381,-0.0143212801000724,0.0347160657547647,NaN,NaN,NaN,NaN,NaN,NaN,NaN,NaN,NaN
NaN,NaN,-0.0143996504048118,-0.00440533853543457,-0.0177630457280126,-0.00921552183960254,-0.00982374025625177,-0.0214278860172878,0.0339190585218603,NaN,NaN,NaN,NaN,NaN,NaN,NaN,NaN,NaN
NaN,NaN,-0.00508493454253767,-0.00520486033929046,-0.028241039365336,-0.00835445824001605,-0.00970039589446969,-0.013166998901094,0.0259542947314912,NaN,NaN,NaN,NaN,NaN,NaN,NaN,NaN,NaN
NaN,NaN,-0.010475578616024,-0.00888824112189468,-0.0121857832370248,-0.0123781070384818,-0.00632401628536172,-0.0159662565371642,0.0198458617232973,NaN,NaN,NaN,NaN,NaN,NaN,NaN,NaN,NaN
NaN,NaN,-0.00823233918345067,-0.000953242401010357,-0.0172211650011983,-0.00586114006970699,-0.00143406985444017,-0.0179806141338001,0.0291491595708067,NaN,NaN,NaN,NaN,NaN,NaN,NaN,NaN,NaN
NaN,NaN,-0.00545660675561521,-0.0112922827102011,-0.0114762644467798,-0.000466137406571457,-0.011346676183166,-0.0107987759790073,0.0228379590116674,NaN,NaN,NaN,NaN,NaN,NaN,NaN,NaN,NaN
NaN,NaN,-0.00894321770465467,-0.00593617207778152,-0.0141513395307508,-0.00920050891969974,-0.0014434389595408,-0.0161851732215534,0.0211500299774343,NaN,NaN,NaN,NaN,NaN,NaN,NaN,NaN,NaN
NaN,NaN,-0.00624675945437048,-0.00639659933221992,-0.019755405485436,-0.00476786049936588,0.000475253182230517,-0.0166476680121074,0.0203972978197271,NaN,NaN,NaN,NaN,NaN,NaN,NaN,NaN,NaN
NaN,NaN,-0.00507724181807134,-0.013259310493595,-0.00672415375690131,-0.00680119845007236,0.00130191372591071,-0.0158576829514156,0.0179300939344103,NaN,NaN,NaN,NaN,NaN,NaN,NaN,NaN,NaN
NaN,NaN,-0.012616651962162,-0.00336261115444358,-0.0122061792014089,-0.00339611547921474,0.00221634210902266,-0.0208936421355853,0.0334177834592992,NaN,NaN,NaN,NaN,NaN,NaN,NaN,NaN,NaN
NaN,NaN,-0.00436684758460615,-0.014181915888912,-0.0114745880661455,-0.00168158787225063,-0.0110647462133784,-0.0142310721954952,0.0267378722928697,NaN,NaN,NaN,NaN,NaN,NaN,NaN,NaN,NaN
NaN,NaN,-0.00979854435718152,-0.00687194637430366,-0.0139990496633497,-0.0140611000630694,-0.00187544224900194,-0.0192148400625835,0.0234271695517236,NaN,NaN,NaN,NaN,NaN,NaN,NaN,NaN,NaN
NaN,NaN,-0.00483258337771986,-0.00208416602981742,-0.0183528523145166,0.00105240267779057,-0.00358348785084672,-0.0172058655104289,0.0250596476398641,NaN,NaN,NaN,NaN,NaN,NaN,NaN,NaN,NaN
NaN,NaN,0.000705749829648995,-0.00685419536603149,-0.00421055138091712,-0.00165003466342265,-0.00514458937686868,-0.0105236632904659,0.0214021762512857,NaN,NaN,NaN,NaN,NaN,NaN,NaN,NaN,NaN
NaN,NaN,-0.0123112899163971,0.00196989976393525,-0.00872303277234702,0.000446055802361419,-0.00625960601610132,-0.0141965387544284,0.0363677477143938,NaN,NaN,NaN,NaN,NaN,NaN,NaN,NaN,NaN
NaN,NaN,0.00478630243742373,-0.00598067067039665,-0.00871697917561202,-0.00573280381892497,-0.0175900950853247,-0.00756066051932673,0.0222447624109918,NaN,NaN,NaN,NaN,NaN,NaN,NaN,NaN,NaN
NaN,NaN,-0.0067589682439575,-0.00479554406774696,-0.0107528875766244,-0.0179562449726897,-0.00253345890087076,-0.0114246620020519,0.0211604421638185,NaN,NaN,NaN,NaN,NaN,NaN,NaN,NaN,NaN
NaN,NaN,0.00308553977811244,-0.00482555128110107,-0.0208779099581686,-0.00392298328612621,-0.00428332088631578,-0.0122710665843139,0.0215906945668394,NaN,NaN,NaN,NaN,NaN,NaN,NaN,NaN,NaN
NaN,NaN,-0.000179192880750632,-0.0177957268751925,-0.00934102117995887,-0.00461165907715137,-0.00652954055112787,-0.00775471089097361,0.0209414509736234,NaN,NaN,NaN,NaN,NaN,NaN,NaN,NaN,NaN
NaN,NaN,-0.00976633922255132,-0.00829267896187957,-0.0158176432548013,-0.00798448103402431,-0.00484719945234247,-0.0162997817775855,0.0325610598229105,NaN,NaN,NaN,NaN,NaN,NaN,NaN,NaN,NaN
NaN,NaN,0.00490504606568721,-0.0131383130647009,-0.0166086713967767,-0.00926082136963183,-0.00825090406578965,-0.00951904562922815,0.0181489919923479,NaN,NaN,NaN,NaN,NaN,NaN,NaN,NaN,NaN
NaN,NaN,-0.00235370070731733,-0.00887669272196945,-0.0166660594938245,-0.0140354514393645,0.00629262925940566,-0.0146111076852928,0.022471930613392,NaN,NaN,NaN,NaN,NaN,NaN,NaN,NaN,NaN
NaN,NaN,0.00285865097248461,-0.00259488470328506,-0.0199448364971128,0.00179235708977406,0.00280847700196318,-0.0175038887343059,0.0295918544434244,NaN,NaN,NaN,NaN,NaN,NaN,NaN,NaN,NaN
NaN,NaN,-0.00416048512852285,-0.0171205738879507,-0.00723395973424582,0.00172992122437184,-0.0046858012501616,-0.00829627496811251,0.0303475482069189,NaN,NaN,NaN,NaN,NaN,NaN,NaN,NaN,NaN
NaN,NaN,-0.00939297200238798,-0.00464340321195778,-0.0133248093722311,-0.00402893054221446,-0.00474819986266084,-0.016952676155294,0.0316080001794035,NaN,NaN,NaN,NaN,NaN,NaN,NaN,NaN,NaN
NaN,NaN,0.00100390343868639,-0.0110316800273722,-0.0157390955088582,-0.00299804958437259,-0.00958705393713899,-0.00874899087163309,0.0228699220024282,NaN,NaN,NaN,NaN,NaN,NaN,NaN,NaN,NaN
NaN,NaN,-0.00656361402070615,-0.00874098039639648,-0.0158177363870588,-0.00921161028478915,-0.00196347085875459,-0.0164673639616619,0.0216518452070886,NaN,NaN,NaN,NaN,NaN,NaN,NaN,NaN,NaN
NaN,NaN,-0.00373202086484525,-0.00317465163243469,-0.0174044306574312,0.00385464054609959,-0.00610340459388681,-0.0200416496178756,0.0301362683676416,NaN,NaN,NaN,NaN,NaN,NaN,NaN,NaN,NaN
NaN,NaN,-0.00632219658291433,-0.0152576865948504,-0.00258403375725417,-0.00241271334622676,-0.0120799809519667,-0.00975610447737078,0.0243813095294172,NaN,NaN,NaN,NaN,NaN,NaN,NaN,NaN,NaN
NaN,NaN,-0.0106663693586597,-0.000225786337978207,-0.00830760702471404,-0.00687469842766101,-0.00210082231205888,-0.0175038887343059,0.0221447569929296,NaN,NaN,NaN,NaN,NaN,NaN,NaN,NaN,NaN
NaN,NaN,0.00134351952874567,-0.00870842135918792,-0.0147920522091833,-0.00301246645782764,-0.00500368027132936,-0.011325084992374,0.0196419765852625,NaN,NaN,NaN,NaN,NaN,NaN,NaN,NaN,NaN
NaN,NaN,-0.00943201304471586,-0.00795269034279045,-0.0113339211044755,-0.0106150388989287,0.000414400565205142,-0.0177662236771236,0.0157878098689253,NaN,NaN,NaN,NaN,NaN,NaN,NaN,NaN,NaN
NaN,NaN,-0.0108081352809677,-0.00755658022535499,-0.0214876468477693,-0.00389681312177951,-0.00123297868412919,-0.0236565781912456,0.0260233057342703,NaN,NaN,NaN,NaN,NaN,NaN,NaN,NaN,NaN
NaN,NaN,-0.00911307231581304,-0.0159410165942973,-0.0130192610619512,-0.0114491313967543,-0.00701256169122644,-0.0169897614202152,0.0116837879322702,NaN,NaN,NaN,NaN,NaN,NaN,NaN,NaN,NaN
NaN,NaN,-0.0117015344003448,-0.00291805363667663,-0.0195371221003976,-0.0147621996972399,-0.000622981024207547,-0.0230785062691818,0.0123324913583929,NaN,NaN,NaN,NaN,NaN,NaN,NaN,NaN,NaN
NaN,NaN,-0.00257727400457952,-0.0131018610991305,-0.0219926658270803,-0.00952792468403156,-0.0045281283382792,-0.0212559452435623,0.00812997274624649,NaN,NaN,NaN,NaN,NaN,NaN,NaN,NaN,NaN
NaN,NaN,-0.0101925310591469,-0.0150149839319056,-0.0135009224710908,-0.00952824133370692,-0.000274480116786435,-0.0189274897954116,0.00568834297882859,NaN,NaN,NaN,NaN,NaN,NaN,NaN,NaN,NaN
NaN,NaN,-0.00907306269800756,-0.0118307734228438,-0.0189093920586553,-0.00883338156078632,-0.00612692980212159,-0.0286246067068229,0.0110347119771177,NaN,NaN,NaN,NaN,NaN,NaN,NaN,NaN,NaN
NaN,NaN,-0.00823161275184248,-0.017725523779518,-0.0126731629667726,-0.0114689871940451,-0.00972114576143213,-0.022679620810474,-0.00318228102696594,NaN,NaN,NaN,NaN,NaN,NaN,NaN,NaN,NaN
NaN,NaN,-0.0131769356230507,-0.0116763601399725,-0.0224839571116415,-0.0202364206585723,-0.00823574213427491,-0.0289908213696132,0.00314186491596047,NaN,NaN,NaN,NaN,NaN,NaN,NaN,NaN,NaN
NaN,NaN,-0.0131248560646782,-0.0203939492203062,-0.0266001234946695,-0.013082484928115,-0.0129497803573031,-0.0236972211084018,0.00277786680089775,NaN,NaN,NaN,NaN,NaN,NaN,NaN,NaN,NaN
NaN,NaN,-0.0189872895280132,-0.0246412271953886,-0.0191750425098386,-0.0161476165327864,-0.0118778839532752,-0.0204500345668445,0.00222667284833733,NaN,NaN,NaN,NaN,NaN,NaN,NaN,NaN,NaN
NaN,NaN,-0.0174751196900615,-0.0180359894729918,-0.0249642926452604,-0.0121771090004283,-0.0141260780219454,-0.026645583488668,0.00662961207854096,NaN,NaN,NaN,NaN,NaN,NaN,NaN,NaN,NaN
NaN,NaN,-0.0108501193026314,-0.019586883703596,-0.0178658451137987,-0.012419997927888,-0.0140937052492518,-0.0160232907316337,0.000412065317505039,NaN,NaN,NaN,NaN,NaN,NaN,NaN,NaN,NaN
NaN,NaN,-0.0174383324483642,-0.0134926254249876,-0.0211917097864595,-0.0197541259500819,-0.00350464208167978,-0.0234010232767711,0.0121305247448618,NaN,NaN,NaN,NaN,NaN,NaN,NaN,NaN,NaN
NaN,NaN,-0.0107404840091476,-0.015101298908121,-0.0231484930215326,-0.00861174541447932,-0.00301791427773423,-0.0107032036564002,0.0148672161303693,NaN,NaN,NaN,NaN,NaN,NaN,NaN,NaN,NaN
NaN,NaN,-0.0122180086473236,-0.0184851663507288,-0.0147529739139524,-0.0148418650302726,-0.00641889942926355,-0.0111109925589214,0.0102238652907545,NaN,NaN,NaN,NaN,NaN,NaN,NaN,NaN,NaN
NaN,NaN,-0.00923665882146451,-0.00880630336178001,-0.0181828486917463,-0.00740525427196796,-0.00332841722411104,-0.0147482169947277,0.0163536069594556,NaN,NaN,NaN,NaN,NaN,NaN,NaN,NaN,NaN
NaN,NaN,-0.00102561608946416,-0.0119289907015627,-0.0159815001485792,-0.00439510795210178,-0.00471586434287019,-0.00228417796703676,0.0128598434530431,NaN,NaN,NaN,NaN,NaN,NaN,NaN,NaN,NaN
NaN,NaN,-0.0105829787353287,-0.00989555961859878,-0.0169472444055524,-0.00750572535131747,0.00290322976070456,-0.00875925404640536,0.0247114075027639,NaN,NaN,NaN,NaN,NaN,NaN,NaN,NaN,NaN
NaN,NaN,-0.00533354179060552,-0.00861579201591667,-0.0202387991545644,0.00320748311545079,0.000278073566732928,-0.00371921566935877,0.0201203411124879,NaN,NaN,NaN,NaN,NaN,NaN,NaN,NaN,NaN
NaN,NaN,-0.00782872260606382,-0.0138299877144163,-0.00941366434077887,-0.00205169546340282,-0.00504508687299676,-0.00860495252224306,0.00906226389633957,NaN,NaN,NaN,NaN,NaN,NaN,NaN,NaN,NaN
NaN,NaN,-0.00766235114133451,-0.00169969744456466,-0.0149798627195802,0.0018675893273515,0.000707413273630664,-0.0102421617290626,0.0128398200176889,NaN,NaN,NaN,NaN,NaN,NaN,NaN,NaN,NaN
NaN,NaN,-0.00392532617843244,-0.00871868453396019,-0.00899550050477652,0.00319416520263379,-0.00228084696573205,-0.00654455033751826,0.00974686049448792,NaN,NaN,NaN,NaN,NaN,NaN,NaN,NaN,NaN
NaN,NaN,-0.0113152963022003,-0.00622827209008392,-0.0119146193561998,-0.00242927226160342,0.00699214564519934,-0.00883264226528505,0.0191775073908502,NaN,NaN,NaN,NaN,NaN,NaN,NaN,NaN,NaN
NaN,NaN,-0.00769159467017744,-0.00728049896133598,-0.014224709123179,0.00226302889253323,-0.00390838904422708,-0.0149274034580837,0.0117758771084482,NaN,NaN,NaN,NaN,NaN,NaN,NaN,NaN,NaN
NaN,NaN,-0.00553126157319639,-0.0102024304069346,-0.00569450214485793,-0.0034879997644263,-0.00467917023343034,-0.0123362405380855,0.00452396624314133,NaN,NaN,NaN,NaN,NaN,NaN,NaN,NaN,NaN
NaN,NaN,-0.00898911328113172,-0.000652015427476726,-0.0112595456836668,-0.00612744244669254,0.00201743023353629,-0.0161060666820655,0.00827598549949471,NaN,NaN,NaN,NaN,NaN,NaN,NaN,NaN,NaN
NaN,NaN,-0.00205154241120908,-0.00791342578304466,-0.0117114047704187,-0.0044698931548434,-0.00630835143965669,-0.00996902344437937,0.00991347410308663,NaN,NaN,NaN,NaN,NaN,NaN,NaN,NaN,NaN
NaN,NaN,-0.0108393159607658,-0.00712562001717743,-0.00992225959877639,-0.0128301710162001,0.00458067210274749,-0.0136194167813907,0.00861964352952782,NaN,NaN,NaN,NaN,NaN,NaN,NaN,NaN,NaN
NaN,NaN,-0.00751987741386984,-0.00446032382023987,-0.0154081407187429,-0.00161371308301265,-0.00652188507956453,-0.0208070477625976,0.00276456751453225,NaN,NaN,NaN,NaN,NaN,NaN,NaN,NaN,NaN
NaN,NaN,0.000226677497266792,-0.0057305919326609,-0.00817178294043212,-0.00522135871384914,-0.00453416330856271,-0.0136717571100841,-0.00381973407638725,NaN,NaN,NaN,NaN,NaN,NaN,NaN,NaN,NaN
NaN,NaN,-0.0099645246664295,0.000912960400455631,-0.015418701916739,-0.00591154324744518,-0.00165456978720613,-0.0223993299684177,-0.000652846167213283,NaN,NaN,NaN,NaN,NaN,NaN,NaN,NaN,NaN
NaN,NaN,-0.00109913469350431,-0.00630251712573227,-0.0222857157884088,-0.00603445920084293,-0.00835426224512048,-0.0126523872992645,-0.00217404983413871,NaN,NaN,NaN,NaN,NaN,NaN,NaN,NaN,NaN
NaN,NaN,-0.0152502086857567,-0.0115984270669287,-0.0216285559533086,-0.017848882106288,-0.00232856793445535,-0.0203840037963043,-0.00858091584814247,NaN,NaN,NaN,NaN,NaN,NaN,NaN,NaN,NaN
NaN,NaN,-0.0115882110694656,-0.012426149318344,-0.0278794626889673,-0.00498159903024013,-0.0129053376440424,-0.025043317504848,-0.00717128462565597,NaN,NaN,NaN,NaN,NaN,NaN,NaN,NaN,NaN
NaN,NaN,-0.00555493579304311,-0.0192559475399321,-0.0186576741931882,-0.0088082358512717,-0.0104035444383044,-0.0183737998983512,-0.011228163013584,NaN,NaN,NaN,NaN,NaN,NaN,NaN,NaN,NaN
NaN,NaN,-0.0185823132196674,-0.0105043651856249,-0.0210211101172414,-0.011193241206153,-0.0092963881616015,-0.0241846008381496,0.000568713774555363,NaN,NaN,NaN,NaN,NaN,NaN,NaN,NaN,NaN
NaN,NaN,-0.00738016040122602,-0.018587667713291,-0.0240844349561182,-0.0125824578378039,-0.0106731809501071,-0.0158697715184341,-0.00260411597264465,NaN,NaN,NaN,NaN,NaN,NaN,NaN,NaN,NaN
NaN,NaN,-0.0207421806553612,-0.0213772395945853,-0.0184823247788396,-0.0182379141721564,-0.00562068147701211,-0.0214330641708026,-0.00530958942545112,NaN,NaN,NaN,NaN,NaN,NaN,NaN,NaN,NaN
NaN,NaN,-0.0111279514530906,-0.0127886200643843,-0.0256195712087598,-0.0110965326700049,-0.0137376420025248,-0.0195394804856429,-0.00175575561297592,NaN,NaN,NaN,NaN,NaN,NaN,NaN,NaN,NaN
NaN,NaN,-0.0140107300976524,-0.0181001017190283,-0.0148595172164884,-0.0116166949543792,-0.0152816630725283,-0.00965170321675638,-0.0023625122703379,NaN,NaN,NaN,NaN,NaN,NaN,NaN,NaN,NaN
NaN,NaN,-0.0183727656403789,-0.00861024133337196,-0.0203736360369173,-0.0155669369075137,-0.00646509302896447,-0.0159978656253467,0.00994810067641083,NaN,NaN,NaN,NaN,NaN,NaN,NaN,NaN,NaN
NaN,NaN,-0.00790469990170095,-0.0156100990570849,-0.0234072516856637,-0.0146891653809386,-0.00839315427583642,-0.00786242765995363,-0.00049377627146896,NaN,NaN,NaN,NaN,NaN,NaN,NaN,NaN,NaN
NaN,NaN,-0.0142280076543102,-0.0147974456049269,-0.0183098997173753,-0.0171457149360018,-0.0047633245412726,-0.0143312266251693,-0.00273699707759079,NaN,NaN,NaN,NaN,NaN,NaN,NaN,NaN,NaN
NaN,NaN,-0.00684694097435567,-0.00320387653482612,-0.0230447995660749,-0.00892221110795314,-0.00987216903013177,-0.0183109542510162,-0.00346376396191772,NaN,NaN,NaN,NaN,NaN,NaN,NaN,NaN,NaN
NaN,NaN,-0.00652315736806486,-0.00726872704399284,-0.0133489678798166,-0.00753882455561931,-0.0113175257865805,-0.00673517344209055,-0.000865001449710689,NaN,NaN,NaN,NaN,NaN,NaN,NaN,NaN,NaN
NaN,NaN,-0.0111728039482841,-0.0012323970295256,-0.01302099332194,-0.0133726105365592,-0.000418220442952588,-0.0151931656679759,0.000228576143854298,NaN,NaN,NaN,NaN,NaN,NaN,NaN,NaN,NaN
NaN,NaN,-0.00467368112003896,-0.011825371751911,-0.0192420046029535,-0.00237786325548465,-0.00431018022936769,-0.0106614431521545,-0.00237944371474441,NaN,NaN,NaN,NaN,NaN,NaN,NaN,NaN,NaN
NaN,NaN,-0.00485154510533903,-0.0132565724052256,-0.00967501208166747,-0.00698666202758128,-0.00266894770902582,-0.0173859832963596,-0.00628926626814064,NaN,NaN,NaN,NaN,NaN,NaN,NaN,NaN,NaN
NaN,NaN,-0.00776850328838918,-0.00243618733657058,-0.0131253200767484,0.000307810279385497,-0.00716971306246705,-0.0175717821499954,0.00132079400646035,NaN,NaN,NaN,NaN,NaN,NaN,NaN,NaN,NaN
NaN,NaN,-0.00173327223455999,-0.00949401057732757,-0.00475641816835074,-0.00132420214746768,-0.00778986213845201,-0.00622292739960054,0.0025740561686689,NaN,NaN,NaN,NaN,NaN,NaN,NaN,NaN,NaN
NaN,NaN,-0.00615727798140142,-0.00357428214920219,-0.00559039890746741,-0.01136769655083,0.00327160509186797,-0.0141387036225448,0.00161552034842316,NaN,NaN,NaN,NaN,NaN,NaN,NaN,NaN,NaN
NaN,NaN,-0.00110099733865354,-0.00991694278491195,-0.0154703903196302,-0.00219901206825549,-0.00387825144571252,-0.0132788693687568,0.00373224892246071,NaN,NaN,NaN,NaN,NaN,NaN,NaN,NaN,NaN
NaN,NaN,-0.00247255609428976,-0.00796246922982391,-0.00517100572566657,-0.00457710700963313,-0.00528844146174379,-0.0171400396308551,-0.00145752749813255,NaN,NaN,NaN,NaN,NaN,NaN,NaN,NaN,NaN
NaN,NaN,-0.0084645551542053,0.00303831302153412,-0.0129023614523855,0.000487890812413146,-0.0075077086512465,-0.0133624648830543,0.0125757714413339,NaN,NaN,NaN,NaN,NaN,NaN,NaN,NaN,NaN
NaN,NaN,0.00203789501392748,-0.00489743075740989,-0.00715302780251174,-0.00506109672520931,-0.00610662696999498,-0.0030341906628261,0.00139665954338852,NaN,NaN,NaN,NaN,NaN,NaN,NaN,NaN,NaN
NaN,NaN,-0.00799861447012517,-0.00235931597126182,-0.010029883235499,-0.0117254175517398,-3.18892125505954e-05,-0.011947506495441,0.00348639838921372,NaN,NaN,NaN,NaN,NaN,NaN,NaN,NaN,NaN
NaN,NaN,0.0015529553493252,-0.00631121567857917,-0.020136931091353,-0.00391000064943607,-0.00846754832309671,-0.0123655399462829,-0.000988047788268887,NaN,NaN,NaN,NaN,NaN,NaN,NaN,NaN,NaN
NaN,NaN,-0.00603400812542531,-0.0079935008980101,-0.00977173924426703,-0.00769452306364352,-0.014438387734117,-0.015637536921228,-0.00729975126159843,NaN,NaN,NaN,NaN,NaN,NaN,NaN,NaN,NaN
NaN,NaN,-0.00887446747219655,-0.00266203306091484,-0.0178034651277509,-0.0075691111657458,-0.0124627172772307,-0.0162009870788703,0.000387906809919514,NaN,NaN,NaN,NaN,NaN,NaN,NaN,NaN,NaN
NaN,NaN,0.00212976067268755,-0.0124756956793135,-0.0126496377585378,-0.00834322648976619,-0.0126415684644599,-0.00912666080209116,-0.00998447484744247,NaN,NaN,NaN,NaN,NaN,NaN,NaN,NaN,NaN
NaN,NaN,-0.00655912504589651,-0.0100333581067389,-0.0113879005609003,-0.0175885588202315,-0.00140126867336221,-0.0171481235108028,-0.00458362347853836,NaN,NaN,NaN,NaN,NaN,NaN,NaN,NaN,NaN
NaN,NaN,-1.2281248928046e-05,-0.00788554198516067,-0.0148174400625673,-0.00311837646101291,-0.00998431889456697,-0.0179924978098522,-0.00467180109990295,NaN,NaN,NaN,NaN,NaN,NaN,NaN,NaN,NaN
NaN,NaN,-0.00546571509039495,-0.00998559988511261,-0.00443544715623526,-0.00558783414696033,-0.0148471452121157,-0.0156771553835521,-0.00427803791535553,NaN,NaN,NaN,NaN,NaN,NaN,NaN,NaN,NaN
NaN,NaN,-0.00674570621049497,0.000793080558651127,-0.00722898647169738,-0.0083175219867068,-0.00910073591512628,-0.0172354815683017,0.00303899102436844,NaN,NaN,NaN,NaN,NaN,NaN,NaN,NaN,NaN
NaN,NaN,0.00417338042461779,-0.00811585805786308,-0.00733737379293113,6.08607855004575e-05,-0.0101711235765833,-0.00430838895651202,0.00147839241253678,NaN,NaN,NaN,NaN,NaN,NaN,NaN,NaN,NaN
NaN,NaN,-0.00217740134394262,-0.00416900611890014,-0.0039095479248014,-0.00896436276768024,-0.000629109126748517,-0.0110512575289855,0.00188437454926316,NaN,NaN,NaN,NaN,NaN,NaN,NaN,NaN,NaN
NaN,NaN,0.00104989214742091,0.0048432534240419,-0.0105491514502016,0.00885863673950856,-0.0111046254460234,-0.0103172077021251,0.00427541487442795,NaN,NaN,NaN,NaN,NaN,NaN,NaN,NaN,NaN
NaN,NaN,-0.00364091889059637,-0.00414602107775863,-0.00280457094292312,-0.00311629029844577,-0.0147878572170157,-0.00957272706242899,-0.00379384330881294,NaN,NaN,NaN,NaN,NaN,NaN,NaN,NaN,NaN
NaN,NaN,-0.00298498840129468,0.00590110548364464,-0.00558907642941146,-0.00318217205737407,-0.00513967199367471,-0.0108844762823234,0.000794764389866032,NaN,NaN,NaN,NaN,NaN,NaN,NaN,NaN,NaN
NaN,NaN,0.00968757375085261,-0.00563669599068817,-0.0052094320950952,0.0022047467258138,-0.0102023787621874,-0.00083230195256571,-0.00280664137972053,NaN,NaN,NaN,NaN,NaN,NaN,NaN,NaN,NaN
NaN,NaN,-0.00233961910998914,-0.000726260463125071,-7.43672232298744e-06,-0.00447337630127246,0.00146947728353553,-0.00848799703332285,-0.00375932849419769,NaN,NaN,NaN,NaN,NaN,NaN,NaN,NaN,NaN
NaN,NaN,0.000465915640234017,0.00380969025718514,-0.00914715707282691,0.0063330948081178,-0.00586433408898301,-0.0128681747398029,-0.000384383121854626,NaN,NaN,NaN,NaN,NaN,NaN,NaN,NaN,NaN
NaN,NaN,0.00182546033465769,-0.00528525210393127,0.00093275204320283,-0.00775595310066516,-0.0106059580866713,-0.011595149912561,-0.0112900959647959,NaN,NaN,NaN,NaN,NaN,NaN,NaN,NaN,NaN
NaN,NaN,-0.00129206747806165,0.00137174852716271,-0.00525869905929236,-0.00710177349780376,-0.000762902927817777,-0.0155752873203407,-0.00165975488198455,NaN,NaN,NaN,NaN,NaN,NaN,NaN,NaN,NaN
NaN,NaN,0.0108759972354164,-0.00776972270978149,-0.00986662238816886,-0.00397344234321887,-0.00821936948341317,-0.00989753512355189,-0.00562396667373832,NaN,NaN,NaN,NaN,NaN,NaN,NaN,NaN,NaN
NaN,NaN,-0.00257880137360189,-0.00402077681792434,-0.00117807194571166,-0.00163058864806468,0.00231632890063338,-0.017630902507032,-0.00609601683390792,NaN,NaN,NaN,NaN,NaN,NaN,NaN,NaN,NaN
NaN,NaN,-5.07076183566815e-05,0.00197850518452469,-0.00706380709986358,0.00368558687235539,-0.00540060995263048,-0.0207579670629154,-0.00106756410968956,NaN,NaN,NaN,NaN,NaN,NaN,NaN,NaN,NaN
NaN,NaN,0.00873248382413294,-0.00731233156693634,0.00491078466196389,0.00187837404276555,-0.00953426657360978,-0.00995862988444666,-0.0100128801859682,NaN,NaN,NaN,NaN,NaN,NaN,NaN,NaN,NaN
NaN,NaN,0.00746784090006258,0.00334436424600426,0.00106501847524972,-0.00124071839187915,-0.00297280101221986,-0.0166009342453132,-0.000266049275523983,NaN,NaN,NaN,NaN,NaN,NaN,NaN,NaN,NaN
NaN,NaN,0.0172671238979092,0.00221524738299195,-0.00658417597393661,0.00606273186470692,-0.0106744848017115,-0.00865768400641779,-0.00656782485020813,NaN,NaN,NaN,NaN,NaN,NaN,NaN,NaN,NaN
NaN,NaN,0.00279977275931742,0.00163492166029755,0.00296087458749147,-0.00177352803681667,-0.00426622180384584,-0.0134193686923633,-0.00710231087577995,NaN,NaN,NaN,NaN,NaN,NaN,NaN,NaN,NaN
NaN,NaN,0.00402613832557108,0.00406561770068947,-0.00594366818647056,-8.04581019716952e-05,-0.0124082721595187,-0.017301288821424,-0.00156777746451553,NaN,NaN,NaN,NaN,NaN,NaN,NaN,NaN,NaN
NaN,NaN,0.0115623447200051,-0.0104383902944392,0.000124196410373164,-0.00314156639312083,-0.0155545592133421,-0.00476242733808855,-0.00864560551417526,NaN,NaN,NaN,NaN,NaN,NaN,NaN,NaN,NaN
NaN,NaN,0.00604716419184115,0.00140972786175553,-0.00196818739156394,-0.00626710357998187,-0.00616990102571435,-0.0135549133798728,0.00101684757100884,NaN,NaN,NaN,NaN,NaN,NaN,NaN,NaN,NaN
NaN,NaN,0.0168540264567127,0.00527730562316719,-0.00479404360036521,0.00526198071505254,-0.00653846262139268,-0.00458668676825861,-0.00152694828284439,NaN,NaN,NaN,NaN,NaN,NaN,NaN,NaN,NaN
NaN,NaN,0.00750231846177485,0.00625767164456192,0.00873498141784997,-0.0054001912746268,0.00376265423255973,-0.00960075987192492,-0.00163384548795875,NaN,NaN,NaN,NaN,NaN,NaN,NaN,NaN,NaN
NaN,NaN,0.0150158005853882,0.0129246374272043,-0.0047080825267282,0.00313772705461209,-0.000918079895200208,-0.00699955729457239,0.00908673905360047,NaN,NaN,NaN,NaN,NaN,NaN,NaN,NaN,NaN
NaN,NaN,0.0218861299654236,0.00202665456163231,0.000995709449246837,0.00433306095267957,-0.00705666912836023,0.00420896577027937,0.00113225706445519,NaN,NaN,NaN,NaN,NaN,NaN,NaN,NaN,NaN
NaN,NaN,0.0141354586085072,0.0167647970520193,-0.000438694953724431,0.00630167198445027,0.00414630325394683,-0.00167585668774943,0.00800223254191224,NaN,NaN,NaN,NaN,NaN,NaN,NaN,NaN,NaN
NaN,NaN,0.0239309604367008,0.0198797730408842,0.000362484604314281,0.0144315033879442,0.00414591209846549,0.00422388555792471,0.00723737456428353,NaN,NaN,NaN,NaN,NaN,NaN,NaN,NaN,NaN
NaN,NaN,0.0216463144024601,0.0143772026203806,0.0143212777378115,0.0127425685253305,0.00941011981922202,-0.00322490689965586,0.00256282441841904,NaN,NaN,NaN,NaN,NaN,NaN,NaN,NaN,NaN
NaN,NaN,0.0233802507718792,0.0218194013141328,0.00655462488551469,0.0148465752329988,0.0071513831790071,-0.000723001935208837,0.0128977669082815,NaN,NaN,NaN,NaN,NaN,NaN,NaN,NaN,NaN
NaN,NaN,0.0291554938157788,0.0124050711892778,0.0137102556230578,0.0187062367525262,-0.00250902099651285,0.00905424597052236,0.00391139813291375,NaN,NaN,NaN,NaN,NaN,NaN,NaN,NaN,NaN
NaN,NaN,0.0205587904056301,0.0222320144675905,0.0171323445441279,0.0150368630614442,0.0105296813126188,0.00109445544270178,0.00994050108420197,NaN,NaN,NaN,NaN,NaN,NaN,NaN,NaN,NaN
NaN,NaN,0.0238461355766049,0.0217638013564283,0.0176325951518569,0.0180365785684747,0.0111532576556783,-4.12365576873226e-05,0.00890652813541237,NaN,NaN,NaN,NaN,NaN,NaN,NaN,NaN,NaN
NaN,NaN,0.0216197158297291,0.0136605498992139,0.0232767079772505,0.00799859759475415,0.0106928676541429,-0.00216677544328074,0.00377378590928856,NaN,NaN,NaN,NaN,NaN,NaN,NaN,NaN,NaN
NaN,NaN,0.01556863366568,0.0187058036826784,0.0109427374603304,0.00992310118939107,0.00572699980693869,-0.00765895230385164,0.0126020533643896,NaN,NaN,NaN,NaN,NaN,NaN,NaN,NaN,NaN
NaN,NaN,0.0206303159793606,0.0137093884550268,0.0071966786684546,0.0104169070449037,-0.00459363756817766,0.00139111893561979,0.00257148571836296,NaN,NaN,NaN,NaN,NaN,NaN,NaN,NaN,NaN
NaN,NaN,0.00888682260119822,0.019106384148472,0.00393876329083772,-0.00135584848855312,0.00489376412588172,-0.00957136733147005,0.00350441016780678,NaN,NaN,NaN,NaN,NaN,NaN,NaN,NaN,NaN
NaN,NaN,0.0143326382240048,0.014411307653063,0.000886483937695933,0.00710493770505612,-0.000593495351495221,-0.0131436972102771,0.00135475002753083,NaN,NaN,NaN,NaN,NaN,NaN,NaN,NaN,NaN
NaN,NaN,0.00938379495346453,0.00622338034736458,0.00591374456901879,-0.0016138248417216,-0.0044697530393023,-0.0100203765711437,-0.0113158749736613,NaN,NaN,NaN,NaN,NaN,NaN,NaN,NaN,NaN
NaN,NaN,0.00410999461018946,0.014296140303486,-0.0025357726214376,0.00552221086885159,-0.00821320412796922,-0.0159117182871948,-0.00340209178102668,NaN,NaN,NaN,NaN,NaN,NaN,NaN,NaN,NaN
NaN,NaN,0.0166761065920582,0.00719923876749817,-0.00272011861185698,0.00526237187053387,-0.0154281973664183,-0.0107819190404067,-0.0185396040178603,NaN,NaN,NaN,NaN,NaN,NaN,NaN,NaN,NaN
NaN,NaN,0.00156718595826533,0.00706879772769753,0.000384761840299083,-0.00668468999598796,-0.00662142483633943,-0.0223701050660262,-0.0180991629458731,NaN,NaN,NaN,NaN,NaN,NaN,NaN,NaN,NaN
NaN,NaN,0.00788695468509104,0.00259451918827835,-0.00745758891086249,0.00128687244917576,-0.0140404335979838,-0.0232278531572471,-0.0148716459370917,NaN,NaN,NaN,NaN,NaN,NaN,NaN,NaN,NaN
NaN,NaN,0.00107079102599528,-0.0116585346258944,0.00183557614703508,-0.00389919730757053,-0.0212534338061232,-0.0201402580520759,-0.022419028202421,NaN,NaN,NaN,NaN,NaN,NaN,NaN,NaN,NaN
NaN,NaN,-0.00465626538789365,-0.000852082142955624,-0.00822531536202102,-0.00438255372379596,-0.0167212083761115,-0.0260862870297084,-0.00906280077470001,NaN,NaN,NaN,NaN,NaN,NaN,NaN,NaN,NaN
NaN,NaN,0.00742758913838771,-0.00670259467733558,-0.0080020400879827,-0.00561048391197498,-0.0202863111917395,-0.02104697508427,-0.0198575185931986,NaN,NaN,NaN,NaN,NaN,NaN,NaN,NaN,NaN
NaN,NaN,-0.00317596540844533,-0.00338192678464111,0.000404375493720485,-0.010595034090026,-0.00903906373423524,-0.025987939365829,-0.00998995102418121,NaN,NaN,NaN,NaN,NaN,NaN,NaN,NaN,NaN
NaN,NaN,-2.17807391891239e-05,0.00253137551771943,-0.00470044568161635,0.000496254089133194,-0.0123686164442915,-0.0227084359309326,-0.00167880974186119,NaN,NaN,NaN,NaN,NaN,NaN,NaN,NaN,NaN
NaN,NaN,0.00170427664124873,-0.00509218893421348,0.00460993021746011,-0.000292147723181794,-0.0181595988397021,-0.0105302943071971,-0.00487227759731468,NaN,NaN,NaN,NaN,NaN,NaN,NaN,NaN,NaN
NaN,NaN,0.00265970184409525,0.0102889945410425,-0.00291193380932479,0.000443429472701004,-0.00854695288580842,-0.0148925347408901,0.00801605336891953,NaN,NaN,NaN,NaN,NaN,NaN,NaN,NaN,NaN
NaN,NaN,0.0152379396458855,0.00491071843134705,-0.00306558340768485,0.00150666457678502,-0.0115056529466528,-0.00424457473369936,0.000255659004324116,NaN,NaN,NaN,NaN,NaN,NaN,NaN,NaN,NaN
NaN,NaN,0.00865954264008906,0.00681704260932747,0.00486744090934129,0.000626303973452499,-0.00147100610774942,-0.00561246407839159,0.00557202078925911,NaN,NaN,NaN,NaN,NaN,NaN,NaN,NaN,NaN
NaN,NaN,0.012081966837286,0.0140119379066164,0.0020748142900023,0.0107736035909814,-0.0051568828348536,-0.0100050097486625,0.00540147699939553,NaN,NaN,NaN,NaN,NaN,NaN,NaN,NaN,NaN
NaN,NaN,0.016559225608944,0.00770254411327187,0.010999548137382,0.00872335282231992,-0.00547351388377137,-0.0017611658355842,-0.00272321350348648,NaN,NaN,NaN,NaN,NaN,NaN,NaN,NaN,NaN
NaN,NaN,0.0159924413164845,0.0208747608267004,0.00534379377980561,0.00797749382521336,0.00706888662534766,-0.0137941142699371,0.0027489399217302,NaN,NaN,NaN,NaN,NaN,NaN,NaN,NaN,NaN
NaN,NaN,0.0267483788629761,0.0135439296864206,0.00924083858747811,0.0156669214096231,-0.00157293005031534,-0.00708074999662737,0.00141586341487709,NaN,NaN,NaN,NaN,NaN,NaN,NaN,NaN,NaN
NaN,NaN,0.0178847956558457,0.0130720471643144,0.0188324366511855,0.0131044059720201,0.00684294776874594,-0.0104999331912647,-0.00109138734114822,NaN,NaN,NaN,NaN,NaN,NaN,NaN,NaN,NaN
NaN,NaN,0.0147422525187722,0.0144604069791967,0.0122680094840083,0.0196415640142125,0.00326169581967406,-0.016835087367023,0.00164025627600495,NaN,NaN,NaN,NaN,NaN,NaN,NaN,NaN,NaN
NaN,NaN,0.0198307569226017,0.00787575148569886,0.0193207290770564,0.0124539889123601,-0.000640881044091657,-0.0119290290555606,-0.00734985641611274,NaN,NaN,NaN,NaN,NaN,NaN,NaN,NaN,NaN
NaN,NaN,0.00682301177585032,0.0169938837789232,0.00897341862340303,0.00993239578868573,0.00497959481435828,-0.0209113558909545,0.000413704445236363,NaN,NaN,NaN,NaN,NaN,NaN,NaN,NaN,NaN
NaN,NaN,0.0181463855406037,0.0120854971610243,0.00631419464965196,0.0124315440383119,-0.00959582699579187,-0.0129120959124217,-0.000166602651006542,NaN,NaN,NaN,NaN,NaN,NaN,NaN,NaN,NaN
NaN,NaN,0.00840773164236452,0.00725876890646759,0.0128554877640757,0.00712062117721265,-0.00714398993295617,-0.0188995128652702,-0.0113661291397875,NaN,NaN,NaN,NaN,NaN,NaN,NaN,NaN,NaN
NaN,NaN,0.00536338715755847,0.0129032542608911,0.00480506092329354,0.00533659827973073,-0.0101996034209151,-0.0241128517470012,-0.00343172646535095,NaN,NaN,NaN,NaN,NaN,NaN,NaN,NaN,NaN
NaN,NaN,0.014005073448061,0.00421250589715783,0.00820433244128556,0.00599988621737187,-0.0139133266930003,-0.0193142308077464,-0.0126775617100066,NaN,NaN,NaN,NaN,NaN,NaN,NaN,NaN,NaN
NaN,NaN,0.0025389651855221,0.0091789325379068,0.000877617746785594,-0.00474075901244457,-0.0109158277336974,-0.026862339504684,-0.00707200563920196,NaN,NaN,NaN,NaN,NaN,NaN,NaN,NaN,NaN
NaN,NaN,0.0106321769853821,0.00233749278413597,-0.00581697106341987,-0.000796440270884583,-0.0219914883200545,-0.0223966291329513,-0.0140307734109228,NaN,NaN,NaN,NaN,NaN,NaN,NaN,NaN,NaN
NaN,NaN,-0.00100004197156522,-0.00775010905636009,-0.00372991442660956,-0.00949694889519984,-0.0186120912258048,-0.0275208963236461,-0.0249378646112746,NaN,NaN,NaN,NaN,NaN,NaN,NaN,NaN,NaN
NaN,NaN,-0.00455124945438001,-0.00461710266245063,-0.0105337660012689,-0.0108392454955416,-0.0182717487041373,-0.0367245426556716,-0.0196195656753844,NaN,NaN,NaN,NaN,NaN,NaN,NaN,NaN,NaN
NaN,NaN,0.00088773026072886,-0.0117824564076727,-0.00887586280684142,-0.00661407711838062,-0.0225844800297637,-0.0323259620151172,-0.0250967668689555,NaN,NaN,NaN,NaN,NaN,NaN,NaN,NaN,NaN
NaN,NaN,-0.00915630430972669,-0.0095123576320475,-0.0137907314298597,-0.0200664915416079,-0.016573481989326,-0.0410781590423236,-0.0195714721776312,NaN,NaN,NaN,NaN,NaN,NaN,NaN,NaN,NaN
NaN,NaN,-0.000959343175054527,-0.0118679890729254,-0.0191533799467531,-0.00817167687152202,-0.0248600363556761,-0.03700585795256,-0.0257976057328051,NaN,NaN,NaN,NaN,NaN,NaN,NaN,NaN,NaN
NaN,NaN,-0.0097055983642349,-0.0191416183806723,-0.00833569571356444,-0.0195705250177222,-0.0230280503456015,-0.0383266596278797,-0.0290566014446085,NaN,NaN,NaN,NaN,NaN,NaN,NaN,NaN,NaN
NaN,NaN,-0.0119961676100502,-0.00489120952261146,-0.0120688277481046,-0.0102771736953097,-0.0193583227519412,-0.0418264767310272,-0.0190216193295782,NaN,NaN,NaN,NaN,NaN,NaN,NaN,NaN,NaN
NaN,NaN,-0.0014590722421417,-0.0121686386264628,-0.00970563396792083,-0.00453979822729404,-0.0241180330340285,-0.0321221886357913,-0.0170570874906844,NaN,NaN,NaN,NaN,NaN,NaN,NaN,NaN,NaN
NaN,NaN,-0.0104523328045616,-0.00581720493210014,-0.00766570225338607,-0.0135494314405757,-0.0133635856036562,-0.0356211302957187,-0.0120791869558161,NaN,NaN,NaN,NaN,NaN,NaN,NaN,NaN,NaN
NaN,NaN,-0.000578842023969627,-0.00554114229453262,-0.0125504519043413,-0.000402695712788651,-0.0236857876006979,-0.0275148986062656,-0.0147279056109255,NaN,NaN,NaN,NaN,NaN,NaN,NaN,NaN,NaN
NaN,NaN,-0.00565408439433668,-0.0108274223603075,-0.000142478495642232,-0.0101085298034983,-0.0201930112962145,-0.0284795252761493,-0.0221703837014502,NaN,NaN,NaN,NaN,NaN,NaN,NaN,NaN,NaN
NaN,NaN,-0.00543479518091772,0.00708248816954438,-0.00274906411747603,-0.00116416367624576,-0.0125777914945502,-0.033474506267036,-0.00916714615595993,NaN,NaN,NaN,NaN,NaN,NaN,NaN,NaN,NaN
NaN,NaN,0.00871572001778986,-0.00106058664096054,-0.00174167111496596,0.000644576522366454,-0.013757702690782,-0.0216972617587696,-0.014731556395418,NaN,NaN,NaN,NaN,NaN,NaN,NaN,NaN,NaN
NaN,NaN,-0.000303002903820014,0.0035174412332708,0.00128218427319856,-0.00709678160880382,-0.00538054926437326,-0.0238036712786804,-0.0161663333274191,NaN,NaN,NaN,NaN,NaN,NaN,NaN,NaN,NaN
NaN,NaN,0.00539622559153941,0.00366853900777642,-0.00280039861778884,0.00101280284191792,-0.0137742243532557,-0.0204290984353671,-0.0151828194357222,NaN,NaN,NaN,NaN,NaN,NaN,NaN,NaN,NaN
NaN,NaN,0.00375538422667887,-0.00535890109313186,0.00661033660192819,-0.00221573862169559,-0.0121731877152342,-0.0214059068045268,-0.0236135797895258,NaN,NaN,NaN,NaN,NaN,NaN,NaN,NaN,NaN
NaN,NaN,0.00126601486408618,0.00946233399736229,-0.00366410717348723,-0.00280338453982646,-0.00120442433399148,-0.0300220562300334,-0.00767190776241478,NaN,NaN,NaN,NaN,NaN,NaN,NaN,NaN,NaN
NaN,NaN,0.0110874447127571,-0.00401025287283119,-0.00368638440947204,0.000407107892291,-0.00993147565168329,-0.0209650186977039,-0.0177919941343134,NaN,NaN,NaN,NaN,NaN,NaN,NaN,NaN,NaN
NaN,NaN,0.00128831072652247,-0.00271495080960449,-0.00217559292893081,-0.0064772658321696,-0.00394018439692445,-0.0240121385237823,-0.0181952568091219,NaN,NaN,NaN,NaN,NaN,NaN,NaN,NaN,NaN
NaN,NaN,0.00363911791646388,-0.00363058991206344,-0.00685625255088477,0.00395412442352002,-0.0161624334577937,-0.0308952270230899,-0.0180301891959971,NaN,NaN,NaN,NaN,NaN,NaN,NaN,NaN,NaN
NaN,NaN,0.00844211607181933,-0.00717971123231109,0.00498644530792565,0.00211908367540066,-0.013864432257833,-0.0263623869201789,-0.0206877554155653,NaN,NaN,NaN,NaN,NaN,NaN,NaN,NaN,NaN
NaN,NaN,0.00195798753702548,0.00696383767353836,0.00196845725198121,-0.00153373110030467,-0.00519525332492776,-0.0353772541663299,-0.00828773550165351,NaN,NaN,NaN,NaN,NaN,NaN,NaN,NaN,NaN
NaN,NaN,0.0126484531065216,-0.00175805411709007,-0.000883978903099584,0.00327900868918126,-0.0154917135660071,-0.0225312797507892,-0.0174114371038741,NaN,NaN,NaN,NaN,NaN,NaN,NaN,NaN,NaN
NaN,NaN,0.000715212067007089,0.000618122299783863,0.00623058050890298,-0.00597535747025783,-0.0132853917602915,-0.0281768640658508,-0.0193468930519884,NaN,NaN,NaN,NaN,NaN,NaN,NaN,NaN,NaN
NaN,NaN,0.00409704922640231,0.00237511821615044,-0.00343489006142287,0.00541572344567006,-0.0184117823664565,-0.0325049249610553,-0.0166015589929884,NaN,NaN,NaN,NaN,NaN,NaN,NaN,NaN,NaN
NaN,NaN,0.0101401592692127,-0.00866377375496086,0.00539026677627893,-0.00125485586856181,-0.0186387456778903,-0.0249632982692371,-0.0197652431525057,NaN,NaN,NaN,NaN,NaN,NaN,NaN,NaN,NaN
NaN,NaN,-0.00282845170295331,0.00312373392807785,0.00222462683935495,-0.00943363758657748,-0.0129246346477885,-0.0342841049811492,-0.0160898903704947,NaN,NaN,NaN,NaN,NaN,NaN,NaN,NaN,NaN
NaN,NaN,0.0055129761894932,-0.0068592617608374,-0.00372944876532226,-0.00332242923711116,-0.0198264054779429,-0.0252319103262077,-0.0254133979178732,NaN,NaN,NaN,NaN,NaN,NaN,NaN,NaN,NaN
NaN,NaN,-0.00440274075663183,-0.00706134013307746,0.000804117769196941,-0.0106066383693057,-0.015915912372293,-0.0320240086099754,-0.0273636060155695,NaN,NaN,NaN,NaN,NaN,NaN,NaN,NaN,NaN
NaN,NaN,0.00236275895440486,-0.000825837472802959,-0.00761930376271872,-0.00257526638840015,-0.0172937668685336,-0.0361195741376529,-0.0180958474375075,NaN,NaN,NaN,NaN,NaN,NaN,NaN,NaN,NaN
NaN,NaN,0.00387479840719607,-0.0090325402416056,-0.00310525774936347,-0.0052107788894015,-0.0166986144904513,-0.0268444581112514,-0.024210166404373,NaN,NaN,NaN,NaN,NaN,NaN,NaN,NaN,NaN
NaN,NaN,-0.00810310886299703,-0.00209845251811203,-0.0075675408540216,-0.0121443823251563,-0.00842414869111963,-0.0346698774180065,-0.0217885228194064,NaN,NaN,NaN,NaN,NaN,NaN,NaN,NaN,NaN
NaN,NaN,-0.00053596393263433,-0.00627344123495277,-0.00941256538014083,-0.00080891999338443,-0.0156740851525683,-0.025490333714212,-0.0236772450007265,NaN,NaN,NaN,NaN,NaN,NaN,NaN,NaN,NaN
NaN,NaN,-0.00372822106874082,-0.00871987662685569,-0.000400119572683858,-0.00457442480061824,-0.010627248120727,-0.031581742145742,-0.0242855290271109,NaN,NaN,NaN,NaN,NaN,NaN,NaN,NaN,NaN
NaN,NaN,-0.000194038162590003,0.000685848077409901,-0.00812007591108947,-0.00185727256272609,-0.014191214722814,-0.0361761426708351,-0.0147540385223692,NaN,NaN,NaN,NaN,NaN,NaN,NaN,NaN,NaN
NaN,NaN,-0.000506664524436927,-0.00594127572549041,0.00265044614692063,-0.00216572659943874,-0.0173712529067416,-0.0249760573885093,-0.0277113432384795,NaN,NaN,NaN,NaN,NaN,NaN,NaN,NaN,NaN
NaN,NaN,-0.00962714375054929,0.0021426973544294,0.00026763871331544,-0.00772279801700885,-0.0060247078363318,-0.0351647822341571,-0.026382830212242,NaN,NaN,NaN,NaN,NaN,NaN,NaN,NaN,NaN
NaN,NaN,2.20845540752652e-05,-0.00409995786321815,-0.00455836310963302,0.00542082709337895,-0.0127324282948393,-0.0280171236178527,-0.0238640869356459,NaN,NaN,NaN,NaN,NaN,NaN,NaN,NaN,NaN
NaN,NaN,-5.47309318790195e-05,-0.00704528413189109,0.00688610121627183,-0.00400963353846843,-0.00934591589611955,-0.0305501720091949,-0.0227817224658793,NaN,NaN,NaN,NaN,NaN,NaN,NaN,NaN,NaN
NaN,NaN,-0.00821814582741353,-0.00200101755035575,-0.000103828608795688,-0.00346834885810191,-0.0125392719928641,-0.0344100942990432,-0.0164365100063151,NaN,NaN,NaN,NaN,NaN,NaN,NaN,NaN,NaN
NaN,NaN,-0.00272174076235387,-0.00838812089932617,0.000859047174647761,-0.00473701509569461,-0.0163194358174223,-0.0267237959584842,-0.0299784990347689,NaN,NaN,NaN,NaN,NaN,NaN,NaN,NaN,NaN
NaN,NaN,-0.0138354179362068,-0.00173650331271347,-0.000475593954130696,-0.013754583177312,-0.00668477339786477,-0.0330609059116493,-0.0271128008462256,NaN,NaN,NaN,NaN,NaN,NaN,NaN,NaN,NaN
NaN,NaN,-3.28634778270481e-05,-0.00233716912043747,-0.00995642051081328,0.00392419171597188,-0.0128283172671217,-0.0302128655991207,-0.0238385314441985,NaN,NaN,NaN,NaN,NaN,NaN,NaN,NaN,NaN
NaN,NaN,-0.000814354876638387,-0.00892139620555099,-0.00079725414495139,-0.00734348895881946,-0.0116031624202151,-0.0302368378421913,-0.0291036518610781,NaN,NaN,NaN,NaN,NaN,NaN,NaN,NaN,NaN
NaN,NaN,-0.0105449248949299,-0.000505034098750912,-0.00563459947685866,-0.00391963052485759,-0.0140977285627741,-0.0321478186330448,-0.0228167401946848,NaN,NaN,NaN,NaN,NaN,NaN,NaN,NaN,NaN
NaN,NaN,-0.00107328117883298,-0.00550962633860763,-0.00212684750537543,0.000364546450631073,-0.0133683912281413,-0.0240124551734577,-0.0313795807160204,NaN,NaN,NaN,NaN,NaN,NaN,NaN,NaN,NaN
NaN,NaN,-0.00939887658751104,-0.00224545247328933,-0.00146018818001418,-0.00425382631753261,-0.00574579535168596,-0.0314875668069969,-0.0260805974103278,NaN,NaN,NaN,NaN,NaN,NaN,NaN,NaN,NaN
NaN,NaN,0.00333759291970637,-0.00243104643595871,-0.00859752774219184,0.00671376359726613,-0.0113315701310057,-0.02904582528087,-0.0227990636922186,NaN,NaN,NaN,NaN,NaN,NaN,NaN,NaN,NaN
NaN,NaN,-0.00534216583764646,-0.012108754584915,0.00248368352670999,-0.0026354484531718,-0.014380273205461,-0.0289481854221473,-0.0309380034304922,NaN,NaN,NaN,NaN,NaN,NaN,NaN,NaN,NaN
NaN,NaN,-0.0127537053922424,-0.00488754011166748,-0.00511192262153296,-0.00264844971631343,-0.0152438141230959,-0.0339349521479259,-0.0269360358215636,NaN,NaN,NaN,NaN,NaN,NaN,NaN,NaN,NaN
NaN,NaN,-0.00628725335991476,-0.0105858931638068,-0.00244264036397605,-0.000481541481955597,-0.0174183219496626,-0.0245852371832977,-0.0316760579444235,NaN,NaN,NaN,NaN,NaN,NaN,NaN,NaN,NaN
NaN,NaN,-0.00999449462688062,-0.00913058988226112,0.000546383559897853,-0.0054849602553683,-0.00821016801637597,-0.032463369347776,-0.0231140183605021,NaN,NaN,NaN,NaN,NaN,NaN,NaN,NaN,NaN
NaN,NaN,-0.00473369554674718,-0.00424146301520523,-0.00634324282388358,0.002739512148158,-0.0135686628345866,-0.0292279360971103,-0.018924072603113,NaN,NaN,NaN,NaN,NaN,NaN,NaN,NaN,NaN
NaN,NaN,-0.0108565454283962,-0.0127903150714701,0.00241538032908769,-0.00871782305572803,-0.0189147524361033,-0.0264116538843761,-0.02598314381612,NaN,NaN,NaN,NaN,NaN,NaN,NaN,NaN,NaN
NaN,NaN,-0.0174022530118236,0.00296211220847908,-0.00463152781109481,-0.00511265474294002,-0.015295800549211,-0.0312302982589851,-0.0198019372619456,NaN,NaN,NaN,NaN,NaN,NaN,NaN,NaN,NaN
NaN,NaN,-0.00582002745068166,-0.0110505113698309,-0.00814609706382422,-0.00197189974520976,-0.0192326873366255,-0.0211477441868434,-0.0257134141720599,NaN,NaN,NaN,NaN,NaN,NaN,NaN,NaN,NaN
NaN,NaN,-0.00847915829217527,-0.00464815295708831,-0.00377808243016868,-0.00750702920292193,-0.00478334797662683,-0.0232582515260826,-0.0202450419164961,NaN,NaN,NaN,NaN,NaN,NaN,NaN,NaN,NaN
NaN,NaN,-0.00470717147982213,-0.00052865243924316,-0.00938436493258147,0.000459522726790359,-0.0111222460691351,-0.0243000662109504,-0.0195861870743101,NaN,NaN,NaN,NaN,NaN,NaN,NaN,NaN,NaN
NaN,NaN,-0.00691131399071309,-0.0104166718519991,0.00191436603684754,-0.00479615407918269,-0.0152575604442973,-0.0200266553244243,-0.0313405396736925,NaN,NaN,NaN,NaN,NaN,NaN,NaN,NaN,NaN
NaN,NaN,-0.0108535651961574,0.00406138949620072,-0.00367189303021102,0.000437934669510772,-0.00801753325504251,-0.0283042317411552,-0.0257533306576079,NaN,NaN,NaN,NaN,NaN,NaN,NaN,NaN,NaN
NaN,NaN,0.00547019123041537,-0.00922554753196891,-0.00550996988992362,0.00750708279277509,-0.0107343874697108,-0.0209747975847373,-0.0315087551571196,NaN,NaN,NaN,NaN,NaN,NaN,NaN,NaN,NaN
NaN,NaN,-0.00744539023435209,-0.00677868373168167,0.00397249579449029,0.00168914792205518,0.000191535073099658,-0.0248834094187866,-0.0297858642734354,NaN,NaN,NaN,NaN,NaN,NaN,NaN,NaN,NaN
NaN,NaN,-0.0111207616428146,-0.00504048190487083,-0.00349745631198554,0.00193062123920148,-0.0111148886207957,-0.0285842804393421,-0.0252104999817675,NaN,NaN,NaN,NaN,NaN,NaN,NaN,NaN,NaN
NaN,NaN,-0.0162130844692001,-0.0136649573541945,0.00453350588698716,0.000462335320965698,-0.0141422271553893,-0.0290242185971389,-0.0385267364181345,NaN,NaN,NaN,NaN,NaN,NaN,NaN,NaN,NaN
NaN,NaN,-0.0222848419944057,-0.0054658728040522,-0.00386246025542884,-0.000220249620421477,-0.00986108629149385,-0.0396376265368114,-0.0292039366759127,NaN,NaN,NaN,NaN,NaN,NaN,NaN,NaN,NaN
NaN,NaN,-0.00948234171664808,-0.0116634892619913,-0.0054940256474462,0.002692294093625,-0.0128291740838904,-0.0281906662664066,-0.0339199306763476,NaN,NaN,NaN,NaN,NaN,NaN,NaN,NaN,NaN
NaN,NaN,-0.0218446616927395,-0.00599819816125091,0.00189588859696718,-0.00379662143920238,-0.00666564403218217,-0.0319674400767932,-0.0367016235686606,NaN,NaN,NaN,NaN,NaN,NaN,NaN,NaN,NaN
NaN,NaN,-0.0232694362202892,-0.00236684105766471,-0.00635317072252898,-0.00273998009894664,-0.0183796331111807,-0.0358233763060222,-0.0311931113101309,NaN,NaN,NaN,NaN,NaN,NaN,NaN,NaN,NaN
NaN,NaN,-0.0233687710860977,-0.0104333611525362,-0.000447020977541492,-0.000766656574948378,-0.0215938135806937,-0.0277142388901363,-0.0413454959489172,NaN,NaN,NaN,NaN,NaN,NaN,NaN,NaN,NaN
NaN,NaN,-0.0285970670083771,-0.00542765132558998,-0.00708943709711699,-0.00590312409137065,-0.0153060450975318,-0.0364303378543506,-0.0310185628331965,NaN,NaN,NaN,NaN,NaN,NaN,NaN,NaN,NaN
NaN,NaN,-0.016902393559576,-0.0127245823241537,-0.00905203178505568,-0.00307266714905078,-0.0185571990732569,-0.0241159251114974,-0.0377477223373717,NaN,NaN,NaN,NaN,NaN,NaN,NaN,NaN,NaN
NaN,NaN,-0.0285624590615043,-0.0129991548456019,-0.00274450063686042,-0.0140785157952147,-0.0140574209217448,-0.0296427099189411,-0.042034004101879,NaN,NaN,NaN,NaN,NaN,NaN,NaN,NaN,NaN
NaN,NaN,-0.0323131744662533,-0.010358929852373,-0.0141141797600236,-0.00974713939164455,-0.0208370953623671,-0.0378167232653747,-0.0386511052347487,NaN,NaN,NaN,NaN,NaN,NaN,NaN,NaN,NaN
NaN,NaN,-0.0271740619937191,-0.0225419702328509,-0.0138700428603139,-0.00852613824342067,-0.0273586258117575,-0.0301608419201026,-0.0454067515529459,NaN,NaN,NaN,NaN,NaN,NaN,NaN,NaN,NaN
NaN,NaN,-0.0381050881842384,-0.0173241796292132,-0.0158738765118566,-0.0138797901842433,-0.0156338333908934,-0.0388739606520782,-0.0381072873569792,NaN,NaN,NaN,NaN,NaN,NaN,NaN,NaN,NaN
NaN,NaN,-0.0273324054578552,-0.0161275046266383,-0.0157572749255147,-0.00597587901089961,-0.018407945317449,-0.0320022529146324,-0.0404139126039809,NaN,NaN,NaN,NaN,NaN,NaN,NaN,NaN,NaN
NaN,NaN,-0.035941942493082,-0.0189521501160925,-0.00379797548036246,-0.0159154378149348,-0.0119335025374312,-0.0341091280958305,-0.040078208068735,NaN,NaN,NaN,NaN,NaN,NaN,NaN,NaN,NaN
NaN,NaN,-0.0340911810199032,-0.00950552172434982,-0.0121928054092374,-0.00616311210130031,-0.014558211696567,-0.0384879646978031,-0.0306039752758807,NaN,NaN,NaN,NaN,NaN,NaN,NaN,NaN,NaN
NaN,NaN,-0.0284089771012077,-0.0168790260649985,-0.00933593615870147,-0.00648588987921054,-0.0202884718601126,-0.0267578264853607,-0.0309195259906119,NaN,NaN,NaN,NaN,NaN,NaN,NaN,NaN,NaN
NaN,NaN,-0.0375950028101215,-0.00925289116275962,-0.00823501974324851,-0.00839411395524318,-0.00954326314968057,-0.027585287966455,-0.025257811168558,NaN,NaN,NaN,NaN,NaN,NaN,NaN,NaN,NaN
NaN,NaN,-0.0248271663585911,-0.00193802289140876,-0.00599261850099234,0.00237249654795354,-0.0107767998997588,-0.0189680209538589,-0.0239412004448241,NaN,NaN,NaN,NaN,NaN,NaN,NaN,NaN,NaN
NaN,NaN,-0.0298002426425228,-0.00323220736754593,0.00966833427567811,-0.00159327986572558,-0.00741051582735963,-0.0178776843628536,-0.0243293756939238,NaN,NaN,NaN,NaN,NaN,NaN,NaN,NaN,NaN
NaN,NaN,-0.0236934487620601,0.00818943955528084,0.0020191025735888,0.00551679057146733,-0.00563994122785516,-0.0219716107627998,-0.0161802472866839,NaN,NaN,NaN,NaN,NaN,NaN,NaN,NaN,NaN
NaN,NaN,-0.0162280042568455,-0.00212972633016761,0.00507562875767083,0.00666846406723683,-0.00744363365811296,-0.00930370522352556,-0.0226635003782576,NaN,NaN,NaN,NaN,NaN,NaN,NaN,NaN,NaN
NaN,NaN,-0.0187607359985122,0.00680467464553658,0.00727373629827829,0.00476130169893926,0.00633492993074469,-0.014686749704803,-0.0226723293162649,NaN,NaN,NaN,NaN,NaN,NaN,NaN,NaN,NaN
NaN,NaN,-0.00962492720282171,0.0103597005509073,0.0061443027855906,0.0110097683694524,0.00482754709082656,-0.00884150845619539,-0.0223218540049857,NaN,NaN,NaN,NaN,NaN,NaN,NaN,NaN,NaN
NaN,NaN,-0.0137794268230209,0.00595195569621865,0.0175971303882155,0.00836464461948102,0.00247778298216872,-0.0088257504782329,-0.0240759069420164,NaN,NaN,NaN,NaN,NaN,NaN,NaN,NaN,NaN
NaN,NaN,-0.0172298838297138,0.0146430952154333,0.00495286181588502,0.0106415606763524,0.00423686506110243,-0.0196818983337531,-0.0144984091020888,NaN,NaN,NaN,NaN,NaN,NaN,NaN,NaN,NaN
NaN,NaN,-0.0072910887101898,0.00106353663431946,0.00603915646691652,0.0147055171158475,-0.00283530054730363,-0.0100073008021961,-0.0271899143554037,NaN,NaN,NaN,NaN,NaN,NaN,NaN,NaN,NaN
NaN,NaN,-0.00961783052480314,0.00581372879969422,0.0087467905880961,0.00836350840593999,0.00521462337928824,-0.0193088477632652,-0.0250424707628554,NaN,NaN,NaN,NaN,NaN,NaN,NaN,NaN,NaN
NaN,NaN,-0.00720119745528791,0.0116226484678918,0.00206233456750245,0.014490027698533,-0.00192219464224763,-0.0145836895486961,-0.0254529605008429,NaN,NaN,NaN,NaN,NaN,NaN,NaN,NaN,NaN
NaN,NaN,-0.010459876517416,0.00288714074122254,0.0119167518617663,0.00963176486159985,-0.00771720035118051,-0.0114663666269431,-0.0280048961139983,NaN,NaN,NaN,NaN,NaN,NaN,NaN,NaN,NaN
NaN,NaN,-0.0187039998272667,0.00881119050609414,0.00152967393417688,0.0102846219864053,-0.00206578595680185,-0.0172915471872936,-0.0199035445548361,NaN,NaN,NaN,NaN,NaN,NaN,NaN,NaN,NaN
NaN,NaN,-0.00129184396064375,0.00251576655136887,0.00594635948558183,0.015480619641797,-0.00752795560401864,-0.00608490539404253,-0.0305023679829901,NaN,NaN,NaN,NaN,NaN,NaN,NaN,NaN,NaN
NaN,NaN,-0.00612606004870031,0.0056054664455587,0.0136042524876151,0.00769334730769818,0.00415785165387206,-0.0133022083124767,-0.0237171428598231,NaN,NaN,NaN,NaN,NaN,NaN,NaN,NaN,NaN
NaN,NaN,-0.00450464607274625,0.0132298690878088,0.0078370746972117,0.0122397288408441,-0.00225085837882943,-0.00934403149100641,-0.018857483039028,NaN,NaN,NaN,NaN,NaN,NaN,NaN,NaN,NaN
NaN,NaN,-0.00962790743506048,0.00181520708429161,0.0138012830915007,0.00341898647214597,-0.00519754437846132,-0.00946542007538179,-0.0213798584736651,NaN,NaN,NaN,NaN,NaN,NaN,NaN,NaN,NaN
NaN,NaN,-0.0143975642422447,0.00622248627769295,0.000684368312552884,0.00419993770386403,0.00111395420390181,-0.0176266370496402,-0.0206605980492895,NaN,NaN,NaN,NaN,NaN,NaN,NaN,NaN,NaN
NaN,NaN,-3.36271623382345e-05,-0.00232727847469505,0.00250039145369859,0.00831727755333607,-0.00769697202485986,-0.0135165801427017,-0.0272501522995299,NaN,NaN,NaN,NaN,NaN,NaN,NaN,NaN,NaN
NaN,NaN,-0.00881886751449201,0.0028552708827192,0.00545497506876321,0.00186820400025075,-0.000372716021956876,-0.0159250175735603,-0.0280105213023489,NaN,NaN,NaN,NaN,NaN,NaN,NaN,NaN,NaN
NaN,NaN,-0.00365911693370435,0.00996066608058754,-0.000357707142635867,0.00637340244914716,-0.00325480548781343,-0.0135056836685787,-0.0146981964207953,NaN,NaN,NaN,NaN,NaN,NaN,NaN,NaN,NaN
NaN,NaN,-0.00805007935559843,-0.00179227090848144,0.00512457907219262,0.00296785381700223,-0.00392412839573808,-0.00745594260903696,-0.0203332754172152,NaN,NaN,NaN,NaN,NaN,NaN,NaN,NaN,NaN
NaN,NaN,-0.00599995897209737,0.0124187430046732,-0.00315782159547476,0.00652658638621991,0.00668624343234114,-0.013469678737844,-0.0196342246927088,NaN,NaN,NaN,NaN,NaN,NaN,NaN,NaN,NaN
NaN,NaN,0.0060443888505688,0.00266081072913948,-0.00051983177642493,0.0171824626352948,-0.00282410604995675,-0.0056894658288608,-0.0195000956155127,NaN,NaN,NaN,NaN,NaN,NaN,NaN,NaN,NaN
NaN,NaN,0.000327893634676005,0.0086153333686525,0.00925575837512346,0.0127818517115278,0.00891152696567588,-0.00505152849170069,-0.0185009913839167,NaN,NaN,NaN,NaN,NaN,NaN,NaN,NaN,NaN
NaN,NaN,0.000511624952196147,0.018000773867243,0.00643601164241166,0.0208435475554628,0.00654837043839507,-0.00689871368619303,-0.00796974472177681,NaN,NaN,NaN,NaN,NaN,NaN,NaN,NaN,NaN
NaN,NaN,0.00232267483079341,0.00768047176825348,0.0165145237745795,0.0184454850580854,0.00425835998612456,-0.00190717858883242,-0.0161151478387183,NaN,NaN,NaN,NaN,NaN,NaN,NaN,NaN,NaN
NaN,NaN,-0.000978249023319222,0.0196067465149099,0.0161232006551775,0.0176026381280584,0.0148471437569242,-0.00912770388337473,-0.0109916629589861,NaN,NaN,NaN,NaN,NaN,NaN,NaN,NaN,NaN
NaN,NaN,0.0108668702741852,0.0107626279495889,0.0160959315301928,0.0267347216334504,0.00587731527048163,0.00122985111859938,-0.00898060224426445,NaN,NaN,NaN,NaN,NaN,NaN,NaN,NaN,NaN
NaN,NaN,0.00404653428995516,0.0125674752198393,0.0258802574874911,0.0194807246055764,0.0167888395662885,0.000192078373705348,-0.00836803413403686,NaN,NaN,NaN,NaN,NaN,NaN,NaN,NaN,NaN
NaN,NaN,-0.00177825511491391,0.0208812055789167,0.017666160017446,0.0226949982073468,0.0142542824323755,-0.00119561088892321,-0.00223788268340286,NaN,NaN,NaN,NaN,NaN,NaN,NaN,NaN,NaN
NaN,NaN,0.00530007584893611,0.0113948097132379,0.0230581079425368,0.0202067836847467,0.0114152200694662,0.00402435900953909,-0.0137187430955237,NaN,NaN,NaN,NaN,NaN,NaN,NaN,NaN,NaN
NaN,NaN,0.00180696426832583,0.0197014992736513,0.0181881476940665,0.0145663216438455,0.0156060785229784,-0.00256541875811914,-0.00796844087017234,NaN,NaN,NaN,NaN,NaN,NaN,NaN,NaN,NaN
NaN,NaN,0.0116743269463768,0.012443367173546,0.0139246274532828,0.022001833441512,0.00685363935190253,0.00608954819229742,-0.0091565477050608,NaN,NaN,NaN,NaN,NaN,NaN,NaN,NaN,NaN
NaN,NaN,0.00105957790219691,0.014707896640175,0.0208101560177359,0.0179129175570173,0.0160754651005846,0.00482538955596586,-0.010284826377756,NaN,NaN,NaN,NaN,NaN,NaN,NaN,NaN,NaN
NaN,NaN,-0.00159679622447584,0.0200503540836507,0.00806608691830964,0.021678608628766,0.0128026671882253,-0.00134952125760416,-0.00811924062145408,NaN,NaN,NaN,NaN,NaN,NaN,NaN,NaN,NaN
NaN,NaN,0.00869379668438341,0.0109110248886282,0.0163705413045439,0.0216209597613973,0.0143636383290868,0.00815334039119383,-0.0150585437513655,NaN,NaN,NaN,NaN,NaN,NaN,NaN,NaN,NaN
NaN,NaN,0.00643530218803789,0.016421586056822,0.0171443772317919,0.0167930207874936,0.0188260145660024,0.000861960075174771,-0.00401030130160507,NaN,NaN,NaN,NaN,NaN,NaN,NaN,NaN,NaN
NaN,NaN,0.0198230455716839,0.0158378144406015,0.0216636572780165,0.0283214717831773,0.014236028509913,0.00933474170354506,-0.00223041347635444,NaN,NaN,NaN,NaN,NaN,NaN,NaN,NaN,NaN
NaN,NaN,0.00442319839203265,0.0141057034634287,0.0277574126424346,0.0258413411405248,0.020000468211947,0.00640282647994657,-0.00780061654222663,NaN,NaN,NaN,NaN,NaN,NaN,NaN,NaN,NaN
NaN,NaN,0.00467653675877955,0.0221015548013383,0.020193527341083,0.0257691636409921,0.0187672108586412,-0.00207895172449449,-0.00570366925967392,NaN,NaN,NaN,NaN,NaN,NaN,NaN,NaN,NaN
NaN,NaN,0.0113807554444065,0.0107305159472162,0.0211516906322989,0.0243472203340692,0.0116047628398519,0.00491764637020727,-0.0110276678897208,NaN,NaN,NaN,NaN,NaN,NaN,NaN,NaN,NaN
NaN,NaN,0.00755637242400553,0.0196750497125322,0.0208431807162318,0.0149968348171872,0.0165785283024888,-0.00240912420364717,-0.000910375485545956,NaN,NaN,NaN,NaN,NaN,NaN,NaN,NaN,NaN
NaN,NaN,0.0103347125550499,0.0184616667829687,0.0210594338180575,0.0301157578554315,0.0109446786518674,0.00440497191933294,0.00112368889676873,NaN,NaN,NaN,NaN,NaN,NaN,NaN,NaN,NaN
NaN,NaN,0.00402304633462336,0.0178324652515585,0.0255864624681029,0.0243644870546026,0.0167820222850423,0.00738043578652044,-0.00420701525581535,NaN,NaN,NaN,NaN,NaN,NaN,NaN,NaN,NaN
NaN,NaN,0.00574182077252772,0.0305572746001417,0.0178665806355032,0.0250601291384858,0.017852056043921,0.00367494540599485,0.00423805021273438,NaN,NaN,NaN,NaN,NaN,NaN,NaN,NaN,NaN
NaN,NaN,0.013713327338337,0.0188863126240903,0.0184511531891379,0.0244468532231015,0.0112876102502923,0.0111487718143811,-0.00041450209391769,NaN,NaN,NaN,NaN,NaN,NaN,NaN,NaN,NaN
NaN,NaN,0.00673010303580668,0.0254186277888948,0.0234279175104651,0.0189200311627549,0.0174953594978433,0.0073868246593823,2.84217821899801e-06,NaN,NaN,NaN,NaN,NaN,NaN,NaN,NaN,NaN
NaN,NaN,0.00702848016226199,0.0237698888086015,0.0170240317287001,0.0316348939862413,0.0160099744971376,0.0116543495872368,-0.00112377874029335,NaN,NaN,NaN,NaN,NaN,NaN,NaN,NaN,NaN
NaN,NaN,0.00854547425115016,0.0199231726728613,0.0235836160184893,0.0252878375079793,0.021874047088204,0.00983445214418074,-0.0100078882969683,NaN,NaN,NaN,NaN,NaN,NaN,NaN,NaN,NaN
NaN,NaN,0.00989313526952174,0.0318574009143049,0.0174358811976466,0.0217525556411905,0.0228933051403146,0.0023100176670899,6.4272215240635e-05,NaN,NaN,NaN,NaN,NaN,NaN,NaN,NaN,NaN
NaN,NaN,0.0151112425228348,0.0182297302089864,0.0192222882809195,0.0214714452352685,0.0154600843961816,0.00634115429905554,-0.00287833459151443,NaN,NaN,NaN,NaN,NaN,NaN,NaN,NaN,NaN
NaN,NaN,0.00343255056941416,0.0206847710214788,0.0252463062109503,0.0196855224397344,0.0206436768348794,0.00515170635965963,-0.00916327185404953,NaN,NaN,NaN,NaN,NaN,NaN,NaN,NaN,NaN
NaN,NaN,0.0065769936045399,0.0199294497870142,0.0088167887928042,0.0286863267150087,0.0183287255640607,0.00519583242324491,-0.00517976305854972,NaN,NaN,NaN,NaN,NaN,NaN,NaN,NaN,NaN
NaN,NaN,0.0108629400929203,0.0142159534298116,0.0155584838988337,0.0228360563244981,0.0190323211427312,0.00509165468004843,-0.0131932536460226,NaN,NaN,NaN,NaN,NaN,NaN,NaN,NaN,NaN
NaN,NaN,0.00325248866283801,0.0209483539365465,0.0102693167330775,0.0158730603482885,0.0173920944507699,-0.00447207821222643,-0.00218323267472442,NaN,NaN,NaN,NaN,NaN,NaN,NaN,NaN,NaN
NaN,NaN,0.00866218759620097,0.010118152727955,0.0179870565237555,0.0175738416340513,0.0117913998838048,0.00216709690478941,-0.00877016059530433,NaN,NaN,NaN,NaN,NaN,NaN,NaN,NaN,NaN
NaN,NaN,-0.00312351332104299,0.0159400177799398,0.0190050479771647,0.0156129978325528,0.017330236005364,0.000891743771110974,-0.0110785926081007,NaN,NaN,NaN,NaN,NaN,NaN,NaN,NaN,NaN
NaN,NaN,0.00437443434202578,0.0184915994905168,0.00868597522397371,0.0232948817041082,0.0157145962293725,0.000375455788647137,-0.00575988389027771,NaN,NaN,NaN,NaN,NaN,NaN,NaN,NaN,NaN
NaN,NaN,0.0106276135047665,0.0166128983400995,0.0152004648747,0.0205335661497278,0.0166162282403093,0.0066098594882836,-0.00996325931919273,NaN,NaN,NaN,NaN,NaN,NaN,NaN,NaN,NaN
NaN,NaN,0.00274355812871363,0.0234827620588476,0.0177540954949412,0.0125711120393438,0.0218176275666337,0.0033389055946221,0.00242236234771553,NaN,NaN,NaN,NaN,NaN,NaN,NaN,NaN,NaN
NaN,NaN,0.0167532201012364,0.0171180849574739,0.0249785509707484,0.0239642232384843,0.0192918993707281,0.0156678283431878,-0.003059812108404,NaN,NaN,NaN,NaN,NaN,NaN,NaN,NaN,NaN
NaN,NaN,0.0150745297869435,0.0254859251581365,0.0257343564929518,0.0244864530589742,0.0273684032435995,0.0169035071351876,0.00185537316428963,NaN,NaN,NaN,NaN,NaN,NaN,NaN,NaN,NaN
NaN,NaN,0.0238321098586312,0.0322259997628862,0.0189001996817145,0.0369850441541833,0.0258663475688081,0.014424885235106,0.00613461413013283,NaN,NaN,NaN,NaN,NaN,NaN,NaN,NaN,NaN
NaN,NaN,0.0319667096337071,0.0253206712804968,0.0261043150724921,0.0314867950704259,0.0277259938593488,0.0231948705234875,0.000156584908836521,NaN,NaN,NaN,NaN,NaN,NaN,NaN,NaN,NaN
NaN,NaN,0.018804346313118,0.0305180286668474,0.0307170812787566,0.0234735280003709,0.0320789583201986,0.0148100429990639,0.00651433297025505,NaN,NaN,NaN,NaN,NaN,NaN,NaN,NaN,NaN
NaN,NaN,0.0343352678319206,0.0216931698523695,0.0267719615997824,0.0366655073788327,0.029026157426415,0.024616646192347,0.00297573559510056,NaN,NaN,NaN,NaN,NaN,NaN,NaN,NaN,NaN
NaN,NaN,0.0234343047341099,0.0231209804915125,0.0269047868253741,0.033510130616681,0.0334956862207036,0.0166938850500931,0.00842775382625405,NaN,NaN,NaN,NaN,NaN,NaN,NaN,NaN,NaN
NaN,NaN,0.0288717384537449,0.0310288777254755,0.019336114525989,0.0385729863968057,0.0312456667597871,0.0146231079318871,0.0155932565830881,NaN,NaN,NaN,NaN,NaN,NaN,NaN,NaN,NaN
NaN,NaN,0.0261636572977295,0.0214841624401743,0.0291661125423464,0.0318407907810373,0.027996934222756,0.0248035626330723,0.00927503385173623,NaN,NaN,NaN,NaN,NaN,NaN,NaN,NaN,NaN
NaN,NaN,0.0173949199815979,0.0290918012760812,0.0349622544648203,0.0251010700788659,0.0341275140817743,0.0172821270146718,0.0172342097066576,NaN,NaN,NaN,NaN,NaN,NaN,NaN,NaN,NaN
NaN,NaN,0.0306343036791077,0.0249808316730196,0.029006055444673,0.0410825468328161,0.0298732698138338,0.0236726762571683,0.0168702488444978,NaN,NaN,NaN,NaN,NaN,NaN,NaN,NaN,NaN
NaN,NaN,0.0222640792926541,0.0264283677242929,0.0283603136243376,0.0375203497436208,0.0336475663061719,0.0201687799611439,0.0161395704053575,NaN,NaN,NaN,NaN,NaN,NaN,NaN,NaN,NaN
NaN,NaN,0.028584611703991,0.0322208588622743,0.0225120921434912,0.0387487269666356,0.0280423455114942,0.0190184103169789,0.0211502162419492,NaN,NaN,NaN,NaN,NaN,NaN,NaN,NaN,NaN
NaN,NaN,0.0259530666371575,0.0247716566227609,0.0302205932142291,0.0302342593398256,0.0239124328072648,0.026517922601973,0.00773389988171402,NaN,NaN,NaN,NaN,NaN,NaN,NaN,NaN,NaN
NaN,NaN,0.0223597261210671,0.0307272223435575,0.0352927249671969,0.0275528698887986,0.0341900617058855,0.0183681981482854,0.0144809035264188,NaN,NaN,NaN,NaN,NaN,NaN,NaN,NaN,NaN
NaN,NaN,0.0318890745838871,0.025142024984234,0.0226680700482878,0.0427848368611497,0.0307769507344346,0.0254634419300904,0.0094761250220472,NaN,NaN,NaN,NaN,NaN,NaN,NaN,NaN,NaN
NaN,NaN,0.0324699963530293,0.0251729635201627,0.027757580280498,0.0327967188980741,0.0340860888536554,0.0226248824813714,0.00579935662972275,NaN,NaN,NaN,NaN,NaN,NaN,NaN,NaN,NaN
NaN,NaN,0.0273324112495175,0.029527231832617,0.0188004364075217,0.0304429687287969,0.0290047370071989,0.0155974017300953,0.00719680615293328,NaN,NaN,NaN,NaN,NaN,NaN,NaN,NaN,NaN
NaN,NaN,0.0266413512727013,0.0205985491775209,0.0255159986021075,0.0244508020308179,0.0283288203354459,0.0187618868270268,-0.00464037827623542,NaN,NaN,NaN,NaN,NaN,NaN,NaN,NaN,NaN
NaN,NaN,0.0194262462755432,0.0235899572871858,0.0250281345846209,0.0230565190043611,0.0373982072051149,0.00620266663221022,0.00412079670059029,NaN,NaN,NaN,NaN,NaN,NaN,NaN,NaN,NaN
NaN,NaN,0.0266913260420552,0.0197293458186323,0.0111285921933207,0.0371137715604467,0.025133862363873,0.0127252960422387,0.000278960695140995,NaN,NaN,NaN,NaN,NaN,NaN,NaN,NaN,NaN
NaN,NaN,0.0252278830012074,0.0187404675089056,0.0184866179527792,0.0257518224146528,0.0257940955634695,0.0129837380566945,-0.00219571239722427,NaN,NaN,NaN,NaN,NaN,NaN,NaN,NaN,NaN
NaN,NaN,0.0130377831956139,0.0257469562493497,0.0112724070252928,0.0284281268444223,0.0190445587213617,0.00629993396190306,0.000299598803394474,NaN,NaN,NaN,NaN,NaN,NaN,NaN,NaN,NaN
NaN,NaN,0.02160911737883,0.0176443753443891,0.0207024019958529,0.0289754092421693,0.0249919846828561,0.0144117908397069,-0.00612460843694862,NaN,NaN,NaN,NaN,NaN,NaN,NaN,NaN,NaN
NaN,NaN,0.0127175572415581,0.0214513798855478,0.0215617333354506,0.0310310244288606,0.0340364307339769,0.00932827832487722,0.00630936749803368,NaN,NaN,NaN,NaN,NaN,NaN,NaN,NaN,NaN
NaN,NaN,0.0275068852206459,0.0265581382118398,0.0158814479412589,0.0381317443874044,0.0230110801931005,0.0202417397716393,0.0103122478030855,NaN,NaN,NaN,NaN,NaN,NaN,NaN,NaN,NaN
NaN,NaN,0.0216871249576798,0.0233646703563863,0.0268451076747927,0.0291689194467229,0.0225065827544313,0.0229967595854153,0.00305014826881234,NaN,NaN,NaN,NaN,NaN,NaN,NaN,NaN,NaN
NaN,NaN,0.017392275025486,0.0308738311432535,0.0224413675071749,0.0329995050754709,0.0257001996214967,0.0166065083661427,0.00947813667880837,NaN,NaN,NaN,NaN,NaN,NaN,NaN,NaN,NaN
NaN,NaN,0.0264214846392861,0.0209734251402551,0.0268572893740687,0.0364706746962232,0.0316744476731401,0.0227325806238999,0.0027167161606485,NaN,NaN,NaN,NaN,NaN,NaN,NaN,NaN,NaN
NaN,NaN,0.0207763659855118,0.0235998665593797,0.0252695333959612,0.0293091580000085,0.0377585545356851,0.0197707513192048,0.0109396425687009,NaN,NaN,NaN,NaN,NaN,NaN,NaN,NaN,NaN
NaN,NaN,0.0274894322355976,0.0291114708088571,0.016648969501451,0.0301204889741105,0.0286279425199609,0.0240876177170624,0.0143708584510023,NaN,NaN,NaN,NaN,NaN,NaN,NaN,NaN,NaN
NaN,NaN,0.0173498439689865,0.0217264366947347,0.0277265672387633,0.0236906006660623,0.0269855179067235,0.0229988457479825,0.00539173536526505,NaN,NaN,NaN,NaN,NaN,NaN,NaN,NaN,NaN
NaN,NaN,0.0160248699685326,0.0311940943502122,0.0233147618176493,0.0303120434012574,0.0370182462211233,0.0164845796146741,0.0141968128882581,NaN,NaN,NaN,NaN,NaN,NaN,NaN,NaN,NaN
NaN,NaN,0.028708142330288,0.0211434473894769,0.026143244356111,0.0387899100508851,0.040484703349648,0.0280846865692486,0.0141180416248972,NaN,NaN,NaN,NaN,NaN,NaN,NaN,NaN,NaN
NaN,NaN,0.0257131206890335,0.0287347694538766,0.0277105671169314,0.0283069245245618,0.0427011765714269,0.0291560055532803,0.0226934363745386,NaN,NaN,NaN,NaN,NaN,NaN,NaN,NaN,NaN
NaN,NaN,0.0253864686092129,0.034359082361334,0.020951735675529,0.0363045453753633,0.0327473126526456,0.0302170986154427,0.0220704747043783,NaN,NaN,NaN,NaN,NaN,NaN,NaN,NaN,NaN
NaN,NaN,0.023853101869463,0.0249327195488149,0.0358471412958655,0.0353470153834981,0.0294519953604322,0.0284790458002438,0.0128074472449953,NaN,NaN,NaN,NaN,NaN,NaN,NaN,NaN,NaN
NaN,NaN,0.0203768844803562,0.0335133110784227,0.0308998999001536,0.042380885007636,0.0416550032969099,0.019359572402512,0.0205861514114076,NaN,NaN,NaN,NaN,NaN,NaN,NaN,NaN,NaN
NaN,NaN,0.0389234657486668,0.0249896233581239,0.034398767054275,0.0456791639056367,0.0350985482509714,0.0352026918747773,0.0182861385546857,NaN,NaN,NaN,NaN,NaN,NaN,NaN,NaN,NaN
NaN,NaN,0.0312735076149693,0.0337721815012628,0.0397684936227355,0.0284900039162797,0.0406728305097204,0.0348841609278073,0.0261818913422758,NaN,NaN,NaN,NaN,NaN,NaN,NaN,NaN,NaN
NaN,NaN,0.031385489841341,0.036770146121853,0.0333097343148741,0.041077741208331,0.0334230803127866,0.0321318605759492,0.0253950727783376,NaN,NaN,NaN,NaN,NaN,NaN,NaN,NaN,NaN
NaN,NaN,0.0309533934196224,0.0265803595684702,0.040439325273231,0.0374920747902555,0.0357680946763139,0.0327978120961537,0.0153280717931921,NaN,NaN,NaN,NaN,NaN,NaN,NaN,NaN,NaN
NaN,NaN,0.0239856104453793,0.033817667295807,0.0296221625806841,0.0359166681494874,0.0468503490264993,0.0206345157542576,0.0254092661343748,NaN,NaN,NaN,NaN,NaN,NaN,NaN,NaN,NaN
NaN,NaN,0.0395788560708752,0.0266845186852151,0.0261948396267447,0.0305569626119298,0.036770682054339,0.0344353938320031,0.0201265623472864,NaN,NaN,NaN,NaN,NaN,NaN,NaN,NaN,NaN
NaN,NaN,0.0252678553661099,0.0292254646919901,0.0282644805314097,0.0184209726479215,0.0377041094179731,0.0270193653025975,0.0204694753192598,NaN,NaN,NaN,NaN,NaN,NaN,NaN,NaN,NaN
NaN,NaN,0.0248571607371559,0.031309708734625,0.0185512517394576,0.0326094858076734,0.0289241776044946,0.0182269537666192,0.0196578463219339,NaN,NaN,NaN,NaN,NaN,NaN,NaN,NaN,NaN
NaN,NaN,0.0287289294501534,0.0187851523660356,0.0249343690278086,0.0352075777676267,0.0287774570460897,0.027145373246943,0.00820934005605523,NaN,NaN,NaN,NaN,NaN,NaN,NaN,NaN,NaN
NaN,NaN,0.0231938931246987,0.0260530633531744,0.0180792574586424,0.0330114073779744,0.0405835539277177,0.0205705338933816,0.0191906390391523,NaN,NaN,NaN,NaN,NaN,NaN,NaN,NaN,NaN
NaN,NaN,0.03652266516292,0.0238291581772501,0.0204896879198107,0.0306442647900743,0.0310907133098226,0.0353437872448315,0.0187744123541052,NaN,NaN,NaN,NaN,NaN,NaN,NaN,NaN,NaN
NaN,NaN,0.0234327401121846,0.0233103556238348,0.0283765186371359,0.0274556584384603,0.0348692752595525,0.0271165395000329,0.0196246539853746,NaN,NaN,NaN,NaN,NaN,NaN,NaN,NaN,NaN
NaN,NaN,0.025430929948925,0.0283918378554517,0.0252905254067931,0.0401435129072828,0.0296318151231389,0.0176519738355031,0.0228121427498991,NaN,NaN,NaN,NaN,NaN,NaN,NaN,NaN,NaN
NaN,NaN,0.0286822701891651,0.0166325864993269,0.0288913165034804,0.0376127369430227,0.0274127900775056,0.0270571211197724,0.0135177297197515,NaN,NaN,NaN,NaN,NaN,NaN,NaN,NaN,NaN
NaN,NaN,0.0238524126907578,0.0249261816643411,0.0264271301033053,0.0254359177973432,0.0369615659292322,0.0200719596662869,0.0186285858653719,NaN,NaN,NaN,NaN,NaN,NaN,NaN,NaN,NaN
NaN,NaN,0.0297152931889286,0.0245598366163904,0.0251396138968024,0.0271397538211507,0.0254335619683843,0.028011112085854,0.0202689243160421,NaN,NaN,NaN,NaN,NaN,NaN,NaN,NaN,NaN
NaN,NaN,0.0162569369276753,0.0229540874861414,0.0296816182138476,0.0217939249899549,0.0315708100970369,0.0201096782305588,0.018707059105509,NaN,NaN,NaN,NaN,NaN,NaN,NaN,NaN,NaN
NaN,NaN,0.0199225480755558,0.0264022161863977,0.019403989315227,0.0350129313495321,0.0279008031066041,0.013407620213305,0.0253044178389246,NaN,NaN,NaN,NaN,NaN,NaN,NaN,NaN,NaN
NaN,NaN,0.0243512663146248,0.0154640374385053,0.0222664465012106,0.0310995883968038,0.0234087549324613,0.0289616385319581,0.0200555583141977,NaN,NaN,NaN,NaN,NaN,NaN,NaN,NaN,NaN
NaN,NaN,0.019695696522831,0.0273342279397184,0.0209122662248168,0.0207413814690275,0.034860856103478,0.0275768177428593,0.0252680962585146,NaN,NaN,NaN,NaN,NaN,NaN,NaN,NaN,NaN
NaN,NaN,0.0263440544804325,0.026091601481312,0.0193539959194216,0.031215221407668,0.0261447198863607,0.034125598690783,0.0266989988886053,NaN,NaN,NaN,NaN,NaN,NaN,NaN,NaN,NaN
NaN,NaN,0.01638480751717,0.0213905272685224,0.0283328023554835,0.029326052191512,0.0309223674412351,0.0286869356253495,0.0198738572798902,NaN,NaN,NaN,NaN,NaN,NaN,NaN,NaN,NaN
NaN,NaN,0.0214751745661488,0.024656526526087,0.0192774784566912,0.0400654121961755,0.032877288031159,0.021534732154881,0.0247155984543497,NaN,NaN,NaN,NaN,NaN,NaN,NaN,NaN,NaN
NaN,NaN,0.0269185128709069,0.0142628362082178,0.0231091816725287,0.0319236039843721,0.027293208258925,0.0358709530749669,0.0190590431593591,NaN,NaN,NaN,NaN,NaN,NaN,NaN,NaN,NaN
NaN,NaN,0.0212882208725205,0.0244158355199033,0.0272830341758284,0.026147355112092,0.0385032028134447,0.0272377418198933,0.0246742477320367,NaN,NaN,NaN,NaN,NaN,NaN,NaN,NaN,NaN
NaN,NaN,0.0261351402004948,0.0221389380894834,0.0232725915314707,0.035544660660283,0.0331117205496412,0.0302604423680653,0.0275347118877107,NaN,NaN,NaN,NaN,NaN,NaN,NaN,NaN,NaN
NaN,NaN,0.023626734604477,0.017720836927765,0.033377758115724,0.0342524692144555,0.0375750653620344,0.0274555967965474,0.0225548369489843,NaN,NaN,NaN,NaN,NaN,NaN,NaN,NaN,NaN
NaN,NaN,0.0195116485556355,0.0210592930816347,0.019619497358993,0.0372148200597925,0.037532410788117,0.0196341821768632,0.0295227689348394,NaN,NaN,NaN,NaN,NaN,NaN,NaN,NaN,NaN
NaN,NaN,0.0263953889807453,0.0156245415710146,0.0251443822683844,0.0323156162824792,0.0287691310222726,0.0293817953982701,0.0210334283910925,NaN,NaN,NaN,NaN,NaN,NaN,NaN,NaN,NaN
NaN,NaN,0.0131882849236717,0.0207803992234403,0.0223682773115191,0.0250779732790155,0.0355197854514699,0.0182586559870591,0.0253557523392374,NaN,NaN,NaN,NaN,NaN,NaN,NaN,NaN,NaN
NaN,NaN,0.0213201279839268,0.0207543221913511,0.0180850502850565,0.0335269689288301,0.0252444662328344,0.020348953626429,0.0269849149190122,NaN,NaN,NaN,NaN,NaN,NaN,NaN,NaN,NaN
NaN,NaN,0.0193059566518059,0.0144056638382608,0.0250500765444788,0.0272322900321645,0.0258619517262559,0.021182301066195,0.0201968399487669,NaN,NaN,NaN,NaN,NaN,NaN,NaN,NaN,NaN
NaN,NaN,0.0165575678547611,0.0208507327042753,0.0110147286953482,0.0239926658299131,0.0242010496731382,0.0213850127377858,0.0250222270988161,NaN,NaN,NaN,NaN,NaN,NaN,NaN,NaN,NaN
NaN,NaN,0.0281161378225079,0.0138565560482675,0.0193910253049883,0.0269726372983617,0.021607502567349,0.0317704701640954,0.0183284392260248,NaN,NaN,NaN,NaN,NaN,NaN,NaN,NaN,NaN
NaN,NaN,0.0180477026005974,0.0201450882159406,0.0243778106572184,0.0255735486474199,0.0342616059060674,0.025931897185122,0.0227586103283102,NaN,NaN,NaN,NaN,NaN,NaN,NaN,NaN,NaN
NaN,NaN,0.0333988416095963,0.0244876963697607,0.0251936864854846,0.0370428979125184,0.0316826433117967,0.0294744992473473,0.0288146471284563,NaN,NaN,NaN,NaN,NaN,NaN,NaN,NaN,NaN
NaN,NaN,0.0326289172371617,0.0198851560853655,0.0318449687959704,0.0315427675571603,0.0326720245357137,0.033832604608809,0.0253886280261213,NaN,NaN,NaN,NaN,NaN,NaN,NaN,NaN,NaN
NaN,NaN,0.0313470448454609,0.0310233084164793,0.0224900197984728,0.0302872888472242,0.0337493412371259,0.0287203514793267,0.0286522058449918,NaN,NaN,NaN,NaN,NaN,NaN,NaN,NaN,NaN
NaN,NaN,0.0386134284635773,0.0172629056178266,0.0251575511695895,0.0346707448091668,0.031776446121512,0.0326210656979432,0.0247894709609682,NaN,NaN,NaN,NaN,NaN,NaN,NaN,NaN,NaN
NaN,NaN,0.0249785120686283,0.0213471090100938,0.0279207107426676,0.0331166654553575,0.0423882894392591,0.0276836590686192,0.0302784254454309,NaN,NaN,NaN,NaN,NaN,NaN,NaN,NaN,NaN
NaN,NaN,0.0328010629018536,0.0246023980580503,0.0243289907278571,0.0405518978562516,0.0397864349361043,0.0246514404037346,0.0389495229028398,NaN,NaN,NaN,NaN,NaN,NaN,NaN,NaN,NaN
NaN,NaN,0.0281324545940151,0.0198516657255823,0.0276368436219248,0.0364493846621675,0.0298112623568159,0.0338244648495068,0.0345587467454607,NaN,NaN,NaN,NaN,NaN,NaN,NaN,NaN,NaN
NaN,NaN,0.0240558694204083,0.0310888921521837,0.0220508080722842,0.0332154787805242,0.0322973162110429,0.0284425007024159,0.0380534974538023,NaN,NaN,NaN,NaN,NaN,NaN,NaN,NaN,NaN
NaN,NaN,0.0296837399801007,0.0202993711136514,0.0228072655202899,0.0424848392334146,0.0266774922783952,0.0372510241189351,0.0358105560444528,NaN,NaN,NaN,NaN,NaN,NaN,NaN,NaN,NaN
NaN,NaN,0.0217020447453251,0.023914020290249,0.0326304276289496,0.0366093300011319,0.0359788716014009,0.0356976525702824,0.0363402923248941,NaN,NaN,NaN,NaN,NaN,NaN,NaN,NaN,NaN
NaN,NaN,0.024320551296114,0.0298203562997514,0.0222100642325434,0.0374597765233678,0.0332769185479265,0.030333830586945,0.0437705142103368,NaN,NaN,NaN,NaN,NaN,NaN,NaN,NaN,NaN
NaN,NaN,0.0248757499357453,0.0194776652060682,0.0289861623944792,0.0308574072745008,0.0221529781993013,0.033969266883408,0.02796868958103,NaN,NaN,NaN,NaN,NaN,NaN,NaN,NaN,NaN
NaN,NaN,0.0143233436247101,0.02301548027026,0.0200269696118388,0.0213837519016427,0.0293394170876127,0.0218465016999592,0.0305759643815691,NaN,NaN,NaN,NaN,NaN,NaN,NaN,NaN,NaN
NaN,NaN,0.0194174918433419,0.0129102019272977,0.0175688926877532,0.0324669375744027,0.0239282280381303,0.0291227014580121,0.0265244876645738,NaN,NaN,NaN,NaN,NaN,NaN,NaN,NaN,NaN
NaN,NaN,0.0105556408962002,0.014465752770775,0.0230058979990038,0.0208683579888505,0.0354655079718214,0.0259800651886811,0.0238472891651327,NaN,NaN,NaN,NaN,NaN,NaN,NaN,NaN,NaN
NaN,NaN,0.0113653513690224,0.0209464912913972,0.00852113112826677,0.0231583498146695,0.029941796528874,0.0226226845600953,0.0307307501934702,NaN,NaN,NaN,NaN,NaN,NaN,NaN,NaN,NaN
NaN,NaN,0.0157640996476403,0.0108636019431287,0.0152721022071394,0.0201519101586503,0.0199090123351198,0.0285702781596531,0.0155163293384248,NaN,NaN,NaN,NaN,NaN,NaN,NaN,NaN,NaN
NaN,NaN,0.00150761856639292,0.0133693067036802,0.0081843835117373,0.0161812349882287,0.0257959395821672,0.0107867294767251,0.0209793558024103,NaN,NaN,NaN,NaN,NaN,NaN,NaN,NaN,NaN
NaN,NaN,0.00638000025355723,0.00779187657462899,0.00592577725668283,0.0255676999416513,0.0147304117854219,0.0179570378580441,0.0170137842796976,NaN,NaN,NaN,NaN,NaN,NaN,NaN,NaN,NaN
NaN,NaN,-0.00257965819037054,0.00476885937678162,0.00982041925211282,0.0118299841609163,0.0215998657222372,0.00860097127345701,0.00925776713120285,NaN,NaN,NaN,NaN,NaN,NaN,NaN,NaN,NaN
NaN,NaN,0.0013117428024998,0.0107217987679178,4.07442469925988e-06,0.014336154582755,0.00864377172547393,0.00537647174981733,0.0116633733414346,NaN,NaN,NaN,NaN,NaN,NaN,NaN,NaN,NaN
NaN,NaN,0.00682072072231677,-0.00335266462934669,0.00747877627630563,0.0124795257773561,0.00179856942850165,0.0150151761093487,0.0030393449269468,NaN,NaN,NaN,NaN,NaN,NaN,NaN,NaN,NaN
NaN,NaN,-0.00406975568330381,0.00595873572456185,0.00556712493319841,0.010445256504075,0.0121856659825426,0.0050851726749291,0.0152703297935659,NaN,NaN,NaN,NaN,NaN,NaN,NaN,NaN,NaN
NaN,NaN,0.00605115025246051,0.00516560279356781,0.00586255908031793,0.0210423662986917,0.0125790566380601,0.0168350362995019,0.0202210357092554,NaN,NaN,NaN,NaN,NaN,NaN,NaN,NaN,NaN
NaN,NaN,0.00385678662860301,0.0102838163875276,0.0196211364867243,0.0117014802720708,0.0193752713676076,0.0167237618782868,0.015598211219185,NaN,NaN,NaN,NaN,NaN,NaN,NaN,NaN,NaN
NaN,NaN,0.0138772401114693,0.0222780963085825,0.0133917619289908,0.0154024257984323,0.0165072448726278,0.0168712833741059,0.0249907856486971,NaN,NaN,NaN,NaN,NaN,NaN,NaN,NaN,NaN
NaN,NaN,0.0194273452361813,0.0136577186785871,0.020174081325725,0.0186153024163408,0.0119209654803853,0.0261283503690114,0.0189674196444685,NaN,NaN,NaN,NaN,NaN,NaN,NaN,NaN,NaN
NaN,NaN,0.00922412901127246,0.0170230155490572,0.0154753540458235,0.0148866034772558,0.0218144051905256,0.0176316337504735,0.0289223080180818,NaN,NaN,NaN,NaN,NaN,NaN,NaN,NaN,NaN
NaN,NaN,0.0156325037678471,0.0127292273245985,0.00675895705838533,0.0218479416992826,0.0204167321498971,0.0227169344046464,0.0274656822584802,NaN,NaN,NaN,NaN,NaN,NaN,NaN,NaN,NaN
NaN,NaN,0.0122677470644703,0.0101341155968839,0.0178034183384928,0.0154349289562864,0.0222527042205911,0.021503104440247,0.0183562857710058,NaN,NaN,NaN,NaN,NaN,NaN,NaN,NaN,NaN
NaN,NaN,0.0160846795042744,0.0196157989703352,0.00861687108893724,0.019106407436387,0.019139348733006,0.019748362324511,0.0323232186638052,NaN,NaN,NaN,NaN,NaN,NaN,NaN,NaN,NaN
NaN,NaN,0.0205596658488503,0.0114586984418565,0.0168413807453665,0.0234738446500463,0.0157029733236413,0.0266031572440018,0.0265437101625139,NaN,NaN,NaN,NaN,NaN,NaN,NaN,NaN,NaN
NaN,NaN,0.00931578977906611,0.0144530122779543,0.0150277604164633,0.0182737864282293,0.0243074625905138,0.0240728283145775,0.035560626318329,NaN,NaN,NaN,NaN,NaN,NaN,NaN,NaN,NaN
NaN,NaN,0.0185189331969013,0.0134478917025262,0.00972318917532296,0.0295520283010167,0.0213237658317667,0.0268993923285355,0.030082028140896,NaN,NaN,NaN,NaN,NaN,NaN,NaN,NaN,NaN
NaN,NaN,0.0179925310512772,0.00638699509727303,0.0231923487784419,0.0190854526784581,0.0199608497496229,0.0218083174744,0.0189219711028272,NaN,NaN,NaN,NaN,NaN,NaN,NaN,NaN,NaN
NaN,NaN,0.0163622508844128,0.0194024143420393,0.012803966999248,0.0215659558501405,0.0174204252834897,0.0126140029945721,0.0343041231535608,NaN,NaN,NaN,NaN,NaN,NaN,NaN,NaN,NaN
NaN,NaN,0.017647848566412,0.00650281437265221,0.0188461829723868,0.0219763338294191,0.00707106592017226,0.0200545253076901,0.0204186623595888,NaN,NaN,NaN,NaN,NaN,NaN,NaN,NaN,NaN
NaN,NaN,0.0053855898877373,0.0108144094847376,0.0147835303844962,0.0144807889785928,0.01761002393323,0.0128872344115128,0.0250740458868677,NaN,NaN,NaN,NaN,NaN,NaN,NaN,NaN,NaN
NaN,NaN,0.00979916482174304,0.0105382909678156,0.00510319590587945,0.0223332725193662,0.0108007520611864,0.0142210746028771,0.0191718076966936,NaN,NaN,NaN,NaN,NaN,NaN,NaN,NaN,NaN
NaN,NaN,0.0168587203224888,0.00324745081888977,0.0133642506601367,0.011374176266448,0.0125013470824342,0.0149958232262482,0.0107433756493265,NaN,NaN,NaN,NaN,NaN,NaN,NaN,NaN,NaN
NaN,NaN,0.00756864725553897,0.0105298531852895,0.00418623432536454,0.00971882489587491,0.0137807421560865,0.00624517219451567,0.0246691440843279,NaN,NaN,NaN,NaN,NaN,NaN,NaN,NaN,NaN
NaN,NaN,0.014818937619566,-0.00137572757375892,0.00300619274397226,0.0118286058035058,0.00257328079896979,0.0164703490057339,0.00776699908601586,NaN,NaN,NaN,NaN,NaN,NaN,NaN,NaN,NaN
NaN,NaN,0.000555341233848598,0.00276597567426506,-0.000868649333521413,0.00183596161271756,0.00878371225553565,0.00253850834754606,0.00724378206359688,NaN,NaN,NaN,NaN,NaN,NaN,NaN,NaN,NaN
NaN,NaN,0.00635843082272914,0.00485923491942231,-0.0103187236187902,0.00840735507275288,0.00136861504870467,0.00238793211368223,0.00288536005245987,NaN,NaN,NaN,NaN,NaN,NaN,NaN,NaN,NaN
NaN,NaN,0.00898356839024928,-0.00446624703181442,-0.0037678565082994,-0.00185151698921497,0.000529400276718661,0.0015938306072106,-0.00226291663420852,NaN,NaN,NaN,NaN,NaN,NaN,NaN,NaN,NaN
NaN,NaN,-0.00195516915118787,3.70515190297738e-05,-0.00932913750390677,-0.00155178013180072,0.00193050058442168,-0.00555831698390345,0.00629597507941071,NaN,NaN,NaN,NaN,NaN,NaN,NaN,NaN,NaN
NaN,NaN,0.00719419970118906,-0.0132079573668307,-0.00851711735109954,0.00331316960121815,-0.00849671734613366,0.00297978760985037,-0.00332494101894554,NaN,NaN,NaN,NaN,NaN,NaN,NaN,NaN,NaN
NaN,NaN,-0.00896273822581861,-0.00844798631442245,-0.00474527955035834,-0.00469566437338168,-7.05204729456455e-05,-0.00746648518058161,-0.00328519217146095,NaN,NaN,NaN,NaN,NaN,NaN,NaN,NaN,NaN
NaN,NaN,0.00411874904239085,-0.00429890699160751,-0.0121230493483987,0.00419189107681935,-0.00267166717094369,-0.00496588406773905,0.00168019138800446,NaN,NaN,NaN,NaN,NaN,NaN,NaN,NaN,NaN
NaN,NaN,0.00284749372804072,-0.0118346104718512,-0.00302730604986815,-0.00387276637290294,-0.00273633821052499,-0.00121745971652369,-0.000883050481206737,NaN,NaN,NaN,NaN,NaN,NaN,NaN,NaN,NaN
NaN,NaN,-0.00436545060074422,-0.00136689863575157,-0.00696272134761481,-0.00161708447073276,0.000597666221437976,-0.00577497986766199,0.00705584116803948,NaN,NaN,NaN,NaN,NaN,NaN,NaN,NaN,NaN
NaN,NaN,0.00590398265921977,-0.0137541780568426,-0.00755243480186133,0.0044879957761926,-0.00733101813239045,-0.000429765709365409,0.000491786529892124,NaN,NaN,NaN,NaN,NaN,NaN,NaN,NaN,NaN
NaN,NaN,-0.00886230439937208,-0.00981393850815948,-0.00406511604766517,-0.00611602443192775,0.000439769792137668,-0.00507866723152498,0.00392181031929795,NaN,NaN,NaN,NaN,NaN,NaN,NaN,NaN,NaN
NaN,NaN,0.00181475012504962,-0.00368116072786506,-0.012633414119288,0.00141571161414807,-0.00147108061355539,-0.00391971079322199,0.0130660941504175,NaN,NaN,NaN,NaN,NaN,NaN,NaN,NaN,NaN
NaN,NaN,0.000985910286544823,-0.012618616441614,-0.00376046180705695,-0.00652509855960185,-0.00305576322716661,0.00710569562700887,0.00687222160922829,NaN,NaN,NaN,NaN,NaN,NaN,NaN,NaN,NaN
NaN,NaN,-0.00133811206615064,0.00265533455240075,-0.00395384162645011,-0.00341867211197192,0.00543625952559523,-0.000728720255816976,0.0167116073571378,NaN,NaN,NaN,NaN,NaN,NaN,NaN,NaN,NaN
NaN,NaN,0.010347881456255,-0.00503215588105377,-0.00691513076405196,0.00773717534805959,-0.00236012114328332,0.0105534517982354,0.00997831278073136,NaN,NaN,NaN,NaN,NaN,NaN,NaN,NaN,NaN
NaN,NaN,0.00251996620499995,-0.00338270909560379,-0.00294728681425719,-0.00198493826125438,0.00816231520730071,0.00697389485624929,0.0109519360266859,NaN,NaN,NaN,NaN,NaN,NaN,NaN,NaN,NaN
NaN,NaN,0.00538562714064028,0.000469017555587925,-0.0113028708098379,0.00483988669778531,0.00464284719782881,0.0033037761071076,0.0141673458419973,NaN,NaN,NaN,NaN,NaN,NaN,NaN,NaN,NaN
NaN,NaN,0.00599035351478961,-0.0093537161446875,-0.000445698499485539,0.00113335323597615,0.00170556755620055,0.0113084563830247,0.000193502535694279,NaN,NaN,NaN,NaN,NaN,NaN,NaN,NaN,NaN
NaN,NaN,0.00123079224431422,0.00218393631803337,0.000149900913432552,0.00308836695815747,0.0113049887295347,-0.00145740566464762,0.0107072030805284,NaN,NaN,NaN,NaN,NaN,NaN,NaN,NaN,NaN
NaN,NaN,0.00899217381083873,-0.00201725981605705,-0.00539049983005195,0.0130272179570359,0.000530741381226107,0.00782851370361944,0.00689088531362358,NaN,NaN,NaN,NaN,NaN,NaN,NaN,NaN,NaN
NaN,NaN,0.00469929828250315,-0.00219195730460342,0.00308421894927354,0.00353525278236096,0.00881498606759124,0.00589326264647146,0.00550293528067414,NaN,NaN,NaN,NaN,NaN,NaN,NaN,NaN,NaN
NaN,NaN,0.00349371983611491,0.0023246032797033,-0.00374833598713546,0.0113992102172536,0.00439803974586539,0.00185981633452078,0.0112722364865476,NaN,NaN,NaN,NaN,NaN,NaN,NaN,NaN,NaN
NaN,NaN,0.00934637441241648,-0.00915139562857803,0.0103910033406767,0.00924150344993298,0.00387504624086432,0.00955786796597143,0.00137630083190743,NaN,NaN,NaN,NaN,NaN,NaN,NaN,NaN,NaN
NaN,NaN,0.00229263036453631,0.00496717520582024,0.00548095896859498,0.00892824378873532,0.0117659002717119,-0.00175332409950594,0.0138524098001653,NaN,NaN,NaN,NaN,NaN,NaN,NaN,NaN,NaN
NaN,NaN,0.0140060047706356,0.000643286635749973,-0.00439839914421706,0.0102652318504018,-0.0030569925729651,0.00324221568492552,0.010131869246834,NaN,NaN,NaN,NaN,NaN,NaN,NaN,NaN,NaN
NaN,NaN,0.00133094667398837,-0.00393552354944404,-0.000275750756069707,-0.00478730651472385,0.00313062148052268,-0.000555047222102681,-0.000992238739854656,NaN,NaN,NaN,NaN,NaN,NaN,NaN,NaN,NaN
NaN,NaN,-0.00243737072742078,-7.52101041143743e-05,-0.0111151906846014,-0.000185045627101013,-0.00482309682411142,-0.00611860064479212,0.0024081503652269,NaN,NaN,NaN,NaN,NaN,NaN,NaN,NaN,NaN
NaN,NaN,0.0053020129998913,-0.0159438664413756,-0.00366187199930816,-0.0013660557839709,-0.00720338968676515,0.00126090141323706,-0.011031877467758,NaN,NaN,NaN,NaN,NaN,NaN,NaN,NaN,NaN
NaN,NaN,-0.0069716078141937,-0.00644910729897674,-0.0149592246113267,-0.0063569017026263,-0.00051831899327226,-0.00758589936109881,0.00445800997840706,NaN,NaN,NaN,NaN,NaN,NaN,NaN,NaN,NaN
NaN,NaN,0.00433874606096651,-0.00998293630254921,-0.0185279782114473,-0.00170371609662349,-0.0110440522257704,-0.00224482027503351,0.000470310231321491,NaN,NaN,NaN,NaN,NaN,NaN,NaN,NaN,NaN
NaN,NaN,-0.00675693796074483,-0.013564411769039,-0.0103642094133344,-0.0144026719305354,-0.00625906584900804,-0.00535771010133127,-0.00879692680609878,NaN,NaN,NaN,NaN,NaN,NaN,NaN,NaN,NaN
NaN,NaN,-0.0102641311386833,-0.008405480752117,-0.0146562281249013,-0.00312580841515834,-0.00649884415906854,-0.0143185606381545,-0.00426073394191917,NaN,NaN,NaN,NaN,NaN,NaN,NaN,NaN,NaN
NaN,NaN,0.00180774657928851,-0.0224528054095572,-0.0138196396825757,-0.00242357256744678,-0.012166370433988,-0.00685510916324953,-0.0146488363243407,NaN,NaN,NaN,NaN,NaN,NaN,NaN,NaN,NaN
NaN,NaN,-0.00956161589419935,-0.0153585115767783,-0.0170914131401029,-0.00897563177083308,-0.00792045218986459,-0.0159310339173923,-0.00291970394027885,NaN,NaN,NaN,NaN,NaN,NaN,NaN,NaN,NaN
NaN,NaN,-0.00548532874381635,-0.0192243198252982,-0.0225713337955919,-0.00784012603495891,-0.015632306021871,-0.015437619217361,-0.0075376669265097,NaN,NaN,NaN,NaN,NaN,NaN,NaN,NaN,NaN
NaN,NaN,-0.0160527666012058,-0.0225616397656268,-0.0130592148004022,-0.0159697711739379,-0.0141774497751612,-0.0134981399557243,-0.012416213969118,NaN,NaN,NaN,NaN,NaN,NaN,NaN,NaN,NaN
NaN,NaN,-0.0164272700349102,-0.0147117453016108,-0.0170922513304201,-0.00640862735842044,-0.00994855610770173,-0.020101179756845,-0.00327518976700958,NaN,NaN,NaN,NaN,NaN,NaN,NaN,NaN,NaN
NaN,NaN,-0.0040673528710613,-0.0211290793813532,-0.0144789043066946,-0.0047728896412688,-0.0145103044633288,-0.00497674328895907,-0.00206840060127433,NaN,NaN,NaN,NaN,NaN,NaN,NaN,NaN,NaN
NaN,NaN,-0.0138439674774418,-0.0129811244405573,-0.00862041965107589,-0.0108168937537509,-0.00950004978221841,-0.0082555947980533,0.00503401436435524,NaN,NaN,NaN,NaN,NaN,NaN,NaN,NaN,NaN
NaN,NaN,-0.0103610445657978,-0.00877406097424682,-0.0172512467203584,-0.00470333847139652,-0.0170077018265147,-0.010667478122438,0.00162203960644547,NaN,NaN,NaN,NaN,NaN,NaN,NaN,NaN,NaN
NaN,NaN,-0.0158308510581264,-0.0181439856387442,-0.00900701165179877,-0.00739405977462108,-0.0135292120103259,-0.00734183696719507,-0.00571229330671486,NaN,NaN,NaN,NaN,NaN,NaN,NaN,NaN,NaN
NaN,NaN,-0.0149609585205326,-0.00775785766018089,-0.0200593891737905,-0.00477097111676509,-0.00555303020519204,-0.0157491652450214,0.00276736148225609,NaN,NaN,NaN,NaN,NaN,NaN,NaN,NaN,NaN
NaN,NaN,0.00119139729940798,-0.0147768633760279,-0.0143871690330949,-0.00172651487325008,-0.0144677243952174,-0.00373368842216829,-0.000964075545198284,NaN,NaN,NaN,NaN,NaN,NaN,NaN,NaN,NaN
NaN,NaN,-0.0131843489507446,-0.00872330389393028,-0.00661937996725707,-0.0117475457761126,-0.00579966304940172,-0.00761871916862825,-0.000187333891517483,NaN,NaN,NaN,NaN,NaN,NaN,NaN,NaN,NaN
NaN,NaN,-0.00681205363071058,-0.00386437050474342,-0.0197367417810407,-0.00119169357155139,-0.0118658512656111,-0.0121532729050765,-0.00167018569482025,NaN,NaN,NaN,NaN,NaN,NaN,NaN,NaN,NaN
NaN,NaN,-0.00631744683778379,-0.0196168909169501,-0.0106009329853502,-0.00102163406942661,-0.00906830726307817,-0.0050929164669166,-0.00906324780953582,NaN,NaN,NaN,NaN,NaN,NaN,NaN,NaN,NaN
NaN,NaN,-0.00998879493272397,-0.0095331633783644,-0.0174550573525873,-0.00134670290087039,0.00318327845889144,-0.013974734970058,0.00345188357459847,NaN,NaN,NaN,NaN,NaN,NaN,NaN,NaN,NaN
NaN,NaN,0.000269834985374475,-0.0173691066302126,-0.0110245543716398,-0.000368758318169663,-0.0102663978759665,-0.00226413590523104,0.000532522579305805,NaN,NaN,NaN,NaN,NaN,NaN,NaN,NaN,NaN
NaN,NaN,-0.0148866017261753,-0.00980011768115219,-0.00691054865698485,-0.0130135670575934,-0.00663163213175721,-0.0119162140569339,0.000239006956689991,NaN,NaN,NaN,NaN,NaN,NaN,NaN,NaN,NaN
NaN,NaN,-0.0127180543640861,-0.00559182486904319,-0.0190653140840974,-0.00121549817655856,-0.0119626156811137,-0.017238480426992,-0.00120122752559837,NaN,NaN,NaN,NaN,NaN,NaN,NaN,NaN,NaN
NaN,NaN,-0.012269063750864,-0.0209627451695269,-0.0132253627477136,-0.00207732546065624,-0.0114093914453406,-0.00771915299507479,-0.00894081614387687,NaN,NaN,NaN,NaN,NaN,NaN,NaN,NaN,NaN
NaN,NaN,-0.0157175091007957,-0.00829605034959968,-0.0146859559414831,-0.00442356916998203,-0.00213958395761438,-0.0171919888040672,-0.000573516110307537,NaN,NaN,NaN,NaN,NaN,NaN,NaN,NaN,NaN
NaN,NaN,-0.00898013533151243,-0.0186016002990073,-0.0125034946201292,-0.00462598281834895,-0.017034803313436,-0.00516926629158358,-0.00223711899889167,NaN,NaN,NaN,NaN,NaN,NaN,NaN,NaN,NaN
NaN,NaN,-0.0213523273268947,-0.0116153771377867,-0.00821382284145026,-0.0168148346516925,-0.0127632550720591,-0.0157495750269542,-0.0041267352498835,NaN,NaN,NaN,NaN,NaN,NaN,NaN,NaN,NaN
NaN,NaN,-0.014044462601305,-0.0096736627019709,-0.0222981396315542,-0.00499284940694148,-0.0138760924164671,-0.0172535678527007,-0.00323504976404365,NaN,NaN,NaN,NaN,NaN,NaN,NaN,NaN,NaN
NaN,NaN,-0.0101308588782558,-0.0217322783864802,-0.0129878754911867,-0.00581207799647624,-0.0144170977000613,-0.00531790537449221,-0.0115694182313746,NaN,NaN,NaN,NaN,NaN,NaN,NaN,NaN,NaN
NaN,NaN,-0.0176252675155411,-0.0115152599610155,-0.014233184158608,-0.0116643041643935,-0.00679520962876268,-0.0142949981770168,-0.00704835004580673,NaN,NaN,NaN,NaN,NaN,NaN,NaN,NaN,NaN
NaN,NaN,-0.00557277993357275,-0.0195477495290106,-0.0176469284294096,-0.00994355532263095,-0.0218754269008059,-0.00702935961696009,-0.00671601689828094,NaN,NaN,NaN,NaN,NaN,NaN,NaN,NaN,NaN
NaN,NaN,-0.015768899480463,-0.0163746217585867,-0.0141746784744707,-0.0197277508947688,-0.0164181187574286,-0.0185052840194354,-0.0110196957684821,NaN,NaN,NaN,NaN,NaN,NaN,NaN,NaN,NaN
NaN,NaN,-0.00875775412714574,-0.012519374708063,-0.0295854407546964,-0.00812077077959354,-0.014030338061275,-0.0184967903575549,-0.00680400825513061,NaN,NaN,NaN,NaN,NaN,NaN,NaN,NaN,NaN
NaN,NaN,-0.00644455374276731,-0.0213902408577269,-0.0176628540454355,-0.00694784450267131,-0.0136854506854434,-0.00824304056974749,-0.0149057695962256,NaN,NaN,NaN,NaN,NaN,NaN,NaN,NaN,NaN
NaN,NaN,-0.0153289054433117,-0.0144323857821291,-0.0176259177921262,-0.012994065162881,-0.00767469478887506,-0.0154948583027969,-0.00795054085028823,NaN,NaN,NaN,NaN,NaN,NaN,NaN,NaN,NaN
NaN,NaN,-0.00747498766577337,-0.0177519733406371,-0.0214401121435609,-0.00926262813542659,-0.0214122801844496,-0.0143526470443855,-0.00690295196545776,NaN,NaN,NaN,NaN,NaN,NaN,NaN,NaN,NaN
NaN,NaN,-0.0167561386624584,-0.0201648252404993,-0.0192696462569681,-0.0160206958923178,-0.0177828229789156,-0.0165666988274703,-0.0116763526893919,NaN,NaN,NaN,NaN,NaN,NaN,NaN,NaN,NaN
NaN,NaN,-0.0153118436137447,-0.0189427437580889,-0.0309132832286802,-0.0076134421202975,-0.0156921714369673,-0.0199517583629737,-0.00812957830203231,NaN,NaN,NaN,NaN,NaN,NaN,NaN,NaN,NaN
NaN,NaN,-0.0163520564237842,-0.0284625182248419,-0.0181794214246717,-0.00790231975649173,-0.0227317035023589,-0.0100817693552623,-0.0197582209802931,NaN,NaN,NaN,NaN,NaN,NaN,NaN,NaN,NaN
NaN,NaN,-0.0247317803004989,-0.020091865430004,-0.0167058269677606,-0.0159769796106654,-0.0152184635226149,-0.0215224152586112,-0.0133466611005133,NaN,NaN,NaN,NaN,NaN,NaN,NaN,NaN,NaN
NaN,NaN,-0.0136679475108394,-0.0212887080706423,-0.0209686580298391,-0.0110583484444457,-0.027880687994184,-0.0210831104001651,-0.0133640768326586,NaN,NaN,NaN,NaN,NaN,NaN,NaN,NaN,NaN
NaN,NaN,-0.0176257704297313,-0.0239651428855723,-0.0221629674730745,-0.0168836035106021,-0.0217644318763632,-0.0205072177729259,-0.0175534265435999,NaN,NaN,NaN,NaN,NaN,NaN,NaN,NaN,NaN
NaN,NaN,-0.0217473571101436,-0.0193618016637629,-0.0308710011837926,-0.0131427414986926,-0.0186285756353755,-0.0248676141879211,-0.0136079157091444,NaN,NaN,NaN,NaN,NaN,NaN,NaN,NaN,NaN
NaN,NaN,-0.0162693363527069,-0.0294620136119193,-0.0233280147610155,-0.013777512339099,-0.0215499482874293,-0.0134962400576721,-0.024118039975292,NaN,NaN,NaN,NaN,NaN,NaN,NaN,NaN,NaN
NaN,NaN,-0.0264312949875602,-0.0215771200455492,-0.0201957720516172,-0.0251443974945384,-0.0164094760839362,-0.026937441357101,-0.024231884846813,NaN,NaN,NaN,NaN,NaN,NaN,NaN,NaN,NaN
NaN,NaN,-0.0153699022630462,-0.0245369004405802,-0.0364888134596792,-0.0229931727323371,-0.032537058723392,-0.027498116173471,-0.0244614931143587,NaN,NaN,NaN,NaN,NaN,NaN,NaN,NaN,NaN
NaN,NaN,-0.0221507129172096,-0.0285512918926543,-0.0324738259611574,-0.0270812131736117,-0.030193757993402,-0.0276685482046256,-0.0316262321866816,NaN,NaN,NaN,NaN,NaN,NaN,NaN,NaN,NaN
NaN,NaN,-0.0300036621192703,-0.0239855574764078,-0.0380443270502534,-0.0231673300537902,-0.026984383148374,-0.0315366102537761,-0.0270373637176817,NaN,NaN,NaN,NaN,NaN,NaN,NaN,NaN,NaN
NaN,NaN,-0.0175820914009819,-0.0334535690344637,-0.0263880985973325,-0.0178589776429969,-0.026406907272758,-0.0207254825315128,-0.0314222352899378,NaN,NaN,NaN,NaN,NaN,NaN,NaN,NaN,NaN
NaN,NaN,-0.0267425802448997,-0.028675344059593,-0.0221062313018289,-0.0259278446707564,-0.0213513344351668,-0.0306474207124362,-0.0270018430746859,NaN,NaN,NaN,NaN,NaN,NaN,NaN,NaN,NaN
NaN,NaN,-0.0116880861023674,-0.0281991960800951,-0.0343607786295858,-0.0177722156319457,-0.0302014693443198,-0.0294043658456455,-0.0214598032034701,NaN,NaN,NaN,NaN,NaN,NaN,NaN,NaN,NaN
NaN,NaN,-0.0206382823089371,-0.0304587150312727,-0.023595602363154,-0.021882868585332,-0.0284660428587813,-0.0263043655237804,-0.0251699129439658,NaN,NaN,NaN,NaN,NaN,NaN,NaN,NaN,NaN
NaN,NaN,-0.0237453048030147,-0.0228195602394408,-0.0239625807104555,-0.0220888957652884,-0.0227903395716567,-0.0278389616093288,-0.016262352684862,NaN,NaN,NaN,NaN,NaN,NaN,NaN,NaN,NaN
NaN,NaN,-0.012098203311325,-0.0286074133910006,-0.0188699784872976,-0.0138753384623366,-0.0238633721892256,-0.01842895282122,-0.0233881438471144,NaN,NaN,NaN,NaN,NaN,NaN,NaN,NaN,NaN
NaN,NaN,-0.0220764865080127,-0.0264788570202654,-0.0207796368000951,-0.0245322577926951,-0.0234298229042906,-0.0239794677278648,-0.0180869998730486,NaN,NaN,NaN,NaN,NaN,NaN,NaN,NaN,NaN
NaN,NaN,-0.0105815444985637,-0.0187593663431471,-0.0286755572257486,-0.0146052159640628,-0.0281030319456477,-0.0242482660493503,-0.0131630415417021,NaN,NaN,NaN,NaN,NaN,NaN,NaN,NaN,NaN
NaN,NaN,-0.0208363001147518,-0.0221369752980536,-0.0184525224564519,-0.0173471413824397,-0.0266924507741351,-0.0179150490245471,-0.0172369445062941,NaN,NaN,NaN,NaN,NaN,NaN,NaN,NaN,NaN
NaN,NaN,-0.0179196027020225,-0.0120883586205309,-0.0201457227764574,-0.0215044535968142,-0.0193681761447806,-0.020981596239532,-0.00881581402791198,NaN,NaN,NaN,NaN,NaN,NaN,NaN,NaN,NaN
NaN,NaN,-0.00877395913994405,-0.0202629866398638,-0.0212802971897569,-0.0109811231765586,-0.0229956403200049,-0.0126368714651714,-0.0180683734215563,NaN,NaN,NaN,NaN,NaN,NaN,NaN,NaN,NaN
NaN,NaN,-0.0150284980336437,-0.0207805039681261,-0.0196033577619043,-0.0206408195469218,-0.0222224376921076,-0.0198709381899486,-0.0171054045058554,NaN,NaN,NaN,NaN,NaN,NaN,NaN,NaN,NaN
NaN,NaN,-0.0116858136752853,-0.0157482514478033,-0.0304494845865217,-0.0107177637789088,-0.0223585970525164,-0.0211398465714107,-0.0136837812460726,NaN,NaN,NaN,NaN,NaN,NaN,NaN,NaN,NaN
NaN,NaN,-0.0083369080821285,-0.0249908084369963,-0.0134996558723894,-0.0142864614996749,-0.0219597302202601,-0.0166415399095664,-0.0195840077794855,NaN,NaN,NaN,NaN,NaN,NaN,NaN,NaN,NaN
NaN,NaN,-0.0113085535267601,-0.0153560715116328,-0.0180306892095056,-0.0183886394176322,-0.0111817948345561,-0.0262198759398113,-0.0183407293952769,NaN,NaN,NaN,NaN,NaN,NaN,NaN,NaN,NaN
NaN,NaN,-0.00330201060569379,-0.0261625239945715,-0.02240380749087,-0.00896238836382205,-0.0213379233900923,-0.0170302180728565,-0.0240886101819342,NaN,NaN,NaN,NaN,NaN,NaN,NaN,NaN,NaN
NaN,NaN,-0.0115693983534584,-0.022622790405876,-0.0135455514488664,-0.0196948379549819,-0.0184896409336943,-0.028496046938623,-0.0249724353052443,NaN,NaN,NaN,NaN,NaN,NaN,NaN,NaN,NaN
NaN,NaN,-0.0127138634125004,-0.0157161580718821,-0.0252152095733133,-0.00934331792329127,-0.0209119923238177,-0.0280728167078147,-0.0134761708177393,NaN,NaN,NaN,NaN,NaN,NaN,NaN,NaN,NaN
NaN,NaN,-0.0070888426998863,-0.0236006791092223,-0.00792202085237174,-0.0114392966303664,-0.0193587139074225,-0.0186977138898025,-0.0181616733170813,NaN,NaN,NaN,NaN,NaN,NaN,NaN,NaN,NaN
NaN,NaN,-0.0105056603351841,-0.0114696996606654,-0.016388897895619,-0.0134372443232375,-0.00943942068261094,-0.0218600196919094,-0.0122493768431013,NaN,NaN,NaN,NaN,NaN,NaN,NaN,NaN,NaN
NaN,NaN,-0.00437165320909116,-0.0176653603411978,-0.0136291097102609,-0.0017082795772391,-0.0221347443584818,-0.0131987383744369,-0.0169137383199995,NaN,NaN,NaN,NaN,NaN,NaN,NaN,NaN,NaN
NaN,NaN,-0.0147713598707924,-0.0163207726873225,-0.0148729841409173,-0.0173382193121749,-0.0213614299718756,-0.0219785956821094,-0.0186901243723696,NaN,NaN,NaN,NaN,NaN,NaN,NaN,NaN,NaN
NaN,NaN,-0.0117807899514446,-0.0115797074831789,-0.0226176019010988,-0.0123285420510607,-0.0280537277285475,-0.0252984067580352,-0.00856934882176574,NaN,NaN,NaN,NaN,NaN,NaN,NaN,NaN,NaN
NaN,NaN,-0.00724211976921651,-0.0215019250608748,-0.0170451636610475,-0.0190021574768859,-0.0295091800217051,-0.0177209986529003,-0.0243860932387179,NaN,NaN,NaN,NaN,NaN,NaN,NaN,NaN,NaN
NaN,NaN,-0.0149652984837303,-0.0171668047405547,-0.0246863301096406,-0.0226738035950499,-0.0207322098140139,-0.0228080688199649,-0.0201030711032217,NaN,NaN,NaN,NaN,NaN,NaN,NaN,NaN,NaN
NaN,NaN,-0.0109439407387981,-0.0253809580899542,-0.0245275582371202,-0.012426088777526,-0.0267763815645594,-0.0218186689695964,-0.029189985463745,NaN,NaN,NaN,NaN,NaN,NaN,NaN,NaN,NaN
NaN,NaN,-0.0155169022182235,-0.0255932065047091,-0.0203187438843694,-0.0285298481855231,-0.025540944916429,-0.0291400378725181,-0.0276000874437159,NaN,NaN,NaN,NaN,NaN,NaN,NaN,NaN,NaN
NaN,NaN,-0.0145499472419033,-0.0189080426789587,-0.0287066820261922,-0.0176953070137339,-0.0252352662209887,-0.0340523546716819,-0.0176557788945502,NaN,NaN,NaN,NaN,NaN,NaN,NaN,NaN,NaN
NaN,NaN,-0.00847975433862302,-0.0254647771216696,-0.0224553282556978,-0.0224311381850081,-0.0239318989042658,-0.0222502438506732,-0.0312586950458353,NaN,NaN,NaN,NaN,NaN,NaN,NaN,NaN,NaN
NaN,NaN,-0.0169616629282245,-0.0202500412560767,-0.0228312845526186,-0.0204204127464133,-0.0168515749101061,-0.0298490537485729,-0.027372062424547,NaN,NaN,NaN,NaN,NaN,NaN,NaN,NaN,NaN
NaN,NaN,-0.0145084847608814,-0.0266754405893153,-0.0262397575376478,-0.00991155507896716,-0.0275660686020274,-0.0308123579404006,-0.0319647679425543,NaN,NaN,NaN,NaN,NaN,NaN,NaN,NaN,NaN
NaN,NaN,-0.0137336430052528,-0.0273902120388811,-0.0184136117992845,-0.0230399064991313,-0.025056433660211,-0.034103093125547,-0.0277155528165167,NaN,NaN,NaN,NaN,NaN,NaN,NaN,NaN,NaN
NaN,NaN,-0.0172664475539932,-0.0165524484909838,-0.0231924328206029,-0.0135623023185569,-0.024279151839437,-0.0355548387548576,-0.0189402962423628,NaN,NaN,NaN,NaN,NaN,NaN,NaN,NaN,NaN
NaN,NaN,-0.00989339024818037,-0.0229279103077715,-0.0183073851464239,-0.017191349742158,-0.0237984776322264,-0.0194003222665439,-0.0270669052697485,NaN,NaN,NaN,NaN,NaN,NaN,NaN,NaN,NaN
NaN,NaN,-0.0205654156306991,-0.0168919900752371,-0.0145852613447156,-0.0173090689155894,-0.0143024705175776,-0.0245920544645439,-0.0225967245496577,NaN,NaN,NaN,NaN,NaN,NaN,NaN,NaN,NaN
NaN,NaN,-0.0110277225176105,-0.0166322069562739,-0.0194303925333467,-0.0117369100723105,-0.0262694068078417,-0.0231718620440612,-0.0208699779905146,NaN,NaN,NaN,NaN,NaN,NaN,NaN,NaN,NaN
NaN,NaN,-0.0125425931910286,-0.01976592115534,-0.0105616870520559,-0.0210454605791407,-0.0223376422945876,-0.0202359607598434,-0.0157541485823458,NaN,NaN,NaN,NaN,NaN,NaN,NaN,NaN,NaN
NaN,NaN,-0.0156386819580803,-0.0111755507386988,-0.0214398327467885,-0.0141803838584262,-0.0191174268547911,-0.0200050113877902,-0.00986848793399986,NaN,NaN,NaN,NaN,NaN,NaN,NaN,NaN,NaN
NaN,NaN,-0.00761748001968953,-0.0181893596745795,-0.013022204041287,-0.0134332955155211,-0.02107590509695,-0.0111629603585849,-0.0242243783868616,NaN,NaN,NaN,NaN,NaN,NaN,NaN,NaN,NaN
NaN,NaN,-0.0150456902483711,-0.0132236035860842,-0.0123870420453992,-0.0160443328592616,-0.0121162280265708,-0.0232349498352657,-0.0221717061795061,NaN,NaN,NaN,NaN,NaN,NaN,NaN,NaN,NaN
NaN,NaN,-0.00430875168240163,-0.00877758137357887,-0.0132906298337427,-0.0084802799198466,-0.0208142593328375,-0.0221873609504352,-0.0188255386747187,NaN,NaN,NaN,NaN,NaN,NaN,NaN,NaN,NaN
NaN,NaN,-0.00190310821926687,-0.0131830910540884,-0.00774875760059027,-0.0101107277247744,-0.0141088671807665,-0.0134777067384372,-0.0149628224171465,NaN,NaN,NaN,NaN,NaN,NaN,NaN,NaN,NaN
NaN,NaN,-0.0120440748432884,-0.000895127872354351,-0.0153052668271509,-0.00118919762705142,-0.00618271602434106,-0.0114043964228282,-0.00475943855417427,NaN,NaN,NaN,NaN,NaN,NaN,NaN,NaN,NaN
NaN,NaN,0.000525930066942241,-0.0117326865292853,-0.00872083485107093,0.00265558135773366,-0.00869089810294099,-0.00685367492648462,-0.0179536717332667,NaN,NaN,NaN,NaN,NaN,NaN,NaN,NaN,NaN
NaN,NaN,-0.00534441963827703,-0.00744897521508392,-0.000698086917206332,-0.00334241541956241,-0.000421573204221204,-0.0189566029390941,-0.0127785729564494,NaN,NaN,NaN,NaN,NaN,NaN,NaN,NaN,NaN
NaN,NaN,0.00226225062215235,-0.00225269816291984,-0.00794664502124457,0.00364103240038579,-0.011633579415502,-0.017301288821424,-0.00974577687156852,NaN,NaN,NaN,NaN,NaN,NaN,NaN,NaN,NaN
NaN,NaN,0.000549604286788966,-0.0133195298112696,-0.00120506167392402,-0.00238544422124202,-0.00973297355812974,-0.00771404934736589,-0.0101506414212054,NaN,NaN,NaN,NaN,NaN,NaN,NaN,NaN,NaN
NaN,NaN,-0.010961114327074,0.00186436228977982,-0.00810415029506354,0.000424039336697509,-0.00608734859270044,-0.0168525030991683,-0.00515307135356124,NaN,NaN,NaN,NaN,NaN,NaN,NaN,NaN,NaN
NaN,NaN,0.00268803267681506,-0.0119071977533167,-0.00582166492919593,0.00115989592935269,-0.0160602301184554,-0.016659644820417,-0.0172729866899317,NaN,NaN,NaN,NaN,NaN,NaN,NaN,NaN,NaN
NaN,NaN,-0.00693170995509717,-0.0080802070297068,-0.00192098796348243,-0.0118117325279551,-0.00995213238638826,-0.0255695706388603,-0.0155997725523775,NaN,NaN,NaN,NaN,NaN,NaN,NaN,NaN,NaN
NaN,NaN,0.00159788235032466,-0.00664088524354156,-0.0167020644245592,-0.00338376614187534,-0.0198096975509543,-0.0186776532015453,-0.0109808223642176,NaN,NaN,NaN,NaN,NaN,NaN,NaN,NaN,NaN
NaN,NaN,-0.00235325367248151,-0.0154068844713038,-0.00751484662274985,-0.00812579992149646,-0.0177279867057223,-0.0098684219798694,-0.0149484986759489,NaN,NaN,NaN,NaN,NaN,NaN,NaN,NaN,NaN
NaN,NaN,-0.00971897215640638,-0.00330984241736587,-0.0144150528309789,-0.0106540985677081,-0.0126186765555758,-0.0213595083138595,-0.013703357646591,NaN,NaN,NaN,NaN,NaN,NaN,NaN,NaN,NaN
NaN,NaN,0.00571676819527056,-0.0127854163147276,-0.0110876607892957,-0.00949912819002444,-0.0229586854402442,-0.021703520246471,-0.0232459681428736,NaN,NaN,NaN,NaN,NaN,NaN,NaN,NaN,NaN
NaN,NaN,-0.00803478703892324,-0.0146090949274367,-0.0138917426763025,-0.0185843661699134,-0.0158024586562533,-0.0239460332474361,-0.0245381223357981,NaN,NaN,NaN,NaN,NaN,NaN,NaN,NaN,NaN
NaN,NaN,-0.00422420621907804,-0.0121679308213061,-0.0253961469231096,-0.00658386501406009,-0.0192727900866885,-0.0218400335094581,-0.0203270355559653,NaN,NaN,NaN,NaN,NaN,NaN,NaN,NaN,NaN
NaN,NaN,-0.0072188925842056,-0.0202707538701361,-0.0103454525766817,-0.0116556614909011,-0.0189691230480094,-0.0185353657385955,-0.0253041351534193,NaN,NaN,NaN,NaN,NaN,NaN,NaN,NaN,NaN
NaN,NaN,-0.0119967822829494,-0.0105083139933413,-0.0164321298895326,-0.0135403417322474,-0.0137363567773718,-0.033589561857904,-0.0194494502939051,NaN,NaN,NaN,NaN,NaN,NaN,NaN,NaN,NaN
NaN,NaN,0.00123295291268733,-0.0168685393728083,-0.0165607269106355,-0.0140025943789321,-0.0259522542182822,-0.0264128646037231,-0.0251605624653166,NaN,NaN,NaN,NaN,NaN,NaN,NaN,NaN,NaN
NaN,NaN,-0.0143783231178531,-0.0206673110224074,-0.0176982815561738,-0.0183342501792746,-0.0193457685236353,-0.0220953090271602,-0.0268193597294157,NaN,NaN,NaN,NaN,NaN,NaN,NaN,NaN,NaN
NaN,NaN,-0.0151025940576801,-0.00967822618258651,-0.0230843248961416,-0.0055973336372214,-0.0176863752130885,-0.0223063467225681,-0.0215580391086405,NaN,NaN,NaN,NaN,NaN,NaN,NaN,NaN,NaN
NaN,NaN,-0.010166770676733,-0.0184373149968451,-0.00992531433682113,-0.010855376002534,-0.0229051530186553,-0.0208352668366084,-0.0245142245985335,NaN,NaN,NaN,NaN,NaN,NaN,NaN,NaN,NaN
NaN,NaN,-0.0139336724678287,-0.00372752196562942,-0.0121309469638315,-0.0129905447635489,-0.0129569515411276,-0.0330635694942127,-0.0202255213953322,NaN,NaN,NaN,NaN,NaN,NaN,NaN,NaN,NaN
NaN,NaN,-0.00321550936496351,-0.0107425416208571,-0.0198546285925355,-0.00692683386538798,-0.0265261538152117,-0.0193897238156448,-0.0236493239499396,NaN,NaN,NaN,NaN,NaN,NaN,NaN,NaN,NaN
