F1_2000Hz,F2_1500Hz,F3_1000Hz,F4_900Hz,F5_800Hz,F6_700Hz,F7_600Hz,F8_500Hz,F9_400Hz,F10_200Hz,F11_100Hz,F12_80Hz,F13_600Hz,F14_600Hz,F15_600Hz,F16_600Hz,F17_600Hz,F18_600Hz
NaN,NaN,0.0149783628294244,-0.00812051898780434,0.0102703348432745,0.0233353012493656,0.0471695195592474,0.0419628423357305,0.0202364230159825,NaN,NaN,NaN,NaN,NaN,NaN,NaN,NaN,NaN
NaN,NaN,0.0060920367250219,0.00326616608557136,0.0135198496912684,0.0342472725800083,0.0408758278645109,0.0403647859299478,0.0101467163864678,NaN,NaN,NaN,NaN,NaN,NaN,NaN,NaN,NaN
NaN,NaN,0.00423671177122742,0.00846337446031005,0.0304873176549639,0.0341046312144802,0.0442941914952826,0.0275043015086946,0.017185931802184,NaN,NaN,NaN,NaN,NaN,NaN,NaN,NaN,NaN
NaN,NaN,-0.00117268913891166,0.0175755462890569,0.0340542458628382,0.0469041512599991,0.0348049830354284,0.0190997671985921,0.0152420194450921,NaN,NaN,NaN,NaN,NaN,NaN,NaN,NaN,NaN
NaN,NaN,0.00763387850020081,0.0095739952569905,0.0307187326883043,0.0476239145985649,0.0336311626888346,0.0286716212237176,0.0112858729068345,NaN,NaN,NaN,NaN,NaN,NaN,NaN,NaN,NaN
NaN,NaN,0.0150680305669084,0.0135693691020909,0.0367584340904917,0.0403736987403439,0.041027167782886,0.0208284695351419,0.0104874128107137,NaN,NaN,NaN,NaN,NaN,NaN,NaN,NaN,NaN
NaN,NaN,0.00742483383510262,0.0305576055592004,0.0382527784143652,0.0472027146509693,0.0278760362125468,0.021886600991517,0.00678153127470675,NaN,NaN,NaN,NaN,NaN,NaN,NaN,NaN,NaN
NaN,NaN,0.00954932963941246,0.0363638057654801,0.0539712869261469,0.0377325610509918,0.0297812428034376,0.0118270692134198,0.0141248607639379,NaN,NaN,NaN,NaN,NaN,NaN,NaN,NaN,NaN
NaN,NaN,0.00959796330425888,0.0464004828875962,0.0451734923456873,0.0423536346546219,0.0232950094796251,0.0173661288523969,0.0126690359417504,NaN,NaN,NaN,NaN,NaN,NaN,NaN,NaN,NaN
NaN,NaN,0.0340966643998399,0.0398152686005536,0.0435136147474016,0.0345764764836834,0.0234744194603991,0.027248970111638,0.00460881158748331,NaN,NaN,NaN,NaN,NaN,NaN,NaN,NaN,NaN
NaN,NaN,0.0379656763980165,0.0408173158114854,0.0499460921322073,0.026388623683791,0.0243144537962507,0.0200097252333459,0.00601615175643625,NaN,NaN,NaN,NaN,NaN,NaN,NaN,NaN,NaN
NaN,NaN,0.0285600448260084,0.0528291232233945,0.0426833592985834,0.0290742413393067,0.0161076578951906,0.0201484177911577,0.00907156035342875,NaN,NaN,NaN,NaN,NaN,NaN,NaN,NaN,NaN
NaN,NaN,0.0330137783894315,0.0528879269307557,0.0449564755593504,0.0210906089535759,0.0241955239034723,0.0122972008490857,0.0100579799715585,NaN,NaN,NaN,NaN,NaN,NaN,NaN,NaN,NaN
NaN,NaN,0.0439463505754247,0.0570112272447053,0.0309130065773691,0.0247018867424534,0.0215462278283667,0.0163466100299653,0.00505746692457857,NaN,NaN,NaN,NaN,NaN,NaN,NaN,NaN,NaN
NaN,NaN,0.0610945323714986,0.044940541619629,0.0308885314201082,0.0267790899864243,0.0145661513961386,0.00860238342526524,0.00316740363875094,NaN,NaN,NaN,NaN,NaN,NaN,NaN,NaN,NaN
NaN,NaN,0.0493715280899778,0.040032229507536,0.0336646177505221,0.0192833774975346,0.0139759164012503,0.00166734575274556,0.0139197090272016,NaN,NaN,NaN,NaN,NaN,NaN,NaN,NaN,NaN
NaN,NaN,0.0361848199972883,0.053504835004181,0.0244790577028956,0.0224204258314179,0.00770062764058821,0.00544251768830388,0.0165950076285905,NaN,NaN,NaN,NaN,NaN,NaN,NaN,NaN,NaN
NaN,NaN,0.0420105593511835,0.0439548484331075,0.0263063871000971,0.0150843420318173,0.0119857173122,0.00985650240424244,0.0165835709873742,NaN,NaN,NaN,NaN,NaN,NaN,NaN,NaN,NaN
NaN,NaN,0.050305830896832,0.0398884891813699,0.0132700689767565,0.0154750318518685,0.00275809873710386,0.00652339204195111,0.0241927558187551,NaN,NaN,NaN,NaN,NaN,NaN,NaN,NaN,NaN
NaN,NaN,0.0505075367400423,0.0231230809634629,0.0162293650840487,0.0151903265408085,-1.18781172204763e-05,0.00763835280182927,0.0247662828866548,NaN,NaN,NaN,NaN,NaN,NaN,NaN,NaN,NaN
NaN,NaN,0.0311644884059206,0.0219758778160516,0.0174958892797198,0.00213016655955774,0.000244123832089826,0.00954737781527607,0.037541905194909,NaN,NaN,NaN,NaN,NaN,NaN,NaN,NaN,NaN
NaN,NaN,0.0180344792315736,0.0331105283742848,0.0100035295520987,0.00342828121695978,0.000122083321912214,0.0242489007020292,0.0386490614716119,NaN,NaN,NaN,NaN,NaN,NaN,NaN,NaN,NaN
NaN,NaN,0.0335207903990522,0.0181636019891206,0.0054389127229418,-0.00468832540597456,0.00523327474365942,0.0231489156091508,0.0392805540565557,NaN,NaN,NaN,NaN,NaN,NaN,NaN,NaN,NaN
NaN,NaN,0.0353924880037084,0.0138558066731396,0.00119757658588545,-0.00359458017434615,0.00612067614565603,0.0180329185629186,0.0410688796643323,NaN,NaN,NaN,NaN,NaN,NaN,NaN,NaN,NaN
NaN,NaN,0.0285629878053442,0.00661030330714614,-0.00230533250820978,-0.00151162135686415,0.00471309383283369,0.0298872207010087,0.036068198979289,NaN,NaN,NaN,NaN,NaN,NaN,NaN,NaN,NaN
NaN,NaN,0.014691329211928,0.00595357188043029,0.00263086340176718,-0.00702624309148329,0.0144548769749235,0.0266673219108876,0.0402996258441514,NaN,NaN,NaN,NaN,NaN,NaN,NaN,NaN,NaN
NaN,NaN,0.00825207179877907,0.0161517962163392,-0.00371667736423357,0.00137234938059312,0.0213353018916678,0.0398693409467038,0.0325267890099591,NaN,NaN,NaN,NaN,NaN,NaN,NaN,NaN,NaN
NaN,NaN,0.0207881206879392,-0.00089798203650086,-0.00233399861705645,0.00817392852817041,0.0281317960179877,0.0344414439702329,0.0338033714894361,NaN,NaN,NaN,NaN,NaN,NaN,NaN,NaN,NaN
NaN,NaN,0.0133508580038324,-0.00216191715541451,0.000352867010709208,0.0142886572769688,0.0293090808845591,0.0341026474440393,0.0345673353973931,NaN,NaN,NaN,NaN,NaN,NaN,NaN,NaN,NaN
NaN,NaN,0.00592797494027764,-0.00992670736256211,0.00174025825011389,0.0206489757886933,0.024278784141643,0.0358958531821069,0.0261420698467797,NaN,NaN,NaN,NaN,NaN,NaN,NaN,NaN,NaN
NaN,NaN,-0.00254296266939491,-0.00421004450860589,0.00999540841924803,0.0157242910257385,0.0328104067302775,0.0360175025368032,0.0299376377467221,NaN,NaN,NaN,NaN,NaN,NaN,NaN,NaN,NaN
NaN,NaN,-0.00642117613460868,0.00824727037009628,0.00523681572425024,0.0272680715910004,0.0380938928283285,0.0358271402025518,0.0275059731308526,NaN,NaN,NaN,NaN,NaN,NaN,NaN,NaN,NaN
NaN,NaN,0.00596783554647118,-0.0020183072144088,0.0179273151491846,0.0336824813178585,0.0395439434505533,0.0287804928326902,0.026420051008851,NaN,NaN,NaN,NaN,NaN,NaN,NaN,NaN,NaN
NaN,NaN,-0.000315499841235576,-0.00173520377817719,0.0263427459334101,0.028962035595517,0.037810491368873,0.031268427958518,0.0265421287719316,NaN,NaN,NaN,NaN,NaN,NaN,NaN,NaN,NaN
NaN,NaN,-0.00743998715188354,0.0039478569572869,0.0222514458631243,0.0340595552018688,0.0297616477764677,0.036311055412322,0.0155567692224092,NaN,NaN,NaN,NaN,NaN,NaN,NaN,NaN,NaN
NaN,NaN,-0.000924808322452007,0.0203475906794968,0.0310951918994154,0.0246919029644535,0.0386597085453104,0.0290843833887872,0.0143977196518487,NaN,NaN,NaN,NaN,NaN,NaN,NaN,NaN,NaN
NaN,NaN,0.00265962874982506,0.0309239506071511,0.0308308080469336,0.0351337612858818,0.0370263922668528,0.0238966372514066,0.00513338834086123,NaN,NaN,NaN,NaN,NaN,NaN,NaN,NaN,NaN
NaN,NaN,0.0236922079930082,0.0238087765222493,0.0422498286400999,0.0383264654568241,0.0320307779766154,0.02261556579712,0.00973371207752886,NaN,NaN,NaN,NaN,NaN,NaN,NaN,NaN,NaN
NaN,NaN,0.0139219077536836,0.0257388121729794,0.0366928131018843,0.0363890351048515,0.03411327113281,0.0160744030678567,0.010579818636567,NaN,NaN,NaN,NaN,NaN,NaN,NaN,NaN,NaN
NaN,NaN,0.0179710934171453,0.0361621744280759,0.0323452316855158,0.0399484195998715,0.0211709607101511,0.0231892046237287,-0.000144267677872751,NaN,NaN,NaN,NaN,NaN,NaN,NaN,NaN,NaN
NaN,NaN,0.0290989266941324,0.0399506456499997,0.0379472859834398,0.0304796071044014,0.0274594742513727,0.00968664779308407,0.00128030195871058,NaN,NaN,NaN,NaN,NaN,NaN,NaN,NaN,NaN
NaN,NaN,0.0333285095402971,0.0442767321413461,0.0374845304225649,0.041000776856284,0.0241879615641665,0.0070557732785043,0.00919153332749071,NaN,NaN,NaN,NaN,NaN,NaN,NaN,NaN,NaN
NaN,NaN,0.0407248685369268,0.0337667010074559,0.0348924361799921,0.0388150931588219,0.020996840641601,0.00657627253773777,0.0105564610663957,NaN,NaN,NaN,NaN,NaN,NaN,NaN,NaN,NaN
NaN,NaN,0.0299648331711069,0.0337324469631615,0.029821012232181,0.0290197589686917,0.0166930686391424,0.0022226002717313,0.0103991048041886,NaN,NaN,NaN,NaN,NaN,NaN,NaN,NaN,NaN
NaN,NaN,0.0298044221708551,0.0347325011437836,0.0272729695473875,0.0219607250085877,0.00192322392831556,0.00537635653260319,-0.000380357950537775,NaN,NaN,NaN,NaN,NaN,NaN,NaN,NaN,NaN
NaN,NaN,0.0349509852239862,0.0357917315607968,0.0377931707237925,0.0132412919095562,0.00901647467981093,-0.00880478055235775,0.00974587515035334,NaN,NaN,NaN,NaN,NaN,NaN,NaN,NaN,NaN
NaN,NaN,0.0363925794372335,0.0383951506858769,0.0303620920215811,0.0187558205119179,0.00318337787757628,-0.00573430315610798,0.0136507989470071,NaN,NaN,NaN,NaN,NaN,NaN,NaN,NaN,NaN
NaN,NaN,0.0344062173971906,0.0306666448062363,0.0245681666468348,0.0182719425550507,-0.0055490751110483,-9.42508971396219e-05,0.015058325380475,NaN,NaN,NaN,NaN,NaN,NaN,NaN,NaN,NaN
NaN,NaN,0.0277024457463995,0.0222261986976567,0.0193220079575743,0.00295721825871927,-0.00584007616271265,-0.00436347083207996,0.0158942805234498,NaN,NaN,NaN,NaN,NaN,NaN,NaN,NaN,NaN
NaN,NaN,0.0269032778451219,0.0294741607552472,0.0144637451206412,-0.00121199625815886,-0.0133944060944486,-0.0019367422258559,0.0134309136871404,NaN,NaN,NaN,NaN,NaN,NaN,NaN,NaN,NaN
NaN,NaN,0.0399652818450704,0.0323352954631749,0.0197413825129236,-0.00770180586065787,0.000225422874791548,-0.00108985335585506,0.0250250415507859,NaN,NaN,NaN,NaN,NaN,NaN,NaN,NaN,NaN
NaN,NaN,0.0343334065983072,0.0324701137190762,0.00944957888471739,0.0015664183786915,-0.00125497023691423,0.00790635018590061,0.0356374622885293,NaN,NaN,NaN,NaN,NaN,NaN,NaN,NaN,NaN
NaN,NaN,0.0251678699860349,0.0192723973935548,0.00317829481112615,0.00332179379377824,0.00256479342351667,0.0208477106595334,0.0322334037725038,NaN,NaN,NaN,NaN,NaN,NaN,NaN,NaN,NaN
NaN,NaN,0.0229477646062151,0.0130338399952355,-0.00160490342629297,-0.00750280085291403,0.0083390865183901,0.0140939642393884,0.0305413396660394,NaN,NaN,NaN,NaN,NaN,NaN,NaN,NaN,NaN
NaN,NaN,0.0195069188484922,0.0213382943814698,-0.00370218598497256,-0.00611973095025557,0.0104773100174498,0.0225007337236699,0.0304669269923276,NaN,NaN,NaN,NaN,NaN,NaN,NaN,NaN,NaN
NaN,NaN,0.0350522572407499,0.0135935276096764,0.00299014902460234,-0.00853483665074843,0.021420778677566,0.0247709442580041,0.0392289029065675,NaN,NaN,NaN,NaN,NaN,NaN,NaN,NaN,NaN
NaN,NaN,0.019206995726563,0.00659495511111648,-0.00088886537802561,0.00527850252304536,0.0248118918098044,0.0303807657862004,0.0458511093262738,NaN,NaN,NaN,NaN,NaN,NaN,NaN,NaN,NaN
NaN,NaN,0.0153918700525537,-0.000985004817872934,-0.00168197968256815,0.0114079647949742,0.0216000955260824,0.0341258373761472,0.0348497869078225,NaN,NaN,NaN,NaN,NaN,NaN,NaN,NaN,NaN
NaN,NaN,0.0124655055114999,-0.00111304304543107,0.00392098731147901,0.0126764820209549,0.0295023116923403,0.0227609452510175,0.0363553629819459,NaN,NaN,NaN,NaN,NaN,NaN,NaN,NaN,NaN
NaN,NaN,0.01603787264321,0.00675463967976005,0.00643997273194448,0.0151607291093872,0.0308524500287604,0.0368271943831739,0.035509759337098,NaN,NaN,NaN,NaN,NaN,NaN,NaN,NaN,NaN
NaN,NaN,0.0219017403433099,0.00188106589970023,0.0176897347604002,0.0247058169237183,0.041619321302278,0.0389436994397935,0.0394350977245873,NaN,NaN,NaN,NaN,NaN,NaN,NaN,NaN,NaN
NaN,NaN,0.00596299266908318,0.00461721711811454,0.0146425590549673,0.0319215365937756,0.0404382180131506,0.0380529639029798,0.0465363205973214,NaN,NaN,NaN,NaN,NaN,NaN,NaN,NaN,NaN
NaN,NaN,0.00395403674338013,0.00933529728111656,0.0193125270937647,0.0415429369798706,0.0353273618675303,0.037546175410777,0.0304060371223992,NaN,NaN,NaN,NaN,NaN,NaN,NaN,NaN,NaN
NaN,NaN,0.00869268050882965,0.00713681721147926,0.0292207003270353,0.0330430352381275,0.0425155143893789,0.0354586344862279,0.0288420298699445,NaN,NaN,NaN,NaN,NaN,NaN,NaN,NaN,NaN
NaN,NaN,0.0117533603915945,0.0165936715250912,0.0286364816759791,0.0386112639001415,0.0409444477118086,0.0457436767125425,0.026565225571782,NaN,NaN,NaN,NaN,NaN,NaN,NaN,NaN,NaN
NaN,NaN,0.0104123676428571,0.0139885387664738,0.0338965915774073,0.0397767582229183,0.0429504047788214,0.047956163873702,0.026858331412465,NaN,NaN,NaN,NaN,NaN,NaN,NaN,NaN,NaN
NaN,NaN,0.00354833400342614,0.0212556301897469,0.0307748541866507,0.0443308138540791,0.0393038112379145,0.0331819791996774,0.0263156311217851,NaN,NaN,NaN,NaN,NaN,NaN,NaN,NaN,NaN
NaN,NaN,0.00810307881329209,0.0232737317031327,0.0323952809606756,0.044483625262122,0.0325983818329405,0.0317341823780832,0.000366134345919516,NaN,NaN,NaN,NaN,NaN,NaN,NaN,NaN,NaN
NaN,NaN,0.0230239467928186,0.0227770946269933,0.0431731790934767,0.0348494657567547,0.0401368606544565,0.025585143705636,0.00311765238681498,NaN,NaN,NaN,NaN,NaN,NaN,NaN,NaN,NaN
NaN,NaN,0.014988029957749,0.0330712824409905,0.0377115496133532,0.0387198933652447,0.0337542090273928,0.0273017015958127,1.42806772297881e-05,NaN,NaN,NaN,NaN,NaN,NaN,NaN,NaN,NaN
NaN,NaN,0.0196888620266691,0.0303046956008378,0.0376261659597124,0.0388218731871651,0.0326830949343275,0.0194175717139539,-0.00506427720150289,NaN,NaN,NaN,NaN,NaN,NaN,NaN,NaN,NaN
NaN,NaN,0.0176175261149183,0.0321571893340054,0.0337670632337298,0.0365282678297566,0.0315103176690172,-0.00158818543908031,-0.00791721627077398,NaN,NaN,NaN,NaN,NaN,NaN,NaN,NaN,NaN
NaN,NaN,0.0289138915250078,0.0325230687206689,0.0375235714648928,0.0357383200219677,0.0205989423848223,0.00376772030237286,-0.0220580270882541,NaN,NaN,NaN,NaN,NaN,NaN,NaN,NaN,NaN
NaN,NaN,0.0351096267113462,0.0308993264382783,0.0442954414223398,0.0243297488680885,0.0214214306033682,-0.00584313751217754,-0.0127655884619647,NaN,NaN,NaN,NaN,NaN,NaN,NaN,NaN,NaN
NaN,NaN,0.0253130631754175,0.0352719604319039,0.0342119560276236,0.0282841072670029,0.0133064817346167,-0.00265861035344036,-0.00676548689565,NaN,NaN,NaN,NaN,NaN,NaN,NaN,NaN,NaN
NaN,NaN,0.0287252614507452,0.0266073263531628,0.0353136361275877,0.0271323965183304,0.00712344978819601,-0.00933569029924304,-0.00747703596910772,NaN,NaN,NaN,NaN,NaN,NaN,NaN,NaN,NaN
NaN,NaN,0.0291367942700163,0.0300056665485802,0.0334350839887823,0.0231847436419533,0.00263646800885908,-0.0191513832008544,-0.00235241487583456,NaN,NaN,NaN,NaN,NaN,NaN,NaN,NaN,NaN
NaN,NaN,0.0361508453497663,0.0393175511902276,0.0299322866533961,0.0167540916493939,-0.0112193581007887,-0.0101164366399947,-0.0094510486718112,NaN,NaN,NaN,NaN,NaN,NaN,NaN,NaN,NaN
NaN,NaN,0.0379641304025427,0.0380977421348992,0.0337841064368452,0.00176903691802484,-0.0059404727362562,-0.00708226219770343,0.00498640701213541,NaN,NaN,NaN,NaN,NaN,NaN,NaN,NaN,NaN
NaN,NaN,0.0288712928304449,0.0416330053752366,0.0188238807653155,0.00562108021889192,-0.0124085638963152,-0.00257074938175113,0.0129067839685983,NaN,NaN,NaN,NaN,NaN,NaN,NaN,NaN,NaN
NaN,NaN,0.0331467712530866,0.0308296262567941,0.0207637511824335,0.00309067678366167,-0.00950818325509317,-0.00786772103068263,0.00786980032959643,NaN,NaN,NaN,NaN,NaN,NaN,NaN,NaN,NaN
NaN,NaN,0.0398128802189603,0.0339617385810319,0.0163242109750475,-0.000767122090716537,-0.000937482371227817,-0.00993117795345218,0.0150227302316731,NaN,NaN,NaN,NaN,NaN,NaN,NaN,NaN,NaN
NaN,NaN,0.0473528677830473,0.0371263540631238,0.00844479358541624,-0.007179538787265,-0.0065222326957155,0.0049599808359441,0.00885195449033442,NaN,NaN,NaN,NaN,NaN,NaN,NaN,NaN,NaN
NaN,NaN,0.0439629094908014,0.0254943958764973,0.00852343446361677,-0.0165428883143856,0.00172475908766501,0.0105372992062864,0.0201698334518975,NaN,NaN,NaN,NaN,NaN,NaN,NaN,NaN,NaN
NaN,NaN,0.0340072015533224,0.0220145090764466,-0.00113298365128382,-0.0035644239493801,0.00177695040474646,0.00378830253127186,0.0244886556271619,NaN,NaN,NaN,NaN,NaN,NaN,NaN,NaN,NaN
NaN,NaN,0.0354561159620062,0.0102794907337132,0.00497045746791021,0.00280666065130693,0.0124260652519297,0.0113015611374673,0.0161164940897531,NaN,NaN,NaN,NaN,NaN,NaN,NaN,NaN,NaN
NaN,NaN,0.0423344360897318,0.0141903749948445,-0.000194303628328878,0.000103329240422074,0.0140477772511076,0.00827910273316472,0.0247994007174081,NaN,NaN,NaN,NaN,NaN,NaN,NaN,NaN,NaN
NaN,NaN,0.0305692615220323,0.0157273180132809,-0.0020679383839403,0.00398849037204248,0.00628300567041151,0.0277811278307733,0.0228494533900327,NaN,NaN,NaN,NaN,NaN,NaN,NaN,NaN,NaN
NaN,NaN,0.0269203396746889,0.000958888912767481,0.00548899925100462,0.00102919426475031,0.0192969347990584,0.0189854566657838,0.0378273555640286,NaN,NaN,NaN,NaN,NaN,NaN,NaN,NaN,NaN
NaN,NaN,0.0135230595478788,0.00198164873775871,0.00581200054633276,0.0149464317849682,0.0225238185084891,0.0213910815024671,0.0409370043877667,NaN,NaN,NaN,NaN,NaN,NaN,NaN,NaN,NaN
NaN,NaN,0.0202053549000993,-0.0015845157856044,0.00570312893736021,0.0127779775551365,0.0249325539625715,0.0272799645269212,0.0347546243671483,NaN,NaN,NaN,NaN,NaN,NaN,NaN,NaN,NaN
NaN,NaN,0.0129358979174867,0.00785306015071304,0.00944892695891516,0.0110131399026917,0.0267626587010454,0.0304597419405278,0.0415287294987744,NaN,NaN,NaN,NaN,NaN,NaN,NaN,NaN,NaN
NaN,NaN,0.00164104124996811,0.00923421152886779,0.00728393724906103,0.015827444314103,0.0224612150050234,0.037467441400319,0.0409070716802186,NaN,NaN,NaN,NaN,NaN,NaN,NaN,NaN,NaN
NaN,NaN,0.00334050005767494,-0.00418363220038979,0.0159367807840075,0.0123606519094513,0.0335728060163092,0.0242115732932386,0.0480505020920342,NaN,NaN,NaN,NaN,NaN,NaN,NaN,NaN,NaN
NaN,NaN,0.00509406870696694,-0.00128051347079842,0.0120607466136183,0.0198332303455876,0.0408109146810602,0.0250323851311502,0.0413333193961686,NaN,NaN,NaN,NaN,NaN,NaN,NaN,NaN,NaN
NaN,NaN,0.0125217201421037,0.00201623805817993,0.010714836481687,0.0240722195497559,0.0378233622468542,0.0330874313319024,0.024106981009633,NaN,NaN,NaN,NaN,NaN,NaN,NaN,NaN,NaN
NaN,NaN,0.00265459960792214,0.00621315010842712,0.0224200338755812,0.026244585334401,0.0405885521031451,0.0376458269262609,0.0280336791280812,NaN,NaN,NaN,NaN,NaN,NaN,NaN,NaN,NaN
NaN,NaN,-0.00318732613231987,0.00571818941292198,0.0142693967257704,0.0323985786429451,0.035180250153644,0.0300968427861032,0.0211509445313519,NaN,NaN,NaN,NaN,NaN,NaN,NaN,NaN,NaN
NaN,NaN,0.0065609390148893,-0.00259397632423012,0.0253654346500601,0.0239523397079514,0.0462299454666209,0.0229408953988847,0.016426773518712,NaN,NaN,NaN,NaN,NaN,NaN,NaN,NaN,NaN
NaN,NaN,0.0078184480080381,0.00954698690232665,0.0206214823459353,0.040163983522992,0.0437097120739054,0.0170999009812173,0.00660595834294024,NaN,NaN,NaN,NaN,NaN,NaN,NaN,NaN,NaN
NaN,NaN,0.00651511794421822,0.0147881537025872,0.025708478007194,0.0473161124876545,0.0315788816369604,0.0228096161687669,-0.0046268536146575,NaN,NaN,NaN,NaN,NaN,NaN,NaN,NaN,NaN
NaN,NaN,0.000116894603706896,0.0154659143930379,0.0339962058399882,0.043116350590329,0.0352270770526957,0.00953167571666806,0.00329203322568598,NaN,NaN,NaN,NaN,NaN,NaN,NaN,NaN,NaN
NaN,NaN,-0.00143319868948311,0.0198938130682412,0.0242917314802374,0.042080924778323,0.0256003495014738,0.00769315182211964,-0.000140840410798167,NaN,NaN,NaN,NaN,NaN,NaN,NaN,NaN,NaN
NaN,NaN,0.0143729286501184,0.0127330600565377,0.0382026173804964,0.0359728829256104,0.0251661110378336,0.00295152782443135,0.00290605589786234,NaN,NaN,NaN,NaN,NaN,NaN,NaN,NaN,NaN
NaN,NaN,0.0113096410641447,0.0231612838154736,0.0300725252066817,0.043713346987109,0.021303189889295,0.000358744403153347,-2.15566154414173e-05,NaN,NaN,NaN,NaN,NaN,NaN,NaN,NaN,NaN
NaN,NaN,0.0114158677170053,0.0331649921184483,0.0374018289779391,0.042309899746518,0.0117527749098372,0.00899547605755894,-0.00532935023268995,NaN,NaN,NaN,NaN,NaN,NaN,NaN,NaN,NaN
NaN,NaN,0.00929947441909462,0.0300907521789971,0.0381797813509669,0.027265258996825,0.0182786639488768,-0.00293234468457134,0.00412344351449671,NaN,NaN,NaN,NaN,NaN,NaN,NaN,NaN,NaN
NaN,NaN,0.0183741512009874,0.0353373206501904,0.0352636613582339,0.0239836693993614,0.00759319026838057,-0.000593607435196948,0.00232900843063059,NaN,NaN,NaN,NaN,NaN,NaN,NaN,NaN,NaN
NaN,NaN,0.0345831128070131,0.0284991405254308,0.033548463199016,0.013957609354596,0.00988288407097571,-0.000559893557995867,0.00345236972013178,NaN,NaN,NaN,NaN,NaN,NaN,NaN,NaN,NaN
NaN,NaN,0.0341539966175333,0.0421237564927045,0.0295996368561949,0.0175057062200115,0.00799688135157339,0.00307897000554173,0.00130429282823267,NaN,NaN,NaN,NaN,NaN,NaN,NaN,NaN,NaN
NaN,NaN,0.0359349834034219,0.0461268044358197,0.0300823040937151,0.0229950332335041,0.000643866107566282,0.00468553869965642,-0.00180379137358007,NaN,NaN,NaN,NaN,NaN,NaN,NaN,NaN,NaN
NaN,NaN,0.0409284183988348,0.0371607571190301,0.0300808698569502,0.0091885485938595,0.0122734028554987,-0.000684951553315235,0.00840652152934732,NaN,NaN,NaN,NaN,NaN,NaN,NaN,NaN,NaN
NaN,NaN,0.04468682652805,0.0383995837813321,0.015718795422193,0.012907617657523,0.00332618688116781,0.0041251246536073,0.0121438072625703,NaN,NaN,NaN,NaN,NaN,NaN,NaN,NaN,NaN
NaN,NaN,0.0534483740339056,0.0262381128316823,0.0160034821068014,0.00760978919182283,0.00996556688915007,0.00946869968417256,0.0194975861910886,NaN,NaN,NaN,NaN,NaN,NaN,NaN,NaN,NaN
NaN,NaN,0.0483250009128824,0.0378542199080888,0.0167971924577917,0.0159297035327957,0.00521751676569693,0.0056393806541261,0.0207495072487897,NaN,NaN,NaN,NaN,NaN,NaN,NaN,NaN,NaN
NaN,NaN,0.041619366616942,0.0361277713721696,0.0124012940262522,0.0207655401221321,0.000944869563682005,0.0095419947707948,0.0190167443458146,NaN,NaN,NaN,NaN,NaN,NaN,NaN,NaN,NaN
NaN,NaN,0.0406380692729726,0.0217465861981812,0.0153634586070742,0.005881273119788,0.0111005510843825,0.00458273931387036,0.0338080281023091,NaN,NaN,NaN,NaN,NaN,NaN,NaN,NaN,NaN
NaN,NaN,0.0349351154873148,0.01812377863583,0.00638265914070265,0.00989119422350389,0.00805656050215475,0.0126939070129689,0.0406970584396428,NaN,NaN,NaN,NaN,NaN,NaN,NaN,NaN,NaN
NaN,NaN,0.0407677652547136,0.0125727608149949,0.012623265448686,0.00753830087099535,0.00853133012424223,0.0224116247797307,0.0462215708200044,NaN,NaN,NaN,NaN,NaN,NaN,NaN,NaN,NaN
NaN,NaN,0.0235160948941484,0.0195493913536969,0.010330926689979,0.0112285548142002,0.00564136166940443,0.0209220488274392,0.0450390705470151,NaN,NaN,NaN,NaN,NaN,NaN,NaN,NaN,NaN
NaN,NaN,0.0203796612331644,0.0213696985786858,8.28765963281812e-05,0.0130478003314541,0.00505513136158697,0.0319941703880128,0.0427061261240548,NaN,NaN,NaN,NaN,NaN,NaN,NaN,NaN,NaN
NaN,NaN,0.023869606317021,0.00447139062938125,0.00639044499742643,-0.00178202155317801,0.0213717352307867,0.0279520814025697,0.0501769723002023,NaN,NaN,NaN,NaN,NaN,NaN,NaN,NaN,NaN
NaN,NaN,0.0170277754077688,0.00769536861237915,-0.00367417180192812,0.00874443811092836,0.0176569129980635,0.0443614636266527,0.0474438013140267,NaN,NaN,NaN,NaN,NaN,NaN,NaN,NaN,NaN
NaN,NaN,0.0203419985482469,0.0041990346556607,0.00175637013065473,0.0133166731587456,0.0191775206185412,0.0464609627330598,0.0498134584728784,NaN,NaN,NaN,NaN,NaN,NaN,NaN,NaN,NaN
NaN,NaN,0.00269591307733208,0.00966850587186248,-0.000987976726416189,0.0143766113809155,0.0279505606449675,0.0422034588361081,0.0417980121079988,NaN,NaN,NaN,NaN,NaN,NaN,NaN,NaN,NaN
NaN,NaN,0.00398477038834244,0.0119433730190697,-0.00542066239965304,0.0197648712686108,0.0335303004540037,0.0440782484317121,0.0338244007531709,NaN,NaN,NaN,NaN,NaN,NaN,NaN,NaN,NaN
NaN,NaN,0.000365706742741168,-0.00702979124131768,0.00200207165228979,0.0137035259297894,0.0430826153315138,0.0414282072985467,0.0377171801034516,NaN,NaN,NaN,NaN,NaN,NaN,NaN,NaN,NaN
NaN,NaN,0.00227868056390434,-0.000996720855861591,0.00160350284325735,0.0303179481318997,0.0365284140862059,0.0512105402255353,0.0370186322931355,NaN,NaN,NaN,NaN,NaN,NaN,NaN,NaN,NaN
NaN,NaN,0.00252617022488266,-0.00182556069436638,0.0105099641417231,0.035305273651223,0.0397436562634539,0.0441768382394609,0.0327842065695828,NaN,NaN,NaN,NaN,NaN,NaN,NaN,NaN,NaN
NaN,NaN,-0.00613563263323158,0.00815816142615707,0.0156111717854704,0.0363934682003067,0.0467689949728083,0.0331340533399877,0.0256952399019307,NaN,NaN,NaN,NaN,NaN,NaN,NaN,NaN,NaN
NaN,NaN,-0.0062116285553202,0.00602869235929878,0.0172036402558054,0.0477071562102841,0.0410232189751696,0.0316923101151284,0.0235084944967336,NaN,NaN,NaN,NaN,NaN,NaN,NaN,NaN,NaN
NaN,NaN,0.00223922973964363,-0.00637153244557946,0.0331764929627146,0.0432006166568802,0.0455804597295355,0.0335510995889005,0.0246131548289365,NaN,NaN,NaN,NaN,NaN,NaN,NaN,NaN,NaN
NaN,NaN,0.00609458854887635,0.0128621041124764,0.0354532972608771,0.0513458335093067,0.0363698471046519,0.030758417090207,0.0164513976875848,NaN,NaN,NaN,NaN,NaN,NaN,NaN,NaN,NaN
NaN,NaN,0.0081773983547464,0.0188523709124032,0.0436777510379519,0.051635847359042,0.0344600956595968,0.0276176248395738,0.0175750570003099,NaN,NaN,NaN,NaN,NaN,NaN,NaN,NaN,NaN
NaN,NaN,0.00785797333810478,0.0318478784805241,0.0470227637027468,0.049526252715926,0.032160120055778,0.0161383290493783,0.0141060107950276,NaN,NaN,NaN,NaN,NaN,NaN,NaN,NaN,NaN
NaN,NaN,0.00816853216383606,0.034662707830042,0.0439719930921759,0.0517626003614472,0.030562771455152,0.0251011912429628,0.00675204560199442,NaN,NaN,NaN,NaN,NaN,NaN,NaN,NaN,NaN
NaN,NaN,0.0268147276947275,0.0320852539783421,0.0559726618860926,0.0390227222136067,0.0294867958582472,0.0210700546109971,0.00934846118131342,NaN,NaN,NaN,NaN,NaN,NaN,NaN,NaN,NaN
NaN,NaN,0.0300145471701398,0.0484228126054707,0.0516681634520258,0.0427079656413601,0.0259338747418951,0.0166122604811486,0.0148202420775002,NaN,NaN,NaN,NaN,NaN,NaN,NaN,NaN,NaN
NaN,NaN,0.0406985866138712,0.0525064199512902,0.049476966324922,0.0477604464880036,0.0199327114678454,0.0213719521367845,0.0157027819756574,NaN,NaN,NaN,NaN,NaN,NaN,NaN,NaN,NaN
NaN,NaN,0.035660001100041,0.057528986716837,0.0453819968436922,0.0396207989445732,0.0282749216712546,0.0140601572299299,0.0119135284427709,NaN,NaN,NaN,NaN,NaN,NaN,NaN,NaN,NaN
NaN,NaN,0.0399623574921861,0.0536740004366341,0.041961453918096,0.034258951365094,0.025107102439506,0.0217225764596757,0.00804839074650469,NaN,NaN,NaN,NaN,NaN,NaN,NaN,NaN,NaN
NaN,NaN,0.0565110283205286,0.0456476203447285,0.0487230420743193,0.0261785173109577,0.0183791536546778,0.00725578411462872,0.0129453779760903,NaN,NaN,NaN,NaN,NaN,NaN,NaN,NaN,NaN
NaN,NaN,0.0539157675812021,0.0546063660925332,0.041933495614406,0.0293449581852959,0.0177405830181669,0.00843007012250988,0.0173181423548764,NaN,NaN,NaN,NaN,NaN,NaN,NaN,NaN,NaN
NaN,NaN,0.0526526520261541,0.0539878561442796,0.0341412313913073,0.0319378161123798,0.0175203811086249,0.0103007991516885,0.0165202596787519,NaN,NaN,NaN,NaN,NaN,NaN,NaN,NaN,NaN
NaN,NaN,0.047137918532826,0.0477579041665498,0.0351212807630266,0.0202782348981903,0.0272077377594542,0.00676235078814595,0.0136599259082383,NaN,NaN,NaN,NaN,NaN,NaN,NaN,NaN,NaN
NaN,NaN,0.049214861006476,0.040457341009945,0.0265190825496878,0.0194609993389652,0.00939068009029143,0.0122041058445272,0.0141186581555909,NaN,NaN,NaN,NaN,NaN,NaN,NaN,NaN,NaN
NaN,NaN,0.0557662869105116,0.0328360862379971,0.0310016684864725,0.0151618466964768,0.007610307977302,0.00317213951590626,0.0265105010572976,NaN,NaN,NaN,NaN,NaN,NaN,NaN,NaN,NaN
NaN,NaN,0.0470384346554056,0.0387609741931859,0.019679877970096,0.0161829673937367,0.0139016713656019,0.0119016681516465,0.03513920471111,NaN,NaN,NaN,NaN,NaN,NaN,NaN,NaN,NaN
NaN,NaN,0.0423024544725195,0.0381679266041222,0.0179981142913069,0.018274829655032,0.0117754246748518,0.0208931405747232,0.0334669964019364,NaN,NaN,NaN,NaN,NaN,NaN,NaN,NaN,NaN
NaN,NaN,0.040468885214068,0.0272297478562299,0.0182236247395243,0.0071835787287758,0.0186569485522341,0.0216875028515157,0.0289257743958539,NaN,NaN,NaN,NaN,NaN,NaN,NaN,NaN,NaN
NaN,NaN,0.0266453946242109,0.0260606213754121,0.0079369992648329,0.00638999876294595,0.00481235419283621,0.0222801779115495,0.033533418327958,NaN,NaN,NaN,NaN,NaN,NaN,NaN,NaN,NaN
NaN,NaN,0.0339239226887003,0.0128618433421555,0.00718618563162939,0.00268536519918901,0.014706874237163,0.0269702252650556,0.0415912398699826,NaN,NaN,NaN,NaN,NaN,NaN,NaN,NaN,NaN
NaN,NaN,0.0252251649508253,0.0210186272209588,-0.00282130384099825,0.00399156373653871,0.0196241642988753,0.033472272446185,0.0456224137548512,NaN,NaN,NaN,NaN,NaN,NaN,NaN,NaN,NaN
NaN,NaN,0.0194399567553774,0.0142989299541417,0.000395875487204952,0.0116086089304493,0.0195283870853018,0.040385945578843,0.0336036214236325,NaN,NaN,NaN,NaN,NaN,NaN,NaN,NaN,NaN
NaN,NaN,0.015983464778401,0.00620100566205413,0.00192631787407057,0.00392448988471491,0.0334545839286875,0.0319906127357778,0.0318850518766946,NaN,NaN,NaN,NaN,NaN,NaN,NaN,NaN,NaN
NaN,NaN,0.00448781496379525,0.00564835884627731,-0.00164884322536333,0.0143863343885945,0.0296913329220843,0.0381065149510202,0.0337371172014779,NaN,NaN,NaN,NaN,NaN,NaN,NaN,NaN,NaN
NaN,NaN,0.0215476701268926,-0.00393021932783692,0.000368513229962749,0.0142900728872822,0.0383270960010123,0.0377881702685651,0.0321549305323667,NaN,NaN,NaN,NaN,NaN,NaN,NaN,NaN,NaN
NaN,NaN,0.0110031428048387,0.00334409915861518,0.00401218241798536,0.0241210208526657,0.0330495703674387,0.0349372428560552,0.0303240621093816,NaN,NaN,NaN,NaN,NaN,NaN,NaN,NaN,NaN
NaN,NaN,0.00664248561952263,0.00418096699771316,0.0107234232758249,0.0324335218659447,0.0364862065471243,0.0383736368918714,0.019997967183978,NaN,NaN,NaN,NaN,NaN,NaN,NaN,NaN,NaN
NaN,NaN,0.00289342796895653,0.00326625921782882,0.020916320446607,0.0281116076997326,0.0502970684028696,0.0306940440738496,0.0208945141736573,NaN,NaN,NaN,NaN,NaN,NaN,NaN,NaN,NaN
NaN,NaN,-0.00314053648617119,0.00624461018499763,0.0204058066641058,0.0374373317948387,0.037902617797954,0.0359287288689908,0.0184391194585866,NaN,NaN,NaN,NaN,NaN,NaN,NaN,NaN,NaN
NaN,NaN,0.0105938265332952,0.00404344790634544,0.0226484686766829,0.0418851048937844,0.0343051608360838,0.0315315638387498,0.0147336849574155,NaN,NaN,NaN,NaN,NaN,NaN,NaN,NaN,NaN
NaN,NaN,0.00248955062124878,0.0210549860542718,0.0328215473030771,0.0401204907587574,0.0395311843312811,0.0284997549557981,0.0196595804397172,NaN,NaN,NaN,NaN,NaN,NaN,NaN,NaN,NaN
NaN,NaN,0.00685164204332977,0.0285461536889973,0.0368177407120432,0.0394383342257546,0.0416114981926512,0.0294527587199506,0.00999133452811899,NaN,NaN,NaN,NaN,NaN,NaN,NaN,NaN,NaN
NaN,NaN,0.0105782361933962,0.0287497408038083,0.0474547297393049,0.0355836459687756,0.0444871801591944,0.0250160311067399,0.00836260035672846,NaN,NaN,NaN,NaN,NaN,NaN,NaN,NaN,NaN
NaN,NaN,0.00475964939687401,0.0321693896597329,0.0328662135337557,0.0492145576766537,0.0275132674432825,0.0246465195620355,0.00394785195627871,NaN,NaN,NaN,NaN,NaN,NaN,NaN,NaN,NaN
NaN,NaN,0.0206753375241533,0.0339937574511472,0.0447795242701735,0.0406295516780422,0.0304960142530035,0.0197740633690652,0.000842636227995778,NaN,NaN,NaN,NaN,NaN,NaN,NaN,NaN,NaN
NaN,NaN,0.0257026167819276,0.0426932229941788,0.0461137556170191,0.0340632991186188,0.0354147199250292,0.00744217901471226,0.00444745063820543,NaN,NaN,NaN,NaN,NaN,NaN,NaN,NaN,NaN
NaN,NaN,0.032207420677878,0.044835097277731,0.0417986401056017,0.0327547163954781,0.0264605190313887,0.0114344422424134,-0.00913030117711363,NaN,NaN,NaN,NaN,NaN,NaN,NaN,NaN,NaN
NaN,NaN,0.031564305187203,0.039505454832882,0.0414078571532931,0.0319166937163876,0.0223268251575064,0.00547960295322506,-0.00997193738779364,NaN,NaN,NaN,NaN,NaN,NaN,NaN,NaN,NaN
NaN,NaN,0.0254217671463266,0.0394936270361844,0.032666910502788,0.0372674771836804,0.0158828738785814,0.00109553231838314,-0.0105961284037524,NaN,NaN,NaN,NaN,NaN,NaN,NaN,NaN,NaN
NaN,NaN,0.0447476232657209,0.0374513111358586,0.0428836867843832,0.0294841909102009,0.0181501414335798,-0.00629173696991832,-0.0162256194647246,NaN,NaN,NaN,NaN,NaN,NaN,NaN,NaN,NaN
NaN,NaN,0.0454641642281786,0.0375382221585217,0.0386671797071661,0.0234890998593376,0.0163247864402365,-0.0137403617894355,-0.00585646018347082,NaN,NaN,NaN,NaN,NaN,NaN,NaN,NaN,NaN
NaN,NaN,0.037445011199452,0.0450699954575005,0.0289504863952364,0.0200273365965889,-0.00102193470229395,-0.00454820797798069,-0.0113375729318553,NaN,NaN,NaN,NaN,NaN,NaN,NaN,NaN,NaN
NaN,NaN,0.0331102634081617,0.0342024295872155,0.0266334862147535,0.0149382175198601,0.00170665417681448,-0.00910345570203693,-0.00570132046899137,NaN,NaN,NaN,NaN,NaN,NaN,NaN,NaN,NaN
NaN,NaN,0.034144906909205,0.0346355690902177,0.0221405812238421,0.0168224879792736,-0.00590934793581255,-0.00942524627801807,-0.00135703593453703,NaN,NaN,NaN,NaN,NaN,NaN,NaN,NaN,NaN
NaN,NaN,0.0476933965692297,0.0264621145373288,0.02434718242633,0.00805496138248903,-0.00752128104795702,-0.00690927834269435,9.39273838109027e-05,NaN,NaN,NaN,NaN,NaN,NaN,NaN,NaN,NaN
NaN,NaN,0.039438190520741,0.030501446807951,0.0135289952789511,-0.00332742098059195,-0.00686697105993517,-0.0076178471839133,0.0137250067297524,NaN,NaN,NaN,NaN,NaN,NaN,NaN,NaN,NaN
NaN,NaN,0.0235058130929247,0.0339110001271668,0.0039190874134268,-0.00415043073977965,-0.0172419790469576,0.00417800514939396,0.0106497237090177,NaN,NaN,NaN,NaN,NaN,NaN,NaN,NaN,NaN
NaN,NaN,0.0286772238323465,0.0177327535396519,0.0133140646551813,-0.00940821233477133,-0.00598435665597208,0.0013819140100774,0.0151004211608476,NaN,NaN,NaN,NaN,NaN,NaN,NaN,NaN,NaN
NaN,NaN,0.0343737514922395,0.0219920455759469,0.00557954243170874,-0.00733970764364737,-0.0114235971414018,-0.000637100199431491,0.0140685530010766,NaN,NaN,NaN,NaN,NaN,NaN,NaN,NaN,NaN
NaN,NaN,0.0409431891748682,0.0143711447065774,-0.00219282874119623,-0.0128995544024898,-0.00761493484606035,0.00605752586367695,0.011543774754197,NaN,NaN,NaN,NaN,NaN,NaN,NaN,NaN,NaN
NaN,NaN,0.0276013413676992,0.0157725802904073,-0.00574547046077593,-0.0174017353662445,-0.000650448753731325,0.0143355493152436,0.0302319356803006,NaN,NaN,NaN,NaN,NaN,NaN,NaN,NaN,NaN
NaN,NaN,0.0148795122513548,0.015752556855053,-0.00601542362225397,-0.0088202125140621,-0.000897100224392488,0.0210215140784082,0.0238532328609532,NaN,NaN,NaN,NaN,NaN,NaN,NaN,NaN,NaN
NaN,NaN,0.0251098672160879,0.00043585815486343,-4.75271905694776e-05,-0.00726875948991316,0.0082458425022196,0.0133693207705316,0.0179953256253308,NaN,NaN,NaN,NaN,NaN,NaN,NaN,NaN,NaN
NaN,NaN,0.0227257000515237,0.0058070189600888,-0.0168608798946176,0.00205700185809595,0.00424447093973868,0.0123554830158052,0.0212370173636979,NaN,NaN,NaN,NaN,NaN,NaN,NaN,NaN,NaN
NaN,NaN,0.0232871571788564,-0.00145679420772164,-0.011736165669087,-0.000155131400485212,0.0151167493022513,0.0289454114342031,0.028450837135703,NaN,NaN,NaN,NaN,NaN,NaN,NaN,NaN,NaN
NaN,NaN,0.00711569061968476,-0.00196088186445801,-0.00403319665444239,0.000944369404654329,0.0281309950805735,0.0267097529673871,0.0404168793562955,NaN,NaN,NaN,NaN,NaN,NaN,NaN,NaN,NaN
NaN,NaN,-0.00420928501989692,-0.00361211678925126,-0.0035797543193136,0.0114888967267082,0.0180030297196936,0.0278051932061013,0.0274040864411897,NaN,NaN,NaN,NaN,NaN,NaN,NaN,NaN,NaN
NaN,NaN,0.00680073595140129,-0.0108759113306102,-0.0018632709349428,0.0155218587509201,0.0218739043630194,0.0207988721037206,0.0263037288192815,NaN,NaN,NaN,NaN,NaN,NaN,NaN,NaN,NaN
NaN,NaN,0.00187778344843537,-0.00113647512140839,-0.00182603665840967,0.0237179816952751,0.0222517046786379,0.0269208465421495,0.0364884489778584,NaN,NaN,NaN,NaN,NaN,NaN,NaN,NaN,NaN
NaN,NaN,0.00422767794225365,-0.000946503942638325,0.00929423427927153,0.0202313334933327,0.0330753680027556,0.0410722185576257,0.0349222065512246,NaN,NaN,NaN,NaN,NaN,NaN,NaN,NaN,NaN
NaN,NaN,-0.00793586054351181,-0.00293711281362145,0.0169031955932345,0.0183977642348812,0.039868211344583,0.0385427091920671,0.0390397885445661,NaN,NaN,NaN,NaN,NaN,NaN,NaN,NaN,NaN
NaN,NaN,-0.00715837383177131,0.00294379808959396,0.011562563542005,0.0337615506044434,0.026265909866197,0.0353605103397664,0.0275819318000382,NaN,NaN,NaN,NaN,NaN,NaN,NaN,NaN,NaN
NaN,NaN,0.00405443331692368,-0.000621230220228123,0.0203094706569876,0.038932234912257,0.0283614601648878,0.0251928147578534,0.0165590958301133,NaN,NaN,NaN,NaN,NaN,NaN,NaN,NaN,NaN
NaN,NaN,0.00388284644577652,0.014448425853819,0.0242056772743429,0.0418163919142292,0.0299643594480585,0.0344380725825128,0.0145922170583314,NaN,NaN,NaN,NaN,NaN,NaN,NaN,NaN,NaN
NaN,NaN,0.00565818941686303,0.0113910801058713,0.0239227601026262,0.0317850978365944,0.0382073651708197,0.0392910082543191,0.00973006129303637,NaN,NaN,NaN,NaN,NaN,NaN,NaN,NaN,NaN
NaN,NaN,-0.00245688983704895,0.0115814796930257,0.0294655636583533,0.0322092966428803,0.0403832327283453,0.0305519428754148,0.0138328166309899,NaN,NaN,NaN,NaN,NaN,NaN,NaN,NaN,NaN
NaN,NaN,0.00351419171784073,0.0216830699985924,0.0200021342073645,0.0482242265037106,0.0239793825603556,0.0146704342866239,-0.00489615485033331,NaN,NaN,NaN,NaN,NaN,NaN,NaN,NaN,NaN
NaN,NaN,0.0160861337790266,0.0174417711144391,0.0339605175589289,0.0459830546072529,0.026721214846475,0.0115381356978711,-0.0128267577286654,NaN,NaN,NaN,NaN,NaN,NaN,NaN,NaN,NaN
NaN,NaN,0.0162443468580022,0.0256638593321744,0.0286476947997774,0.0407069259575413,0.0309397894598078,0.0117085677290258,-0.00155943095645246,NaN,NaN,NaN,NaN,NaN,NaN,NaN,NaN,NaN
NaN,NaN,0.0161616640398279,0.0253087087815705,0.0378694460426535,0.0361019456080006,0.0332202072895598,0.0124286849701699,-2.30839844637849e-05,NaN,NaN,NaN,NaN,NaN,NaN,NaN,NaN,NaN
NaN,NaN,0.0167122060665861,0.0256658709889355,0.0438728072379793,0.0334044256499813,0.0232268180407118,-0.00251544744727047,0.00127741485872927,NaN,NaN,NaN,NaN,NaN,NaN,NaN,NaN,NaN
NaN,NaN,0.0243714029202238,0.0359476163333359,0.0401483923827376,0.0409302571109341,0.00770940069924108,-0.0124142515754405,-0.00736483022531805,NaN,NaN,NaN,NaN,NaN,NaN,NaN,NaN,NaN
NaN,NaN,0.0273497166344896,0.0284389584606591,0.0402629636858668,0.0327607141128586,0.00552807559142821,-0.00256950140950115,-0.0020360073443347,NaN,NaN,NaN,NaN,NaN,NaN,NaN,NaN,NaN
NaN,NaN,0.0236103074857965,0.0423607408350411,0.0416687951122488,0.0249119558623837,0.0128206293738913,-0.00403989211675556,0.00930111274161997,NaN,NaN,NaN,NaN,NaN,NaN,NaN,NaN,NaN
NaN,NaN,0.0325250389287248,0.0415067739134732,0.0422401615117754,0.018793203800063,0.00743661631713622,0.00393254577162831,0.0100111344460553,NaN,NaN,NaN,NaN,NaN,NaN,NaN,NaN,NaN
NaN,NaN,0.0397389518329874,0.0444554343169633,0.0411035009359087,0.0108679653397606,0.00236472670803779,-0.00519977987763317,0.0140288600329465,NaN,NaN,NaN,NaN,NaN,NaN,NaN,NaN,NaN
NaN,NaN,0.0399210999021306,0.0469695209806863,0.0235801451538767,0.0232665510169075,-0.00433485399116761,0.00603277130964367,0.0113341340426511,NaN,NaN,NaN,NaN,NaN,NaN,NaN,NaN,NaN
NaN,NaN,0.0406056219944731,0.043419431084961,0.0256287940477099,0.0176370599559353,0.00520440374384634,0.0151802030110654,0.0157592387501306,NaN,NaN,NaN,NaN,NaN,NaN,NaN,NaN,NaN
NaN,NaN,0.0450868668267504,0.0450786940103475,0.0295006372665133,0.0104865887454556,0.0191666055179667,0.0154184166992006,0.0284231954816884,NaN,NaN,NaN,NaN,NaN,NaN,NaN,NaN,NaN
NaN,NaN,0.0558719175169245,0.0418676427846852,0.0222909898196425,0.00832718697104913,0.0149524267471861,0.0211596850955781,0.0296022684876031,NaN,NaN,NaN,NaN,NaN,NaN,NaN,NaN,NaN
NaN,NaN,0.0557166474172846,0.0308433539515439,0.0188202858601774,0.0094152325085209,0.0152829903818201,0.0142422866726217,0.031181717068345,NaN,NaN,NaN,NaN,NaN,NaN,NaN,NaN,NaN
NaN,NaN,0.0498090448090807,0.0355305887108747,0.00985431304919378,0.0260099292985008,0.0168815310753416,0.0270320278311071,0.0290554517511434,NaN,NaN,NaN,NaN,NaN,NaN,NaN,NaN,NaN
NaN,NaN,0.0482270257780329,0.0309125884717408,0.0240270868574347,0.0259039447895096,0.0258822980977129,0.0311541733050641,0.0336237752441472,NaN,NaN,NaN,NaN,NaN,NaN,NaN,NaN,NaN
NaN,NaN,0.0542491065571084,0.0304377070909444,0.0265569873784746,0.0159493916920231,0.0379687975801062,0.0283199910724458,0.0479442009333676,NaN,NaN,NaN,NaN,NaN,NaN,NaN,NaN,NaN
NaN,NaN,0.0478568436810747,0.0235463298207227,0.0180643499528135,0.025060092031102,0.0270764212764334,0.0294824865365323,0.0505600811544961,NaN,NaN,NaN,NaN,NaN,NaN,NaN,NaN,NaN
NaN,NaN,0.0434542024740949,0.0198570630794469,0.0244262330864634,0.0290976920417355,0.028735274419887,0.0349031564498243,0.0467851327363557,NaN,NaN,NaN,NaN,NaN,NaN,NaN,NaN,NaN
NaN,NaN,0.0268360363552347,0.0271783947294656,0.0207718536888327,0.0422012889078663,0.0299087036109995,0.0456864003742036,0.0482542940978116,NaN,NaN,NaN,NaN,NaN,NaN,NaN,NaN,NaN
NaN,NaN,0.0286379220196977,0.0210408113246861,0.0313913711045946,0.029445149867873,0.0354919079400133,0.0491973188424405,0.0544737966362542,NaN,NaN,NaN,NaN,NaN,NaN,NaN,NaN,NaN
NaN,NaN,0.0230704197892919,0.017673279280037,0.0230021291111674,0.0206827641717003,0.0397739056206774,0.0417167310321626,0.0565358752016133,NaN,NaN,NaN,NaN,NaN,NaN,NaN,NaN,NaN
NaN,NaN,0.0152093494543806,0.0136703430956307,0.0141088553403582,0.0290736080399559,0.0281311068392824,0.0466973137760457,0.0440885254744596,NaN,NaN,NaN,NaN,NaN,NaN,NaN,NaN,NaN
NaN,NaN,0.0125519136199728,0.00774333172497185,0.0157366581891741,0.02658245053802,0.0313819069124293,0.0432720397317704,0.0406574958566731,NaN,NaN,NaN,NaN,NaN,NaN,NaN,NaN,NaN
NaN,NaN,-0.00678798684384675,0.00802421861347587,0.0144713260863985,0.0295689598909424,0.0362320299900603,0.04778776212576,0.0360331626240319,NaN,NaN,NaN,NaN,NaN,NaN,NaN,NaN,NaN
NaN,NaN,-0.00536775717046113,-0.000644625043302462,0.0160895921920504,0.0219696843317555,0.0386766586161684,0.0420900982523259,0.0227313430611199,NaN,NaN,NaN,NaN,NaN,NaN,NaN,NaN,NaN
NaN,NaN,-0.0096570191672072,-0.00106517306509583,0.0089048483108248,0.0139502519062565,0.0415914561308455,0.0255349454188642,0.0237322540585107,NaN,NaN,NaN,NaN,NaN,NaN,NaN,NaN,NaN
NaN,NaN,-0.00760043540503831,-0.000471585308938906,0.00650890922891752,0.0251696341923283,0.025416972086532,0.0203904126489457,0.014040911347062,NaN,NaN,NaN,NaN,NaN,NaN,NaN,NaN,NaN
NaN,NaN,-0.00795551144983621,-0.00344134948196976,0.0148958787952627,0.0253141940823601,0.0266076121188235,0.0135890756452378,0.00624426990786257,NaN,NaN,NaN,NaN,NaN,NaN,NaN,NaN,NaN
NaN,NaN,-0.0245120985200629,-0.0012849093133506,0.0155837909017767,0.0352500834754513,0.0247713420249056,0.00911647348645298,-0.0043553358312541,NaN,NaN,NaN,NaN,NaN,NaN,NaN,NaN,NaN
NaN,NaN,-0.016390816657804,-0.00311536795440284,0.0160461739336218,0.0294902631333874,0.0239095706201624,-0.00517563999649914,-0.0055070279534751,NaN,NaN,NaN,NaN,NaN,NaN,NaN,NaN,NaN
NaN,NaN,-0.0104989534011111,-0.000573863154083171,0.0211708881591524,0.0220259920946167,0.0171452071226668,-0.0110661248957816,-0.00315284937581358,NaN,NaN,NaN,NaN,NaN,NaN,NaN,NaN,NaN
NaN,NaN,-0.00839418300893158,0.0042106948142949,0.0196446180974211,0.0332808950236843,0.00424471308360808,-0.00587470934745701,-0.00800179898700056,NaN,NaN,NaN,NaN,NaN,NaN,NaN,NaN,NaN
NaN,NaN,-0.00790359952952713,0.00919997611102494,0.0339161120985712,0.0310350292614506,0.000445438519818722,-0.00902278454062374,-0.0110594055052691,NaN,NaN,NaN,NaN,NaN,NaN,NaN,NaN,NaN
NaN,NaN,-0.0151789238443598,0.0138127981966439,0.0304200389121737,0.0304102235725926,0.00218943317304367,-0.0176454345977011,-0.0147929100688392,NaN,NaN,NaN,NaN,NaN,NaN,NaN,NaN,NaN
NaN,NaN,-0.00191299745347351,0.0154226265197697,0.0288497731720175,0.0212190383366154,0.001545572624309,-0.0145409639274779,-0.0129016360636645,NaN,NaN,NaN,NaN,NaN,NaN,NaN,NaN,NaN
NaN,NaN,0.00963296240661293,0.0137550748234692,0.0275296234225001,0.0112863713196324,0.00361336951027626,-0.0181648704504672,-0.0090208707745963,NaN,NaN,NaN,NaN,NaN,NaN,NaN,NaN,NaN
NaN,NaN,0.0116899745771661,0.0247040196603242,0.0244802311693396,0.0151439094236897,-0.0111608337901998,-0.012718160757989,-0.0128250068422252,NaN,NaN,NaN,NaN,NaN,NaN,NaN,NaN,NaN
NaN,NaN,0.0191665949532762,0.02833275043425,0.0293656141196455,0.00955955025468332,-0.00997952561010607,-0.0152895796394053,-0.00947207793554601,NaN,NaN,NaN,NaN,NaN,NaN,NaN,NaN,NaN
NaN,NaN,0.0126352111110464,0.024939308995575,0.0182096176480021,0.00861204129372103,-0.000294795288937152,-0.0139316181933585,-0.0103711022432738,NaN,NaN,NaN,NaN,NaN,NaN,NaN,NaN,NaN
NaN,NaN,0.0315681422362104,0.0268893494552079,0.0125025474165644,-0.00074795547213094,-0.00367381985415704,-0.010088943997592,-0.00804519861897764,NaN,NaN,NaN,NaN,NaN,NaN,NaN,NaN,NaN
NaN,NaN,0.0367161767790094,0.0235339804833833,0.015059866074201,-0.0118569387802078,-0.00806755761732346,-0.00997601182219417,0.000470516980082415,NaN,NaN,NaN,NaN,NaN,NaN,NaN,NaN,NaN
NaN,NaN,0.0349329175660387,0.0308953590041104,0.0134693347548212,-0.00455309736814039,-0.0153220203064848,-0.00206466869470508,0.00685810461679163,NaN,NaN,NaN,NaN,NaN,NaN,NaN,NaN,NaN
NaN,NaN,0.0371469320962206,0.0232027090435925,0.012015447083589,-0.00438743370856779,-0.00507585148443467,-0.0061646486913863,0.00309997588434877,NaN,NaN,NaN,NaN,NaN,NaN,NaN,NaN,NaN
NaN,NaN,0.0304821269819513,0.0226109653061333,9.63994001116006e-05,-0.00769865799035566,-0.000978013529675074,-0.00718349696156414,0.00115665957370462,NaN,NaN,NaN,NaN,NaN,NaN,NaN,NaN,NaN
NaN,NaN,0.0357070328900591,0.0188209294622842,0.00135860225903646,-0.0114323301919891,-0.00935568849672563,-0.00302465737816723,0.00795624569097223,NaN,NaN,NaN,NaN,NaN,NaN,NaN,NaN,NaN
NaN,NaN,0.0357189538190141,0.0111366800313893,0.010393921348926,-0.0172373569318249,-0.00246263484586961,-0.00197386474368007,0.017172539383561,NaN,NaN,NaN,NaN,NaN,NaN,NaN,NaN,NaN
NaN,NaN,0.0232552314409986,0.0176629602259103,-0.00056305148852213,-0.0104689328679039,-0.00960125963320025,0.00149270414355366,0.0188309641186303,NaN,NaN,NaN,NaN,NaN,NaN,NaN,NaN,NaN
NaN,NaN,0.0171080926666036,0.0104293591624203,-0.00424732634079798,-0.00978647831167715,0.000208733574254438,0.00201063125374882,0.0165687443319863,NaN,NaN,NaN,NaN,NaN,NaN,NaN,NaN,NaN
NaN,NaN,0.00908035284373908,0.00865269371327789,-0.00733944767368181,-0.0141565977343513,0.00216998715768568,0.00289559259059994,0.0199316756431169,NaN,NaN,NaN,NaN,NaN,NaN,NaN,NaN,NaN
NaN,NaN,0.0119961375603452,0.00840701081809433,-0.0033375731970106,-0.00874263334359663,0.00774795745383017,0.0158332091474828,0.021649798155219,NaN,NaN,NaN,NaN,NaN,NaN,NaN,NaN,NaN
NaN,NaN,0.01341361051891,-0.00246297649088471,-0.00278792523992403,-0.0126334382900192,0.0142823960341048,0.0157440443241891,0.0266419292990273,NaN,NaN,NaN,NaN,NaN,NaN,NaN,NaN,NaN
NaN,NaN,-0.0114954126765952,-0.00262092879953949,-0.016660068121079,-0.00538230973567503,0.0115459840453695,0.0225853909457025,0.0276403070990151,NaN,NaN,NaN,NaN,NaN,NaN,NaN,NaN,NaN
NaN,NaN,-0.013613780378364,-0.0172712848240432,-0.0160260609651838,-0.00517926278795736,0.022815713629825,0.0260743302011785,0.0214174517993039,NaN,NaN,NaN,NaN,NaN,NaN,NaN,NaN,NaN
NaN,NaN,-0.0243269143393263,-0.0188603819066581,-0.0167783833409582,-0.00359385374273794,0.0289841796911787,0.0260554988587198,0.0206351780895299,NaN,NaN,NaN,NaN,NaN,NaN,NaN,NaN,NaN
NaN,NaN,-0.0253714112332091,-0.0254978247636851,-0.0171830057467256,8.46469095752908e-05,0.0284117888368201,0.0382699620628652,0.0159792730216092,NaN,NaN,NaN,NaN,NaN,NaN,NaN,NaN,NaN
NaN,NaN,-0.0353851219406352,-0.0426538296693858,-0.0193269103134905,-0.00264926913465994,0.0258491988934111,0.0334133197272119,0.0224066653851575,NaN,NaN,NaN,NaN,NaN,NaN,NaN,NaN,NaN
NaN,NaN,-0.0628650424769148,-0.0465209231430587,-0.0312369986738001,0.0054484502664612,0.0168956685520243,0.041515956511527,0.0182354019586152,NaN,NaN,NaN,NaN,NaN,NaN,NaN,NaN,NaN
NaN,NaN,-0.0614047286799178,-0.0546654694432315,-0.0265376380945478,0.00730632704411013,0.0281003731943201,0.0305887301171121,0.0124819332365102,NaN,NaN,NaN,NaN,NaN,NaN,NaN,NaN,NaN
NaN,NaN,-0.0735328396549448,-0.0535771072560844,-0.0255799404646192,0.00264529970202906,0.0230456757999491,0.0302641828263101,0.0154782959822721,NaN,NaN,NaN,NaN,NaN,NaN,NaN,NaN,NaN
NaN,NaN,-0.0754840722074732,-0.0544550464207229,-0.033029384848002,0.00115721386585695,0.00907553915749305,0.0284561690593061,0.0138086208705014,NaN,NaN,NaN,NaN,NaN,NaN,NaN,NaN,NaN
NaN,NaN,-0.0840224375715479,-0.0651529998237189,-0.0331429503227507,-0.0092375195332958,0.00131195966969245,0.023391934921771,0.0164781080190248,NaN,NaN,NaN,NaN,NaN,NaN,NaN,NaN,NaN
NaN,NaN,-0.0972901148488745,-0.0615215309614238,-0.038597688015822,-0.00610479253615873,-0.00321313182939775,0.0158861455226239,0.0148197205368585,NaN,NaN,NaN,NaN,NaN,NaN,NaN,NaN,NaN
NaN,NaN,-0.0885775921633467,-0.0671663515919742,-0.033166382398728,-0.0130327521571113,0.000455459550721578,0.00953212275150387,0.00894657686391535,NaN,NaN,NaN,NaN,NaN,NaN,NaN,NaN,NaN
NaN,NaN,-0.0923699749400839,-0.0584224805885848,-0.0370068772996698,-0.0197926825591518,-0.0129850525700022,0.00606076686623661,0.00832026243248644,NaN,NaN,NaN,NaN,NaN,NaN,NaN,NaN,NaN
NaN,NaN,-0.0858952155103907,-0.058973022615343,-0.0493452436591421,-0.0261589801618053,-0.0262951236509252,0.00274283706191151,-0.00304544925650892,NaN,NaN,NaN,NaN,NaN,NaN,NaN,NaN,NaN
NaN,NaN,-0.0854261083295569,-0.0684545942300853,-0.0491311884785925,-0.0330524063416912,-0.0261325892352033,-0.00302905322071941,-0.00120606854519186,NaN,NaN,NaN,NaN,NaN,NaN,NaN,NaN,NaN
NaN,NaN,-0.0879745421698317,-0.0621883579248485,-0.0575545168782507,-0.0345511837610199,-0.0220242087088991,-0.0126931081807318,-0.00438167363366423,NaN,NaN,NaN,NaN,NaN,NaN,NaN,NaN,NaN
NaN,NaN,-0.0800852155080065,-0.0622423560077247,-0.0568895339335238,-0.0425687721678211,-0.0266346093558241,-0.0129509727751914,-0.0190473778541976,NaN,NaN,NaN,NaN,NaN,NaN,NaN,NaN,NaN
NaN,NaN,-0.0780236771097407,-0.0602569252902564,-0.0671247876549994,-0.0531850299545719,-0.0357317123853136,-0.0238825950121585,-0.0174813030656272,NaN,NaN,NaN,NaN,NaN,NaN,NaN,NaN,NaN
NaN,NaN,-0.0734901292016729,-0.0663322590941486,-0.0772814191247259,-0.0599457240411236,-0.0450029354833532,-0.0203977163231078,-0.0269940367337161,NaN,NaN,NaN,NaN,NaN,NaN,NaN,NaN,NaN
NaN,NaN,-0.0731349041452631,-0.076818690513998,-0.0762932858730589,-0.0636453470894291,-0.0368955303274561,-0.0315474170541468,-0.0260523578520709,NaN,NaN,NaN,NaN,NaN,NaN,NaN,NaN,NaN
NaN,NaN,-0.0785612364998087,-0.0705085702890453,-0.0794314704204832,-0.0674487939783527,-0.0380537789606024,-0.0348436470424834,-0.0238288810845309,NaN,NaN,NaN,NaN,NaN,NaN,NaN,NaN,NaN
NaN,NaN,-0.0738802229752764,-0.0786681295091209,-0.0788545719648634,-0.0730186245151951,-0.0432822238944937,-0.0295965756570998,-0.0277596397694045,NaN,NaN,NaN,NaN,NaN,NaN,NaN,NaN,NaN
NaN,NaN,-0.0715859284391626,-0.0790797182077464,-0.0819562114144598,-0.0777036427267982,-0.0482653584622312,-0.0311103287434283,-0.0187899230416709,NaN,NaN,NaN,NaN,NaN,NaN,NaN,NaN,NaN
NaN,NaN,-0.0664546763291582,-0.078478922014862,-0.0831837131942545,-0.0794130853125049,-0.0538905281864572,-0.027933363923997,-0.0192334002252513,NaN,NaN,NaN,NaN,NaN,NaN,NaN,NaN,NaN
NaN,NaN,-0.0590197605779394,-0.0795564249807891,-0.070723548468474,-0.080524562925954,-0.0438575391017366,-0.0270859162604514,-0.00704395234546003,NaN,NaN,NaN,NaN,NaN,NaN,NaN,NaN,NaN
NaN,NaN,-0.0546070797136053,-0.0657785878235397,-0.0695954001809393,-0.0730693815955116,-0.0412413422309328,-0.0154427449500266,0.000630276054531958,NaN,NaN,NaN,NaN,NaN,NaN,NaN,NaN,NaN
NaN,NaN,-0.0430344281485304,-0.0600513823980388,-0.0654907076920305,-0.0651385365733101,-0.0404416527890135,-0.00268552557584675,0.00250165700951281,NaN,NaN,NaN,NaN,NaN,NaN,NaN,NaN,NaN
NaN,NaN,-0.0256895696511492,-0.0511495218330917,-0.0581855438019072,-0.0656991368838741,-0.0381525550328661,0.000310948928624079,0.0115865969661778,NaN,NaN,NaN,NaN,NaN,NaN,NaN,NaN,NaN
NaN,NaN,-0.011666422127746,-0.0381300606483516,-0.053111735668305,-0.0524646705695583,-0.0299628582142759,0.00874286412242024,0.0121469923857755,NaN,NaN,NaN,NaN,NaN,NaN,NaN,NaN,NaN
NaN,NaN,0.00916374346707019,-0.0309561946147975,-0.0374380423988138,-0.0389278038152649,-0.0107721742533613,0.0199102041030225,0.0205886864666051,NaN,NaN,NaN,NaN,NaN,NaN,NaN,NaN,NaN
NaN,NaN,0.0196126798400656,-0.00926029018107027,-0.0279277115429674,-0.0176966293462707,0.00398763080011123,0.0341826480531987,0.0307608337704247,NaN,NaN,NaN,NaN,NaN,NaN,NaN,NaN,NaN
NaN,NaN,0.0331812860677019,0.00345509418305787,-0.0171613990629946,-0.00287880289639968,0.010605273739202,0.0538723719024953,0.026893442273528,NaN,NaN,NaN,NaN,NaN,NaN,NaN,NaN,NaN
NaN,NaN,0.0580160269746557,0.0162283881848756,0.00299234694587842,0.00824614328060609,0.0281380358792376,0.0500291202867326,0.0297822931412763,NaN,NaN,NaN,NaN,NaN,NaN,NaN,NaN,NaN
NaN,NaN,0.0815430419752375,0.0373651824241582,0.0179593712722029,0.0367765770546006,0.052569253341062,0.0612474222386178,0.0347858236733979,NaN,NaN,NaN,NaN,NaN,NaN,NaN,NaN,NaN
NaN,NaN,0.107469479204156,0.0543273791020814,0.0491274968420233,0.0584528305820034,0.0753015149093699,0.0724695612395105,0.0465933734182424,NaN,NaN,NaN,NaN,NaN,NaN,NaN,NaN,NaN
NaN,NaN,0.115818655700423,0.0848649620359841,0.0688205361996855,0.0810240105978058,0.0881444345868658,0.0880981598699388,0.0523487792913026,NaN,NaN,NaN,NaN,NaN,NaN,NaN,NaN,NaN
NaN,NaN,0.134722026647069,0.100551414424748,0.0943955481682982,0.0977647946468399,0.0982035007036757,0.0959262986386117,0.0507273280624455,NaN,NaN,NaN,NaN,NaN,NaN,NaN,NaN,NaN
NaN,NaN,0.168403195799328,0.121907702768416,0.122503664407607,0.110984061776738,0.126869292900665,0.0966800366246995,0.0575461739305562,NaN,NaN,NaN,NaN,NaN,NaN,NaN,NaN,NaN
NaN,NaN,0.194103470654227,0.155160761559576,0.143853731516477,0.137741555391888,0.140602705971105,0.112566220452815,0.0672695355121202,NaN,NaN,NaN,NaN,NaN,NaN,NaN,NaN,NaN
NaN,NaN,0.213358024717309,0.180580950463385,0.171418402407047,0.152955994873385,0.15245369260083,0.128863899847299,0.0767193676535195,NaN,NaN,NaN,NaN,NaN,NaN,NaN,NaN,NaN
NaN,NaN,0.226993499905802,0.208449847186178,0.189705573085424,0.171654977767806,0.161980694130762,0.137196517428189,0.0831982807818955,NaN,NaN,NaN,NaN,NaN,NaN,NaN,NaN,NaN
NaN,NaN,0.254692709655501,0.224747284436792,0.211156278911706,0.187047765522342,0.172378463641508,0.13873338594082,0.0783126370612687,NaN,NaN,NaN,NaN,NaN,NaN,NaN,NaN,NaN
NaN,NaN,0.29061456641648,0.250745917791695,0.231514599237319,0.198717516779046,0.191986231104238,0.146159249236613,0.090460845977456,NaN,NaN,NaN,NaN,NaN,NaN,NaN,NaN,NaN
NaN,NaN,0.30469521379564,0.277964453334183,0.240455407712337,0.220114597051482,0.194885773555143,0.158401391347676,0.105330770612151,NaN,NaN,NaN,NaN,NaN,NaN,NaN,NaN,NaN
NaN,NaN,0.324014476151206,0.293741001868815,0.25825948274481,0.226354290663342,0.204515090183122,0.167343820323974,0.112735660523564,NaN,NaN,NaN,NaN,NaN,NaN,NaN,NaN,NaN
NaN,NaN,0.339563539833762,0.306356548452944,0.272415008458969,0.238011320053677,0.209453912422759,0.160580220510989,0.116901913434655,NaN,NaN,NaN,NaN,NaN,NaN,NaN,NaN,NaN
NaN,NaN,0.365311423898675,0.319217181885809,0.285941444400426,0.248780910789113,0.214241953537567,0.164032391151219,0.114907299876601,NaN,NaN,NaN,NaN,NaN,NaN,NaN,NaN,NaN
NaN,NaN,0.390228884876706,0.334478969806999,0.298607897076484,0.25215665709887,0.216492159262998,0.165990049829513,0.130191011131198,NaN,NaN,NaN,NaN,NaN,NaN,NaN,NaN,NaN
NaN,NaN,0.393117456347682,0.353265068615049,0.299108296695825,0.265558035045008,0.217015748814447,0.17870031191948,0.148794756979138,NaN,NaN,NaN,NaN,NaN,NaN,NaN,NaN,NaN
NaN,NaN,0.407074275077321,0.353227815712065,0.314967248651859,0.260528371601443,0.215149620518787,0.180614962121278,0.156314851493031,NaN,NaN,NaN,NaN,NaN,NaN,NaN,NaN,NaN
NaN,NaN,0.41056962183211,0.355203374410242,0.322566356572982,0.265234810232262,0.219568019703729,0.178572776606112,0.159862762093932,NaN,NaN,NaN,NaN,NaN,NaN,NaN,NaN,NaN
NaN,NaN,0.425792554975487,0.365530251646608,0.322380874369022,0.269153592108826,0.214081635669572,0.188675987412959,0.167085261792333,NaN,NaN,NaN,NaN,NaN,NaN,NaN,NaN,NaN
NaN,NaN,0.428162268013693,0.369152910197348,0.319000043038007,0.262290396659713,0.223698304936988,0.195789690008193,0.19214720815459,NaN,NaN,NaN,NaN,NaN,NaN,NaN,NaN,NaN
NaN,NaN,0.41634074843023,0.376298464024634,0.311174139443513,0.264633213101964,0.224188050226076,0.207538287034064,0.20234869211951,NaN,NaN,NaN,NaN,NaN,NaN,NaN,NaN,NaN
NaN,NaN,0.418202275992371,0.367927624965281,0.313373718473789,0.25256729584847,0.221179952815874,0.209479237785369,0.203392350823075,NaN,NaN,NaN,NaN,NaN,NaN,NaN,NaN,NaN
NaN,NaN,0.417918408871628,0.36499256187138,0.311963677469369,0.256870173781256,0.228652195975883,0.210756025155812,0.211338618547112,NaN,NaN,NaN,NaN,NaN,NaN,NaN,NaN,NaN
NaN,NaN,0.417246683151461,0.363284385884375,0.296974822941896,0.256072291105132,0.229637013719184,0.214844289114505,0.21830146551171,NaN,NaN,NaN,NaN,NaN,NaN,NaN,NaN,NaN
NaN,NaN,0.405789757729508,0.347406937862009,0.288551438662883,0.249682561426501,0.243450278387172,0.227278767963677,0.226844934523494,NaN,NaN,NaN,NaN,NaN,NaN,NaN,NaN,NaN
NaN,NaN,0.388557477504946,0.346342622423739,0.27973462647545,0.252139204113822,0.241480121359928,0.236385910650521,0.231587806493432,NaN,NaN,NaN,NaN,NaN,NaN,NaN,NaN,NaN
NaN,NaN,0.388506403774954,0.331113393539757,0.281411603156206,0.247873187928538,0.244281930819852,0.233157220175296,0.235521433651835,NaN,NaN,NaN,NaN,NaN,NaN,NaN,NaN,NaN
NaN,NaN,0.379991712630726,0.319748203391403,0.275888692650672,0.253099993734698,0.251180591032607,0.229297391017705,0.231897806525618,NaN,NaN,NaN,NaN,NaN,NaN,NaN,NaN,NaN
NaN,NaN,0.365498005063273,0.313185378099054,0.257967829767343,0.259635307758193,0.242884388164384,0.240538398613959,0.228398268819243,NaN,NaN,NaN,NaN,NaN,NaN,NaN,NaN,NaN
NaN,NaN,0.350719834328629,0.297349187666744,0.260361477795717,0.259386681883673,0.248581418738468,0.245410687168866,0.236185336262376,NaN,NaN,NaN,NaN,NaN,NaN,NaN,NaN,NaN
NaN,NaN,0.331731880665757,0.297188236499399,0.25666520750868,0.265010119347911,0.242291508213384,0.243208016147643,0.234979552925021,NaN,NaN,NaN,NaN,NaN,NaN,NaN,NaN,NaN
NaN,NaN,0.324213816435076,0.282402820075125,0.259197399083253,0.263389841585498,0.240962976560695,0.239401421388417,0.23056053906718,NaN,NaN,NaN,NaN,NaN,NaN,NaN,NaN,NaN
NaN,NaN,0.309329828829505,0.273351128334374,0.249879218701002,0.268284630893807,0.239552190498216,0.236600226601392,0.223035769313962,NaN,NaN,NaN,NaN,NaN,NaN,NaN,NaN,NaN
NaN,NaN,0.289950719685294,0.277150663668484,0.243710864398357,0.271331955610852,0.227407501981361,0.243908109953433,0.22633751273194,NaN,NaN,NaN,NaN,NaN,NaN,NaN,NaN,NaN
NaN,NaN,0.285019012750126,0.266966539556355,0.254668116632577,0.267385513453822,0.233445452497108,0.237785036554366,0.226891090870292,NaN,NaN,NaN,NaN,NaN,NaN,NaN,NaN,NaN
NaN,NaN,0.264690513373353,0.267363841766686,0.253734577510234,0.263188564150672,0.230438696191413,0.230628381361991,0.22602009937206,NaN,NaN,NaN,NaN,NaN,NaN,NaN,NaN,NaN
NaN,NaN,0.260985619039275,0.254373996639818,0.253071699354526,0.262275793521743,0.229585921362741,0.222004557838469,0.219329366237313,NaN,NaN,NaN,NaN,NaN,NaN,NaN,NaN,NaN
NaN,NaN,0.252939941943623,0.249046030575604,0.249957021388885,0.25579755094562,0.223813546792371,0.214650089731246,0.207880580574662,NaN,NaN,NaN,NaN,NaN,NaN,NaN,NaN,NaN
NaN,NaN,0.246294322074391,0.258517022365898,0.251386638793823,0.259388525902371,0.215770160750253,0.215028765490085,0.207373363674075,NaN,NaN,NaN,NaN,NaN,NaN,NaN,NaN,NaN
NaN,NaN,0.247044446528889,0.24840067991075,0.266100585523721,0.246210888891558,0.224135672644479,0.208621601452857,0.20472969278732,NaN,NaN,NaN,NaN,NaN,NaN,NaN,NaN,NaN
NaN,NaN,0.233977543772198,0.253465305203766,0.264066223118183,0.244931680082421,0.222287351236446,0.204972400208741,0.194264421016366,NaN,NaN,NaN,NaN,NaN,NaN,NaN,NaN,NaN
NaN,NaN,0.241204942227341,0.248099601948828,0.259687479648467,0.246091567843299,0.213383981928928,0.196970271756678,0.178031803816945,NaN,NaN,NaN,NaN,NaN,NaN,NaN,NaN,NaN
NaN,NaN,0.241479477495886,0.248899738425583,0.259675707731124,0.240032271414141,0.211630748555763,0.197845323821336,0.173275651187093,NaN,NaN,NaN,NaN,NaN,NaN,NaN,NaN,NaN
NaN,NaN,0.241008991957642,0.258616208220095,0.26702259487259,0.245079276084046,0.209896253392799,0.203009339859515,0.173836903423459,NaN,NaN,NaN,NaN,NaN,NaN,NaN,NaN,NaN
NaN,NaN,0.242883800179698,0.255936606908411,0.27994206926572,0.235404585420232,0.215004520461662,0.200913119008571,0.161467114240319,NaN,NaN,NaN,NaN,NaN,NaN,NaN,NaN,NaN
NaN,NaN,0.23330118006561,0.263832359696001,0.273582551691409,0.235482760637145,0.205489123211009,0.198287888308793,0.157608663440139,NaN,NaN,NaN,NaN,NaN,NaN,NaN,NaN,NaN
NaN,NaN,0.242947539896704,0.257641076231569,0.267934173408624,0.236065638183694,0.203182609722717,0.202509275516301,0.154505757391841,NaN,NaN,NaN,NaN,NaN,NaN,NaN,NaN,NaN
NaN,NaN,0.242218873114325,0.262449476057858,0.276320491049167,0.231145908056836,0.205012528196676,0.20908096699956,0.157579643428714,NaN,NaN,NaN,NaN,NaN,NaN,NaN,NaN,NaN
NaN,NaN,0.243048327625729,0.277655459130377,0.284086920384046,0.238619175671677,0.206505307898624,0.22277779771927,0.161017918736131,NaN,NaN,NaN,NaN,NaN,NaN,NaN,NaN,NaN
NaN,NaN,0.251739504397847,0.275153889442057,0.292969595703956,0.230848946540694,0.211381154105766,0.222273970832854,0.165757829100282,NaN,NaN,NaN,NaN,NaN,NaN,NaN,NaN,NaN
NaN,NaN,0.254404856474139,0.278744175220102,0.28737076378214,0.23882078838263,0.213379343942506,0.234615205665856,0.180006244928033,NaN,NaN,NaN,NaN,NaN,NaN,NaN,NaN,NaN
NaN,NaN,0.269748321385123,0.281099229240984,0.286946099314567,0.252375275760035,0.216072132781846,0.251656564762622,0.184119319320113,NaN,NaN,NaN,NaN,NaN,NaN,NaN,NaN,NaN
NaN,NaN,0.273343766690232,0.292207970405192,0.303267210785028,0.260129094987254,0.228951653436525,0.272830798169404,0.201224213242919,NaN,NaN,NaN,NaN,NaN,NaN,NaN,NaN,NaN
NaN,NaN,0.283383442671038,0.30667889782247,0.30497834837782,0.267477807520966,0.236597141221864,0.286497994204789,0.210675554126889,NaN,NaN,NaN,NaN,NaN,NaN,NaN,NaN,NaN
NaN,NaN,0.294980457634665,0.303954742038817,0.306572400096532,0.266416993855576,0.253310842410428,0.296642667492658,0.22080415278712,NaN,NaN,NaN,NaN,NaN,NaN,NaN,NaN,NaN
NaN,NaN,0.295794098288752,0.308874975079865,0.299460504267093,0.27836906623755,0.260953089193208,0.312361380895406,0.240305358320863,NaN,NaN,NaN,NaN,NaN,NaN,NaN,NaN,NaN
NaN,NaN,0.300972177297808,0.310103035653204,0.310115467820045,0.300190177678208,0.272575585142476,0.331492888619929,0.248137017488868,NaN,NaN,NaN,NaN,NaN,NaN,NaN,NaN,NaN
NaN,NaN,0.306314429850318,0.315359029108852,0.325669523391601,0.304252755760293,0.290090931550367,0.339793394198447,0.263018285632522,NaN,NaN,NaN,NaN,NaN,NaN,NaN,NaN,NaN
NaN,NaN,0.306988781900145,0.320121160829634,0.32829589030492,0.316031155108552,0.298639075801475,0.34438529877904,0.274164205193908,NaN,NaN,NaN,NaN,NaN,NaN,NaN,NaN,NaN
NaN,NaN,0.31141545122955,0.317279099608034,0.33267282700884,0.327388242750506,0.308504445449216,0.350857990672618,0.293121630102784,NaN,NaN,NaN,NaN,NaN,NaN,NaN,NaN,NaN
NaN,NaN,0.30672709888313,0.322410221332878,0.345205448630926,0.346620575456958,0.313091339514358,0.3571859550381,0.309065462798268,NaN,NaN,NaN,NaN,NaN,NaN,NaN,NaN,NaN
NaN,NaN,0.308680436224677,0.331616866523594,0.365333508763191,0.367467132329087,0.32328049276839,0.36712782352212,0.315439359993131,NaN,NaN,NaN,NaN,NaN,NaN,NaN,NaN,NaN
NaN,NaN,0.31511937698815,0.332355926865906,0.388043716612932,0.364761416732411,0.335366489336593,0.36371646343711,0.334474438578278,NaN,NaN,NaN,NaN,NaN,NaN,NaN,NaN,NaN
NaN,NaN,0.312694883556105,0.340624413574309,0.390279673102971,0.381315247087817,0.341786095843418,0.373680907180339,0.349268646687657,NaN,NaN,NaN,NaN,NaN,NaN,NaN,NaN,NaN
NaN,NaN,0.321351489634253,0.342352352226347,0.398196939442035,0.393204790472131,0.347581399575574,0.378269645264178,0.359377277791888,NaN,NaN,NaN,NaN,NaN,NaN,NaN,NaN,NaN
NaN,NaN,0.317207811982371,0.354487317735523,0.411461897257444,0.408987858264785,0.359449634299381,0.381856373389989,0.364012209475429,NaN,NaN,NaN,NaN,NaN,NaN,NaN,NaN,NaN
NaN,NaN,0.316997817368247,0.36926239647922,0.426808174762603,0.421170600622039,0.373972417757614,0.382159481635123,0.367648819238336,NaN,NaN,NaN,NaN,NaN,NaN,NaN,NaN,NaN
NaN,NaN,0.328988502384163,0.371512862974972,0.437663894209739,0.42488514345799,0.396544044808252,0.384353845258981,0.38426117390433,NaN,NaN,NaN,NaN,NaN,NaN,NaN,NaN,NaN
NaN,NaN,0.329759358079173,0.382625701958508,0.434671051863309,0.440776170163493,0.40322930176626,0.393487735530168,0.392155827731282,NaN,NaN,NaN,NaN,NaN,NaN,NaN,NaN,NaN
NaN,NaN,0.347343603731133,0.378484743768543,0.438363038066503,0.453243375687938,0.41243525777827,0.393897200813323,0.394661942273766,NaN,NaN,NaN,NaN,NaN,NaN,NaN,NaN,NaN
NaN,NaN,0.347643396467902,0.389341413164705,0.454511240187761,0.466306217878203,0.423911200807197,0.393258574297458,0.399284766763837,NaN,NaN,NaN,NaN,NaN,NaN,NaN,NaN,NaN
NaN,NaN,0.35157421103213,0.394667814606995,0.460429310861703,0.482106030850749,0.435478283063276,0.393949969550401,0.407605593800933,NaN,NaN,NaN,NaN,NaN,NaN,NaN,NaN,NaN
NaN,NaN,0.366815472603776,0.397401004219622,0.467192333254692,0.484157492338757,0.454706052289112,0.401958002587586,0.420308200419337,NaN,NaN,NaN,NaN,NaN,NaN,NaN,NaN,NaN
NaN,NaN,0.371418012888171,0.398524160618156,0.457099441501972,0.497295324622731,0.448673950479133,0.410073491623431,0.429316213131339,NaN,NaN,NaN,NaN,NaN,NaN,NaN,NaN,NaN
NaN,NaN,0.387183068902232,0.399688071692556,0.471457306358692,0.512032200514417,0.448893779859645,0.420228446712523,0.436277048439176,NaN,NaN,NaN,NaN,NaN,NaN,NaN,NaN,NaN
NaN,NaN,0.388219630927779,0.409863459998936,0.48737185827243,0.519497812657695,0.449378440127475,0.41646094887498,0.449773458540828,NaN,NaN,NaN,NaN,NaN,NaN,NaN,NaN,NaN
NaN,NaN,0.386454029590823,0.416692196512789,0.486707117471572,0.523833007483821,0.456208834395511,0.431201978465348,0.452576292455584,NaN,NaN,NaN,NaN,NaN,NaN,NaN,NaN,NaN
NaN,NaN,0.404661665321328,0.41510205634889,0.481777869228002,0.521197513609271,0.457201773271663,0.441558080604106,0.457814125121028,NaN,NaN,NaN,NaN,NaN,NaN,NaN,NaN,NaN
NaN,NaN,0.401099840761162,0.418859887058109,0.477561865064975,0.524915595471005,0.44464009438525,0.449946763803988,0.465973684341103,NaN,NaN,NaN,NaN,NaN,NaN,NaN,NaN,NaN
NaN,NaN,0.411740406067111,0.422810278022856,0.48744861787903,0.525840827195983,0.444773795054061,0.450736506720811,0.467725744247825,NaN,NaN,NaN,NaN,NaN,NaN,NaN,NaN,NaN
NaN,NaN,0.400693057687022,0.42426107370314,0.483476303580877,0.522135150550942,0.446746224508388,0.446733291139632,0.471354102492721,NaN,NaN,NaN,NaN,NaN,NaN,NaN,NaN,NaN
NaN,NaN,0.395496165961958,0.424374229395956,0.468029871646043,0.520671428113322,0.45240391601692,0.453223734041482,0.473084462583453,NaN,NaN,NaN,NaN,NaN,NaN,NaN,NaN,NaN
NaN,NaN,0.399222536594607,0.418964195186466,0.455247748706218,0.510443271069865,0.448270669177873,0.444264504005938,0.476495077610404,NaN,NaN,NaN,NaN,NaN,NaN,NaN,NaN,NaN
NaN,NaN,0.382270491332747,0.418386272276014,0.446204699638959,0.510799464701753,0.448504021362169,0.436685605784684,0.484026347995192,NaN,NaN,NaN,NaN,NaN,NaN,NaN,NaN,NaN
NaN,NaN,0.376303153694607,0.415647178078264,0.441494330826875,0.507649117081504,0.446222225175006,0.418188012083798,0.492110842615754,NaN,NaN,NaN,NaN,NaN,NaN,NaN,NaN,NaN
NaN,NaN,0.354311125935055,0.411503891581863,0.434493541780588,0.499883488684039,0.451082834944827,0.408999211033612,0.506645155847461,NaN,NaN,NaN,NaN,NaN,NaN,NaN,NaN,NaN
NaN,NaN,0.340686696232297,0.406104604834885,0.414415605429288,0.49652694624577,0.450959118054016,0.404898579111129,0.509457172602803,NaN,NaN,NaN,NaN,NaN,NaN,NaN,NaN,NaN
NaN,NaN,0.335956900031306,0.393939687991709,0.402696512702581,0.482563086717467,0.453604930982692,0.393016989221602,0.520486322939784,NaN,NaN,NaN,NaN,NaN,NaN,NaN,NaN,NaN
NaN,NaN,0.315142138511874,0.389516632193893,0.396158292952653,0.482250441729169,0.450631143496139,0.379768366804152,0.535676380396277,NaN,NaN,NaN,NaN,NaN,NaN,NaN,NaN,NaN
NaN,NaN,0.297353132278658,0.381278879130453,0.387097623262283,0.472133838503699,0.44538762976299,0.378974079033166,0.543576547652871,NaN,NaN,NaN,NaN,NaN,NaN,NaN,NaN,NaN
NaN,NaN,0.278244423330761,0.368625315958828,0.380516190144893,0.461745531230311,0.455103782907827,0.383551715751916,0.552946379185111,NaN,NaN,NaN,NaN,NaN,NaN,NaN,NaN,NaN
NaN,NaN,0.272593809873797,0.362263134801954,0.35527930415022,0.450487703948359,0.450015054986579,0.378715655645162,0.55592884659806,NaN,NaN,NaN,NaN,NaN,NaN,NaN,NaN,NaN
NaN,NaN,0.265415305853821,0.341926458412975,0.34892177960622,0.438214716433625,0.449223691568477,0.373805071105986,0.563949787766129,NaN,NaN,NaN,NaN,NaN,NaN,NaN,NaN,NaN
NaN,NaN,0.245282030315138,0.331521387333244,0.335521165344593,0.428362646072249,0.44639476199518,0.369606445422202,0.567009014785678,NaN,NaN,NaN,NaN,NaN,NaN,NaN,NaN,NaN
NaN,NaN,0.228507551015355,0.311968605155319,0.324460983339425,0.419600986807685,0.447145687387092,0.379605757882625,0.570609153956563,NaN,NaN,NaN,NaN,NaN,NaN,NaN,NaN,NaN
NaN,NaN,0.225257943035103,0.287816523695559,0.307013046059486,0.407236115007739,0.457775505230529,0.376191380312472,0.574820110351235,NaN,NaN,NaN,NaN,NaN,NaN,NaN,NaN,NaN
NaN,NaN,0.215890830964781,0.272773782843918,0.286991119447824,0.399223369478326,0.445191642240388,0.371787696024209,0.567339019626767,NaN,NaN,NaN,NaN,NaN,NaN,NaN,NaN,NaN
NaN,NaN,0.20863711333368,0.242930202866167,0.290805425557968,0.388654814033847,0.442570658371551,0.365680138459235,0.560270802826077,NaN,NaN,NaN,NaN,NaN,NaN,NaN,NaN,NaN
NaN,NaN,0.189804038614966,0.226124133104652,0.284562323305484,0.387455475448708,0.441746829048498,0.357771142264634,0.555471101552636,NaN,NaN,NaN,NaN,NaN,NaN,NaN,NaN,NaN
NaN,NaN,0.174401229829527,0.202185305888027,0.277953863206979,0.385015428929667,0.443098904535873,0.365785061260491,0.548737620711715,NaN,NaN,NaN,NaN,NaN,NaN,NaN,NaN,NaN
NaN,NaN,0.169284729869105,0.175031106108994,0.266423996600982,0.374591694145541,0.442940132663352,0.36363808332923,0.538753172159583,NaN,NaN,NaN,NaN,NaN,NaN,NaN,NaN,NaN
NaN,NaN,0.147657054127194,0.164638887280792,0.263834323797103,0.366536219536404,0.43112112765084,0.357760785957604,0.524979265183598,NaN,NaN,NaN,NaN,NaN,NaN,NaN,NaN,NaN
NaN,NaN,0.138044221908785,0.142380072856516,0.270256165478107,0.356492091833691,0.42586073835264,0.351808219095498,0.52271823748985,NaN,NaN,NaN,NaN,NaN,NaN,NaN,NaN,NaN
NaN,NaN,0.117154023260809,0.141528396988482,0.267020210686799,0.350869287668805,0.427752925053937,0.35521298541668,0.524056678414733,NaN,NaN,NaN,NaN,NaN,NaN,NaN,NaN,NaN
NaN,NaN,0.101096494705416,0.123694575512976,0.247095681789991,0.347879313795905,0.421461077377899,0.370333584835559,0.526217495799453,NaN,NaN,NaN,NaN,NaN,NaN,NaN,NaN,NaN
NaN,NaN,0.0900807367870584,0.112030225927204,0.24919532990801,0.32282139074717,0.416903724864824,0.365014354577094,0.517134232223422,NaN,NaN,NaN,NaN,NaN,NaN,NaN,NaN,NaN
NaN,NaN,0.0645699674496427,0.114965084130138,0.237961959156867,0.314552363871674,0.403358308569295,0.366157348146468,0.51538191154638,NaN,NaN,NaN,NaN,NaN,NaN,NaN,NaN,NaN
NaN,NaN,0.0562545979628339,0.116198229724735,0.240790311310169,0.296467048048119,0.401596059993608,0.373576599051982,0.521124614179522,NaN,NaN,NaN,NaN,NaN,NaN,NaN,NaN,NaN
NaN,NaN,0.043081002891995,0.113165266001791,0.222018983278152,0.287087120979171,0.409715237066848,0.382375660231143,0.530783919394404,NaN,NaN,NaN,NaN,NaN,NaN,NaN,NaN,NaN
NaN,NaN,0.0345085697481409,0.108970607752174,0.208212740782377,0.274528925239186,0.397636225417955,0.398039574613601,0.535514535159261,NaN,NaN,NaN,NaN,NaN,NaN,NaN,NaN,NaN
NaN,NaN,0.0270862082252279,0.105137544805378,0.202736992452022,0.25121367436562,0.396479783550603,0.401359869977265,0.536797618270308,NaN,NaN,NaN,NaN,NaN,NaN,NaN,NaN,NaN
NaN,NaN,0.0121476264903322,0.119117609346479,0.187127485934373,0.246104271083217,0.38633242805372,0.413569676568538,0.54699150264302,NaN,NaN,NaN,NaN,NaN,NaN,NaN,NaN,NaN
NaN,NaN,0.0160072693834082,0.113272461230129,0.180108554724332,0.229712397723536,0.395904505596263,0.428186337342292,0.557122336477429,NaN,NaN,NaN,NaN,NaN,NaN,NaN,NaN,NaN
NaN,NaN,0.0131543303141371,0.107122845137686,0.162120860133048,0.222395555048327,0.397902062133653,0.45285301177743,0.575047595203311,NaN,NaN,NaN,NaN,NaN,NaN,NaN,NaN,NaN
NaN,NaN,0.00862692913506183,0.102416350627512,0.150910567555305,0.212168347953896,0.385111184761627,0.473694260110885,0.583619953841359,NaN,NaN,NaN,NaN,NaN,NaN,NaN,NaN,NaN
NaN,NaN,-0.000823368667624863,0.0950974776690904,0.142875600669261,0.191778306781392,0.383402915642364,0.482163130184442,0.581633647680671,NaN,NaN,NaN,NaN,NaN,NaN,NaN,NaN,NaN
NaN,NaN,-0.0104818170657381,0.0991877532845441,0.127631172600862,0.191305045901875,0.382793905184371,0.503713487526208,0.591966354996354,NaN,NaN,NaN,NaN,NaN,NaN,NaN,NaN,NaN
NaN,NaN,-0.00399936491157857,0.0836473509019318,0.116752449486133,0.17711386915956,0.390450084552867,0.529140568217069,0.604557780325801,NaN,NaN,NaN,NaN,NaN,NaN,NaN,NaN,NaN
NaN,NaN,-0.00245687121059743,0.0727065271979276,0.104536533418771,0.17568784665976,0.387204425380332,0.555633976002961,0.615198401511103,NaN,NaN,NaN,NaN,NaN,NaN,NaN,NaN,NaN
NaN,NaN,-0.0157941369106993,0.0707053943818513,0.0929289200042452,0.175215442597012,0.376634994492633,0.57164190231803,0.609922421873004,NaN,NaN,NaN,NaN,NaN,NaN,NaN,NaN,NaN
NaN,NaN,-0.0231756878783926,0.0623251675909463,0.0939226598178114,0.166949358700852,0.383269270852907,0.591264813085824,0.615156566501052,NaN,NaN,NaN,NaN,NaN,NaN,NaN,NaN,NaN
NaN,NaN,-0.0266076115658506,0.0651529982036057,0.0860976502929892,0.173896280049424,0.393083641276462,0.611005145003825,0.632551232129723,NaN,NaN,NaN,NaN,NaN,NaN,NaN,NaN,NaN
NaN,NaN,-0.0119647061219439,0.0493180371170941,0.0802308396135534,0.174970691024403,0.395122250512941,0.645999627997905,0.63550084248224,NaN,NaN,NaN,NaN,NaN,NaN,NaN,NaN,NaN
NaN,NaN,-0.010993038653396,0.0496326006298962,0.0757724866901602,0.178780750303607,0.396952914044959,0.668669882109195,0.643668280691296,NaN,NaN,NaN,NaN,NaN,NaN,NaN,NaN,NaN
NaN,NaN,-0.0192781029036268,0.0466570250039998,0.0754266493653025,0.182924036800008,0.396563732967479,0.685064027895957,0.645498366803319,NaN,NaN,NaN,NaN,NaN,NaN,NaN,NaN,NaN
NaN,NaN,-0.0180778329959139,0.0406017332619134,0.0883798190091814,0.182406910627227,0.416150731936796,0.696373822977572,0.649458443522841,NaN,NaN,NaN,NaN,NaN,NaN,NaN,NaN,NaN
NaN,NaN,-0.0142122482648119,0.0438883706277314,0.0801348202561106,0.193315678208213,0.420999327645404,0.72267619787696,0.654234563708693,NaN,NaN,NaN,NaN,NaN,NaN,NaN,NaN,NaN
NaN,NaN,-0.00297917553689331,0.0383287101334039,0.0795398168896403,0.200131934999566,0.421412834868533,0.744362491061717,0.660528404415042,NaN,NaN,NaN,NaN,NaN,NaN,NaN,NaN,NaN
NaN,NaN,-0.0063758579781279,0.0329668066745702,0.0886280723546709,0.201631271212439,0.426261225686176,0.745562518825561,0.671436557323129,NaN,NaN,NaN,NaN,NaN,NaN,NaN,NaN,NaN
NaN,NaN,-0.0174030152847991,0.0366485297029916,0.0980845913921561,0.212559838711362,0.42498041500221,0.739774796059161,0.668308170289189,NaN,NaN,NaN,NaN,NaN,NaN,NaN,NaN,NaN
NaN,NaN,-0.0174913046648726,0.0372595704441968,0.106751609656688,0.210693226127963,0.431867359176977,0.739378127148181,0.66583407461682,NaN,NaN,NaN,NaN,NaN,NaN,NaN,NaN,NaN
NaN,NaN,-0.0170745191862807,0.0453538253253403,0.105573710117217,0.220396228998046,0.433290736720664,0.743857211312085,0.680771538764626,NaN,NaN,NaN,NaN,NaN,NaN,NaN,NaN,NaN
NaN,NaN,-0.00907542684581131,0.0452423087602559,0.117069173667308,0.218614273636679,0.427446557179792,0.743137131323844,0.691121084392459,NaN,NaN,NaN,NaN,NaN,NaN,NaN,NaN,NaN
NaN,NaN,-0.0164574621012434,0.046962964469761,0.132721819046613,0.21889674377356,0.423466810927493,0.728045998951226,0.69252952352205,NaN,NaN,NaN,NaN,NaN,NaN,NaN,NaN,NaN
NaN,NaN,-0.0279916686704382,0.0636631428545419,0.143411893460628,0.219070658951144,0.412660656467779,0.713229047944575,0.692774759382398,NaN,NaN,NaN,NaN,NaN,NaN,NaN,NaN,NaN
NaN,NaN,-0.0197222320130095,0.0664858884459439,0.154439628187295,0.21234725502048,0.420005550578935,0.712764932652741,0.697275226712615,NaN,NaN,NaN,NaN,NaN,NaN,NaN,NaN,NaN
NaN,NaN,-0.0121223417809233,0.0786693199819032,0.158707171741601,0.213141468285661,0.414130600140197,0.70478265999797,0.710983512699992,NaN,NaN,NaN,NaN,NaN,NaN,NaN,NaN,NaN
NaN,NaN,-0.00893021502997727,0.0835011332577172,0.166312966558811,0.211049904047589,0.40400254164706,0.699384025176793,0.709281110912949,NaN,NaN,NaN,NaN,NaN,NaN,NaN,NaN,NaN
NaN,NaN,-0.0152767872205004,0.0908108978813592,0.183305468473312,0.202032410471778,0.397759122744901,0.674937440892487,0.708082312494904,NaN,NaN,NaN,NaN,NaN,NaN,NaN,NaN,NaN
NaN,NaN,-0.0196836566319689,0.103089100802511,0.1793342903887,0.201510366915803,0.384443407849176,0.661894342740804,0.703222205639274,NaN,NaN,NaN,NaN,NaN,NaN,NaN,NaN,NaN
NaN,NaN,-0.00464490184094758,0.103841534936995,0.180610314074632,0.197815344601016,0.389022162155015,0.646301227500468,0.695615684390456,NaN,NaN,NaN,NaN,NaN,NaN,NaN,NaN,NaN
NaN,NaN,-0.00195606180932374,0.108306574756474,0.170610461447116,0.194771391271691,0.376991970435483,0.630838162144452,0.707739380896479,NaN,NaN,NaN,NaN,NaN,NaN,NaN,NaN,NaN
NaN,NaN,-0.00368055456783623,0.100890415841908,0.173951730195161,0.189380095272403,0.368707148329122,0.612428280403643,0.700773106664807,NaN,NaN,NaN,NaN,NaN,NaN,NaN,NaN,NaN
NaN,NaN,-0.00460275018122048,0.095615497911543,0.170517757598039,0.181655966608863,0.355594238237245,0.582580882003337,0.698886712789924,NaN,NaN,NaN,NaN,NaN,NaN,NaN,NaN,NaN
NaN,NaN,-0.00591366121079773,0.101690831715435,0.158645462307807,0.181812521933656,0.347773792193038,0.566889977892667,0.700999567062051,NaN,NaN,NaN,NaN,NaN,NaN,NaN,NaN,NaN
NaN,NaN,0.0151676634559408,0.0946699633544389,0.149918261978504,0.181162924437861,0.347125926957233,0.548492091586619,0.704224401861817,NaN,NaN,NaN,NaN,NaN,NaN,NaN,NaN,NaN
NaN,NaN,0.00709901994559914,0.0867293021923009,0.149171974573013,0.17132901486669,0.335283005581005,0.538771747490197,0.719784399271399,NaN,NaN,NaN,NaN,NaN,NaN,NaN,NaN,NaN
NaN,NaN,0.00857803469989449,0.0802327125614587,0.142236806515333,0.166053258746009,0.323277270392282,0.528153459420234,0.718733867407233,NaN,NaN,NaN,NaN,NaN,NaN,NaN,NaN,NaN
NaN,NaN,0.0107845986494794,0.0736787907129231,0.133283667329427,0.158991933732371,0.310848267719848,0.509940533777505,0.730456853062302,NaN,NaN,NaN,NaN,NaN,NaN,NaN,NaN,NaN
NaN,NaN,0.0161237033316866,0.0748686670607034,0.116507921430942,0.160885945825915,0.307321069733007,0.501118245413333,0.735273597538859,NaN,NaN,NaN,NaN,NaN,NaN,NaN,NaN,NaN
NaN,NaN,0.031925099552609,0.0664035781567994,0.107339460465785,0.15517665904675,0.302688969270093,0.496088824113637,0.738894598335416,NaN,NaN,NaN,NaN,NaN,NaN,NaN,NaN,NaN
NaN,NaN,0.0223187120864168,0.0581614665037099,0.104566391620513,0.137338367222886,0.299423938588006,0.496697424789697,0.753118669391066,NaN,NaN,NaN,NaN,NaN,NaN,NaN,NaN,NaN
NaN,NaN,0.0270974399754778,0.0473186179345551,0.0846740492318834,0.138670549660067,0.28403001461993,0.486742908945113,0.749346161038072,NaN,NaN,NaN,NaN,NaN,NaN,NaN,NaN,NaN
NaN,NaN,0.0294880891451612,0.0299266717678014,0.0722614564632143,0.134480939178805,0.280521145061357,0.474306232174664,0.754768321067483,NaN,NaN,NaN,NaN,NaN,NaN,NaN,NaN,NaN
NaN,NaN,0.0281708823749795,0.0204480990117493,0.0497008562718596,0.132782337187867,0.275179488555295,0.466940625449449,0.755141893178613,NaN,NaN,NaN,NaN,NaN,NaN,NaN,NaN,NaN
NaN,NaN,0.0324886987218633,0.00832239084896476,0.0489678681527342,0.123556804775338,0.267682975128992,0.467655136128694,0.752655131519229,NaN,NaN,NaN,NaN,NaN,NaN,NaN,NaN,NaN
NaN,NaN,0.015057003707625,-0.00855038023534386,0.0451825634275641,0.115504347651343,0.256235623703105,0.455590876629382,0.754529082924516,NaN,NaN,NaN,NaN,NaN,NaN,NaN,NaN,NaN
NaN,NaN,0.0125337342033163,-0.0273415640646514,0.0296630971764292,0.125240803628306,0.235136212751968,0.446596144577294,0.751637754738719,NaN,NaN,NaN,NaN,NaN,NaN,NaN,NaN,NaN
NaN,NaN,-0.00444965937640518,-0.0526500315124091,0.0192094296847548,0.123054225861172,0.234408495918615,0.430202464451819,0.758540941179187,NaN,NaN,NaN,NaN,NaN,NaN,NaN,NaN,NaN
NaN,NaN,-0.0160057520261034,-0.0602088504189548,0.00722828141200201,0.117405456422906,0.219162596360547,0.427722296556264,0.752034740299374,NaN,NaN,NaN,NaN,NaN,NaN,NaN,NaN,NaN
NaN,NaN,-0.0266877984395251,-0.0677021414691505,0.0149627477561201,0.113966752707105,0.210875352815492,0.42850322916153,0.751527709663302,NaN,NaN,NaN,NaN,NaN,NaN,NaN,NaN,NaN
NaN,NaN,-0.039220736711286,-0.0782130107933578,0.0140127614771094,0.107650765149932,0.193518051848514,0.419658067514926,0.75625035330692,NaN,NaN,NaN,NaN,NaN,NaN,NaN,NaN,NaN
NaN,NaN,-0.0553884593537077,-0.0853107505196628,0.000888377491113109,0.113364764421325,0.18667057712446,0.415056309541493,0.750838959366471,NaN,NaN,NaN,NaN,NaN,NaN,NaN,NaN,NaN
NaN,NaN,-0.0671916691353544,-0.0979056031161842,-0.0120587944353853,0.102618344991545,0.184659181133611,0.406955516775876,0.744973769188315,NaN,NaN,NaN,NaN,NaN,NaN,NaN,NaN,NaN
NaN,NaN,-0.0806502116611227,-0.0890647814327773,-0.0149600691462789,0.0941924647680329,0.17588345889817,0.400894823362857,0.739246675521523,NaN,NaN,NaN,NaN,NaN,NaN,NaN,NaN,NaN
NaN,NaN,-0.0835528647294268,-0.0890529908889827,-0.0215002074207102,0.0866653108290242,0.164691476122243,0.397334470292359,0.738523969203622,NaN,NaN,NaN,NaN,NaN,NaN,NaN,NaN,NaN
NaN,NaN,-0.0911659797420725,-0.0937302046174106,-0.0325852184857164,0.0638966904274033,0.154068922594888,0.38371452956441,0.733092793971688,NaN,NaN,NaN,NaN,NaN,NaN,NaN,NaN,NaN
NaN,NaN,-0.0989922186126932,-0.099327658181816,-0.0591660774613653,0.0624067978254364,0.149839730904205,0.371660570492774,0.724279334545524,NaN,NaN,NaN,NaN,NaN,NaN,NaN,NaN,NaN
NaN,NaN,-0.101195094524883,-0.102610048716694,-0.0590095221365724,0.0487929852000282,0.143166413501604,0.360206327279836,0.713821923137099,NaN,NaN,NaN,NaN,NaN,NaN,NaN,NaN,NaN
NaN,NaN,-0.110358731239103,-0.0895656839663085,-0.0633885822559629,0.0380690106442974,0.139104822621448,0.350836197724372,0.708029879033954,NaN,NaN,NaN,NaN,NaN,NaN,NaN,NaN,NaN
NaN,NaN,-0.110171032487415,-0.0851962164694366,-0.0723610184456144,0.0170632162383602,0.121112843946321,0.349670815160304,0.706049086302907,NaN,NaN,NaN,NaN,NaN,NaN,NaN,NaN,NaN
NaN,NaN,-0.103227203129791,-0.0961625956648883,-0.0790011248852049,-0.0048803082415058,0.113034998968942,0.32989587529543,0.702665665895135,NaN,NaN,NaN,NaN,NaN,NaN,NaN,NaN,NaN
NaN,NaN,-0.109118619351648,-0.0995765820795592,-0.0911778881515299,-0.00347393664803046,0.101013245031936,0.329623705586225,0.69013006404081,NaN,NaN,NaN,NaN,NaN,NaN,NaN,NaN,NaN
NaN,NaN,-0.10409329587128,-0.0946123347336349,-0.0773631892467771,-0.0183835728773071,0.0975534375465941,0.321994441440135,0.678165102154405,NaN,NaN,NaN,NaN,NaN,NaN,NaN,NaN,NaN
NaN,NaN,-0.113386703073047,-0.0818022534901199,-0.0861844717825685,-0.0366690485485985,0.0834007058001589,0.324425044348269,0.678755337149293,NaN,NaN,NaN,NaN,NaN,NaN,NaN,NaN,NaN
NaN,NaN,-0.104700518189929,-0.087023881142765,-0.0891058258081709,-0.0587978130885555,0.0608955565548968,0.330577603420049,0.675155328363568,NaN,NaN,NaN,NaN,NaN,NaN,NaN,NaN,NaN
NaN,NaN,-0.0980753129115328,-0.104892720347076,-0.097901143070582,-0.0721261939712955,0.055037258163793,0.32657850428465,0.659750247151048,NaN,NaN,NaN,NaN,NaN,NaN,NaN,NaN,NaN
NaN,NaN,-0.101848156540655,-0.106196106290251,-0.099005579885367,-0.0740948981353237,0.0411090124107432,0.326240545948773,0.651967296153695,NaN,NaN,NaN,NaN,NaN,NaN,NaN,NaN,NaN
NaN,NaN,-0.0990562004735693,-0.103054904257685,-0.101705092873696,-0.093457113088031,0.0365155245817732,0.322070530494481,0.644020860791594,NaN,NaN,NaN,NaN,NaN,NaN,NaN,NaN,NaN
NaN,NaN,-0.106252399622463,-0.104681608145862,-0.109033409443024,-0.106843366355558,0.0221641603566241,0.331634151628047,0.640980129838378,NaN,NaN,NaN,NaN,NaN,NaN,NaN,NaN,NaN
NaN,NaN,-0.0992045787861571,-0.11725056997481,-0.11861237877262,-0.118412423015495,0.00817049850593321,0.334396528890162,0.629006003737838,NaN,NaN,NaN,NaN,NaN,NaN,NaN,NaN,NaN
NaN,NaN,-0.0936397401383147,-0.139284358238607,-0.123828884151105,-0.122696786255498,0.00972465236554854,0.32340954883936,0.621040811539084,NaN,NaN,NaN,NaN,NaN,NaN,NaN,NaN,NaN
NaN,NaN,-0.105036464869045,-0.136625171517759,-0.12869990610731,-0.123117650926967,0.00223629732499831,0.314188170125514,0.619814390093476,NaN,NaN,NaN,NaN,NaN,NaN,NaN,NaN,NaN
NaN,NaN,-0.106082451879047,-0.141218566214472,-0.129066828575257,-0.133625502766032,-0.00307108651031739,0.314759815921813,0.61316647917071,NaN,NaN,NaN,NaN,NaN,NaN,NaN,NaN,NaN
NaN,NaN,-0.116938357590698,-0.146487765824228,-0.131267562445525,-0.137765864909549,-0.0124038886569906,0.310400220444232,0.612002456337602,NaN,NaN,NaN,NaN,NaN,NaN,NaN,NaN,NaN
NaN,NaN,-0.124307354330085,-0.1596049786264,-0.140839807626132,-0.136965765685697,-0.016259918018477,0.305176208605796,0.604476997405679,NaN,NaN,NaN,NaN,NaN,NaN,NaN,NaN,NaN
NaN,NaN,-0.130934366374277,-0.171505362605482,-0.135617360409621,-0.138037121922631,-0.00904561395873315,0.286243109842568,0.606276107728869,NaN,NaN,NaN,NaN,NaN,NaN,NaN,NaN,NaN
NaN,NaN,-0.152397589175962,-0.161944647198349,-0.135462164815787,-0.133256401003261,-0.0169118251942564,0.27258323400262,0.605696061402947,NaN,NaN,NaN,NaN,NaN,NaN,NaN,NaN,NaN
NaN,NaN,-0.162781556486152,-0.160630532419115,-0.12370326736224,-0.133300564319749,-0.0267799143039156,0.266960690608054,0.595989687145144,NaN,NaN,NaN,NaN,NaN,NaN,NaN,NaN,NaN
NaN,NaN,-0.184183591394685,-0.158637017821699,-0.121130954411152,-0.127777113647123,-0.0280933771573473,0.254997088452607,0.595882119387776,NaN,NaN,NaN,NaN,NaN,NaN,NaN,NaN,NaN
NaN,NaN,-0.195653816103004,-0.165849999403387,-0.121229339327935,-0.126371487111707,-0.029990481241839,0.238610486378699,0.594495286941916,NaN,NaN,NaN,NaN,NaN,NaN,NaN,NaN,NaN
NaN,NaN,-0.200447799055837,-0.165574309294849,-0.112708929863099,-0.129558379829784,-0.0282016527198721,0.209895632108479,0.592192126214892,NaN,NaN,NaN,NaN,NaN,NaN,NaN,NaN,NaN
NaN,NaN,-0.221452680765651,-0.146957878833443,-0.107059732016448,-0.119020334512849,-0.0434930380724836,0.198527852883368,0.585923133194835,NaN,NaN,NaN,NaN,NaN,NaN,NaN,NaN,NaN
NaN,NaN,-0.227178284316324,-0.139101427858501,-0.0980679801965986,-0.116111441583295,-0.0488749090873171,0.188751797070533,0.577032075971753,NaN,NaN,NaN,NaN,NaN,NaN,NaN,NaN,NaN
NaN,NaN,-0.239871354191564,-0.138841011440187,-0.0934224873150621,-0.109030167640109,-0.0439442638598848,0.167794263800412,0.569602524638564,NaN,NaN,NaN,NaN,NaN,NaN,NaN,NaN,NaN
NaN,NaN,-0.242866096436046,-0.138411895250708,-0.0891818962360655,-0.107066157341857,-0.0508425515436102,0.149476061453849,0.558889688700826,NaN,NaN,NaN,NaN,NaN,NaN,NaN,NaN,NaN
NaN,NaN,-0.248330706148408,-0.134178475355535,-0.0798018760348592,-0.104420120895763,-0.0484808665059973,0.13423738895896,0.546225247681529,NaN,NaN,NaN,NaN,NaN,NaN,NaN,NaN,NaN
NaN,NaN,-0.263442066847347,-0.116927792196899,-0.0705577916766439,-0.0916699050673439,-0.0600668546103407,0.122996977409154,0.528118101656825,NaN,NaN,NaN,NaN,NaN,NaN,NaN,NaN,NaN
NaN,NaN,-0.263806735514663,-0.116740018939405,-0.0633764936889444,-0.0908645531841709,-0.0578251984261442,0.107524319430619,0.503180691749246,NaN,NaN,NaN,NaN,NaN,NaN,NaN,NaN,NaN
NaN,NaN,-0.266533349989913,-0.116033666645914,-0.0590784586335455,-0.0830100393601848,-0.0599191841029096,0.0801603299284276,0.488942296952397,NaN,NaN,NaN,NaN,NaN,NaN,NaN,NaN,NaN
NaN,NaN,-0.27101595455315,-0.11271262622419,-0.0592430792118345,-0.0830039298840954,-0.0667090844654012,0.06755279271844,0.471210362166554,NaN,NaN,NaN,NaN,NaN,NaN,NaN,NaN,NaN
NaN,NaN,-0.277885985909961,-0.107758269524008,-0.0490437372888361,-0.0810363433071567,-0.072340978338616,0.0491542358601388,0.447230910659224,NaN,NaN,NaN,NaN,NaN,NaN,NaN,NaN,NaN
NaN,NaN,-0.29162986704614,-0.0996877447420654,-0.0512054114903246,-0.0721151112326576,-0.0896991547488142,0.0286547829115686,0.43186596944967,NaN,NaN,NaN,NaN,NaN,NaN,NaN,NaN,NaN
NaN,NaN,-0.285345767973922,-0.104319342290789,-0.0472493394578729,-0.0742979264565899,-0.095132304384606,0.0120419253313836,0.414667347222955,NaN,NaN,NaN,NaN,NaN,NaN,NaN,NaN,NaN
NaN,NaN,-0.280581456958316,-0.0975738660151062,-0.0434549263979231,-0.0745502589949562,-0.101929133787053,-0.0112862336730662,0.403421832025439,NaN,NaN,NaN,NaN,NaN,NaN,NaN,NaN,NaN
NaN,NaN,-0.284984638332389,-0.0925791644209919,-0.0446416735018526,-0.0761860339650108,-0.117993349238532,-0.0203370872235003,0.388862205446155,NaN,NaN,NaN,NaN,NaN,NaN,NaN,NaN,NaN
NaN,NaN,-0.289457836537622,-0.0960206807309684,-0.0388731546069418,-0.0747446632691814,-0.127898039325373,-0.0365071009194556,0.378303279877097,NaN,NaN,NaN,NaN,NaN,NaN,NaN,NaN,NaN
NaN,NaN,-0.293069337843917,-0.0975901455337105,-0.0471490732694898,-0.0699451296338035,-0.146747803344624,-0.0484856414889994,0.377531399727256,NaN,NaN,NaN,NaN,NaN,NaN,NaN,NaN,NaN
NaN,NaN,-0.28042335563805,-0.101340358024269,-0.0450641027952467,-0.0698581068524315,-0.154311483755009,-0.0579613085186187,0.363794112354905,NaN,NaN,NaN,NaN,NaN,NaN,NaN,NaN,NaN
NaN,NaN,-0.27618235477712,-0.100124143874079,-0.0508723705376421,-0.0702569923111393,-0.160474194242852,-0.0678582127487365,0.356484105587394,NaN,NaN,NaN,NaN,NaN,NaN,NaN,NaN,NaN
NaN,NaN,-0.283092656522058,-0.103310440545708,-0.0482273399199282,-0.0704500554808571,-0.170274091913598,-0.0721342685913745,0.350998541117103,NaN,NaN,NaN,NaN,NaN,NaN,NaN,NaN,NaN
NaN,NaN,-0.277855196385644,-0.118548144465118,-0.0542993023361002,-0.0685875593432381,-0.176211124315159,-0.0795351910686198,0.349256129712254,NaN,NaN,NaN,NaN,NaN,NaN,NaN,NaN,NaN
NaN,NaN,-0.277679940103553,-0.126335398172766,-0.064649127360705,-0.0566463275560333,-0.181184330984252,-0.0911847139990035,0.34996527597347,NaN,NaN,NaN,NaN,NaN,NaN,NaN,NaN,NaN
NaN,NaN,-0.270387274562381,-0.133728534793287,-0.0772768556441103,-0.0587246856399967,-0.186372449650662,-0.0941276747083369,0.331270186007411,NaN,NaN,NaN,NaN,NaN,NaN,NaN,NaN,NaN
NaN,NaN,-0.269581829546951,-0.144105461304813,-0.0806774123872553,-0.0629911116072132,-0.191666683211224,-0.108310246030063,0.334651278108746,NaN,NaN,NaN,NaN,NaN,NaN,NaN,NaN,NaN
NaN,NaN,-0.273708631633781,-0.156571232592493,-0.08844803267372,-0.0594583815642788,-0.200035342975752,-0.117665865579814,0.331207098216206,NaN,NaN,NaN,NaN,NaN,NaN,NaN,NaN,NaN
NaN,NaN,-0.274496940313838,-0.180659257685572,-0.0976761355365549,-0.0568817286499931,-0.19873085807194,-0.126316473940581,0.330694740415008,NaN,NaN,NaN,NaN,NaN,NaN,NaN,NaN,NaN
NaN,NaN,-0.278688450693153,-0.188564658975035,-0.107845526125554,-0.05907508644547,-0.203194109752076,-0.137630981514424,0.328080890477092,NaN,NaN,NaN,NaN,NaN,NaN,NaN,NaN,NaN
NaN,NaN,-0.272726179449819,-0.201398433064848,-0.118206266250733,-0.0665355390616848,-0.216405851795571,-0.139392447779149,0.311075629443318,NaN,NaN,NaN,NaN,NaN,NaN,NaN,NaN,NaN
NaN,NaN,-0.273818862973712,-0.218247343664795,-0.118728440191868,-0.0768765724011852,-0.214290147676365,-0.147255455265016,0.311542389691264,NaN,NaN,NaN,NaN,NaN,NaN,NaN,NaN,NaN
NaN,NaN,-0.281433486728929,-0.227617659484774,-0.128869201924924,-0.0776061146267845,-0.213736848934786,-0.143347923765153,0.301762720346839,NaN,NaN,NaN,NaN,NaN,NaN,NaN,NaN,NaN
NaN,NaN,-0.28498938807752,-0.249854271178871,-0.129117865052346,-0.0863759881564571,-0.200811972870724,-0.144904834339589,0.293113453090579,NaN,NaN,NaN,NaN,NaN,NaN,NaN,NaN,NaN
NaN,NaN,-0.285561592667364,-0.254100412940412,-0.142502982106331,-0.0915659135886623,-0.20591677541961,-0.140125268260211,0.275161558539063,NaN,NaN,NaN,NaN,NaN,NaN,NaN,NaN,NaN
NaN,NaN,-0.280343448161148,-0.272265058820873,-0.149792518403653,-0.102175279588361,-0.205515710666077,-0.135751181403369,0.24775310769716,NaN,NaN,NaN,NaN,NaN,NaN,NaN,NaN,NaN
NaN,NaN,-0.288197123794816,-0.28650930232349,-0.158365789737824,-0.117348331094642,-0.193784045084612,-0.138719641724795,0.235389111340434,NaN,NaN,NaN,NaN,NaN,NaN,NaN,NaN,NaN
NaN,NaN,-0.297409710823558,-0.300345272635847,-0.169896978821877,-0.117921317995448,-0.183999625995057,-0.139641725579471,0.209083346426875,NaN,NaN,NaN,NaN,NaN,NaN,NaN,NaN,NaN
NaN,NaN,-0.295624402700923,-0.31969282857123,-0.180012091931227,-0.121703344465156,-0.179938575281994,-0.14018604637143,0.17966322019735,NaN,NaN,NaN,NaN,NaN,NaN,NaN,NaN,NaN
NaN,NaN,-0.292887674062513,-0.329521075701147,-0.190470192518357,-0.120099159956832,-0.181053983076708,-0.144785289773912,0.153225952536256,NaN,NaN,NaN,NaN,NaN,NaN,NaN,NaN,NaN
NaN,NaN,-0.29287839808967,-0.345274415677219,-0.199249714549903,-0.126207294941802,-0.175314633204835,-0.151918997178048,0.129141280204446,NaN,NaN,NaN,NaN,NaN,NaN,NaN,NaN,NaN
NaN,NaN,-0.300030415295623,-0.360726770823627,-0.201586011734131,-0.135017867267986,-0.160059271409409,-0.167924427548617,0.111293749660642,NaN,NaN,NaN,NaN,NaN,NaN,NaN,NaN,NaN
NaN,NaN,-0.302068726508878,-0.368291252171427,-0.208582535323027,-0.126338928074498,-0.163569631084101,-0.178032686123818,0.0806324498359269,NaN,NaN,NaN,NaN,NaN,NaN,NaN,NaN,NaN
NaN,NaN,-0.294404817163013,-0.37817936471644,-0.210660092469576,-0.126515041173358,-0.172413246735232,-0.183363725552529,0.0574689859155721,NaN,NaN,NaN,NaN,NaN,NaN,NaN,NaN,NaN
NaN,NaN,-0.290866201161407,-0.379988645082146,-0.210147026863221,-0.127073965103288,-0.172422001167433,-0.190215950021714,0.0342451164130277,NaN,NaN,NaN,NaN,NaN,NaN,NaN,NaN,NaN
NaN,NaN,-0.287786950706504,-0.383114089136749,-0.216001730349187,-0.132219317437072,-0.167555561318295,-0.194111765483588,0.0108840817216939,NaN,NaN,NaN,NaN,NaN,NaN,NaN,NaN,NaN
NaN,NaN,-0.285432678996585,-0.387044009631306,-0.221656441625479,-0.143228872747083,-0.163266485586064,-0.205192883620233,-0.00784582108220396,NaN,NaN,NaN,NaN,NaN,NaN,NaN,NaN,NaN
NaN,NaN,-0.280011897324584,-0.380302873318821,-0.238308712777022,-0.141173760474582,-0.177489662572043,-0.20781599090454,-0.026922902315467,NaN,NaN,NaN,NaN,NaN,NaN,NaN,NaN,NaN
NaN,NaN,-0.266077150939964,-0.386742298370033,-0.245601490076903,-0.145850545794625,-0.179251575871604,-0.214206745038003,-0.0512127450104648,NaN,NaN,NaN,NaN,NaN,NaN,NaN,NaN,NaN
NaN,NaN,-0.257640411495231,-0.384683498060137,-0.258919142123583,-0.148735149831433,-0.178237868502038,-0.226697084615201,-0.0720539188381129,NaN,NaN,NaN,NaN,NaN,NaN,NaN,NaN,NaN
NaN,NaN,-0.248665926395915,-0.381513443654209,-0.27655164891136,-0.155541758120914,-0.174981927528279,-0.237393417516917,-0.0869383162256175,NaN,NaN,NaN,NaN,NaN,NaN,NaN,NaN,NaN
NaN,NaN,-0.240538739948533,-0.382306204056173,-0.287935614522818,-0.167272417873998,-0.172696294292109,-0.256617610464067,-0.100187646448224,NaN,NaN,NaN,NaN,NaN,NaN,NaN,NaN,NaN
NaN,NaN,-0.233689477085136,-0.383913573687702,-0.307497672673586,-0.165727148831744,-0.183523589774268,-0.271167942444057,-0.10738587588033,NaN,NaN,NaN,NaN,NaN,NaN,NaN,NaN,NaN
NaN,NaN,-0.225166180520318,-0.390348658775717,-0.31192994856489,-0.17041632074203,-0.183918805822032,-0.29288789362666,-0.123255146890491,NaN,NaN,NaN,NaN,NaN,NaN,NaN,NaN,NaN
NaN,NaN,-0.220922869979404,-0.393680204516083,-0.324361689325694,-0.175434063256641,-0.185683401330607,-0.307582040438623,-0.135674538313954,NaN,NaN,NaN,NaN,NaN,NaN,NaN,NaN,NaN
NaN,NaN,-0.218141959398054,-0.392870792066484,-0.339716013457898,-0.182621619732042,-0.187574451818364,-0.322359205344886,-0.136765862106889,NaN,NaN,NaN,NaN,NaN,NaN,NaN,NaN,NaN
NaN,NaN,-0.219054264365695,-0.402549282526403,-0.353161405708912,-0.196073084206243,-0.195102481200593,-0.32938791544196,-0.137338439225762,NaN,NaN,NaN,NaN,NaN,NaN,NaN,NaN,NaN
NaN,NaN,-0.224627168267034,-0.405032933568388,-0.358850929823044,-0.203115708262582,-0.205271070852177,-0.346116108009786,-0.140716383456796,NaN,NaN,NaN,NaN,NaN,NaN,NaN,NaN,NaN
NaN,NaN,-0.219786973088048,-0.407670010691315,-0.364593353059414,-0.211013360948224,-0.20622720386018,-0.35872984782812,-0.157572316228955,NaN,NaN,NaN,NaN,NaN,NaN,NaN,NaN,NaN
NaN,NaN,-0.224482720135711,-0.403916035657555,-0.378423344280842,-0.218625675023456,-0.207787448569434,-0.375197046557635,-0.162301870286077,NaN,NaN,NaN,NaN,NaN,NaN,NaN,NaN,NaN
NaN,NaN,-0.235430938540958,-0.399234984880119,-0.401889096882466,-0.225390336544175,-0.214795390173094,-0.377368853548736,-0.168182203769296,NaN,NaN,NaN,NaN,NaN,NaN,NaN,NaN,NaN
NaN,NaN,-0.241432176320814,-0.403616149788528,-0.410757318076018,-0.245323899269958,-0.216180527611868,-0.384040531823606,-0.179382158666461,NaN,NaN,NaN,NaN,NaN,NaN,NaN,NaN,NaN
NaN,NaN,-0.24873987340834,-0.403032806580692,-0.42300182574642,-0.251840996623893,-0.214950529887574,-0.402936470816106,-0.186597282290071,NaN,NaN,NaN,NaN,NaN,NaN,NaN,NaN,NaN
NaN,NaN,-0.250017405836843,-0.394852702384621,-0.430799305375937,-0.257434408248325,-0.213392613484757,-0.420249776104659,-0.212316854148715,NaN,NaN,NaN,NaN,NaN,NaN,NaN,NaN,NaN
NaN,NaN,-0.265130964457057,-0.396315996413856,-0.44550244876397,-0.265185116858144,-0.210870815470116,-0.434368514577121,-0.227592574655622,NaN,NaN,NaN,NaN,NaN,NaN,NaN,NaN,NaN
NaN,NaN,-0.277180807082914,-0.391336922412544,-0.461905088212613,-0.268709725768228,-0.21657684262027,-0.435787365893096,-0.241511991470664,NaN,NaN,NaN,NaN,NaN,NaN,NaN,NaN,NaN
NaN,NaN,-0.278925360529684,-0.399500393187433,-0.460427209671858,-0.280405069769282,-0.211812922760146,-0.448443723032445,-0.257431460767596,NaN,NaN,NaN,NaN,NaN,NaN,NaN,NaN,NaN
NaN,NaN,-0.289794286130928,-0.390788596933514,-0.466043066170338,-0.279801013947387,-0.210356036230223,-0.461407882282704,-0.272971211224406,NaN,NaN,NaN,NaN,NaN,NaN,NaN,NaN,NaN
NaN,NaN,-0.294806980877183,-0.382841844921738,-0.465395610716466,-0.28084651666965,-0.214403340622084,-0.471374076912374,-0.295600244998544,NaN,NaN,NaN,NaN,NaN,NaN,NaN,NaN,NaN
NaN,NaN,-0.311707263230346,-0.379892160063415,-0.470572739776496,-0.281731254489083,-0.213630789919989,-0.47589138255474,-0.313275890647977,NaN,NaN,NaN,NaN,NaN,NaN,NaN,NaN,NaN
NaN,NaN,-0.318150245933793,-0.368773397868305,-0.472374960717085,-0.280256561071534,-0.216691786452429,-0.474445541510552,-0.329232724606603,NaN,NaN,NaN,NaN,NaN,NaN,NaN,NaN,NaN
NaN,NaN,-0.320355431525968,-0.366270952736765,-0.466890830483559,-0.288795354843993,-0.211267055972712,-0.479490664908856,-0.348590767234176,NaN,NaN,NaN,NaN,NaN,NaN,NaN,NaN,NaN
NaN,NaN,-0.333203361718915,-0.350998510485321,-0.469573151257161,-0.29061275634255,-0.217989658965962,-0.488101990083427,-0.363209625929206,NaN,NaN,NaN,NaN,NaN,NaN,NaN,NaN,NaN
NaN,NaN,-0.33860683941748,-0.339148138528496,-0.468721140113,-0.287918812663217,-0.228256614907877,-0.488778875330657,-0.386806806772559,NaN,NaN,NaN,NaN,NaN,NaN,NaN,NaN,NaN
NaN,NaN,-0.34829095506575,-0.331734848087459,-0.465013656702164,-0.295457701266666,-0.229203658207552,-0.487319921264619,-0.400562534331887,NaN,NaN,NaN,NaN,NaN,NaN,NaN,NaN,NaN
NaN,NaN,-0.344292321591638,-0.318724476611048,-0.458954360273007,-0.296375556916852,-0.239602582558291,-0.4830328758156,-0.408760315030425,NaN,NaN,NaN,NaN,NaN,NaN,NaN,NaN,NaN
NaN,NaN,-0.340530448942445,-0.311827418273121,-0.453849725362185,-0.304209227741618,-0.239991987153189,-0.480030142823428,-0.421943204700559,NaN,NaN,NaN,NaN,NaN,NaN,NaN,NaN,NaN
NaN,NaN,-0.344506246387027,-0.298446883326202,-0.453238498356465,-0.309463842839856,-0.256026493414538,-0.483126026699513,-0.42884730383715,NaN,NaN,NaN,NaN,NaN,NaN,NaN,NaN,NaN
NaN,NaN,-0.343443774967454,-0.294231177186399,-0.447561733361605,-0.315202950567861,-0.264929713710444,-0.473130402276486,-0.449178895204871,NaN,NaN,NaN,NaN,NaN,NaN,NaN,NaN,NaN
NaN,NaN,-0.341702704667114,-0.289797858213812,-0.44072735303295,-0.322139180333276,-0.267379147961037,-0.467713625291556,-0.455894978940099,NaN,NaN,NaN,NaN,NaN,NaN,NaN,NaN,NaN
NaN,NaN,-0.334423636435531,-0.279027671431929,-0.437774836954001,-0.326010502011438,-0.282789966120617,-0.463088994035691,-0.463621417283624,NaN,NaN,NaN,NaN,NaN,NaN,NaN,NaN,NaN
NaN,NaN,-0.331430794089101,-0.274921097671419,-0.426786944207076,-0.337543106705804,-0.288182025804417,-0.465993155846566,-0.481131827681869,NaN,NaN,NaN,NaN,NaN,NaN,NaN,NaN,NaN
NaN,NaN,-0.335072339861654,-0.272953399335771,-0.425779681589726,-0.349144275368114,-0.304963266506093,-0.472347830543489,-0.490953667312472,NaN,NaN,NaN,NaN,NaN,NaN,NaN,NaN,NaN
NaN,NaN,-0.336123132496141,-0.277926661884218,-0.421736996557835,-0.352082747102637,-0.313674019678729,-0.466795564750403,-0.509044459312766,NaN,NaN,NaN,NaN,NaN,NaN,NaN,NaN,NaN
NaN,NaN,-0.332199414609931,-0.277776290541321,-0.41903029375923,-0.367876953513284,-0.324090620531933,-0.468555689910621,-0.522059841304629,NaN,NaN,NaN,NaN,NaN,NaN,NaN,NaN,NaN
NaN,NaN,-0.331918080686592,-0.273777806078821,-0.416546493705634,-0.375587149591108,-0.332540435745614,-0.474897903511495,-0.534797782301515,NaN,NaN,NaN,NaN,NaN,NaN,NaN,NaN,NaN
NaN,NaN,-0.32792868593242,-0.27901146641913,-0.412323728140715,-0.395116592825313,-0.342946177377598,-0.477828011969298,-0.549448752998918,NaN,NaN,NaN,NaN,NaN,NaN,NaN,NaN,NaN
NaN,NaN,-0.338668194948696,-0.289046001499325,-0.410747446056727,-0.411183117956777,-0.354148684098618,-0.479581152210206,-0.557667898237317,NaN,NaN,NaN,NaN,NaN,NaN,NaN,NaN,NaN
NaN,NaN,-0.341316690086387,-0.296506603127151,-0.409708127316359,-0.426323237896819,-0.363107280834811,-0.469352678517074,-0.578487316369622,NaN,NaN,NaN,NaN,NaN,NaN,NaN,NaN,NaN
NaN,NaN,-0.335279372869991,-0.29941530979219,-0.414830736752871,-0.444195914150138,-0.363015042647021,-0.47052566067335,-0.59008071780166,NaN,NaN,NaN,NaN,NaN,NaN,NaN,NaN,NaN
NaN,NaN,-0.334196263342164,-0.306432117586761,-0.415509615030411,-0.452999017269273,-0.366258019610541,-0.463151839683026,-0.593996314555019,NaN,NaN,NaN,NaN,NaN,NaN,NaN,NaN,NaN
NaN,NaN,-0.335313496529125,-0.320698750084072,-0.413003090705994,-0.475279885412116,-0.374955343111651,-0.450023451009959,-0.609242791533082,NaN,NaN,NaN,NaN,NaN,NaN,NaN,NaN,NaN
NaN,NaN,-0.343587031005882,-0.336966552650362,-0.415861412819747,-0.489398884654899,-0.372850144311087,-0.441080817142695,-0.622651266157239,NaN,NaN,NaN,NaN,NaN,NaN,NaN,NaN,NaN
NaN,NaN,-0.343350009410642,-0.34555651328507,-0.42086209350479,-0.501110713065524,-0.373890245362418,-0.42403571412918,-0.637146091311782,NaN,NaN,NaN,NaN,NaN,NaN,NaN,NaN,NaN
NaN,NaN,-0.333900959580205,-0.355584976142078,-0.422287985619429,-0.508218790472407,-0.359085084899562,-0.415360332587928,-0.643228559046596,NaN,NaN,NaN,NaN,NaN,NaN,NaN,NaN,NaN
NaN,NaN,-0.340950792073272,-0.366413128441006,-0.41688894101632,-0.511340937645097,-0.364430001034634,-0.403022431889743,-0.648613726943343,NaN,NaN,NaN,NaN,NaN,NaN,NaN,NaN,NaN
NaN,NaN,-0.339833316742443,-0.380049292808205,-0.416193541076306,-0.527960239977498,-0.361453847988742,-0.389831625977725,-0.663207942843049,NaN,NaN,NaN,NaN,NaN,NaN,NaN,NaN,NaN
NaN,NaN,-0.346453232108615,-0.397033058916956,-0.414391003486041,-0.531888800741096,-0.349262556090253,-0.381865893611878,-0.665177708714812,NaN,NaN,NaN,NaN,NaN,NaN,NaN,NaN,NaN
NaN,NaN,-0.345296380459331,-0.405594670092493,-0.421538699355248,-0.529265283674855,-0.342809701367514,-0.371498615602225,-0.676085489093869,NaN,NaN,NaN,NaN,NaN,NaN,NaN,NaN,NaN
NaN,NaN,-0.341027290909551,-0.410804227804571,-0.412541359599951,-0.530963680774827,-0.343831175967353,-0.371502769300908,-0.677134679853528,NaN,NaN,NaN,NaN,NaN,NaN,NaN,NaN,NaN
NaN,NaN,-0.346183483838104,-0.412904676860004,-0.404490839626912,-0.53593951377358,-0.351664269372122,-0.36837065697667,-0.671777246743053,NaN,NaN,NaN,NaN,NaN,NaN,NaN,NaN,NaN
NaN,NaN,-0.340948296128772,-0.425028224354416,-0.398050222482804,-0.548067494363446,-0.34990270997514,-0.366448351303309,-0.677790051549285,NaN,NaN,NaN,NaN,NaN,NaN,NaN,NaN,NaN
NaN,NaN,-0.336695299833082,-0.435874407058388,-0.39781264209402,-0.539494744569917,-0.341695280774729,-0.371254217932195,-0.682213330864518,NaN,NaN,NaN,NaN,NaN,NaN,NaN,NaN,NaN
NaN,NaN,-0.333017879514955,-0.438125767623812,-0.397887427296761,-0.535815293968578,-0.354388462408679,-0.369338692287177,-0.689500985890239,NaN,NaN,NaN,NaN,NaN,NaN,NaN,NaN,NaN
NaN,NaN,-0.318982960074209,-0.432863180404335,-0.383958492365006,-0.539459279806276,-0.363467553659575,-0.375119020352334,-0.689427653550714,NaN,NaN,NaN,NaN,NaN,NaN,NaN,NaN,NaN
NaN,NaN,-0.311826230376028,-0.430054516410261,-0.380641121354226,-0.541449739665647,-0.371994147106307,-0.384216868439883,-0.69606533855161,NaN,NaN,NaN,NaN,NaN,NaN,NaN,NaN,NaN
NaN,NaN,-0.29465066769626,-0.436505620246559,-0.381641287293557,-0.543090338886638,-0.367755213781493,-0.390960109541387,-0.710822871178001,NaN,NaN,NaN,NaN,NaN,NaN,NaN,NaN,NaN
NaN,NaN,-0.283863474964164,-0.437890031253725,-0.387469112810019,-0.535300551981588,-0.368081213935511,-0.400522482702703,-0.719325287490695,NaN,NaN,NaN,NaN,NaN,NaN,NaN,NaN,NaN
NaN,NaN,-0.272413348197006,-0.436063391035229,-0.389606255974892,-0.534344586611648,-0.387969253613846,-0.406753682652682,-0.732916245460122,NaN,NaN,NaN,NaN,NaN,NaN,NaN,NaN,NaN
NaN,NaN,-0.253878706484102,-0.430510063534409,-0.386263795133952,-0.532233054817577,-0.39403512518038,-0.421401207456559,-0.737785609662145,NaN,NaN,NaN,NaN,NaN,NaN,NaN,NaN,NaN
NaN,NaN,-0.241667987196706,-0.430720803206593,-0.39726619788659,-0.531805689514537,-0.398770211293595,-0.436373987356395,-0.743689691871017,NaN,NaN,NaN,NaN,NaN,NaN,NaN,NaN,NaN
NaN,NaN,-0.221790769486688,-0.433106590872436,-0.407320626016978,-0.535918708027263,-0.40484483729233,-0.446546749333114,-0.75389758333525,NaN,NaN,NaN,NaN,NaN,NaN,NaN,NaN,NaN
NaN,NaN,-0.213852995424531,-0.434583314573198,-0.413684390422228,-0.538721839965243,-0.41711739639868,-0.460393131831855,-0.757308496385425,NaN,NaN,NaN,NaN,NaN,NaN,NaN,NaN,NaN
NaN,NaN,-0.207507745712064,-0.433715694462686,-0.416891138937596,-0.537271584452052,-0.440632583602564,-0.46966217563507,-0.755936751365274,NaN,NaN,NaN,NaN,NaN,NaN,NaN,NaN,NaN
NaN,NaN,-0.187894874601625,-0.4273121625835,-0.418802939292315,-0.535532004267831,-0.446044536336558,-0.479630065271825,-0.743688313513606,NaN,NaN,NaN,NaN,NaN,NaN,NaN,NaN,NaN
NaN,NaN,-0.175208100466989,-0.421657916968494,-0.4311807751025,-0.543222009272237,-0.455795725836651,-0.487251562187642,-0.742034619897216,NaN,NaN,NaN,NaN,NaN,NaN,NaN,NaN,NaN
NaN,NaN,-0.164672383456491,-0.426491071348816,-0.435318902071837,-0.55656091410007,-0.466898152633803,-0.489007421890468,-0.738035669773429,NaN,NaN,NaN,NaN,NaN,NaN,NaN,NaN,NaN
NaN,NaN,-0.164472707896493,-0.424517338042885,-0.43930095800412,-0.56231032225575,-0.483345067157643,-0.489283354142875,-0.73208606451711,NaN,NaN,NaN,NaN,NaN,NaN,NaN,NaN,NaN
NaN,NaN,-0.157303498475812,-0.411285330420166,-0.444597687509182,-0.555210868895908,-0.497846504702466,-0.492941924492091,-0.723615816086143,NaN,NaN,NaN,NaN,NaN,NaN,NaN,NaN,NaN
NaN,NaN,-0.142139648436569,-0.398837664043337,-0.457301318582419,-0.559109143049379,-0.498942019446986,-0.49160262675044,-0.710635209679216,NaN,NaN,NaN,NaN,NaN,NaN,NaN,NaN,NaN
NaN,NaN,-0.132949338643812,-0.395926833962828,-0.467857599195365,-0.573420870185752,-0.499212196125882,-0.491722599724502,-0.705506546645969,NaN,NaN,NaN,NaN,NaN,NaN,NaN,NaN,NaN
NaN,NaN,-0.130434506922029,-0.397699792748123,-0.478083055403355,-0.579930423826833,-0.513036636664765,-0.479337648609847,-0.706063421666234,NaN,NaN,NaN,NaN,NaN,NaN,NaN,NaN,NaN
NaN,NaN,-0.131150023429655,-0.385129694705635,-0.482728473779086,-0.568991108865399,-0.5252990257286,-0.482333843717546,-0.705480115711301,NaN,NaN,NaN,NaN,NaN,NaN,NaN,NaN,NaN
NaN,NaN,-0.128480163752101,-0.366076064174801,-0.489952631231669,-0.558511252582927,-0.528325730963843,-0.480168276587695,-0.694501256793349,NaN,NaN,NaN,NaN,NaN,NaN,NaN,NaN,NaN
NaN,NaN,-0.118269347934984,-0.358829610859781,-0.497045136925105,-0.561890556544919,-0.521653326257365,-0.476773233274192,-0.681254236250728,NaN,NaN,NaN,NaN,NaN,NaN,NaN,NaN,NaN
NaN,NaN,-0.1182882724097,-0.357455127751261,-0.506732623961094,-0.564511987448592,-0.526684666081565,-0.477547404477567,-0.674426989852994,NaN,NaN,NaN,NaN,NaN,NaN,NaN,NaN,NaN
NaN,NaN,-0.125188683508895,-0.352137368982464,-0.508216369834069,-0.554824910194535,-0.543633991881507,-0.470949095795125,-0.677717613279431,NaN,NaN,NaN,NaN,NaN,NaN,NaN,NaN,NaN
NaN,NaN,-0.129653835087083,-0.332764238929182,-0.502889465477589,-0.546824756146331,-0.547693999513285,-0.47052903206107,-0.673870431482404,NaN,NaN,NaN,NaN,NaN,NaN,NaN,NaN,NaN
NaN,NaN,-0.129086827277206,-0.310777631467014,-0.500193361129883,-0.531007471562286,-0.545380426599877,-0.469735619733304,-0.668997565507501,NaN,NaN,NaN,NaN,NaN,NaN,NaN,NaN,NaN
NaN,NaN,-0.126665910123847,-0.304074660753637,-0.499581240054492,-0.527426349998374,-0.546083034976618,-0.46213038370964,-0.667896369695275,NaN,NaN,NaN,NaN,NaN,NaN,NaN,NaN,NaN
NaN,NaN,-0.13394697138574,-0.299332477962404,-0.497912645276908,-0.524682431549688,-0.556796485587256,-0.450129863927335,-0.668976797014087,NaN,NaN,NaN,NaN,NaN,NaN,NaN,NaN,NaN
NaN,NaN,-0.148174711852334,-0.280178599869638,-0.490960545774821,-0.518441117436547,-0.570262366934912,-0.437111445823878,-0.675328398346513,NaN,NaN,NaN,NaN,NaN,NaN,NaN,NaN,NaN
NaN,NaN,-0.153810424148105,-0.252380446409613,-0.482792846795443,-0.511603663743396,-0.571249457105296,-0.436979365656346,-0.683116639256089,NaN,NaN,NaN,NaN,NaN,NaN,NaN,NaN,NaN
NaN,NaN,-0.155009911744855,-0.229266920005709,-0.479999493744496,-0.497107888639827,-0.569647414638894,-0.43496025831458,-0.686876556127875,NaN,NaN,NaN,NaN,NaN,NaN,NaN,NaN,NaN
NaN,NaN,-0.148718380718492,-0.223938190256983,-0.477114573058013,-0.493756747872491,-0.577997541084187,-0.419745334545344,-0.690809047072738,NaN,NaN,NaN,NaN,NaN,NaN,NaN,NaN,NaN
NaN,NaN,-0.158587345271371,-0.210121833598047,-0.469554841455344,-0.494006342322488,-0.584391946002143,-0.417981353709668,-0.6949119141694,NaN,NaN,NaN,NaN,NaN,NaN,NaN,NaN,NaN
NaN,NaN,-0.172415548353456,-0.187050999020964,-0.460714671697739,-0.488164230317731,-0.591528484626906,-0.411777106234998,-0.701917508840173,NaN,NaN,NaN,NaN,NaN,NaN,NaN,NaN,NaN
NaN,NaN,-0.174337444244884,-0.169079695706993,-0.453106120165709,-0.479923236251731,-0.590495517506497,-0.419321620026797,-0.702879602312654,NaN,NaN,NaN,NaN,NaN,NaN,NaN,NaN,NaN
NaN,NaN,-0.16919384279754,-0.154303667014271,-0.446593772556904,-0.467399797470231,-0.597766594990389,-0.425205920944184,-0.701417798399537,NaN,NaN,NaN,NaN,NaN,NaN,NaN,NaN,NaN
NaN,NaN,-0.164404721348546,-0.150903277909189,-0.43693742894781,-0.471108715117831,-0.610630283161299,-0.425499660084218,-0.70561415165624,NaN,NaN,NaN,NaN,NaN,NaN,NaN,NaN,NaN
NaN,NaN,-0.178469480364583,-0.141316857998997,-0.422292269703272,-0.476683798313995,-0.617328951164382,-0.430395827749938,-0.698279297202438,NaN,NaN,NaN,NaN,NaN,NaN,NaN,NaN,NaN
NaN,NaN,-0.1888812383404,-0.127315298532873,-0.413744982268933,-0.469689267755408,-0.633999215468066,-0.429739450225801,-0.699686954021066,NaN,NaN,NaN,NaN,NaN,NaN,NaN,NaN,NaN
NaN,NaN,-0.184357655583881,-0.113600921695858,-0.401156313654307,-0.466781399280687,-0.636422367795603,-0.448442959347934,-0.699472768455356,NaN,NaN,NaN,NaN,NaN,NaN,NaN,NaN,NaN
NaN,NaN,-0.177179822116159,-0.105382130360037,-0.393883652922038,-0.464879955232997,-0.651462947978871,-0.454024301031798,-0.697389306723683,NaN,NaN,NaN,NaN,NaN,NaN,NaN,NaN,NaN
NaN,NaN,-0.176252355217002,-0.103932210122972,-0.380001936044816,-0.470493576557298,-0.662421224667924,-0.4511148493087,-0.692137578725427,NaN,NaN,NaN,NaN,NaN,NaN,NaN,NaN,NaN
NaN,NaN,-0.182885122834705,-0.0999119885915813,-0.364791557129744,-0.476711216450591,-0.666770463838475,-0.457529277662009,-0.683692662268489,NaN,NaN,NaN,NaN,NaN,NaN,NaN,NaN,NaN
NaN,NaN,-0.183289056061767,-0.0820691705400046,-0.354129962560061,-0.476447242380042,-0.672293541982071,-0.464757290790052,-0.682570250928014,NaN,NaN,NaN,NaN,NaN,NaN,NaN,NaN,NaN
NaN,NaN,-0.17685032018926,-0.0827350103015002,-0.343806475337866,-0.481554913402457,-0.671682762011187,-0.475531202862233,-0.678515477329105,NaN,NaN,NaN,NaN,NaN,NaN,NaN,NaN,NaN
NaN,NaN,-0.165080489008687,-0.0768029697889384,-0.34039517113221,-0.480957786620517,-0.685805859073298,-0.477799140969485,-0.676796498000234,NaN,NaN,NaN,NaN,NaN,NaN,NaN,NaN,NaN
NaN,NaN,-0.157131557702087,-0.0800864034050998,-0.328637801047686,-0.489477637291808,-0.683508714690106,-0.480584782669515,-0.67200100630483,NaN,NaN,NaN,NaN,NaN,NaN,NaN,NaN,NaN
NaN,NaN,-0.160197769640945,-0.0813362755531367,-0.318740896817568,-0.501584681750198,-0.68054649422993,-0.484215450594396,-0.663963524847835,NaN,NaN,NaN,NaN,NaN,NaN,NaN,NaN,NaN
NaN,NaN,-0.164648616104387,-0.0823807724470195,-0.309693880316142,-0.502165491760631,-0.677674910082715,-0.483805333385438,-0.661552405207961,NaN,NaN,NaN,NaN,NaN,NaN,NaN,NaN,NaN
NaN,NaN,-0.154869933961891,-0.0967696689719257,-0.293466273632172,-0.499877492965121,-0.680234128638403,-0.488460586527556,-0.660198075919955,NaN,NaN,NaN,NaN,NaN,NaN,NaN,NaN,NaN
NaN,NaN,-0.142631554394029,-0.0947868832105693,-0.288261521544579,-0.497355769456287,-0.679183000727789,-0.482914597848624,-0.652083629965394,NaN,NaN,NaN,NaN,NaN,NaN,NaN,NaN,NaN
NaN,NaN,-0.140640777884983,-0.105960649316936,-0.275840397861127,-0.500603980452676,-0.673353927239077,-0.475285557219953,-0.648626933097451,NaN,NaN,NaN,NaN,NaN,NaN,NaN,NaN,NaN
NaN,NaN,-0.1542397266021,-0.112380460714727,-0.26362854236019,-0.510947882265706,-0.661809420242207,-0.479256716678113,-0.637904579043,NaN,NaN,NaN,NaN,NaN,NaN,NaN,NaN,NaN
NaN,NaN,-0.158381169079803,-0.119618047838837,-0.248733751412753,-0.498720659942289,-0.662626525416272,-0.475102608213395,-0.62705467104873,NaN,NaN,NaN,NaN,NaN,NaN,NaN,NaN,NaN
NaN,NaN,-0.14537252986338,-0.133035314148098,-0.243135608669642,-0.495161498964687,-0.658131813659566,-0.477178898761243,-0.623468874245494,NaN,NaN,NaN,NaN,NaN,NaN,NaN,NaN,NaN
NaN,NaN,-0.142157865106128,-0.136101786857277,-0.238474376436595,-0.493885363520045,-0.655969468905823,-0.480175801674098,-0.616150690465778,NaN,NaN,NaN,NaN,NaN,NaN,NaN,NaN,NaN
NaN,NaN,-0.145684280782007,-0.148499441211849,-0.228021789279107,-0.499838265658279,-0.645201684936183,-0.480910503426761,-0.608507922142356,NaN,NaN,NaN,NaN,NaN,NaN,NaN,NaN,NaN
NaN,NaN,-0.154709075926803,-0.155053158169418,-0.216109223600749,-0.502550109357495,-0.6351573150896,-0.483967346260518,-0.587951211481898,NaN,NaN,NaN,NaN,NaN,NaN,NaN,NaN,NaN
NaN,NaN,-0.146875423728488,-0.164020807361036,-0.209603916790608,-0.487831506014724,-0.634797656937735,-0.483373423228234,-0.579727856665462,NaN,NaN,NaN,NaN,NaN,NaN,NaN,NaN,NaN
NaN,NaN,-0.131310453056358,-0.172802117531925,-0.208233326610449,-0.488675656796355,-0.627248821809189,-0.495005679438085,-0.576093854605764,NaN,NaN,NaN,NaN,NaN,NaN,NaN,NaN,NaN
NaN,NaN,-0.12847565615084,-0.177277886187464,-0.202294934477929,-0.486501521498819,-0.621682530298131,-0.497997422823876,-0.560378270446866,NaN,NaN,NaN,NaN,NaN,NaN,NaN,NaN,NaN
NaN,NaN,-0.125311618088745,-0.186530445581108,-0.193276435073737,-0.481303232789893,-0.610338890954154,-0.493014120618075,-0.553362617492288,NaN,NaN,NaN,NaN,NaN,NaN,NaN,NaN,NaN
NaN,NaN,-0.124068525969051,-0.203089677607447,-0.182929571654919,-0.47759252700295,-0.598765214934247,-0.502176919141978,-0.546335304379075,NaN,NaN,NaN,NaN,NaN,NaN,NaN,NaN,NaN
NaN,NaN,-0.115764779387973,-0.214176625823408,-0.184488102730635,-0.461157626540322,-0.599814908608096,-0.505354684898824,-0.548887500762551,NaN,NaN,NaN,NaN,NaN,NaN,NaN,NaN,NaN
NaN,NaN,-0.107059185742401,-0.222728663002878,-0.183090783592585,-0.455237488330264,-0.595277989312308,-0.522975941309899,-0.547858854978889,NaN,NaN,NaN,NaN,NaN,NaN,NaN,NaN,NaN
NaN,NaN,-0.106044249027036,-0.223333184486061,-0.175588738110188,-0.442344444871803,-0.586096135928528,-0.531153586814374,-0.534226807057469,NaN,NaN,NaN,NaN,NaN,NaN,NaN,NaN,NaN
NaN,NaN,-0.097610974102281,-0.230896566873222,-0.168011460390214,-0.4373473963448,-0.576103454484837,-0.537178480187625,-0.532840142249673,NaN,NaN,NaN,NaN,NaN,NaN,NaN,NaN,NaN
NaN,NaN,-0.0969358211150393,-0.245416407352119,-0.157040778484467,-0.433637025833984,-0.57356472502579,-0.549406801471681,-0.523146694749206,NaN,NaN,NaN,NaN,NaN,NaN,NaN,NaN,NaN
NaN,NaN,-0.0875117307296023,-0.236083865975767,-0.163575682726029,-0.41416564124908,-0.580958811595337,-0.561504718968839,-0.52196685805878,NaN,NaN,NaN,NaN,NaN,NaN,NaN,NaN,NaN
NaN,NaN,-0.0745849733939394,-0.229708348279625,-0.155421562429789,-0.405288423479457,-0.572191694780486,-0.585798584977359,-0.515797479301303,NaN,NaN,NaN,NaN,NaN,NaN,NaN,NaN,NaN
NaN,NaN,-0.0656829824438319,-0.225167312538057,-0.153741251614216,-0.404428626478572,-0.562960071518319,-0.587000177363128,-0.49963348194918,NaN,NaN,NaN,NaN,NaN,NaN,NaN,NaN,NaN
NaN,NaN,-0.0583915089955553,-0.230636448478132,-0.148804515537146,-0.406066543490548,-0.565018443419831,-0.585313086519212,-0.488076439350455,NaN,NaN,NaN,NaN,NaN,NaN,NaN,NaN,NaN
NaN,NaN,-0.05084779614117,-0.233030878817469,-0.14606709772003,-0.401437535018583,-0.563911901816027,-0.593979490110845,-0.481984416246026,NaN,NaN,NaN,NaN,NaN,NaN,NaN,NaN,NaN
NaN,NaN,-0.0395034489920363,-0.216656793718964,-0.152523137565974,-0.387731335193773,-0.568663416459458,-0.605906025627822,-0.481929244696706,NaN,NaN,NaN,NaN,NaN,NaN,NaN,NaN,NaN
NaN,NaN,-0.0238800657680258,-0.209675618326097,-0.149036638375643,-0.385290878892799,-0.554723361536162,-0.608376731286019,-0.475602807700246,NaN,NaN,NaN,NaN,NaN,NaN,NaN,NaN,NaN
NaN,NaN,-0.0135583294322714,-0.205741227483183,-0.158533818956736,-0.383592202396054,-0.552100366010563,-0.607616194645137,-0.456739055215924,NaN,NaN,NaN,NaN,NaN,NaN,NaN,NaN,NaN
NaN,NaN,0.000445930869318538,-0.205214862590462,-0.161579672184113,-0.381338401765485,-0.548695841833251,-0.605032202908963,-0.450207168459504,NaN,NaN,NaN,NaN,NaN,NaN,NaN,NaN,NaN
NaN,NaN,0.00493278226349502,-0.195397102152735,-0.167242746737126,-0.373477648080249,-0.544275673135417,-0.62197959155795,-0.446211589723437,NaN,NaN,NaN,NaN,NaN,NaN,NaN,NaN,NaN
NaN,NaN,0.0105241822311655,-0.177887790715128,-0.179196290608767,-0.360370158285756,-0.540359070553677,-0.632605870375604,-0.44822328373751,NaN,NaN,NaN,NaN,NaN,NaN,NaN,NaN,NaN
NaN,NaN,0.0231320919701829,-0.176041704481274,-0.187171410706166,-0.359640597433706,-0.536453178181546,-0.641256553242177,-0.439822139441579,NaN,NaN,NaN,NaN,NaN,NaN,NaN,NaN,NaN
NaN,NaN,0.0305492753395811,-0.175515861129194,-0.201196364995364,-0.358102201552053,-0.53497015874018,-0.648630877146691,-0.422723019718736,NaN,NaN,NaN,NaN,NaN,NaN,NaN,NaN,NaN
NaN,NaN,0.0332129882881418,-0.167975836312204,-0.208142410900715,-0.355457673848529,-0.537714486970799,-0.650956333736152,-0.41219594538173,NaN,NaN,NaN,NaN,NaN,NaN,NaN,NaN,NaN
NaN,NaN,0.0286378661403432,-0.158184991096884,-0.215771134879712,-0.349664940566678,-0.536388432636159,-0.671096705952853,-0.40674321934542,NaN,NaN,NaN,NaN,NaN,NaN,NaN,NaN,NaN
NaN,NaN,0.0267972188303247,-0.14737635931912,-0.222172263946656,-0.3396886504003,-0.542504278972046,-0.67661428929326,-0.403751531838983,NaN,NaN,NaN,NaN,NaN,NaN,NaN,NaN,NaN
NaN,NaN,0.0333843330154195,-0.149641689723164,-0.232431918319586,-0.334469015777965,-0.543174924358027,-0.678482876280517,-0.391628878414243,NaN,NaN,NaN,NaN,NaN,NaN,NaN,NaN,NaN
NaN,NaN,0.0337232226738706,-0.143834427809149,-0.241299804237012,-0.333087100715299,-0.534654067858355,-0.677190982857913,-0.376844803094476,NaN,NaN,NaN,NaN,NaN,NaN,NaN,NaN,NaN
NaN,NaN,0.0284889104077592,-0.133392960643202,-0.252968270268563,-0.330804280073304,-0.541354598506587,-0.677254871586532,-0.372867794930547,NaN,NaN,NaN,NaN,NaN,NaN,NaN,NaN,NaN
NaN,NaN,0.0151224384317174,-0.121848770296007,-0.256014663663033,-0.327960393459459,-0.536774782493012,-0.687849429557294,-0.375693651139348,NaN,NaN,NaN,NaN,NaN,NaN,NaN,NaN,NaN
NaN,NaN,0.0080298768589273,-0.109734238004118,-0.266620472010497,-0.312060854465623,-0.54002034853329,-0.685004946897,-0.372845480441659,NaN,NaN,NaN,NaN,NaN,NaN,NaN,NaN,NaN
NaN,NaN,0.0141824731836095,-0.107415635948807,-0.270062304970149,-0.30566784653153,-0.523587105824845,-0.687371791461677,-0.368828928321212,NaN,NaN,NaN,NaN,NaN,NaN,NaN,NaN,NaN
NaN,NaN,0.0142902644583955,-0.0970246092135009,-0.274256125029448,-0.296442202360292,-0.513251157506602,-0.679960922459334,-0.359258266388982,NaN,NaN,NaN,NaN,NaN,NaN,NaN,NaN,NaN
NaN,NaN,-0.0041488049319014,-0.0829509653801021,-0.277957014676455,-0.284005078555007,-0.514413652970688,-0.682275277683705,-0.362157510816663,NaN,NaN,NaN,NaN,NaN,NaN,NaN,NaN,NaN
NaN,NaN,-0.0143931297352538,-0.0742678911143836,-0.276204042073611,-0.271191663176675,-0.505939735128777,-0.689572581211299,-0.361624496280759,NaN,NaN,NaN,NaN,NaN,NaN,NaN,NaN,NaN
NaN,NaN,-0.0163587419083342,-0.0699067868942317,-0.276680655714396,-0.251277304322381,-0.503662316157715,-0.699598380485744,-0.36449466481766,NaN,NaN,NaN,NaN,NaN,NaN,NaN,NaN,NaN
NaN,NaN,-0.00289405265357346,-0.0665969037169513,-0.267914637860182,-0.24279327231731,-0.487039996340172,-0.699039829084844,-0.367505239545911,NaN,NaN,NaN,NaN,NaN,NaN,NaN,NaN,NaN
NaN,NaN,-0.0139788588276133,-0.0469457925015983,-0.260030824627999,-0.230478393913169,-0.482625639095204,-0.701102689961166,-0.363601824491828,NaN,NaN,NaN,NaN,NaN,NaN,NaN,NaN,NaN
NaN,NaN,-0.028422070085071,-0.0358337358290252,-0.252269145038251,-0.213106825084348,-0.485021242900984,-0.703255255827874,-0.367420470565169,NaN,NaN,NaN,NaN,NaN,NaN,NaN,NaN,NaN
NaN,NaN,-0.0335735132684931,-0.0293429203981456,-0.240460533585671,-0.205680123598237,-0.482874022825854,-0.709686075458497,-0.374431988447517,NaN,NaN,NaN,NaN,NaN,NaN,NaN,NaN,NaN
NaN,NaN,-0.0279538756003603,-0.0177421801442203,-0.232324238803509,-0.191669828326364,-0.474766692175763,-0.719408449838132,-0.384279607086986,NaN,NaN,NaN,NaN,NaN,NaN,NaN,NaN,NaN
NaN,NaN,-0.0193728184094653,0.00396698632296952,-0.217425852950934,-0.190813737989326,-0.465942354901927,-0.71427947015521,-0.390155749618619,NaN,NaN,NaN,NaN,NaN,NaN,NaN,NaN,NaN
NaN,NaN,-0.022187871276401,0.0278621903901997,-0.204349283065919,-0.181619069606919,-0.462972031935351,-0.720200185785264,-0.388105610608666,NaN,NaN,NaN,NaN,NaN,NaN,NaN,NaN,NaN
NaN,NaN,-0.0303584759822115,0.0360015399104062,-0.194432560291413,-0.174217383445163,-0.469173112913268,-0.714996961066693,-0.401410652547687,NaN,NaN,NaN,NaN,NaN,NaN,NaN,NaN,NaN
NaN,NaN,-0.0257392650237307,0.0424330300932828,-0.184039652284506,-0.177738080800433,-0.466414777591126,-0.72303084761855,-0.416100776046126,NaN,NaN,NaN,NaN,NaN,NaN,NaN,NaN,NaN
NaN,NaN,-0.0135632281890139,0.0574060893898908,-0.174618970539692,-0.171805872649808,-0.456105651363032,-0.731527918139667,-0.434266986548513,NaN,NaN,NaN,NaN,NaN,NaN,NaN,NaN,NaN
NaN,NaN,0.000467779696919024,0.0755612916594449,-0.167443185981635,-0.171538601697345,-0.457516828580992,-0.727320389012069,-0.446049278825133,NaN,NaN,NaN,NaN,NaN,NaN,NaN,NaN,NaN
NaN,NaN,-0.00132987776305526,0.0819307930117551,-0.154777701881054,-0.165181039900441,-0.451483944460051,-0.730047469148606,-0.447658287584394,NaN,NaN,NaN,NaN,NaN,NaN,NaN,NaN,NaN
NaN,NaN,-0.00803383567836136,0.0773293889409009,-0.149016633566741,-0.165664172799249,-0.461775263800519,-0.729699340770215,-0.461523911207526,NaN,NaN,NaN,NaN,NaN,NaN,NaN,NaN,NaN
NaN,NaN,0.000379061908461154,0.0747225984281007,-0.136735133763674,-0.17380070972528,-0.453091053321259,-0.743453932116002,-0.481039291470855,NaN,NaN,NaN,NaN,NaN,NaN,NaN,NaN,NaN
NaN,NaN,0.0117803501198068,0.0849335632568303,-0.129439972278002,-0.173719610155482,-0.445401197328465,-0.747000035951108,-0.496453276127189,NaN,NaN,NaN,NaN,NaN,NaN,NaN,NaN,NaN
NaN,NaN,0.0183219412574545,0.088862887704939,-0.117348220136288,-0.175778764367957,-0.446714529796736,-0.741435830602616,-0.497528450786679,NaN,NaN,NaN,NaN,NaN,NaN,NaN,NaN,NaN
NaN,NaN,0.00838446861598641,0.0829481139129105,-0.0976176298524176,-0.179414759457965,-0.448343729629414,-0.74344528944251,-0.499830605685323,NaN,NaN,NaN,NaN,NaN,NaN,NaN,NaN,NaN
NaN,NaN,-0.00217928120400757,0.0754188365584317,-0.09498865523589,-0.189850191653629,-0.459969485207694,-0.741853156248302,-0.517261443882793,NaN,NaN,NaN,NaN,NaN,NaN,NaN,NaN,NaN
NaN,NaN,0.00127065426204354,0.0695722914582196,-0.0893625169361864,-0.202703598023315,-0.441773491009371,-0.739114564964742,-0.52873202249369,NaN,NaN,NaN,NaN,NaN,NaN,NaN,NaN,NaN
NaN,NaN,0.00854333362076432,0.0746300808435384,-0.0865529029930864,-0.208889200420041,-0.438141780003207,-0.730172713408441,-0.535983169674485,NaN,NaN,NaN,NaN,NaN,NaN,NaN,NaN,NaN
NaN,NaN,0.00850965699646622,0.0696866578703824,-0.0711527019108568,-0.215381785363813,-0.440613063081401,-0.718123168805808,-0.538468236326783,NaN,NaN,NaN,NaN,NaN,NaN,NaN,NaN,NaN
NaN,NaN,0.00522268435452133,0.0576556838398877,-0.059275824513558,-0.224593534202237,-0.441576683922904,-0.71670677618143,-0.544070029854386,NaN,NaN,NaN,NaN,NaN,NaN,NaN,NaN,NaN
NaN,NaN,-0.00271104776766151,0.0538569121902886,-0.0655518024529253,-0.230834121883769,-0.432325894042151,-0.704356488893003,-0.556246923505872,NaN,NaN,NaN,NaN,NaN,NaN,NaN,NaN,NaN
NaN,NaN,0.00493371358606964,0.0455639875775281,-0.0605455710853372,-0.23945706996407,-0.409734858229058,-0.693748836526841,-0.572445510178416,NaN,NaN,NaN,NaN,NaN,NaN,NaN,NaN,NaN
NaN,NaN,0.00872365629766136,0.0455988749211732,-0.0497309043372904,-0.24405430170979,-0.405117472662823,-0.688162353942365,-0.580221643894523,NaN,NaN,NaN,NaN,NaN,NaN,NaN,NaN,NaN
NaN,NaN,0.00982321298215538,0.0278018406873647,-0.039120867785338,-0.23978295835938,-0.408069485827582,-0.677640476385326,-0.583931455611795,NaN,NaN,NaN,NaN,NaN,NaN,NaN,NaN,NaN
NaN,NaN,0.00547924509737641,0.0181840165799561,-0.0362673699225221,-0.24367972377028,-0.395226398512023,-0.673483424941272,-0.594090638905376,NaN,NaN,NaN,NaN,NaN,NaN,NaN,NaN,NaN
NaN,NaN,-0.000270945369265974,0.0093485406881276,-0.0383866316939626,-0.243011034161706,-0.372280975832837,-0.659072996238441,-0.609350992589801,NaN,NaN,NaN,NaN,NaN,NaN,NaN,NaN,NaN
NaN,NaN,0.00357252976391464,-0.00157419673147766,-0.0222425832713877,-0.246711774797101,-0.352170908852713,-0.649761558631629,-0.62385999247393,NaN,NaN,NaN,NaN,NaN,NaN,NaN,NaN,NaN
NaN,NaN,0.00430752953980118,-0.0125582338029441,-0.0138294621671472,-0.238377294571061,-0.351646816387074,-0.645451192865342,-0.628756607174485,NaN,NaN,NaN,NaN,NaN,NaN,NaN,NaN,NaN
NaN,NaN,0.000403145910240709,-0.0219792135709819,-0.00741088011515482,-0.227411530048509,-0.350180057837861,-0.630808157036275,-0.64113295286855,NaN,NaN,NaN,NaN,NaN,NaN,NaN,NaN,NaN
NaN,NaN,0.000968793989159167,-0.026302301203638,-0.00542747968089922,-0.231959029168744,-0.330585701420205,-0.622465257654161,-0.649284912496417,NaN,NaN,NaN,NaN,NaN,NaN,NaN,NaN,NaN
NaN,NaN,-0.0055252251913771,-0.0314935491138992,0.00568558282005445,-0.227417490512986,-0.313262840762036,-0.604715404221982,-0.668649791031688,NaN,NaN,NaN,NaN,NaN,NaN,NaN,NaN,NaN
NaN,NaN,0.000942716957069935,-0.038246643608242,0.017111383441564,-0.225799094022174,-0.306771801813738,-0.598347691009015,-0.686206916570275,NaN,NaN,NaN,NaN,NaN,NaN,NaN,NaN,NaN
NaN,NaN,-0.000968804000876842,-0.0409328200573024,0.0291978456710543,-0.21164500254478,-0.302576230867999,-0.593192671546907,-0.691287504732221,NaN,NaN,NaN,NaN,NaN,NaN,NaN,NaN,NaN
NaN,NaN,0.00810965395066887,-0.0377014473730621,0.0265541375313963,-0.203558570773263,-0.296589950128691,-0.580884312400788,-0.702552652209609,NaN,NaN,NaN,NaN,NaN,NaN,NaN,NaN,NaN
NaN,NaN,0.0123279305407777,-0.042977892672449,0.0315190740560259,-0.211787867427726,-0.275791989668505,-0.57640817121622,-0.718540685474485,NaN,NaN,NaN,NaN,NaN,NaN,NaN,NaN,NaN
NaN,NaN,0.0133197890827432,-0.0424369805211124,0.0394221097861494,-0.20594389277782,-0.266992108925479,-0.566420705178947,-0.745574074089139,NaN,NaN,NaN,NaN,NaN,NaN,NaN,NaN,NaN
NaN,NaN,0.0193570131668821,-0.0467288688475188,0.0493309163187708,-0.20077387902226,-0.264439037098782,-0.566622001240224,-0.764726182669013,NaN,NaN,NaN,NaN,NaN,NaN,NaN,NaN,NaN
NaN,NaN,0.0288119117030874,-0.0446078003102836,0.0503793247674669,-0.192301488549371,-0.259935906186001,-0.564987902650804,-0.771771563440173,NaN,NaN,NaN,NaN,NaN,NaN,NaN,NaN,NaN
NaN,NaN,0.0370394947240129,-0.0371193707639274,0.0393292755519117,-0.18834442931499,-0.254094800009625,-0.56180242554304,-0.792400675117581,NaN,NaN,NaN,NaN,NaN,NaN,NaN,NaN,NaN
NaN,NaN,0.0412483463296667,-0.0439159393960532,0.0435984023545946,-0.195979821563621,-0.239317039056914,-0.56066371605751,-0.812315443753808,NaN,NaN,NaN,NaN,NaN,NaN,NaN,NaN,NaN
NaN,NaN,0.0388776088366285,-0.04069164476338,0.0424832367037501,-0.188760898143907,-0.248046176537173,-0.557349735060901,-0.833557272553056,NaN,NaN,NaN,NaN,NaN,NaN,NaN,NaN,NaN
NaN,NaN,0.0491523878881708,-0.0428418078178462,0.0458979122971262,-0.180728874237199,-0.250000780477421,-0.558757857540816,-0.844181502461045,NaN,NaN,NaN,NaN,NaN,NaN,NaN,NaN,NaN
NaN,NaN,0.0563509339699522,-0.0363410644883212,0.0383480154608454,-0.173231988281865,-0.247636692627566,-0.564664137670964,-0.849478995650619,NaN,NaN,NaN,NaN,NaN,NaN,NaN,NaN,NaN
NaN,NaN,0.0651946427533403,-0.0266141266280708,0.0255135335658755,-0.168547361225743,-0.24927095885505,-0.56616999314186,-0.869447278081983,NaN,NaN,NaN,NaN,NaN,NaN,NaN,NaN,NaN
NaN,NaN,0.0667464869329706,-0.029520002072483,0.0274177157019343,-0.175863626480956,-0.251392865582602,-0.563950874963969,-0.876303376853078,NaN,NaN,NaN,NaN,NaN,NaN,NaN,NaN,NaN
NaN,NaN,0.0671213256428018,-0.0225803636664447,0.0251931772266592,-0.171359731883664,-0.26189499910106,-0.561148320445985,-0.885648993998378,NaN,NaN,NaN,NaN,NaN,NaN,NaN,NaN,NaN
NaN,NaN,0.0774513134965673,-0.0166825399452743,0.0227148906027045,-0.163498959571977,-0.258443610771792,-0.566788931498498,-0.892156163453668,NaN,NaN,NaN,NaN,NaN,NaN,NaN,NaN,NaN
NaN,NaN,0.0873192349681631,-0.00524388707223504,0.00164822495329039,-0.158129698664804,-0.25306911583175,-0.575679634819001,-0.89491226360163,NaN,NaN,NaN,NaN,NaN,NaN,NaN,NaN,NaN
NaN,NaN,0.0951434249291196,-0.000156686520009924,-0.00943747529042108,-0.156908902407546,-0.255194282188313,-0.559840464154452,-0.901053851693481,NaN,NaN,NaN,NaN,NaN,NaN,NaN,NaN,NaN
NaN,NaN,0.100499088526703,-0.00807430676165192,-0.00974203639877184,-0.161297722787519,-0.254711559071438,-0.547938217530221,-0.897576553970187,NaN,NaN,NaN,NaN,NaN,NaN,NaN,NaN,NaN
NaN,NaN,0.0980154561111704,-0.00173922709169953,-0.0122133567298685,-0.152735515565534,-0.252196149929659,-0.539442618498773,-0.90391301199755,NaN,NaN,NaN,NaN,NaN,NaN,NaN,NaN,NaN
NaN,NaN,0.107497791410424,0.00634103932437332,-0.0275101810063158,-0.13574772614326,-0.241717522992985,-0.539838058063954,-0.910713883339971,NaN,NaN,NaN,NaN,NaN,NaN,NaN,NaN,NaN
NaN,NaN,0.116115077049471,0.0136823571568433,-0.0383485219742094,-0.127322460592647,-0.234874257846968,-0.535493848035306,-0.913140816837161,NaN,NaN,NaN,NaN,NaN,NaN,NaN,NaN,NaN
NaN,NaN,0.116696166456677,0.0161572910195294,-0.0458295568193231,-0.115887253613134,-0.237001510366099,-0.514410567591161,-0.920733517258971,NaN,NaN,NaN,NaN,NaN,NaN,NaN,NaN,NaN
NaN,NaN,0.110650523216464,0.00600594946202667,-0.0442831329370771,-0.114845718325038,-0.226270867540734,-0.508317166129321,-0.920948168485969,NaN,NaN,NaN,NaN,NaN,NaN,NaN,NaN,NaN
NaN,NaN,0.100239938707091,0.016866716677517,-0.0522181689108644,-0.103856205076833,-0.218657994671958,-0.506251846561402,-0.925061596780627,NaN,NaN,NaN,NaN,NaN,NaN,NaN,NaN,NaN
NaN,NaN,0.111524364561774,0.0322698234861794,-0.0585495791698728,-0.081773149848838,-0.209865061595337,-0.506993067572087,-0.934898710101455,NaN,NaN,NaN,NaN,NaN,NaN,NaN,NaN,NaN
NaN,NaN,0.114268357516266,0.0386792226975861,-0.0562841183806692,-0.0686766496607258,-0.203885169728892,-0.502270703325242,-0.933164680599778,NaN,NaN,NaN,NaN,NaN,NaN,NaN,NaN,NaN
NaN,NaN,0.105583513737656,0.0390687949305478,-0.056957799878243,-0.0537568992682888,-0.205386629357235,-0.485580303827495,-0.934484234302848,NaN,NaN,NaN,NaN,NaN,NaN,NaN,NaN,NaN
NaN,NaN,0.0916860575089231,0.0362102865522805,-0.0520681700969969,-0.0548737785526706,-0.193594465061324,-0.484914147416324,-0.934227375536769,NaN,NaN,NaN,NaN,NaN,NaN,NaN,NaN,NaN
NaN,NaN,0.0876636939356104,0.0575571685379449,-0.0535717345143591,-0.0445703333922817,-0.188305093004601,-0.486367532173366,-0.94068026751241,NaN,NaN,NaN,NaN,NaN,NaN,NaN,NaN,NaN
NaN,NaN,0.1011986421654,0.0738305962925854,-0.0493899657691751,-0.0233165091582729,-0.1869321000122,-0.48529042036292,-0.953534493445962,NaN,NaN,NaN,NaN,NaN,NaN,NaN,NaN,NaN
NaN,NaN,0.0993534686276689,0.0734467237537804,-0.0422217808033262,-0.0153082153507664,-0.182000095053809,-0.480199196497172,-0.94777893856129,NaN,NaN,NaN,NaN,NaN,NaN,NaN,NaN,NaN
NaN,NaN,0.0890690969536081,0.0769159562235776,-0.0438620820010935,-0.00563102874245185,-0.187017409160035,-0.464967751065463,-0.956933913975566,NaN,NaN,NaN,NaN,NaN,NaN,NaN,NaN,NaN
NaN,NaN,0.0823359513888136,0.0865252121632996,-0.0353569089735781,-0.0103410250255062,-0.17258896867861,-0.464608335057468,-0.969852382540315,NaN,NaN,NaN,NaN,NaN,NaN,NaN,NaN,NaN
NaN,NaN,0.0844270872185007,0.102935749227375,-0.0390400103594099,0.00107915040765268,-0.17470409537782,-0.466352106193275,-0.981526026725381,NaN,NaN,NaN,NaN,NaN,NaN,NaN,NaN,NaN
NaN,NaN,0.0952405059942976,0.11071523570475,-0.033106908139113,0.0220251911572025,-0.171428931906121,-0.465076976577014,-0.992799146324008,NaN,NaN,NaN,NaN,NaN,NaN,NaN,NaN,NaN
NaN,NaN,0.0929088654229417,0.106804221058458,-0.0284319109584127,0.02804654550467,-0.172047236963408,-0.468866025218934,-0.988633880614846,NaN,NaN,NaN,NaN,NaN,NaN,NaN,NaN,NaN
NaN,NaN,0.0860784152755514,0.123733150894016,-0.0180914364124571,0.0330172189763592,-0.17338629256119,-0.463457648763627,-1.00320889264306,NaN,NaN,NaN,NaN,NaN,NaN,NaN,NaN,NaN
NaN,NaN,0.0869875909993425,0.132123305583567,-0.00921641656411036,0.0285302185705708,-0.165132651134627,-0.470679962197513,-1.01273753330073,NaN,NaN,NaN,NaN,NaN,NaN,NaN,NaN,NaN
NaN,NaN,0.0875650482485071,0.143498926544756,-0.0092371478046213,0.03921572950397,-0.166023368044989,-0.476206728378505,-1.01493087246975,NaN,NaN,NaN,NaN,NaN,NaN,NaN,NaN,NaN
NaN,NaN,0.0960716182598844,0.148221234912247,0.0001874641214575,0.049669080345969,-0.175967080547707,-0.472535585174531,-1.02064671575984,NaN,NaN,NaN,NaN,NaN,NaN,NaN,NaN,NaN
NaN,NaN,0.0947084600338712,0.151582769239515,0.0182190985118117,0.0474310376933621,-0.18181749994983,-0.476691593537301,-1.01139743462166,NaN,NaN,NaN,NaN,NaN,NaN,NaN,NaN,NaN
NaN,NaN,0.0918722661444917,0.167003925079674,0.0307781696950163,0.043640703826289,-0.182533780141966,-0.468499270389051,-1.0136739408966,NaN,NaN,NaN,NaN,NaN,NaN,NaN,NaN,NaN
NaN,NaN,0.0922479057917371,0.169710050458283,0.0330799520646299,0.0338240237227486,-0.179179994418519,-0.465945099601716,-1.01025855749807,NaN,NaN,NaN,NaN,NaN,NaN,NaN,NaN,NaN
NaN,NaN,0.0954468870768324,0.175612903321356,0.0361754261587824,0.0344393671742485,-0.182960437639849,-0.459165928075284,-1.00349443614444,NaN,NaN,NaN,NaN,NaN,NaN,NaN,NaN,NaN
NaN,NaN,0.10880581534002,0.179718545759291,0.0469209515188898,0.0373362646690415,-0.19559546749224,-0.451508239964217,-1.000069031715,NaN,NaN,NaN,NaN,NaN,NaN,NaN,NaN,NaN
NaN,NaN,0.108099351287819,0.181417203629583,0.0597021803890432,0.0250477799466656,-0.186749151005642,-0.452567433128327,-0.985190967321008,NaN,NaN,NaN,NaN,NaN,NaN,NaN,NaN,NaN
NaN,NaN,0.102930175722577,0.192193276370138,0.0587557517622675,0.0124634512952374,-0.183488944574492,-0.439117943057984,-0.985407350807994,NaN,NaN,NaN,NaN,NaN,NaN,NaN,NaN,NaN
NaN,NaN,0.107388752163388,0.187532677436442,0.0560312420760359,0.00335913982902034,-0.175511384411948,-0.42955521599409,-0.980722537487357,NaN,NaN,NaN,NaN,NaN,NaN,NaN,NaN,NaN
NaN,NaN,0.114493029774167,0.186482406342596,0.0613830499981608,0.00388606351528628,-0.172702739044325,-0.425995906004876,-0.968315979688972,NaN,NaN,NaN,NaN,NaN,NaN,NaN,NaN,NaN
NaN,NaN,0.12088266632054,0.180537308687538,0.0664020218585696,0.00759283912096484,-0.178275009646313,-0.415093322405786,-0.962162954955905,NaN,NaN,NaN,NaN,NaN,NaN,NaN,NaN,NaN
NaN,NaN,0.114640011102892,0.175914931232304,0.0758045428131785,-0.00515035453524129,-0.164386326476233,-0.415878520468444,-0.949835391938298,NaN,NaN,NaN,NaN,NaN,NaN,NaN,NaN,NaN
NaN,NaN,0.110056674689986,0.175071041220993,0.0724781938527788,-0.0102366610177948,-0.164144815906184,-0.408214313099355,-0.943314830064386,NaN,NaN,NaN,NaN,NaN,NaN,NaN,NaN,NaN
NaN,NaN,0.112630421877839,0.16096776270327,0.0803527869914736,-0.0142468056389286,-0.154565008386271,-0.395878479937285,-0.932947440296024,NaN,NaN,NaN,NaN,NaN,NaN,NaN,NaN,NaN
NaN,NaN,0.108007914037444,0.148145797783703,0.0886473507319655,-0.0153806722470714,-0.157689837767975,-0.38916804001686,-0.921113701760381,NaN,NaN,NaN,NaN,NaN,NaN,NaN,NaN,NaN
NaN,NaN,0.102832778007723,0.142829752648443,0.0915877223645415,-0.0132049164482548,-0.15899123068084,-0.378026330033511,-0.91622951090297,NaN,NaN,NaN,NaN,NaN,NaN,NaN,NaN,NaN
NaN,NaN,0.0989807533333078,0.139351598108381,0.0996110849713053,-0.0268737888642742,-0.149603368743556,-0.380896535823316,-0.904222322851031,NaN,NaN,NaN,NaN,NaN,NaN,NaN,NaN,NaN
NaN,NaN,0.0945278207072988,0.135378296608299,0.0982646719251837,-0.0319333850153877,-0.143630052014487,-0.36338636756894,-0.896132985353082,NaN,NaN,NaN,NaN,NaN,NaN,NaN,NaN,NaN
NaN,NaN,0.0885740803787485,0.11785272427854,0.110763114008781,-0.0344876675614311,-0.138490585639374,-0.339682215014667,-0.894034808724731,NaN,NaN,NaN,NaN,NaN,NaN,NaN,NaN,NaN
NaN,NaN,0.0832706826040521,0.109941511536211,0.111009262565252,-0.0339613958009674,-0.132259124919074,-0.342390035400361,-0.886423016190141,NaN,NaN,NaN,NaN,NaN,NaN,NaN,NaN,NaN
NaN,NaN,0.0827833215007558,0.110816973382801,0.108243756059286,-0.0309595941313698,-0.127973364695208,-0.332812034646243,-0.888930453210681,NaN,NaN,NaN,NaN,NaN,NaN,NaN,NaN,NaN
NaN,NaN,0.086055020452477,0.104398689354033,0.109871391270038,-0.0430965340444042,-0.109910139843123,-0.330151339182824,-0.882920963912814,NaN,NaN,NaN,NaN,NaN,NaN,NaN,NaN,NaN
NaN,NaN,0.0773989917943254,0.0897295019870702,0.106504585656997,-0.0452300077983333,-0.101477237447398,-0.308677573809594,-0.881915377676099,NaN,NaN,NaN,NaN,NaN,NaN,NaN,NaN,NaN
NaN,NaN,0.0721456060418859,0.0777152917629186,0.109815716806528,-0.0433917819270088,-0.100068928702967,-0.302237291941613,-0.885035643577188,NaN,NaN,NaN,NaN,NaN,NaN,NaN,NaN,NaN
NaN,NaN,0.0715970942983404,0.0707465774661008,0.111285306576368,-0.0354550695725872,-0.0888141747855116,-0.312162173101872,-0.884303884803861,NaN,NaN,NaN,NaN,NaN,NaN,NaN,NaN,NaN
NaN,NaN,0.0724822232732549,0.0717153392082158,0.113354686710712,-0.030625901252885,-0.0857958142005373,-0.30146189139244,-0.882155621647447,NaN,NaN,NaN,NaN,NaN,NaN,NaN,NaN,NaN
NaN,NaN,0.0779168071458116,0.058457831973404,0.118119090858575,-0.0412945179947807,-0.0661297273181845,-0.294277166137666,-0.876180442273229,NaN,NaN,NaN,NaN,NaN,NaN,NaN,NaN,NaN
NaN,NaN,0.0692097233841196,0.0472011595314446,0.120433874491331,-0.0359966895290806,-0.0694402624212671,-0.281859786370963,-0.875057509392112,NaN,NaN,NaN,NaN,NaN,NaN,NaN,NaN,NaN
NaN,NaN,0.0666077198693529,0.0434919624870721,0.125701379094001,-0.0281206249007179,-0.0651771333359648,-0.283684582570762,-0.877083676158994,NaN,NaN,NaN,NaN,NaN,NaN,NaN,NaN,NaN
NaN,NaN,0.0650523366639391,0.0459907195812169,0.132497686955806,-0.0201629205354645,-0.0617293585382868,-0.289835241744489,-0.871338384449094,NaN,NaN,NaN,NaN,NaN,NaN,NaN,NaN,NaN
NaN,NaN,0.0686679544160143,0.0509287595098916,0.130385149333354,-0.0207110597499801,-0.0583847742818762,-0.280842018434972,-0.87019127443394,NaN,NaN,NaN,NaN,NaN,NaN,NaN,NaN,NaN
NaN,NaN,0.0776878880569711,0.0429615556543771,0.129518050763484,-0.0336815706201984,-0.053797936096089,-0.272462033787936,-0.870340714454263,NaN,NaN,NaN,NaN,NaN,NaN,NaN,NaN,NaN
NaN,NaN,0.0694217855343595,0.0454820498174134,0.128280490699884,-0.0294887563892795,-0.0581144299649168,-0.270983205298156,-0.862571323513597,NaN,NaN,NaN,NaN,NaN,NaN,NaN,NaN,NaN
NaN,NaN,0.0721990267047659,0.0487420513575974,0.127019833836433,-0.0238258681007816,-0.0633980464481283,-0.271817577192754,-0.86492153465709,NaN,NaN,NaN,NaN,NaN,NaN,NaN,NaN,NaN
NaN,NaN,0.0789350966224447,0.0557745612507764,0.128699567232009,-0.0222618422218754,-0.0568076912604738,-0.279703942248792,-0.857605418413489,NaN,NaN,NaN,NaN,NaN,NaN,NaN,NaN,NaN
NaN,NaN,0.0913758712122217,0.0586108482724133,0.116389624837514,-0.0214714846321537,-0.0538178850256372,-0.264103823462695,-0.852167966067403,NaN,NaN,NaN,NaN,NaN,NaN,NaN,NaN,NaN
NaN,NaN,0.100025660009123,0.0518245241886083,0.117574285778877,-0.0314393928953602,-0.0534875821613241,-0.263866969505519,-0.841798061728089,NaN,NaN,NaN,NaN,NaN,NaN,NaN,NaN,NaN
NaN,NaN,0.094562633545138,0.0540609277134839,0.110159281704303,-0.0235704249450161,-0.055344397231238,-0.261578132519692,-0.83702784612736,NaN,NaN,NaN,NaN,NaN,NaN,NaN,NaN,NaN
NaN,NaN,0.101718990714289,0.0536861821359101,0.105160426411506,-0.0201450950213863,-0.0604421403550077,-0.26051566110012,-0.842733090966552,NaN,NaN,NaN,NaN,NaN,NaN,NaN,NaN,NaN
NaN,NaN,0.108315008343197,0.0554300464039746,0.0967166834210123,-0.0186779266902401,-0.0543258283578325,-0.267000404307813,-0.825092016011089,NaN,NaN,NaN,NaN,NaN,NaN,NaN,NaN,NaN
NaN,NaN,0.110063324333169,0.0553695476895276,0.0830440484617914,-0.0181266023525192,-0.0630724747024942,-0.259594955602855,-0.815223554372399,NaN,NaN,NaN,NaN,NaN,NaN,NaN,NaN,NaN
NaN,NaN,0.106860543251969,0.0448353207951489,0.0762462318574156,-0.0259387968787147,-0.0647758264385629,-0.252484177360505,-0.808187077045053,NaN,NaN,NaN,NaN,NaN,NaN,NaN,NaN,NaN
NaN,NaN,0.0954094106564298,0.0406232654398385,0.0697560497258867,-0.0199804185637428,-0.0690545272373129,-0.246175938407153,-0.797802495061963,NaN,NaN,NaN,NaN,NaN,NaN,NaN,NaN,NaN
NaN,NaN,0.0962958807358518,0.0426886781400147,0.0597418919836249,-0.0131405806848003,-0.0739021543704439,-0.251521785864801,-0.786709269731849,NaN,NaN,NaN,NaN,NaN,NaN,NaN,NaN,NaN
NaN,NaN,0.093602272332646,0.0471867240315381,0.0516440794502463,-0.0134353070267631,-0.0671933163248468,-0.254736879030437,-0.767592365145295,NaN,NaN,NaN,NaN,NaN,NaN,NaN,NaN,NaN
NaN,NaN,0.0932487609097734,0.0495977691656056,0.0380801112090315,-0.00595680537905234,-0.0706265624903608,-0.237957631359071,-0.755846580713599,NaN,NaN,NaN,NaN,NaN,NaN,NaN,NaN,NaN
NaN,NaN,0.0867463784525171,0.0392799443846646,0.0340963043903078,-0.0103581799873306,-0.0676271077536512,-0.226913859257669,-0.739085028171151,NaN,NaN,NaN,NaN,NaN,NaN,NaN,NaN,NaN
NaN,NaN,0.0779882209608331,0.0414707503562871,0.0317864381407465,-0.00249476271953123,-0.0722086560272146,-0.229496658900947,-0.718904869854062,NaN,NaN,NaN,NaN,NaN,NaN,NaN,NaN,NaN
NaN,NaN,0.0754124434897676,0.0483966051882211,0.0173748545979227,0.0032296301117943,-0.0744401607953478,-0.225880128452748,-0.713390918671697,NaN,NaN,NaN,NaN,NaN,NaN,NaN,NaN,NaN
NaN,NaN,0.0773283789167181,0.0477531544214192,0.0127391778563227,0.00456442025218469,-0.0647420194291044,-0.224619322577685,-0.694237711131185,NaN,NaN,NaN,NaN,NaN,NaN,NaN,NaN,NaN
NaN,NaN,0.07000306120608,0.0460889182334843,0.0048607849215235,0.0167852909556435,-0.0609520580910612,-0.213498064438075,-0.680426588505119,NaN,NaN,NaN,NaN,NaN,NaN,NaN,NaN,NaN
NaN,NaN,0.0605673479149118,0.0368201724534932,0.00801077863919394,0.0191138954154061,-0.0618915390514303,-0.209177919784755,-0.667463993876784,NaN,NaN,NaN,NaN,NaN,NaN,NaN,NaN,NaN
NaN,NaN,0.0519030863652006,0.0449697292691174,0.00991965464102881,0.0296080568126248,-0.0577201824926306,-0.209514257619351,-0.655298015325874,NaN,NaN,NaN,NaN,NaN,NaN,NaN,NaN,NaN
NaN,NaN,0.0506030531832948,0.0493748850470486,0.00232090062248366,0.0424040937117146,-0.0573669877194334,-0.211114269802541,-0.64935509696564,NaN,NaN,NaN,NaN,NaN,NaN,NaN,NaN,NaN
NaN,NaN,0.0470866212854162,0.0477812431102696,0.00926128408658163,0.0512817957690762,-0.0414989646815229,-0.21716447652337,-0.636693412661164,NaN,NaN,NaN,NaN,NaN,NaN,NaN,NaN,NaN
NaN,NaN,0.0389185497770086,0.0556199989562932,0.00831623381721632,0.0661162183872269,-0.0457022097252775,-0.207907428154916,-0.633673561960071,NaN,NaN,NaN,NaN,NaN,NaN,NaN,NaN,NaN
NaN,NaN,0.0326025808462873,0.0589394375031892,0.0195740610991682,0.0712623716584252,-0.044148577406304,-0.205421560565204,-0.622789679318278,NaN,NaN,NaN,NaN,NaN,NaN,NaN,NaN,NaN
NaN,NaN,0.0311010467121378,0.0704465798383656,0.0247139000033106,0.0808973693541096,-0.0396000724576879,-0.212256481060952,-0.606962224691718,NaN,NaN,NaN,NaN,NaN,NaN,NaN,NaN,NaN
NaN,NaN,0.0296454826602712,0.0770706489032212,0.0201293714975085,0.0968838566235111,-0.0383701864921022,-0.213988443026513,-0.603971338122695,NaN,NaN,NaN,NaN,NaN,NaN,NaN,NaN,NaN
NaN,NaN,0.028809248120524,0.0858868464177552,0.0379116163288321,0.099146448939185,-0.0266668889962602,-0.219271035054893,-0.592857456057876,NaN,NaN,NaN,NaN,NaN,NaN,NaN,NaN,NaN
NaN,NaN,0.0278794529149309,0.102147142524094,0.0426313169931139,0.107451443492513,-0.0386846196197439,-0.217437149146766,-0.582408407926171,NaN,NaN,NaN,NaN,NaN,NaN,NaN,NaN,NaN
NaN,NaN,0.0263062069425359,0.107943265820116,0.0610502698157992,0.103828691809516,-0.0344828833185602,-0.220453088293046,-0.568143991976588,NaN,NaN,NaN,NaN,NaN,NaN,NaN,NaN,NaN
NaN,NaN,0.028510051430203,0.116478762710661,0.0606538989280428,0.107861374436955,-0.0382806863926817,-0.221865215460033,-0.558256661742538,NaN,NaN,NaN,NaN,NaN,NaN,NaN,NaN,NaN
NaN,NaN,0.0329223970184103,0.126942712003559,0.0632636882995333,0.116332144408564,-0.0346828010224272,-0.228048787573546,-0.552628567665427,NaN,NaN,NaN,NaN,NaN,NaN,NaN,NaN,NaN
NaN,NaN,0.0385394269833341,0.135205592150063,0.0732138641809191,0.106043376891951,-0.0408088360272814,-0.239640158722371,-0.539492113738864,NaN,NaN,NaN,NaN,NaN,NaN,NaN,NaN,NaN
NaN,NaN,0.0395015018293634,0.138212292576403,0.0796057359014715,0.105764110504727,-0.0442570951126981,-0.237989631602735,-0.533377478122323,NaN,NaN,NaN,NaN,NaN,NaN,NaN,NaN,NaN
NaN,NaN,0.038421074510552,0.134040488982767,0.0829697102938856,0.104143627851348,-0.0477572847448755,-0.237885565618247,-0.525512067824214,NaN,NaN,NaN,NaN,NaN,NaN,NaN,NaN,NaN
NaN,NaN,0.0462153690168634,0.138842015648455,0.0797880888615813,0.103759084760289,-0.0466872137330938,-0.247433875808686,-0.513371048718303,NaN,NaN,NaN,NaN,NaN,NaN,NaN,NaN,NaN
NaN,NaN,0.0491194190690294,0.150474364990562,0.0809675343965258,0.105524052797894,-0.0541822184168268,-0.256666672537297,-0.511687794923394,NaN,NaN,NaN,NaN,NaN,NaN,NaN,NaN,NaN
NaN,NaN,0.0494475426385179,0.14500051655826,0.0861335434650149,0.0902196103027866,-0.0605615545355249,-0.264942945102424,-0.498022089004129,NaN,NaN,NaN,NaN,NaN,NaN,NaN,NaN,NaN
NaN,NaN,0.0506548347184435,0.141868832642407,0.0876382254694666,0.0923241571775482,-0.0629160311364103,-0.266925172070235,-0.486761579513162,NaN,NaN,NaN,NaN,NaN,NaN,NaN,NaN,NaN
NaN,NaN,0.0468208404490724,0.141137558156818,0.0926336534951891,0.0865156286648319,-0.0689421724819113,-0.263396409461469,-0.475185370295852,NaN,NaN,NaN,NaN,NaN,NaN,NaN,NaN,NaN
NaN,NaN,0.0487208316335455,0.14117514633593,0.0974285305176939,0.0778175228527592,-0.0634267498098779,-0.268448685417146,-0.462043216675132,NaN,NaN,NaN,NaN,NaN,NaN,NaN,NaN,NaN
NaN,NaN,0.044539156020619,0.136861651325792,0.0953525193666186,0.0758241200140522,-0.0760022681497503,-0.271447190204829,-0.450637253224462,NaN,NaN,NaN,NaN,NaN,NaN,NaN,NaN,NaN
NaN,NaN,0.0466271439800039,0.124250444704861,0.0980322510634627,0.0661239483645962,-0.0748499427281786,-0.26662916050312,-0.428442457913964,NaN,NaN,NaN,NaN,NaN,NaN,NaN,NaN,NaN
NaN,NaN,0.0424314053962007,0.12197278358993,0.104031123283979,0.064881862073283,-0.0793844033323694,-0.253887941250772,-0.423327466696113,NaN,NaN,NaN,NaN,NaN,NaN,NaN,NaN,NaN
NaN,NaN,0.036913281888701,0.120187270576328,0.103193566266176,0.0527009078553723,-0.073418704821961,-0.250678883055419,-0.415222538858264,NaN,NaN,NaN,NaN,NaN,NaN,NaN,NaN,NaN
NaN,NaN,0.039265169412829,0.109970401162476,0.100308384809371,0.0422191144219444,-0.065191103174584,-0.250865166196794,-0.405726084708779,NaN,NaN,NaN,NaN,NaN,NaN,NaN,NaN,NaN
NaN,NaN,0.0321667405078188,0.106392278457254,0.0887888558839525,0.0485973515800045,-0.069956364139216,-0.23707728938219,-0.402098117619365,NaN,NaN,NaN,NaN,NaN,NaN,NaN,NaN,NaN
NaN,NaN,0.0362577611813322,0.0916541359668675,0.0944968574379648,0.043770250796418,-0.0582114365242887,-0.225301590869397,-0.391138779222577,NaN,NaN,NaN,NaN,NaN,NaN,NaN,NaN,NaN
NaN,NaN,0.032829767675139,0.0935765906518403,0.0951519124840464,0.039591164260249,-0.0520622302137781,-0.21456293866989,-0.388311768173783,NaN,NaN,NaN,NaN,NaN,NaN,NaN,NaN,NaN
NaN,NaN,0.0289766999194399,0.0855621687417928,0.0956665985916819,0.038817328333001,-0.0400014166079927,-0.209060554513902,-0.382982759028285,NaN,NaN,NaN,NaN,NaN,NaN,NaN,NaN,NaN
NaN,NaN,0.0284073265502229,0.0745993658250275,0.0928285793100561,0.0391610049894856,-0.030430009617703,-0.211950970003575,-0.376898223757356,NaN,NaN,NaN,NaN,NaN,NaN,NaN,NaN,NaN
NaN,NaN,0.0195587003836408,0.065468511665434,0.0917622335885729,0.0528011554173039,-0.0203014482103754,-0.196844545314282,-0.370014595090955,NaN,NaN,NaN,NaN,NaN,NaN,NaN,NaN,NaN
NaN,NaN,0.029050106764771,0.05885869183597,0.102594930741664,0.0488652744582699,-0.00968276898493059,-0.187586882272929,-0.361574223488181,NaN,NaN,NaN,NaN,NaN,NaN,NaN,NaN,NaN
NaN,NaN,0.023820991278626,0.0589464596754018,0.107242584291574,0.051635735600333,-0.000579128070967273,-0.183327944139213,-0.360009061395734,NaN,NaN,NaN,NaN,NaN,NaN,NaN,NaN,NaN
NaN,NaN,0.0216844814131036,0.0486719972735348,0.110548537287589,0.0535756991497086,-0.00297694842447527,-0.181589667806596,-0.358302934318393,NaN,NaN,NaN,NaN,NaN,NaN,NaN,NaN,NaN
NaN,NaN,0.0217589872190729,0.0376700229292813,0.111892547521469,0.0588534483007,0.0113535541750025,-0.173905884036988,-0.351544512658923,NaN,NaN,NaN,NaN,NaN,NaN,NaN,NaN,NaN
NaN,NaN,0.0134604001650587,0.0355335316902104,0.116364050719615,0.063650225221257,0.00801243443856947,-0.156150330910653,-0.347988946586459,NaN,NaN,NaN,NaN,NaN,NaN,NaN,NaN,NaN
NaN,NaN,0.0230455534765497,0.0351406812017861,0.122971747133609,0.0622946479610012,0.01816312407027,-0.155416988888949,-0.344113024174779,NaN,NaN,NaN,NaN,NaN,NaN,NaN,NaN,NaN
NaN,NaN,0.0179807605454698,0.0379048838561478,0.128426373067972,0.0605388441375302,0.0186077002144884,-0.145009924778909,-0.342339692860454,NaN,NaN,NaN,NaN,NaN,NaN,NaN,NaN,NaN
NaN,NaN,0.0220756368944421,0.0333288490122262,0.123790845337984,0.0628763706675576,0.0201644245244097,-0.133756735483378,-0.34561969920954,NaN,NaN,NaN,NaN,NaN,NaN,NaN,NaN,NaN
NaN,NaN,0.0273020887980238,0.0270680516308251,0.128778804156658,0.0619907760313557,0.0298040043271612,-0.133914874056548,-0.345484340786546,NaN,NaN,NaN,NaN,NaN,NaN,NaN,NaN,NaN
NaN,NaN,0.0219245391199365,0.0316128312891427,0.127639982912418,0.0706397266379402,0.027204627142055,-0.126661100546092,-0.347254896759599,NaN,NaN,NaN,NaN,NaN,NaN,NaN,NaN,NaN
NaN,NaN,0.0361295180628076,0.0375171370154324,0.12869595370042,0.0700812497428463,0.0415627341426443,-0.120111481407851,-0.348723313062995,NaN,NaN,NaN,NaN,NaN,NaN,NaN,NaN,NaN
NaN,NaN,0.0370172733673826,0.0407421208268109,0.128376975718614,0.0656211273065613,0.0423962678469252,-0.117936954954833,-0.352518936842292,NaN,NaN,NaN,NaN,NaN,NaN,NaN,NaN,NaN
NaN,NaN,0.0470685163745656,0.0361564747339192,0.124207239661094,0.0637011313131855,0.0448470245755743,-0.118489937046737,-0.357356207668393,NaN,NaN,NaN,NaN,NaN,NaN,NaN,NaN,NaN
NaN,NaN,0.0467042202362791,0.0301900497919026,0.127384968165037,0.0694532961836861,0.0430166963196825,-0.119274706701011,-0.35795977920255,NaN,NaN,NaN,NaN,NaN,NaN,NaN,NaN,NaN
NaN,NaN,0.0452937135705724,0.0433748579865399,0.126859329703924,0.0784973138264225,0.0450687911070418,-0.108796694437236,-0.355571681856721,NaN,NaN,NaN,NaN,NaN,NaN,NaN,NaN,NaN
NaN,NaN,0.0620157594094053,0.0442580311840478,0.127673473272201,0.0771064580670403,0.0488144773698878,-0.106370170721978,-0.359781949072688,NaN,NaN,NaN,NaN,NaN,NaN,NaN,NaN,NaN
NaN,NaN,0.0588031435618177,0.039983837986559,0.125365469667789,0.06805715051208,0.0455401148356032,-0.107639134982795,-0.351173119842618,NaN,NaN,NaN,NaN,NaN,NaN,NaN,NaN,NaN
NaN,NaN,0.0637367876479402,0.0409874125665131,0.11350069946396,0.0729543612590836,0.0369230713404249,-0.0972031626200381,-0.35037294611296,NaN,NaN,NaN,NaN,NaN,NaN,NaN,NaN,NaN
NaN,NaN,0.0679603727767244,0.0473896592205468,0.122194390807029,0.0756459766319798,0.0363870951987337,-0.0991621810292903,-0.347935842573255,NaN,NaN,NaN,NaN,NaN,NaN,NaN,NaN,NaN
NaN,NaN,0.0703773411223665,0.0608609608655873,0.107336610618707,0.0770550863138245,0.0382299404300284,-0.0914399336373511,-0.343716727792829,NaN,NaN,NaN,NaN,NaN,NaN,NaN,NaN,NaN
NaN,NaN,0.0861378336558118,0.0533607780283395,0.108690045837041,0.0704366610637711,0.0346800181723665,-0.0850017379319373,-0.340427147447675,NaN,NaN,NaN,NaN,NaN,NaN,NaN,NaN,NaN
NaN,NaN,0.0821786696324125,0.0518422006910744,0.0915914290283884,0.0643254154614018,0.0376597288704943,-0.0803482170498076,-0.327924011498302,NaN,NaN,NaN,NaN,NaN,NaN,NaN,NaN,NaN
NaN,NaN,0.0902873786399141,0.0558010108118954,0.0909265764688219,0.0750869595697926,0.0340534057177138,-0.068522879043788,-0.330999741553872,NaN,NaN,NaN,NaN,NaN,NaN,NaN,NaN,NaN
NaN,NaN,0.0933982940623537,0.0683241515701714,0.0852659047280516,0.0772434369913147,0.048036375985248,-0.0683875206207934,-0.322877193092912,NaN,NaN,NaN,NaN,NaN,NaN,NaN,NaN,NaN
NaN,NaN,0.0969649428734556,0.0736442200189534,0.0771597475444044,0.0834027015856312,0.0429193172312807,-0.0586813326275054,-0.312027154713481,NaN,NaN,NaN,NaN,NaN,NaN,NaN,NaN,NaN
NaN,NaN,0.108067611814477,0.0600827663486901,0.0776835233603682,0.0817132824352787,0.0497766453481745,-0.0528379726504985,-0.305596744864791,NaN,NaN,NaN,NaN,NaN,NaN,NaN,NaN,NaN
NaN,NaN,0.100014670402743,0.0552322707420293,0.0720716156696047,0.0815525361589001,0.0541946533776354,-0.0489450442886058,-0.297798222153991,NaN,NaN,NaN,NaN,NaN,NaN,NaN,NaN,NaN
NaN,NaN,0.0982363844523206,0.0662054858451787,0.0679555237923826,0.0909446635535763,0.0566510539210867,-0.0379160243367854,-0.299290573447555,NaN,NaN,NaN,NaN,NaN,NaN,NaN,NaN,NaN
NaN,NaN,0.093212234438397,0.0695364914184514,0.0658785626922812,0.10154136356626,0.0640636551834177,-0.0398834060227576,-0.28911000698766,NaN,NaN,NaN,NaN,NaN,NaN,NaN,NaN,NaN
NaN,NaN,0.0865577856311574,0.0687371372526589,0.0601831153665747,0.111312837272029,0.0627740528143477,-0.0341312597787085,-0.276216926276296,NaN,NaN,NaN,NaN,NaN,NaN,NaN,NaN,NaN
NaN,NaN,0.0898637200007215,0.0580773867016736,0.0654921942089762,0.111489509164433,0.0696162935055327,-0.0301575112437907,-0.271131234466642,NaN,NaN,NaN,NaN,NaN,NaN,NaN,NaN,NaN
NaN,NaN,0.0778374025830999,0.0658489196842614,0.0650357716416086,0.108584676801305,0.0723872016824316,-0.0296302150284949,-0.261988105475514,NaN,NaN,NaN,NaN,NaN,NaN,NaN,NaN,NaN
NaN,NaN,0.0658236393937841,0.074830706352562,0.0641620979343619,0.123196327059607,0.0710288863338064,-0.0189067620134059,-0.263291491418689,NaN,NaN,NaN,NaN,NaN,NaN,NaN,NaN,NaN
NaN,NaN,0.0604369813809171,0.077800097996563,0.0634051934515204,0.134994582205157,0.0747789125598501,-0.0223232257461253,-0.250424934774249,NaN,NaN,NaN,NaN,NaN,NaN,NaN,NaN,NaN
NaN,NaN,0.0585452230880037,0.0836200258975926,0.0657556094859804,0.139092923074107,0.0837657656229567,-0.0191891948973838,-0.239357954114287,NaN,NaN,NaN,NaN,NaN,NaN,NaN,NaN,NaN
NaN,NaN,0.0669473359594122,0.0862839064842168,0.0707655661438669,0.132080846398215,0.0858890134550165,-0.0123793642317954,-0.241239300220817,NaN,NaN,NaN,NaN,NaN,NaN,NaN,NaN,NaN
NaN,NaN,0.0521263802656904,0.0957334219759408,0.0759811588262286,0.13617725011621,0.0966403875208925,-0.017096066037387,-0.236401172577947,NaN,NaN,NaN,NaN,NaN,NaN,NaN,NaN,NaN
NaN,NaN,0.0418405743548647,0.103923118794531,0.0727509596084322,0.156764992444854,0.0962659027136396,-0.0084258440231982,-0.23736442089042,NaN,NaN,NaN,NaN,NaN,NaN,NaN,NaN,NaN
NaN,NaN,0.044883112073876,0.105357690835566,0.0787300505374636,0.166119960068803,0.106933942035539,-0.0147062178051177,-0.224960843324273,NaN,NaN,NaN,NaN,NaN,NaN,NaN,NaN,NaN
NaN,NaN,0.0495434874901548,0.109381060237259,0.0810693279539313,0.167685718207698,0.104225544229848,-0.0157358694171611,-0.21754846557936,NaN,NaN,NaN,NaN,NaN,NaN,NaN,NaN,NaN
NaN,NaN,0.0549524972448125,0.115080381864876,0.0875127949451174,0.166166284053664,0.102644698665244,-0.0171679827665988,-0.226721322387069,NaN,NaN,NaN,NaN,NaN,NaN,NaN,NaN,NaN
NaN,NaN,0.0435005450854078,0.121368206227392,0.0919733644162382,0.171443269520144,0.110877385333879,-0.0284690792953673,-0.227154853045552,NaN,NaN,NaN,NaN,NaN,NaN,NaN,NaN,NaN
NaN,NaN,0.0351288492092863,0.12864047580418,0.0921474844847884,0.186815773069005,0.103709777788026,-0.0287699151134196,-0.223769327848762,NaN,NaN,NaN,NaN,NaN,NaN,NaN,NaN,NaN
NaN,NaN,0.0418267907807603,0.123097802633614,0.106113877210494,0.192102816819291,0.10278169621597,-0.0388621549403373,-0.214743973910421,NaN,NaN,NaN,NaN,NaN,NaN,NaN,NaN,NaN
NaN,NaN,0.0486961888382211,0.131852067196936,0.112680353287336,0.189582024633031,0.09210877676378,-0.0422189581489268,-0.208202513157933,NaN,NaN,NaN,NaN,NaN,NaN,NaN,NaN,NaN
NaN,NaN,0.0537267463514581,0.139550863886446,0.119818326148864,0.182861079393964,0.0942563693679403,-0.0439769412672225,-0.218525702356904,NaN,NaN,NaN,NaN,NaN,NaN,NaN,NaN,NaN
NaN,NaN,0.0401231782743707,0.145045313174099,0.126108795467493,0.18096419882689,0.096503594861133,-0.0493564467227164,-0.207124600410073,NaN,NaN,NaN,NaN,NaN,NaN,NaN,NaN,NaN
NaN,NaN,0.039950473816134,0.154637879813284,0.131892774317142,0.189244438826184,0.0931359324313234,-0.0412926274633113,-0.199427573233455,NaN,NaN,NaN,NaN,NaN,NaN,NaN,NaN,NaN
NaN,NaN,0.0525286929914728,0.15024030500111,0.143330179217931,0.18336691793714,0.0873083490587305,-0.0443298380171958,-0.190244192480653,NaN,NaN,NaN,NaN,NaN,NaN,NaN,NaN,NaN
NaN,NaN,0.0602578694233671,0.159831884438366,0.146868180546638,0.174243123202662,0.0901128034747671,-0.0456948402619067,-0.185415303557723,NaN,NaN,NaN,NaN,NaN,NaN,NaN,NaN,NaN
NaN,NaN,0.0634382801363245,0.161680895025105,0.142984379145976,0.164678105085234,0.0916989575780462,-0.0381318304037753,-0.188725577890485,NaN,NaN,NaN,NaN,NaN,NaN,NaN,NaN,NaN
NaN,NaN,0.0545596467563882,0.162392071569532,0.151828143808719,0.161093723892312,0.0997544135607313,-0.0405907455181781,-0.175988698601335,NaN,NaN,NaN,NaN,NaN,NaN,NaN,NaN,NaN
NaN,NaN,0.0570187853882089,0.158306005532116,0.142433241072771,0.165533077835183,0.0923830140091013,-0.0300098966157141,-0.17209699958524,NaN,NaN,NaN,NaN,NaN,NaN,NaN,NaN,NaN
NaN,NaN,0.0657520393142477,0.148877966338963,0.151023183081027,0.159571719287972,0.0942206997133326,-0.0271862197017375,-0.161514492928594,NaN,NaN,NaN,NaN,NaN,NaN,NaN,NaN,NaN
NaN,NaN,0.0722939843544736,0.150352957779736,0.143322039458629,0.149210234104733,0.102660847798688,-0.0197595554685298,-0.154189026206344,NaN,NaN,NaN,NaN,NaN,NaN,NaN,NaN,NaN
NaN,NaN,0.0692262077936903,0.14656882652101,0.143510799918052,0.14750632357512,0.101319501147373,-0.0132055591141883,-0.152927698790639,NaN,NaN,NaN,NaN,NaN,NaN,NaN,NaN,NaN
NaN,NaN,0.0583199734101072,0.137236378276915,0.148319013479825,0.14344231125627,0.109482897416456,-0.00909108773824603,-0.143182264864057,NaN,NaN,NaN,NaN,NaN,NaN,NaN,NaN,NaN
NaN,NaN,0.0560468944022432,0.128054450387329,0.144869953456994,0.151411116986613,0.102545848087175,0.00726740702035992,-0.13555178999862,NaN,NaN,NaN,NaN,NaN,NaN,NaN,NaN,NaN
NaN,NaN,0.0568044880637899,0.118261519009441,0.148169368568536,0.145786096273999,0.116965850786073,0.00863788544180958,-0.123201372325032,NaN,NaN,NaN,NaN,NaN,NaN,NaN,NaN,NaN
NaN,NaN,0.0574632497737184,0.114382597739071,0.139880057487365,0.144105226664882,0.120974766061408,0.0168646861517724,-0.115047661810725,NaN,NaN,NaN,NaN,NaN,NaN,NaN,NaN,NaN
NaN,NaN,0.0479653427610174,0.109810846978993,0.144791610602018,0.142335154979567,0.126995412603719,0.0247321826124486,-0.110788276642173,NaN,NaN,NaN,NaN,NaN,NaN,NaN,NaN,NaN
NaN,NaN,0.037820445955731,0.0891844733899537,0.152089957210895,0.138377164422612,0.1336041893519,0.0359165285432634,-0.102572987079232,NaN,NaN,NaN,NaN,NaN,NaN,NaN,NaN,NaN
NaN,NaN,0.0350375982234254,0.0900225519483987,0.150118645343658,0.150147591649632,0.138383755431278,0.0479320053661164,-0.09514039963445,NaN,NaN,NaN,NaN,NaN,NaN,NaN,NaN,NaN
NaN,NaN,0.0374539891490713,0.0838222719078961,0.146852329436418,0.148026821135621,0.151967430458171,0.0577424269819555,-0.0887275731559688,NaN,NaN,NaN,NaN,NaN,NaN,NaN,NaN,NaN
NaN,NaN,0.0381356613943353,0.08393153467235,0.149175960633632,0.141866420327763,0.159272743359907,0.0652668428325948,-0.0843377655740672,NaN,NaN,NaN,NaN,NaN,NaN,NaN,NaN,NaN
NaN,NaN,0.0248647617409006,0.0691997624283734,0.152569234434244,0.137694095193486,0.161475134984357,0.0757177536094484,-0.0932157284017497,NaN,NaN,NaN,NaN,NaN,NaN,NaN,NaN,NaN
NaN,NaN,0.0167838061461225,0.0571417614167634,0.159286994550106,0.134605643271546,0.166389705584152,0.0838004600906667,-0.0966715125735694,NaN,NaN,NaN,NaN,NaN,NaN,NaN,NaN,NaN
NaN,NaN,0.0175718168029562,0.0588766291087571,0.150843996617671,0.153898083536963,0.175504745886428,0.0899731171036062,-0.100477641671508,NaN,NaN,NaN,NaN,NaN,NaN,NaN,NaN,NaN
NaN,NaN,0.0251318650553003,0.0499408870285455,0.149701636347648,0.149571643143039,0.184534737811191,0.0947725948596296,-0.0966950936611587,NaN,NaN,NaN,NaN,NaN,NaN,NaN,NaN,NaN
NaN,NaN,0.0227062354097143,0.0466398700421754,0.153347149554368,0.143323828398328,0.191984238073928,0.0974283356869516,-0.0972536450620585,NaN,NaN,NaN,NaN,NaN,NaN,NaN,NaN,NaN
NaN,NaN,0.00751906505320221,0.0373023926561776,0.156352452996847,0.146808073788028,0.186071289674146,0.102989337285787,-0.109715430289119,NaN,NaN,NaN,NaN,NaN,NaN,NaN,NaN,NaN
NaN,NaN,0.00517755246255547,0.0362084797864858,0.166503477904674,0.153813519447188,0.198436031088932,0.102935022553235,-0.111231157779306,NaN,NaN,NaN,NaN,NaN,NaN,NaN,NaN,NaN
NaN,NaN,0.0116519021103159,0.0411868832355443,0.159711416873809,0.17687384870563,0.202534669981105,0.108143704822093,-0.112829121052831,NaN,NaN,NaN,NaN,NaN,NaN,NaN,NaN,NaN
NaN,NaN,0.0175460750469938,0.0402388154810372,0.165263105246898,0.165337537347417,0.209893869207008,0.108179765632182,-0.106560891717284,NaN,NaN,NaN,NaN,NaN,NaN,NaN,NaN,NaN
NaN,NaN,0.0147001022705808,0.0373086697703305,0.167221359971639,0.158257921158414,0.20750528757344,0.107272471179992,-0.110324403494208,NaN,NaN,NaN,NaN,NaN,NaN,NaN,NaN,NaN
NaN,NaN,0.00263273215387017,0.0368668689673844,0.173031341347572,0.162543774514537,0.202388787613018,0.120672917803555,-0.116248117982953,NaN,NaN,NaN,NaN,NaN,NaN,NaN,NaN,NaN
NaN,NaN,0.0104366379091516,0.039402543688387,0.173369281056997,0.167165295153003,0.209329841629369,0.123850143393308,-0.113393726050466,NaN,NaN,NaN,NaN,NaN,NaN,NaN,NaN,NaN
NaN,NaN,0.0204907866427675,0.0429807036465112,0.16713025799739,0.175640684484582,0.206013215676649,0.124431270053416,-0.117637856155246,NaN,NaN,NaN,NaN,NaN,NaN,NaN,NaN,NaN
NaN,NaN,0.030755395651795,0.0434918693548146,0.166313748869773,0.163580336540084,0.205527214304311,0.12963166355136,-0.112821316569656,NaN,NaN,NaN,NaN,NaN,NaN,NaN,NaN,NaN
NaN,NaN,0.0269772807369009,0.039620435917944,0.167221061948415,0.160472513108592,0.202396536216838,0.138071774383813,-0.116831703334659,NaN,NaN,NaN,NaN,NaN,NaN,NaN,NaN,NaN
NaN,NaN,0.0190935047576204,0.0524116858190003,0.160450886998054,0.164193556576114,0.201568068907363,0.145887340297728,-0.120805582254737,NaN,NaN,NaN,NaN,NaN,NaN,NaN,NaN,NaN
NaN,NaN,0.0344861248740926,0.0478588409071866,0.155172299656745,0.161633816479783,0.205177223280771,0.142281836708814,-0.119127618372052,NaN,NaN,NaN,NaN,NaN,NaN,NaN,NaN,NaN
NaN,NaN,0.0427932055899873,0.0563286609297696,0.145080264720794,0.175244294970374,0.204313328460557,0.149520019879371,-0.115475902556985,NaN,NaN,NaN,NaN,NaN,NaN,NaN,NaN,NaN
NaN,NaN,0.0512545692035928,0.050752273882002,0.140324205223199,0.168620561181645,0.204198943421943,0.151872484823495,-0.112507479488462,NaN,NaN,NaN,NaN,NaN,NaN,NaN,NaN,NaN
NaN,NaN,0.0456793556222692,0.0526730521863404,0.139845449540492,0.165366799502711,0.208990057901247,0.157356894453793,-0.110339826196044,NaN,NaN,NaN,NaN,NaN,NaN,NaN,NaN,NaN
NaN,NaN,0.0411892632255331,0.0518295533305112,0.133298438105461,0.167803884415965,0.204892145440681,0.162529087504178,-0.104033021479457,NaN,NaN,NaN,NaN,NaN,NaN,NaN,NaN,NaN
NaN,NaN,0.0525756130227819,0.0464778944199982,0.130726739827272,0.171301503597836,0.210289644048316,0.165338310291797,-0.093024900406211,NaN,NaN,NaN,NaN,NaN,NaN,NaN,NaN,NaN
NaN,NaN,0.0544113429496065,0.0485100030249062,0.123871646884557,0.18269789305244,0.208142423973186,0.174687242945462,-0.0825590698417121,NaN,NaN,NaN,NaN,NaN,NaN,NaN,NaN,NaN
NaN,NaN,0.0582794608781114,0.0451872489696446,0.120958674762126,0.175681234269481,0.207860829279525,0.182642488619119,-0.07440180167517,NaN,NaN,NaN,NaN,NaN,NaN,NaN,NaN,NaN
NaN,NaN,0.0439718315610662,0.0412756569033566,0.11671683571088,0.170067557065825,0.209779595927103,0.185440870811969,-0.0702197907861167,NaN,NaN,NaN,NaN,NaN,NaN,NaN,NaN,NaN
NaN,NaN,0.0334054367849603,0.0425835690742436,0.104216903511163,0.175417167066674,0.202671667531831,0.192160437693625,-0.0657312816377574,NaN,NaN,NaN,NaN,NaN,NaN,NaN,NaN,NaN
NaN,NaN,0.0408238681266084,0.0392674646621648,0.102909624639627,0.17592823964272,0.211524168000324,0.200564692606955,-0.0512357673045093,NaN,NaN,NaN,NaN,NaN,NaN,NaN,NaN,NaN
NaN,NaN,0.0352728130528703,0.0435499280041161,0.0914419517551626,0.183548637597899,0.207245076046092,0.208856033971339,-0.0391293747719222,NaN,NaN,NaN,NaN,NaN,NaN,NaN,NaN,NaN
NaN,NaN,0.0297960588941351,0.0419107816463414,0.086805380943891,0.174562510966401,0.214096778974636,0.212954915007382,-0.0411726406212741,NaN,NaN,NaN,NaN,NaN,NaN,NaN,NaN,NaN
NaN,NaN,0.014980765641667,0.0405855096226636,0.0833401159082617,0.175752312808375,0.221167696610792,0.21419344364646,-0.0371974205966884,NaN,NaN,NaN,NaN,NaN,NaN,NaN,NaN,NaN
NaN,NaN,0.0110343607375398,0.0442051693147126,0.079662807348844,0.186580483733754,0.226863330201013,0.223034693738252,-0.0275642855461532,NaN,NaN,NaN,NaN,NaN,NaN,NaN,NaN,NaN
NaN,NaN,0.0184682334074751,0.040312054688305,0.079241402510282,0.193000332384448,0.233454821602209,0.227919462015658,-0.0129395967718059,NaN,NaN,NaN,NaN,NaN,NaN,NaN,NaN,NaN
NaN,NaN,0.009891944588162,0.0442598379498425,0.0712832883630957,0.199020103483538,0.240065498248441,0.225102285733252,-0.011610804348796,NaN,NaN,NaN,NaN,NaN,NaN,NaN,NaN,NaN
NaN,NaN,0.0051634336123243,0.0381295561140481,0.0741449073587622,0.204029519974332,0.244011735514505,0.227380840917855,-0.0132530613239699,NaN,NaN,NaN,NaN,NaN,NaN,NaN,NaN,NaN
NaN,NaN,-0.00521295273210853,0.0375203966444436,0.0826844834421839,0.208724317072968,0.25498776321183,0.228464024951487,-0.00523970112165746,NaN,NaN,NaN,NaN,NaN,NaN,NaN,NaN,NaN
NaN,NaN,-0.012524021207355,0.0410816065317097,0.0826714449261393,0.221065216629844,0.253035804227693,0.235578826507359,0.00256169006267252,NaN,NaN,NaN,NaN,NaN,NaN,NaN,NaN,NaN
NaN,NaN,-0.0111141292145476,0.0399558238035145,0.0830541439985003,0.229692877202372,0.257316274539335,0.23446310206297,0.00940601691642466,NaN,NaN,NaN,NaN,NaN,NaN,NaN,NaN,NaN
NaN,NaN,-0.0199498845031485,0.0433369717842046,0.0812674388920035,0.238729146241288,0.255397265747888,0.23332765220645,0.0130348035697049,NaN,NaN,NaN,NaN,NaN,NaN,NaN,NaN,NaN
NaN,NaN,-0.0220145707717165,0.0488203942125741,0.0948666483794417,0.239271883784871,0.24917295758496,0.234545337846309,0.0178028212491578,NaN,NaN,NaN,NaN,NaN,NaN,NaN,NaN,NaN
NaN,NaN,-0.0280093079200014,0.057154688174099,0.103504758391258,0.233769499628882,0.256874883518321,0.229139140685826,0.0233599112931794,NaN,NaN,NaN,NaN,NaN,NaN,NaN,NaN,NaN
NaN,NaN,-0.0353908775141463,0.0704273759668771,0.106146473500606,0.24455047112618,0.248600585357053,0.240422467579871,0.0322601886097497,NaN,NaN,NaN,NaN,NaN,NaN,NaN,NaN,NaN
NaN,NaN,-0.0233496961882338,0.0682081274038258,0.111159689787504,0.247086425243954,0.25689583827625,0.23849952860716,0.0412706786398,NaN,NaN,NaN,NaN,NaN,NaN,NaN,NaN,NaN
NaN,NaN,-0.0208508087089285,0.0762439138537351,0.11434183276045,0.248800878345113,0.253543784812791,0.228978133639127,0.0478056201342648,NaN,NaN,NaN,NaN,NaN,NaN,NaN,NaN,NaN
NaN,NaN,-0.0151228768518195,0.0887545003837052,0.121323268923637,0.24163863521729,0.254003299371107,0.232388394763499,0.0488901080195016,NaN,NaN,NaN,NaN,NaN,NaN,NaN,NaN,NaN
NaN,NaN,-0.0167851386358961,0.0959501779919568,0.124183714452859,0.234216776608567,0.26055632714997,0.230482480367452,0.0593267695609635,NaN,NaN,NaN,NaN,NaN,NaN,NaN,NaN,NaN
NaN,NaN,-0.0120908444514498,0.0952803335433904,0.129580859157916,0.242968787371259,0.260776082024677,0.241071580787927,0.0588981376592225,NaN,NaN,NaN,NaN,NaN,NaN,NaN,NaN,NaN
NaN,NaN,0.00813241547439247,0.0875653132146302,0.133308216992494,0.246946261196475,0.26221138049732,0.230845249136716,0.0622729898993081,NaN,NaN,NaN,NaN,NaN,NaN,NaN,NaN,NaN
NaN,NaN,0.00374154618475586,0.0948919720297757,0.131085578415271,0.245960884659629,0.260922634945018,0.225328150084048,0.0720320770148343,NaN,NaN,NaN,NaN,NaN,NaN,NaN,NaN,NaN
NaN,NaN,0.00357260426972062,0.0993646486943665,0.127257842633602,0.234223165481429,0.254184106335742,0.232567488094598,0.0786396989230222,NaN,NaN,NaN,NaN,NaN,NaN,NaN,NaN,NaN
NaN,NaN,-0.000393526046536861,0.0888117022162381,0.135288730326768,0.222839646904807,0.254023862973554,0.22982267557624,0.0883567833904332,NaN,NaN,NaN,NaN,NaN,NaN,NaN,NaN,NaN
NaN,NaN,0.00179297721479088,0.0864413745051328,0.13496809459078,0.22719115850244,0.242521358624799,0.23368837206605,0.0965709739927358,NaN,NaN,NaN,NaN,NaN,NaN,NaN,NaN,NaN
NaN,NaN,0.0126015344867483,0.0812799289172593,0.136222176316854,0.22740646165524,0.240059016243322,0.227461195429593,0.109595389813573,NaN,NaN,NaN,NaN,NaN,NaN,NaN,NaN,NaN
NaN,NaN,0.00163791200611741,0.0849151603227559,0.126986511114713,0.214778565733771,0.241137506411178,0.230548976799279,0.127484811246783,NaN,NaN,NaN,NaN,NaN,NaN,NaN,NaN,NaN
NaN,NaN,-0.0025117447366938,0.0813401109820309,0.120066076580163,0.195254598676305,0.229135552392108,0.245017072995931,0.131339443624408,NaN,NaN,NaN,NaN,NaN,NaN,NaN,NaN,NaN
NaN,NaN,-0.00263011583592743,0.0731164953952733,0.128829859260198,0.181021810441356,0.233093542949064,0.245139243891269,0.146156059354932,NaN,NaN,NaN,NaN,NaN,NaN,NaN,NaN,NaN
NaN,NaN,0.00154161325190216,0.0720513790195886,0.121130932185527,0.185387217371802,0.229171315178974,0.251548494091063,0.154449896663815,NaN,NaN,NaN,NaN,NaN,NaN,NaN,NaN,NaN
NaN,NaN,0.00872617086861283,0.0621788940673772,0.117595259163257,0.18397127178226,0.238556681171758,0.254043134739428,0.167478410303981,NaN,NaN,NaN,NaN,NaN,NaN,NaN,NaN,NaN
NaN,NaN,-0.00290820875670761,0.0569914645796719,0.103528972778198,0.168374375372271,0.241582659975393,0.266727580567628,0.177912706286103,NaN,NaN,NaN,NaN,NaN,NaN,NaN,NaN,NaN
NaN,NaN,-0.00234982499387115,0.0522815055495206,0.106558267090198,0.161338456838469,0.239610938326223,0.28745435073021,0.178988886773974,NaN,NaN,NaN,NaN,NaN,NaN,NaN,NaN,NaN
NaN,NaN,-0.000224043964408335,0.0334499581998292,0.10628032318103,0.161234130083661,0.248196745262248,0.286238453229695,0.192197276056201,NaN,NaN,NaN,NaN,NaN,NaN,NaN,NaN,NaN
NaN,NaN,-0.00126606354024261,0.0255276254659596,0.0972590484355654,0.169396241127591,0.249943627015455,0.291493664374381,0.199370154887826,NaN,NaN,NaN,NaN,NaN,NaN,NaN,NaN,NaN
NaN,NaN,-0.0020161879947409,0.0170433140641156,0.0933428370093073,0.169504349052052,0.260231835738523,0.296214128723174,0.205089593083054,NaN,NaN,NaN,NaN,NaN,NaN,NaN,NaN,NaN
NaN,NaN,-0.014709928422235,0.015228352630705,0.0917936191593374,0.158497140674929,0.264313356921775,0.309087316384345,0.211009861678273,NaN,NaN,NaN,NaN,NaN,NaN,NaN,NaN,NaN
NaN,NaN,-0.0176749801030383,0.00512940728125007,0.091537840727445,0.160555307685475,0.266140798077686,0.321246403148204,0.211915759146602,NaN,NaN,NaN,NaN,NaN,NaN,NaN,NaN,NaN
NaN,NaN,-0.0203838249435648,-0.0144328930133876,0.0951522850130762,0.15807776611958,0.276091663137777,0.313863660087615,0.222145816088111,NaN,NaN,NaN,NaN,NaN,NaN,NaN,NaN,NaN
NaN,NaN,-0.0226011736085638,-0.0112796210402545,0.0922866799567904,0.168873731910329,0.279937950865133,0.319339650561839,0.229012122154624,NaN,NaN,NaN,NaN,NaN,NaN,NaN,NaN,NaN
NaN,NaN,-0.0213946079602465,-0.0090257459038791,0.0974607729052271,0.17402504470859,0.282357098505599,0.332473999699384,0.231653520614297,NaN,NaN,NaN,NaN,NaN,NaN,NaN,NaN,NaN
NaN,NaN,-0.0257668880512938,-0.00371113500538438,0.101992681685563,0.168933019905429,0.291945436940296,0.343054066290885,0.241909226179511,NaN,NaN,NaN,NaN,NaN,NaN,NaN,NaN,NaN
NaN,NaN,-0.0269905155291781,-0.0138743229860362,0.102734237972375,0.170017768560986,0.291838185832603,0.34837217896226,0.24137911737004,NaN,NaN,NaN,NaN,NaN,NaN,NaN,NaN,NaN
NaN,NaN,-0.0231733036926016,-0.0201427572125491,0.109880760375139,0.171100710450749,0.299345931009157,0.345954167535335,0.245293037742764,NaN,NaN,NaN,NaN,NaN,NaN,NaN,NaN,NaN
NaN,NaN,-0.0198409197619185,-0.00670835456791489,0.105084896150705,0.178695776431899,0.300327246979577,0.348987075378924,0.24548082962671,NaN,NaN,NaN,NaN,NaN,NaN,NaN,NaN,NaN
NaN,NaN,-0.0160134261241183,-0.00346472567859261,0.107725419167158,0.183578756569962,0.301376307354076,0.362577232410937,0.240534147024543,NaN,NaN,NaN,NaN,NaN,NaN,NaN,NaN,NaN
NaN,NaN,-0.0184326482703909,-0.0090400323921737,0.107413630995628,0.171424214660268,0.303846249327762,0.363920609345466,0.244939731210858,NaN,NaN,NaN,NaN,NaN,NaN,NaN,NaN,NaN
NaN,NaN,-0.0169457545271143,-0.0110700362080631,0.102575037691471,0.172756378470998,0.29760553126107,0.361956543167859,0.239513771385342,NaN,NaN,NaN,NaN,NaN,NaN,NaN,NaN,NaN
NaN,NaN,-0.00890359783079475,-0.0110776171738204,0.109675515506145,0.167881184189658,0.304024113313062,0.353386121680766,0.243218647092969,NaN,NaN,NaN,NaN,NaN,NaN,NaN,NaN,NaN
NaN,NaN,-0.00420418137218803,0.00336218544301422,0.103232458296892,0.181445916115384,0.305135590926511,0.352803728421956,0.234652528316171,NaN,NaN,NaN,NaN,NaN,NaN,NaN,NaN,NaN
NaN,NaN,0.00122453516814858,-0.00161357304993241,0.102072402897951,0.181792219101529,0.296844510332448,0.35892963304165,0.231087760776669,NaN,NaN,NaN,NaN,NaN,NaN,NaN,NaN,NaN
NaN,NaN,0.00764421618077904,-0.00329466617646782,0.101691398832675,0.17210586827908,0.29555067975889,0.351388006349832,0.235945781469733,NaN,NaN,NaN,NaN,NaN,NaN,NaN,NaN,NaN
NaN,NaN,0.00698413199279457,-0.00119961879196732,0.0989782885347571,0.169121854870658,0.287004938320024,0.347980557819634,0.238237319291026,NaN,NaN,NaN,NaN,NaN,NaN,NaN,NaN,NaN
NaN,NaN,0.0129052760312334,0.0018414288109246,0.103056345198032,0.165991307168345,0.289221523300512,0.344982462813884,0.24000051781574,NaN,NaN,NaN,NaN,NaN,NaN,NaN,NaN,NaN
NaN,NaN,0.0145962411770597,0.0113016358858052,0.0966648087536062,0.16754121419702,0.280344920203788,0.34525476290825,0.240580228865535,NaN,NaN,NaN,NaN,NaN,NaN,NaN,NaN,NaN
NaN,NaN,0.0238195570418611,0.00970397063550384,0.0884410255287851,0.164854888736348,0.268278257892234,0.350139605691462,0.244627328366429,NaN,NaN,NaN,NaN,NaN,NaN,NaN,NaN,NaN
NaN,NaN,0.0280940110096708,0.00581653707680137,0.086339067730781,0.150453642874102,0.266634566680295,0.341678744992047,0.257341129482181,NaN,NaN,NaN,NaN,NaN,NaN,NaN,NaN,NaN
NaN,NaN,0.0214302303502336,0.00928936445173652,0.0747328699265684,0.14898414623652,0.258948510483606,0.348066053231984,0.265840155780703,NaN,NaN,NaN,NaN,NaN,NaN,NaN,NaN,NaN
NaN,NaN,0.0317101689288393,0.00929042615947159,0.0761030689512457,0.139055223136287,0.26043775115977,0.352339743515283,0.267061790228278,NaN,NaN,NaN,NaN,NaN,NaN,NaN,NaN,NaN
NaN,NaN,0.0334899822482839,0.0187707498019639,0.0614718981717791,0.14153099518929,0.253342451498611,0.352582595189839,0.275691592842729,NaN,NaN,NaN,NaN,NaN,NaN,NaN,NaN,NaN
NaN,NaN,0.0431311825523153,0.0164750769084397,0.0491105281447138,0.14364625227366,0.247111195669277,0.357770937373668,0.277139780819804,NaN,NaN,NaN,NaN,NaN,NaN,NaN,NaN,NaN
NaN,NaN,0.0455045463750139,0.00869451009687813,0.0473372899626459,0.134565242498259,0.254576789186103,0.358024741401702,0.289594320357234,NaN,NaN,NaN,NaN,NaN,NaN,NaN,NaN,NaN
NaN,NaN,0.0430179337272421,0.0110869287794534,0.0351479352151121,0.134125248461108,0.252789152757032,0.362739822706014,0.29364056304136,NaN,NaN,NaN,NaN,NaN,NaN,NaN,NaN,NaN
NaN,NaN,0.0489952923962846,0.0130819334929887,0.0404359475408758,0.130717744051556,0.254639131919248,0.363337173005372,0.296245211512238,NaN,NaN,NaN,NaN,NaN,NaN,NaN,NaN,NaN
NaN,NaN,0.0454842435428873,0.0173967137282792,0.027836084428903,0.145259042202573,0.251677526131971,0.363503451337844,0.3036332258586,NaN,NaN,NaN,NaN,NaN,NaN,NaN,NaN,NaN
NaN,NaN,0.0498830104479566,0.0126542701667252,0.0234241486226286,0.152584769695144,0.255583083227975,0.367401632359057,0.312086691856772,NaN,NaN,NaN,NaN,NaN,NaN,NaN,NaN,NaN
NaN,NaN,0.047843879670836,0.00276604586300285,0.0269252509509291,0.147107847898345,0.26410647292505,0.365479959985047,0.331850828379781,NaN,NaN,NaN,NaN,NaN,NaN,NaN,NaN,NaN
NaN,NaN,0.0365850838134065,0.0157121560817662,0.0254143663381304,0.151036539047103,0.261821119085653,0.373089126189977,0.339398024380595,NaN,NaN,NaN,NaN,NaN,NaN,NaN,NaN,NaN
NaN,NaN,0.0341574983904138,0.0147384397035542,0.0320182629560198,0.156851214288812,0.258368352398975,0.371314677288562,0.341380996406466,NaN,NaN,NaN,NaN,NaN,NaN,NaN,NaN,NaN
NaN,NaN,0.0245834836969152,0.0153193242197934,0.0282326229547228,0.162345924346785,0.256585484341485,0.368135365536242,0.355826852620036,NaN,NaN,NaN,NaN,NaN,NaN,NaN,NaN,NaN
NaN,NaN,0.0292132558533922,0.0127161844914857,0.0242132954930033,0.166091182201247,0.253822492406471,0.378325505992204,0.36379318103233,NaN,NaN,NaN,NaN,NaN,NaN,NaN,NaN,NaN
NaN,NaN,0.0232423978159204,0.0132131382173005,0.0331118778024878,0.154115565984588,0.260161539510591,0.377736183693438,0.374284138679892,NaN,NaN,NaN,NaN,NaN,NaN,NaN,NaN,NaN
NaN,NaN,0.01070085412357,0.0274930327480737,0.0297631025944914,0.160712850212197,0.262337854102952,0.376344918152123,0.369553355276973,NaN,NaN,NaN,NaN,NaN,NaN,NaN,NaN,NaN
NaN,NaN,0.00794788321945816,0.0234785854166451,0.0369523354505266,0.162600659697394,0.256492128566606,0.380488968333035,0.364428100884349,NaN,NaN,NaN,NaN,NaN,NaN,NaN,NaN,NaN
NaN,NaN,0.00459817668888718,0.0281043342595998,0.0316306278740133,0.172733430682759,0.265004919812782,0.382597836544543,0.372613532245547,NaN,NaN,NaN,NaN,NaN,NaN,NaN,NaN,NaN
NaN,NaN,0.0103689680108801,0.0340411245172921,0.0291745626066889,0.177231830476861,0.263343943253858,0.383486281027823,0.375240755975634,NaN,NaN,NaN,NaN,NaN,NaN,NaN,NaN,NaN
NaN,NaN,0.00721211975906044,0.0366984299665395,0.0398567580317225,0.16609047439609,0.274923244462116,0.370321999182731,0.381558233648927,NaN,NaN,NaN,NaN,NaN,NaN,NaN,NaN,NaN
NaN,NaN,0.00245226046536118,0.0498317732757035,0.0449173600112166,0.174091597019772,0.262023868010147,0.365243422677546,0.374215481579692,NaN,NaN,NaN,NaN,NaN,NaN,NaN,NaN,NaN
NaN,NaN,0.00398864469025284,0.048767383331627,0.0536744930480684,0.179494590430598,0.260211551532848,0.360053199222117,0.365856917351872,NaN,NaN,NaN,NaN,NaN,NaN,NaN,NaN,NaN
NaN,NaN,0.00559482222888619,0.0515916376655999,0.0513315834735598,0.18683305841599,0.263755997613771,0.352487283637553,0.375418098420293,NaN,NaN,NaN,NaN,NaN,NaN,NaN,NaN,NaN
NaN,NaN,0.0113816509256139,0.0570175229853097,0.0531970039640631,0.185325321673493,0.250462001160486,0.345256569674045,0.382767015844972,NaN,NaN,NaN,NaN,NaN,NaN,NaN,NaN,NaN
NaN,NaN,0.0101659955689684,0.0573094553595486,0.0645378120874132,0.170844280093055,0.246130401239498,0.331242828508645,0.382287533730657,NaN,NaN,NaN,NaN,NaN,NaN,NaN,NaN,NaN
NaN,NaN,0.0090929443249479,0.0704465425854627,0.0712511949871744,0.180332203327756,0.23004647900234,0.323706528981954,0.37674037158528,NaN,NaN,NaN,NaN,NaN,NaN,NaN,NaN,NaN
NaN,NaN,0.0133503364631906,0.0643088101690713,0.0755639821921553,0.17708341491137,0.228236360446317,0.325016955723792,0.381706965864093,NaN,NaN,NaN,NaN,NaN,NaN,NaN,NaN,NaN
NaN,NaN,0.0174093568930402,0.0680178582018319,0.0774323270355429,0.177923635511737,0.224678019032581,0.321924256970912,0.397040745020301,NaN,NaN,NaN,NaN,NaN,NaN,NaN,NaN,NaN
NaN,NaN,0.0242450596997514,0.0729710414355698,0.0740276724730696,0.165775501101355,0.210123663739068,0.32075807346943,0.403459327072293,NaN,NaN,NaN,NaN,NaN,NaN,NaN,NaN,NaN
NaN,NaN,0.0292928839335218,0.0767572029775086,0.0784971081351008,0.147958611070256,0.202952554420335,0.309425516864091,0.406176144034058,NaN,NaN,NaN,NaN,NaN,NaN,NaN,NaN,NaN
NaN,NaN,0.0251496160635725,0.0830146475976411,0.079596217784759,0.147842996685843,0.194195719406707,0.307330041071206,0.407241279036195,NaN,NaN,NaN,NaN,NaN,NaN,NaN,NaN,NaN
NaN,NaN,0.0297681192168966,0.0787919937914315,0.0763855204616751,0.143136092393737,0.200614636734827,0.316426156898766,0.414424961209685,NaN,NaN,NaN,NaN,NaN,NaN,NaN,NaN,NaN
NaN,NaN,0.0391663002083078,0.0742646112388078,0.0788120628033842,0.139029071598391,0.197177516267402,0.316401197453767,0.427876947224528,NaN,NaN,NaN,NaN,NaN,NaN,NaN,NaN,NaN
NaN,NaN,0.0434451872715726,0.0803877777701321,0.0717500486110415,0.126935903846364,0.189802819833858,0.314444786747724,0.431675588488967,NaN,NaN,NaN,NaN,NaN,NaN,NaN,NaN,NaN
NaN,NaN,0.0417303802678362,0.0796751856153909,0.0780517496799196,0.11283448797379,0.188600594148738,0.307701489766866,0.435502895862252,NaN,NaN,NaN,NaN,NaN,NaN,NaN,NaN,NaN
NaN,NaN,0.0342745842644945,0.0775513044839803,0.075103145155784,0.112543449669223,0.193354548857315,0.314807574143439,0.441267410070092,NaN,NaN,NaN,NaN,NaN,NaN,NaN,NaN,NaN
NaN,NaN,0.0411800803849474,0.0657404951101247,0.0713953078423704,0.112545554458241,0.190376924321754,0.325837432285577,0.440487706810624,NaN,NaN,NaN,NaN,NaN,NaN,NaN,NaN,NaN
NaN,NaN,0.0451917523751035,0.0577053792124692,0.0673837103580202,0.104644604890685,0.188660925225122,0.317220314284593,0.453406398892791,NaN,NaN,NaN,NaN,NaN,NaN,NaN,NaN,NaN
NaN,NaN,0.0397330845007673,0.0597479372566644,0.0551323109005655,0.0995467872611092,0.182347359106643,0.321634578397304,0.465369460881144,NaN,NaN,NaN,NaN,NaN,NaN,NaN,NaN,NaN
NaN,NaN,0.0365247341105714,0.0452095820849839,0.0619402975474562,0.0867624850264595,0.185370935098035,0.326625144919187,0.464705427885444,NaN,NaN,NaN,NaN,NaN,NaN,NaN,NaN,NaN
NaN,NaN,0.0251783939311281,0.0400478384738866,0.0550274439786638,0.0894686290315197,0.181877357856138,0.33103819831255,0.462118213773162,NaN,NaN,NaN,NaN,NaN,NaN,NaN,NaN,NaN
NaN,NaN,0.0260352106997743,0.0292012646144334,0.0528175272678103,0.0925469667902992,0.175881354109151,0.335903297057181,0.470994109064729,NaN,NaN,NaN,NaN,NaN,NaN,NaN,NaN,NaN
NaN,NaN,0.0231862018117681,0.0268652654534283,0.044820744607326,0.08641862210546,0.184040671185358,0.332164670219451,0.486391478926331,NaN,NaN,NaN,NaN,NaN,NaN,NaN,NaN,NaN
NaN,NaN,0.0173963183769956,0.0244417778497639,0.0481752940152849,0.0835547306827114,0.18621974249254,0.343579015573293,0.487058343142659,NaN,NaN,NaN,NaN,NaN,NaN,NaN,NaN,NaN
NaN,NaN,0.0118711726972833,0.0103451117223206,0.0532635935281481,0.0732299954882668,0.192445894674165,0.341669711163073,0.479635609090716,NaN,NaN,NaN,NaN,NaN,NaN,NaN,NaN,NaN
NaN,NaN,-0.000596833764575422,0.00868569978532226,0.0493717827533449,0.0778449782422588,0.191848767892225,0.348910408904582,0.48987071380058,NaN,NaN,NaN,NaN,NaN,NaN,NaN,NaN,NaN
NaN,NaN,0.00566821044776589,0.0072408645695153,0.0407472141717638,0.0814683632246063,0.191206620977027,0.352361610969335,0.498893758058936,NaN,NaN,NaN,NaN,NaN,NaN,NaN,NaN,NaN
NaN,NaN,0.00888587406370789,4.25792580548041e-05,0.0438278057311739,0.0743989357045697,0.205541966453893,0.347022431781321,0.503611912727744,NaN,NaN,NaN,NaN,NaN,NaN,NaN,NaN,NaN
NaN,NaN,0.00606275594327599,-0.00761792144718735,0.0439760722850527,0.0789983094922112,0.203672820673091,0.350776369562179,0.494677977413327,NaN,NaN,NaN,NaN,NaN,NaN,NaN,NaN,NaN
NaN,NaN,-3.41659178957326e-05,-0.0173684031421241,0.0484445579980578,0.073678725331168,0.206449614808662,0.344811639627248,0.489753963202626,NaN,NaN,NaN,NaN,NaN,NaN,NaN,NaN,NaN
NaN,NaN,-0.0160403599729761,-0.017376039987236,0.047092538390037,0.0807384112170742,0.201952872768743,0.3445913632119,0.490992137939126,NaN,NaN,NaN,NaN,NaN,NaN,NaN,NaN,NaN
NaN,NaN,-0.00783237197902054,-0.0140968159491119,0.0498885177706446,0.0875390031627224,0.199739361152751,0.343026834418803,0.484515255093963,NaN,NaN,NaN,NaN,NaN,NaN,NaN,NaN,NaN
NaN,NaN,-0.00462718808557838,-0.0249218017512855,0.0565692485009398,0.0862269372931526,0.20292066593538,0.334045178135663,0.482186184972913,NaN,NaN,NaN,NaN,NaN,NaN,NaN,NaN,NaN
NaN,NaN,-0.0105932404985651,-0.0155178279334602,0.0597476661835875,0.0905758970669315,0.19597039182554,0.332276950469047,0.476509960145146,NaN,NaN,NaN,NaN,NaN,NaN,NaN,NaN,NaN
NaN,NaN,-0.0177494114032015,-0.0201498352641162,0.0666895583902563,0.0864528016439484,0.197853786841733,0.329432765831977,0.471520269066483,NaN,NaN,NaN,NaN,NaN,NaN,NaN,NaN,NaN
NaN,NaN,-0.0225352545967326,-0.002894607251316,0.0665754527484144,0.0888947108081387,0.189887234912021,0.327059383382827,0.472002452016265,NaN,NaN,NaN,NaN,NaN,NaN,NaN,NaN,NaN
NaN,NaN,-0.00476487481500953,0.00186659314689071,0.0711384863291945,0.0928907552054928,0.188474567577941,0.323606225540667,0.476203983426482,NaN,NaN,NaN,NaN,NaN,NaN,NaN,NaN,NaN
NaN,NaN,0.00715294352266938,0.00595416792687805,0.0755778588985171,0.0863594644955204,0.193331079528434,0.31228717311266,0.484168542325885,NaN,NaN,NaN,NaN,NaN,NaN,NaN,NaN,NaN
NaN,NaN,0.00595582148525864,0.0168211936300698,0.0783158168827261,0.0887270354918049,0.190499300108058,0.317665151199132,0.480008063614757,NaN,NaN,NaN,NaN,NaN,NaN,NaN,NaN,NaN
NaN,NaN,0.0103150630602613,0.0161295934861604,0.073519151720878,0.0847981208256291,0.184645881847246,0.320192984184056,0.477432844937236,NaN,NaN,NaN,NaN,NaN,NaN,NaN,NaN,NaN
NaN,NaN,0.0165137039730325,0.0258128895705643,0.0723151192699637,0.0795970195225285,0.184738436684711,0.311910322746068,0.477232629210145,NaN,NaN,NaN,NaN,NaN,NaN,NaN,NaN,NaN
NaN,NaN,0.0340534324059263,0.0258478700464669,0.0638587289189066,0.0849192858925865,0.177664445684059,0.307171883871585,0.477486470491082,NaN,NaN,NaN,NaN,NaN,NaN,NaN,NaN,NaN
NaN,NaN,0.0433095680782571,0.0293482645696107,0.0660550110672678,0.0826886565676735,0.178441299096448,0.301591194113522,0.480993142128379,NaN,NaN,NaN,NaN,NaN,NaN,NaN,NaN,NaN
NaN,NaN,0.0350380266318098,0.0306865751093331,0.0605084449683394,0.0870226034215496,0.165989050612552,0.308720803698331,0.473561635017783,NaN,NaN,NaN,NaN,NaN,NaN,NaN,NaN,NaN
NaN,NaN,0.0357832150766626,0.0249300702756348,0.0559596792494024,0.0771510125390099,0.163659775600536,0.306910647889405,0.474438791871459,NaN,NaN,NaN,NaN,NaN,NaN,NaN,NaN,NaN
NaN,NaN,0.0369510190794244,0.0284080385511819,0.0494076200460161,0.0724832610479401,0.166114350751741,0.296659785201579,0.478580159843356,NaN,NaN,NaN,NaN,NaN,NaN,NaN,NaN,NaN
NaN,NaN,0.04663645720575,0.0324627748971883,0.0407094397281374,0.0824891300192879,0.159029277012451,0.298207028647691,0.485336364955098,NaN,NaN,NaN,NaN,NaN,NaN,NaN,NaN,NaN
NaN,NaN,0.0508592600235716,0.0289418726509515,0.054394926938888,0.0765892387620018,0.159128183469875,0.294088776102096,0.488871833086402,NaN,NaN,NaN,NaN,NaN,NaN,NaN,NaN,NaN
NaN,NaN,0.0379748033592477,0.0260615899508897,0.0454486609135832,0.0780025766483353,0.149292653397424,0.297930667986899,0.489273195863158,NaN,NaN,NaN,NaN,NaN,NaN,NaN,NaN,NaN
NaN,NaN,0.0349676558980718,0.0264369129484597,0.0381560326253142,0.0685920835724877,0.151657709822757,0.297286770185262,0.491552719623238,NaN,NaN,NaN,NaN,NaN,NaN,NaN,NaN,NaN
NaN,NaN,0.0379021229455248,0.0262770234888497,0.0310382880901064,0.0713635505429314,0.155046233878238,0.294334980537921,0.497022656500728,NaN,NaN,NaN,NaN,NaN,NaN,NaN,NaN,NaN
NaN,NaN,0.0413576835999265,0.0267638444250527,0.0291412398849692,0.0831559942356156,0.149145336792571,0.297273210128575,0.50204991713205,NaN,NaN,NaN,NaN,NaN,NaN,NaN,NaN,NaN
NaN,NaN,0.0444116579601541,0.0141211218481961,0.0357334204648699,0.074539770304303,0.14463607777725,0.291727314581901,0.500559260845572,NaN,NaN,NaN,NaN,NaN,NaN,NaN,NaN,NaN
NaN,NaN,0.0226722421357408,0.0200485430007878,0.0210180394982065,0.0748720848253773,0.140062520251377,0.301762967249185,0.492500377595813,NaN,NaN,NaN,NaN,NaN,NaN,NaN,NaN,NaN
NaN,NaN,0.0175524639198557,0.0175387590473595,0.0179004744325842,0.0696720638564633,0.143908714846475,0.30305363132599,0.489033454806001,NaN,NaN,NaN,NaN,NaN,NaN,NaN,NaN,NaN
NaN,NaN,0.0149534778902307,0.0155821620768014,0.0157535710071291,0.078574781238179,0.149534797266824,0.290741304745704,0.494566945135981,NaN,NaN,NaN,NaN,NaN,NaN,NaN,NaN,NaN
NaN,NaN,0.0187512437114492,0.0113944887464944,0.0154651031528677,0.0860268333247707,0.141280578420265,0.291492118378907,0.496403774023444,NaN,NaN,NaN,NaN,NaN,NaN,NaN,NaN,NaN
NaN,NaN,0.0169627877185121,0.0062274924760762,0.0189037137364115,0.0835877553812073,0.142875393823488,0.288066956093341,0.486494520455987,NaN,NaN,NaN,NaN,NaN,NaN,NaN,NaN,NaN
NaN,NaN,-0.00739675515796989,0.0150754108375016,0.00943473360287802,0.0862869517198609,0.144319446728332,0.291831510951549,0.480505408496053,NaN,NaN,NaN,NaN,NaN,NaN,NaN,NaN,NaN
NaN,NaN,-0.00892669463064521,0.0126989736503068,0.0170973204706873,0.0928796538404034,0.149859791592462,0.284148695757419,0.476911620945126,NaN,NaN,NaN,NaN,NaN,NaN,NaN,NaN,NaN
NaN,NaN,-0.00390816980507225,0.0091155051535073,0.0273815617595877,0.0980699518016384,0.154354764119489,0.273689421703845,0.487737929225356,NaN,NaN,NaN,NaN,NaN,NaN,NaN,NaN,NaN
NaN,NaN,0.00159089884255081,0.013460255349249,0.0259805173312391,0.107615821926932,0.145548755273921,0.279046053876906,0.483137847632558,NaN,NaN,NaN,NaN,NaN,NaN,NaN,NaN,NaN
NaN,NaN,0.000236774445511404,0.0155846580213013,0.0359224230681624,0.10981281188045,0.144567364797695,0.272317192395955,0.477609982490928,NaN,NaN,NaN,NaN,NaN,NaN,NaN,NaN,NaN
NaN,NaN,-0.0198794951429591,0.0270135133808556,0.0345580541228022,0.112714179723601,0.146651459828718,0.272099113901883,0.480239068866164,NaN,NaN,NaN,NaN,NaN,NaN,NaN,NaN,NaN
NaN,NaN,-0.0143118997802958,0.0287615127211514,0.0513910018538202,0.117060047506432,0.145878238574369,0.264562982013255,0.480564920008571,NaN,NaN,NaN,NaN,NaN,NaN,NaN,NaN,NaN
NaN,NaN,-0.00659170129802078,0.032359249079794,0.0589200184379782,0.117536419003348,0.144268615142209,0.257302633365422,0.487634440660865,NaN,NaN,NaN,NaN,NaN,NaN,NaN,NaN,NaN
NaN,NaN,-0.000511319725774229,0.0400814592188302,0.0535102263723578,0.125209529816251,0.130672870174749,0.259445886006385,0.481559591144711,NaN,NaN,NaN,NaN,NaN,NaN,NaN,NaN,NaN
NaN,NaN,-0.00490209588315338,0.0409558593576852,0.0624479614828791,0.11494812455688,0.134325033024652,0.254038459500104,0.483255119771153,NaN,NaN,NaN,NaN,NaN,NaN,NaN,NaN,NaN
NaN,NaN,-0.0155647894134745,0.0521662264412347,0.0601826497052874,0.109780271469693,0.138588292495115,0.255017111887961,0.482517698556573,NaN,NaN,NaN,NaN,NaN,NaN,NaN,NaN,NaN
NaN,NaN,-0.0022867372026667,0.0551789804643098,0.0695034564171995,0.110496272265057,0.13440451209317,0.246248262813121,0.474916877001912,NaN,NaN,NaN,NaN,NaN,NaN,NaN,NaN,NaN
NaN,NaN,0.00779887160751969,0.0553980089074078,0.06731393567073,0.114157301305871,0.129612410411937,0.237495357980758,0.481012532264382,NaN,NaN,NaN,NaN,NaN,NaN,NaN,NaN,NaN
NaN,NaN,0.00943859538529068,0.0594432271367017,0.0620906875168051,0.115572185187678,0.122768511966569,0.235544535210162,0.475159561038405,NaN,NaN,NaN,NaN,NaN,NaN,NaN,NaN,NaN
NaN,NaN,0.0106364997336641,0.0572754248326722,0.0694809370373453,0.103931658833365,0.133311493293149,0.233116726269751,0.474545223415286,NaN,NaN,NaN,NaN,NaN,NaN,NaN,NaN,NaN
NaN,NaN,0.0116532990941778,0.0634368314689103,0.0672356673215593,0.100904618321996,0.130460882530315,0.227422452410489,0.465296091288716,NaN,NaN,NaN,NaN,NaN,NaN,NaN,NaN,NaN
NaN,NaN,0.021871248842217,0.0553167230730954,0.069411572131988,0.10259556484137,0.116672577307327,0.214843562682897,0.465214917213113,NaN,NaN,NaN,NaN,NaN,NaN,NaN,NaN,NaN
NaN,NaN,0.0263887966284528,0.0518389038091603,0.0649216659997667,0.0997557015410469,0.113488292292459,0.211339964410096,0.475147453844935,NaN,NaN,NaN,NaN,NaN,NaN,NaN,NaN,NaN
NaN,NaN,0.0219508396694437,0.0516631446128789,0.0637505092357363,0.0983212971380757,0.111480863735778,0.209048612853318,0.470753175914676,NaN,NaN,NaN,NaN,NaN,NaN,NaN,NaN,NaN
NaN,NaN,0.0172822313616052,0.0463487199788991,0.0668182485436167,0.0816143573514031,0.112085012689931,0.214049721946746,0.467999236435086,NaN,NaN,NaN,NaN,NaN,NaN,NaN,NaN,NaN
NaN,NaN,0.0104956092545763,0.0436135932153168,0.0606229231392111,0.076289744048457,0.0960742551542353,0.2064759273732,0.468824518621356,NaN,NaN,NaN,NaN,NaN,NaN,NaN,NaN,NaN
NaN,NaN,0.015052011818625,0.0381802386885587,0.0555207096670832,0.0707986661485241,0.0901946294761728,0.205245408108264,0.476377172172458,NaN,NaN,NaN,NaN,NaN,NaN,NaN,NaN,NaN
NaN,NaN,0.0172373043606058,0.0363732866292897,0.0568268709515299,0.0653751836410568,0.0934535693086218,0.204167644372016,0.480505445748956,NaN,NaN,NaN,NaN,NaN,NaN,NaN,NaN,NaN
NaN,NaN,0.00884910544846207,0.032691135192484,0.0456517637406553,0.0591758162966774,0.0997683461464476,0.213129444857865,0.47379038646856,NaN,NaN,NaN,NaN,NaN,NaN,NaN,NaN,NaN
NaN,NaN,0.00617546460125595,0.0253372072523537,0.0465628207360472,0.0527385332873867,0.0931526589847635,0.222255009105235,0.472741847634704,NaN,NaN,NaN,NaN,NaN,NaN,NaN,NaN,NaN
NaN,NaN,0.00481752178166062,0.0212971485501233,0.0356547237073149,0.0481014595619248,0.0957781690813135,0.220814159950047,0.479713691175372,NaN,NaN,NaN,NaN,NaN,NaN,NaN,NaN,NaN
NaN,NaN,0.0121559152612463,0.0210468090420666,0.0360931903754439,0.0515403122893379,0.0964422765828203,0.221941768070489,0.480048278123528,NaN,NaN,NaN,NaN,NaN,NaN,NaN,NaN,NaN
NaN,NaN,0.0146999532589689,0.00894490548428924,0.0370563269292082,0.0513677754691647,0.114694243267877,0.225072241266995,0.473776006848008,NaN,NaN,NaN,NaN,NaN,NaN,NaN,NaN,NaN
NaN,NaN,0.00968068337533623,0.00441474759039314,0.0319756456350054,0.0602103666654633,0.117444271192653,0.22963583364132,0.472826970518023,NaN,NaN,NaN,NaN,NaN,NaN,NaN,NaN,NaN
NaN,NaN,0.00484637415502221,-0.00447176477852433,0.0345971882973875,0.0578873687675999,0.115884622529848,0.238139665564328,0.470285894126088,NaN,NaN,NaN,NaN,NaN,NaN,NaN,NaN,NaN
NaN,NaN,0.00238133093807847,-0.00537268898430436,0.0290147849057879,0.0541228139093922,0.123678190604551,0.236465855380326,0.470886261910588,NaN,NaN,NaN,NaN,NaN,NaN,NaN,NaN,NaN
NaN,NaN,0.00273225328419358,-0.0130576834732589,0.0326751433943476,0.0616614417425202,0.12574364055763,0.233111920645266,0.46644694522062,NaN,NaN,NaN,NaN,NaN,NaN,NaN,NaN,NaN
NaN,NaN,0.00163677579257637,-0.0234081045443115,0.0391686969135966,0.0631761820307778,0.140754753694637,0.23400315909627,0.467932143956811,NaN,NaN,NaN,NaN,NaN,NaN,NaN,NaN,NaN
NaN,NaN,-0.00824215391185135,-0.0131532930487689,0.039271738443252,0.0734799624672936,0.130936080560787,0.241207963665753,0.465993931293876,NaN,NaN,NaN,NaN,NaN,NaN,NaN,NaN,NaN
NaN,NaN,-0.0117109020939097,-0.0162045665735301,0.041899669978496,0.0683564962140129,0.137293903128011,0.252533181449204,0.457840220779569,NaN,NaN,NaN,NaN,NaN,NaN,NaN,NaN,NaN
NaN,NaN,-0.0154841741314158,-0.0178476803654727,0.0444758944843973,0.0688892872324989,0.143418671534164,0.246694608470231,0.45800960972944,NaN,NaN,NaN,NaN,NaN,NaN,NaN,NaN,NaN
NaN,NaN,-0.0139545885613188,-0.0201482520157394,0.0474770256017412,0.0781950065187023,0.147267511085374,0.24464785947445,0.449813337773473,NaN,NaN,NaN,NaN,NaN,NaN,NaN,NaN,NaN
NaN,NaN,-0.0159067338099703,-0.0157148771637973,0.0561243370805945,0.0792750054291294,0.150834755942924,0.248228925159007,0.442030666172892,NaN,NaN,NaN,NaN,NaN,NaN,NaN,NaN,NaN
NaN,NaN,-0.0126544436207041,-0.00133780843558877,0.0505828001235689,0.0854888082734154,0.148780221090419,0.25189731164816,0.434800511002929,NaN,NaN,NaN,NaN,NaN,NaN,NaN,NaN,NaN
NaN,NaN,-0.0104579938342795,-0.00929955474081605,0.0542054400478567,0.0795744070104168,0.157069047883851,0.250380634208947,0.427840308994443,NaN,NaN,NaN,NaN,NaN,NaN,NaN,NaN,NaN
NaN,NaN,-0.00655223184730858,-0.010289047723442,0.0565475300584997,0.07774888437901,0.16107138802181,0.236124004116088,0.421778255850465,NaN,NaN,NaN,NaN,NaN,NaN,NaN,NaN,NaN
NaN,NaN,-0.0017417831113562,-0.0066640236133632,0.0566659942899908,0.0802576252511547,0.15800465454231,0.231937765022546,0.404385341108233,NaN,NaN,NaN,NaN,NaN,NaN,NaN,NaN,NaN
NaN,NaN,0.000905091525055469,0.000463835085004877,0.0552913249169554,0.085834906368594,0.152757061616285,0.233415308287173,0.39594459697643,NaN,NaN,NaN,NaN,NaN,NaN,NaN,NaN,NaN
NaN,NaN,0.00439205637667328,0.00408260070738228,0.0450320989524092,0.0879990392616795,0.148411454603774,0.224903280725509,0.397853491604716,NaN,NaN,NaN,NaN,NaN,NaN,NaN,NaN,NaN
NaN,NaN,0.0122504258761182,-0.0041494526619014,0.0535196699832644,0.0812238165429638,0.146706184343202,0.218633114239007,0.391548735797793,NaN,NaN,NaN,NaN,NaN,NaN,NaN,NaN,NaN
NaN,NaN,0.0113841468701139,0.00166119926628502,0.0556555651758875,0.0749273308805035,0.143697323248489,0.200512873818904,0.381578424722344,NaN,NaN,NaN,NaN,NaN,NaN,NaN,NaN,NaN
NaN,NaN,0.0102325292536989,0.00723075040635498,0.0500015803312029,0.0792123646727608,0.129574151680572,0.204386076768666,0.374822592139632,NaN,NaN,NaN,NaN,NaN,NaN,NaN,NaN,NaN
NaN,NaN,0.0113065490731969,0.00989090570268066,0.0409046263133253,0.0809711859813736,0.118932189390762,0.202172583779126,0.378622406870515,NaN,NaN,NaN,NaN,NaN,NaN,NaN,NaN,NaN
NaN,NaN,0.0177759813377634,0.00985968776997955,0.0377139337991442,0.0721751795402573,0.118394779012306,0.199337377091676,0.380542980283887,NaN,NaN,NaN,NaN,NaN,NaN,NaN,NaN,NaN
NaN,NaN,0.0188865462550893,0.0110759950524274,0.0454927124713625,0.0597683982244537,0.11745833416353,0.194750240882665,0.373826393634469,NaN,NaN,NaN,NaN,NaN,NaN,NaN,NaN,NaN
NaN,NaN,0.0161592798540369,0.0118676564937535,0.0408199877177443,0.0493287378243015,0.118809888110263,0.188012010296613,0.375021336377055,NaN,NaN,NaN,NaN,NaN,NaN,NaN,NaN,NaN
NaN,NaN,0.018021477968432,0.0182102053707543,0.0286315642927851,0.0624899649313496,0.107112700090511,0.199094804813891,0.374684700519235,NaN,NaN,NaN,NaN,NaN,NaN,NaN,NaN,NaN
NaN,NaN,0.0278762119123712,0.0110620810931626,0.0162469112013544,0.060752266018729,0.112655708537204,0.205869487365514,0.380453182161242,NaN,NaN,NaN,NaN,NaN,NaN,NaN,NaN,NaN
NaN,NaN,0.0283431770512834,0.0180284112041894,0.0209011771415438,0.0529233635655449,0.120982179389102,0.207497234334975,0.384423298538119,NaN,NaN,NaN,NaN,NaN,NaN,NaN,NaN,NaN
NaN,NaN,0.0336371684679762,0.0111933230703774,0.0174695701037611,0.0454502822152184,0.121891392365796,0.204096621712476,0.377739941478164,NaN,NaN,NaN,NaN,NaN,NaN,NaN,NaN,NaN
NaN,NaN,0.0294525312492624,0.00903110870179565,0.0140271224712099,0.0454561495474384,0.121418988303049,0.206579993357688,0.372366824895532,NaN,NaN,NaN,NaN,NaN,NaN,NaN,NaN,NaN
NaN,NaN,0.0286814706632867,0.00664597296175392,-0.00133780011189326,0.068683241426091,0.115092998341424,0.215553603013783,0.374941410273702,NaN,NaN,NaN,NaN,NaN,NaN,NaN,NaN,NaN
NaN,NaN,0.0306876139948145,0.00247757800874145,0.00209663814651624,0.0639617339960144,0.130546787724597,0.222585386475354,0.386155931055934,NaN,NaN,NaN,NaN,NaN,NaN,NaN,NaN,NaN
NaN,NaN,0.0294502774486318,6.72593062821109e-05,0.00694368785965101,0.0642160968175934,0.131695331976516,0.217156986584693,0.386525330841929,NaN,NaN,NaN,NaN,NaN,NaN,NaN,NaN,NaN
NaN,NaN,0.0251882845768705,-0.00107826746049492,0.00614545128094808,0.0611487859180973,0.128844516322715,0.220139752020865,0.380711251646668,NaN,NaN,NaN,NaN,NaN,NaN,NaN,NaN,NaN
NaN,NaN,0.011017038137652,-0.00312119803371995,0.00369979820000784,0.0695439324966477,0.129897674516542,0.216940156062871,0.377672979385049,NaN,NaN,NaN,NaN,NaN,NaN,NaN,NaN,NaN
NaN,NaN,0.00250093138311058,0.00199960463699729,-0.00192650773775919,0.0873098419300125,0.134271873132093,0.22674146934393,0.391854600757749,NaN,NaN,NaN,NaN,NaN,NaN,NaN,NaN,NaN
NaN,NaN,0.00992616137955338,-0.00422692007365792,0.00762610516297476,0.0832124696365402,0.140308985457523,0.228855646094113,0.399656196833045,NaN,NaN,NaN,NaN,NaN,NaN,NaN,NaN,NaN
NaN,NaN,0.00539369380567223,-0.000541974669128345,0.0119376071428026,0.0809735142878101,0.139552677021129,0.219654961367875,0.396925857067496,NaN,NaN,NaN,NaN,NaN,NaN,NaN,NaN,NaN
NaN,NaN,-0.00129091122653335,0.00594394200500877,0.0085613765453066,0.0789012843063877,0.135311024234397,0.223558991094857,0.392393501252324,NaN,NaN,NaN,NaN,NaN,NaN,NaN,NaN,NaN
NaN,NaN,-0.0105848585953936,0.005333031648964,0.00970999530303137,0.0846589439800785,0.144101181969745,0.218779890676766,0.381816508025319,NaN,NaN,NaN,NaN,NaN,NaN,NaN,NaN,NaN
NaN,NaN,-0.00984238961245865,0.00725060620364578,0.00750397152053968,0.101056479781012,0.144390972302062,0.230265556713372,0.38973535761276,NaN,NaN,NaN,NaN,NaN,NaN,NaN,NaN,NaN
NaN,NaN,-1.10691180452713e-05,-0.00221802002730935,0.010726831916448,0.0913412207058476,0.147861042962177,0.223980116536647,0.382425537109763,NaN,NaN,NaN,NaN,NaN,NaN,NaN,NaN,NaN
NaN,NaN,-0.0045406682183966,0.00848580070790679,0.0113079213236536,0.0888583519748257,0.142924902931554,0.215102898767024,0.376517915875108,NaN,NaN,NaN,NaN,NaN,NaN,NaN,NaN,NaN
NaN,NaN,-0.00713043415453285,0.0154313250726166,0.00615215680348532,0.0892814518204735,0.138109592691762,0.217053535273105,0.361826674789578,NaN,NaN,NaN,NaN,NaN,NaN,NaN,NaN,NaN
NaN,NaN,-0.0127487120917067,0.00863518484887512,0.0163752288256849,0.0974263520232247,0.143998624727828,0.208259503235846,0.352528666854293,NaN,NaN,NaN,NaN,NaN,NaN,NaN,NaN,NaN
NaN,NaN,-0.0138764319708571,0.00861041166839035,0.0106543191407885,0.105946016430001,0.145645854965551,0.215436722030669,0.357275655270011,NaN,NaN,NaN,NaN,NaN,NaN,NaN,NaN,NaN
NaN,NaN,-0.00386260950472206,0.00693082728442581,0.014158941868421,0.0965372556141422,0.138843717024429,0.198915599724084,0.345342749506623,NaN,NaN,NaN,NaN,NaN,NaN,NaN,NaN,NaN
NaN,NaN,-0.0105048952391371,0.0197245917564336,0.0128882826005186,0.0918013685635136,0.133532701031072,0.186595673551589,0.341721674204261,NaN,NaN,NaN,NaN,NaN,NaN,NaN,NaN,NaN
NaN,NaN,-0.0127798741450533,0.0159506491666737,0.0178157427047457,0.0932675683191822,0.127496389643056,0.185324082961112,0.33172200784126,NaN,NaN,NaN,NaN,NaN,NaN,NaN,NaN,NaN
NaN,NaN,-0.015388005762361,0.0126319556778374,0.0323007889722551,0.095266298323016,0.134178144828184,0.181851181080371,0.325102166980893,NaN,NaN,NaN,NaN,NaN,NaN,NaN,NaN,NaN
NaN,NaN,-0.00801370048429817,0.0242760955637398,0.0276532844339575,0.0980438375166462,0.12986157645355,0.184046178003579,0.330158354491383,NaN,NaN,NaN,NaN,NaN,NaN,NaN,NaN,NaN
NaN,NaN,0.0035876544425264,0.028320494229168,0.0328390189145769,0.0824908063999222,0.125321788684232,0.16481986164096,0.329633591473491,NaN,NaN,NaN,NaN,NaN,NaN,NaN,NaN,NaN
NaN,NaN,0.00102674087975174,0.0307574860101643,0.0308247358237471,0.0783946448257969,0.120465686515672,0.166227686097651,0.334366721809298,NaN,NaN,NaN,NaN,NaN,NaN,NaN,NaN,NaN
NaN,NaN,0.00276356434915215,0.0285319975858632,0.0367183872197832,0.0783302345565365,0.114308079675538,0.172511636158257,0.323832904696853,NaN,NaN,NaN,NaN,NaN,NaN,NaN,NaN,NaN
NaN,NaN,0.00975209719035774,0.0345466277843419,0.0406154506539072,0.0715282270005749,0.118946550384862,0.17750406532529,0.325202451795728,NaN,NaN,NaN,NaN,NaN,NaN,NaN,NaN,NaN
NaN,NaN,0.0104585612425581,0.0384532465880814,0.0299319700037207,0.0734543697229431,0.112732728914125,0.173811594834357,0.335314770937354,NaN,NaN,NaN,NaN,NaN,NaN,NaN,NaN,NaN
NaN,NaN,0.0229098970303312,0.03501990729031,0.0293927156065668,0.0618162834337757,0.110090920672519,0.171731299599439,0.335974016935021,NaN,NaN,NaN,NaN,NaN,NaN,NaN,NaN,NaN
NaN,NaN,0.0198500180849805,0.0325496486669484,0.0305087939535345,0.0562966884366081,0.111896568880184,0.179281028797656,0.342381646633536,NaN,NaN,NaN,NaN,NaN,NaN,NaN,NaN,NaN
NaN,NaN,0.0199922682950273,0.0350146360045377,0.0318742246066298,0.0489555196157501,0.107843732432229,0.188979021152287,0.336514910459907,NaN,NaN,NaN,NaN,NaN,NaN,NaN,NaN,NaN
NaN,NaN,0.0195524046430364,0.028227231586546,0.0259306543205942,0.053975553183894,0.109606465295656,0.189442149242192,0.339541466683537,NaN,NaN,NaN,NaN,NaN,NaN,NaN,NaN,NaN
NaN,NaN,0.0205905126640573,0.0282719350701276,0.0191514827941622,0.0567710482767628,0.108489083097083,0.190549920191794,0.34754022374788,NaN,NaN,NaN,NaN,NaN,NaN,NaN,NaN,NaN
NaN,NaN,0.0254013339290395,0.0195827327018681,0.0214663036798205,0.0444788382640885,0.113906661019428,0.19270544766429,0.347363011688382,NaN,NaN,NaN,NaN,NaN,NaN,NaN,NaN,NaN
NaN,NaN,0.0187453763792291,0.018402206832737,0.0224007741247381,0.0323232718995617,0.114971330360277,0.193569454243213,0.347272878289611,NaN,NaN,NaN,NaN,NaN,NaN,NaN,NaN,NaN
NaN,NaN,0.0102863969514146,0.0120779118781987,0.0155450106297697,0.036893011002879,0.111797681049211,0.204110889574319,0.342142836898953,NaN,NaN,NaN,NaN,NaN,NaN,NaN,NaN,NaN
NaN,NaN,0.0147029893705621,0.00425342389401824,0.0151582882438864,0.0398297877303169,0.114000817731721,0.206145866652757,0.348543407172353,NaN,NaN,NaN,NaN,NaN,NaN,NaN,NaN,NaN
NaN,NaN,0.0115790354320779,0.00182490714845092,0.00850996753918783,0.0379880973390148,0.116589130804641,0.205235573341876,0.350763307661206,NaN,NaN,NaN,NaN,NaN,NaN,NaN,NaN,NaN
NaN,NaN,0.0146181086311117,-0.000852235471635747,0.0138235912357535,0.0314427436581658,0.113105034426553,0.205825230916768,0.343884745389611,NaN,NaN,NaN,NaN,NaN,NaN,NaN,NaN,NaN
NaN,NaN,0.00277386477682739,-0.00758497125449746,0.0135957524810995,0.027144224315028,0.118010794714792,0.215112677654057,0.339155619740874,NaN,NaN,NaN,NaN,NaN,NaN,NaN,NaN,NaN
NaN,NaN,-0.00530126073863357,-0.0117511310333308,0.00962196669327871,0.0342085668138073,0.119119273469551,0.226796212484866,0.336298862249047,NaN,NaN,NaN,NaN,NaN,NaN,NaN,NaN,NaN
NaN,NaN,-0.00282831990625709,-0.0155757934505042,0.0040290393565859,0.0356356882742451,0.12261374478112,0.221766306897431,0.333392558396251,NaN,NaN,NaN,NaN,NaN,NaN,NaN,NaN,NaN
NaN,NaN,-0.00385053956415504,-0.0135577105635699,-0.00186105438721521,0.0307547197929428,0.122472630784614,0.212679001381427,0.327907031178862,NaN,NaN,NaN,NaN,NaN,NaN,NaN,NaN,NaN
NaN,NaN,-0.00506550574209541,-0.0201930858844814,0.00361320382702009,0.0316462376407192,0.12370626066695,0.216433442076474,0.313041819036395,NaN,NaN,NaN,NaN,NaN,NaN,NaN,NaN,NaN
NaN,NaN,-0.0156124917557463,-0.029914696579605,0.00733849412548201,0.0307432831517266,0.133609125361545,0.225070564886361,0.307183818668515,NaN,NaN,NaN,NaN,NaN,NaN,NaN,NaN,NaN
NaN,NaN,-0.0246553545584902,-0.0281616494709548,0.000777829501506252,0.0405945339492367,0.13432238806854,0.221453326633006,0.304105294645221,NaN,NaN,NaN,NaN,NaN,NaN,NaN,NaN,NaN
NaN,NaN,-0.014560972689651,-0.0354948275441226,-0.00039917596829279,0.0398691454223202,0.138451145932777,0.212832464715272,0.297592686266095,NaN,NaN,NaN,NaN,NaN,NaN,NaN,NaN,NaN
NaN,NaN,-0.0155779583146796,-0.0300791308933791,0.00442639744627134,0.0410668262532757,0.134788291499717,0.205226371874839,0.293356546909005,NaN,NaN,NaN,NaN,NaN,NaN,NaN,NaN,NaN
NaN,NaN,-0.0161338275065646,-0.0310254105085429,0.017907124075767,0.0483176754108475,0.132598360971315,0.213215759834081,0.282789090425164,NaN,NaN,NaN,NaN,NaN,NaN,NaN,NaN,NaN
NaN,NaN,-0.0265357320895419,-0.0285638318115768,0.0228322186206545,0.0503572159699009,0.134774954960449,0.215583312203914,0.278916371763141,NaN,NaN,NaN,NaN,NaN,NaN,NaN,NaN,NaN
NaN,NaN,-0.0273373028030619,-0.0247460239285526,0.0201941542957987,0.0554606587878273,0.125568347022636,0.212814210792809,0.277203967571647,NaN,NaN,NaN,NaN,NaN,NaN,NaN,NaN,NaN
NaN,NaN,-0.015713801025413,-0.024448168342739,0.022522330347177,0.0517902047625588,0.119619002536638,0.204766019126206,0.274888364375026,NaN,NaN,NaN,NaN,NaN,NaN,NaN,NaN,NaN
NaN,NaN,-0.0130752896657214,-0.00821966758909791,0.0271608941887583,0.05115977388535,0.115461168781621,0.197947787930995,0.275975851118953,NaN,NaN,NaN,NaN,NaN,NaN,NaN,NaN,NaN
NaN,NaN,-0.0134631482651457,-0.00306209630313485,0.0320459977422918,0.0522126899353073,0.113876523420913,0.206122285565167,0.26706730365792,NaN,NaN,NaN,NaN,NaN,NaN,NaN,NaN,NaN
NaN,NaN,-0.0120321152498946,0.00133654021677405,0.0345139466856684,0.0459021226755188,0.11464510668884,0.207088830759555,0.269275450855882,NaN,NaN,NaN,NaN,NaN,NaN,NaN,NaN,NaN
NaN,NaN,-0.00693450251128524,0.00720217742976577,0.0234662630294527,0.0429033384910629,0.109420498803956,0.204108803411752,0.265217361748607,NaN,NaN,NaN,NaN,NaN,NaN,NaN,NaN,NaN
NaN,NaN,0.0106213378021494,0.0177566326504651,0.0258869380389418,0.0419849613002346,0.112237116292818,0.199083815207511,0.262409386933238,NaN,NaN,NaN,NaN,NaN,NaN,NaN,NaN,NaN
NaN,NaN,0.0170631842920557,0.0226897179430428,0.0211934634183611,0.0374448382547901,0.109317867056234,0.194483118941813,0.264204250425488,NaN,NaN,NaN,NaN,NaN,NaN,NaN,NaN,NaN
NaN,NaN,0.0184599632630125,0.0158161661868993,0.0256336928044523,0.0374075480989025,0.108955750212772,0.200782249560386,0.259265074283273,NaN,NaN,NaN,NaN,NaN,NaN,NaN,NaN,NaN
NaN,NaN,0.0196948411175981,0.0142701893394891,0.0181728117798533,0.0306479529729889,0.105367066309554,0.195961202373534,0.254873888343961,NaN,NaN,NaN,NaN,NaN,NaN,NaN,NaN,NaN
NaN,NaN,0.0207933547208086,0.0190565913265649,0.00789583480703489,0.034934793531041,0.105056991771562,0.190807505389481,0.258040608615071,NaN,NaN,NaN,NaN,NaN,NaN,NaN,NaN,NaN
NaN,NaN,0.0346014784881845,0.0162198386436406,0.00784610218155042,0.0336889074436234,0.0968504938937258,0.189179814299374,0.260671185106427,NaN,NaN,NaN,NaN,NaN,NaN,NaN,NaN,NaN
NaN,NaN,0.0345465118298307,0.00923575752434165,0.00481054938184873,0.0257269562474297,0.0934635344601702,0.191480106552869,0.265645229965836,NaN,NaN,NaN,NaN,NaN,NaN,NaN,NaN,NaN
NaN,NaN,0.0287957625696436,0.00733097934183509,0.00266161567318098,0.0253524341872738,0.0865572001494001,0.194879564335376,0.261602898836524,NaN,NaN,NaN,NaN,NaN,NaN,NaN,NaN,NaN
NaN,NaN,0.025127729983069,0.00557986938414008,-0.00941260897767885,0.0186788001349972,0.0886780824221205,0.191230847378999,0.26676637470761,NaN,NaN,NaN,NaN,NaN,NaN,NaN,NaN,NaN
NaN,NaN,0.0225602226564661,0.00608421781119735,-0.0125679857398306,0.0242697903207348,0.0838001873053145,0.189041810920268,0.274238524735362,NaN,NaN,NaN,NaN,NaN,NaN,NaN,NaN,NaN
NaN,NaN,0.029535791487433,-0.00388391396942704,-0.0165042764807974,0.0204711304298447,0.0795555729127955,0.199817678769856,0.277551257759721,NaN,NaN,NaN,NaN,NaN,NaN,NaN,NaN,NaN
NaN,NaN,0.0207234496483579,-0.00458346760812371,-0.0198519154752527,0.0164260984650658,0.0806676838255953,0.204466915568143,0.28653926566282,NaN,NaN,NaN,NaN,NaN,NaN,NaN,NaN,NaN
NaN,NaN,0.00728006905410439,-0.00599816522541611,-0.0304285547996794,0.0134068624368714,0.079470729426248,0.205762813677817,0.282056158185393,NaN,NaN,NaN,NaN,NaN,NaN,NaN,NaN,NaN
NaN,NaN,0.00349081552121788,-0.0089433797353801,-0.028368245747212,0.00809320148740274,0.0863169375516008,0.205510052731067,0.285819856226832,NaN,NaN,NaN,NaN,NaN,NaN,NaN,NaN,NaN
NaN,NaN,0.00147327280137688,-0.0155339584404525,-0.031607814070109,0.0144149446180866,0.0818531457043718,0.205946340104371,0.28885885492006,NaN,NaN,NaN,NaN,NaN,NaN,NaN,NaN,NaN
NaN,NaN,0.00387373811099678,-0.0192681708091792,-0.0354012958074842,0.0167528809300469,0.0833733807958197,0.21499613194707,0.291147207618148,NaN,NaN,NaN,NaN,NaN,NaN,NaN,NaN,NaN
NaN,NaN,-0.00731038430240005,-0.018795114820629,-0.0366190559531484,0.0169842400840328,0.0910289454914164,0.206749196043044,0.288053689301402,NaN,NaN,NaN,NaN,NaN,NaN,NaN,NaN,NaN
NaN,NaN,-0.0155167704215273,-0.0206113428527412,-0.0390087924267088,0.021505848436694,0.0952323022938799,0.20974211289528,0.287270949930341,NaN,NaN,NaN,NaN,NaN,NaN,NaN,NaN,NaN
NaN,NaN,-0.016084318398498,-0.0271540702039298,-0.0312798022593294,0.0202509471467541,0.098573273018701,0.206217559864551,0.290817705691249,NaN,NaN,NaN,NaN,NaN,NaN,NaN,NaN,NaN
NaN,NaN,-0.0153374535730109,-0.0254078776294288,-0.0328563078607355,0.0323174790731476,0.0951606649614405,0.20058946578744,0.295100429803521,NaN,NaN,NaN,NaN,NaN,NaN,NaN,NaN,NaN
NaN,NaN,-0.0148631123593077,-0.0219262213164863,-0.0347530207897459,0.0386769221416519,0.0988322179473471,0.207874028822213,0.286736184507996,NaN,NaN,NaN,NaN,NaN,NaN,NaN,NaN,NaN
NaN,NaN,-0.0261923534562811,-0.0212585747891959,-0.0297504402066503,0.0405878843060539,0.102708307997091,0.205740517815381,0.285848745853097,NaN,NaN,NaN,NaN,NaN,NaN,NaN,NaN,NaN
NaN,NaN,-0.0301341762533411,-0.0184482902938422,-0.0267502962912355,0.0422034123233364,0.100856484816177,0.206220167567759,0.29419138446489,NaN,NaN,NaN,NaN,NaN,NaN,NaN,NaN,NaN
NaN,NaN,-0.0269619239261374,-0.0231628314310607,-0.0118214934433733,0.0455815428188847,0.0976418759382795,0.198295916309386,0.289033924937636,NaN,NaN,NaN,NaN,NaN,NaN,NaN,NaN,NaN
NaN,NaN,-0.021566474228166,-0.00948429188671677,-0.0151712372268472,0.0545769826761292,0.0953039955056738,0.197868327488929,0.290776038319261,NaN,NaN,NaN,NaN,NaN,NaN,NaN,NaN,NaN
NaN,NaN,-0.0201160697033629,-0.00660264945569603,-0.00920531519902094,0.0545716182580994,0.093778954789741,0.202195438435107,0.279944421500356,NaN,NaN,NaN,NaN,NaN,NaN,NaN,NaN,NaN
NaN,NaN,-0.0262245772173628,0.00169824727830322,-0.000910360303047735,0.0534404897383259,0.101348949567182,0.192687361379891,0.284139936566741,NaN,NaN,NaN,NaN,NaN,NaN,NaN,NaN,NaN
NaN,NaN,-0.0229687666287646,0.00610798516330154,0.000324089143153589,0.050300014137368,0.0928381327248644,0.192387587269574,0.283855585158259,NaN,NaN,NaN,NaN,NaN,NaN,NaN,NaN,NaN
NaN,NaN,-0.0116008383920416,0.0118685133105222,0.00965944311368124,0.0437789120963619,0.0858058277226519,0.188858936419516,0.279024516940505,NaN,NaN,NaN,NaN,NaN,NaN,NaN,NaN,NaN
NaN,NaN,-0.00222405919339508,0.0191850952154103,0.00197659066664831,0.0478506357661293,0.0832933801866602,0.184320750525027,0.279203833789021,NaN,NaN,NaN,NaN,NaN,NaN,NaN,NaN,NaN
NaN,NaN,0.00223498290870339,0.0230994067436162,0.000948969337817591,0.0481341303578423,0.0852920543111395,0.180366243114501,0.266817224920184,NaN,NaN,NaN,NaN,NaN,NaN,NaN,NaN,NaN
NaN,NaN,-0.00131944695021957,0.0232495359426442,0.00314359373199598,0.042112440734248,0.0832938831008505,0.173015984585315,0.27247335180679,NaN,NaN,NaN,NaN,NaN,NaN,NaN,NaN,NaN
NaN,NaN,0.00438004231546074,0.0248140274828377,0.00360249361741201,0.0379579224875973,0.0691029671288561,0.17271200089696,0.277239320576579,NaN,NaN,NaN,NaN,NaN,NaN,NaN,NaN,NaN
NaN,NaN,0.0140792826423422,0.0201383597498837,0.00753964117514746,0.0309957460752533,0.0624076891399454,0.168213023682862,0.27212224319616,NaN,NaN,NaN,NaN,NaN,NaN,NaN,NaN,NaN
NaN,NaN,0.016127577633597,0.0272575385218564,-0.00497491278899057,0.0350308501413868,0.0625838953710627,0.157661120286017,0.26882871404329,NaN,NaN,NaN,NaN,NaN,NaN,NaN,NaN,NaN
NaN,NaN,0.0129588457057253,0.0245150915628377,-0.00591439374935968,0.0229351305655049,0.0603508818603586,0.154549720575839,0.266925779879481,NaN,NaN,NaN,NaN,NaN,NaN,NaN,NaN,NaN
NaN,NaN,0.00376043340656906,0.0180436476415101,0.000455126229401989,0.0152004034510658,0.0541643108881544,0.15479724748972,0.277403326481969,NaN,NaN,NaN,NaN,NaN,NaN,NaN,NaN,NaN
NaN,NaN,0.00909484422300011,0.0173707484548989,0.00399862236129896,0.0100926951757477,0.0362165327824187,0.157526302030116,0.286615727246196,NaN,NaN,NaN,NaN,NaN,NaN,NaN,NaN,NaN
NaN,NaN,0.00812297186348587,0.0168095707243386,0.000329304549571437,0.00164820712719423,0.0360670368827414,0.153186692734986,0.281569858789832,NaN,NaN,NaN,NaN,NaN,NaN,NaN,NaN,NaN
NaN,NaN,0.00901901593897492,0.0192151210552159,-0.0111463032032286,-0.00206246140684622,0.0429736505902838,0.149466934492618,0.289229223281533,NaN,NaN,NaN,NaN,NaN,NaN,NaN,NaN,NaN
NaN,NaN,0.00983623287174851,0.0103988304084244,-0.00979931273711069,-0.0114527261563732,0.043113497988088,0.156255661388665,0.290352435559422,NaN,NaN,NaN,NaN,NaN,NaN,NaN,NaN,NaN
NaN,NaN,0.00482992699835449,0.000486876005500866,-0.0118727348114286,-0.0156551702627136,0.0351475048519205,0.162271222909718,0.302470544129998,NaN,NaN,NaN,NaN,NaN,NaN,NaN,NaN,NaN
NaN,NaN,0.00572023412678391,0.00403011136707695,-0.0183182879651819,-0.0202189116486503,0.0305391717411112,0.164408570965558,0.304831949770839,NaN,NaN,NaN,NaN,NaN,NaN,NaN,NaN,NaN
NaN,NaN,0.00926032161805779,0.00159107067641647,-0.0253896153832708,-0.0251759319313957,0.0396170895255636,0.163219961216479,0.300695443302781,NaN,NaN,NaN,NaN,NaN,NaN,NaN,NaN,NaN
NaN,NaN,0.0101525472709909,-0.00322807661238282,-0.0316044613088403,-0.0215270287105038,0.0463202651299071,0.164838450839549,0.301459518969447,NaN,NaN,NaN,NaN,NaN,NaN,NaN,NaN,NaN
NaN,NaN,0.00928149989340454,-0.0141879738027152,-0.0345871708656584,-0.0186077608474686,0.0435556526936125,0.176135803451568,0.301951313168199,NaN,NaN,NaN,NaN,NaN,NaN,NaN,NaN,NaN
NaN,NaN,-0.00312850379850715,-0.0236079849952754,-0.0257881283129488,-0.0226707673379375,0.044276161090238,0.183348691900998,0.309094240665824,NaN,NaN,NaN,NaN,NaN,NaN,NaN,NaN,NaN
NaN,NaN,-0.00306021922733635,-0.0185254410559234,-0.0332031323875223,-0.0176739609548046,0.0492273326672148,0.183777007153064,0.309572083652408,NaN,NaN,NaN,NaN,NaN,NaN,NaN,NaN,NaN
NaN,NaN,-0.00379208975937217,-0.0219908923560676,-0.0305319316054617,-0.0181012331255867,0.0565314721025061,0.176293625375062,0.305209023654849,NaN,NaN,NaN,NaN,NaN,NaN,NaN,NaN,NaN
NaN,NaN,-0.00421366223599762,-0.0285653219276962,-0.0310751720632349,-0.00925355690803068,0.0629478376067709,0.178062039306193,0.305668594092519,NaN,NaN,NaN,NaN,NaN,NaN,NaN,NaN,NaN
NaN,NaN,-0.0106127423932776,-0.033782777255207,-0.0186747609938417,-0.00614510017718809,0.0593023057735991,0.186577773531705,0.313264740407855,NaN,NaN,NaN,NaN,NaN,NaN,NaN,NaN,NaN
NaN,NaN,-0.0169433889677748,-0.033342038159996,-0.0120382308329378,-0.00784543442811507,0.0612649935937952,0.193733571907311,0.313181759566457,NaN,NaN,NaN,NaN,NaN,NaN,NaN,NaN,NaN
NaN,NaN,-0.0180659120669588,-0.0310600370818671,-0.0157923735047613,-0.00628451916660803,0.0654492769099306,0.184437892278462,0.312106733918578,NaN,NaN,NaN,NaN,NaN,NaN,NaN,NaN,NaN
NaN,NaN,-0.015513883321546,-0.0336765878552493,-0.0153472758199011,-0.00456991705383795,0.0658240411139559,0.177270731767445,0.304017321914823,NaN,NaN,NaN,NaN,NaN,NaN,NaN,NaN,NaN
NaN,NaN,-0.0194199433317408,-0.0312691189998683,-0.0119703560436998,-0.00241014275040167,0.0653892997361254,0.178227684339314,0.302401831150443,NaN,NaN,NaN,NaN,NaN,NaN,NaN,NaN,NaN
NaN,NaN,-0.0177638655295596,-0.022884719883829,-0.00357424088967188,0.00251089122806055,0.0588845517195295,0.187436899980336,0.302191221863419,NaN,NaN,NaN,NaN,NaN,NaN,NaN,NaN,NaN
NaN,NaN,-0.0178347578039393,-0.0229155652875003,-0.00346749269616945,0.00108300608311159,0.0682189743674826,0.18809297948125,0.29308076366821,NaN,NaN,NaN,NaN,NaN,NaN,NaN,NaN,NaN
NaN,NaN,-0.0162194719305262,-0.0141808398717937,-0.010176386621121,0.00368815746818048,0.0641628224111628,0.173117908527881,0.293170468658597,NaN,NaN,NaN,NaN,NaN,NaN,NaN,NaN,NaN
NaN,NaN,-0.010975101380609,-0.0158445172661838,-0.00800858431709154,0.00357876431856615,0.062917346105678,0.165802500089436,0.281070632636935,NaN,NaN,NaN,NaN,NaN,NaN,NaN,NaN,NaN
NaN,NaN,-0.0099982371320948,-0.0125142194980678,-0.000141069229963857,0.00610473465834123,0.0616060439206194,0.163667033305198,0.281058823466689,NaN,NaN,NaN,NaN,NaN,NaN,NaN,NaN,NaN
NaN,NaN,-0.00648174935486168,-0.0103705011958179,0.00105117267715589,0.0123115153304146,0.0559374559379648,0.169974638959199,0.276583650857598,NaN,NaN,NaN,NaN,NaN,NaN,NaN,NaN,NaN
NaN,NaN,-0.00726301723625511,-0.011978448247343,-0.00325589620721682,0.00361124884996874,0.0577339213050436,0.154765899171859,0.270547823757321,NaN,NaN,NaN,NaN,NaN,NaN,NaN,NaN,NaN
NaN,NaN,-0.00592232251074165,-0.0043337613994178,-0.00540384271395548,0.00208652478371126,0.0526225808716845,0.139202362736493,0.273733878285081,NaN,NaN,NaN,NaN,NaN,NaN,NaN,NaN,NaN
NaN,NaN,0.00235005712602288,-0.00578884116354554,-0.000167164888504582,-0.000260817886252577,0.0506954136944842,0.137437990745335,0.265951225310952,NaN,NaN,NaN,NaN,NaN,NaN,NaN,NaN,NaN
NaN,NaN,-0.000363537459634245,-0.00259440473261445,0.00421174621927397,0.00125002947364313,0.036937525466783,0.136906764348775,0.266053261012227,NaN,NaN,NaN,NaN,NaN,NaN,NaN,NaN,NaN
NaN,NaN,-0.00117680558469147,-0.000943579589754032,0.00133539370047705,-0.00184101152505415,0.0310492571152281,0.131852569868594,0.267044877410323,NaN,NaN,NaN,NaN,NaN,NaN,NaN,NaN,NaN
NaN,NaN,0.00247068202588707,0.00237869017776878,0.000515140656110209,-0.014027758569379,0.023811371967895,0.119909810712367,0.268501112014443,NaN,NaN,NaN,NaN,NaN,NaN,NaN,NaN,NaN
NaN,NaN,0.00394848606083542,0.00861838378962906,-0.00040578835857256,-0.0157628311523392,0.0207189898646902,0.116372424056559,0.271602453440816,NaN,NaN,NaN,NaN,NaN,NaN,NaN,NaN,NaN
NaN,NaN,0.0124632889637724,0.00797577121314437,-0.00170634308112009,-0.0120905144819214,0.0158130805648398,0.122299696197539,0.270547767877967,NaN,NaN,NaN,NaN,NaN,NaN,NaN,NaN,NaN
NaN,NaN,0.0106707910308614,0.00615138479527862,-0.00619861477268084,-0.0193469143220379,0.0119843575812411,0.129346324940949,0.274509167075545,NaN,NaN,NaN,NaN,NaN,NaN,NaN,NaN,NaN
NaN,NaN,0.0130428323755041,0.0133176512366238,-0.0141817069913183,-0.0266316077419712,0.00558261384139769,0.129779967358142,0.278467958569915,NaN,NaN,NaN,NaN,NaN,NaN,NaN,NaN,NaN
NaN,NaN,0.0188192675122991,0.0125187068527642,-0.0179924368227754,-0.0338637745686962,0.00589075122843497,0.123032218655377,0.277791110575587,NaN,NaN,NaN,NaN,NaN,NaN,NaN,NaN,NaN
NaN,NaN,0.015433537424542,0.0107855155414048,-0.021982483502749,-0.0278515285560085,0.0158210899389815,0.124382375618249,0.283276581913621,NaN,NaN,NaN,NaN,NaN,NaN,NaN,NaN,NaN
NaN,NaN,0.0175691718468443,0.0020417376702729,-0.0237551628912721,-0.026570233584304,0.0146472509659361,0.133161916276246,0.279931979030759,NaN,NaN,NaN,NaN,NaN,NaN,NaN,NaN,NaN
NaN,NaN,0.0151959570357576,-0.00304896465483277,-0.0324847474063669,-0.029348406077285,0.0180438030220102,0.138087644120484,0.282260229587943,NaN,NaN,NaN,NaN,NaN,NaN,NaN,NaN,NaN
NaN,NaN,0.0137380646774545,-0.00043071887436478,-0.0359250902498995,-0.02951559710588,0.0129015613056254,0.132662671496898,0.285906282961757,NaN,NaN,NaN,NaN,NaN,NaN,NaN,NaN,NaN
NaN,NaN,0.0204409981379285,-0.00774646258893578,-0.0363059080506597,-0.0265747784384682,0.0192340705252718,0.129404588481217,0.285774612576157,NaN,NaN,NaN,NaN,NaN,NaN,NaN,NaN,NaN
NaN,NaN,0.00745934864971787,-0.00871852121296494,-0.0316137745345865,-0.0217755987056686,0.0160831268585753,0.126440784772664,0.292305940539033,NaN,NaN,NaN,NaN,NaN,NaN,NaN,NaN,NaN
NaN,NaN,0.00791441148612648,-0.0169405721777972,-0.0385131611789499,-0.012939023853202,0.0187219548679423,0.134440864315062,0.295961754173428,NaN,NaN,NaN,NaN,NaN,NaN,NaN,NaN,NaN
NaN,NaN,-4.28908970207019e-06,-0.0206643351072368,-0.0377079210544859,-0.0159552796491577,0.0195125546015333,0.135719663342267,0.298325488120706,NaN,NaN,NaN,NaN,NaN,NaN,NaN,NaN,NaN
NaN,NaN,-0.00492074096109718,-0.0195907623225745,-0.0391990802551542,-0.0139581887730553,0.0169034544087481,0.132054946264058,0.305871398896367,NaN,NaN,NaN,NaN,NaN,NaN,NaN,NaN,NaN
NaN,NaN,-0.00801431515719741,-0.0175364323610362,-0.0358351058627401,-0.0188588640400364,0.0191989969171118,0.126684735407859,0.306066492349297,NaN,NaN,NaN,NaN,NaN,NaN,NaN,NaN,NaN
NaN,NaN,-0.0195857373764738,-0.0208215423578319,-0.0292957126463686,-0.0120364791461422,0.0258911084092688,0.125938634266883,0.306130828112752,NaN,NaN,NaN,NaN,NaN,NaN,NaN,NaN,NaN
NaN,NaN,-0.0204465215792879,-0.0275887184495029,-0.0315059087539945,-0.000622152418751892,0.0246330965019297,0.13406738533619,0.298798246086032,NaN,NaN,NaN,NaN,NaN,NaN,NaN,NaN,NaN
NaN,NaN,-0.0235916165402159,-0.0257428184801635,-0.0288195460404192,-0.00536465185966032,0.0224091726995539,0.132624356886178,0.298520339429767,NaN,NaN,NaN,NaN,NaN,NaN,NaN,NaN,NaN
NaN,NaN,-0.0253166867187247,-0.0165025152916011,-0.0314327999318872,-0.0106424382635547,0.0265919286466669,0.127197130461961,0.305809186548383,NaN,NaN,NaN,NaN,NaN,NaN,NaN,NaN,NaN
NaN,NaN,-0.0172146273544058,-0.0172266744727191,-0.0227089151109491,-0.0082231974908306,0.0326363052881788,0.122121478309661,0.289432847649247,NaN,NaN,NaN,NaN,NaN,NaN,NaN,NaN,NaN
NaN,NaN,-0.0269125824561343,-0.0226007782572803,-0.0174774154390131,0.00457296979341966,0.0365565959073137,0.119874010672599,0.285497357845694,NaN,NaN,NaN,NaN,NaN,NaN,NaN,NaN,NaN
NaN,NaN,-0.0250860912492499,-0.0196793310994205,-0.0192324369515215,0.0112203032961891,0.0275114979303908,0.123683362146645,0.27710552677551,NaN,NaN,NaN,NaN,NaN,NaN,NaN,NaN,NaN
NaN,NaN,-0.0241806594422087,-0.0139202930683192,-0.015981916275147,0.000186086564402405,0.0310399252630305,0.114880668809443,0.281629966348798,NaN,NaN,NaN,NaN,NaN,NaN,NaN,NaN,NaN
NaN,NaN,-0.0221712378552184,-0.00996409065070717,-0.0197352393831049,-0.000912725062031921,0.0313168633438181,0.10339315875414,0.278459613919646,NaN,NaN,NaN,NaN,NaN,NaN,NaN,NaN,NaN
NaN,NaN,-0.0182348912348971,-0.0175613359266814,-0.00817216181409701,0.00299778667006952,0.0298032965220045,0.0915585447752771,0.265184020400435,NaN,NaN,NaN,NaN,NaN,NaN,NaN,NaN,NaN
NaN,NaN,-0.0242778336396441,-0.0121034317368564,-0.00492545956027849,0.00701677885566217,0.0188924800313544,0.0864784409010705,0.266671621948869,NaN,NaN,NaN,NaN,NaN,NaN,NaN,NaN,NaN
NaN,NaN,-0.0245832143118605,-0.00294694758000939,-0.00564222404015406,0.00529256549392206,0.00689697076450102,0.0873638492727574,0.265930568576247,NaN,NaN,NaN,NaN,NaN,NaN,NaN,NaN,NaN
NaN,NaN,-0.0166262736311182,0.00333258801159294,-0.00280081474435671,-0.000595721484084304,0.0102506447292399,0.07676985009554,0.271120829284579,NaN,NaN,NaN,NaN,NaN,NaN,NaN,NaN,NaN
NaN,NaN,-0.0176422720542178,0.000323875928491665,-0.00298737728250368,-0.00609464112009543,0.00753015835653059,0.0686363492811021,0.271605415046603,NaN,NaN,NaN,NaN,NaN,NaN,NaN,NaN,NaN
NaN,NaN,-0.0137198766460642,0.00264592387732894,0.00785673788535253,-0.00579613360847967,-0.00172960947384127,0.0708121050799188,0.264526841938884,NaN,NaN,NaN,NaN,NaN,NaN,NaN,NaN,NaN
NaN,NaN,-0.016709235846065,0.00783687376436622,0.00553778192746298,-0.0102017177947952,-0.011633927031653,0.0690467086339292,0.269175091535241,NaN,NaN,NaN,NaN,NaN,NaN,NaN,NaN,NaN
NaN,NaN,-0.00552675256039947,0.0139903641587201,0.00383606931912558,-0.0135680763730003,-0.0133138094388414,0.066851525446206,0.270425876379401,NaN,NaN,NaN,NaN,NaN,NaN,NaN,NaN,NaN
NaN,NaN,0.00388044363353402,0.0104439436739388,-0.00223088258159502,-0.0294084763833477,-0.0109898243390489,0.0660346437895593,0.271775046140344,NaN,NaN,NaN,NaN,NaN,NaN,NaN,NaN,NaN
NaN,NaN,-0.000475705950520933,0.00789210119304092,-0.00247600668323382,-0.0339025734671547,-0.0143073071085382,0.0617808465564546,0.274492850304038,NaN,NaN,NaN,NaN,NaN,NaN,NaN,NaN,NaN
NaN,NaN,0.00614614656660706,0.00573852949795158,-0.00308198102963312,-0.0309985047885372,-0.0191847924434114,0.0631486055159864,0.269064040631444,NaN,NaN,NaN,NaN,NaN,NaN,NaN,NaN,NaN
NaN,NaN,0.00960852450225502,0.00437963672933014,-0.0106158404911791,-0.03451448965158,-0.0174283925734926,0.0589998242163953,0.277922445685059,NaN,NaN,NaN,NaN,NaN,NaN,NaN,NaN,NaN
NaN,NaN,0.0138221444794908,0.00686928548869522,-0.0160508155192171,-0.0410405835815861,-0.0180789213918615,0.0644348551237878,0.280899828076751,NaN,NaN,NaN,NaN,NaN,NaN,NaN,NaN,NaN
NaN,NaN,0.0123791905352846,-0.002915189480215,-0.0167958735789095,-0.0463347798892452,-0.0152425039850641,0.0672159333432016,0.28229539632836,NaN,NaN,NaN,NaN,NaN,NaN,NaN,NaN,NaN
NaN,NaN,0.00623940920922905,-0.00599488696995347,-0.0178417488302027,-0.0402789852329685,-0.0169469733082224,0.0655249681973752,0.287233603895099,NaN,NaN,NaN,NaN,NaN,NaN,NaN,NaN,NaN
NaN,NaN,0.0098263235995546,-0.0114851453060207,-0.0221262610818182,-0.0376239894637062,-0.0207428578578401,0.0711503614390191,0.283329890817792,NaN,NaN,NaN,NaN,NaN,NaN,NaN,NaN,NaN
NaN,NaN,0.00576955697033554,-0.0105449192875919,-0.0177774689461027,-0.041689752668996,-0.0205296408676077,0.0675228972637948,0.292615158260257,NaN,NaN,NaN,NaN,NaN,NaN,NaN,NaN,NaN
NaN,NaN,-0.00112072133924812,-0.0107947931343612,-0.023779675301436,-0.0455903365024521,-0.0212063957296778,0.0721161429488954,0.289541048705966,NaN,NaN,NaN,NaN,NaN,NaN,NaN,NaN,NaN
NaN,NaN,-0.00626639032270759,-0.0191375807577666,-0.022225987103108,-0.0469923681327297,-0.0101288538717199,0.0790247496867475,0.289754396081359,NaN,NaN,NaN,NaN,NaN,NaN,NaN,NaN,NaN
NaN,NaN,-0.0105520015349612,-0.0222278021925983,-0.025988586183909,-0.0429679929026558,-0.0131808352016378,0.0751573209369478,0.287237459570558,NaN,NaN,NaN,NaN,NaN,NaN,NaN,NaN,NaN
NaN,NaN,-0.011396357207559,-0.0264391683692035,-0.0258802547420297,-0.0461130692371323,-0.0108113456808496,0.0782159146571454,0.290951890647799,NaN,NaN,NaN,NaN,NaN,NaN,NaN,NaN,NaN
NaN,NaN,-0.0148658131947741,-0.0231934160644111,-0.0294886640573774,-0.0507013230332329,-0.00875230322708376,0.076974349906474,0.292857991308362,NaN,NaN,NaN,NaN,NaN,NaN,NaN,NaN,NaN
NaN,NaN,-0.0173572314670309,-0.0278651536161002,-0.0382871291900907,-0.0503538652070953,0.000123461679322645,0.0855054882073697,0.285731399208695,NaN,NaN,NaN,NaN,NaN,NaN,NaN,NaN,NaN
NaN,NaN,-0.0130492312600836,-0.0331608959192332,-0.0296995527411733,-0.0477232328363849,0.000145906553370878,0.0862452377283868,0.274199967980773,NaN,NaN,NaN,NaN,NaN,NaN,NaN,NaN,NaN
NaN,NaN,-0.0198562679579481,-0.0345380984896716,-0.0302143692339693,-0.044651954502721,0.00616260428796522,0.0807720039689836,0.274202296287209,NaN,NaN,NaN,NaN,NaN,NaN,NaN,NaN,NaN
NaN,NaN,-0.0259425727417693,-0.0334274404400882,-0.0288278348113333,-0.0410510516473247,-9.41511534620076e-05,0.0835901302004155,0.267669180184991,NaN,NaN,NaN,NaN,NaN,NaN,NaN,NaN,NaN
NaN,NaN,-0.028441553353332,-0.0374126442426738,-0.0395128055776392,-0.0400951235302879,0.00891855542431585,0.0777318504357633,0.259931286573798,NaN,NaN,NaN,NaN,NaN,NaN,NaN,NaN,NaN
NaN,NaN,-0.0270240431418642,-0.037995838438898,-0.0380149967337881,-0.0355036846109821,0.00643475537071936,0.0783215638900098,0.249277272969872,NaN,NaN,NaN,NaN,NaN,NaN,NaN,NaN,NaN
NaN,NaN,-0.0286320088198408,-0.0432248607927856,-0.0255642011131082,-0.0298761493274166,0.00835059766541235,0.075208823075324,0.241170165837199,NaN,NaN,NaN,NaN,NaN,NaN,NaN,NaN,NaN
NaN,NaN,-0.0372098436346278,-0.0369214088374671,-0.0184268429244791,-0.0222611902960731,0.00391528566251509,0.062366089662343,0.242385653555781,NaN,NaN,NaN,NaN,NaN,NaN,NaN,NaN,NaN
NaN,NaN,-0.0391031479230151,-0.039378852462202,-0.019142787840489,-0.0186512722381546,0.00286484693060629,0.0602971565628347,0.238625531793029,NaN,NaN,NaN,NaN,NaN,NaN,NaN,NaN,NaN
NaN,NaN,-0.0366731038084254,-0.0363154531175193,-0.0186841673518453,-0.0246225400575592,0.00470826958189718,0.0557981979751882,0.230979876369626,NaN,NaN,NaN,NaN,NaN,NaN,NaN,NaN,NaN
NaN,NaN,-0.033503477810882,-0.0284303174072799,-0.0107136852408682,-0.0223939037629558,-0.00441310371388682,0.0552420307600793,0.225504072159917,NaN,NaN,NaN,NaN,NaN,NaN,NaN,NaN,NaN
NaN,NaN,-0.0340544482460245,-0.0199249394887981,0.00234397879588262,-0.0213094345041706,-0.00785869921674021,0.050099658658534,0.218698115796239,NaN,NaN,NaN,NaN,NaN,NaN,NaN,NaN,NaN
NaN,NaN,-0.0306018119445071,-0.0113870397860107,0.000413216713544291,-0.0189666739412739,-0.0105329361103941,0.0390158769393262,0.223547102660329,NaN,NaN,NaN,NaN,NaN,NaN,NaN,NaN,NaN
NaN,NaN,-0.0267338616540655,-0.00791659659686654,-0.00396105640781267,-0.0254487721928551,-0.0111813973926473,0.0445942570174035,0.218536680341155,NaN,NaN,NaN,NaN,NaN,NaN,NaN,NaN,NaN
NaN,NaN,-0.019820207147859,-0.000327751850515294,-0.00234692537439211,-0.0324174306103184,-0.0113135148130823,0.0440263923907575,0.21288394346872,NaN,NaN,NaN,NaN,NaN,NaN,NaN,NaN,NaN
NaN,NaN,-0.00924896949436516,0.00492066063937576,-0.00225671746981485,-0.0286444379695846,-0.0194270853244234,0.0445198070907888,0.209734415412337,NaN,NaN,NaN,NaN,NaN,NaN,NaN,NaN,NaN
NaN,NaN,-0.00411734485533088,0.00445930206236274,-0.00163029127967699,-0.0302841990002586,-0.0212428849481512,0.0382045832181272,0.204293070137889,NaN,NaN,NaN,NaN,NaN,NaN,NaN,NaN,NaN
NaN,NaN,-0.00344850623514503,0.00661073171553047,-0.00969357037198885,-0.0304541094907715,-0.0184247400902677,0.0315816876197156,0.207782307416589,NaN,NaN,NaN,NaN,NaN,NaN,NaN,NaN,NaN
NaN,NaN,-0.00133926549460739,0.00639384531435402,-0.0126360840464865,-0.0308144195684387,-0.0201742481731344,0.0338809554183778,0.202651148438842,NaN,NaN,NaN,NaN,NaN,NaN,NaN,NaN,NaN
NaN,NaN,0.00584568327758461,0.00116879039463432,-0.0120231992865835,-0.033243122578521,-0.0235263761423994,0.0337815832996663,0.197747641951234,NaN,NaN,NaN,NaN,NaN,NaN,NaN,NaN,NaN
NaN,NaN,0.00921541324350983,0.00220647000727089,-0.0172503776217733,-0.0329261376270248,-0.0244590211950708,0.0325202186310586,0.195624822527558,NaN,NaN,NaN,NaN,NaN,NaN,NaN,NaN,NaN
NaN,NaN,0.00326774513814598,-0.00222131690922348,-0.0153345167006288,-0.0396966478535129,-0.0260454919480253,0.0252286706769761,0.198149433136374,NaN,NaN,NaN,NaN,NaN,NaN,NaN,NaN,NaN
NaN,NaN,0.00249949714634568,-0.00124588689747422,-0.0229794270659719,-0.037040758014579,-0.0269296337210108,0.0215960656011399,0.206454036534221,NaN,NaN,NaN,NaN,NaN,NaN,NaN,NaN,NaN
NaN,NaN,-0.000846633105538786,-0.00576490617337792,-0.0211908965672289,-0.0402757069775059,-0.0351690072857309,0.0301594649160203,0.20444111317435,NaN,NaN,NaN,NaN,NaN,NaN,NaN,NaN,NaN
NaN,NaN,0.00105278065893799,-0.0108983748311099,-0.0238647423054014,-0.0463089077481224,-0.0310834441625047,0.0367411215508279,0.204739024639518,NaN,NaN,NaN,NaN,NaN,NaN,NaN,NaN,NaN
NaN,NaN,0.00167507177684456,-0.0121439628953037,-0.0315581932033335,-0.049252632141967,-0.0320863668166567,0.0308221754336652,0.212907338291795,NaN,NaN,NaN,NaN,NaN,NaN,NaN,NaN,NaN
NaN,NaN,-0.00360396259929985,-0.0168796078020629,-0.036480754550818,-0.0499381414362385,-0.0358946938358713,0.0301775884533223,0.216187996566684,NaN,NaN,NaN,NaN,NaN,NaN,NaN,NaN,NaN
NaN,NaN,-0.00728471705224365,-0.0167016693109569,-0.0432001537944113,-0.047674766809602,-0.0405866783403326,0.0305898663306531,0.214804721773059,NaN,NaN,NaN,NaN,NaN,NaN,NaN,NaN,NaN
NaN,NaN,-0.0094724124064669,-0.0247055859023627,-0.0402598566676412,-0.0481575644322826,-0.0424432698928285,0.0407939021194276,0.21120191901961,NaN,NaN,NaN,NaN,NaN,NaN,NaN,NaN,NaN
NaN,NaN,-0.0132226621499285,-0.0305984363609847,-0.0479267276192938,-0.053246590376754,-0.0348827746056486,0.043176150759488,0.214003747105986,NaN,NaN,NaN,NaN,NaN,NaN,NaN,NaN,NaN
NaN,NaN,-0.0191381996264681,-0.0342294395619926,-0.0525847188497816,-0.0484845704146816,-0.0321341436647344,0.0408167567754087,0.216148825139195,NaN,NaN,NaN,NaN,NaN,NaN,NaN,NaN,NaN
NaN,NaN,-0.0251485829940066,-0.0356066607588824,-0.0555015839005743,-0.0484833969482376,-0.029128151043551,0.0388898689949807,0.211785075962932,NaN,NaN,NaN,NaN,NaN,NaN,NaN,NaN,NaN
NaN,NaN,-0.0295624186983332,-0.0361485601121482,-0.0439742691184316,-0.0409711814233257,-0.0261410456441808,0.038831009408265,0.210633849501998,NaN,NaN,NaN,NaN,NaN,NaN,NaN,NaN,NaN
NaN,NaN,-0.033920039772056,-0.0382639848345813,-0.042034491833571,-0.0340212425896122,-0.01945575143327,0.0452239055836496,0.210065686852128,NaN,NaN,NaN,NaN,NaN,NaN,NaN,NaN,NaN
NaN,NaN,-0.0377693636110052,-0.0443479240590629,-0.0468831806744371,-0.0330148926683857,-0.0117916558228899,0.0437410910332498,0.198952512592465,NaN,NaN,NaN,NaN,NaN,NaN,NaN,NaN,NaN
NaN,NaN,-0.038284738897346,-0.0405279368812141,-0.0444217323626314,-0.0262128106066181,-0.0040379669808317,0.0408343215191659,0.202991844863088,NaN,NaN,NaN,NaN,NaN,NaN,NaN,NaN,NaN
NaN,NaN,-0.0427929548313841,-0.0399510384255943,-0.0372664182747637,-0.0223478778013183,-0.00964175353874453,0.0362959121072587,0.199102995694072,NaN,NaN,NaN,NaN,NaN,NaN,NaN,NaN,NaN
NaN,NaN,-0.0425149364164099,-0.0371323161477145,-0.0261380820835863,-0.0154825403102829,-0.00791558439959771,0.0372000586891469,0.196209022552163,NaN,NaN,NaN,NaN,NaN,NaN,NaN,NaN,NaN
NaN,NaN,-0.0384304350009188,-0.0334582858437595,-0.0288004911805425,-0.0117928451606228,-0.00769366885651835,0.0350163307690915,0.185802479982764,NaN,NaN,NaN,NaN,NaN,NaN,NaN,NaN,NaN
NaN,NaN,-0.0363555600633845,-0.0346311934942302,-0.0238182320560251,-0.010990566641946,-0.00504575113882311,0.0377633225822744,0.182317377776296,NaN,NaN,NaN,NaN,NaN,NaN,NaN,NaN,NaN
NaN,NaN,-0.0388349829008803,-0.0236932568902072,-0.0152728817726408,-0.00709206897105711,-0.00768968279589899,0.0385797944569883,0.189966777116448,NaN,NaN,NaN,NaN,NaN,NaN,NaN,NaN,NaN
NaN,NaN,-0.0353703884175047,-0.0197869361096915,-0.01241083436859,-0.00182938861932295,-0.010867467179196,0.0295848575139341,0.178230380416304,NaN,NaN,NaN,NaN,NaN,NaN,NaN,NaN,NaN
NaN,NaN,-0.0275260818889365,-0.011415426498085,-0.00614491471302851,-0.000495939583440002,-0.00759655053843743,0.0248986658358869,0.173121461421639,NaN,NaN,NaN,NaN,NaN,NaN,NaN,NaN,NaN
NaN,NaN,-0.0212224809220061,-0.00757185823264687,-0.0091024785603319,-0.00207034039582747,-0.01417714546551,0.0244844321811494,0.166830116659791,NaN,NaN,NaN,NaN,NaN,NaN,NaN,NaN,NaN
NaN,NaN,-0.0176312638213858,-0.00557493499460785,0.00189346081363813,-0.00479606080140608,-0.0117976721667219,0.0229248580241498,0.16448918148914,NaN,NaN,NaN,NaN,NaN,NaN,NaN,NaN,NaN
NaN,NaN,-0.0200755012920126,-0.00104533589425652,-0.000814396824959356,-0.00378272596086996,-0.0108356718264986,0.0155481126809415,0.165785060972363,NaN,NaN,NaN,NaN,NaN,NaN,NaN,NaN,NaN
NaN,NaN,-0.011894111870788,-0.00170428386869996,0.00118858000981466,0.000446856885294739,-0.0134531539224554,0.008863321384221,0.158116755783946,NaN,NaN,NaN,NaN,NaN,NaN,NaN,NaN,NaN
NaN,NaN,-0.0055300680687651,-0.000777375763088154,0.000234160635348719,-0.0126966378399326,-0.0193599369667936,0.00911030813100903,0.155335863829047,NaN,NaN,NaN,NaN,NaN,NaN,NaN,NaN,NaN
NaN,NaN,0.00405007472727448,0.000945496494144512,-0.00337115668905123,-0.0143275140532448,-0.0235019009851385,-0.000175164202422216,0.155754754096658,NaN,NaN,NaN,NaN,NaN,NaN,NaN,NaN,NaN
NaN,NaN,0.00459832570049912,0.000703445757001949,-0.00200766318691118,-0.0125045432456924,-0.0263972897373605,-0.000931733409136846,0.155429238230378,NaN,NaN,NaN,NaN,NaN,NaN,NaN,NaN,NaN
NaN,NaN,-0.00255277880933136,0.000883470410675121,-0.00239339837086542,-0.0166333011099293,-0.0300006699108053,-0.00382769958135517,0.159789075851828,NaN,NaN,NaN,NaN,NaN,NaN,NaN,NaN,NaN
NaN,NaN,0.00390864408109337,-8.34546032516892e-06,0.000361993971940439,-0.019241358221431,-0.0368232410692144,-0.0103896866833869,0.151981891841084,NaN,NaN,NaN,NaN,NaN,NaN,NaN,NaN,NaN
NaN,NaN,0.00544746837113053,-0.00329565337839692,-0.00952371576083048,-0.035014665753503,-0.038704903825419,-0.00831699104067714,0.151048166454226,NaN,NaN,NaN,NaN,NaN,NaN,NaN,NaN,NaN
NaN,NaN,0.00244484713766724,0.00209305354413421,-0.0173421874011789,-0.0309134377845718,-0.0453054849349428,-0.0103716003989878,0.156212219745309,NaN,NaN,NaN,NaN,NaN,NaN,NaN,NaN,NaN
NaN,NaN,-0.00470243894960731,-0.00504538497868149,-0.0193480885888372,-0.0390143609353496,-0.0469940286420751,-0.00251477689501674,0.155596280247361,NaN,NaN,NaN,NaN,NaN,NaN,NaN,NaN,NaN
NaN,NaN,-0.0123339755227789,-0.00727271742168038,-0.0143749005461965,-0.0484078853138878,-0.0491818357550073,-0.00558085844871433,0.160268651098401,NaN,NaN,NaN,NaN,NaN,NaN,NaN,NaN,NaN
NaN,NaN,-0.00408836209680885,-0.0101781458312568,-0.0187070592607294,-0.0495876661249592,-0.0462273638986517,-0.00521190569755466,0.148418484032542,NaN,NaN,NaN,NaN,NaN,NaN,NaN,NaN,NaN
NaN,NaN,-0.00358714291360229,-0.0107057959491309,-0.0322491600478922,-0.0597991897472336,-0.0433141310059,0.00301647826078503,0.14872637927571,NaN,NaN,NaN,NaN,NaN,NaN,NaN,NaN,NaN
NaN,NaN,-0.00383209937717766,-0.010459759151369,-0.0395069009925161,-0.0551980464467003,-0.0414955560408998,0.00959448411110012,0.154027746767194,NaN,NaN,NaN,NaN,NaN,NaN,NaN,NaN,NaN
NaN,NaN,-0.00708194950129837,-0.0169625141376552,-0.0348849333192144,-0.0576758674093677,-0.0385184716724325,0.0188506942892369,0.149931436181456,NaN,NaN,NaN,NaN,NaN,NaN,NaN,NaN,NaN
NaN,NaN,-0.0100472060730681,-0.0180867136174735,-0.0276411249603067,-0.0527241184123947,-0.0311983134888578,0.0101423439288434,0.148491760492713,NaN,NaN,NaN,NaN,NaN,NaN,NaN,NaN,NaN
NaN,NaN,-0.00333391630556434,-0.0208571188801822,-0.0396114140118395,-0.0482893279501392,-0.0316632669710089,0.0114394527578649,0.136768588573129,NaN,NaN,NaN,NaN,NaN,NaN,NaN,NaN,NaN
NaN,NaN,-0.00304310151841491,-0.0248901367837486,-0.0452222599948679,-0.0567602283069088,-0.0251752082549501,0.0216646668219861,0.140142975151927,NaN,NaN,NaN,NaN,NaN,NaN,NaN,NaN,NaN
NaN,NaN,-0.0149382142117247,-0.0291338571065959,-0.0439050159717832,-0.0418363055893375,-0.0226474311493803,0.0248721231425103,0.143493165970237,NaN,NaN,NaN,NaN,NaN,NaN,NaN,NaN,NaN
NaN,NaN,-0.0162531671812758,-0.0317817934507426,-0.0327699928845201,-0.0412473371931507,-0.0193250682496,0.0287155051434335,0.138645725101621,NaN,NaN,NaN,NaN,NaN,NaN,NaN,NaN,NaN
NaN,NaN,-0.0239747253945097,-0.0302635886425075,-0.029704041715983,-0.0352806328543617,-0.020245512976544,0.0154095505082902,0.137660404444129,NaN,NaN,NaN,NaN,NaN,NaN,NaN,NaN,NaN
NaN,NaN,-0.0217439843108878,-0.0268364892059859,-0.0334655977155004,-0.0335430270739986,-0.0170614887319971,0.0167800661826429,0.130228617936761,NaN,NaN,NaN,NaN,NaN,NaN,NaN,NaN,NaN
NaN,NaN,-0.0225748358061537,-0.0332562447244224,-0.0257510989273821,-0.0308903409847214,-0.010609509452479,0.0229334820711908,0.132580375075728,NaN,NaN,NaN,NaN,NaN,NaN,NaN,NaN,NaN
NaN,NaN,-0.0293841635575518,-0.0291416243368682,-0.0212538725997244,-0.0181048652836277,-0.00863873775233515,0.0284059707725343,0.133065314740331,NaN,NaN,NaN,NaN,NaN,NaN,NaN,NaN,NaN
NaN,NaN,-0.023220875649713,-0.0266176842803058,-0.0117854140068327,-0.0226784973153068,-0.00979449044098147,0.0299156632924375,0.124320251644046,NaN,NaN,NaN,NaN,NaN,NaN,NaN,NaN,NaN
NaN,NaN,-0.0293627990176901,-0.0235163614803848,-0.0111696421469484,-0.0247098981150581,-0.0125418734096456,0.0125345577204522,0.118358073532969,NaN,NaN,NaN,NaN,NaN,NaN,NaN,NaN,NaN
NaN,NaN,-0.0237414663424715,-0.0197668009156284,-0.0122480391825472,-0.0239513358780338,-0.0128446091257501,0.02066343917492,0.106342056543023,NaN,NaN,NaN,NaN,NaN,NaN,NaN,NaN,NaN
NaN,NaN,-0.0213941795518622,-0.0195952512973842,-0.0101094245280062,-0.0187125532635643,-0.00480563755263575,0.0226557244265374,0.102322170287759,NaN,NaN,NaN,NaN,NaN,NaN,NaN,NaN,NaN
NaN,NaN,-0.0223900800338015,-0.0137760125750598,-0.00498713174116953,-0.0115232086488201,-0.00709037671913393,0.0210470136905011,0.0986311526600427,NaN,NaN,NaN,NaN,NaN,NaN,NaN,NaN,NaN
NaN,NaN,-0.0156050225486979,-0.012558420067459,-0.00124090531123026,-0.0190407699653103,-0.0142579097591806,0.0120906893813905,0.0828154513243741,NaN,NaN,NaN,NaN,NaN,NaN,NaN,NaN,NaN
NaN,NaN,-0.0203166207065806,-0.00538611865583031,-0.0078672468031679,-0.0214747815140678,-0.0198047925077844,-0.00586731464621456,0.0740751193467683,NaN,NaN,NaN,NaN,NaN,NaN,NaN,NaN,NaN
NaN,NaN,-0.0118219529977068,-0.00150796106997101,-0.0127381756271158,-0.0174627183684303,-0.0163799096189905,-0.00110054493901165,0.0655880884830064,NaN,NaN,NaN,NaN,NaN,NaN,NaN,NaN,NaN
NaN,NaN,-0.00814745703246444,-0.00331195152345269,-0.00699904927265986,-0.0129205091604187,-0.0161373559676576,-0.00194672600385578,0.0646932923797673,NaN,NaN,NaN,NaN,NaN,NaN,NaN,NaN,NaN
NaN,NaN,-0.015458301990293,-0.00249961472097008,-0.00281195336234911,-0.012729643911977,-0.0252974909089971,-0.00783618644830616,0.0608936080340451,NaN,NaN,NaN,NaN,NaN,NaN,NaN,NaN,NaN
NaN,NaN,-0.0108244878938422,-0.0013299666995105,-0.00643390410793169,-0.0212864308365776,-0.035217324300902,-0.0211660947000685,0.0516010576490468,NaN,NaN,NaN,NaN,NaN,NaN,NaN,NaN,NaN
NaN,NaN,-0.0138457355787978,-0.00160239717903702,-0.0112314074600969,-0.0299591860481693,-0.0369507018767763,-0.0358712311184111,0.0504818500582284,NaN,NaN,NaN,NaN,NaN,NaN,NaN,NaN,NaN
NaN,NaN,-0.00613919028546661,-0.000114497607379841,-0.0101189612711702,-0.0261733225294544,-0.0408663731359411,-0.0287683132385913,0.0478005723659104,NaN,NaN,NaN,NaN,NaN,NaN,NaN,NaN,NaN
NaN,NaN,-0.00959096977021545,-0.00229967839065163,-0.00415268534076555,-0.0285172751852466,-0.0466291737102438,-0.0261293548440638,0.0491945387426919,NaN,NaN,NaN,NaN,NaN,NaN,NaN,NaN,NaN
NaN,NaN,-0.0113015671959147,0.00176355161723526,-0.00895477079999788,-0.0345150298186733,-0.0608282108150888,-0.0306827212965194,0.0519187690321511,NaN,NaN,NaN,NaN,NaN,NaN,NaN,NaN,NaN
NaN,NaN,-0.00301924103405327,0.0054030298536721,-0.0185605622197424,-0.0483559733935787,-0.0610544104420114,-0.0343111726736728,0.0498651468757695,NaN,NaN,NaN,NaN,NaN,NaN,NaN,NaN,NaN
NaN,NaN,0.00108319765422493,0.00301901170071991,-0.0211194082464014,-0.0544420360335304,-0.0548672993027139,-0.0363358679508868,0.0519390718642777,NaN,NaN,NaN,NaN,NaN,NaN,NaN,NaN,NaN
NaN,NaN,0.00449168926570565,0.00723186799344452,-0.023552171822909,-0.04695779743876,-0.0545022767328192,-0.0248230445480052,0.0532791705433434,NaN,NaN,NaN,NaN,NaN,NaN,NaN,NaN,NaN
NaN,NaN,0.0077830950031057,-0.00128861597719758,-0.0238768122459684,-0.046389746547599,-0.0540517214976717,-0.0180808837806884,0.0544337125126428,NaN,NaN,NaN,NaN,NaN,NaN,NaN,NaN,NaN
NaN,NaN,0.00645562505815178,-0.00140279612484543,-0.0340302958453928,-0.0515757045456363,-0.0527484473132063,-0.0192399519777003,0.0620374211672849,NaN,NaN,NaN,NaN,NaN,NaN,NaN,NaN,NaN
NaN,NaN,0.010498626739718,-0.00848310149255364,-0.0414468459154402,-0.0570062651046707,-0.0479527507268358,-0.0137408833300772,0.0608386600021428,NaN,NaN,NaN,NaN,NaN,NaN,NaN,NaN,NaN
NaN,NaN,0.00454781076405197,-0.0118300885612067,-0.0392589456702505,-0.0503089568325474,-0.0395043883763719,-0.0177582736408416,0.0622221024338311,NaN,NaN,NaN,NaN,NaN,NaN,NaN,NaN,NaN
NaN,NaN,0.00501475727651268,-0.0142876066917476,-0.0376957952345644,-0.037165350348611,-0.0405746829055715,-0.00609712780472667,0.0574925856296128,NaN,NaN,NaN,NaN,NaN,NaN,NaN,NaN,NaN
NaN,NaN,-0.000311904936097563,-0.0190449886673984,-0.0299645698930059,-0.0352660669692947,-0.0374721121334005,-0.00432601303812893,0.0613699236516065,NaN,NaN,NaN,NaN,NaN,NaN,NaN,NaN,NaN
NaN,NaN,-0.00715347507502884,-0.0226425015086231,-0.0333979278172289,-0.0386172636159851,-0.035231890185969,-0.00977663428542049,0.0678270438317365,NaN,NaN,NaN,NaN,NaN,NaN,NaN,NaN,NaN
NaN,NaN,-0.0111795453121886,-0.0272484318071899,-0.0310872047508989,-0.0400205432185127,-0.0307449270330835,-0.00573340908643635,0.064790894985587,NaN,NaN,NaN,NaN,NaN,NaN,NaN,NaN,NaN
NaN,NaN,-0.0173893620958552,-0.0238693141097125,-0.0297287403906618,-0.0342597543009712,-0.029894908919232,-0.0108780908679667,0.0626436562840051,NaN,NaN,NaN,NaN,NaN,NaN,NaN,NaN,NaN
NaN,NaN,-0.0211363708367571,-0.0209737763458785,-0.0237900129820143,-0.0252869642087414,-0.0367235709272791,0.000526419719487116,0.0634410174194878,NaN,NaN,NaN,NaN,NaN,NaN,NaN,NaN,NaN
NaN,NaN,-0.0207967733731493,-0.0240237460190353,-0.0163775793577467,-0.0289317509838535,-0.0311087947629858,0.00304017110708325,0.0662991532687253,NaN,NaN,NaN,NaN,NaN,NaN,NaN,NaN,NaN
NaN,NaN,-0.024384600459598,-0.0264480159336623,-0.022546827730063,-0.0288951686331226,-0.0277901012741495,-0.000352953681916311,0.0633960159126824,NaN,NaN,NaN,NaN,NaN,NaN,NaN,NaN,NaN
NaN,NaN,-0.0251527925720438,-0.0258919977301654,-0.0300946942831312,-0.0308214231141998,-0.0256788675033022,0.00459529354217617,0.0525022426251477,NaN,NaN,NaN,NaN,NaN,NaN,NaN,NaN,NaN
NaN,NaN,-0.0287248803069815,-0.0221299574429092,-0.0222493074203764,-0.0253141774543716,-0.0221274365030695,-0.00322159484979542,0.0445226894322938,NaN,NaN,NaN,NaN,NaN,NaN,NaN,NaN,NaN
NaN,NaN,-0.0284792532911524,-0.020308998292118,-0.0190078391994272,-0.0166952899404957,-0.022650634899037,0.000481846621066019,0.0442237721387452,NaN,NaN,NaN,NaN,NaN,NaN,NaN,NaN,NaN
NaN,NaN,-0.0290345078101382,-0.0238939382785854,-0.0167942530776296,-0.0149993887850239,-0.0175276343070436,-0.00555705384370716,0.0341133715216226,NaN,NaN,NaN,NaN,NaN,NaN,NaN,NaN,NaN
NaN,NaN,-0.026624915539287,-0.0220754750722942,-0.0269129052127634,-0.014318480224271,-0.0152460802637506,-0.0119118775522414,0.0270242558423585,NaN,NaN,NaN,NaN,NaN,NaN,NaN,NaN,NaN
NaN,NaN,-0.0289574874332175,-0.0194483072215614,-0.0218002795542513,-0.0169713525780632,-0.0193046536587644,-0.0158784735297862,0.0172132940594262,NaN,NaN,NaN,NaN,NaN,NaN,NaN,NaN,NaN
NaN,NaN,-0.0308152897050604,-0.021463149105936,-0.00981639319312914,-0.00752157631601828,-0.0174716059409548,-0.0316931131577197,0.0131888629499978,NaN,NaN,NaN,NaN,NaN,NaN,NaN,NaN,NaN
NaN,NaN,-0.0276699712267146,-0.0165993542129096,-0.00716912740123613,-0.00193846511926191,-0.0240623150311876,-0.0321657034849826,0.0141515897218293,NaN,NaN,NaN,NaN,NaN,NaN,NaN,NaN,NaN
NaN,NaN,-0.0218484600773081,-0.0180563525015411,-0.00768230476630076,-0.00633611443724173,-0.0281640272878576,-0.0390114086961451,0.00744852587619486,NaN,NaN,NaN,NaN,NaN,NaN,NaN,NaN,NaN
NaN,NaN,-0.018478469341062,-0.0107633703106937,-0.00604230159175737,-0.016617096097131,-0.0333603602193762,-0.0476716655587855,0.00311022043266955,NaN,NaN,NaN,NaN,NaN,NaN,NaN,NaN,NaN
NaN,NaN,-0.021099248318933,-0.00750670290532677,0.00172548747408049,-0.0135512008079483,-0.043395249202149,-0.048885160247058,-0.00253024160823164,NaN,NaN,NaN,NaN,NaN,NaN,NaN,NaN,NaN
NaN,NaN,-0.0131201235344633,-0.00060532323065369,0.00910012802827017,-0.00913865032877463,-0.0459869336627889,-0.057689138809413,0.00152997091451349,NaN,NaN,NaN,NaN,NaN,NaN,NaN,NaN,NaN
NaN,NaN,-0.0104012390365824,-0.00134710303488343,-0.00196444981944903,-0.0135177663275196,-0.0542192850552965,-0.0553278635537329,0.00527329161801996,NaN,NaN,NaN,NaN,NaN,NaN,NaN,NaN,NaN
NaN,NaN,-0.00198605039622635,0.00563125976380737,-0.00178368010771616,-0.0260704858907654,-0.0561696049117017,-0.0557581345832053,-0.00374261870941458,NaN,NaN,NaN,NaN,NaN,NaN,NaN,NaN,NaN
NaN,NaN,0.00176311901304871,0.0113103158122006,-0.00259454542053087,-0.0349132447251274,-0.0545419697009493,-0.0563770543133918,-0.00174370244106588,NaN,NaN,NaN,NaN,NaN,NaN,NaN,NaN,NaN
NaN,NaN,0.00402092433068901,0.0154962196296159,0.0029628612731661,-0.0257122992285683,-0.0619189013086725,-0.0583893816268149,-0.00289992079099951,NaN,NaN,NaN,NaN,NaN,NaN,NaN,NaN,NaN
NaN,NaN,0.0094523603329435,0.00958409079369934,-0.00114892789376123,-0.02752340498652,-0.0563766006671358,-0.0678874376511279,0.000465338826567553,NaN,NaN,NaN,NaN,NaN,NaN,NaN,NaN,NaN
NaN,NaN,0.0133172745117918,0.0126771807020608,-0.0106882973874842,-0.0370021081277325,-0.0535475779615808,-0.057616495648593,0.00435595750847521,NaN,NaN,NaN,NaN,NaN,NaN,NaN,NaN,NaN
NaN,NaN,0.0193134645232931,0.0124001308625642,-0.0112003385390077,-0.0468291631647541,-0.0526406374119688,-0.0549942451810542,0.00345477253237429,NaN,NaN,NaN,NaN,NaN,NaN,NaN,NaN,NaN
NaN,NaN,0.0218936378369108,0.0101492732113305,-0.016448341246966,-0.0486954963513805,-0.0574782807670999,-0.0576884496307078,0.0076010020081109,NaN,NaN,NaN,NaN,NaN,NaN,NaN,NaN,NaN
NaN,NaN,0.0167107159504667,0.00425051816758544,-0.0191765203441416,-0.0416705860504104,-0.0622744616412092,-0.0643240857219401,0.00863985508719149,NaN,NaN,NaN,NaN,NaN,NaN,NaN,NaN,NaN
NaN,NaN,0.0153160045156255,-0.00766227102819054,-0.0214113033677374,-0.0488067707725956,-0.0544454660557676,-0.064095371524066,0.011433673799426,NaN,NaN,NaN,NaN,NaN,NaN,NaN,NaN,NaN
NaN,NaN,0.0169818053254858,-0.00719864002409546,-0.0274577289189134,-0.0492879106410934,-0.0537138749205042,-0.0515572178458873,0.0147423648838109,NaN,NaN,NaN,NaN,NaN,NaN,NaN,NaN,NaN
NaN,NaN,0.0144328313181177,-0.011615232443243,-0.0332215353215967,-0.0502996436068012,-0.0637919027649332,-0.0468328605687323,0.0146590115133828,NaN,NaN,NaN,NaN,NaN,NaN,NaN,NaN,NaN
NaN,NaN,0.00881315639708191,-0.0117887564653453,-0.0323423668111597,-0.052245064706464,-0.0631410572968889,-0.0453298363184634,0.0198769138757295,NaN,NaN,NaN,NaN,NaN,NaN,NaN,NaN,NaN
NaN,NaN,-0.000537918298505247,-0.0178363554829654,-0.0285697466994558,-0.0465863487431003,-0.0596448909782339,-0.0483048531508151,0.0184765958789891,NaN,NaN,NaN,NaN,NaN,NaN,NaN,NaN,NaN
NaN,NaN,-0.000766856013797224,-0.0232725412303504,-0.0282023213173185,-0.049747890860696,-0.0455711726390291,-0.0387032899355593,0.0192589068416661,NaN,NaN,NaN,NaN,NaN,NaN,NaN,NaN,NaN
NaN,NaN,-0.00182470807339996,-0.0196945302838382,-0.0363614148761068,-0.0466956860133602,-0.0512755420350004,-0.0295211571550074,0.025694643855483,NaN,NaN,NaN,NaN,NaN,NaN,NaN,NaN,NaN
NaN,NaN,-0.0109687311341986,-0.0249837719554004,-0.0379994622732435,-0.0488878703423931,-0.0576100442849565,-0.0249414156472388,0.0239563861493176,NaN,NaN,NaN,NaN,NaN,NaN,NaN,NaN,NaN
NaN,NaN,-0.0150846739998087,-0.0262785152250823,-0.0310781895483766,-0.0523804417559101,-0.0459798928641248,-0.0332622985636893,0.020934002250821,NaN,NaN,NaN,NaN,NaN,NaN,NaN,NaN,NaN
NaN,NaN,-0.0234985215356573,-0.0333671279901561,-0.0323407276834284,-0.0433157301255657,-0.0348753612779547,-0.0341271060800257,0.0108723098043508,NaN,NaN,NaN,NaN,NaN,NaN,NaN,NaN,NaN
NaN,NaN,-0.0183649969985709,-0.0327748627120551,-0.0359045639003549,-0.0436275182970955,-0.025112511619227,-0.0301684822237197,0.00777651906052294,NaN,NaN,NaN,NaN,NaN,NaN,NaN,NaN,NaN
NaN,NaN,-0.0211115604033694,-0.0301399462575015,-0.0416110008324419,-0.0343800066718056,-0.0398588124953676,-0.0271913419758979,0.00453555375376406,NaN,NaN,NaN,NaN,NaN,NaN,NaN,NaN,NaN
NaN,NaN,-0.0289661673596129,-0.033573211049467,-0.033591382142428,-0.0351739032873108,-0.0398103650950361,-0.0306664976572695,-0.000336101501792047,NaN,NaN,NaN,NaN,NaN,NaN,NaN,NaN,NaN
NaN,NaN,-0.0278182564070448,-0.0424529806429443,-0.021127529379252,-0.0347431665965511,-0.0239065606438089,-0.0411639559364024,-0.00909872934183416,NaN,NaN,NaN,NaN,NaN,NaN,NaN,NaN,NaN
NaN,NaN,-0.0322781925788149,-0.0357466757947501,-0.0262590236331259,-0.021106164039035,-0.0225031879090238,-0.0425379920100871,-0.0200252665575438,NaN,NaN,NaN,NaN,NaN,NaN,NaN,NaN,NaN
NaN,NaN,-0.0243077663471922,-0.0271851204985675,-0.0224641635383402,-0.0180959618398144,-0.0284206252836157,-0.0405979725813571,-0.0294577015932494,NaN,NaN,NaN,NaN,NaN,NaN,NaN,NaN,NaN
NaN,NaN,-0.0284406034043059,-0.0184410259777602,-0.0188256725038324,-0.00917702081884878,-0.0391515475057531,-0.0377380299663249,-0.0188213644917899,NaN,NaN,NaN,NaN,NaN,NaN,NaN,NaN,NaN
NaN,NaN,-0.0281289083650336,-0.0247797936851081,-0.00576232739937647,-0.015699035555978,-0.0300677065097261,-0.0433880660032931,-0.02338065415582,NaN,NaN,NaN,NaN,NaN,NaN,NaN,NaN,NaN
NaN,NaN,-0.0280556132784113,-0.0247668855542239,-0.00048264109742983,-0.0174751980909302,-0.0246891323768068,-0.0535327951705161,-0.0335125496979648,NaN,NaN,NaN,NaN,NaN,NaN,NaN,NaN,NaN
NaN,NaN,-0.0305149381747469,-0.00730775377693741,-0.00339701020372256,-0.00781950640763777,-0.0309886541508604,-0.0619101162349883,-0.0429051986332828,NaN,NaN,NaN,NaN,NaN,NaN,NaN,NaN,NaN
NaN,NaN,-0.0154680063715205,0.00438844704088599,0.00220750278579847,-0.00890244829740065,-0.0474609006487299,-0.0598793673610392,-0.0425817875560218,NaN,NaN,NaN,NaN,NaN,NaN,NaN,NaN,NaN
NaN,NaN,-0.0162202542414889,0.00906141393837364,0.00490286207544462,-0.00897712174143332,-0.0475978795730043,-0.0561732809340659,-0.0303711241479808,NaN,NaN,NaN,NaN,NaN,NaN,NaN,NaN,NaN
NaN,NaN,-0.0130804678192362,0.000873821908802103,0.01168968907344,-0.0208764253863289,-0.04329116459121,-0.0560236919021312,-0.0403780548270637,NaN,NaN,NaN,NaN,NaN,NaN,NaN,NaN,NaN
NaN,NaN,-0.00887362787034363,0.0078286967521611,0.0111608841155733,-0.0265899589964344,-0.038507631077664,-0.0649293522631827,-0.0445797166224414,NaN,NaN,NaN,NaN,NaN,NaN,NaN,NaN,NaN
NaN,NaN,-0.00210881733801216,0.0262611910050813,0.00137050456154005,-0.01853888022985,-0.0569677483581472,-0.0691172491109076,-0.0503184704478675,NaN,NaN,NaN,NaN,NaN,NaN,NaN,NaN,NaN
NaN,NaN,0.0143987262854353,0.0243070527261201,-0.00080225237858637,-0.0214013001629307,-0.0641331952356268,-0.0632075417136851,-0.0488697795566016,NaN,NaN,NaN,NaN,NaN,NaN,NaN,NaN,NaN
NaN,NaN,0.0127956593642011,0.0132190800553265,0.00265766686546461,-0.0255972622641517,-0.0543324966274668,-0.06321983517167,-0.0425833149250442,NaN,NaN,NaN,NaN,NaN,NaN,NaN,NaN,NaN
NaN,NaN,0.0146393986651674,0.0113924398368302,-0.00224004679572924,-0.032088860005994,-0.0496335644565988,-0.0641012574827376,-0.0489606207605296,NaN,NaN,NaN,NaN,NaN,NaN,NaN,NaN,NaN
NaN,NaN,0.0130160475382581,0.0155470512157384,-0.00884506100070818,-0.03611301171865,-0.0549164172552992,-0.0739873769974414,-0.0494062399860316,NaN,NaN,NaN,NaN,NaN,NaN,NaN,NaN,NaN
NaN,NaN,0.010713147581555,0.0213214746957722,-0.0177804864312445,-0.0275757453152134,-0.0674443263851572,-0.0766319978332225,-0.0482910184558326,NaN,NaN,NaN,NaN,NaN,NaN,NaN,NaN,NaN
NaN,NaN,0.0187560120830312,0.00125227415022285,-0.0152605324353014,-0.0312652728268101,-0.063732987298863,-0.0752941715812388,-0.0449310860033923,NaN,NaN,NaN,NaN,NaN,NaN,NaN,NaN,NaN
NaN,NaN,0.0115457685897127,-0.00573180696907609,-0.00797954567921503,-0.0368041089483692,-0.0553373750590254,-0.069632345000476,-0.0353325030203753,NaN,NaN,NaN,NaN,NaN,NaN,NaN,NaN,NaN
NaN,NaN,0.00573724007699639,-0.00400690442863076,-0.016895208444718,-0.0407420388170673,-0.0558096301101614,-0.0657385784482661,-0.034154957383483,NaN,NaN,NaN,NaN,NaN,NaN,NaN,NaN,NaN
NaN,NaN,0.00120114034507424,-0.00200396484675973,-0.0220647192860876,-0.0468845582314922,-0.0644213836931158,-0.0679364624714557,-0.0313482119139129,NaN,NaN,NaN,NaN,NaN,NaN,NaN,NaN,NaN
NaN,NaN,-0.0001691518118605,-0.0027175442034301,-0.0275235734249388,-0.0397574445911838,-0.0687178168736864,-0.0651444505250159,-0.0304009637232715,NaN,NaN,NaN,NaN,NaN,NaN,NaN,NaN,NaN
NaN,NaN,0.00946476554963738,-0.0131257817799148,-0.0189338735605512,-0.0440516425975754,-0.0601797867857385,-0.0600597831701937,-0.0275185203548366,NaN,NaN,NaN,NaN,NaN,NaN,NaN,NaN,NaN
NaN,NaN,-0.00340119504835456,-0.0159022406393584,-0.020314987685803,-0.0482377699324085,-0.0502918232523371,-0.054323692927331,-0.0215692317481929,NaN,NaN,NaN,NaN,NaN,NaN,NaN,NaN,NaN
NaN,NaN,-0.00803182402160019,-0.0150538616532382,-0.0387402176226412,-0.048668879152198,-0.0583648253523279,-0.0496040853953067,-0.0279156735535556,NaN,NaN,NaN,NaN,NaN,NaN,NaN,NaN,NaN
NaN,NaN,-0.0095780243864283,-0.0189244196468887,-0.0399424246813093,-0.0526300548323585,-0.0596927423321176,-0.0552564311122599,-0.031185602992385,NaN,NaN,NaN,NaN,NaN,NaN,NaN,NaN,NaN
NaN,NaN,-0.0109988128533587,-0.0235112392062244,-0.0367185398305689,-0.042066509903331,-0.0518366825126577,-0.0551907169913951,-0.0317300355430537,NaN,NaN,NaN,NaN,NaN,NaN,NaN,NaN,NaN
NaN,NaN,-0.00510896125342697,-0.0297237195724544,-0.029920723226193,-0.037549371899028,-0.0394733008288313,-0.0484065908288661,-0.0337417481835776,NaN,NaN,NaN,NaN,NaN,NaN,NaN,NaN,NaN
NaN,NaN,-0.020516631542705,-0.0334790357107219,-0.0361956767107283,-0.0330708465286686,-0.0341832954727579,-0.049675946245164,-0.0316606520112449,NaN,NaN,NaN,NaN,NaN,NaN,NaN,NaN,NaN
NaN,NaN,-0.0236666625132784,-0.0265582100206909,-0.0432460493708883,-0.0265944293447925,-0.0417983662628103,-0.049617682704896,-0.035696612894147,NaN,NaN,NaN,NaN,NaN,NaN,NaN,NaN,NaN
NaN,NaN,-0.0219842655351385,-0.0340596035772857,-0.0241961441303526,-0.0248078918763592,-0.0301869530521799,-0.055144821414918,-0.040899204313367,NaN,NaN,NaN,NaN,NaN,NaN,NaN,NaN,NaN
NaN,NaN,-0.0238337604096159,-0.0336770348900852,-0.0187465845907961,-0.00819050806846159,-0.0279273223422933,-0.0560079152977172,-0.0393947644527846,NaN,NaN,NaN,NaN,NaN,NaN,NaN,NaN,NaN
NaN,NaN,-0.019888193695806,-0.0340886049622592,-0.0145078189040457,-0.00734507206167715,-0.0238827187858988,-0.0552608642077151,-0.0444290472563201,NaN,NaN,NaN,NaN,NaN,NaN,NaN,NaN,NaN
NaN,NaN,-0.030370713560842,-0.0256994561010894,-0.0182917080189024,-0.00784334826554793,-0.0316731203638483,-0.0569768819307986,-0.0415681919451648,NaN,NaN,NaN,NaN,NaN,NaN,NaN,NaN,NaN
NaN,NaN,-0.0263865714659914,-0.0144375868791637,-0.0127950235570703,-0.00770556840385931,-0.0358472895168234,-0.0520426790511313,-0.0498408696051532,NaN,NaN,NaN,NaN,NaN,NaN,NaN,NaN,NaN
NaN,NaN,-0.0223897820105776,-0.0240994439179,0.00339693209874288,-0.00570333662714499,-0.0226834733330179,-0.0611009086763564,-0.0510178378220492,NaN,NaN,NaN,NaN,NaN,NaN,NaN,NaN,NaN
NaN,NaN,-0.0196715494384989,-0.0126659319454726,0.00697829580652372,-0.00183965179409521,-0.0258465986989904,-0.0606662231778804,-0.0536600930984908,NaN,NaN,NaN,NaN,NaN,NaN,NaN,NaN,NaN
NaN,NaN,-0.0106317600002512,-0.00305112532320588,0.00598397857296125,-0.00541676867093581,-0.0323731582902838,-0.0591230589246455,-0.0609663373228007,NaN,NaN,NaN,NaN,NaN,NaN,NaN,NaN,NaN
NaN,NaN,-0.0143661400070414,0.00563086860832603,0.00219018018591062,-0.00515488076295393,-0.03359818275203,-0.0639273423051539,-0.0591646379228526,NaN,NaN,NaN,NaN,NaN,NaN,NaN,NaN,NaN
NaN,NaN,-0.0074413096299395,0.00520264648851783,0.00542730844366209,-0.00237385842289465,-0.0290576685511041,-0.0656312714612189,-0.06624093860349,NaN,NaN,NaN,NaN,NaN,NaN,NaN,NaN,NaN
NaN,NaN,0.00383574014995247,-0.00030776566806405,0.0151187070344652,-0.00244456443275946,-0.0242874902032781,-0.0767815682387057,-0.0712601339813167,NaN,NaN,NaN,NaN,NaN,NaN,NaN,NaN,NaN
NaN,NaN,0.00681150204036385,0.0116807028001252,0.0114069954191412,-0.00404293748821753,-0.03602498586406,-0.08503759385106,-0.0695702677961284,NaN,NaN,NaN,NaN,NaN,NaN,NaN,NaN,NaN
NaN,NaN,0.013401391566731,0.0131915315335694,-7.96764458452053e-05,-0.000970429808755096,-0.0414259303652216,-0.0792693171000186,-0.0720921589430266,NaN,NaN,NaN,NaN,NaN,NaN,NaN,NaN,NaN
NaN,NaN,0.0058878535637632,0.014178360933632,0.000775910977002543,-0.010686527074237,-0.0400668513320852,-0.0872351053452197,-0.0679249933358127,NaN,NaN,NaN,NaN,NaN,NaN,NaN,NaN,NaN
NaN,NaN,0.0100198896834627,0.00848516740855606,0.00464740029322759,-0.0140800430187179,-0.0434797015332151,-0.0931087891852561,-0.0699354580040866,NaN,NaN,NaN,NaN,NaN,NaN,NaN,NaN,NaN
NaN,NaN,0.0199355507502332,0.00842174434122474,0.0163377337788309,-0.0206135875293209,-0.0483073424838949,-0.105304029891461,-0.0734290538724357,NaN,NaN,NaN,NaN,NaN,NaN,NaN,NaN,NaN
NaN,NaN,0.0192267583915964,0.00729566358980567,0.00159530720460073,-0.0191063164481117,-0.0615995321713854,-0.101901796767682,-0.0702487549181872,NaN,NaN,NaN,NaN,NaN,NaN,NaN,NaN,NaN
NaN,NaN,0.0173100779065862,0.0141200415140096,-0.00568594032180651,-0.018797899664302,-0.0654889960133005,-0.0935345339870158,-0.0686498975749904,NaN,NaN,NaN,NaN,NaN,NaN,NaN,NaN,NaN
NaN,NaN,0.00452147296164185,0.00584533357080848,-0.00365923338783129,-0.0393983079799606,-0.064725963427918,-0.104204715350837,-0.0563333241637641,NaN,NaN,NaN,NaN,NaN,NaN,NaN,NaN,NaN
NaN,NaN,0.0110271523008123,0.0056081815904084,-0.00399819755208834,-0.0446908651598884,-0.0683618653856684,-0.10132536397335,-0.0606758950646811,NaN,NaN,NaN,NaN,NaN,NaN,NaN,NaN,NaN
NaN,NaN,0.0188443387160078,0.00307388522681625,-0.00434444465887888,-0.0452493793078853,-0.0715455357276369,-0.09675409750101,-0.0634679442640239,NaN,NaN,NaN,NaN,NaN,NaN,NaN,NaN,NaN
NaN,NaN,0.0151674771914259,0.0042096889859143,-0.024074029114369,-0.0392830474981262,-0.0761824976943899,-0.0915111611878577,-0.0559954589601451,NaN,NaN,NaN,NaN,NaN,NaN,NaN,NaN,NaN
NaN,NaN,0.0112255985150114,0.00387288549003036,-0.0327153615022932,-0.0451425007292225,-0.0751393419050146,-0.0822164501344863,-0.0538039451833659,NaN,NaN,NaN,NaN,NaN,NaN,NaN,NaN,NaN
NaN,NaN,0.00527465215418488,-0.00934032804313271,-0.0285844429696832,-0.0594707495280697,-0.059384325548308,-0.079575908491582,-0.0437031558152133,NaN,NaN,NaN,NaN,NaN,NaN,NaN,NaN,NaN
NaN,NaN,0.0112596476683393,-0.0105861209982929,-0.0266241579617296,-0.0540182656356289,-0.0587961767159868,-0.0741855438148681,-0.0536326563354426,NaN,NaN,NaN,NaN,NaN,NaN,NaN,NaN,NaN
NaN,NaN,0.0121452981838956,-0.0173180558437404,-0.0296459085608755,-0.0437726556071236,-0.0592211764596868,-0.0734724487459365,-0.0548045767839843,NaN,NaN,NaN,NaN,NaN,NaN,NaN,NaN,NaN
NaN,NaN,0.00432043767068535,-0.0153618500286636,-0.0458815618718897,-0.0441715410658314,-0.0570210945152212,-0.0678419518565837,-0.050748331695407,NaN,NaN,NaN,NaN,NaN,NaN,NaN,NaN,NaN
NaN,NaN,-0.00269407907035201,-0.0181993105167445,-0.0435545406605039,-0.0414033709773018,-0.0455624182068277,-0.0578498105799857,-0.0460058695074016,NaN,NaN,NaN,NaN,NaN,NaN,NaN,NaN,NaN
NaN,NaN,-0.00526411959435791,-0.0289123513454494,-0.0277062989140783,-0.0470617702909901,-0.0328260418318678,-0.0655286210870448,-0.0412277004118854,NaN,NaN,NaN,NaN,NaN,NaN,NaN,NaN,NaN
NaN,NaN,-0.00368046143557876,-0.0287557587677535,-0.0256724953020845,-0.0334426305004551,-0.0407249611162115,-0.0618801835274401,-0.0550482666488582,NaN,NaN,NaN,NaN,NaN,NaN,NaN,NaN,NaN
NaN,NaN,-0.00611104571726173,-0.0281406015807685,-0.0284504629040991,-0.0287795915016128,-0.0374647733115125,-0.0577084916925135,-0.0505717529352599,NaN,NaN,NaN,NaN,NaN,NaN,NaN,NaN,NaN
NaN,NaN,-0.0158329916885123,-0.021959506785303,-0.0334627106155191,-0.0230133822866871,-0.0253488999151159,-0.0568412999903861,-0.0433441123362475,NaN,NaN,NaN,NaN,NaN,NaN,NaN,NaN,NaN
NaN,NaN,-0.0227381339063868,-0.0257617802077827,-0.0235151610637937,-0.0164465895601703,-0.0193297248624731,-0.0475611920749846,-0.0434539338942462,NaN,NaN,NaN,NaN,NaN,NaN,NaN,NaN,NaN
NaN,NaN,-0.0207207029452547,-0.0330967277938422,-0.0087759941185747,-0.0213154135950996,-0.0164447110437322,-0.0519148084616366,-0.0448176695402556,NaN,NaN,NaN,NaN,NaN,NaN,NaN,NaN,NaN
NaN,NaN,-0.0186705080559477,-0.0247777261489925,-0.0165210589135919,-0.0102460301228954,-0.032448912068503,-0.0467678170001212,-0.0546442030366355,NaN,NaN,NaN,NaN,NaN,NaN,NaN,NaN,NaN
NaN,NaN,-0.0172944416990504,-0.014634263580471,-0.015078607883576,-0.00786238449897307,-0.0194510389410425,-0.0533718253767195,-0.0538708141442233,NaN,NaN,NaN,NaN,NaN,NaN,NaN,NaN,NaN
NaN,NaN,-0.0243679670384154,-0.0116364479714927,-0.0123031175996099,0.00248894926820261,-0.0118851978622843,-0.0509434762692157,-0.055915849506467,NaN,NaN,NaN,NaN,NaN,NaN,NaN,NaN,NaN
NaN,NaN,-0.0257684340467677,-0.0170188032740649,-0.00153613456738337,0.00350604665194017,-0.0116882231377531,-0.0440570908879939,-0.0579713343079978,NaN,NaN,NaN,NaN,NaN,NaN,NaN,NaN,NaN
NaN,NaN,-0.0182734293630347,-0.0167150058502254,0.00526857382404463,-0.0025665304371311,-0.0190166142128874,-0.0526892031824294,-0.0687104521687919,NaN,NaN,NaN,NaN,NaN,NaN,NaN,NaN,NaN
NaN,NaN,-0.0159735655179247,-0.00205891287866204,-0.00380539515269144,0.00335634586129648,-0.0187337529205251,-0.0548514734303656,-0.0781656673546725,NaN,NaN,NaN,NaN,NaN,NaN,NaN,NaN,NaN
NaN,NaN,-0.0161926125874743,0.00152746134457023,0.000936657253381174,0.00330838274870378,-0.0167236235283781,-0.0616131174659434,-0.0831075070794517,NaN,NaN,NaN,NaN,NaN,NaN,NaN,NaN,NaN
NaN,NaN,-0.0167508473386988,-0.00209227285328477,0.00699137157547132,0.00620995548282129,-0.0146017168008257,-0.0669696192538443,-0.0860200880464011,NaN,NaN,NaN,NaN,NaN,NaN,NaN,NaN,NaN
NaN,NaN,-0.0164962609997019,-0.000561923598676614,0.0154455267523493,0.00152117472801668,-0.0274717379652429,-0.0680064047968093,-0.0929333700235778,NaN,NaN,NaN,NaN,NaN,NaN,NaN,NaN,NaN
NaN,NaN,-0.0106763889780268,-0.00103900290074914,0.0138102360700335,-0.00270475733365553,-0.0275647957168985,-0.0738650570904914,-0.0991443975265914,NaN,NaN,NaN,NaN,NaN,NaN,NaN,NaN,NaN
NaN,NaN,-0.0121080180397257,0.009349956298441,0.00196586183058874,-0.00412524777736204,-0.0375998895906378,-0.0796354572570029,-0.0998858606811458,NaN,NaN,NaN,NaN,NaN,NaN,NaN,NaN,NaN
NaN,NaN,-0.00877568998839706,0.00754356303271682,0.00784613943445341,-0.00623653742756384,-0.0434282925270963,-0.0876850645339194,-0.104856534152835,NaN,NaN,NaN,NaN,NaN,NaN,NaN,NaN,NaN
NaN,NaN,-0.00536678859498352,0.0102203517502251,0.0107349903022017,-0.00459193351950186,-0.0432900283776689,-0.0927949707305137,-0.0994713476296359,NaN,NaN,NaN,NaN,NaN,NaN,NaN,NaN,NaN
NaN,NaN,-0.00814715900924057,0.012279394203991,0.0100305751596655,-0.00523175212826269,-0.0554503444873262,-0.0894010450040999,-0.0994420854743415,NaN,NaN,NaN,NaN,NaN,NaN,NaN,NaN,NaN
NaN,NaN,-0.0017073800554499,0.0114144190495911,0.0058758333955969,-0.0169520369478657,-0.0552647505246568,-0.091543254563779,-0.0912023766334945,NaN,NaN,NaN,NaN,NaN,NaN,NaN,NaN,NaN
NaN,NaN,0.00495468697044999,0.0184266633635464,-0.0024762860800062,-0.0234876117416813,-0.062919160380261,-0.0936772126054469,-0.0892145058508807,NaN,NaN,NaN,NaN,NaN,NaN,NaN,NaN,NaN
NaN,NaN,0.00812902546022087,0.0163982800489369,0.00115782773840086,-0.0240795603701069,-0.059128752007382,-0.0914753238951865,-0.0929514004286223,NaN,NaN,NaN,NaN,NaN,NaN,NaN,NaN,NaN
NaN,NaN,0.0119308518478647,0.015814378047556,-1.10379720960445e-05,-0.025907821089883,-0.0549250599287916,-0.0862988281345073,-0.0850048346813613,NaN,NaN,NaN,NaN,NaN,NaN,NaN,NaN,NaN
NaN,NaN,0.00595757237169892,0.0102374694591466,-0.00851429247510775,-0.0281040101059868,-0.0584447887085844,-0.0774068209623996,-0.080846926420539,NaN,NaN,NaN,NaN,NaN,NaN,NaN,NaN,NaN
NaN,NaN,0.0156027028569952,0.00209312804994018,-0.0171989686156545,-0.0438259086319401,-0.055335773184197,-0.0795864510631266,-0.0804454518850738,NaN,NaN,NaN,NaN,NaN,NaN,NaN,NaN,NaN
NaN,NaN,0.0119585866341367,0.00642653473672302,-0.0229258387650286,-0.0388102895327999,-0.052149662777083,-0.0793442699408236,-0.0825627951320106,NaN,NaN,NaN,NaN,NaN,NaN,NaN,NaN,NaN
NaN,NaN,0.0114340285072103,-0.00588772899451821,-0.0246178842450414,-0.0354646249422027,-0.046420371189015,-0.0749043572044078,-0.0824027566607886,NaN,NaN,NaN,NaN,NaN,NaN,NaN,NaN,NaN
NaN,NaN,0.00944876542780549,-0.00839598557892411,-0.0264952815438543,-0.0301981261679127,-0.0446160640858579,-0.0681916448569003,-0.0729811622198516,NaN,NaN,NaN,NaN,NaN,NaN,NaN,NaN,NaN
NaN,NaN,0.00516850000713021,-0.0125373908037242,-0.0347623153890406,-0.0271932325073673,-0.05023132453789,-0.0665834556615058,-0.0701764656599456,NaN,NaN,NaN,NaN,NaN,NaN,NaN,NaN,NaN
NaN,NaN,0.00406253582332283,-0.0152198233360347,-0.0298327691222463,-0.0336921318181946,-0.0401245188259054,-0.0636961135363284,-0.0658762326832706,NaN,NaN,NaN,NaN,NaN,NaN,NaN,NaN,NaN
NaN,NaN,-0.00724407413508743,-0.0181101456934509,-0.0258342660332952,-0.0242393380710079,-0.0335030947171617,-0.0584418709671202,-0.0663987419005328,NaN,NaN,NaN,NaN,NaN,NaN,NaN,NaN,NaN
NaN,NaN,-0.0119061818113551,-0.0256710507625636,-0.0245072617496286,-0.0223227134653522,-0.039122751011746,-0.0540991324281398,-0.0684077350791389,NaN,NaN,NaN,NaN,NaN,NaN,NaN,NaN,NaN
NaN,NaN,-0.0134274786105379,-0.0246501722091731,-0.0222574844325815,-0.020386847735305,-0.0403051022731233,-0.0564144562279883,-0.061798827945798,NaN,NaN,NaN,NaN,NaN,NaN,NaN,NaN,NaN
NaN,NaN,-0.0214979288866743,-0.0227414452189502,-0.0243322662378584,-0.0217097541996433,-0.0328591410361696,-0.0519930581843558,-0.0597103370722228,NaN,NaN,NaN,NaN,NaN,NaN,NaN,NaN,NaN
NaN,NaN,-0.026437216787599,-0.026089102839857,-0.0187680422629152,-0.0300675733694031,-0.0207425225817133,-0.0439765128588382,-0.0642382970448428,NaN,NaN,NaN,NaN,NaN,NaN,NaN,NaN,NaN
NaN,NaN,-0.0332560626557097,-0.0259592019671497,-0.0225470512474809,-0.0221060505815937,-0.0274032112502027,-0.049215798387498,-0.0702753348644668,NaN,NaN,NaN,NaN,NaN,NaN,NaN,NaN,NaN
NaN,NaN,-0.030870777904056,-0.0281387389356193,-0.0218474603558813,-0.0187043576249077,-0.0316435788117815,-0.0492712493335906,-0.074342662691682,NaN,NaN,NaN,NaN,NaN,NaN,NaN,NaN,NaN
NaN,NaN,-0.025107697932981,-0.0274537325555381,-0.0192217081154619,-0.0175691499122574,-0.0171499271236826,-0.0499279062545005,-0.0764975941177302,NaN,NaN,NaN,NaN,NaN,NaN,NaN,NaN,NaN
NaN,NaN,-0.0302775440504774,-0.0216698654645976,-0.0235178805257116,-0.0127802892335846,-0.0132547449611593,-0.0458839546239081,-0.0851947499807769,NaN,NaN,NaN,NaN,NaN,NaN,NaN,NaN,NaN
NaN,NaN,-0.0301031818380579,-0.0265949227565822,-0.0222666300202642,-0.0171468510040237,-0.0173648018680979,-0.0490454967415038,-0.0905264972146445,NaN,NaN,NaN,NaN,NaN,NaN,NaN,NaN,NaN
NaN,NaN,-0.0326181066920981,-0.0247362636679706,-0.0216219312812124,-0.00651554304446715,-0.0226204414211679,-0.054909867355794,-0.0959443731602126,NaN,NaN,NaN,NaN,NaN,NaN,NaN,NaN,NaN
NaN,NaN,-0.0316412610700354,-0.0261791803592738,-0.0157883688176905,-0.00211148622717398,-0.0225745830975939,-0.0603433336412612,-0.104997480511277,NaN,NaN,NaN,NaN,NaN,NaN,NaN,NaN,NaN
NaN,NaN,-0.0312358936062083,-0.0264685236567554,-0.011425048049811,0.00134565767560465,-0.0142988693260122,-0.0734237219488326,-0.106434976905196,NaN,NaN,NaN,NaN,NaN,NaN,NaN,NaN,NaN
NaN,NaN,-0.0331987304380164,-0.0146101609522399,-0.0122943259145056,0.00170127388749582,-0.0247130859934259,-0.0721834983026687,-0.103577921390145,NaN,NaN,NaN,NaN,NaN,NaN,NaN,NaN,NaN
NaN,NaN,-0.0296680120518431,-0.0212642931098041,-0.00442932539832934,-0.00830049726452368,-0.0318553243123461,-0.0702461052035991,-0.107530491649716,NaN,NaN,NaN,NaN,NaN,NaN,NaN,NaN,NaN
NaN,NaN,-0.0311416437616572,-0.0199371398145255,0.00550064078318731,-0.00258158060993689,-0.0345849748991895,-0.0766755837297145,-0.108403550684064,NaN,NaN,NaN,NaN,NaN,NaN,NaN,NaN,NaN
NaN,NaN,-0.0288532910635695,-0.0176698536330756,0.00379766157614843,-0.00200743886913794,-0.0339062642597128,-0.0836834508275691,-0.106676319837182,NaN,NaN,NaN,NaN,NaN,NaN,NaN,NaN,NaN
NaN,NaN,-0.018899985938333,-0.00525161704960435,0.00609990960704939,-0.00843021187271613,-0.0337661933444906,-0.0850412073826495,-0.101141376643985,NaN,NaN,NaN,NaN,NaN,NaN,NaN,NaN,NaN
NaN,NaN,-0.019574356614612,0.00417666428741844,0.000321146163817804,-0.0141848913141682,-0.0468044858716894,-0.0780875432586375,-0.102253729700654,NaN,NaN,NaN,NaN,NaN,NaN,NaN,NaN,NaN
NaN,NaN,-0.0122499702265486,-0.00751469365301697,0.00407247624146597,-0.021133973331113,-0.0498490911268163,-0.0783641460632983,-0.106281047910064,NaN,NaN,NaN,NaN,NaN,NaN,NaN,NaN,NaN
NaN,NaN,-0.0122718935599551,-0.00465521669927208,0.00392068928825514,-0.0236039898106052,-0.0469079558097292,-0.0834988254403773,-0.106852190792173,NaN,NaN,NaN,NaN,NaN,NaN,NaN,NaN,NaN
NaN,NaN,-0.00558954232838005,0.00544132583794029,-0.00652416789186342,-0.0240090592512085,-0.0437229816161562,-0.0783809284960929,-0.108210748284667,NaN,NaN,NaN,NaN,NaN,NaN,NaN,NaN,NaN
NaN,NaN,-0.00145368778612465,0.0102230898385945,-0.0151491462553774,-0.034449259818454,-0.0462256316386629,-0.0777630332207385,-0.101185484081119,NaN,NaN,NaN,NaN,NaN,NaN,NaN,NaN,NaN
NaN,NaN,-0.00153938808944076,0.00780628913101585,-0.0205331406856809,-0.0320668807932331,-0.0568886231922079,-0.0724944482838813,-0.0965575931962424,NaN,NaN,NaN,NaN,NaN,NaN,NaN,NaN,NaN
NaN,NaN,0.00202116987202317,-0.00602714798393815,-0.0108687877024446,-0.0388495354660942,-0.051932757749455,-0.0735041882192794,-0.100246990322679,NaN,NaN,NaN,NaN,NaN,NaN,NaN,NaN,NaN
NaN,NaN,-0.00193691381718963,-0.00233952037039368,-0.0119249075020586,-0.0333880736240341,-0.0380058344744612,-0.0767003010308448,-0.0970729126032287,NaN,NaN,NaN,NaN,NaN,NaN,NaN,NaN,NaN
NaN,NaN,-0.000751209794543684,0.00386236154493721,-0.0263371243442331,-0.031152675927539,-0.0387944225512911,-0.0686991597807113,-0.0894031545515948,NaN,NaN,NaN,NaN,NaN,NaN,NaN,NaN,NaN
NaN,NaN,-0.00263641157653183,-0.010717828636795,-0.0281815155710016,-0.0359943053432896,-0.0450651478313375,-0.066905134478778,-0.0802168680723601,NaN,NaN,NaN,NaN,NaN,NaN,NaN,NaN,NaN
NaN,NaN,-0.0106920724501833,-0.0167578839415607,-0.0262248068417345,-0.0363584710964157,-0.0506954212032724,-0.0602067086195651,-0.079898635148614,NaN,NaN,NaN,NaN,NaN,NaN,NaN,NaN,NaN
NaN,NaN,-0.0121684981277213,-0.0272975870126781,-0.0207828096414839,-0.0422064504333927,-0.0404807869635988,-0.0609225976562205,-0.0838991126414233,NaN,NaN,NaN,NaN,NaN,NaN,NaN,NaN,NaN
NaN,NaN,-0.0186354903271422,-0.0168194443637428,-0.0268523319925104,-0.040133605779071,-0.0334401186846662,-0.0587072047686282,-0.0764106458421641,NaN,NaN,NaN,NaN,NaN,NaN,NaN,NaN,NaN
NaN,NaN,-0.0189214436104521,-0.0207578771466312,-0.0406917668248449,-0.0342854588040306,-0.0408086870156694,-0.0479540611898604,-0.0722342601414615,NaN,NaN,NaN,NaN,NaN,NaN,NaN,NaN,NaN
NaN,NaN,-0.0222119180252776,-0.0358955942744312,-0.0357832125688825,-0.0380431777545406,-0.042353732540505,-0.0434504459893409,-0.0647176487739974,NaN,NaN,NaN,NaN,NaN,NaN,NaN,NaN,NaN
NaN,NaN,-0.0278151085367426,-0.0390061744207439,-0.0308491214479242,-0.0391566856512024,-0.039894128247397,-0.0351335863864127,-0.0696973374482089,NaN,NaN,NaN,NaN,NaN,NaN,NaN,NaN,NaN
NaN,NaN,-0.026402254938148,-0.0337727748507556,-0.0310328341389929,-0.0397362104364826,-0.0237775910936762,-0.0383349332308474,-0.0741962401565009,NaN,NaN,NaN,NaN,NaN,NaN,NaN,NaN,NaN
NaN,NaN,-0.0301896644523367,-0.0335654810720977,-0.0364351756240164,-0.0316513991662456,-0.0157248731993604,-0.0372608389055434,-0.0696728809173995,NaN,NaN,NaN,NaN,NaN,NaN,NaN,NaN,NaN
NaN,NaN,-0.0319580225041136,-0.035231170123249,-0.0452572032178675,-0.017435542375703,-0.0268533770286012,-0.0280807550346556,-0.0718833936747008,NaN,NaN,NaN,NaN,NaN,NaN,NaN,NaN,NaN
NaN,NaN,-0.0361385619034991,-0.0491406776660976,-0.0343427173162733,-0.0246807290920212,-0.0211981255852152,-0.0268164473867121,-0.0693495815988475,NaN,NaN,NaN,NaN,NaN,NaN,NaN,NaN,NaN
NaN,NaN,-0.0440935654332861,-0.0434170298928317,-0.0277411490048204,-0.0258354014464809,-0.00942911396850832,-0.0245201225673857,-0.0797014182802135,NaN,NaN,NaN,NaN,NaN,NaN,NaN,NaN,NaN
NaN,NaN,-0.0398644482484087,-0.0391688951009807,-0.0270866154993807,-0.0203635646709396,0.0029084142006468,-0.0294604721760455,-0.0873740075524741,NaN,NaN,NaN,NaN,NaN,NaN,NaN,NaN,NaN
NaN,NaN,-0.0441667115082964,-0.0357738517874774,-0.0257902144755159,-0.00910424727286833,-0.00972316975821741,-0.0346942070221606,-0.0869537761803561,NaN,NaN,NaN,NaN,NaN,NaN,NaN,NaN,NaN
NaN,NaN,-0.0458430362632498,-0.0341845870667991,-0.0258809998000894,0.00242329102669222,-0.0170074720226694,-0.0284195515608493,-0.0888027867670947,NaN,NaN,NaN,NaN,NaN,NaN,NaN,NaN,NaN
NaN,NaN,-0.045659770607017,-0.044488069480091,-0.0103618315721784,-0.00794214296426314,-0.0057125594757963,-0.0356177623665038,-0.0894933065768176,NaN,NaN,NaN,NaN,NaN,NaN,NaN,NaN,NaN
NaN,NaN,-0.0447788325836882,-0.0328584954792556,-0.0117954350377355,-0.00359767216529387,-0.00121080692042597,-0.0366203869974318,-0.10110861271581,NaN,NaN,NaN,NaN,NaN,NaN,NaN,NaN,NaN
NaN,NaN,-0.0373675537994131,-0.0197860234135684,-0.00776388862383707,0.000372015803198641,-0.00683368559111841,-0.0433246056830588,-0.100980462729543,NaN,NaN,NaN,NaN,NaN,NaN,NaN,NaN,NaN
NaN,NaN,-0.0366998886456713,-0.0135792054885921,-0.00429137789857729,0.00709949892673952,-0.0183374379121233,-0.0466801609193984,-0.100826738625377,NaN,NaN,NaN,NaN,NaN,NaN,NaN,NaN,NaN
NaN,NaN,-0.0318139469018206,-0.0155475557500419,-0.00181102373850687,0.00996016797337991,-0.0171031933568884,-0.0388060520684424,-0.106231985836833,NaN,NaN,NaN,NaN,NaN,NaN,NaN,NaN,NaN
NaN,NaN,-0.024617170332931,-0.0178364486152229,0.0069512315725054,0.00106667068515283,-0.00776903147925623,-0.0450749333297911,-0.107418155520766,NaN,NaN,NaN,NaN,NaN,NaN,NaN,NaN,NaN
NaN,NaN,-0.0261508909752592,-0.00124404287877648,0.00309149554717199,-0.000993731499571974,-0.0129061695479322,-0.0417380976772013,-0.107055368125051,NaN,NaN,NaN,NaN,NaN,NaN,NaN,NaN,NaN
NaN,NaN,-0.0168746946146712,0.00649684959110649,0.00495389855253355,0.000841979800801104,-0.0230573807202745,-0.0455431091880503,-0.109602013825982,NaN,NaN,NaN,NaN,NaN,NaN,NaN,NaN,NaN
NaN,NaN,-0.0113041376462206,0.00100770884212883,0.00526684156405584,0.000578676282505815,-0.0245340671681333,-0.0515811342096034,-0.108101411014407,NaN,NaN,NaN,NaN,NaN,NaN,NaN,NaN,NaN
NaN,NaN,-0.00406822690274566,-0.00249093479457467,0.0015881173943247,-0.000994159907956297,-0.0231997985683847,-0.0446652817821208,-0.106577394753306,NaN,NaN,NaN,NaN,NaN,NaN,NaN,NaN,NaN
NaN,NaN,-0.00261860468890518,0.00334111892637641,0.00870252779471533,-0.0115915304728939,-0.0204316657327581,-0.0483086529469195,-0.110240696221202,NaN,NaN,NaN,NaN,NaN,NaN,NaN,NaN,NaN
NaN,NaN,0.000947522581554949,0.0124335094636384,0.000385649565335674,-0.0130600026556446,-0.0287392493628431,-0.0493733222877684,-0.104796761869996,NaN,NaN,NaN,NaN,NaN,NaN,NaN,NaN,NaN
NaN,NaN,0.00991744420025498,0.00643568032440574,-0.00135225423825129,-0.00976937922920721,-0.0347867552482057,-0.0539195920622054,-0.102461396008342,NaN,NaN,NaN,NaN,NaN,NaN,NaN,NaN,NaN
NaN,NaN,0.011922730715014,-0.00595506361666291,-0.00494924553883417,-0.0135088256308033,-0.0311137866519857,-0.058028326491088,-0.0969323201473647,NaN,NaN,NaN,NaN,NaN,NaN,NaN,NaN,NaN
NaN,NaN,0.00533014035318047,-0.000253804838090824,-0.0081738754476343,-0.0172146326610042,-0.030610555812018,-0.0441934923922721,-0.0990249647196227,NaN,NaN,NaN,NaN,NaN,NaN,NaN,NaN,NaN
NaN,NaN,0.00384618958923966,-0.000159052079349445,-0.00963001691949709,-0.0273647076198055,-0.0298569295846392,-0.0508756014799777,-0.0963479524846965,NaN,NaN,NaN,NaN,NaN,NaN,NaN,NaN,NaN
NaN,NaN,0.00157078227493912,-0.00513624480906098,-0.0204938761259352,-0.0298199719497158,-0.0342082176648546,-0.0482554930543605,-0.0839547125991279,NaN,NaN,NaN,NaN,NaN,NaN,NaN,NaN,NaN
NaN,NaN,-0.000772890984080732,-0.0122006245607433,-0.0213765650357042,-0.0230589798399402,-0.0397957060777117,-0.0429174500798884,-0.0852957053478652,NaN,NaN,NaN,NaN,NaN,NaN,NaN,NaN,NaN
NaN,NaN,-0.00231860706117004,-0.0155814745182094,-0.0200980454052721,-0.0270563094624473,-0.0324213821731973,-0.0416718247627917,-0.0769983848925525,NaN,NaN,NaN,NaN,NaN,NaN,NaN,NaN,NaN
NaN,NaN,-0.0112124955048785,-0.0106198907548484,-0.0270866341258322,-0.0319275176831676,-0.0370775666378904,-0.0302120867466632,-0.077340962588399,NaN,NaN,NaN,NaN,NaN,NaN,NaN,NaN,NaN
NaN,NaN,-0.0134566476335749,-0.017975383316904,-0.0281787216032778,-0.0422320804306461,-0.02820312420954,-0.0339984718060199,-0.0658656714852744,NaN,NaN,NaN,NaN,NaN,NaN,NaN,NaN,NaN
NaN,NaN,-0.0167314758291468,-0.0198737167471942,-0.036100514170054,-0.0357043659993603,-0.0299527813040186,-0.0260102386867705,-0.0640706776078635,NaN,NaN,NaN,NaN,NaN,NaN,NaN,NaN,NaN
NaN,NaN,-0.0212085483362898,-0.0279826678985652,-0.0341474748517309,-0.0286621517249538,-0.026845609798329,-0.024695192584962,-0.0656369386609488,NaN,NaN,NaN,NaN,NaN,NaN,NaN,NaN,NaN
NaN,NaN,-0.0160847468068823,-0.0303469420129356,-0.0344810000921522,-0.0304192035206749,-0.0184984635852743,-0.0240010592436496,-0.0656683056052619,NaN,NaN,NaN,NaN,NaN,NaN,NaN,NaN,NaN
NaN,NaN,-0.0238567081978545,-0.0305220306569633,-0.0433918944860731,-0.033882345140834,-0.0182151180051733,-0.0133207264637652,-0.0666841922696525,NaN,NaN,NaN,NaN,NaN,NaN,NaN,NaN,NaN
NaN,NaN,-0.022003655671142,-0.0315401897484359,-0.0377513393129145,-0.0311612440952255,-0.00901454503764398,-0.0179332505261603,-0.0654613657291823,NaN,NaN,NaN,NaN,NaN,NaN,NaN,NaN,NaN
NaN,NaN,-0.0262004000833258,-0.0340316825264987,-0.0345325581098829,-0.0219782917508079,-0.00937826375593431,-0.0206526006853286,-0.0707285723086291,NaN,NaN,NaN,NaN,NaN,NaN,NaN,NaN,NaN
NaN,NaN,-0.0294540872564539,-0.04103439009729,-0.0289639196659361,-0.00904471713389891,-0.00348539467086084,-0.0152543570196334,-0.076227026283353,NaN,NaN,NaN,NaN,NaN,NaN,NaN,NaN,NaN
NaN,NaN,-0.0254588996758685,-0.0419092000180778,-0.0255532673860823,-0.010871841640134,0.000952543661696836,-0.0132216151153746,-0.0771430006619388,NaN,NaN,NaN,NaN,NaN,NaN,NaN,NaN,NaN
NaN,NaN,-0.036124145030044,-0.0336099796647128,-0.029889207270268,-0.0074590473183586,-0.00490877221454866,-0.00922357768771083,-0.0700670911367827,NaN,NaN,NaN,NaN,NaN,NaN,NaN,NaN,NaN
NaN,NaN,-0.0320748103549704,-0.0303442225510177,-0.0127108319963251,-0.00409645128335493,-0.00148657153476961,-0.0220814171528521,-0.0711356347795421,NaN,NaN,NaN,NaN,NaN,NaN,NaN,NaN,NaN
NaN,NaN,-0.0348558885743842,-0.0305903897339401,-0.00854051851880892,0.00807233986173135,0.00364525799523108,-0.0188390362357798,-0.0732734484966689,NaN,NaN,NaN,NaN,NaN,NaN,NaN,NaN,NaN
NaN,NaN,-0.0371208837023005,-0.0264988102668819,0.000336326721784037,0.0141002693465756,-0.000143809273140505,-0.0145973461961451,-0.0708525685962134,NaN,NaN,NaN,NaN,NaN,NaN,NaN,NaN,NaN
NaN,NaN,-0.0290220280876383,-0.019462556456953,-0.00181275599849566,0.00344117072139246,-0.00421018715132959,-0.014866461167306,-0.0643422698970729,NaN,NaN,NaN,NaN,NaN,NaN,NaN,NaN,NaN
NaN,NaN,-0.0351171245565638,-0.00542931339684098,-0.00545385473621233,0.00143260595117075,-0.00586550126899965,-0.0204090225791636,-0.0599031394716197,NaN,NaN,NaN,NaN,NaN,NaN,NaN,NaN,NaN
NaN,NaN,-0.020273314206861,-0.00625437206569283,0.00958864397155897,0.000444211929182831,0.00252619941602461,-0.0268896493410769,-0.0710554479058677,NaN,NaN,NaN,NaN,NaN,NaN,NaN,NaN,NaN
NaN,NaN,-0.0196681966772303,-0.00415297306123345,0.0158986710642542,0.00577640619788629,0.00200002078781836,-0.0246968689655963,-0.0761891587074691,NaN,NaN,NaN,NaN,NaN,NaN,NaN,NaN,NaN
NaN,NaN,-0.0130672802915797,0.00111475505885513,0.0111856572960581,0.00761796620402795,-0.0107727889262605,-0.0235608230626288,-0.0790811946984225,NaN,NaN,NaN,NaN,NaN,NaN,NaN,NaN,NaN
NaN,NaN,-0.0079264355590567,0.0099089547341767,0.00207845872985975,-0.00268082234348791,-0.00606398473610171,-0.0310388404226008,-0.076308069973796,NaN,NaN,NaN,NaN,NaN,NaN,NaN,NaN,NaN
NaN,NaN,-0.0100532224169001,0.00753989362177284,-0.00113467865836962,-0.000926620394845184,-0.00789056907524355,-0.0371848616099063,-0.078527765571683,NaN,NaN,NaN,NaN,NaN,NaN,NaN,NaN,NaN
NaN,NaN,0.00506519770715386,0.00211194076594741,0.0147660524283613,-0.00109133410539168,-0.00834267030586489,-0.0433902452981177,-0.0895449018474513,NaN,NaN,NaN,NaN,NaN,NaN,NaN,NaN,NaN
NaN,NaN,0.00178377574775368,0.00448740937766463,0.0106490106021132,0.00368998286042673,-0.0169506240927149,-0.0434032093083564,-0.0836429430540496,NaN,NaN,NaN,NaN,NaN,NaN,NaN,NaN,NaN
NaN,NaN,0.0017263131448999,0.0104109562283459,0.00114361575591223,0.00443401646528703,-0.02689267884125,-0.0462337780093852,-0.0780138990279132,NaN,NaN,NaN,NaN,NaN,NaN,NaN,NaN,NaN
NaN,NaN,0.00302189460489899,0.00838274055179984,-0.00780538835776194,-0.0086591495880081,-0.0220332797907758,-0.0466454970931712,-0.0716660602386886,NaN,NaN,NaN,NaN,NaN,NaN,NaN,NaN,NaN
NaN,NaN,0.00162796548102051,0.00493058853802116,-0.00320437544238909,-0.0139804473825886,-0.0266116243146826,-0.0489182221984568,-0.0687488412853175,NaN,NaN,NaN,NaN,NaN,NaN,NaN,NaN,NaN
NaN,NaN,0.00553743413183838,-0.00084200954976647,0.00529506063806669,-0.0195874935695125,-0.0342450235330034,-0.0465460877215567,-0.0681346340473586,NaN,NaN,NaN,NaN,NaN,NaN,NaN,NaN,NaN
NaN,NaN,9.45801148191094e-05,0.00253572979030044,-0.00283046805513247,-0.0199178336867287,-0.0435444284521509,-0.041711145201892,-0.0598281680043632,NaN,NaN,NaN,NaN,NaN,NaN,NaN,NaN,NaN
NaN,NaN,0.000452859909273684,0.00935440802034766,-0.0154571905101572,-0.0238872608849003,-0.0457097534381319,-0.0360822129344645,-0.0570132268961364,NaN,NaN,NaN,NaN,NaN,NaN,NaN,NaN,NaN
NaN,NaN,0.00178945681545883,-0.000116844540267873,-0.0185130833948885,-0.0424581682988598,-0.0351863112591673,-0.0311271298026744,-0.0478219671543532,NaN,NaN,NaN,NaN,NaN,NaN,NaN,NaN,NaN
NaN,NaN,-0.0024477815022692,-0.00459797761383622,-0.0180263742173944,-0.043190355480571,-0.0371320676349569,-0.0257387954091731,-0.0522489158805305,NaN,NaN,NaN,NaN,NaN,NaN,NaN,NaN,NaN
NaN,NaN,0.00464789068792015,-0.0115801402086314,-0.017837259855393,-0.037661894292493,-0.0394935664080549,-0.0198201286887828,-0.0517922884221965,NaN,NaN,NaN,NaN,NaN,NaN,NaN,NaN,NaN
NaN,NaN,0.00298303982708603,-0.0109006286317405,-0.0271477661396299,-0.0347739374944164,-0.0358024929009844,-0.0207141797339621,-0.0501811189945632,NaN,NaN,NaN,NaN,NaN,NaN,NaN,NaN,NaN
NaN,NaN,0.000405958504416049,-0.0113417216295299,-0.0400093122686182,-0.0348176537760689,-0.0263439622067381,-0.0138484138345423,-0.043019769936412,NaN,NaN,NaN,NaN,NaN,NaN,NaN,NaN,NaN
NaN,NaN,-0.00489857548382133,-0.0222850599044856,-0.0370100810493265,-0.0406263499268486,-0.0124004055105615,-0.00706924230811031,-0.0427876470979148,NaN,NaN,NaN,NaN,NaN,NaN,NaN,NaN,NaN
NaN,NaN,-0.00996446737553924,-0.0220166527384814,-0.0333981327081953,-0.0275330721148445,-0.0129404608451296,-0.00549135834929378,-0.0473580567534858,NaN,NaN,NaN,NaN,NaN,NaN,NaN,NaN,NaN
NaN,NaN,-0.0049538587918505,-0.0312065341228542,-0.0280707068110739,-0.0201897239991619,-0.0161373932205606,-0.00736346573588283,-0.0408606103058749,NaN,NaN,NaN,NaN,NaN,NaN,NaN,NaN,NaN
NaN,NaN,-0.0118360532214865,-0.0245817758792934,-0.0330601743723188,-0.018320876241584,-0.00969273413647898,-0.00843370438572795,-0.0366577750440532,NaN,NaN,NaN,NaN,NaN,NaN,NaN,NaN,NaN
NaN,NaN,-0.0196187248220667,-0.0249304071718749,-0.0294151454533373,-0.0131348251112892,-0.00201401676167734,-0.00102248148080738,-0.0319600349660808,NaN,NaN,NaN,NaN,NaN,NaN,NaN,NaN,NaN
NaN,NaN,-0.0241430898895487,-0.0290974423939285,-0.0198539457584654,-0.0161101772197677,0.00786120627890341,0.00141201435568898,-0.0309289863701755,NaN,NaN,NaN,NaN,NaN,NaN,NaN,NaN,NaN
NaN,NaN,-0.0235920822015032,-0.0282615990096626,-0.0118312350775038,-0.00718320819820898,-0.000366879656212404,0.00331617786529629,-0.0263394287224704,NaN,NaN,NaN,NaN,NaN,NaN,NaN,NaN,NaN
NaN,NaN,-0.0184784879675135,-0.0259032853597697,-0.010329086270455,-0.00261356222714918,-0.00113099257578142,0.00709228112342923,-0.0260223506387168,NaN,NaN,NaN,NaN,NaN,NaN,NaN,NaN,NaN
NaN,NaN,-0.0254726273706183,-0.0183340170139369,-0.00844721862328394,-0.00569940644588011,0.00883026604424231,0.00910829647424786,-0.0329201912876063,NaN,NaN,NaN,NaN,NaN,NaN,NaN,NaN,NaN
NaN,NaN,-0.0298904491355643,-0.0150359988862571,-0.00349550687921389,0.000988588600497071,0.0154516715265345,0.00636078312042324,-0.0366675166781837,NaN,NaN,NaN,NaN,NaN,NaN,NaN,NaN,NaN
NaN,NaN,-0.0248817963292822,-0.0195517957860526,-0.00169933953535898,-0.00152812439288634,0.0165909398056101,0.00564465193989842,-0.0392633734639579,NaN,NaN,NaN,NaN,NaN,NaN,NaN,NaN,NaN
NaN,NaN,-0.0198961471905932,-0.0143681847209033,-0.00118806206834658,0.0116451540282772,0.00809189488063566,0.00970724864843456,-0.040093740671485,NaN,NaN,NaN,NaN,NaN,NaN,NaN,NaN,NaN
NaN,NaN,-0.0124322300544009,-0.00592365941944687,-0.000939417567375738,0.0100146875968979,0.0105193126655649,0.00664459436181156,-0.0520868657525474,NaN,NaN,NaN,NaN,NaN,NaN,NaN,NaN,NaN
NaN,NaN,-0.0151122784009203,-0.00406239262762635,0.00432765862691061,0.0108133153310822,0.0203778464056086,-0.00402698398587139,-0.0539811013635093,NaN,NaN,NaN,NaN,NaN,NaN,NaN,NaN,NaN
NaN,NaN,-0.0159584222128615,-0.00124478793683617,0.00549590966450826,0.0199575991622017,0.0173287708021235,-0.00695191429016025,-0.0538284203406268,NaN,NaN,NaN,NaN,NaN,NaN,NaN,NaN,NaN
NaN,NaN,-0.00634717324282974,-0.00688022083583443,0.00961550331461088,0.0194667176595734,0.00847243328462355,-0.00455513701793583,-0.0529906025525027,NaN,NaN,NaN,NaN,NaN,NaN,NaN,NaN,NaN
NaN,NaN,-0.0020343674113974,0.00501684763488204,0.0165263266001906,0.0221769222310589,0.00162419487605802,-0.0097703199183646,-0.0607853813465529,NaN,NaN,NaN,NaN,NaN,NaN,NaN,NaN,NaN
NaN,NaN,0.00574103987310082,0.0101218737011853,0.0174369924401011,0.0127785549751328,0.00204062645207159,-0.0181522789692584,-0.0654870702322417,NaN,NaN,NaN,NaN,NaN,NaN,NaN,NaN,NaN
NaN,NaN,0.00119758269283921,0.00841388397869498,0.0217393115793432,0.00736356612954599,0.00482440550695173,-0.0239909450804892,-0.061952663808673,NaN,NaN,NaN,NaN,NaN,NaN,NaN,NaN,NaN
NaN,NaN,0.00120659789536149,0.00953916379269988,0.0188208074008192,0.0148200885644959,-0.0129229519807268,-0.0228986154591742,-0.0621043576296264,NaN,NaN,NaN,NaN,NaN,NaN,NaN,NaN,NaN
NaN,NaN,0.00859774148557335,0.00975932844933898,0.0197811686133112,0.00343882378850443,-0.0186549257778097,-0.0266364041065875,-0.0677279441054755,NaN,NaN,NaN,NaN,NaN,NaN,NaN,NaN,NaN
NaN,NaN,0.0118364716181532,0.0222781851237717,0.0134830438231196,-0.00544683176364439,-0.0250842366658617,-0.0334140482639972,-0.0687623082097465,NaN,NaN,NaN,NaN,NaN,NaN,NaN,NaN,NaN
NaN,NaN,0.0190930390963331,0.0235280013924542,0.0103754811619486,-0.0165689280935718,-0.020826844527619,-0.0316962610280219,-0.061555510609954,NaN,NaN,NaN,NaN,NaN,NaN,NaN,NaN,NaN
NaN,NaN,0.0162432665238157,0.0187787591761056,0.0101263337467875,-0.0148488311776115,-0.0213392768346239,-0.034289957145423,-0.0569779670234614,NaN,NaN,NaN,NaN,NaN,NaN,NaN,NaN,NaN
NaN,NaN,0.0150970133254305,0.0192618548220101,0.000925239238616388,-0.011324762434621,-0.0315495338581968,-0.0297024670338336,-0.0598896725471908,NaN,NaN,NaN,NaN,NaN,NaN,NaN,NaN,NaN
NaN,NaN,0.025385650456883,0.0177395149415436,-0.00656000518453463,-0.0254096566447212,-0.0312663931690622,-0.030138679901332,-0.056311717480033,NaN,NaN,NaN,NaN,NaN,NaN,NaN,NaN,NaN
NaN,NaN,0.0274300338933244,0.0190415411537591,-0.00832629570019587,-0.0300457245418026,-0.0286517050408293,-0.0279594782089892,-0.0465388840433055,NaN,NaN,NaN,NaN,NaN,NaN,NaN,NaN,NaN
NaN,NaN,0.0297327289590612,0.0164769395535889,-0.0107575505341326,-0.029641362906356,-0.0232170652889181,-0.0238201963996592,-0.0426754227276736,NaN,NaN,NaN,NaN,NaN,NaN,NaN,NaN,NaN
NaN,NaN,0.0206137957284227,0.00175751664695174,-0.0120782590771948,-0.0281662783333256,-0.0251644049130846,-0.026172568211526,-0.0350080116089278,NaN,NaN,NaN,NaN,NaN,NaN,NaN,NaN,NaN
NaN,NaN,0.0224761987337843,0.00377906405386359,-0.024855092104796,-0.0244169412859871,-0.030285971268313,-0.0158010806238356,-0.0339006504412585,NaN,NaN,NaN,NaN,NaN,NaN,NaN,NaN,NaN
NaN,NaN,0.0225461410591379,-0.000398755883603982,-0.025134954538468,-0.0341565823861553,-0.0227430593513418,-0.0143851164078418,-0.0282886682446891,NaN,NaN,NaN,NaN,NaN,NaN,NaN,NaN,NaN
NaN,NaN,0.0159623237559572,0.000151301855415415,-0.0214635691906248,-0.031700107336898,-0.0127942804538179,-0.0135353031849566,-0.025693761407941,NaN,NaN,NaN,NaN,NaN,NaN,NaN,NaN,NaN
NaN,NaN,0.00697506091091782,-0.0124092035645541,-0.0208116620148454,-0.025368901968856,-0.017099319054978,-0.00763347477671535,-0.0194775930043155,NaN,NaN,NaN,NaN,NaN,NaN,NaN,NaN,NaN
NaN,NaN,-0.00157379114534706,-0.0247726038748321,-0.0229632406796251,-0.0227817251094772,-0.0168514196120668,-0.00958092615959079,-0.0155323801930839,NaN,NaN,NaN,NaN,NaN,NaN,NaN,NaN,NaN
NaN,NaN,-0.00340277829673141,-0.0162282407933768,-0.0355808547998701,-0.0166818602689697,-0.0204722713970114,-4.84484529200309e-05,-0.0172180554266864,NaN,NaN,NaN,NaN,NaN,NaN,NaN,NaN,NaN
NaN,NaN,-0.00707572826649993,-0.0151176572495994,-0.02992318191779,-0.0261468543418838,-0.00752197022666224,-0.00358503417131336,-0.014674557596057,NaN,NaN,NaN,NaN,NaN,NaN,NaN,NaN,NaN
NaN,NaN,-0.0154415568104014,-0.0191677183562812,-0.0225052348638807,-0.0226650490173294,-0.00672829712857493,-0.00160707266089351,-0.0118101260062152,NaN,NaN,NaN,NaN,NaN,NaN,NaN,NaN,NaN
NaN,NaN,-0.0209919785847887,-0.0308462426716384,-0.0174779928590093,-0.0145001440056755,-0.00874498303164728,0.00512298091295331,-0.0135017617042953,NaN,NaN,NaN,NaN,NaN,NaN,NaN,NaN,NaN
NaN,NaN,-0.0229859402170405,-0.0308529109412727,-0.0183230749632154,-0.00757194224085348,-0.00398015047539957,0.00300126044991581,-0.0128619058426314,NaN,NaN,NaN,NaN,NaN,NaN,NaN,NaN,NaN
NaN,NaN,-0.0222967801382765,-0.0144440130049285,-0.0261137373114858,-0.00396923261966246,-0.00638067166437395,0.013888924261361,-0.0176579935844832,NaN,NaN,NaN,NaN,NaN,NaN,NaN,NaN,NaN
NaN,NaN,-0.0258629446616396,-0.0149529807919559,-0.0202865637208258,-0.0118356673726036,0.00635756735573523,0.00748747854474156,-0.0148935487862521,NaN,NaN,NaN,NaN,NaN,NaN,NaN,NaN,NaN
NaN,NaN,-0.0208320146193728,-0.020175781911045,-0.007655072894219,-0.00730962592448729,0.00577027534018271,0.00680869339945881,-0.0182319118078643,NaN,NaN,NaN,NaN,NaN,NaN,NaN,NaN,NaN
NaN,NaN,-0.0223619913449511,-0.0249589242691097,-0.00348669656765803,0.00553057429109079,0.00647258569370024,0.00844903185012906,-0.030243439823001,NaN,NaN,NaN,NaN,NaN,NaN,NaN,NaN,NaN
NaN,NaN,-0.0200585512211546,-0.017662831460863,-0.00816627585542544,0.00846720200691682,0.00808399726520292,0.000197849115162777,-0.0322037248309546,NaN,NaN,NaN,NaN,NaN,NaN,NaN,NaN,NaN
NaN,NaN,-0.0257468646159396,-0.00598168081584542,-0.0192229560877119,0.00702923995171053,0.0102030355192255,0.00368401302936642,-0.0370678177472049,NaN,NaN,NaN,NaN,NaN,NaN,NaN,NaN,NaN
NaN,NaN,-0.0193486040225253,-0.00670678994598954,-0.00447464355481013,-0.00213843870248335,0.00892025043140165,-0.0114438134526911,-0.0378340727086955,NaN,NaN,NaN,NaN,NaN,NaN,NaN,NaN,NaN
NaN,NaN,-0.015057293116115,-0.0143619634861049,0.0129711330567564,0.00425106745872957,0.000916631863219664,-0.017498062113494,-0.0474093726273471,NaN,NaN,NaN,NaN,NaN,NaN,NaN,NaN,NaN
NaN,NaN,-0.0205501777818426,-0.00672921619358628,0.00794931134926931,0.016160354881625,-0.00384339506854303,-0.0200597021078768,-0.0476275070007735,NaN,NaN,NaN,NaN,NaN,NaN,NaN,NaN,NaN
NaN,NaN,-0.0143050638725981,0.0017292975729409,0.00392754382240431,0.0122847304931687,-0.00010126645793207,-0.0284382525181475,-0.0480818806584769,NaN,NaN,NaN,NaN,NaN,NaN,NaN,NaN,NaN
NaN,NaN,-0.0128078697016463,0.0111444286352101,0.000111468199368876,0.00613110971365434,-0.00789634327520616,-0.0247488553917113,-0.0456905795629912,NaN,NaN,NaN,NaN,NaN,NaN,NaN,NaN,NaN
NaN,NaN,-0.00476234161760658,0.00460693531689079,0.0137934722636904,-0.00138643297638434,-0.0189619642042089,-0.0348055373227301,-0.0404628983136111,NaN,NaN,NaN,NaN,NaN,NaN,NaN,NaN,NaN
NaN,NaN,-0.000223541050218046,0.00820351683554084,0.0201616138850416,-0.00196720573391455,-0.0232959669374395,-0.0330918665325347,-0.0401462672646934,NaN,NaN,NaN,NaN,NaN,NaN,NaN,NaN,NaN
NaN,NaN,0.00322130939457565,0.0205775342231694,0.0120576359962191,0.00179420125399095,-0.0281741414510179,-0.030784067819089,-0.037639053761571,NaN,NaN,NaN,NaN,NaN,NaN,NaN,NaN,NaN
NaN,NaN,0.0095216321060434,0.0236417158788148,0.0105614849065508,-0.00947277161564368,-0.0153445583127905,-0.0325540649985972,-0.0389033241566115,NaN,NaN,NaN,NaN,NaN,NaN,NaN,NaN,NaN
NaN,NaN,0.00474860391113907,0.0207427881008092,-0.0059240422512327,-0.0169836274095966,-0.0286740009032655,-0.0234068568145934,-0.0213029666241103,NaN,NaN,NaN,NaN,NaN,NaN,NaN,NaN,NaN
NaN,NaN,0.0157310018548742,0.0142844199484292,0.00703763968097822,-0.0238693608650162,-0.0332041774236131,-0.0298130709027949,-0.0213080702718192,NaN,NaN,NaN,NaN,NaN,NaN,NaN,NaN,NaN
NaN,NaN,0.0216517733642831,0.015268082851738,0.00813613465773718,-0.0212130612441494,-0.0314211603545118,-0.0257533426677886,-0.0221717415746146,NaN,NaN,NaN,NaN,NaN,NaN,NaN,NaN,NaN
NaN,NaN,0.0173172118375078,0.021415258879036,-0.00229275965345247,-0.0142705729910328,-0.0267537068866659,-0.0181503604447547,-0.0292400887604648,NaN,NaN,NaN,NaN,NaN,NaN,NaN,NaN,NaN
NaN,NaN,0.0175232762703672,0.016687455708355,-0.00934991234195574,-0.0230871430345966,-0.0185713302635122,-0.0179568688666526,-0.0199639855321342,NaN,NaN,NaN,NaN,NaN,NaN,NaN,NaN,NaN
NaN,NaN,0.012003848911263,0.00910323032197387,-0.0168633944655691,-0.02485907736506,-0.0296317544125486,-0.0171298730468455,-0.00578690901359854,NaN,NaN,NaN,NaN,NaN,NaN,NaN,NaN,NaN
NaN,NaN,0.018496266216971,0.000173355573982311,-0.00773235404146059,-0.0251988797196342,-0.0253011044405866,-0.0203086073791686,-0.0114797672625476,NaN,NaN,NaN,NaN,NaN,NaN,NaN,NaN,NaN
NaN,NaN,0.0136305155465379,-0.00351289368215172,-0.00648456805599077,-0.019558492184539,-0.0190046374045778,-0.0159366066848937,-0.00799792468509016,NaN,NaN,NaN,NaN,NaN,NaN,NaN,NaN,NaN
NaN,NaN,0.00970463699195534,0.00328164466676147,-0.0169253832961355,-0.00893936592425841,-0.0178605262481142,-0.00722855434772403,-0.00517294391950903,NaN,NaN,NaN,NaN,NaN,NaN,NaN,NaN,NaN
NaN,NaN,0.00392855575773865,-0.00442614859881966,-0.0183664000893865,-0.0177224269815876,-0.0186547395132948,-0.00721642852780254,0.0118696258966035,NaN,NaN,NaN,NaN,NaN,NaN,NaN,NaN,NaN
NaN,NaN,-0.00410385930445045,-0.00951375893297761,-0.0193369872237478,-0.0193854897030784,-0.0210776496969629,-0.00294707820770176,0.0184666121009892,NaN,NaN,NaN,NaN,NaN,NaN,NaN,NaN,NaN
NaN,NaN,-0.00115860754158348,-0.0114613779539165,-0.0103237218524252,-0.0225380538710548,-0.012505905731814,-0.000492428550690724,0.0137680152062482,NaN,NaN,NaN,NaN,NaN,NaN,NaN,NaN,NaN
NaN,NaN,0.000807898701168596,-0.00394497147741883,-0.00986448669088228,-0.0191371059724285,-0.0011385549150873,0.00727487622740834,0.0123082974556989,NaN,NaN,NaN,NaN,NaN,NaN,NaN,NaN,NaN
NaN,NaN,-0.00571985298302025,-0.00114964402261345,-0.0202479697133337,-0.0134616820820762,-0.00527236054767855,0.0151184563243684,0.0104094238583154,NaN,NaN,NaN,NaN,NaN,NaN,NaN,NaN,NaN
NaN,NaN,-0.00975033768918365,-0.0113649674409923,-0.016734071012858,-0.0187575733968212,-0.00257534350384958,0.0141028118038472,0.0158430391553945,NaN,NaN,NaN,NaN,NaN,NaN,NaN,NaN,NaN
NaN,NaN,-0.0153189016273245,-0.0127802983576354,-0.0196315086747442,-0.0159525229343368,0.00340184752712958,0.0100117352509794,0.00992828398981752,NaN,NaN,NaN,NaN,NaN,NaN,NaN,NaN,NaN
NaN,NaN,-0.00702783965971321,-0.0103996702188548,-0.01068375253332,-0.0129812313922836,0.0114450286782812,0.0120120298767385,-0.00582228064498243,NaN,NaN,NaN,NaN,NaN,NaN,NaN,NaN,NaN
NaN,NaN,-0.00690755003597587,-0.00945286906304925,-0.00914472335231646,-0.00595080766167181,0.0210474859632086,0.00872565328124135,-0.00839509651026068,NaN,NaN,NaN,NaN,NaN,NaN,NaN,NaN,NaN
NaN,NaN,-0.01524869853165,-0.0135828562730846,-0.0117045193280016,0.00990436312470895,0.00958921943674795,0.00805525003913014,-0.00826713278850851,NaN,NaN,NaN,NaN,NaN,NaN,NaN,NaN,NaN
NaN,NaN,-0.0165343707194552,-0.0207941055947837,-0.0042806863154207,0.00838848662291032,0.0144160594500136,-0.0014862428700629,-0.00988524988254843,NaN,NaN,NaN,NaN,NaN,NaN,NaN,NaN,NaN
NaN,NaN,-0.0209307161858305,-0.0174894564503726,-0.00206944712651117,0.0128953800788925,0.0152564476884436,-0.00448575348612697,-0.0174411816891128,NaN,NaN,NaN,NaN,NaN,NaN,NaN,NaN,NaN
NaN,NaN,-0.0172166948905215,-0.00981925136390297,0.011088986012813,0.0133384474805401,0.017723558441503,-0.00799421326276691,-0.0246814137693339,NaN,NaN,NaN,NaN,NaN,NaN,NaN,NaN,NaN
NaN,NaN,-0.016756453900598,-0.00733653164449303,0.0151716061567034,0.0184209727934406,0.011915532842977,-0.0127383332049552,-0.0187402090426379,NaN,NaN,NaN,NaN,NaN,NaN,NaN,NaN,NaN
NaN,NaN,-0.0197080200305209,-0.000492931222349094,0.0139477551614012,0.0230257482520149,-0.00224515239824541,-0.0130585032796565,-0.0259989930685454,NaN,NaN,NaN,NaN,NaN,NaN,NaN,NaN,NaN
NaN,NaN,-0.0165573557605967,0.00275606208500297,0.0193002708886828,0.0118745201519535,0.0015498939610552,-0.019533691117734,-0.0255985429879123,NaN,NaN,NaN,NaN,NaN,NaN,NaN,NaN,NaN
NaN,NaN,-0.0149745544185862,0.0124331369346085,0.0232778005932535,0.0126426005056904,0.0024961922026705,-0.0206362466609183,-0.0328697694834167,NaN,NaN,NaN,NaN,NaN,NaN,NaN,NaN,NaN
NaN,NaN,-0.00711348408367485,0.0201912402456704,0.0246408843134607,0.00958130595002634,-0.00391644801129587,-0.0205323669409457,-0.0310524052377635,NaN,NaN,NaN,NaN,NaN,NaN,NaN,NaN,NaN
NaN,NaN,0.00287431722972542,0.0165212332552377,0.0236679874991144,0.00711304035697443,-0.00800139646162279,-0.0204656097387973,-0.0302855728562766,NaN,NaN,NaN,NaN,NaN,NaN,NaN,NaN,NaN
NaN,NaN,0.00439479446504265,0.0234618029838506,0.0198134110008444,0.00711270508084757,-0.0176556911610533,-0.0225456628298465,-0.0377454107995921,NaN,NaN,NaN,NaN,NaN,NaN,NaN,NaN,NaN
NaN,NaN,0.0136821853229776,0.0215415275937024,0.0240678415332998,0.00227455881152613,-0.012422254338162,-0.0298837210333052,-0.0416257663067275,NaN,NaN,NaN,NaN,NaN,NaN,NaN,NaN,NaN
NaN,NaN,0.0143821487436071,0.0297746240442696,0.0186864920591082,0.000788913040499513,-0.0116766374849249,-0.0331058736240569,-0.0394560082252913,NaN,NaN,NaN,NaN,NaN,NaN,NaN,NaN,NaN
NaN,NaN,0.0232895786175504,0.0238159663325253,0.0178832263385023,-0.001222557456155,-0.0190652106248308,-0.0290514911806289,-0.0363124220069343,NaN,NaN,NaN,NaN,NaN,NaN,NaN,NaN,NaN
NaN,NaN,0.0303973952541128,0.0199711687212888,0.0147707835470404,-0.00221149164523619,-0.0212436858855654,-0.032031444022626,-0.0409038236733371,NaN,NaN,NaN,NaN,NaN,NaN,NaN,NaN,NaN
NaN,NaN,0.024124956340529,0.0234343475943509,0.0103923381005491,-0.000116854042668518,-0.0279057342850137,-0.0397864553427401,-0.0391429534550601,NaN,NaN,NaN,NaN,NaN,NaN,NaN,NaN,NaN
NaN,NaN,0.0218111971626058,0.0218540421968404,0.00882674759971754,-0.00803892600621718,-0.0224487986706663,-0.0427480238771144,-0.0322518555816108,NaN,NaN,NaN,NaN,NaN,NaN,NaN,NaN,NaN
NaN,NaN,0.0223323652753606,0.0233969084268513,0.0053911917542185,-0.0138206138023331,-0.0276026632927824,-0.043074787715644,-0.0218945427235061,NaN,NaN,NaN,NaN,NaN,NaN,NaN,NaN,NaN
NaN,NaN,0.0275416808435693,0.0153972759192887,0.00222041091668264,-0.0148194758900596,-0.0384746995114256,-0.036636927286357,-0.0246194994445735,NaN,NaN,NaN,NaN,NaN,NaN,NaN,NaN,NaN
NaN,NaN,0.0271836059400812,0.00883271836695106,0.0041893758510317,-0.0206876649269058,-0.0324496198736597,-0.036466253111333,-0.0220899155732089,NaN,NaN,NaN,NaN,NaN,NaN,NaN,NaN,NaN
NaN,NaN,0.0154537843773142,0.0127412929480973,-0.0039559155072008,-0.0176070733674957,-0.0328292083286215,-0.0356257344877425,-0.0200656673308307,NaN,NaN,NaN,NaN,NaN,NaN,NaN,NaN,NaN
NaN,NaN,0.0153707662830129,0.00999646180328758,-0.0100717245901857,-0.0268240003594353,-0.0338976029597688,-0.0314521613812152,-0.009045830219596,NaN,NaN,NaN,NaN,NaN,NaN,NaN,NaN,NaN
NaN,NaN,0.0163605014095083,0.00277722173389824,-0.0159154570962225,-0.031478433937688,-0.0369372908317018,-0.0328315804993811,-0.00687042832335768,NaN,NaN,NaN,NaN,NaN,NaN,NaN,NaN,NaN
NaN,NaN,0.0109768050024286,-0.00626972026172249,-0.015743367310885,-0.031872215748687,-0.036875097110169,-0.0249803635573092,-0.0157951994236403,NaN,NaN,NaN,NaN,NaN,NaN,NaN,NaN,NaN
NaN,NaN,0.00385971239302308,-0.00949984497371285,-0.0168956741060053,-0.0309174052187397,-0.0271791164122988,-0.0238115537261668,-0.0167989788945609,NaN,NaN,NaN,NaN,NaN,NaN,NaN,NaN,NaN
NaN,NaN,-0.00704326236154884,-0.00670582137051194,-0.0279079302514826,-0.0242497688838436,-0.0263890009664465,-0.0199445533847514,-0.0105784891541892,NaN,NaN,NaN,NaN,NaN,NaN,NaN,NaN,NaN
NaN,NaN,-0.00589132809545845,-0.0166358434313831,-0.0360334403182302,-0.0294399178334667,-0.0308064129494596,-0.019253940442771,-0.00080396071037588,NaN,NaN,NaN,NaN,NaN,NaN,NaN,NaN,NaN
NaN,NaN,-0.0104583663633093,-0.0201342821771201,-0.0331078953410421,-0.0312374076553776,-0.0212866012298036,-0.0247901316082183,-0.00762355163654623,NaN,NaN,NaN,NaN,NaN,NaN,NaN,NaN,NaN
NaN,NaN,-0.0165812721243128,-0.019365624403387,-0.0258863269652162,-0.0240874207326366,-0.0216570627235342,-0.0158119025921527,-0.0173921382423335,NaN,NaN,NaN,NaN,NaN,NaN,NaN,NaN,NaN
NaN,NaN,-0.0194693034281954,-0.0247881942147311,-0.0233122072483335,-0.0172204627403213,-0.0084244963072706,-0.0159682530259791,-0.0152447505291396,NaN,NaN,NaN,NaN,NaN,NaN,NaN,NaN,NaN
NaN,NaN,-0.0249061411013827,-0.0276554383987483,-0.0326851493979727,-0.0120446934112503,-0.0159303788386751,-0.013146978924245,-0.00536351114472685,NaN,NaN,NaN,NaN,NaN,NaN,NaN,NaN,NaN
NaN,NaN,-0.0236558219185099,-0.0327189088517722,-0.0324455387259756,-0.0145854531535103,-0.00971791709889658,-0.0155116814469996,-0.00737118184527693,NaN,NaN,NaN,NaN,NaN,NaN,NaN,NaN,NaN
NaN,NaN,-0.0262050939491019,-0.0307657764011916,-0.0182592048610483,-0.0164273670622303,-0.00257957170833834,-0.0224965635037127,-0.0175217597182685,NaN,NaN,NaN,NaN,NaN,NaN,NaN,NaN,NaN
NaN,NaN,-0.0264598106732592,-0.0237334713989791,-0.0109083502854143,-0.00140058907951849,-0.00589811618556269,-0.0108601349687281,-0.0290849490459853,NaN,NaN,NaN,NaN,NaN,NaN,NaN,NaN,NaN
NaN,NaN,-0.0250653972616419,-0.0289897442513999,-0.00615320348394259,0.00684103828583223,-0.00492724965442903,-0.0148059438264075,-0.0204009062047893,NaN,NaN,NaN,NaN,NaN,NaN,NaN,NaN,NaN
NaN,NaN,-0.0290243377676234,-0.0218662068897781,-0.0102070457602773,0.00781494092855913,-0.0110257175110746,-0.0151683586930934,-0.017708303629964,NaN,NaN,NaN,NaN,NaN,NaN,NaN,NaN,NaN
NaN,NaN,-0.0268499230733141,-0.0208657615536746,-0.00447751202833994,0.00553912383232576,-0.00324859659303911,-0.0171391117667857,-0.0231595209237033,NaN,NaN,NaN,NaN,NaN,NaN,NaN,NaN,NaN
NaN,NaN,-0.0212214378407225,-0.00911858013811676,0.010996934089538,0.00190024164233667,0.00128862072597258,-0.0170080933069888,-0.0285266025360518,NaN,NaN,NaN,NaN,NaN,NaN,NaN,NaN,NaN
NaN,NaN,-0.0190920991590247,0.00268645503577621,0.0178239942227568,0.0215373457661675,-0.00412865917314775,-0.017175824502677,-0.0364019221063548,NaN,NaN,NaN,NaN,NaN,NaN,NaN,NaN,NaN
NaN,NaN,-0.0113165056100115,-0.000942201232343603,0.0124473944936957,0.0172230870715187,-0.00710579942096956,-0.0262738216018382,-0.0237880146499568,NaN,NaN,NaN,NaN,NaN,NaN,NaN,NaN,NaN
NaN,NaN,-0.0117662412812933,0.00968415209111602,0.00913721329319135,0.0160642982712792,-0.00786790068377741,-0.0223021592294875,-0.0318062922354632,NaN,NaN,NaN,NaN,NaN,NaN,NaN,NaN,NaN
NaN,NaN,-0.00424506643321365,0.0118417284732762,0.0123119429384436,0.0106400334528492,-0.00607544000376947,-0.0324731889462176,-0.0324161967631274,NaN,NaN,NaN,NaN,NaN,NaN,NaN,NaN,NaN
NaN,NaN,0.00562296679709107,0.0162806353813115,0.0276064761613573,0.00647119146500093,0.000753091619117185,-0.0410549539422694,-0.0432141555841857,NaN,NaN,NaN,NaN,NaN,NaN,NaN,NaN,NaN
NaN,NaN,0.00971160328481347,0.0183192632442418,0.0166550726329054,0.0180237450889157,-0.0125627164088655,-0.0330181244110766,-0.0433783105011874,NaN,NaN,NaN,NaN,NaN,NaN,NaN,NaN,NaN
NaN,NaN,0.0190397860715166,0.0147484234815541,0.01565822220194,0.0110533171585606,-0.018299477203982,-0.0395251821076575,-0.0391641131039554,NaN,NaN,NaN,NaN,NaN,NaN,NaN,NaN,NaN
NaN,NaN,0.0135628642747179,0.0190216294771138,0.0126779527102675,0.00638137471590502,-0.0188921708904672,-0.0452589440440837,-0.0430850929017955,NaN,NaN,NaN,NaN,NaN,NaN,NaN,NaN,NaN
NaN,NaN,0.0157859126338735,0.0148717492168847,0.0181912147139277,-0.00281664642776984,-0.0201838966750074,-0.0518619465923014,-0.0423712900277072,NaN,NaN,NaN,NaN,NaN,NaN,NaN,NaN,NaN
NaN,NaN,0.0178279118845239,0.0176292090958062,0.0185237713788714,-0.00658652845110434,-0.025938445731299,-0.0469874601161185,-0.0443761853869849,NaN,NaN,NaN,NaN,NaN,NaN,NaN,NaN,NaN
NaN,NaN,0.018865461112,0.0198763787096444,0.00590690231668608,0.0032289036801861,-0.0455164481245447,-0.0464396375512782,-0.038058037161439,NaN,NaN,NaN,NaN,NaN,NaN,NaN,NaN,NaN
NaN,NaN,0.0234977850923315,0.0162209562307301,0.00558092078911917,-0.012511528165002,-0.0414921101473737,-0.0586014624035064,-0.0343073776360446,NaN,NaN,NaN,NaN,NaN,NaN,NaN,NaN,NaN
NaN,NaN,0.0107872622320429,0.0186814732199612,0.000472504708644312,-0.0206943890758945,-0.0420501027547289,-0.0502884584760371,-0.0259235931929046,NaN,NaN,NaN,NaN,NaN,NaN,NaN,NaN,NaN
NaN,NaN,0.0101046400377527,0.019019897217125,-0.00197065242779597,-0.0280169686981632,-0.0410193894349504,-0.0452169041430655,-0.0282420834895068,NaN,NaN,NaN,NaN,NaN,NaN,NaN,NaN,NaN
NaN,NaN,0.0133554401108995,0.0110124974792901,-0.00546864413869723,-0.0335825524040653,-0.0450091008387972,-0.0433088663315478,-0.0248699879642421,NaN,NaN,NaN,NaN,NaN,NaN,NaN,NaN,NaN
NaN,NaN,0.0194645622977987,0.008979401672453,-0.0241776294375692,-0.0306458501824333,-0.0510411653958727,-0.0429876904284659,-0.0263958854969436,NaN,NaN,NaN,NaN,NaN,NaN,NaN,NaN,NaN
NaN,NaN,0.0222472051391378,0.0018535360043946,-0.0186505652333532,-0.0354214488276436,-0.0385082084976602,-0.0405239696895781,-0.0171509070690566,NaN,NaN,NaN,NaN,NaN,NaN,NaN,NaN,NaN
NaN,NaN,0.00989201909396798,0.0027945070808831,-0.0190813950563703,-0.0333391605624153,-0.0265987906896044,-0.0300410214161578,-0.0198697915669375,NaN,NaN,NaN,NaN,NaN,NaN,NaN,NaN,NaN
NaN,NaN,0.00925246125552803,-0.00923691398444741,-0.0176152698065077,-0.0273727356203987,-0.0261627827130724,-0.0252993974184695,-0.0275239406522208,NaN,NaN,NaN,NaN,NaN,NaN,NaN,NaN,NaN
NaN,NaN,0.0121075237402692,-0.0220311999970969,-0.0221391133333479,-0.0288828565486862,-0.0291650686704088,-0.024747067252368,-0.0235138519104415,NaN,NaN,NaN,NaN,NaN,NaN,NaN,NaN,NaN
NaN,NaN,0.00948557129595429,-0.0154128492528495,-0.0309574901427065,-0.0206627799877121,-0.0289865900122095,-0.0196262645816508,-0.0220738968249255,NaN,NaN,NaN,NaN,NaN,NaN,NaN,NaN,NaN
NaN,NaN,0.00101604929659516,-0.0177507483119067,-0.0159971154595648,-0.0209085001357986,-0.0127686504565645,-0.0214397545253936,-0.0184108375008994,NaN,NaN,NaN,NaN,NaN,NaN,NaN,NaN,NaN
NaN,NaN,-0.0125989554217085,-0.0178112470263538,-0.0184602028991018,-0.0158046289094879,-0.00789766575326212,-0.0233623582219783,-0.0266985280807906,NaN,NaN,NaN,NaN,NaN,NaN,NaN,NaN,NaN
NaN,NaN,-0.0169170511653647,-0.027116016363531,-0.017356604274634,-0.00415117579783934,-0.0138457808934618,-0.0199207674061957,-0.029671831279605,NaN,NaN,NaN,NaN,NaN,NaN,NaN,NaN,NaN
NaN,NaN,-0.0112828662386164,-0.018928517466217,-0.0136501080657278,-0.00642622920956152,-0.0111729037307668,-0.0191786895787421,-0.0224266631897384,NaN,NaN,NaN,NaN,NaN,NaN,NaN,NaN,NaN
NaN,NaN,-0.0144788859179243,-0.00706257379594414,-0.0126179605091844,0.00349839118037683,-0.00823638777364977,-0.0136312480365935,-0.0173977261777812,NaN,NaN,NaN,NaN,NaN,NaN,NaN,NaN,NaN
NaN,NaN,-0.0127697041025385,-0.00671079463306039,0.0030570924912657,0.00250124272618753,0.00511950437794439,-0.0225169594680968,-0.0215892179306441,NaN,NaN,NaN,NaN,NaN,NaN,NaN,NaN,NaN
NaN,NaN,-0.0182382067432627,-0.0121613227480945,-0.00169868760955675,0.00810216081057054,0.00451481525669806,-0.0213450762724581,-0.0303129537399703,NaN,NaN,NaN,NaN,NaN,NaN,NaN,NaN,NaN
NaN,NaN,-0.0143775580218062,-0.00649940303507416,0.00410760572898046,0.0175748662344025,-0.00395975451101549,-0.0150664347505275,-0.0352435989674025,NaN,NaN,NaN,NaN,NaN,NaN,NaN,NaN,NaN
NaN,NaN,-0.0071465274086222,-0.00148078507724373,0.00906490540849821,0.00820138391767007,0.000474905566079542,-0.0155189085101786,-0.0250253325696879,NaN,NaN,NaN,NaN,NaN,NaN,NaN,NaN,NaN
NaN,NaN,-0.00718592235352844,0.00112317421492965,0.00889249897348539,0.0141105884007023,0.00186350752483122,-0.0188319209313098,-0.0364167301352912,NaN,NaN,NaN,NaN,NaN,NaN,NaN,NaN,NaN
NaN,NaN,-0.00103967764880508,-0.00128898850622742,0.0138907023404802,0.011324685930352,0.00674157027970068,-0.0289973999654952,-0.0510647764798099,NaN,NaN,NaN,NaN,NaN,NaN,NaN,NaN,NaN
NaN,NaN,-0.00783738249447197,0.000946986610263895,0.00882620743262426,0.0135372848502205,-0.00324079210986383,-0.031808708915681,-0.0569096824522906,NaN,NaN,NaN,NaN,NaN,NaN,NaN,NaN,NaN
NaN,NaN,-0.00942327582743019,0.010984948957533,0.0104542710517611,0.0159754314712094,-0.011944020196097,-0.031860583583087,-0.0600764772292071,NaN,NaN,NaN,NaN,NaN,NaN,NaN,NaN,NaN
NaN,NaN,-0.00276716926600784,0.00424005010184677,0.0123914592598643,0.0080913760951565,-0.00803637693752535,-0.0456218059456053,-0.057387059777587,NaN,NaN,NaN,NaN,NaN,NaN,NaN,NaN,NaN
NaN,NaN,-0.00379292794968933,0.00933999114689262,0.00585770985829489,0.0143386320463226,-0.0123225841962267,-0.0509141768610183,-0.07274274364075,NaN,NaN,NaN,NaN,NaN,NaN,NaN,NaN,NaN
NaN,NaN,-0.00243274995591491,0.00339800410923393,0.0106259138022627,0.00775507551346285,-0.026029249682324,-0.0580631579553786,-0.0745316466685229,NaN,NaN,NaN,NaN,NaN,NaN,NaN,NaN,NaN
NaN,NaN,-0.00978738570120186,0.00897787430343063,0.0137921870385374,0.0060154394498871,-0.0388338547491003,-0.0617603968178931,-0.0743146485086375,NaN,NaN,NaN,NaN,NaN,NaN,NaN,NaN,NaN
NaN,NaN,-0.000267797498963772,0.0130462638383809,0.0148886331056322,0.00164228391561968,-0.0461191442154813,-0.066123922476739,-0.0718071928616458,NaN,NaN,NaN,NaN,NaN,NaN,NaN,NaN,NaN
NaN,NaN,0.0105487877735868,0.0103339358514252,0.0153776892160143,-0.00848104345883864,-0.0350261796556879,-0.0717150616740885,-0.0681849999721938,NaN,NaN,NaN,NaN,NaN,NaN,NaN,NaN,NaN
NaN,NaN,0.00769214204046875,0.0110929823761884,0.0086129718159403,-0.0114064021715118,-0.0461553354107309,-0.0690286803340617,-0.0698501488562518,NaN,NaN,NaN,NaN,NaN,NaN,NaN,NaN,NaN
NaN,NaN,0.00780531635973603,0.00875029631909759,0.0102406256531443,-0.0155389039524986,-0.0563576389395166,-0.0680299113785926,-0.0705017766352588,NaN,NaN,NaN,NaN,NaN,NaN,NaN,NaN,NaN
NaN,NaN,0.00674943870399147,0.0115488461500111,0.00607386982786314,-0.0294025345453216,-0.0573115926526952,-0.0691857199465934,-0.0652437715228492,NaN,NaN,NaN,NaN,NaN,NaN,NaN,NaN,NaN
NaN,NaN,0.0157477470347658,0.0147706262117329,-0.00614919879687174,-0.0307250498541786,-0.051714865519898,-0.0642645369565192,-0.0631531758602553,NaN,NaN,NaN,NaN,NaN,NaN,NaN,NaN,NaN
NaN,NaN,0.0197856450686231,0.0062228917425576,-0.00684238218915804,-0.0363264149733974,-0.0400834661268163,-0.0657660897171202,-0.0653191900249415,NaN,NaN,NaN,NaN,NaN,NaN,NaN,NaN,NaN
NaN,NaN,0.0106134029338136,-8.56824869212396e-05,-0.0180519483352934,-0.0270997277208759,-0.0500434954010416,-0.0615884560441676,-0.0634573458131247,NaN,NaN,NaN,NaN,NaN,NaN,NaN,NaN,NaN
NaN,NaN,0.0116322884568945,-0.00490795901957123,-0.0191429182256494,-0.0320578842171623,-0.0497164707921911,-0.0521106097197238,-0.0635699054594928,NaN,NaN,NaN,NaN,NaN,NaN,NaN,NaN,NaN
NaN,NaN,0.00971972441766411,-0.00292662612143128,-0.028266545322064,-0.0366695328363373,-0.0395347867452074,-0.0531278002357188,-0.0508519506450587,NaN,NaN,NaN,NaN,NaN,NaN,NaN,NaN,NaN
NaN,NaN,0.0104920143494383,-0.000835508918195654,-0.0319263822699819,-0.0270528821953728,-0.0349562187038828,-0.0506891879534426,-0.0530610291655951,NaN,NaN,NaN,NaN,NaN,NaN,NaN,NaN,NaN
NaN,NaN,0.00648302456829697,-0.0146423847133216,-0.0244169048334394,-0.0230473383077576,-0.0307831112586428,-0.0541287857389155,-0.0449553190167838,NaN,NaN,NaN,NaN,NaN,NaN,NaN,NaN,NaN
NaN,NaN,0.00195905065629631,-0.0187025413567123,-0.0277313142384325,-0.0139465286144211,-0.0366292279504705,-0.0431139405166808,-0.0409637635942393,NaN,NaN,NaN,NaN,NaN,NaN,NaN,NaN,NaN
NaN,NaN,-0.00137307250406593,-0.0175057732218799,-0.0270838587845598,-0.0238558566876842,-0.0347360354207922,-0.0317665200030509,-0.0340611918266707,NaN,NaN,NaN,NaN,NaN,NaN,NaN,NaN,NaN
NaN,NaN,-0.0124063206603751,-0.0140757121795711,-0.02549207949293,-0.0214304878124191,-0.0252449643157888,-0.0405808548724356,-0.026845230012744,NaN,NaN,NaN,NaN,NaN,NaN,NaN,NaN,NaN
NaN,NaN,-0.0139378433814272,-0.018475633924633,-0.0233286544050012,-0.0132285161622955,-0.0242154803418089,-0.041093343058795,-0.0295655301209384,NaN,NaN,NaN,NaN,NaN,NaN,NaN,NaN,NaN
NaN,NaN,-0.0100376879563555,-0.032718368684679,-0.0141550525392328,-0.0108846752652122,-0.0218733344518114,-0.0336226458942595,-0.0317339657243186,NaN,NaN,NaN,NaN,NaN,NaN,NaN,NaN,NaN
NaN,NaN,-0.0134604474296793,-0.0211798966580924,-0.0181746593977247,-0.00832853007401961,-0.0220149699889589,-0.0156157101785842,-0.0330913311239177,NaN,NaN,NaN,NaN,NaN,NaN,NaN,NaN,NaN
NaN,NaN,-0.0227892262628302,-0.0165590838247833,-0.013185732003573,-0.0130582145163013,-0.0143579710565973,-0.0113871890401545,-0.0345338194068366,NaN,NaN,NaN,NaN,NaN,NaN,NaN,NaN,NaN
NaN,NaN,-0.0303832305362448,-0.0189895004684028,-0.011994086142901,-0.00786964881505507,-0.00237704630126245,-0.0258557508980933,-0.039728028922885,NaN,NaN,NaN,NaN,NaN,NaN,NaN,NaN,NaN
NaN,NaN,-0.0244025191059336,-0.0274860867017803,-0.0129344239200388,-0.000230847925801451,-0.0057416167401243,-0.0236002180075351,-0.0442951416965419,NaN,NaN,NaN,NaN,NaN,NaN,NaN,NaN,NaN
NaN,NaN,-0.01814056688454,-0.0230502717846927,-0.0115517451728617,0.000884522616009538,-0.00201077575911768,-0.0199588212465945,-0.055627512037366,NaN,NaN,NaN,NaN,NaN,NaN,NaN,NaN,NaN
NaN,NaN,-0.0224779782583937,-0.0116937988156375,-0.00865866610062464,0.00179308366690141,-0.0031471383117605,-0.0222771811580363,-0.0611919781561786,NaN,NaN,NaN,NaN,NaN,NaN,NaN,NaN,NaN
NaN,NaN,-0.0317104210844263,-0.0155262843424377,-0.00654538342011316,0.00151214089904291,0.000360352889401839,-0.0274714651798907,-0.0679474568363124,NaN,NaN,NaN,NaN,NaN,NaN,NaN,NaN,NaN
NaN,NaN,-0.0300500591984019,-0.0231802285367545,-0.0069037563468252,0.00387350928698046,0.00256078873644583,-0.0455654981827441,-0.0631831458207065,NaN,NaN,NaN,NaN,NaN,NaN,NaN,NaN,NaN
NaN,NaN,-0.0256661375751719,-0.0216500469202098,-0.00669234612238749,0.00845246848378641,-0.00557101707090624,-0.0396532389616671,-0.073790425657838,NaN,NaN,NaN,NaN,NaN,NaN,NaN,NaN,NaN
NaN,NaN,-0.0164535319199786,-0.0123213984722194,0.00222355878698484,0.0103653119197891,-0.00769439528812654,-0.0435885238742533,-0.0850802904363566,NaN,NaN,NaN,NaN,NaN,NaN,NaN,NaN,NaN
NaN,NaN,-0.0203099338104948,-0.00574963248315422,0.0110586621497835,0.00674129363809091,-0.00621742944349535,-0.0448956351077262,-0.0795662647481852,NaN,NaN,NaN,NaN,NaN,NaN,NaN,NaN,NaN
NaN,NaN,-0.0274764051428065,-0.00907231203260987,0.0074675940607752,0.00473826092396242,-0.00713176469434984,-0.0500274646377269,-0.0789028277989322,NaN,NaN,NaN,NaN,NaN,NaN,NaN,NaN,NaN
NaN,NaN,-0.0227072139969096,-0.0146202937418517,0.00791282213079588,-0.000548801452775176,-0.00871881286730058,-0.0592393997406665,-0.0765451660748416,NaN,NaN,NaN,NaN,NaN,NaN,NaN,NaN,NaN
NaN,NaN,-0.0164225933840498,0.00218616717514427,0.00888767472254888,0.00453113478336794,-0.0204776358150411,-0.0571142333841029,-0.0885265192385608,NaN,NaN,NaN,NaN,NaN,NaN,NaN,NaN,NaN
NaN,NaN,-0.00650967040564865,0.00608792447504432,0.0152557604645456,-6.17197462512813e-05,-0.0202508028887678,-0.052543525705308,-0.0883448182042533,NaN,NaN,NaN,NaN,NaN,NaN,NaN,NaN,NaN
NaN,NaN,-0.0073061560979113,0.0099499143010083,0.0124740861986841,-0.00265791180815237,-0.0180370491289068,-0.0548981885707083,-0.0827814696725303,NaN,NaN,NaN,NaN,NaN,NaN,NaN,NaN,NaN
NaN,NaN,-0.00553265714552253,0.00628515996989639,0.00105554989325659,-0.00736876490797537,-0.0252225753210951,-0.0580147664344016,-0.0768054707344466,NaN,NaN,NaN,NaN,NaN,NaN,NaN,NaN,NaN
NaN,NaN,0.00623709952924401,0.00922484242376716,0.00713414332615988,-0.0142737022348835,-0.0241927001916338,-0.064808783242673,-0.0764492771025592,NaN,NaN,NaN,NaN,NaN,NaN,NaN,NaN,NaN
NaN,NaN,0.0125917183468118,0.0167717217749062,0.00888989127027647,-0.00767017814602393,-0.0337142255448271,-0.0520210723674002,-0.0769356137510234,NaN,NaN,NaN,NaN,NaN,NaN,NaN,NaN,NaN
NaN,NaN,0.0222883882233873,0.0157885431593362,0.00893638289320127,-0.0107230535456135,-0.0260416735254694,-0.0464245687520209,-0.0733427016433173,NaN,NaN,NaN,NaN,NaN,NaN,NaN,NaN,NaN
NaN,NaN,0.0213391097495332,0.0157533391660157,0.00608264288651602,-0.0110782599755718,-0.022312657936709,-0.0484306189512912,-0.0625136366482669,NaN,NaN,NaN,NaN,NaN,NaN,NaN,NaN,NaN
NaN,NaN,0.0193978982279077,0.00921565958318145,0.000939227703687113,-0.0117363697596981,-0.0249532368325163,-0.0463665101027194,-0.0592765270169669,NaN,NaN,NaN,NaN,NaN,NaN,NaN,NaN,NaN
NaN,NaN,0.0251392411300912,0.00626992353257568,0.00862163311588423,-0.0148566170343353,-0.0263292473100591,-0.0427808995639983,-0.054079765677064,NaN,NaN,NaN,NaN,NaN,NaN,NaN,NaN,NaN
NaN,NaN,0.0215935284504667,0.00913232483920486,-0.00163576745641573,-0.0104663624175979,-0.026068029954331,-0.0323903198635283,-0.052125292121976,NaN,NaN,NaN,NaN,NaN,NaN,NaN,NaN,NaN
NaN,NaN,0.0227593207964674,0.00612243928965957,-0.00145361938727244,-0.0156284785577251,-0.0168871078931261,-0.0314432393109503,-0.0563831685479575,NaN,NaN,NaN,NaN,NaN,NaN,NaN,NaN,NaN
NaN,NaN,0.0108209761092439,-0.00144641927424042,-0.00592994683635576,-0.0149449250408604,-0.0174877550743986,-0.0313716019785109,-0.0489603599902087,NaN,NaN,NaN,NaN,NaN,NaN,NaN,NaN,NaN
NaN,NaN,0.00681183731649071,-0.00658881000223725,-0.00822466978085382,-0.0143374792047931,-0.0259455796622206,-0.0268051783835593,-0.0494887551661426,NaN,NaN,NaN,NaN,NaN,NaN,NaN,NaN,NaN
NaN,NaN,0.00606730079744011,-0.00951927236261933,-0.00628826388371332,-0.0166185862132503,-0.0140043478750158,-0.0254652287161055,-0.050657490491479,NaN,NaN,NaN,NaN,NaN,NaN,NaN,NaN,NaN
NaN,NaN,0.000158506096340715,-0.00408928922358124,-0.0158085971440111,-0.0132041155108406,-0.00583342651952989,-0.0153556849157515,-0.0556376634534293,NaN,NaN,NaN,NaN,NaN,NaN,NaN,NaN,NaN
NaN,NaN,0.00146548694465309,-0.0066320419961509,-0.0129971764351164,-0.0158279119738533,-0.00313173423637636,-0.0110160383677188,-0.0491211435194903,NaN,NaN,NaN,NaN,NaN,NaN,NaN,NaN,NaN
NaN,NaN,-0.00589048990514129,-0.0144583553725776,-0.0107704959179197,-0.0141617945143177,-0.00522246028413065,-0.0154073733186427,-0.0402922055121356,NaN,NaN,NaN,NaN,NaN,NaN,NaN,NaN,NaN
NaN,NaN,-0.0105208767345175,-0.0141795918995437,-0.0182558893526827,-0.00984410855259436,-0.00283007885445841,-0.0134874332046214,-0.0491003191467219,NaN,NaN,NaN,NaN,NaN,NaN,NaN,NaN,NaN
NaN,NaN,-0.0156080214073881,-0.0203930967206058,-0.0155295170213018,-0.00950072991933363,0.0125363524712157,-0.0134396936094466,-0.0541167391832763,NaN,NaN,NaN,NaN,NaN,NaN,NaN,NaN,NaN
NaN,NaN,-0.0186837887158617,-0.0159390465075073,-0.0227917096878324,-0.00527900743569868,0.0111090633727144,-0.00634489686247737,-0.0513829162712985,NaN,NaN,NaN,NaN,NaN,NaN,NaN,NaN,NaN
NaN,NaN,-0.0174675373127684,-0.0296821080798206,-0.0148218049968515,-0.00340377080525892,0.00945088078151457,-0.0130685801899138,-0.0497226847704345,NaN,NaN,NaN,NaN,NaN,NaN,NaN,NaN,NaN
NaN,NaN,-0.0230749560287222,-0.0309575543457565,-0.0179160124923025,-0.00408654201116102,0.0137241426564287,-0.0186294141506854,-0.0571544153984481,NaN,NaN,NaN,NaN,NaN,NaN,NaN,NaN,NaN
NaN,NaN,-0.0292760928859934,-0.0302303590530452,-0.0147913321222101,0.0107660786500977,0.0139552969194483,-0.0188654485439959,-0.0674218742545539,NaN,NaN,NaN,NaN,NaN,NaN,NaN,NaN,NaN
NaN,NaN,-0.0284826991846785,-0.0279796504134235,-0.00505366542590006,0.00894353625092966,0.0218644980050158,-0.0186756822561923,-0.070353547334283,NaN,NaN,NaN,NaN,NaN,NaN,NaN,NaN,NaN
NaN,NaN,-0.0274465469410643,-0.0239095099920329,-0.00334163376343592,0.0157003187826679,0.0137491393543314,-0.0129585351144973,-0.0702448992427283,NaN,NaN,NaN,NaN,NaN,NaN,NaN,NaN,NaN
NaN,NaN,-0.0252895293524489,-0.026602559601694,0.00236709422218458,0.0171622530809448,0.00944484581123106,-0.0201080191230479,-0.0745586736496383,NaN,NaN,NaN,NaN,NaN,NaN,NaN,NaN,NaN
NaN,NaN,-0.0279492562403902,-0.0156524040454921,0.0057900958393778,0.0164540195158528,0.0127165447629523,-0.0292432132458392,-0.0711297115679675,NaN,NaN,NaN,NaN,NaN,NaN,NaN,NaN,NaN
NaN,NaN,-0.0293731366982684,-0.00589002004805176,0.0137058906887736,0.0256621548226879,0.0108442697382998,-0.025691838124961,-0.0759409239884311,NaN,NaN,NaN,NaN,NaN,NaN,NaN,NaN,NaN
NaN,NaN,-0.0226196883013472,0.000279302830070568,0.022661488566276,0.0191268594256447,0.009790124342544,-0.019511935422391,-0.072139693647235,NaN,NaN,NaN,NaN,NaN,NaN,NaN,NaN,NaN
NaN,NaN,-0.0180734371533617,0.00245459296759994,0.0229214579497542,0.0221252152017162,0.00419842635164969,-0.020944663444728,-0.0713368935879165,NaN,NaN,NaN,NaN,NaN,NaN,NaN,NaN,NaN
NaN,NaN,-0.0138658707728609,0.00912878581342132,0.0240418203805651,0.0172829338601635,0.00199163888464682,-0.0320741544758979,-0.0728435499962264,NaN,NaN,NaN,NaN,NaN,NaN,NaN,NaN,NaN
NaN,NaN,-0.00586344429757446,0.014209765130848,0.0231162720059122,0.0127262518993424,0.00373608057270758,-0.0311431671774092,-0.0713840743895465,NaN,NaN,NaN,NaN,NaN,NaN,NaN,NaN,NaN
NaN,NaN,-0.00317859032656997,0.0274920269196931,0.0237860233222212,0.0177496009758518,0.00164744068752043,-0.0175255361294452,-0.078297803401559,NaN,NaN,NaN,NaN,NaN,NaN,NaN,NaN,NaN
NaN,NaN,0.00915949663612992,0.021794288540453,0.0273937620853151,0.00776694056306345,0.00537580435047857,-0.0188534531092349,-0.0740946887429648,NaN,NaN,NaN,NaN,NaN,NaN,NaN,NaN,NaN
NaN,NaN,0.0112752380082384,0.0251731454676095,0.0258259736632075,0.011878282695155,0.0025836247659754,-0.026796163181037,-0.0803326873477393,NaN,NaN,NaN,NaN,NaN,NaN,NaN,NaN,NaN
NaN,NaN,0.0217748942086473,0.0222548834329549,0.0209967494641508,0.00951531243238908,0.000223951385123655,-0.0292243073975745,-0.0777684769030505,NaN,NaN,NaN,NaN,NaN,NaN,NaN,NaN,NaN
NaN,NaN,0.0242167847463861,0.0236425354426804,0.0168151111041273,0.0081678935578869,0.00436455567250959,-0.0252769897973243,-0.0756511336561137,NaN,NaN,NaN,NaN,NaN,NaN,NaN,NaN,NaN
NaN,NaN,0.0197898546466604,0.0238948679810467,0.0144418776665892,0.00989959475312692,-0.00319528768886812,-0.0257352191304866,-0.0735806173082286,NaN,NaN,NaN,NaN,NaN,NaN,NaN,NaN,NaN
NaN,NaN,0.0230335207888857,0.0163390851860944,0.0180574581657614,0.00280226480875475,-0.00198637510766275,-0.0344095203375521,-0.0689754693206245,NaN,NaN,NaN,NaN,NaN,NaN,NaN,NaN,NaN
NaN,NaN,0.0214710222790018,0.0159139178043309,0.0129827187095846,0.00441097554479105,-0.00785951878060587,-0.0398465815281573,-0.0638483336563998,NaN,NaN,NaN,NaN,NaN,NaN,NaN,NaN,NaN
NaN,NaN,0.0200653398642316,0.0126288823133412,0.00129061571108953,0.00262380477700693,-0.0161072183691431,-0.0320269177949134,-0.0513723736997539,NaN,NaN,NaN,NaN,NaN,NaN,NaN,NaN,NaN
NaN,NaN,0.0144278580555692,0.010596010023922,-0.00161807232749804,-0.00911173510636824,-0.0153553057753015,-0.0314677703475657,-0.0462282879646712,NaN,NaN,NaN,NaN,NaN,NaN,NaN,NaN,NaN
NaN,NaN,0.00785802921745926,0.00791158446130188,-0.00352711596739634,-0.0120511009105636,-0.0176529716991354,-0.0222872766947451,-0.0471151678260261,NaN,NaN,NaN,NaN,NaN,NaN,NaN,NaN,NaN
NaN,NaN,0.0153471106896177,0.000184624577135159,0.00182078039991514,-0.0199154122480347,-0.014494353934424,-0.0215275409912768,-0.0452216400202209,NaN,NaN,NaN,NaN,NaN,NaN,NaN,NaN,NaN
NaN,NaN,0.00899807980749756,1.94638317528497e-05,-0.0137586816514765,-0.0129540181466533,-0.0152244549535681,-0.0148368078565303,-0.0387466198202067,NaN,NaN,NaN,NaN,NaN,NaN,NaN,NaN,NaN
NaN,NaN,0.00236460438463837,-0.00195626250448792,-0.022529914912108,-0.00976956549372214,-0.0147496294521261,-0.00235749513861568,-0.0392849615212375,NaN,NaN,NaN,NaN,NaN,NaN,NaN,NaN,NaN
NaN,NaN,-0.0014726867666468,-0.0151084371561107,-0.0171366072560583,-0.0238712980159714,-0.00315064008464106,-0.00247294188496501,-0.0439936166997844,NaN,NaN,NaN,NaN,NaN,NaN,NaN,NaN,NaN
NaN,NaN,-0.00570532435085624,-0.0192470297867355,-0.0196482538546358,-0.0207722103902294,-0.00287018160452135,0.00222898914459317,-0.0472216179963046,NaN,NaN,NaN,NaN,NaN,NaN,NaN,NaN,NaN
NaN,NaN,-0.00313610339071601,-0.0238952793830928,-0.0217437296475206,-0.0155358678409054,0.00433920507202856,-0.00197175995466144,-0.0464491045471126,NaN,NaN,NaN,NaN,NaN,NaN,NaN,NaN,NaN
NaN,NaN,-0.0169067693641409,-0.0226776309961375,-0.032084949251536,0.00222914752278787,0.00763375867973082,-0.00078903616425426,-0.0473129062350684,NaN,NaN,NaN,NaN,NaN,NaN,NaN,NaN,NaN
NaN,NaN,-0.0222627496114001,-0.0296565898412761,-0.0253350771333013,0.00428735178623659,0.0108004416979384,0.00522296770456402,-0.0548007024820739,NaN,NaN,NaN,NaN,NaN,NaN,NaN,NaN,NaN
NaN,NaN,-0.0259224748006091,-0.0383515850359496,-0.0158046669627462,-0.00389625418271559,0.0194669943011831,0.000244061341315198,-0.0495808815952235,NaN,NaN,NaN,NaN,NaN,NaN,NaN,NaN,NaN
NaN,NaN,-0.0313363646855578,-0.0241872676366863,-0.0143813080455099,0.00636230122957689,0.0178895573772024,0.00510154186728566,-0.0490223115678721,NaN,NaN,NaN,NaN,NaN,NaN,NaN,NaN,NaN
NaN,NaN,-0.0265861538937315,-0.0247580938691196,-0.00479017564308985,0.0175008633426235,0.0225155111111235,-0.000506025860280109,-0.0452191627021724,NaN,NaN,NaN,NaN,NaN,NaN,NaN,NaN,NaN
NaN,NaN,-0.0338127514114603,-0.0203697577768859,-0.000780794706467229,0.0264775463632153,0.021444993064506,0.00348383455517857,-0.0457150360938006,NaN,NaN,NaN,NaN,NaN,NaN,NaN,NaN,NaN
NaN,NaN,-0.028482606052421,-0.0242479153627452,0.00724901265251295,0.0206334972075031,0.0240603703714441,0.0126216922605333,-0.0455504900213176,NaN,NaN,NaN,NaN,NaN,NaN,NaN,NaN,NaN
NaN,NaN,-0.0310769727220759,-0.00930950126591294,0.0168321170543398,0.0185748086563156,0.0314151737547945,0.00744100554826825,-0.0436303450163299,NaN,NaN,NaN,NaN,NaN,NaN,NaN,NaN,NaN
NaN,NaN,-0.0282899340381846,0.000389441037744593,0.0232849345241751,0.029556536047797,0.025993423507316,0.00393664359095662,-0.0533874391015464,NaN,NaN,NaN,NaN,NaN,NaN,NaN,NaN,NaN
NaN,NaN,-0.0134485265007243,0.00434905209597976,0.0274391361211504,0.032458201914172,0.0251697431958746,0.00426914437654584,-0.0544003455336982,NaN,NaN,NaN,NaN,NaN,NaN,NaN,NaN,NaN
NaN,NaN,-0.0133237479021773,0.00387458049711616,0.0213360675309862,0.0272347116163777,0.0268790367699694,0.00551188259366124,-0.0498332141335898,NaN,NaN,NaN,NaN,NaN,NaN,NaN,NaN,NaN
NaN,NaN,-0.00991791987325996,0.00842809596118362,0.0260980688666071,0.0249036857179211,0.0259943175769877,0.00359680398347943,-0.0598655885454112,NaN,NaN,NaN,NaN,NaN,NaN,NaN,NaN,NaN
NaN,NaN,-0.00734396779444068,0.0164048179334107,0.0302093923722471,0.0288053312591122,0.0276039410091471,-0.00875298039075763,-0.0629483035202914,NaN,NaN,NaN,NaN,NaN,NaN,NaN,NaN,NaN
NaN,NaN,0.00118383637163788,0.0236838675385419,0.0272207223509516,0.031982314704995,0.0187216568447184,-0.00803010643479259,-0.0659798143800193,NaN,NaN,NaN,NaN,NaN,NaN,NaN,NaN,NaN
NaN,NaN,0.00938826671335846,0.01853791915831,0.0220745877062048,0.0292201795867489,0.0159085411287379,-0.0123263533508483,-0.0587964302297526,NaN,NaN,NaN,NaN,NaN,NaN,NaN,NaN,NaN
NaN,NaN,0.00738543889019638,0.0120318114107552,0.0243355408941473,0.0227774762800739,0.0152714233554434,-0.0153813521659079,-0.0593245273824626,NaN,NaN,NaN,NaN,NaN,NaN,NaN,NaN,NaN
NaN,NaN,0.00938970095012337,0.0228000424152318,0.0279752985273565,0.025762458263974,0.00464885120163672,-0.0108972947394553,-0.0649491941924983,NaN,NaN,NaN,NaN,NaN,NaN,NaN,NaN,NaN
NaN,NaN,0.0116375783691183,0.0213834635263386,0.0296822265421118,0.019764349727969,0.00445820947061293,-0.0203081975972358,-0.0544547720249587,NaN,NaN,NaN,NaN,NaN,NaN,NaN,NaN,NaN
NaN,NaN,0.0125040436396375,0.022009908342928,0.0219945684705939,0.0158253581515358,-0.00458428080310114,-0.0230584676658812,-0.0556823669370109,NaN,NaN,NaN,NaN,NaN,NaN,NaN,NaN,NaN
NaN,NaN,0.0144442865857854,0.0103821224814358,0.0169614218805994,0.00588889133844835,-0.00908931161393411,-0.0210699077045623,-0.052162861674636,NaN,NaN,NaN,NaN,NaN,NaN,NaN,NaN,NaN
NaN,NaN,0.00972002244088799,0.0143085598295632,0.0204813369249071,-0.00535140845264929,-0.0112112183414865,-0.0148073594367209,-0.0516889674957686,NaN,NaN,NaN,NaN,NaN,NaN,NaN,NaN,NaN
NaN,NaN,0.0055337647208944,0.0211818880682889,0.0168014206622805,-0.00229871931757468,-0.0179177839600015,-0.0118333111798468,-0.0458214117582732,NaN,NaN,NaN,NaN,NaN,NaN,NaN,NaN,NaN
NaN,NaN,0.0078259544679895,0.0142933606451455,0.0131518282626833,-0.00993673789586561,-0.0120302979194093,-0.0124410177862349,-0.038402142226308,NaN,NaN,NaN,NaN,NaN,NaN,NaN,NaN,NaN
NaN,NaN,0.00917463994119316,0.011342036659092,-0.0042523741091524,-0.00910979795541304,-0.0124313254200388,-0.00530725450274379,-0.0333127810057097,NaN,NaN,NaN,NaN,NaN,NaN,NaN,NaN,NaN
NaN,NaN,0.0130377287277952,-0.000589621132045673,-0.00959544622552736,-0.0210672720083191,-0.0103426669084001,0.00172350450399487,-0.0272047950323516,NaN,NaN,NaN,NaN,NaN,NaN,NaN,NaN,NaN
NaN,NaN,0.00293520709965378,0.00402189710196884,-0.00642304488671168,-0.0233812547036602,-0.008362991764443,0.00452261312845318,-0.0283603055771285,NaN,NaN,NaN,NaN,NaN,NaN,NaN,NaN,NaN
NaN,NaN,0.00017450621817261,0.00266704627332122,-0.0121410115922724,-0.0152105196126892,-0.00919943119515665,0.00786999135258763,-0.0322481116648608,NaN,NaN,NaN,NaN,NaN,NaN,NaN,NaN,NaN
NaN,NaN,0.00835742300841957,-0.00445492646637528,-0.0175271853174005,-0.0159812262960865,0.00193220187793486,0.00238284363391964,-0.0206229521330291,NaN,NaN,NaN,NaN,NaN,NaN,NaN,NaN,NaN
NaN,NaN,0.00842257833573967,-0.0117285744005737,-0.0287129841114317,-0.0120867519387199,0.00679525171290152,0.00951766862514584,-0.0109280145164424,NaN,NaN,NaN,NaN,NaN,NaN,NaN,NaN,NaN
NaN,NaN,0.00503910204861313,-0.0187511563951072,-0.0206712371970449,-0.0146704083987667,0.0130957048095297,0.0208544161820707,-0.0153661949928695,NaN,NaN,NaN,NaN,NaN,NaN,NaN,NaN,NaN
NaN,NaN,-0.00503901892807335,-0.0133102767819461,-0.0115495845044885,-0.00632980007018584,0.0178211983002257,0.0235394564175901,-0.0227178132530147,NaN,NaN,NaN,NaN,NaN,NaN,NaN,NaN,NaN
NaN,NaN,-0.00422632822301239,-0.00764062709155648,-0.0153121835852896,0.00291776743445856,0.0160958114720415,0.0202327583635148,-0.016927203386634,NaN,NaN,NaN,NaN,NaN,NaN,NaN,NaN,NaN
NaN,NaN,0.000271363765932623,-0.0136975579613742,-0.00912788504016741,0.00648328003201944,0.0276168677664828,0.0274549600386914,-0.00588039517363844,NaN,NaN,NaN,NaN,NaN,NaN,NaN,NaN,NaN
NaN,NaN,-0.00685338431503624,-0.0178698085898456,-0.00901692726862772,0.00940170970473749,0.0328295919753145,0.0370203693116006,-0.00297491088470754,NaN,NaN,NaN,NaN,NaN,NaN,NaN,NaN,NaN
NaN,NaN,-0.0126890515675768,-0.0149590902680454,0.00220301381098882,0.0132834249428318,0.0358035470999312,0.042542795529395,-0.0133447593446666,NaN,NaN,NaN,NaN,NaN,NaN,NaN,NaN,NaN
NaN,NaN,-0.0185103205731139,-0.00922160304132073,0.0106205121313299,0.0169724681666897,0.0404435824311804,0.0349859137738046,-0.0106934329863482,NaN,NaN,NaN,NaN,NaN,NaN,NaN,NaN,NaN
NaN,NaN,-0.012165573774837,-0.00149527645650475,0.00455497584092276,0.0234331273726032,0.0352106485224795,0.0386232872212228,-0.00542941153010664,NaN,NaN,NaN,NaN,NaN,NaN,NaN,NaN,NaN
NaN,NaN,-0.0138944623759016,-0.0140665852183398,0.00923541194545881,0.0227428683332012,0.0412034857727122,0.0414302003288564,-0.00935963004788694,NaN,NaN,NaN,NaN,NaN,NaN,NaN,NaN,NaN
NaN,NaN,-0.0214794700732455,-0.00594323581996529,0.00356492406475203,0.0266081364146279,0.0426234919286799,0.0403058518374261,-0.0116255006190234,NaN,NaN,NaN,NaN,NaN,NaN,NaN,NaN,NaN
NaN,NaN,-0.0230280359974131,0.00149086036738784,0.0121500231956209,0.0273302094331787,0.0405412222899031,0.0387748692834672,-0.021204544454425,NaN,NaN,NaN,NaN,NaN,NaN,NaN,NaN,NaN
NaN,NaN,-0.0157522273948416,0.0115882224684659,0.013381585541841,0.0257946075192497,0.0429662186361384,0.0300613780224618,-0.0182907155152255,NaN,NaN,NaN,NaN,NaN,NaN,NaN,NaN,NaN
NaN,NaN,-0.00853302457835525,0.00931898050960929,0.00616800791370527,0.0340504654935406,0.0362794343091082,0.027620772709876,-0.0244386366005832,NaN,NaN,NaN,NaN,NaN,NaN,NaN,NaN,NaN
NaN,NaN,-0.00799589359667152,-0.0009983972364959,0.0110562407110895,0.0284895011476086,0.04092524384032,0.0248082716667947,-0.0293833820517951,NaN,NaN,NaN,NaN,NaN,NaN,NaN,NaN,NaN
NaN,NaN,-0.00595462077762931,0.0113750799840394,0.00901332876431601,0.0302224316886471,0.0381604265130591,0.0211326767409143,-0.0317044986780578,NaN,NaN,NaN,NaN,NaN,NaN,NaN,NaN,NaN
NaN,NaN,-0.00364151352550834,0.0134258150404397,0.0150276609395708,0.0292347082189129,0.0315748583234381,0.0180703577304181,-0.0383519439395362,NaN,NaN,NaN,NaN,NaN,NaN,NaN,NaN,NaN
NaN,NaN,-0.000509214936755596,0.0156990430599156,0.0130297504996027,0.0278634661129521,0.0266165900684427,0.0107754011357126,-0.0354125222559863,NaN,NaN,NaN,NaN,NaN,NaN,NaN,NaN,NaN
NaN,NaN,-0.000515585183165966,0.00558530830797584,0.00831062725531713,0.0259563968769119,0.0152907948649954,0.00549556582215397,-0.039455691575616,NaN,NaN,NaN,NaN,NaN,NaN,NaN,NaN,NaN
NaN,NaN,0.00236948451492936,0.00593285926637085,0.0126200430725779,0.0150667586616085,0.0167415905452799,0.00191001116278737,-0.0379256030913287,NaN,NaN,NaN,NaN,NaN,NaN,NaN,NaN,NaN
NaN,NaN,-0.000198842375539243,0.0172194644158784,0.0123523995910849,0.0165275753727959,0.0103695373691153,-0.00151086703893573,-0.040208870768159,NaN,NaN,NaN,NaN,NaN,NaN,NaN,NaN,NaN
NaN,NaN,-0.000153673230670393,0.0177865653580132,0.0160357990001406,0.0138242253354595,0.00132354532252066,-0.00119008229133518,-0.0379219523068362,NaN,NaN,NaN,NaN,NaN,NaN,NaN,NaN,NaN
NaN,NaN,0.00516080728266388,0.0102629690712395,0.0120371096466746,0.00501493823442919,-0.00343985299696214,-0.00412281707879932,-0.0266363716121608,NaN,NaN,NaN,NaN,NaN,NaN,NaN,NaN,NaN
NaN,NaN,0.0121870586881414,0.012574884230465,0.000396117631074352,-0.00449816796268957,-0.0112460870586801,-0.00356949971076877,-0.0206480978425437,NaN,NaN,NaN,NaN,NaN,NaN,NaN,NaN,NaN
NaN,NaN,0.0157090040156618,0.0155387438183728,0.00361001870381491,-0.0114237433978512,-0.00374789725174196,-7.16570114794498e-05,-0.0204456283148223,NaN,NaN,NaN,NaN,NaN,NaN,NaN,NaN,NaN
NaN,NaN,0.0137177804717794,0.0237688786631528,0.00811100757467405,-0.00875464740480917,-0.00427668358315714,0.00208863883259861,-0.0140505714710647,NaN,NaN,NaN,NaN,NaN,NaN,NaN,NaN,NaN
NaN,NaN,0.0171947801718488,0.0159917577451173,0.00210794440257208,-0.0112320958384468,-0.00626015852321871,0.00906528799775212,-0.00449050798973379,NaN,NaN,NaN,NaN,NaN,NaN,NaN,NaN,NaN
NaN,NaN,0.0210166858742014,0.00666011043843658,-0.00624065467369898,-0.0211062944241955,-0.00615082125295885,0.0133374136591253,0.000836005211264516,NaN,NaN,NaN,NaN,NaN,NaN,NaN,NaN,NaN
NaN,NaN,0.0223113546380773,0.00659342774209411,-0.0175512320662771,-0.0221377341755821,0.00114176978240721,0.020983106335431,0.0043675990406579,NaN,NaN,NaN,NaN,NaN,NaN,NaN,NaN,NaN
NaN,NaN,0.0186098689446226,0.00890849077162178,-0.0111881568397318,-0.0191955930301143,0.0104467626370024,0.0266640995347795,0.0076809467379159,NaN,NaN,NaN,NaN,NaN,NaN,NaN,NaN,NaN
NaN,NaN,0.0150525892386213,0.00440120616015823,-0.00813882046592577,-0.00932830485786932,0.0144168231345247,0.0261331897878942,0.0141557061676091,NaN,NaN,NaN,NaN,NaN,NaN,NaN,NaN,NaN
NaN,NaN,0.0106290119001642,-0.00493530265036194,-0.0147082395221029,-0.00214363548244971,0.0105400997854304,0.0364020828807649,0.0140263268355435,NaN,NaN,NaN,NaN,NaN,NaN,NaN,NaN,NaN
NaN,NaN,0.00921550637576729,-0.013099909638792,-0.0150491222108637,-0.00811004179801481,0.0225448850251269,0.0417830225730237,0.0205593870584077,NaN,NaN,NaN,NaN,NaN,NaN,NaN,NaN,NaN
NaN,NaN,0.000387518317438662,-0.00458818010035126,-0.0184540934230123,-7.09584661914657e-05,0.0270160902000498,0.044394469698697,0.0308768020574159,NaN,NaN,NaN,NaN,NaN,NaN,NaN,NaN,NaN
NaN,NaN,-0.00311572605278343,-0.000182409649520801,-0.00707979493987902,0.00595482897673113,0.0283445287204813,0.0416732196414766,0.0301989482347077,NaN,NaN,NaN,NaN,NaN,NaN,NaN,NaN,NaN
NaN,NaN,-0.00535678619053215,-0.00702980986776917,-0.00281722464812143,0.00818707880292398,0.0279366653121542,0.0441042695844468,0.0321133935455388,NaN,NaN,NaN,NaN,NaN,NaN,NaN,NaN,NaN
NaN,NaN,-0.0124617529800162,-0.0122574538642463,-0.00629660853398188,0.00601853144083483,0.0276099014736246,0.0540445548200902,0.0346787402037686,NaN,NaN,NaN,NaN,NaN,NaN,NaN,NaN,NaN
NaN,NaN,-0.0127541510155424,-0.0179863729232845,-0.00383774929893358,0.000136074542145555,0.0383382532454562,0.0501833659315404,0.0340206676725453,NaN,NaN,NaN,NaN,NaN,NaN,NaN,NaN,NaN
NaN,NaN,-0.0152978723635897,-0.00453053123298256,-0.00914738693487986,0.0109179028562115,0.0326674300886225,0.0529380132162866,0.0316148565713471,NaN,NaN,NaN,NaN,NaN,NaN,NaN,NaN,NaN
NaN,NaN,-0.00699485221412033,-0.00914394936504929,-0.000702563610199529,0.0139350154689358,0.0337940882600378,0.0540141378248033,0.02542450442949,NaN,NaN,NaN,NaN,NaN,NaN,NaN,NaN,NaN
NaN,NaN,-0.0118976508965716,-0.0150020242387351,0.00387054688083784,0.00799766641769869,0.0377474780834746,0.0529229444170293,0.0194740982357568,NaN,NaN,NaN,NaN,NaN,NaN,NaN,NaN,NaN
NaN,NaN,-0.0175794636597857,-0.013567172800928,0.00262445590245382,0.0123670594087647,0.0417843516624998,0.0528196793699559,0.0120334827903813,NaN,NaN,NaN,NaN,NaN,NaN,NaN,NaN,NaN
NaN,NaN,-0.0145386023214087,-0.0123481088036594,0.00253907224881308,0.0126244955948399,0.0463512036658358,0.045800375630885,0.00612755656281176,NaN,NaN,NaN,NaN,NaN,NaN,NaN,NaN,NaN
NaN,NaN,-0.0137960774591193,-0.000692830299764561,-0.00119184323799952,0.0267040440133618,0.040180502430303,0.0466531504595575,0.00360406354108515,NaN,NaN,NaN,NaN,NaN,NaN,NaN,NaN,NaN
NaN,NaN,-0.00830684357788414,-0.0134358563179073,0.00934180623638288,0.0251917996696041,0.0388489160395693,0.0399824221337136,-0.00847017973622618,NaN,NaN,NaN,NaN,NaN,NaN,NaN,NaN,NaN
NaN,NaN,-0.0161330079426989,-0.00930830917301743,0.0164933391545977,0.0235092350534008,0.0371963213838171,0.0302291278446016,-0.00891361966690359,NaN,NaN,NaN,NaN,NaN,NaN,NaN,NaN,NaN
NaN,NaN,-0.0186074388911948,-0.0021769487017688,0.0139186233912672,0.0233170100740002,0.0317009407735895,0.0254696410799321,-0.00872901290616331,NaN,NaN,NaN,NaN,NaN,NaN,NaN,NaN,NaN
NaN,NaN,-0.0117953916778788,0.0087013460045758,0.0153109133874144,0.0197814674368904,0.0263916197873186,0.0143415656590757,-0.00770906567534742,NaN,NaN,NaN,NaN,NaN,NaN,NaN,NaN,NaN
NaN,NaN,-0.00919791439082474,0.00744355761465461,0.015189450297233,0.0251606003633545,0.0151486750401091,0.0131267671191987,-0.00556203186473188,NaN,NaN,NaN,NaN,NaN,NaN,NaN,NaN,NaN
NaN,NaN,-0.0048090381314978,0.00477792614159019,0.0286273919676508,0.0207165339282559,0.0101689677394461,0.00484753294828503,-0.00779623746833143,NaN,NaN,NaN,NaN,NaN,NaN,NaN,NaN,NaN
NaN,NaN,-0.00799980515148491,0.0125137708431187,0.0317648314570154,0.0130116836420105,0.0144750680483412,0.00500507547500698,-0.00073580652436552,NaN,NaN,NaN,NaN,NaN,NaN,NaN,NaN,NaN
NaN,NaN,-0.00395451241638511,0.0257195710485879,0.0208637938533987,0.00868231889520151,0.00750387643347494,0.0105161581838426,-0.00294235184749899,NaN,NaN,NaN,NaN,NaN,NaN,NaN,NaN,NaN
NaN,NaN,0.0094550239155069,0.0262961156016293,0.0168978311752047,0.00495568749223215,0.00470540110836737,0.00721871747615902,0.00681105420032206,NaN,NaN,NaN,NaN,NaN,NaN,NaN,NaN,NaN
NaN,NaN,0.0155198896536604,0.0233634739464227,0.0179670826231207,0.00747163680110437,-0.00243139828671701,0.0102598582113084,0.00627872884312334,NaN,NaN,NaN,NaN,NaN,NaN,NaN,NaN,NaN
NaN,NaN,0.0194841573247686,0.0229832335656586,0.0236766115461554,0.00656873819146616,0.000162390962941572,0.013735200157195,0.00103506609836283,NaN,NaN,NaN,NaN,NaN,NaN,NaN,NaN,NaN
NaN,NaN,0.0172702359268442,0.0229281737750474,0.0166106485460962,-0.00780304062451857,0.00612145845661871,0.0152989093864259,0.00470728963652315,NaN,NaN,NaN,NaN,NaN,NaN,NaN,NaN,NaN
NaN,NaN,0.0206348994979635,0.0326878010576669,0.001075126293775,-0.00689557853426474,-0.00239572863210924,0.0193848450386819,0.0116085389260358,NaN,NaN,NaN,NaN,NaN,NaN,NaN,NaN,NaN
NaN,NaN,0.0335743414470926,0.0220995202010575,0.00421444705474035,-0.00463384303535956,-0.00168045426835306,0.0140574936473665,0.0193066091839379,NaN,NaN,NaN,NaN,NaN,NaN,NaN,NaN,NaN
NaN,NaN,0.0285518305609003,0.0176892794018689,0.00615645951378004,0.00128271889601213,-0.00401803667773493,0.017489398708373,0.0181757786873883,NaN,NaN,NaN,NaN,NaN,NaN,NaN,NaN,NaN
NaN,NaN,0.0279120492050424,0.0116772755330506,0.00782397395717756,-0.00269028458084601,-0.00242044593323954,0.0179047685766515,0.0198348367218083,NaN,NaN,NaN,NaN,NaN,NaN,NaN,NaN,NaN
NaN,NaN,0.0170571679482237,0.0143228276914063,-0.0034606009091173,-0.0188227287241413,-0.000103650643723085,0.0169506472254094,0.0338772812489575,NaN,NaN,NaN,NaN,NaN,NaN,NaN,NaN,NaN
NaN,NaN,0.0165135735878721,0.0137063852792683,-0.00894905247938974,-0.0082534654745056,-0.00818600322236307,0.0186252955997285,0.0382002198700017,NaN,NaN,NaN,NaN,NaN,NaN,NaN,NaN,NaN
NaN,NaN,0.024025602848269,-0.00370713031831353,-0.00190974393141611,-0.0119254841216995,-0.00819036181201227,0.0181806263232526,0.0419162155691689,NaN,NaN,NaN,NaN,NaN,NaN,NaN,NaN,NaN
NaN,NaN,0.0154393675038591,-0.00278813845458596,-0.000285666372898655,-0.00965301978673475,-0.00565032850136049,0.0235353399718103,0.0427101866904801,NaN,NaN,NaN,NaN,NaN,NaN,NaN,NaN,NaN
NaN,NaN,0.00830023980233818,-0.00914052209797471,-0.00686907389414652,-0.0177014908501102,0.000493476138217375,0.0331685681546029,0.0435555109385556,NaN,NaN,NaN,NaN,NaN,NaN,NaN,NaN,NaN
NaN,NaN,-0.000889064162038267,-0.00359887338224022,-0.0174684933687483,-0.0290372884580089,0.00316914726863615,0.0344519306624231,0.0515347102288312,NaN,NaN,NaN,NaN,NaN,NaN,NaN,NaN,NaN
NaN,NaN,0.00110085553023964,-0.00905616289916604,-0.0242574065293108,-0.0192518821665241,-0.00307339619030245,0.04111021651867,0.0462734827403134,NaN,NaN,NaN,NaN,NaN,NaN,NaN,NaN,NaN
NaN,NaN,0.00679440295789391,-0.0140659146660861,-0.0180026068652902,-0.0204929067501022,0.00282923315535299,0.0391039614284333,0.0482767389718598,NaN,NaN,NaN,NaN,NaN,NaN,NaN,NaN,NaN
NaN,NaN,-0.00663022079970688,-0.0200627752298412,-0.0190341211224829,-0.0171581945129825,0.0122320335067343,0.0406767231130895,0.0431989634040898,NaN,NaN,NaN,NaN,NaN,NaN,NaN,NaN,NaN
NaN,NaN,-0.0161604260792956,-0.0160346002036628,-0.0263805798555647,-0.0200598231264545,0.013156855449779,0.047916061123639,0.0417604611817903,NaN,NaN,NaN,NaN,NaN,NaN,NaN,NaN,NaN
NaN,NaN,-0.022432473837398,-0.016853884672552,-0.0309950969482694,-0.0216952255674793,0.0171456355310511,0.040426011076003,0.0487134547535485,NaN,NaN,NaN,NaN,NaN,NaN,NaN,NaN,NaN
NaN,NaN,-0.0189686616649851,-0.0189941757077274,-0.0336160435642038,-0.00719404879297751,0.0123833920515608,0.0392543141448793,0.0440698431436128,NaN,NaN,NaN,NaN,NaN,NaN,NaN,NaN,NaN
NaN,NaN,-0.0160399315645918,-0.03084251738134,-0.0197253859902654,-0.00425896707262533,0.0194584820128512,0.0337546680772599,0.0401536130909032,NaN,NaN,NaN,NaN,NaN,NaN,NaN,NaN,NaN
NaN,NaN,-0.0284243238857016,-0.0313802444094714,-0.0165714434648786,-0.00171841222133177,0.0265047196007799,0.0352782745564279,0.0366695539657182,NaN,NaN,NaN,NaN,NaN,NaN,NaN,NaN,NaN
NaN,NaN,-0.032280539511703,-0.0242370188886222,-0.0181183516348635,0.00149325367722971,0.0248045902408194,0.0340835180783567,0.0394405366484231,NaN,NaN,NaN,NaN,NaN,NaN,NaN,NaN,NaN
NaN,NaN,-0.0331105900695547,-0.0263625018948611,-0.0151541381443773,-0.000672890872616943,0.0232623200572561,0.0237297442460355,0.0412202195827073,NaN,NaN,NaN,NaN,NaN,NaN,NaN,NaN,NaN
NaN,NaN,-0.0290638444712386,-0.0234436996931133,-0.00863312923562868,0.0148538210681484,0.0130495857156347,0.0297198620343503,0.0316376739744252,NaN,NaN,NaN,NaN,NaN,NaN,NaN,NaN,NaN
NaN,NaN,-0.0226156463613734,-0.0259333670789298,0.0110234022771086,0.0113746606997059,0.0146617050922941,0.0278151583576497,0.0298946292702264,NaN,NaN,NaN,NaN,NaN,NaN,NaN,NaN,NaN
NaN,NaN,-0.0281088290503249,-0.0163516596609649,0.0110033788417544,0.0109520823946999,0.0248220432258677,0.0254075032377538,0.0345261895660466,NaN,NaN,NaN,NaN,NaN,NaN,NaN,NaN,NaN
NaN,NaN,-0.0296004166593775,-0.00389695248547165,0.00746500498401777,0.0100938500157402,0.0140050854242872,0.029175597121745,0.0297015102211541,NaN,NaN,NaN,NaN,NaN,NaN,NaN,NaN,NaN
NaN,NaN,-0.0238476557424292,-0.00287810421529381,0.0113917217289175,0.00750153225574953,0.0124766919470858,0.027327704122096,0.0297392101589746,NaN,NaN,NaN,NaN,NaN,NaN,NaN,NaN,NaN
NaN,NaN,-0.0177306731930003,0.00437388115581901,0.0135974847410883,0.0165471331468628,0.00290278901229613,0.03003077476266,0.030949109942109,NaN,NaN,NaN,NaN,NaN,NaN,NaN,NaN,NaN
NaN,NaN,-0.00390945503022522,0.00541627326068313,0.0223615281914438,0.00861468624983293,0.0123439971066546,0.0248608168864545,0.0312810891870565,NaN,NaN,NaN,NaN,NaN,NaN,NaN,NaN,NaN
NaN,NaN,-0.00608364620711654,0.0217191121822301,0.0154259317253794,0.00678059545073969,0.0160029213584494,0.0212445285821256,0.0298678071800775,NaN,NaN,NaN,NaN,NaN,NaN,NaN,NaN,NaN
NaN,NaN,-0.00676885747816414,0.0256519011503163,0.00945200032341139,0.00704240885291559,0.00669297386775725,0.0212715928161439,0.0262097769979543,NaN,NaN,NaN,NaN,NaN,NaN,NaN,NaN,NaN
NaN,NaN,0.00582565984223038,0.0125897295123044,0.0102094635997976,0.00512375396404726,0.00897573863039725,0.0159560878479776,0.0347176694873876,NaN,NaN,NaN,NaN,NaN,NaN,NaN,NaN,NaN
NaN,NaN,0.00916143378708512,0.0142282611971799,0.00851784652816908,0.00403239291820986,0.00131562908063643,0.0142521586919126,0.0323854142431325,NaN,NaN,NaN,NaN,NaN,NaN,NaN,NaN,NaN
NaN,NaN,0.0241042251000181,0.0154242470210496,0.0124015361701216,-0.00240150007690924,0.00286480967770331,0.0133130130076703,0.0263740623001164,NaN,NaN,NaN,NaN,NaN,NaN,NaN,NaN,NaN
NaN,NaN,0.0137612918624654,0.0224927618449631,0.00440216443287985,-0.00564123603786963,0.000249339238507674,0.00724285735729306,0.0309486629072732,NaN,NaN,NaN,NaN,NaN,NaN,NaN,NaN,NaN
NaN,NaN,0.0108529949793592,0.0141041904037896,-0.00465377413881167,-0.00333153742637175,-0.0101281460665632,0.0106012624407109,0.0354914122823781,NaN,NaN,NaN,NaN,NaN,NaN,NaN,NaN,NaN
NaN,NaN,0.0169460052857175,0.0013153619414273,1.31205354894823e-05,-0.0100045195528461,-0.00950576181639917,0.00711832090261547,0.0431493984166688,NaN,NaN,NaN,NaN,NaN,NaN,NaN,NaN,NaN
NaN,NaN,0.016167456866242,0.00743949704822929,-0.00453713529956682,-0.0132075986572697,-0.0108728315972257,0.00917678593638508,0.0462032610181874,NaN,NaN,NaN,NaN,NaN,NaN,NaN,NaN,NaN
NaN,NaN,0.0190203400561586,0.00822773122248085,-0.00435075902593477,-0.0149818985470726,-0.0123086329840589,0.0114227448308763,0.0460256019238538,NaN,NaN,NaN,NaN,NaN,NaN,NaN,NaN,NaN
NaN,NaN,0.00553937128279358,0.0066651395803395,-0.0138597115243707,-0.0239465116270973,-0.0128373261832166,0.00660432397368519,0.0520468258861608,NaN,NaN,NaN,NaN,NaN,NaN,NaN,NaN,NaN
NaN,NaN,0.00404195359442383,-0.000433624600797581,-0.0230985991026197,-0.0163820861586525,-0.0214534569822717,0.0158623595440683,0.0536927336458272,NaN,NaN,NaN,NaN,NaN,NaN,NaN,NaN,NaN
NaN,NaN,0.00480440875981003,-0.0089225553626117,-0.018963638630036,-0.0271439655431702,-0.0125588979863096,0.0155522850060758,0.0615020596984929,NaN,NaN,NaN,NaN,NaN,NaN,NaN,NaN,NaN
NaN,NaN,-0.00213016325142235,-0.00654384574833481,-0.0232994667555128,-0.0247180937537147,-0.0126370545767713,0.0191073481643495,0.0634150335196561,NaN,NaN,NaN,NaN,NaN,NaN,NaN,NaN,NaN
NaN,NaN,-0.00311496236827225,-0.0101019636446532,-0.0245871319736276,-0.0301179020413353,-0.0129714738868643,0.0256023172939119,0.0592459493879384,NaN,NaN,NaN,NaN,NaN,NaN,NaN,NaN,NaN
NaN,NaN,-0.00616781914141029,-0.0157061227315959,-0.0296110957230364,-0.0249702959069206,-0.00690314362873323,0.0193792012238797,0.0669876241687841,NaN,NaN,NaN,NaN,NaN,NaN,NaN,NaN,NaN
NaN,NaN,-0.0118006443371996,-0.0172801510149535,-0.0337385683621202,-0.0174750863322212,-0.0050789434753824,0.0297916297519502,0.0644937472049302,NaN,NaN,NaN,NaN,NaN,NaN,NaN,NaN,NaN
NaN,NaN,-0.0122072038939223,-0.0264237642938194,-0.0216573215390478,-0.0223721666940643,0.00596849803696387,0.0303144369924363,0.0609433034066266,NaN,NaN,NaN,NaN,NaN,NaN,NaN,NaN,NaN
NaN,NaN,-0.0192326357355341,-0.0221515268737373,-0.0218671857680116,-0.0157318181106045,0.00739127953420393,0.0381765317821798,0.0547523552183217,NaN,NaN,NaN,NaN,NaN,NaN,NaN,NaN,NaN
NaN,NaN,-0.0174620238831267,-0.0246719651574191,-0.0216090976561342,-0.00899463060583609,0.00840869356761686,0.0368247170651254,0.0510718987886018,NaN,NaN,NaN,NaN,NaN,NaN,NaN,NaN,NaN
NaN,NaN,-0.0209193354239687,-0.0267389238530692,-0.0195195637012754,-0.00386565092291373,0.0141937154985499,0.0267288823330697,0.0534600706402368,NaN,NaN,NaN,NaN,NaN,NaN,NaN,NaN,NaN
NaN,NaN,-0.0321791184833273,-0.0231181279474792,-0.0212186127270494,0.0008167968383835,0.0119160543836188,0.0338007499182519,0.0492340640727586,NaN,NaN,NaN,NaN,NaN,NaN,NaN,NaN,NaN
NaN,NaN,-0.0268395853927359,-0.0239028230959472,-0.00317950912964686,0.000941892086605851,0.0178988147235941,0.0318841253125962,0.0425237917903966,NaN,NaN,NaN,NaN,NaN,NaN,NaN,NaN,NaN
NaN,NaN,-0.030928817926906,-0.0108254150206146,-0.00196424492848261,0.00715740856442911,0.014481605932815,0.0291245420182046,0.038113476485402,NaN,NaN,NaN,NaN,NaN,NaN,NaN,NaN,NaN
NaN,NaN,-0.0239827161421999,-0.0120846376473006,-0.00024748214733942,0.0135475293985413,0.00994662378798239,0.0227433805072602,0.0405787618462152,NaN,NaN,NaN,NaN,NaN,NaN,NaN,NaN,NaN
NaN,NaN,-0.0245228646090254,-0.00463742843809693,0.00230614847290174,0.00963305023227197,0.0149529855407309,0.0199699018800554,0.0447107048336572,NaN,NaN,NaN,NaN,NaN,NaN,NaN,NaN,NaN
NaN,NaN,-0.0202786227455363,0.00444047071990402,0.00275100401389257,0.0128156774929569,0.0135694686032366,0.0232292887473401,0.0388870888952321,NaN,NaN,NaN,NaN,NaN,NaN,NaN,NaN,NaN
NaN,NaN,-0.00856493168976158,0.00518001534995468,0.0199956335757937,0.00373150122080309,0.0103129874623846,0.0171779271865186,0.0259042659405774,NaN,NaN,NaN,NaN,NaN,NaN,NaN,NaN,NaN
NaN,NaN,-0.0108704207232222,0.0106777056401673,0.0183633044992651,0.00958689388547403,0.0107556637085509,0.0118955773020086,0.0294175313417024,NaN,NaN,NaN,NaN,NaN,NaN,NaN,NaN,NaN
NaN,NaN,-0.00117073336150497,0.00909810804781349,0.010453172091123,0.0099464030257271,0.00547567938338034,0.0094463293159303,0.0274567061666554,NaN,NaN,NaN,NaN,NaN,NaN,NaN,NaN,NaN
NaN,NaN,-5.16747822985053e-05,0.0121562547331753,0.0111958459650244,0.00123643216405374,0.00723591630230658,0.00316258414629071,0.0286971905831403,NaN,NaN,NaN,NaN,NaN,NaN,NaN,NaN,NaN
NaN,NaN,0.0040582517394796,0.0133610694950524,0.00564698881256239,0.00314353865299684,-0.00453983808984049,0.00149069248679249,0.0218996533755368,NaN,NaN,NaN,NaN,NaN,NaN,NaN,NaN,NaN
NaN,NaN,0.00476512557361275,0.0126804217046204,0.0192796141539778,0.0010919467798279,-0.00597865696181543,-0.0033880221938792,0.0122694426778859,NaN,NaN,NaN,NaN,NaN,NaN,NaN,NaN,NaN
NaN,NaN,0.00778521841857582,0.0128060198670331,0.0113380775486197,0.00321342509899599,-0.00798172692884691,-0.0103181424832049,0.0191622169319695,NaN,NaN,NaN,NaN,NaN,NaN,NaN,NaN,NaN
NaN,NaN,0.0106364438543096,0.0111609316712323,0.00137663266408102,-0.00527479785766142,-0.0206921752833296,-0.0124862800633612,0.0219109782580441,NaN,NaN,NaN,NaN,NaN,NaN,NaN,NaN,NaN
NaN,NaN,0.00855106359813362,0.00464821153339775,0.00559170550453321,-0.0104147857734157,-0.0236149076663423,-0.0167915608083907,0.0296052487198419,NaN,NaN,NaN,NaN,NaN,NaN,NaN,NaN,NaN
NaN,NaN,0.000671106041409077,0.00894280069527061,-0.00460456305396898,-0.0172317689963772,-0.0361274313472677,-0.0181215453242961,0.0254651287201947,NaN,NaN,NaN,NaN,NaN,NaN,NaN,NaN,NaN
NaN,NaN,0.00380452221725136,0.00741606497225196,0.00680330029475348,-0.0231618537315323,-0.0331812855147291,-0.017941259900302,0.0286183820668763,NaN,NaN,NaN,NaN,NaN,NaN,NaN,NaN,NaN
NaN,NaN,0.00744126236531884,0.00609369867500694,-0.00646938749802454,-0.0307232803412868,-0.0368084889196325,-0.0188694159781638,0.0387122051421708,NaN,NaN,NaN,NaN,NaN,NaN,NaN,NaN,NaN
NaN,NaN,0.00443521386478096,0.00315450050887497,-0.0114445499445234,-0.0293006106027557,-0.0405721497081686,-0.0149037140702906,0.042800264209897,NaN,NaN,NaN,NaN,NaN,NaN,NaN,NaN,NaN
NaN,NaN,0.00810816383454949,-0.00607272691073983,-0.0103801972533499,-0.0378571926363899,-0.0367154684208799,-0.00831173838135631,0.0452946999672956,NaN,NaN,NaN,NaN,NaN,NaN,NaN,NaN,NaN
NaN,NaN,0.00172998255584389,0.00622764148768814,-0.0212987064684664,-0.0438743560322716,-0.0386160370253492,-0.00499617413637073,0.0491298677031106,NaN,NaN,NaN,NaN,NaN,NaN,NaN,NaN,NaN
NaN,NaN,0.00597411266062409,-0.00237921333852379,-0.0164722203577791,-0.0412463686176731,-0.0328014176629949,0.00051941617372601,0.0469256506864137,NaN,NaN,NaN,NaN,NaN,NaN,NaN,NaN,NaN
NaN,NaN,0.00490696600172669,-0.00429706728997795,-0.0279228686655794,-0.0402388824829056,-0.0273879561864305,-0.00076249347087772,0.0496186257902688,NaN,NaN,NaN,NaN,NaN,NaN,NaN,NaN,NaN
NaN,NaN,0.00544355681631714,-0.0188275807255801,-0.0327203906441961,-0.0277236207136108,-0.0215079020999838,0.00975640385392277,0.0503585615758008,NaN,NaN,NaN,NaN,NaN,NaN,NaN,NaN,NaN
NaN,NaN,0.00328132382128388,-0.0199150674695071,-0.0325758493806158,-0.0387135996231033,-0.0183500293933321,0.0159007672870454,0.0537716539208001,NaN,NaN,NaN,NaN,NaN,NaN,NaN,NaN,NaN
NaN,NaN,-0.0110226174583659,-0.0154771291369495,-0.0374870858455931,-0.0304037249394848,-0.0140787046693731,0.0105762284899053,0.0564941519502706,NaN,NaN,NaN,NaN,NaN,NaN,NaN,NaN,NaN
NaN,NaN,-0.00698054709937423,-0.0222736791426238,-0.0289818010593687,-0.0281255236574604,-0.00912347252597101,0.0171312120461759,0.0500004307929582,NaN,NaN,NaN,NaN,NaN,NaN,NaN,NaN,NaN
NaN,NaN,-0.00924524420406669,-0.0224766515845355,-0.031950559404019,-0.0195257841357185,-0.00284159000148065,0.0162442390525636,0.05970104947725,NaN,NaN,NaN,NaN,NaN,NaN,NaN,NaN,NaN
NaN,NaN,-0.0120505740633234,-0.0247453347498473,-0.0302141270900999,-0.0109237908133461,-0.00628386999596842,0.0192010205889043,0.0618358457092351,NaN,NaN,NaN,NaN,NaN,NaN,NaN,NaN,NaN
NaN,NaN,-0.0204342467477545,-0.0222171851152477,-0.0219831913079058,-0.0147984652527763,-0.000305300607578829,0.0145962265038785,0.0607019045952863,NaN,NaN,NaN,NaN,NaN,NaN,NaN,NaN,NaN
NaN,NaN,-0.028152042417787,-0.0200601302737293,-0.0177423580850397,-0.00844144362296599,0.0032385494268965,0.0152889814877805,0.0584001035992211,NaN,NaN,NaN,NaN,NaN,NaN,NaN,NaN,NaN
NaN,NaN,-0.0187622247030959,-0.0198835515135822,-0.0117666571701799,-0.00852880168046492,0.000751061335904524,0.0231830020153817,0.0564413459602899,NaN,NaN,NaN,NaN,NaN,NaN,NaN,NaN,NaN
NaN,NaN,-0.020206687389873,-0.0219969459528026,-0.0109950005377565,-0.00283452782120245,0.00191402246127836,0.0116405439281759,0.0593618059162206,NaN,NaN,NaN,NaN,NaN,NaN,NaN,NaN,NaN
NaN,NaN,-0.0234068607678637,-0.0171733841949996,-0.0113248191143308,0.0013910503378914,-0.00187331254710443,0.017505063554078,0.0501763390008515,NaN,NaN,NaN,NaN,NaN,NaN,NaN,NaN,NaN
NaN,NaN,-0.0290233319392428,-0.0164118789786395,-0.00327685096514567,-0.00422584924187201,0.00833822970162146,0.020555759658843,0.0404816435281342,NaN,NaN,NaN,NaN,NaN,NaN,NaN,NaN,NaN
NaN,NaN,-0.0289052029838786,-0.0126599156016406,-0.00241308653009279,-0.00197657483901518,0.00975521837244742,0.0179006893837747,0.0371381954852647,NaN,NaN,NaN,NaN,NaN,NaN,NaN,NaN,NaN
NaN,NaN,-0.0202176956227049,-0.0146457747274932,-0.00421668582809313,-0.00175013306822317,0.00311999206314795,0.0129050005877313,0.0304169149700707,NaN,NaN,NaN,NaN,NaN,NaN,NaN,NaN,NaN
NaN,NaN,-0.0231453826418146,-0.0137683943563995,-0.00689135113013132,3.04066828296827e-05,0.0018562804616522,0.00265976308825581,0.022702025026471,NaN,NaN,NaN,NaN,NaN,NaN,NaN,NaN,NaN
NaN,NaN,-0.0250210104277357,-0.00248700461330979,-0.00904505321038111,0.00618689593587381,-0.000366972788469866,0.00864835350754826,0.0184233614806241,NaN,NaN,NaN,NaN,NaN,NaN,NaN,NaN,NaN
NaN,NaN,-0.0258223948767409,-0.00388464040103524,0.000348415288802547,-0.00190694916333693,0.00371266712318175,-0.000767839262456012,0.015426309556157,NaN,NaN,NaN,NaN,NaN,NaN,NaN,NaN,NaN
NaN,NaN,-0.0198932787170634,-0.00419885001125901,0.00197258597957746,-0.00110273349370497,-0.00390685538877733,-0.00847157196161182,0.0179864221815175,NaN,NaN,NaN,NaN,NaN,NaN,NaN,NaN,NaN
NaN,NaN,-0.015289825736545,-0.00920912331882088,-0.00110757717144831,-0.0021237983116104,-0.0168228652619291,-0.0118044588064852,0.0102830247584886,NaN,NaN,NaN,NaN,NaN,NaN,NaN,NaN,NaN
NaN,NaN,-0.0144252417376265,-0.0026664518469867,-0.000344265189293462,-0.00342452067222136,-0.0189682785712648,-0.017763172397584,0.0137133838240212,NaN,NaN,NaN,NaN,NaN,NaN,NaN,NaN,NaN
NaN,NaN,-0.0177004983415827,0.00587517314609916,0.00116341567384855,-0.00511842879738348,-0.0208110865496565,-0.0197086493766013,0.0102954299751824,NaN,NaN,NaN,NaN,NaN,NaN,NaN,NaN,NaN
NaN,NaN,-0.0147476283600554,0.00156644650754364,0.00890680408823149,-0.0164585663684799,-0.0252048243128229,-0.0219233903383914,0.00684553176203432,NaN,NaN,NaN,NaN,NaN,NaN,NaN,NaN,NaN
NaN,NaN,-0.0107391414931044,-0.00174734822455018,0.00764944410669462,-0.0167485057124092,-0.0286234859668184,-0.0238472233807746,0.00998982578554812,NaN,NaN,NaN,NaN,NaN,NaN,NaN,NaN,NaN
NaN,NaN,-0.00595203170087188,0.00236913480815322,-0.000438217010620671,-0.0199147416957809,-0.0400918107770849,-0.0212745192742053,0.0109922268990582,NaN,NaN,NaN,NaN,NaN,NaN,NaN,NaN,NaN
NaN,NaN,-0.00184989103581756,0.00514669262823494,-0.00233472504866465,-0.0282121552833511,-0.0335498657368589,-0.0245734128451052,0.0139121839407987,NaN,NaN,NaN,NaN,NaN,NaN,NaN,NaN,NaN
