F1_2000Hz,F2_1500Hz,F3_1000Hz,F4_900Hz,F5_800Hz,F6_700Hz,F7_600Hz,F8_500Hz,F9_400Hz,F10_200Hz,F11_100Hz,F12_80Hz,F13_600Hz,F14_600Hz,F15_600Hz,F16_600Hz,F17_600Hz,F18_600Hz
NaN,NaN,-0.000837776373373345,0.0122707107948372,0.00850038508845804,0.00453117103703941,0.0113663786420754,0.00107240575016476,0.00898808950053838,NaN,NaN,NaN,NaN,NaN,NaN,NaN,NaN,NaN
NaN,NaN,-0.000277343700872735,0.0121729219245026,0.00620573664976594,0.00392173217066253,0.0127459653983048,0.00474351170123555,0.0081020850824037,NaN,NaN,NaN,NaN,NaN,NaN,NaN,NaN,NaN
NaN,NaN,-0.0013687978789676,0.00837649720779154,0.00665726046039102,0.00293572233446563,0.0108581000337532,0.00338651883066632,0.00656339117752699,NaN,NaN,NaN,NaN,NaN,NaN,NaN,NaN,NaN
NaN,NaN,-0.00399769798968919,0.00796740445366595,0.00981109122706888,0.00511000664361442,0.00837074232792171,0.00225224244059064,0.00274968111383108,NaN,NaN,NaN,NaN,NaN,NaN,NaN,NaN,NaN
NaN,NaN,-0.00485051007126458,0.00867953094711993,0.0115215582676077,0.00385054187305893,0.00730318588709148,0.000370020890841261,0.00803638958799032,NaN,NaN,NaN,NaN,NaN,NaN,NaN,NaN,NaN
NaN,NaN,-0.00289465815876611,0.0124678345309803,0.01424919719769,0.00399005399473632,0.00911349070762905,0.00396431135595776,0.0147556584464231,NaN,NaN,NaN,NaN,NaN,NaN,NaN,NaN,NaN
NaN,NaN,-0.00230600641225465,0.0117344738828251,0.0139118162818098,0.00104925395377601,0.0126363859841755,0.00696691396296956,0.0152946520732561,NaN,NaN,NaN,NaN,NaN,NaN,NaN,NaN,NaN
NaN,NaN,-0.00291533351992257,0.0134446242736885,0.0131207136340284,0.00322594107516731,0.0111023673186234,0.00730489092529751,0.0125623379038492,NaN,NaN,NaN,NaN,NaN,NaN,NaN,NaN,NaN
NaN,NaN,-0.00180026100133546,0.0114342341112206,0.0128324692971849,0.00346374498136962,0.00917777059172901,0.00494488226831891,0.00705753230916647,NaN,NaN,NaN,NaN,NaN,NaN,NaN,NaN,NaN
NaN,NaN,0.000892658223165199,0.0115219460712979,0.0111816441543245,-0.000343352692046513,0.00548543048595699,0.00449047135771252,0.0101949531720796,NaN,NaN,NaN,NaN,NaN,NaN,NaN,NaN,NaN
NaN,NaN,0.000270795513642951,0.0102760227309773,0.0109159750766897,-0.000131588565030446,0.00919866947030338,0.00888905199826695,0.0130801532553354,NaN,NaN,NaN,NaN,NaN,NaN,NaN,NaN,NaN
NaN,NaN,0.00192441462422721,0.0129897663282463,0.0101888915426874,-0.00168820111624276,0.0153839179644516,0.0151150365418289,0.0125151384757676,NaN,NaN,NaN,NaN,NaN,NaN,NaN,NaN,NaN
NaN,NaN,0.00476001246715896,0.016039885013015,0.0128548955447817,0.00725562484391655,0.0166468472549847,0.0149663788324688,0.0121544558690706,NaN,NaN,NaN,NaN,NaN,NaN,NaN,NaN,NaN
NaN,NaN,0.010818694223417,0.0145024577068398,0.0148724568910742,0.0105851589275214,0.0173102469513348,0.013806751841912,0.0150915492461839,NaN,NaN,NaN,NaN,NaN,NaN,NaN,NaN,NaN
NaN,NaN,0.0113949221267831,0.0151071654545376,0.0166731132097387,0.0120548977089735,0.0183640570709637,0.0144476135319565,0.0190690975772062,NaN,NaN,NaN,NaN,NaN,NaN,NaN,NaN,NaN
NaN,NaN,0.010165967483772,0.0146440373646328,0.0175219019777918,0.011776525391421,0.0240130686530999,0.0130423595255706,0.019098564623467,NaN,NaN,NaN,NaN,NaN,NaN,NaN,NaN,NaN
NaN,NaN,0.00838170244242065,0.0168354207562516,0.0177160454816961,0.0111672914160105,0.0231312551865509,0.0133934867626522,0.0129735913263479,NaN,NaN,NaN,NaN,NaN,NaN,NaN,NaN,NaN
NaN,NaN,0.00698704688693397,0.0165494674729416,0.0194180933661604,0.015815131230435,0.0185337067911557,0.010962213302264,0.011265769241921,NaN,NaN,NaN,NaN,NaN,NaN,NaN,NaN,NaN
NaN,NaN,0.00444442449952476,0.0121190728532383,0.0173840848632002,0.0113702079785677,0.0125690886149338,0.00927795367897488,0.0125292014466443,NaN,NaN,NaN,NaN,NaN,NaN,NaN,NaN,NaN
NaN,NaN,0.000220690359128639,0.0124788800167153,0.0169948851592684,0.00929537029393638,0.0103264079759053,0.00625707852304913,0.013619966446034,NaN,NaN,NaN,NaN,NaN,NaN,NaN,NaN,NaN
NaN,NaN,0.000836275954497978,0.0121137084352085,0.0134474588461065,0.00505381063946212,0.0139833391973904,0.00704568522633053,0.0150286104665914,NaN,NaN,NaN,NaN,NaN,NaN,NaN,NaN,NaN
NaN,NaN,-1.21775374282156e-05,0.01719025465718,0.014515592706933,0.00531905130871261,0.0146968067953518,0.0109643925970886,0.0106577832387605,NaN,NaN,NaN,NaN,NaN,NaN,NaN,NaN,NaN
NaN,NaN,0.00303481190348975,0.0158663796173641,0.014533641738429,0.0077493561936232,0.0126504489550522,0.011815919453511,0.0122593786703267,NaN,NaN,NaN,NaN,NaN,NaN,NaN,NaN,NaN
NaN,NaN,0.00100370912696235,0.013197767912061,0.0120594715602541,0.00222909064420188,0.00826170308088573,0.00955947386682965,0.0127804536508241,NaN,NaN,NaN,NaN,NaN,NaN,NaN,NaN,NaN
NaN,NaN,-0.000856905739055947,0.011746916352422,0.00845175142361161,-0.00183019055596863,0.00726015878414425,0.00555180656374432,0.00808927008377699,NaN,NaN,NaN,NaN,NaN,NaN,NaN,NaN,NaN
NaN,NaN,-0.00208703384851106,0.0100911738263676,0.00664027313663003,-0.00500220073930298,0.00957166416143688,0.00238735871971585,0.00727825575935033,NaN,NaN,NaN,NaN,NaN,NaN,NaN,NaN,NaN
NaN,NaN,-0.000185682933079079,0.0136306093918392,0.00552182923032281,-0.00205614803902184,0.00789060828780445,0.00424255328834988,0.00259014555679945,NaN,NaN,NaN,NaN,NaN,NaN,NaN,NaN,NaN
NaN,NaN,0.00271367325331084,0.00917570236197207,0.00615600402428148,0.000173903865894924,0.00779589278196606,0.00514802234829404,0.00886955076324133,NaN,NaN,NaN,NaN,NaN,NaN,NaN,NaN,NaN
NaN,NaN,3.33641364704815e-05,0.00881531777849887,0.00708371306730745,-0.00238920761815583,0.00720081490968975,0.00462053986848332,0.0104823593186059,NaN,NaN,NaN,NaN,NaN,NaN,NaN,NaN,NaN
NaN,NaN,-0.00113186941598542,0.00958572643867228,0.00760598014070032,-0.00110029442779099,0.0106962920496395,0.0038566877192352,0.00921453127133039,NaN,NaN,NaN,NaN,NaN,NaN,NaN,NaN,NaN
NaN,NaN,-0.00217953280662186,0.00902587118616793,0.0105834742911005,-0.0039936156438974,0.0133600795040062,0.00353729995549656,0.00903627613054899,NaN,NaN,NaN,NaN,NaN,NaN,NaN,NaN,NaN
NaN,NaN,0.0024434779479634,0.0137553134845803,0.0105981146819734,0.000989165021261821,0.0122063943514756,0.00765039297402836,0.00742423125969556,NaN,NaN,NaN,NaN,NaN,NaN,NaN,NaN,NaN
NaN,NaN,0.00186829312588088,0.00803805458417628,0.0109861409194612,0.00156345577367271,0.00944850606416973,0.00378944622934796,0.0116403285549798,NaN,NaN,NaN,NaN,NaN,NaN,NaN,NaN,NaN
NaN,NaN,-0.00393306420301087,0.00679576340189669,0.00725589598490236,-0.00115870697967087,0.00773675379847797,0.0022552412992809,0.00945181363689092,NaN,NaN,NaN,NaN,NaN,NaN,NaN,NaN,NaN
NaN,NaN,-0.00585078776930459,0.00566931012144778,0.0082696592338228,-0.000794522600093235,0.00992653531526836,0.00321921604336239,0.011145945279471,NaN,NaN,NaN,NaN,NaN,NaN,NaN,NaN,NaN
NaN,NaN,-0.00390169725869782,0.00951019617787097,0.0112007735200071,-0.000682186471143116,0.0120955669650963,0.0098315876966808,0.0118302252279439,NaN,NaN,NaN,NaN,NaN,NaN,NaN,NaN,NaN
NaN,NaN,0.00331607132102363,0.0145411634730408,0.0156772686071539,0.00502192215450729,0.0121135601172379,0.0146300223714206,0.0126813795553365,NaN,NaN,NaN,NaN,NaN,NaN,NaN,NaN,NaN
NaN,NaN,0.00518739639665,0.0139794642018387,0.014841387969985,0.00524402396210159,0.0133457185099057,0.01319163190783,0.0166426483677545,NaN,NaN,NaN,NaN,NaN,NaN,NaN,NaN,NaN
NaN,NaN,0.00701802267576568,0.0150955052959034,0.0154357394106531,0.00431549535520996,0.0153501295814446,0.0122542929893825,0.0127745676921525,NaN,NaN,NaN,NaN,NaN,NaN,NaN,NaN,NaN
NaN,NaN,0.00519119619275443,0.0133230307983467,0.0138217573888445,0.00192156793006385,0.0183286109337738,0.012651502067456,0.0131574157761255,NaN,NaN,NaN,NaN,NaN,NaN,NaN,NaN,NaN
NaN,NaN,0.00718335105921142,0.0148615756916115,0.0126636577673101,0.00482535721190895,0.0166087934145859,0.0156397436803672,0.0115179713951269,NaN,NaN,NaN,NaN,NaN,NaN,NaN,NaN,NaN
NaN,NaN,0.00813438041950576,0.0185485700058052,0.0128122409708643,0.00689771757849182,0.0161747598419121,0.0142687809711788,0.0117860432850042,NaN,NaN,NaN,NaN,NaN,NaN,NaN,NaN,NaN
NaN,NaN,0.0065008778765332,0.0145233752118656,0.0134876547284269,0.00645347671040023,0.0171736964354447,0.00878001275123097,0.012205548225514,NaN,NaN,NaN,NaN,NaN,NaN,NaN,NaN,NaN
NaN,NaN,0.00553064464475028,0.0152375506149838,0.0155830001361513,0.00543252365120376,0.0178736039767197,0.00896253334940411,0.0150711532817998,NaN,NaN,NaN,NaN,NaN,NaN,NaN,NaN,NaN
NaN,NaN,0.00442194237257354,0.0159297654317925,0.0142680657930517,0.00412530065902198,0.0193554872045449,0.0116717507189605,0.0156276930259385,NaN,NaN,NaN,NaN,NaN,NaN,NaN,NaN,NaN
NaN,NaN,0.00704473300720565,0.0160043457435677,0.0158693073220396,0.00684792907365287,0.0177569651374749,0.0139813375717495,0.0155682932721296,NaN,NaN,NaN,NaN,NaN,NaN,NaN,NaN,NaN
NaN,NaN,0.00626702277804725,0.0187750304030487,0.016540511501565,0.00843834863432373,0.0158920289347103,0.0136248831695411,0.0150407176600614,NaN,NaN,NaN,NaN,NaN,NaN,NaN,NaN,NaN
NaN,NaN,0.00416964708711021,0.0154577338980744,0.0173865249283457,0.00808500484951461,0.0128086620340279,0.0062191178149078,0.0167277898775258,NaN,NaN,NaN,NaN,NaN,NaN,NaN,NaN,NaN
NaN,NaN,0.00291718586231582,0.017051096438081,0.0171553892917776,0.00251433612235511,0.0126415641376904,0.00917751985252835,0.0167717110501447,NaN,NaN,NaN,NaN,NaN,NaN,NaN,NaN,NaN
NaN,NaN,0.00363478853250854,0.0165663989173481,0.0159479854531431,0.00313631059058631,0.0128065944979123,0.011794089252362,0.0158713828908124,NaN,NaN,NaN,NaN,NaN,NaN,NaN,NaN,NaN
NaN,NaN,0.00458518459345214,0.0183442750858376,0.0185096440739774,0.00614504130013908,0.0127328151235512,0.0158136029785965,0.016906752823464,NaN,NaN,NaN,NaN,NaN,NaN,NaN,NaN,NaN
NaN,NaN,0.00865009098197334,0.0221717128442833,0.019589810622468,0.00749929608233894,0.0162599758574894,0.0171342742687557,0.0174930203841844,NaN,NaN,NaN,NaN,NaN,NaN,NaN,NaN,NaN
NaN,NaN,0.0120798353746068,0.0229974979447434,0.0231252415008688,0.00708230571278061,0.0173083843061856,0.0160673138743732,0.0202865969525495,NaN,NaN,NaN,NaN,NaN,NaN,NaN,NaN,NaN
NaN,NaN,0.0146898110106122,0.0242713423358509,0.0228561824090624,0.00436435253747428,0.0177387670943669,0.0203945365792606,0.0187550928579488,NaN,NaN,NaN,NaN,NaN,NaN,NaN,NaN,NaN
NaN,NaN,0.0128938485577237,0.0225977556692669,0.019735171449914,0.0072872153056475,0.0175400601098469,0.0201826606935356,0.0135879289494672,NaN,NaN,NaN,NaN,NaN,NaN,NaN,NaN,NaN
NaN,NaN,0.0125371333851945,0.0233808116900036,0.0177084272630357,0.00626479075678314,0.0196764395902089,0.0180909474438522,0.0115797367082754,NaN,NaN,NaN,NaN,NaN,NaN,NaN,NaN,NaN
NaN,NaN,0.0118996803357732,0.0215174401091645,0.0150439320035124,0.0053927002979132,0.0185034201810292,0.0123606314009521,0.00976330378519682,NaN,NaN,NaN,NaN,NaN,NaN,NaN,NaN,NaN
NaN,NaN,0.0092084561183583,0.0161242814647267,0.0137480525202894,0.0020522511137339,0.0160641373464993,0.00953317331732251,0.0131097506867566,NaN,NaN,NaN,NaN,NaN,NaN,NaN,NaN,NaN
NaN,NaN,0.00696193843032233,0.0134083771990845,0.0123144863076353,-0.000907268510976185,0.0161451996633938,0.00965610789717175,0.00948740878569273,NaN,NaN,NaN,NaN,NaN,NaN,NaN,NaN,NaN
NaN,NaN,0.00318784682895057,0.0123392188834259,0.0126696927375936,0.00181647749074424,0.0148424097666672,0.0104744237905834,0.00953399354087499,NaN,NaN,NaN,NaN,NaN,NaN,NaN,NaN,NaN
NaN,NaN,0.00328883944894187,0.0154693195509026,0.0123072219915533,0.00376312793620552,0.0163889267811707,0.0102618400997017,0.0100809965418496,NaN,NaN,NaN,NaN,NaN,NaN,NaN,NaN,NaN
NaN,NaN,0.00362394793774001,0.0149176785635063,0.0132170868940496,0.00457049147613967,0.0147009046146801,0.00636529820621945,0.0139992568777719,NaN,NaN,NaN,NaN,NaN,NaN,NaN,NaN,NaN
NaN,NaN,0.00470811917330138,0.011090520201833,0.0156931569702768,0.00360683338173355,0.0134785064825943,0.00655223327339627,0.0182588096843877,NaN,NaN,NaN,NaN,NaN,NaN,NaN,NaN,NaN
NaN,NaN,0.00227649181033485,0.0106591315852711,0.0167969791121626,0.00195088596471275,0.00953731698488506,0.0077236880606506,0.0143582072244802,NaN,NaN,NaN,NaN,NaN,NaN,NaN,NaN,NaN
NaN,NaN,0.00177290706778876,0.012959069936187,0.0167739381916666,0.00312003107198204,0.00977921871041569,0.0093876262253616,0.0130820904062906,NaN,NaN,NaN,NaN,NaN,NaN,NaN,NaN,NaN
NaN,NaN,0.00171162604237907,0.0177778446959564,0.0146353049106741,0.00176290781625236,0.0119631142685345,0.00738669830025174,0.0142418850349107,NaN,NaN,NaN,NaN,NaN,NaN,NaN,NaN,NaN
NaN,NaN,0.00442371188546531,0.0167554573999951,0.0158732747562074,0.000683709843239437,0.0125121475527218,0.00835311310947873,0.0175491977618852,NaN,NaN,NaN,NaN,NaN,NaN,NaN,NaN,NaN
NaN,NaN,0.00518357797409408,0.0131655627774308,0.01837137992455,0.000691588832220684,0.0140473210582665,0.0105220330005977,0.0184931863235154,NaN,NaN,NaN,NaN,NaN,NaN,NaN,NaN,NaN
NaN,NaN,0.00511518164421432,0.0129538917826721,0.0155007829792642,0.00170131014116729,0.0117546097705296,0.0142957893258426,0.0134844962643304,NaN,NaN,NaN,NaN,NaN,NaN,NaN,NaN,NaN
NaN,NaN,0.00547519369865768,0.0169255541550228,0.0135307935900831,0.00409238771923507,0.0164918751785687,0.0147505355125759,0.0126440707729974,NaN,NaN,NaN,NaN,NaN,NaN,NaN,NaN,NaN
NaN,NaN,0.00685532062198035,0.0215035261498997,0.0122899925239229,0.00332851694353546,0.0181279854247502,0.0107900117582176,0.0153272669898191,NaN,NaN,NaN,NaN,NaN,NaN,NaN,NaN,NaN
NaN,NaN,0.00973506315494888,0.0210322396742413,0.0148596977718019,0.00536222742327179,0.0175654107103279,0.0109137286490295,0.0177347730981031,NaN,NaN,NaN,NaN,NaN,NaN,NaN,NaN,NaN
NaN,NaN,0.0077373203530442,0.0187457682477543,0.0178332244880342,0.00609929473527397,0.018281094856017,0.0119077106064651,0.0173296105252424,NaN,NaN,NaN,NaN,NaN,NaN,NaN,NaN,NaN
NaN,NaN,0.00790244384552352,0.0200570331799099,0.0160641213781976,0.00870744497903312,0.0185702891418866,0.0130016048497055,0.012027535228602,NaN,NaN,NaN,NaN,NaN,NaN,NaN,NaN,NaN
NaN,NaN,0.00835860564257018,0.0228389123367378,0.0173426782615328,0.0121714247895094,0.0229309463272026,0.013731761748204,0.015528432665936,NaN,NaN,NaN,NaN,NaN,NaN,NaN,NaN,NaN
NaN,NaN,0.00948144539142959,0.0238100396381924,0.018747988147273,0.0113859100771757,0.0233346374103955,0.0154879194742534,0.0219673361765066,NaN,NaN,NaN,NaN,NaN,NaN,NaN,NaN,NaN
NaN,NaN,0.0125809986784589,0.0244656348513672,0.0249285241491937,0.0143700911236616,0.0214243085453442,0.0190583494550083,0.0251883153008142,NaN,NaN,NaN,NaN,NaN,NaN,NaN,NaN,NaN
NaN,NaN,0.0121599291160237,0.02211438062659,0.0267784101791525,0.0142083390189024,0.0221875087687901,0.0213246111816261,0.0250500697778383,NaN,NaN,NaN,NaN,NaN,NaN,NaN,NaN,NaN
NaN,NaN,0.0110269565775525,0.0250116692768643,0.027298963619008,0.0152550152076098,0.0219994933674267,0.0224448991066311,0.0233605202423253,NaN,NaN,NaN,NaN,NaN,NaN,NaN,NaN,NaN
NaN,NaN,0.0117180351808202,0.0259329894470284,0.0255500888354921,0.0142168140543314,0.0245454126367501,0.0193067518121097,0.0246988307820478,NaN,NaN,NaN,NaN,NaN,NaN,NaN,NaN,NaN
NaN,NaN,0.0134806004061829,0.0250228637742111,0.025052594942584,0.0110248921943518,0.0244065151879719,0.0201471027976368,0.0263519842313447,NaN,NaN,NaN,NaN,NaN,NaN,NaN,NaN,NaN
NaN,NaN,0.0141268823936116,0.0242954263376305,0.0260303718872213,0.0125369130206915,0.0220800900230339,0.0195495662337635,0.0240396779166379,NaN,NaN,NaN,NaN,NaN,NaN,NaN,NaN,NaN
NaN,NaN,0.0148851279809605,0.0224187368439743,0.0234381658859396,0.0135985835028502,0.0233136453995636,0.020090739155421,0.0202335488186994,NaN,NaN,NaN,NaN,NaN,NaN,NaN,NaN,NaN
NaN,NaN,0.0157910440757405,0.0253467963921139,0.0237359655923986,0.0156270226968142,0.0255138577291897,0.0198335637396667,0.0192148495601335,NaN,NaN,NaN,NaN,NaN,NaN,NaN,NaN,NaN
NaN,NaN,0.0187994581356179,0.0233516426669667,0.0220584673710012,0.0132118983698698,0.0290434957811764,0.018521237099776,0.0228904817389169,NaN,NaN,NaN,NaN,NaN,NaN,NaN,NaN,NaN
NaN,NaN,0.0174662139907014,0.0229996586131165,0.0243985457248831,0.0115193313492152,0.0255300813684395,0.0192035985237453,0.0234333124147573,NaN,NaN,NaN,NaN,NaN,NaN,NaN,NaN,NaN
NaN,NaN,0.0184540492191445,0.0214559541927883,0.0247423341400766,0.0151229909194323,0.0246233643362454,0.0169079070037697,0.0209911797331491,NaN,NaN,NaN,NaN,NaN,NaN,NaN,NaN,NaN
NaN,NaN,0.014532715518726,0.0206442506896565,0.022976863188281,0.0166887863112303,0.0248589516947201,0.0163972814625595,0.0212631259249368,NaN,NaN,NaN,NaN,NaN,NaN,NaN,NaN,NaN
NaN,NaN,0.012587815959705,0.0228561418043682,0.0231940662391329,0.0167968569827887,0.0220126995215348,0.0158174772805069,0.0202125568078676,NaN,NaN,NaN,NaN,NaN,NaN,NaN,NaN,NaN
NaN,NaN,0.00957046120311134,0.0197657899843762,0.0218662610180521,0.0127061157060477,0.0212295131156376,0.0148681243008468,0.0222545374320665,NaN,NaN,NaN,NaN,NaN,NaN,NaN,NaN,NaN
NaN,NaN,0.00721646888996474,0.0222302557813236,0.0240356651969099,0.0106310172510954,0.0153663904735974,0.0134373334294651,0.0194533612714925,NaN,NaN,NaN,NaN,NaN,NaN,NaN,NaN,NaN
NaN,NaN,0.0070560020103585,0.0195576393889496,0.0219805529244089,0.00999151529200996,0.0164012947449616,0.0135230523592327,0.0178774889694372,NaN,NaN,NaN,NaN,NaN,NaN,NaN,NaN,NaN
NaN,NaN,0.0039165694906842,0.0198177391575882,0.0199092915184641,0.00720997141130889,0.013295296705716,0.0139656540995929,0.016052897660605,NaN,NaN,NaN,NaN,NaN,NaN,NaN,NaN,NaN
NaN,NaN,0.00318943007732742,0.0194165440188954,0.0182560263104582,0.00566328675874199,0.0142413714299134,0.0156763074046467,0.0155691687153497,NaN,NaN,NaN,NaN,NaN,NaN,NaN,NaN,NaN
NaN,NaN,0.00149030654574744,0.0171403171407292,0.0156879974432134,0.00453037009962524,0.014786102003806,0.0140760158246849,0.0146148610995927,NaN,NaN,NaN,NaN,NaN,NaN,NaN,NaN,NaN
NaN,NaN,0.00275280742789619,0.0195853928016732,0.0154728060491228,0.00460025654562439,0.0151046702036789,0.0138647359854076,0.0116830948876062,NaN,NaN,NaN,NaN,NaN,NaN,NaN,NaN,NaN
NaN,NaN,0.00526762052322738,0.0194602975534508,0.0162996342308664,0.00573160858281578,0.018708404279702,0.0114670087641571,0.011069483696095,NaN,NaN,NaN,NaN,NaN,NaN,NaN,NaN,NaN
NaN,NaN,0.00709632827783935,0.0203333379613468,0.0155265806145811,0.00424290807374443,0.0173650832245282,0.0141694647318218,0.0125132199512639,NaN,NaN,NaN,NaN,NaN,NaN,NaN,NaN,NaN
NaN,NaN,0.00953277989174239,0.0170525120483944,0.0149551583357,0.00300210700758422,0.0167683103451661,0.0131824118143413,0.014422747878901,NaN,NaN,NaN,NaN,NaN,NaN,NaN,NaN,NaN
NaN,NaN,0.0107990246906411,0.018492150484235,0.0140717429943228,0.00727199749477829,0.0176195391783646,0.0135165703541134,0.0148977037655034,NaN,NaN,NaN,NaN,NaN,NaN,NaN,NaN,NaN
NaN,NaN,0.0150497299327981,0.0229376511560986,0.019469949407115,0.00976410494574035,0.0223454797038964,0.0153417204564903,0.0178013999150911,NaN,NaN,NaN,NaN,NaN,NaN,NaN,NaN,NaN
NaN,NaN,0.0150718395307194,0.0256366984831402,0.0228269575066709,0.0135188995433661,0.023607030637019,0.0185819779580925,0.0214526314424196,NaN,NaN,NaN,NaN,NaN,NaN,NaN,NaN,NaN
NaN,NaN,0.0124505203857552,0.021737660645158,0.0259988186783933,0.0124830825758788,0.0204885901281765,0.0193297554797027,0.0247826125608602,NaN,NaN,NaN,NaN,NaN,NaN,NaN,NaN,NaN
NaN,NaN,0.0121949840977322,0.0199213953601429,0.0239734528489256,0.016452230377278,0.0186633282670906,0.0165760395175312,0.0233884785460153,NaN,NaN,NaN,NaN,NaN,NaN,NaN,NaN,NaN
NaN,NaN,0.0126284775033128,0.0211644129740307,0.0235483413465166,0.0189999564123961,0.0200331547627381,0.0161814381426666,0.0211871113763967,NaN,NaN,NaN,NaN,NaN,NaN,NaN,NaN,NaN
NaN,NaN,0.0145431277051102,0.0250543797301361,0.0254151960737848,0.0169603227210852,0.0234775022933415,0.0193949853128288,0.0251139585064569,NaN,NaN,NaN,NaN,NaN,NaN,NaN,NaN,NaN
NaN,NaN,0.0141738024249207,0.0260737495409558,0.0279459161586904,0.0152189543975207,0.0250290298232964,0.0238756340986583,0.0264653261886754,NaN,NaN,NaN,NaN,NaN,NaN,NaN,NaN,NaN
NaN,NaN,0.0116527867212426,0.0229593882249901,0.0317892422802591,0.0159131249917361,0.025032345331662,0.0266038877016399,0.0288837846504369,NaN,NaN,NaN,NaN,NaN,NaN,NaN,NaN,NaN
NaN,NaN,0.0164673332765233,0.0253713088022778,0.0271977661080503,0.0194458177817675,0.0249723867843083,0.0245004397875164,0.0253150496767679,NaN,NaN,NaN,NaN,NaN,NaN,NaN,NaN,NaN
NaN,NaN,0.0193177764012944,0.0250249499367783,0.0247367462046289,0.0176680347455355,0.025991570330613,0.02387403222383,0.0243495661901155,NaN,NaN,NaN,NaN,NaN,NaN,NaN,NaN,NaN
NaN,NaN,0.0224857260182034,0.0285685764538357,0.0247611468560838,0.0153476072979781,0.026382669932597,0.023255205625901,0.0244212594019094,NaN,NaN,NaN,NaN,NaN,NaN,NaN,NaN,NaN
NaN,NaN,0.0186678250029217,0.0263854632066796,0.0253916894920015,0.0136497503650996,0.0251455382773808,0.0253195752447937,0.0228301692889848,NaN,NaN,NaN,NaN,NaN,NaN,NaN,NaN,NaN
NaN,NaN,0.0160249178006779,0.0217864433216164,0.0238720690734529,0.0151299385858389,0.0215733760366371,0.0213662413007114,0.0197378430651346,NaN,NaN,NaN,NaN,NaN,NaN,NaN,NaN,NaN
NaN,NaN,0.016871359635843,0.0213922144757817,0.0203780447967195,0.0172091348601195,0.0211682693431309,0.0162717019265983,0.0125040743635812,NaN,NaN,NaN,NaN,NaN,NaN,NaN,NaN,NaN
NaN,NaN,0.0150097016885411,0.0212890984403202,0.0204444480962896,0.011060654981217,0.0184419156382016,0.0140594755357597,0.0152072753893056,NaN,NaN,NaN,NaN,NaN,NaN,NaN,NaN,NaN
NaN,NaN,0.00989748581196181,0.0228451894508908,0.0179323730893278,0.00585417063363517,0.016182359434121,0.0134045508748386,0.0131836045669237,NaN,NaN,NaN,NaN,NaN,NaN,NaN,NaN,NaN
NaN,NaN,0.00243463038350455,0.0163168230938027,0.0200455440111303,0.00845509381421531,0.0136125610539845,0.013076576316962,0.0126908790455976,NaN,NaN,NaN,NaN,NaN,NaN,NaN,NaN,NaN
NaN,NaN,0.00233039676095359,0.0152627335774014,0.0166761865742349,0.0104385128749224,0.0138167814681462,0.0100142759329174,0.0102539431439557,NaN,NaN,NaN,NaN,NaN,NaN,NaN,NaN,NaN
NaN,NaN,0.00373024909640662,0.0157514916645596,0.0166050894088888,0.0110684408379408,0.013501118994706,0.00805000486434437,0.0100494805859247,NaN,NaN,NaN,NaN,NaN,NaN,NaN,NaN,NaN
NaN,NaN,0.00185763879562728,0.0169451678084442,0.0161619847543382,0.00255890922077621,0.0122862273225716,0.00826834412873723,0.0132157351957479,NaN,NaN,NaN,NaN,NaN,NaN,NaN,NaN,NaN
NaN,NaN,-0.000738553266273812,0.0170713620173046,0.0189088275559091,-0.000436466323056568,0.0107444228002957,0.0105248642212246,0.00890790262686399,NaN,NaN,NaN,NaN,NaN,NaN,NaN,NaN,NaN
NaN,NaN,-0.00169312165235169,0.014602500377805,0.0167194558210516,0.000803869081816326,0.00825274375771793,0.00903174924314953,0.00832809844481138,NaN,NaN,NaN,NaN,NaN,NaN,NaN,NaN,NaN
NaN,NaN,0.00281062393332832,0.0148862557398388,0.0128728141911173,0.00464708344467605,0.0116000661024979,0.00641706111491658,0.00843803176151899,NaN,NaN,NaN,NaN,NaN,NaN,NaN,NaN,NaN
NaN,NaN,0.00690499736811034,0.0142166161822388,0.0134598826892519,0.00688603879340614,0.012692246712201,0.00891911509097554,0.0108082849668184,NaN,NaN,NaN,NaN,NaN,NaN,NaN,NaN,NaN
NaN,NaN,0.00727884887601249,0.0153731511818478,0.0166356554157877,0.00103442729838813,0.0152544268736771,0.0117289525514934,0.0137830224023977,NaN,NaN,NaN,NaN,NaN,NaN,NaN,NaN,NaN
NaN,NaN,0.0076222647621762,0.0165661940263817,0.0201860619611883,0.00433732555635894,0.0122992472121647,0.0170998898393009,0.0138297561691919,NaN,NaN,NaN,NaN,NaN,NaN,NaN,NaN,NaN
NaN,NaN,0.00789784311200492,0.0176561580883572,0.0177547326214456,0.0087389981878611,0.0142978654572895,0.0157514651364181,0.0140371058272043,NaN,NaN,NaN,NaN,NaN,NaN,NaN,NaN,NaN
NaN,NaN,0.0129723217978608,0.0186788992868969,0.0172955719657087,0.0134255065155836,0.0187250377008847,0.0134353962785099,0.0189223770188012,NaN,NaN,NaN,NaN,NaN,NaN,NaN,NaN,NaN
NaN,NaN,0.0137925748422276,0.0187094652937958,0.016265529198184,0.0124411358071181,0.0194976070294312,0.0135588896519039,0.0218247879432359,NaN,NaN,NaN,NaN,NaN,NaN,NaN,NaN,NaN
NaN,NaN,0.00927463590051048,0.0164789849804947,0.0182603290207529,0.00876352922447647,0.0187288188705376,0.0150293921178672,0.0220516767488637,NaN,NaN,NaN,NaN,NaN,NaN,NaN,NaN,NaN
NaN,NaN,0.00791326581384055,0.0183382028626511,0.0174194751210355,0.0103713458908411,0.0153480061659745,0.0176486996060703,0.0191231701658883,NaN,NaN,NaN,NaN,NaN,NaN,NaN,NaN,NaN
NaN,NaN,0.00909869043971412,0.0183843778359005,0.0183182014055395,0.0142091772092196,0.0188032315442494,0.0174398970848415,0.0188517455147424,NaN,NaN,NaN,NaN,NaN,NaN,NaN,NaN,NaN
NaN,NaN,0.0120534416928422,0.0160045506345341,0.0206171339280748,0.0158446169031474,0.0165606067845753,0.0154163007682655,0.02150243857371,NaN,NaN,NaN,NaN,NaN,NaN,NaN,NaN,NaN
NaN,NaN,0.010273721505655,0.0153852397488663,0.0228298632331037,0.0110917239023062,0.0161072389552525,0.0161944207793567,0.0229238044606366,NaN,NaN,NaN,NaN,NaN,NaN,NaN,NaN,NaN
NaN,NaN,0.00736987634445541,0.0165002005087445,0.0240567503399992,0.00888024256952728,0.0147552566001347,0.0160098140186165,0.0211252901838937,NaN,NaN,NaN,NaN,NaN,NaN,NaN,NaN,NaN
NaN,NaN,0.00556812106515281,0.0230060102330754,0.022556706321969,0.0112263931465956,0.0158246570596627,0.01916321637691,0.0174743008004346,NaN,NaN,NaN,NaN,NaN,NaN,NaN,NaN,NaN
NaN,NaN,0.00798225819016807,0.0221849003719399,0.0225383965201521,0.0119888669384333,0.0172434897491864,0.0159286585694645,0.0162157673524537,NaN,NaN,NaN,NaN,NaN,NaN,NaN,NaN,NaN
NaN,NaN,0.00776505513931625,0.0198295297013829,0.0193357271976614,0.00848834203012909,0.0139258765945366,0.0129175995534752,0.0146801840649762,NaN,NaN,NaN,NaN,NaN,NaN,NaN,NaN,NaN
NaN,NaN,0.00455581067944877,0.01849695610872,0.0183844556934976,0.00353595973380531,0.0123494827518395,0.0107698206847999,0.0114368904517808,NaN,NaN,NaN,NaN,NaN,NaN,NaN,NaN,NaN
NaN,NaN,0.00125782980467193,0.0174824291752884,0.0117666078634405,0.000875674052319179,0.0122291745016507,0.00920117544592358,0.00703605601059583,NaN,NaN,NaN,NaN,NaN,NaN,NaN,NaN,NaN
NaN,NaN,0.00239041118766181,0.0187867278145859,0.0105171827502393,0.00532313050158943,0.0166392104098729,0.0100173865503166,0.00538536125289587,NaN,NaN,NaN,NaN,NaN,NaN,NaN,NaN,NaN
NaN,NaN,0.00569923265720718,0.0142295429395745,0.010849925679698,0.00786476568706954,0.0178004765281609,0.00736848163069226,0.00728496128188757,NaN,NaN,NaN,NaN,NaN,NaN,NaN,NaN,NaN
NaN,NaN,0.00472892491961829,0.0115601861762116,0.0117515390641832,0.00839671851523841,0.0122289696106842,0.00788799198926426,0.0102357264743963,NaN,NaN,NaN,NaN,NaN,NaN,NaN,NaN,NaN
NaN,NaN,0.00372508956934325,0.0106595041143009,0.0131943439967775,0.0069629101587149,0.0120068491766385,0.00581583651364781,0.00938092136251119,NaN,NaN,NaN,NaN,NaN,NaN,NaN,NaN,NaN
NaN,NaN,0.00261862247134559,0.0149057390080998,0.0116481995113039,0.00755420686133827,0.0158008524546555,0.00691060620010831,0.00884606280790952,NaN,NaN,NaN,NaN,NaN,NaN,NaN,NaN,NaN
NaN,NaN,0.00883428796078078,0.0178817430423805,0.0145734464652681,0.012528456611714,0.0170044192442826,0.0105924596136902,0.0112770568715253,NaN,NaN,NaN,NaN,NaN,NaN,NaN,NaN,NaN
NaN,NaN,0.00998050390626304,0.012636869578273,0.016783754331603,0.012851793183169,0.0157941469321183,0.00855466994107701,0.0137995626913228,NaN,NaN,NaN,NaN,NaN,NaN,NaN,NaN,NaN
NaN,NaN,0.00662515356088988,0.0136722208844731,0.0183015121050024,0.0117037518454405,0.0110248440275124,0.0100841623789165,0.0168990787254491,NaN,NaN,NaN,NaN,NaN,NaN,NaN,NaN,NaN
NaN,NaN,0.00615297301555984,0.0153185756789753,0.0167071996159696,0.00942657501824821,0.0131822341451577,0.0125898485130165,0.0179600414024511,NaN,NaN,NaN,NaN,NaN,NaN,NaN,NaN,NaN
NaN,NaN,0.00688368870760314,0.0227466368960449,0.0188346197731638,0.00985565395482505,0.0153402575621537,0.0161545415467117,0.0186627615379014,NaN,NaN,NaN,NaN,NaN,NaN,NaN,NaN,NaN
NaN,NaN,0.0126275275542866,0.0220014484511921,0.024290866208806,0.0125946550203177,0.0179149360725811,0.0185118866211269,0.0188357826458135,NaN,NaN,NaN,NaN,NaN,NaN,NaN,NaN,NaN
NaN,NaN,0.00950536175514571,0.019262391506345,0.0243799378998422,0.0129867231977793,0.0137392954299382,0.0168511149531696,0.0212826091931978,NaN,NaN,NaN,NaN,NaN,NaN,NaN,NaN,NaN
NaN,NaN,0.00877289517666213,0.0188091726886341,0.0232781274147176,0.0116113646460387,0.0124393367538384,0.0141663541144226,0.0174284797297635,NaN,NaN,NaN,NaN,NaN,NaN,NaN,NaN,NaN
NaN,NaN,0.00882506786729209,0.0198877932416508,0.018157008094325,0.0107551066709372,0.0153445043930939,0.0135856744891498,0.0148784812675634,NaN,NaN,NaN,NaN,NaN,NaN,NaN,NaN,NaN
NaN,NaN,0.0105977658822667,0.0205986531364033,0.0142602799363279,0.00949379788168396,0.0151212663719586,0.0154983130341861,0.011304400502316,NaN,NaN,NaN,NaN,NaN,NaN,NaN,NaN,NaN
NaN,NaN,0.0114866015210282,0.017231530873687,0.0164484409518385,0.0110225825143668,0.0163331591854027,0.0147112709528301,0.0122455578433195,NaN,NaN,NaN,NaN,NaN,NaN,NaN,NaN,NaN
NaN,NaN,0.00680540173198097,0.0149098554538796,0.0185992745585584,0.0120086668563696,0.0121028312811783,0.0130785879737232,0.0139515917884031,NaN,NaN,NaN,NaN,NaN,NaN,NaN,NaN,NaN
NaN,NaN,0.00614051191951148,0.0145307326602051,0.0163039555676126,0.0100904403758856,0.0123454594383171,0.00903027775348164,0.0141922269152322,NaN,NaN,NaN,NaN,NaN,NaN,NaN,NaN,NaN
NaN,NaN,0.00665745182777755,0.0157638223754475,0.0122911101110124,0.00835419432648147,0.0140744597980908,0.00661234083236195,0.015312961875073,NaN,NaN,NaN,NaN,NaN,NaN,NaN,NaN,NaN
NaN,NaN,0.00644486813689582,0.0141256818460533,0.0133512159712457,0.00886474536188568,0.0143399798641137,0.00661362605751492,0.00893496686088232,NaN,NaN,NaN,NaN,NaN,NaN,NaN,NaN,NaN
NaN,NaN,0.00280324785853736,0.0125378513621399,0.016575622362628,0.0100316552949759,0.0112455674776963,0.00440572100342251,0.0108049880849042,NaN,NaN,NaN,NaN,NaN,NaN,NaN,NaN,NaN
NaN,NaN,-0.00466232703183778,0.00940918493142817,0.014124418599143,0.0041800065470549,0.00355660555457386,0.00175236436189152,0.00603520089255956,NaN,NaN,NaN,NaN,NaN,NaN,NaN,NaN,NaN
NaN,NaN,-0.00653024346684106,0.00693302172294352,0.0109517378635549,-0.0017532446848539,0.00208049652671131,-0.00156312537728809,0.00629191064702657,NaN,NaN,NaN,NaN,NaN,NaN,NaN,NaN,NaN
NaN,NaN,-0.00593525872682221,0.00663689839711878,0.00706374551130769,-0.00429538278452431,0.0019916297266415,0.000620565289864317,0.00494236835705427,NaN,NaN,NaN,NaN,NaN,NaN,NaN,NaN,NaN
NaN,NaN,-0.00521339059923775,0.00509757119289134,0.00543573777152536,0.000335153056463848,0.00228535024022373,0.00430120798409917,0.00366334581243185,NaN,NaN,NaN,NaN,NaN,NaN,NaN,NaN,NaN
NaN,NaN,-0.00471716330503114,0.00797831955424044,0.00718017945958612,0.00301138298042739,0.00241586578583034,0.005235305899987,0.00660686531531004,NaN,NaN,NaN,NaN,NaN,NaN,NaN,NaN,NaN
NaN,NaN,-0.00429322526906617,0.00988814550510142,0.00649735237432954,0.000646363807997356,0.00433439028953823,0.00677830251515843,0.00610166007148412,NaN,NaN,NaN,NaN,NaN,NaN,NaN,NaN,NaN
NaN,NaN,0.0017800968780648,0.0130083927797386,0.00692006106449602,0.000303245945057521,0.00788814959620747,0.00642041387618519,0.00976026767360357,NaN,NaN,NaN,NaN,NaN,NaN,NaN,NaN,NaN
NaN,NaN,0.00668896778370254,0.0134328709827969,0.0067248931057596,0.00323545919187988,0.0110534728834561,0.0101275061315391,0.00818042793738035,NaN,NaN,NaN,NaN,NaN,NaN,NaN,NaN,NaN
NaN,NaN,0.00723410813952796,0.0124485375272343,0.0080005628891134,0.00894338624008621,0.0128711910316876,0.0102092017477844,0.0098183263229051,NaN,NaN,NaN,NaN,NaN,NaN,NaN,NaN,NaN
NaN,NaN,0.00824667929555289,0.0145058849739144,0.0103385737068796,0.0121658741069647,0.0130410642692974,0.00997098805964924,0.0105695869909444,NaN,NaN,NaN,NaN,NaN,NaN,NaN,NaN,NaN
NaN,NaN,0.0104696158959996,0.0145179735409329,0.0121569624073648,0.0121046862138125,0.0130770133206776,0.00779105993569829,0.0169462036477247,NaN,NaN,NaN,NaN,NaN,NaN,NaN,NaN,NaN
NaN,NaN,0.0145377632870805,0.0167898977088043,0.0158905042238378,0.0099533869458052,0.0176150688300064,0.0120813463872764,0.0173048373447576,NaN,NaN,NaN,NaN,NaN,NaN,NaN,NaN,NaN
NaN,NaN,0.0136673678352963,0.0147793957876274,0.0207856846876287,0.0164055711162897,0.0196878762314251,0.0167830911523197,0.0204252150045553,NaN,NaN,NaN,NaN,NaN,NaN,NaN,NaN,NaN
NaN,NaN,0.0123271201446187,0.0173996159719536,0.0246434463091039,0.0199825017286154,0.0210479052135876,0.0177974877005909,0.0200194936381498,NaN,NaN,NaN,NaN,NaN,NaN,NaN,NaN,NaN
NaN,NaN,0.0113218878104817,0.0186440119432518,0.0250486647613191,0.0203988029194685,0.0198084079990319,0.0161212933307979,0.0214726362513223,NaN,NaN,NaN,NaN,NaN,NaN,NaN,NaN,NaN
NaN,NaN,0.0135205355181824,0.0173347959207604,0.0243955096132898,0.013815749300799,0.0187090934584072,0.0126289826876018,0.023016247539393,NaN,NaN,NaN,NaN,NaN,NaN,NaN,NaN,NaN
NaN,NaN,0.013852216739906,0.0191615292715142,0.0243872953481817,0.0109112894667002,0.0181734525928429,0.0165080529695842,0.0171248499439874,NaN,NaN,NaN,NaN,NaN,NaN,NaN,NaN,NaN
NaN,NaN,0.00868421464110725,0.0180071735667298,0.021707880301013,0.0136537736786219,0.0150799529025486,0.0161899504309986,0.0156571414457479,NaN,NaN,NaN,NaN,NaN,NaN,NaN,NaN,NaN
NaN,NaN,0.00606187104131095,0.0194038594054291,0.0190131170578146,0.0114914102984282,0.0154265539119175,0.0149262760824058,0.0136991661177793,NaN,NaN,NaN,NaN,NaN,NaN,NaN,NaN,NaN
NaN,NaN,0.00719156532431953,0.0189419979142258,0.0181462047524595,0.0106918884945723,0.0140757822761467,0.01526732640923,0.017105348049275,NaN,NaN,NaN,NaN,NaN,NaN,NaN,NaN,NaN
NaN,NaN,0.00964388667489402,0.0182298900472233,0.0181642910368585,0.00675900639422859,0.0145786405870846,0.011980763549218,0.0165683847056547,NaN,NaN,NaN,NaN,NaN,NaN,NaN,NaN,NaN
NaN,NaN,0.0121694844856393,0.0166584880935261,0.0159658295936727,0.00815958516128982,0.0137987138101986,0.0135614973551128,0.012694641588799,NaN,NaN,NaN,NaN,NaN,NaN,NaN,NaN,NaN
NaN,NaN,0.00847706987406127,0.0142086626874516,0.0105319535262727,0.00997028113730873,0.0141991080114773,0.0104325887805317,0.00853799992667822,NaN,NaN,NaN,NaN,NaN,NaN,NaN,NaN,NaN
NaN,NaN,0.00528142272378318,0.015393249123008,0.00941313709093568,0.00991080687769378,0.0129000247785977,0.00635762410820462,0.00710776784884123,NaN,NaN,NaN,NaN,NaN,NaN,NaN,NaN,NaN
NaN,NaN,0.00442360012675635,0.0147541383194039,0.00815782601906297,0.00794929252394165,0.0111932085225514,0.00454955446184613,0.00591343977915434,NaN,NaN,NaN,NaN,NaN,NaN,NaN,NaN,NaN
NaN,NaN,0.000600893486989662,0.00827967691293452,0.00880053172780511,0.00117636085875953,0.00819874567484173,0.00285532968700864,0.00401529261337904,NaN,NaN,NaN,NaN,NaN,NaN,NaN,NaN,NaN
NaN,NaN,-0.00370081097935326,0.00360812562576029,0.00620862374974725,0.00343144671448196,0.0034029373297623,0.00232211026013829,0.00258392432200102,NaN,NaN,NaN,NaN,NaN,NaN,NaN,NaN,NaN
NaN,NaN,-0.00719239519094117,0.00168941485753749,0.00330330709887979,0.00566777573355163,0.00533308473920139,-0.00104268369614147,0.00214383715259222,NaN,NaN,NaN,NaN,NaN,NaN,NaN,NaN,NaN
NaN,NaN,-0.0049504968628753,0.00569849777093623,0.00319674516989229,0.0069403907788607,0.00539950666522297,-0.000223883514991029,0.0054848265038648,NaN,NaN,NaN,NaN,NaN,NaN,NaN,NaN,NaN
NaN,NaN,-0.00326059342478402,0.00819686370959971,0.00763744021727083,0.00196956829555954,0.00555513066744121,0.00267301397980191,0.00730485433208135,NaN,NaN,NaN,NaN,NaN,NaN,NaN,NaN,NaN
NaN,NaN,-0.00195689083193429,0.00717507246008608,0.0130715770549917,0.00130283446439231,0.00317370159124645,0.00506995889008977,0.00741838255392698,NaN,NaN,NaN,NaN,NaN,NaN,NaN,NaN,NaN
NaN,NaN,-0.00168986202334054,0.0073203587817261,0.00764353106690881,0.00477230907805885,0.00262798381542477,0.00430267947376706,0.00611602106558469,NaN,NaN,NaN,NaN,NaN,NaN,NaN,NaN,NaN
NaN,NaN,-0.000338568846927956,0.0082014830695698,0.00616060475780008,0.00613429383762802,0.00749256101941379,0.000854830170283094,0.00986932554709104,NaN,NaN,NaN,NaN,NaN,NaN,NaN,NaN,NaN
NaN,NaN,0.00526696859742515,0.0119600588368485,0.00743305216504571,0.00480945022233451,0.00682387141083988,0.0052105885988567,0.0107792090760389,NaN,NaN,NaN,NaN,NaN,NaN,NaN,NaN,NaN
NaN,NaN,0.00673843963886611,0.011601443766267,0.0139241656191492,0.00637876601346458,0.0100538098583153,0.00918480279506184,0.0109626237438836,NaN,NaN,NaN,NaN,NaN,NaN,NaN,NaN,NaN
NaN,NaN,0.00356659709359519,0.0102569119917462,0.0111818304188394,0.00703197704084838,0.00923696545457157,0.0148690556234214,0.0127303671227613,NaN,NaN,NaN,NaN,NaN,NaN,NaN,NaN,NaN
NaN,NaN,0.00614762722398155,0.011318135439069,0.00823261122180459,0.00981553257831062,0.0136634485194615,0.0142970745509956,0.0155283581601301,NaN,NaN,NaN,NaN,NaN,NaN,NaN,NaN,NaN
NaN,NaN,0.00859819768811576,0.0135969141410897,0.0123045397825384,0.0124290658665511,0.0146895611057213,0.0123154250031803,0.0174376998232522,NaN,NaN,NaN,NaN,NaN,NaN,NaN,NaN,NaN
NaN,NaN,0.0123674836650025,0.0153657006012509,0.0160974254734659,0.0110154485834452,0.0130068288514546,0.0143872638291214,0.015583101301066,NaN,NaN,NaN,NaN,NaN,NaN,NaN,NaN,NaN
NaN,NaN,0.00856988548184745,0.0141220310615608,0.0188060840494776,0.0134781821204039,0.014015749222987,0.0118983042484615,0.0156000699983754,NaN,NaN,NaN,NaN,NaN,NaN,NaN,NaN,NaN
NaN,NaN,0.00515332861687057,0.0139662766741822,0.0148948645122194,0.01302866996654,0.012535877651923,0.0141743448621128,0.0133816782520929,NaN,NaN,NaN,NaN,NaN,NaN,NaN,NaN,NaN
NaN,NaN,0.0056296628608834,0.0136289516376564,0.0151519654221678,0.0156723594797465,0.0171056726345948,0.0114889320975635,0.0180968154357591,NaN,NaN,NaN,NaN,NaN,NaN,NaN,NaN,NaN
NaN,NaN,0.00697829245473258,0.0133503371762345,0.0164242824442529,0.014125842465243,0.016457304484599,0.0133213092631195,0.0168547663973489,NaN,NaN,NaN,NaN,NaN,NaN,NaN,NaN,NaN
NaN,NaN,0.0101123046770226,0.0155137250112602,0.0214429190285349,0.0141503735018584,0.0141488352188996,0.0154588435834739,0.0160314586149373,NaN,NaN,NaN,NaN,NaN,NaN,NaN,NaN,NaN
NaN,NaN,0.0070109259977471,0.0177098581480095,0.0215106075532579,0.0157124436033579,0.0140796379516056,0.0151877355820034,0.0186159905182042,NaN,NaN,NaN,NaN,NaN,NaN,NaN,NaN,NaN
NaN,NaN,0.00607535659219138,0.0179631778883049,0.0173926716573381,0.0129513329399439,0.010944768912547,0.0140611332899425,0.0177553739534536,NaN,NaN,NaN,NaN,NaN,NaN,NaN,NaN,NaN
NaN,NaN,0.00959158359910361,0.018475312172086,0.0146237565107488,0.0120287647975298,0.0126069003114632,0.0106451352185104,0.016043286411635,NaN,NaN,NaN,NaN,NaN,NaN,NaN,NaN,NaN
NaN,NaN,0.00953013493563048,0.0164166981267044,0.0149426227338457,0.00838340060242141,0.0112327338526181,0.0100854103511665,0.0126954238997617,NaN,NaN,NaN,NaN,NaN,NaN,NaN,NaN,NaN
NaN,NaN,0.00747466876055113,0.0173676529811928,0.0159184811539793,0.0108188277614924,0.00962221635078701,0.00932124155224301,0.00666740128266004,NaN,NaN,NaN,NaN,NaN,NaN,NaN,NaN,NaN
NaN,NaN,0.00193316905642859,0.0148560808884213,0.0101580275125646,0.00779663012751068,0.00981371489857944,0.00790877910912969,0.00702435859905866,NaN,NaN,NaN,NaN,NaN,NaN,NaN,NaN,NaN
NaN,NaN,0.00126621170784346,0.0120430955576012,0.0062181977458143,0.00442501888998474,0.00744465378617557,0.00703029977739789,0.00961589404808668,NaN,NaN,NaN,NaN,NaN,NaN,NaN,NaN,NaN
NaN,NaN,0.0053455535962712,0.00947920176258776,0.00569747666789529,0.00396760912068809,0.00958749664520534,0.00814680653274991,0.00902245530354169,NaN,NaN,NaN,NaN,NaN,NaN,NaN,NaN,NaN
NaN,NaN,0.00395680262590759,0.00537355932465289,0.00616734753324029,0.00421370179780449,0.00873911765908512,0.00630055266083218,0.00415823200213102,NaN,NaN,NaN,NaN,NaN,NaN,NaN,NaN,NaN
NaN,NaN,0.00053966834093444,0.00679952594509814,0.00412976275159356,0.00567813204058136,0.00819742319678577,0.00275413217605092,0.00307035410272268,NaN,NaN,NaN,NaN,NaN,NaN,NaN,NaN,NaN
NaN,NaN,-0.0054906080767978,0.00440848561993334,0.00206287856174943,0.00188917653091873,0.00514251751398357,0.00102310153306462,0.00429210030900625,NaN,NaN,NaN,NaN,NaN,NaN,NaN,NaN,NaN
NaN,NaN,-0.00942175791715272,-0.00161726457008626,-0.00116877351926329,-0.0025205427276281,-0.000891949855334436,-0.000669912522425875,0.00390945711599973,NaN,NaN,NaN,NaN,NaN,NaN,NaN,NaN,NaN
NaN,NaN,-0.0127722653851379,-0.00804635194072034,-0.00175720174835685,-0.00807871310583626,-0.00346003460193363,-0.00359979746281169,0.00520861485468534,NaN,NaN,NaN,NaN,NaN,NaN,NaN,NaN,NaN
NaN,NaN,-0.0201102118298877,-0.0122860675764969,-0.00768849720285895,-0.0111308993267206,-0.00884045275355068,-0.00717520070611499,-0.00173037162555071,NaN,NaN,NaN,NaN,NaN,NaN,NaN,NaN,NaN
NaN,NaN,-0.0294750887260307,-0.0155268652451923,-0.0128834331505156,-0.016704138504186,-0.0137032604446479,-0.00874747810303233,-0.000531815351375069,NaN,NaN,NaN,NaN,NaN,NaN,NaN,NaN,NaN
NaN,NaN,-0.0427110265300144,-0.0247517829848221,-0.0208917269580221,-0.0241778717803148,-0.0217409095397064,-0.0086341920250561,0.00122935289012579,NaN,NaN,NaN,NaN,NaN,NaN,NaN,NaN,NaN
NaN,NaN,-0.0545161920890678,-0.0388978650880745,-0.029928685175643,-0.0327723586427358,-0.0290767325689861,-0.0107904831820633,-0.000371478856929269,NaN,NaN,NaN,NaN,NaN,NaN,NaN,NaN,NaN
NaN,NaN,-0.0638682726130355,-0.0495806938124588,-0.0426118457786894,-0.0407531784342912,-0.0344459003439018,-0.0168161774927284,-0.00684642455113741,NaN,NaN,NaN,NaN,NaN,NaN,NaN,NaN,NaN
NaN,NaN,-0.0783797498152126,-0.0629402367485454,-0.0578478919439173,-0.0483248495923666,-0.0433268992831775,-0.0256763706856873,-0.0177236761761984,NaN,NaN,NaN,NaN,NaN,NaN,NaN,NaN,NaN
NaN,NaN,-0.0964183877513278,-0.0788492938590935,-0.0721232416205263,-0.0594054089354662,-0.0536638348033497,-0.031009254133096,-0.0199533741785369,NaN,NaN,NaN,NaN,NaN,NaN,NaN,NaN,NaN
NaN,NaN,-0.116219926188933,-0.096478000850766,-0.0883214743904925,-0.0701900498437074,-0.0635039469828674,-0.0332696671539452,-0.027266361178287,NaN,NaN,NaN,NaN,NaN,NaN,NaN,NaN,NaN
NaN,NaN,-0.131925787340151,-0.117999673457234,-0.102923792796597,-0.0822012053298143,-0.0739767438402244,-0.0409435230249073,-0.0327084887636981,NaN,NaN,NaN,NaN,NaN,NaN,NaN,NaN,NaN
NaN,NaN,-0.149230636219727,-0.133381639243453,-0.118744597779975,-0.0920662210749773,-0.0817450544467041,-0.0529537471884396,-0.0428846407545886,NaN,NaN,NaN,NaN,NaN,NaN,NaN,NaN,NaN
NaN,NaN,-0.171179431985365,-0.152924530775636,-0.137528964328036,-0.102445494519391,-0.0933268888523647,-0.0639010342711117,-0.052998096109756,NaN,NaN,NaN,NaN,NaN,NaN,NaN,NaN,NaN
NaN,NaN,-0.19040656791185,-0.167494625420659,-0.153028965937362,-0.113703508065858,-0.10668604063297,-0.0693239207321312,-0.0570557381821951,NaN,NaN,NaN,NaN,NaN,NaN,NaN,NaN,NaN
NaN,NaN,-0.208679358969675,-0.189395867855637,-0.169211403476462,-0.12459811954371,-0.1200448757639,-0.0775170634442475,-0.0656304251266799,NaN,NaN,NaN,NaN,NaN,NaN,NaN,NaN,NaN
NaN,NaN,-0.221998128603445,-0.207563419462531,-0.186164715337024,-0.138386145369926,-0.132158066951282,-0.0887267227226403,-0.0746253248168311,NaN,NaN,NaN,NaN,NaN,NaN,NaN,NaN,NaN
NaN,NaN,-0.238354090164648,-0.220052995355218,-0.203526970940099,-0.145959884064117,-0.141629990064151,-0.103797440504422,-0.0885130952907881,NaN,NaN,NaN,NaN,NaN,NaN,NaN,NaN,NaN
NaN,NaN,-0.254629492323147,-0.233176280380576,-0.221205391930804,-0.155895289169469,-0.153250641994722,-0.114413381641498,-0.0951241817189536,NaN,NaN,NaN,NaN,NaN,NaN,NaN,NaN,NaN
NaN,NaN,-0.268473937670933,-0.245217294068425,-0.231787879961,-0.164620049433627,-0.163260199003465,-0.119530775671592,-0.0994896259023032,NaN,NaN,NaN,NaN,NaN,NaN,NaN,NaN,NaN
NaN,NaN,-0.276198718260275,-0.259466697098105,-0.242316500293479,-0.167435139553466,-0.168387073897369,-0.124380433087936,-0.105776407183536,NaN,NaN,NaN,NaN,NaN,NaN,NaN,NaN,NaN
NaN,NaN,-0.277781016688095,-0.263863806248992,-0.2527095945649,-0.17040980248324,-0.170391037934072,-0.13122204047977,-0.114568632454999,NaN,NaN,NaN,NaN,NaN,NaN,NaN,NaN,NaN
NaN,NaN,-0.277281771908747,-0.267212935359566,-0.259203017698989,-0.170453313873926,-0.171924460553176,-0.140669190412154,-0.12216507679356,NaN,NaN,NaN,NaN,NaN,NaN,NaN,NaN,NaN
NaN,NaN,-0.27923967273091,-0.268958811284392,-0.263140817182527,-0.175446357713857,-0.175051990770347,-0.141618599271169,-0.127343155802616,NaN,NaN,NaN,NaN,NaN,NaN,NaN,NaN,NaN
NaN,NaN,-0.276910006563412,-0.271114748538821,-0.259591435091958,-0.17181948958508,-0.173442982011087,-0.142610308801522,-0.132501136870511,NaN,NaN,NaN,NaN,NaN,NaN,NaN,NaN,NaN
NaN,NaN,-0.266349460493075,-0.270308837862103,-0.258277208554015,-0.168377526240268,-0.168235622220285,-0.144927793269744,-0.139544170708784,NaN,NaN,NaN,NaN,NaN,NaN,NaN,NaN,NaN
NaN,NaN,-0.253912467072951,-0.265947063089698,-0.251526125716434,-0.160249948637405,-0.160652141891963,-0.149324827914825,-0.141381092728504,NaN,NaN,NaN,NaN,NaN,NaN,NaN,NaN,NaN
NaN,NaN,-0.236441414366709,-0.25857044813165,-0.245757644074426,-0.151389792697349,-0.15268108236099,-0.150917277758708,-0.140804212899335,NaN,NaN,NaN,NaN,NaN,NaN,NaN,NaN,NaN
NaN,NaN,-0.224836036126362,-0.248537924708216,-0.231339448141322,-0.142820935832181,-0.145670756571538,-0.144313977187267,-0.139266562075742,NaN,NaN,NaN,NaN,NaN,NaN,NaN,NaN,NaN
NaN,NaN,-0.205916795443045,-0.238456916631549,-0.218270291584001,-0.132223900543371,-0.135978408031709,-0.138255109166494,-0.13820209762586,NaN,NaN,NaN,NaN,NaN,NaN,NaN,NaN,NaN
NaN,NaN,-0.188558879803168,-0.22822337654361,-0.203322508382068,-0.119493279741922,-0.124693721406705,-0.137313374405494,-0.138473932058938,NaN,NaN,NaN,NaN,NaN,NaN,NaN,NaN,NaN
NaN,NaN,-0.166989877383457,-0.216374885858386,-0.191029087650046,-0.108982205526748,-0.113997910045631,-0.136371118103852,-0.13416628575457,NaN,NaN,NaN,NaN,NaN,NaN,NaN,NaN,NaN
NaN,NaN,-0.140890121023403,-0.201172572196811,-0.176406503664718,-0.101379502700487,-0.101480543487317,-0.131466773425927,-0.13032968378199,NaN,NaN,NaN,NaN,NaN,NaN,NaN,NaN,NaN
NaN,NaN,-0.12045939968084,-0.187223036409705,-0.156382975178227,-0.0884141699837831,-0.0905715896418163,-0.121263315057149,-0.129254602254756,NaN,NaN,NaN,NaN,NaN,NaN,NaN,NaN,NaN
NaN,NaN,-0.0960197444364894,-0.172055367947905,-0.141061712997422,-0.0766139963137296,-0.0749630330731937,-0.110708058899036,-0.12816225400699,NaN,NaN,NaN,NaN,NaN,NaN,NaN,NaN,NaN
NaN,NaN,-0.0718353833362926,-0.152920898617595,-0.124547203081117,-0.0628339239823011,-0.0605233235886165,-0.101773490285268,-0.123068366558679,NaN,NaN,NaN,NaN,NaN,NaN,NaN,NaN,NaN
NaN,NaN,-0.0394779960915912,-0.133256450862973,-0.110032298611865,-0.0525547863411096,-0.0484882517387935,-0.0910600024217274,-0.112477552504667,NaN,NaN,NaN,NaN,NaN,NaN,NaN,NaN,NaN
NaN,NaN,-0.00801009641145353,-0.113459159256308,-0.0862301895491934,-0.0370885917412428,-0.033836163454301,-0.0780728581303265,-0.102592084915765,NaN,NaN,NaN,NaN,NaN,NaN,NaN,NaN,NaN
NaN,NaN,0.0206382241740357,-0.0935297316027572,-0.0658435011379576,-0.0201892779635576,-0.0196275896062919,-0.0622099759930279,-0.0968665931238017,NaN,NaN,NaN,NaN,NaN,NaN,NaN,NaN,NaN
NaN,NaN,0.0571304973855149,-0.0671033417893341,-0.0433664964609004,-0.00521996258369957,-0.000156205021388203,-0.0486610579246189,-0.0850557278705916,NaN,NaN,NaN,NaN,NaN,NaN,NaN,NaN,NaN
NaN,NaN,0.0934687112167012,-0.0405942132783821,-0.0222578654162741,0.0134041233492705,0.00847678271626744,-0.0354122119897511,-0.0745615850998244,NaN,NaN,NaN,NaN,NaN,NaN,NaN,NaN,NaN
NaN,NaN,0.133375343371881,-0.0125850034964969,0.00128345469905372,0.0267513169480177,0.0208893196055821,-0.0177943083399441,-0.0543030280484042,NaN,NaN,NaN,NaN,NaN,NaN,NaN,NaN,NaN
NaN,NaN,0.169844296266092,0.0187990026461193,0.028944740993514,0.0463124810291144,0.0366469064125946,-0.00205976245342752,-0.0373841564966521,NaN,NaN,NaN,NaN,NaN,NaN,NaN,NaN,NaN
NaN,NaN,0.209237434406532,0.0576004901813576,0.0568558266289377,0.0643690934909197,0.0533706472585133,0.0192145508772228,-0.0226912576569399,NaN,NaN,NaN,NaN,NaN,NaN,NaN,NaN,NaN
NaN,NaN,0.255060982395662,0.0990350501524517,0.0921513317055845,0.0858040972185942,0.0700649769375256,0.0365276699012611,-0.00155293604863496,NaN,NaN,NaN,NaN,NaN,NaN,NaN,NaN,NaN
NaN,NaN,0.302045647491468,0.140547766714008,0.122458077026143,0.108365852249941,0.0800108314821652,0.0611095008498524,0.0202468667315164,NaN,NaN,NaN,NaN,NaN,NaN,NaN,NaN,NaN
NaN,NaN,0.355151765485061,0.18809418696037,0.160951017392411,0.125978708131394,0.0974531622002056,0.0835870270675514,0.0480361912535348,NaN,NaN,NaN,NaN,NaN,NaN,NaN,NaN,NaN
NaN,NaN,0.406448919762624,0.240623033969314,0.198171417219176,0.152224048836312,0.117193848020785,0.103636781597743,0.0709271315621057,NaN,NaN,NaN,NaN,NaN,NaN,NaN,NaN,NaN
NaN,NaN,0.46085814430262,0.292852516649873,0.238174813789859,0.173232581330619,0.136544849849694,0.12903361293138,0.0913094613836923,NaN,NaN,NaN,NaN,NaN,NaN,NaN,NaN,NaN
NaN,NaN,0.516806621541036,0.34568994808069,0.279138366682067,0.196682780845246,0.156414915002339,0.148624448949704,0.116404376565091,NaN,NaN,NaN,NaN,NaN,NaN,NaN,NaN,NaN
NaN,NaN,0.573539980192436,0.396508924095542,0.319659541351333,0.218761142207465,0.173554044342988,0.175668510521064,0.144786357520691,NaN,NaN,NaN,NaN,NaN,NaN,NaN,NaN,NaN
NaN,NaN,0.633695688535227,0.452075205175788,0.363253037435546,0.241947498036704,0.191895119971984,0.195448069745908,0.175434544323556,NaN,NaN,NaN,NaN,NaN,NaN,NaN,NaN,NaN
NaN,NaN,0.690874051739229,0.507274079500348,0.405548903150096,0.269144724918685,0.214609798170083,0.216112497175345,0.202201090394131,NaN,NaN,NaN,NaN,NaN,NaN,NaN,NaN,NaN
NaN,NaN,0.750739708979381,0.559929139344604,0.45379219482614,0.292517810924134,0.237905565775388,0.237539361143718,0.226646650223605,NaN,NaN,NaN,NaN,NaN,NaN,NaN,NaN,NaN
NaN,NaN,0.809170440275921,0.615914273439557,0.500880907279982,0.320448435707173,0.260650437451356,0.259263987565646,0.257014881460539,NaN,NaN,NaN,NaN,NaN,NaN,NaN,NaN,NaN
NaN,NaN,0.862953182746423,0.66529063078633,0.54692733938767,0.340621981633982,0.278250012672894,0.280241469765315,0.288004845021836,NaN,NaN,NaN,NaN,NaN,NaN,NaN,NaN,NaN
NaN,NaN,0.915123079408659,0.717744022040279,0.590022745532527,0.362112603945813,0.299015097446196,0.292567375028739,0.315054755298964,NaN,NaN,NaN,NaN,NaN,NaN,NaN,NaN,NaN
NaN,NaN,0.967462439526571,0.765418201117427,0.635680722994342,0.385407663745961,0.321155149615758,0.309242538089165,0.339004125087134,NaN,NaN,NaN,NaN,NaN,NaN,NaN,NaN,NaN
NaN,NaN,1.01666402487899,0.816348544685752,0.680756139559283,0.409918639673075,0.341387704140895,0.330011720681796,0.36513111331927,NaN,NaN,NaN,NaN,NaN,NaN,NaN,NaN,NaN
NaN,NaN,1.06466936363722,0.867021582453162,0.724242328656449,0.436472080512128,0.364962533242457,0.351122307503829,0.397147357104889,NaN,NaN,NaN,NaN,NaN,NaN,NaN,NaN,NaN
NaN,NaN,1.11116715191747,0.918210666059167,0.765427946103349,0.460157140953622,0.386944055683368,0.370927813375602,0.427881952016226,NaN,NaN,NaN,NaN,NaN,NaN,NaN,NaN,NaN
NaN,NaN,1.16271024986054,0.969388052253635,0.808520334763064,0.486524075133881,0.412951126820796,0.389702848071465,0.456341661153904,NaN,NaN,NaN,NaN,NaN,NaN,NaN,NaN,NaN
NaN,NaN,1.21222682713415,1.01429132315388,0.850311237377658,0.518140464885316,0.433800980574839,0.404623213136802,0.482198007045857,NaN,NaN,NaN,NaN,NaN,NaN,NaN,NaN,NaN
NaN,NaN,1.25991782589699,1.06225974428526,0.889379139048591,0.550220336629233,0.456700675315612,0.423612768674502,0.507883380739562,NaN,NaN,NaN,NaN,NaN,NaN,NaN,NaN,NaN
NaN,NaN,1.30805170579697,1.11368739548197,0.926427952004209,0.580712955309233,0.480939705050938,0.442673346871743,0.537691197930447,NaN,NaN,NaN,NaN,NaN,NaN,NaN,NaN,NaN
NaN,NaN,1.35491628616001,1.16256085726491,0.961259770197406,0.611349165303788,0.505786068863624,0.462057131255278,0.56472244450318,NaN,NaN,NaN,NaN,NaN,NaN,NaN,NaN,NaN
NaN,NaN,1.40151810317184,1.20539405885211,0.99855342785789,0.643404804034314,0.53010273364877,0.479811063880334,0.594127650945059,NaN,NaN,NaN,NaN,NaN,NaN,NaN,NaN,NaN
NaN,NaN,1.44764133213903,1.24578989612928,1.03604132215454,0.682027049226842,0.557935420549863,0.496977983886609,0.621938898800484,NaN,NaN,NaN,NaN,NaN,NaN,NaN,NaN,NaN
NaN,NaN,1.49391999884392,1.29415802228323,1.07509542162491,0.724295832080922,0.585616096980327,0.516786153340945,0.652927558510176,NaN,NaN,NaN,NaN,NaN,NaN,NaN,NaN,NaN
NaN,NaN,1.53995424925233,1.34027074593178,1.10896563063337,0.764018099619231,0.612702310211413,0.535057137632975,0.684647250561587,NaN,NaN,NaN,NaN,NaN,NaN,NaN,NaN,NaN
NaN,NaN,1.58247981636669,1.38070608991256,1.14452926347925,0.80074989037045,0.640891973055356,0.555598798120627,0.710060398666731,NaN,NaN,NaN,NaN,NaN,NaN,NaN,NaN,NaN
NaN,NaN,1.62449280216242,1.41975637096039,1.18068585078193,0.833912797136388,0.667311750478499,0.572688213462243,0.742433245866171,NaN,NaN,NaN,NaN,NaN,NaN,NaN,NaN,NaN
NaN,NaN,1.66314609764959,1.45853776055446,1.21586166228129,0.873417749865136,0.695721726990693,0.589793535793433,0.767333086221091,NaN,NaN,NaN,NaN,NaN,NaN,NaN,NaN,NaN
NaN,NaN,1.69872431500698,1.49785877707473,1.24557429830505,0.909102864427647,0.720299739516728,0.604264612222323,0.7953326102482,NaN,NaN,NaN,NaN,NaN,NaN,NaN,NaN,NaN
NaN,NaN,1.73220014615799,1.53289543035498,1.27251213322355,0.941772859407744,0.747346222526782,0.621508291835198,0.820888716368548,NaN,NaN,NaN,NaN,NaN,NaN,NaN,NaN,NaN
NaN,NaN,1.76512701853062,1.56550604420772,1.30169266740753,0.967169318212352,0.77002081660127,0.642828463489423,0.844826146601311,NaN,NaN,NaN,NaN,NaN,NaN,NaN,NaN,NaN
NaN,NaN,1.79525396271492,1.59706957208982,1.32534207682086,0.996288329227051,0.791335772849076,0.658432735974202,0.868561386703125,NaN,NaN,NaN,NaN,NaN,NaN,NaN,NaN,NaN
NaN,NaN,1.82506893246318,1.62976981642714,1.3443326568134,1.02749193818696,0.812208071477168,0.678644764149794,0.884490113346449,NaN,NaN,NaN,NaN,NaN,NaN,NaN,NaN,NaN
NaN,NaN,1.85122577889706,1.66148460972181,1.35953448618723,1.04940830530055,0.832269020504706,0.697694036090979,0.906120750694148,NaN,NaN,NaN,NaN,NaN,NaN,NaN,NaN,NaN
NaN,NaN,1.87536957158591,1.68744638132921,1.37544365505649,1.06650710837372,0.852289699144118,0.713451660150895,0.921392503766886,NaN,NaN,NaN,NaN,NaN,NaN,NaN,NaN,NaN
NaN,NaN,1.89219190223957,1.71051308083406,1.38838708306624,1.07771317274698,0.864588968581908,0.728077708656201,0.93551476263868,NaN,NaN,NaN,NaN,NaN,NaN,NaN,NaN,NaN
NaN,NaN,1.90813186063315,1.73163191917411,1.39357520173265,1.0927126816047,0.879124622918122,0.739901817316422,0.947632647691838,NaN,NaN,NaN,NaN,NaN,NaN,NaN,NaN,NaN
NaN,NaN,1.92086650474812,1.75369772630802,1.3941937116809,1.10497037680276,0.891411654777282,0.753980583423981,0.956398851810566,NaN,NaN,NaN,NaN,NaN,NaN,NaN,NaN,NaN
NaN,NaN,1.92804832427646,1.76885278466216,1.39421375374271,1.11108946414121,0.902238186574929,0.76356221633614,0.969216737537257,NaN,NaN,NaN,NaN,NaN,NaN,NaN,NaN,NaN
NaN,NaN,1.9328554388776,1.77918502631655,1.39479186291768,1.10914754481443,0.906669084108823,0.770863561803708,0.97718068176376,NaN,NaN,NaN,NaN,NaN,NaN,NaN,NaN,NaN
NaN,NaN,1.93276040672208,1.78954122158757,1.39353161583616,1.10427248091825,0.907519493378156,0.777262343937764,0.986033443002573,NaN,NaN,NaN,NaN,NaN,NaN,NaN,NaN,NaN
NaN,NaN,1.93206854580785,1.79722230452171,1.38685956503226,1.10599010051616,0.909537539012187,0.778336773539195,0.988447878150813,NaN,NaN,NaN,NaN,NaN,NaN,NaN,NaN,NaN
NaN,NaN,1.92957979111816,1.80463056582084,1.37799221928193,1.10436430932411,0.911897659427874,0.782365246588597,0.993068188069931,NaN,NaN,NaN,NaN,NaN,NaN,NaN,NaN,NaN
NaN,NaN,1.92188490598346,1.8073797555553,1.37492777685596,1.09791862578519,0.909548379606955,0.783663957292447,0.999743368117682,NaN,NaN,NaN,NaN,NaN,NaN,NaN,NaN,NaN
NaN,NaN,1.90935157655622,1.80860591623059,1.37105002905203,1.08224232481249,0.903745457656138,0.784305787557969,1.00382146203386,NaN,NaN,NaN,NaN,NaN,NaN,NaN,NaN,NaN
NaN,NaN,1.89521629779483,1.80367940607539,1.36505786235405,1.07545819864996,0.89808368695473,0.785375132138142,1.00730008223521,NaN,NaN,NaN,NaN,NaN,NaN,NaN,NaN,NaN
NaN,NaN,1.88097583546187,1.79625100958219,1.35455975214912,1.07372077913412,0.89051432547664,0.782477955246577,1.00736466014253,NaN,NaN,NaN,NaN,NaN,NaN,NaN,NaN,NaN
NaN,NaN,1.86707597642089,1.78615811782947,1.34559964667036,1.06961414949425,0.887551918751948,0.779987989837537,1.00611566343772,NaN,NaN,NaN,NaN,NaN,NaN,NaN,NaN,NaN
NaN,NaN,1.85319539575721,1.7733442181634,1.34063100348188,1.06240487457641,0.876569744325631,0.775882123882184,1.00368129798638,NaN,NaN,NaN,NaN,NaN,NaN,NaN,NaN,NaN
NaN,NaN,1.83660161166335,1.75785608160368,1.33201667944862,1.05474258573183,0.86646061030721,0.770292884582886,1.00214116984474,NaN,NaN,NaN,NaN,NaN,NaN,NaN,NaN,NaN
NaN,NaN,1.81615382849122,1.73902490678302,1.31582476104571,1.05318861813673,0.854700241363995,0.761751147831092,0.999274707971684,NaN,NaN,NaN,NaN,NaN,NaN,NaN,NaN,NaN
NaN,NaN,1.80183062746073,1.72036863434187,1.30385553370191,1.04790597022899,0.84861587373113,0.755582178855548,0.994856681315772,NaN,NaN,NaN,NaN,NaN,NaN,NaN,NaN,NaN
NaN,NaN,1.78435814051772,1.69824732038251,1.29326723421885,1.04424404711851,0.842745076991074,0.747313431376824,0.988334368555418,NaN,NaN,NaN,NaN,NaN,NaN,NaN,NaN,NaN
NaN,NaN,1.76707495420123,1.67674066069594,1.28551995287611,1.03769211830028,0.832905337340587,0.742714914405951,0.98516891488301,NaN,NaN,NaN,NaN,NaN,NaN,NaN,NaN,NaN
NaN,NaN,1.74529737277771,1.6546420710074,1.27239631394817,1.03375830487736,0.826773863411897,0.733995183283696,0.982311077056996,NaN,NaN,NaN,NaN,NaN,NaN,NaN,NaN,NaN
NaN,NaN,1.7232147087052,1.6313082495617,1.25662906001283,1.03266742811926,0.818536557383292,0.728570303792367,0.976228367178313,NaN,NaN,NaN,NaN,NaN,NaN,NaN,NaN,NaN
NaN,NaN,1.70327632172848,1.60837513896695,1.24617772082759,1.03109299005397,0.816259417809003,0.722008596087107,0.971129990755192,NaN,NaN,NaN,NaN,NaN,NaN,NaN,NaN,NaN
NaN,NaN,1.68286711393739,1.58683491441479,1.23705180267765,1.02664048583635,0.811245605475657,0.716897255653748,0.965563811002842,NaN,NaN,NaN,NaN,NaN,NaN,NaN,NaN,NaN
NaN,NaN,1.66245924725081,1.56772320660821,1.23267466108276,1.01798838735946,0.811313741035216,0.712735268200049,0.965727761028878,NaN,NaN,NaN,NaN,NaN,NaN,NaN,NaN,NaN
NaN,NaN,1.63877742781187,1.54717618170253,1.22024534176065,1.01341484846004,0.808337606615775,0.704628980631242,0.963519017784468,NaN,NaN,NaN,NaN,NaN,NaN,NaN,NaN,NaN
NaN,NaN,1.61685610606219,1.52659272345772,1.20950857083274,1.00780986980923,0.806399505711549,0.701541199261555,0.960163388042323,NaN,NaN,NaN,NaN,NaN,NaN,NaN,NaN,NaN
NaN,NaN,1.59687590270187,1.50754646900168,1.2038488117881,0.996113482726893,0.80733488885259,0.697988017374882,0.958172443895213,NaN,NaN,NaN,NaN,NaN,NaN,NaN,NaN,NaN
NaN,NaN,1.57664370207931,1.4879318842577,1.19896478856875,0.982263766093335,0.811429765201562,0.698232917959103,0.956613242267243,NaN,NaN,NaN,NaN,NaN,NaN,NaN,NaN,NaN
NaN,NaN,1.55426871447708,1.46901636886469,1.19352981354071,0.965623527629456,0.812130268789285,0.692017867142567,0.960533458380572,NaN,NaN,NaN,NaN,NaN,NaN,NaN,NaN,NaN
NaN,NaN,1.53125564052607,1.4495545396494,1.17743309493138,0.951773736490092,0.810032148040288,0.689224774861941,0.961192555366627,NaN,NaN,NaN,NaN,NaN,NaN,NaN,NaN,NaN
NaN,NaN,1.50617747052456,1.42910258415213,1.16833224798514,0.937428314102969,0.807155218101495,0.687127715820679,0.962346855192057,NaN,NaN,NaN,NaN,NaN,NaN,NaN,NaN,NaN
NaN,NaN,1.48676261721994,1.40642569902411,1.15830037648751,0.917221128804764,0.798524093008988,0.683024774218211,0.96028580108153,NaN,NaN,NaN,NaN,NaN,NaN,NaN,NaN,NaN
NaN,NaN,1.46484939797665,1.38508544805518,1.14849246944262,0.90200747163423,0.791905965782159,0.68300042944611,0.962169959782235,NaN,NaN,NaN,NaN,NaN,NaN,NaN,NaN,NaN
NaN,NaN,1.43942103206064,1.36685946526995,1.13496689031793,0.887228444082818,0.777481269217484,0.678888956928858,0.966555874435774,NaN,NaN,NaN,NaN,NaN,NaN,NaN,NaN,NaN
NaN,NaN,1.4135174867406,1.34571108537784,1.11814552823974,0.878953680260262,0.764649059749597,0.677146638656268,0.965555876134507,NaN,NaN,NaN,NaN,NaN,NaN,NaN,NaN,NaN
NaN,NaN,1.38502570285345,1.32439378219715,1.1052683731444,0.87165639535912,0.748314909763091,0.673126920039067,0.965434524803034,NaN,NaN,NaN,NaN,NaN,NaN,NaN,NaN,NaN
NaN,NaN,1.36343671425129,1.30537075492612,1.09132066274954,0.864874970032057,0.728894673413985,0.673136102879653,0.965084012238852,NaN,NaN,NaN,NaN,NaN,NaN,NaN,NaN,NaN
NaN,NaN,1.33809313594247,1.29205192941299,1.07371121550871,0.867541868103823,0.713550984985583,0.669996018434176,0.964838459728829,NaN,NaN,NaN,NaN,NaN,NaN,NaN,NaN,NaN
NaN,NaN,1.31682223125244,1.27742655145994,1.05779876838399,0.873201608522019,0.692527588582986,0.667305185372243,0.964463211237065,NaN,NaN,NaN,NaN,NaN,NaN,NaN,NaN,NaN
NaN,NaN,1.29483137695934,1.25914172771445,1.04155529196335,0.883850779248557,0.675795316822284,0.661841637367615,0.963782116411797,NaN,NaN,NaN,NaN,NaN,NaN,NaN,NaN,NaN
NaN,NaN,1.27336478276993,1.2429205657827,1.03053130115344,0.891954608125767,0.658535245932095,0.656975774938473,0.962581287710539,NaN,NaN,NaN,NaN,NaN,NaN,NaN,NaN,NaN
NaN,NaN,1.25291627316619,1.22976170423499,1.01816331873609,0.899172674728713,0.647505927957051,0.651311266148696,0.962782285748593,NaN,NaN,NaN,NaN,NaN,NaN,NaN,NaN,NaN
NaN,NaN,1.22906938611413,1.22062902468315,1.00445518176033,0.912843707813105,0.639310363806241,0.646252452308545,0.962116594998709,NaN,NaN,NaN,NaN,NaN,NaN,NaN,NaN,NaN
NaN,NaN,1.20909555300022,1.20750139969459,0.994501578611865,0.928413446856818,0.634357664860242,0.639475050295005,0.963490035025946,NaN,NaN,NaN,NaN,NaN,NaN,NaN,NaN,NaN
NaN,NaN,1.18725657879259,1.19551671239606,0.988155900491014,0.943405337495885,0.635255739218944,0.631911798293004,0.961065318076483,NaN,NaN,NaN,NaN,NaN,NaN,NaN,NaN,NaN
NaN,NaN,1.16703082292224,1.18290537538996,0.985281075341239,0.952588830007395,0.635129395998471,0.628518431360135,0.96142225676643,NaN,NaN,NaN,NaN,NaN,NaN,NaN,NaN,NaN
NaN,NaN,1.14602083756472,1.17494113314024,0.981770585281386,0.959525339169583,0.640429869420283,0.62327970462502,0.960513863353602,NaN,NaN,NaN,NaN,NaN,NaN,NaN,NaN,NaN
NaN,NaN,1.12613816230441,1.16923056113592,0.978788229627147,0.971622735126099,0.647994034118407,0.620484731072793,0.961064368127457,NaN,NaN,NaN,NaN,NaN,NaN,NaN,NaN,NaN
NaN,NaN,1.10766841514851,1.16075265723339,0.978267564428582,0.979316465420804,0.659163646526091,0.615593536669621,0.961679860590569,NaN,NaN,NaN,NaN,NaN,NaN,NaN,NaN,NaN
NaN,NaN,1.08853960825945,1.15308802145591,0.980904138637319,0.988046329332671,0.671248655892365,0.614841977978358,0.963453992842309,NaN,NaN,NaN,NaN,NaN,NaN,NaN,NaN,NaN
NaN,NaN,1.06933707787539,1.1472832927393,0.98417246620132,0.991119637949547,0.683085691309922,0.620373326266417,0.965264707444779,NaN,NaN,NaN,NaN,NaN,NaN,NaN,NaN,NaN
NaN,NaN,1.05248930348898,1.14668178874126,0.987757890475526,0.99528441937097,0.697391513861173,0.625214713538298,0.967873155711762,NaN,NaN,NaN,NaN,NaN,NaN,NaN,NaN,NaN
NaN,NaN,1.03407808064367,1.14388368594518,0.990566107434764,1.00168308974632,0.714404523498767,0.633719458157429,0.972953520356289,NaN,NaN,NaN,NaN,NaN,NaN,NaN,NaN,NaN
NaN,NaN,1.02184042750741,1.13912868815532,0.997250880105033,1.00472244234212,0.72955663887357,0.637559208000312,0.976252413927189,NaN,NaN,NaN,NaN,NaN,NaN,NaN,NaN,NaN
NaN,NaN,1.00850755764986,1.1361958229827,1.00727537552787,1.00777474032172,0.745304335034841,0.645470364863286,0.978467527418009,NaN,NaN,NaN,NaN,NaN,NaN,NaN,NaN,NaN
NaN,NaN,0.994024299521698,1.13588381129375,1.016757375551,1.0091244688762,0.758215632415765,0.656482900405535,0.985119331269137,NaN,NaN,NaN,NaN,NaN,NaN,NaN,NaN,NaN
NaN,NaN,0.980966914881719,1.13583255129925,1.02454237545802,1.01511780904063,0.771574616558307,0.667375816876301,0.99146053904163,NaN,NaN,NaN,NaN,NaN,NaN,NaN,NaN,NaN
NaN,NaN,0.967976659972919,1.13526466804615,1.03390119875742,1.02385046692022,0.787129063285344,0.677498604083666,0.999964575855605,NaN,NaN,NaN,NaN,NaN,NaN,NaN,NaN,NaN
NaN,NaN,0.959475733776344,1.13361198025814,1.050936485631,1.03120744959839,0.799558084584229,0.682563527399907,1.0050919909166,NaN,NaN,NaN,NaN,NaN,NaN,NaN,NaN,NaN
NaN,NaN,0.945555851300014,1.13042931574455,1.06531875113918,1.03712645159491,0.809247098989242,0.690621889109025,1.01325488427149,NaN,NaN,NaN,NaN,NaN,NaN,NaN,NaN,NaN
NaN,NaN,0.935685340751661,1.12770573738089,1.07579687516166,1.04531735913285,0.817198675251954,0.693042172963032,1.02250092440712,NaN,NaN,NaN,NaN,NaN,NaN,NaN,NaN,NaN
NaN,NaN,0.924066793610109,1.12395733165613,1.08486417586876,1.05781008289584,0.829057354606145,0.694516680116067,1.03246493974196,NaN,NaN,NaN,NaN,NaN,NaN,NaN,NaN,NaN
NaN,NaN,0.915189072926296,1.12157057541481,1.09771843905522,1.07103557126053,0.838380266107076,0.693072068417678,1.0411894764887,NaN,NaN,NaN,NaN,NaN,NaN,NaN,NaN,NaN
NaN,NaN,0.907361716468586,1.11660241651407,1.11313722933604,1.07971160472759,0.843068730212205,0.686986359680304,1.04764363506304,NaN,NaN,NaN,NaN,NaN,NaN,NaN,NaN,NaN
NaN,NaN,0.89796148656751,1.11255103292933,1.1218170998521,1.08672237755187,0.845653914041274,0.679462465370307,1.05997626447546,NaN,NaN,NaN,NaN,NaN,NaN,NaN,NaN,NaN
NaN,NaN,0.893318005342735,1.10727754923573,1.1320981932707,1.09496704102882,0.849760078019851,0.667415602976689,1.07421601900326,NaN,NaN,NaN,NaN,NaN,NaN,NaN,NaN,NaN
NaN,NaN,0.887148291309131,1.10257485452166,1.14615373219325,1.10456717000731,0.85936555278992,0.656792807305464,1.08606300094592,NaN,NaN,NaN,NaN,NaN,NaN,NaN,NaN,NaN
NaN,NaN,0.885537345398916,1.09736956226698,1.15982133801056,1.11583233611115,0.867807228244298,0.646258524531731,1.09771550410854,NaN,NaN,NaN,NaN,NaN,NaN,NaN,NaN,NaN
NaN,NaN,0.882932864566101,1.09298284667602,1.17349345142914,1.12287803353199,0.869547236836903,0.637994899327168,1.10521443897354,NaN,NaN,NaN,NaN,NaN,NaN,NaN,NaN,NaN
NaN,NaN,0.883095324476017,1.08984758648148,1.18333421553446,1.12857564152606,0.874631848312371,0.628070204431424,1.119815658419,NaN,NaN,NaN,NaN,NaN,NaN,NaN,NaN,NaN
NaN,NaN,0.882791899581207,1.08378624114266,1.1933512231238,1.13923010216483,0.880226712800019,0.621522056782851,1.12931762599813,NaN,NaN,NaN,NaN,NaN,NaN,NaN,NaN,NaN
NaN,NaN,0.88352660133387,1.0765941398131,1.20687398965432,1.1492762042714,0.892669964707845,0.619051854038844,1.13906572350728,NaN,NaN,NaN,NaN,NaN,NaN,NaN,NaN,NaN
NaN,NaN,0.8846784052148,1.06779189351073,1.21666125859095,1.15993105606564,0.898877602196687,0.61852845075191,1.14665741810071,NaN,NaN,NaN,NaN,NaN,NaN,NaN,NaN,NaN
NaN,NaN,0.888853040029062,1.05973809528223,1.22482607047035,1.16731391088494,0.90656632197594,0.621367885643849,1.15161326491701,NaN,NaN,NaN,NaN,NaN,NaN,NaN,NaN,NaN
NaN,NaN,0.893394019891275,1.05289823877683,1.22940048481299,1.17559821145066,0.913551427550071,0.626326694065938,1.16006159001457,NaN,NaN,NaN,NaN,NaN,NaN,NaN,NaN,NaN
NaN,NaN,0.894030541618122,1.04479612353316,1.23821712936236,1.18533550561794,0.922829970843547,0.639547302300343,1.16378386282789,NaN,NaN,NaN,NaN,NaN,NaN,NaN,NaN,NaN
NaN,NaN,0.8967294213071,1.0362841704773,1.24574942420198,1.19387271614202,0.941221244759314,0.653358071023831,1.1653454300152,NaN,NaN,NaN,NaN,NaN,NaN,NaN,NaN,NaN
NaN,NaN,0.89920415027882,1.02680027055612,1.24931208695246,1.20228550197013,0.95144139242863,0.671061786735663,1.16723715105521,NaN,NaN,NaN,NaN,NaN,NaN,NaN,NaN,NaN
NaN,NaN,0.903042335499777,1.0178830804216,1.25226439814044,1.20688740895518,0.961127035445922,0.690514731133589,1.17197719180452,NaN,NaN,NaN,NaN,NaN,NaN,NaN,NaN,NaN
NaN,NaN,0.905793387879385,1.00990498009196,1.25638771708085,1.21239217729696,0.968798898286574,0.711339755827794,1.17892314457761,NaN,NaN,NaN,NaN,NaN,NaN,NaN,NaN,NaN
NaN,NaN,0.899789765913738,1.00256492885819,1.26383229996039,1.22151654945143,0.982818190134519,0.733881338412175,1.18294733354317,NaN,NaN,NaN,NaN,NaN,NaN,NaN,NaN,NaN
NaN,NaN,0.894928485591663,0.995683274595649,1.26658238376452,1.2311843855811,0.99874788535332,0.754359613085398,1.18495863640176,NaN,NaN,NaN,NaN,NaN,NaN,NaN,NaN,NaN
NaN,NaN,0.887481872428907,0.992254908560426,1.2693024976082,1.24356134594806,1.01476551604962,0.770322705531726,1.18726155498492,NaN,NaN,NaN,NaN,NaN,NaN,NaN,NaN,NaN
NaN,NaN,0.872137383063091,0.988655477194698,1.27181591371967,1.25246749059685,1.03040694830512,0.787021188909421,1.19200940021741,NaN,NaN,NaN,NaN,NaN,NaN,NaN,NaN,NaN
NaN,NaN,0.84479598744656,0.98657520058623,1.27474378700329,1.26484564305671,1.04793451366519,0.799914269620785,1.19981824198233,NaN,NaN,NaN,NaN,NaN,NaN,NaN,NaN,NaN
NaN,NaN,0.811005033989204,0.986962276874692,1.27725746388508,1.28264267729052,1.06747917471027,0.81164468723,1.2062053080784,NaN,NaN,NaN,NaN,NaN,NaN,NaN,NaN,NaN
NaN,NaN,0.781855307955993,0.989440023331554,1.27903193141295,1.30227270336278,1.08640510228967,0.820026683533797,1.20778429099785,NaN,NaN,NaN,NaN,NaN,NaN,NaN,NaN,NaN
NaN,NaN,0.75085640369798,0.995264160810621,1.28169843832923,1.32537179426678,1.10484625784253,0.828173595393309,1.21318674424159,NaN,NaN,NaN,NaN,NaN,NaN,NaN,NaN,NaN
NaN,NaN,0.712227173586143,1.00187848824135,1.28374844695403,1.34193626032599,1.11616924045181,0.831369838590035,1.22139165887105,NaN,NaN,NaN,NaN,NaN,NaN,NaN,NaN,NaN
NaN,NaN,0.666344896395458,1.00959391835204,1.28545777778102,1.36287894831427,1.12919509050941,0.833163826639065,1.23069579490887,NaN,NaN,NaN,NaN,NaN,NaN,NaN,NaN,NaN
NaN,NaN,0.622121863503708,1.01606212127081,1.28730606193615,1.39031796516307,1.13928587747311,0.838244638318429,1.23643046954142,NaN,NaN,NaN,NaN,NaN,NaN,NaN,NaN,NaN
NaN,NaN,0.57996532364632,1.02442325594893,1.28764878864361,1.41821582601794,1.15113835421895,0.842445759946713,1.23862656542527,NaN,NaN,NaN,NaN,NaN,NaN,NaN,NaN,NaN
NaN,NaN,0.531052764941705,1.02663348930946,1.28507451991512,1.44612903506883,1.15845724580383,0.85263409363688,1.24408055806028,NaN,NaN,NaN,NaN,NaN,NaN,NaN,NaN,NaN
NaN,NaN,0.476778768439544,1.0292083540844,1.28227572794034,1.4675902275873,1.15958634404039,0.858974779868731,1.24945088067519,NaN,NaN,NaN,NaN,NaN,NaN,NaN,NaN,NaN
NaN,NaN,0.417560082365526,1.02840419429413,1.27770779560281,1.490920789404,1.1668645182023,0.870344105089316,1.25331547820436,NaN,NaN,NaN,NaN,NaN,NaN,NaN,NaN,NaN
NaN,NaN,0.362288639385952,1.03122621345392,1.27461321557833,1.51576387496122,1.1691099741826,0.883498459035763,1.25508344510066,NaN,NaN,NaN,NaN,NaN,NaN,NaN,NaN,NaN
NaN,NaN,0.301774260093225,1.02923528793326,1.267668697042,1.53397318707236,1.17487538246011,0.900083358312258,1.25704086163508,NaN,NaN,NaN,NaN,NaN,NaN,NaN,NaN,NaN
NaN,NaN,0.241148401488317,1.014851327418,1.26147434021307,1.54412236796149,1.174847778059,0.913844096387038,1.2578049559282,NaN,NaN,NaN,NaN,NaN,NaN,NaN,NaN,NaN
NaN,NaN,0.178153276880039,0.999557502000243,1.25219581554605,1.54914472983607,1.17663060886359,0.927184472704539,1.26136484333741,NaN,NaN,NaN,NaN,NaN,NaN,NaN,NaN,NaN
NaN,NaN,0.117506389011396,0.981840691893012,1.24307691956831,1.55434612916239,1.18225277972912,0.943169115955243,1.26324494147169,NaN,NaN,NaN,NaN,NaN,NaN,NaN,NaN,NaN
NaN,NaN,0.0660699088766705,0.964039690225036,1.23404044563843,1.55890621976384,1.18814866629934,0.962631895119557,1.26374608614909,NaN,NaN,NaN,NaN,NaN,NaN,NaN,NaN,NaN
NaN,NaN,0.015072919864906,0.937815043507726,1.22446818183137,1.55915631712802,1.20284122986292,0.981703071767697,1.26516555213796,NaN,NaN,NaN,NaN,NaN,NaN,NaN,NaN,NaN
NaN,NaN,-0.0350909824774135,0.90609665530792,1.21356680895163,1.55180676640399,1.20856865880584,0.996342587197432,1.26869573035704,NaN,NaN,NaN,NaN,NaN,NaN,NaN,NaN,NaN
NaN,NaN,-0.0857790145382751,0.871707960395725,1.20142601336314,1.54529566676744,1.2190608457992,1.00802399861277,1.27244681829082,NaN,NaN,NaN,NaN,NaN,NaN,NaN,NaN,NaN
NaN,NaN,-0.130417789827334,0.832184474347741,1.19253812263681,1.53932972611316,1.22917560500597,1.02220347794355,1.27654920109975,NaN,NaN,NaN,NaN,NaN,NaN,NaN,NaN,NaN
NaN,NaN,-0.170143447379814,0.787324081538827,1.18391809890939,1.53149937079676,1.24515656021928,1.04034290360869,1.27980340981352,NaN,NaN,NaN,NaN,NaN,NaN,NaN,NaN,NaN
NaN,NaN,-0.212424840341555,0.737023181645782,1.17537662292792,1.51807647929915,1.25966285926794,1.05163820731104,1.28328322210776,NaN,NaN,NaN,NaN,NaN,NaN,NaN,NaN,NaN
NaN,NaN,-0.252870894531952,0.684176362483413,1.16451207454278,1.50135005624422,1.26872120065188,1.06122779371799,1.29014876448976,NaN,NaN,NaN,NaN,NaN,NaN,NaN,NaN,NaN
NaN,NaN,-0.287534143339144,0.633507869570167,1.15370331237985,1.48732009143957,1.27964153525924,1.06624667244614,1.29780945145952,NaN,NaN,NaN,NaN,NaN,NaN,NaN,NaN,NaN
NaN,NaN,-0.31623921872233,0.583734526662738,1.15025825704409,1.47524422766098,1.29268044245934,1.07480221139849,1.30876836144792,NaN,NaN,NaN,NaN,NaN,NaN,NaN,NaN,NaN
NaN,NaN,-0.341408639709698,0.536209340571077,1.14879349152519,1.46416540057786,1.30653893215155,1.08199751647771,1.31433865764605,NaN,NaN,NaN,NaN,NaN,NaN,NaN,NaN,NaN
NaN,NaN,-0.372696347098099,0.478724833010347,1.14416679273321,1.44752829135784,1.31877161202525,1.08350935103954,1.31828018241989,NaN,NaN,NaN,NaN,NaN,NaN,NaN,NaN,NaN
NaN,NaN,-0.402197982679354,0.417453009067685,1.13896613846494,1.42643975825437,1.32681628329253,1.08408408882678,1.3250360522555,NaN,NaN,NaN,NaN,NaN,NaN,NaN,NaN,NaN
NaN,NaN,-0.427134014229523,0.350183262853534,1.131677607996,1.40848886953124,1.32925076050257,1.07856974648894,1.33157255837189,NaN,NaN,NaN,NaN,NaN,NaN,NaN,NaN,NaN
NaN,NaN,-0.446347161690937,0.282617393313558,1.12774724046661,1.39482344300874,1.33683265758251,1.08135708319605,1.33835517579185,NaN,NaN,NaN,NaN,NaN,NaN,NaN,NaN,NaN
NaN,NaN,-0.467456910322653,0.218772343723685,1.12100344057156,1.38049307079442,1.34306972486471,1.0749571089691,1.3396719355272,NaN,NaN,NaN,NaN,NaN,NaN,NaN,NaN,NaN
NaN,NaN,-0.497447900037514,0.156720313607366,1.11249782050921,1.36209388063677,1.34842346993779,1.06763756545843,1.34155253657567,NaN,NaN,NaN,NaN,NaN,NaN,NaN,NaN,NaN
NaN,NaN,-0.520942989300238,0.09715379717818,1.1008073752649,1.34684641645678,1.34759895143604,1.05855983393849,1.34197319635617,NaN,NaN,NaN,NaN,NaN,NaN,NaN,NaN,NaN
NaN,NaN,-0.543099078844534,0.0355273628520081,1.08786420802547,1.33555610464343,1.34997328383421,1.05220391126932,1.34685554319488,NaN,NaN,NaN,NaN,NaN,NaN,NaN,NaN,NaN
NaN,NaN,-0.561170368950116,-0.022334740133374,1.07492653558923,1.32302398593553,1.35434586194848,1.04779054122628,1.34776546397673,NaN,NaN,NaN,NaN,NaN,NaN,NaN,NaN,NaN
NaN,NaN,-0.587956528674113,-0.076118432552903,1.04896834026052,1.31086905287035,1.35615748924708,1.03995633023442,1.3439432416247,NaN,NaN,NaN,NaN,NaN,NaN,NaN,NaN,NaN
NaN,NaN,-0.616516708891141,-0.12909878474602,1.02174626569225,1.29524369524249,1.35690174636936,1.03258308666409,1.3408958237754,NaN,NaN,NaN,NaN,NaN,NaN,NaN,NaN,NaN
NaN,NaN,-0.637748106877553,-0.182581529588788,0.987467783493533,1.28192879991063,1.3555929401288,1.02615167098702,1.33892099150883,NaN,NaN,NaN,NaN,NaN,NaN,NaN,NaN,NaN
NaN,NaN,-0.661741695861565,-0.232219067038386,0.952060054046645,1.27069025100597,1.35656255868768,1.02660392122925,1.33950541505086,NaN,NaN,NaN,NaN,NaN,NaN,NaN,NaN,NaN
NaN,NaN,-0.680728513310896,-0.276484791756957,0.911082456810012,1.25934661166199,1.36228954059576,1.02964323657216,1.33694435247647,NaN,NaN,NaN,NaN,NaN,NaN,NaN,NaN,NaN
NaN,NaN,-0.705556101660477,-0.314783551366418,0.861781648350492,1.24768030629881,1.3668252491722,1.03663780438364,1.33273436465727,NaN,NaN,NaN,NaN,NaN,NaN,NaN,NaN,NaN
NaN,NaN,-0.721753812889801,-0.35247248095402,0.811313315284982,1.23455713303216,1.36745117244815,1.04126472669304,1.33133894541728,NaN,NaN,NaN,NaN,NaN,NaN,NaN,NaN,NaN
NaN,NaN,-0.736033223132836,-0.393857569069951,0.753446928215756,1.2236023953689,1.36715229240751,1.05107803540886,1.33320477568971,NaN,NaN,NaN,NaN,NaN,NaN,NaN,NaN,NaN
NaN,NaN,-0.74818851010059,-0.429826122344821,0.687699689520135,1.21229548738726,1.36774368224239,1.05989205362857,1.33261699938642,NaN,NaN,NaN,NaN,NaN,NaN,NaN,NaN,NaN
NaN,NaN,-0.760966833244311,-0.463050366015523,0.612154676569238,1.19716378660329,1.37029662368392,1.07328946414054,1.32763565295803,NaN,NaN,NaN,NaN,NaN,NaN,NaN,NaN,NaN
NaN,NaN,-0.779509670595871,-0.492616635383456,0.535747463805213,1.18374771238693,1.36925045040941,1.08415004509152,1.32086350360381,NaN,NaN,NaN,NaN,NaN,NaN,NaN,NaN,NaN
NaN,NaN,-0.78681690202211,-0.529634807826369,0.455197094929948,1.1654080709947,1.36780878169035,1.09509783508838,1.31824417748915,NaN,NaN,NaN,NaN,NaN,NaN,NaN,NaN,NaN
NaN,NaN,-0.793018914322602,-0.567841683150618,0.373411196274295,1.15083210901745,1.3618812674055,1.10637693377794,1.31406484880911,NaN,NaN,NaN,NaN,NaN,NaN,NaN,NaN,NaN
NaN,NaN,-0.799083351652371,-0.600727409691899,0.286585780782237,1.13569753975996,1.35795145866966,1.11500595408143,1.30876925551759,NaN,NaN,NaN,NaN,NaN,NaN,NaN,NaN,NaN
NaN,NaN,-0.806375532905804,-0.62999584210047,0.201789922071233,1.12152839810976,1.35174028215503,1.12232143702568,1.29669342899191,NaN,NaN,NaN,NaN,NaN,NaN,NaN,NaN,NaN
NaN,NaN,-0.813298891793238,-0.660937991560786,0.119406058443322,1.10342158736118,1.34043864545917,1.12503538551391,1.28710430824625,NaN,NaN,NaN,NaN,NaN,NaN,NaN,NaN,NaN
NaN,NaN,-0.812821011553751,-0.698334839762538,0.0384904248542928,1.08521177233585,1.32497949165797,1.12786429646076,1.2815131690489,NaN,NaN,NaN,NaN,NaN,NaN,NaN,NaN,NaN
NaN,NaN,-0.817311960767256,-0.736921173156588,-0.0409069480471468,1.06954338760503,1.30235351262187,1.12474499913515,1.27232367882001,NaN,NaN,NaN,NaN,NaN,NaN,NaN,NaN,NaN
NaN,NaN,-0.819742749939905,-0.772525523425429,-0.126540550040469,1.05557472245224,1.28180266929364,1.12019245224656,1.26219364592301,NaN,NaN,NaN,NaN,NaN,NaN,NaN,NaN,NaN
NaN,NaN,-0.820200960646616,-0.803091213674634,-0.200019889520869,1.04584297896751,1.25838344556784,1.11226697164238,1.24801358917224,NaN,NaN,NaN,NaN,NaN,NaN,NaN,NaN,NaN
NaN,NaN,-0.81846730367397,-0.836042989612906,-0.27090568189548,1.03308054418691,1.23288886261677,1.10501764985383,1.23720449173319,NaN,NaN,NaN,NaN,NaN,NaN,NaN,NaN,NaN
NaN,NaN,-0.812527812580811,-0.872983005465358,-0.338952095257506,1.02188517139681,1.20779832465147,1.09694353016675,1.22800425404178,NaN,NaN,NaN,NaN,NaN,NaN,NaN,NaN,NaN
NaN,NaN,-0.81218480647658,-0.909442514748662,-0.407482721852527,1.01038706289061,1.17925701302981,1.08873978900374,1.21631270983683,NaN,NaN,NaN,NaN,NaN,NaN,NaN,NaN,NaN
NaN,NaN,-0.809047590504633,-0.939215686739772,-0.474862624900804,0.998102247579179,1.15233556938862,1.07614251496852,1.2000561762737,NaN,NaN,NaN,NaN,NaN,NaN,NaN,NaN,NaN
NaN,NaN,-0.805916092853295,-0.969056454123347,-0.531255231248603,0.983490094406686,1.12001239893531,1.0639370669669,1.18253885546195,NaN,NaN,NaN,NaN,NaN,NaN,NaN,NaN,NaN
NaN,NaN,-0.801967881183373,-1.0018862826837,-0.587529690014586,0.961473591489873,1.08567189065313,1.05303647639812,1.16960453578698,NaN,NaN,NaN,NaN,NaN,NaN,NaN,NaN,NaN
NaN,NaN,-0.801092791865813,-1.03622276765236,-0.640618597167001,0.937034550918421,1.05818217260336,1.04351418736042,1.15760025346147,NaN,NaN,NaN,NaN,NaN,NaN,NaN,NaN,NaN
NaN,NaN,-0.804647203098284,-1.06502669361362,-0.695288256751761,0.909936342252574,1.02938262385821,1.03815606507123,1.14767838978635,NaN,NaN,NaN,NaN,NaN,NaN,NaN,NaN,NaN
NaN,NaN,-0.803977284143912,-1.08620185834297,-0.740867425697312,0.874966557933173,1.00309662160968,1.02881320464076,1.13747228646146,NaN,NaN,NaN,NaN,NaN,NaN,NaN,NaN,NaN
NaN,NaN,-0.799212917248951,-1.10598233026394,-0.778979697274432,0.830831870300851,0.971912160641902,1.02805594625534,1.13139210978018,NaN,NaN,NaN,NaN,NaN,NaN,NaN,NaN,NaN
NaN,NaN,-0.797977499227272,-1.12545244825014,-0.818849430429206,0.778063002837977,0.944147609300368,1.02496712180437,1.12573162430393,NaN,NaN,NaN,NaN,NaN,NaN,NaN,NaN,NaN
NaN,NaN,-0.802344861935126,-1.14430869427451,-0.863532126890883,0.719554636491618,0.920768823600762,1.02145312997163,1.12114944273101,NaN,NaN,NaN,NaN,NaN,NaN,NaN,NaN,NaN
NaN,NaN,-0.809812541614519,-1.15885578525194,-0.905151032852397,0.655473980916819,0.894967239476197,1.01758048581542,1.11063129046427,NaN,NaN,NaN,NaN,NaN,NaN,NaN,NaN,NaN
NaN,NaN,-0.814495212893235,-1.1669177046133,-0.93922142033504,0.589885867996297,0.872462667650931,1.01743044974864,1.10560173877942,NaN,NaN,NaN,NaN,NaN,NaN,NaN,NaN,NaN
NaN,NaN,-0.817001699964749,-1.17248526272306,-0.968594067739711,0.515476733310303,0.844367496795409,1.01886010440649,1.10281799697744,NaN,NaN,NaN,NaN,NaN,NaN,NaN,NaN,NaN
NaN,NaN,-0.826618760387646,-1.17780261170992,-1.00531706680583,0.435693923248133,0.825710330284589,1.01421345668496,1.10242050850259,NaN,NaN,NaN,NaN,NaN,NaN,NaN,NaN,NaN
NaN,NaN,-0.83934045911883,-1.1834603218449,-1.04298908357547,0.353618159754357,0.805501133329623,1.00509165498079,1.1023856397854,NaN,NaN,NaN,NaN,NaN,NaN,NaN,NaN,NaN
NaN,NaN,-0.855385284434306,-1.18057994601259,-1.07800116856621,0.270304314656338,0.782464683181994,0.997958543623099,1.09965066203343,NaN,NaN,NaN,NaN,NaN,NaN,NaN,NaN,NaN
NaN,NaN,-0.866747084568487,-1.17683427837619,-1.10411828477906,0.18403219790586,0.757657695687764,0.993597160006175,1.09773519226777,NaN,NaN,NaN,NaN,NaN,NaN,NaN,NaN,NaN
NaN,NaN,-0.884308438311564,-1.17203180176148,-1.13064501528667,0.0918623133135649,0.729830764360183,0.983835614199052,1.10148914867508,NaN,NaN,NaN,NaN,NaN,NaN,NaN,NaN,NaN
NaN,NaN,-0.908117010752903,-1.16918223407993,-1.16542385985182,-0.000262402133860936,0.71075792995786,0.968915230507264,1.10361740702259,NaN,NaN,NaN,NaN,NaN,NaN,NaN,NaN,NaN
NaN,NaN,-0.935880630771862,-1.16556082350144,-1.19977898989843,-0.091507427530208,0.686733234799855,0.946009240025887,1.10423403569924,NaN,NaN,NaN,NaN,NaN,NaN,NaN,NaN,NaN
NaN,NaN,-0.962134781788336,-1.15872143265733,-1.22676303704308,-0.179458066956916,0.665714699901097,0.930343612009892,1.10369729587304,NaN,NaN,NaN,NaN,NaN,NaN,NaN,NaN,NaN
NaN,NaN,-0.989076565514551,-1.15111666229495,-1.24687671755479,-0.267327383296409,0.639947686470502,0.913781120354542,1.10461217129099,NaN,NaN,NaN,NaN,NaN,NaN,NaN,NaN,NaN
NaN,NaN,-1.02101936520194,-1.13808470276126,-1.2708365554087,-0.351211384074607,0.618898678697102,0.895050826395163,1.10768853464591,NaN,NaN,NaN,NaN,NaN,NaN,NaN,NaN,NaN
NaN,NaN,-1.05632295415853,-1.12716630530485,-1.29917683173941,-0.436008509384313,0.604036409533971,0.873165118420729,1.10234926232564,NaN,NaN,NaN,NaN,NaN,NaN,NaN,NaN,NaN
NaN,NaN,-1.09349906028365,-1.11550650057325,-1.32254153584169,-0.514103613929668,0.58865204093551,0.851729220623383,1.09282803499567,NaN,NaN,NaN,NaN,NaN,NaN,NaN,NaN,NaN
NaN,NaN,-1.12974740148638,-1.10771576371917,-1.33864373062776,-0.586767915772119,0.5721037798891,0.841789885336766,1.07941600271927,NaN,NaN,NaN,NaN,NaN,NaN,NaN,NaN,NaN
NaN,NaN,-1.16865915761446,-1.09937094581255,-1.35488960986064,-0.659125831113973,0.557998433835261,0.830671439791331,1.07128227838742,NaN,NaN,NaN,NaN,NaN,NaN,NaN,NaN,NaN
NaN,NaN,-1.20961380706285,-1.08868759554753,-1.37461271231102,-0.724621500955739,0.553923227019065,0.821022528136382,1.06241470911967,NaN,NaN,NaN,NaN,NaN,NaN,NaN,NaN,NaN
NaN,NaN,-1.25344777063583,-1.08344017025956,-1.39358796273397,-0.786005884544769,0.550441701091283,0.814415390515933,1.05273349919783,NaN,NaN,NaN,NaN,NaN,NaN,NaN,NaN,NaN
NaN,NaN,-1.29149751321529,-1.07811702844629,-1.40410406609105,-0.836632840471187,0.550921891010755,0.816860037768492,1.04245108330118,NaN,NaN,NaN,NaN,NaN,NaN,NaN,NaN,NaN
NaN,NaN,-1.32974795580958,-1.07631599959859,-1.40604164545463,-0.885926142470756,0.550262514627927,0.825613631779561,1.02577878871428,NaN,NaN,NaN,NaN,NaN,NaN,NaN,NaN,NaN
NaN,NaN,-1.36532915339922,-1.0703617749823,-1.41211884190367,-0.933957688646236,0.555402372158521,0.833319171244511,1.01688113772737,NaN,NaN,NaN,NaN,NaN,NaN,NaN,NaN,NaN
NaN,NaN,-1.4003617647395,-1.0674716388894,-1.4179649958484,-0.97337621464006,0.563604362435096,0.841263278300175,1.00710657203066,NaN,NaN,NaN,NaN,NaN,NaN,NaN,NaN,NaN
NaN,NaN,-1.43799591393326,-1.07085751798877,-1.42135284935163,-1.00935227437488,0.573864370710605,0.853745068336138,0.995289597301356,NaN,NaN,NaN,NaN,NaN,NaN,NaN,NaN,NaN
NaN,NaN,-1.46841750995372,-1.078509767176,-1.41641114001201,-1.03913198425046,0.584339067466014,0.873286059970269,0.982809539525382,NaN,NaN,NaN,NaN,NaN,NaN,NaN,NaN,NaN
NaN,NaN,-1.50068666369771,-1.08954223302135,-1.40977306385563,-1.07093573747746,0.58886173752641,0.892336728895316,0.972934335111252,NaN,NaN,NaN,NaN,NaN,NaN,NaN,NaN,NaN
NaN,NaN,-1.52962607846712,-1.09272132125625,-1.40549345036076,-1.0970871449875,0.598552335179799,0.912864214653382,0.967752866088025,NaN,NaN,NaN,NaN,NaN,NaN,NaN,NaN,NaN
NaN,NaN,-1.55781661675428,-1.09979831111559,-1.40058789496349,-1.12162052853576,0.606157291806691,0.927936850959668,0.960770647613875,NaN,NaN,NaN,NaN,NaN,NaN,NaN,NaN,NaN
NaN,NaN,-1.58546084121917,-1.11312095505127,-1.39066765178965,-1.14311847104303,0.609050855166667,0.947715553367743,0.954655807106368,NaN,NaN,NaN,NaN,NaN,NaN,NaN,NaN,NaN
NaN,NaN,-1.60597053871606,-1.13171957862505,-1.37345906441139,-1.16483598216049,0.605558302379601,0.963829426938901,0.943237233548037,NaN,NaN,NaN,NaN,NaN,NaN,NaN,NaN,NaN
NaN,NaN,-1.63049520508503,-1.14733700138459,-1.361341458755,-1.1895416045057,0.594090722627395,0.975855539465556,0.938871658979527,NaN,NaN,NaN,NaN,NaN,NaN,NaN,NaN,NaN
NaN,NaN,-1.64928014905308,-1.1603998249484,-1.34738553409503,-1.21427604197136,0.583130993075126,0.980865570629248,0.935482855527274,NaN,NaN,NaN,NaN,NaN,NaN,NaN,NaN,NaN
NaN,NaN,-1.66784876541351,-1.17935019043216,-1.33374460135625,-1.23667280389539,0.562927775211089,0.985610752279172,0.931608311473004,NaN,NaN,NaN,NaN,NaN,NaN,NaN,NaN,NaN
NaN,NaN,-1.68637554676388,-1.20246872735152,-1.31470361818598,-1.25947960852257,0.534988135225528,0.989864270115504,0.923316392688624,NaN,NaN,NaN,NaN,NaN,NaN,NaN,NaN,NaN
NaN,NaN,-1.70108943761443,-1.22746579778322,-1.2956631379299,-1.28631073250047,0.497883387036078,0.991067259485135,0.920091930417887,NaN,NaN,NaN,NaN,NaN,NaN,NaN,NaN,NaN
NaN,NaN,-1.72089065940236,-1.24858644288906,-1.28020370473193,-1.31408502547614,0.451945975548976,0.987665063614258,0.918523881225459,NaN,NaN,NaN,NaN,NaN,NaN,NaN,NaN,NaN
NaN,NaN,-1.73465927646612,-1.26730194744596,-1.26257630159186,-1.3372754791247,0.402870323635095,0.979103005403886,0.918706513582341,NaN,NaN,NaN,NaN,NaN,NaN,NaN,NaN,NaN
NaN,NaN,-1.75235943452572,-1.28993576821813,-1.24228647072838,-1.35715945823661,0.347134001679175,0.967145140195498,0.915539774684779,NaN,NaN,NaN,NaN,NaN,NaN,NaN,NaN,NaN
NaN,NaN,-1.77145497457241,-1.31970005539188,-1.22156962846445,-1.37966462610833,0.285789422816985,0.952511231327662,0.905998598425261,NaN,NaN,NaN,NaN,NaN,NaN,NaN,NaN,NaN
NaN,NaN,-1.78789121613954,-1.34581402373442,-1.20555134584235,-1.40577095760576,0.215786729134076,0.932402319187531,0.906346168010108,NaN,NaN,NaN,NaN,NaN,NaN,NaN,NaN,NaN
NaN,NaN,-1.80850669325446,-1.36894943621883,-1.19195213635491,-1.43038601814381,0.137489173687451,0.908627311611781,0.903615977256171,NaN,NaN,NaN,NaN,NaN,NaN,NaN,NaN,NaN
NaN,NaN,-1.82358009324525,-1.39116863218078,-1.17901751865672,-1.45042418702117,0.0610980169246128,0.880895952606806,0.901528603969685,NaN,NaN,NaN,NaN,NaN,NaN,NaN,NaN,NaN
NaN,NaN,-1.84250901968335,-1.41492205169925,-1.1637510927491,-1.46584683297745,-0.0176805480053493,0.853815792972455,0.895491808293931,NaN,NaN,NaN,NaN,NaN,NaN,NaN,NaN,NaN
NaN,NaN,-1.86160647825454,-1.44358931538591,-1.15076411609577,-1.48365191383831,-0.0937550178399154,0.829236942256102,0.889907225607506,NaN,NaN,NaN,NaN,NaN,NaN,NaN,NaN,NaN
NaN,NaN,-1.87639191330527,-1.4636990470899,-1.14127708693074,-1.50247148437969,-0.169785771392829,0.804177529091248,0.890954441963307,NaN,NaN,NaN,NaN,NaN,NaN,NaN,NaN,NaN
NaN,NaN,-1.89022058204864,-1.48386162203678,-1.13352855761574,-1.51813204600088,-0.245371240996368,0.777926805341849,0.88926884123551,NaN,NaN,NaN,NaN,NaN,NaN,NaN,NaN,NaN
NaN,NaN,-1.89673635692452,-1.50096496996412,-1.12692410220431,-1.52977113811842,-0.318062197290904,0.749972580844769,0.887020684419743,NaN,NaN,NaN,NaN,NaN,NaN,NaN,NaN,NaN
NaN,NaN,-1.90680788413738,-1.52423346844444,-1.12114694063591,-1.53786317645184,-0.391252212100274,0.726819529110799,0.881024662046305,NaN,NaN,NaN,NaN,NaN,NaN,NaN,NaN,NaN
NaN,NaN,-1.91621319905971,-1.54412977826723,-1.12322166656183,-1.5495791771876,-0.456816334151275,0.703722077334532,0.878326173512808,NaN,NaN,NaN,NaN,NaN,NaN,NaN,NaN,NaN
NaN,NaN,-1.92228471444105,-1.56111894604692,-1.12592971046494,-1.55976410223714,-0.521766435228831,0.685871045017848,0.877393006919495,NaN,NaN,NaN,NaN,NaN,NaN,NaN,NaN,NaN
NaN,NaN,-1.92501302392338,-1.57549158167967,-1.13280732278751,-1.56498830034009,-0.582534655802495,0.668204768473515,0.873427360890977,NaN,NaN,NaN,NaN,NaN,NaN,NaN,NaN,NaN
NaN,NaN,-1.92199579955195,-1.58816557806858,-1.13678973262237,-1.5606984795498,-0.637731499843843,0.653790335083613,0.872160222022406,NaN,NaN,NaN,NaN,NaN,NaN,NaN,NaN,NaN
NaN,NaN,-1.92300127402996,-1.60736833197006,-1.14644823689984,-1.55801247073881,-0.687548708044536,0.637092671269784,0.868426177291743,NaN,NaN,NaN,NaN,NaN,NaN,NaN,NaN,NaN
NaN,NaN,-1.92057320431923,-1.62227534186968,-1.16179786716627,-1.55843830867282,-0.73555896418596,0.621257747436175,0.870759140341155,NaN,NaN,NaN,NaN,NaN,NaN,NaN,NaN,NaN
NaN,NaN,-1.91685530872201,-1.63913894873986,-1.17774965335654,-1.56106448932163,-0.782969746612556,0.610361738974461,0.870252184210888,NaN,NaN,NaN,NaN,NaN,NaN,NaN,NaN,NaN
NaN,NaN,-1.91119037152384,-1.65133052003512,-1.19481928740667,-1.55333773432843,-0.827338829510457,0.595373797143111,0.86809762531387,NaN,NaN,NaN,NaN,NaN,NaN,NaN,NaN,NaN
NaN,NaN,-1.90441004515742,-1.6687346665276,-1.21149303485678,-1.54356441660396,-0.869478642814405,0.583767077798257,0.864757772176138,NaN,NaN,NaN,NaN,NaN,NaN,NaN,NaN,NaN
NaN,NaN,-1.89635805369471,-1.6881604721857,-1.23336253781842,-1.53663496686689,-0.90456156420017,0.567731211805949,0.863702360181681,NaN,NaN,NaN,NaN,NaN,NaN,NaN,NaN,NaN
NaN,NaN,-1.88591748059844,-1.70569513422379,-1.25511230994986,-1.53147495551578,-0.94040455656553,0.557389545167098,0.867050185440651,NaN,NaN,NaN,NaN,NaN,NaN,NaN,NaN,NaN
NaN,NaN,-1.87437172562932,-1.72262516301998,-1.2736922884457,-1.52230522795192,-0.975572079293973,0.548585249955067,0.864302429942957,NaN,NaN,NaN,NaN,NaN,NaN,NaN,NaN,NaN
NaN,NaN,-1.86449572027777,-1.73477473166713,-1.29600141291545,-1.50503839565984,-1.00782802688385,0.539655617350945,0.85950889402496,NaN,NaN,NaN,NaN,NaN,NaN,NaN,NaN,NaN
NaN,NaN,-1.85290405110572,-1.7552672742022,-1.31806200464295,-1.49086921675674,-1.03696564572359,0.532444405282149,0.856231625764243,NaN,NaN,NaN,NaN,NaN,NaN,NaN,NaN,NaN
NaN,NaN,-1.83905178264831,-1.77181125116476,-1.34012498055624,-1.47676185904614,-1.06471125396395,0.521037491882453,0.850296977548472,NaN,NaN,NaN,NaN,NaN,NaN,NaN,NaN,NaN
NaN,NaN,-1.82617198259686,-1.79094363433251,-1.3606281215422,-1.46606666235796,-1.09482325973416,0.518259952688823,0.845993503569237,NaN,NaN,NaN,NaN,NaN,NaN,NaN,NaN,NaN
NaN,NaN,-1.81313717321609,-1.80485647601017,-1.38238860388325,-1.45244243754617,-1.12392126011158,0.512136544013629,0.835558835058085,NaN,NaN,NaN,NaN,NaN,NaN,NaN,NaN,NaN
NaN,NaN,-1.8025859031186,-1.81843607184419,-1.40383230616377,-1.43301963074676,-1.15209421502853,0.510854150081286,0.829571622996203,NaN,NaN,NaN,NaN,NaN,NaN,NaN,NaN,NaN
NaN,NaN,-1.78674524233793,-1.83280101475248,-1.41861802061127,-1.41218441738359,-1.17389724018479,0.50600471618236,0.822015113769642,NaN,NaN,NaN,NaN,NaN,NaN,NaN,NaN,NaN
NaN,NaN,-1.76890650347923,-1.84243901130685,-1.43660105858968,-1.39552605538241,-1.19661411630417,0.50467167692841,0.814941588430277,NaN,NaN,NaN,NaN,NaN,NaN,NaN,NaN,NaN
NaN,NaN,-1.75038862557267,-1.852022953899,-1.45253649075554,-1.38506020619146,-1.21545846002603,0.508706222200999,0.799527659653298,NaN,NaN,NaN,NaN,NaN,NaN,NaN,NaN,NaN
NaN,NaN,-1.73337995589827,-1.85524344873556,-1.47000048403667,-1.36958199753038,-1.23552969085479,0.507466073060641,0.780955671905152,NaN,NaN,NaN,NaN,NaN,NaN,NaN,NaN,NaN
NaN,NaN,-1.71580288143014,-1.86286991891393,-1.48914959375785,-1.35186323164574,-1.25655759485865,0.509135766798863,0.762780334441535,NaN,NaN,NaN,NaN,NaN,NaN,NaN,NaN,NaN
NaN,NaN,-1.69495151893352,-1.86832586732635,-1.50442296733187,-1.3369028942155,-1.27419390144253,0.503527919674525,0.749804943441025,NaN,NaN,NaN,NaN,NaN,NaN,NaN,NaN,NaN
NaN,NaN,-1.6729948814318,-1.87008753848204,-1.52115630080031,-1.32597000537983,-1.29089353966022,0.506138975644717,0.734553251056544,NaN,NaN,NaN,NaN,NaN,NaN,NaN,NaN,NaN
NaN,NaN,-1.65063054815982,-1.86795568522939,-1.53590168898033,-1.31773661090604,-1.30423305916095,0.502044769847998,0.716304804770819,NaN,NaN,NaN,NaN,NaN,NaN,NaN,NaN,NaN
NaN,NaN,-1.62553162829136,-1.86214179229864,-1.55616084207819,-1.30905083580486,-1.31528392794038,0.496579303318868,0.700071479766242,NaN,NaN,NaN,NaN,NaN,NaN,NaN,NaN,NaN
NaN,NaN,-1.59725676805829,-1.86021173802146,-1.57241482381748,-1.29618513597719,-1.3288036583593,0.490861839527497,0.685846309749953,NaN,NaN,NaN,NaN,NaN,NaN,NaN,NaN,NaN
NaN,NaN,-1.56482232318376,-1.85457211417088,-1.58563304786609,-1.28389566405288,-1.3377885928979,0.476493748748908,0.680062982826106,NaN,NaN,NaN,NaN,NaN,NaN,NaN,NaN,NaN
NaN,NaN,-1.53174252764438,-1.84643952605256,-1.59863218759225,-1.27527882544867,-1.34543879317547,0.464685174549231,0.667598440884224,NaN,NaN,NaN,NaN,NaN,NaN,NaN,NaN,NaN
NaN,NaN,-1.50174781263922,-1.83666814547905,-1.61787968223022,-1.27322287498585,-1.35468509408141,0.441220651293406,0.657073899744622,NaN,NaN,NaN,NaN,NaN,NaN,NaN,NaN,NaN
NaN,NaN,-1.46817706109141,-1.82798758578429,-1.63353508432435,-1.27113814665548,-1.3655938989153,0.414889982814202,0.643746263919941,NaN,NaN,NaN,NaN,NaN,NaN,NaN,NaN,NaN
NaN,NaN,-1.43323437825893,-1.8193212008191,-1.64491847251581,-1.26674524708263,-1.37571070703173,0.385490643704543,0.638330064355008,NaN,NaN,NaN,NaN,NaN,NaN,NaN,NaN,NaN
NaN,NaN,-1.39580210254644,-1.80789247584471,-1.65582764987873,-1.26879609389774,-1.38049628945494,0.35237510400475,0.633232656507365,NaN,NaN,NaN,NaN,NaN,NaN,NaN,NaN,NaN
NaN,NaN,-1.36148975745891,-1.7975856592966,-1.67123634462284,-1.27177127836815,-1.38796322407628,0.314763790840516,0.623443860201708,NaN,NaN,NaN,NaN,NaN,NaN,NaN,NaN,NaN
NaN,NaN,-1.32583627061103,-1.78540807646641,-1.68955108244942,-1.27819282202593,-1.39584005238915,0.270868210966,0.615793622671238,NaN,NaN,NaN,NaN,NaN,NaN,NaN,NaN,NaN
NaN,NaN,-1.28733254552935,-1.7736589951528,-1.70092061256097,-1.28006388633124,-1.40657242747451,0.225562720472226,0.608233406780831,NaN,NaN,NaN,NaN,NaN,NaN,NaN,NaN,NaN
NaN,NaN,-1.25188558877562,-1.75907129851112,-1.71392357070969,-1.28412611051075,-1.41425991790796,0.177195302123437,0.60410546848046,NaN,NaN,NaN,NaN,NaN,NaN,NaN,NaN,NaN
NaN,NaN,-1.21375949637149,-1.74134506341943,-1.72344107274936,-1.29151108874551,-1.41799953194762,0.125553428108105,0.592925127236716,NaN,NaN,NaN,NaN,NaN,NaN,NaN,NaN,NaN
NaN,NaN,-1.18316214115475,-1.72307508495578,-1.73814470042513,-1.29995857565276,-1.42516037809158,0.0697648775822017,0.578052501766554,NaN,NaN,NaN,NaN,NaN,NaN,NaN,NaN,NaN
NaN,NaN,-1.14753150896286,-1.70663036835322,-1.75234595407771,-1.31006126491896,-1.4311381279161,0.0128184509521816,0.564247358231417,NaN,NaN,NaN,NaN,NaN,NaN,NaN,NaN,NaN
NaN,NaN,-1.11194807619904,-1.69253193271288,-1.76284920518325,-1.31850353641979,-1.43720446514393,-0.0471488322073128,0.553313631205432,NaN,NaN,NaN,NaN,NaN,NaN,NaN,NaN,NaN
NaN,NaN,-1.07749763460015,-1.67023707610497,-1.77129779105114,-1.32488467930428,-1.43484661715532,-0.104984187608352,0.540319911776654,NaN,NaN,NaN,NaN,NaN,NaN,NaN,NaN,NaN
NaN,NaN,-1.04310560555314,-1.64597733375558,-1.77933925856875,-1.33449242650143,-1.43314028518701,-0.166778371756664,0.523195720850102,NaN,NaN,NaN,NaN,NaN,NaN,NaN,NaN,NaN
NaN,NaN,-1.01706426174496,-1.62140414548048,-1.79487098102497,-1.34547098739616,-1.43188983561898,-0.22783757475554,0.503984398780934,NaN,NaN,NaN,NaN,NaN,NaN,NaN,NaN,NaN
NaN,NaN,-0.982707213173853,-1.6003466440452,-1.80133858789729,-1.35361404358021,-1.43263783665801,-0.291812078183284,0.488508630185,NaN,NaN,NaN,NaN,NaN,NaN,NaN,NaN,NaN
NaN,NaN,-0.953606083552586,-1.57588506546745,-1.80312408228444,-1.36311247213356,-1.42855571942831,-0.352378760551801,0.477597478418223,NaN,NaN,NaN,NaN,NaN,NaN,NaN,NaN,NaN
NaN,NaN,-0.923860609094845,-1.55023485851416,-1.80615691562222,-1.36918937055937,-1.42218197124506,-0.410439197992673,0.461758494018189,NaN,NaN,NaN,NaN,NaN,NaN,NaN,NaN,NaN
NaN,NaN,-0.896941531012999,-1.52319407519826,-1.81309800689147,-1.38159961639515,-1.41425231831575,-0.471114826475969,0.446743990867011,NaN,NaN,NaN,NaN,NaN,NaN,NaN,NaN,NaN
NaN,NaN,-0.873511429439532,-1.49427550342807,-1.81948360149787,-1.39157726629249,-1.40506996201778,-0.529392951255431,0.42982901224362,NaN,NaN,NaN,NaN,NaN,NaN,NaN,NaN,NaN
NaN,NaN,-0.844877581606852,-1.46700488832721,-1.81628188212441,-1.40144822387568,-1.39519712316299,-0.589612697338453,0.421291987984053,NaN,NaN,NaN,NaN,NaN,NaN,NaN,NaN,NaN
NaN,NaN,-0.82111864865874,-1.43429175448546,-1.81025331934021,-1.40935723869673,-1.38288613768721,-0.643539478158346,0.407110664634577,NaN,NaN,NaN,NaN,NaN,NaN,NaN,NaN,NaN
NaN,NaN,-0.797195057879435,-1.40061334204802,-1.80842312146948,-1.41791259138457,-1.37291489528919,-0.696927954530111,0.39076837488877,NaN,NaN,NaN,NaN,NaN,NaN,NaN,NaN,NaN
NaN,NaN,-0.775491088192212,-1.36652533394226,-1.80775674154089,-1.435239959644,-1.36014441388155,-0.752088905399433,0.37410166823732,NaN,NaN,NaN,NaN,NaN,NaN,NaN,NaN,NaN
NaN,NaN,-0.753626092831837,-1.33367583584914,-1.80200690497683,-1.44790799556843,-1.34880204113627,-0.802350317215314,0.359738401709668,NaN,NaN,NaN,NaN,NaN,NaN,NaN,NaN,NaN
NaN,NaN,-0.730773839663016,-1.30139047709235,-1.79109165539073,-1.46222113831512,-1.3338981232276,-0.853715011005988,0.345898501216046,NaN,NaN,NaN,NaN,NaN,NaN,NaN,NaN,NaN
NaN,NaN,-0.712304334650981,-1.2673874056054,-1.77870361228512,-1.47599582760207,-1.32022764893676,-0.898164150392404,0.328190687684886,NaN,NaN,NaN,NaN,NaN,NaN,NaN,NaN,NaN
NaN,NaN,-0.693647875945317,-1.23243654576072,-1.77300918941425,-1.49235946326129,-1.31035527574325,-0.940982637082925,0.314428776143662,NaN,NaN,NaN,NaN,NaN,NaN,NaN,NaN,NaN
NaN,NaN,-0.677629462938057,-1.2009751280857,-1.76655927767085,-1.51031744866244,-1.29894374298359,-0.984268889849773,0.301290031163565,NaN,NaN,NaN,NaN,NaN,NaN,NaN,NaN,NaN
NaN,NaN,-0.660625990043627,-1.17200499829778,-1.75355492253827,-1.52463696165554,-1.28870685013438,-1.0209439630562,0.291055094091765,NaN,NaN,NaN,NaN,NaN,NaN,NaN,NaN,NaN
NaN,NaN,-0.644890605966794,-1.14009172153601,-1.73859432433771,-1.54035355164281,-1.27717072504068,-1.05602397871553,0.277477975575797,NaN,NaN,NaN,NaN,NaN,NaN,NaN,NaN,NaN
NaN,NaN,-0.636636349867331,-1.11012673434743,-1.72491954733656,-1.55676077319852,-1.27147451403046,-1.08871163157164,0.264700676886908,NaN,NaN,NaN,NaN,NaN,NaN,NaN,NaN,NaN
NaN,NaN,-0.627748850296485,-1.07675187718996,-1.7157341921799,-1.57420938103072,-1.26553282501603,-1.11707945642411,0.25052119755613,NaN,NaN,NaN,NaN,NaN,NaN,NaN,NaN,NaN
NaN,NaN,-0.616026535193669,-1.04972228837141,-1.70260274876879,-1.58979327617756,-1.26469048100019,-1.14325880361139,0.241428546248547,NaN,NaN,NaN,NaN,NaN,NaN,NaN,NaN,NaN
NaN,NaN,-0.60386407704209,-1.01891737860569,-1.68440565560983,-1.60144039629571,-1.26006035494114,-1.16692201522528,0.233714960156552,NaN,NaN,NaN,NaN,NaN,NaN,NaN,NaN,NaN
NaN,NaN,-0.595604903559433,-0.990199003936141,-1.66497981269883,-1.61262679113618,-1.25899426998997,-1.18522444096743,0.220633379756085,NaN,NaN,NaN,NaN,NaN,NaN,NaN,NaN,NaN
NaN,NaN,-0.59023938656901,-0.958717730463832,-1.6525377901368,-1.62710095955602,-1.25794321658517,-1.20513555881917,0.209227826087348,NaN,NaN,NaN,NaN,NaN,NaN,NaN,NaN,NaN
NaN,NaN,-0.586058456014143,-0.928909484864562,-1.63243953232692,-1.64194270236961,-1.26045566412116,-1.2215667712444,0.198026753603093,NaN,NaN,NaN,NaN,NaN,NaN,NaN,NaN,NaN
NaN,NaN,-0.578422449092614,-0.907306824447005,-1.60487873573826,-1.65606429068915,-1.26514828192497,-1.2371869320923,0.190433960049025,NaN,NaN,NaN,NaN,NaN,NaN,NaN,NaN,NaN
NaN,NaN,-0.574609167437302,-0.881417081327527,-1.58927770425604,-1.6649074779319,-1.26383033009673,-1.25140381333767,0.181709050773255,NaN,NaN,NaN,NaN,NaN,NaN,NaN,NaN,NaN
NaN,NaN,-0.571841742406832,-0.859742243410437,-1.5657193409376,-1.6772543938326,-1.26545198621655,-1.26451573622762,0.171339723853938,NaN,NaN,NaN,NaN,NaN,NaN,NaN,NaN,NaN
NaN,NaN,-0.571964229951845,-0.834805038393824,-1.53403550480531,-1.68742978213898,-1.26877485203052,-1.28032437813818,0.156831450401417,NaN,NaN,NaN,NaN,NaN,NaN,NaN,NaN,NaN
NaN,NaN,-0.571980770240771,-0.818247780771344,-1.52301790286826,-1.69716040803663,-1.2765063753953,-1.2907625111693,0.149709608046881,NaN,NaN,NaN,NaN,NaN,NaN,NaN,NaN,NaN
NaN,NaN,-0.567456032644259,-0.80373796132335,-1.49573000242041,-1.71072722612492,-1.27986370014454,-1.30790028077899,0.140859268246762,NaN,NaN,NaN,NaN,NaN,NaN,NaN,NaN,NaN
NaN,NaN,-0.569516788731562,-0.783449378432124,-1.47173985932992,-1.71922526522151,-1.27943678187633,-1.31888092783629,0.133436236171595,NaN,NaN,NaN,NaN,NaN,NaN,NaN,NaN,NaN
NaN,NaN,-0.570774893771159,-0.766123109133332,-1.44786371012257,-1.72901707901231,-1.27913268642927,-1.33164632422267,0.124369252114169,NaN,NaN,NaN,NaN,NaN,NaN,NaN,NaN,NaN
NaN,NaN,-0.573779079626547,-0.748407304854481,-1.42325757165478,-1.73353673158757,-1.2809223345151,-1.34278544512927,0.117198608456723,NaN,NaN,NaN,NaN,NaN,NaN,NaN,NaN,NaN
NaN,NaN,-0.57542943910812,-0.73915640321502,-1.39689045121001,-1.74028980745546,-1.28530029567385,-1.35513860089122,0.115689940391652,NaN,NaN,NaN,NaN,NaN,NaN,NaN,NaN,NaN
NaN,NaN,-0.576104778359877,-0.728163201929419,-1.36656962429212,-1.74605163945428,-1.28383573504592,-1.37201977250515,0.105683568506114,NaN,NaN,NaN,NaN,NaN,NaN,NaN,NaN,NaN
NaN,NaN,-0.581882517348276,-0.712472130180686,-1.33641328756736,-1.74728351845018,-1.27883598568345,-1.38042950359522,0.0955324877189317,NaN,NaN,NaN,NaN,NaN,NaN,NaN,NaN,NaN
NaN,NaN,-0.585955954651581,-0.695866201640456,-1.30728745927142,-1.75083696110717,-1.27391785743142,-1.39588943970739,0.0860997732864538,NaN,NaN,NaN,NaN,NaN,NaN,NaN,NaN,NaN
NaN,NaN,-0.587761323462473,-0.682665821732371,-1.2773050936036,-1.75014869509808,-1.27399335043932,-1.40237503973185,0.0802744064615884,NaN,NaN,NaN,NaN,NaN,NaN,NaN,NaN,NaN
NaN,NaN,-0.586974411766278,-0.677525759310811,-1.24601714407133,-1.7500322611498,-1.27338581147099,-1.4167963649088,0.0707880478488126,NaN,NaN,NaN,NaN,NaN,NaN,NaN,NaN,NaN
NaN,NaN,-0.588601506809937,-0.666219000340789,-1.2135471413009,-1.74900851412288,-1.26878312217499,-1.42705398899852,0.0545309927450338,NaN,NaN,NaN,NaN,NaN,NaN,NaN,NaN,NaN
NaN,NaN,-0.592063027928816,-0.653988592894166,-1.18411842827724,-1.74658370404116,-1.26306390749717,-1.43490246785223,0.0327029708908716,NaN,NaN,NaN,NaN,NaN,NaN,NaN,NaN,NaN
NaN,NaN,-0.596440784196602,-0.646484423996299,-1.15712437872814,-1.74209931133858,-1.26145333411599,-1.44307370585739,0.0098338235305467,NaN,NaN,NaN,NaN,NaN,NaN,NaN,NaN,NaN
NaN,NaN,-0.597625240246998,-0.640120491952985,-1.12857166771816,-1.73502900837533,-1.26183575379158,-1.44697035950958,-0.0133422132445655,NaN,NaN,NaN,NaN,NaN,NaN,NaN,NaN,NaN
NaN,NaN,-0.599651760916458,-0.637974314959138,-1.09862890188621,-1.72864386080376,-1.26425451027656,-1.45554366809665,-0.0431752692772231,NaN,NaN,NaN,NaN,NaN,NaN,NaN,NaN,NaN
NaN,NaN,-0.600513197045075,-0.628118407548754,-1.06951413770245,-1.72003937153689,-1.26378286989833,-1.45667930421769,-0.0807000625742754,NaN,NaN,NaN,NaN,NaN,NaN,NaN,NaN,NaN
NaN,NaN,-0.602582670311676,-0.620348513693898,-1.04441247974561,-1.70819076909296,-1.2653115055194,-1.45708768916666,-0.121760025979408,NaN,NaN,NaN,NaN,NaN,NaN,NaN,NaN,NaN
NaN,NaN,-0.603514533053385,-0.615267366738408,-1.017432642179,-1.69597047580949,-1.27130886899734,-1.45634477314888,-0.162564434470066,NaN,NaN,NaN,NaN,NaN,NaN,NaN,NaN,NaN
NaN,NaN,-0.600517052720534,-0.613176212282269,-0.988996886657939,-1.68238035603038,-1.27631588267589,-1.45362123203813,-0.205905914665588,NaN,NaN,NaN,NaN,NaN,NaN,NaN,NaN,NaN
NaN,NaN,-0.600577532808529,-0.61188187879452,-0.965387673126922,-1.66572374491564,-1.28328899281526,-1.44920866293251,-0.255648877830633,NaN,NaN,NaN,NaN,NaN,NaN,NaN,NaN,NaN
NaN,NaN,-0.59965876446222,-0.603575058848946,-0.942327995794282,-1.64994745715133,-1.2848671375444,-1.44087636200129,-0.310520764799245,NaN,NaN,NaN,NaN,NaN,NaN,NaN,NaN,NaN
NaN,NaN,-0.600174698542105,-0.597418029428809,-0.921630394654736,-1.63151595010034,-1.29117926942611,-1.43096898970543,-0.365273610116371,NaN,NaN,NaN,NaN,NaN,NaN,NaN,NaN,NaN
NaN,NaN,-0.592807266424643,-0.595205933423131,-0.897122398959861,-1.61433448283545,-1.30028153198267,-1.42229073969065,-0.424186151833662,NaN,NaN,NaN,NaN,NaN,NaN,NaN,NaN,NaN
NaN,NaN,-0.587508748780238,-0.59535108935961,-0.873333645062909,-1.59477126984469,-1.30813245090152,-1.41220017624437,-0.484584823609718,NaN,NaN,NaN,NaN,NaN,NaN,NaN,NaN,NaN
NaN,NaN,-0.582088972936617,-0.591931645394652,-0.85534351040648,-1.57719296603076,-1.31668014811779,-1.400209472602,-0.547697518379816,NaN,NaN,NaN,NaN,NaN,NaN,NaN,NaN,NaN
NaN,NaN,-0.574515681277262,-0.585704077602713,-0.835202672528491,-1.54034014059774,-1.3233529998591,-1.38943880153238,-0.613145951540597,NaN,NaN,NaN,NaN,NaN,NaN,NaN,NaN,NaN
NaN,NaN,-0.569250616739737,-0.58271618989238,-0.816024710433946,-1.52543193860523,-1.33391531544233,-1.37533956495463,-0.679402530552276,NaN,NaN,NaN,NaN,NaN,NaN,NaN,NaN,NaN
NaN,NaN,-0.561242471943842,-0.582675733239739,-0.793069322603211,-1.49992344169489,-1.34454552444125,-1.36909819496213,-0.747244276465305,NaN,NaN,NaN,NaN,NaN,NaN,NaN,NaN,NaN
NaN,NaN,-0.557412948022829,-0.584084079237073,-0.776969530629382,-1.48142057670824,-1.35798495622779,-1.36118487743079,-0.81440798229111,NaN,NaN,NaN,NaN,NaN,NaN,NaN,NaN,NaN
NaN,NaN,-0.550337560038315,-0.582333453567117,-0.764373970227704,-1.45741314827076,-1.37353457870389,-1.35538342696964,-0.88362458384169,NaN,NaN,NaN,NaN,NaN,NaN,NaN,NaN,NaN
NaN,NaN,-0.543630416999804,-0.579626024336903,-0.750468430119023,-1.43612615032665,-1.38111334653998,-1.35009338436066,-0.945310026766189,NaN,NaN,NaN,NaN,NaN,NaN,NaN,NaN,NaN
NaN,NaN,-0.535538322787033,-0.579169788034051,-0.731853769170508,-1.41008180765978,-1.39211703451777,-1.34398703751503,-1.00181467121971,NaN,NaN,NaN,NaN,NaN,NaN,NaN,NaN,NaN
NaN,NaN,-0.526087261299836,-0.581876453579753,-0.710644462155566,-1.38817225782744,-1.40306724595333,-1.34235970032751,-1.05834984442724,NaN,NaN,NaN,NaN,NaN,NaN,NaN,NaN,NaN
NaN,NaN,-0.519414130161749,-0.583178423912614,-0.698497687476144,-1.36457001058928,-1.41374946000481,-1.34026442942559,-1.11083506828678,NaN,NaN,NaN,NaN,NaN,NaN,NaN,NaN,NaN
NaN,NaN,-0.51051299602841,-0.582758881719201,-0.688667670833335,-1.33966728313438,-1.42360132547522,-1.34130726856529,-1.16366003862155,NaN,NaN,NaN,NaN,NaN,NaN,NaN,NaN,NaN
NaN,NaN,-0.503099798719632,-0.580464941085665,-0.678173360424504,-1.31632550819389,-1.42995493846441,-1.34057759595453,-1.21487139946354,NaN,NaN,NaN,NaN,NaN,NaN,NaN,NaN,NaN
NaN,NaN,-0.49623226330732,-0.581550434799283,-0.662124921577439,-1.29091819016806,-1.44070439400578,-1.3414484198147,-1.25590241736306,NaN,NaN,NaN,NaN,NaN,NaN,NaN,NaN,NaN
NaN,NaN,-0.489824931632029,-0.582853410960524,-0.649929420100913,-1.27202735482327,-1.44751863914037,-1.34570627761423,-1.29734865611924,NaN,NaN,NaN,NaN,NaN,NaN,NaN,NaN,NaN
NaN,NaN,-0.48429296867107,-0.582340699256747,-0.643943642275796,-1.24972445158831,-1.45420147465969,-1.34864519638359,-1.33385957440866,NaN,NaN,NaN,NaN,NaN,NaN,NaN,NaN,NaN
NaN,NaN,-0.474383119057165,-0.582678061546176,-0.635915585803256,-1.22401331751219,-1.46002207311297,-1.35714057189762,-1.37544094807042,NaN,NaN,NaN,NaN,NaN,NaN,NaN,NaN,NaN
NaN,NaN,-0.466078981320607,-0.580075927646249,-0.625369456606374,-1.19681208594314,-1.46546971412802,-1.36114661869942,-1.40785199812187,NaN,NaN,NaN,NaN,NaN,NaN,NaN,NaN,NaN
NaN,NaN,-0.458946987550007,-0.57770917621383,-0.614765957938895,-1.1694730745124,-1.46974083396102,-1.36432812837302,-1.44618629700077,NaN,NaN,NaN,NaN,NaN,NaN,NaN,NaN,NaN
NaN,NaN,-0.453046816895949,-0.575585872502415,-0.608962421315179,-1.14674893407694,-1.47072393807078,-1.37111460146843,-1.48567074200643,NaN,NaN,NaN,NaN,NaN,NaN,NaN,NaN,NaN
NaN,NaN,-0.446932907711016,-0.573972039492219,-0.604442936377988,-1.1187814847993,-1.47201476978565,-1.37538560954272,-1.52119172027839,NaN,NaN,NaN,NaN,NaN,NaN,NaN,NaN,NaN
NaN,NaN,-0.436874717037426,-0.571914002866833,-0.597641301351056,-1.09145614518396,-1.47375684591437,-1.38326171142398,-1.5565653446926,NaN,NaN,NaN,NaN,NaN,NaN,NaN,NaN,NaN
NaN,NaN,-0.426822747598635,-0.569965024114936,-0.589068924086556,-1.06222546859256,-1.47408685075546,-1.38791247559129,-1.59046347475184,NaN,NaN,NaN,NaN,NaN,NaN,NaN,NaN,NaN
NaN,NaN,-0.417277212749468,-0.565622360081761,-0.584451203244195,-1.03725944845549,-1.47641932951713,-1.39313356307684,-1.62547913602126,NaN,NaN,NaN,NaN,NaN,NaN,NaN,NaN,NaN
NaN,NaN,-0.411757692258107,-0.563251287312596,-0.581445676284299,-1.01345132304899,-1.47632448362613,-1.39782867682516,-1.65999415552748,NaN,NaN,NaN,NaN,NaN,NaN,NaN,NaN,NaN
NaN,NaN,-0.403974927525269,-0.560543113024323,-0.580352899628148,-0.986016776548543,-1.47616865473295,-1.39859390733181,-1.68974026328457,NaN,NaN,NaN,NaN,NaN,NaN,NaN,NaN,NaN
NaN,NaN,-0.389758828590857,-0.556336552472203,-0.575043578641877,-0.958121895925918,-1.47369364636446,-1.40174349126755,-1.71888691595329,NaN,NaN,NaN,NaN,NaN,NaN,NaN,NaN,NaN
NaN,NaN,-0.377004216919886,-0.549464323194115,-0.571106859492526,-0.933760341392675,-1.46859698357487,-1.39860126478015,-1.74998331105841,NaN,NaN,NaN,NaN,NaN,NaN,NaN,NaN,NaN
NaN,NaN,-0.367658767412649,-0.539427683324902,-0.570168682383761,-0.911990881102004,-1.46179546030665,-1.39683024314581,-1.78012547305358,NaN,NaN,NaN,NaN,NaN,NaN,NaN,NaN,NaN
NaN,NaN,-0.35915366889094,-0.535822142483084,-0.572058484899268,-0.891422081874528,-1.45765025528575,-1.39312410083949,-1.80595477333797,NaN,NaN,NaN,NaN,NaN,NaN,NaN,NaN,NaN
NaN,NaN,-0.349107007990824,-0.532903563798754,-0.574479644196496,-0.86714559434525,-1.45310588540936,-1.39184796539485,-1.83326362854374,NaN,NaN,NaN,NaN,NaN,NaN,NaN,NaN,NaN
NaN,NaN,-0.335230804543244,-0.531179685713141,-0.571082887249455,-0.845447212593475,-1.44659705819989,-1.38922489536344,-1.85415682605041,NaN,NaN,NaN,NaN,NaN,NaN,NaN,NaN,NaN
NaN,NaN,-0.323642469506012,-0.522924610049813,-0.571909678178296,-0.82868694527618,-1.43395984905267,-1.38353855637251,-1.87884542381895,NaN,NaN,NaN,NaN,NaN,NaN,NaN,NaN,NaN
NaN,NaN,-0.313623860041844,-0.516523257465451,-0.571567193614707,-0.81218873350493,-1.42193645598794,-1.37404193458497,-1.90001162922514,NaN,NaN,NaN,NaN,NaN,NaN,NaN,NaN,NaN
NaN,NaN,-0.306518762867199,-0.514918625922292,-0.574853160428271,-0.794457022236505,-1.41316904114986,-1.36590262231766,-1.91295902466906,NaN,NaN,NaN,NaN,NaN,NaN,NaN,NaN,NaN
NaN,NaN,-0.296210828732001,-0.514123928369372,-0.574285817342267,-0.774186432497421,-1.40315574022437,-1.35625337538659,-1.92879527098072,NaN,NaN,NaN,NaN,NaN,NaN,NaN,NaN,NaN
NaN,NaN,-0.285093947808491,-0.510478471042006,-0.575124640958772,-0.756837923215547,-1.39197780179287,-1.3457152741903,-1.94156672096384,NaN,NaN,NaN,NaN,NaN,NaN,NaN,NaN,NaN
NaN,NaN,-0.272070798586356,-0.501251020104974,-0.577845965521798,-0.742313686894098,-1.37532858537937,-1.33425777134835,-1.95539341530336,NaN,NaN,NaN,NaN,NaN,NaN,NaN,NaN,NaN
NaN,NaN,-0.2648856821761,-0.496776834697812,-0.574326478885875,-0.728679981218496,-1.36250693710948,-1.319832758134,-1.96451834625138,NaN,NaN,NaN,NaN,NaN,NaN,NaN,NaN,NaN
NaN,NaN,-0.256075202982174,-0.495242219985812,-0.575922486381993,-0.712040357427516,-1.35075549023653,-1.31000076708733,-1.97247921711338,NaN,NaN,NaN,NaN,NaN,NaN,NaN,NaN,NaN
NaN,NaN,-0.247683669935213,-0.493515883208602,-0.576067921715245,-0.696091812239805,-1.33871555688287,-1.29602709141909,-1.97982958740128,NaN,NaN,NaN,NaN,NaN,NaN,NaN,NaN,NaN
NaN,NaN,-0.237961202423321,-0.488387518198579,-0.576355253355966,-0.683539092676559,-1.32490951927806,-1.28857390311896,-1.98650601542128,NaN,NaN,NaN,NaN,NaN,NaN,NaN,NaN,NaN
NaN,NaN,-0.229509487311589,-0.479312990428298,-0.575275980877147,-0.67026202766768,-1.30431332054043,-1.27493267235695,-1.99492135307325,NaN,NaN,NaN,NaN,NaN,NaN,NaN,NaN,NaN
NaN,NaN,-0.222528647194849,-0.473061282755225,-0.571748373108373,-0.65467034666411,-1.28836620958949,-1.26278366250335,-2.00166284328831,NaN,NaN,NaN,NaN,NaN,NaN,NaN,NaN,NaN
NaN,NaN,-0.209979243139969,-0.469479695530026,-0.56920096372293,-0.637664489583888,-1.26937158765698,-1.25400333953439,-2.00841621717943,NaN,NaN,NaN,NaN,NaN,NaN,NaN,NaN,NaN
NaN,NaN,-0.198068633239018,-0.461366721065133,-0.563147460120187,-0.623752281205573,-1.25288788589144,-1.24217282337486,-2.01504524088038,NaN,NaN,NaN,NaN,NaN,NaN,NaN,NaN,NaN
NaN,NaN,-0.183965410600649,-0.452737235100358,-0.560219773101077,-0.610421404378333,-1.23325586678887,-1.24126433682977,-2.02427490836514,NaN,NaN,NaN,NaN,NaN,NaN,NaN,NaN,NaN
NaN,NaN,-0.175371612916933,-0.441888183922856,-0.55540040229486,-0.597212772952237,-1.2134410663178,-1.23351068524062,-2.03356397560371,NaN,NaN,NaN,NaN,NaN,NaN,NaN,NaN,NaN
NaN,NaN,-0.167898810963379,-0.436033554942696,-0.553936512219176,-0.58319206549398,-1.19529312836433,-1.23226261985837,-2.03737941792739,NaN,NaN,NaN,NaN,NaN,NaN,NaN,NaN,NaN
NaN,NaN,-0.159011069248663,-0.428329710484832,-0.55099638273047,-0.573074791716256,-1.17602350550199,-1.22786370394169,-2.04823850876225,NaN,NaN,NaN,NaN,NaN,NaN,NaN,NaN,NaN
NaN,NaN,-0.146437990973936,-0.419809524537413,-0.54655667488502,-0.563900929080167,-1.15761742355729,-1.22665106607019,-2.04095785728229,NaN,NaN,NaN,NaN,NaN,NaN,NaN,NaN,NaN
NaN,NaN,-0.132901571254479,-0.408976846010773,-0.541358740078673,-0.553477641330877,-1.13842323782349,-1.23048660633503,-2.04552903062237,NaN,NaN,NaN,NaN,NaN,NaN,NaN,NaN,NaN
NaN,NaN,-0.127801667462336,-0.397820495636552,-0.537667983221278,-0.546341791884818,-1.11974511655474,-1.23305498910486,-2.05684120988978,NaN,NaN,NaN,NaN,NaN,NaN,NaN,NaN,NaN
NaN,NaN,-0.123468000005232,-0.394475780994981,-0.536533967601523,-0.53342220573298,-1.1009784078827,-1.23935404521762,-2.05873840710653,NaN,NaN,NaN,NaN,NaN,NaN,NaN,NaN,NaN
NaN,NaN,-0.114635578851448,-0.385233559281914,-0.531212166892753,-0.527675181763091,-1.08426751928831,-1.24336202917038,-2.06288027799261,NaN,NaN,NaN,NaN,NaN,NaN,NaN,NaN,NaN
NaN,NaN,-0.104784775088774,-0.376797061981051,-0.526961554782853,-0.522917781160989,-1.06569717066789,-1.24953967807232,-2.06661162188781,NaN,NaN,NaN,NaN,NaN,NaN,NaN,NaN,NaN
NaN,NaN,-0.0977301555976737,-0.362986907930463,-0.523492303686605,-0.519426364587465,-1.04746358829046,-1.25763667104184,-2.07025974279774,NaN,NaN,NaN,NaN,NaN,NaN,NaN,NaN,NaN
NaN,NaN,-0.0928283813700546,-0.354352243812173,-0.522536207931504,-0.512246165560403,-1.02443047227765,-1.26417425749241,-2.07140417060388,NaN,NaN,NaN,NaN,NaN,NaN,NaN,NaN,NaN
NaN,NaN,-0.0858809198543895,-0.346380476476043,-0.520264935689435,-0.502583861486831,-1.00406384455467,-1.26717974719941,-2.05028475484384,NaN,NaN,NaN,NaN,NaN,NaN,NaN,NaN,NaN
NaN,NaN,-0.0708275432989467,-0.335046280742972,-0.514597223150001,-0.499419525401511,-0.981162492059714,-1.27087793601095,-2.05450234225524,NaN,NaN,NaN,NaN,NaN,NaN,NaN,NaN,NaN
NaN,NaN,-0.0613015289709438,-0.325642791212886,-0.5066975960605,-0.492654249207893,-0.959344435357101,-1.27347200465738,-2.04647260940207,NaN,NaN,NaN,NaN,NaN,NaN,NaN,NaN,NaN
NaN,NaN,-0.0535367946431506,-0.310538471312611,-0.501707606958613,-0.483720258014121,-0.93711939068938,-1.27931188148796,-2.04417194461954,NaN,NaN,NaN,NaN,NaN,NaN,NaN,NaN,NaN
NaN,NaN,-0.0490690726146568,-0.299323782892316,-0.49931146298574,-0.476222235845247,-0.911910071842916,-1.28123405677616,-2.03627412429584,NaN,NaN,NaN,NaN,NaN,NaN,NaN,NaN,NaN
NaN,NaN,-0.0393787543580402,-0.287745822788565,-0.493024551319346,-0.469811663167396,-0.890404548369891,-1.28494053435861,-2.02877761086953,NaN,NaN,NaN,NaN,NaN,NaN,NaN,NaN,NaN
NaN,NaN,-0.0228123138949741,-0.275855422587483,-0.482935738759503,-0.466842755811134,-0.870285224043376,-1.28962504965602,-2.02005927673114,NaN,NaN,NaN,NaN,NaN,NaN,NaN,NaN,NaN
NaN,NaN,-0.0175773124501575,-0.263657909454196,-0.474845693456397,-0.462084684656778,-0.852447416507251,-1.29200048101484,-2.01584044134749,NaN,NaN,NaN,NaN,NaN,NaN,NaN,NaN,NaN
NaN,NaN,-0.0104392278299201,-0.250044227213948,-0.469108224856124,-0.455679811673084,-0.832528550051696,-1.29876452786266,-2.00747157669199,NaN,NaN,NaN,NaN,NaN,NaN,NaN,NaN,NaN
NaN,NaN,-0.00987732366775163,-0.237712771267979,-0.46430699621366,-0.449781671302238,-0.811294395350463,-1.29867929322063,-2.00006184390319,NaN,NaN,NaN,NaN,NaN,NaN,NaN,NaN,NaN
NaN,NaN,0.00390479757334105,-0.226023331852048,-0.452277735816703,-0.444381937520423,-0.79041097673083,-1.29729391363799,-1.99243226310743,NaN,NaN,NaN,NaN,NaN,NaN,NaN,NaN,NaN
NaN,NaN,0.0136397634341847,-0.212082513244241,-0.440944788055882,-0.442270275341192,-0.772153943650968,-1.29745596376597,-1.98653324729336,NaN,NaN,NaN,NaN,NaN,NaN,NaN,NaN,NaN
NaN,NaN,0.0147068914666306,-0.20101342779526,-0.432500262754426,-0.438779417561212,-0.755831807725675,-1.30221252617775,-1.98424187711013,NaN,NaN,NaN,NaN,NaN,NaN,NaN,NaN,NaN
NaN,NaN,0.0180403929844033,-0.189710207851022,-0.425858815210328,-0.434565238790431,-0.741158783309705,-1.31153543767869,-1.98263841903342,NaN,NaN,NaN,NaN,NaN,NaN,NaN,NaN,NaN
NaN,NaN,0.0201777037873398,-0.180683419675916,-0.419639610695109,-0.432991396771589,-0.725507963322646,-1.31554815275013,-1.98362103885544,NaN,NaN,NaN,NaN,NaN,NaN,NaN,NaN,NaN
NaN,NaN,0.0311843906238209,-0.172958862603991,-0.408049543397889,-0.434679437564531,-0.713060315572269,-1.32173731279909,-1.98889586365355,NaN,NaN,NaN,NaN,NaN,NaN,NaN,NaN,NaN
NaN,NaN,0.0329023641243111,-0.160821065874188,-0.399035980003343,-0.434802223132768,-0.700226504229552,-1.32772759822547,-1.99272201618684,NaN,NaN,NaN,NaN,NaN,NaN,NaN,NaN,NaN
NaN,NaN,0.0342627283826005,-0.153969530583709,-0.391038880693183,-0.430930156396547,-0.687385335438497,-1.33616850999533,-1.99804340711368,NaN,NaN,NaN,NaN,NaN,NaN,NaN,NaN,NaN
NaN,NaN,0.0347835798456799,-0.141924419076531,-0.38363412116693,-0.430524286018529,-0.674746766560323,-1.34725441513001,-2.00198668277396,NaN,NaN,NaN,NaN,NaN,NaN,NaN,NaN,NaN
NaN,NaN,0.0389703591063153,-0.136270192087977,-0.37377039064692,-0.432880569385209,-0.659365918361194,-1.35166812044918,-2.00863422116769,NaN,NaN,NaN,NaN,NaN,NaN,NaN,NaN,NaN
NaN,NaN,0.0455722068145406,-0.127491452367394,-0.36374077294992,-0.432761322842756,-0.646329283588178,-1.35973499444663,-2.0155197683586,NaN,NaN,NaN,NaN,NaN,NaN,NaN,NaN,NaN
NaN,NaN,0.0451124873652589,-0.120689631075948,-0.354602039801345,-0.431668099151769,-0.635472837709434,-1.36380669948994,-2.02099000325931,NaN,NaN,NaN,NaN,NaN,NaN,NaN,NaN,NaN
NaN,NaN,0.0434599858417641,-0.114592541576712,-0.347186439680324,-0.428208738701263,-0.624124225102908,-1.37354978648364,-2.02722813224924,NaN,NaN,NaN,NaN,NaN,NaN,NaN,NaN,NaN
NaN,NaN,0.0436956849589478,-0.107295610578149,-0.336982850926385,-0.431061323867956,-0.610821269326455,-1.37832991135656,-2.0268443528427,NaN,NaN,NaN,NaN,NaN,NaN,NaN,NaN,NaN
NaN,NaN,0.049781728972448,-0.10293342602381,-0.323799365209804,-0.430865280465999,-0.592003431045062,-1.37645422769128,-2.02817793226374,NaN,NaN,NaN,NaN,NaN,NaN,NaN,NaN,NaN
NaN,NaN,0.053830244083656,-0.0950413426471641,-0.311822165744767,-0.428424786912122,-0.578115586065299,-1.3766053999716,-2.02587417549027,NaN,NaN,NaN,NaN,NaN,NaN,NaN,NaN,NaN
NaN,NaN,0.0565639552369248,-0.0873527346266201,-0.301853363411889,-0.422771733390012,-0.56139670672322,-1.3709344836825,-2.02334589547051,NaN,NaN,NaN,NaN,NaN,NaN,NaN,NaN,NaN
NaN,NaN,0.0590450917079579,-0.0788719622505596,-0.293624849068389,-0.418920137123981,-0.545542020224578,-1.37027149376809,-2.02428552544249,NaN,NaN,NaN,NaN,NaN,NaN,NaN,NaN,NaN
NaN,NaN,0.0661120232834946,-0.0718937298370292,-0.279290434914098,-0.422038111971536,-0.529511947058684,-1.36480051380931,-2.0176223408295,NaN,NaN,NaN,NaN,NaN,NaN,NaN,NaN,NaN
NaN,NaN,0.071582500328077,-0.0663712104869774,-0.268377830284104,-0.422618288682618,-0.5118587462833,-1.35849037495791,-2.0149119127406,NaN,NaN,NaN,NaN,NaN,NaN,NaN,NaN,NaN
NaN,NaN,0.0758786913647782,-0.058479797662585,-0.261746217506394,-0.42045611156694,-0.499850328885562,-1.34798367795884,-2.00922650507224,NaN,NaN,NaN,NaN,NaN,NaN,NaN,NaN,NaN
NaN,NaN,0.0767271076038014,-0.0529040811670711,-0.255795680927501,-0.413682136820474,-0.486131965987928,-1.33558511090814,-2.00219740381969,NaN,NaN,NaN,NaN,NaN,NaN,NaN,NaN,NaN
NaN,NaN,0.0801097457006108,-0.0490596933377674,-0.246288591074214,-0.414443008737483,-0.471284579359538,-1.3257703120762,-1.99280250108374,NaN,NaN,NaN,NaN,NaN,NaN,NaN,NaN,NaN
NaN,NaN,0.0871123787655961,-0.0467090910387924,-0.232880973266826,-0.413572613285699,-0.456631820522792,-1.31328652900993,-1.99181902444495,NaN,NaN,NaN,NaN,NaN,NaN,NaN,NaN,NaN
NaN,NaN,0.0900464174046647,-0.0398195205343654,-0.223993529575334,-0.409408688681045,-0.441337771587617,-1.29754190621316,-1.97986520117653,NaN,NaN,NaN,NaN,NaN,NaN,NaN,NaN,NaN
NaN,NaN,0.0933638070418965,-0.0337022213352611,-0.216757935481534,-0.404385954277435,-0.431639127307183,-1.27928865430295,-1.97691210767759,NaN,NaN,NaN,NaN,NaN,NaN,NaN,NaN,NaN
NaN,NaN,0.0952924270823132,-0.0298027550888946,-0.212766361432538,-0.399967946247974,-0.419289473318107,-1.26393596929847,-1.97047065234316,NaN,NaN,NaN,NaN,NaN,NaN,NaN,NaN,NaN
NaN,NaN,0.100003634084715,-0.0316375909460476,-0.200899430560336,-0.400749009238401,-0.411964937918431,-1.24908457798301,-1.96488392761482,NaN,NaN,NaN,NaN,NaN,NaN,NaN,NaN,NaN
NaN,NaN,0.101129621703876,-0.0296246862126281,-0.188779496597514,-0.400143817202964,-0.402404334270007,-1.234633133834,-1.95551165601743,NaN,NaN,NaN,NaN,NaN,NaN,NaN,NaN,NaN
NaN,NaN,0.100605268467916,-0.0277915267361095,-0.183849317031369,-0.399553246931949,-0.393522906922347,-1.21249317479669,-1.95062841510905,NaN,NaN,NaN,NaN,NaN,NaN,NaN,NaN,NaN
NaN,NaN,0.0975682069256436,-0.0225343411875656,-0.181086995648608,-0.395404968546548,-0.386492147915608,-1.19130672243773,-1.94416205620898,NaN,NaN,NaN,NaN,NaN,NaN,NaN,NaN,NaN
NaN,NaN,0.10215616269852,-0.0195037989033153,-0.174386781650052,-0.392949815975347,-0.376910868906028,-1.1749255034083,-1.94140712952746,NaN,NaN,NaN,NaN,NaN,NaN,NaN,NaN,NaN
NaN,NaN,0.104453865875257,-0.0204426838172367,-0.165375751452909,-0.389180865274587,-0.371900744610078,-1.16098203984438,-1.93954850769175,NaN,NaN,NaN,NaN,NaN,NaN,NaN,NaN,NaN
NaN,NaN,0.105650596757187,-0.0195479249669006,-0.160903093414769,-0.38399241133205,-0.36332976432944,-1.14590834183036,-1.93661756104363,NaN,NaN,NaN,NaN,NaN,NaN,NaN,NaN,NaN
NaN,NaN,0.10388348667766,-0.0185550233436516,-0.158462525355086,-0.379074338959375,-0.359566066288001,-1.12590567496954,-1.93768439105285,NaN,NaN,NaN,NaN,NaN,NaN,NaN,NaN,NaN
NaN,NaN,0.101753663708223,-0.0144694229675224,-0.158586521642671,-0.372203003750959,-0.351950734727628,-1.11234375563799,-1.94085375628007,NaN,NaN,NaN,NaN,NaN,NaN,NaN,NaN,NaN
NaN,NaN,0.106018282909645,-0.0179330488754204,-0.151452106433377,-0.366843391345659,-0.347182512157209,-1.0959341871494,-1.94190790167583,NaN,NaN,NaN,NaN,NaN,NaN,NaN,NaN,NaN
NaN,NaN,0.104815386672271,-0.0225788397801807,-0.143134818422065,-0.358473576741138,-0.340311474972016,-1.08425365117728,-1.93946021831168,NaN,NaN,NaN,NaN,NaN,NaN,NaN,NaN,NaN
NaN,NaN,0.105772469629301,-0.0200545271945884,-0.136569329547153,-0.350120078908124,-0.333660546564109,-1.06578667936265,-1.93425986206663,NaN,NaN,NaN,NaN,NaN,NaN,NaN,NaN,NaN
NaN,NaN,0.102948774088873,-0.0141955023718765,-0.134656057702766,-0.339395918087879,-0.325828868769653,-1.04605245692073,-1.93059119618071,NaN,NaN,NaN,NaN,NaN,NaN,NaN,NaN,NaN
NaN,NaN,0.106950387795223,-0.00810858291515615,-0.127060265290008,-0.329716440426031,-0.319997709118373,-1.029250503605,-1.92895853182805,NaN,NaN,NaN,NaN,NaN,NaN,NaN,NaN,NaN
NaN,NaN,0.112459384341491,-0.00862602573761251,-0.112826731996999,-0.319419738041082,-0.319284912072665,-1.0109974379593,-1.92641022837294,NaN,NaN,NaN,NaN,NaN,NaN,NaN,NaN,NaN
NaN,NaN,0.111992251564516,-0.00848897230753209,-0.104707648056016,-0.309749964760461,-0.316690899305589,-0.99698762697517,-1.92197867891324,NaN,NaN,NaN,NaN,NaN,NaN,NaN,NaN,NaN
NaN,NaN,0.112223741103662,-0.0048183692706516,-0.103286244916186,-0.300574965910831,-0.315738882743365,-0.977165804331889,-1.91549726984037,NaN,NaN,NaN,NaN,NaN,NaN,NaN,NaN,NaN
NaN,NaN,0.112680983234895,0.0031568998383591,-0.10305337701963,-0.287562657283464,-0.308899100743777,-0.960358002310386,-1.90897113865746,NaN,NaN,NaN,NaN,NaN,NaN,NaN,NaN,NaN
NaN,NaN,0.119389504630817,0.00810773613920901,-0.0943712154500342,-0.274668160961786,-0.309453684710509,-0.938655150210252,-1.90419160983098,NaN,NaN,NaN,NaN,NaN,NaN,NaN,NaN,NaN
NaN,NaN,0.121443853218807,0.00730888488760684,-0.0833628336064673,-0.262625806169429,-0.30480677621866,-0.919515856629005,-1.89617558604611,NaN,NaN,NaN,NaN,NaN,NaN,NaN,NaN,NaN
NaN,NaN,0.122140910913004,0.00858179795613978,-0.0805346863441325,-0.250659782575288,-0.304029065989501,-0.900096924131503,-1.88504328242076,NaN,NaN,NaN,NaN,NaN,NaN,NaN,NaN,NaN
NaN,NaN,0.124536440212978,0.018564830897958,-0.0821212129764414,-0.240489106761136,-0.30063879104758,-0.881238740956178,-1.87533640524877,NaN,NaN,NaN,NaN,NaN,NaN,NaN,NaN,NaN
NaN,NaN,0.12896569861914,0.0266996728169033,-0.0791159840397692,-0.228348627822318,-0.296246617906339,-0.861264833336463,-1.86850645801557,NaN,NaN,NaN,NaN,NaN,NaN,NaN,NaN,NaN
NaN,NaN,0.132386818964733,0.0259286681102822,-0.0692616412513113,-0.219804786281505,-0.298503156625278,-0.843975686555496,-1.86268470472229,NaN,NaN,NaN,NaN,NaN,NaN,NaN,NaN,NaN
NaN,NaN,0.132129420031561,0.0204906755971024,-0.0627722973100996,-0.21197437508575,-0.298120904587752,-0.828651593154064,-1.85438341683281,NaN,NaN,NaN,NaN,NaN,NaN,NaN,NaN,NaN
NaN,NaN,0.129888136376394,0.0223881894635269,-0.065358207570777,-0.205194533007064,-0.302717968695409,-0.814051007007947,-1.84451214259995,NaN,NaN,NaN,NaN,NaN,NaN,NaN,NaN,NaN
NaN,NaN,0.13461713163997,0.0309916729020188,-0.0688122036032534,-0.202145606415191,-0.301756657533891,-0.798053809528938,-1.83401081001891,NaN,NaN,NaN,NaN,NaN,NaN,NaN,NaN,NaN
NaN,NaN,0.140159897942794,0.0364288272248814,-0.0644629644327021,-0.191607970880189,-0.301329310857303,-0.776336019014707,-1.82685862517489,NaN,NaN,NaN,NaN,NaN,NaN,NaN,NaN,NaN
NaN,NaN,0.141998216946376,0.0342263983475277,-0.0570283094518042,-0.182704396681705,-0.303427748255975,-0.761647255247226,-1.81791846862567,NaN,NaN,NaN,NaN,NaN,NaN,NaN,NaN,NaN
NaN,NaN,0.139747973968042,0.0344640159892151,-0.0546957189314223,-0.1748434008526,-0.306788686536796,-0.745533176785102,-1.81072143128646,NaN,NaN,NaN,NaN,NaN,NaN,NaN,NaN,NaN
NaN,NaN,0.13946524306084,0.0396788077341625,-0.0580549808316088,-0.170766350017705,-0.311084691308982,-0.732227780943504,-1.80078252440823,NaN,NaN,NaN,NaN,NaN,NaN,NaN,NaN,NaN
NaN,NaN,0.145398699183716,0.0466815711843083,-0.0590721713476038,-0.168707791851678,-0.311979506038673,-0.71801577982842,-1.79034994205964,NaN,NaN,NaN,NaN,NaN,NaN,NaN,NaN,NaN
NaN,NaN,0.143521842051996,0.0461648547934601,-0.0563447745613909,-0.162340302156129,-0.31288838373924,-0.702574097638717,-1.78465067631138,NaN,NaN,NaN,NaN,NaN,NaN,NaN,NaN,NaN
NaN,NaN,0.141276050795568,0.0433929780410836,-0.0521317878835059,-0.157846465842643,-0.31617604555989,-0.687719185923925,-1.77463636955751,NaN,NaN,NaN,NaN,NaN,NaN,NaN,NaN,NaN
NaN,NaN,0.137113467295421,0.0449866944836685,-0.0508360201589918,-0.152926325933853,-0.318647850178725,-0.670479585503927,-1.7651371586932,NaN,NaN,NaN,NaN,NaN,NaN,NaN,NaN,NaN
NaN,NaN,0.142902940948261,0.0514913493680069,-0.0526457289330817,-0.146496605263868,-0.317264333241231,-0.653645464306465,-1.75394504553212,NaN,NaN,NaN,NaN,NaN,NaN,NaN,NaN,NaN
NaN,NaN,0.150118940015091,0.0569876985537121,-0.0489802854232645,-0.138691041754403,-0.316674880557306,-0.637539525603643,-1.74012438616289,NaN,NaN,NaN,NaN,NaN,NaN,NaN,NaN,NaN
NaN,NaN,0.149186946888221,0.0548827791499207,-0.0419159988038397,-0.127958145128408,-0.315589647614009,-0.623658982192865,-1.72868550977243,NaN,NaN,NaN,NaN,NaN,NaN,NaN,NaN,NaN
NaN,NaN,0.145161584456218,0.0538247221993515,-0.0378201538793898,-0.120733168111959,-0.317617006473787,-0.605289743369212,-1.7178379673375,NaN,NaN,NaN,NaN,NaN,NaN,NaN,NaN,NaN
NaN,NaN,0.14330733983661,0.0558562347578118,-0.0389436083011484,-0.115766909109273,-0.314590338491447,-0.589613628661027,-1.70877230575813,NaN,NaN,NaN,NaN,NaN,NaN,NaN,NaN,NaN
NaN,NaN,0.149475060839904,0.0614813113497803,-0.0395495640210963,-0.108759358661094,-0.314755443357475,-0.578741331672063,-1.69522141328586,NaN,NaN,NaN,NaN,NaN,NaN,NaN,NaN,NaN
NaN,NaN,0.15005140050198,0.0626928316341946,-0.0346048558227873,-0.102920916067281,-0.317319597922809,-0.568433770065894,-1.68035974016918,NaN,NaN,NaN,NaN,NaN,NaN,NaN,NaN,NaN
NaN,NaN,0.147796947945608,0.059736962793977,-0.0265917563907957,-0.092272713916221,-0.315116554372556,-0.5555521818751,-1.66404708510769,NaN,NaN,NaN,NaN,NaN,NaN,NaN,NaN,NaN
NaN,NaN,0.144947231252445,0.0636682802723954,-0.0219234461061812,-0.0858427883552698,-0.313911367081649,-0.538769562816015,-1.65369783750308,NaN,NaN,NaN,NaN,NaN,NaN,NaN,NaN,NaN
NaN,NaN,0.147597849805607,0.0680912056850502,-0.0191274108462191,-0.0802605153488306,-0.306530021004922,-0.523383145307889,-1.62532021513713,NaN,NaN,NaN,NaN,NaN,NaN,NaN,NaN,NaN
NaN,NaN,0.153657500137342,0.070613078205497,-0.0154540697209692,-0.073830161379495,-0.304713718467004,-0.512966935610166,-1.61005796155465,NaN,NaN,NaN,NaN,NaN,NaN,NaN,NaN,NaN
NaN,NaN,0.151697587658418,0.0702149191783974,-0.0110975662343359,-0.0686609299348978,-0.300187229984052,-0.50045353648602,-1.59541393852366,NaN,NaN,NaN,NaN,NaN,NaN,NaN,NaN,NaN
NaN,NaN,0.149623830307974,0.072360556005151,-0.0046858014635897,-0.0598089323805956,-0.292808994524724,-0.486365829681745,-1.57590073755515,NaN,NaN,NaN,NaN,NaN,NaN,NaN,NaN,NaN
NaN,NaN,0.147216659475816,0.0775015124963829,-0.00267803763078216,-0.0569823869930891,-0.287640359126575,-0.472504862671485,-1.56283521315587,NaN,NaN,NaN,NaN,NaN,NaN,NaN,NaN,NaN
NaN,NaN,0.151875451643718,0.0782121116208145,-0.00146476645992759,-0.052214928107181,-0.278099685781247,-0.459889893507352,-1.54818640312684,NaN,NaN,NaN,NaN,NaN,NaN,NaN,NaN,NaN
NaN,NaN,0.156014677573694,0.0808789910661289,9.82535905980769e-05,-0.0475395397709993,-0.274993724994905,-0.451682892715326,-1.529880978526,NaN,NaN,NaN,NaN,NaN,NaN,NaN,NaN,NaN
NaN,NaN,0.155607931752456,0.0795556189405033,0.00267513002230164,-0.0463826694952635,-0.268933180593497,-0.438728493725648,-1.51570224425329,NaN,NaN,NaN,NaN,NaN,NaN,NaN,NaN,NaN
NaN,NaN,0.155287091125501,0.0824413964437554,0.00526737327648637,-0.0432906785475401,-0.259345307820089,-0.42665927959024,-1.50307056716216,NaN,NaN,NaN,NaN,NaN,NaN,NaN,NaN,NaN
NaN,NaN,0.153394327004207,0.0831290105270455,0.00438719893766877,-0.0435179026292948,-0.254010077439792,-0.416625154291978,-1.49505487865342,NaN,NaN,NaN,NaN,NaN,NaN,NaN,NaN,NaN
NaN,NaN,0.158675168146146,0.0806207353161881,0.00430539156271455,-0.0414934308694986,-0.24847045900727,-0.408232894813409,-1.48082428833974,NaN,NaN,NaN,NaN,NaN,NaN,NaN,NaN,NaN
NaN,NaN,0.16068412407185,0.0775724233972142,0.0049260249264383,-0.0395372623073248,-0.247888717674262,-0.39858023924171,-1.46868848464025,NaN,NaN,NaN,NaN,NaN,NaN,NaN,NaN,NaN
NaN,NaN,0.159945436258567,0.0755840497004101,0.004204994989171,-0.0392699168490556,-0.239479210101611,-0.386662048375001,-1.45577187872065,NaN,NaN,NaN,NaN,NaN,NaN,NaN,NaN,NaN
NaN,NaN,0.156128187169088,0.0771822364913533,0.00526139418555734,-0.0379741863774446,-0.230420831464774,-0.375612148171058,-1.4516261521591,NaN,NaN,NaN,NaN,NaN,NaN,NaN,NaN,NaN
NaN,NaN,0.153306875814451,0.0771437356161186,0.00662986095024583,-0.0379693248736051,-0.224366787694938,-0.364193835383048,-1.42918310350312,NaN,NaN,NaN,NaN,NaN,NaN,NaN,NaN,NaN
NaN,NaN,0.160967898060335,0.0751058155583451,0.00890631134582993,-0.034152429686704,-0.216053280853278,-0.349635438149562,-1.40620884707702,NaN,NaN,NaN,NaN,NaN,NaN,NaN,NaN,NaN
NaN,NaN,0.163019732077373,0.0746196651743958,0.00969430337621209,-0.0314707049595503,-0.208908732854373,-0.335520797496429,-1.39718338137997,NaN,NaN,NaN,NaN,NaN,NaN,NaN,NaN,NaN
NaN,NaN,0.165120330144418,0.0776488291012356,0.0116521110661173,-0.0324759931730417,-0.193233754359729,-0.324084212159505,-1.37895698881281,NaN,NaN,NaN,NaN,NaN,NaN,NaN,NaN,NaN
NaN,NaN,0.165377561439527,0.0788097226904938,0.0154538443215036,-0.0299814270304826,-0.182798415296323,-0.312670500105014,-1.370686546327,NaN,NaN,NaN,NaN,NaN,NaN,NaN,NaN,NaN
NaN,NaN,0.166547842760338,0.077879182426841,0.0141178620882177,-0.0311257430779127,-0.174394681923635,-0.301657424395671,-1.355919458331,NaN,NaN,NaN,NaN,NaN,NaN,NaN,NaN,NaN
NaN,NaN,0.173756316740764,0.075028515784652,0.014987885010972,-0.0295629651712564,-0.167052619033105,-0.290926111018052,-1.34156604519618,NaN,NaN,NaN,NaN,NaN,NaN,NaN,NaN,NaN
NaN,NaN,0.17731914712931,0.0766436153935501,0.0145243285126829,-0.0256154799329427,-0.157847557090766,-0.280579526996007,-1.32674529439343,NaN,NaN,NaN,NaN,NaN,NaN,NaN,NaN,NaN
NaN,NaN,0.182640463550342,0.0786522919224808,0.0205113729365015,-0.023377977447429,-0.142349623017556,-0.271363345062127,-1.31546356937421,NaN,NaN,NaN,NaN,NaN,NaN,NaN,NaN,NaN
NaN,NaN,0.181099757988704,0.0759221943008015,0.0235345205195093,-0.0172108152376798,-0.131608288609035,-0.269003653054824,-1.30358505284918,NaN,NaN,NaN,NaN,NaN,NaN,NaN,NaN,NaN
NaN,NaN,0.184261206974043,0.0768761293875286,0.0243813348837042,-0.0165693388747362,-0.125421177469737,-0.260971871291986,-1.2922912206365,NaN,NaN,NaN,NaN,NaN,NaN,NaN,NaN,NaN
NaN,NaN,0.188382812280906,0.075062266914756,0.0283327130503797,-0.0128646866845277,-0.120006840549953,-0.257360705261817,-1.28110974317921,NaN,NaN,NaN,NaN,NaN,NaN,NaN,NaN,NaN
NaN,NaN,0.188098442245973,0.0800754645752022,0.0273689431972646,-0.0134429448711065,-0.110652468972451,-0.25377539274632,-1.27057728579772,NaN,NaN,NaN,NaN,NaN,NaN,NaN,NaN,NaN
NaN,NaN,0.188433681119932,0.0801489645527909,0.0290099894530916,-0.0132619330155042,-0.103100579105861,-0.253028267150512,-1.26331816649569,NaN,NaN,NaN,NaN,NaN,NaN,NaN,NaN,NaN
NaN,NaN,0.179724138666643,0.0784069443034241,0.0290021104641103,-0.00989244519344841,-0.0982917881240913,-0.256993838673225,-1.2528543662144,NaN,NaN,NaN,NaN,NaN,NaN,NaN,NaN,NaN
NaN,NaN,0.181664511997951,0.0769473569380352,0.0287701925165796,-0.0130947233604578,-0.0992037950685093,-0.253069860016694,-1.24575301295651,NaN,NaN,NaN,NaN,NaN,NaN,NaN,NaN,NaN
NaN,NaN,0.181341920484556,0.0770290525542805,0.0291529474682951,-0.0121600480245737,-0.0918780862023899,-0.252808121120324,-1.23553826695813,NaN,NaN,NaN,NaN,NaN,NaN,NaN,NaN,NaN
NaN,NaN,0.182277899672044,0.0848587000655243,0.0301707154042864,-0.0182619058953909,-0.0848270988693306,-0.250657529657474,-1.23005443474782,NaN,NaN,NaN,NaN,NaN,NaN,NaN,NaN,NaN
NaN,NaN,0.179015420813812,0.0845279315399239,0.0307519351966524,-0.0178098419176725,-0.0767686067750522,-0.25556438890635,-1.22489881923927,NaN,NaN,NaN,NaN,NaN,NaN,NaN,NaN,NaN
NaN,NaN,0.174638614495052,0.0856168897735188,0.0261264098711157,-0.0159033501016286,-0.07512811931277,-0.259622235869756,-1.22015987745059,NaN,NaN,NaN,NaN,NaN,NaN,NaN,NaN,NaN
NaN,NaN,0.177021645446075,0.0849117109464714,0.0220790868528032,-0.0185382106768278,-0.0759317203095028,-0.259407267993083,-1.21388652584089,NaN,NaN,NaN,NaN,NaN,NaN,NaN,NaN,NaN
NaN,NaN,0.177425522793783,0.0861109191464493,0.0212989924378538,-0.0174574108289865,-0.0667447446515628,-0.258912866091123,-1.2074100341512,NaN,NaN,NaN,NaN,NaN,NaN,NaN,NaN,NaN
NaN,NaN,0.176993910659803,0.0897052468644688,0.0206737210877084,-0.0199791902171758,-0.0616144052376815,-0.265624032443156,-1.20312596893442,NaN,NaN,NaN,NaN,NaN,NaN,NaN,NaN,NaN
NaN,NaN,0.170093834836734,0.0882208490656922,0.0195153234429502,-0.0189815015958932,-0.0523735991349289,-0.267624215310207,-1.19779947435988,NaN,NaN,NaN,NaN,NaN,NaN,NaN,NaN,NaN
NaN,NaN,0.169779029180063,0.0894222551869461,0.0174861391909265,-0.0180139691995767,-0.0489137543966838,-0.266529725020518,-1.18654889276756,NaN,NaN,NaN,NaN,NaN,NaN,NaN,NaN,NaN
NaN,NaN,0.174938295473112,0.090668793200166,0.0202980628140115,-0.017797790603557,-0.044345505409486,-0.258995716547361,-1.17020155525339,NaN,NaN,NaN,NaN,NaN,NaN,NaN,NaN,NaN
NaN,NaN,0.17916255115415,0.0967306042002747,0.0245253918595457,-0.00959328575603043,-0.0339211186995575,-0.254312709992519,-1.15878352186216,NaN,NaN,NaN,NaN,NaN,NaN,NaN,NaN,NaN
NaN,NaN,0.176156446774257,0.100967376856715,0.0245907520778322,-0.00805161161891495,-0.0280432625343868,-0.25815544006764,-1.1429885890199,NaN,NaN,NaN,NaN,NaN,NaN,NaN,NaN,NaN
NaN,NaN,0.172826763679041,0.103623341201455,0.0250637335605764,-0.00592814026943718,-0.0228540635337898,-0.254511864011874,-1.13005615061653,NaN,NaN,NaN,NaN,NaN,NaN,NaN,NaN,NaN
NaN,NaN,0.173099268664373,0.106514464496286,0.0274248039252901,-0.00733467950097595,-0.0223700924446651,-0.249568031256786,-1.11124276405705,NaN,NaN,NaN,NaN,NaN,NaN,NaN,NaN,NaN
NaN,NaN,0.179065116186393,0.110988091109903,0.0318709937758589,-0.007850445942798,-0.0188996678819725,-0.241546289151302,-1.09463687276972,NaN,NaN,NaN,NaN,NaN,NaN,NaN,NaN,NaN
NaN,NaN,0.181295093585504,0.115381195573718,0.0323099447317266,-0.00305424644223724,-0.016821458809621,-0.240745929157129,-1.08187564870847,NaN,NaN,NaN,NaN,NaN,NaN,NaN,NaN,NaN
NaN,NaN,0.177737962891115,0.11782574969402,0.0319333365090036,-0.00211094705931221,-0.0153629890313217,-0.240365018224111,-1.06340454182161,NaN,NaN,NaN,NaN,NaN,NaN,NaN,NaN,NaN
NaN,NaN,0.177824072976364,0.120809632717283,0.0295439539380216,-0.000779826329865799,-0.0109777263035842,-0.235348523681751,-1.04562775454057,NaN,NaN,NaN,NaN,NaN,NaN,NaN,NaN,NaN
NaN,NaN,0.177158214588417,0.123596615521819,0.030423439098134,-0.00287006808988129,-0.00816557916308132,-0.229410057043424,-1.02281854710115,NaN,NaN,NaN,NaN,NaN,NaN,NaN,NaN,NaN
NaN,NaN,0.181698188622249,0.127409580527456,0.0343152684993887,-0.000216245787062988,-0.00630861508155552,-0.224536241119495,-1.00826022437347,NaN,NaN,NaN,NaN,NaN,NaN,NaN,NaN,NaN
NaN,NaN,0.179269131709589,0.128079704372794,0.0376468328662061,0.00513815121181931,-0.00413732963109699,-0.228698414837709,-0.993418742330202,NaN,NaN,NaN,NaN,NaN,NaN,NaN,NaN,NaN
NaN,NaN,0.175603613693966,0.131767536877305,0.0338233625419283,0.00364140407570328,-0.00574929999614444,-0.23277630386292,-0.976142131151088,NaN,NaN,NaN,NaN,NaN,NaN,NaN,NaN,NaN
NaN,NaN,0.171089902956737,0.13228695410362,0.0338695561416292,0.000644482536396637,-0.00267237784767833,-0.234037761663785,-0.957154754908212,NaN,NaN,NaN,NaN,NaN,NaN,NaN,NaN,NaN
NaN,NaN,0.16928971229936,0.133658904014737,0.0387158794231558,-0.0010900871323732,-0.00506790714765278,-0.233393081551185,-0.937492430569061,NaN,NaN,NaN,NaN,NaN,NaN,NaN,NaN,NaN
NaN,NaN,0.168641809810651,0.133827641038806,0.0436621522433901,0.000328820062956467,-0.00629850091839519,-0.233080585574498,-0.925388049693235,NaN,NaN,NaN,NaN,NaN,NaN,NaN,NaN,NaN
NaN,NaN,0.161291085620178,0.135055124192149,0.042470729900136,0.00279572592504944,-0.00754829856062618,-0.240563743835082,-0.91322352400554,NaN,NaN,NaN,NaN,NaN,NaN,NaN,NaN,NaN
NaN,NaN,0.157443140138639,0.137478183387429,0.0400676010079527,-0.00314056141845261,-0.0119921228518554,-0.246672139590373,-0.896975987018474,NaN,NaN,NaN,NaN,NaN,NaN,NaN,NaN,NaN
NaN,NaN,0.152653720666422,0.135703790365369,0.0385097963638448,-0.00710363699666534,-0.0128102524807521,-0.250777372246375,-0.881595418216117,NaN,NaN,NaN,NaN,NaN,NaN,NaN,NaN,NaN
NaN,NaN,0.151565321226371,0.135803386001498,0.0412531560189867,-0.00588233782521759,-0.0185103005399772,-0.251313087617746,-0.868421133966573,NaN,NaN,NaN,NaN,NaN,NaN,NaN,NaN,NaN
NaN,NaN,0.147663899202598,0.134381833850057,0.0436687832601213,-0.00482096536628281,-0.0209945848813125,-0.251114958053222,-0.858245633901485,NaN,NaN,NaN,NaN,NaN,NaN,NaN,NaN,NaN
NaN,NaN,0.143469203700079,0.133544146447093,0.0425016125567102,-0.00485993190280472,-0.0218682399621078,-0.255767417227617,-0.844417821974882,NaN,NaN,NaN,NaN,NaN,NaN,NaN,NaN,NaN
NaN,NaN,0.14021950258757,0.137694715886028,0.0432774973936224,-0.00986832393876587,-0.0207530929377147,-0.255883609032026,-0.826254964233764,NaN,NaN,NaN,NaN,NaN,NaN,NaN,NaN,NaN
NaN,NaN,0.139883425523294,0.140355187832029,0.0430585062034273,-0.00823564095965897,-0.018215443812854,-0.252899502491346,-0.810906470180877,NaN,NaN,NaN,NaN,NaN,NaN,NaN,NaN,NaN
NaN,NaN,0.141529426415218,0.141571774511249,0.0454875258631849,-0.00235338895193611,-0.0193056127657959,-0.250909936701646,-0.793250531317123,NaN,NaN,NaN,NaN,NaN,NaN,NaN,NaN,NaN
NaN,NaN,0.13934005468036,0.140671539484174,0.049816629839673,0.000229410691342011,-0.0211054308941433,-0.249295600777259,-0.778021488697656,NaN,NaN,NaN,NaN,NaN,NaN,NaN,NaN,NaN
NaN,NaN,0.139412381191505,0.142956539420993,0.0483402227885866,-0.00088113559953247,-0.0198644249370166,-0.249599994247546,-0.76088763064278,NaN,NaN,NaN,NaN,NaN,NaN,NaN,NaN,NaN
NaN,NaN,0.135542307485593,0.144658885328681,0.0506448550052786,-0.00580013929478203,-0.0195154956212112,-0.25152382728993,-0.743051853389867,NaN,NaN,NaN,NaN,NaN,NaN,NaN,NaN,NaN
NaN,NaN,0.136614576418651,0.146706155865104,0.0509308082885885,-0.00358517481557404,-0.0160689129164287,-0.24574271691381,-0.725712806345352,NaN,NaN,NaN,NaN,NaN,NaN,NaN,NaN,NaN
NaN,NaN,0.133177567709936,0.14691093507281,0.0584876341648245,2.58980823370364e-05,-0.0175741164615223,-0.242264953529229,-0.707008365900644,NaN,NaN,NaN,NaN,NaN,NaN,NaN,NaN,NaN
NaN,NaN,0.133145753730787,0.146962679355056,0.0604551089830541,0.00104998038538421,-0.020667597525365,-0.237640843814006,-0.691077255071529,NaN,NaN,NaN,NaN,NaN,NaN,NaN,NaN,NaN
NaN,NaN,0.135165904153837,0.147168334005983,0.0619859052724981,-0.00424086316100632,-0.0223902090122768,-0.23949216408073,-0.670529485107788,NaN,NaN,NaN,NaN,NaN,NaN,NaN,NaN,NaN
NaN,NaN,0.133587554533733,0.146394255934865,0.0641732653505945,-0.00812265290490662,-0.0249423867693016,-0.238910255109658,-0.65475947445763,NaN,NaN,NaN,NaN,NaN,NaN,NaN,NaN,NaN
NaN,NaN,0.13320271341945,0.145848761676461,0.0648440224952841,-0.0105378703641084,-0.0245257689287731,-0.236015983944526,-0.636648528636821,NaN,NaN,NaN,NaN,NaN,NaN,NaN,NaN,NaN
NaN,NaN,0.128704909671796,0.143045853255899,0.0696731721885347,-0.00963879017702614,-0.0321479922761985,-0.230990772222867,-0.618168052644857,NaN,NaN,NaN,NaN,NaN,NaN,NaN,NaN,NaN
NaN,NaN,0.131031129945768,0.142846531598479,0.0674348501391554,-0.0162207075821546,-0.033726137005336,-0.227537744765868,-0.599109281213411,NaN,NaN,NaN,NaN,NaN,NaN,NaN,NaN,NaN
NaN,NaN,0.130504094500793,0.140018756865175,0.068810171437993,-0.0227354580032018,-0.0362535788347789,-0.229801249777665,-0.579299081475862,NaN,NaN,NaN,NaN,NaN,NaN,NaN,NaN,NaN
NaN,NaN,0.128612280328525,0.142179350732476,0.0713591268189096,-0.0260446333753255,-0.0362338720491001,-0.228377723222366,-0.557254415364393,NaN,NaN,NaN,NaN,NaN,NaN,NaN,NaN,NaN
NaN,NaN,0.128127526928438,0.138834226308973,0.0730237914152288,-0.0260020905601171,-0.0355457736780712,-0.22356885773479,-0.537685707570442,NaN,NaN,NaN,NaN,NaN,NaN,NaN,NaN,NaN
NaN,NaN,0.127911590476288,0.138306427179486,0.0770757896728658,-0.0263682307171014,-0.0394028274943897,-0.218512279068818,-0.5188510309769,NaN,NaN,NaN,NaN,NaN,NaN,NaN,NaN,NaN
NaN,NaN,0.135128260095371,0.140285394518287,0.0773704042561197,-0.0331763477491525,-0.0369726157417366,-0.21694760126411,-0.501508389027246,NaN,NaN,NaN,NaN,NaN,NaN,NaN,NaN,NaN
NaN,NaN,0.133791551430477,0.137357353596599,0.0792337944634103,-0.0363182948397783,-0.0385465508928367,-0.22163383019506,-0.484137826026805,NaN,NaN,NaN,NaN,NaN,NaN,NaN,NaN,NaN
NaN,NaN,0.131070767034544,0.134599707453162,0.0791238983996057,-0.0417127945887235,-0.0372767670681545,-0.221521829342237,-0.462804764868148,NaN,NaN,NaN,NaN,NaN,NaN,NaN,NaN,NaN
NaN,NaN,0.128649477352155,0.130838822005899,0.0827988227732324,-0.03914802535049,-0.0401174685587951,-0.218252067541471,-0.442862075181135,NaN,NaN,NaN,NaN,NaN,NaN,NaN,NaN,NaN
NaN,NaN,0.130317550589098,0.131699308185489,0.0838986961074018,-0.0385106468068746,-0.0399283355703422,-0.211950943892589,-0.423607427985795,NaN,NaN,NaN,NaN,NaN,NaN,NaN,NaN,NaN
NaN,NaN,0.136948027153267,0.131699345438392,0.0871625346965933,-0.0396366716789392,-0.0394438615670272,-0.209564355289331,-0.407922540218957,NaN,NaN,NaN,NaN,NaN,NaN,NaN,NaN,NaN
NaN,NaN,0.137555845518364,0.131014283178956,0.0921999467439794,-0.0409662650393633,-0.0353631785740921,-0.210157961671939,-0.387963999421724,NaN,NaN,NaN,NaN,NaN,NaN,NaN,NaN,NaN
NaN,NaN,0.138925318111433,0.134276464013965,0.0973856439716959,-0.0410535299646047,-0.0324805489411422,-0.202750650321832,-0.368954532207378,NaN,NaN,NaN,NaN,NaN,NaN,NaN,NaN,NaN
NaN,NaN,0.141858742077602,0.134532577721984,0.0997553756363535,-0.0365966112779764,-0.0315219758679935,-0.194397990679136,-0.350559477121957,NaN,NaN,NaN,NaN,NaN,NaN,NaN,NaN,NaN
NaN,NaN,0.15055541365291,0.139326206772239,0.102866924358144,-0.0378068090843347,-0.0301119907429287,-0.18858510357677,-0.335623056055435,NaN,NaN,NaN,NaN,NaN,NaN,NaN,NaN,NaN
NaN,NaN,0.156378638435854,0.139854043154628,0.106416939748063,-0.0404799097644476,-0.0272833405664035,-0.185245250439039,-0.32356898522509,NaN,NaN,NaN,NaN,NaN,NaN,NaN,NaN,NaN
NaN,NaN,0.152636994112981,0.140623539118678,0.110446232361331,-0.0424352028834013,-0.0231113507082531,-0.183295452123275,-0.309389021606573,NaN,NaN,NaN,NaN,NaN,NaN,NaN,NaN,NaN
NaN,NaN,0.153290782560362,0.141994241057546,0.11081155295445,-0.0418059082197336,-0.0227406098177501,-0.17599438605248,-0.295486647994646,NaN,NaN,NaN,NaN,NaN,NaN,NaN,NaN,NaN
NaN,NaN,0.155792892415775,0.139720994411618,0.107263921750321,-0.0408049227165369,-0.0202187931766578,-0.170843445783248,-0.285483125956186,NaN,NaN,NaN,NaN,NaN,NaN,NaN,NaN,NaN
NaN,NaN,0.162759967584861,0.141797284959466,0.108703485680356,-0.0414240473376897,-0.0235856546690532,-0.168445942079416,-0.277574614049324,NaN,NaN,NaN,NaN,NaN,NaN,NaN,NaN,NaN
NaN,NaN,0.164439421583666,0.138209010838182,0.111195444119706,-0.0421285369860319,-0.0217793172826835,-0.167189643805614,-0.269587293626197,NaN,NaN,NaN,NaN,NaN,NaN,NaN,NaN,NaN
NaN,NaN,0.162730705429567,0.13885303902498,0.112315396768584,-0.040400020913997,-0.0198799221446582,-0.164696437394014,-0.259266972900756,NaN,NaN,NaN,NaN,NaN,NaN,NaN,NaN,NaN
NaN,NaN,0.163683318038238,0.14008834528795,0.109639837396874,-0.0378718899058489,-0.0192805601885387,-0.159871515905252,-0.248622458787092,NaN,NaN,NaN,NaN,NaN,NaN,NaN,NaN,NaN
NaN,NaN,0.166349489678396,0.142128761290223,0.109321474087968,-0.0378912055360464,-0.0160286425283023,-0.155837752943626,-0.241825703890451,NaN,NaN,NaN,NaN,NaN,NaN,NaN,NaN,NaN
NaN,NaN,0.169074818928493,0.140617466895492,0.11233007441236,-0.0363069140779165,-0.0197343564262458,-0.155557573860278,-0.234872095645793,NaN,NaN,NaN,NaN,NaN,NaN,NaN,NaN,NaN
NaN,NaN,0.167160876531852,0.138048488079221,0.112891885442271,-0.0368919150399355,-0.0183418801655838,-0.151798029517522,-0.225137241543659,NaN,NaN,NaN,NaN,NaN,NaN,NaN,NaN,NaN
NaN,NaN,0.166544713516487,0.142441499410779,0.112863461477294,-0.0329529048370508,-0.0202089025309154,-0.149255481635919,-0.211503424109348,NaN,NaN,NaN,NaN,NaN,NaN,NaN,NaN,NaN
NaN,NaN,0.172960147698177,0.14809818509093,0.111357904029622,-0.0320276731120733,-0.0186050346722671,-0.142718733375659,-0.196133491010793,NaN,NaN,NaN,NaN,NaN,NaN,NaN,NaN,NaN
NaN,NaN,0.178727250982774,0.15314500349632,0.113009585989251,-0.0289819875227598,-0.0164354256024429,-0.13564764810144,-0.188429534794219,NaN,NaN,NaN,NaN,NaN,NaN,NaN,NaN,NaN
NaN,NaN,0.180910625000251,0.154118645368726,0.115985832167401,-0.0258443990217832,-0.0180554984738895,-0.129293439065805,-0.17737106642259,NaN,NaN,NaN,NaN,NaN,NaN,NaN,NaN,NaN
NaN,NaN,0.179561622877372,0.157776675550849,0.117036792439952,-0.0231697895990995,-0.0175679138531753,-0.123924923216691,-0.166930120797285,NaN,NaN,NaN,NaN,NaN,NaN,NaN,NaN,NaN
NaN,NaN,0.182355143566383,0.162428929834277,0.113720911545291,-0.0173755103217748,-0.0183320267727443,-0.124324553733459,-0.151685096682437,NaN,NaN,NaN,NaN,NaN,NaN,NaN,NaN,NaN
NaN,NaN,0.190271143306745,0.16602055671683,0.110513566983476,-0.0155615733431963,-0.0187723933389255,-0.118356191640487,-0.141717039407619,NaN,NaN,NaN,NaN,NaN,NaN,NaN,NaN,NaN
NaN,NaN,0.194017202098621,0.169136911063106,0.114698539478316,-0.0101992228495268,-0.0175174175431797,-0.11495636132895,-0.135579232485422,NaN,NaN,NaN,NaN,NaN,NaN,NaN,NaN,NaN
NaN,NaN,0.193453658808721,0.171860936461599,0.11917162592484,-0.00503416373006378,-0.0192187948753902,-0.107401062821737,-0.126444448144563,NaN,NaN,NaN,NaN,NaN,NaN,NaN,NaN,NaN
NaN,NaN,0.19421440034057,0.176067459760816,0.120388622385993,0.00105204792149986,-0.0176744199028083,-0.103263904427877,-0.115650643022188,NaN,NaN,NaN,NaN,NaN,NaN,NaN,NaN,NaN
NaN,NaN,0.199268725205911,0.183472852586419,0.121158882034554,0.007434978945336,-0.0140329672625133,-0.101096940314164,-0.100852784128316,NaN,NaN,NaN,NaN,NaN,NaN,NaN,NaN,NaN
NaN,NaN,0.203944895853056,0.189252379714162,0.1265533817835,0.0120758152139994,-0.0127881056299278,-0.0938296253734734,-0.092973627509006,NaN,NaN,NaN,NaN,NaN,NaN,NaN,NaN,NaN
NaN,NaN,0.204709902842296,0.192421446918161,0.135717912567391,0.0183890646828028,-0.0118769927551815,-0.0881475145870354,-0.0877216759933314,NaN,NaN,NaN,NaN,NaN,NaN,NaN,NaN,NaN
NaN,NaN,0.204913601715816,0.195346228210838,0.138494408679738,0.0246430075300547,-0.01576662423516,-0.0806231918686535,-0.0802117328955016,NaN,NaN,NaN,NaN,NaN,NaN,NaN,NaN,NaN
NaN,NaN,0.204630908061517,0.20259309130779,0.139003823501601,0.0283052659166666,-0.0169270707895824,-0.0810948694997933,-0.0743669945610843,NaN,NaN,NaN,NaN,NaN,NaN,NaN,NaN,NaN
NaN,NaN,0.209752213646425,0.210747658638866,0.138606707555785,0.02791800336369,-0.0176482497384617,-0.0817497755342629,-0.069766987474092,NaN,NaN,NaN,NaN,NaN,NaN,NaN,NaN,NaN
NaN,NaN,0.210819043655647,0.213997955797822,0.142260751677289,0.0263021959496352,-0.0196411682894298,-0.077985630457988,-0.0705295171452842,NaN,NaN,NaN,NaN,NaN,NaN,NaN,NaN,NaN
NaN,NaN,0.209959395666374,0.217340975432307,0.144138353867068,0.0292920208109232,-0.0217277406385013,-0.0762881274276879,-0.0718503933264098,NaN,NaN,NaN,NaN,NaN,NaN,NaN,NaN,NaN
NaN,NaN,0.209168442030204,0.22271135392657,0.144711191756263,0.0314479394389006,-0.0252562611033985,-0.0730021606141236,-0.0702519830180487,NaN,NaN,NaN,NaN,NaN,NaN,NaN,NaN,NaN
NaN,NaN,0.210721627314342,0.226796991555602,0.143533608866467,0.0331400594247195,-0.0222109294166633,-0.0757593224698212,-0.0682895187152705,NaN,NaN,NaN,NaN,NaN,NaN,NaN,NaN,NaN
NaN,NaN,0.214175623346819,0.22838687094918,0.144293139678969,0.0339921823275896,-0.0199736318221161,-0.0782385031634476,-0.0689265806092105,NaN,NaN,NaN,NaN,NaN,NaN,NaN,NaN,NaN
NaN,NaN,0.210740719427122,0.229110191939981,0.147758479220405,0.0340713819993349,-0.0193711965015003,-0.0772985379153397,-0.0718021880699477,NaN,NaN,NaN,NaN,NaN,NaN,NaN,NaN,NaN
NaN,NaN,0.208307043154491,0.232042107163579,0.147526747537389,0.0370532906187388,-0.020947459959037,-0.0776887061947491,-0.0739431310309252,NaN,NaN,NaN,NaN,NaN,NaN,NaN,NaN,NaN
NaN,NaN,0.204983897943748,0.235262210844667,0.149219780219331,0.0410238912833544,-0.0228443032732078,-0.0785932066792156,-0.068742458136209,NaN,NaN,NaN,NaN,NaN,NaN,NaN,NaN,NaN
NaN,NaN,0.206671081919922,0.237555518178851,0.147610417557492,0.0441595612598273,-0.019542727493293,-0.0859892676526215,-0.0708648677779517,NaN,NaN,NaN,NaN,NaN,NaN,NaN,NaN,NaN
NaN,NaN,0.207183588732732,0.237958222060115,0.153670514924064,0.0427441930902811,-0.0203608571221897,-0.0890050205343868,-0.06837788260115,NaN,NaN,NaN,NaN,NaN,NaN,NaN,NaN,NaN
NaN,NaN,0.206217863102211,0.241852640538127,0.159082076502576,0.0433684213591429,-0.0211777760317394,-0.0832303921633866,-0.06936605310572,NaN,NaN,NaN,NaN,NaN,NaN,NaN,NaN,NaN
NaN,NaN,0.204665124852909,0.245773042915971,0.158674157214894,0.0459891258312079,-0.0232987886896202,-0.0851559015864041,-0.0686290602995238,NaN,NaN,NaN,NaN,NaN,NaN,NaN,NaN,NaN
NaN,NaN,0.203881342400564,0.250169593273313,0.162037312043443,0.0477414465082499,-0.0250904670586654,-0.0885002995782997,-0.064870708049663,NaN,NaN,NaN,NaN,NaN,NaN,NaN,NaN,NaN
NaN,NaN,0.206221830536379,0.253045405625016,0.165062583041921,0.0467594599855753,-0.0238556264569828,-0.0948034162574913,-0.0642929714037261,NaN,NaN,NaN,NaN,NaN,NaN,NaN,NaN,NaN
NaN,NaN,0.206674546439899,0.253716237275512,0.171585752619042,0.0461226029826018,-0.0260947866966793,-0.0933562713616993,-0.0621146079017005,NaN,NaN,NaN,NaN,NaN,NaN,NaN,NaN,NaN
NaN,NaN,0.207165390689625,0.258786133854301,0.172457712692752,0.0465660056603762,-0.0269632449975082,-0.0849452550464775,-0.0625485855950198,NaN,NaN,NaN,NaN,NaN,NaN,NaN,NaN,NaN
NaN,NaN,0.20610938264872,0.263339090524823,0.174765455526843,0.04960008697041,-0.0288587472071716,-0.082511280750623,-0.0609188642217001,NaN,NaN,NaN,NaN,NaN,NaN,NaN,NaN,NaN
NaN,NaN,0.205281287868274,0.266597639201791,0.181069745672479,0.0525151825083109,-0.0285297854473659,-0.0850632908695843,-0.0601434636725268,NaN,NaN,NaN,NaN,NaN,NaN,NaN,NaN,NaN
NaN,NaN,0.208754357387079,0.267759352354915,0.185388474715486,0.0525303816927287,-0.0264802424838611,-0.0858022394531872,-0.0598157126320681,NaN,NaN,NaN,NaN,NaN,NaN,NaN,NaN,NaN
NaN,NaN,0.213660285313381,0.270604915349395,0.190847328854337,0.0540812014175269,-0.0260467490782806,-0.0766330706828739,-0.0543050583316168,NaN,NaN,NaN,NaN,NaN,NaN,NaN,NaN,NaN
NaN,NaN,0.213309921760811,0.274785212604911,0.195870584798589,0.058318178964934,-0.0256973541011879,-0.0671446817868855,-0.0529106076670966,NaN,NaN,NaN,NaN,NaN,NaN,NaN,NaN,NaN
NaN,NaN,0.211480841477169,0.27541402298084,0.201743151051536,0.0659010073674532,-0.0242044998934337,-0.0684375624114182,-0.0512896966053328,NaN,NaN,NaN,NaN,NaN,NaN,NaN,NaN,NaN
NaN,NaN,0.212238546897424,0.277013588129194,0.208505987180009,0.0668367257846209,-0.0235249510636398,-0.069084794347873,-0.0535884428633532,NaN,NaN,NaN,NaN,NaN,NaN,NaN,NaN,NaN
NaN,NaN,0.21396145640756,0.277988515226752,0.213047786606088,0.0655050835145327,-0.0264602749278614,-0.06845730645,-0.0559830967201075,NaN,NaN,NaN,NaN,NaN,NaN,NaN,NaN,NaN
NaN,NaN,0.215432331402553,0.280110813109786,0.215200762254729,0.0655840224159571,-0.0241188927223751,-0.0584848533326294,-0.0531274195624671,NaN,NaN,NaN,NaN,NaN,NaN,NaN,NaN,NaN
NaN,NaN,0.212717842747225,0.278781517772586,0.218919682306781,0.0693138761950346,-0.0245813316335746,-0.0572391721361782,-0.05564275419844,NaN,NaN,NaN,NaN,NaN,NaN,NaN,NaN,NaN
NaN,NaN,0.213698674429907,0.277502998142154,0.226285438043609,0.0755336208773466,-0.0242698414852687,-0.0606516498082783,-0.0572278279675326,NaN,NaN,NaN,NaN,NaN,NaN,NaN,NaN,NaN
NaN,NaN,0.215645939548267,0.280798501698882,0.234894788814321,0.0748217737806651,-0.0254745631148883,-0.0574884499364998,-0.0606958124650798,NaN,NaN,NaN,NaN,NaN,NaN,NaN,NaN,NaN
NaN,NaN,0.218854476202978,0.280129420934827,0.235750003708138,0.0734065918756339,-0.0237044728031227,-0.0521608750277665,-0.0628915916992507,NaN,NaN,NaN,NaN,NaN,NaN,NaN,NaN,NaN
NaN,NaN,0.217452034790767,0.282875090269954,0.238536632610097,0.0721190942955824,-0.0199498644700119,-0.0432981300109532,-0.0639369081569991,NaN,NaN,NaN,NaN,NaN,NaN,NaN,NaN,NaN
NaN,NaN,0.213180169899715,0.282204742907197,0.24191707278563,0.0752604080868575,-0.0172413176527092,-0.0433318625146058,-0.0666290264440856,NaN,NaN,NaN,NaN,NaN,NaN,NaN,NaN,NaN
NaN,NaN,0.210600462247385,0.278716753600747,0.246795433563724,0.0758246778083655,-0.0142107194891044,-0.0467788550013211,-0.0734078813208422,NaN,NaN,NaN,NaN,NaN,NaN,NaN,NaN,NaN
NaN,NaN,0.212643057544483,0.279348991243751,0.250673721534743,0.0741912683976504,-0.0153453870346614,-0.0443112785869744,-0.0777011480046591,NaN,NaN,NaN,NaN,NaN,NaN,NaN,NaN,NaN
NaN,NaN,0.216546137322439,0.276416498600156,0.251265316260591,0.0738057194782111,-0.00934688734317509,-0.0391908298188355,-0.077505346746572,NaN,NaN,NaN,NaN,NaN,NaN,NaN,NaN,NaN
NaN,NaN,0.213011283864034,0.279761641650111,0.255683231157794,0.0743537469340178,-0.00300655501390186,-0.0379171158128884,-0.0783759470893225,NaN,NaN,NaN,NaN,NaN,NaN,NaN,NaN,NaN
NaN,NaN,0.207608979631914,0.276276576696546,0.258569101793303,0.0772019548846098,0.000597495711796608,-0.0428419309610035,-0.0809622485054812,NaN,NaN,NaN,NaN,NaN,NaN,NaN,NaN,NaN
NaN,NaN,0.206742104579462,0.276639326839359,0.262688024891152,0.0774295514953944,0.0048644059667519,-0.0445628846937325,-0.0837449099732718,NaN,NaN,NaN,NaN,NaN,NaN,NaN,NaN,NaN
NaN,NaN,0.209858812828315,0.275427825181396,0.266456230533853,0.0798498353494021,0.00355282438492092,-0.0423198687785771,-0.0807647894932112,NaN,NaN,NaN,NaN,NaN,NaN,NaN,NaN,NaN
NaN,NaN,0.211104121495737,0.273915748475702,0.268413498056664,0.0826266294849726,0.00877756265496525,-0.0408736552053597,-0.0794391449405036,NaN,NaN,NaN,NaN,NaN,NaN,NaN,NaN,NaN
NaN,NaN,0.209306836564792,0.272591817556531,0.270448996675744,0.0843763797117087,0.0124720261762074,-0.045047340070596,-0.0772862996770224,NaN,NaN,NaN,NaN,NaN,NaN,NaN,NaN,NaN
NaN,NaN,0.2042518784001,0.270772069125087,0.274066514325871,0.0859525127840849,0.0149196164081028,-0.0479159998649266,-0.078953590603002,NaN,NaN,NaN,NaN,NaN,NaN,NaN,NaN,NaN
NaN,NaN,0.204071946878685,0.275586354910047,0.279283429486289,0.0873977577818247,0.014765408016198,-0.0460084463411477,-0.0782637972248873,NaN,NaN,NaN,NaN,NaN,NaN,NaN,NaN,NaN
NaN,NaN,0.210534599114908,0.275704930900247,0.278521905643477,0.0895728057754847,0.0166370683679512,-0.0416792492324021,-0.0718332197381339,NaN,NaN,NaN,NaN,NaN,NaN,NaN,NaN,NaN
NaN,NaN,0.21558031855966,0.280834469376714,0.280459298742547,0.092764224721274,0.0238645040759972,-0.0394395674520638,-0.0679147731376967,NaN,NaN,NaN,NaN,NaN,NaN,NaN,NaN,NaN
NaN,NaN,0.216702115227235,0.282786093084724,0.28580846170856,0.0975860355926367,0.0287616216907433,-0.0439750152581837,-0.0638959858430705,NaN,NaN,NaN,NaN,NaN,NaN,NaN,NaN,NaN
NaN,NaN,0.21447869433905,0.285854372559697,0.288639700961842,0.100836872918687,0.0333996453652314,-0.0442249077314045,-0.0682643171264014,NaN,NaN,NaN,NaN,NaN,NaN,NaN,NaN,NaN
NaN,NaN,0.218037538666977,0.28607109132281,0.289731639427676,0.1024540400637,0.0361400806674889,-0.0423898669832852,-0.0647929612411341,NaN,NaN,NaN,NaN,NaN,NaN,NaN,NaN,NaN
NaN,NaN,0.22378549395944,0.287431809483678,0.289440172714724,0.106164727224192,0.0386774876484803,-0.04138266024529,-0.0642601888490996,NaN,NaN,NaN,NaN,NaN,NaN,NaN,NaN,NaN
NaN,NaN,0.225829672504915,0.287572830347926,0.291058382941022,0.109705820543847,0.043723318851941,-0.0480654398852494,-0.0657483678175292,NaN,NaN,NaN,NaN,NaN,NaN,NaN,NaN,NaN
NaN,NaN,0.220275972475065,0.287617217181833,0.290791093362107,0.114361930502734,0.0476903804907731,-0.0542481551819947,-0.06765731832517,NaN,NaN,NaN,NaN,NaN,NaN,NaN,NaN,NaN
NaN,NaN,0.218263645161642,0.288923080443055,0.292710698200002,0.11847407357224,0.0475159065196446,-0.0530187535041478,-0.074018717171081,NaN,NaN,NaN,NaN,NaN,NaN,NaN,NaN,NaN
NaN,NaN,0.220245350588812,0.286270748256356,0.295305325639977,0.122730254991135,0.0481362418601445,-0.0545351701730397,-0.0715710896862826,NaN,NaN,NaN,NaN,NaN,NaN,NaN,NaN,NaN
NaN,NaN,0.221005384315504,0.285208295463235,0.295094939870372,0.125485181672654,0.0480282456943921,-0.0547636049741414,-0.0744595866514525,NaN,NaN,NaN,NaN,NaN,NaN,NaN,NaN,NaN
NaN,NaN,0.213811662484659,0.281706410823972,0.296832676035895,0.128354735536656,0.0516285897562436,-0.0616498972231057,-0.0739796761287532,NaN,NaN,NaN,NaN,NaN,NaN,NaN,NaN,NaN
NaN,NaN,0.205812234868063,0.283882725416333,0.295533965332046,0.128688242150626,0.0522471369574002,-0.0646846677118447,-0.0750599916888556,NaN,NaN,NaN,NaN,NaN,NaN,NaN,NaN,NaN
NaN,NaN,0.203225821693195,0.281020696638734,0.296216587526336,0.128057308359227,0.046881545461171,-0.0608968670421746,-0.0774667341126284,NaN,NaN,NaN,NaN,NaN,NaN,NaN,NaN,NaN
NaN,NaN,0.203290511359228,0.281353197424323,0.293147339475884,0.130045626176676,0.046382580078595,-0.0594950589293148,-0.0768419284237704,NaN,NaN,NaN,NaN,NaN,NaN,NaN,NaN,NaN
NaN,NaN,0.201997109194053,0.279305405347259,0.293513908041253,0.131947293741784,0.0444200598964623,-0.0593685294443276,-0.077316325516828,NaN,NaN,NaN,NaN,NaN,NaN,NaN,NaN,NaN
NaN,NaN,0.197247401316417,0.282947882442386,0.295201557678714,0.132903482629141,0.05197740731334,-0.0606585043424275,-0.0756121355904422,NaN,NaN,NaN,NaN,NaN,NaN,NaN,NaN,NaN
NaN,NaN,0.195548743446125,0.286245881943614,0.29414705838038,0.134121317280612,0.0530714133152893,-0.0543668056780007,-0.0735922086848101,NaN,NaN,NaN,NaN,NaN,NaN,NaN,NaN,NaN
NaN,NaN,0.193676170398248,0.286378222881467,0.29395023266746,0.137291688336215,0.0525366851458481,-0.0490463088208344,-0.0728491250289759,NaN,NaN,NaN,NaN,NaN,NaN,NaN,NaN,NaN
NaN,NaN,0.19648306487943,0.287504285006435,0.293972863806024,0.144235871596417,0.056093834466689,-0.0481342273706105,-0.0701735470308146,NaN,NaN,NaN,NaN,NaN,NaN,NaN,NaN,NaN
NaN,NaN,0.19621333523537,0.285908482401283,0.296400654119983,0.14819321022757,0.0565652699539593,-0.0474552000814583,-0.0684009421480975,NaN,NaN,NaN,NaN,NaN,NaN,NaN,NaN,NaN
NaN,NaN,0.19131204529549,0.289791389732272,0.294210295183196,0.15169192837008,0.0632124544451168,-0.0463992292934563,-0.066196855516561,NaN,NaN,NaN,NaN,NaN,NaN,NaN,NaN,NaN
NaN,NaN,0.188834652741207,0.288970764158876,0.2945804214008,0.153488747639737,0.0646122322747639,-0.0426679971569683,-0.0602911341799578,NaN,NaN,NaN,NaN,NaN,NaN,NaN,NaN,NaN
NaN,NaN,0.186355863203062,0.292946952758939,0.297471507442727,0.160999342663369,0.0671337136397294,-0.0374641018861439,-0.0582952167702994,NaN,NaN,NaN,NaN,NaN,NaN,NaN,NaN,NaN
NaN,NaN,0.186234493245138,0.292255445747287,0.301497074765696,0.16746845827826,0.067890171087735,-0.0359313684457447,-0.0493372719599089,NaN,NaN,NaN,NaN,NaN,NaN,NaN,NaN,NaN
NaN,NaN,0.183627292950405,0.294180210112245,0.30428513790442,0.17127224044331,0.0707801209161213,-0.0321764807158615,-0.043938320489057,NaN,NaN,NaN,NaN,NaN,NaN,NaN,NaN,NaN
NaN,NaN,0.1811901894107,0.297763063936145,0.30486952419354,0.172324411435208,0.0773585738012722,-0.0269496562832501,-0.0375315662337622,NaN,NaN,NaN,NaN,NaN,NaN,NaN,NaN,NaN
NaN,NaN,0.177037273038877,0.296775433598668,0.30759826208426,0.174584191156706,0.0769861751565865,-0.0238336372131016,-0.0315419141067347,NaN,NaN,NaN,NaN,NaN,NaN,NaN,NaN,NaN
NaN,NaN,0.174822308559669,0.298529039500863,0.310389622104897,0.179244324429116,0.0780553148457936,-0.0204748037212994,-0.0306443799151263,NaN,NaN,NaN,NaN,NaN,NaN,NaN,NaN,NaN
NaN,NaN,0.175117053528083,0.297636776595027,0.312362833870187,0.181250057978711,0.0745398515233925,-0.0224695849174168,-0.0263360444320521,NaN,NaN,NaN,NaN,NaN,NaN,NaN,NaN,NaN
NaN,NaN,0.173821341682924,0.300390287666232,0.309733058316245,0.180004302276454,0.0727887788186005,-0.0185094150656369,-0.0247667845202765,NaN,NaN,NaN,NaN,NaN,NaN,NaN,NaN,NaN
NaN,NaN,0.171003159572138,0.296969074188382,0.307903530997767,0.177022002501568,0.0742017069230011,-0.0187848257774021,-0.0207059759510836,NaN,NaN,NaN,NaN,NaN,NaN,NaN,NaN,NaN
NaN,NaN,0.16537584780599,0.292917522965581,0.305248646987214,0.178730569644055,0.074079796797984,-0.0158440071099903,-0.0172847438467822,NaN,NaN,NaN,NaN,NaN,NaN,NaN,NaN,NaN
NaN,NaN,0.162108321179403,0.290812920211465,0.306565294963851,0.180571999265036,0.0753644072780541,-0.0152322958165314,-0.0190258886529288,NaN,NaN,NaN,NaN,NaN,NaN,NaN,NaN,NaN
NaN,NaN,0.162370246340288,0.291170529453666,0.30484044830276,0.181888274712643,0.0736317933866909,-0.0161152641230729,-0.0188709538294158,NaN,NaN,NaN,NaN,NaN,NaN,NaN,NaN,NaN
NaN,NaN,0.157983083714498,0.289590540705831,0.301261804056897,0.180407397313199,0.0717220978209904,-0.0149450573080685,-0.0199351016296229,NaN,NaN,NaN,NaN,NaN,NaN,NaN,NaN,NaN
NaN,NaN,0.153817687620176,0.285008191494853,0.2969107394941,0.17980043576487,0.071457881606572,-0.0200269493216183,-0.0158804397894225,NaN,NaN,NaN,NaN,NaN,NaN,NaN,NaN,NaN
NaN,NaN,0.144790284772171,0.280404254226596,0.298742148084178,0.182039372487149,0.0712680035600594,-0.0233039568120148,-0.01300539112223,NaN,NaN,NaN,NaN,NaN,NaN,NaN,NaN,NaN
NaN,NaN,0.138641283352626,0.2790200853633,0.297925285053983,0.182667903466305,0.0684004427263668,-0.0241092900687363,-0.0143857229365191,NaN,NaN,NaN,NaN,NaN,NaN,NaN,NaN,NaN
NaN,NaN,0.135255776782287,0.27352779674402,0.295602268529668,0.184091076119027,0.0660375469694069,-0.0236760574334767,-0.0107404518736682,NaN,NaN,NaN,NaN,NaN,NaN,NaN,NaN,NaN
NaN,NaN,0.130478129227413,0.271618119804771,0.297455432815089,0.182801361991248,0.0636772030363015,-0.0225047330313828,-0.00688444113863322,NaN,NaN,NaN,NaN,NaN,NaN,NaN,NaN,NaN
NaN,NaN,0.129444063146366,0.268545127837569,0.296104363156095,0.184404633803448,0.0667449050912789,-0.0255284952872898,-0.000556644411214316,NaN,NaN,NaN,NaN,NaN,NaN,NaN,NaN,NaN
NaN,NaN,0.124182034720434,0.266476138858707,0.299497171295419,0.187590800089917,0.066169478125327,-0.0229884247237351,0.00459986516701368,NaN,NaN,NaN,NaN,NaN,NaN,NaN,NaN,NaN
NaN,NaN,0.122336544533027,0.26787099930516,0.298228598190083,0.190663643045506,0.0647832044730118,-0.020086945121875,0.00438445025550512,NaN,NaN,NaN,NaN,NaN,NaN,NaN,NaN,NaN
NaN,NaN,0.121137857873691,0.264099534033448,0.29982931817843,0.188978414846739,0.0645092652509144,-0.0150722945982125,0.00990097188817647,NaN,NaN,NaN,NaN,NaN,NaN,NaN,NaN,NaN
NaN,NaN,0.118792694498552,0.261504012523801,0.300606953901782,0.186535462601266,0.0624724814066819,-0.0165068107598927,0.0107752230154195,NaN,NaN,NaN,NaN,NaN,NaN,NaN,NaN,NaN
NaN,NaN,0.116236288537038,0.255169174997718,0.30055237839891,0.187039196355424,0.066943239546769,-0.0191460112982895,0.0160974893854776,NaN,NaN,NaN,NaN,NaN,NaN,NaN,NaN,NaN
NaN,NaN,0.112053458084119,0.256386804758222,0.304015259248748,0.188668470693907,0.0684720055530003,-0.0144389579945709,0.0145571004735151,NaN,NaN,NaN,NaN,NaN,NaN,NaN,NaN,NaN
NaN,NaN,0.113130961050047,0.254314407138736,0.300025305701032,0.192292377216897,0.0706633330652646,-0.00946420533000491,0.0136040035771051,NaN,NaN,NaN,NaN,NaN,NaN,NaN,NaN,NaN
NaN,NaN,0.113707170326961,0.252755950568826,0.305067001832261,0.193574379993758,0.0732069426546029,-0.0064546178036835,0.0186266448484578,NaN,NaN,NaN,NaN,NaN,NaN,NaN,NaN,NaN
NaN,NaN,0.112886842776788,0.249535958646447,0.306720993471875,0.196414001150212,0.0736563989291123,-0.0109300884359982,0.0202370505915799,NaN,NaN,NaN,NaN,NaN,NaN,NaN,NaN,NaN
NaN,NaN,0.108204357762588,0.245096641956479,0.308954994184508,0.19926690296658,0.0813422874877385,-0.0101143429928925,0.0231211889671007,NaN,NaN,NaN,NaN,NaN,NaN,NaN,NaN,NaN
NaN,NaN,0.10544356374885,0.245622950969846,0.308718773526683,0.201962970061383,0.0818453693160942,-0.00715078142820857,0.0227260846780458,NaN,NaN,NaN,NaN,NaN,NaN,NaN,NaN,NaN
NaN,NaN,0.105801191617502,0.240658331094892,0.307470466000571,0.202848527444682,0.0835872778067521,-0.00165653703152201,0.0209795754538694,NaN,NaN,NaN,NaN,NaN,NaN,NaN,NaN,NaN
NaN,NaN,0.106672481138958,0.237342822729261,0.310200395984187,0.201766945285878,0.0840334930787018,-0.00289698419510386,0.022755831121079,NaN,NaN,NaN,NaN,NaN,NaN,NaN,NaN,NaN
NaN,NaN,0.101352151919855,0.230394206373603,0.309674794775977,0.201114609701714,0.0837071017692021,-0.0072020600491669,0.0237134169922986,NaN,NaN,NaN,NaN,NaN,NaN,NaN,NaN,NaN
NaN,NaN,0.0951217529072892,0.230317055611522,0.31211785878016,0.201491962982497,0.089861653871291,-0.00366603312431834,0.0251828391240754,NaN,NaN,NaN,NaN,NaN,NaN,NaN,NaN,NaN
NaN,NaN,0.0952693675353657,0.226878500907333,0.306839159680142,0.201087638599953,0.0887798481950692,0.00216399031342008,0.0257972698794523,NaN,NaN,NaN,NaN,NaN,NaN,NaN,NaN,NaN
NaN,NaN,0.096181840141071,0.225063148318441,0.305533501309886,0.199912756545624,0.0926541314790181,0.0106807117408607,0.0266571786390462,NaN,NaN,NaN,NaN,NaN,NaN,NaN,NaN,NaN
NaN,NaN,0.0949754793837201,0.220065801768214,0.30577482561542,0.199212625486931,0.0956765153775147,0.00869587706984021,0.027116786329619,NaN,NaN,NaN,NaN,NaN,NaN,NaN,NaN,NaN
NaN,NaN,0.0897337351634633,0.214870958952815,0.302801764560475,0.198877666009745,0.0989550874898365,0.00736216726363637,0.0254133042083898,NaN,NaN,NaN,NaN,NaN,NaN,NaN,NaN,NaN
NaN,NaN,0.0855373074009549,0.213075108258636,0.301675367159381,0.197501283003173,0.106437631077521,0.00822343575418927,0.0240019034730115,NaN,NaN,NaN,NaN,NaN,NaN,NaN,NaN,NaN
NaN,NaN,0.0870041590824258,0.207607499687583,0.294977555973067,0.195312581820569,0.106763519472831,0.0131484557932708,0.0239516679333368,NaN,NaN,NaN,NaN,NaN,NaN,NaN,NaN,NaN
NaN,NaN,0.084792305220617,0.202884613900096,0.292511320663228,0.197509031606993,0.108929123855584,0.0165760022646282,0.01961921119558,NaN,NaN,NaN,NaN,NaN,NaN,NaN,NaN,NaN
NaN,NaN,0.0835564587905537,0.197132411776693,0.295069049102797,0.199349585784754,0.111064236737244,0.0131506350880954,0.0212269533561387,NaN,NaN,NaN,NaN,NaN,NaN,NaN,NaN,NaN
NaN,NaN,0.0799349737062584,0.197960692821653,0.295580028546586,0.203545175356946,0.116026546932214,0.0136169855541084,0.0189576182650247,NaN,NaN,NaN,NaN,NaN,NaN,NaN,NaN,NaN
NaN,NaN,0.0802705664827954,0.195990498541505,0.294335371804967,0.201036359978995,0.12246552494859,0.0143623416370247,0.0242603454874673,NaN,NaN,NaN,NaN,NaN,NaN,NaN,NaN,NaN
NaN,NaN,0.0787980523600709,0.191966700731427,0.28915366063787,0.202161956442675,0.121959779537671,0.0180529494828079,0.0226613018797555,NaN,NaN,NaN,NaN,NaN,NaN,NaN,NaN,NaN
NaN,NaN,0.0753175136342179,0.184333022116334,0.289743150574698,0.201957754654965,0.120762173212521,0.0176073861366603,0.0216835063086667,NaN,NaN,NaN,NaN,NaN,NaN,NaN,NaN,NaN
NaN,NaN,0.0725037832453381,0.181778199403198,0.291503797275557,0.204069267822585,0.121217124290221,0.0133314606791828,0.021918963281981,NaN,NaN,NaN,NaN,NaN,NaN,NaN,NaN,NaN
NaN,NaN,0.0694820140197407,0.183695773957879,0.290181598616376,0.204086869819245,0.12452412036752,0.0136390020197723,0.0216955762492338,NaN,NaN,NaN,NaN,NaN,NaN,NaN,NaN,NaN
NaN,NaN,0.072012417454971,0.183046344100148,0.288068949235215,0.203439768267951,0.13400591549968,0.0176284154003952,0.0289935689555326,NaN,NaN,NaN,NaN,NaN,NaN,NaN,NaN,NaN
NaN,NaN,0.0709508587315213,0.18152135926357,0.285679920566812,0.207134287668547,0.134525686628573,0.0271190394705627,0.0313458103822389,NaN,NaN,NaN,NaN,NaN,NaN,NaN,NaN,NaN
NaN,NaN,0.0708057027950417,0.180987134008319,0.287426262152924,0.208375032855353,0.138006933159583,0.0309575785940979,0.0329184789346376,NaN,NaN,NaN,NaN,NaN,NaN,NaN,NaN,NaN
NaN,NaN,0.0755757321312558,0.185357048540027,0.290389153165355,0.214383292807421,0.143758017695897,0.0326298614090774,0.034244756786696,NaN,NaN,NaN,NaN,NaN,NaN,NaN,NaN,NaN
NaN,NaN,0.0776211959018838,0.18556303846708,0.288922245604529,0.214756343377909,0.147954650349372,0.0331085798388813,0.0354986895011583,NaN,NaN,NaN,NaN,NaN,NaN,NaN,NaN,NaN
NaN,NaN,0.0797078986361157,0.183280925630243,0.283217745823398,0.217245209826312,0.158210504926198,0.0342815806216095,0.0406372059272447,NaN,NaN,NaN,NaN,NaN,NaN,NaN,NaN,NaN
NaN,NaN,0.0744121563329827,0.177805400817306,0.280338096422687,0.21939639733561,0.155540272719615,0.0382652570551727,0.0388288568841138,NaN,NaN,NaN,NaN,NaN,NaN,NaN,NaN,NaN
NaN,NaN,0.0724657666578423,0.176989487736137,0.279640237791076,0.219912908835492,0.159281768030875,0.0400961254781578,0.0377249974893251,NaN,NaN,NaN,NaN,NaN,NaN,NaN,NaN,NaN
NaN,NaN,0.0722115342214238,0.175844054101617,0.278327054334416,0.223889507217488,0.158878859258645,0.0355379906541202,0.0379896793650308,NaN,NaN,NaN,NaN,NaN,NaN,NaN,NaN,NaN
NaN,NaN,0.0712209981575142,0.174937076299102,0.275109111321702,0.224081080271086,0.162440702445262,0.0366846908873413,0.039683326719872,NaN,NaN,NaN,NaN,NaN,NaN,NaN,NaN,NaN
NaN,NaN,0.068340659578098,0.173360254048021,0.272396801961198,0.224632255597195,0.169537399090283,0.035711570555577,0.044038153825871,NaN,NaN,NaN,NaN,NaN,NaN,NaN,NaN,NaN
NaN,NaN,0.0617705513432156,0.168668288170011,0.273245367211833,0.225751817090592,0.166389808184855,0.0425114174431655,0.0426437031613508,NaN,NaN,NaN,NaN,NaN,NaN,NaN,NaN,NaN
NaN,NaN,0.0591834862425458,0.171680166749866,0.27123128901197,0.22664797292479,0.169840078927033,0.04192533614696,0.0420962531255403,NaN,NaN,NaN,NaN,NaN,NaN,NaN,NaN,NaN
NaN,NaN,0.0582834561064374,0.169348842828185,0.270830373270049,0.227720819277844,0.166788432873242,0.0360997085517738,0.0442268770323911,NaN,NaN,NaN,NaN,NaN,NaN,NaN,NaN,NaN
NaN,NaN,0.0534649234905373,0.167581062196405,0.263988840384021,0.224208727343163,0.169199925042146,0.0367405516153667,0.0463185530291715,NaN,NaN,NaN,NaN,NaN,NaN,NaN,NaN,NaN
NaN,NaN,0.0496306684508454,0.162130813478143,0.263032092703118,0.22197547168859,0.168209165460818,0.0361546752101276,0.0476079318808236,NaN,NaN,NaN,NaN,NaN,NaN,NaN,NaN,NaN
NaN,NaN,0.0461842906370293,0.161206159173162,0.259033310217395,0.223756924135766,0.16642368970012,0.0447695394104812,0.0454789284752527,NaN,NaN,NaN,NaN,NaN,NaN,NaN,NaN,NaN
NaN,NaN,0.0472176675393712,0.162969394950778,0.257943215770259,0.225336614860377,0.168061886108868,0.0432783429569099,0.0480663102255979,NaN,NaN,NaN,NaN,NaN,NaN,NaN,NaN,NaN
NaN,NaN,0.049917366792215,0.1620148265647,0.258011165065303,0.227735143019042,0.168023422486537,0.0394867983704899,0.0515871752189317,NaN,NaN,NaN,NaN,NaN,NaN,NaN,NaN,NaN
NaN,NaN,0.0471524935855996,0.159047036795528,0.251879299981132,0.221424743397317,0.167738903439992,0.0405846414214466,0.05207094141709,NaN,NaN,NaN,NaN,NaN,NaN,NaN,NaN,NaN
NaN,NaN,0.0446848426654469,0.154538280694396,0.248157232058778,0.220456819845519,0.165712196506017,0.0427129742747638,0.0510086003826776,NaN,NaN,NaN,NaN,NaN,NaN,NaN,NaN,NaN
NaN,NaN,0.041348379541887,0.151779181687743,0.241246241135135,0.223674818737588,0.165811009831183,0.0484120537585113,0.0490286644683996,NaN,NaN,NaN,NaN,NaN,NaN,NaN,NaN,NaN
NaN,NaN,0.0426659588410985,0.151319238721044,0.242172478688493,0.226766213638863,0.165082752830737,0.0414514792209957,0.0505699288235822,NaN,NaN,NaN,NaN,NaN,NaN,NaN,NaN,NaN
NaN,NaN,0.0408238214149605,0.149793490199954,0.241616777134671,0.227310217781148,0.164607163644784,0.0404449430352543,0.052964489548079,NaN,NaN,NaN,NaN,NaN,NaN,NaN,NaN,NaN
NaN,NaN,0.0357639272406232,0.148138008444221,0.239303558123841,0.22127139182218,0.163268722719901,0.0428586331254337,0.0515807490931669,NaN,NaN,NaN,NaN,NaN,NaN,NaN,NaN,NaN
NaN,NaN,0.0344254118099343,0.147493589101941,0.238589885634913,0.226174265010438,0.165210269517653,0.0490873371309135,0.0543034706400552,NaN,NaN,NaN,NaN,NaN,NaN,NaN,NaN,NaN
NaN,NaN,0.0314050954475533,0.147078014342696,0.238042938513293,0.227468784762702,0.164614912248605,0.054513893002877,0.0576960180090585,NaN,NaN,NaN,NaN,NaN,NaN,NaN,NaN,NaN
NaN,NaN,0.0339748006954324,0.149075906156213,0.240712034506335,0.232931494577012,0.163474433250182,0.0510218431300018,0.0609870698438802,NaN,NaN,NaN,NaN,NaN,NaN,NaN,NaN,NaN
NaN,NaN,0.0332660828426015,0.147546190200956,0.240653864098325,0.230221830172619,0.16196176049804,0.0536631857103203,0.0620017271624723,NaN,NaN,NaN,NaN,NaN,NaN,NaN,NaN,NaN
NaN,NaN,0.0318728615238797,0.144942230908782,0.2387713258989,0.225301895154795,0.159890499092095,0.0586740923172329,0.0542638521777311,NaN,NaN,NaN,NaN,NaN,NaN,NaN,NaN,NaN
NaN,NaN,0.0310481753840577,0.142291593729169,0.237211639983191,0.227766044302067,0.163119040555709,0.0629415613657329,0.0562419626997629,NaN,NaN,NaN,NaN,NaN,NaN,NaN,NaN,NaN
NaN,NaN,0.0274035748734605,0.142253223239095,0.236497632218137,0.226187378032288,0.163059026129001,0.063579610461602,0.0541056390987554,NaN,NaN,NaN,NaN,NaN,NaN,NaN,NaN,NaN
NaN,NaN,0.0276495185389649,0.142473443775089,0.234750806344285,0.226407933844409,0.160899475342982,0.0590977137035225,0.0549114752696672,NaN,NaN,NaN,NaN,NaN,NaN,NaN,NaN,NaN
NaN,NaN,0.0272416923835408,0.134355868576677,0.232495776367917,0.21942523108252,0.156901866323703,0.0635944929963444,0.0516260299967447,NaN,NaN,NaN,NaN,NaN,NaN,NaN,NaN,NaN
NaN,NaN,0.0279862289025914,0.130123696653754,0.22715154941155,0.220386057956299,0.157336160666697,0.0672026042884682,0.0449872832881131,NaN,NaN,NaN,NaN,NaN,NaN,NaN,NaN,NaN
NaN,NaN,0.0240179192915093,0.126840616940171,0.225504766208663,0.221523538096032,0.163597870744222,0.0667095062381122,0.0473766472326436,NaN,NaN,NaN,NaN,NaN,NaN,NaN,NaN,NaN
NaN,NaN,0.0196783099963795,0.125955860494287,0.221998206330075,0.221358116580329,0.163483299441092,0.0630514015501831,0.0453309599445978,NaN,NaN,NaN,NaN,NaN,NaN,NaN,NaN,NaN
NaN,NaN,0.0175365847244393,0.123271658449084,0.220294314426913,0.21611173437365,0.162817031271212,0.0591997121518944,0.0439180318401971,NaN,NaN,NaN,NaN,NaN,NaN,NaN,NaN,NaN
NaN,NaN,0.0150896650447976,0.116935070036561,0.216710231257215,0.21611821637877,0.156978458292239,0.0624316436296795,0.0426560711251417,NaN,NaN,NaN,NaN,NaN,NaN,NaN,NaN,NaN
NaN,NaN,0.0143815432384144,0.110563985435874,0.21524496282412,0.21527596549519,0.157363038636201,0.0636310008412693,0.0411219779537835,NaN,NaN,NaN,NaN,NaN,NaN,NaN,NaN,NaN
NaN,NaN,0.0118662831082474,0.106584891109378,0.219083744091525,0.214907329393706,0.161619909233802,0.0616949115938041,0.0492060069130578,NaN,NaN,NaN,NaN,NaN,NaN,NaN,NaN,NaN
NaN,NaN,0.0114439096942078,0.106268409072072,0.218609291119113,0.216011710329136,0.158891040957921,0.0612681237107609,0.0509039197252908,NaN,NaN,NaN,NaN,NaN,NaN,NaN,NaN,NaN
NaN,NaN,0.0119434897496831,0.106870080708177,0.221240724427237,0.215260244770131,0.160103678829425,0.0642720674222801,0.0528914366053262,NaN,NaN,NaN,NaN,NaN,NaN,NaN,NaN,NaN
NaN,NaN,0.0136701804294717,0.102659683107049,0.218630357635751,0.216618653251013,0.158103533215278,0.0713474181538914,0.0539196726070562,NaN,NaN,NaN,NaN,NaN,NaN,NaN,NaN,NaN
NaN,NaN,0.0141704310372006,0.100284512518556,0.217352117402091,0.212027773125252,0.163613163060897,0.0736025598889683,0.0559542771564641,NaN,NaN,NaN,NaN,NaN,NaN,NaN,NaN,NaN
NaN,NaN,0.0104077947034966,0.0977405862795422,0.216605923128858,0.211047164959988,0.168307885653727,0.0698359374946449,0.0635008957372823,NaN,NaN,NaN,NaN,NaN,NaN,NaN,NaN,NaN
NaN,NaN,0.0116703328385483,0.0965987661766121,0.2149869678445,0.211805373294434,0.16773001862263,0.0710767385608051,0.0612681057439962,NaN,NaN,NaN,NaN,NaN,NaN,NaN,NaN,NaN
NaN,NaN,0.0144579675688874,0.0961282992648194,0.217544621778264,0.210699278725466,0.170175317800992,0.0739358988648746,0.0634985860572973,NaN,NaN,NaN,NaN,NaN,NaN,NaN,NaN,NaN
NaN,NaN,0.019283559609903,0.0908799426542828,0.213214158070817,0.210559077425084,0.17251897243356,0.0815949280804489,0.0638472173498788,NaN,NaN,NaN,NaN,NaN,NaN,NaN,NaN,NaN
NaN,NaN,0.0188688789203297,0.0943691613065312,0.21349215785934,0.207788281006894,0.180339362598412,0.0827519287413452,0.0679292414473215,NaN,NaN,NaN,NaN,NaN,NaN,NaN,NaN,NaN
NaN,NaN,0.0166219514503609,0.0924766765820095,0.213765221638217,0.208926487578234,0.183486133939975,0.0795430568105076,0.0740887854384103,NaN,NaN,NaN,NaN,NaN,NaN,NaN,NaN,NaN
NaN,NaN,0.0202799816324841,0.0903064528392861,0.21535929198338,0.213121667368493,0.18567435083484,0.0836413045472,0.0754880603538671,NaN,NaN,NaN,NaN,NaN,NaN,NaN,NaN,NaN
NaN,NaN,0.0242883939936291,0.0880933696316788,0.216520427716508,0.21309592561253,0.188095118976586,0.0847975787764881,0.0766590308533826,NaN,NaN,NaN,NaN,NaN,NaN,NaN,NaN,NaN
NaN,NaN,0.026291743357433,0.0814103664743016,0.215378905636802,0.213316295160136,0.189762950069659,0.0881611247605179,0.0764627453075567,NaN,NaN,NaN,NaN,NaN,NaN,NaN,NaN,NaN
NaN,NaN,0.0224936795129906,0.0827434988605091,0.214855353338256,0.210289832068762,0.190609447784179,0.0847326283401344,0.0775055658208051,NaN,NaN,NaN,NaN,NaN,NaN,NaN,NaN,NaN
NaN,NaN,0.0220139552548062,0.0784256266342709,0.214403475625052,0.207284957034669,0.191660091407054,0.0824965973442886,0.0801818888770261,NaN,NaN,NaN,NaN,NaN,NaN,NaN,NaN,NaN
NaN,NaN,0.0213649165525567,0.0788527311669895,0.212751346630588,0.207325562698922,0.18611071271395,0.08747541057528,0.0784510444985548,NaN,NaN,NaN,NaN,NaN,NaN,NaN,NaN,NaN
NaN,NaN,0.0240476657345425,0.072878892897279,0.211193989021316,0.2047490774227,0.186016965783589,0.0874623348063324,0.0775913033770242,NaN,NaN,NaN,NaN,NaN,NaN,NaN,NaN,NaN
NaN,NaN,0.0266812038316857,0.0688065359281609,0.204340106797948,0.205448891831717,0.186948269731753,0.0864753563946579,0.0784890610860506,NaN,NaN,NaN,NaN,NaN,NaN,NaN,NaN,NaN
NaN,NaN,0.0230733719363343,0.0683900112198899,0.200498475683465,0.196329176290116,0.188431121535056,0.0858103548234794,0.0762841548906484,NaN,NaN,NaN,NaN,NaN,NaN,NaN,NaN,NaN
NaN,NaN,0.0198675919964444,0.0650731431232998,0.197269896966948,0.193599488450369,0.191469095773452,0.0875322957581375,0.0776222977923074,NaN,NaN,NaN,NaN,NaN,NaN,NaN,NaN,NaN
NaN,NaN,0.0189202134206425,0.0649823019193718,0.195248181921973,0.193392772091708,0.188444215930455,0.0916707207506988,0.0723495591567674,NaN,NaN,NaN,NaN,NaN,NaN,NaN,NaN,NaN
NaN,NaN,0.0243485201790463,0.0588727140711853,0.191353800696864,0.193925153328261,0.19054693741297,0.089037536556134,0.0733370404826322,NaN,NaN,NaN,NaN,NaN,NaN,NaN,NaN,NaN
NaN,NaN,0.0239627849950921,0.0555640416132519,0.185711326999202,0.196105919642529,0.188249960667842,0.0898576219624374,0.0765643898533502,NaN,NaN,NaN,NaN,NaN,NaN,NaN,NaN,NaN
NaN,NaN,0.0213973265781533,0.0556529456662247,0.186108740968242,0.191692232949814,0.19189532486295,0.0933406938856933,0.0754799392210164,NaN,NaN,NaN,NaN,NaN,NaN,NaN,NaN,NaN
NaN,NaN,0.0201139081909787,0.0551405319856713,0.185747406435742,0.197113610668263,0.195093821860307,0.0962157425528858,0.079474903284184,NaN,NaN,NaN,NaN,NaN,NaN,NaN,NaN,NaN
NaN,NaN,0.0224100467457902,0.0556963266717503,0.186903270883098,0.200263082845292,0.193688139445536,0.101283739233622,0.0753223221884885,NaN,NaN,NaN,NaN,NaN,NaN,NaN,NaN,NaN
NaN,NaN,0.026607778359903,0.0548993566917488,0.183427351517215,0.2018695770336,0.195058804131501,0.0987592403835151,0.0783301215754667,NaN,NaN,NaN,NaN,NaN,NaN,NaN,NaN,NaN
NaN,NaN,0.0266408589377534,0.0533007228659699,0.184415801418557,0.200666103376231,0.190915703899615,0.102935663337121,0.0782400813089528,NaN,NaN,NaN,NaN,NaN,NaN,NaN,NaN,NaN
NaN,NaN,0.0224533904984128,0.0539152840065071,0.184765401286616,0.196853119744143,0.190620027608626,0.107416014099726,0.0782001648234048,NaN,NaN,NaN,NaN,NaN,NaN,NaN,NaN,NaN
NaN,NaN,0.0202761632099282,0.0555332520889351,0.185230485153928,0.200276475263915,0.191217899448626,0.110963105136761,0.0806457061456361,NaN,NaN,NaN,NaN,NaN,NaN,NaN,NaN,NaN
NaN,NaN,0.0230302703275811,0.0556763032363961,0.182079057199492,0.201922960443577,0.190467625982516,0.118317275220761,0.0793495472656408,NaN,NaN,NaN,NaN,NaN,NaN,NaN,NaN,NaN
NaN,NaN,0.0276496489241254,0.0559617908584187,0.180646943850055,0.200986198945126,0.193820331371777,0.117264824832091,0.0817075815187612,NaN,NaN,NaN,NaN,NaN,NaN,NaN,NaN,NaN
NaN,NaN,0.0294103515043389,0.0576844768511364,0.180061290962234,0.200167603654942,0.192103251940959,0.124881739640841,0.0812889147685685,NaN,NaN,NaN,NaN,NaN,NaN,NaN,NaN,NaN
NaN,NaN,0.0272577483847272,0.0621300706552574,0.179249308062329,0.19850839660891,0.193745434410327,0.127902931446442,0.0822199765728631,NaN,NaN,NaN,NaN,NaN,NaN,NaN,NaN,NaN
NaN,NaN,0.0327990431978833,0.0624590882944176,0.178438219232097,0.203615210814557,0.195180807388776,0.130511975759873,0.0810058672116914,NaN,NaN,NaN,NaN,NaN,NaN,NaN,NaN,NaN
NaN,NaN,0.0373500999703538,0.0621413396584103,0.175603217435613,0.202598318321786,0.191358044869654,0.130947983736405,0.0789794583009401,NaN,NaN,NaN,NaN,NaN,NaN,NaN,NaN,NaN
NaN,NaN,0.0408150111034047,0.0617227660404751,0.174629780454173,0.202050421251139,0.19003493351435,0.128148632968077,0.0740813721107164,NaN,NaN,NaN,NaN,NaN,NaN,NaN,NaN,NaN
NaN,NaN,0.0392330293252598,0.0612745391117642,0.170748102468982,0.202976807816109,0.18589578209018,0.133078477258096,0.0740193274007955,NaN,NaN,NaN,NaN,NaN,NaN,NaN,NaN,NaN
NaN,NaN,0.0355204608931672,0.0629772575484822,0.170825514001384,0.202346544576964,0.187511626757138,0.129134233022342,0.0720584090934911,NaN,NaN,NaN,NaN,NaN,NaN,NaN,NaN,NaN
NaN,NaN,0.0395545405044686,0.0619281412946293,0.164626519186034,0.207309432191929,0.184766087807172,0.129225297743687,0.0726965513216176,NaN,NaN,NaN,NaN,NaN,NaN,NaN,NaN,NaN
NaN,NaN,0.0370243792131077,0.0597619967447827,0.16323352138473,0.20470215739139,0.179794222242587,0.12526864829124,0.0694586780058065,NaN,NaN,NaN,NaN,NaN,NaN,NaN,NaN,NaN
NaN,NaN,0.0383991975977551,0.0571072058664868,0.160725618702903,0.206064309789023,0.174997985489123,0.126200213009724,0.0666882168637433,NaN,NaN,NaN,NaN,NaN,NaN,NaN,NaN,NaN
NaN,NaN,0.0303307217254769,0.053396071671159,0.156696605486407,0.202971480650982,0.171011887616866,0.127981348807225,0.0675671618567624,NaN,NaN,NaN,NaN,NaN,NaN,NaN,NaN,NaN
NaN,NaN,0.024939034570707,0.0520637029694626,0.15369979570581,0.199457134915671,0.171399094290488,0.124635851854691,0.0666537393020311,NaN,NaN,NaN,NaN,NaN,NaN,NaN,NaN,NaN
NaN,NaN,0.0248270337178838,0.0510131897317478,0.147008112622037,0.202208466692052,0.165812499947303,0.120844735676656,0.0725749764727273,NaN,NaN,NaN,NaN,NaN,NaN,NaN,NaN,NaN
NaN,NaN,0.0237877522304188,0.0519507335411618,0.147716253054872,0.203110527111373,0.161272786683791,0.125067613000283,0.0715539489077249,NaN,NaN,NaN,NaN,NaN,NaN,NaN,NaN,NaN
NaN,NaN,0.0271577243402135,0.0514093557285378,0.148429646147027,0.208386394990763,0.163471769667619,0.130941632116446,0.0791621465371766,NaN,NaN,NaN,NaN,NaN,NaN,NaN,NaN,NaN
NaN,NaN,0.0225091022148263,0.052941977410228,0.149643103582396,0.205051701380095,0.164630111433022,0.132396171713481,0.083500340221993,NaN,NaN,NaN,NaN,NaN,NaN,NaN,NaN,NaN
NaN,NaN,0.0261102844669949,0.0575299331831047,0.148363429111972,0.206642903251729,0.16614434880709,0.131380843842635,0.0862984802709737,NaN,NaN,NaN,NaN,NaN,NaN,NaN,NaN,NaN
NaN,NaN,0.0290054310753476,0.0594211140560219,0.145437437099948,0.206705879284224,0.163633037484639,0.130116722459206,0.0891310978816667,NaN,NaN,NaN,NaN,NaN,NaN,NaN,NaN,NaN
NaN,NaN,0.0324042741849553,0.0595563234674046,0.145541782481208,0.210599962486109,0.160048246509784,0.134614433074603,0.0859752740846792,NaN,NaN,NaN,NaN,NaN,NaN,NaN,NaN,NaN
NaN,NaN,0.0327571336820256,0.0572665924119065,0.143172032190099,0.209388516707501,0.160614434755795,0.132755140686641,0.0895610522614637,NaN,NaN,NaN,NaN,NaN,NaN,NaN,NaN,NaN
NaN,NaN,0.0289865252270829,0.0567656712519238,0.14179507176353,0.207557517899356,0.158417202658408,0.13073722543777,0.0916821021722474,NaN,NaN,NaN,NaN,NaN,NaN,NaN,NaN,NaN
NaN,NaN,0.0303693902387749,0.0585180850612232,0.141648053181901,0.207609467072568,0.158896833784335,0.125597591424594,0.0941388379918256,NaN,NaN,NaN,NaN,NaN,NaN,NaN,NaN,NaN
NaN,NaN,0.030390996922506,0.0577891202556202,0.13959718774034,0.2078176921738,0.155036278195136,0.127823452377925,0.096097223101727,NaN,NaN,NaN,NaN,NaN,NaN,NaN,NaN,NaN
NaN,NaN,0.0314970169856679,0.0566600406455109,0.140602308315768,0.211607634885392,0.151965614534371,0.130884616548428,0.0940639596568265,NaN,NaN,NaN,NaN,NaN,NaN,NaN,NaN,NaN
NaN,NaN,0.029117022146238,0.0555027978407452,0.139820705158248,0.206700663877806,0.154820304490083,0.130808285350213,0.0971348095821061,NaN,NaN,NaN,NaN,NaN,NaN,NaN,NaN,NaN
NaN,NaN,0.0280581083789002,0.0541781591164181,0.13829348514749,0.206044975532374,0.149546206123584,0.125988616520772,0.0999794412540117,NaN,NaN,NaN,NaN,NaN,NaN,NaN,NaN,NaN
NaN,NaN,0.0271425065293442,0.0559985222207615,0.139546188516154,0.201046213371834,0.147123817480557,0.123293480748544,0.0995258871601739,NaN,NaN,NaN,NaN,NaN,NaN,NaN,NaN,NaN
NaN,NaN,0.0286185969307553,0.0537693085061619,0.137450768602624,0.204254768652997,0.141521744556182,0.127866982395062,0.097778148590199,NaN,NaN,NaN,NaN,NaN,NaN,NaN,NaN,NaN
NaN,NaN,0.0274771493568551,0.0515186929987976,0.138020719391837,0.204036094112477,0.140681430823558,0.129429536784301,0.0933721546219507,NaN,NaN,NaN,NaN,NaN,NaN,NaN,NaN,NaN
NaN,NaN,0.0265350420668256,0.0496716754423687,0.134535300535693,0.199043888462863,0.140134744472258,0.127938545221696,0.094229921339623,NaN,NaN,NaN,NaN,NaN,NaN,NaN,NaN,NaN
NaN,NaN,0.0263585378124844,0.0501562612043926,0.133504736227527,0.197601027650914,0.137542948252909,0.12633421170176,0.0922794338451543,NaN,NaN,NaN,NaN,NaN,NaN,NaN,NaN,NaN
NaN,NaN,0.0272016827657353,0.0504860611545155,0.133213362646832,0.195803463323197,0.139372158921712,0.126918709749589,0.0918508205698648,NaN,NaN,NaN,NaN,NaN,NaN,NaN,NaN,NaN
NaN,NaN,0.0265444484248292,0.0444864997552941,0.128648485047355,0.201297372443757,0.137313563502782,0.126991352910409,0.0916068885611215,NaN,NaN,NaN,NaN,NaN,NaN,NaN,NaN,NaN
NaN,NaN,0.0233203400566708,0.0415347287344048,0.127102284682527,0.197514414651475,0.135681625581734,0.126357532019028,0.0866082009063878,NaN,NaN,NaN,NaN,NaN,NaN,NaN,NaN,NaN
NaN,NaN,0.0207309652760159,0.0356504278170178,0.123280118209853,0.19557521478661,0.13454760996198,0.120462725783,0.0859281677888551,NaN,NaN,NaN,NaN,NaN,NaN,NaN,NaN,NaN
NaN,NaN,0.0200111088051926,0.0377245204435894,0.125038790506854,0.194726258380494,0.134914923585408,0.119925483042607,0.08429226243364,NaN,NaN,NaN,NaN,NaN,NaN,NaN,NaN,NaN
NaN,NaN,0.0200673793151509,0.037943418501527,0.126684661013617,0.197269923849187,0.136855520434134,0.119748550379882,0.0863429602371373,NaN,NaN,NaN,NaN,NaN,NaN,NaN,NaN,NaN
NaN,NaN,0.0187876862182748,0.0335244791494915,0.127731840116515,0.203313741697154,0.137023065365308,0.121788258576998,0.0897453051196256,NaN,NaN,NaN,NaN,NaN,NaN,NaN,NaN,NaN
NaN,NaN,0.0184111338749062,0.0328581364738056,0.131847987873092,0.201661389185271,0.136938557154887,0.124346303666243,0.0913334150003114,NaN,NaN,NaN,NaN,NaN,NaN,NaN,NaN,NaN
NaN,NaN,0.0205880072608124,0.0312344500707695,0.132104101581111,0.199028707904896,0.138912085569852,0.118009268218884,0.0938306633518853,NaN,NaN,NaN,NaN,NaN,NaN,NaN,NaN,NaN
NaN,NaN,0.0231164735450875,0.0372854763554642,0.13457832763864,0.196333683891377,0.138304378963464,0.12022233280004,0.0925114076720395,NaN,NaN,NaN,NaN,NaN,NaN,NaN,NaN,NaN
NaN,NaN,0.0263045024767052,0.0387482674705097,0.135072878552213,0.197958189858279,0.140075754500382,0.120011499995599,0.0923085283623853,NaN,NaN,NaN,NaN,NaN,NaN,NaN,NaN,NaN
NaN,NaN,0.0251329731836449,0.0368641273962567,0.134350339872374,0.200288936359963,0.139575299001687,0.121934085065732,0.0948253531144777,NaN,NaN,NaN,NaN,NaN,NaN,NaN,NaN,NaN
NaN,NaN,0.0233434741094243,0.0337698081420967,0.134091078294053,0.196296989781937,0.138165556020491,0.120551369065652,0.093876242278687,NaN,NaN,NaN,NaN,NaN,NaN,NaN,NaN,NaN
NaN,NaN,0.0251905102923047,0.0323310078965733,0.129273029965892,0.190318997813544,0.141076944894545,0.116648270661244,0.0932514179633775,NaN,NaN,NaN,NaN,NaN,NaN,NaN,NaN,NaN
NaN,NaN,0.0270478282764088,0.0364783922123024,0.127643252713218,0.189952056719145,0.138809155798905,0.118749241257319,0.0925546769188562,NaN,NaN,NaN,NaN,NaN,NaN,NaN,NaN,NaN
NaN,NaN,0.0302019756927621,0.0368231119500706,0.126066821617618,0.188939299298606,0.143330354369634,0.116703740233788,0.0929113175855794,NaN,NaN,NaN,NaN,NaN,NaN,NaN,NaN,NaN
NaN,NaN,0.0275258202746045,0.0339331621216843,0.122456456524863,0.193349148942313,0.141047496474736,0.115251342678675,0.094698506979815,NaN,NaN,NaN,NaN,NaN,NaN,NaN,NaN,NaN
NaN,NaN,0.0297477510466706,0.0297242732631275,0.120984761966004,0.188146632028899,0.14099424344992,0.113120644266019,0.0885345112668195,NaN,NaN,NaN,NaN,NaN,NaN,NaN,NaN,NaN
NaN,NaN,0.0301361870660912,0.0289816180156777,0.117431468320622,0.187130968881926,0.141925528771632,0.108092582697282,0.0896964665638128,NaN,NaN,NaN,NaN,NaN,NaN,NaN,NaN,NaN
NaN,NaN,0.0298844133212697,0.0293047310697148,0.119658744884267,0.190074823660931,0.13927241427397,0.108453041786561,0.0882947143303075,NaN,NaN,NaN,NaN,NaN,NaN,NaN,NaN,NaN
NaN,NaN,0.0268654008104932,0.0269405314611504,0.116967204017177,0.189389202607951,0.140006929762118,0.10519108446897,0.0875106152282873,NaN,NaN,NaN,NaN,NaN,NaN,NaN,NaN,NaN
NaN,NaN,0.0207728561654221,0.0204401420342037,0.117206628424659,0.190879411859593,0.139198187864774,0.104896451259265,0.0846503559635797,NaN,NaN,NaN,NaN,NaN,NaN,NaN,NaN,NaN
NaN,NaN,0.0239293132617604,0.0202273907052586,0.114705766541495,0.184127714349112,0.141030285633557,0.103498442942509,0.0803390216218152,NaN,NaN,NaN,NaN,NaN,NaN,NaN,NaN,NaN
NaN,NaN,0.0246049877896439,0.0198553273366997,0.11376395727469,0.186024501783929,0.140062976754659,0.102072513574967,0.0816007960723558,NaN,NaN,NaN,NaN,NaN,NaN,NaN,NaN,NaN
NaN,NaN,0.0258718658878934,0.0219443956302712,0.113990957839026,0.185904659195027,0.136674955613368,0.104821535671363,0.0797035802291551,NaN,NaN,NaN,NaN,NaN,NaN,NaN,NaN,NaN
NaN,NaN,0.0215981569781434,0.019468213795335,0.111450589252248,0.185312766445956,0.138628684110396,0.104681520635495,0.0764314156161466,NaN,NaN,NaN,NaN,NaN,NaN,NaN,NaN,NaN
NaN,NaN,0.0213927072181832,0.0155559511767933,0.110486297858491,0.185532782090983,0.137584131337159,0.109097740525613,0.0710334699736753,NaN,NaN,NaN,NaN,NaN,NaN,NaN,NaN,NaN
NaN,NaN,0.0243342336907517,0.0141420731233666,0.108064337623849,0.182577509297213,0.138171609617226,0.111290185624966,0.0689945440875211,NaN,NaN,NaN,NaN,NaN,NaN,NaN,NaN,NaN
NaN,NaN,0.0253468420996796,0.0158525215374539,0.107702295286193,0.185110874338231,0.138491910077088,0.111069629812846,0.0681770663844266,NaN,NaN,NaN,NaN,NaN,NaN,NaN,NaN,NaN
NaN,NaN,0.0250771869614255,0.0188437992619583,0.105528849167361,0.185638673467717,0.140811946369164,0.111090137535939,0.0683425624059358,NaN,NaN,NaN,NaN,NaN,NaN,NaN,NaN,NaN
NaN,NaN,0.024109617312206,0.0163310537027428,0.10277077461554,0.18727230639585,0.146730743474715,0.111908881837735,0.0642495673285642,NaN,NaN,NaN,NaN,NaN,NaN,NaN,NaN,NaN
NaN,NaN,0.0276778679981362,0.0167925799178192,0.101968868625894,0.190625663710913,0.146312132603877,0.117230924690375,0.062714598713986,NaN,NaN,NaN,NaN,NaN,NaN,NaN,NaN,NaN
NaN,NaN,0.0307403360202443,0.0208031343208859,0.104253272516265,0.192449211938462,0.147275809324735,0.115240502083907,0.0604742836342969,NaN,NaN,NaN,NaN,NaN,NaN,NaN,NaN,NaN
NaN,NaN,0.0345154520764481,0.0224200779484818,0.105067546469703,0.196730855716548,0.147513426966422,0.114219809795031,0.0634139288352647,NaN,NaN,NaN,NaN,NaN,NaN,NaN,NaN,NaN
NaN,NaN,0.0313571509614121,0.0254242824303219,0.10278275142385,0.196525145186267,0.148901060349696,0.11259617927135,0.0613840554045358,NaN,NaN,NaN,NaN,NaN,NaN,NaN,NaN,NaN
NaN,NaN,0.0304376003041398,0.024910490392358,0.101307629597917,0.195793069763264,0.14968420950269,0.114361966872821,0.0612372230874219,NaN,NaN,NaN,NaN,NaN,NaN,NaN,NaN,NaN
NaN,NaN,0.031134602118982,0.0245893144892761,0.0985402604468012,0.19563413025268,0.148383133239501,0.116221035743365,0.0620961446450868,NaN,NaN,NaN,NaN,NaN,NaN,NaN,NaN,NaN
NaN,NaN,0.0300649967684876,0.0245346458541462,0.0997170796520853,0.195021096481166,0.145676374561541,0.114840703929076,0.0607821416245618,NaN,NaN,NaN,NaN,NaN,NaN,NaN,NaN,NaN
NaN,NaN,0.0318337459757458,0.0255848796950886,0.0966519294209623,0.195685911787829,0.14191101876592,0.112229890102753,0.0627972629057088,NaN,NaN,NaN,NaN,NaN,NaN,NaN,NaN,NaN
NaN,NaN,0.0272613991692197,0.0271199600683758,0.0974005265064382,0.194523826105675,0.142121851570361,0.113819266582141,0.0626109052585283,NaN,NaN,NaN,NaN,NaN,NaN,NaN,NaN,NaN
NaN,NaN,0.0308822695806157,0.0259757930325577,0.0947766182847166,0.194064516438326,0.145163383460992,0.118702153587947,0.0640555728362718,NaN,NaN,NaN,NaN,NaN,NaN,NaN,NaN,NaN
NaN,NaN,0.0312096108391415,0.0247554251836846,0.0919207176096582,0.1946246138347,0.142632980025761,0.119303471321473,0.0648790855096498,NaN,NaN,NaN,NaN,NaN,NaN,NaN,NaN,NaN
NaN,NaN,0.0331470411911141,0.0269543709146092,0.0904288692302847,0.195794969661317,0.138877775646203,0.117765112692723,0.0664363686131158,NaN,NaN,NaN,NaN,NaN,NaN,NaN,NaN,NaN
NaN,NaN,0.0346745592250954,0.02619063052407,0.0875305561251783,0.196736145628771,0.140002533919566,0.116034156555543,0.0666396949576059,NaN,NaN,NaN,NaN,NaN,NaN,NaN,NaN,NaN
NaN,NaN,0.0337055367126595,0.0279798315750668,0.0868509514160299,0.19771680967339,0.139135696120017,0.116849082434783,0.0625611540065923,NaN,NaN,NaN,NaN,NaN,NaN,NaN,NaN,NaN
NaN,NaN,0.0362315256788861,0.0228400671767304,0.0804085088796758,0.197209108485064,0.143133267886393,0.116337022656808,0.0626749429987588,NaN,NaN,NaN,NaN,NaN,NaN,NaN,NaN,NaN
NaN,NaN,0.0345312286808621,0.0207467893051216,0.0809061331577444,0.198775369538149,0.137636881447785,0.115309606218943,0.0633434277163663,NaN,NaN,NaN,NaN,NaN,NaN,NaN,NaN,NaN
NaN,NaN,0.0339081366255414,0.0209441738115856,0.080277229649558,0.1992559133602,0.132388673848861,0.1159924333042,0.0612997893379846,NaN,NaN,NaN,NaN,NaN,NaN,NaN,NaN,NaN
NaN,NaN,0.0343227614357602,0.0210215667175362,0.07698934431149,0.195796999944529,0.13128840935921,0.114728386426577,0.0608545240150609,NaN,NaN,NaN,NaN,NaN,NaN,NaN,NaN,NaN
NaN,NaN,0.03176315172459,0.020778621910722,0.0773002197868967,0.19762943298944,0.129166986919396,0.113269395107636,0.0593973394619146,NaN,NaN,NaN,NaN,NaN,NaN,NaN,NaN,NaN
NaN,NaN,0.0284923840954434,0.0171350458549568,0.0760189620680952,0.195604309303841,0.130765508986466,0.112711532885442,0.0593347545849004,NaN,NaN,NaN,NaN,NaN,NaN,NaN,NaN,NaN
NaN,NaN,0.0237092231109273,0.0165987903164933,0.0748996613450193,0.193563725663504,0.122236717618459,0.113422001624713,0.0623435784267106,NaN,NaN,NaN,NaN,NaN,NaN,NaN,NaN,NaN
NaN,NaN,0.0229518902197015,0.0186912858771393,0.0734606934614324,0.190748058123669,0.120048351711982,0.115303813392529,0.060030936835877,NaN,NaN,NaN,NaN,NaN,NaN,NaN,NaN,NaN
NaN,NaN,0.0233452995016705,0.018797289012582,0.0724454773492956,0.188825603438697,0.121865101284736,0.116124066436896,0.0606237050281682,NaN,NaN,NaN,NaN,NaN,NaN,NaN,NaN,NaN
NaN,NaN,0.0209725503518712,0.0198598721908638,0.0702227828927183,0.188323061777434,0.122002396858685,0.118321726942668,0.0590150129185834,NaN,NaN,NaN,NaN,NaN,NaN,NaN,NaN,NaN
NaN,NaN,0.0211384189024102,0.0144378611730644,0.0699723316259527,0.184284251047454,0.120374780274384,0.116409274662146,0.06439779662954,NaN,NaN,NaN,NaN,NaN,NaN,NaN,NaN,NaN
NaN,NaN,0.0178189617290627,0.0160548793064663,0.0703364601261759,0.188351206345639,0.116357315457814,0.118808603758225,0.0663081441210428,NaN,NaN,NaN,NaN,NaN,NaN,NaN,NaN,NaN
NaN,NaN,0.022598155279411,0.0201958188699791,0.0721110580392027,0.187647852910838,0.119691953189128,0.12178665670217,0.0641252543913045,NaN,NaN,NaN,NaN,NaN,NaN,NaN,NaN,NaN
NaN,NaN,0.0280029182031285,0.0202623711811611,0.0673816529936933,0.190516326440653,0.125277727968448,0.119785244489321,0.0644891034947553,NaN,NaN,NaN,NaN,NaN,NaN,NaN,NaN,NaN
NaN,NaN,0.0279704709246289,0.021346523790271,0.0663542924351835,0.188102953000149,0.125337537504189,0.118512703949818,0.0620736997710386,NaN,NaN,NaN,NaN,NaN,NaN,NaN,NaN,NaN
NaN,NaN,0.0264500681951176,0.0169258894311497,0.0653587831087255,0.18630173788794,0.123124137646907,0.117122984403977,0.0663153898106733,NaN,NaN,NaN,NaN,NaN,NaN,NaN,NaN,NaN
NaN,NaN,0.0211756345524918,0.0162649670528481,0.0638802340157175,0.188296202434382,0.119931712872737,0.115746117109666,0.0638343278454461,NaN,NaN,NaN,NaN,NaN,NaN,NaN,NaN,NaN
NaN,NaN,0.0245417509868275,0.0161860095249722,0.0621937019653463,0.186057768626294,0.120565850413792,0.113824072206626,0.0644110214100995,NaN,NaN,NaN,NaN,NaN,NaN,NaN,NaN,NaN
NaN,NaN,0.0267667364969384,0.0138105967926094,0.0608904277808809,0.189935479177317,0.125047579533809,0.108737914735684,0.0633289922164598,NaN,NaN,NaN,NaN,NaN,NaN,NaN,NaN,NaN
NaN,NaN,0.0267166313424241,0.0160329745995114,0.0658307773895406,0.188683520866713,0.121907699979298,0.109991568053374,0.064949996410481,NaN,NaN,NaN,NaN,NaN,NaN,NaN,NaN,NaN
NaN,NaN,0.0256047439470422,0.0156520264135906,0.0668007684774542,0.186490740491233,0.121492646760695,0.10986170443357,0.0672647614167848,NaN,NaN,NaN,NaN,NaN,NaN,NaN,NaN,NaN
NaN,NaN,0.0229883608117234,0.0196452209638664,0.0662820404298448,0.185181412710032,0.118305288381331,0.10894630747498,0.0671598386155286,NaN,NaN,NaN,NaN,NaN,NaN,NaN,NaN,NaN
NaN,NaN,0.0274337310984265,0.0180815117346356,0.0663920668788099,0.185694366557679,0.120580490804665,0.110700714314589,0.066546246050469,NaN,NaN,NaN,NaN,NaN,NaN,NaN,NaN,NaN
NaN,NaN,0.0298128691210877,0.0160158196376869,0.0655204979605818,0.186010159416279,0.123263873286002,0.10609375956119,0.0634113025056043,NaN,NaN,NaN,NaN,NaN,NaN,NaN,NaN,NaN
NaN,NaN,0.0266505074396264,0.0165912279771874,0.0670446632332945,0.180005159093222,0.117749847597831,0.107982835645089,0.0612074393914857,NaN,NaN,NaN,NaN,NaN,NaN,NaN,NaN,NaN
NaN,NaN,0.0245089870586526,0.0159175464796135,0.0640075644381189,0.178859464688382,0.117552891499751,0.105163461441407,0.0551482360945859,NaN,NaN,NaN,NaN,NaN,NaN,NaN,NaN,NaN
NaN,NaN,0.0233545195951592,0.0183756792830536,0.0597898093886518,0.177449777586541,0.114255264527552,0.103440719569335,0.0558648888157525,NaN,NaN,NaN,NaN,NaN,NaN,NaN,NaN,NaN
NaN,NaN,0.0303774368658196,0.0130288073705742,0.0568607812650346,0.177152220023951,0.117037702477925,0.101401402527699,0.0518441271172681,NaN,NaN,NaN,NaN,NaN,NaN,NaN,NaN,NaN
NaN,NaN,0.0305290748074185,0.010903920410783,0.0547306788988256,0.176833279295048,0.118103079623931,0.0989952002710197,0.0509151701019922,NaN,NaN,NaN,NaN,NaN,NaN,NaN,NaN,NaN
NaN,NaN,0.0274597895040642,0.0104721778916428,0.0542718907721185,0.173371348394236,0.116052623964303,0.10385305332602,0.0482867729054609,NaN,NaN,NaN,NaN,NaN,NaN,NaN,NaN,NaN
NaN,NaN,0.0220056664838921,0.0104531044053147,0.0509703336186552,0.171575926108441,0.118414271749013,0.103173020208487,0.0462599728392282,NaN,NaN,NaN,NaN,NaN,NaN,NaN,NaN,NaN
NaN,NaN,0.0215015043213498,0.00985856670013163,0.0484681492574358,0.169980570538125,0.117743216581099,0.102406895632157,0.0481494587050596,NaN,NaN,NaN,NaN,NaN,NaN,NaN,NaN,NaN
NaN,NaN,0.0278059807315003,0.00412229019275401,0.0498364111311579,0.170541748268685,0.122041251636498,0.101839552546153,0.0468195486949601,NaN,NaN,NaN,NaN,NaN,NaN,NaN,NaN,NaN
NaN,NaN,0.025301114161266,0.00482070761790965,0.0501261642105722,0.172585982693514,0.123371571428531,0.101863468909869,0.0515923347459951,NaN,NaN,NaN,NaN,NaN,NaN,NaN,NaN,NaN
NaN,NaN,0.0235303719236981,0.00619358885160182,0.0525762503869676,0.170293588055453,0.123634912199729,0.104250951582799,0.0480845827745119,NaN,NaN,NaN,NaN,NaN,NaN,NaN,NaN,NaN
NaN,NaN,0.0199354481592309,0.00742410811653826,0.0502936718888426,0.167735133184275,0.126018259800427,0.10469806092442,0.0500604208694616,NaN,NaN,NaN,NaN,NaN,NaN,NaN,NaN,NaN
NaN,NaN,0.0270166289701592,0.0103497462259838,0.0519219776518488,0.169721811873994,0.126553956545346,0.107491358096013,0.0522583048926511,NaN,NaN,NaN,NaN,NaN,NaN,NaN,NaN,NaN
NaN,NaN,0.0317745138600003,0.0105465905653546,0.052128489119544,0.167747501148066,0.132252197838776,0.107085394585738,0.0508464384959855,NaN,NaN,NaN,NaN,NaN,NaN,NaN,NaN,NaN
NaN,NaN,0.029399194259895,0.0116977052675793,0.0502539044149065,0.167251646382889,0.130510214842313,0.105121291155228,0.0537931990014234,NaN,NaN,NaN,NaN,NaN,NaN,NaN,NaN,NaN
NaN,NaN,0.028105736215366,0.0105366626667092,0.0508974296875143,0.161927629126391,0.130452454216235,0.108345418149838,0.050650395094029,NaN,NaN,NaN,NaN,NaN,NaN,NaN,NaN,NaN
NaN,NaN,0.027933776815189,0.0114747093903134,0.0450535295434141,0.162610977752289,0.131098605818503,0.106924666935811,0.0540385838733831,NaN,NaN,NaN,NaN,NaN,NaN,NaN,NaN,NaN
NaN,NaN,0.0337244984402787,0.00977173018327449,0.045822820616498,0.163145352019152,0.13259298739528,0.106252531433711,0.0542838756130853,NaN,NaN,NaN,NaN,NaN,NaN,NaN,NaN,NaN
NaN,NaN,0.0351296406879555,0.00809751021733973,0.0435666730530405,0.161904867602667,0.134888287759774,0.105405009264359,0.0548717823015371,NaN,NaN,NaN,NaN,NaN,NaN,NaN,NaN,NaN
NaN,NaN,0.0346651901199948,0.00892655494681094,0.0419188467688703,0.163004871321997,0.136167347557299,0.107140622014413,0.0576002966748395,NaN,NaN,NaN,NaN,NaN,NaN,NaN,NaN,NaN
NaN,NaN,0.0305010233714711,0.00837150531879161,0.0401979675419473,0.160042185200534,0.139830388254874,0.106242435897002,0.0573494356261411,NaN,NaN,NaN,NaN,NaN,NaN,NaN,NaN,NaN
NaN,NaN,0.0313414674892556,0.00943315717449877,0.0377386798985147,0.161765001578412,0.140104346103423,0.10339797186316,0.0622507255660215,NaN,NaN,NaN,NaN,NaN,NaN,NaN,NaN,NaN
NaN,NaN,0.0337065425410401,0.00668657514324877,0.0395842445917272,0.159981928629956,0.138914022720807,0.105160611594329,0.0621346641467729,NaN,NaN,NaN,NaN,NaN,NaN,NaN,NaN,NaN
NaN,NaN,0.0340424519672524,0.00576279628148768,0.0384106850154543,0.159121684594235,0.13703332854008,0.102439398790011,0.059995714216105,NaN,NaN,NaN,NaN,NaN,NaN,NaN,NaN,NaN
NaN,NaN,0.029436726559652,0.00332779753080104,0.0352776599950933,0.156254123760543,0.134675610936635,0.0981426303333137,0.0603790279613653,NaN,NaN,NaN,NaN,NaN,NaN,NaN,NaN,NaN
NaN,NaN,0.0237966370477807,0.00319193619361613,0.0327171934671545,0.149444777382693,0.133438609666579,0.0977879268175457,0.0561590563641706,NaN,NaN,NaN,NaN,NaN,NaN,NaN,NaN,NaN
NaN,NaN,0.0259642903401982,0.00460601913800929,0.0287936059661054,0.147190213067612,0.132302302993291,0.095480053598294,0.0589387748526254,NaN,NaN,NaN,NaN,NaN,NaN,NaN,NaN,NaN
NaN,NaN,0.0263117109134328,0.00518794673553202,0.0295241726465368,0.144887741519293,0.130122933662885,0.0986826670414303,0.0576869283007303,NaN,NaN,NaN,NaN,NaN,NaN,NaN,NaN,NaN
NaN,NaN,0.0295801316096913,0.00574372279515956,0.0286169154472494,0.143769372118792,0.13017417503094,0.101468662644038,0.0544038485871473,NaN,NaN,NaN,NaN,NaN,NaN,NaN,NaN,NaN
NaN,NaN,0.0262176473333966,0.00503535884490702,0.0273793367571974,0.14089981825479,0.133811082817071,0.100176601583371,0.0545501221107164,NaN,NaN,NaN,NaN,NaN,NaN,NaN,NaN,NaN
NaN,NaN,0.0269806799187791,0.00855499449244235,0.0267998864777231,0.138338774306855,0.135449260599368,0.100373539054999,0.0529588457332769,NaN,NaN,NaN,NaN,NaN,NaN,NaN,NaN,NaN
NaN,NaN,0.0276679587259423,0.0091247776435921,0.0226679993696356,0.138362262262187,0.13761285332536,0.0995048013573978,0.0524441782520929,NaN,NaN,NaN,NaN,NaN,NaN,NaN,NaN,NaN
NaN,NaN,0.0304353837564122,0.00946707594266627,0.0222349343724394,0.138223308934054,0.138029936827176,0.104995320463786,0.0508383359895864,NaN,NaN,NaN,NaN,NaN,NaN,NaN,NaN,NaN
NaN,NaN,0.0299755152955186,0.00878814178577159,0.0176371065802717,0.13863115371593,0.14319100988602,0.105050212616334,0.0508568879352727,NaN,NaN,NaN,NaN,NaN,NaN,NaN,NaN,NaN
NaN,NaN,0.0288960938050877,0.00806752163043711,0.0185897191889429,0.13861742602118,0.14471627411937,0.102214372629533,0.0505357865379968,NaN,NaN,NaN,NaN,NaN,NaN,NaN,NaN,NaN
NaN,NaN,0.0308792148425709,0.0106731573032448,0.0204735053606176,0.138849362595162,0.143322922415488,0.102567045862088,0.0497182529555478,NaN,NaN,NaN,NaN,NaN,NaN,NaN,NaN,NaN
NaN,NaN,0.0312565867498051,0.0102649772452423,0.0183804696328783,0.141079656643948,0.141777131832593,0.101339916611323,0.0506230514632383,NaN,NaN,NaN,NaN,NaN,NaN,NaN,NaN,NaN
NaN,NaN,0.0349478837742936,0.0120145039545605,0.0196924982495451,0.142749834669909,0.139635536945813,0.105022515082965,0.0495817583190122,NaN,NaN,NaN,NaN,NaN,NaN,NaN,NaN,NaN
NaN,NaN,0.0319655653729569,0.0115404235111782,0.0172403259105825,0.141730483485541,0.141902171201461,0.103546964848647,0.0468084659563222,NaN,NaN,NaN,NaN,NaN,NaN,NaN,NaN,NaN
NaN,NaN,0.0310339447751176,0.0101689951407025,0.0191210945971155,0.134544808281741,0.138221975542062,0.0997273501998279,0.0490202266858735,NaN,NaN,NaN,NaN,NaN,NaN,NaN,NaN,NaN
NaN,NaN,0.0287429284944665,0.0130351589905331,0.016305445683732,0.132020328058085,0.134911459065431,0.100801276887069,0.0483741682158628,NaN,NaN,NaN,NaN,NaN,NaN,NaN,NaN,NaN
NaN,NaN,0.0291344192519318,0.0139609867619583,0.0142004890270376,0.131350520862422,0.134625114626639,0.102632201189408,0.0472110021995225,NaN,NaN,NaN,NaN,NaN,NaN,NaN,NaN,NaN
NaN,NaN,0.0275794644549023,0.0162044869648525,0.0153498714692735,0.132428005201897,0.134497244037145,0.105257096613059,0.0483722683178106,NaN,NaN,NaN,NaN,NaN,NaN,NaN,NaN,NaN
NaN,NaN,0.0281447958841454,0.0170458437787602,0.0149266784913683,0.126843459768376,0.138198506213181,0.107668830925832,0.0472670491920629,NaN,NaN,NaN,NaN,NaN,NaN,NaN,NaN,NaN
NaN,NaN,0.0298684690787923,0.015642731814296,0.0160681260652685,0.123543299598775,0.136528682089799,0.107955678278813,0.0501879934357324,NaN,NaN,NaN,NaN,NaN,NaN,NaN,NaN,NaN
NaN,NaN,0.0284734037413727,0.0189465427683899,0.0135723305769109,0.120775185389599,0.133973486847632,0.109994976693997,0.0465458143638292,NaN,NaN,NaN,NaN,NaN,NaN,NaN,NaN,NaN
NaN,NaN,0.0289149996533524,0.017091012923629,0.00961264501286981,0.120137657834372,0.132873352743142,0.109462893480668,0.0461606193469682,NaN,NaN,NaN,NaN,NaN,NaN,NaN,NaN,NaN
NaN,NaN,0.0242857490375172,0.0151401529001305,0.00843090842439172,0.11863996074923,0.131687406576627,0.109723514789948,0.0428165566311994,NaN,NaN,NaN,NaN,NaN,NaN,NaN,NaN,NaN
NaN,NaN,0.0235687051608693,0.0110446432518074,0.0070542832739496,0.110748808695159,0.128257010258191,0.107956348831067,0.0370981801437059,NaN,NaN,NaN,NaN,NaN,NaN,NaN,NaN,NaN
NaN,NaN,0.0204429072036874,0.00894346776476596,0.00328602175189492,0.109826259179196,0.12465567899441,0.10679322006763,0.0357385236905732,NaN,NaN,NaN,NaN,NaN,NaN,NaN,NaN,NaN
NaN,NaN,0.0183363300457131,0.0102082410739968,0.000438130450978253,0.104756139082989,0.121530309445613,0.107190596783767,0.0329339947687307,NaN,NaN,NaN,NaN,NaN,NaN,NaN,NaN,NaN
NaN,NaN,0.0159158971800935,0.00641364174953196,-0.00184495096133712,0.108028154684386,0.124223694331401,0.108535147184739,0.0349045802043596,NaN,NaN,NaN,NaN,NaN,NaN,NaN,NaN,NaN
NaN,NaN,0.0147733692720067,0.00574552956095431,0.00320378596855638,0.105600606514296,0.12146437180733,0.110746609891066,0.0326514873789468,NaN,NaN,NaN,NaN,NaN,NaN,NaN,NaN,NaN
NaN,NaN,0.0177539181604516,0.00275475475064013,0.00313354561997888,0.103006332976899,0.118153259284251,0.111057671630988,0.0327143516527334,NaN,NaN,NaN,NaN,NaN,NaN,NaN,NaN,NaN
NaN,NaN,0.0136202615394723,0.006660591243417,0.000841150981917355,0.101909197731099,0.115508452183955,0.109170216048369,0.0313309651003995,NaN,NaN,NaN,NaN,NaN,NaN,NaN,NaN,NaN
NaN,NaN,0.0133632165088784,0.0097116226243088,-0.00211507176087859,0.0976442432535502,0.115403026468509,0.109146672213683,0.0270239148424783,NaN,NaN,NaN,NaN,NaN,NaN,NaN,NaN,NaN
NaN,NaN,0.0102613907947671,0.00918328332772944,-0.00290747826026442,0.0984012967480036,0.118583791084044,0.108724932098994,0.03024606743323,NaN,NaN,NaN,NaN,NaN,NaN,NaN,NaN,NaN
NaN,NaN,0.0119682256772649,0.00940719190111849,0.00107079650236604,0.09424174935945,0.116446890063041,0.112202919000993,0.0298643741892495,NaN,NaN,NaN,NaN,NaN,NaN,NaN,NaN,NaN
NaN,NaN,0.0144116249575745,0.00770728605857585,0.000330301923289273,0.0974963306022498,0.117821689821236,0.115441313857446,0.0282654423402467,NaN,NaN,NaN,NaN,NaN,NaN,NaN,NaN,NaN
NaN,NaN,0.0141539280011784,0.0111617477523396,6.42975695276e-05,0.0964522434902998,0.116885934151166,0.115386011922965,0.0252630818771043,NaN,NaN,NaN,NaN,NaN,NaN,NaN,NaN,NaN
NaN,NaN,0.0152919483080041,0.0135341429995606,-0.00154048298524382,0.0973799339068743,0.120823957152121,0.11579385670484,0.0246647443758169,NaN,NaN,NaN,NaN,NaN,NaN,NaN,NaN,NaN
NaN,NaN,0.0135329221084248,0.0115604841994355,-0.000477154748902347,0.0959195083511683,0.122789252675526,0.114114253694424,0.0260513346778074,NaN,NaN,NaN,NaN,NaN,NaN,NaN,NaN,NaN
NaN,NaN,0.0165058341517579,0.0101194487797329,0.00145487393213746,0.0932906454933497,0.12117666763758,0.115873633796582,0.024816885231606,NaN,NaN,NaN,NaN,NaN,NaN,NaN,NaN,NaN
NaN,NaN,0.0171149191155564,0.00843146386614535,-0.00100609009192946,0.0935185215009066,0.119401436425202,0.112853783095488,0.0206754986332574,NaN,NaN,NaN,NaN,NaN,NaN,NaN,NaN,NaN
NaN,NaN,0.0129764754965436,0.00803287643066142,-0.00604245905803206,0.0895834414792868,0.116089858240836,0.108529969031224,0.0179897319661298,NaN,NaN,NaN,NaN,NaN,NaN,NaN,NaN,NaN
NaN,NaN,0.011955745954765,0.0049244942056248,-0.00615488831923964,0.0878843365741583,0.117363944775813,0.108359015459428,0.0160059590028444,NaN,NaN,NaN,NaN,NaN,NaN,NaN,NaN,NaN
NaN,NaN,0.00906940965796821,0.0038989962922642,-0.00155307446645262,0.0856481193137976,0.117305234200709,0.108591995114693,0.018608223287932,NaN,NaN,NaN,NaN,NaN,NaN,NaN,NaN,NaN
NaN,NaN,0.0135565218224656,0.00734395849576686,0.00222071911169526,0.0869829653335425,0.116880066818946,0.11205485733808,0.0191395614432016,NaN,NaN,NaN,NaN,NaN,NaN,NaN,NaN,NaN
NaN,NaN,0.0138443750038277,0.00998511481157038,0.00244516785217759,0.0846914833916041,0.117450855798476,0.111782538617263,0.0149567123638311,NaN,NaN,NaN,NaN,NaN,NaN,NaN,NaN,NaN
NaN,NaN,0.0121627603366505,0.0134793067263672,0.00197518522812364,0.083588406307778,0.117984485007279,0.108287042850861,0.0174075249718347,NaN,NaN,NaN,NaN,NaN,NaN,NaN,NaN,NaN
NaN,NaN,0.0111251552298199,0.0120026016520569,0.00550325865818498,0.0779846570027682,0.119414325929635,0.109447619790444,0.0146504189954915,NaN,NaN,NaN,NaN,NaN,NaN,NaN,NaN,NaN
NaN,NaN,0.0115231093659531,0.0111633682536194,0.00509958620144365,0.0745925380421492,0.12072471541857,0.111198170954594,0.0145638991283098,NaN,NaN,NaN,NaN,NaN,NaN,NaN,NaN,NaN
NaN,NaN,0.0150564727082383,0.0117064969526837,0.00615078861786363,0.0746326780451151,0.116648968435281,0.115484601730714,0.00708455929028181,NaN,NaN,NaN,NaN,NaN,NaN,NaN,NaN,NaN
NaN,NaN,0.0129552413418423,0.0111944371747086,-0.00101585035251143,0.0714392101896616,0.116518844045155,0.111961501563201,0.000468015311829125,NaN,NaN,NaN,NaN,NaN,NaN,NaN,NaN,NaN
NaN,NaN,0.0117799122526776,0.00884029584995005,-0.00364162121938231,0.0700048616660448,0.11840549869036,0.108954577619443,0.00460720398890165,NaN,NaN,NaN,NaN,NaN,NaN,NaN,NaN,NaN
NaN,NaN,0.011061937053455,0.00636709424725268,-0.00255441387222769,0.0672984568906638,0.118842214472049,0.112342356616864,0.00222713464366583,NaN,NaN,NaN,NaN,NaN,NaN,NaN,NaN,NaN
NaN,NaN,0.0134656992449891,0.00676150935760234,-0.00213274826334479,0.069154340638003,0.120637506372683,0.115738647902617,0.00284167715775159,NaN,NaN,NaN,NaN,NaN,NaN,NaN,NaN,NaN
NaN,NaN,0.0153674040629994,0.00557953062525485,0.00173320899678705,0.0675306356085154,0.115626637018674,0.118474482471356,-0.00179217419160219,NaN,NaN,NaN,NaN,NaN,NaN,NaN,NaN,NaN
NaN,NaN,0.0127700199082028,0.00465938392153475,-0.00560980384276869,0.0654911695552679,0.115389112509244,0.111463653767714,-0.0029745999587855,NaN,NaN,NaN,NaN,NaN,NaN,NaN,NaN,NaN
NaN,NaN,0.00764644189621322,0.000595390229136683,-0.0062336968355036,0.0625181457532259,0.117346286899798,0.108571338379988,0.00113303550945905,NaN,NaN,NaN,NaN,NaN,NaN,NaN,NaN,NaN
NaN,NaN,0.00529090358759277,-0.00122862365969922,-0.00458255504296782,0.0606516076756331,0.117743197954648,0.109770621085772,0.000461235283485924,NaN,NaN,NaN,NaN,NaN,NaN,NaN,NaN,NaN
NaN,NaN,0.00703264444018714,-0.00141641554364469,-0.00449100603388312,0.0604873782528254,0.119957082099669,0.111010528082261,0.00131961667405752,NaN,NaN,NaN,NaN,NaN,NaN,NaN,NaN,NaN
NaN,NaN,0.0065430109098088,0.000493168263346888,-0.00199617912100318,0.0573359689248415,0.116563994563573,0.112076706165681,-0.000671849013694253,NaN,NaN,NaN,NaN,NaN,NaN,NaN,NaN,NaN
NaN,NaN,0.00503017051960342,0.00117240044346545,-0.00330718328283789,0.0585452726615282,0.121914405501836,0.109523746097693,0.00299823248254446,NaN,NaN,NaN,NaN,NaN,NaN,NaN,NaN,NaN
NaN,NaN,0.00436366020585411,0.000868193237693049,0.00213691870643136,0.0574788151813361,0.126924175895207,0.110968637192855,0.00693696328865675,NaN,NaN,NaN,NaN,NaN,NaN,NaN,NaN,NaN
NaN,NaN,0.0080010709061753,0.00528499054780696,0.00246120522691247,0.0547217650843474,0.130145900077575,0.117966874415288,0.00676818901168493,NaN,NaN,NaN,NaN,NaN,NaN,NaN,NaN,NaN
NaN,NaN,0.00887317999149673,0.00504670235386584,-0.00157719572113517,0.0526739357543799,0.130943969018214,0.119885566557059,0.00505712592469839,NaN,NaN,NaN,NaN,NaN,NaN,NaN,NaN,NaN
NaN,NaN,0.00854678868199699,0.00652337017527316,-0.00138105918692115,0.0513219720257136,0.123239584393256,0.118468093598494,0.000532555966249976,NaN,NaN,NaN,NaN,NaN,NaN,NaN,NaN,NaN
NaN,NaN,0.00641907050157898,0.00310649666062091,-0.00489894394801619,0.0519419907165381,0.125879287845843,0.116681444371352,-0.00115719846022936,NaN,NaN,NaN,NaN,NaN,NaN,NaN,NaN,NaN
NaN,NaN,0.00877520485664718,0.00301653089991305,-0.000569448816046741,0.0492271667850825,0.127984412140601,0.117741140449652,0.00324199685322431,NaN,NaN,NaN,NaN,NaN,NaN,NaN,NaN,NaN
NaN,NaN,0.0140536618127953,0.00860100182762835,-0.00155825261996749,0.0493289044631335,0.131137441969865,0.124307057732949,-0.00182076579464289,NaN,NaN,NaN,NaN,NaN,NaN,NaN,NaN,NaN
NaN,NaN,0.0134245347871911,0.00856905746331904,-0.000995361255869891,0.0499699710441443,0.133263353384488,0.123461286450038,-0.00192624738944384,NaN,NaN,NaN,NaN,NaN,NaN,NaN,NaN,NaN
NaN,NaN,0.0160663057758939,0.00841920766106341,0.00211929808331964,0.0515488980842444,0.127631943799012,0.122290092433104,-0.00244680082929942,NaN,NaN,NaN,NaN,NaN,NaN,NaN,NaN,NaN
NaN,NaN,0.0153124001517426,0.00721411350241397,0.000631994558110211,0.054258953644118,0.133712884164803,0.122584036464104,-0.00209846755994174,NaN,NaN,NaN,NaN,NaN,NaN,NaN,NaN,NaN
NaN,NaN,0.0199016597762238,0.00879456791153643,0.00688094551636216,0.0535159444940897,0.132141891993039,0.122388980264077,0.000574949769846473,NaN,NaN,NaN,NaN,NaN,NaN,NaN,NaN,NaN
NaN,NaN,0.0179638010158669,0.0104966716753552,0.00336667428685663,0.0500295198095652,0.132808122910016,0.125224876130233,-0.0029339011622748,NaN,NaN,NaN,NaN,NaN,NaN,NaN,NaN,NaN
NaN,NaN,0.0153281953826081,0.00906507986655924,0.00398574302865503,0.048073109103522,0.131441164887898,0.119456152344355,-0.00237235090268465,NaN,NaN,NaN,NaN,NaN,NaN,NaN,NaN,NaN
NaN,NaN,0.0125821535184514,0.00696958544722293,0.00435212532950876,0.0484874545169684,0.129517126954549,0.121103512967238,-0.005749047161468,NaN,NaN,NaN,NaN,NaN,NaN,NaN,NaN,NaN
NaN,NaN,0.0119826425507199,0.00869227143994067,0.00411324108911989,0.0449281259013029,0.13516470429992,0.118546995247016,-0.00301632321012827,NaN,NaN,NaN,NaN,NaN,NaN,NaN,NaN,NaN
NaN,NaN,0.0149448257579934,0.0129742691206047,0.00431027169300554,0.0428530460728022,0.134996004528754,0.121374471957097,-0.00291004067791315,NaN,NaN,NaN,NaN,NaN,NaN,NaN,NaN,NaN
NaN,NaN,0.0123325031891,0.0149315552698681,0.00130865628792283,0.0390271170569273,0.134385708845609,0.124503790313611,-0.00714150479567858,NaN,NaN,NaN,NaN,NaN,NaN,NaN,NaN,NaN
NaN,NaN,0.0119386468722951,0.0101862246083329,0.00444371159149644,0.039721939576945,0.13093581063246,0.121911509806523,-0.00674561819566103,NaN,NaN,NaN,NaN,NaN,NaN,NaN,NaN,NaN
NaN,NaN,0.00945892601157539,0.00592175441852305,0.00141272227241037,0.0379262006414744,0.129566300786488,0.12240436571301,-0.00869558414948794,NaN,NaN,NaN,NaN,NaN,NaN,NaN,NaN,NaN
NaN,NaN,0.0114184659614693,0.00690020191541407,-0.00245008711741927,0.0355527064336153,0.134272962934726,0.120322077447781,-0.00722105837000224,NaN,NaN,NaN,NaN,NaN,NaN,NaN,NaN,NaN
NaN,NaN,0.0120396394922864,0.00913703384867404,-0.00382991601751807,0.0351474693549487,0.134377680845015,0.12309497865499,-0.00823042577637049,NaN,NaN,NaN,NaN,NaN,NaN,NaN,NaN,NaN
NaN,NaN,0.0111459423496854,0.00740734431019519,-0.00174751599358084,0.0340126341713282,0.133973784870856,0.121343943203101,-0.00913103333247515,NaN,NaN,NaN,NaN,NaN,NaN,NaN,NaN,NaN
NaN,NaN,0.0093094487383496,0.00170381310454104,-0.00138642360495093,0.0375901049507471,0.133004650599711,0.122079613531241,-0.00823925471437785,NaN,NaN,NaN,NaN,NaN,NaN,NaN,NaN,NaN
NaN,NaN,0.00909671603585594,0.00233547332754824,-0.00137789269016745,0.0376808716488692,0.134452242530339,0.122822045261273,-0.00767265668643328,NaN,NaN,NaN,NaN,NaN,NaN,NaN,NaN,NaN
NaN,NaN,0.0123368617787492,0.00432740467658732,-0.00271575619505408,0.0382741241288992,0.136110052592509,0.123751058155904,-0.00591392851007792,NaN,NaN,NaN,NaN,NaN,NaN,NaN,NaN,NaN
NaN,NaN,0.011123758245958,0.00874235796800349,-4.4611292347934e-05,0.0361789277327868,0.132992506153338,0.122438601130852,-0.00561067125333163,NaN,NaN,NaN,NaN,NaN,NaN,NaN,NaN,NaN
NaN,NaN,0.00974303527618759,0.00785171556344721,0.00339778046084878,0.032750151915631,0.12981308264231,0.119739926332841,-0.00662499329579684,NaN,NaN,NaN,NaN,NaN,NaN,NaN,NaN,NaN
NaN,NaN,0.00627620561863296,0.00336303877702449,2.24253065728881e-05,0.0327759681773993,0.127443686253779,0.121325223619351,-0.00539063698185297,NaN,NaN,NaN,NaN,NaN,NaN,NaN,NaN,NaN
NaN,NaN,0.00830484970356338,0.00399471762648318,-0.00260086824224951,0.0277287772429797,0.125369146592372,0.12163200127543,-0.0067270476235232,NaN,NaN,NaN,NaN,NaN,NaN,NaN,NaN,NaN
NaN,NaN,0.00802144824410789,0.00687241124978755,-0.00660304074214461,0.026696164025149,0.124632489062302,0.123138899827609,-0.00587913429869029,NaN,NaN,NaN,NaN,NaN,NaN,NaN,NaN,NaN
NaN,NaN,0.00730431123520248,0.0122783290134976,-0.00143781398461821,0.0224817244840475,0.126464102543347,0.123418743634829,-0.00490292197597834,NaN,NaN,NaN,NaN,NaN,NaN,NaN,NaN,NaN
NaN,NaN,0.00844143747235649,0.0123931424604962,0.00219518224669931,0.0237676388157221,0.126836128659003,0.12666809084476,-0.00386514923108431,NaN,NaN,NaN,NaN,NaN,NaN,NaN,NaN,NaN
NaN,NaN,0.0098105747892987,0.00927496272197459,0.000289863897099469,0.0248304455114218,0.125096716112845,0.126199840480695,-4.64472783884666e-05,NaN,NaN,NaN,NaN,NaN,NaN,NaN,NaN,NaN
NaN,NaN,0.0144146424427163,0.00993379893770907,-0.00315750111864569,0.0236078797412726,0.124434434003585,0.128947093064198,-0.000362873436339822,NaN,NaN,NaN,NaN,NaN,NaN,NaN,NaN,NaN
NaN,NaN,0.0128151704266202,0.0103040555404732,-0.00409327541516783,0.0243727377189013,0.126870531714909,0.12760259854258,0.000779728977552924,NaN,NaN,NaN,NaN,NaN,NaN,NaN,NaN,NaN
NaN,NaN,0.011058416654123,0.00856289210787509,-0.000391920106873538,0.0200053191316935,0.127089038617366,0.123092091555009,-0.00133292040360781,NaN,NaN,NaN,NaN,NaN,NaN,NaN,NaN,NaN
NaN,NaN,0.00826452343608253,0.00694477501383517,-0.00235958118961814,0.0201957000923964,0.125499587632172,0.125366977328667,0.00112709367143301,NaN,NaN,NaN,NaN,NaN,NaN,NaN,NaN,NaN
NaN,NaN,0.00772590233827941,0.00394092443457339,-0.00514699240253928,0.0191445908082339,0.122577507174962,0.122207893902669,0.00012184271084455,NaN,NaN,NaN,NaN,NaN,NaN,NaN,NaN,NaN
NaN,NaN,0.0108629879250657,0.00753672364226077,-0.00717211608813765,0.0184099635613772,0.120732091493361,0.122279475355754,0.00176838376986173,NaN,NaN,NaN,NaN,NaN,NaN,NaN,NaN,NaN
NaN,NaN,0.00724470659042709,0.00872147771588061,-0.00631874521301749,0.0189193038774344,0.120290905363314,0.118997047567973,0.00175968521701482,NaN,NaN,NaN,NaN,NaN,NaN,NaN,NaN,NaN
NaN,NaN,0.00561478032614104,0.010497193215997,-0.000888762073979403,0.0173604002726885,0.120568923778289,0.119819759303937,0.00373222643005041,NaN,NaN,NaN,NaN,NaN,NaN,NaN,NaN,NaN
NaN,NaN,0.00382619394804351,0.00788552257290576,-0.00118237082885268,0.016798570616326,0.118481792635672,0.123805577779422,0.00747679510580686,NaN,NaN,NaN,NaN,NaN,NaN,NaN,NaN,NaN
NaN,NaN,0.0061433617665898,0.00524146053066943,-0.00486126263664725,0.0126590280366751,0.117187701291793,0.120901136571774,0.0109754946218648,NaN,NaN,NaN,NaN,NaN,NaN,NaN,NaN,NaN
NaN,NaN,0.00815185203100555,0.00871445554366801,-0.00384483580516341,0.0115589125586363,0.116915643341296,0.120027351105819,0.0125969085978189,NaN,NaN,NaN,NaN,NaN,NaN,NaN,NaN,NaN
NaN,NaN,0.00623496665502898,0.011062599151046,-0.00480020512865546,0.0138562618327948,0.120051760352605,0.117639365518698,0.0108711492406049,NaN,NaN,NaN,NaN,NaN,NaN,NaN,NaN,NaN
NaN,NaN,0.00621935768867843,0.0123095841991017,-0.00231426303313735,0.0141169576478812,0.120466198898309,0.120497818017611,0.0151470374451795,NaN,NaN,NaN,NaN,NaN,NaN,NaN,NaN,NaN
NaN,NaN,0.00505045472527854,0.00754400658479426,-0.00407908205913069,0.0109998209906432,0.117592007047885,0.124873413617024,0.0157238055156389,NaN,NaN,NaN,NaN,NaN,NaN,NaN,NaN,NaN
NaN,NaN,0.0104330707981717,0.00797351392975543,-0.00588676055000785,0.0123968793583723,0.117792539424651,0.12326572733582,0.0176081318544069,NaN,NaN,NaN,NaN,NaN,NaN,NaN,NaN,NaN
NaN,NaN,0.0124032091989648,0.00926842483750079,-0.00110956002996924,0.0140501631928297,0.117651090152018,0.121747801924357,0.0156135369228044,NaN,NaN,NaN,NaN,NaN,NaN,NaN,NaN,NaN
NaN,NaN,0.0128684234514367,0.0113523336040089,-0.00174267311619284,0.0179671941829535,0.11934972939586,0.118332269514212,0.0125348452614465,NaN,NaN,NaN,NaN,NaN,NaN,NaN,NaN,NaN
NaN,NaN,0.0110346679284703,0.0112670430826256,0.00185334960891244,0.0148167534304472,0.115594506389849,0.119896984571824,0.0137000043080964,NaN,NaN,NaN,NaN,NaN,NaN,NaN,NaN,NaN
NaN,NaN,0.00828210680629127,0.00922724175325129,-0.00441299845503333,0.011677171899161,0.114084292329305,0.121335132891545,0.0131747570024648,NaN,NaN,NaN,NaN,NaN,NaN,NaN,NaN,NaN
NaN,NaN,0.0104570057883393,0.00750388520827983,-0.00311855320857527,0.0110756865275713,0.112814545757525,0.116731009358773,0.015727102397553,NaN,NaN,NaN,NaN,NaN,NaN,NaN,NaN,NaN
NaN,NaN,0.0105523173406255,0.00738732087484095,-0.00179050584362509,0.0108848399055811,0.110463235653394,0.119208271527896,0.0132043544338861,NaN,NaN,NaN,NaN,NaN,NaN,NaN,NaN,NaN
NaN,NaN,0.00788856713916175,0.0114740388380596,0.00151770095302102,0.0115740372372481,0.112105641640179,0.116784355515847,0.0144558470832029,NaN,NaN,NaN,NaN,NaN,NaN,NaN,NaN,NaN
NaN,NaN,0.00462055622483604,0.0114228160964558,0.00424630845858094,0.00499651567467178,0.109963320321791,0.120150583708892,0.0167247537659326,NaN,NaN,NaN,NaN,NaN,NaN,NaN,NaN,NaN
NaN,NaN,0.0065149035945069,0.00902968960872386,0.000237691206469511,0.00365487100013221,0.1093611830244,0.118699769402156,0.0155986171351591,NaN,NaN,NaN,NaN,NaN,NaN,NaN,NaN,NaN
NaN,NaN,0.0073580112948548,0.00691799017658923,0.00117704178167817,0.00409380332954849,0.107565872497313,0.116123693907866,0.0148507092283883,NaN,NaN,NaN,NaN,NaN,NaN,NaN,NaN,NaN
NaN,NaN,0.0083106052770745,0.00755240711441729,0.00267745832873819,0.00320329131015266,0.105667557693475,0.117630797351012,0.0122860703753152,NaN,NaN,NaN,NaN,NaN,NaN,NaN,NaN,NaN
NaN,NaN,0.00386113717104308,0.0111678758548805,0.00196242610885141,-0.000788133727231373,0.106505133337729,0.116069006646285,0.00921563023196844,NaN,NaN,NaN,NaN,NaN,NaN,NaN,NaN,NaN
NaN,NaN,0.00528188838507049,0.0112043836998055,-0.000322126793131853,-0.00591418905726944,0.105181407309525,0.118528350169072,0.0105492655323663,NaN,NaN,NaN,NaN,NaN,NaN,NaN,NaN,NaN
NaN,NaN,0.00887442796374671,0.00942036080232356,-0.00297896658109191,-0.00368396951428925,0.109549943483823,0.117871674621711,0.0101628411697069,NaN,NaN,NaN,NaN,NaN,NaN,NaN,NaN,NaN
NaN,NaN,0.01271032213117,0.00731169748178218,0.000770184201731657,-0.00176043449512993,0.110117342449181,0.116540851915488,0.0101635117219606,NaN,NaN,NaN,NaN,NaN,NaN,NaN,NaN,NaN
NaN,NaN,0.014540054340614,0.00880827697983477,0.00242466012908456,0.00264704958923782,0.108330544210427,0.118007573211798,0.00757449084388402,NaN,NaN,NaN,NaN,NaN,NaN,NaN,NaN,NaN
NaN,NaN,0.00844339324976318,0.0117789165960858,0.000108218742146467,-0.000236213343062748,0.107807438946717,0.11594700338901,0.00718389415609029,NaN,NaN,NaN,NaN,NaN,NaN,NaN,NaN,NaN
NaN,NaN,0.0123778585984837,0.00840797591081355,0.00162735487295625,-0.000303901867785801,0.106120273596995,0.118258732283721,0.008679002164475,NaN,NaN,NaN,NaN,NaN,NaN,NaN,NaN,NaN
NaN,NaN,0.0132827129855286,0.00582254993787501,-0.000486244457230593,0.00379015491732086,0.108999755359643,0.119444436306367,0.0114579942213216,NaN,NaN,NaN,NaN,NaN,NaN,NaN,NaN,NaN
NaN,NaN,0.015277680446161,0.0035557852970669,0.00325135792566774,0.00698855878241981,0.108881794042342,0.118099792773137,0.0144725177572885,NaN,NaN,NaN,NaN,NaN,NaN,NaN,NaN,NaN
NaN,NaN,0.0120550435676705,0.00831301826110575,0.00221714283300874,0.00594264627822364,0.105479076630824,0.1174927194661,0.0130314637111345,NaN,NaN,NaN,NaN,NaN,NaN,NaN,NaN,NaN
NaN,NaN,0.0102860522165429,0.0129692027257988,0.0019745519287729,-0.000103555755534519,0.106211226559632,0.118615987623343,0.0153322029994645,NaN,NaN,NaN,NaN,NaN,NaN,NaN,NaN,NaN
NaN,NaN,0.0123670925095212,0.0106092313217232,0.0045591024584913,0.00163071589001144,0.10590802518224,0.121210186654935,0.0173286605762163,NaN,NaN,NaN,NaN,NaN,NaN,NaN,NaN,NaN
NaN,NaN,0.0114878308668267,0.011956482558162,0.00310268158985612,0.00323380143769706,0.107753161467069,0.123140557581792,0.020670450864903,NaN,NaN,NaN,NaN,NaN,NaN,NaN,NaN,NaN
NaN,NaN,0.0134672266140115,0.0137645149516175,0.00727364699317453,0.00428319708832229,0.105983071155303,0.118697403842816,0.0218335610018888,NaN,NaN,NaN,NaN,NaN,NaN,NaN,NaN,NaN
NaN,NaN,0.0106241595640313,0.0187093162821839,0.00631695519162652,-0.00229899971357857,0.10397573573088,0.119528516108403,0.021638188152186,NaN,NaN,NaN,NaN,NaN,NaN,NaN,NaN,NaN
NaN,NaN,0.0134458993270528,0.015823091744096,0.00769158731175897,-0.00647514327041184,0.10444579286074,0.12069713967503,0.0211625617133298,NaN,NaN,NaN,NaN,NaN,NaN,NaN,NaN,NaN
NaN,NaN,0.0127247948839795,0.0121535317884991,0.00472882668448923,-0.00712008415333306,0.103727258867972,0.119720387185225,0.022810425250403,NaN,NaN,NaN,NaN,NaN,NaN,NaN,NaN,NaN
NaN,NaN,0.0131177198782098,0.00954519528022502,0.003129615438714,-0.00577596216074501,0.106355413920634,0.120143785054097,0.0253009122000852,NaN,NaN,NaN,NaN,NaN,NaN,NaN,NaN,NaN
NaN,NaN,0.0122613128914963,0.0103341186331818,0.00450251529885766,-0.00437327860466515,0.101576034105771,0.11871567639173,0.0236877497421422,NaN,NaN,NaN,NaN,NaN,NaN,NaN,NaN,NaN
NaN,NaN,0.00932347445632331,0.0136572824703762,0.00421054567171571,-0.0104535297917513,0.100379973776095,0.122038765723119,0.0224093232439676,NaN,NaN,NaN,NaN,NaN,NaN,NaN,NaN,NaN
NaN,NaN,0.0113524724438321,0.0104961128818104,0.00471176485492227,-0.00776906697622811,0.101065874225848,0.121655172581086,0.0232400071011701,NaN,NaN,NaN,NaN,NaN,NaN,NaN,NaN,NaN
NaN,NaN,0.00970704897190444,0.0100522631692002,0.00270966346336839,-0.00559051720968758,0.101453919089787,0.121933246875415,0.0292010489987054,NaN,NaN,NaN,NaN,NaN,NaN,NaN,NaN,NaN
NaN,NaN,0.0104785938456189,0.0106461675750325,0.00333759839607713,-0.000317461924472203,0.101462263740056,0.121225590730319,0.0319058705257097,NaN,NaN,NaN,NaN,NaN,NaN,NaN,NaN,NaN
NaN,NaN,0.0100252260162961,0.0136099899100373,0.00596441234423158,-0.00434867306224381,0.0982102715740136,0.122772498900304,0.0345807407187143,NaN,NaN,NaN,NaN,NaN,NaN,NaN,NaN,NaN
NaN,NaN,0.00788309096242301,0.0139292845415184,0.0108178509302282,-0.00831951587072884,0.0973356106648377,0.126006330276141,0.0357800979303041,NaN,NaN,NaN,NaN,NaN,NaN,NaN,NaN,NaN
NaN,NaN,0.00878202213789336,0.0127772012638161,0.0100043779142046,-0.00461084036699807,0.099112536884301,0.12647275524796,0.0372301299260774,NaN,NaN,NaN,NaN,NaN,NaN,NaN,NaN,NaN
NaN,NaN,0.010979719896568,0.0154796199785778,0.00896649341060159,-0.00439022867552315,0.10294213531112,0.126631843770156,0.0397475507246175,NaN,NaN,NaN,NaN,NaN,NaN,NaN,NaN,NaN
NaN,NaN,0.0128560368611943,0.0194801347242901,0.0066766878492975,-0.000721749054112782,0.101734880484097,0.127889706665883,0.0410478819297471,NaN,NaN,NaN,NaN,NaN,NaN,NaN,NaN,NaN
NaN,NaN,0.0129922334745061,0.0211592906998703,0.00905008892489908,-0.00639113797418152,0.099606622136586,0.128185662353644,0.0432394329594293,NaN,NaN,NaN,NaN,NaN,NaN,NaN,NaN,NaN
NaN,NaN,0.0137778971984517,0.0179456876503536,0.0103372698552751,-0.00540233417026078,0.0960043409237793,0.129521067166934,0.0393264625357309,NaN,NaN,NaN,NaN,NaN,NaN,NaN,NaN,NaN
NaN,NaN,0.0141723123088013,0.0159493418323109,0.00823812465144632,-0.00507782413236176,0.0959443823764256,0.12559580328525,0.0383919734643617,NaN,NaN,NaN,NaN,NaN,NaN,NaN,NaN,NaN
NaN,NaN,0.0141849782958161,0.0170180531131336,0.00497586931063173,-0.00579540817610299,0.0954215751359394,0.125993943685899,0.0403890270875612,NaN,NaN,NaN,NaN,NaN,NaN,NaN,NaN,NaN
NaN,NaN,0.0151568692817818,0.017663981197984,0.00410528759433267,-0.00500568388573205,0.0971211270759037,0.126626497978577,0.0416233647750535,NaN,NaN,NaN,NaN,NaN,NaN,NaN,NaN,NaN
NaN,NaN,0.0137291704013478,0.0147977800952503,0.00903896893335817,-0.00793260722033059,0.0956910253832272,0.123361634934554,0.0407735329257169,NaN,NaN,NaN,NaN,NaN,NaN,NaN,NaN,NaN
NaN,NaN,0.0136102032556664,0.0140359396027634,0.00808825622273919,-0.00562473400107895,0.0919078626999787,0.123893513256917,0.0412712689624944,NaN,NaN,NaN,NaN,NaN,NaN,NaN,NaN,NaN
NaN,NaN,0.0119989779486787,0.0124331334518502,0.00591477285100458,-0.00599456219545876,0.0945370235810212,0.121023344720015,0.0400636229799905,NaN,NaN,NaN,NaN,NaN,NaN,NaN,NaN,NaN
NaN,NaN,0.00783877863432281,0.0135557124303887,0.00484799872113702,-0.00281947864762818,0.0940228590140274,0.123899771744618,0.0452016923712411,NaN,NaN,NaN,NaN,NaN,NaN,NaN,NaN,NaN
NaN,NaN,0.00500208183075301,0.0104546504007885,0.00891618336512086,-0.00640510781280075,0.0935346038410595,0.123777917498956,0.0471564266966501,NaN,NaN,NaN,NaN,NaN,NaN,NaN,NaN,NaN
NaN,NaN,0.00544611780787818,0.00799145120254252,0.0135672455556535,-0.00750220580569779,0.0887831264505318,0.121090213680873,0.046738728521935,NaN,NaN,NaN,NaN,NaN,NaN,NaN,NaN,NaN
NaN,NaN,0.00407649620319717,0.00886551606527064,0.00955341289712426,-0.00795803232661759,0.0821145774195126,0.123459554190049,0.0421283278750101,NaN,NaN,NaN,NaN,NaN,NaN,NaN,NaN,NaN
NaN,NaN,0.000924155552638695,0.0100517416285584,0.002238302481904,-0.0112434030937341,0.0821138323614529,0.121520279819379,0.0416025590287366,NaN,NaN,NaN,NaN,NaN,NaN,NaN,NaN,NaN
NaN,NaN,-0.00120259405230172,0.0109118925320217,0.00181037838531968,-0.0135558211671499,0.0834657588372162,0.122489078814397,0.0442458946393648,NaN,NaN,NaN,NaN,NaN,NaN,NaN,NaN,NaN
NaN,NaN,-0.000486332486616446,0.00617540943494532,0.00320691521240709,-0.0145483130084661,0.081598904109948,0.123611154878745,0.0438354049013772,NaN,NaN,NaN,NaN,NaN,NaN,NaN,NaN,NaN
NaN,NaN,0.00245687036658637,0.00915098506084178,0.00513400788380144,-0.0139339381324438,0.0765541532406739,0.121982271695742,0.0437937189029374,NaN,NaN,NaN,NaN,NaN,NaN,NaN,NaN,NaN
NaN,NaN,0.00324992879177444,0.0124550754117081,0.00215778033210275,-0.0159398206936506,0.0718440638253621,0.120158369565615,0.036720174937121,NaN,NaN,NaN,NaN,NaN,NaN,NaN,NaN,NaN
NaN,NaN,0.00337407409097068,0.010389364688308,-0.00311344956086638,-0.0166511462496904,0.0746949726114205,0.1147792180127,0.0375164371119657,NaN,NaN,NaN,NaN,NaN,NaN,NaN,NaN,NaN
NaN,NaN,0.000362363149179147,0.00724812540283892,0.000848545683159802,-0.01798068373076,0.076126434035056,0.115718810731778,0.0425259094821134,NaN,NaN,NaN,NaN,NaN,NaN,NaN,NaN,NaN
NaN,NaN,0.00206595702911727,0.00344784501066897,0.00303320492578981,-0.015143260495582,0.0738128238687447,0.117950874293456,0.0412860024856248,NaN,NaN,NaN,NaN,NaN,NaN,NaN,NaN,NaN
NaN,NaN,0.00273619263316505,0.00610140654316638,0.00424075777603624,-0.0141613857316164,0.0685312935481003,0.115794955665478,0.0422094646977106,NaN,NaN,NaN,NaN,NaN,NaN,NaN,NaN,NaN
NaN,NaN,0.00241406678105705,0.00797833818069194,-0.00214966108129981,-0.0130162687467722,0.0711323098609379,0.120862132782349,0.0384532172368684,NaN,NaN,NaN,NaN,NaN,NaN,NaN,NaN,NaN
NaN,NaN,0.00287855460192077,0.00752703788748477,-0.000464786785111453,-0.0125695133077291,0.0791357980439595,0.119165616953978,0.0454215403782049,NaN,NaN,NaN,NaN,NaN,NaN,NaN,NaN,NaN
NaN,NaN,0.00257375134970062,0.00672604459396098,0.0068810945279741,-0.011167500303903,0.0763354600737027,0.122077750886092,0.049532603113524,NaN,NaN,NaN,NaN,NaN,NaN,NaN,NaN,NaN
NaN,NaN,0.00817137255216949,0.00843623223772738,0.0107664419241094,-0.00779955847732102,0.0724573956201008,0.124311695719371,0.0501718443022886,NaN,NaN,NaN,NaN,NaN,NaN,NaN,NaN,NaN
NaN,NaN,0.00510296269203536,0.0116619238542626,0.0115321380920553,-0.00968170552126442,0.0646562465796402,0.123918658966431,0.0485355291651407,NaN,NaN,NaN,NaN,NaN,NaN,NaN,NaN,NaN
NaN,NaN,0.00521509393001907,0.0104125918733189,0.00565210263206002,-0.0117942245172647,0.0679596477518013,0.126987050200114,0.047258313386313,NaN,NaN,NaN,NaN,NaN,NaN,NaN,NaN,NaN
NaN,NaN,0.00265457152272575,0.00821468922367785,0.00700579862071512,-0.0128053055571703,0.0748592765400341,0.122981916094432,0.0541257929192701,NaN,NaN,NaN,NaN,NaN,NaN,NaN,NaN,NaN
NaN,NaN,0.00412661998416297,0.00673535781970713,0.00939289013816354,-0.0139356331395296,0.0724450090298584,0.128860889846692,0.056249990700356,NaN,NaN,NaN,NaN,NaN,NaN,NaN,NaN,NaN
NaN,NaN,0.00662958665634505,0.0108823323535034,0.0102785406537199,-0.0135032759474901,0.0708975793192318,0.129009975964436,0.0529071014510312,NaN,NaN,NaN,NaN,NaN,NaN,NaN,NaN,NaN
NaN,NaN,0.00528803511406295,0.0112683655606816,0.00954534764362809,-0.0162552969025758,0.0660933331916264,0.129345736379037,0.0471770648049035,NaN,NaN,NaN,NaN,NaN,NaN,NaN,NaN,NaN
NaN,NaN,0.00596564679290168,0.00665878447762225,0.00654535273982522,-0.0142202266918806,0.0689555296072892,0.12837820398272,0.0467730198191324,NaN,NaN,NaN,NaN,NaN,NaN,NaN,NaN,NaN
NaN,NaN,0.00144564031506888,0.00287217590084765,0.00772956664635179,-0.0155030676590589,0.0712167621920041,0.12354992973269,0.0487499755011716,NaN,NaN,NaN,NaN,NaN,NaN,NaN,NaN,NaN
NaN,NaN,0.00372438176418655,0.00262204128375743,0.00802168528510568,-0.013537325100818,0.0647218489417962,0.123618028039346,0.0475981157408872,NaN,NaN,NaN,NaN,NaN,NaN,NaN,NaN,NaN
NaN,NaN,0.000925906439078973,0.00572267490497325,0.00693458969666002,-0.0163973608481077,0.0615595803925923,0.123170453036437,0.0451097149537721,NaN,NaN,NaN,NaN,NaN,NaN,NaN,NaN,NaN
NaN,NaN,0.00215916379238479,0.0023380065249512,0.0052098920471811,-0.0190780611204294,0.0579923355350426,0.122277705842862,0.0427319366620698,NaN,NaN,NaN,NaN,NaN,NaN,NaN,NaN,NaN
NaN,NaN,-0.00165674419258721,-0.00212194827327039,-0.000267141508326556,-0.0180025325583604,0.0594775156447819,0.11975989388884,0.043926767645947,NaN,NaN,NaN,NaN,NaN,NaN,NaN,NaN,NaN
NaN,NaN,-0.00407691628788598,-0.00469902959594037,0.0022622933514261,-0.0196137578653482,0.0574886576602391,0.116492777044186,0.0451565791057268,NaN,NaN,NaN,NaN,NaN,NaN,NaN,NaN,NaN
NaN,NaN,-0.00444817871903069,-0.00322916042932775,0.0032165637142801,-0.0177593642341283,0.0490254127750328,0.116381428117165,0.0458766777204194,NaN,NaN,NaN,NaN,NaN,NaN,NaN,NaN,NaN
NaN,NaN,-0.00542033047531731,0.00166987570992205,0.00175140703989503,-0.0224871487783578,0.0471540876994065,0.119639101350913,0.0428076159344831,NaN,NaN,NaN,NaN,NaN,NaN,NaN,NaN,NaN
NaN,NaN,-0.00497057617758401,-0.00275096354016569,0.00130511726213929,-0.0239184425639299,0.0468454846510819,0.120873848820338,0.0432744320617834,NaN,NaN,NaN,NaN,NaN,NaN,NaN,NaN,NaN
NaN,NaN,-0.00769784257863648,-0.00458162707218435,0.000149364573492978,-0.023123875396171,0.0504535028109482,0.120383526111254,0.0462271157787958,NaN,NaN,NaN,NaN,NaN,NaN,NaN,NaN,NaN
NaN,NaN,-0.00367726714466698,-0.00554504302272107,0.00300878564788339,-0.0215708018707422,0.0497833044598034,0.117490260774503,0.0490263175355115,NaN,NaN,NaN,NaN,NaN,NaN,NaN,NaN,NaN
NaN,NaN,-0.00277993784402497,0.00172616484633181,0.00360073427630899,-0.022117544101396,0.0474238918492726,0.123113530600676,0.0521356683360258,NaN,NaN,NaN,NaN,NaN,NaN,NaN,NaN,NaN
NaN,NaN,0.00196269198204391,0.00427046361437533,0.00503694544507501,-0.0230036416517881,0.0500082374880246,0.129017948085675,0.0521621551500478,NaN,NaN,NaN,NaN,NaN,NaN,NaN,NaN,NaN
NaN,NaN,0.00299292101408355,0.000291108517558314,0.00428093503190515,-0.0189558902250913,0.051536742723935,0.127483836287865,0.0563230063902059,NaN,NaN,NaN,NaN,NaN,NaN,NaN,NaN,NaN
NaN,NaN,0.00361707477713935,0.000409740387112834,0.00477472226096627,-0.0177572594451097,0.054708249993079,0.124425633723149,0.0566782873259702,NaN,NaN,NaN,NaN,NaN,NaN,NaN,NaN,NaN
NaN,NaN,0.00649309201980941,0.00085949468484614,0.00546315590812204,-0.0162293130027441,0.052623018748515,0.121145646000514,0.0594173070179143,NaN,NaN,NaN,NaN,NaN,NaN,NaN,NaN,NaN
NaN,NaN,0.00499435185338371,0.0066792363213608,0.00624582077337739,-0.0190980845557836,0.0505121947596005,0.126786648208508,0.0620023045824685,NaN,NaN,NaN,NaN,NaN,NaN,NaN,NaN,NaN
NaN,NaN,0.00857105894829147,0.00301535743346903,0.00838965083433625,-0.0161117055880216,0.0499470309684208,0.129549547011266,0.0638197433339277,NaN,NaN,NaN,NaN,NaN,NaN,NaN,NaN,NaN
NaN,NaN,0.00719299956108443,-0.00172799882420804,0.00772509629799363,-0.0126564615832952,0.0510847718784741,0.126872963184724,0.0679021027074972,NaN,NaN,NaN,NaN,NaN,NaN,NaN,NaN,NaN
NaN,NaN,0.00695048316265456,-0.00308407899865415,0.00997783522082803,-0.012343406813064,0.0524688289830616,0.123744985932717,0.0684797648476281,NaN,NaN,NaN,NaN,NaN,NaN,NaN,NaN,NaN
NaN,NaN,0.00472432418609969,-0.000377972246496938,0.008621568781867,-0.0151105524467615,0.0511820764610699,0.125378823751817,0.071124907224051,NaN,NaN,NaN,NaN,NaN,NaN,NaN,NaN,NaN
NaN,NaN,0.0030872639908921,0.0033998260187218,0.00941010097934243,-0.016461957381883,0.0503117741415432,0.130418545479188,0.0744650211321035,NaN,NaN,NaN,NaN,NaN,NaN,NaN,NaN,NaN
NaN,NaN,0.00256477340008132,-0.0028870483947685,0.00766130070163247,-0.0139041730629591,0.048310492313855,0.132551106536994,0.075586314885489,NaN,NaN,NaN,NaN,NaN,NaN,NaN,NaN,NaN
NaN,NaN,0.00217663540388457,-0.00424394813308027,0.00803377385212419,-0.014089562134662,0.0481039622197083,0.130531868810067,0.0768108736859479,NaN,NaN,NaN,NaN,NaN,NaN,NaN,NaN,NaN
NaN,NaN,0.00108050598646514,-0.00234526080021169,0.00768393184019563,-0.0145672188567308,0.0467324593434266,0.129975012416253,0.0760852616416135,NaN,NaN,NaN,NaN,NaN,NaN,NaN,NaN,NaN
NaN,NaN,0.000809211720479652,0.00392267051211093,0.00951740796638963,-0.018968816982427,0.0464707949528626,0.130732531571994,0.078330400972239,NaN,NaN,NaN,NaN,NaN,NaN,NaN,NaN,NaN
NaN,NaN,0.00113210125709884,0.00461235213151667,0.00900566483808992,-0.0188551024960664,0.0445492715904644,0.134877252305159,0.0816895883666196,NaN,NaN,NaN,NaN,NaN,NaN,NaN,NaN,NaN
NaN,NaN,0.00278264700318687,-0.000610374481766485,0.0060886135227823,-0.0172647201882986,0.0417351686725548,0.131984061474213,0.0785741653429189,NaN,NaN,NaN,NaN,NaN,NaN,NaN,NaN,NaN
NaN,NaN,0.0028251898183953,-0.00132905748614576,0.00312255601359842,-0.0207697340714124,0.0381780752310685,0.128902762109647,0.075797166316382,NaN,NaN,NaN,NaN,NaN,NaN,NaN,NaN,NaN
NaN,NaN,0.00122912644292228,-0.001594894201844,0.00118018965198037,-0.0235256665813116,0.0365530104706219,0.126071783626685,0.0738640759276071,NaN,NaN,NaN,NaN,NaN,NaN,NaN,NaN,NaN
NaN,NaN,-0.000737715075956658,0.000280677704722621,0.00428542400671479,-0.0256785118447927,0.0385684856543473,0.123710862273583,0.0759459171579995,NaN,NaN,NaN,NaN,NaN,NaN,NaN,NaN,NaN
NaN,NaN,-0.000488232384668663,-0.00217235145100858,0.0024415170676851,-0.0217545890676168,0.0350793228814534,0.126547857100377,0.0764579024301687,NaN,NaN,NaN,NaN,NaN,NaN,NaN,NaN,NaN
NaN,NaN,0.00269679768825881,-0.00553783458599355,4.04557116174438e-05,-0.0191173629330782,0.0320273788044384,0.122112694109092,0.0732244435833612,NaN,NaN,NaN,NaN,NaN,NaN,NaN,NaN,NaN
NaN,NaN,0.00197560011292808,-0.00414401722082403,-0.00037508179472449,-0.0202789643274931,0.0307258741328648,0.118830471212277,0.0729860995100656,NaN,NaN,NaN,NaN,NaN,NaN,NaN,NaN,NaN
NaN,NaN,0.000587463815463707,0.000965833096415736,0.00353587697221277,-0.0235336387025503,0.0326173344025544,0.11547307195724,0.0743442844735303,NaN,NaN,NaN,NaN,NaN,NaN,NaN,NaN,NaN
NaN,NaN,0.000240881432546303,0.0018797399388859,0.00641828308774469,-0.0234182478355554,0.0316732527086666,0.11557816239656,0.0814194303141752,NaN,NaN,NaN,NaN,NaN,NaN,NaN,NaN,NaN
NaN,NaN,0.000529591430677101,-0.000663608880131505,0.00425225029660699,-0.0180404373871473,0.0261623376378945,0.12013832750381,0.0792683545635858,NaN,NaN,NaN,NaN,NaN,NaN,NaN,NaN,NaN
NaN,NaN,0.00182902856613509,-0.00181761068233754,0.00291904340459344,-0.0188852587210325,0.0226217099795273,0.115373588079819,0.0710262615369478,NaN,NaN,NaN,NaN,NaN,NaN,NaN,NaN,NaN
NaN,NaN,-0.000693831156240776,0.00133856701722834,0.00192195082975862,-0.0197214187549738,0.0251182505259446,0.115031606430421,0.073097802339665,NaN,NaN,NaN,NaN,NaN,NaN,NaN,NaN,NaN
NaN,NaN,-0.000444851379143075,0.00381692814698908,0.00479748378468988,-0.0215005801486162,0.0235922039816311,0.113987277174601,0.0744214724885145,NaN,NaN,NaN,NaN,NaN,NaN,NaN,NaN,NaN
NaN,NaN,0.000554047961486503,0.0022726090537617,0.00449115316344735,-0.0181084611879972,0.0222881288597515,0.116710427129874,0.0791331824051061,NaN,NaN,NaN,NaN,NaN,NaN,NaN,NaN,NaN
NaN,NaN,0.00196736722136848,0.000553331701667048,0.00268472264482019,-0.0178543591367391,0.0156528094181946,0.120655807579169,0.0771441381560483,NaN,NaN,NaN,NaN,NaN,NaN,NaN,NaN,NaN
NaN,NaN,0.00398857935215347,-0.0031617140484741,0.000748856914772962,-0.0177660325037626,0.0157665984103611,0.118423390114913,0.0735162828253427,NaN,NaN,NaN,NaN,NaN,NaN,NaN,NaN,NaN
NaN,NaN,0.00260167240048759,-0.001109283984988,0.000739823085799192,-0.0191550256179956,0.019556280351632,0.116606212133775,0.0747486274825254,NaN,NaN,NaN,NaN,NaN,NaN,NaN,NaN,NaN
NaN,NaN,0.00229493199731223,-0.00293262732157018,0.00176809634043214,-0.020481452481666,0.0202915036449364,0.116162343794713,0.0798010151969114,NaN,NaN,NaN,NaN,NaN,NaN,NaN,NaN,NaN
NaN,NaN,-0.000435258756624535,-0.00194402840861585,-0.000671559023127581,-0.0188728348778871,0.0201184825370243,0.115757106716046,0.0853254903243699,NaN,NaN,NaN,NaN,NaN,NaN,NaN,NaN,NaN
NaN,NaN,0.00137420787359588,-0.00182467010745313,-0.000820812778935458,-0.0172719286250261,0.0123402812848023,0.118546212936053,0.0821553427861848,NaN,NaN,NaN,NaN,NaN,NaN,NaN,NaN,NaN
NaN,NaN,0.000711180706275627,-0.00251157638558652,-0.000144355940089251,-0.0142956824468759,0.0178489798078469,0.116804807359586,0.0817035582052388,NaN,NaN,NaN,NaN,NaN,NaN,NaN,NaN,NaN
NaN,NaN,0.00136817290331237,9.12839459488168e-05,0.00539151857568261,-0.01364519088141,0.0193233006963662,0.114905672991881,0.0852714177356878,NaN,NaN,NaN,NaN,NaN,NaN,NaN,NaN,NaN
NaN,NaN,-1.08178064692774e-05,0.00162569376698229,0.0051537146694803,-0.0111173392700342,0.0183324479827813,0.116160946810851,0.0896396558867612,NaN,NaN,NaN,NaN,NaN,NaN,NaN,NaN,NaN
NaN,NaN,-0.00129924670909531,0.00454878005257342,0.00714136193467615,-0.0110290871428636,0.0133998842308453,0.114432915026555,0.0918299216912904,NaN,NaN,NaN,NaN,NaN,NaN,NaN,NaN,NaN
NaN,NaN,0.00207346348906867,0.00338779333105776,0.00480240116788385,-0.0112614148723272,0.00926617173051151,0.116919229651103,0.0845887210355916,NaN,NaN,NaN,NaN,NaN,NaN,NaN,NaN,NaN
NaN,NaN,0.000687990774167702,0.00306674781313632,0.00469937826467988,-0.0136086830364851,0.0115518980989388,0.112004975700984,0.084191847233645,NaN,NaN,NaN,NaN,NaN,NaN,NaN,NaN,NaN
NaN,NaN,0.00184722660924308,0.000360901831299998,0.0051026036865854,-0.014638278769174,0.00754646597003254,0.113538510078797,0.0848366763578573,NaN,NaN,NaN,NaN,NaN,NaN,NaN,NaN,NaN
NaN,NaN,-0.000418196927057579,0.000283434419543482,0.00329136754347322,-0.0150996932255415,0.0065617599854401,0.111281598830828,0.085546977459065,NaN,NaN,NaN,NaN,NaN,NaN,NaN,NaN,NaN
NaN,NaN,-0.00244449407909997,0.00263575035205577,0.00362610350324151,-0.0179354028271822,0.000785064078324163,0.110880068416009,0.083008639155499,NaN,NaN,NaN,NaN,NaN,NaN,NaN,NaN,NaN
NaN,NaN,0.00309983684564941,0.00111735927930567,0.00168895254804132,-0.0158146509396223,0.000987962014429892,0.110623842949281,0.0756871026145139,NaN,NaN,NaN,NaN,NaN,NaN,NaN,NaN,NaN
NaN,NaN,0.00447487874771468,0.000613048105151393,0.00261763016654489,-0.016538232700744,0.00402424124573978,0.107760808343301,0.0775170955942788,NaN,NaN,NaN,NaN,NaN,NaN,NaN,NaN,NaN
NaN,NaN,0.00560999332810752,-9.4086499302648e-05,0.0028636855907583,-0.0144534112381128,0.00226275635456356,0.108016027981648,0.0800345722721734,NaN,NaN,NaN,NaN,NaN,NaN,NaN,NaN,NaN
NaN,NaN,0.00283299430157058,0.00374100673070643,0.00106954853011606,-0.0156103001403001,0.00169681025242122,0.105608261103043,0.0817112323032537,NaN,NaN,NaN,NaN,NaN,NaN,NaN,NaN,NaN
NaN,NaN,0.00329906537081115,0.00691609027853701,0.0035285195238733,-0.0135216788815645,0.000286862380259359,0.106788451696048,0.0789485942708173,NaN,NaN,NaN,NaN,NaN,NaN,NaN,NaN,NaN
NaN,NaN,0.00811072482611053,0.0043003218161175,0.00453248525930879,-0.00736278681627785,0.00365858537649425,0.106266333634267,0.0776500325785795,NaN,NaN,NaN,NaN,NaN,NaN,NaN,NaN,NaN
NaN,NaN,0.00817237838055007,0.00511521044245455,0.00684289167596338,-0.0061179810630468,0.00340381277298244,0.10387888821424,0.0822607126222768,NaN,NaN,NaN,NaN,NaN,NaN,NaN,NaN,NaN
NaN,NaN,0.00721369354869239,0.00362015831342433,0.00505354161335466,-0.00691496966949974,0.000341605521195257,0.103072120720753,0.0852264907346883,NaN,NaN,NaN,NaN,NaN,NaN,NaN,NaN,NaN
NaN,NaN,0.00410255460883491,0.00820522698631976,0.00617530102802751,-0.0080098324882177,-0.00192763643766133,0.102715182030806,0.0862277370082059,NaN,NaN,NaN,NaN,NaN,NaN,NaN,NaN,NaN
NaN,NaN,0.00671528695966117,0.00843211579194758,0.00770795996262071,-0.00822308673135315,-0.000597987197882807,0.102972115302691,0.0824057754264989,NaN,NaN,NaN,NaN,NaN,NaN,NaN,NaN,NaN
NaN,NaN,0.0100373145833146,0.00755659806600306,0.00773988570047853,-0.00750015689603363,-0.00211898597384182,0.102715182030806,0.0838281285153547,NaN,NaN,NaN,NaN,NaN,NaN,NaN,NaN,NaN
NaN,NaN,0.00861229791189544,0.00433053392043803,0.00786360259129045,-0.00866276411882912,-0.00370599689388958,0.100227470422396,0.0877410616861501,NaN,NaN,NaN,NaN,NaN,NaN,NaN,NaN,NaN
NaN,NaN,0.00525828867102973,0.00258970576396678,0.00413810740186212,-0.00821297256819283,-0.00633130209947316,0.0992280681675766,0.0886802073703924,NaN,NaN,NaN,NaN,NaN,NaN,NaN,NaN,NaN
NaN,NaN,0.00219742252374999,0.006046607522876,0.00410146917177675,-0.0134205745028642,-0.00527134525085179,0.10147143798531,0.084888085363976,NaN,NaN,NaN,NaN,NaN,NaN,NaN,NaN,NaN
NaN,NaN,0.00744795842911117,0.00464360731712077,0.00618737096859453,-0.00982145978681122,-0.00367382901216236,0.100298735225806,0.0836211513863721,NaN,NaN,NaN,NaN,NaN,NaN,NaN,NaN,NaN
NaN,NaN,0.0103302714123856,0.00205864700546954,0.00366756598426339,-0.00792873291842018,-0.0054304337730476,0.100523444736609,0.0855314616249719,NaN,NaN,NaN,NaN,NaN,NaN,NaN,NaN,NaN
NaN,NaN,0.00982378094340675,-0.00133874324092176,0.00253615806771753,-0.00711971162430321,-0.00825744482184139,0.0958719727641437,0.0892895344780603,NaN,NaN,NaN,NaN,NaN,NaN,NaN,NaN,NaN
NaN,NaN,0.0056446757807862,0.00297449099889491,0.00257920379711625,-0.00816936804524933,-0.0081888808538982,0.0953004759794567,0.0889296714352289,NaN,NaN,NaN,NaN,NaN,NaN,NaN,NaN,NaN
NaN,NaN,0.00528676851536147,0.00478718000522349,0.00439625139309404,-0.0107390360402254,-0.0049123576512405,0.0951696437841747,0.0847376953946271,NaN,NaN,NaN,NaN,NaN,NaN,NaN,NaN,NaN
NaN,NaN,0.00613894729758613,0.00107727515569422,0.000754947764410947,-0.00920967398754631,-0.00804381804967609,0.0906757888442371,0.082443195967547,NaN,NaN,NaN,NaN,NaN,NaN,NaN,NaN,NaN
NaN,NaN,0.00276247455622069,-0.00543330294021871,-0.00435078610704901,-0.0153841005133775,-0.0169090776374408,0.0877463695651386,0.0816731412099519,NaN,NaN,NaN,NaN,NaN,NaN,NaN,NaN,NaN
NaN,NaN,-0.00306637541507371,-0.00597723257669713,-0.00449132268355849,-0.0171531291174081,-0.023209530734069,0.0818886299675796,0.0818121317909875,NaN,NaN,NaN,NaN,NaN,NaN,NaN,NaN,NaN
NaN,NaN,-0.00817048878525384,-0.00229057353863027,-0.00241322536991599,-0.0196196624504713,-0.0214207767179081,0.083483799273381,0.0793373096870103,NaN,NaN,NaN,NaN,NaN,NaN,NaN,NaN,NaN
NaN,NaN,-0.00516488731955178,-0.00137430113682058,0.000714025450482343,-0.0159479232000497,-0.0176572649409839,0.0816368189698551,0.0772831659899869,NaN,NaN,NaN,NaN,NaN,NaN,NaN,NaN,NaN
NaN,NaN,-0.0019544321403373,-0.000300933243124746,-0.00218931679652693,-0.0155436174439577,-0.0174264459540912,0.0825584744161461,0.0785919536040941,NaN,NaN,NaN,NaN,NaN,NaN,NaN,NaN,NaN
NaN,NaN,-0.000130325119243935,-0.0036058990372112,-0.00371651818083289,-0.0181182028221277,-0.0220574660828182,0.0824149203544948,0.0831652317331949,NaN,NaN,NaN,NaN,NaN,NaN,NaN,NaN,NaN
NaN,NaN,-0.00170331032131799,0.000560223488719203,-0.00128690247462752,-0.0198123903440622,-0.0227586215963432,0.0800405320769642,0.0839929912375131,NaN,NaN,NaN,NaN,NaN,NaN,NaN,NaN,NaN
NaN,NaN,0.000360742647899315,0.0035751754330704,0.00271651799751756,-0.0188612678515104,-0.0178024208774635,0.084076101804385,0.0826035138355413,NaN,NaN,NaN,NaN,NaN,NaN,NaN,NaN,NaN
NaN,NaN,0.00463094978476875,0.00433232205978129,0.00352820287419793,-0.0127705672251371,-0.0132837368776866,0.0826621678716037,0.0821800787137666,NaN,NaN,NaN,NaN,NaN,NaN,NaN,NaN,NaN
NaN,NaN,0.00843579365755431,0.00324703323713038,-0.00224912633226874,-0.0142154955732015,-0.0130800193777153,0.0833753933256958,0.0838222239302316,NaN,NaN,NaN,NaN,NaN,NaN,NaN,NaN,NaN
NaN,NaN,0.00691101371194236,0.00166739839187358,-0.00241605659054282,-0.0129733906554369,-0.0165686233570644,0.0833758589869831,0.087298012910954,NaN,NaN,NaN,NaN,NaN,NaN,NaN,NaN,NaN
NaN,NaN,0.00576390369678847,0.00436383801570628,0.00221291462851999,-0.0108850301670221,-0.0118428504695961,0.0816112634784076,0.0875212509320894,NaN,NaN,NaN,NaN,NaN,NaN,NaN,NaN,NaN
NaN,NaN,0.00900149761582725,0.00543348061910365,0.0063436655230665,-0.00699795051089798,-0.0121706946423122,0.0830011692887638,0.0868191268430867,NaN,NaN,NaN,NaN,NaN,NaN,NaN,NaN,NaN
NaN,NaN,0.0114925619855057,0.00577924343815539,0.00202892254067895,-0.00578182949296509,-0.0114967523744175,0.0811711763089988,0.0861854549633184,NaN,NaN,NaN,NaN,NaN,NaN,NaN,NaN,NaN
NaN,NaN,0.0111442287161481,0.0021294647740433,0.00119106749965188,-0.00951451449266945,-0.0158828346660205,0.0801711966341827,0.0909787487374463,NaN,NaN,NaN,NaN,NaN,NaN,NaN,NaN,NaN
NaN,NaN,0.00570131881977431,0.000519822715432383,0.0042161336071634,-0.00993185876480614,-0.0195441431036064,0.0808522169536445,0.0921212021397271,NaN,NaN,NaN,NaN,NaN,NaN,NaN,NaN,NaN
NaN,NaN,0.00635670914198272,0.00255703496804927,0.00553246493412492,-0.010226398842254,-0.0189068949451515,0.0783059810346458,0.0908470410989442,NaN,NaN,NaN,NaN,NaN,NaN,NaN,NaN,NaN
NaN,NaN,0.00820784314419143,0.00264193433395121,0.0049924095995569,-0.00859045623413597,-0.0204275584449836,0.0785812799877021,0.0871730666743436,NaN,NaN,NaN,NaN,NaN,NaN,NaN,NaN,NaN
NaN,NaN,0.00991600050474517,0.00330449583998416,0.0032889833576822,-0.0111245290803102,-0.0184723770847389,0.0762370106822345,0.0866524573551336,NaN,NaN,NaN,NaN,NaN,NaN,NaN,NaN,NaN
NaN,NaN,0.00632338642026298,0.00420115458837245,0.00335737968756196,-0.010706029968181,-0.022906925403125,0.0764077593630645,0.0921716053174653,NaN,NaN,NaN,NaN,NaN,NaN,NaN,NaN,NaN
NaN,NaN,0.00571122809196822,0.00312529075017665,0.00358668993188379,-0.011461705105224,-0.0249893440535137,0.0749722746259067,0.0904877741025606,NaN,NaN,NaN,NaN,NaN,NaN,NaN,NaN,NaN
NaN,NaN,0.00626033588196151,0.00218016597500537,0.00328030343128679,-0.0101100766526846,-0.0251175499191352,0.0717057724541519,0.0858356129513898,NaN,NaN,NaN,NaN,NaN,NaN,NaN,NaN,NaN
NaN,NaN,0.00600295557524078,0.001169848619611,0.000398996276392912,-0.0145295189189104,-0.0290754287173816,0.0711185363179538,0.0773030776666322,NaN,NaN,NaN,NaN,NaN,NaN,NaN,NaN,NaN
NaN,NaN,0.00101935534621589,0.000642422019154765,-0.00636020769403937,-0.0205962286757616,-0.0339880435397693,0.0621689547842834,0.0745384838567891,NaN,NaN,NaN,NaN,NaN,NaN,NaN,NaN,NaN
NaN,NaN,-0.00536923811887391,-0.00375707131752279,-0.0084590735010958,-0.0248463006185678,-0.0381823665132591,0.0615798932558391,0.0733223628388563,NaN,NaN,NaN,NaN,NaN,NaN,NaN,NaN,NaN
NaN,NaN,-0.00742565424297936,-0.00825584364065435,-0.00962602068708899,-0.0235412941741136,-0.0394948235383102,0.0596225139743183,0.0693219598518529,NaN,NaN,NaN,NaN,NaN,NaN,NaN,NaN,NaN
NaN,NaN,-0.00681280673597939,-0.0100318385375431,-0.0111549357049322,-0.0213665442036775,-0.0387535280218193,0.0577282224840019,0.0678231079267183,NaN,NaN,NaN,NaN,NaN,NaN,NaN,NaN,NaN
NaN,NaN,-0.00199120075558312,-0.00724267643818166,-0.0123921604924059,-0.0262217895554689,-0.0405220909645626,0.0566119392460678,0.065193462757937,NaN,NaN,NaN,NaN,NaN,NaN,NaN,NaN,NaN
NaN,NaN,-0.00508592979167588,-0.00544039961823728,-0.013971199291215,-0.0256436617540506,-0.0383844448854991,0.0548825663572643,0.0655259262906232,NaN,NaN,NaN,NaN,NaN,NaN,NaN,NaN,NaN
NaN,NaN,-0.00477412299369462,-0.00478085559734609,-0.00919886027501586,-0.0258176514374403,-0.0399694441487857,0.0569677417224739,0.0696889940785089,NaN,NaN,NaN,NaN,NaN,NaN,NaN,NaN,NaN
NaN,NaN,-0.00213389800046571,-0.00577727761992719,-0.010089875208602,-0.0198495501147894,-0.0412505714824268,0.0587709684914444,0.0693404186652818,NaN,NaN,NaN,NaN,NaN,NaN,NaN,NaN,NaN
NaN,NaN,-0.00110316605423577,-0.00393687245377805,-0.00948807318733695,-0.0223905706273702,-0.0403328462174007,0.0555196282512043,0.0710357051478544,NaN,NaN,NaN,NaN,NaN,NaN,NaN,NaN,NaN
NaN,NaN,-0.00190773562644608,-0.00344366264471319,-0.00910405163692,-0.0223785938190607,-0.0396486221482822,0.0535831292218063,0.0685131620751539,NaN,NaN,NaN,NaN,NaN,NaN,NaN,NaN,NaN
NaN,NaN,-0.00608276159618981,-0.00125384387501981,-0.00694207941220763,-0.0198506490754274,-0.0363314560284683,0.0519059290236328,0.0704736333476224,NaN,NaN,NaN,NaN,NaN,NaN,NaN,NaN,NaN
NaN,NaN,-0.00175496147130616,-0.00136679467686918,-0.00462584291623595,-0.0188300126659063,-0.0383722259333202,0.0538379204517696,0.0739166770266214,NaN,NaN,NaN,NaN,NaN,NaN,NaN,NaN,NaN
NaN,NaN,0.00159210010315292,-0.00168534425029065,-0.00647084881590369,-0.0154250228273061,-0.0382315030922958,0.0539683056122158,0.0731712836908021,NaN,NaN,NaN,NaN,NaN,NaN,NaN,NaN,NaN
NaN,NaN,0.00346471040393226,0.000511999605805613,-0.00486122538374426,-0.019375730441728,-0.039966277652032,0.0505016808456276,0.0737368945168176,NaN,NaN,NaN,NaN,NaN,NaN,NaN,NaN,NaN
NaN,NaN,0.00303749411250465,-0.000457861096947454,-0.00516597275660994,-0.020465713130155,-0.037952367090232,0.0513346930092666,0.0698241289840856,NaN,NaN,NaN,NaN,NaN,NaN,NaN,NaN,NaN
NaN,NaN,-0.00239986510132439,-4.51548112323508e-05,-0.00489415694998267,-0.0208646172153143,-0.0373361668219635,0.0490590808039997,0.0707059797035375,NaN,NaN,NaN,NaN,NaN,NaN,NaN,NaN,NaN
NaN,NaN,-0.000253203819738701,-0.00471886676677968,-0.00639272947834494,-0.019906174527326,-0.0412236748864719,0.0487451319640968,0.0707542408393541,NaN,NaN,NaN,NaN,NaN,NaN,NaN,NaN,NaN
NaN,NaN,-0.00304128558491357,-0.00616295692452695,-0.00939093624280455,-0.0221976005899099,-0.0434038079013893,0.0457686808949802,0.0667541358755746,NaN,NaN,NaN,NaN,NaN,NaN,NaN,NaN,NaN
NaN,NaN,-0.0027316767082084,-0.00602385458478238,-0.0114298248760557,-0.0242976026105074,-0.044834785037286,0.0420160097128246,0.0651826966689744,NaN,NaN,NaN,NaN,NaN,NaN,NaN,NaN,NaN
NaN,NaN,-0.00369099483941682,-0.00624074098595884,-0.0105874063544131,-0.0221518353985933,-0.0409453770747253,0.0419859279936645,0.0623759884523073,NaN,NaN,NaN,NaN,NaN,NaN,NaN,NaN,NaN
NaN,NaN,-0.00491756529663689,-0.00389010143408086,-0.00465687458442214,-0.0182090812789587,-0.0418375282218525,0.0413789105659816,0.0665923278914609,NaN,NaN,NaN,NaN,NaN,NaN,NaN,NaN,NaN
NaN,NaN,0.000277184386504814,-0.00496605840453412,-0.0063245194129801,-0.0179941692816404,-0.0463018229832717,0.042648470873246,0.0685915421830335,NaN,NaN,NaN,NaN,NaN,NaN,NaN,NaN,NaN
NaN,NaN,-0.00290693299029954,-0.00440985393652227,-0.0103190364413119,-0.0224318654703287,-0.0490975788464614,0.0387301360315178,0.066056966422669,NaN,NaN,NaN,NaN,NaN,NaN,NaN,NaN,NaN
NaN,NaN,-0.00417852358077653,-0.00226863157877233,-0.00760352333115103,-0.0227560961114553,-0.0479544362654754,0.035623411560664,0.0631253119693914,NaN,NaN,NaN,NaN,NaN,NaN,NaN,NaN,NaN
NaN,NaN,-0.00621705831144936,-0.00361580830940511,-0.00652950351165297,-0.0229617880152849,-0.0445902569820949,0.0307654281205032,0.0616448257254281,NaN,NaN,NaN,NaN,NaN,NaN,NaN,NaN,NaN
NaN,NaN,-0.0077719199762214,-0.00441926029452588,-0.00677144249008658,-0.0259422251450208,-0.0503020210793087,0.0280858081823681,0.0630597096072355,NaN,NaN,NaN,NaN,NaN,NaN,NaN,NaN,NaN
NaN,NaN,-0.00651612461660989,-0.00698093754181173,-0.0145468684010363,-0.0278841258453516,-0.0542228704919883,0.0294673693424556,0.0625819411264577,NaN,NaN,NaN,NaN,NaN,NaN,NaN,NaN,NaN
NaN,NaN,-0.0106595228717197,-0.00765998345741536,-0.0156305367224074,-0.0286971332000879,-0.0546336955061027,0.0279955257719848,0.0623693760620275,NaN,NaN,NaN,NaN,NaN,NaN,NaN,NaN,NaN
NaN,NaN,-0.00560888604377396,-0.00283580702671316,-0.00880111102984908,-0.0235924051570085,-0.0491438096990654,0.0282650505250785,0.0627650018917241,NaN,NaN,NaN,NaN,NaN,NaN,NaN,NaN,NaN
NaN,NaN,-0.00546417714213021,-0.00409340915211942,-0.00743163843678,-0.0212966018783239,-0.0446298754444191,0.025384246284375,0.0611540373550573,NaN,NaN,NaN,NaN,NaN,NaN,NaN,NaN,NaN
NaN,NaN,-0.000775284628616646,-0.00321437102684285,-0.00532031153367522,-0.0212661662565855,-0.0477729028692314,0.0209354301041458,0.0639955211566606,NaN,NaN,NaN,NaN,NaN,NaN,NaN,NaN,NaN
NaN,NaN,0.000484943826450035,-0.00506459233292844,-0.0112800495796061,-0.0232850314544824,-0.0506955048670837,0.0205192406720016,0.0656060386584916,NaN,NaN,NaN,NaN,NaN,NaN,NaN,NaN,NaN
NaN,NaN,-0.00177055181120522,-0.0066663740290096,-0.00985249971078398,-0.0230241493748811,-0.0518788619568416,0.0233809527999256,0.0623194944249311,NaN,NaN,NaN,NaN,NaN,NaN,NaN,NaN,NaN
NaN,NaN,-0.00210318298195489,-0.00486717057356145,-0.00578543265388968,-0.0181852580475,-0.0491961686542102,0.0204400410002563,0.0621723082052389,NaN,NaN,NaN,NaN,NaN,NaN,NaN,NaN,NaN
NaN,NaN,-0.00298462391947396,-0.00825973656901624,-0.00401286502407553,-0.0190888830887464,-0.0476997009148666,0.0176702131575439,0.0626337226616063,NaN,NaN,NaN,NaN,NaN,NaN,NaN,NaN,NaN
NaN,NaN,0.000989515770925209,-0.00482319352158811,-0.00519687403963568,-0.018616348640838,-0.0503455883493492,0.0149201666063163,0.0650548260794797,NaN,NaN,NaN,NaN,NaN,NaN,NaN,NaN,NaN
NaN,NaN,0.000879060913575813,-0.00448422935733106,-0.00929106120990279,-0.0173495077954916,-0.0493728777995178,0.020643087947974,0.0686859410391965,NaN,NaN,NaN,NaN,NaN,NaN,NaN,NaN,NaN
NaN,NaN,0.00177856950904243,-0.00192454514035489,-0.00299384911583426,-0.0139210486280111,-0.0493166817953655,0.0226513174420688,0.0694823708521047,NaN,NaN,NaN,NaN,NaN,NaN,NaN,NaN,NaN
NaN,NaN,0.00110330476309173,-0.00187773686775472,-0.000179932462439562,-0.0142802969979433,-0.0463213621308872,0.0198576477414463,0.0706863101707616,NaN,NaN,NaN,NaN,NaN,NaN,NaN,NaN,NaN
NaN,NaN,0.00235254361177795,-0.00573022720345762,0.00114465038253305,-0.0199548268186239,-0.0461638382306167,0.0155737315362785,0.0693156827377,NaN,NaN,NaN,NaN,NaN,NaN,NaN,NaN,NaN
NaN,NaN,0.0018973131373059,-0.00292398464807775,-0.00454731379674437,-0.0213089512156633,-0.0491549669435093,0.0118617032712791,0.0688056532429376,NaN,NaN,NaN,NaN,NaN,NaN,NaN,NaN,NaN
NaN,NaN,-0.00195541934226639,-0.00544740316399839,-0.00506557618306639,-0.0210181550549654,-0.0486891380181381,0.0141247239953373,0.0677705254541555,NaN,NaN,NaN,NaN,NaN,NaN,NaN,NaN,NaN
NaN,NaN,-0.00256305144284852,-0.00393663030990865,-0.00373995025681021,-0.0171957464384225,-0.048921745144374,0.0155148346966598,0.0672574225948968,NaN,NaN,NaN,NaN,NaN,NaN,NaN,NaN,NaN
NaN,NaN,-0.000960059027420358,-0.00395846051105764,-0.00274753292129996,-0.0191994683312563,-0.0481871924033233,0.0106342759972904,0.067644480256907,NaN,NaN,NaN,NaN,NaN,NaN,NaN,NaN,NaN
NaN,NaN,0.00163851722027175,-0.00406943690904882,-0.00205995609091284,-0.0212191158401159,-0.0477583928635189,0.0101883214956615,0.0680042315410295,NaN,NaN,NaN,NaN,NaN,NaN,NaN,NaN,NaN
NaN,NaN,0.000398833741201088,-0.0012122137559345,-0.00286206697152617,-0.02012527747623,-0.046729933344371,0.0119059224671219,0.0698418427394548,NaN,NaN,NaN,NaN,NaN,NaN,NaN,NaN,NaN
NaN,NaN,0.000438303191913291,-0.00328438785800245,-0.00154141430781844,-0.0154218935834554,-0.0445835142066547,0.0136594538635109,0.0715231035040536,NaN,NaN,NaN,NaN,NaN,NaN,NaN,NaN,NaN
NaN,NaN,-0.00127609402989037,-0.00126181599625852,-0.00110922475384238,-0.0129613393413213,-0.0457516534855434,0.0128557224816177,0.0710975077139058,NaN,NaN,NaN,NaN,NaN,NaN,NaN,NaN,NaN
NaN,NaN,0.000915661890758201,-0.00183271673449781,0.0002076839931154,-0.0157026314603475,-0.0435222162535259,0.00662182169617154,0.0710149552808919,NaN,NaN,NaN,NaN,NaN,NaN,NaN,NaN,NaN
NaN,NaN,0.00252454026485793,-0.000928570152609609,-0.00111609791444304,-0.016756273941913,-0.0441556832423278,0.00557611408294179,0.0688395161317506,NaN,NaN,NaN,NaN,NaN,NaN,NaN,NaN,NaN
NaN,NaN,-0.000385023216949777,0.000590864001424052,-0.000655838298068072,-0.0146356151866106,-0.0443560666074821,0.00694167512119748,0.068841118006579,NaN,NaN,NaN,NaN,NaN,NaN,NaN,NaN,NaN
NaN,NaN,0.000162426818860695,-0.00389328655728605,-0.0015017958454943,-0.013303544508138,-0.0424529461791584,0.00681346925557591,0.0710969489203611,NaN,NaN,NaN,NaN,NaN,NaN,NaN,NaN,NaN
NaN,NaN,0.000675976712955162,-0.0020051790488651,0.000828112465872739,-0.0151037537919668,-0.0431086717774936,0.0036980462318752,0.0696345303343454,NaN,NaN,NaN,NaN,NaN,NaN,NaN,NaN,NaN
NaN,NaN,0.00570677637006156,0.00131746324768756,0.00183302815033433,-0.0165111498402742,-0.0403082965543338,-7.25808495189977e-05,0.0703318301724115,NaN,NaN,NaN,NaN,NaN,NaN,NaN,NaN,NaN
NaN,NaN,0.00902262001181953,0.00477542671433184,0.00260362307502267,-0.0159038530158189,-0.0402223541071483,0.00249762731255032,0.0692889351533571,NaN,NaN,NaN,NaN,NaN,NaN,NaN,NaN,NaN
NaN,NaN,0.00796683548833244,0.00685918646922801,0.00200010742022035,-0.0124960133301405,-0.0401803700854847,0.00361234592855908,0.0748932805048147,NaN,NaN,NaN,NaN,NaN,NaN,NaN,NaN,NaN
NaN,NaN,0.00805749042774551,0.00334528776875231,0.00319765786601541,-0.00998930274120842,-0.040094874673135,0.00297196852625348,0.0747718360410848,NaN,NaN,NaN,NaN,NaN,NaN,NaN,NaN,NaN
NaN,NaN,0.0103259500756394,0.00496308821311686,0.00494826490952012,-0.00862770913712059,-0.0412662922074863,-0.00101258335052989,0.0696600858257928,NaN,NaN,NaN,NaN,NaN,NaN,NaN,NaN,NaN
NaN,NaN,0.0117931742861401,0.00650535839668009,0.00553449521733758,-0.00963826863638436,-0.0401764585306713,-0.00174467739998363,0.0690257620202222,NaN,NaN,NaN,NaN,NaN,NaN,NaN,NaN,NaN
NaN,NaN,0.0121006411209237,0.00732875931134913,0.00611711199356553,-0.00828043757549797,-0.0402651018133232,-0.000604030763497575,0.0705083716796556,NaN,NaN,NaN,NaN,NaN,NaN,NaN,NaN,NaN
NaN,NaN,0.0098459277942311,0.00582437533012126,0.00681359226776597,-0.00551252825728928,-0.0401273033251831,0.000219426030525939,0.0722968090461412,NaN,NaN,NaN,NaN,NaN,NaN,NaN,NaN,NaN
NaN,NaN,0.0111324195459019,0.00183419826498721,0.00672174523545739,-0.00676502673498665,-0.0416970475246975,-0.00262656537233852,0.0691912766681829,NaN,NaN,NaN,NaN,NaN,NaN,NaN,NaN,NaN
NaN,NaN,0.00896655439282767,0.0048026585864136,0.00716151575519082,-0.00854560373894249,-0.043819904201276,-0.00517613542615436,0.0657134574042478,NaN,NaN,NaN,NaN,NaN,NaN,NaN,NaN,NaN
NaN,NaN,0.00943880944396369,0.00326796936860774,0.00766822974158761,-0.00916428132525956,-0.0459053775897094,-0.00697044012486003,0.0646844577180066,NaN,NaN,NaN,NaN,NaN,NaN,NaN,NaN,NaN
NaN,NaN,0.00442741854931228,0.00193746331206057,0.00643042753411767,-0.00968625037542855,-0.0454414858152935,-0.00856432420550845,0.0671982649849572,NaN,NaN,NaN,NaN,NaN,NaN,NaN,NaN,NaN
NaN,NaN,0.00200041054631583,-0.000634104580967687,0.00352516676260469,-0.00984356938473259,-0.0449625438680717,-0.0105287815385964,0.0659279596196332,NaN,NaN,NaN,NaN,NaN,NaN,NaN,NaN,NaN
NaN,NaN,0.00377800731803291,-0.00116423201689031,0.00108932982160089,-0.0122277551757482,-0.0433234533896514,-0.0131815980130341,0.0607622299479165,NaN,NaN,NaN,NaN,NaN,NaN,NaN,NaN,NaN
NaN,NaN,0.00497457056189887,0.00297640952339862,0.00246086995078561,-0.0130534471439508,-0.0443048997452327,-0.0137447128945496,0.0588722970472494,NaN,NaN,NaN,NaN,NaN,NaN,NaN,NaN,NaN
NaN,NaN,0.0061726798012387,0.00199118199816439,0.00316319893075464,-0.0138308220969823,-0.0452090463271209,-0.0174998800212052,0.0635749917613187,NaN,NaN,NaN,NaN,NaN,NaN,NaN,NaN,NaN
NaN,NaN,0.00173574729706161,0.00108513551822398,0.00112956295682428,-0.0134737157689718,-0.0445897540679046,-0.0176608125620987,0.0622963231192746,NaN,NaN,NaN,NaN,NaN,NaN,NaN,NaN,NaN
NaN,NaN,0.00265954478527419,0.000546998708159663,0.000690462989344572,-0.0127554425465253,-0.0447206607689926,-0.0189551646762993,0.0580952573703447,NaN,NaN,NaN,NaN,NaN,NaN,NaN,NaN,NaN
NaN,NaN,0.00277201129938476,0.00140634867420886,-0.00280825515316489,-0.0130849258469728,-0.0437311491599151,-0.0193145620578434,0.0543559041010061,NaN,NaN,NaN,NaN,NaN,NaN,NaN,NaN,NaN
NaN,NaN,0.00390684648300521,0.00415199938288424,-0.00060565863774779,-0.0154041984545377,-0.0450286863973209,-0.0211205082887318,0.0543954294310727,NaN,NaN,NaN,NaN,NaN,NaN,NaN,NaN,NaN
NaN,NaN,0.00324836416984908,0.00193146559468005,-0.00144736935423377,-0.0162120462822107,-0.0446019171407291,-0.0226658145838883,0.0567502226816335,NaN,NaN,NaN,NaN,NaN,NaN,NaN,NaN,NaN
NaN,NaN,0.00104861750151031,0.00178977417817805,-0.00157285575793746,-0.014952954040685,-0.0465714781215259,-0.024111245846143,0.0539979782091298,NaN,NaN,NaN,NaN,NaN,NaN,NaN,NaN,NaN
NaN,NaN,0.00218179493094794,0.00120799559226725,-0.000682045715317751,-0.0111629368232874,-0.0457519328823158,-0.0262276391440537,0.0528459321843305,NaN,NaN,NaN,NaN,NaN,NaN,NaN,NaN,NaN
NaN,NaN,0.00603240399505012,0.00217737200728152,-0.000897665517792727,-0.0071526804434446,-0.0432459859778949,-0.0230125832313206,0.0523971092091718,NaN,NaN,NaN,NaN,NaN,NaN,NaN,NaN,NaN
NaN,NaN,0.00731410874868743,0.00548500138393138,0.00253038386775491,-0.0090389625596193,-0.0433073787620136,-0.0254152278357651,0.0570955570923009,NaN,NaN,NaN,NaN,NaN,NaN,NaN,NaN,NaN
NaN,NaN,0.00743627964402549,0.00681265759340022,0.00471416766716478,-0.00910924016109978,-0.0433260983457634,-0.0282862904423382,0.0594842132316747,NaN,NaN,NaN,NaN,NaN,NaN,NaN,NaN,NaN
NaN,NaN,0.0071095344319474,0.00759688708058093,0.00752985383345125,-0.00808187960258995,-0.0429770386447975,-0.0288521434122231,0.0582947652922788,NaN,NaN,NaN,NaN,NaN,NaN,NaN,NaN,NaN
NaN,NaN,0.0105669763579499,0.00792890357843135,0.00935371871067521,-0.00342031209341561,-0.0381152740349838,-0.0261971662694123,0.0584935840355077,NaN,NaN,NaN,NaN,NaN,NaN,NaN,NaN,NaN
NaN,NaN,0.0135971833660733,0.0109684983181069,0.0104992827303552,-0.0005228558050779,-0.0350249594678947,-0.0225463445240166,0.0605697628246465,NaN,NaN,NaN,NaN,NaN,NaN,NaN,NaN,NaN
NaN,NaN,0.0118895102932584,0.0132490651594708,0.0122306486494684,-0.00160717605225121,-0.035523105286605,-0.0227156589680817,0.0633361261473813,NaN,NaN,NaN,NaN,NaN,NaN,NaN,NaN,NaN
NaN,NaN,0.0125606027140748,0.0155104840087006,0.0115719055659914,-0.00282091288439309,-0.0341073459615776,-0.0249477784091141,0.0617804635451951,NaN,NaN,NaN,NaN,NaN,NaN,NaN,NaN,NaN
NaN,NaN,0.0139085617556702,0.0146940493868897,0.0123263141043329,-0.00291685773602997,-0.0341201050808498,-0.025176976894727,0.0566453557597318,NaN,NaN,NaN,NaN,NaN,NaN,NaN,NaN,NaN
NaN,NaN,0.0164572563662659,0.015560440151603,0.0134807443149233,-0.00106939314476525,-0.0317661313941547,-0.0234644050651696,0.0526359189437547,NaN,NaN,NaN,NaN,NaN,NaN,NaN,NaN,NaN
NaN,NaN,0.0166270923509728,0.0129108833061764,0.0107806166536951,-0.00202681137792145,-0.0328950433662006,-0.0230795453244355,0.05301068314778,NaN,NaN,NaN,NaN,NaN,NaN,NaN,NaN,NaN
NaN,NaN,0.0130484853580128,0.011978201000602,0.0108950203187608,-0.00500322519413506,-0.0369501522412368,-0.0285596336179879,0.0499947626279512,NaN,NaN,NaN,NaN,NaN,NaN,NaN,NaN,NaN
NaN,NaN,0.0104921352758538,0.00861318352690432,0.00858768726660249,-0.00941985486618553,-0.0392497925689289,-0.0336316536122467,0.0468237768994489,NaN,NaN,NaN,NaN,NaN,NaN,NaN,NaN,NaN
NaN,NaN,0.00829387872363441,0.00554995182028506,0.00772885884119508,-0.00627176104656731,-0.0393569691708156,-0.0340973148995545,0.0414707396315255,NaN,NaN,NaN,NaN,NaN,NaN,NaN,NaN,NaN
NaN,NaN,0.0117758330598008,0.00680546778312419,0.00326389352752206,-0.00436459867826973,-0.0367538853218624,-0.0353950942808297,0.0404808554934182,NaN,NaN,NaN,NaN,NaN,NaN,NaN,NaN,NaN
NaN,NaN,0.00784419893170707,0.00526319759956095,0.00121483485175607,-0.00643410919777428,-0.038369040810115,-0.0367888557666447,0.042393587170712,NaN,NaN,NaN,NaN,NaN,NaN,NaN,NaN,NaN
NaN,NaN,0.00683347179437987,0.00677110198012087,0.00416796560360429,-0.0121943952011255,-0.0430572441449234,-0.0433323840552475,0.0383312698589483,NaN,NaN,NaN,NaN,NaN,NaN,NaN,NaN,NaN
NaN,NaN,0.00638487233663909,0.00316068100801203,0.00302752385808465,-0.010155040906587,-0.0445090456535884,-0.0449779192858841,0.036446291594378,NaN,NaN,NaN,NaN,NaN,NaN,NaN,NaN,NaN
NaN,NaN,0.008819237787975,0.00369347202649806,0.00421894620133874,-0.00776923461429154,-0.0443019567658969,-0.0444560992473271,0.0328795682774701,NaN,NaN,NaN,NaN,NaN,NaN,NaN,NaN,NaN
NaN,NaN,0.00768950625206344,0.00485950651636813,-0.000652578669056918,-0.00816206647626435,-0.0433748810222217,-0.0458839471393731,0.0356424298273244,NaN,NaN,NaN,NaN,NaN,NaN,NaN,NaN,NaN
NaN,NaN,0.00432178794289939,0.0026984097348759,0.000167748881115888,-0.010179218040624,-0.0421871653428146,-0.0472400645667221,0.0380489301072278,NaN,NaN,NaN,NaN,NaN,NaN,NaN,NaN,NaN
NaN,NaN,0.00359489067341201,0.00609077083936427,0.00159010196997163,-0.0133307018744138,-0.0436452439656326,-0.0490846606844571,0.0357285399125734,NaN,NaN,NaN,NaN,NaN,NaN,NaN,NaN,NaN
NaN,NaN,0.00564409836078994,0.00382717269530986,0.00142147670461175,-0.0103652404116777,-0.042568895839698,-0.0480167689675,0.0345228124545732,NaN,NaN,NaN,NaN,NaN,NaN,NaN,NaN,NaN
NaN,NaN,0.00648806287790649,0.00488843339553569,0.00319033767057893,-0.00884649543634926,-0.0412202848723003,-0.0448873202258255,0.0334784831987539,NaN,NaN,NaN,NaN,NaN,NaN,NaN,NaN,NaN
NaN,NaN,0.00474663867498748,0.00472407358756755,0.00175096000505922,-0.00835414244405304,-0.037773329638488,-0.0454346771293785,0.0372088398920217,NaN,NaN,NaN,NaN,NaN,NaN,NaN,NaN,NaN
NaN,NaN,0.00685146494652145,0.00715996640792582,0.00515591259075639,-0.00839046402446305,-0.0363934448590347,-0.0465253676229622,0.0395013649152437,NaN,NaN,NaN,NaN,NaN,NaN,NaN,NaN,NaN
NaN,NaN,0.00859171568299644,0.0122060956346104,0.00873923207594392,-0.0080967807637838,-0.0367393753161499,-0.0462818640226033,0.0378506887839952,NaN,NaN,NaN,NaN,NaN,NaN,NaN,NaN,NaN
NaN,NaN,0.0148623664572369,0.0100769432174275,0.0120249194927358,-0.00245449333063637,-0.0340789219966003,-0.0440904433780816,0.038678317903153,NaN,NaN,NaN,NaN,NaN,NaN,NaN,NaN,NaN
NaN,NaN,0.0123047870292794,0.0111990379082272,0.013895555389657,0.000826630605539928,-0.0346962025990554,-0.0420344184094574,0.0416571159051576,NaN,NaN,NaN,NaN,NaN,NaN,NaN,NaN,NaN
NaN,NaN,0.0115111698105466,0.0122194508003304,0.0151031082399034,0.00193395452030624,-0.0312472357084819,-0.0456320243829396,0.0459902618216195,NaN,NaN,NaN,NaN,NaN,NaN,NaN,NaN,NaN
NaN,NaN,0.0121674169495236,0.0131051571952412,0.0148520423002386,0.000263981385311733,-0.0315534173181125,-0.0448845076316502,0.044531065611712,NaN,NaN,NaN,NaN,NaN,NaN,NaN,NaN,NaN
NaN,NaN,0.0149950799241196,0.0147813888179371,0.0152221312649393,0.000145088745436321,-0.0319515577187606,-0.0424504029506352,0.0410149876164117,NaN,NaN,NaN,NaN,NaN,NaN,NaN,NaN,NaN
NaN,NaN,0.0177773502364289,0.0113849298941204,0.0151653205878877,0.000470083071074138,-0.0307244098415443,-0.0420639040821698,0.0471518632160344,NaN,NaN,NaN,NaN,NaN,NaN,NaN,NaN,NaN
NaN,NaN,0.0129093643918168,0.0111865581857273,0.0138040250070238,-0.00182672603599106,-0.0322381256749698,-0.0444510142260697,0.0472237613187948,NaN,NaN,NaN,NaN,NaN,NaN,NaN,NaN,NaN
NaN,NaN,0.00891436307574622,0.0107678541826317,0.0126138320095682,-0.0031577722596315,-0.0305273233583042,-0.0470983172708657,0.0465431694077173,NaN,NaN,NaN,NaN,NaN,NaN,NaN,NaN,NaN
NaN,NaN,0.00730988054419868,0.0113564127968857,0.0110456524319792,-0.00257638482920205,-0.0315629913141796,-0.0435066717618611,0.0439014729248205,NaN,NaN,NaN,NaN,NaN,NaN,NaN,NaN,NaN
NaN,NaN,0.00940815030480735,0.0133365536021302,0.0124149387605333,-0.00357487438789879,-0.0306281669666835,-0.0437648343795445,0.0391758117960611,NaN,NaN,NaN,NaN,NaN,NaN,NaN,NaN,NaN
NaN,NaN,0.00941235988284461,0.0103202605532715,0.00956401134802339,-0.00439443825356041,-0.028528351210601,-0.0466673011833336,0.0418390218304315,NaN,NaN,NaN,NaN,NaN,NaN,NaN,NaN,NaN
NaN,NaN,0.00887463285471313,0.0125688457774231,0.00868566240145204,-0.00400164364449059,-0.0270591712226936,-0.0514005432778504,0.0395930629359403,NaN,NaN,NaN,NaN,NaN,NaN,NaN,NaN,NaN
NaN,NaN,0.00983210696722381,0.0127819696353981,0.00950183625294206,-0.00217010466925179,-0.0258765778174469,-0.0516052293532994,0.0417248044298806,NaN,NaN,NaN,NaN,NaN,NaN,NaN,NaN,NaN
NaN,NaN,0.0116295222833287,0.0139099316584179,0.0130249736733579,-0.0027646796273378,-0.0287640503277847,-0.0478777783864643,0.0377208624170938,NaN,NaN,NaN,NaN,NaN,NaN,NaN,NaN,NaN
NaN,NaN,0.0123979006602895,0.0130791546689579,0.0139878308303499,-0.00253812609783684,-0.0296570210387775,-0.0509647029393818,0.0409685518728414,NaN,NaN,NaN,NaN,NaN,NaN,NaN,NaN,NaN
NaN,NaN,0.0127928931906354,0.0089341545390198,0.010976976705327,-0.00183805091849839,-0.0275054982533523,-0.0532799708598759,0.0440153364227929,NaN,NaN,NaN,NaN,NaN,NaN,NaN,NaN,NaN
NaN,NaN,0.0092949201061856,0.0140996420668671,0.00905739049388406,-0.000436429070153584,-0.0251034683218071,-0.053256780927768,0.0420632470534959,NaN,NaN,NaN,NaN,NaN,NaN,NaN,NaN,NaN
NaN,NaN,0.00843441530014388,0.0123815381812165,0.0113020269103193,0.0017390845847937,-0.0249327010145256,-0.0521243299299385,0.0447568740831533,NaN,NaN,NaN,NaN,NaN,NaN,NaN,NaN,NaN
NaN,NaN,0.0104198832705151,0.01402241679898,0.0157975582308912,0.0014455317092749,-0.0263874827554294,-0.0478472496324685,0.0427826564894834,NaN,NaN,NaN,NaN,NaN,NaN,NaN,NaN,NaN
NaN,NaN,0.0126844686164986,0.0139114962803433,0.0147830685503626,0.000109046561798702,-0.0287001802256176,-0.0531053851300385,0.0472153980420747,NaN,NaN,NaN,NaN,NaN,NaN,NaN,NaN,NaN
NaN,NaN,0.0155861903622281,0.012764181374223,0.0125251701004648,0.00163043649323906,-0.0255786663522789,-0.0551945093029644,0.044983949153296,NaN,NaN,NaN,NaN,NaN,NaN,NaN,NaN,NaN
NaN,NaN,0.0130769465758931,0.0158808523701737,0.0150714805252695,0.00238678218253578,-0.0231238304307529,-0.052427140151849,0.0464482676373639,NaN,NaN,NaN,NaN,NaN,NaN,NaN,NaN,NaN
NaN,NaN,0.0170829933776986,0.0170287260698387,0.0197920193798685,0.00445910529621566,-0.0199307723572322,-0.0490396219247487,0.0470186654614129,NaN,NaN,NaN,NaN,NaN,NaN,NaN,NaN,NaN
NaN,NaN,0.0189298246696126,0.0190388368355343,0.0191481215782308,0.00344001488216842,-0.0216537749996254,-0.0451843376213219,0.0475266087936082,NaN,NaN,NaN,NaN,NaN,NaN,NaN,NaN,NaN
NaN,NaN,0.0184562285139691,0.020759175895364,0.0189950680263185,0.00328576923736061,-0.0223737246027061,-0.0508053350204136,0.0487873587893167,NaN,NaN,NaN,NaN,NaN,NaN,NaN,NaN,NaN
NaN,NaN,0.0161292445554864,0.0187327483581612,0.0165328746564531,0.005632981522164,-0.0188331528236934,-0.0509052286797669,0.0467332337187448,NaN,NaN,NaN,NaN,NaN,NaN,NaN,NaN,NaN
NaN,NaN,0.0138647523417603,0.018361318288953,0.0195064572520399,0.00439376370438064,-0.0178863144149849,-0.0485168519371655,0.0454014051841417,NaN,NaN,NaN,NaN,NaN,NaN,NaN,NaN,NaN
NaN,NaN,0.0163342100277077,0.0164660209702561,0.0175336552686834,0.00574077279694999,-0.0183513051500389,-0.0471405993157532,0.040601387261025,NaN,NaN,NaN,NaN,NaN,NaN,NaN,NaN,NaN
NaN,NaN,0.0139399659528863,0.0178429255174706,0.0151013014741087,0.00190825001724685,-0.0241072325637409,-0.0493205088132527,0.0420838851617494,NaN,NaN,NaN,NaN,NaN,NaN,NaN,NaN,NaN
NaN,NaN,0.0133914542093407,0.0178668977605412,0.0158468251950884,0.00240861238368476,-0.0240681728949615,-0.0542673963063862,0.0403747033463636,NaN,NaN,NaN,NaN,NaN,NaN,NaN,NaN,NaN
NaN,NaN,0.0103670959069859,0.0178795078682015,0.0153147047288561,0.00251336754687751,-0.0219279004862377,-0.0560870516055729,0.0392319146679559,NaN,NaN,NaN,NaN,NaN,NaN,NaN,NaN,NaN
NaN,NaN,0.0106455986096989,0.0162298934446881,0.0175232058293962,0.00169713781603302,-0.0228582917382785,-0.0536208349221852,0.0357811596380391,NaN,NaN,NaN,NaN,NaN,NaN,NaN,NaN,NaN
NaN,NaN,0.00997443168307655,0.0110766248690197,0.0143836429245615,-0.00206371037832772,-0.0252822077503273,-0.0562949600571301,0.033365662782065,NaN,NaN,NaN,NaN,NaN,NaN,NaN,NaN,NaN
NaN,NaN,0.0103667233779561,0.0116601543413708,0.01188293005301,-0.00638497261873757,-0.029793776445634,-0.0603369186574128,0.0340461429344335,NaN,NaN,NaN,NaN,NaN,NaN,NaN,NaN,NaN
NaN,NaN,0.00679608850623481,0.0105388419615338,0.0118338866062307,-0.00295442728868996,-0.0273762306799957,-0.0637555430585053,0.0288250740753332,NaN,NaN,NaN,NaN,NaN,NaN,NaN,NaN,NaN
NaN,NaN,0.00548974095727317,0.0117776313709328,0.0120992576606416,-0.00244827209583794,-0.0231209805836746,-0.0624755519384053,0.028910196958653,NaN,NaN,NaN,NaN,NaN,NaN,NaN,NaN,NaN
NaN,NaN,0.00653859644080512,0.00846968534460757,0.0130911534555101,-0.00266476734153305,-0.0233194826772281,-0.0576219643407967,0.026258200048081,NaN,NaN,NaN,NaN,NaN,NaN,NaN,NaN,NaN
NaN,NaN,0.00630442469264381,0.00559282991162036,0.00636698584033487,-0.00613060979715859,-0.0254460273912021,-0.0623743358009961,0.0280112471567312,NaN,NaN,NaN,NaN,NaN,NaN,NaN,NaN,NaN
NaN,NaN,0.00340894280816428,0.00640566962829325,0.00211704428268907,-0.00605545206538712,-0.0310549175968238,-0.0637553009146359,0.0301318500326791,NaN,NaN,NaN,NaN,NaN,NaN,NaN,NaN,NaN
NaN,NaN,0.000706337828887626,0.00405733975640032,0.00422876234127519,-0.00457906364075219,-0.0272514334549972,-0.0680108117812779,0.0284235809134164,NaN,NaN,NaN,NaN,NaN,NaN,NaN,NaN,NaN
NaN,NaN,0.00131711779977195,0.00633380877843592,0.00477658490611551,-0.00589573024384056,-0.0213883294394085,-0.0624304945522454,0.0279963273690858,NaN,NaN,NaN,NaN,NaN,NaN,NaN,NaN,NaN
NaN,NaN,0.00414751886273734,0.00421860757342074,0.00648591573311326,-0.00571974753014122,-0.0220352819790908,-0.0600490841025021,0.0277839113162675,NaN,NaN,NaN,NaN,NaN,NaN,NaN,NaN,NaN
NaN,NaN,0.00597490413929336,0.00601412299147341,0.00476904119326112,-0.00375724597446,-0.0246563217272827,-0.0634621205681469,0.0320833806084314,NaN,NaN,NaN,NaN,NaN,NaN,NaN,NaN,NaN
NaN,NaN,0.00397574572707526,0.00507421362271998,0.00650416965557573,-3.53829430726667e-05,-0.0279643608858654,-0.0649406510347035,0.0292344834791341,NaN,NaN,NaN,NaN,NaN,NaN,NaN,NaN,NaN
NaN,NaN,0.0028087240352761,0.00799061301222537,0.0101682720608854,0.00160188214310134,-0.0245588308801719,-0.0639529834443238,0.0244975719736734,NaN,NaN,NaN,NaN,NaN,NaN,NaN,NaN,NaN
NaN,NaN,0.0047475513711106,0.0095929535018513,0.012260562730565,0.00296803922780479,-0.0215563027789661,-0.0585832568758633,0.0256254222379842,NaN,NaN,NaN,NaN,NaN,NaN,NaN,NaN,NaN
NaN,NaN,0.0100802858069073,0.00932959410420153,0.016868653697505,0.00283608944543327,-0.0219660660853454,-0.0573904561751988,0.0263498235629716,NaN,NaN,NaN,NaN,NaN,NaN,NaN,NaN,NaN
NaN,NaN,0.00884797840262763,0.0141115257429192,0.0144753781981611,0.00586953745611633,-0.0215602143337795,-0.0598718534165528,0.0294145826386133,NaN,NaN,NaN,NaN,NaN,NaN,NaN,NaN,NaN
NaN,NaN,0.00793384804273956,0.0160552145825932,0.0184531686730528,0.00942195565827812,-0.0205653569331237,-0.05728225511848,0.0289530005441823,NaN,NaN,NaN,NaN,NaN,NaN,NaN,NaN,NaN
NaN,NaN,0.0103749376430642,0.0209849284874508,0.0223892917759561,0.010089471800408,-0.0178903563549587,-0.0520123477035668,0.0280983071910062,NaN,NaN,NaN,NaN,NaN,NaN,NaN,NaN,NaN
NaN,NaN,0.0135117810859811,0.0192924732255051,0.0240976726539278,0.00824886174329246,-0.015173297249324,-0.0476989830785897,0.0306726317988553,NaN,NaN,NaN,NaN,NaN,NaN,NaN,NaN,NaN
NaN,NaN,0.0128865656151902,0.0180679516779492,0.0241568302638674,0.00512082861193145,-0.0149896590640613,-0.0458922172838356,0.0309947762774148,NaN,NaN,NaN,NaN,NaN,NaN,NaN,NaN,NaN
NaN,NaN,0.0114055578305852,0.0171330528246472,0.0169668150968694,0.00834009410270179,-0.014225154989011,-0.051049155270448,0.0301728095995107,NaN,NaN,NaN,NaN,NaN,NaN,NaN,NaN,NaN
NaN,NaN,0.0109639619186055,0.0164764331566403,0.0215977234668874,0.00838801996239151,-0.0157664752235481,-0.0504847551637795,0.0264453958855787,NaN,NaN,NaN,NaN,NaN,NaN,NaN,NaN,NaN
NaN,NaN,0.0110605028166901,0.0169501410709927,0.0205948380656385,0.00399705754049743,-0.0154961309065887,-0.0504259887093213,0.0249918062375703,NaN,NaN,NaN,NaN,NaN,NaN,NaN,NaN,NaN
NaN,NaN,0.012879711081041,0.0137739399360726,0.020588840348258,0.00144588561185325,-0.0145910343756744,-0.0519348057860043,0.0251037325845876,NaN,NaN,NaN,NaN,NaN,NaN,NaN,NaN,NaN
NaN,NaN,0.0106678385927808,0.0123640293168137,0.0160865848786974,0.000797834111532817,-0.019114021085746,-0.0540175969654229,0.0198361721025625,NaN,NaN,NaN,NaN,NaN,NaN,NaN,NaN,NaN
NaN,NaN,0.0102670159831177,0.00941646787396166,0.0114973625071192,0.00453539924152816,-0.0195381267597744,-0.0588023598247673,0.0150520611690202,NaN,NaN,NaN,NaN,NaN,NaN,NaN,NaN,NaN
NaN,NaN,0.00513632266665809,0.00843921246996615,0.0138959279186868,0.00264529870279754,-0.0218730828394958,-0.059172635053983,0.010977580784432,NaN,NaN,NaN,NaN,NaN,NaN,NaN,NaN,NaN
NaN,NaN,0.00756808041478507,0.00834524202218745,0.00971952359153268,0.000824358178457866,-0.0220727397730419,-0.065001242881408,0.0110282074795881,NaN,NaN,NaN,NaN,NaN,NaN,NaN,NaN,NaN
NaN,NaN,0.00670357092167251,0.003771107076318,0.00915637145711419,-0.00258035226336991,-0.0231853722264835,-0.0666114996129181,0.0145867165313878,NaN,NaN,NaN,NaN,NaN,NaN,NaN,NaN,NaN
NaN,NaN,0.00541538416291587,0.00264461654296611,0.00579340289308069,-0.00352391241661583,-0.0250399707486698,-0.0634500878804829,0.0153906900571504,NaN,NaN,NaN,NaN,NaN,NaN,NaN,NaN,NaN
NaN,NaN,0.00419903962756507,0.00335724595061038,0.00799732188655374,1.22262669416768e-05,-0.022433422379739,-0.0597049231582787,0.0152230706201711,NaN,NaN,NaN,NaN,NaN,NaN,NaN,NaN,NaN
NaN,NaN,0.00218064009095542,0.00453607681265566,0.00996297131253717,-0.000550218062320103,-0.0245237945249149,-0.0572994845861103,0.0181416865574041,NaN,NaN,NaN,NaN,NaN,NaN,NaN,NaN,NaN
NaN,NaN,0.00383191226865165,0.00471708866825793,0.00948972905947206,-0.00135715319386994,-0.0220004691412517,-0.0586670759075787,0.0224428322302022,NaN,NaN,NaN,NaN,NaN,NaN,NaN,NaN,NaN
NaN,NaN,0.00058031125809066,0.00182689669600222,0.00788314173890588,-0.00180159895292794,-0.0204490533700058,-0.0588062900060322,0.0259595435248533,NaN,NaN,NaN,NaN,NaN,NaN,NaN,NaN,NaN
NaN,NaN,0.00018924890900962,0.00378522592654917,0.00798996443821428,0.00108611570127929,-0.0199238619437286,-0.0527415360265877,0.0239790115641275,NaN,NaN,NaN,NaN,NaN,NaN,NaN,NaN,NaN
NaN,NaN,-0.00137423680280335,0.00260037872067187,0.00735059286428926,0.00162401036747421,-0.0191353856256076,-0.0482538836949971,0.0256425399469056,NaN,NaN,NaN,NaN,NaN,NaN,NaN,NaN,NaN
NaN,NaN,-3.14372882712637e-05,0.00472599211207125,0.0105307800598287,5.16957176538806e-05,-0.0189202873637745,-0.0470532598847058,0.0234722603248277,NaN,NaN,NaN,NaN,NaN,NaN,NaN,NaN,NaN
NaN,NaN,0.00246379940654151,0.0078493313776562,0.0102539351112985,0.00239089862831558,-0.0140766462912628,-0.0504296953731682,0.0258501317487874,NaN,NaN,NaN,NaN,NaN,NaN,NaN,NaN,NaN
NaN,NaN,0.00378270118380897,0.0100960353302071,0.0118173835702085,0.00541469813712562,-0.0123349240651199,-0.0494011427217629,0.0268714014576593,NaN,NaN,NaN,NaN,NaN,NaN,NaN,NaN,NaN
NaN,NaN,0.00557415603543632,0.0134089546190808,0.0155252767629766,0.00833275528081382,-0.0128387136986324,-0.0451046350353863,0.0259030122445741,NaN,NaN,NaN,NaN,NaN,NaN,NaN,NaN,NaN
NaN,NaN,0.00525737597490661,0.0126593517052243,0.0174885606296205,0.00909226746686424,-0.0108167751362392,-0.0431414443009999,0.0288769487427392,NaN,NaN,NaN,NaN,NaN,NaN,NaN,NaN,NaN
NaN,NaN,0.00734458162332885,0.0183883266436169,0.020977481258645,0.00980836139448608,-0.0107226184239456,-0.040998824959388,0.0298979018019357,NaN,NaN,NaN,NaN,NaN,NaN,NaN,NaN,NaN
NaN,NaN,0.00982471226598136,0.0165457235561917,0.0199169469900274,0.0133387445045325,-0.00542162346149174,-0.0446516211086419,0.0342371758209386,NaN,NaN,NaN,NaN,NaN,NaN,NaN,NaN,NaN
NaN,NaN,0.01033656715299,0.0168131621467182,0.0228610997922563,0.0152819118035647,-0.00517053889537541,-0.0428946810716298,0.0320921164141813,NaN,NaN,NaN,NaN,NaN,NaN,NaN,NaN,NaN
NaN,NaN,0.0102695864334237,0.0159235069440911,0.0229827863998556,0.0174539981914374,-0.00798134493137089,-0.0398273515456822,0.0322975289212385,NaN,NaN,NaN,NaN,NaN,NaN,NaN,NaN,NaN
NaN,NaN,0.0102003332867753,0.0157825605856488,0.0222214860744619,0.0149224026633116,-0.00762397783303944,-0.0391846085840371,0.0331877615438619,NaN,NaN,NaN,NaN,NaN,NaN,NaN,NaN,NaN
NaN,NaN,0.010894857783569,0.019109878121526,0.0225534280665064,0.0137116460634085,-0.0110574661424228,-0.040298917418113,0.0354654785381475,NaN,NaN,NaN,NaN,NaN,NaN,NaN,NaN,NaN
NaN,NaN,0.0124838244810235,0.015157196103246,0.020753423673644,0.0123916266990515,-0.00707688169980732,-0.0415260280424263,0.0356499176608243,NaN,NaN,NaN,NaN,NaN,NaN,NaN,NaN,NaN
NaN,NaN,0.0105569180741441,0.0146239021705696,0.0218668384380483,0.00996964783795799,-0.00829009699130741,-0.0424703705066349,0.0313017588244596,NaN,NaN,NaN,NaN,NaN,NaN,NaN,NaN,NaN
NaN,NaN,0.0090190623595845,0.00903037878742907,0.0166783286161566,0.0107268317175719,-0.00999929743314472,-0.042673585092416,0.024725056825749,NaN,NaN,NaN,NaN,NaN,NaN,NaN,NaN,NaN
NaN,NaN,0.00697505145217292,0.0095120588230202,0.0138896508045339,0.00685191513427223,-0.0101076475014755,-0.0439764494949486,0.022386524467341,NaN,NaN,NaN,NaN,NaN,NaN,NaN,NaN,NaN
NaN,NaN,0.00546712844516151,0.00890433359018061,0.0133684640653276,0.0061374789608332,-0.0112579053869316,-0.047095113521209,0.0247408893095174,NaN,NaN,NaN,NaN,NaN,NaN,NaN,NaN,NaN
NaN,NaN,0.00498628659988753,0.00696317794790957,0.0123306354410791,0.00414843471177543,-0.00874646367932049,-0.0479417229944374,0.0211552042649904,NaN,NaN,NaN,NaN,NaN,NaN,NaN,NaN,NaN
NaN,NaN,0.00138685523415916,0.00257039013376925,0.0112692071027899,0.00432864562996353,-0.0130983850588867,-0.0488657812529709,0.0210031565414586,NaN,NaN,NaN,NaN,NaN,NaN,NaN,NaN,NaN
NaN,NaN,0.000360276986612007,0.000304109780699946,0.0117296529836797,0.00390787409075225,-0.0167265942921707,-0.0478249910229351,0.0156197395311513,NaN,NaN,NaN,NaN,NaN,NaN,NaN,NaN,NaN
NaN,NaN,0.000512958009494468,0.00157050359121058,0.0104304021127367,0.00391171113975967,-0.0181336550643512,-0.0493455055111554,0.0208805944906392,NaN,NaN,NaN,NaN,NaN,NaN,NaN,NaN,NaN
NaN,NaN,0.000649787922156974,0.00111409965029452,0.00920860002709863,0.00233947099574531,-0.0186082384219238,-0.051301022147527,0.0258870121227422,NaN,NaN,NaN,NaN,NaN,NaN,NaN,NaN,NaN
NaN,NaN,-0.00162774280761369,-0.00167319980391767,0.00927032808734414,0.000309206409535061,-0.0176912768414089,-0.0527503649645951,0.0243055518852392,NaN,NaN,NaN,NaN,NaN,NaN,NaN,NaN,NaN
NaN,NaN,-0.00605472878669389,-0.00250826087722089,0.0103953657574796,-0.000289429114976277,-0.0216683222582409,-0.050822564488044,0.023047688989512,NaN,NaN,NaN,NaN,NaN,NaN,NaN,NaN,NaN
NaN,NaN,-0.00740630135987885,-0.0013674652291229,0.00875707621647355,0.00156312049754585,-0.0238045341005394,-0.0482631410413887,0.0181732211397806,NaN,NaN,NaN,NaN,NaN,NaN,NaN,NaN,NaN
NaN,NaN,-0.006293016980635,-0.000167567850439809,0.00618625338150499,-0.000101208822646489,-0.0216751209130355,-0.0474836985522416,0.0231738459454694,NaN,NaN,NaN,NaN,NaN,NaN,NaN,NaN,NaN
NaN,NaN,-0.00330505476449616,0.00255552622547839,0.00941151658965585,-0.00207963599435364,-0.018761552744157,-0.0445062789076474,0.0272808667408147,NaN,NaN,NaN,NaN,NaN,NaN,NaN,NaN,NaN
NaN,NaN,-0.00404892073129304,0.00298859122267459,0.0131746558375501,0.000365849448523174,-0.0137149206032821,-0.0443874235206749,0.0263957563923517,NaN,NaN,NaN,NaN,NaN,NaN,NaN,NaN,NaN
NaN,NaN,-0.00238636092399247,0.00844711008539889,0.0155238052733087,0.00382647649773086,-0.0129955111672947,-0.0428512255602982,0.0250583399223008,NaN,NaN,NaN,NaN,NaN,NaN,NaN,NaN,NaN
NaN,NaN,0.000181667943252252,0.0101352253841469,0.0152134885914469,0.00654271603949989,-0.0118108129730293,-0.0376487458997872,0.0251108106361547,NaN,NaN,NaN,NaN,NaN,NaN,NaN,NaN,NaN
NaN,NaN,0.00561202361132018,0.0127257550047943,0.0127665316589021,0.00605522455104316,-0.00693628924394337,-0.0351618911081459,0.0312747318433442,NaN,NaN,NaN,NaN,NaN,NaN,NaN,NaN,NaN
NaN,NaN,0.00790147527004592,0.0127799952315399,0.0157521841950559,0.00601443262227501,-0.00383139016533581,-0.0298766913765576,0.0320712547885099,NaN,NaN,NaN,NaN,NaN,NaN,NaN,NaN,NaN
NaN,NaN,0.0104509521916043,0.0121873015450547,0.0190198598332548,0.00954755382069076,-0.00313202279115406,-0.0321090529614594,0.0290649827705541,NaN,NaN,NaN,NaN,NaN,NaN,NaN,NaN,NaN
NaN,NaN,0.0112147857144009,0.0148716898547718,0.0202698623664522,0.011966496570191,-0.00358797969723431,-0.0295115197950508,0.0272286940501848,NaN,NaN,NaN,NaN,NaN,NaN,NaN,NaN,NaN
NaN,NaN,0.0137308281555306,0.0134502680884907,0.0180180920190954,0.0143672226501318,-0.00359166773462978,-0.0300621922069695,0.0260854397104898,NaN,NaN,NaN,NaN,NaN,NaN,NaN,NaN,NaN
NaN,NaN,0.0150802400603425,0.0145355196582386,0.0161839267141962,0.01148693995007,-0.00189507740045277,-0.0321183103078511,0.0320474315570512,NaN,NaN,NaN,NaN,NaN,NaN,NaN,NaN,NaN
NaN,NaN,0.0135322143032681,0.0120459081517765,0.0182352391905927,0.0109704657030913,-0.00284688907170979,-0.0320246192568447,0.0314991619573751,NaN,NaN,NaN,NaN,NaN,NaN,NaN,NaN,NaN
NaN,NaN,0.0119895902171265,0.0128005774604389,0.0204589767284536,0.0100281162691923,-0.00530917557383267,-0.0370613048726227,0.0260899659382024,NaN,NaN,NaN,NaN,NaN,NaN,NaN,NaN,NaN
NaN,NaN,0.00921294509316795,0.0117575148033211,0.0176070621140146,0.0111824160946223,-0.00746090325022427,-0.0326474505418446,0.0255471911417165,NaN,NaN,NaN,NaN,NaN,NaN,NaN,NaN,NaN
NaN,NaN,0.00881525172735565,0.0109453083859989,0.0125777898259306,0.00948530421980346,-0.00859013187194554,-0.0341816182190087,0.025690074651114,NaN,NaN,NaN,NaN,NaN,NaN,NaN,NaN,NaN
NaN,NaN,0.00737214877153747,0.0105711402284214,0.00947890709115503,0.00585614503749336,-0.00969682248736111,-0.0379047105961945,0.0296893786774793,NaN,NaN,NaN,NaN,NaN,NaN,NaN,NaN,NaN
NaN,NaN,0.00558207227732055,0.00821202564111445,0.0132230101056242,0.0059907025230738,-0.0104167348375389,-0.0352283130341675,0.0255356054888883,NaN,NaN,NaN,NaN,NaN,NaN,NaN,NaN,NaN
NaN,NaN,0.00332853241707198,0.00752057450881694,0.0150663396246576,0.00729962052234138,-0.00873973953033177,-0.0371355126553681,0.0238733064519086,NaN,NaN,NaN,NaN,NaN,NaN,NaN,NaN,NaN
NaN,NaN,0.00295170067693107,0.00438084396591876,0.0148932812638426,0.00683097900279487,-0.0111838279893467,-0.0318936939293053,0.0254714373634973,NaN,NaN,NaN,NaN,NaN,NaN,NaN,NaN,NaN
NaN,NaN,0.00138275741483085,0.006963345585973,0.0110522089429044,0.00619635717400039,-0.0113999693324634,-0.034517564898124,0.0247440185533681,NaN,NaN,NaN,NaN,NaN,NaN,NaN,NaN,NaN
NaN,NaN,0.00338435589219443,0.00780991780629847,0.00923968757463929,0.00466611967810119,-0.00873441236520497,-0.0359259854012635,0.0268927846239724,NaN,NaN,NaN,NaN,NaN,NaN,NaN,NaN,NaN
NaN,NaN,0.000790752907050773,0.00728098246327136,0.0104145882554197,0.00468260408767189,-0.00983633460903851,-0.0366426753753331,0.0236100960658708,NaN,NaN,NaN,NaN,NaN,NaN,NaN,NaN,NaN
NaN,NaN,0.00252215607906692,0.00345928165188525,0.00992789770437715,0.00450960160621131,-0.0115560031166145,-0.0352421152347233,0.0229475904391923,NaN,NaN,NaN,NaN,NaN,NaN,NaN,NaN,NaN
NaN,NaN,0.00306720330263488,0.00382773148885462,0.0126721141762876,0.00544369952209915,-0.0130221656193802,-0.0304646166914608,0.0250462141023794,NaN,NaN,NaN,NaN,NaN,NaN,NaN,NaN,NaN
NaN,NaN,0.00234686254407279,0.00822815614810679,0.0117582259602689,0.00871575237639869,-0.00914371001029698,-0.0310437689477112,0.0259190309928575,NaN,NaN,NaN,NaN,NaN,NaN,NaN,NaN,NaN
NaN,NaN,0.00713300376082771,0.0107721755193779,0.0150041831560278,0.006622362746081,-0.00480387719774929,-0.030060925608268,0.0294561568783441,NaN,NaN,NaN,NaN,NaN,NaN,NaN,NaN,NaN
NaN,NaN,0.00839908092166297,0.0143339255737374,0.0175231499500417,0.00831532092221702,-0.00452172371054379,-0.0305717560404446,0.0268107351051488,NaN,NaN,NaN,NaN,NaN,NaN,NaN,NaN,NaN
NaN,NaN,0.0130308833613526,0.012854910819442,0.0188912814386034,0.00769494832881416,-0.00509608896876064,-0.0274720909947064,0.0311692875014463,NaN,NaN,NaN,NaN,NaN,NaN,NaN,NaN,NaN
NaN,NaN,0.0118291233375203,0.0183587478386471,0.0195143921203756,0.00955228493936981,-0.00628674762750355,-0.0267183530086186,0.0341256778823057,NaN,NaN,NaN,NaN,NaN,NaN,NaN,NaN,NaN
NaN,NaN,0.0149302784993779,0.0197557130741188,0.0189110441036367,0.0102096869183394,-0.00433262797499386,-0.02418260378181,0.0348038483546892,NaN,NaN,NaN,NaN,NaN,NaN,NaN,NaN,NaN
NaN,NaN,0.0140333031013142,0.0205277981149266,0.0214034682042742,0.0109456925226065,-0.00160940351391522,-0.0208065967017319,0.0380706485496679,NaN,NaN,NaN,NaN,NaN,NaN,NaN,NaN,NaN
NaN,NaN,0.0145378005399834,0.0204446682619164,0.0198079449958944,0.0114219708872649,-0.0012691354980537,-0.0201397883647587,0.0353741157935777,NaN,NaN,NaN,NaN,NaN,NaN,NaN,NaN,NaN
NaN,NaN,0.0163198304071557,0.0187918128358433,0.0209199627764368,0.0106394177807185,-0.00135353194976536,-0.019760013645282,0.0387992594526925,NaN,NaN,NaN,NaN,NaN,NaN,NaN,NaN,NaN
NaN,NaN,0.0164543133869302,0.0205453628586838,0.020440983576312,0.0155475436282965,-0.000219758473879968,-0.0217021378630307,0.0390138920532384,NaN,NaN,NaN,NaN,NaN,NaN,NaN,NaN,NaN
NaN,NaN,0.0175253157212865,0.0197024041699478,0.0178475109763288,0.0153146384788367,0.000729110218041266,-0.0228762003534939,0.0351946126805463,NaN,NaN,NaN,NaN,NaN,NaN,NaN,NaN,NaN
NaN,NaN,0.0146005344286095,0.0168033460067818,0.0161352185435438,0.0126000939441534,-0.00088617565537182,-0.0249170075112488,0.0331590581821122,NaN,NaN,NaN,NaN,NaN,NaN,NaN,NaN,NaN
NaN,NaN,0.0118985441222321,0.0105258034454891,0.0142704499788427,0.00873696790464843,-0.00746351095343319,-0.0263762223476078,0.0287051756070772,NaN,NaN,NaN,NaN,NaN,NaN,NaN,NaN,NaN
NaN,NaN,0.00727585001732223,0.00601775514951441,0.0127609064705515,0.00577709437736,-0.0105416251947948,-0.0306402641290333,0.0304813381420293,NaN,NaN,NaN,NaN,NaN,NaN,NaN,NaN,NaN
NaN,NaN,0.00685476182843559,0.00642599108687136,0.0115307224817419,0.00699129687078918,-0.00908661993647305,-0.0337236682826187,0.0280464511500516,NaN,NaN,NaN,NaN,NaN,NaN,NaN,NaN,NaN
NaN,NaN,0.00770748077775352,0.00320614817610476,0.010462197465434,0.00652017803319419,-0.00942053633237568,-0.0325489538663533,0.0255384367095151,NaN,NaN,NaN,NaN,NaN,NaN,NaN,NaN,NaN
NaN,NaN,0.00561107366229408,0.00365189778676722,0.0106149902470255,0.00126550705560173,-0.010980855547435,-0.0293153087550309,0.0273252349482694,NaN,NaN,NaN,NaN,NaN,NaN,NaN,NaN,NaN
NaN,NaN,0.00317885025287978,0.0028136888431618,0.0123293502159261,-0.000229954855361332,-0.0162082201471397,-0.0281224149221089,0.0306392718242326,NaN,NaN,NaN,NaN,NaN,NaN,NaN,NaN,NaN
NaN,NaN,0.0032124709978234,0.00594939607253764,0.0124002983696604,0.00123782814868415,-0.0118955819537708,-0.0276586162799504,0.0349927391992727,NaN,NaN,NaN,NaN,NaN,NaN,NaN,NaN,NaN
NaN,NaN,0.00585116862202995,0.0113386990415165,0.0140974288709306,0.00523629398473228,-0.00927787634039608,-0.025384009903064,0.0340728160129705,NaN,NaN,NaN,NaN,NaN,NaN,NaN,NaN,NaN
NaN,NaN,0.00779744653846137,0.0111575009213993,0.012461616647973,0.00507998080380882,-0.00937110173011509,-0.0222206982725766,0.030505012361876,NaN,NaN,NaN,NaN,NaN,NaN,NaN,NaN,NaN
NaN,NaN,0.00661647363449447,0.0133653873490402,0.0129917254574442,-0.000318113850274433,-0.0108799560597011,-0.0211947533243801,0.0320941466973939,NaN,NaN,NaN,NaN,NaN,NaN,NaN,NaN,NaN
NaN,NaN,0.00440610988880508,0.0094139533030102,0.0127374185152197,9.79079438063008e-05,-0.0108798629274437,-0.0199435400718357,0.0351007912443796,NaN,NaN,NaN,NaN,NaN,NaN,NaN,NaN,NaN
NaN,NaN,0.00712009562994354,0.0134655976580689,0.0152765577561998,0.0039365960789534,-0.00414958583617893,-0.0199583667272236,0.0372717041658082,NaN,NaN,NaN,NaN,NaN,NaN,NaN,NaN,NaN
NaN,NaN,0.0103191886737477,0.0172994615422795,0.0148893510825777,0.0117471328509661,0.000977419442885245,-0.0168160657340195,0.0368858758495965,NaN,NaN,NaN,NaN,NaN,NaN,NaN,NaN,NaN
NaN,NaN,0.0156042766466271,0.0195000277744839,0.0146127296514654,0.0119503660631987,0.00486829889511379,-0.0112622911983635,0.0347846258567491,NaN,NaN,NaN,NaN,NaN,NaN,NaN,NaN,NaN
NaN,NaN,0.0153553154959809,0.021524536787183,0.0181215433306837,0.0106717346740576,0.0013367050657204,-0.0130340578907635,0.0382402610169568,NaN,NaN,NaN,NaN,NaN,NaN,NaN,NaN,NaN
NaN,NaN,0.0162606914236676,0.0212508955883095,0.0211267536409044,0.0129291674626681,0.00272344437932285,-0.0150922435277607,0.0401696447418847,NaN,NaN,NaN,NaN,NaN,NaN,NaN,NaN,NaN
NaN,NaN,0.0175189268484246,0.0252264136361191,0.0236832713611269,0.0162047779692026,0.00515125331973347,-0.018821519886842,0.0398745272444406,NaN,NaN,NaN,NaN,NaN,NaN,NaN,NaN,NaN
NaN,NaN,0.020546824176563,0.0236857453273842,0.0229964395887995,0.0193631349635931,0.00542409358119282,-0.0132530118280556,0.0402050536261716,NaN,NaN,NaN,NaN,NaN,NaN,NaN,NaN,NaN
NaN,NaN,0.0220080692961346,0.022361404626281,0.0236439136691236,0.0169543063772532,0.00270126027559551,-0.00995491919456981,0.0406665053354421,NaN,NaN,NaN,NaN,NaN,NaN,NaN,NaN,NaN
NaN,NaN,0.0197069015994202,0.0205673979507992,0.0211910894043588,0.0159852093590113,-0.000874049835450326,-0.0146642821782734,0.0439163927124658,NaN,NaN,NaN,NaN,NaN,NaN,NaN,NaN,NaN
NaN,NaN,0.021801203925861,0.0225692571984837,0.0214199153609419,0.0168086661530348,0.000422872729056204,-0.0175140547507908,0.0440601889179864,NaN,NaN,NaN,NaN,NaN,NaN,NaN,NaN,NaN
NaN,NaN,0.0216661807789933,0.0232372017489979,0.0239915391333246,0.0190141497684332,0.00245065999721798,-0.0169608118885662,0.0422453578697362,NaN,NaN,NaN,NaN,NaN,NaN,NaN,NaN,NaN
NaN,NaN,0.024337195296539,0.022534611998708,0.0220992965526724,0.015947174145064,-0.000898860268838082,-0.011292652314296,0.0407767739282766,NaN,NaN,NaN,NaN,NaN,NaN,NaN,NaN,NaN
NaN,NaN,0.018204696913017,0.0173108981834957,0.0194658329613352,0.00977675230630363,-0.00885328637862889,-0.0165602686756756,0.0386124920235792,NaN,NaN,NaN,NaN,NaN,NaN,NaN,NaN,NaN
NaN,NaN,0.0157361332967412,0.0112855018960545,0.0131768910117292,0.00353722633250679,-0.0105576625695297,-0.023459618067136,0.0368033979223886,NaN,NaN,NaN,NaN,NaN,NaN,NaN,NaN,NaN
NaN,NaN,0.0110957626893651,0.01111594530812,0.010677854520812,0.00349026904829467,-0.012144431345708,-0.0269724364334252,0.0289653498815217,NaN,NaN,NaN,NaN,NaN,NaN,NaN,NaN,NaN
NaN,NaN,0.008974247117294,0.00953474584093783,0.00814396793915269,0.00279563279279197,-0.00806015344763485,-0.0246914784365799,0.0267201546715417,NaN,NaN,NaN,NaN,NaN,NaN,NaN,NaN,NaN
NaN,NaN,0.00769192769075744,0.00752098429074977,0.00713627691341874,0.00123231471904243,-0.0108461676766941,-0.0212577852362301,0.0266982499645868,NaN,NaN,NaN,NaN,NaN,NaN,NaN,NaN,NaN
NaN,NaN,0.00576261847163551,0.00330749469867442,0.00880949105097291,-0.00041502727738892,-0.0137842110028335,-0.0239580991619732,0.0282143686102548,NaN,NaN,NaN,NaN,NaN,NaN,NaN,NaN,NaN
NaN,NaN,0.00498729242826812,0.00255712810030673,0.00718714575244424,0.000549450380882869,-0.0122477150192329,-0.0282284739369061,0.0288192067431131,NaN,NaN,NaN,NaN,NaN,NaN,NaN,NaN,NaN
NaN,NaN,0.00245457931305282,0.00601667481532786,0.0114592341609144,0.00390155972369636,-0.0117490290334293,-0.0266667018586304,0.0289210003005185,NaN,NaN,NaN,NaN,NaN,NaN,NaN,NaN,NaN
NaN,NaN,0.00547519369865768,0.00503392460814212,0.0127759938962602,0.00557069466837371,-0.00814782815480915,-0.0228113803023007,0.0310748886452833,NaN,NaN,NaN,NaN,NaN,NaN,NaN,NaN,NaN
NaN,NaN,0.00399399964953773,0.0064583452331135,0.0131661249227667,0.00267547355421508,-0.0133269874980518,-0.021535300737014,0.0315342728184381,NaN,NaN,NaN,NaN,NaN,NaN,NaN,NaN,NaN
NaN,NaN,0.00107506706262939,0.00599264669290278,0.00758338625504014,-0.000418082015433659,-0.013672880702264,-0.0245051394158509,0.0304444018887201,NaN,NaN,NaN,NaN,NaN,NaN,NaN,NaN,NaN
NaN,NaN,-0.000841036002384499,0.00640479418507311,0.00304898153020379,-0.000586073981442799,-0.0139200537135669,-0.0271341699117329,0.0313158963011423,NaN,NaN,NaN,NaN,NaN,NaN,NaN,NaN,NaN
NaN,NaN,0.00149116336251609,0.0097428778099129,0.00746484751774308,0.0017560346556517,-0.010585937522895,-0.0195004354172852,0.0316805277155557,NaN,NaN,NaN,NaN,NaN,NaN,NaN,NaN,NaN
NaN,NaN,0.00606010152841918,0.0118854598986218,0.0107538504429006,0.00537282587417091,-0.00625631200576512,-0.0162947672361042,0.0389585901187578,NaN,NaN,NaN,NaN,NaN,NaN,NaN,NaN,NaN
NaN,NaN,0.00809593542362563,0.0149238625454018,0.0136510645873689,0.00400625900753463,-0.00724083172584263,-0.0119138444715645,0.0409765798734346,NaN,NaN,NaN,NaN,NaN,NaN,NaN,NaN,NaN
NaN,NaN,0.0102284778549802,0.0154107207345078,0.00956576223446367,0.00643075243957962,-0.00372439982796398,-0.0145241181307938,0.0387045253204027,NaN,NaN,NaN,NaN,NaN,NaN,NaN,NaN,NaN
NaN,NaN,0.0111874234571587,0.0182663606392452,0.00925173888875482,0.00531703965195144,-0.00403549882078854,-0.0151820975297596,0.0371875684844175,NaN,NaN,NaN,NaN,NaN,NaN,NaN,NaN,NaN
NaN,NaN,0.0125773665204179,0.0168094368564198,0.0103656193144464,0.00592577071317161,-0.00197369965220181,-0.0122001889103558,0.036354276924006,NaN,NaN,NaN,NaN,NaN,NaN,NaN,NaN,NaN
NaN,NaN,0.0145760778978001,0.0149950900959084,0.0130346594281339,0.00562510253318275,-0.00400439264679638,-0.011030950670829,0.0398621034012952,NaN,NaN,NaN,NaN,NaN,NaN,NaN,NaN,NaN
NaN,NaN,0.0128414896025788,0.0145061271177838,0.0144895343012953,0.00636155517228569,-0.00571411462927548,-0.0111813965195324,0.0398208644376912,NaN,NaN,NaN,NaN,NaN,NaN,NaN,NaN,NaN
NaN,NaN,0.011275135417236,0.0137199046002934,0.0128889074452066,0.0110023541880461,-0.00379227461720196,-0.0135418149584439,0.0392735447870412,NaN,NaN,NaN,NaN,NaN,NaN,NaN,NaN,NaN
NaN,NaN,0.0113957603171002,0.0136206069873879,0.0155124990172529,0.0112822352481696,-0.00345964344645229,-0.0125346827262547,0.0389495376633325,NaN,NaN,NaN,NaN,NaN,NaN,NaN,NaN,NaN
NaN,NaN,0.0137060922279488,0.0136756854044506,0.0162815479464674,0.0127577482295843,-0.0028044766416618,-0.0142780068272259,0.0378392335163274,NaN,NaN,NaN,NaN,NaN,NaN,NaN,NaN,NaN
NaN,NaN,0.0138711039617192,0.0136271076189587,0.0200430294401788,0.00901107476480926,-0.00730030598545757,-0.0134266848617699,0.0412405911968866,NaN,NaN,NaN,NaN,NaN,NaN,NaN,NaN,NaN
NaN,NaN,0.0105295185639989,0.0108718642877648,0.0159027045495653,0.00925521166451896,-0.0122064760556289,-0.0177424895518925,0.0360214222358385,NaN,NaN,NaN,NaN,NaN,NaN,NaN,NaN,NaN
NaN,NaN,0.00761289565707557,0.0075766028749058,0.0124429901964807,0.00920847789772476,-0.0135012938311168,-0.0199238891655114,0.0356064062701383,NaN,NaN,NaN,NaN,NaN,NaN,NaN,NaN,NaN
NaN,NaN,0.0052048493816983,0.00867630857101176,0.0100038750000143,0.00498535843022789,-0.0136143191387722,-0.0200117501372006,0.0351813320206323,NaN,NaN,NaN,NaN,NaN,NaN,NaN,NaN,NaN
NaN,NaN,0.00638256265665404,0.00878018829098437,0.0106777241356516,0.0017272009087416,-0.0118928624918529,-0.0188751454406884,0.0368127484010377,NaN,NaN,NaN,NaN,NaN,NaN,NaN,NaN,NaN
NaN,NaN,0.00508064820314758,0.00844979229441378,0.0116897923774862,0.000602777911505352,-0.0120324304928848,-0.0182652036601212,0.0406320091472783,NaN,NaN,NaN,NaN,NaN,NaN,NaN,NaN,NaN
NaN,NaN,0.00235692082787864,0.00743876713386271,0.00919157545043466,0.00439365194567169,-0.0104559248914787,-0.0183126266056206,0.0378433499621072,NaN,NaN,NaN,NaN,NaN,NaN,NaN,NaN,NaN
NaN,NaN,0.00306172712589614,0.010353043107898,0.0106331510372305,0.00456214682587112,-0.0115502289166519,-0.0140950205677655,0.0391884219037214,NaN,NaN,NaN,NaN,NaN,NaN,NaN,NaN,NaN
NaN,NaN,0.00493105917121284,0.0128057183610508,0.0080758882589483,0.00458585829862083,-0.00803832324648586,-0.0139570730680134,0.0410878170417467,NaN,NaN,NaN,NaN,NaN,NaN,NaN,NaN,NaN
NaN,NaN,0.00797300084377639,0.0130636947142193,0.0139796724445963,0.00196114913948501,-0.00546669947410313,-0.0107586692029145,0.0400934998081842,NaN,NaN,NaN,NaN,NaN,NaN,NaN,NaN,NaN
NaN,NaN,0.00694819210912101,0.0110389435576508,0.0113799786098146,0.00428772331603492,-0.00624966236258236,-0.0151606398576405,0.0391243469105878,NaN,NaN,NaN,NaN,NaN,NaN,NaN,NaN,NaN
NaN,NaN,0.00572909085894935,0.00942593011131976,0.0119032887644911,0.00750231356748069,-0.00694027530456272,-0.0172477710002568,0.0347769517587343,NaN,NaN,NaN,NaN,NaN,NaN,NaN,NaN,NaN
NaN,NaN,0.00338523133541457,0.00941870304814074,0.00935081298424241,0.00583135323055709,-0.0107403508057663,-0.0163295987003949,0.0368746627257982,NaN,NaN,NaN,NaN,NaN,NaN,NaN,NaN,NaN
NaN,NaN,0.00586612566257827,0.00908148977032397,0.0114674111731195,0.00293546156414474,-0.00829192238355366,-0.0162206712120678,0.0401101704822698,NaN,NaN,NaN,NaN,NaN,NaN,NaN,NaN,NaN
NaN,NaN,0.00720778896356933,0.00714420842996333,0.0146401850409651,0.00317790345676864,-0.00863397853875843,-0.0140883336716797,0.0392224710570493,NaN,NaN,NaN,NaN,NaN,NaN,NaN,NaN,NaN
NaN,NaN,0.00766676335479133,0.00734805631509516,0.013452208591237,0.00687875585087265,-0.00800624849701611,-0.0181021849566605,0.0366576086865583,NaN,NaN,NaN,NaN,NaN,NaN,NaN,NaN,NaN
NaN,NaN,0.0054349419369828,0.00911259594431613,0.0139717003233576,0.00948461504109825,-0.00959281238222805,-0.0158694508427288,0.0368095260249296,NaN,NaN,NaN,NaN,NaN,NaN,NaN,NaN,NaN
NaN,NaN,0.00607518895412795,0.0106476949440548,0.0123524283893251,0.00831293673642601,-0.0122256799271175,-0.0132403458410408,0.0430477295206705,NaN,NaN,NaN,NaN,NaN,NaN,NaN,NaN,NaN
NaN,NaN,0.00921771346474998,0.0128433624195168,0.0154394460745001,0.00537779913671936,-0.00948120268488613,-0.0120209465676453,0.0466740202294507,NaN,NaN,NaN,NaN,NaN,NaN,NaN,NaN,NaN
NaN,NaN,0.00851231112028472,0.0101353743957588,0.0157089149482393,0.00746541456707443,-0.00881405907178608,-0.0108293938392308,0.0433798205243268,NaN,NaN,NaN,NaN,NaN,NaN,NaN,NaN,NaN
NaN,NaN,0.00797978087211959,0.00945545303693507,0.0181873692102575,0.01005080328711,-0.00690227734351841,-0.0111634778731968,0.0433360111104169,NaN,NaN,NaN,NaN,NaN,NaN,NaN,NaN,NaN
NaN,NaN,0.00721872269059532,0.012030336438329,0.0176681941278124,0.0131198464465948,-0.00801707046533314,-0.0103950994962361,0.0460485626147905,NaN,NaN,NaN,NaN,NaN,NaN,NaN,NaN,NaN
NaN,NaN,0.0106118102266919,0.0169208044098923,0.0169409615821981,0.0119173599911543,-0.0051739475359985,-0.00739430365501903,0.0483103353665986,NaN,NaN,NaN,NaN,NaN,NaN,NaN,NaN,NaN
NaN,NaN,0.0158448186411988,0.0168520728038857,0.0183085901565695,0.0115854366255614,-0.00127274902964321,-0.00813101706444286,0.0495104190097967,NaN,NaN,NaN,NaN,NaN,NaN,NaN,NaN,NaN
NaN,NaN,0.0170050416782033,0.0149914393114159,0.0194075507946157,0.0111242829395148,0.000288929916375006,-0.00810739872395061,0.0450596470521608,NaN,NaN,NaN,NaN,NaN,NaN,NaN,NaN,NaN
NaN,NaN,0.0152132701769006,0.014423239408643,0.0217715641386652,0.0116647480560156,-0.00180961924100605,-0.0104581500345375,0.0455874461816469,NaN,NaN,NaN,NaN,NaN,NaN,NaN,NaN,NaN
NaN,NaN,0.0109431002929341,0.0140944266604492,0.0219805715508604,0.0138874797654959,-0.00502085673118321,-0.00824085724889301,0.0465025451170125,NaN,NaN,NaN,NaN,NaN,NaN,NaN,NaN,NaN
NaN,NaN,0.0119390194013249,0.0156527528451988,0.02082738931252,0.0127592942250582,-0.00321485462094036,-0.00720207867561839,0.0468180026994863,NaN,NaN,NaN,NaN,NaN,NaN,NaN,NaN,NaN
NaN,NaN,0.013252798904432,0.0132906766521046,0.0196142112739229,0.0123313328755709,-0.000695887826926385,-0.00801372629939578,0.0472673844681898,NaN,NaN,NaN,NaN,NaN,NaN,NaN,NaN,NaN
NaN,NaN,0.0126256649091374,0.0144169250415871,0.0227385004885339,0.0133602208031031,-0.000352099411732828,-0.00623467666446231,0.0455679070340314,NaN,NaN,NaN,NaN,NaN,NaN,NaN,NaN,NaN
NaN,NaN,0.00807574435020797,0.0149274574505398,0.0234004100687647,0.0161743050945612,-0.00159168975854603,-0.00859418240725062,0.0478110905872503,NaN,NaN,NaN,NaN,NaN,NaN,NaN,NaN,NaN
NaN,NaN,0.00763249068404548,0.0169770749198506,0.0246079815454626,0.017826583100638,-0.00420164676809994,-0.0028266693407204,0.0499079074846425,NaN,NaN,NaN,NaN,NaN,NaN,NaN,NaN,NaN
NaN,NaN,0.0123507012322079,0.0164730990218231,0.0238377405233526,0.0165200492871615,-0.00234512972140995,-0.00225934488116763,0.0489724870906988,NaN,NaN,NaN,NaN,NaN,NaN,NaN,NaN,NaN
NaN,NaN,0.0153362420096528,0.0165444942103932,0.0219836821682596,0.0130282229317042,0.000758558637850608,-0.00267411870299838,0.0480044517801919,NaN,NaN,NaN,NaN,NaN,NaN,NaN,NaN,NaN
NaN,NaN,0.0120211806788575,0.0161486076103756,0.0215537464149141,0.0104638448489519,0.000278443224184836,-0.00500065562664531,0.0453350763903776,NaN,NaN,NaN,NaN,NaN,NaN,NaN,NaN,NaN
NaN,NaN,0.00749865963007323,0.0151476966129849,0.020343027067914,0.010444436086497,0.0010807031164101,-0.00637513873516582,0.0463187020407834,NaN,NaN,NaN,NaN,NaN,NaN,NaN,NaN,NaN
NaN,NaN,0.0104021136357915,0.0146076226519654,0.019318423224225,0.0130937880409571,-5.72613110610591e-05,-0.00386736643849872,0.047780282436482,NaN,NaN,NaN,NaN,NaN,NaN,NaN,NaN,NaN
NaN,NaN,0.0143618364527356,0.0146700957702706,0.0174173330791139,0.0128205379975649,0.00516816613768848,-0.002991122280946,0.047693073390595,NaN,NaN,NaN,NaN,NaN,NaN,NaN,NaN,NaN
NaN,NaN,0.0183088001504075,0.0155473457562039,0.0198273165054464,0.0120955778790327,0.00664952782487186,-0.00156651539145969,0.0487561781095186,NaN,NaN,NaN,NaN,NaN,NaN,NaN,NaN,NaN
NaN,NaN,0.0166375231638085,0.0164773085998604,0.022177788419261,0.0142159758640143,0.00558558491563114,-0.00307833132683299,0.0446237880872407,NaN,NaN,NaN,NaN,NaN,NaN,NaN,NaN,NaN
NaN,NaN,0.0121952448680531,0.0186728270637104,0.0242305351324224,0.0149631573391768,0.00556245086287769,-0.00362516668974422,0.0482088025795141,NaN,NaN,NaN,NaN,NaN,NaN,NaN,NaN,NaN
NaN,NaN,0.0148020540073048,0.0168850043701241,0.0236038481719637,0.0186098067594382,0.00218417135571751,-0.00401615453301929,0.046588711081616,NaN,NaN,NaN,NaN,NaN,NaN,NaN,NaN,NaN
NaN,NaN,0.0166232739284169,0.0166898364113877,0.0218090033061647,0.0170901118350836,0.00395990548228535,-0.00385261428891681,0.0488818135248342,NaN,NaN,NaN,NaN,NaN,NaN,NaN,NaN,NaN
NaN,NaN,0.0153812993958127,0.0152629943477223,0.0225498704142713,0.0160430631173464,-0.000593107067591821,-0.00579544631182216,0.0487985346602121,NaN,NaN,NaN,NaN,NaN,NaN,NaN,NaN,NaN
NaN,NaN,0.0101473596587311,0.0160480992781231,0.025309453708663,0.0155313199890467,-0.00246655555868832,-0.00436748666106723,0.0476686168597856,NaN,NaN,NaN,NaN,NaN,NaN,NaN,NaN,NaN
NaN,NaN,0.00777533694054,0.0155136877583573,0.0258756978340292,0.0159661917520377,-0.00338893743658749,-0.00609857318340801,0.0514459680901685,NaN,NaN,NaN,NaN,NaN,NaN,NaN,NaN,NaN
NaN,NaN,0.0123818632855546,0.0154378967272351,0.0244301920659685,0.0178895032537791,-0.00449594470167843,-0.00707385418354534,0.0474111806737104,NaN,NaN,NaN,NaN,NaN,NaN,NaN,NaN,NaN
NaN,NaN,0.0142770302190911,0.0172280663537094,0.0194497769601488,0.0172114817930075,0.000382322944157446,-0.00558047843514942,0.047682176916472,NaN,NaN,NaN,NaN,NaN,NaN,NaN,NaN,NaN
NaN,NaN,0.0120752160146367,0.0148080432700226,0.0184612525530004,0.0147814749313208,-0.00347547593022076,-0.00816828859387897,0.0445319224284807,NaN,NaN,NaN,NaN,NaN,NaN,NaN,NaN,NaN
NaN,NaN,0.00783764242078178,0.0156556026922772,0.0221237530834818,0.0113226546479079,-0.00491001071835247,-0.00610622865497135,0.0428094785796323,NaN,NaN,NaN,NaN,NaN,NaN,NaN,NaN,NaN
NaN,NaN,0.00886729403282516,0.0140800470398972,0.0217408118672514,0.0126083454621645,-0.00455238284970013,-0.00600918484269641,0.0428419258581319,NaN,NaN,NaN,NaN,NaN,NaN,NaN,NaN,NaN
NaN,NaN,0.0106036890938412,0.0136159876274178,0.0172074129707956,0.0135900339616152,0.000133715696089591,-0.0069925683492329,0.0433342415975252,NaN,NaN,NaN,NaN,NaN,NaN,NaN,NaN,NaN
NaN,NaN,0.010974728007568,0.0117603273974964,0.011630951417222,0.0136319807303759,0.00524730993007931,-0.00674254549085162,0.0423309464143434,NaN,NaN,NaN,NaN,NaN,NaN,NaN,NaN,NaN
NaN,NaN,0.0105031062557828,0.0108071187423775,0.0157399093635225,0.0113344824446055,0.00492706534957203,-0.00800746781169437,0.0401224266873517,NaN,NaN,NaN,NaN,NaN,NaN,NaN,NaN,NaN
NaN,NaN,0.00689695074106567,0.0086524667131016,0.020511279804244,0.0121256037188383,0.00336238754486355,-0.0031747232133057,0.0405945513533273,NaN,NaN,NaN,NaN,NaN,NaN,NaN,NaN,NaN
NaN,NaN,0.00649756236816757,0.00924961212149356,0.0221696114070558,0.0133165604008051,0.00161809486841472,-0.00277343494235538,0.0447399053858438,NaN,NaN,NaN,NaN,NaN,NaN,NaN,NaN,NaN
NaN,NaN,0.00939207567716949,0.0103393899189541,0.0193673735387468,0.0153236909342619,0.00331667823290142,-0.00207654488622211,0.0440175902234235,NaN,NaN,NaN,NaN,NaN,NaN,NaN,NaN,NaN
NaN,NaN,0.0102903549268376,0.0112177388655255,0.01856509502007,0.0146287939084383,0.00499086094593319,-0.00237620723783038,0.0457005087422052,NaN,NaN,NaN,NaN,NaN,NaN,NaN,NaN,NaN
NaN,NaN,0.00990389331127517,0.0137000674294541,0.0238106390364313,0.0124096757305476,0.00374139857982906,-0.00294224647223018,0.0464345958219686,NaN,NaN,NaN,NaN,NaN,NaN,NaN,NaN,NaN
NaN,NaN,0.0088262599601876,0.0138835007237503,0.0256120776660585,0.0146528406573149,0.00188428548669132,0.00172265517176129,0.0474477443979898,NaN,NaN,NaN,NaN,NaN,NaN,NaN,NaN,NaN
NaN,NaN,0.0109205809130799,0.0186804266559193,0.0255703357882642,0.0167361720038267,-0.000140111767298852,0.00121128457249142,0.0526519004391351,NaN,NaN,NaN,NaN,NaN,NaN,NaN,NaN,NaN
NaN,NaN,0.0130111206963193,0.017840746222646,0.0229289559550428,0.0213811805976244,0.00286686805581364,0.000810890371212737,0.0517398748682657,NaN,NaN,NaN,NaN,NaN,NaN,NaN,NaN,NaN
NaN,NaN,0.0121129904582631,0.0196067573415348,0.0257951384313249,0.017448875917277,0.00475899887775692,0.00141516971052624,0.0504732016609826,NaN,NaN,NaN,NaN,NaN,NaN,NaN,NaN,NaN
NaN,NaN,0.0123214018240105,0.0182559111999581,0.0287765068836355,0.0163294075561377,0.00564483565782818,-0.000206113880267366,0.0477567013488927,NaN,NaN,NaN,NaN,NaN,NaN,NaN,NaN,NaN
NaN,NaN,0.0122645352676045,0.0188423463987419,0.0290177194304609,0.0173279716206404,0.0072416254649094,0.00240281867445447,0.0509023551033655,NaN,NaN,NaN,NaN,NaN,NaN,NaN,NaN,NaN
NaN,NaN,0.0157787506177556,0.0204418370412895,0.0236834948785448,0.0210664308203074,0.00798759622072491,0.000718018884072081,0.0528463233398118,NaN,NaN,NaN,NaN,NaN,NaN,NaN,NaN,NaN
NaN,NaN,0.0163446035876404,0.0202069947408745,0.0212827501721525,0.0227814427150103,0.0122290068635872,0.00152720781625249,0.0499362755702653,NaN,NaN,NaN,NaN,NaN,NaN,NaN,NaN,NaN
NaN,NaN,0.0149234053387772,0.01973101439944,0.0250052837557935,0.0183828993273589,0.0100975447664193,-0.000366822903743013,0.044291417686812,NaN,NaN,NaN,NaN,NaN,NaN,NaN,NaN,NaN
NaN,NaN,0.0132922311022412,0.0157519759522984,0.0278249001033449,0.0185555851591441,0.0095987470219067,-0.0030163238698151,0.0425664406405607,NaN,NaN,NaN,NaN,NaN,NaN,NaN,NaN,NaN
NaN,NaN,0.0108251017227303,0.0149636486457894,0.024979914528861,0.0191841533912035,0.00672358659600529,-0.0013032118731644,0.0447319332646051,NaN,NaN,NaN,NaN,NaN,NaN,NaN,NaN,NaN
NaN,NaN,0.0127492327883374,0.015212889193208,0.0199911361463213,0.0215955151749464,0.00550273445939335,-0.00241098282276653,0.046667296080462,NaN,NaN,NaN,NaN,NaN,NaN,NaN,NaN,NaN
NaN,NaN,0.0105060306086671,0.0138610744761536,0.0218868618734026,0.0191119200123164,0.00487310451959881,-0.00340945375501178,0.0457162853466192,NaN,NaN,NaN,NaN,NaN,NaN,NaN,NaN,NaN
NaN,NaN,0.00943305387045257,0.0107122914778301,0.0235222643144273,0.0149794554842326,-0.0011526456704208,-0.00464092296897434,0.0394536253200689,NaN,NaN,NaN,NaN,NaN,NaN,NaN,NaN,NaN
NaN,NaN,0.00780957235838287,0.00883629116287921,0.0220320364363336,0.0136495641005846,-0.00375125917101589,-0.00556337935267948,0.0397181209312597,NaN,NaN,NaN,NaN,NaN,NaN,NaN,NaN,NaN
NaN,NaN,0.00690311609650962,0.00905919390788767,0.0191544918246412,0.0130422300232264,-0.00651447462344853,-0.00257398289977573,0.0417168695615449,NaN,NaN,NaN,NaN,NaN,NaN,NaN,NaN,NaN
NaN,NaN,0.0105694164230954,0.0122570017265389,0.0184086142010832,0.0129125526679369,-0.00373071419501988,-0.00492225689231418,0.0433333475278535,NaN,NaN,NaN,NaN,NaN,NaN,NaN,NaN,NaN
NaN,NaN,0.00720553516293876,0.01083498391381,0.0198903111643934,0.0123217030001494,-0.0015074795713493,-0.00665455413400195,0.0401093881713071,NaN,NaN,NaN,NaN,NaN,NaN,NaN,NaN,NaN
NaN,NaN,0.00853026701952331,0.00906860026589129,0.0200779167838239,0.00816437215932335,-0.00188755231404987,-0.00922822681604885,0.0376270596073785,NaN,NaN,NaN,NaN,NaN,NaN,NaN,NaN,NaN
NaN,NaN,0.00645038156653754,0.0105138266371796,0.0182145824558878,0.00839526565202202,-0.00203956278467861,-0.00606960905133746,0.0377056259797731,NaN,NaN,NaN,NaN,NaN,NaN,NaN,NaN,NaN
NaN,NaN,0.00756692557479255,0.0100130731152603,0.0137246763236665,0.0101224964989039,-0.000181555621869241,-0.00118737397133373,0.0393002364920297,NaN,NaN,NaN,NaN,NaN,NaN,NaN,NaN,NaN
NaN,NaN,0.00690939321066253,0.0117162385868141,0.0173895424134874,0.0132194420827242,0.00215671596621784,-0.00303679434000514,0.0412205677615323,NaN,NaN,NaN,NaN,NaN,NaN,NaN,NaN,NaN
NaN,NaN,0.00690149559522979,0.0089266480790684,0.0201914077527666,0.0147488786412093,0.00371807826256069,-0.00347231802879833,0.0391252037273565,NaN,NaN,NaN,NaN,NaN,NaN,NaN,NaN,NaN
NaN,NaN,0.0106270280375611,0.0106085980223725,0.0208448981769228,0.0132983996106001,0.00532189024185451,-0.00631423023878597,0.0397895533727327,NaN,NaN,NaN,NaN,NaN,NaN,NaN,NaN,NaN
NaN,NaN,0.00587823285604827,0.00728589984646533,0.0166438883073473,0.0158858186138483,0.00513029856180462,-0.00242038918077014,0.0433214452253499,NaN,NaN,NaN,NaN,NaN,NaN,NaN,NaN,NaN
NaN,NaN,0.00455970360781066,0.00766414719691966,0.0163692040271902,0.0170132218433234,0.00399158907627376,0.00205394523800351,0.043760899095408,NaN,NaN,NaN,NaN,NaN,NaN,NaN,NaN,NaN
NaN,NaN,0.00405773936654441,0.00917400735488627,0.0219353279001856,0.0188177524638983,0.00603599113916668,-0.000210099940886721,0.0461753714965501,NaN,NaN,NaN,NaN,NaN,NaN,NaN,NaN,NaN
NaN,NaN,0.0083040673926007,0.00658427867165301,0.0252642286844396,0.0188433452082487,0.00615892571901592,0.00197243588627316,0.0441413257406869,NaN,NaN,NaN,NaN,NaN,NaN,NaN,NaN,NaN
NaN,NaN,0.0107969757809769,0.0107590438710758,0.0246959915287637,0.0181758476925703,0.00649949175810131,0.00198219614685513,0.0452167797969499,NaN,NaN,NaN,NaN,NaN,NaN,NaN,NaN,NaN
NaN,NaN,0.00951469360734336,0.0137403191911289,0.0239722607560301,0.0190395748747202,0.00751487550830158,0.00550119849503972,0.0464124675975957,NaN,NaN,NaN,NaN,NaN,NaN,NaN,NaN,NaN
NaN,NaN,0.0110383373394143,0.0178922111081192,0.0267931064493799,0.0193193628025862,0.00666724158024105,0.00631521167815663,0.0471882779287019,NaN,NaN,NaN,NaN,NaN,NaN,NaN,NaN,NaN
NaN,NaN,0.0112201128795277,0.0181081661867211,0.0294090984292173,0.0195170267058226,0.00828655076717648,0.0033930939680431,0.0469734776900926,NaN,NaN,NaN,NaN,NaN,NaN,NaN,NaN,NaN
NaN,NaN,0.0117441867187154,0.0149962635623524,0.0270087821312093,0.0178974008692118,0.00599806768392834,0.00662390785873868,0.0445220876620927,NaN,NaN,NaN,NaN,NaN,NaN,NaN,NaN,NaN
NaN,NaN,0.0132751692726742,0.0153239959763596,0.0215680701561117,0.0175214631987425,0.00854741422032627,0.00604410367668606,0.0464119646834054,NaN,NaN,NaN,NaN,NaN,NaN,NaN,NaN,NaN
NaN,NaN,0.010988269437803,0.0156107688235352,0.0206054178900861,0.0181360988450858,0.00800806669091495,0.00894558327854611,0.0451202016459623,NaN,NaN,NaN,NaN,NaN,NaN,NaN,NaN,NaN
NaN,NaN,0.0117410202219617,0.0164696717547486,0.0243808692224169,0.0200950800014349,0.00897906360720905,0.00516500967205502,0.0447118539498964,NaN,NaN,NaN,NaN,NaN,NaN,NaN,NaN,NaN
NaN,NaN,0.0156528358056676,0.0161187866615364,0.0278811706133032,0.0219515411687704,0.0111014546225003,0.00209546359837987,0.0452962961183706,NaN,NaN,NaN,NaN,NaN,NaN,NaN,NaN,NaN
NaN,NaN,0.0175851811363827,0.0138051392423222,0.0244887350030088,0.0221711842847678,0.0103913584122589,0.00386717441142537,0.0409281510995546,NaN,NaN,NaN,NaN,NaN,NaN,NaN,NaN,NaN
NaN,NaN,0.0163629692688119,0.0135640198277542,0.0194247802622461,0.0199655516577574,0.00965607923960003,0.00334364073933102,0.0404847856746831,NaN,NaN,NaN,NaN,NaN,NaN,NaN,NaN,NaN
NaN,NaN,0.00979090525652282,0.0120508627878735,0.0221425471730375,0.0198523214591357,0.00520804537033352,0.00103099914849736,0.0374431420253435,NaN,NaN,NaN,NaN,NaN,NaN,NaN,NaN,NaN
NaN,NaN,0.00989159985329025,0.0146195435809204,0.0266074752338075,0.0191549657417151,0.00661421207284244,-0.00125001472770236,0.0390384044634023,NaN,NaN,NaN,NaN,NaN,NaN,NaN,NaN,NaN
NaN,NaN,0.0103010651364457,0.0127887869166443,0.0262088877983236,0.0198278463018748,0.00680844870900425,-0.00141841647564433,0.0411381829665819,NaN,NaN,NaN,NaN,NaN,NaN,NaN,NaN,NaN
NaN,NaN,0.00990737645770423,0.0105862649070332,0.0213011717326784,0.0207923612130495,0.00747333852147373,0.00096116858185269,0.0401199679957548,NaN,NaN,NaN,NaN,NaN,NaN,NaN,NaN,NaN
NaN,NaN,0.00979647456551902,0.01390009689203,0.021062268865838,0.0194618737829539,0.00516054791902813,0.00246311249793507,0.041789363710753,NaN,NaN,NaN,NaN,NaN,NaN,NaN,NaN,NaN
NaN,NaN,0.00834763466264121,0.0151697317051003,0.0265367319710397,0.017137609286389,0.0059162975618771,0.00525579499662854,0.0391474809633413,NaN,NaN,NaN,NaN,NaN,NaN,NaN,NaN,NaN
NaN,NaN,0.0104733598127496,0.0186739446508,0.0287930471725607,0.0160354635251376,0.00769735885357174,0.00758493962348439,0.0417267043279329,NaN,NaN,NaN,NaN,NaN,NaN,NaN,NaN,NaN
NaN,NaN,0.0133770000829827,0.014095134465606,0.0254441043265009,0.0180964431298586,0.00990137097930225,0.00736900317133404,0.043782617537848,NaN,NaN,NaN,NaN,NaN,NaN,NaN,NaN,NaN
NaN,NaN,0.0141586963727605,0.0148299293505261,0.021001695645585,0.0161306074393603,0.00798841578459057,0.00486359643400647,0.039488512663714,NaN,NaN,NaN,NaN,NaN,NaN,NaN,NaN,NaN
NaN,NaN,0.0101049286022317,0.0135101893829415,0.0181595226652765,0.0139017662537905,0.00524663937782558,-0.000874673103680834,0.0361357513950982,NaN,NaN,NaN,NaN,NaN,NaN,NaN,NaN,NaN
NaN,NaN,0.00586573450709693,0.0107361147092888,0.019500142884984,0.0117491072548243,0.00288290543054851,-0.00157508355914615,0.0307800877975145,NaN,NaN,NaN,NaN,NaN,NaN,NaN,NaN,NaN
NaN,NaN,0.00921588807250373,0.00890545117727015,0.0165517246253633,0.0139375849200102,0.0050286167631081,0.000250364566454664,0.032999913780562,NaN,NaN,NaN,NaN,NaN,NaN,NaN,NaN,NaN
NaN,NaN,0.0110826869204175,0.00663047227135394,0.0151256276197576,0.0162359772754523,0.00795932126735958,-0.00126875293790363,0.0333106588708082,NaN,NaN,NaN,NaN,NaN,NaN,NaN,NaN,NaN
NaN,NaN,0.00806296660448425,0.00599612983933184,0.0131195401675844,0.0162033251059862,0.00490506751035961,-0.00345611301600002,0.0297474187003293,NaN,NaN,NaN,NaN,NaN,NaN,NaN,NaN,NaN
NaN,NaN,0.0030720089271199,0.00451260748377535,0.0161756379432821,0.0142480692399355,0.00278398034667286,-0.00745318186818622,0.0304608304189363,NaN,NaN,NaN,NaN,NaN,NaN,NaN,NaN,NaN
NaN,NaN,0.0040349964692723,0.00862169581523631,0.0192068507797861,0.0127826145423266,0.00107690332030567,-0.00410392237245105,0.0287987548993745,NaN,NaN,NaN,NaN,NaN,NaN,NaN,NaN,NaN
NaN,NaN,0.00780374227906577,0.00679362135997508,0.0149664459653043,0.0132905206216189,0.0021638498971394,-0.000238039618125185,0.0341680716859022,NaN,NaN,NaN,NaN,NaN,NaN,NaN,NaN,NaN
NaN,NaN,0.00630407079006545,0.00385988074413035,0.0131640015072965,0.0117432771755072,0.000574752814524497,-0.00387230244814418,0.0352091599391618,NaN,NaN,NaN,NaN,NaN,NaN,NaN,NaN,NaN
NaN,NaN,-0.000572517077671364,0.00217347907891963,0.012342928899064,0.0104960127306792,-0.00237716721797672,-0.004186400299659,0.03075831347572,NaN,NaN,NaN,NaN,NaN,NaN,NaN,NaN,NaN
NaN,NaN,-0.00162113041733392,0.00672557893267367,0.0160999959237718,0.00725636990197624,-0.00246789666319576,-0.00545789775787853,0.0305275131152788,NaN,NaN,NaN,NaN,NaN,NaN,NaN,NaN,NaN
NaN,NaN,0.00151059075142257,0.00891532319656108,0.0153671940691614,0.00777105600961174,-0.00124788271690098,-0.0006894702964928,0.0316913124309698,NaN,NaN,NaN,NaN,NaN,NaN,NaN,NaN,NaN
NaN,NaN,0.00607835545088165,0.00810095611086581,0.0127229271359586,0.0104394628239485,0.00264331338500294,0.00332521917880513,0.0370048243688264,NaN,NaN,NaN,NaN,NaN,NaN,NaN,NaN,NaN
NaN,NaN,0.00542177303577773,0.00892489719262812,0.0163847757406378,0.0108399687839362,0.00229425368403705,0.00169149311841466,0.0353511866317907,NaN,NaN,NaN,NaN,NaN,NaN,NaN,NaN,NaN
NaN,NaN,0.00269929363275878,0.009798347382457,0.0131122385985994,0.0110607108605715,0.00303847355341228,0.000453709537396208,0.0315349061177888,NaN,NaN,NaN,NaN,NaN,NaN,NaN,NaN,NaN
NaN,NaN,0.00434620722080581,0.0130593547510216,0.0170991560347223,0.011633436991057,0.0052884930143288,-0.000557986175408586,0.0291860360788026,NaN,NaN,NaN,NaN,NaN,NaN,NaN,NaN,NaN
NaN,NaN,0.00958990721846931,0.0103060485707829,0.0128397894926214,0.0137962474060866,0.00903134805654797,0.00333406674326398,0.0285486389087358,NaN,NaN,NaN,NaN,NaN,NaN,NaN,NaN,NaN
NaN,NaN,0.00960750921512954,0.00784208568802569,0.014021507454648,0.0125288105142924,0.00874582318162235,0.000912423158297316,0.030027914433352,NaN,NaN,NaN,NaN,NaN,NaN,NaN,NaN,NaN
NaN,NaN,0.00608832060243003,0.00627336594334338,0.0159498853511953,0.0153064242137286,0.0068293848404816,-0.0025263364368584,0.0303006988154569,NaN,NaN,NaN,NaN,NaN,NaN,NaN,NaN,NaN
NaN,NaN,0.00153681679512374,0.00742224547138903,0.0153060993082666,0.0165779589248511,0.00754514349197658,0.000519069755682722,0.0311271358417192,NaN,NaN,NaN,NaN,NaN,NaN,NaN,NaN,NaN
NaN,NaN,0.00706911503220908,0.00837601292005274,0.0179926669128084,0.0177773161364409,0.00830972207283291,0.00421044128597714,0.033628277121655,NaN,NaN,NaN,NaN,NaN,NaN,NaN,NaN,NaN
NaN,NaN,0.0097936060919892,0.0104527877556393,0.0171584626562738,0.0193658357990595,0.0107332096764973,0.00950502874911763,0.0350576710091749,NaN,NaN,NaN,NaN,NaN,NaN,NaN,NaN,NaN
NaN,NaN,0.00841763286734931,0.00818533393612597,0.02173455337955,0.0185930243266436,0.00990016025995525,0.00399359213770367,0.0385594252632776,NaN,NaN,NaN,NaN,NaN,NaN,NaN,NaN,NaN
NaN,NaN,0.00767643048311584,0.0110098117875168,0.022005829019084,0.0215657501054617,0.0066666269073418,0.00107106464565732,0.0377326157079854,NaN,NaN,NaN,NaN,NaN,NaN,NaN,NaN,NaN
NaN,NaN,0.00553086816216819,0.0130453104065964,0.0202023787326956,0.0174583195281836,0.00724522037004742,0.00311114537180401,0.0370671671019712,NaN,NaN,NaN,NaN,NaN,NaN,NaN,NaN,NaN
NaN,NaN,0.0114160072698724,0.0132623085664818,0.01891033629848,0.0148464626205775,0.00573372108434948,0.00603153082192876,0.0359340641783395,NaN,NaN,NaN,NaN,NaN,NaN,NaN,NaN,NaN
NaN,NaN,0.00887891693855636,0.0126875148998806,0.0169483935363435,0.00987845273145164,0.00717427221631321,0.00922043519676663,0.0332049537585893,NaN,NaN,NaN,NaN,NaN,NaN,NaN,NaN,NaN
NaN,NaN,0.00697222023154609,0.0103416437195847,0.0186918666489267,0.0111596731973502,0.00642604765986713,0.00282614203752019,0.0337811816619554,NaN,NaN,NaN,NaN,NaN,NaN,NaN,NaN,NaN
NaN,NaN,0.00658614977146499,0.0145739646541188,0.0171199804074907,0.0144842340184065,0.00610034552907261,0.0038203475123737,0.0325542759286085,NaN,NaN,NaN,NaN,NaN,NaN,NaN,NaN,NaN
NaN,NaN,0.00816701396252029,0.0109066584991524,0.0150439133770609,0.0114293283356043,0.00597608847116741,0.00490122186602093,0.0306430529938856,NaN,NaN,NaN,NaN,NaN,NaN,NaN,NaN,NaN
NaN,NaN,0.0121061172976624,0.0113327199505875,0.0156529983408594,0.00958272056110824,0.00741203886961254,0.00552308457554318,0.0265993807600656,NaN,NaN,NaN,NaN,NaN,NaN,NaN,NaN,NaN
NaN,NaN,0.00741411416674964,0.00751671883335803,0.0144236897952699,0.0107544361186835,0.00646348682736668,0.00389265539706685,0.0245949696885267,NaN,NaN,NaN,NaN,NaN,NaN,NaN,NaN,NaN
NaN,NaN,0.00565469681168906,0.00802149566879962,0.0151098137624407,0.0138461104167315,0.00403059286569866,-0.00355200198828243,0.026726822941176,NaN,NaN,NaN,NaN,NaN,NaN,NaN,NaN,NaN
NaN,NaN,0.0022402633621823,0.00878115686646197,0.0127844130523348,0.0126921458674284,0.0032149964342049,-0.0041030841821339,0.0273453142629781,NaN,NaN,NaN,NaN,NaN,NaN,NaN,NaN,NaN
NaN,NaN,0.00260681330109946,0.00490387472382281,0.0106130158431673,0.0109228564930769,0.00446691749190601,0.000912963325390593,0.0264328230308214,NaN,NaN,NaN,NaN,NaN,NaN,NaN,NaN,NaN
NaN,NaN,0.0042333495512139,0.00684555190673564,0.0129878325290823,0.0122694185508105,0.00560901699160847,0.00241051139892079,0.0251347828792253,NaN,NaN,NaN,NaN,NaN,NaN,NaN,NaN,NaN
NaN,NaN,0.00200627787853591,0.00413959416619036,0.0143089694805288,0.0152639186514231,0.00274093461727413,0.000235258514294401,0.0263923850046316,NaN,NaN,NaN,NaN,NaN,NaN,NaN,NaN,NaN
NaN,NaN,0.00264212905312888,0.00871404576173518,0.0165581693775797,0.0151817201209875,0.00279470918273243,-0.00384765965281986,0.0315584313260236,NaN,NaN,NaN,NaN,NaN,NaN,NaN,NaN,NaN
NaN,NaN,0.0045823719992768,0.00762192103138659,0.0165387606151247,0.0153562872243735,0.00390996796583446,0.00319302725256421,0.032356872795693,NaN,NaN,NaN,NaN,NaN,NaN,NaN,NaN,NaN
NaN,NaN,0.00878949134494178,0.0092807369219372,0.0161587251253271,0.0122370830310198,0.00464727742170605,0.00798106836737134,0.0281319838153043,NaN,NaN,NaN,NaN,NaN,NaN,NaN,NaN,NaN
NaN,NaN,0.00955090342904441,0.009358744500787,0.0178909106083059,0.0120632237327906,0.00505713386034283,0.00593713196576573,0.026788569627873,NaN,NaN,NaN,NaN,NaN,NaN,NaN,NaN,NaN
NaN,NaN,0.00598499967600219,0.0101592348801205,0.0156306465990686,0.0107112600041243,0.00382577640508922,0.00547461854876019,0.0263784524189153,NaN,NaN,NaN,NaN,NaN,NaN,NaN,NaN,NaN
NaN,NaN,0.00359245060826652,0.0119649948464939,0.0165852894909525,0.0115497483445021,0.00571062428449901,0.00245785983861424,0.0320137735592046,NaN,NaN,NaN,NaN,NaN,NaN,NaN,NaN,NaN
NaN,NaN,0.00477064817096107,0.00931895840039942,0.014663263214364,0.0120046435428473,0.00802883518432888,0.0120635394996498,0.0319806743549028,NaN,NaN,NaN,NaN,NaN,NaN,NaN,NaN,NaN
NaN,NaN,0.00556933178449981,0.00799178647866938,0.0182406036086225,0.0126715822649809,0.0109948740670613,0.0124194351083133,0.0274688635157266,NaN,NaN,NaN,NaN,NaN,NaN,NaN,NaN,NaN
NaN,NaN,0.00719173296238296,0.00774699765315745,0.0182731998987341,0.018119688941321,0.0117437691757611,0.00787430154741742,0.0294874306903997,NaN,NaN,NaN,NaN,NaN,NaN,NaN,NaN,NaN
NaN,NaN,0.00542022704030387,0.0113998124288628,0.0174963464863443,0.0157808026803347,0.0100630858311585,0.00585562261403538,0.0305781956897893,NaN,NaN,NaN,NaN,NaN,NaN,NaN,NaN,NaN
NaN,NaN,0.00707453532959335,0.0109288053499768,0.0187983913250112,0.0161049215627524,0.0108850338826111,0.00379173728288151,0.0370413508402028,NaN,NaN,NaN,NaN,NaN,NaN,NaN,NaN,NaN
NaN,NaN,0.0066212420060765,0.00914716663828585,0.0186483180053377,0.0162782965732428,0.0116524995634488,0.0101042230671737,0.0327459979938188,NaN,NaN,NaN,NaN,NaN,NaN,NaN,NaN,NaN
NaN,NaN,0.00629332332755439,0.00698398369422648,0.022718942714467,0.0160607768727156,0.0111587123343876,0.00729527967632748,0.0298714149879136,NaN,NaN,NaN,NaN,NaN,NaN,NaN,NaN,NaN
NaN,NaN,0.00575825988198631,0.00969020220509265,0.021617076349988,0.0178189835084292,0.00818047312592777,0.00669439035118558,0.0306617166982808,NaN,NaN,NaN,NaN,NaN,NaN,NaN,NaN,NaN
NaN,NaN,0.00463640733505599,0.0120397800492356,0.0242195268995905,0.0133382229638907,0.00881362346505436,0.00899350913823582,0.032373748360745,NaN,NaN,NaN,NaN,NaN,NaN,NaN,NaN,NaN
NaN,NaN,0.00748346044565551,0.0119756491767475,0.023385173631444,0.0143886989487025,0.010382808871024,0.00902366536320187,0.0354172546552339,NaN,NaN,NaN,NaN,NaN,NaN,NaN,NaN,NaN
NaN,NaN,0.00821788280154578,0.0139543743716786,0.0243890648610735,0.0145446396005961,0.0109408759841851,0.0127476331836078,0.0302105095373311,NaN,NaN,NaN,NaN,NaN,NaN,NaN,NaN,NaN
NaN,NaN,0.0096599240496289,0.0136492172168801,0.0220215124912405,0.0162636189294669,0.00924355921839985,0.00999686020077206,0.0295998413251558,NaN,NaN,NaN,NaN,NaN,NaN,NaN,NaN,NaN
NaN,NaN,0.00735501243616454,0.019377447097213,0.0196772990651273,0.0162897332144591,0.00992867735718998,0.00790216671884991,0.0294306200133481,NaN,NaN,NaN,NaN,NaN,NaN,NaN,NaN,NaN
NaN,NaN,0.00642814158345573,0.017591263531358,0.0197126706965112,0.0116070433092924,0.00835014147257122,0.00942994552315213,0.0300837379084745,NaN,NaN,NaN,NaN,NaN,NaN,NaN,NaN,NaN
NaN,NaN,0.00723649232531898,0.0166477592574665,0.0177286928422594,0.0141264571381422,0.00856637594794544,0.010446186090121,0.0316540222750821,NaN,NaN,NaN,NaN,NaN,NaN,NaN,NaN,NaN
NaN,NaN,0.00725981264258735,0.0122399212705204,0.0178146352894449,0.0151642485094878,0.00906966266726765,0.00868576290667988,0.0271411124752679,NaN,NaN,NaN,NaN,NaN,NaN,NaN,NaN,NaN
NaN,NaN,0.00819109796429984,0.0114846000360558,0.014501138580575,0.016888126595101,0.0106290319333008,0.00586206736625172,0.0250317786024728,NaN,NaN,NaN,NaN,NaN,NaN,NaN,NaN,NaN
NaN,NaN,0.00742676152731292,0.0104986647056649,0.0162457479066992,0.015763219310126,0.00991474477147373,0.00237772884429433,0.0258842554079213,NaN,NaN,NaN,NaN,NaN,NaN,NaN,NaN,NaN
NaN,NaN,0.00721043391968124,0.00703619363775942,0.0158135210998201,0.0133776179087969,0.00554879767393383,0.00309477272094227,0.0252909843014398,NaN,NaN,NaN,NaN,NaN,NaN,NaN,NaN,NaN
NaN,NaN,0.00444658516789786,0.00196871849766467,0.018347277296319,0.0151615476740214,0.00438535226082119,0.000253437930950896,0.0242274698005834,NaN,NaN,NaN,NaN,NaN,NaN,NaN,NaN,NaN
NaN,NaN,0.00135371877695434,-0.000403415979235433,0.0157546801395559,0.0104696935547205,0.000709682829134787,-0.00135285136639141,0.0174109708653608,NaN,NaN,NaN,NaN,NaN,NaN,NaN,NaN,NaN
NaN,NaN,-0.00242178843473084,-8.74554825713858e-05,0.0120460232622766,0.0109184047711703,0.00092165184711727,-0.00504457679926418,0.0165701542185464,NaN,NaN,NaN,NaN,NaN,NaN,NaN,NaN,NaN
NaN,NaN,-0.0036416161165107,-0.000140000702231191,0.013000684780612,0.0087975970042559,0.000172142065518226,-0.00448902425705455,0.0146873552488008,NaN,NaN,NaN,NaN,NaN,NaN,NaN,NaN,NaN
NaN,NaN,-0.00454211191390641,-0.00100704339274671,0.0133280632920408,0.00687065334447349,-0.00075480329299656,0.00144124674261548,0.0168480422483602,NaN,NaN,NaN,NaN,NaN,NaN,NaN,NaN,NaN
NaN,NaN,-0.00395714820479043,-0.00236154031881597,0.0156125416882181,0.00901174531706299,9.79901621273411e-05,0.000462724739918486,0.021100367991797,NaN,NaN,NaN,NaN,NaN,NaN,NaN,NaN,NaN
NaN,NaN,-0.00362721786950715,4.8331348807551e-05,0.0129163069553518,0.00735712037809814,-0.000876676165110742,0.00528583946288563,0.01780026370155,NaN,NaN,NaN,NaN,NaN,NaN,NaN,NaN,NaN
NaN,NaN,-0.00277923003886826,0.0018790321337292,0.0120759373433733,0.0078457480800959,0.00412542013024601,0.00532432171166875,0.0199325826154867,NaN,NaN,NaN,NaN,NaN,NaN,NaN,NaN,NaN
NaN,NaN,-0.00080031857942231,0.00617993566265795,0.013785268170371,0.00705974908002342,0.00294468937014851,0.00710633295238949,0.0198146212981859,NaN,NaN,NaN,NaN,NaN,NaN,NaN,NaN,NaN
NaN,NaN,0.00247177152778022,0.00465867611637805,0.0137384971506738,0.0109910665584418,0.00424818707203182,0.00902089002192952,0.0223181281374612,NaN,NaN,NaN,NaN,NaN,NaN,NaN,NaN,NaN
NaN,NaN,0.00560649155522697,0.00512482169142459,0.0148573508389139,0.0112745238972517,0.00652193663214954,0.00562200965941884,0.0235266681896367,NaN,NaN,NaN,NaN,NaN,NaN,NaN,NaN,NaN
NaN,NaN,0.00609901218558662,0.00566396432986949,0.0118918334968233,0.0102777293456408,0.00809944806193622,0.00868362086475827,0.019986245422236,NaN,NaN,NaN,NaN,NaN,NaN,NaN,NaN,NaN
NaN,NaN,0.00457667230512016,0.00710347238054965,0.0149719780213976,0.011919278515658,0.0114618392059735,0.00714142518700101,0.0200754661248842,NaN,NaN,NaN,NaN,NaN,NaN,NaN,NaN,NaN
NaN,NaN,0.0042873848869931,0.00619006845226977,0.0161107806391859,0.0130754596126887,0.00825471816157612,0.0079051096981857,0.0195923518525281,NaN,NaN,NaN,NaN,NaN,NaN,NaN,NaN,NaN
NaN,NaN,0.00373972996021621,0.00500807109347079,0.0161360939867639,0.0150511673224779,0.00857008261179241,0.0061358016973827,0.020440265177361,NaN,NaN,NaN,NaN,NaN,NaN,NaN,NaN,NaN
NaN,NaN,0.00446618019486777,0.00826814713946078,0.0182004263527536,0.0147485806179854,0.00494690252041134,0.00215722891152836,0.0206649374352613,NaN,NaN,NaN,NaN,NaN,NaN,NaN,NaN,NaN
NaN,NaN,0.00282312228227966,0.00790513622632716,0.0157381771035337,0.0158402583134982,0.00588614133691105,0.00416042926372029,0.0173397246884027,NaN,NaN,NaN,NaN,NaN,NaN,NaN,NaN,NaN
NaN,NaN,0.00179004340316169,0.00733352768293116,0.0187154291100645,0.0137815325094077,0.0065385141739777,0.00386883216560818,0.0185279991613546,NaN,NaN,NaN,NaN,NaN,NaN,NaN,NaN,NaN
NaN,NaN,0.00116039483691566,0.00871266740432475,0.0180022967882299,0.0131009033454272,0.00307384518479618,0.00491362708271481,0.018666263310782,NaN,NaN,NaN,NaN,NaN,NaN,NaN,NaN,NaN
NaN,NaN,-0.000346447835909203,0.00650381240120623,0.0179455047376299,0.0128621681166502,0.00268863154148373,0.00648352029384114,0.0240076404200712,NaN,NaN,NaN,NaN,NaN,NaN,NaN,NaN,NaN
NaN,NaN,0.00205200581694953,0.00708831044903491,0.0199034800655985,0.0130646003914687,0.00263053563927921,0.00843005898059346,0.0230396796153703,NaN,NaN,NaN,NaN,NaN,NaN,NaN,NaN,NaN
NaN,NaN,0.00239493741537444,0.00893232914677355,0.0155698498613977,0.0135030670595976,0.00738238555883678,0.0141824101156089,0.0210467051850477,NaN,NaN,NaN,NaN,NaN,NaN,NaN,NaN,NaN
NaN,NaN,0.00263631760026328,0.0076897213148186,0.0187046071417474,0.0118621139360281,0.00809322682713779,0.012000023300061,0.0227554958449521,NaN,NaN,NaN,NaN,NaN,NaN,NaN,NaN,NaN
NaN,NaN,0.00439895733143203,0.00764112490287516,0.0148814348406934,0.0111752262843462,0.00650845108126911,0.00992380725801922,0.0213949639485994,NaN,NaN,NaN,NaN,NaN,NaN,NaN,NaN,NaN
NaN,NaN,0.00408739267732017,0.0054478974925587,0.015924031836524,0.0111756546927306,0.0040789285073212,0.0103146833425853,0.0215903926776567,NaN,NaN,NaN,NaN,NaN,NaN,NaN,NaN,NaN
NaN,NaN,0.00455998300458305,0.00792000013461802,0.0141288516945982,0.0110717935992094,0.00328436133956226,0.00760663943947293,0.0154193934189,NaN,NaN,NaN,NaN,NaN,NaN,NaN,NaN,NaN
NaN,NaN,0.00138627781416289,0.00595978963247035,0.0126426285035753,0.0118176712227675,0.00718459127043995,0.010079263622174,0.0131511759148755,NaN,NaN,NaN,NaN,NaN,NaN,NaN,NaN,NaN
NaN,NaN,0.000414479960454627,0.00354375260940287,0.0127350157029772,0.0119636467231127,0.00761137915348324,0.00549678402603604,0.015051334737412,NaN,NaN,NaN,NaN,NaN,NaN,NaN,NaN,NaN
NaN,NaN,0.00345938323880546,0.00498994755616877,0.0136579563744211,0.0135480871928545,0.00632103172635349,0.00523929196060635,0.0178578194366613,NaN,NaN,NaN,NaN,NaN,NaN,NaN,NaN,NaN
NaN,NaN,0.00346649854327552,0.00429376530519221,0.0174614032633447,0.0138646064830634,0.00709063944911274,0.00624329494894482,0.0190190669284978,NaN,NaN,NaN,NaN,NaN,NaN,NaN,NaN,NaN
NaN,NaN,0.00123033716226928,0.00807342621556018,0.0189643157549047,0.0160742810500475,0.00742006687020572,0.00664070891798474,0.0164925191687265,NaN,NaN,NaN,NaN,NaN,NaN,NaN,NaN,NaN
NaN,NaN,-0.00106432990287431,0.00573629084101412,0.0169334737486982,0.0161654761565539,0.00668990997170719,0.00806721570552327,0.0182163413749853,NaN,NaN,NaN,NaN,NaN,NaN,NaN,NaN,NaN
NaN,NaN,0.00120947553659789,0.00483985561004374,0.0139728924162531,0.0100372804833266,0.00310869527553829,0.00460761311114766,0.0186187472330251,NaN,NaN,NaN,NaN,NaN,NaN,NaN,NaN,NaN
NaN,NaN,0.00369886352564208,0.00418433490267489,0.014271027398839,0.00808813409336532,0.000526826954834783,0.00435840981663205,0.0174258534001031,NaN,NaN,NaN,NaN,NaN,NaN,NaN,NaN,NaN
NaN,NaN,0.00354547469760291,0.00600669103732798,0.0142768388517046,0.00719527514108146,0.000633072234146917,0.00610363381565549,0.0168006193028608,NaN,NaN,NaN,NaN,NaN,NaN,NaN,NaN,NaN
NaN,NaN,0.000925738801015543,0.00472213643661235,0.0147959208018923,0.00892099724539245,0.00067704928612026,0.00750888782204129,0.0159805338965574,NaN,NaN,NaN,NaN,NaN,NaN,NaN,NaN,NaN
NaN,NaN,-0.00183490620111115,0.00120706426969264,0.0103828674085283,0.00654422478207077,0.00097786647772106,0.00828209044993855,0.0149514038251558,NaN,NaN,NaN,NaN,NaN,NaN,NaN,NaN,NaN
NaN,NaN,0.00171624540234916,0.00329803246131632,0.0113022318012857,0.0056811867786261,-0.000328853600270426,0.00699157538474538,0.0159360353039422,NaN,NaN,NaN,NaN,NaN,NaN,NaN,NaN,NaN
NaN,NaN,0.00662636428023689,0.00463144424429629,0.0114623075254106,0.00807457403667892,0.00259881479238781,0.00774782794178464,0.0160780992494741,NaN,NaN,NaN,NaN,NaN,NaN,NaN,NaN,NaN
NaN,NaN,0.00507681115414016,0.00800668763986323,0.0124668320543909,0.00823308513887848,0.00411437464451107,0.00909535857499577,0.0125218626247564,NaN,NaN,NaN,NaN,NaN,NaN,NaN,NaN,NaN
NaN,NaN,0.000258259911788628,0.0020955646323273,0.0111136948592806,0.00984084592588867,0.00429872063493046,0.00460996004403569,0.010754622160069,NaN,NaN,NaN,NaN,NaN,NaN,NaN,NaN,NaN
NaN,NaN,-0.00492350713466294,0.000499892412335612,0.00539263616277215,0.00679281340368713,0.00319743169044765,0.00529943677247502,0.0117010135339418,NaN,NaN,NaN,NaN,NaN,NaN,NaN,NaN,NaN
NaN,NaN,-0.00351922170375474,-0.00157086607941892,0.00798726360274789,0.00632996471055473,0.000361777968161429,0.002172651613364,0.0133754570172944,NaN,NaN,NaN,NaN,NaN,NaN,NaN,NaN,NaN
NaN,NaN,-0.00442053706501611,-0.000616483957855962,0.0091231791205549,0.0062893590463015,0.000905931122057761,0.00605505603016354,0.0157509442554632,NaN,NaN,NaN,NaN,NaN,NaN,NaN,NaN,NaN
NaN,NaN,-0.00761579305981286,0.000987272142083384,0.0137773146755838,0.00842059762605156,0.0021553562352589,0.00617040964425542,0.0173193473504701,NaN,NaN,NaN,NaN,NaN,NaN,NaN,NaN,NaN
NaN,NaN,-0.00909564600442536,-0.00271065589913633,0.00936249176932809,0.0103633365166994,0.0027136282393864,0.00234610112966038,0.0180067751692453,NaN,NaN,NaN,NaN,NaN,NaN,NaN,NaN,NaN
NaN,NaN,-0.00737836168264039,-0.00110546556243207,0.00794071610046861,0.00585247562654937,-0.001946579538829,0.00485663014114834,0.019195347665421,NaN,NaN,NaN,NaN,NaN,NaN,NaN,NaN,NaN
NaN,NaN,-0.00198078856919892,-0.00139221978315618,0.00991726200057504,0.00563260899313415,-0.00143695982599941,0.00505023347795941,0.0210841070996442,NaN,NaN,NaN,NaN,NaN,NaN,NaN,NaN,NaN
NaN,NaN,-0.0015976797149051,0.00572019758692477,0.0131072094566965,0.00714813159235443,-0.00122208508158413,0.0089545798546169,0.0203364599631944,NaN,NaN,NaN,NaN,NaN,NaN,NaN,NaN,NaN
NaN,NaN,-0.00215375379775651,0.0053313890384743,0.0127493394441747,0.00881247953899826,0.00158711907958301,0.00773560898960568,0.0184885110841909,NaN,NaN,NaN,NaN,NaN,NaN,NaN,NaN,NaN
NaN,NaN,-0.00157825232599862,0.00163437369337771,0.00763244832827089,0.00815179930456604,0.00206179556941303,0.005749973381171,0.0189068239318052,NaN,NaN,NaN,NaN,NaN,NaN,NaN,NaN,NaN
NaN,NaN,0.00202855511452071,0.00149158331623767,0.0061356080598974,0.0058432182801577,0.00441074011420521,0.0101748173183296,0.0169202570007959,NaN,NaN,NaN,NaN,NaN,NaN,NaN,NaN,NaN
NaN,NaN,0.00746488987351768,0.00335966738930438,0.010777133507266,0.011822458220801,0.00982010377144131,0.0109313120192383,0.0167629007385888,NaN,NaN,NaN,NaN,NaN,NaN,NaN,NaN,NaN
NaN,NaN,0.00725904895807616,0.0103719117032597,0.0154362423248434,0.0185123904181334,0.0117394292125634,0.0160941918438766,0.0179531868683019,NaN,NaN,NaN,NaN,NaN,NaN,NaN,NaN,NaN
NaN,NaN,0.00672970383311622,0.00948179083934519,0.0145231364197874,0.0191169677806708,0.0138987564811638,0.0138426636403892,0.0189616229520955,NaN,NaN,NaN,NaN,NaN,NaN,NaN,NaN,NaN
NaN,NaN,0.00715898766065948,0.00564178022614215,0.0114640211589479,0.0152973158789488,0.0111590476105145,0.0136623595899437,0.0183580141650358,NaN,NaN,NaN,NaN,NaN,NaN,NaN,NaN,NaN
NaN,NaN,0.00799755050684325,0.00292919146886561,0.0116444742210054,0.0113683825863215,0.0108183511862687,0.0134603370970581,0.0159663964198747,NaN,NaN,NaN,NaN,NaN,NaN,NaN,NaN,NaN
NaN,NaN,0.00695066942716949,0.00481929200759623,0.0153825608916425,0.016694299740872,0.00952893508171352,0.00986008616746404,0.0166194770620981,NaN,NaN,NaN,NaN,NaN,NaN,NaN,NaN,NaN
NaN,NaN,0.00411792143131606,0.00825885254016612,0.0155687509007597,0.0169282852245184,0.00866271195506367,0.00959449159563519,0.0156089175628343,NaN,NaN,NaN,NaN,NaN,NaN,NaN,NaN,NaN
NaN,NaN,0.00156274481560104,0.00513599756231997,0.0111407777197504,0.0138130298388811,0.00455254328941616,0.00873208689154126,0.017484340457789,NaN,NaN,NaN,NaN,NaN,NaN,NaN,NaN,NaN
NaN,NaN,0.00214927314664237,0.00119445416203234,0.011254343194499,0.00890870378740753,0.0030643456945351,0.0080267031735275,0.0179353799806753,NaN,NaN,NaN,NaN,NaN,NaN,NaN,NaN,NaN
NaN,NaN,0.000882842083228752,0.00297640952339862,0.0131223341353082,0.00600539879330123,0.00340427843426975,0.0094033655768726,0.0163945067809739,NaN,NaN,NaN,NaN,NaN,NaN,NaN,NaN,NaN
NaN,NaN,0.000984076847089454,0.00721457916370127,0.0168658969826841,0.00915930406578506,0.00424585876559528,0.0041446526593063,0.0150838006423631,NaN,NaN,NaN,NaN,NaN,NaN,NaN,NaN,NaN
NaN,NaN,-0.0016579735383857,0.00885773020854685,0.0129094896741056,0.0080801805985781,-0.00040930124426571,0.0046472315734718,0.0131729688631215,NaN,NaN,NaN,NaN,NaN,NaN,NaN,NaN,NaN
NaN,NaN,-0.00429376543615945,0.00101219433418009,0.00575881357265947,0.003979939831576,-0.00461001309061733,0.00209812718094327,0.0121264789389291,NaN,NaN,NaN,NaN,NaN,NaN,NaN,NaN,NaN
NaN,NaN,-0.00379604802583344,-0.00365322885045316,0.00151235516144273,-0.000248637186208119,-0.00618698435331074,0.000955506140599028,0.00667898693548826,NaN,NaN,NaN,NaN,NaN,NaN,NaN,NaN,NaN
NaN,NaN,-0.0076113227114547,-0.00270355922111776,0.000774673176541303,-0.00076697407833611,-0.00419492261911121,0.000717963004717604,0.00639089161025671,NaN,NaN,NaN,NaN,NaN,NaN,NaN,NaN,NaN
NaN,NaN,-0.00522605658625253,0.00194824802747462,0.00342532898260591,0.00059098736771072,-0.00037018569613186,-0.00132923302589916,0.00773177260028509,NaN,NaN,NaN,NaN,NaN,NaN,NaN,NaN,NaN
NaN,NaN,-0.00532621101592667,0.00228020864597056,-0.00044275169299605,0.00171056748755897,-0.00243986385369984,0.002483880991349,0.00868283921348242,NaN,NaN,NaN,NaN,NaN,NaN,NaN,NaN,NaN
NaN,NaN,-0.00188102529500611,-0.00323431995639112,5.1184547677015e-05,0.0051330661905619,-0.00270882981324879,0.00147591056884267,0.00943767616020826,NaN,NaN,NaN,NaN,NaN,NaN,NaN,NaN,NaN
NaN,NaN,-0.00183704824303277,-0.00357045290002134,0.00211074854208467,0.00591470660098518,-0.00306457641030041,0.00260137664736249,0.0076077390597978,NaN,NaN,NaN,NaN,NaN,NaN,NaN,NaN,NaN
NaN,NaN,-0.00317796648596413,-0.000812173457234167,0.00308403651191232,0.00488665686377014,0.000249479092114295,-0.00108219039975665,0.00589634069668439,NaN,NaN,NaN,NaN,NaN,NaN,NaN,NaN,NaN
NaN,NaN,-1.84360251296316e-05,0.00073674636951182,0.00647136847449777,0.00448851646312202,-0.00262527155185429,-0.00203413245617412,0.00535617360340742,NaN,NaN,NaN,NaN,NaN,NaN,NaN,NaN,NaN
NaN,NaN,-0.00172391117666848,-0.00281779524812009,0.00251026730014322,0.00465574474461997,-0.00501949700022427,0.000108617270598189,0.00665816256271986,NaN,NaN,NaN,NaN,NaN,NaN,NaN,NaN,NaN
NaN,NaN,-0.00162176371668465,-0.00808280390629079,0.00454369838310716,0.00429157899149383,-0.00549115600491253,-0.000813820486655458,0.00738187470900205,NaN,NaN,NaN,NaN,NaN,NaN,NaN,NaN,NaN
NaN,NaN,-0.00552581207011826,-0.00485562217363622,0.00321451480461595,0.00303731100090469,-0.0030897779991695,0.000575731421122328,0.00845151731239942,NaN,NaN,NaN,NaN,NaN,NaN,NaN,NaN,NaN
NaN,NaN,-0.00348884196137078,9.19358717510477e-05,0.00547842959834573,0.00476681427486862,0.00108565775250706,0.00304653021157719,0.0115749124573388,NaN,NaN,NaN,NaN,NaN,NaN,NaN,NaN,NaN
NaN,NaN,0.00145806415821426,0.00325150358548854,0.00874398182107446,0.00776287899740661,0.00283419725989612,0.00790587338269689,0.0127348002182165,NaN,NaN,NaN,NaN,NaN,NaN,NaN,NaN,NaN
NaN,NaN,0.00173515125061385,0.00174108463397715,0.00809883604718683,0.00613643587954963,0.00393826154565128,0.00960607724846341,0.0128310617195287,NaN,NaN,NaN,NaN,NaN,NaN,NaN,NaN,NaN
NaN,NaN,-0.00137986199115403,-0.000429567517130636,0.00823423172308442,0.00604190663822616,0.000890247649901236,0.00686228918493726,0.0147380750762143,NaN,NaN,NaN,NaN,NaN,NaN,NaN,NaN,NaN
NaN,NaN,-0.00544122935389169,0.00107746142020915,0.00235060135795114,0.00227554501422371,0.000704374290459479,0.00550011816085317,0.0111478824304262,NaN,NaN,NaN,NaN,NaN,NaN,NaN,NaN,NaN
NaN,NaN,-0.00414216474746354,-2.7982605388388e-06,0.00370759422852037,0.00271984176166977,0.00269002852534565,0.00582062351168134,0.00925007054077772,NaN,NaN,NaN,NaN,NaN,NaN,NaN,NaN,NaN
NaN,NaN,-0.000146474252687767,-0.00077590775617864,0.00344056541992662,0.0031595936549517,0.00360026595687183,0.00427155467332341,0.00797350668775228,NaN,NaN,NaN,NaN,NaN,NaN,NaN,NaN,NaN
NaN,NaN,-0.00057611198280938,-0.00548528936633375,0.00384740437342164,0.0038912965489241,0.00122710702513965,0.00252929228008725,0.00961162859069494,NaN,NaN,NaN,NaN,NaN,NaN,NaN,NaN,NaN
NaN,NaN,-0.00526837588404305,-0.00573497694858816,0.00246057192756173,0.00215592594274009,0.00015144807791027,-0.00156593797146343,0.00893397965895323,NaN,NaN,NaN,NaN,NaN,NaN,NaN,NaN,NaN
NaN,NaN,-0.00743431554292329,-0.00359291640052106,0.00297747458292482,0.000668622417530666,4.19431695869814e-05,0.000115509057650343,0.00956573301421789,NaN,NaN,NaN,NaN,NaN,NaN,NaN,NaN,NaN
NaN,NaN,-0.00418021858786233,-0.00250477773079183,0.00624585802628038,0.00198299796708549,4.75497314861668e-05,-0.000236232852330431,0.00857482442127851,NaN,NaN,NaN,NaN,NaN,NaN,NaN,NaN,NaN
NaN,NaN,0.000251722027314826,-6.86800194671378e-05,0.00783273856116769,0.00164015950091804,-0.0022280252208778,-0.00276553732692264,0.0039167959378877,NaN,NaN,NaN,NaN,NaN,NaN,NaN,NaN,NaN
NaN,NaN,-0.00527593822334893,-0.00380415898689535,0.00612618307544229,0.00172580392487968,-0.00507112952376095,-0.0058297376090195,0.00769889691340116,NaN,NaN,NaN,NaN,NaN,NaN,NaN,NaN,NaN
NaN,NaN,-0.0112346518144477,-0.00174595472344663,0.00139195377899644,-0.00325550525061165,-0.00832409026528088,-0.00429596108733676,0.00865875521170286,NaN,NaN,NaN,NaN,NaN,NaN,NaN,NaN,NaN
NaN,NaN,-0.0118190753564704,0.000103502898127772,0.00344611610247133,-0.00321400551668679,-0.00748256581330982,-0.000907604669919237,0.00877336376773504,NaN,NaN,NaN,NaN,NaN,NaN,NaN,NaN,NaN
NaN,NaN,-0.0050115357444156,0.00317710953822825,0.00704219470693109,-0.000475898520865788,-0.00408176692629543,0.00213567810715176,0.0102322992073217,NaN,NaN,NaN,NaN,NaN,NaN,NaN,NaN,NaN
NaN,NaN,-0.000454350869404151,0.00358182507625315,0.00937146971894738,0.00299154580958808,-0.00137487786317555,0.0030007463938091,0.0105619315193811,NaN,NaN,NaN,NaN,NaN,NaN,NaN,NaN,NaN
NaN,NaN,-0.00213490382884629,0.00167160796991084,0.00254625360442636,0.00530483932622398,-0.00223970400596348,0.00378508763969876,0.0140556763993421,NaN,NaN,NaN,NaN,NaN,NaN,NaN,NaN,NaN
NaN,NaN,-0.00214663849328645,0.00270314085355494,-0.00040661637710097,0.00265457467564071,-0.00431480246091572,0.00499301301897504,0.0097093429552236,NaN,NaN,NaN,NaN,NaN,NaN,NaN,NaN,NaN
NaN,NaN,-0.00220007778261788,0.00139221119752619,0.0022971806950712,0.00224902094729866,-0.00150924908424107,0.00305340337217786,0.00792718270289091,NaN,NaN,NaN,NaN,NaN,NaN,NaN,NaN,NaN
NaN,NaN,0.0020305295183789,-0.00085099098214414,0.00582078377677438,0.00207873792775596,-0.000979438297993814,0.00324758412898518,0.00375655257569936,NaN,NaN,NaN,NaN,NaN,NaN,NaN,NaN,NaN
NaN,NaN,0.000406265695346519,-0.00528736469277646,0.00511454324199197,0.0046384966505381,0.00038815302347454,-0.000299879437079652,0.00296345689760831,NaN,NaN,NaN,NaN,NaN,NaN,NaN,NaN,NaN
NaN,NaN,-0.00362701297854073,-0.00466114339360502,-0.00163700525687697,0.00385791794784988,-0.00167426081801144,0.000255617225775496,0.00745269247757581,NaN,NaN,NaN,NaN,NaN,NaN,NaN,NaN,NaN
NaN,NaN,-0.00405128629063256,-0.00503313225635793,0.000315289003386472,0.00283001722224678,-0.00293020518923489,-0.000924368476262316,0.0051282975958505,NaN,NaN,NaN,NaN,NaN,NaN,NaN,NaN,NaN
NaN,NaN,-0.00253125609015115,-0.00667719599732663,0.0034071868188524,0.0011253430081221,-0.000874273352868234,-0.00223116306005977,0.00457060301171926,NaN,NaN,NaN,NaN,NaN,NaN,NaN,NaN,NaN
NaN,NaN,-0.000301837484585122,-0.00594962817558553,0.00813871527983186,0.00319807590373481,-0.00197990226054875,-0.0020007538550999,0.00179494508968977,NaN,NaN,NaN,NaN,NaN,NaN,NaN,NaN,NaN
NaN,NaN,-0.00662037686561234,-0.00617234465607908,0.00656472424937722,0.00504496307500328,-0.0017244777312347,-0.00336715308367275,0.00650058278309492,NaN,NaN,NaN,NaN,NaN,NaN,NaN,NaN,NaN
NaN,NaN,-0.0113196070597041,-0.00348998662957456,0.00168334598614213,0.00228778259285415,-0.0088433212270805,-0.00146447969018482,0.00770260357724813,NaN,NaN,NaN,NaN,NaN,NaN,NaN,NaN,NaN
NaN,NaN,-0.0128629575774539,-0.00740955081710126,0.00147171224428651,-0.00242089121214425,-0.00989532458091465,-0.00229510766803287,0.00674643331634191,NaN,NaN,NaN,NaN,NaN,NaN,NaN,NaN,NaN
NaN,NaN,-0.00833909542416222,-0.00715250578650739,0.00267876218034265,-0.00636766864530121,-0.00888646008873669,-0.00381307033239864,0.00684343987571386,NaN,NaN,NaN,NaN,NaN,NaN,NaN,NaN,NaN
NaN,NaN,-0.00681943775271066,-0.00601426196226384,0.0042377030379915,-0.00327048091761147,-0.00708768504167286,-0.00427509946166538,0.00534479284154562,NaN,NaN,NaN,NaN,NaN,NaN,NaN,NaN,NaN
NaN,NaN,-0.00926762403105386,-0.00376386997231748,4.18526954793679e-05,-0.0044966788458017,-0.00977872299457279,-0.00626857680617832,0.00815170594917921,NaN,NaN,NaN,NaN,NaN,NaN,NaN,NaN,NaN
NaN,NaN,-0.00913751826738007,-0.00121292156109121,-0.00361673628018859,-0.00644992305509125,-0.0118570810785362,-0.00203938511549495,0.00753805750476507,NaN,NaN,NaN,NaN,NaN,NaN,NaN,NaN,NaN
NaN,NaN,-0.00690036968444474,-0.00491513368615415,4.1200769677137e-05,-0.00883951051703965,-0.00991253542209354,-0.00270552290021442,0.00385732167827276,NaN,NaN,NaN,NaN,NaN,NaN,NaN,NaN,NaN
NaN,NaN,-0.00188262716983445,-0.0029943367553642,0.00208632926417825,-0.00557369752399002,-0.00601176532412258,5.87170070502916e-05,0.00227304884659437,NaN,NaN,NaN,NaN,NaN,NaN,NaN,NaN,NaN
NaN,NaN,-0.00270880342577584,-0.00213686806091573,-0.00035153796003821,-0.000655140863576283,-0.00329411017204014,-0.000251879071583971,0.0031599287079492,NaN,NaN,NaN,NaN,NaN,NaN,NaN,NaN,NaN
NaN,NaN,-0.00689059079741128,0.000944505809457041,-0.00115890149997237,0.00201246501334632,-0.00338068591857639,-0.000828237360110506,0.00670180433856634,NaN,NaN,NaN,NaN,NaN,NaN,NaN,NaN,NaN
NaN,NaN,-0.00558465303038247,0.000964026330620982,0.00289205367638109,0.00364086390861,-0.00406911956573216,0.00261312993825413,0.0078770775483766,NaN,NaN,NaN,NaN,NaN,NaN,NaN,NaN,NaN
NaN,NaN,-0.00189588920329697,-0.0036444185388973,0.00878471787048814,0.00245765583046402,-0.00188637884760586,0.00322474809945561,0.00650000536309866,NaN,NaN,NaN,NaN,NaN,NaN,NaN,NaN,NaN
NaN,NaN,0.00107225446845405,-0.00128847044834401,0.0120717836446905,0.00677118809350456,0.00495681179260525,0.00868576290667988,0.0101723965393224,NaN,NaN,NaN,NaN,NaN,NaN,NaN,NaN,NaN
NaN,NaN,-0.00109841630910523,0.00118689182272647,0.0114530501790189,0.00760084749587501,0.00824669016098293,0.0103856687492225,0.0126700360463777,NaN,NaN,NaN,NaN,NaN,NaN,NaN,NaN,NaN
NaN,NaN,0.00017755149747245,0.00460795628896449,0.0115589788086557,0.0117742157114359,0.00680354995226177,0.0112736475712154,0.0181839499758401,NaN,NaN,NaN,NaN,NaN,NaN,NaN,NaN,NaN
NaN,NaN,0.00241643234039657,0.00418586227169726,0.0128049766547823,0.0101741290224406,0.00454650831913265,0.0111797143763397,0.0173632498966375,NaN,NaN,NaN,NaN,NaN,NaN,NaN,NaN,NaN
NaN,NaN,0.00547092824126594,0.00312227326503489,0.0169798536129141,0.00933372215755905,0.00469114271497043,0.00715351375401951,0.0146935392306962,NaN,NaN,NaN,NaN,NaN,NaN,NaN,NaN,NaN
