F1_2000Hz,F2_1500Hz,F3_1000Hz,F4_900Hz,F5_800Hz,F6_700Hz,F7_600Hz,F8_500Hz,F9_400Hz,F10_200Hz,F11_100Hz,F12_80Hz,F13_600Hz,F14_600Hz,F15_600Hz,F16_600Hz,F17_600Hz,F18_600Hz
NaN,NaN,0.01597788358049,0.000891184550710023,0.0120537801655397,-0.00192223125001571,0.0151410285228242,-0.0177659025891141,-0.0333319199368513,NaN,NaN,NaN,NaN,NaN,NaN,NaN,NaN,NaN
NaN,NaN,0.0128460320265731,0.00289874349255115,0.00951911127291775,0.00293310723403313,0.0115838046961774,-0.0170402346654252,-0.0345774893745935,NaN,NaN,NaN,NaN,NaN,NaN,NaN,NaN,NaN
NaN,NaN,0.0158038007648429,0.0042883699061349,0.0101804620596037,-0.000601224683729622,0.0132122967236986,-0.0202506712181882,-0.0329085220679796,NaN,NaN,NaN,NaN,NaN,NaN,NaN,NaN,NaN
NaN,NaN,0.0138263794215163,-0.00121066148858517,0.0151014774116144,-0.00567957767149589,0.0112466286712637,-0.0229817374153451,-0.0317221661195314,NaN,NaN,NaN,NaN,NaN,NaN,NaN,NaN,NaN
NaN,NaN,0.0118571909697494,0.00035589758772403,0.00728591149769878,-0.00464914374848983,0.0097613181763639,-0.0249713777108506,-0.0323058818563974,NaN,NaN,NaN,NaN,NaN,NaN,NaN,NaN,NaN
NaN,NaN,0.00970972875074949,-0.00301455880980939,0.00840448578916645,-0.00573720791241309,0.0107300985449304,-0.0292837178809956,-0.0345500526115453,NaN,NaN,NaN,NaN,NaN,NaN,NaN,NaN,NaN
NaN,NaN,0.00421384522633161,-0.0028428043005988,0.00624096756898022,-0.00174282126924178,0.00585719531712433,-0.0270834682984666,-0.0364517946824587,NaN,NaN,NaN,NaN,NaN,NaN,NaN,NaN,NaN
NaN,NaN,0.00827470967487898,-0.00213444035034627,0.00754874935470676,-0.00531377279063842,0.00227655804095169,-0.0314779138667897,-0.0339245018646276,NaN,NaN,NaN,NaN,NaN,NaN,NaN,NaN,NaN
NaN,NaN,0.0072569044859847,-0.0101129318354651,0.00763251250706768,-0.011559948407618,0.00381085610327621,-0.0320340438289956,-0.0344460983857668,NaN,NaN,NaN,NaN,NaN,NaN,NaN,NaN,NaN
NaN,NaN,0.00493033030943479,-0.0108939389465377,-0.000310141685379982,-0.0107488036980309,-0.00313563683691124,-0.0334609045191125,-0.0342149627491987,NaN,NaN,NaN,NaN,NaN,NaN,NaN,NaN,NaN
NaN,NaN,0.00431979248241987,-0.0119828599272296,-0.00059466073192501,-0.00924875968000076,0.00117368584809204,-0.0353566116197423,-0.0369533677682436,NaN,NaN,NaN,NaN,NaN,NaN,NaN,NaN,NaN
NaN,NaN,0.00386987054662313,-0.0114155354676768,-7.84845081701277e-05,-0.00597355895539901,0.00107889583644767,-0.0305655530197934,-0.039658915726856,NaN,NaN,NaN,NaN,NaN,NaN,NaN,NaN,NaN
NaN,NaN,0.00595770949439611,-0.00680312316399068,0.00408240398489094,-0.00782657422920844,0.00367080381450554,-0.0309751300616578,-0.0373901394292867,NaN,NaN,NaN,NaN,NaN,NaN,NaN,NaN,NaN
NaN,NaN,0.00727364966587629,-0.00948814477305859,0.0016897804113493,-0.0144978054692425,0.011151261239623,-0.0317873923583344,-0.0361220878645933,NaN,NaN,NaN,NaN,NaN,NaN,NaN,NaN,NaN
NaN,NaN,0.0116608681710204,-0.00325439299922436,-0.0027083904472723,-0.0118753314842858,0.00845713129577537,-0.0319526834888772,-0.038704682616905,NaN,NaN,NaN,NaN,NaN,NaN,NaN,NaN,NaN
NaN,NaN,0.00629065731482115,-0.00714527245145291,-0.00393749410189533,-0.0148935803105511,0.0104293186062326,-0.0346341288192586,-0.0438767639085806,NaN,NaN,NaN,NaN,NaN,NaN,NaN,NaN,NaN
NaN,NaN,0.00579726124124136,-0.0066187585471198,-0.00221724817432308,-0.00823561110397956,0.0105132866495599,-0.0322568906946496,-0.0428673406228578,NaN,NaN,NaN,NaN,NaN,NaN,NaN,NaN,NaN
NaN,NaN,0.00612460249976721,-0.00578552286606282,0.000350072887764931,-0.0100546703567185,0.0157107557946195,-0.0323471172256783,-0.0415654261693514,NaN,NaN,NaN,NaN,NaN,NaN,NaN,NaN,NaN
NaN,NaN,0.0086963194044074,-0.0112360882339999,0.000686708745585442,-0.0132062286963143,0.017787679641818,-0.032771874825509,-0.0383372013554132,NaN,NaN,NaN,NaN,NaN,NaN,NaN,NaN,NaN
NaN,NaN,0.00785943293885794,-0.00705389108043164,-0.00201852256335163,-0.00966753818890235,0.0135522294634332,-0.0265572896702603,-0.0409964625820673,NaN,NaN,NaN,NaN,NaN,NaN,NaN,NaN,NaN
NaN,NaN,0.00292437324242201,-0.0122497210977599,-0.00115267196573162,-0.00877721243402145,0.0154375616305818,-0.0299122116072491,-0.0363036212608373,NaN,NaN,NaN,NaN,NaN,NaN,NaN,NaN,NaN
NaN,NaN,0.000512042883201502,-0.0101250204024836,0.0033430456193552,-0.00171449043652198,0.0137848179632177,-0.0261973893745259,-0.0339049068376577,NaN,NaN,NaN,NaN,NaN,NaN,NaN,NaN,NaN
NaN,NaN,-0.000520030167535879,-0.00846219982486218,0.00256816661082363,-0.00311914839646003,0.0149586383098116,-0.0325621223552541,-0.0320773911759413,NaN,NaN,NaN,NaN,NaN,NaN,NaN,NaN,NaN
NaN,NaN,0.00400526622252073,-0.0114103945670649,0.00378929814420796,-0.00637067490121505,0.0175285670751085,-0.0337191416426018,-0.0361824375674284,NaN,NaN,NaN,NaN,NaN,NaN,NaN,NaN,NaN
NaN,NaN,-0.00268529927416239,-0.00872820417862386,-0.000352926644457817,-0.00724228107234618,0.00713817363915344,-0.0292230701549367,-0.0453999792322672,NaN,NaN,NaN,NaN,NaN,NaN,NaN,NaN,NaN
NaN,NaN,-0.00465167513175402,-0.0128152760444209,-0.001689449044837,-0.00739756979843757,0.00830173081097503,-0.036234066496642,-0.0402815421208895,NaN,NaN,NaN,NaN,NaN,NaN,NaN,NaN,NaN
NaN,NaN,-0.00482313161774073,-0.00823704327922314,-0.00189394885577106,-0.0103958696951546,0.00714148914751907,-0.0330844825609044,-0.0432476182565248,NaN,NaN,NaN,NaN,NaN,NaN,NaN,NaN,NaN
NaN,NaN,-0.00177210023684893,-0.00863717671018094,-0.00786162177003765,-0.014826003544537,0.00401291584906479,-0.039785851399453,-0.0391910565182722,NaN,NaN,NaN,NaN,NaN,NaN,NaN,NaN,NaN
NaN,NaN,0.00110721388773527,-0.00812757562380284,-0.00358729818738842,-0.0208995119561829,0.00909955760774513,-0.0359351492030934,-0.0443951194271601,NaN,NaN,NaN,NaN,NaN,NaN,NaN,NaN,NaN
NaN,NaN,-0.00103905623836909,-0.0102396103320643,-0.00652958834446812,-0.0163553097178616,0.00506285166678329,-0.0328660129113511,-0.0470053744599378,NaN,NaN,NaN,NaN,NaN,NaN,NaN,NaN,NaN
NaN,NaN,-0.0012945366470376,-0.0125637444434687,0.00021134307705021,-0.0154034794201531,0.0125345546596994,-0.0359273074670151,-0.0382939507350481,NaN,NaN,NaN,NaN,NaN,NaN,NaN,NaN,NaN
NaN,NaN,0.00498209321813192,-0.00864807318430394,0.00139188757263279,-0.0134041533698716,0.0123408954435339,-0.0321389666302518,-0.0358835202738798,NaN,NaN,NaN,NaN,NaN,NaN,NaN,NaN,NaN
NaN,NaN,0.00898482451157179,-0.00872358481865376,-0.00132060805238628,-0.0131540001263299,0.0116803642207136,-0.0338143973155335,-0.0327245672330415,NaN,NaN,NaN,NaN,NaN,NaN,NaN,NaN,NaN
NaN,NaN,0.00823805281834211,-0.011048091459088,0.004051986989604,-0.017737280659882,0.0100744474524011,-0.0314197620852307,-0.0381297771915949,NaN,NaN,NaN,NaN,NaN,NaN,NaN,NaN,NaN
NaN,NaN,0.000398365649743937,-0.0121941211400554,-3.21232704057687e-05,-0.0110932254125752,0.00451270079550644,-0.031204794208558,-0.0414860774859941,NaN,NaN,NaN,NaN,NaN,NaN,NaN,NaN,NaN
NaN,NaN,-0.000716539230779745,-0.0110133158741519,0.00159491589389896,-0.0112190470924058,0.00626846736607452,-0.0323449193044022,-0.0383600746378458,NaN,NaN,NaN,NaN,NaN,NaN,NaN,NaN,NaN
NaN,NaN,0.00337897041754331,-0.00530751224141568,0.00376320248566723,-0.00478787355920455,0.00372042468128105,-0.0319807535512761,-0.037217509476856,NaN,NaN,NaN,NaN,NaN,NaN,NaN,NaN,NaN
NaN,NaN,0.00615479597763624,-0.00165337498765439,0.00394844254575825,-0.00509785496493957,0.00553024521407982,-0.0308941422505692,-0.0390148875400579,NaN,NaN,NaN,NaN,NaN,NaN,NaN,NaN,NaN
NaN,NaN,0.0093638355465373,-0.00385185505729169,0.00897885104738331,-0.00868609183332107,0.00741481369671722,-0.0319384342534856,-0.0388253447696722,NaN,NaN,NaN,NaN,NaN,NaN,NaN,NaN,NaN
NaN,NaN,0.00207688832597341,-0.00820539693813771,0.00162697201691723,-0.00684840612908981,0.00511798596320053,-0.032340635220559,-0.039507650314287,NaN,NaN,NaN,NaN,NaN,NaN,NaN,NaN,NaN
NaN,NaN,0.00473762104229536,-0.00693345244508237,0.00261422982536411,-0.00926788904568336,0.00639376750526329,-0.0324795140428857,-0.0374760446235693,NaN,NaN,NaN,NaN,NaN,NaN,NaN,NaN,NaN
NaN,NaN,0.00885501677112188,-0.000444257515482604,-0.000392153951300621,-0.00673562296530387,0.0094050500386705,-0.032568399469407,-0.0374921006247556,NaN,NaN,NaN,NaN,NaN,NaN,NaN,NaN,NaN
NaN,NaN,0.00710575083212461,-0.00230448122601956,0.000644445327149392,-0.00846546151539466,0.00538819989499946,-0.0269236160917596,-0.0419870731517828,NaN,NaN,NaN,NaN,NaN,NaN,NaN,NaN,NaN
NaN,NaN,0.0049552525015315,-0.00822517822962254,0.00219971677385426,-0.0101104006995835,0.0107592303150644,-0.0293797744913415,-0.0389502165004766,NaN,NaN,NaN,NaN,NaN,NaN,NaN,NaN,NaN
NaN,NaN,-0.000192539897398092,-0.0130408051190898,-0.00494928294695759,-0.0109615550269761,0.00559435746011635,-0.0282371348245457,-0.0391506743714369,NaN,NaN,NaN,NaN,NaN,NaN,NaN,NaN,NaN
NaN,NaN,0.00148194083885755,-0.012508517014794,-0.00447762394226933,-0.00846201562186858,0.00665243303713699,-0.0298721088571862,-0.0367773478016412,NaN,NaN,NaN,NaN,NaN,NaN,NaN,NaN,NaN
NaN,NaN,0.00145249241904821,-0.0107737797079608,-0.00189910838283443,-0.0124256872465291,0.00745921915707489,-0.034555487941058,-0.0412160684451616,NaN,NaN,NaN,NaN,NaN,NaN,NaN,NaN,NaN
NaN,NaN,0.000167062375112436,-0.0162369179306552,-0.00235756123341465,-0.0129230507542767,0.000594216942166288,-0.0309404103560761,-0.0497550671085871,NaN,NaN,NaN,NaN,NaN,NaN,NaN,NaN,NaN
NaN,NaN,-0.00421434467716608,-0.0210037621436641,-0.00340248653568172,-0.0194561296035924,1.74861246099067e-05,-0.0398457913203553,-0.0519425575718439,NaN,NaN,NaN,NaN,NaN,NaN,NaN,NaN,NaN
NaN,NaN,-0.00556187531037722,-0.0225585306761786,-0.00834212833918476,-0.0186062791278043,-0.00607673490109543,-0.039434780041726,-0.0544983674869097,NaN,NaN,NaN,NaN,NaN,NaN,NaN,NaN,NaN
NaN,NaN,-0.00337615436001215,-0.0158913786290213,-0.0108910650936499,-0.0180689432551541,-0.00477999860110382,-0.045476548980029,-0.0512769972071207,NaN,NaN,NaN,NaN,NaN,NaN,NaN,NaN,NaN
NaN,NaN,-0.00513072883768473,-0.0157832148252055,-0.00551781812585735,-0.0219308399488606,-0.00799918958606819,-0.043910790841134,-0.053786706654743,NaN,NaN,NaN,NaN,NaN,NaN,NaN,NaN,NaN
NaN,NaN,-0.0115414132742444,-0.0181222314713523,-0.00745215648688221,-0.0235954859187283,-0.00881499090852837,-0.0399345277352647,-0.0538634848877943,NaN,NaN,NaN,NaN,NaN,NaN,NaN,NaN,NaN
NaN,NaN,-0.0114913453726331,-0.0207367892144248,-0.0094007068303957,-0.0280616433252969,-0.00550130793514351,-0.0468684105677918,-0.0496887196883714,NaN,NaN,NaN,NaN,NaN,NaN,NaN,NaN,NaN
NaN,NaN,-0.0111773220269242,-0.0188052448211238,-0.0112572052506342,-0.0208391995062508,-0.00541611054601769,-0.0413866458936051,-0.0473584761008776,NaN,NaN,NaN,NaN,NaN,NaN,NaN,NaN,NaN
NaN,NaN,-0.00853266393824015,-0.0152780468342826,-0.0108195767728224,-0.0225716457595505,-0.00412287601890663,-0.040230371664317,-0.0426795859918154,NaN,NaN,NaN,NaN,NaN,NaN,NaN,NaN,NaN
NaN,NaN,-0.00555429434461985,-0.0167120228288695,-0.00148606682099247,-0.0228238479127564,-0.00356004053416352,-0.0351096807523087,-0.0446041082129038,NaN,NaN,NaN,NaN,NaN,NaN,NaN,NaN,NaN
NaN,NaN,-0.00823275944276247,-0.0178394074318931,-0.00894223535336399,-0.0219755620588937,-0.00346249380769829,-0.0319346903367356,-0.0451272879824198,NaN,NaN,NaN,NaN,NaN,NaN,NaN,NaN,NaN
NaN,NaN,-0.00561442053003702,-0.0207080858526751,-0.00681541124261761,-0.0193521194984593,0.00038398018417259,-0.0386041520638779,-0.0399633091971433,NaN,NaN,NaN,NaN,NaN,NaN,NaN,NaN,NaN
NaN,NaN,0.000612234565778635,-0.0125396231887862,-0.00647244239128971,-0.0119746849765458,0.00372847130832573,-0.0357080741329507,-0.0425802138731039,NaN,NaN,NaN,NaN,NaN,NaN,NaN,NaN,NaN
NaN,NaN,0.00295749107317533,-0.00784152920823544,0.00102196624599552,-0.00981733211180351,0.00323243027863403,-0.0329223951800183,-0.0441830200240171,NaN,NaN,NaN,NaN,NaN,NaN,NaN,NaN,NaN
NaN,NaN,0.0067298876674613,-0.00613406102638692,0.0098040587278471,-0.0129709579875149,0.00898848807749649,-0.0332856668634728,-0.0462336433217085,NaN,NaN,NaN,NaN,NaN,NaN,NaN,NaN,NaN
NaN,NaN,0.00722168186621275,-0.00478848617058247,0.00161043172799206,-0.0123505667676606,0.00596034860548874,-0.0374336658521012,-0.0491046127960241,NaN,NaN,NaN,NaN,NaN,NaN,NaN,NaN,NaN
NaN,NaN,0.00831039795593824,-0.00899167533498257,-0.0019139722911253,-0.0125964918067136,0.00595945453581711,-0.0426509349150971,-0.0443753195092237,NaN,NaN,NaN,NaN,NaN,NaN,NaN,NaN,NaN
NaN,NaN,0.00607414344267454,-0.00417506124358624,-0.00280686849631214,-0.0110672601391949,0.0026710662835588,-0.040987332026513,-0.048553772746042,NaN,NaN,NaN,NaN,NaN,NaN,NaN,NaN,NaN
NaN,NaN,0.000452754888101481,-0.00431129510980099,-0.000159416439904212,-0.0113544800212064,0.000194009005402525,-0.0342613017661885,-0.0466930647477663,NaN,NaN,NaN,NaN,NaN,NaN,NaN,NaN,NaN
NaN,NaN,0.00233015218691435,-0.00948436360340565,8.85492287731231e-06,-0.0152144581904092,0.00407836919960876,-0.0353812357886151,-0.0427767974421537,NaN,NaN,NaN,NaN,NaN,NaN,NaN,NaN,NaN
NaN,NaN,-0.0021609087852994,-0.0135124082444236,-0.00712347412384891,-0.0141953677763619,-4.26400608072685e-05,-0.0345212525232152,-0.0409281035050905,NaN,NaN,NaN,NaN,NaN,NaN,NaN,NaN,NaN
NaN,NaN,-0.00224569639249239,-0.0162455978570506,-0.00834294790305042,-0.0163034164240041,-0.00132911318602661,-0.037809622149022,-0.0391245973393476,NaN,NaN,NaN,NaN,NaN,NaN,NaN,NaN,NaN
NaN,NaN,-0.00462917437835131,-0.0133259388385341,-0.00379228228606129,-0.0159345381786504,-0.00479828977646927,-0.0323700091345624,-0.0465970267638719,NaN,NaN,NaN,NaN,NaN,NaN,NaN,NaN,NaN
NaN,NaN,-0.0115504471032182,-0.0121552663622424,-0.00587231675065899,-0.0177504495610871,-0.00748163500490288,-0.0296995161576585,-0.0441940096303976,NaN,NaN,NaN,NaN,NaN,NaN,NaN,NaN,NaN
NaN,NaN,-0.00661348750873003,-0.0167331824777648,-0.00909184301175022,-0.0227271766295113,-0.00340257251324753,-0.0369643724067525,-0.0484032151386297,NaN,NaN,NaN,NaN,NaN,NaN,NaN,NaN,NaN
NaN,NaN,-0.0108416547445813,-0.0221060569165275,-0.017437480482234,-0.0212939829458871,-0.00877051094236473,-0.0375230169399098,-0.0534088690862215,NaN,NaN,NaN,NaN,NaN,NaN,NaN,NaN,NaN
NaN,NaN,-0.0104820524720708,-0.024452822166495,-0.0147746243504419,-0.028477907263247,-0.00975834617080788,-0.0452823495967702,-0.0595832397326982,NaN,NaN,NaN,NaN,NaN,NaN,NaN,NaN,NaN
NaN,NaN,-0.00888744195981417,-0.0190256888745353,-0.0105455816713705,-0.0301290676822343,-0.0129567686623583,-0.0473046048088387,-0.0667056036278761,NaN,NaN,NaN,NaN,NaN,NaN,NaN,NaN,NaN
NaN,NaN,-0.0124522094993154,-0.0195603052852675,-0.018992491158618,-0.0301932171811738,-0.0155326951450358,-0.0485313615305737,-0.0622664173230684,NaN,NaN,NaN,NaN,NaN,NaN,NaN,NaN,NaN
NaN,NaN,-0.00888187265081797,-0.0253874602494761,-0.0187184774307146,-0.0316118077268281,-0.014365952850009,-0.0573419524832085,-0.063059345363096,NaN,NaN,NaN,NaN,NaN,NaN,NaN,NaN,NaN
NaN,NaN,-0.0162572582630673,-0.0270137357292697,-0.0250933618275061,-0.0298946351637521,-0.0170792866653452,-0.0563425688548402,-0.0634016436621702,NaN,NaN,NaN,NaN,NaN,NaN,NaN,NaN,NaN
NaN,NaN,-0.0150307623116532,-0.0255367698846385,-0.0167882182625666,-0.0310271979202904,-0.0146390538817892,-0.0571352920039014,-0.0657418896541155,NaN,NaN,NaN,NaN,NaN,NaN,NaN,NaN,NaN
NaN,NaN,-0.0146085006563226,-0.0250712389824912,-0.014505732896699,-0.0329083950152077,-0.0157769996828089,-0.0560805505616978,-0.0613414463684118,NaN,NaN,NaN,NaN,NaN,NaN,NaN,NaN,NaN
NaN,NaN,-0.0151399878232041,-0.0236022638855502,-0.0185319893983736,-0.0305737183322587,-0.0215725641852866,-0.0532497024638966,-0.0600986895248449,NaN,NaN,NaN,NaN,NaN,NaN,NaN,NaN,NaN
NaN,NaN,-0.0158030894963304,-0.0322310234187171,-0.0192301646796598,-0.0326185115506329,-0.0236877840167532,-0.0545586577160672,-0.0620422479793585,NaN,NaN,NaN,NaN,NaN,NaN,NaN,NaN,NaN
NaN,NaN,-0.0200683419971028,-0.0329733061371371,-0.0231001266268625,-0.0322021917333283,-0.0275082741087923,-0.0518949075146035,-0.0642786701306856,NaN,NaN,NaN,NaN,NaN,NaN,NaN,NaN,NaN
NaN,NaN,-0.0192803685931722,-0.0246934200404212,-0.0181373135177031,-0.0345519372155347,-0.0214223046010981,-0.0495812414689378,-0.0658737090513265,NaN,NaN,NaN,NaN,NaN,NaN,NaN,NaN,NaN
NaN,NaN,-0.0119702314405004,-0.0210201347945258,-0.0149036684063807,-0.0332780183186211,-0.0164996128684531,-0.0476067072255925,-0.05891661766024,NaN,NaN,NaN,NaN,NaN,NaN,NaN,NaN,NaN
NaN,NaN,-0.0100446102587739,-0.0188561322866008,-0.0142010227767363,-0.026539098553864,-0.0161505159145842,-0.0486171363396958,-0.058309898255781,NaN,NaN,NaN,NaN,NaN,NaN,NaN,NaN,NaN
NaN,NaN,-0.00787362283153925,-0.0248530487297103,-0.014822829606904,-0.0282669254471936,-0.0137212913638602,-0.0539573213560895,-0.0585973044023073,NaN,NaN,NaN,NaN,NaN,NaN,NaN,NaN,NaN
NaN,NaN,-0.0100292620627442,-0.0261261294363067,-0.0179003478018179,-0.027970355086533,-0.010160081476594,-0.0512244111402348,-0.0580514748677767,NaN,NaN,NaN,NaN,NaN,NaN,NaN,NaN,NaN
NaN,NaN,-0.00764790749235544,-0.0203499923227355,-0.018018849286212,-0.0286153891017117,-0.0052765611714373,-0.0488942793114499,-0.0548539278194464,NaN,NaN,NaN,NaN,NaN,NaN,NaN,NaN,NaN
NaN,NaN,-0.00499002462311182,-0.020515842246823,-0.0157176629630461,-0.0281507336427846,-0.00416709521474938,-0.046814691881688,-0.0516669233426607,NaN,NaN,NaN,NaN,NaN,NaN,NaN,NaN,NaN
NaN,NaN,-0.00919116487784777,-0.0210673155961558,-0.0141237602559462,-0.0215621479680218,-0.00906626173915962,-0.0458742050929383,-0.0554587473258531,NaN,NaN,NaN,NaN,NaN,NaN,NaN,NaN,NaN
NaN,NaN,-0.0132454914419213,-0.0300544480560347,-0.017184291127099,-0.0257238560249486,-0.00968849697771172,-0.0490988350017384,-0.0551688079819238,NaN,NaN,NaN,NaN,NaN,NaN,NaN,NaN,NaN
NaN,NaN,-0.0202585366932908,-0.0311181488214061,-0.0194783807722464,-0.0261352957119622,-0.0142704922861109,-0.0465024194224194,-0.0587287140175855,NaN,NaN,NaN,NaN,NaN,NaN,NaN,NaN,NaN
NaN,NaN,-0.0178769772319356,-0.0250811110017821,-0.0191934891966715,-0.026645604603497,-0.0137154612845431,-0.0452036342127637,-0.0499305096551931,NaN,NaN,NaN,NaN,NaN,NaN,NaN,NaN,NaN
NaN,NaN,-0.01599293028994,-0.0292612964985892,-0.0153189078894987,-0.0291906111766972,-0.0165147375470648,-0.0449403865738229,-0.0506683033988035,NaN,NaN,NaN,NaN,NaN,NaN,NaN,NaN,NaN
NaN,NaN,-0.0187668745784322,-0.0260827856836841,-0.0164158009914293,-0.0246698782672562,-0.0213882927006731,-0.043903414766343,-0.055649165539459,NaN,NaN,NaN,NaN,NaN,NaN,NaN,NaN,NaN
NaN,NaN,-0.0210189056961099,-0.0293948109028861,-0.0200878010121717,-0.0292927772631325,-0.0179524947113047,-0.0510987943513707,-0.0582697209999121,NaN,NaN,NaN,NaN,NaN,NaN,NaN,NaN,NaN
NaN,NaN,-0.01968886530085,-0.0274118016241118,-0.0184288919893637,-0.0258799643149056,-0.0158103224045287,-0.0496140426500157,-0.0660711680635965,NaN,NaN,NaN,NaN,NaN,NaN,NaN,NaN,NaN
NaN,NaN,-0.0159233418671647,-0.0152865777490661,-0.0162389614609613,-0.0276724622478165,-0.0132774602777014,-0.0493867999418095,-0.0560739045128382,NaN,NaN,NaN,NaN,NaN,NaN,NaN,NaN,NaN
NaN,NaN,-0.0089760107366601,-0.021763330209069,-0.0121769794253244,-0.0274397806157746,-0.00984615126314263,-0.0486812485857323,-0.0545900468811548,NaN,NaN,NaN,NaN,NaN,NaN,NaN,NaN,NaN
NaN,NaN,-0.0118351710407296,-0.0199145058868453,-0.0162097365585699,-0.0224713981976189,-0.0140479620701323,-0.0441694191201047,-0.0578755107805288,NaN,NaN,NaN,NaN,NaN,NaN,NaN,NaN,NaN
NaN,NaN,-0.0176161137787858,-0.023516675340943,-0.0185862855044737,-0.0300348364641347,-0.00941520968141655,-0.0500825351579503,-0.0591653552934683,NaN,NaN,NaN,NaN,NaN,NaN,NaN,NaN,NaN
NaN,NaN,-0.0139835087029496,-0.0256192664382979,-0.0170398802486792,-0.0277501718034425,-0.00785621294441323,-0.0481020777030305,-0.0621324745103872,NaN,NaN,NaN,NaN,NaN,NaN,NaN,NaN,NaN
NaN,NaN,-0.0133279879955808,-0.0206615942297503,-0.0170307160345449,-0.0303756632735409,-0.0102396164244662,-0.0478619082374886,-0.0547447954401529,NaN,NaN,NaN,NaN,NaN,NaN,NaN,NaN,NaN
NaN,NaN,-0.0121380557684461,-0.0306637937901542,-0.0158075728443995,-0.0282763504316487,-0.0158404600030432,-0.0455299510164574,-0.0533720632180727,NaN,NaN,NaN,NaN,NaN,NaN,NaN,NaN,NaN
NaN,NaN,-0.0161365588573972,-0.0296743194339797,-0.0209913888005152,-0.020752865903584,-0.0210805837220202,-0.0415647706492261,-0.0598723408863104,NaN,NaN,NaN,NaN,NaN,NaN,NaN,NaN,NaN
NaN,NaN,-0.023014431950287,-0.0332610848126933,-0.0197549276975527,-0.0236562454034962,-0.015343226880456,-0.0482154569132642,-0.0587613289341486,NaN,NaN,NaN,NaN,NaN,NaN,NaN,NaN,NaN
NaN,NaN,-0.0159798731474439,-0.0276677104411647,-0.0152508468357458,-0.024764798664061,-0.010947198063756,-0.0467059692843274,-0.0580118564054525,NaN,NaN,NaN,NaN,NaN,NaN,NaN,NaN,NaN
NaN,NaN,-0.0138474424747983,-0.019473189371638,-0.0141318068829908,-0.02485090874931,-0.0150736089951048,-0.0478485158188657,-0.058059055833534,NaN,NaN,NaN,NaN,NaN,NaN,NaN,NaN,NaN
NaN,NaN,-0.00613445242925081,-0.0264615173218772,-0.0117218048302069,-0.0250554644395985,-0.0204030092960844,-0.0503676502509431,-0.0585196879789388,NaN,NaN,NaN,NaN,NaN,NaN,NaN,NaN,NaN
NaN,NaN,-0.017743891236023,-0.0240717994747683,-0.0191713609722986,-0.027483608656136,-0.0247668516046057,-0.0541457837922887,-0.0718425554320371,NaN,NaN,NaN,NaN,NaN,NaN,NaN,NaN,NaN
NaN,NaN,-0.019244531300501,-0.0255983116803691,-0.0201156848100557,-0.0335362926950135,-0.0148561265474806,-0.0578046335382775,-0.0636044112131155,NaN,NaN,NaN,NaN,NaN,NaN,NaN,NaN,NaN
NaN,NaN,-0.0180393253831426,-0.0256910714088008,-0.021225653680934,-0.0392701850166001,-0.0134609494513522,-0.0530628419025258,-0.0599832800313986,NaN,NaN,NaN,NaN,NaN,NaN,NaN,NaN,NaN
NaN,NaN,-0.0188227166800061,-0.0233660991070792,-0.0203332417634859,-0.03934320070645,-0.0219366926855097,-0.0496227039499596,-0.0586240333601988,NaN,NaN,NaN,NaN,NaN,NaN,NaN,NaN,NaN
NaN,NaN,-0.0145829265384236,-0.032478345441632,-0.0252153837112322,-0.0397498161425271,-0.0235960859960566,-0.0500403089924172,-0.0616589528605497,NaN,NaN,NaN,NaN,NaN,NaN,NaN,NaN,NaN
NaN,NaN,-0.0274251197843114,-0.0372972505865619,-0.0335615240959063,-0.0410906226267495,-0.025045931727315,-0.0544852322442845,-0.0708586876377619,NaN,NaN,NaN,NaN,NaN,NaN,NaN,NaN,NaN
NaN,NaN,-0.0282036868302384,-0.0413364338455722,-0.0344031789330378,-0.0444110111226716,-0.0175835605865965,-0.0547762146694974,-0.0625804034158743,NaN,NaN,NaN,NaN,NaN,NaN,NaN,NaN,NaN
NaN,NaN,-0.0247090106277028,-0.0401111299870536,-0.0322722197500601,-0.0426600129236855,-0.018647000581647,-0.0495962916417435,-0.0592226130053556,NaN,NaN,NaN,NaN,NaN,NaN,NaN,NaN,NaN
NaN,NaN,-0.0227244739799062,-0.0374851914821193,-0.0290297270742788,-0.0331505761375108,-0.0229249935752402,-0.0472306205435113,-0.0580785577282465,NaN,NaN,NaN,NaN,NaN,NaN,NaN,NaN,NaN
NaN,NaN,-0.0246931595174829,-0.042629016446881,-0.0280091465441122,-0.0338104368080773,-0.019989911854888,-0.0516233152253941,-0.0611687046572721,NaN,NaN,NaN,NaN,NaN,NaN,NaN,NaN,NaN
NaN,NaN,-0.0327776168851415,-0.039791481452994,-0.0279774815765753,-0.0302319229473748,-0.0186209794289122,-0.0555936178667859,-0.0708846715375936,NaN,NaN,NaN,NaN,NaN,NaN,NaN,NaN,NaN
NaN,NaN,-0.0301728007761994,-0.037253329413943,-0.0221168362525835,-0.0321789831747689,-0.0132261071509371,-0.0555245696111039,-0.0667680394932783,NaN,NaN,NaN,NaN,NaN,NaN,NaN,NaN,NaN
NaN,NaN,-0.0244959799019853,-0.0345608944771811,-0.0144813136187925,-0.0280288607706704,-0.0158163014954577,-0.0527961111171559,-0.0624197316453016,NaN,NaN,NaN,NaN,NaN,NaN,NaN,NaN,NaN
NaN,NaN,-0.0197369960515061,-0.0255865956423804,-0.0174185746339693,-0.0251575560202279,-0.0182514678842078,-0.0498561865194157,-0.0662083891317404,NaN,NaN,NaN,NaN,NaN,NaN,NaN,NaN,NaN
NaN,NaN,-0.023715587463812,-0.0312392393825576,-0.0183865168122187,-0.0309489295711198,-0.018507693350936,-0.0572089223666505,-0.0626958874151266,NaN,NaN,NaN,NaN,NaN,NaN,NaN,NaN,NaN
NaN,NaN,-0.0278192554978887,-0.0292573663173243,-0.01812054971136,-0.0337456167568841,-0.0176959153419981,-0.0536576962573842,-0.0674855304047621,NaN,NaN,NaN,NaN,NaN,NaN,NaN,NaN,NaN
NaN,NaN,-0.0264010747341672,-0.0246762650785968,-0.0150974393812551,-0.0356779248346963,-0.0166976493007193,-0.0485186396642045,-0.0565822948798693,NaN,NaN,NaN,NaN,NaN,NaN,NaN,NaN,NaN
NaN,NaN,-0.0167950970499078,-0.0243467817781493,-0.0123530366448297,-0.0324440003266015,-0.0129445497101794,-0.0436992688579873,-0.0523946588024652,NaN,NaN,NaN,NaN,NaN,NaN,NaN,NaN,NaN
NaN,NaN,-0.0177127664355794,-0.02232389326673,-0.0217033290294542,-0.0286014565159955,-0.013596922547246,-0.0375666028364018,-0.0530026634320772,NaN,NaN,NaN,NaN,NaN,NaN,NaN,NaN,NaN
NaN,NaN,-0.0168905576138059,-0.0298743488965556,-0.021390199753417,-0.0294985250463166,-0.0131517131036768,-0.0428707084162549,-0.0503360820099867,NaN,NaN,NaN,NaN,NaN,NaN,NaN,NaN,NaN
NaN,NaN,-0.0167869386641541,-0.0265553201315925,-0.0213992708352938,-0.0275384076764264,-0.0133653026229392,-0.0384411333604172,-0.0558759425863779,NaN,NaN,NaN,NaN,NaN,NaN,NaN,NaN,NaN
NaN,NaN,-0.0143668597011128,-0.0220770182786509,-0.0150887594548597,-0.0256669894685425,-0.0146038871413718,-0.039438486705573,-0.0497789834723032,NaN,NaN,NaN,NaN,NaN,NaN,NaN,NaN,NaN
NaN,NaN,-0.00664744352980051,-0.0220628249226138,-0.0132574998763933,-0.0251840800871529,-0.00704110080065827,-0.0426180964811162,-0.0551145305022753,NaN,NaN,NaN,NaN,NaN,NaN,NaN,NaN,NaN
NaN,NaN,-0.0119910930661717,-0.0235656070290133,-0.018798738810195,-0.0222724304427781,-0.0118878152376662,-0.0467928803069905,-0.0600521420225656,NaN,NaN,NaN,NaN,NaN,NaN,NaN,NaN,NaN
NaN,NaN,-0.0143611600069562,-0.0344791243551299,-0.0177097992030516,-0.0292800740232148,-0.0142311345941077,-0.0561653195424393,-0.0608499129399813,NaN,NaN,NaN,NaN,NaN,NaN,NaN,NaN,NaN
NaN,NaN,-0.0165928696660558,-0.0288514959393069,-0.0191232674745455,-0.0316763483812489,-0.0188849721259127,-0.0531928731603936,-0.0660838899299658,NaN,NaN,NaN,NaN,NaN,NaN,NaN,NaN,NaN
NaN,NaN,-0.0176840630738297,-0.0239245946286246,-0.0166232810346022,-0.0316857361128011,-0.0206655305034171,-0.052076608548911,-0.0614326042220152,NaN,NaN,NaN,NaN,NaN,NaN,NaN,NaN,NaN
NaN,NaN,-0.0148832594422856,-0.0279213654575869,-0.0170246065584555,-0.0388044119705834,-0.0137987774020682,-0.0548119029505566,-0.0639884513899839,NaN,NaN,NaN,NaN,NaN,NaN,NaN,NaN,NaN
NaN,NaN,-0.0228493270842591,-0.0289916041074321,-0.0268188976673021,-0.0373246335317769,-0.0251823146051417,-0.056457959721835,-0.0692702052280462,NaN,NaN,NaN,NaN,NaN,NaN,NaN,NaN,NaN
NaN,NaN,-0.0304477085737744,-0.0394301282940432,-0.0310514048663511,-0.0471550972094216,-0.0299079757339011,-0.0628201408787087,-0.0688219596728838,NaN,NaN,NaN,NaN,NaN,NaN,NaN,NaN,NaN
NaN,NaN,-0.033534409609274,-0.0390307399211451,-0.0352366381315126,-0.0480420143236794,-0.0385941047376643,-0.0579000195963696,-0.074341238020376,NaN,NaN,NaN,NaN,NaN,NaN,NaN,NaN,NaN
NaN,NaN,-0.0382834469346562,-0.0400041955290362,-0.0391196199683084,-0.0454232283761182,-0.0351083506053935,-0.0569668716295079,-0.069096345929817,NaN,NaN,NaN,NaN,NaN,NaN,NaN,NaN,NaN
NaN,NaN,-0.0350171869067708,-0.0508775169728324,-0.0342651941803827,-0.0437931158473172,-0.0258982222682486,-0.0614064490897969,-0.0712365252062834,NaN,NaN,NaN,NaN,NaN,NaN,NaN,NaN,NaN
NaN,NaN,-0.037989689168171,-0.0497454757569358,-0.0450361446467771,-0.0434801355828919,-0.0326835777765761,-0.061558850715907,-0.0744620864376581,NaN,NaN,NaN,NaN,NaN,NaN,NaN,NaN,NaN
NaN,NaN,-0.0381589291064302,-0.052134299534373,-0.0407820121375456,-0.0496616774131932,-0.0322079327112685,-0.066533715139182,-0.0758353402003801,NaN,NaN,NaN,NaN,NaN,NaN,NaN,NaN,NaN
NaN,NaN,-0.0362054055003682,-0.0451246442971751,-0.0376031287936106,-0.0422721170713582,-0.0324607495373736,-0.0645401632888631,-0.0831675683245218,NaN,NaN,NaN,NaN,NaN,NaN,NaN,NaN,NaN
NaN,NaN,-0.0384376367001096,-0.0454212891636416,-0.0351099968878164,-0.0386554189850964,-0.0267929811185847,-0.0656642137570695,-0.0756085072741068,NaN,NaN,NaN,NaN,NaN,NaN,NaN,NaN,NaN
NaN,NaN,-0.0310936925379792,-0.0483599471626803,-0.0317779854861631,-0.0413903222312608,-0.0216015283173571,-0.0694282843275384,-0.07910290407987,NaN,NaN,NaN,NaN,NaN,NaN,NaN,NaN,NaN
NaN,NaN,-0.0353871641127625,-0.0437255370197818,-0.0411569067267313,-0.045093037270514,-0.030735381335641,-0.0644114358825997,-0.0753150661572969,NaN,NaN,NaN,NaN,NaN,NaN,NaN,NaN,NaN
NaN,NaN,-0.0357547198800603,-0.0412258486030623,-0.0327715762881174,-0.0533625484337487,-0.0323494751161585,-0.066235840926917,-0.0744543750867403,NaN,NaN,NaN,NaN,NaN,NaN,NaN,NaN,NaN
NaN,NaN,-0.0365511869458715,-0.0388553905067965,-0.029470242652072,-0.0466360711385884,-0.0284828286773215,-0.0595585933430508,-0.0739530255183733,NaN,NaN,NaN,NaN,NaN,NaN,NaN,NaN,NaN
NaN,NaN,-0.039488932248787,-0.0403733531711623,-0.028084807190074,-0.040870141320435,-0.023019988477851,-0.0542010484738663,-0.0647230041310346,NaN,NaN,NaN,NaN,NaN,NaN,NaN,NaN,NaN
NaN,NaN,-0.0302746129600564,-0.043694598483853,-0.0268920623687639,-0.042595826171843,-0.0174516666835795,-0.0555833174391106,-0.0609815088197744,NaN,NaN,NaN,NaN,NaN,NaN,NaN,NaN,NaN
NaN,NaN,-0.0293334369926015,-0.0385349224088713,-0.0345270075825586,-0.0419749506642499,-0.0279276300376902,-0.0464463910563306,-0.0582479094252146,NaN,NaN,NaN,NaN,NaN,NaN,NaN,NaN,NaN
NaN,NaN,-0.0263354537455598,-0.0353613476036116,-0.0244252682653799,-0.0393384882142224,-0.0250932429141055,-0.0481455890937165,-0.0558406640872515,NaN,NaN,NaN,NaN,NaN,NaN,NaN,NaN,NaN
NaN,NaN,-0.0229117443232099,-0.0331032815156504,-0.0192692616013422,-0.0321640075077691,-0.0163931626981745,-0.0459036721391991,-0.0552721661612547,NaN,NaN,NaN,NaN,NaN,NaN,NaN,NaN,NaN
NaN,NaN,-0.0223148596851388,-0.0317876021144912,-0.0199347288338079,-0.0271946751405873,-0.0131895620531092,-0.0423917664690331,-0.0546965529307878,NaN,NaN,NaN,NaN,NaN,NaN,NaN,NaN,NaN
NaN,NaN,-0.0129675289063016,-0.0344797017751262,-0.0166169107881918,-0.0293143466939606,-0.00695314669671158,-0.0486870600385979,-0.0544472378775633,NaN,NaN,NaN,NaN,NaN,NaN,NaN,NaN,NaN
NaN,NaN,-0.0142961164383451,-0.0258827189682052,-0.0245015249577894,-0.032044332556931,-0.0196631852692614,-0.0475070929630116,-0.060465388475374,NaN,NaN,NaN,NaN,NaN,NaN,NaN,NaN,NaN
NaN,NaN,-0.0164283049671212,-0.0287391598103568,-0.0192317851809397,-0.032284203999249,-0.0154610764390479,-0.0504226169092969,-0.0587067161783731,NaN,NaN,NaN,NaN,NaN,NaN,NaN,NaN,NaN
NaN,NaN,-0.0182638858823339,-0.0282900574384257,-0.0181331970719233,-0.0311066024830022,-0.0105897750860701,-0.0474340772731618,-0.0605751169011152,NaN,NaN,NaN,NaN,NaN,NaN,NaN,NaN,NaN
NaN,NaN,-0.0234874693123857,-0.0307934152660891,-0.0224048384455576,-0.0304130279352345,-0.0123932626253615,-0.0436314313216523,-0.0585698117599047,NaN,NaN,NaN,NaN,NaN,NaN,NaN,NaN,NaN
NaN,NaN,-0.0164577533869306,-0.0339296440361068,-0.0241146721867456,-0.0361054391493478,-0.0147331919676314,-0.0486303797467068,-0.0569981117829836,NaN,NaN,NaN,NaN,NaN,NaN,NaN,NaN,NaN
NaN,NaN,-0.0250030105380574,-0.0337951610563323,-0.031366564425601,-0.040619596921412,-0.0256294984525691,-0.0478469884498433,-0.0620139916524446,NaN,NaN,NaN,NaN,NaN,NaN,NaN,NaN,NaN
NaN,NaN,-0.0271243957249681,-0.0369103046832606,-0.0274145715860262,-0.0361222774614968,-0.0227045495218287,-0.0512243366344289,-0.0578608703896559,NaN,NaN,NaN,NaN,NaN,NaN,NaN,NaN,NaN
NaN,NaN,-0.0302582775620976,-0.0367539169965312,-0.0234759711650743,-0.0357925706436314,-0.0185493979758273,-0.0474323263867215,-0.0596154821202314,NaN,NaN,NaN,NaN,NaN,NaN,NaN,NaN,NaN
NaN,NaN,-0.0304621254472295,-0.0383911262033507,-0.0247425326136484,-0.0270130672385373,-0.0181067031032095,-0.0433437085254506,-0.0546187688693559,NaN,NaN,NaN,NaN,NaN,NaN,NaN,NaN,NaN
NaN,NaN,-0.0272615236608544,-0.0400970297632739,-0.0262592100528612,-0.0356672705044427,-0.0136953819698344,-0.0483276067776994,-0.0552562405452287,NaN,NaN,NaN,NaN,NaN,NaN,NaN,NaN,NaN
NaN,NaN,-0.0301685911981622,-0.0386667790589854,-0.0290563815263643,-0.0328316540350594,-0.0198493007725726,-0.0493582083387688,-0.0594854881152666,NaN,NaN,NaN,NaN,NaN,NaN,NaN,NaN,NaN
NaN,NaN,-0.029644684997038,-0.0348153318045661,-0.0246946440068617,-0.0312951953043618,-0.0149919320053111,-0.0495074807210282,-0.0599210490569628,NaN,NaN,NaN,NaN,NaN,NaN,NaN,NaN,NaN
NaN,NaN,-0.0257108343212167,-0.031264906632714,-0.019891105684413,-0.0301680155923047,-0.0137486349946509,-0.0492954558236912,-0.060454492001251,NaN,NaN,NaN,NaN,NaN,NaN,NaN,NaN,NaN
NaN,NaN,-0.0222758931486169,-0.02741627197247,-0.0254220255640879,-0.0277616456975617,-0.0154319819218169,-0.0448826632006482,-0.0586304781124151,NaN,NaN,NaN,NaN,NaN,NaN,NaN,NaN,NaN
NaN,NaN,-0.0202343781857053,-0.0310240666149184,-0.0268414356736078,-0.0388246216704526,-0.0123702217048655,-0.0509702345831708,-0.0584706631586111,NaN,NaN,NaN,NaN,NaN,NaN,NaN,NaN,NaN
NaN,NaN,-0.0238045287696878,-0.0328590887365863,-0.0249148831693068,-0.0345914066662469,-0.017162174374486,-0.0479233382745103,-0.0613952023074186,NaN,NaN,NaN,NaN,NaN,NaN,NaN,NaN,NaN
NaN,NaN,-0.0265200977592031,-0.0298219713149592,-0.0252361149517431,-0.0330997445513882,-0.0165548961764822,-0.0458598999781922,-0.0633235988304174,NaN,NaN,NaN,NaN,NaN,NaN,NaN,NaN,NaN
NaN,NaN,-0.0236056168942014,-0.033185554551892,-0.0201022178856268,-0.0320603513052144,-0.0139583129590998,-0.0472580200536565,-0.0592688438579595,NaN,NaN,NaN,NaN,NaN,NaN,NaN,NaN,NaN
NaN,NaN,-0.0235391204623738,-0.0301633941708133,-0.0278775320378675,-0.0300041959514298,-0.0155788514918337,-0.0458183071120099,-0.0567424264833486,NaN,NaN,NaN,NaN,NaN,NaN,NaN,NaN,NaN
NaN,NaN,-0.0217174907593289,-0.0364058817503974,-0.0255769790140524,-0.034563262098042,-0.0123905804163466,-0.053028457473071,-0.0541501273498094,NaN,NaN,NaN,NaN,NaN,NaN,NaN,NaN,NaN
NaN,NaN,-0.0224059802858392,-0.0328286717412993,-0.0225405693975821,-0.0302123279204049,-0.0218305405384551,-0.0443021139605359,-0.056465413896755,NaN,NaN,NaN,NaN,NaN,NaN,NaN,NaN,NaN
NaN,NaN,-0.0260028598277131,-0.0260493139503524,-0.0184105449346437,-0.0277834572722592,-0.0210948329574118,-0.0462301565809563,-0.0595585224315679,NaN,NaN,NaN,NaN,NaN,NaN,NaN,NaN,NaN
NaN,NaN,-0.0195068662433187,-0.0284657048759982,-0.0136611537066832,-0.0294305571248212,-0.0140737969583521,-0.0499370066924409,-0.0581065905377424,NaN,NaN,NaN,NaN,NaN,NaN,NaN,NaN,NaN
NaN,NaN,-0.0194221903948346,-0.0277953575132415,-0.0179821924296751,-0.0314034149875321,-0.0119809661215792,-0.0499244152112321,-0.0545611013755358,NaN,NaN,NaN,NaN,NaN,NaN,NaN,NaN,NaN
NaN,NaN,-0.0138870423106709,-0.0326160507975146,-0.0176417940286531,-0.0341599621703305,-0.00939544701638321,-0.0552525302870587,-0.054377761213497,NaN,NaN,NaN,NaN,NaN,NaN,NaN,NaN,NaN
NaN,NaN,-0.0157648493914166,-0.0288950073299929,-0.0200324618247881,-0.0312578306426682,-0.019493442416812,-0.0441131858630494,-0.0559983742520368,NaN,NaN,NaN,NaN,NaN,NaN,NaN,NaN,NaN
NaN,NaN,-0.0187791121570626,-0.0249348561046645,-0.0239908062843218,-0.028830263846127,-0.0169530365771304,-0.0450856356425599,-0.0581292589292085,NaN,NaN,NaN,NaN,NaN,NaN,NaN,NaN,NaN
NaN,NaN,-0.0166562368540326,-0.0287868435261771,-0.021736465486659,-0.0348892995049634,-0.00887327307524781,-0.0463457523389176,-0.053705513952688,NaN,NaN,NaN,NaN,NaN,NaN,NaN,NaN,NaN
NaN,NaN,-0.0183855911163846,-0.0348116065142676,-0.0252279938188925,-0.0331464969446339,-0.0115772936648379,-0.0489983825488404,-0.051036455212549,NaN,NaN,NaN,NaN,NaN,NaN,NaN,NaN,NaN
NaN,NaN,-0.0184909982053796,-0.0385250131366774,-0.0250034146932497,-0.0375554152657666,-0.0128915947085867,-0.050748076896222,-0.0539873135373152,NaN,NaN,NaN,NaN,NaN,NaN,NaN,NaN,NaN
NaN,NaN,-0.022669302430586,-0.0328932682750747,-0.0261583105651274,-0.03119656824371,-0.0209253881281863,-0.044980079541953,-0.0597747010275877,NaN,NaN,NaN,NaN,NaN,NaN,NaN,NaN,NaN
NaN,NaN,-0.0248263758985559,-0.0306869650958106,-0.0291711763469114,-0.0286899880399384,-0.016461056113864,-0.0432829117877797,-0.0594710526153601,NaN,NaN,NaN,NaN,NaN,NaN,NaN,NaN,NaN
NaN,NaN,-0.0201366079418222,-0.0361543687758967,-0.0219938830462828,-0.0326214359035172,-0.011254758030797,-0.0447932934863881,-0.0520820883199728,NaN,NaN,NaN,NaN,NaN,NaN,NaN,NaN,NaN
NaN,NaN,-0.0208384898869554,-0.0364717262564227,-0.0230871998695269,-0.0274272822668233,-0.00944519826831917,-0.0476776181264237,-0.0528374654337919,NaN,NaN,NaN,NaN,NaN,NaN,NaN,NaN,NaN
NaN,NaN,-0.0244835933117429,-0.0295639018295333,-0.0231652633277311,-0.0284822658528962,-0.0128731172687064,-0.0472975267572716,-0.0572626073941744,NaN,NaN,NaN,NaN,NaN,NaN,NaN,NaN,NaN
NaN,NaN,-0.0243800861208001,-0.0283992456970736,-0.0200804063109293,-0.0256946124961056,-0.0184356276101122,-0.0477560913665608,-0.0621408377871073,NaN,NaN,NaN,NaN,NaN,NaN,NaN,NaN,NaN
NaN,NaN,-0.0219232944218675,-0.0234643722651526,-0.0203515143123999,-0.0274700858523526,-0.0162390288120757,-0.0449212572081403,-0.058016680656389,NaN,NaN,NaN,NaN,NaN,NaN,NaN,NaN,NaN
NaN,NaN,-0.0138051045505563,-0.0277998464880511,-0.0122587122944727,-0.0282202103068509,-0.0120276253825674,-0.0476875273986176,-0.048700456051544,NaN,NaN,NaN,NaN,NaN,NaN,NaN,NaN,NaN
NaN,NaN,-0.01329477703257,-0.0243955830810592,-0.0144895278839006,-0.0246872753729501,-0.0102140236801157,-0.0428514114125088,-0.0492486511454141,NaN,NaN,NaN,NaN,NaN,NaN,NaN,NaN,NaN
NaN,NaN,-0.0141789560584584,-0.0158742609200999,-0.0157934539941683,-0.0245398283829369,-0.0123010989433775,-0.0387374243243054,-0.0527154621765173,NaN,NaN,NaN,NaN,NaN,NaN,NaN,NaN,NaN
NaN,NaN,-0.0135420245496789,-0.017236543702893,-0.0153068193224802,-0.0291865506102719,-0.0117595907455931,-0.0371775893969849,-0.0511276130661524,NaN,NaN,NaN,NaN,NaN,NaN,NaN,NaN,NaN
NaN,NaN,-0.0111526047257939,-0.0179444047389552,-0.0162030496624842,-0.0302939676572957,-0.00989698284926514,-0.0354532456500844,-0.0453978185638941,NaN,NaN,NaN,NaN,NaN,NaN,NaN,NaN,NaN
NaN,NaN,-0.00419102435989771,-0.0235892067430541,-0.0127998665896788,-0.0296990387966313,-0.00333276057305436,-0.0377023337884263,-0.0400381130263365,NaN,NaN,NaN,NaN,NaN,NaN,NaN,NaN,NaN
NaN,NaN,-0.0105836225120584,-0.0199432278750464,-0.0147193037895098,-0.0231828355123677,-0.00471504816475014,-0.0330241887374238,-0.0441735764131105,NaN,NaN,NaN,NaN,NaN,NaN,NaN,NaN,NaN
NaN,NaN,-0.0129495916335145,-0.0192847828147933,-0.01703177774228,-0.0236991607477345,-0.0102204498058806,-0.0367660565777138,-0.0474901651129282,NaN,NaN,NaN,NaN,NaN,NaN,NaN,NaN,NaN
NaN,NaN,-0.0120666047005216,-0.0222026350675151,-0.0134380646971598,-0.027716253035275,-0.00990271979632477,-0.0413586317105607,-0.047482099859432,NaN,NaN,NaN,NaN,NaN,NaN,NaN,NaN,NaN
NaN,NaN,-0.0127827172545949,-0.026311835157685,-0.0134645701376333,-0.0251176954140343,-0.0130228366858016,-0.0448227232797459,-0.0455117006883181,NaN,NaN,NaN,NaN,NaN,NaN,NaN,NaN,NaN
NaN,NaN,-0.00932270487828647,-0.0293337906477973,-0.0111327991811171,-0.0265178271462597,-0.00725046211543183,-0.0491886144979314,-0.0438154270038164,NaN,NaN,NaN,NaN,NaN,NaN,NaN,NaN,NaN
NaN,NaN,-0.0152912532357732,-0.0249049233971163,-0.0146313869384661,-0.0187841617395558,-0.0129646662777911,-0.045550402860196,-0.0518697840258634,NaN,NaN,NaN,NaN,NaN,NaN,NaN,NaN,NaN
NaN,NaN,-0.0146150385407964,-0.0243063064990565,-0.0207105950442686,-0.027253534727303,-0.0167558755880843,-0.046462260793002,-0.0510354307577169,NaN,NaN,NaN,NaN,NaN,NaN,NaN,NaN,NaN
NaN,NaN,-0.0135020149318734,-0.0255530680296942,-0.0152259246436491,-0.0308704749574342,-0.0157539028829584,-0.0455191849274949,-0.0481556323453939,NaN,NaN,NaN,NaN,NaN,NaN,NaN,NaN,NaN
NaN,NaN,-0.0112799910275499,-0.0226572508690879,-0.0142732747820749,-0.0304259733190217,-0.0141130987710009,-0.0438189810617284,-0.0463113342508829,NaN,NaN,NaN,NaN,NaN,NaN,NaN,NaN,NaN
NaN,NaN,-0.0104508159129182,-0.0211687738774344,-0.0118500479487314,-0.0292626955439725,-0.00910316073956588,-0.0429465553267316,-0.043978631971792,NaN,NaN,NaN,NaN,NaN,NaN,NaN,NaN,NaN
NaN,NaN,-0.0123811123339692,-0.0201026889262721,-0.0150690526691808,-0.0302245096196809,-0.0115148950523386,-0.0414338080687836,-0.0520960767850435,NaN,NaN,NaN,NaN,NaN,NaN,NaN,NaN,NaN
NaN,NaN,-0.0126154703466455,-0.0158128681359813,-0.0213128813532724,-0.0310066715707459,-0.0104367587870608,-0.0410355745358781,-0.0434455429300821,NaN,NaN,NaN,NaN,NaN,NaN,NaN,NaN,NaN
NaN,NaN,-0.00640345564170276,-0.0164997557876632,-0.0109029487697019,-0.0311208889712968,-0.00639411100807288,-0.0355092740161733,-0.0389219415471113,NaN,NaN,NaN,NaN,NaN,NaN,NaN,NaN,NaN
NaN,NaN,-0.00414784824533855,-0.0120428371010348,-0.00597319761194132,-0.0197321549882569,-0.00371575766863923,-0.0349224104090051,-0.0350006078466928,NaN,NaN,NaN,NaN,NaN,NaN,NaN,NaN,NaN
NaN,NaN,-0.00173311507387554,-0.0129629465518519,-0.00270380834020517,-0.0145405531754174,0.000486723690604166,-0.0374946302278355,-0.0400475938901461,NaN,NaN,NaN,NaN,NaN,NaN,NaN,NaN,NaN
NaN,NaN,-0.00525692304654514,-0.0139591636834666,-0.00738921770728969,-0.016927234910933,-0.0046521838909636,-0.0413619285924748,-0.0463672881111658,NaN,NaN,NaN,NaN,NaN,NaN,NaN,NaN,NaN
NaN,NaN,-0.00600514760299121,-0.0166134143946692,-0.0126003400412931,-0.0171399676134267,-0.00684574657740693,-0.0430535829170064,-0.0426373970791853,NaN,NaN,NaN,NaN,NaN,NaN,NaN,NaN,NaN
NaN,NaN,0.000252744051977047,-0.0165672766743228,-0.00234353551544093,-0.0164441765179314,-0.00537533724370103,-0.0371960295839623,-0.0393810276970423,NaN,NaN,NaN,NaN,NaN,NaN,NaN,NaN,NaN
NaN,NaN,-0.000282077249721638,-0.0154776106355712,-0.00196305299080753,-0.000940430991856069,-0.00559000709714989,-0.0348421862824277,-0.0369312581703222,NaN,NaN,NaN,NaN,NaN,NaN,NaN,NaN,NaN
NaN,NaN,-0.000520439949468716,-0.014837438124232,0.000781237986908913,-0.00370005153915069,0.00243402606186767,-0.0326223975522832,-0.0377730806455171,NaN,NaN,NaN,NaN,NaN,NaN,NaN,NaN,NaN
NaN,NaN,-0.0100644474296132,-0.0174023191211745,-0.00321028018273258,-0.00622069471379897,0.00366234740552802,-0.0306447713179902,-0.0364064020201719,NaN,NaN,NaN,NaN,NaN,NaN,NaN,NaN,NaN
NaN,NaN,-0.0190243293909589,-0.0153427737532183,-0.00582044208325291,-0.0108108111550488,0.00433396136698623,-0.024917025725396,-0.0297412243768728,NaN,NaN,NaN,NaN,NaN,NaN,NaN,NaN,NaN
NaN,NaN,-0.0208319520024816,-0.0216642561135814,-0.00178883978999996,-0.0127524138321557,0.0074962485426416,-0.0184335677428559,-0.0198959712967432,NaN,NaN,NaN,NaN,NaN,NaN,NaN,NaN,NaN
NaN,NaN,-0.027335396167473,-0.0215170140145346,-0.0100557991293802,-0.00919191175004622,0.0064375769191732,-0.0165538421376065,-0.024693269757942,NaN,NaN,NaN,NaN,NaN,NaN,NaN,NaN,NaN
NaN,NaN,-0.0362687913147966,-0.0270354169188067,-0.0157199726430311,-0.0173308514883198,0.0101488228732099,-0.0184695726735905,-0.0200040047153986,NaN,NaN,NaN,NaN,NaN,NaN,NaN,NaN,NaN
NaN,NaN,-0.0466434640256921,-0.0319161618826911,-0.0218810998824968,-0.023495704018084,0.00349301433501144,-0.0176880626483277,-0.0252535720452822,NaN,NaN,NaN,NaN,NaN,NaN,NaN,NaN,NaN
NaN,NaN,-0.0520281290082494,-0.03496091614943,-0.0242186636654272,-0.0259972550799527,-0.000610560566807791,-0.012063470344098,-0.0219762106523073,NaN,NaN,NaN,NaN,NaN,NaN,NaN,NaN,NaN
NaN,NaN,-0.0493888725904981,-0.0441892425296828,-0.0217905008224382,-0.0251709298123994,-0.00128923395338158,-0.0176617620988206,-0.0188415278777635,NaN,NaN,NaN,NaN,NaN,NaN,NaN,NaN,NaN
NaN,NaN,-0.0544151460198918,-0.0477294790325686,-0.0282689110366239,-0.0266543031563439,-0.0014524389213572,-0.0184934145315007,-0.0306497295484102,NaN,NaN,NaN,NaN,NaN,NaN,NaN,NaN,NaN
NaN,NaN,-0.0562460516957799,-0.0562161932466552,-0.0346383192566767,-0.0314615853955426,0.00285952871975799,-0.0249602018399552,-0.0283450414523638,NaN,NaN,NaN,NaN,NaN,NaN,NaN,NaN,NaN
NaN,NaN,-0.0600235333113233,-0.058232823270373,-0.0403646864918604,-0.0407295302381196,0.00285036450562377,-0.0216276502712087,-0.0350855817184008,NaN,NaN,NaN,NaN,NaN,NaN,NaN,NaN,NaN
NaN,NaN,-0.0547337700991193,-0.060422474402003,-0.041737809869422,-0.0401609578063168,-0.00210127273264031,-0.0215285575492696,-0.0291123953744924,NaN,NaN,NaN,NaN,NaN,NaN,NaN,NaN,NaN
NaN,NaN,-0.0489626807539025,-0.0614557395456359,-0.0379373245862856,-0.0459852256705441,0.00100545173821349,-0.027989514778407,-0.0325251151904619,NaN,NaN,NaN,NaN,NaN,NaN,NaN,NaN,NaN
NaN,NaN,-0.0514831190375844,-0.0575629229424521,-0.039030995312108,-0.0469415635695138,0.00237043535647292,-0.0322144782646016,-0.0379931707963503,NaN,NaN,NaN,NaN,NaN,NaN,NaN,NaN,NaN
NaN,NaN,-0.0452118163375417,-0.0516616905806586,-0.0395184681741133,-0.0523490645816006,0.00607210731444259,-0.0325164502961949,-0.0345927258119142,NaN,NaN,NaN,NaN,NaN,NaN,NaN,NaN,NaN
NaN,NaN,-0.0324950908689061,-0.0399050283012912,-0.0316512883631124,-0.0483310223450341,0.00681941917476554,-0.0245583920283631,-0.0320573118612326,NaN,NaN,NaN,NaN,NaN,NaN,NaN,NaN,NaN
NaN,NaN,-0.0132213329343358,-0.0282545554218814,-0.0236637071696653,-0.0331431814362683,0.00614879241523643,-0.0167842140896634,-0.0226086345598257,NaN,NaN,NaN,NaN,NaN,NaN,NaN,NaN,NaN
NaN,NaN,0.00437617475108708,-0.0155163722811267,-0.00975982481516743,-0.0266261027087846,0.0101006176167478,-0.0176567515833691,-0.0224382025286711,NaN,NaN,NaN,NaN,NaN,NaN,NaN,NaN,NaN
NaN,NaN,0.015741756054922,-0.0018080862937495,-0.00201604524530315,-0.0152983144750275,0.0124061625295629,-0.0152949920399503,-0.0272565675065077,NaN,NaN,NaN,NaN,NaN,NaN,NaN,NaN,NaN
NaN,NaN,0.0340556184382876,0.0146620926680043,0.00363777196131802,-0.0119938515951314,0.0153258215480794,-0.0126514701648072,-0.0264424053117788,NaN,NaN,NaN,NaN,NaN,NaN,NaN,NaN,NaN
NaN,NaN,0.058329628649517,0.0267546457471326,0.0201576462956533,0.00323412931660035,0.018310822158431,-0.00864488319590843,-0.022319552032665,NaN,NaN,NaN,NaN,NaN,NaN,NaN,NaN,NaN
NaN,NaN,0.0845282914669951,0.0430229698540643,0.0332191846343145,0.0235918349693141,0.0217299867266168,-0.00344709740117347,-0.0182870929226435,NaN,NaN,NaN,NaN,NaN,NaN,NaN,NaN,NaN
NaN,NaN,0.105733221265837,0.0569039602996782,0.0520188062461481,0.0342931411335788,0.0342670414441576,-0.00747527242735183,-0.0150639717564142,NaN,NaN,NaN,NaN,NaN,NaN,NaN,NaN,NaN
NaN,NaN,0.118144268039032,0.0764848870458081,0.0598707682462797,0.0465480237374625,0.0429921183579912,0.00434062196776116,-0.0149126132115877,NaN,NaN,NaN,NaN,NaN,NaN,NaN,NaN,NaN
NaN,NaN,0.131092836949392,0.0939256345154718,0.0712329409094915,0.0543562322030387,0.0490567419522752,0.00661064623758042,-0.00623261231036546,NaN,NaN,NaN,NaN,NaN,NaN,NaN,NaN,NaN
NaN,NaN,0.143297353628441,0.101374669116922,0.0873389354916678,0.07301490745643,0.0582831684344759,0.00944864689275467,0.00271732312588331,NaN,NaN,NaN,NaN,NaN,NaN,NaN,NaN,NaN
NaN,NaN,0.151065682861372,0.112855324638076,0.0994354560049639,0.0876560247609935,0.0613757740550985,0.0159900703923389,0.0104291769578898,NaN,NaN,NaN,NaN,NaN,NaN,NaN,NaN,NaN
NaN,NaN,0.154885483774706,0.120175128919072,0.110899869260417,0.0976224987874351,0.0719066109353056,0.0147995421187564,0.0149684431865656,NaN,NaN,NaN,NaN,NaN,NaN,NaN,NaN,NaN
NaN,NaN,0.150249807033106,0.127224998665042,0.112565819081889,0.104361120528968,0.0769395898872366,0.0274086066977664,0.0221440414801085,NaN,NaN,NaN,NaN,NaN,NaN,NaN,NaN,NaN
NaN,NaN,0.14621667737083,0.129446519655176,0.12077399334036,0.110683794982227,0.0817805114978304,0.0335286626116916,0.032621588082596,NaN,NaN,NaN,NaN,NaN,NaN,NaN,NaN,NaN
NaN,NaN,0.141953995320364,0.12284679536242,0.131403457281219,0.118965934879573,0.0912016216510286,0.0328192555801555,0.0354375722721064,NaN,NaN,NaN,NaN,NaN,NaN,NaN,NaN,NaN
NaN,NaN,0.137838611248299,0.119249040377326,0.133915085253345,0.122213046915325,0.0973749119633188,0.0371750698880836,0.0399623843744242,NaN,NaN,NaN,NaN,NaN,NaN,NaN,NaN,NaN
NaN,NaN,0.131758658084436,0.116698706638999,0.135766535905229,0.116279143757614,0.110489163159703,0.0379856930570289,0.0379521432235682,NaN,NaN,NaN,NaN,NaN,NaN,NaN,NaN,NaN
NaN,NaN,0.12770617553906,0.109712483477779,0.129949439224826,0.112805943853649,0.114610880225276,0.0514998914198562,0.0435396502628767,NaN,NaN,NaN,NaN,NaN,NaN,NaN,NaN,NaN
NaN,NaN,0.118211230132147,0.104939790559001,0.123036269006358,0.109850652433427,0.121317855625724,0.0555994802610561,0.0515510174348795,NaN,NaN,NaN,NaN,NaN,NaN,NaN,NaN,NaN
NaN,NaN,0.115740096065565,0.0916357544483617,0.121206518170463,0.104009341366085,0.128176953255509,0.0583775409953281,0.0554817761197531,NaN,NaN,NaN,NaN,NaN,NaN,NaN,NaN,NaN
NaN,NaN,0.114344006273313,0.0948086773278192,0.110802210775243,0.0967507249782405,0.12751655241785,0.0651762516693755,0.0571796703055346,NaN,NaN,NaN,NaN,NaN,NaN,NaN,NaN,NaN
NaN,NaN,0.114249514284893,0.096889698994346,0.107072729525195,0.0863899103472553,0.133422627657031,0.0633263842658683,0.0602498869314635,NaN,NaN,NaN,NaN,NaN,NaN,NaN,NaN,NaN
NaN,NaN,0.121972786131664,0.0963100624503568,0.100244644937144,0.0819462536940894,0.126606389492129,0.0726557218925639,0.0653715650454008,NaN,NaN,NaN,NaN,NaN,NaN,NaN,NaN,NaN
NaN,NaN,0.127633588257595,0.0980070811929181,0.0945337562831507,0.0791743769417129,0.119213215618705,0.0685677373306438,0.0730117815449679,NaN,NaN,NaN,NaN,NaN,NaN,NaN,NaN,NaN
NaN,NaN,0.138389469924732,0.0961416607024148,0.0934807284744845,0.0758425518045745,0.115301493167256,0.0642041371659919,0.0750646772697413,NaN,NaN,NaN,NaN,NaN,NaN,NaN,NaN,NaN
NaN,NaN,0.145432969424292,0.105122907203622,0.0848940460952387,0.0666539183924518,0.10114799773631,0.0660809570448085,0.0720113175824129,NaN,NaN,NaN,NaN,NaN,NaN,NaN,NaN,NaN
NaN,NaN,0.153918789568706,0.111492799711414,0.0877814813526736,0.0627948715458236,0.0888109352284422,0.0553592549161597,0.0693381051435911,NaN,NaN,NaN,NaN,NaN,NaN,NaN,NaN,NaN
NaN,NaN,0.165548158678575,0.116315728169866,0.0869645065637694,0.0667097046146713,0.0794729549282541,0.0524982505933925,0.0652472148552382,NaN,NaN,NaN,NaN,NaN,NaN,NaN,NaN,NaN
NaN,NaN,0.176551660391851,0.126175304991193,0.0928292869599924,0.0719779170224986,0.0740933749669542,0.0454896198110267,0.0679631750002348,NaN,NaN,NaN,NaN,NaN,NaN,NaN,NaN,NaN
NaN,NaN,0.196869505438372,0.135203527403064,0.101957216766702,0.0742298363814674,0.0734716240161409,0.0407175043122455,0.0692298668339693,NaN,NaN,NaN,NaN,NaN,NaN,NaN,NaN,NaN
NaN,NaN,0.207998661193415,0.155439751339145,0.107640407887326,0.0726164876590095,0.0659822072678556,0.0412375548379108,0.0640141065135443,NaN,NaN,NaN,NaN,NaN,NaN,NaN,NaN,NaN
NaN,NaN,0.220744443926378,0.166198166203685,0.115952517745124,0.0748639180431686,0.0577574554675569,0.035851586003749,0.063944480837866,NaN,NaN,NaN,NaN,NaN,NaN,NaN,NaN,NaN
NaN,NaN,0.229344164821669,0.176406728220172,0.1253870761963,0.0818001478085838,0.0569110136323919,0.0323622369663402,0.0599013115182364,NaN,NaN,NaN,NaN,NaN,NaN,NaN,NaN,NaN
NaN,NaN,0.236050395164057,0.186155663919635,0.134227115568744,0.0937601923117957,0.0585714127713194,0.0330451944367572,0.0617600264862024,NaN,NaN,NaN,NaN,NaN,NaN,NaN,NaN,NaN
NaN,NaN,0.250873772296472,0.194622242939658,0.143661823031531,0.0988985597262702,0.0609873752885809,0.0296101601318999,0.0621335427179777,NaN,NaN,NaN,NaN,NaN,NaN,NaN,NaN,NaN
NaN,NaN,0.261134786400362,0.209576601278968,0.153138793912755,0.106462221510204,0.0576242018335809,0.0307237797872707,0.0566729190662348,NaN,NaN,NaN,NaN,NaN,NaN,NaN,NaN,NaN
NaN,NaN,0.268485529217287,0.219115430605598,0.16415926432334,0.118544977075847,0.0561657506817331,0.0248672322826072,0.0568219865575277,NaN,NaN,NaN,NaN,NaN,NaN,NaN,NaN,NaN
NaN,NaN,0.279081651809975,0.22688226972241,0.179935756978618,0.133906844920906,0.0628951709562292,0.0246574425594493,0.0587063501491987,NaN,NaN,NaN,NaN,NaN,NaN,NaN,NaN,NaN
NaN,NaN,0.291854275259539,0.236667918157764,0.193598091510163,0.15063976860741,0.0701258849197378,0.0283392400936767,0.0637649590983831,NaN,NaN,NaN,NaN,NaN,NaN,NaN,NaN,NaN
NaN,NaN,0.307500177863403,0.251528473687358,0.209904096928464,0.159689895726236,0.0812122370892515,0.0269090080158397,0.0651824320569479,NaN,NaN,NaN,NaN,NaN,NaN,NaN,NaN,NaN
NaN,NaN,0.323674345258041,0.26549268711824,0.223318532017098,0.171371884561571,0.0863251980238904,0.0353908234731837,0.0666366363778555,NaN,NaN,NaN,NaN,NaN,NaN,NaN,NaN,NaN
NaN,NaN,0.336049144956633,0.279976951074786,0.240108378139363,0.184465069241317,0.0965257879191389,0.038535247881858,0.0750163416281187,NaN,NaN,NaN,NaN,NaN,NaN,NaN,NaN,NaN
NaN,NaN,0.351191183421179,0.293296279502101,0.256212472823487,0.197765137917789,0.114596221207951,0.0508902104096099,0.0868873516931974,NaN,NaN,NaN,NaN,NaN,NaN,NaN,NaN,NaN
NaN,NaN,0.370658991727396,0.309053028118797,0.264347016719209,0.204837229020389,0.12577250188527,0.0634578683869525,0.102206434579178,NaN,NaN,NaN,NaN,NaN,NaN,NaN,NaN,NaN
NaN,NaN,0.391239786389633,0.329138079774566,0.283816985693799,0.208819396711381,0.14057820251522,0.0714827583627387,0.111219476433083,NaN,NaN,NaN,NaN,NaN,NaN,NaN,NaN,NaN
NaN,NaN,0.409995896610781,0.35234859411139,0.303193282243834,0.220014918513092,0.155769023656224,0.0884227336840316,0.116285927118345,NaN,NaN,NaN,NaN,NaN,NaN,NaN,NaN,NaN
NaN,NaN,0.426808373871609,0.373503660899587,0.324593361374961,0.236156526870521,0.174436024933433,0.101184591044633,0.131351243229195,NaN,NaN,NaN,NaN,NaN,NaN,NaN,NaN,NaN
NaN,NaN,0.4534384439321,0.392248129588552,0.342827018258201,0.253546442754062,0.200261041133975,0.123367111523597,0.147022645445152,NaN,NaN,NaN,NaN,NaN,NaN,NaN,NaN,NaN
NaN,NaN,0.477930364999338,0.414633380365558,0.35804436346613,0.268656145698818,0.21528299486575,0.14064085422918,0.161369483442589,NaN,NaN,NaN,NaN,NaN,NaN,NaN,NaN,NaN
NaN,NaN,0.50486449325399,0.437374265980907,0.377781528887378,0.284697636879476,0.231144684910153,0.156387060274331,0.17022982564716,NaN,NaN,NaN,NaN,NaN,NaN,NaN,NaN,NaN
NaN,NaN,0.525821095201536,0.459012111765333,0.403407800850497,0.302123352802785,0.249792500942325,0.170820101489274,0.175909682632967,NaN,NaN,NaN,NaN,NaN,NaN,NaN,NaN,NaN
NaN,NaN,0.543330034110113,0.483338331920095,0.426074273792134,0.327889211393388,0.271676085501288,0.186720758070199,0.186471886457487,NaN,NaN,NaN,NaN,NaN,NaN,NaN,NaN,NaN
NaN,NaN,0.571354461702867,0.499745776993223,0.448044843879567,0.348801091230901,0.296841371416425,0.202550783147065,0.209712519766375,NaN,NaN,NaN,NaN,NaN,NaN,NaN,NaN,NaN
NaN,NaN,0.600569976362749,0.524872617912479,0.471983950492965,0.370896626181396,0.310921702145909,0.217500578005759,0.223589021237179,NaN,NaN,NaN,NaN,NaN,NaN,NaN,NaN,NaN
NaN,NaN,0.626466834786697,0.551554953795858,0.499841205683576,0.392319597221406,0.328624616920327,0.231622706492393,0.236854221196457,NaN,NaN,NaN,NaN,NaN,NaN,NaN,NaN,NaN
NaN,NaN,0.651694780084654,0.576322080683895,0.525920901355372,0.415719784713777,0.346310954152917,0.247153888781516,0.244703631372734,NaN,NaN,NaN,NaN,NaN,NaN,NaN,NaN,NaN
NaN,NaN,0.668145960065885,0.603325424832292,0.545717075374948,0.440823677844795,0.367457657664393,0.263245596875398,0.258542898567005,NaN,NaN,NaN,NaN,NaN,NaN,NaN,NaN,NaN
NaN,NaN,0.693484136703773,0.619896428775974,0.56906561171733,0.463898442603143,0.388630102931832,0.273532948781697,0.279158636452242,NaN,NaN,NaN,NaN,NaN,NaN,NaN,NaN,NaN
NaN,NaN,0.714664237442776,0.64300686318893,0.58687726771556,0.48429874695042,0.398372817396497,0.287485148151366,0.289165473999068,NaN,NaN,NaN,NaN,NaN,NaN,NaN,NaN,NaN
NaN,NaN,0.73239045390801,0.658487288397737,0.609483297822105,0.505245365119966,0.417152825354909,0.299764971573798,0.299522414328142,NaN,NaN,NaN,NaN,NaN,NaN,NaN,NaN,NaN
NaN,NaN,0.747082551810308,0.674287529778667,0.628426752892362,0.521215964026245,0.434185485898828,0.316917903115003,0.307950511099383,NaN,NaN,NaN,NaN,NaN,NaN,NaN,NaN,NaN
NaN,NaN,0.758353454861208,0.688328130287118,0.641323596146928,0.544616244650873,0.45395740827856,0.330754488100259,0.325341768087431,NaN,NaN,NaN,NaN,NaN,NaN,NaN,NaN,NaN
NaN,NaN,0.776692798230215,0.692419169587083,0.656791429874526,0.558757744647058,0.47518565839467,0.340821414579599,0.34470025774984,NaN,NaN,NaN,NaN,NaN,NaN,NaN,NaN,NaN
NaN,NaN,0.783643165472313,0.707568602752872,0.668405562547074,0.576463006354364,0.491474862753724,0.357271570105998,0.352305996687695,NaN,NaN,NaN,NaN,NaN,NaN,NaN,NaN,NaN
NaN,NaN,0.794575346502825,0.713344609481283,0.678986653593408,0.590574163861068,0.509213335424041,0.368996474285571,0.364711138875767,NaN,NaN,NaN,NaN,NaN,NaN,NaN,NaN,NaN
NaN,NaN,0.798764472696348,0.720711259287782,0.68532871818267,0.595436356879266,0.52462976014552,0.3873329678075,0.378162901373192,NaN,NaN,NaN,NaN,NaN,NaN,NaN,NaN,NaN
NaN,NaN,0.801932869348093,0.724525826168247,0.689045514819251,0.605560336179527,0.539485435544824,0.398452363301961,0.400331004978701,NaN,NaN,NaN,NaN,NaN,NaN,NaN,NaN,NaN
NaN,NaN,0.809699727091356,0.72442451689858,0.689410854038821,0.605042446322235,0.550856791048621,0.412098027159421,0.41668080118446,NaN,NaN,NaN,NaN,NaN,NaN,NaN,NaN,NaN
NaN,NaN,0.811206159982248,0.736187530797906,0.695335183200465,0.61407234511474,0.561455577223872,0.427948112924544,0.428722671689078,NaN,NaN,NaN,NaN,NaN,NaN,NaN,NaN,NaN
NaN,NaN,0.821687636766001,0.746761618298479,0.701553232875691,0.619421712971719,0.574693731575583,0.445731084187476,0.438997152717396,NaN,NaN,NaN,NaN,NaN,NaN,NaN,NaN,NaN
NaN,NaN,0.829333720597788,0.763082282734104,0.714874554333316,0.619784574873241,0.586306914299106,0.464578221877067,0.455807283045336,NaN,NaN,NaN,NaN,NaN,NaN,NaN,NaN,NaN
NaN,NaN,0.842100811991259,0.771041439962573,0.715630005952941,0.62516065306166,0.597256399303054,0.47566120265886,0.47316752699165,NaN,NaN,NaN,NaN,NaN,NaN,NaN,NaN,NaN
NaN,NaN,0.850670488420292,0.777251424384304,0.726143948641645,0.626659206963571,0.610191147386407,0.492085877199618,0.484353251279875,NaN,NaN,NaN,NaN,NaN,NaN,NaN,NaN,NaN
NaN,NaN,0.863414855542942,0.79119822208304,0.73246584078394,0.637164320714267,0.620393674432611,0.502718097855298,0.492862522126719,NaN,NaN,NaN,NaN,NaN,NaN,NaN,NaN,NaN
NaN,NaN,0.874169116708799,0.801689868909307,0.740672934708224,0.640705600298437,0.63226706868348,0.514966200430839,0.499845038624092,NaN,NaN,NaN,NaN,NaN,NaN,NaN,NaN,NaN
NaN,NaN,0.885912908110186,0.817059131455608,0.748450465408193,0.645207036204132,0.64302872455058,0.520399648089854,0.512658603014036,NaN,NaN,NaN,NaN,NaN,NaN,NaN,NaN,NaN
NaN,NaN,0.905380213502212,0.82721894804854,0.753654658702241,0.652604866690429,0.653379909306144,0.524469863017051,0.52510457438378,NaN,NaN,NaN,NaN,NaN,NaN,NaN,NaN,NaN
NaN,NaN,0.924959594252869,0.838499909383245,0.762375879940616,0.662737470037731,0.664886734991645,0.534314035762994,0.527985266865774,NaN,NaN,NaN,NaN,NaN,NaN,NaN,NaN,NaN
NaN,NaN,0.941715353968902,0.855877550435253,0.772673290130721,0.674877501941713,0.672304998695229,0.539340439577548,0.531399849326893,NaN,NaN,NaN,NaN,NaN,NaN,NaN,NaN,NaN
NaN,NaN,0.955360812935396,0.873142296564765,0.780693150964604,0.680321007884534,0.675885095804309,0.543913363804071,0.535954538257405,NaN,NaN,NaN,NaN,NaN,NaN,NaN,NaN,NaN
NaN,NaN,0.968368483576342,0.885599574190565,0.787278178987132,0.683139506644996,0.675040646999453,0.541395365585534,0.54297140193133,NaN,NaN,NaN,NaN,NaN,NaN,NaN,NaN,NaN
NaN,NaN,0.982305632773205,0.892337320488878,0.79559190934621,0.693191140807661,0.682566012799119,0.542581199993341,0.547124821217343,NaN,NaN,NaN,NaN,NaN,NaN,NaN,NaN,NaN
NaN,NaN,0.999378545078798,0.906893203151412,0.805865719822274,0.701966080732139,0.687666736155127,0.546161967654674,0.544593356074377,NaN,NaN,NaN,NaN,NaN,NaN,NaN,NaN,NaN
NaN,NaN,1.00951887840347,0.920579342287965,0.81894690906726,0.714682824827226,0.69105116239128,0.55020945831105,0.544699023933693,NaN,NaN,NaN,NaN,NaN,NaN,NaN,NaN,NaN
NaN,NaN,1.01929575378017,0.934141839039512,0.828145824280606,0.723761450416835,0.691325697659825,0.549944441159217,0.549138247491404,NaN,NaN,NaN,NaN,NaN,NaN,NaN,NaN,NaN
NaN,NaN,1.03078957820253,0.945124218356796,0.841508347448932,0.733222756452354,0.691516879557942,0.54639396010801,0.553395974905773,NaN,NaN,NaN,NaN,NaN,NaN,NaN,NaN,NaN
NaN,NaN,1.04445312345342,0.95253162283916,0.853059299198018,0.750618893570693,0.703339907883977,0.548885210742204,0.553862083227917,NaN,NaN,NaN,NaN,NaN,NaN,NaN,NaN,NaN
NaN,NaN,1.0567684488924,0.965876581263729,0.86583264907919,0.767429433680566,0.715484167992448,0.558542429794519,0.549394417078778,NaN,NaN,NaN,NaN,NaN,NaN,NaN,NaN,NaN
NaN,NaN,1.06451116675453,0.979255700600334,0.87970771631323,0.779003370470794,0.726438104718303,0.56565359919235,0.553787260772272,NaN,NaN,NaN,NaN,NaN,NaN,NaN,NaN,NaN
NaN,NaN,1.07315588915662,0.98885826964397,0.889498114493714,0.792745631105693,0.728273387610291,0.570665697892158,0.563619903744742,NaN,NaN,NaN,NaN,NaN,NaN,NaN,NaN,NaN
NaN,NaN,1.08324999162869,0.996256565791555,0.900039531198369,0.802594236947092,0.737874205767487,0.576004839827268,0.574118069829031,NaN,NaN,NaN,NaN,NaN,NaN,NaN,NaN,NaN
NaN,NaN,1.09489632943587,1.00898614351172,0.909821230826007,0.816812068141492,0.747704781203841,0.583808726956098,0.576613232018038,NaN,NaN,NaN,NaN,NaN,NaN,NaN,NaN,NaN
NaN,NaN,1.10774386847333,1.02467628393788,0.923600446340667,0.830416530288251,0.761617604255055,0.597003686566798,0.582059699566647,NaN,NaN,NaN,NaN,NaN,NaN,NaN,NaN,NaN
NaN,NaN,1.1199292185338,1.04272663791198,0.940461985674726,0.845184549606832,0.770834195970868,0.613218105723111,0.594232309134289,NaN,NaN,NaN,NaN,NaN,NaN,NaN,NaN,NaN
NaN,NaN,1.13358007917122,1.05807019595522,0.958023153153287,0.860050134278329,0.776881590097522,0.62693976550266,0.612981024654194,NaN,NaN,NaN,NaN,NaN,NaN,NaN,NaN,NaN
NaN,NaN,1.14833945581631,1.07228687230963,0.975717071351634,0.872767306781801,0.792550980656718,0.64374352558419,0.628740269215389,NaN,NaN,NaN,NaN,NaN,NaN,NaN,NaN,NaN
NaN,NaN,1.16188919344859,1.09165178809781,0.994784876612054,0.893581993795427,0.811374965667104,0.664888124306647,0.636856819958969,NaN,NaN,NaN,NaN,NaN,NaN,NaN,NaN,NaN
NaN,NaN,1.17443990135507,1.11251797724981,1.01863947501503,0.909401532180103,0.83285692667899,0.680214713652579,0.652491118283554,NaN,NaN,NaN,NaN,NaN,NaN,NaN,NaN,NaN
NaN,NaN,1.18569748649315,1.13292519201059,1.03836151575767,0.932813975877555,0.849822233974313,0.698127287764995,0.669846128196999,NaN,NaN,NaN,NaN,NaN,NaN,NaN,NaN,NaN
NaN,NaN,1.19543221021013,1.1504695584299,1.06334891906105,0.949093475855382,0.871845069884633,0.714558593322484,0.689905438096806,NaN,NaN,NaN,NaN,NaN,NaN,NaN,NaN,NaN
NaN,NaN,1.20822668248729,1.17151247535367,1.08474784335219,0.969610456294807,0.900901868551349,0.733984100957362,0.701766538889691,NaN,NaN,NaN,NaN,NaN,NaN,NaN,NaN,NaN
NaN,NaN,1.216641927007,1.19462911237497,1.10889107724749,0.992940291679891,0.928726359813784,0.754068035026042,0.711945466221853,NaN,NaN,NaN,NaN,NaN,NaN,NaN,NaN,NaN
NaN,NaN,1.22939773077087,1.21592330012936,1.13367800405346,1.01302821180919,0.955214384555196,0.77343799858257,0.72584521350412,NaN,NaN,NaN,NaN,NaN,NaN,NaN,NaN,NaN
NaN,NaN,1.24053437435941,1.24121755559463,1.15031773960315,1.03511190033654,0.977479066311692,0.788981921364515,0.740968085350081,NaN,NaN,NaN,NaN,NaN,NaN,NaN,NaN,NaN
NaN,NaN,1.25753473663644,1.25997955177445,1.16754396623098,1.04807041577199,1.00262157207665,0.807497117062061,0.755395669014736,NaN,NaN,NaN,NaN,NaN,NaN,NaN,NaN,NaN
NaN,NaN,1.27498584041314,1.27864482079167,1.19118003910504,1.0723603702257,1.03838843813476,0.829446154971568,0.764988570930048,NaN,NaN,NaN,NaN,NaN,NaN,NaN,NaN,NaN
NaN,NaN,1.2920009734662,1.3006902692141,1.21458976334058,1.09805027014712,1.06551480999527,0.850843030353038,0.7749863746479,NaN,NaN,NaN,NaN,NaN,NaN,NaN,NaN,NaN
NaN,NaN,1.31085835570411,1.31574204389472,1.23864010712229,1.12107718355158,1.08858920222459,0.86479014470145,0.790419768066689,NaN,NaN,NaN,NaN,NaN,NaN,NaN,NaN,NaN
NaN,NaN,1.33181553507165,1.33189931709785,1.25242420276724,1.14515151820281,1.10297672039208,0.877622037519662,0.801389555902764,NaN,NaN,NaN,NaN,NaN,NaN,NaN,NaN,NaN
NaN,NaN,1.35487133810238,1.34188059915323,1.27691778158866,1.16332581258515,1.12794745302138,0.891231715072839,0.813590663941189,NaN,NaN,NaN,NaN,NaN,NaN,NaN,NaN,NaN
NaN,NaN,1.37597225779609,1.35265235055704,1.30242026215516,1.19417689732412,1.15168094223676,0.905429653217046,0.821809790553137,NaN,NaN,NaN,NaN,NaN,NaN,NaN,NaN,NaN
NaN,NaN,1.39454545626359,1.36783473391552,1.32811744501911,1.22193383044699,1.17369951268968,0.926327805359809,0.836585502596184,NaN,NaN,NaN,NaN,NaN,NaN,NaN,NaN,NaN
NaN,NaN,1.41269898215251,1.37918273184914,1.34937754636727,1.24855337656239,1.19349630138216,0.935890551050155,0.854551515997931,NaN,NaN,NaN,NaN,NaN,NaN,NaN,NaN,NaN
NaN,NaN,1.43208516934828,1.39138691325206,1.36693251123749,1.26783864564398,1.20648605337677,0.956344704468696,0.872474986584469,NaN,NaN,NaN,NaN,NaN,NaN,NaN,NaN,NaN
NaN,NaN,1.44952932545857,1.39634899992961,1.39331432795249,1.29039430982569,1.22881702667413,0.974451999505012,0.886951669575258,NaN,NaN,NaN,NaN,NaN,NaN,NaN,NaN,NaN
NaN,NaN,1.46479934627132,1.41231104929466,1.41710466509782,1.31205476812223,1.25089658012924,0.993778433044402,0.896354302288576,NaN,NaN,NaN,NaN,NaN,NaN,NaN,NaN,NaN
NaN,NaN,1.47370357239561,1.43145794246811,1.43288335567437,1.33504524818757,1.26681942081389,1.01868686019346,0.911913126231714,NaN,NaN,NaN,NaN,NaN,NaN,NaN,NaN,NaN
NaN,NaN,1.48789966652112,1.44494870875496,1.4484288989576,1.35337159029344,1.28946983775434,1.03508778600856,0.930827430905386,NaN,NaN,NaN,NaN,NaN,NaN,NaN,NaN,NaN
NaN,NaN,1.49426039481477,1.46398173843045,1.46278901761495,1.37151421970824,1.30845401024756,1.05921639813945,0.949659108640238,NaN,NaN,NaN,NaN,NaN,NaN,NaN,NaN,NaN
NaN,NaN,1.49714594880061,1.47422434960026,1.48440292840921,1.38848990193704,1.33059758281646,1.07855197726652,0.967019240827843,NaN,NaN,NaN,NaN,NaN,NaN,NaN,NaN,NaN
NaN,NaN,1.49249198088364,1.49893768329639,1.50091930097066,1.41290353602866,1.35714614352522,1.09568503438398,0.979532453687473,NaN,NaN,NaN,NaN,NaN,NaN,NaN,NaN,NaN
NaN,NaN,1.48326125169115,1.51972402085084,1.50904594725095,1.43677178762058,1.37876685297427,1.11179905696675,0.998780246348663,NaN,NaN,NaN,NaN,NaN,NaN,NaN,NaN,NaN
NaN,NaN,1.47290900522785,1.54039750073571,1.52285666009508,1.45581632844308,1.40298831796584,1.12951115458175,1.01812957179694,NaN,NaN,NaN,NaN,NaN,NaN,NaN,NaN,NaN
NaN,NaN,1.45966386595683,1.55622514162678,1.54027585676037,1.48101337245801,1.42705918809709,1.14834817810818,1.03828784403352,NaN,NaN,NaN,NaN,NaN,NaN,NaN,NaN,NaN
NaN,NaN,1.44184133211093,1.57271858502645,1.55668248226963,1.50085210791925,1.4511256623858,1.16806280552313,1.05451038432269,NaN,NaN,NaN,NaN,NaN,NaN,NaN,NaN,NaN
NaN,NaN,1.41793541783409,1.59656198893208,1.57055291151725,1.52695311225155,1.47379591649709,1.18524177684352,1.06580425378828,NaN,NaN,NaN,NaN,NaN,NaN,NaN,NaN,NaN
NaN,NaN,1.39868237251358,1.61289515171666,1.5758476852449,1.54794383785823,1.49076301193175,1.2035888874428,1.08180608925371,NaN,NaN,NaN,NaN,NaN,NaN,NaN,NaN,NaN
NaN,NaN,1.37159165168123,1.6288671476068,1.58422627290808,1.56209019935826,1.5065366733664,1.2235888720946,1.09486973238139,NaN,NaN,NaN,NaN,NaN,NaN,NaN,NaN,NaN
NaN,NaN,1.34908478880243,1.63612572674174,1.59734698748313,1.57461952409843,1.52183740919766,1.2431818687813,1.11200858232526,NaN,NaN,NaN,NaN,NaN,NaN,NaN,NaN,NaN
NaN,NaN,1.32439512932615,1.6413843651535,1.61113329967581,1.5891521609495,1.54351517146764,1.26737634404465,1.12151028913407,NaN,NaN,NaN,NaN,NaN,NaN,NaN,NaN,NaN
NaN,NaN,1.30182754421548,1.65314948384184,1.62408045297586,1.61120016119579,1.56472188940582,1.28614137633607,1.13013526749758,NaN,NaN,NaN,NaN,NaN,NaN,NaN,NaN,NaN
NaN,NaN,1.28327746117429,1.65286084834952,1.63729148721419,1.62718880913356,1.57665174043116,1.30646544261738,1.14157593202738,NaN,NaN,NaN,NaN,NaN,NaN,NaN,NaN,NaN
NaN,NaN,1.25900155106501,1.64893331204075,1.65558957299315,1.64636164895395,1.5873127389544,1.3220838712053,1.1474225888863,NaN,NaN,NaN,NaN,NaN,NaN,NaN,NaN,NaN
NaN,NaN,1.24372871765809,1.62999334011693,1.67785026868902,1.65950285262564,1.60307034438786,1.33559529422685,1.15871988561897,NaN,NaN,NaN,NaN,NaN,NaN,NaN,NaN,NaN
NaN,NaN,1.22607700699882,1.61909485433716,1.69965882590138,1.68178940183619,1.62142026758132,1.35213390677139,1.16105133992581,NaN,NaN,NaN,NaN,NaN,NaN,NaN,NaN,NaN
NaN,NaN,1.21894112029986,1.60512339521665,1.72140995776378,1.70867275438407,1.64165421909032,1.36355670853421,1.16887390938549,NaN,NaN,NaN,NaN,NaN,NaN,NaN,NaN,NaN
NaN,NaN,1.20791575113253,1.59126613487024,1.74109208202087,1.72821626058915,1.65528809240398,1.38139423667356,1.18014229786543,NaN,NaN,NaN,NaN,NaN,NaN,NaN,NaN,NaN
NaN,NaN,1.19913226166682,1.56973276485223,1.76873029014193,1.74655880770782,1.67162319233951,1.39575120746061,1.19245933693795,NaN,NaN,NaN,NaN,NaN,NaN,NaN,NaN,NaN
NaN,NaN,1.19077315727191,1.54264668200631,1.7899650036367,1.76287725559572,1.69326351544199,1.40786607502863,1.20774116692094,NaN,NaN,NaN,NaN,NaN,NaN,NaN,NaN,NaN
NaN,NaN,1.18616936901526,1.525364576024,1.80704057952486,1.77919976405004,1.71103814205465,1.42412614761755,1.21534331095366,NaN,NaN,NaN,NaN,NaN,NaN,NaN,NaN,NaN
NaN,NaN,1.17615632886009,1.5081031267764,1.82430471098147,1.79519027463296,1.73112742191491,1.43822814091012,1.22637274068741,NaN,NaN,NaN,NaN,NaN,NaN,NaN,NaN,NaN
NaN,NaN,1.16793962368683,1.49114577297587,1.8407907596799,1.81061038739184,1.74560043549476,1.45988759337827,1.23763069835453,NaN,NaN,NaN,NaN,NaN,NaN,NaN,NaN,NaN
NaN,NaN,1.15573683926777,1.46964712266345,1.85151171675049,1.81881707153419,1.76414751967726,1.48175154565736,1.25304213118701,NaN,NaN,NaN,NaN,NaN,NaN,NaN,NaN,NaN
NaN,NaN,1.13971268931346,1.45132657338399,1.85481822854005,1.83065023264984,1.78215225747166,1.50168527602121,1.26686342385559,NaN,NaN,NaN,NaN,NaN,NaN,NaN,NaN,NaN
NaN,NaN,1.1233348602982,1.44431440357585,1.8512541315528,1.84721451244453,1.80312793290553,1.52540200143024,1.2818390163496,NaN,NaN,NaN,NaN,NaN,NaN,NaN,NaN,NaN
NaN,NaN,1.09992798590974,1.4312511329772,1.84877753993593,1.86372539020279,1.82734520694551,1.54674109755918,1.30019033652691,NaN,NaN,NaN,NaN,NaN,NaN,NaN,NaN,NaN
NaN,NaN,1.07551541352586,1.42074588884134,1.84440958118163,1.88584838054279,1.85102343147931,1.57312295152709,1.31770601821093,NaN,NaN,NaN,NaN,NaN,NaN,NaN,NaN,NaN
NaN,NaN,1.0451742651494,1.40172630746383,1.82995957126938,1.90452335394123,1.8812368955308,1.5997495943205,1.34116432023196,NaN,NaN,NaN,NaN,NaN,NaN,NaN,NaN,NaN
NaN,NaN,1.01341828877048,1.38990313012619,1.81056174254142,1.92453999064067,1.90735151579914,1.62519911988541,1.35851294127254,NaN,NaN,NaN,NaN,NaN,NaN,NaN,NaN,NaN
NaN,NaN,0.975078942123218,1.38234351028223,1.78632304808222,1.94532930842737,1.93238421863255,1.65265192030832,1.37804139730482,NaN,NaN,NaN,NaN,NaN,NaN,NaN,NaN,NaN
NaN,NaN,0.927299449089332,1.36900264967699,1.76379960766159,1.96674903846482,1.9486303027564,1.6754106128113,1.39461474818139,NaN,NaN,NaN,NaN,NaN,NaN,NaN,NaN,NaN
NaN,NaN,0.881022719535395,1.3527972829761,1.73791157817565,1.98509195811251,1.9694290269011,1.69991577728554,1.40935672772078,NaN,NaN,NaN,NaN,NaN,NaN,NaN,NaN,NaN
NaN,NaN,0.827270673456951,1.33041430462617,1.70993170505487,2.00095510102013,1.99043688884315,1.72315493910476,1.43088477057366,NaN,NaN,NaN,NaN,NaN,NaN,NaN,NaN,NaN
NaN,NaN,0.779740700367256,1.31199637625832,1.68451505517684,2.01987210652927,2.00807911863861,1.74840085892841,1.44770315241961,NaN,NaN,NaN,NaN,NaN,NaN,NaN,NaN,NaN
NaN,NaN,0.727499576154514,1.29375763435382,1.66468030577623,2.0348173937867,2.0250109914535,1.77670255987808,1.46832362142353,NaN,NaN,NaN,NaN,NaN,NaN,NaN,NaN,NaN
NaN,NaN,0.67132271999435,1.2701901254477,1.64714370658718,2.05256126812795,2.03387692159352,1.79651840343043,1.48471149009614,NaN,NaN,NaN,NaN,NaN,NaN,NaN,NaN,NaN
NaN,NaN,0.611181950065657,1.24375987995882,1.6271034329208,2.0617970823417,2.04607024377522,1.81159364743993,1.50111353349833,NaN,NaN,NaN,NaN,NaN,NaN,NaN,NaN,NaN
NaN,NaN,0.552141258362099,1.20817266602535,1.60942856958233,2.06768607712487,2.06148575580058,1.8262149462001,1.52391644519715,NaN,NaN,NaN,NaN,NaN,NaN,NaN,NaN,NaN
NaN,NaN,0.499410724136396,1.18044877622742,1.59791297083818,2.07331983364323,2.07760309389172,1.8432611295478,1.54224219125657,NaN,NaN,NaN,NaN,NaN,NaN,NaN,NaN,NaN
NaN,NaN,0.448376798871323,1.15375038434286,1.59727272382103,2.07817234090665,2.09524359142718,1.86728314249679,1.5630338746026,NaN,NaN,NaN,NaN,NaN,NaN,NaN,NaN,NaN
NaN,NaN,0.399947130921646,1.11792022560257,1.58963768547498,2.08563771090606,2.11209186872778,1.88720746650264,1.58158924755602,NaN,NaN,NaN,NaN,NaN,NaN,NaN,NaN,NaN
NaN,NaN,0.351383352521225,1.08362466294784,1.58502922197901,2.07992276168564,2.13109928703246,1.90788603140876,1.60499738854317,NaN,NaN,NaN,NaN,NaN,NaN,NaN,NaN,NaN
NaN,NaN,0.302476307246252,1.04318851802964,1.57786945616923,2.07403201601604,2.14844001045761,1.92779036923215,1.63093492713718,NaN,NaN,NaN,NaN,NaN,NaN,NaN,NaN,NaN
NaN,NaN,0.263423530253931,1.00667009328026,1.5755174941393,2.06121047950486,2.16682759633598,1.95207726894781,1.65632559311537,NaN,NaN,NaN,NaN,NaN,NaN,NaN,NaN,NaN
NaN,NaN,0.222778079900309,0.969549512607046,1.57360977297746,2.05147016785243,2.18629393315253,1.97737100287244,1.67436242428569,NaN,NaN,NaN,NaN,NaN,NaN,NaN,NaN,NaN
NaN,NaN,0.188023207578226,0.927521979552694,1.55867743110381,2.0404203794072,2.20547146683869,1.99814961044952,1.69126654368786,NaN,NaN,NaN,NaN,NaN,NaN,NaN,NaN,NaN
NaN,NaN,0.147805606815382,0.881554635358043,1.54880883907996,2.02148484057883,2.22776608130274,2.01851515783831,1.71168962818532,NaN,NaN,NaN,NaN,NaN,NaN,NaN,NaN,NaN
NaN,NaN,0.110479930284782,0.83136746857781,1.5295995100411,2.00736844903925,2.24546396693525,2.04335123984977,1.73768679005055,NaN,NaN,NaN,NaN,NaN,NaN,NaN,NaN,NaN
NaN,NaN,0.0746991130145034,0.783401617896743,1.51509937634789,1.98860617346266,2.26411563864288,2.06965059726402,1.76469309580474,NaN,NaN,NaN,NaN,NaN,NaN,NaN,NaN,NaN
NaN,NaN,0.0386648642452201,0.733621494960971,1.49017995959245,1.98036037377218,2.29165041407881,2.09396415143177,1.78491572243123,NaN,NaN,NaN,NaN,NaN,NaN,NaN,NaN,NaN
NaN,NaN,0.00543350527004804,0.6821601112606,1.46415837844931,1.96906749150852,2.31645494288144,2.11642228751346,1.80641077783851,NaN,NaN,NaN,NaN,NaN,NaN,NaN,NaN,NaN
NaN,NaN,-0.0356273149518529,0.628797581535764,1.43856129413568,1.95562012485364,2.34531273654041,2.14274021549985,1.83134030875711,NaN,NaN,NaN,NaN,NaN,NaN,NaN,NaN,NaN
NaN,NaN,-0.0716861692635575,0.577967187506147,1.404147826043,1.94853590793112,2.36664780935583,2.17215186669394,1.8582468139842,NaN,NaN,NaN,NaN,NaN,NaN,NaN,NaN,NaN
NaN,NaN,-0.109625326600508,0.5283540134551,1.36910441136085,1.94034118197063,2.38659504389701,2.19981898306772,1.88336698663382,NaN,NaN,NaN,NaN,NaN,NaN,NaN,NaN,NaN
NaN,NaN,-0.152702963110642,0.481431895983405,1.32959236195408,1.93909605956772,2.40415293312011,2.22176233990952,1.89835369911937,NaN,NaN,NaN,NaN,NaN,NaN,NaN,NaN,NaN
NaN,NaN,-0.198213549461798,0.432453772169538,1.29282957678758,1.93249689406851,2.41866506224809,2.23716030581757,1.92104913619308,NaN,NaN,NaN,NaN,NaN,NaN,NaN,NaN,NaN
NaN,NaN,-0.248436702546314,0.376850964617915,1.25255807107411,1.9243331625233,2.42831123581467,2.25469789220854,1.94397017684726,NaN,NaN,NaN,NaN,NaN,NaN,NaN,NaN,NaN
NaN,NaN,-0.297744905707077,0.331718998146243,1.20740809282385,1.92001435897449,2.42918701431093,2.27736173882052,1.96947396126537,NaN,NaN,NaN,NaN,NaN,NaN,NaN,NaN,NaN
NaN,NaN,-0.343789959457354,0.27937000815291,1.16237289076768,1.91463271147707,2.43012869319258,2.29410853921339,1.99423328367023,NaN,NaN,NaN,NaN,NaN,NaN,NaN,NaN,NaN
NaN,NaN,-0.400381924715475,0.236611368251033,1.12155004209005,1.90960945553282,2.42469461223421,2.30610337792799,2.01143738207368,NaN,NaN,NaN,NaN,NaN,NaN,NaN,NaN,NaN
NaN,NaN,-0.461573077496723,0.182857552659698,1.07753186291181,1.90024400121668,2.41224158143935,2.31007239534423,2.03537825819997,NaN,NaN,NaN,NaN,NaN,NaN,NaN,NaN,NaN
NaN,NaN,-0.520809663590626,0.126016086083837,1.03271252280198,1.88359184182385,2.39764105117259,2.31733963577911,2.05778371867685,NaN,NaN,NaN,NaN,NaN,NaN,NaN,NaN,NaN
NaN,NaN,-0.579433197286562,0.0755185653688386,0.982976376918183,1.87369259066084,2.37840216195521,2.3289086738126,2.08192097348122,NaN,NaN,NaN,NaN,NaN,NaN,NaN,NaN,NaN
NaN,NaN,-0.629409903791384,0.0267018211307004,0.941641896870957,1.85507340348462,2.35956258660493,2.3377438889341,2.10539674711375,NaN,NaN,NaN,NaN,NaN,NaN,NaN,NaN,NaN
NaN,NaN,-0.69201370528026,-0.0171485150931403,0.900925516990052,1.83790013185838,2.33913579544363,2.34406257732674,2.1249005976036,NaN,NaN,NaN,NaN,NaN,NaN,NaN,NaN,NaN
NaN,NaN,-0.744698437061743,-0.0737146640894934,0.856182787475215,1.81239768854478,2.31573573833642,2.34753952114746,2.15011548575906,NaN,NaN,NaN,NaN,NaN,NaN,NaN,NaN,NaN
NaN,NaN,-0.799383835998015,-0.128990558790974,0.808707296756135,1.78228892377714,2.2922912943953,2.3595068485932,2.17204060730486,NaN,NaN,NaN,NaN,NaN,NaN,NaN,NaN,NaN
NaN,NaN,-0.844165383037762,-0.181252544629388,0.753012269643174,1.75399435675839,2.267884067803,2.3716009104149,2.19676252779512,NaN,NaN,NaN,NaN,NaN,NaN,NaN,NaN,NaN
NaN,NaN,-0.881023125853972,-0.235209798323922,0.71000090604745,1.71580739311078,2.24869504159627,2.38328271298572,2.21728360605387,NaN,NaN,NaN,NaN,NaN,NaN,NaN,NaN,NaN
NaN,NaN,-0.927901657429175,-0.285160185652785,0.658064994868861,1.68173352248171,2.22594225367842,2.39281973554656,2.23674418729691,NaN,NaN,NaN,NaN,NaN,NaN,NaN,NaN,NaN
NaN,NaN,-0.964851806071238,-0.350372062879615,0.601601477620231,1.63904834530452,2.20893060377178,2.40129193975493,2.25536501360087,NaN,NaN,NaN,NaN,NaN,NaN,NaN,NaN,NaN
NaN,NaN,-1.00218489592953,-0.411405207472853,0.538042362687217,1.59901162601212,2.19159245079694,2.41792971952721,2.27421924796848,NaN,NaN,NaN,NaN,NaN,NaN,NaN,NaN,NaN
NaN,NaN,-1.03577358475013,-0.469760538893752,0.475693017152177,1.55663115895489,2.17685656210718,2.42988365455434,2.29696311381607,NaN,NaN,NaN,NaN,NaN,NaN,NaN,NaN,NaN
NaN,NaN,-1.06671184128209,-0.525878609973006,0.421149365511762,1.51257848358849,2.17138101866779,2.44029619484111,2.31696047213821,NaN,NaN,NaN,NaN,NaN,NaN,NaN,NaN,NaN
NaN,NaN,-1.09961587762518,-0.582709776121192,0.3603643252524,1.46692987523177,2.16365668511329,2.44669741704032,2.33574422401337,NaN,NaN,NaN,NaN,NaN,NaN,NaN,NaN,NaN
NaN,NaN,-1.13171307196899,-0.644764358061366,0.292699865904675,1.4194020814369,2.15646879336176,2.4561957152085,2.35226037305741,NaN,NaN,NaN,NaN,NaN,NaN,NaN,NaN,NaN
NaN,NaN,-1.16202700709982,-0.703121663886122,0.222992811259852,1.36964932075837,2.14854433721242,2.4718046256797,2.36873898980169,NaN,NaN,NaN,NaN,NaN,NaN,NaN,NaN,NaN
NaN,NaN,-1.19417158713623,-0.757924912380986,0.153837285843717,1.32133051744798,2.13943969047007,2.48511030091807,2.38863079202323,NaN,NaN,NaN,NaN,NaN,NaN,NaN,NaN,NaN
NaN,NaN,-1.22518954625411,-0.808943973737769,0.088406491932498,1.27032920709947,2.13134273475346,2.49216745360657,2.40575634268074,NaN,NaN,NaN,NaN,NaN,NaN,NaN,NaN,NaN
NaN,NaN,-1.26111700957699,-0.864250248181634,0.0129514261158571,1.21487459159592,2.1183123025888,2.4940793284671,2.41910042566208,NaN,NaN,NaN,NaN,NaN,NaN,NaN,NaN,NaN
NaN,NaN,-1.29769814958854,-0.926751566934399,-0.0654008352188005,1.16379680103758,2.10293098872838,2.50180207877323,2.43288701725154,NaN,NaN,NaN,NaN,NaN,NaN,NaN,NaN,NaN
NaN,NaN,-1.33313456377073,-0.979390459018759,-0.139327582064046,1.10932949922183,2.09227462819157,2.51243528663084,2.45072046619801,NaN,NaN,NaN,NaN,NaN,NaN,NaN,NaN,NaN
NaN,NaN,-1.37432919642015,-1.03276569198351,-0.207873538228644,1.05887955046395,2.07382516524134,2.51860490753218,2.46934531581549,NaN,NaN,NaN,NaN,NaN,NaN,NaN,NaN,NaN
NaN,NaN,-1.4119718765287,-1.08604743878823,-0.272747531625403,1.00030062711933,2.05207746064601,2.51129493801758,2.48725569200663,NaN,NaN,NaN,NaN,NaN,NaN,NaN,NaN,NaN
NaN,NaN,-1.45909989079519,-1.14990696113091,-0.348592430445327,0.938893761403354,2.02430024331746,2.4996086650984,2.49811042425184,NaN,NaN,NaN,NaN,NaN,NaN,NaN,NaN,NaN
NaN,NaN,-1.50617770677491,-1.21170222561341,-0.420832179578914,0.87958063922027,1.99405911898551,2.49225587337181,2.51026526418476,NaN,NaN,NaN,NaN,NaN,NaN,NaN,NaN,NaN
NaN,NaN,-1.54979783868475,-1.26386202673893,-0.48399466285385,0.818818602628501,1.97026276549635,2.48796191750929,2.52320077595262,NaN,NaN,NaN,NaN,NaN,NaN,NaN,NaN,NaN
NaN,NaN,-1.59446123814269,-1.31205173011404,-0.542445287200583,0.764189977116378,1.9340523291224,2.47693701400325,2.53945162844805,NaN,NaN,NaN,NaN,NaN,NaN,NaN,NaN,NaN
NaN,NaN,-1.63712912997289,-1.36305957834702,-0.602922208699359,0.70173555976847,1.90183467751679,2.46113479821846,2.55504582402258,NaN,NaN,NaN,NaN,NaN,NaN,NaN,NaN,NaN
NaN,NaN,-1.67767358770652,-1.42288923065644,-0.674027104022874,0.637989696032794,1.85925298890409,2.44465107782647,2.56245939386038,NaN,NaN,NaN,NaN,NaN,NaN,NaN,NaN,NaN
NaN,NaN,-1.71965787014051,-1.47640738438349,-0.739163972529544,0.573914926416667,1.82169099858341,2.43280057548448,2.57487852451353,NaN,NaN,NaN,NaN,NaN,NaN,NaN,NaN,NaN
NaN,NaN,-1.75429271360918,-1.52385351981502,-0.803195342513694,0.501885693437847,1.78253011366663,2.4196002328293,2.5846718842998,NaN,NaN,NaN,NaN,NaN,NaN,NaN,NaN,NaN
NaN,NaN,-1.7836329696147,-1.57000521000009,-0.862730417492761,0.430358424700292,1.73421851879296,2.40011115311548,2.59550581079869,NaN,NaN,NaN,NaN,NaN,NaN,NaN,NaN,NaN
NaN,NaN,-1.80634654885216,-1.61675145651679,-0.929158173593654,0.350783560342582,1.6872637864047,2.37978585748836,2.60529898432045,NaN,NaN,NaN,NaN,NaN,NaN,NaN,NaN,NaN
NaN,NaN,-1.82323191141768,-1.66436493198853,-0.994901295843495,0.271427072502168,1.63933921194014,2.36419225796029,2.61164058324842,NaN,NaN,NaN,NaN,NaN,NaN,NaN,NaN,NaN
NaN,NaN,-1.84092486104055,-1.70725656475406,-1.05959796542205,0.190977491355928,1.59314242711601,2.35710098161265,2.62003966000824,NaN,NaN,NaN,NaN,NaN,NaN,NaN,NaN,NaN
NaN,NaN,-1.85457082292123,-1.74731792684179,-1.11384866023339,0.108679775066169,1.54514388701258,2.33997800140545,2.63248375010638,NaN,NaN,NaN,NaN,NaN,NaN,NaN,NaN,NaN
NaN,NaN,-1.86353128230257,-1.79040772642475,-1.17885333681382,0.0229750386545978,1.49247834047613,2.32547902255222,2.63990370881705,NaN,NaN,NaN,NaN,NaN,NaN,NaN,NaN,NaN
NaN,NaN,-1.87248488714977,-1.83389900054317,-1.24378686034955,-0.0660350547065415,1.44129950141845,2.31092680930063,2.64402494159488,NaN,NaN,NaN,NaN,NaN,NaN,NaN,NaN,NaN
NaN,NaN,-1.88047092234774,-1.8813476319192,-1.30670697623767,-0.145870186470953,1.39578500351248,2.3010746830599,2.64478372734933,NaN,NaN,NaN,NaN,NaN,NaN,NaN,NaN,NaN
NaN,NaN,-1.89029274335189,-1.92120719503146,-1.37046926850356,-0.226296577685086,1.34574127903519,2.29660761295721,2.64916861754803,NaN,NaN,NaN,NaN,NaN,NaN,NaN,NaN,NaN
NaN,NaN,-1.89989825537486,-1.96532603155356,-1.42894028881468,-0.305673517369238,1.29151979049978,2.28199991150662,2.65488643524198,NaN,NaN,NaN,NaN,NaN,NaN,NaN,NaN,NaN
NaN,NaN,-1.90606308927818,-2.00929960038047,-1.50373422736205,-0.385746322654692,1.22966683989701,2.26968309595153,2.65371980470566,NaN,NaN,NaN,NaN,NaN,NaN,NaN,NaN,NaN
NaN,NaN,-1.91536890169664,-2.05367039691191,-1.57326718056477,-0.46950949364206,1.17172479218182,2.25178607492611,2.65259245735554,NaN,NaN,NaN,NaN,NaN,NaN,NaN,NaN,NaN
NaN,NaN,-1.92612426182313,-2.09983926068526,-1.64036114895619,-0.542615652166812,1.11707998028335,2.24243241115376,2.64971005124001,NaN,NaN,NaN,NaN,NaN,NaN,NaN,NaN,NaN
NaN,NaN,-1.9412272778718,-2.13490478496533,-1.70447324598111,-0.614077653818337,1.05293538010058,2.23001331775352,2.65907125872521,NaN,NaN,NaN,NaN,NaN,NaN,NaN,NaN,NaN
NaN,NaN,-1.94884791797085,-2.16959742631298,-1.77276672059573,-0.685909167014567,0.987469419448947,2.21098321243092,2.6653431947246,NaN,NaN,NaN,NaN,NaN,NaN,NaN,NaN,NaN
NaN,NaN,-1.96096947243495,-2.2005465979455,-1.84313454860724,-0.761122852646319,0.917044855266189,2.19091760679051,2.66496800211219,NaN,NaN,NaN,NaN,NaN,NaN,NaN,NaN,NaN
NaN,NaN,-1.97861742055102,-2.22991822089534,-1.91103101903476,-0.833549052559344,0.848194934039687,2.16955252676174,2.66565651026516,NaN,NaN,NaN,NaN,NaN,NaN,NaN,NaN,NaN
NaN,NaN,-1.99406059285684,-2.26166961516719,-1.97560387859024,-0.900190975599495,0.779993529974793,2.14475656612679,2.66609736111908,NaN,NaN,NaN,NaN,NaN,NaN,NaN,NaN,NaN
NaN,NaN,-2.01364720067068,-2.2768698799191,-2.0366036073295,-0.967771113001315,0.705511770754432,2.12012802003786,2.67422240552454,NaN,NaN,NaN,NaN,NaN,NaN,NaN,NaN,NaN
NaN,NaN,-2.02825151210709,-2.2950748706935,-2.09909514719523,-1.03331148632666,0.632583215444659,2.08968794657752,2.67916838032155,NaN,NaN,NaN,NaN,NaN,NaN,NaN,NaN,NaN
NaN,NaN,-2.04173892563267,-2.30775290902238,-2.15849613035001,-1.10631845899722,0.56045339962778,2.0573896238105,2.68092336458115,NaN,NaN,NaN,NaN,NaN,NaN,NaN,NaN,NaN
NaN,NaN,-2.05518068572565,-2.33005583088379,-2.21442981818594,-1.1725938507249,0.48872585928378,2.02333806767031,2.68066294816284,NaN,NaN,NaN,NaN,NaN,NaN,NaN,NaN,NaN
NaN,NaN,-2.06917991688533,-2.34883125673514,-2.26546327778973,-1.24403527014753,0.412659547834968,1.98295202790662,2.68054277029781,NaN,NaN,NaN,NaN,NaN,NaN,NaN,NaN,NaN
NaN,NaN,-2.0852289704053,-2.36213903676253,-2.31902755061067,-1.31747277461788,0.329184919207667,1.94462119354769,2.68222479474692,NaN,NaN,NaN,NaN,NaN,NaN,NaN,NaN,NaN
NaN,NaN,-2.09892308166309,-2.37545424874406,-2.3688127585677,-1.39543976642987,0.245715226590012,1.89990072264239,2.67910318774132,NaN,NaN,NaN,NaN,NaN,NaN,NaN,NaN,NaN
NaN,NaN,-2.11102066388412,-2.38517377327662,-2.41529553392805,-1.47714575760862,0.167589742302274,1.85168574317261,2.67278272983579,NaN,NaN,NaN,NaN,NaN,NaN,NaN,NaN,NaN
NaN,NaN,-2.11497250771208,-2.398040162283,-2.4564574771551,-1.55374718838236,0.0843648385101308,1.8015056730704,2.66356585872321,NaN,NaN,NaN,NaN,NaN,NaN,NaN,NaN,NaN
NaN,NaN,-2.12579261338396,-2.40639302681666,-2.49449568996109,-1.63888098680278,0.00324392279920478,1.74609943046138,2.66090464171915,NaN,NaN,NaN,NaN,NaN,NaN,NaN,NaN,NaN
NaN,NaN,-2.13198354294582,-2.41173885564785,-2.53376179570235,-1.71843245633742,-0.083776567519332,1.70065094469949,2.65606871199755,NaN,NaN,NaN,NaN,NaN,NaN,NaN,NaN,NaN
NaN,NaN,-2.13815215801878,-2.41702820907813,-2.57169577488579,-1.8071341887941,-0.16588118338647,1.64861316545769,2.65016839233188,NaN,NaN,NaN,NaN,NaN,NaN,NaN,NaN,NaN
NaN,NaN,-2.1385642123787,-2.43010766606312,-2.6079712734548,-1.89529219650528,-0.244370423645402,1.59138419418499,2.63664985400586,NaN,NaN,NaN,NaN,NaN,NaN,NaN,NaN,NaN
NaN,NaN,-2.14086731722637,-2.44339419330936,-2.6460246481923,-1.97735285394689,-0.330439437568809,1.53635975657865,2.62349995178132,NaN,NaN,NaN,NaN,NaN,NaN,NaN,NaN,NaN
NaN,NaN,-2.1502889116673,-2.45546480442863,-2.68786392370142,-2.06457406290671,-0.413425438494111,1.47578567950889,2.61252755624203,NaN,NaN,NaN,NaN,NaN,NaN,NaN,NaN,NaN
NaN,NaN,-2.15449053620978,-2.46862329344731,-2.72815625378765,-2.14761843913099,-0.502017032743121,1.42757667913005,2.59771567163019,NaN,NaN,NaN,NaN,NaN,NaN,NaN,NaN,NaN
NaN,NaN,-2.16161448335333,-2.47705602820497,-2.77283759051837,-2.23684255041978,-0.585289657503987,1.36932375593945,2.57898742658047,NaN,NaN,NaN,NaN,NaN,NaN,NaN,NaN,NaN
NaN,NaN,-2.1558599901764,-2.49766940053087,-2.80998976165332,-2.32197543614408,-0.666677024603511,1.30919496281907,2.55512718436269,NaN,NaN,NaN,NaN,NaN,NaN,NaN,NaN,NaN
NaN,NaN,-2.15933628207131,-2.51148167799693,-2.85432799914755,-2.39985285335085,-0.751091469467307,1.25402540652916,2.53440877747683,NaN,NaN,NaN,NaN,NaN,NaN,NaN,NaN,NaN
NaN,NaN,-2.16537032103224,-2.52231802593451,-2.8871565611092,-2.47430626311204,-0.832414500803376,1.19365821345612,2.51697313365488,NaN,NaN,NaN,NaN,NaN,NaN,NaN,NaN,NaN
NaN,NaN,-2.16720014637394,-2.53513086389285,-2.92033347496666,-2.54826715224287,-0.920148197949554,1.14127096473142,2.49913163808136,NaN,NaN,NaN,NaN,NaN,NaN,NaN,NaN,NaN
NaN,NaN,-2.17141561036988,-2.54257205675822,-2.95295247072257,-2.62496910997531,-1.00732058698001,1.07678298591539,2.48043690201788,NaN,NaN,NaN,NaN,NaN,NaN,NaN,NaN,NaN
NaN,NaN,-2.17329669570609,-2.56459999631625,-2.98027971023597,-2.69813086845776,-1.09633488991919,1.01044802679583,2.46096702617554,NaN,NaN,NaN,NaN,NaN,NaN,NaN,NaN,NaN
NaN,NaN,-2.18505941158219,-2.57424844230991,-3.01266401270307,-2.76364536964199,-1.19072776699128,0.945026099075524,2.44597800401001,NaN,NaN,NaN,NaN,NaN,NaN,NaN,NaN,NaN
NaN,NaN,-2.19015359705372,-2.58686940919142,-3.03067247578777,-2.82553708189031,-1.27612796092095,0.876542131741492,2.43229199525861,NaN,NaN,NaN,NaN,NaN,NaN,NaN,NaN,NaN
NaN,NaN,-2.19674698835297,-2.59350007202011,-3.05249584102906,-2.88550516598722,-1.36782199555698,0.809924069185702,2.41758630004673,NaN,NaN,NaN,NaN,NaN,NaN,NaN,NaN,NaN
NaN,NaN,-2.1976166759996,-2.59971013094764,-3.06913898521937,-2.94573595755598,-1.46144919508758,0.736911787976472,2.40396095764784,NaN,NaN,NaN,NaN,NaN,NaN,NaN,NaN,NaN
NaN,NaN,-2.19970827749057,-2.61418191518169,-3.0907487609414,-3.00513530158302,-1.55560575836959,0.66388363703057,2.39185069081335,NaN,NaN,NaN,NaN,NaN,NaN,NaN,NaN,NaN
NaN,NaN,-2.20645086666627,-2.61925734381657,-3.11007929230012,-3.05579442539117,-1.65501054787698,0.591653275628535,2.37789236334114,NaN,NaN,NaN,NaN,NaN,NaN,NaN,NaN,NaN
NaN,NaN,-2.20970645373745,-2.63160887907725,-3.12392152110018,-3.11180893340012,-1.74979363048139,0.516008722920863,2.36408174362926,NaN,NaN,NaN,NaN,NaN,NaN,NaN,NaN,NaN
NaN,NaN,-2.20113245597167,-2.6383421177743,-3.14077965179361,-3.16709971063635,-1.84563361519637,0.440403565158097,2.34256796863823,NaN,NaN,NaN,NaN,NaN,NaN,NaN,NaN,NaN
NaN,NaN,-2.1936562453775,-2.63937542017084,-3.15949811795629,-3.22553303100964,-1.94638824501696,0.362771830846517,2.32360191968231,NaN,NaN,NaN,NaN,NaN,NaN,NaN,NaN,NaN
NaN,NaN,-2.18550162216707,-2.64827867771965,-3.17255906024851,-3.2796528936257,-2.04469791093531,0.283594492216556,2.30612388205676,NaN,NaN,NaN,NaN,NaN,NaN,NaN,NaN,NaN
NaN,NaN,-2.17931221997424,-2.64492815162521,-3.18248803922809,-3.33153907217881,-2.14709451833429,0.212950080026834,2.28472357940821,NaN,NaN,NaN,NaN,NaN,NaN,NaN,NaN,NaN
NaN,NaN,-2.17411223625822,-2.6547411250649,-3.19337689513244,-3.38901212447187,-2.24112272673907,0.131887744505851,2.26436890986709,NaN,NaN,NaN,NaN,NaN,NaN,NaN,NaN,NaN
NaN,NaN,-2.16093653639837,-2.65730038087349,-3.19778465861358,-3.44747507952949,-2.33345732504191,0.0579439917103931,2.23641664114742,NaN,NaN,NaN,NaN,NaN,NaN,NaN,NaN,NaN
NaN,NaN,-2.1479229611723,-2.66269223566633,-3.21331099802531,-3.49902525552413,-2.42903072798314,-0.0248663431508855,2.21018798974304,NaN,NaN,NaN,NaN,NaN,NaN,NaN,NaN,NaN
NaN,NaN,-2.13563365688606,-2.66750382061582,-3.2155569569198,-3.55836609386703,-2.51896080040994,-0.102234494547398,2.18038779077081,NaN,NaN,NaN,NaN,NaN,NaN,NaN,NaN,NaN
NaN,NaN,-2.1257263218431,-2.66532888438087,-3.22339474419035,-3.61144149684211,-2.61486208477678,-0.177985106269868,2.13907674279956,NaN,NaN,NaN,NaN,NaN,NaN,NaN,NaN,NaN
NaN,NaN,-2.10610611191078,-2.67206396709662,-3.23360058674492,-3.66742404186031,-2.70119045341077,-0.258385550837071,2.09263457310347,NaN,NaN,NaN,NaN,NaN,NaN,NaN,NaN,NaN
NaN,NaN,-2.08482390096469,-2.66915395657998,-3.24303544321932,-3.71801942595145,-2.79149288722935,-0.334944047640117,2.0449613253489,NaN,NaN,NaN,NaN,NaN,NaN,NaN,NaN,NaN
NaN,NaN,-2.05849857827707,-2.67277607496362,-3.25959387430824,-3.76434367158314,-2.88370982223811,-0.413192336122544,1.99883073893337,NaN,NaN,NaN,NaN,NaN,NaN,NaN,NaN,NaN
NaN,NaN,-2.02992755746527,-2.67201706569176,-3.26013111704863,-3.80663391210934,-2.96517320388618,-0.483141776780637,1.95194540870337,NaN,NaN,NaN,NaN,NaN,NaN,NaN,NaN,NaN
NaN,NaN,-2.00247933914943,-2.66433574061375,-3.26784693831481,-3.84247334682247,-3.04729896077576,-0.558412720124276,1.89722936925439,NaN,NaN,NaN,NaN,NaN,NaN,NaN,NaN,NaN
NaN,NaN,-1.96876121511741,-2.65913044835906,-3.27503395462312,-3.87497115888497,-3.12276905813875,-0.634338718513997,1.84119996008424,NaN,NaN,NaN,NaN,NaN,NaN,NaN,NaN,NaN
NaN,NaN,-1.93737581199093,-2.6474162171362,-3.28569109747089,-3.90367409222624,-3.20597481393876,-0.712961715321095,1.79055108082442,NaN,NaN,NaN,NaN,NaN,NaN,NaN,NaN,NaN
NaN,NaN,-1.90859177907987,-2.64121113147121,-3.28898477563537,-3.9274380356898,-3.28756908366146,-0.787589766691478,1.73783142444639,NaN,NaN,NaN,NaN,NaN,NaN,NaN,NaN,NaN
NaN,NaN,-1.87847634604259,-2.62941222439986,-3.28770595798172,-3.94551614307663,-3.36430443862143,-0.866396159539969,1.68526234430222,NaN,NaN,NaN,NaN,NaN,NaN,NaN,NaN,NaN
NaN,NaN,-1.84405362060352,-2.6150414700387,-3.28832927355446,-3.95805830144188,-3.43622709104481,-0.95013677389458,1.62083896201996,NaN,NaN,NaN,NaN,NaN,NaN,NaN,NaN,NaN
NaN,NaN,-1.81089866733237,-2.59586933802348,-3.2926677652625,-3.96955193959972,-3.50704878979983,-1.03794758454994,1.56423291516451,NaN,NaN,NaN,NaN,NaN,NaN,NaN,NaN,NaN
NaN,NaN,-1.7812646349339,-2.57687238778453,-3.29085079217233,-3.97471072160503,-3.57649235466185,-1.13222797648147,1.51108939525632,NaN,NaN,NaN,NaN,NaN,NaN,NaN,NaN,NaN
NaN,NaN,-1.75110408863111,-2.55900133203249,-3.29304470876135,-3.97851850845715,-3.65518799462977,-1.21691718013123,1.45557366636543,NaN,NaN,NaN,NaN,NaN,NaN,NaN,NaN,NaN
NaN,NaN,-1.72178318550868,-2.53864208038431,-3.2883235366074,-3.98717336364886,-3.72573288568916,-1.31809602738455,1.39702171412258,NaN,NaN,NaN,NaN,NaN,NaN,NaN,NaN,NaN
NaN,NaN,-1.68617164542957,-2.51484008308034,-3.28984401384271,-3.99290468552014,-3.79388207981053,-1.41389201642111,1.33195614767222,NaN,NaN,NaN,NaN,NaN,NaN,NaN,NaN,NaN
NaN,NaN,-1.64953023022099,-2.48488021816593,-3.29046062389292,-4.00211926557919,-3.86228243300381,-1.51169403703049,1.27719041285066,NaN,NaN,NaN,NaN,NaN,NaN,NaN,NaN,NaN
NaN,NaN,-1.61792596628948,-2.45688978384715,-3.2833515220312,-4.01541702457568,-3.93641958424511,-1.60281949923471,1.22619416889696,NaN,NaN,NaN,NaN,NaN,NaN,NaN,NaN,NaN
NaN,NaN,-1.5882780013053,-2.42864956881385,-3.28455179193891,-4.02448894464275,-4.01001591646733,-1.69211224899724,1.16799865242986,NaN,NaN,NaN,NaN,NaN,NaN,NaN,NaN,NaN
NaN,NaN,-1.55431702559872,-2.39655086572748,-3.27682280177153,-4.03809420772692,-4.07673201003733,-1.79250977248982,1.1073870989397,NaN,NaN,NaN,NaN,NaN,NaN,NaN,NaN,NaN
NaN,NaN,-1.52335537424369,-2.36085012357216,-3.27176473298944,-4.05483130373856,-4.13502401152315,-1.88478308976725,1.04138559055476,NaN,NaN,NaN,NaN,NaN,NaN,NaN,NaN,NaN
NaN,NaN,-1.4957473223476,-2.3247200230835,-3.25932222613968,-4.06839912765524,-4.19561691993537,-1.97618968100384,0.986813179673239,NaN,NaN,NaN,NaN,NaN,NaN,NaN,NaN,NaN
NaN,NaN,-1.46964076733275,-2.29799141909461,-3.24501176560201,-4.08599268653294,-4.25217679181757,-2.06727280528382,0.926724005015179,NaN,NaN,NaN,NaN,NaN,NaN,NaN,NaN,NaN
NaN,NaN,-1.44222887059732,-2.26534591789823,-3.23374702790655,-4.09613473349115,-4.30843467304173,-2.1574429912968,0.860908369989678,NaN,NaN,NaN,NaN,NaN,NaN,NaN,NaN,NaN
NaN,NaN,-1.41103692179604,-2.22937885473948,-3.22233080128111,-4.10672377803227,-4.35583053568068,-2.25982648567394,0.786707013370081,NaN,NaN,NaN,NaN,NaN,NaN,NaN,NaN,NaN
NaN,NaN,-1.3790860009758,-2.19248695101123,-3.20599512392558,-4.11542283379337,-4.39665383139315,-2.35261210487321,0.712421688707157,NaN,NaN,NaN,NaN,NaN,NaN,NaN,NaN,NaN
NaN,NaN,-1.35445205321594,-2.15336432482582,-3.18802454704322,-4.1228123196294,-4.43111544886294,-2.44307779953912,0.646932817520186,NaN,NaN,NaN,NaN,NaN,NaN,NaN,NaN,NaN
NaN,NaN,-1.32064748382254,-2.12180757697206,-3.17048884192385,-4.12944914781353,-4.4696264755136,-2.53057799548939,0.575992933930441,NaN,NaN,NaN,NaN,NaN,NaN,NaN,NaN,NaN
NaN,NaN,-1.28577399825736,-2.08600859891158,-3.15285694980897,-4.13103213542005,-4.50305404552879,-2.61819151477054,0.505857228757426,NaN,NaN,NaN,NaN,NaN,NaN,NaN,NaN,NaN
NaN,NaN,-1.24758673658653,-2.04429961543065,-3.13129716748275,-4.13696110256812,-4.52374274322453,-2.71436800495818,0.435703064770981,NaN,NaN,NaN,NaN,NaN,NaN,NaN,NaN,NaN
NaN,NaN,-1.21015567159338,-2.00262570555788,-3.103675350639,-4.13536064335009,-4.54672573545637,-2.79702623621658,0.36497129452376,NaN,NaN,NaN,NaN,NaN,NaN,NaN,NaN,NaN
NaN,NaN,-1.18511494075938,-1.96221682976466,-3.08010283121742,-4.13450457163951,-4.57527585738959,-2.87916700602606,0.303844980420157,NaN,NaN,NaN,NaN,NaN,NaN,NaN,NaN,NaN
NaN,NaN,-1.15267239337845,-1.92676633398514,-3.05232423553146,-4.13338553168675,-4.59916040712657,-2.96304679722622,0.23470953431873,NaN,NaN,NaN,NaN,NaN,NaN,NaN,NaN,NaN
NaN,NaN,-1.12329864701314,-1.88219662557822,-3.02559283757485,-4.12690902137062,-4.61780494490328,-3.04703572080568,0.169932230831667,NaN,NaN,NaN,NaN,NaN,NaN,NaN,NaN,NaN
NaN,NaN,-1.08752036294027,-1.83993302087765,-2.99037493029512,-4.11981595688364,-4.62773768642607,-3.13981001512244,0.102899897368237,NaN,NaN,NaN,NaN,NaN,NaN,NaN,NaN,NaN
NaN,NaN,-1.05656118890329,-1.79225723992568,-2.95081001901902,-4.10518346362611,-4.64175226578179,-3.21902369395927,0.0370204853728258,NaN,NaN,NaN,NaN,NaN,NaN,NaN,NaN,NaN
NaN,NaN,-1.03119034146948,-1.75202246557456,-2.91728583359994,-4.08654296778938,-4.66262288802924,-3.29650317565635,-0.0293543157264746,NaN,NaN,NaN,NaN,NaN,NaN,NaN,NaN,NaN
NaN,NaN,-1.00137656381412,-1.7180892432807,-2.88253066325463,-4.06808951877853,-4.68476808109942,-3.38010153980091,-0.095847581057266,NaN,NaN,NaN,NaN,NaN,NaN,NaN,NaN,NaN
NaN,NaN,-0.974942369517521,-1.67939698125701,-2.84627356761969,-4.04647981756231,-4.70653593951526,-3.4629457002981,-0.1601246339366,NaN,NaN,NaN,NaN,NaN,NaN,NaN,NaN,NaN
NaN,NaN,-0.941217670348124,-1.63912767346483,-2.80305045852341,-4.02571192019483,-4.7159438621408,-3.54498355896309,-0.22839115607591,NaN,NaN,NaN,NaN,NaN,NaN,NaN,NaN,NaN
NaN,NaN,-0.913219245281653,-1.59650660853367,-2.76042769858517,-4.00223931305906,-4.73349055686655,-3.62050901413992,-0.295207739351705,NaN,NaN,NaN,NaN,NaN,NaN,NaN,NaN,NaN
NaN,NaN,-0.885582825299934,-1.56045129324775,-2.72263524318017,-3.97901631899974,-4.74279528895083,-3.68874392719105,-0.366377380220608,NaN,NaN,NaN,NaN,NaN,NaN,NaN,NaN,NaN
NaN,NaN,-0.858142709490494,-1.52088360663038,-2.68342037880696,-3.95972263076207,-4.76263294407787,-3.76461929888562,-0.429311875729278,NaN,NaN,NaN,NaN,NaN,NaN,NaN,NaN,NaN
NaN,NaN,-0.831398291644291,-1.48351827438455,-2.63616892704643,-3.93812075265547,-4.77533145287695,-3.84060736061171,-0.496869400618986,NaN,NaN,NaN,NaN,NaN,NaN,NaN,NaN,NaN
NaN,NaN,-0.809584314134554,-1.44001083250623,-2.58660162994541,-3.92048800372383,-4.79358513319554,-3.91566503108576,-0.5614170585856,NaN,NaN,NaN,NaN,NaN,NaN,NaN,NaN,NaN
NaN,NaN,-0.788612997290329,-1.40194624464493,-2.53771485024966,-3.9052968845596,-4.81552901157799,-3.98931253017023,-0.631803568927959,NaN,NaN,NaN,NaN,NaN,NaN,NaN,NaN,NaN
NaN,NaN,-0.770174225923256,-1.37255279149394,-2.50233064601101,-3.88817412786981,-4.83586568796697,-4.05770215452746,-0.700310204653458,NaN,NaN,NaN,NaN,NaN,NaN,NaN,NaN,NaN
NaN,NaN,-0.751337649431662,-1.33735788788181,-2.45717977369107,-3.87420712047121,-4.85068636426392,-4.13748623118833,-0.766316257892565,NaN,NaN,NaN,NaN,NaN,NaN,NaN,NaN,NaN
NaN,NaN,-0.727887096014456,-1.30383934627753,-2.41645838329471,-3.85172035553357,-4.86181881690087,-4.20905153513983,-0.843546424536423,NaN,NaN,NaN,NaN,NaN,NaN,NaN,NaN,NaN
NaN,NaN,-0.710654592272476,-1.26585980679374,-2.37211792925276,-3.82944289603135,-4.8685130145556,-4.28251336575583,-0.916696504233793,NaN,NaN,NaN,NaN,NaN,NaN,NaN,NaN,NaN
NaN,NaN,-0.685171054807142,-1.23897990013938,-2.33130329484023,-3.80529593684575,-4.86940585488143,-4.34538363725975,-1.00010044547768,NaN,NaN,NaN,NaN,NaN,NaN,NaN,NaN,NaN
NaN,NaN,-0.663779078182415,-1.21467556606513,-2.2979987711636,-3.7853209675183,-4.8813328933126,-4.40744989798501,-1.07320846664758,NaN,NaN,NaN,NaN,NaN,NaN,NaN,NaN,NaN
NaN,NaN,-0.636034680661396,-1.18445830221754,-2.25101576382197,-3.76839209356209,-4.88084216082158,-4.46861856863931,-1.15064168023916,NaN,NaN,NaN,NaN,NaN,NaN,NaN,NaN,NaN
NaN,NaN,-0.609250607099966,-1.15881819080096,-2.20722670862354,-3.73864058413407,-4.88162793630424,-4.5173591865702,-1.23432812887283,NaN,NaN,NaN,NaN,NaN,NaN,NaN,NaN,NaN
NaN,NaN,-0.581659337636665,-1.12801151152235,-2.16097084069528,-3.69709236555597,-4.87777932027044,-4.55730312750772,-1.31721114414783,NaN,NaN,NaN,NaN,NaN,NaN,NaN,NaN,NaN
NaN,NaN,-0.553056074437336,-1.10799930791836,-2.12518961364306,-3.68207631640932,-4.87330360749426,-4.58647967563108,-1.40448629531117,NaN,NaN,NaN,NaN,NaN,NaN,NaN,NaN,NaN
NaN,NaN,-0.534916965421871,-1.08327984611969,-2.08380258837618,-3.65137524911067,-4.87060528659883,-4.61440422819093,-1.48282810720654,NaN,NaN,NaN,NaN,NaN,NaN,NaN,NaN,NaN
NaN,NaN,-0.508585943040089,-1.05172851856332,-2.03387421751298,-3.62682627522251,-4.85954964944782,-4.64279289604262,-1.56236016797872,NaN,NaN,NaN,NaN,NaN,NaN,NaN,NaN,NaN
NaN,NaN,-0.482558345553116,-1.02224763284903,-1.99041155362405,-3.59345581390759,-4.85245278516474,-4.66417224393323,-1.65017025220247,NaN,NaN,NaN,NaN,NaN,NaN,NaN,NaN,NaN
NaN,NaN,-0.456119587775902,-0.99230645026546,-1.94456440592088,-3.55607202284834,-4.83520368525448,-4.68228050754503,-1.73686306598635,NaN,NaN,NaN,NaN,NaN,NaN,NaN,NaN,NaN
NaN,NaN,-0.426491459962563,-0.97213826875668,-1.91146617019452,-3.51750463255545,-4.8221849318749,-4.69213771880701,-1.82587438869329,NaN,NaN,NaN,NaN,NaN,NaN,NaN,NaN,NaN
NaN,NaN,-0.405323745813803,-0.947404594975524,-1.87010060259975,-3.4741053358545,-4.80838951134744,-4.69437028528288,-1.90648344951721,NaN,NaN,NaN,NaN,NaN,NaN,NaN,NaN,NaN
NaN,NaN,-0.379973834511475,-0.920961143332533,-1.82533291363992,-3.43400049962899,-4.7942199226624,-4.70339919687346,-1.98896001699419,NaN,NaN,NaN,NaN,NaN,NaN,NaN,NaN,NaN
NaN,NaN,-0.345480868723826,-0.896254459279589,-1.78152564177193,-3.38880669333836,-4.78829633855882,-4.71147491843537,-2.08612991171928,NaN,NaN,NaN,NaN,NaN,NaN,NaN,NaN,NaN
NaN,NaN,-0.314215233680443,-0.868428757297806,-1.74257804835118,-3.3428603970339,-4.77355178856912,-4.72624286324814,-2.17252155440898,NaN,NaN,NaN,NaN,NaN,NaN,NaN,NaN,NaN
NaN,NaN,-0.28154553672357,-0.84783311735373,-1.69919193917788,-3.29762643211385,-4.76628981942001,-4.74783766330317,-2.2616842542872,NaN,NaN,NaN,NaN,NaN,NaN,NaN,NaN,NaN
NaN,NaN,-0.254712252077297,-0.819884555297904,-1.65725655117906,-3.2493500039806,-4.74297810757222,-4.77084986181095,-2.33746735054107,NaN,NaN,NaN,NaN,NaN,NaN,NaN,NaN,NaN
NaN,NaN,-0.227145457771257,-0.791203247266821,-1.61590817579903,-3.20277920001051,-4.73356176579061,-4.80428134338096,-2.41938814195843,NaN,NaN,NaN,NaN,NaN,NaN,NaN,NaN,NaN
NaN,NaN,-0.198861023542122,-0.761331019806676,-1.57256827885188,-3.15087279313108,-4.70523743370237,-4.81263757930234,-2.50853944244833,NaN,NaN,NaN,NaN,NaN,NaN,NaN,NaN,NaN
NaN,NaN,-0.176990253981785,-0.730142703163437,-1.53764951238312,-3.10291666545769,-4.70342832097473,-4.84679605127409,-2.59055647674055,NaN,NaN,NaN,NaN,NaN,NaN,NaN,NaN,NaN
NaN,NaN,-0.154490469154553,-0.709743348765187,-1.49456205973305,-3.05465439342758,-4.68267159947815,-4.87287107170656,-2.67323698523493,NaN,NaN,NaN,NaN,NaN,NaN,NaN,NaN,NaN
NaN,NaN,-0.140399726238684,-0.679595840978436,-1.45987783754147,-3.00109060489437,-4.67418060118022,-4.89344229237273,-2.7507686582491,NaN,NaN,NaN,NaN,NaN,NaN,NaN,NaN,NaN
NaN,NaN,-0.119796672966913,-0.656207555788569,-1.42457458386101,-2.95489404358765,-4.63595690617027,-4.89439937532976,-2.83930858272167,NaN,NaN,NaN,NaN,NaN,NaN,NaN,NaN,NaN
NaN,NaN,-0.0959558581380406,-0.625320205348544,-1.39282533163108,-2.90366407492062,-4.62061250993672,-4.89307872266606,-2.92994705635162,NaN,NaN,NaN,NaN,NaN,NaN,NaN,NaN,NaN
NaN,NaN,-0.0744114798872033,-0.599786842125468,-1.35862252870478,-2.85268679269454,-4.60694523939552,-4.88709594369963,-3.01993244933935,NaN,NaN,NaN,NaN,NaN,NaN,NaN,NaN,NaN
NaN,NaN,-0.0487248768477002,-0.575269142049365,-1.32019831994451,-2.80533641585013,-4.58930258119168,-4.89445333615974,-3.10150438594671,NaN,NaN,NaN,NaN,NaN,NaN,NaN,NaN,NaN
NaN,NaN,-0.0286028516857186,-0.544948892551474,-1.28746581459321,-2.75583319374224,-4.57623826751175,-4.88730418742731,-3.18754959526511,NaN,NaN,NaN,NaN,NaN,NaN,NaN,NaN,NaN
NaN,NaN,-0.00893143763823901,-0.51551379065495,-1.2537041046647,-2.71114187323353,-4.55817781800094,-4.89130760789946,-3.27292807075234,NaN,NaN,NaN,NaN,NaN,NaN,NaN,NaN,NaN
NaN,NaN,0.0152116658719024,-0.487375145661645,-1.22243690499939,-2.66832381495139,-4.54634756261172,-4.89622936830953,-3.36631280976386,NaN,NaN,NaN,NaN,NaN,NaN,NaN,NaN,NaN
NaN,NaN,0.0342363508971175,-0.460391694563441,-1.19254992538966,-2.62120645501515,-4.52577032560172,-4.90176084698275,-3.45664450573774,NaN,NaN,NaN,NaN,NaN,NaN,NaN,NaN,NaN
NaN,NaN,0.0559066067071399,-0.435757504659705,-1.15757507467545,-2.57880151280066,-4.50619982966843,-4.91220948533252,-3.53753806698175,NaN,NaN,NaN,NaN,NaN,NaN,NaN,NaN,NaN
NaN,NaN,0.0671752932103118,-0.399942116695456,-1.12876876452841,-2.5358521007826,-4.48567498886647,-4.91765014142826,-3.62615713524671,NaN,NaN,NaN,NaN,NaN,NaN,NaN,NaN,NaN
NaN,NaN,0.0833148712845286,-0.369187703239731,-1.09373054662622,-2.49609397732517,-4.46309077033463,-4.9294282055004,-3.70170505392404,NaN,NaN,NaN,NaN,NaN,NaN,NaN,NaN,NaN
NaN,NaN,0.103518759700819,-0.338352171587758,-1.05686175832428,-2.44756490000388,-4.42881048137012,-4.94281073347762,-3.78445271077605,NaN,NaN,NaN,NaN,NaN,NaN,NaN,NaN,NaN
NaN,NaN,0.117925276848837,-0.312064101803117,-1.02725974479593,-2.3943965324094,-4.39937886262002,-4.94798581362799,-3.86527368473859,NaN,NaN,NaN,NaN,NaN,NaN,NaN,NaN,NaN
NaN,NaN,0.139776712152525,-0.286685338127427,-0.992078233602418,-2.34272211798331,-4.37641976812544,-4.96405038298205,-3.93338389369698,NaN,NaN,NaN,NaN,NaN,NaN,NaN,NaN,NaN
NaN,NaN,0.148748608175083,-0.255401486414485,-0.961809784266128,-2.29314055302045,-4.33634963297906,-4.97312312261298,-4.01048022928686,NaN,NaN,NaN,NaN,NaN,NaN,NaN,NaN,NaN
NaN,NaN,0.167228059712215,-0.226335020619445,-0.92630070829667,-2.25092971705696,-4.32233529576721,-4.98898047269419,-4.07600951987357,NaN,NaN,NaN,NaN,NaN,NaN,NaN,NaN,NaN
NaN,NaN,0.187471808734699,-0.203613916295581,-0.888443321081771,-2.20101254069111,-4.28430572563472,-5.00072685317233,-4.14683814766856,NaN,NaN,NaN,NaN,NaN,NaN,NaN,NaN,NaN
NaN,NaN,0.201565066221519,-0.175999624538235,-0.865007501187695,-2.14801860981485,-4.25791960620942,-5.01100803972319,-4.2087831501946,NaN,NaN,NaN,NaN,NaN,NaN,NaN,NaN,NaN
NaN,NaN,0.218760354313417,-0.153191143530421,-0.828908246102704,-2.09809167318842,-4.21593469047609,-5.01709209070638,-4.2643494871542,NaN,NaN,NaN,NaN,NaN,NaN,NaN,NaN,NaN
NaN,NaN,0.227417854461237,-0.12158227886539,-0.798877693804873,-2.0474323444893,-4.15205670931997,-5.01943809227184,-4.32337697270365,NaN,NaN,NaN,NaN,NaN,NaN,NaN,NaN,NaN
NaN,NaN,0.242665970567032,-0.0957580636022612,-0.7601369285015,-1.99723452337882,-4.12649352514806,-5.00343174920514,-4.37971340167375,NaN,NaN,NaN,NaN,NaN,NaN,NaN,NaN,NaN
NaN,NaN,0.256163349244162,-0.0722849162993953,-0.722610384318007,-1.94473868244192,-4.07423111090126,-5.01061675385669,-4.44149655896278,NaN,NaN,NaN,NaN,NaN,NaN,NaN,NaN,NaN
NaN,NaN,0.263867137822672,-0.05030195962172,-0.693525143059863,-1.89073150985738,-4.00143135750356,-5.00046034590438,-4.50308195921631,NaN,NaN,NaN,NaN,NaN,NaN,NaN,NaN,NaN
NaN,NaN,0.270063450429006,-0.0256226191995665,-0.658702600839509,-1.84081131600639,-3.94868413397732,-4.99600640744999,-4.56140504824968,NaN,NaN,NaN,NaN,NaN,NaN,NaN,NaN,NaN
NaN,NaN,0.274833330753609,-0.00218532781582326,-0.627046648505105,-1.79098624744317,-3.91432604232493,-4.98234373764232,-4.62664866494985,NaN,NaN,NaN,NaN,NaN,NaN,NaN,NaN,NaN
NaN,NaN,0.286602211985155,0.0219308977248147,-0.58935606116332,-1.73926932745477,-3.84721359649363,-4.97431538314656,-4.68103667396159,NaN,NaN,NaN,NaN,NaN,NaN,NaN,NaN,NaN
NaN,NaN,0.299423543605371,0.0389490296365693,-0.554431185218467,-1.68662428864142,-3.81058931762042,-4.96251522810295,-4.72810089263172,NaN,NaN,NaN,NaN,NaN,NaN,NaN,NaN,NaN
NaN,NaN,0.30177407139854,0.0616231021704152,-0.522011641505136,-1.63495298483273,-3.7499383505589,-4.95277288616732,-4.76463688212486,NaN,NaN,NaN,NaN,NaN,NaN,NaN,NaN,NaN
NaN,NaN,0.306750817093416,0.0797621180536225,-0.48675858611144,-1.59141013407013,-3.69390853160682,-4.94509072289899,-4.79586023512335,NaN,NaN,NaN,NaN,NaN,NaN,NaN,NaN,NaN
NaN,NaN,0.312437323722406,0.0962885861517861,-0.451758924963845,-1.54703643181225,-3.63745371291103,-4.93662812993959,-4.82447858574839,NaN,NaN,NaN,NaN,NaN,NaN,NaN,NaN,NaN
NaN,NaN,0.317497590425774,0.117866100859828,-0.416930794808044,-1.50457553573748,-3.58704386690321,-4.93309305296376,-4.8538261805758,NaN,NaN,NaN,NaN,NaN,NaN,NaN,NaN,NaN
NaN,NaN,0.328012836966082,0.132714660954662,-0.382610570731534,-1.45857032396695,-3.529369853825,-4.9313954195483,-4.88754691231103,NaN,NaN,NaN,NaN,NaN,NaN,NaN,NaN,NaN
NaN,NaN,0.327478667590185,0.160581024480052,-0.35340014109291,-1.41669234269163,-3.47951598876777,-4.93152343914941,-4.90238789144011,NaN,NaN,NaN,NaN,NaN,NaN,NaN,NaN,NaN
NaN,NaN,0.333409776780172,0.180393105489202,-0.31951227420844,-1.37288225822946,-3.42203459182444,-4.93444678620532,-4.91275522532912,NaN,NaN,NaN,NaN,NaN,NaN,NaN,NaN,NaN
NaN,NaN,0.339920261743828,0.198198484373279,-0.285140473487748,-1.33437585093876,-3.36256904938879,-4.93793671266273,-4.93071391853543,NaN,NaN,NaN,NaN,NaN,NaN,NaN,NaN,NaN
NaN,NaN,0.349838288369938,0.218636246514507,-0.251590807083024,-1.28410203390619,-3.30407824778619,-4.94212036267951,-4.93538938137741,NaN,NaN,NaN,NaN,NaN,NaN,NaN,NaN,NaN
NaN,NaN,0.356358906123205,0.233948269975372,-0.220242749991788,-1.23741781347295,-3.24596437105599,-4.94658787981704,-4.93241041573735,NaN,NaN,NaN,NaN,NaN,NaN,NaN,NaN,NaN
NaN,NaN,0.359898304435774,0.256252030027099,-0.194208018573894,-1.1886076816251,-3.19080530145826,-4.94876421303585,-4.93865189748855,NaN,NaN,NaN,NaN,NaN,NaN,NaN,NaN,NaN
NaN,NaN,0.371290074530407,0.261606091749854,-0.167263124230279,-1.14252731212279,-3.12900225111904,-4.95259478003815,-4.92607973190995,NaN,NaN,NaN,NaN,NaN,NaN,NaN,NaN,NaN
NaN,NaN,0.379302298519178,0.273586718481965,-0.136505469771995,-1.10181521632573,-3.07021649965706,-4.95452151880697,-4.93511076691599,NaN,NaN,NaN,NaN,NaN,NaN,NaN,NaN,NaN
NaN,NaN,0.387764351311489,0.285588169586845,-0.112721931281461,-1.05518640958568,-3.01686151364508,-4.95634894133642,-4.93164324807973,NaN,NaN,NaN,NaN,NaN,NaN,NaN,NaN,NaN
NaN,NaN,0.392740184310242,0.295392872882076,-0.0875609667030706,-1.0158820264866,-2.95997091049018,-4.95593737126425,-4.92876929837318,NaN,NaN,NaN,NaN,NaN,NaN,NaN,NaN,NaN
NaN,NaN,0.391562824937864,0.30684357706923,-0.0662052371529474,-0.973337143742053,-2.9021761980063,-4.95174662456945,-4.92800861272068,NaN,NaN,NaN,NaN,NaN,NaN,NaN,NaN,NaN
NaN,NaN,0.398416632655426,0.307165982318111,-0.0428437926796808,-0.933461841278283,-2.83798819819155,-4.94895187453464,-4.92315135571213,NaN,NaN,NaN,NaN,NaN,NaN,NaN,NaN,NaN
NaN,NaN,0.403970835599466,0.319416450452991,-0.0174198412326708,-0.894701331936328,-2.77454192230168,-4.94401845396593,-4.92782681855412,NaN,NaN,NaN,NaN,NaN,NaN,NaN,NaN,NaN
NaN,NaN,0.405630769077106,0.3337929045083,0.00139341494165516,-0.85062112667462,-2.71755852216544,-4.93933112607434,-4.92715395662041,NaN,NaN,NaN,NaN,NaN,NaN,NaN,NaN,NaN
NaN,NaN,0.403291566166445,0.341400114935823,0.0225076711746321,-0.817821770988909,-2.65871959218445,-4.9345632201536,-4.92897413346024,NaN,NaN,NaN,NaN,NaN,NaN,NaN,NaN,NaN
NaN,NaN,0.402695370707079,0.345603583496995,0.0391104890974627,-0.776517931454388,-2.60194203296366,-4.92647649035886,-4.93608062761874,NaN,NaN,NaN,NaN,NaN,NaN,NaN,NaN,NaN
NaN,NaN,0.406178498509689,0.347279908251949,0.0552329122098551,-0.741483159445731,-2.54168680349054,-4.91976672099069,-4.94010047662111,NaN,NaN,NaN,NaN,NaN,NaN,NaN,NaN,NaN
NaN,NaN,0.409655405077501,0.357068555545993,0.077113628295289,-0.702843200497834,-2.48291779720845,-4.91009623990491,-4.94346843707414,NaN,NaN,NaN,NaN,NaN,NaN,NaN,NaN,NaN
NaN,NaN,0.4108848253818,0.365485085290857,0.0920315905483828,-0.665015876375643,-2.42799614036145,-4.90211180658177,-4.94243664342017,NaN,NaN,NaN,NaN,NaN,NaN,NaN,NaN,NaN
NaN,NaN,0.411389471832081,0.369621927035041,0.121233843174802,-0.630987715058533,-2.36404316911163,-4.89250467405751,-4.94295712235422,NaN,NaN,NaN,NaN,NaN,NaN,NaN,NaN,NaN
NaN,NaN,0.413130449000164,0.370878132176585,0.138506412413941,-0.593158099882809,-2.30214363375368,-4.8888629978998,-4.94497302594633,NaN,NaN,NaN,NaN,NaN,NaN,NaN,NaN,NaN
NaN,NaN,0.42061001235561,0.374598430586047,0.160882927385198,-0.555550940417258,-2.23802654483976,-4.8615257373555,-4.94507394406052,NaN,NaN,NaN,NaN,NaN,NaN,NaN,NaN,NaN
NaN,NaN,0.422125441822573,0.387452749651857,0.183900359925853,-0.520694814704863,-2.17528758981886,-4.85646956847146,-4.94701243612023,NaN,NaN,NaN,NaN,NaN,NaN,NaN,NaN,NaN
NaN,NaN,0.424580594393774,0.394809285295196,0.201847597864495,-0.482647996478287,-2.12131735348764,-4.85094785005882,-4.94898115891071,NaN,NaN,NaN,NaN,NaN,NaN,NaN,NaN,NaN
NaN,NaN,0.428296143058105,0.400382245075889,0.227127473709212,-0.449493695132939,-2.05800448024335,-4.85301689491704,-4.95155650797339,NaN,NaN,NaN,NaN,NaN,NaN,NaN,NaN,NaN
NaN,NaN,0.428949130568071,0.406530352425762,0.242959380057679,-0.413675513200966,-1.99959101566734,-4.83346986831263,-4.95727587166281,NaN,NaN,NaN,NaN,NaN,NaN,NaN,NaN,NaN
NaN,NaN,0.432196000459953,0.420712160062976,0.25985377645217,-0.381943285547701,-1.93644797840777,-4.81186970383957,-4.95639431896658,NaN,NaN,NaN,NaN,NaN,NaN,NaN,NaN,NaN
NaN,NaN,0.436203369739815,0.433814657968469,0.277909625229464,-0.34985613086125,-1.87831879073443,-4.82125438065365,-4.95709880861492,NaN,NaN,NaN,NaN,NaN,NaN,NaN,NaN,NaN
NaN,NaN,0.437746310475632,0.446072669816203,0.295865226444827,-0.311861280434338,-1.82300638818803,-4.74577325643137,-4.95572885173412,NaN,NaN,NaN,NaN,NaN,NaN,NaN,NaN,NaN
NaN,NaN,0.447108933571144,0.450669659418054,0.315719272849189,-0.278957262717692,-1.75904062056604,-4.75362719283536,-4.95577767166348,NaN,NaN,NaN,NaN,NaN,NaN,NaN,NaN,NaN
NaN,NaN,0.45549828732328,0.457516687107272,0.330978117791043,-0.244467724197117,-1.69639965930643,-4.67349293888643,-4.95331231179686,NaN,NaN,NaN,NaN,NaN,NaN,NaN,NaN,NaN
NaN,NaN,0.459865314755007,0.467512516421266,0.345394525584804,-0.213718954556195,-1.63731739336314,-4.62729961858228,-4.94792090403886,NaN,NaN,NaN,NaN,NaN,NaN,NaN,NaN,NaN
NaN,NaN,0.462774617466494,0.473891833913513,0.362217545417176,-0.190658234142272,-1.58365479150477,-4.61673074648813,-4.94617163809986,NaN,NaN,NaN,NaN,NaN,NaN,NaN,NaN,NaN
NaN,NaN,0.466421993318363,0.474657474202104,0.375982902851926,-0.159210451029746,-1.5339159820384,-4.58390384228066,-4.94577042433472,NaN,NaN,NaN,NaN,NaN,NaN,NaN,NaN,NaN
NaN,NaN,0.470539649817511,0.471867343527265,0.39247941961609,-0.131459254853932,-1.47366173976722,-4.56104952157572,-4.94942975836845,NaN,NaN,NaN,NaN,NaN,NaN,NaN,NaN,NaN
NaN,NaN,0.47519715676026,0.475204737973399,0.402210250404702,-0.0997122191717305,-1.4132573310441,-4.53745910213426,-4.94846852171274,NaN,NaN,NaN,NaN,NaN,NaN,NaN,NaN,NaN
NaN,NaN,0.475581141057773,0.483727941405959,0.41762153422557,-0.0702486560573258,-1.35993224048677,-4.45868020192817,-4.94988077926488,NaN,NaN,NaN,NaN,NaN,NaN,NaN,NaN,NaN
NaN,NaN,0.475720951202675,0.489345064503141,0.434639871028291,-0.0443630480100789,-1.30686192253294,-4.44374501020745,-4.95329605090471,NaN,NaN,NaN,NaN,NaN,NaN,NaN,NaN,NaN
NaN,NaN,0.476009176913067,0.490736199659295,0.442905750033484,-0.0166282803644814,-1.26109524110022,-4.39741167486742,-4.95812255564184,NaN,NaN,NaN,NaN,NaN,NaN,NaN,NaN,NaN
NaN,NaN,0.476584063711925,0.491669813287444,0.454351797607766,0.00724021337130883,-1.20263778084579,-4.33974831611946,-4.96255559521766,NaN,NaN,NaN,NaN,NaN,NaN,NaN,NaN,NaN
NaN,NaN,0.474578479173942,0.497808756423183,0.463445901778565,0.0328817403982005,-1.15072984659734,-4.28775056512192,-4.96370520117731,NaN,NaN,NaN,NaN,NaN,NaN,NaN,NaN,NaN
NaN,NaN,0.473823362830444,0.505833013099618,0.475638721046077,0.0577879882524333,-1.10112509170237,-4.23711882219747,-4.96580280038567,NaN,NaN,NaN,NaN,NaN,NaN,NaN,NaN,NaN
NaN,NaN,0.478764420244261,0.508472288143821,0.491767961439715,0.0807492247889362,-1.05032012277904,-4.18941551135019,-4.96837479668708,NaN,NaN,NaN,NaN,NaN,NaN,NaN,NaN,NaN
NaN,NaN,0.486531538757845,0.507786611211486,0.504191655573474,0.109915882266553,-1.00116603487792,-4.12850178093746,-4.9723392506227,NaN,NaN,NaN,NaN,NaN,NaN,NaN,NaN,NaN
NaN,NaN,0.488461034241482,0.51487272803206,0.512112740335093,0.136578101582321,-0.940993041188146,-4.04067603186801,-4.97606420564504,NaN,NaN,NaN,NaN,NaN,NaN,NaN,NaN,NaN
NaN,NaN,0.491618422660395,0.51542466704268,0.527698032465802,0.164529494858774,-0.888442270845796,-4.00539671317771,-4.97779285210223,NaN,NaN,NaN,NaN,NaN,NaN,NaN,NaN,NaN
NaN,NaN,0.491164998951717,0.523399340105243,0.536639157590495,0.193003937519582,-0.836336542308951,-3.92879455597237,-4.98152916925998,NaN,NaN,NaN,NaN,NaN,NaN,NaN,NaN,NaN
NaN,NaN,0.500497503075167,0.52112851489801,0.551005273965226,0.217668265021833,-0.784135967881108,-3.86987327844933,-4.98388122442217,NaN,NaN,NaN,NaN,NaN,NaN,NaN,NaN,NaN
NaN,NaN,0.504619220140739,0.529352950048633,0.564371820447074,0.24833982802132,-0.727818109483148,-3.80045707584456,-4.98460283177944,NaN,NaN,NaN,NaN,NaN,NaN,NaN,NaN,NaN
NaN,NaN,0.506056083235308,0.539426097762771,0.577362205741034,0.277667734689506,-0.666344859094049,-3.69662112803295,-4.98420811864586,NaN,NaN,NaN,NaN,NaN,NaN,NaN,NaN,NaN
NaN,NaN,0.507339110467001,0.551005436223932,0.590423893091308,0.307209286756309,-0.611553308010722,-3.62479913295344,-4.98253633874507,NaN,NaN,NaN,NaN,NaN,NaN,NaN,NaN,NaN
NaN,NaN,0.509810393545195,0.559012090903707,0.598907254544126,0.338107030756267,-0.561908264101172,-3.532397758822,-4.98089838448019,NaN,NaN,NaN,NaN,NaN,NaN,NaN,NaN,NaN
NaN,NaN,0.516847783568664,0.564373286557384,0.615951053706037,0.363691300071271,-0.512612242639686,-3.43959841192797,-4.97562918487044,NaN,NaN,NaN,NaN,NaN,NaN,NaN,NaN,NaN
NaN,NaN,0.523255934807821,0.581567643326707,0.627519328055011,0.394403617746624,-0.455251694113637,-3.36496384129957,-4.97090253653975,NaN,NaN,NaN,NaN,NaN,NaN,NaN,NaN,NaN
NaN,NaN,0.526355953756138,0.595782233518548,0.643731363025533,0.426436997867616,-0.396866485864545,-3.27773531214431,-4.96103936481328,NaN,NaN,NaN,NaN,NaN,NaN,NaN,NaN,NaN
NaN,NaN,0.528321491423412,0.606640653801151,0.658624812868463,0.451818760401996,-0.346755128741885,-3.19770814166501,-4.95377359586807,NaN,NaN,NaN,NaN,NaN,NaN,NaN,NaN,NaN
NaN,NaN,0.533692205193802,0.613483136636205,0.664921373036729,0.477920975453647,-0.303999115169669,-3.08398549691871,-4.94559015753718,NaN,NaN,NaN,NaN,NaN,NaN,NaN,NaN,NaN
NaN,NaN,0.538085775318905,0.620317963999696,0.679696246889459,0.49548877394894,-0.254267607272292,-3.01891834721998,-4.93843899714799,NaN,NaN,NaN,NaN,NaN,NaN,NaN,NaN,NaN
NaN,NaN,0.540989899876877,0.629116671276279,0.691188078281509,0.525715276516469,-0.204106200874473,-2.93751363889411,-4.9343138714418,NaN,NaN,NaN,NaN,NaN,NaN,NaN,NaN,NaN
NaN,NaN,0.543649738523527,0.637179875862785,0.704128898588048,0.554578658110889,-0.148273691923047,-2.85930807949141,-4.92781446921678,NaN,NaN,NaN,NaN,NaN,NaN,NaN,NaN,NaN
NaN,NaN,0.548325629773899,0.64258435938973,0.714509792533742,0.580268371767791,-0.102384839594985,-2.7768244525893,-4.92513093772383,NaN,NaN,NaN,NaN,NaN,NaN,NaN,NaN,NaN
NaN,NaN,0.554156994316145,0.647328181308694,0.717836793419944,0.604950580663475,-0.0602094125157843,-2.69950983361438,-4.91944316449614,NaN,NaN,NaN,NaN,NaN,NaN,NaN,NaN,NaN
NaN,NaN,0.553909821304842,0.658891407889314,0.726176451799499,0.622967407024892,-0.0135772343880187,-2.63091464773849,-4.91733587953301,NaN,NaN,NaN,NaN,NaN,NaN,NaN,NaN,NaN
NaN,NaN,0.555953105780645,0.662419760716148,0.735625650641547,0.649744868196042,0.0268397252851476,-2.55955995307401,-4.90170409577937,NaN,NaN,NaN,NaN,NaN,NaN,NaN,NaN,NaN
NaN,NaN,0.554180109742447,0.664922485244461,0.743619955983983,0.673848148352893,0.0669157277637472,-2.49045699150399,-4.90991208377333,NaN,NaN,NaN,NaN,NaN,NaN,NaN,NaN,NaN
NaN,NaN,0.557597635182901,0.663349835318513,0.749101590273009,0.697651579893621,0.100781112521266,-2.41541394279435,-4.90401081415863,NaN,NaN,NaN,NaN,NaN,NaN,NaN,NaN,NaN
NaN,NaN,0.558159893247648,0.670457856846042,0.750299531874286,0.718934480018409,0.136683169364308,-2.34461580650047,-4.90339299338908,NaN,NaN,NaN,NaN,NaN,NaN,NaN,NaN,NaN
NaN,NaN,0.559103080871864,0.675080290180631,0.763947691676246,0.735275782562288,0.178543455510711,-2.27369786487058,-4.90247660922857,NaN,NaN,NaN,NaN,NaN,NaN,NaN,NaN,NaN
NaN,NaN,0.561267083379789,0.677456485223957,0.775012418535577,0.76129987827638,0.216215844809388,-2.19817188815311,-4.90433439287396,NaN,NaN,NaN,NaN,NaN,NaN,NaN,NaN,NaN
NaN,NaN,0.563722422215506,0.678683819365688,0.784334063437806,0.782628636724742,0.250683348237847,-2.12576340199545,-4.90514350730033,NaN,NaN,NaN,NaN,NaN,NaN,NaN,NaN,NaN
NaN,NaN,0.569183157625958,0.67951237980742,0.789068367240058,0.802623871631416,0.285928580521916,-2.05256081433132,-4.90475536930414,NaN,NaN,NaN,NaN,NaN,NaN,NaN,NaN,NaN
NaN,NaN,0.571597462389036,0.687085988116451,0.791555166152345,0.819777343339714,0.320065185039615,-1.98007320300773,-4.90616589459629,NaN,NaN,NaN,NaN,NaN,NaN,NaN,NaN,NaN
NaN,NaN,0.575814025345608,0.694625528645702,0.804464954790698,0.831718165344985,0.360022816418981,-1.90668176175192,-4.90733762878032,NaN,NaN,NaN,NaN,NaN,NaN,NaN,NaN,NaN
NaN,NaN,0.581161903086468,0.695666300249286,0.805657606479751,0.849996097303422,0.392222437619542,-1.82398901567891,-4.91147610965224,NaN,NaN,NaN,NaN,NaN,NaN,NaN,NaN,NaN
NaN,NaN,0.584085734430119,0.700630622101016,0.811004143116103,0.872629135764631,0.428226325272893,-1.74471375779346,-4.91407733085604,NaN,NaN,NaN,NaN,NaN,NaN,NaN,NaN,NaN
NaN,NaN,0.585925189647242,0.706662016105838,0.812526222226249,0.886423140681776,0.463255807369327,-1.66465486646727,-4.91690164106937,NaN,NaN,NaN,NaN,NaN,NaN,NaN,NaN,NaN
NaN,NaN,0.591307060662075,0.71185564820189,0.821612913069354,0.902802385307344,0.500802654384946,-1.57930509434179,-4.92037778395267,NaN,NaN,NaN,NaN,NaN,NaN,NaN,NaN,NaN
NaN,NaN,0.595792068037554,0.712144991499372,0.835107665416823,0.915817655540498,0.537014040707921,-1.49895153255299,-4.9231678773746,NaN,NaN,NaN,NaN,NaN,NaN,NaN,NaN,NaN
NaN,NaN,0.600369872394367,0.708090925705619,0.841880205926524,0.931845568038019,0.566832270085191,-1.41355904997423,-4.92582402798386,NaN,NaN,NaN,NaN,NaN,NaN,NaN,NaN,NaN
NaN,NaN,0.602835828307434,0.712524114293046,0.843676727172957,0.945649687118324,0.598017029076194,-1.33750719265178,-4.92511983635874,NaN,NaN,NaN,NaN,NaN,NaN,NaN,NaN,NaN
NaN,NaN,0.606444610151812,0.712197071057744,0.850051909592973,0.953267495996746,0.630514226465796,-1.26064236522749,-4.92887675437184,NaN,NaN,NaN,NaN,NaN,NaN,NaN,NaN,NaN
NaN,NaN,0.610162021461292,0.715689232689329,0.858663830813991,0.960466898895296,0.662234011649464,-1.18292209939197,-4.90704981285186,NaN,NaN,NaN,NaN,NaN,NaN,NaN,NaN,NaN
NaN,NaN,0.614571535828873,0.707831198466011,0.868660908100234,0.966626070357355,0.694430783002948,-1.10815114588574,-4.91363318312021,NaN,NaN,NaN,NaN,NaN,NaN,NaN,NaN,NaN
NaN,NaN,0.61840536246018,0.707582814735361,0.874013591465579,0.982205122626813,0.72547936400709,-1.02767692194417,-4.90142803314181,NaN,NaN,NaN,NaN,NaN,NaN,NaN,NaN,NaN
NaN,NaN,0.621425846460625,0.718276241910644,0.874280471262561,0.993258617735895,0.756197418629502,-0.954963930557521,-4.88006598922463,NaN,NaN,NaN,NaN,NaN,NaN,NaN,NaN,NaN
NaN,NaN,0.627319944891497,0.722391160321422,0.876666761842595,1.00118871770004,0.789666469752168,-0.88186876163915,-4.88428072678895,NaN,NaN,NaN,NaN,NaN,NaN,NaN,NaN,NaN
NaN,NaN,0.629624931010767,0.723845346015878,0.883818555531131,1.00854983545044,0.816913820415114,-0.8084368637307,-4.87339669513555,NaN,NaN,NaN,NaN,NaN,NaN,NaN,NaN,NaN
NaN,NaN,0.631394518408342,0.717856774223037,0.888632394281255,1.01242698720792,0.845933273046588,-0.737849895517381,-4.86887909146996,NaN,NaN,NaN,NaN,NaN,NaN,NaN,NaN,NaN
NaN,NaN,0.639453662428423,0.723120907437988,0.888119999227153,1.02156305677393,0.873981225847577,-0.664656472067387,-4.85226479965301,NaN,NaN,NaN,NaN,NaN,NaN,NaN,NaN,NaN
NaN,NaN,0.645084606352611,0.730146804940887,0.88699686145507,1.0326157136927,0.904151178508376,-0.593321577320845,-4.8391333934948,NaN,NaN,NaN,NaN,NaN,NaN,NaN,NaN,NaN
NaN,NaN,0.655379017684027,0.733359178644605,0.893728293386327,1.04000737882355,0.937460060774659,-0.520021089027675,-4.82637313800903,NaN,NaN,NaN,NaN,NaN,NaN,NaN,NaN,NaN
NaN,NaN,0.664159340652986,0.731842091423459,0.898020200339185,1.04649510226348,0.957712955384826,-0.44630204574302,-4.78175321268888,NaN,NaN,NaN,NaN,NaN,NaN,NaN,NaN,NaN
NaN,NaN,0.670440720263286,0.729706661892124,0.90607764935218,1.05312602586249,0.98792615866599,-0.373392526666673,-4.7902010534987,NaN,NaN,NaN,NaN,NaN,NaN,NaN,NaN,NaN
NaN,NaN,0.67690812224464,0.737802593153902,0.906278312114106,1.06124777338603,1.00831793209848,-0.306603957573922,-4.76179338666649,NaN,NaN,NaN,NaN,NaN,NaN,NaN,NaN,NaN
NaN,NaN,0.680134149137302,0.742306394618936,0.911460786965715,1.0733095555673,1.03850021547017,-0.240358535806687,-4.75711617293806,NaN,NaN,NaN,NaN,NaN,NaN,NaN,NaN,NaN
NaN,NaN,0.687068832907244,0.741136392694898,0.921614698973523,1.07754295683602,1.06748031040964,-0.172603980313094,-4.74902514043303,NaN,NaN,NaN,NaN,NaN,NaN,NaN,NaN,NaN
NaN,NaN,0.692711679133936,0.746153837186284,0.927909955290185,1.08243217683533,1.0922152135366,-0.0987452386422471,-4.74198130565734,NaN,NaN,NaN,NaN,NaN,NaN,NaN,NaN,NaN
NaN,NaN,0.702496340367361,0.754942281288095,0.929061163124667,1.08690474174121,1.11752958556948,-0.0271627983553723,-4.71645673411937,NaN,NaN,NaN,NaN,NaN,NaN,NaN,NaN,NaN
NaN,NaN,0.706294590476318,0.765989406150766,0.93339706575595,1.09881419680217,1.14500976687608,0.0407615186171218,-4.70618145215364,NaN,NaN,NaN,NaN,NaN,NaN,NaN,NaN,NaN
NaN,NaN,0.711501410100027,0.774919150513597,0.934758622107135,1.11275143913129,1.17365991285381,0.108432776619641,-4.70088366094084,NaN,NaN,NaN,NaN,NaN,NaN,NaN,NaN,NaN
NaN,NaN,0.7198387960525,0.776594413560815,0.944573569950687,1.11631069324115,1.20320040321288,0.172665610303132,-4.66202711361499,NaN,NaN,NaN,NaN,NaN,NaN,NaN,NaN,NaN
NaN,NaN,0.7224062661262,0.786930902046152,0.945885021147357,1.12371824673513,1.22892584240374,0.243161085386722,-4.62294580089898,NaN,NaN,NaN,NaN,NaN,NaN,NaN,NaN,NaN
NaN,NaN,0.729774089399143,0.790410621208139,0.942722398695575,1.12810716024736,1.25340565627751,0.304939232160299,-4.53596690344663,NaN,NaN,NaN,NaN,NaN,NaN,NaN,NaN,NaN
NaN,NaN,0.734198057893082,0.799735358101316,0.942693937477695,1.14109495646456,1.281899228304,0.366270511736123,-4.48937827396245,NaN,NaN,NaN,NaN,NaN,NaN,NaN,NaN,NaN
NaN,NaN,0.738481880965992,0.798276906949468,0.946370631364213,1.1499561927388,1.30620974636016,0.423369004716127,-4.4128558752224,NaN,NaN,NaN,NaN,NaN,NaN,NaN,NaN,NaN
NaN,NaN,0.7374572398694,0.79696411464829,0.95354254162036,1.14967325694064,1.33306316620049,0.482556957145183,-4.36549462053032,NaN,NaN,NaN,NaN,NaN,NaN,NaN,NaN,NaN
NaN,NaN,0.735420344266458,0.803863650304265,0.95215470334612,1.15377103901604,1.35387861689863,0.542235604812352,-4.22939391481729,NaN,NaN,NaN,NaN,NaN,NaN,NaN,NaN,NaN
NaN,NaN,0.734559690448805,0.805182496202178,0.95377868777238,1.16218864909509,1.37997621259031,0.596646803756206,-4.14579296159597,NaN,NaN,NaN,NaN,NaN,NaN,NaN,NaN,NaN
NaN,NaN,0.737009962889715,0.815867448342033,0.955409545359241,1.17482427499393,1.40556828638849,0.653476889570205,-4.08209390613289,NaN,NaN,NaN,NaN,NaN,NaN,NaN,NaN,NaN
NaN,NaN,0.733652898910805,0.820073673618026,0.959554023948537,1.18146272367934,1.42561846932707,0.705714474757163,-3.99746203470083,NaN,NaN,NaN,NaN,NaN,NaN,NaN,NaN,NaN
NaN,NaN,0.731633139643236,0.824791679275222,0.964240755793677,1.17850424713591,1.45016554331717,0.757141082872598,-3.92035416933747,NaN,NaN,NaN,NaN,NaN,NaN,NaN,NaN,NaN
NaN,NaN,0.720695482435985,0.831257516634651,0.960657045153009,1.18375897399286,1.46227908840713,0.804639670391528,-3.82816278982015,NaN,NaN,NaN,NaN,NaN,NaN,NaN,NaN,NaN
NaN,NaN,0.722433647009893,0.839467497658916,0.961349595245944,1.18850046760538,1.48722417241273,0.85473569794461,-3.70440723049493,NaN,NaN,NaN,NaN,NaN,NaN,NaN,NaN,NaN
NaN,NaN,0.725719632449909,0.848223792505451,0.968013748434411,1.19997842229107,1.50645888930497,0.902228734780996,-3.55559907528611,NaN,NaN,NaN,NaN,NaN,NaN,NaN,NaN,NaN
NaN,NaN,0.720513855907484,0.853572564315982,0.974294550624715,1.20502140364745,1.52394024243889,0.954288567741363,-3.48291182565542,NaN,NaN,NaN,NaN,NaN,NaN,NaN,NaN,NaN
NaN,NaN,0.724006799850031,0.861526170861907,0.97984569883071,1.20453299946288,1.54050744658646,0.999054934223144,-3.31541649672242,NaN,NaN,NaN,NaN,NaN,NaN,NaN,NaN,NaN
NaN,NaN,0.720534587147995,0.867750944686122,0.98359104981743,1.21236480764249,1.54779649859605,1.04267670526072,-3.18529003906103,NaN,NaN,NaN,NaN,NaN,NaN,NaN,NaN,NaN
NaN,NaN,0.725869947913452,0.87472751934547,0.985612559971438,1.21458128086427,1.56484135946569,1.08920168816015,-3.09378390806766,NaN,NaN,NaN,NaN,NaN,NaN,NaN,NaN,NaN
NaN,NaN,0.725787320974632,0.877292698365636,0.994479011652099,1.22104346743921,1.57699156141219,1.13091378225848,-2.94196370664091,NaN,NaN,NaN,NaN,NaN,NaN,NaN,NaN,NaN
NaN,NaN,0.720557441803976,0.882721079629846,1.00294559067212,1.22783629215458,1.5904256660336,1.17924592210814,-2.82633952471466,NaN,NaN,NaN,NaN,NaN,NaN,NaN,NaN,NaN
NaN,NaN,0.721418859306141,0.886875653755851,1.00863653039657,1.23314218587378,1.60249873584447,1.22025911449358,-2.69633363607378,NaN,NaN,NaN,NaN,NaN,NaN,NaN,NaN,NaN
NaN,NaN,0.719847196582123,0.896725731086917,1.01541275894366,1.24399844548801,1.60925473606524,1.26421986832186,-2.57784086885901,NaN,NaN,NaN,NaN,NaN,NaN,NaN,NaN,NaN
NaN,NaN,0.722598900887533,0.906531198066659,1.02303673317753,1.25042341641286,1.6217164095336,1.30759562118813,-2.43912251341195,NaN,NaN,NaN,NaN,NaN,NaN,NaN,NaN,NaN
NaN,NaN,0.716034939381643,0.908881893497892,1.03530146917425,1.25925922758082,1.62669244742331,1.34776173843905,-2.29779503914566,NaN,NaN,NaN,NaN,NaN,NaN,NaN,NaN,NaN
NaN,NaN,0.708794390651747,0.919093063217588,1.04161298638307,1.26534154630402,1.63806763997612,1.38933523311183,-2.1783918668613,NaN,NaN,NaN,NaN,NaN,NaN,NaN,NaN,NaN
NaN,NaN,0.711254032197758,0.920079575967975,1.04407689338647,1.27155356100896,1.64266421979604,1.42769201411769,-2.04198946851344,NaN,NaN,NaN,NaN,NaN,NaN,NaN,NaN,NaN
NaN,NaN,0.70730250501947,0.92416349996347,1.04753491273247,1.27556666723588,1.64440618416605,1.47031579851076,-1.92324269237967,NaN,NaN,NaN,NaN,NaN,NaN,NaN,NaN,NaN
NaN,NaN,0.703041815999313,0.927054027211852,1.05412126323305,1.27933323375085,1.64635885095534,1.51342813610002,-1.79396852525921,NaN,NaN,NaN,NaN,NaN,NaN,NaN,NaN,NaN
NaN,NaN,0.696562195065781,0.926093777758069,1.06493648877464,1.28365479401449,1.65001784971294,1.54935552491709,-1.66662223312111,NaN,NaN,NaN,NaN,NaN,NaN,NaN,NaN,NaN
NaN,NaN,0.690961072090431,0.926957076531835,1.0696814282807,1.29079779601792,1.65260001605687,1.58363085924551,-1.54402520182581,NaN,NaN,NaN,NaN,NaN,NaN,NaN,NaN,NaN
NaN,NaN,0.692239070180221,0.920538494479843,1.07189618786894,1.28988534203866,1.65574986076293,1.61836572675869,-1.42291532504411,NaN,NaN,NaN,NaN,NaN,NaN,NaN,NaN,NaN
NaN,NaN,0.688068738076254,0.922327825916,1.07879367461525,1.29404867059687,1.65590175947485,1.65703139020964,-1.31064779731484,NaN,NaN,NaN,NaN,NaN,NaN,NaN,NaN,NaN
NaN,NaN,0.680099857840105,0.919251183164306,1.08376742145144,1.29624661049941,1.6532569337481,1.69351559816763,-1.19191217842551,NaN,NaN,NaN,NaN,NaN,NaN,NaN,NaN,NaN
NaN,NaN,0.671056100967689,0.917116163414903,1.09030705681168,1.30206231019595,1.65417877545891,1.71980117200777,-1.07340247976632,NaN,NaN,NaN,NaN,NaN,NaN,NaN,NaN,NaN
NaN,NaN,0.663371348622604,0.912245085579343,1.09081697454773,1.30553707472185,1.6507637645894,1.74360950230524,-0.962151341615633,NaN,NaN,NaN,NaN,NaN,NaN,NaN,NaN,NaN
NaN,NaN,0.657066313418909,0.901882035774179,1.08944996064626,1.30258575073579,1.6533180657619,1.76778641282484,-0.848476455090956,NaN,NaN,NaN,NaN,NaN,NaN,NaN,NaN,NaN
NaN,NaN,0.647590441498323,0.904891008627601,1.09709865218125,1.30187062538365,1.65255637428102,1.79873219444319,-0.744705942003445,NaN,NaN,NaN,NaN,NaN,NaN,NaN,NaN,NaN
NaN,NaN,0.639489965382381,0.901501534623094,1.10180820142947,1.30267001680234,1.65237403994737,1.82593554942772,-0.630646810410932,NaN,NaN,NaN,NaN,NaN,NaN,NaN,NaN,NaN
NaN,NaN,0.63526442447619,0.897181986016221,1.10975694647156,1.30623981348375,1.65451984441218,1.84367461814448,-0.523127593575433,NaN,NaN,NaN,NaN,NaN,NaN,NaN,NaN,NaN
NaN,NaN,0.628634190055891,0.886317884665914,1.10743946200334,1.30473190910319,1.64840671753821,1.86040942310259,-0.42603023025246,NaN,NaN,NaN,NaN,NaN,NaN,NaN,NaN,NaN
NaN,NaN,0.623285846653744,0.877763090771623,1.1073784231218,1.29751479244927,1.64648487752614,1.88073322861358,-0.324948352305607,NaN,NaN,NaN,NaN,NaN,NaN,NaN,NaN,NaN
NaN,NaN,0.61484921896772,0.876569954794832,1.11074988534771,1.29126219070652,1.63768160676894,1.90248812301919,-0.228574105082468,NaN,NaN,NaN,NaN,NaN,NaN,NaN,NaN,NaN
NaN,NaN,0.611245820167824,0.869584942352958,1.1119580342444,1.29252854726413,1.63906799217997,1.9286423058705,-0.117616389422134,NaN,NaN,NaN,NaN,NaN,NaN,NaN,NaN,NaN
NaN,NaN,0.614226611200138,0.861165059846826,1.12065738802873,1.2955330870221,1.64268662741718,1.94244664846822,-0.0133875724956549,NaN,NaN,NaN,NaN,NaN,NaN,NaN,NaN,NaN
NaN,NaN,0.61291182586865,0.852620529127307,1.11780087268077,1.29556654012898,1.64401011130152,1.96693331687614,0.0861658188417399,NaN,NaN,NaN,NaN,NaN,NaN,NaN,NaN,NaN
NaN,NaN,0.610059203449055,0.852956084650941,1.11769594987951,1.29279157138565,1.64895437246499,1.99161517186925,0.191846195133015,NaN,NaN,NaN,NaN,NaN,NaN,NaN,NaN,NaN
NaN,NaN,0.60481511229591,0.8562070337357,1.12206931030475,1.29115657872656,1.6463433537477,2.01631069867775,0.2966561014667,NaN,NaN,NaN,NaN,NaN,NaN,NaN,NaN,NaN
NaN,NaN,0.604241901877686,0.849389901501127,1.12221603086315,1.29622943691114,1.64857523104486,2.03899317174122,0.402824677051588,NaN,NaN,NaN,NaN,NaN,NaN,NaN,NaN,NaN
NaN,NaN,0.600096752736135,0.839228371274658,1.12747450163685,1.29877222693661,1.65276690906224,2.05179613768026,0.506381172211453,NaN,NaN,NaN,NaN,NaN,NaN,NaN,NaN,NaN
NaN,NaN,0.595663005355164,0.830827841651626,1.12066675713383,1.30230000234345,1.65476154124675,2.07859988077447,0.605923890592142,NaN,NaN,NaN,NaN,NaN,NaN,NaN,NaN,NaN
NaN,NaN,0.587727447840734,0.829770976793952,1.11933122193538,1.30011521271566,1.65768166592655,2.10241579203769,0.714262373270079,NaN,NaN,NaN,NaN,NaN,NaN,NaN,NaN,NaN
NaN,NaN,0.585051553192898,0.823931751889177,1.12189221000396,1.30455195895532,1.65486849433122,2.12845223708913,0.821888729454561,NaN,NaN,NaN,NaN,NaN,NaN,NaN,NaN,NaN
NaN,NaN,0.587399864438339,0.812438225490041,1.11938751107179,1.30951317018965,1.65540152749357,2.1476393261449,0.919726680488869,NaN,NaN,NaN,NaN,NaN,NaN,NaN,NaN,NaN
NaN,NaN,0.586020799222752,0.79759244073648,1.12354299789392,1.30848113439182,1.65575498303709,2.16053948490783,1.01470554572491,NaN,NaN,NaN,NaN,NaN,NaN,NaN,NaN,NaN
NaN,NaN,0.577848201486631,0.791021028649993,1.11225531241022,1.30543522528509,1.65489617323813,2.18766736551091,1.10308409062175,NaN,NaN,NaN,NaN,NaN,NaN,NaN,NaN,NaN
NaN,NaN,0.567832833025023,0.788768513244577,1.10828012963854,1.30027629426816,1.65390155798135,2.20789358704254,1.19978675943761,NaN,NaN,NaN,NaN,NaN,NaN,NaN,NaN,NaN
NaN,NaN,0.567850192877813,0.783868042868562,1.10455638533555,1.30742307744125,1.65338400340018,2.22422784878775,1.28710273978262,NaN,NaN,NaN,NaN,NaN,NaN,NaN,NaN,NaN
NaN,NaN,0.561300201210543,0.775343572837301,1.09922204902493,1.30888309321502,1.65283476522503,2.23574966876671,1.36711612668781,NaN,NaN,NaN,NaN,NaN,NaN,NaN,NaN,NaN
NaN,NaN,0.557445606085821,0.76727556262631,1.09823130807005,1.30809497079948,1.65907661950526,2.24461636259123,1.44501002830414,NaN,NaN,NaN,NaN,NaN,NaN,NaN,NaN,NaN
NaN,NaN,0.546440353486105,0.762502646190114,1.08904023459278,1.30565591148237,1.65788054054913,2.26376176564857,1.51387250375895,NaN,NaN,NaN,NaN,NaN,NaN,NaN,NaN,NaN
NaN,NaN,0.539715776088997,0.759781265747734,1.08662702879034,1.30718482650021,1.66186630314526,2.27644568993613,1.58910272967963,NaN,NaN,NaN,NaN,NaN,NaN,NaN,NaN,NaN
NaN,NaN,0.543185325208469,0.752005877089687,1.08313075071298,1.31427973500589,1.65982754489717,2.28122316985294,1.65322222140579,NaN,NaN,NaN,NaN,NaN,NaN,NaN,NaN,NaN
NaN,NaN,0.53576950157003,0.742894487571903,1.07861011093579,1.31828196338514,1.6582190017992,2.28334822445079,1.71294179138689,NaN,NaN,NaN,NaN,NaN,NaN,NaN,NaN,NaN
NaN,NaN,0.532650241497322,0.737823734176345,1.07124863928281,1.31724031633833,1.658349442839,2.28045860989854,1.7690493198946,NaN,NaN,NaN,NaN,NaN,NaN,NaN,NaN,NaN
NaN,NaN,0.519250055644079,0.732619857531972,1.05829528337442,1.31282875306109,1.65280049255428,2.28784483610555,1.81636808765082,NaN,NaN,NaN,NaN,NaN,NaN,NaN,NaN,NaN
NaN,NaN,0.516735317054554,0.727924259495922,1.04723875215374,1.3106714188228,1.6521442081624,2.28593296124503,1.86712481406479,NaN,NaN,NaN,NaN,NaN,NaN,NaN,NaN,NaN
NaN,NaN,0.513321498277946,0.71694240171928,1.04126314437114,1.30694789803723,1.64920767357883,2.28172548799678,1.91022506308703,NaN,NaN,NaN,NaN,NaN,NaN,NaN,NaN,NaN
NaN,NaN,0.504979641977116,0.709186496329494,1.03337817629896,1.30522714919546,1.64621712228594,2.27722373544141,1.95218194601087,NaN,NaN,NaN,NaN,NaN,NaN,NaN,NaN,NaN
NaN,NaN,0.499726982656284,0.702015088987537,1.02874074867092,1.30084367460707,1.64965571424303,2.27037968798443,1.99333718371539,NaN,NaN,NaN,NaN,NaN,NaN,NaN,NaN,NaN
NaN,NaN,0.490197056773468,0.700093546998687,1.0171805582019,1.29613479591111,1.64718733689127,2.27241812958285,2.02733503979592,NaN,NaN,NaN,NaN,NaN,NaN,NaN,NaN,NaN
NaN,NaN,0.48337163576798,0.700909199309535,1.00809051459752,1.29127483806709,1.64712212568459,2.26476457654401,2.06751693365125,NaN,NaN,NaN,NaN,NaN,NaN,NaN,NaN,NaN
NaN,NaN,0.474674032870098,0.690834002685733,1.00688732033692,1.28671430043081,1.64145683458385,2.2582546503739,2.10414216247348,NaN,NaN,NaN,NaN,NaN,NaN,NaN,NaN,NaN
NaN,NaN,0.467160178217455,0.688302723807283,0.996051512566434,1.28527801475623,1.63722458815513,2.255389473726,2.13908056122212,NaN,NaN,NaN,NaN,NaN,NaN,NaN,NaN,NaN
NaN,NaN,0.457689950111671,0.678609052789398,0.988120909688102,1.28306606776217,1.63801149985132,2.25171413957044,2.17587454569487,NaN,NaN,NaN,NaN,NaN,NaN,NaN,NaN,NaN
NaN,NaN,0.45085674324946,0.679035840672441,0.972735516634809,1.28050792954067,1.63604760131178,2.2529236481981,2.20702594471125,NaN,NaN,NaN,NaN,NaN,NaN,NaN,NaN,NaN
NaN,NaN,0.443935526403948,0.67315211717505,0.969255238679277,1.27659449345568,1.63108273929295,2.24988932474419,2.24585486900954,NaN,NaN,NaN,NaN,NaN,NaN,NaN,NaN,NaN
NaN,NaN,0.437287634107633,0.666047280770727,0.966565634963142,1.26775158560971,1.62441363146839,2.24629022865459,2.28195892971902,NaN,NaN,NaN,NaN,NaN,NaN,NaN,NaN,NaN
NaN,NaN,0.429917706045671,0.658836534363218,0.958014771250115,1.26895859829286,1.61610267645059,2.24695889963671,2.31315149319319,NaN,NaN,NaN,NaN,NaN,NaN,NaN,NaN,NaN
NaN,NaN,0.422819351646467,0.64694693509955,0.946870062408076,1.26424206412533,1.61547440624175,2.24045426337883,2.34590323966889,NaN,NaN,NaN,NaN,NaN,NaN,NaN,NaN,NaN
NaN,NaN,0.413815474006697,0.64726172212977,0.933459892776834,1.26325665033558,1.61087892538247,2.23499473868772,2.3740706066504,NaN,NaN,NaN,NaN,NaN,NaN,NaN,NaN,NaN
NaN,NaN,0.401063507291838,0.641705749672838,0.929951563385354,1.25968726343611,1.60071480607924,2.23023178740308,2.40566123601942,NaN,NaN,NaN,NaN,NaN,NaN,NaN,NaN,NaN
NaN,NaN,0.393127689007088,0.638019370031543,0.925271015522109,1.2506997584472,1.59673966056046,2.22355910329982,2.43781043541579,NaN,NaN,NaN,NaN,NaN,NaN,NaN,NaN,NaN
NaN,NaN,0.378692766520544,0.633256195229478,0.916004225519525,1.25019213176468,1.58871048650083,2.22467449246809,2.46206537214069,NaN,NaN,NaN,NaN,NaN,NaN,NaN,NaN,NaN
NaN,NaN,0.372356699648662,0.626294894260354,0.908825684246646,1.24662343404392,1.59040480440793,2.21741744070217,2.48798532736449,NaN,NaN,NaN,NaN,NaN,NaN,NaN,NaN,NaN
NaN,NaN,0.365499911698862,0.624666700256057,0.90665231263362,1.24443912870386,1.58352061694798,2.21383877782985,2.50838216719179,NaN,NaN,NaN,NaN,NaN,NaN,NaN,NaN,NaN
NaN,NaN,0.359159635248943,0.625777432811447,0.906177170482503,1.2423095851312,1.57594615182218,2.20892525031134,2.53022689697294,NaN,NaN,NaN,NaN,NaN,NaN,NaN,NaN,NaN
NaN,NaN,0.35361763263063,0.62037343357224,0.906563036051618,1.23405469573239,1.57477816155491,2.20066639347836,2.55233468812852,NaN,NaN,NaN,NaN,NaN,NaN,NaN,NaN,NaN
NaN,NaN,0.343207886311575,0.611485784989782,0.894571978506671,1.23273966825703,1.56537271624741,2.19552558599874,2.56178848770408,NaN,NaN,NaN,NaN,NaN,NaN,NaN,NaN,NaN
NaN,NaN,0.338464567306801,0.602355508250184,0.8859587720605,1.22664583838681,1.56469629666147,2.18312893747255,2.57734088552146,NaN,NaN,NaN,NaN,NaN,NaN,NaN,NaN,NaN
NaN,NaN,0.328806919846102,0.596880244207569,0.879166468885766,1.21912110588649,1.559910621106,2.17467435388729,2.588053218545,NaN,NaN,NaN,NaN,NaN,NaN,NaN,NaN,NaN
NaN,NaN,0.323494562748238,0.593228900921531,0.873014375475274,1.21536729849079,1.55887726283011,2.16937740086481,2.6019796016529,NaN,NaN,NaN,NaN,NaN,NaN,NaN,NaN,NaN
NaN,NaN,0.313936920705601,0.582856761408039,0.873041365203487,1.2113439290891,1.56121626084981,2.15644064112469,2.61884454962759,NaN,NaN,NaN,NaN,NaN,NaN,NaN,NaN,NaN
NaN,NaN,0.303548743817373,0.57370437507052,0.862188234833108,1.20915453872779,1.55761917641697,2.14731015949413,2.62285890382676,NaN,NaN,NaN,NaN,NaN,NaN,NaN,NaN,NaN
NaN,NaN,0.294697807970806,0.569326264900155,0.854932133016215,1.20367778456906,1.55265854260263,2.12981353266999,2.63092780810742,NaN,NaN,NaN,NaN,NaN,NaN,NaN,NaN,NaN
NaN,NaN,0.284262506160303,0.567483382415958,0.850767221209632,1.18792489162782,1.55011446735201,2.11905724122092,2.63629256141333,NaN,NaN,NaN,NaN,NaN,NaN,NaN,NaN,NaN
NaN,NaN,0.270990209523006,0.560501424712129,0.842224869784938,1.18045881382326,1.54736488646207,2.10731097250148,2.64597993669061,NaN,NaN,NaN,NaN,NaN,NaN,NaN,NaN,NaN
NaN,NaN,0.260612537953421,0.543866494786926,0.840768802818881,1.16923011831144,1.54121947994766,2.08814878701135,2.66175173548011,NaN,NaN,NaN,NaN,NaN,NaN,NaN,NaN,NaN
NaN,NaN,0.252085553351208,0.533346442622133,0.828486185428725,1.16642748928765,1.52822438216147,2.0795288936691,2.66793955442457,NaN,NaN,NaN,NaN,NaN,NaN,NaN,NaN,NaN
NaN,NaN,0.241756478193565,0.527697468292899,0.82199592879139,1.15155300117234,1.52155318817434,2.06430502920314,2.68079078149943,NaN,NaN,NaN,NaN,NaN,NaN,NaN,NaN,NaN
NaN,NaN,0.231672825160786,0.518341550719924,0.81291303774439,1.13229062399963,1.51965647524533,2.05778985037371,2.69487854418306,NaN,NaN,NaN,NaN,NaN,NaN,NaN,NaN,NaN
NaN,NaN,0.219275655093952,0.508581979316659,0.800858352241145,1.11953970036605,1.51267598903117,2.05079088671967,2.70906001654415,NaN,NaN,NaN,NaN,NaN,NaN,NaN,NaN,NaN
NaN,NaN,0.213116222861572,0.486002585035749,0.79487434392892,1.10193895167807,1.5043773088449,2.03408512039944,2.72689497423319,NaN,NaN,NaN,NaN,NaN,NaN,NaN,NaN,NaN
NaN,NaN,0.2019567432435,0.474218579125591,0.779513295647727,1.09388874835471,1.49312067365584,2.02740442692205,2.73165820491461,NaN,NaN,NaN,NaN,NaN,NaN,NaN,NaN,NaN
NaN,NaN,0.188839083406492,0.466688165557571,0.771022502240764,1.08051201320389,1.48805794826088,2.01633197008535,2.74456695047168,NaN,NaN,NaN,NaN,NaN,NaN,NaN,NaN,NaN
NaN,NaN,0.177070667836233,0.453962834668346,0.760262802151071,1.06559025115469,1.4910326298171,2.01277673928901,2.75609484267382,NaN,NaN,NaN,NaN,NaN,NaN,NaN,NaN,NaN
NaN,NaN,0.160417837891146,0.442111885291524,0.750471155998336,1.05511315158704,1.48286107516227,2.00566638945505,2.77133265835194,NaN,NaN,NaN,NaN,NaN,NaN,NaN,NaN,NaN
NaN,NaN,0.153477920088335,0.423241464537568,0.743758257386314,1.0446774027417,1.47336653953729,1.99334929450318,2.78596982684879,NaN,NaN,NaN,NaN,NaN,NaN,NaN,NaN,NaN
NaN,NaN,0.141537004950806,0.418135581654496,0.732548877504693,1.03689899659851,1.46311351618109,1.98905790909096,2.79249862161426,NaN,NaN,NaN,NaN,NaN,NaN,NaN,NaN,NaN
NaN,NaN,0.132043270263239,0.40762122918386,0.728325944301711,1.03034252292612,1.46004370933709,1.98283231570288,2.80423054796605,NaN,NaN,NaN,NaN,NaN,NaN,NaN,NaN,NaN
NaN,NaN,0.126613193991943,0.394059980404563,0.720987532195674,1.01898882529834,1.45826907417116,1.98165981783435,2.81606858921198,NaN,NaN,NaN,NaN,NaN,NaN,NaN,NaN,NaN
NaN,NaN,0.11851495305018,0.384923035395332,0.718905951735602,1.01300593457321,1.44295127651033,1.97588705210849,2.82396041181831,NaN,NaN,NaN,NaN,NaN,NaN,NaN,NaN,NaN
NaN,NaN,0.111657680812641,0.368331076693721,0.708983249870168,1.00093591950038,1.43309048896966,1.96441788910791,2.82908406433611,NaN,NaN,NaN,NaN,NaN,NaN,NaN,NaN,NaN
NaN,NaN,0.100752508136793,0.365881996345706,0.700957167801486,0.990471262402328,1.42146290799913,1.96190356030032,2.82603113305716,NaN,NaN,NaN,NaN,NaN,NaN,NaN,NaN,NaN
NaN,NaN,0.0930747407110175,0.356161205214448,0.691340573039876,0.985577404416593,1.42103138899741,1.95685042752787,2.82771382805853,NaN,NaN,NaN,NaN,NaN,NaN,NaN,NaN,NaN
NaN,NaN,0.0902466865809401,0.339769220096059,0.685569483694659,0.967550240374597,1.41936068943081,1.95554285063311,2.83025494170336,NaN,NaN,NaN,NaN,NaN,NaN,NaN,NaN,NaN
NaN,NaN,0.083623958620592,0.330457856995054,0.677433673200236,0.962687618948015,1.40695940291819,1.94863619967267,2.82260291603355,NaN,NaN,NaN,NaN,NaN,NaN,NaN,NaN,NaN
NaN,NaN,0.0816967541904887,0.318422859651037,0.664984870609866,0.950120668775829,1.39997280722794,1.93516469313666,2.81540552479176,NaN,NaN,NaN,NaN,NaN,NaN,NaN,NaN,NaN
NaN,NaN,0.0724402273626765,0.31426115159411,0.655222225842105,0.941850375301631,1.3925100635582,1.93023840649888,2.80201942053585,NaN,NaN,NaN,NaN,NaN,NaN,NaN,NaN,NaN
NaN,NaN,0.0655357556970557,0.305606333655305,0.642219398078547,0.9337387978206,1.38878738096294,1.91998474984333,2.79537160274534,NaN,NaN,NaN,NaN,NaN,NaN,NaN,NaN,NaN
NaN,NaN,0.0616640614898643,0.290546978008933,0.640285264608489,0.9189124963353,1.38371195232806,1.91057405187651,2.78992206183223,NaN,NaN,NaN,NaN,NaN,NaN,NaN,NaN,NaN
NaN,NaN,0.0526827032299479,0.283100364846177,0.630167376157866,0.91518748543361,1.37000739163098,1.90215199007556,2.77399294403343,NaN,NaN,NaN,NaN,NaN,NaN,NaN,NaN,NaN
NaN,NaN,0.0490250642033061,0.272789469105191,0.620200417843686,0.906598512000831,1.36285714393792,1.89120650975868,2.76664238748102,NaN,NaN,NaN,NaN,NaN,NaN,NaN,NaN,NaN
NaN,NaN,0.0408526154787978,0.26450002763886,0.611704297271596,0.901192128575834,1.35917162111339,1.88623849986955,2.75609473091511,NaN,NaN,NaN,NaN,NaN,NaN,NaN,NaN,NaN
NaN,NaN,0.0316402147145709,0.249647574615665,0.6002973838719,0.890263337559493,1.35452171376285,1.88147837980553,2.75314033356456,NaN,NaN,NaN,NaN,NaN,NaN,NaN,NaN,NaN
NaN,NaN,0.0245593878062209,0.232783669722266,0.598035760131703,0.869307778693231,1.34570577701864,1.86887201606199,2.74498392221479,NaN,NaN,NaN,NaN,NaN,NaN,NaN,NaN,NaN
NaN,NaN,0.0170614773960551,0.226360654574819,0.579317200836764,0.863254144705327,1.32525987511811,1.85922703458831,2.73028770786671,NaN,NaN,NaN,NaN,NaN,NaN,NaN,NaN,NaN
NaN,NaN,0.0111442262859782,0.21534251247067,0.568011671212541,0.85208062074283,1.31735629922089,1.8476009809868,2.72459609759001,NaN,NaN,NaN,NaN,NaN,NaN,NaN,NaN,NaN
NaN,NaN,0.0049453059764346,0.205561241251417,0.552637845185624,0.844458900309595,1.30654591655669,1.84024234055444,2.71574050513057,NaN,NaN,NaN,NaN,NaN,NaN,NaN,NaN,NaN
NaN,NaN,-0.00672489231510555,0.194239562493749,0.541477005836593,0.835233665920289,1.29701159483132,1.83374919681713,2.71007409644274,NaN,NaN,NaN,NaN,NaN,NaN,NaN,NaN,NaN
NaN,NaN,-0.0123214890627423,0.181068668258376,0.531283829269038,0.813608113593849,1.28816913402018,1.82059160186812,2.70206805643587,NaN,NaN,NaN,NaN,NaN,NaN,NaN,NaN,NaN
NaN,NaN,-0.0218453613488237,0.179994257283397,0.513164762315379,0.807936489499601,1.26957647091088,1.81267159744069,2.69170023825912,NaN,NaN,NaN,NaN,NaN,NaN,NaN,NaN,NaN
NaN,NaN,-0.0254739431111375,0.172258542967029,0.500602282491551,0.79812878734568,1.26254491096673,1.80314275189206,2.69091843021063,NaN,NaN,NaN,NaN,NaN,NaN,NaN,NaN,NaN
NaN,NaN,-0.0316848588554422,0.157566165667959,0.493888713327275,0.790950991130861,1.24990040025053,1.79896984933778,2.68688341927676,NaN,NaN,NaN,NaN,NaN,NaN,NaN,NaN,NaN
NaN,NaN,-0.0449079816607991,0.147954357904382,0.485719822255002,0.785887297160419,1.23671248143849,1.79370431913897,2.67943986085205,NaN,NaN,NaN,NaN,NaN,NaN,NaN,NaN,NaN
NaN,NaN,-0.0466218759684125,0.139234775793739,0.478521872219668,0.772632919169458,1.22557382619319,1.78389501511022,2.67559297707824,NaN,NaN,NaN,NaN,NaN,NaN,NaN,NaN,NaN
NaN,NaN,-0.0564509426621953,0.13863941852469,0.46208259454094,0.770722608930858,1.21209023109016,1.78276256411239,2.66706023690252,NaN,NaN,NaN,NaN,NaN,NaN,NaN,NaN,NaN
NaN,NaN,-0.0580447149841348,0.130682123941369,0.44994770353757,0.76359400517443,1.2019986618155,1.77513743503854,2.66825130534319,NaN,NaN,NaN,NaN,NaN,NaN,NaN,NaN,NaN
NaN,NaN,-0.0645363127259771,0.116298331064172,0.446187805292235,0.754470750607046,1.18978064095912,1.77156421109006,2.66181627613453,NaN,NaN,NaN,NaN,NaN,NaN,NaN,NaN,NaN
NaN,NaN,-0.0755302404431859,0.11241639230866,0.436299692747222,0.748670939273628,1.1794325481945,1.76668495624229,2.64863435503988,NaN,NaN,NaN,NaN,NaN,NaN,NaN,NaN,NaN
NaN,NaN,-0.0768146274058381,0.10346232180018,0.429205398914443,0.736750941641124,1.16839080637631,1.75445231362149,2.63763303262143,NaN,NaN,NaN,NaN,NaN,NaN,NaN,NaN,NaN
NaN,NaN,-0.0855243561236421,0.103229100001045,0.409543819633351,0.731825753963979,1.15275067797241,1.7505381883578,2.61904524964242,NaN,NaN,NaN,NaN,NaN,NaN,NaN,NaN,NaN
NaN,NaN,-0.0871966575650731,0.0907676314236596,0.400588761922942,0.721784941769632,1.13731173387108,1.73604030846521,2.60746015560774,NaN,NaN,NaN,NaN,NaN,NaN,NaN,NaN,NaN
NaN,NaN,-0.0972751138178865,0.0827054326655343,0.395188990888225,0.7104443571637,1.12326277008591,1.72731891958877,2.58858057063965,NaN,NaN,NaN,NaN,NaN,NaN,NaN,NaN,NaN
NaN,NaN,-0.106726007667021,0.0860991721274331,0.38514734050356,0.706488974309953,1.11301743945417,1.71974354176685,2.56531179276256,NaN,NaN,NaN,NaN,NaN,NaN,NaN,NaN,NaN
NaN,NaN,-0.106040982660488,0.0813023765804246,0.379021156487094,0.697944182820114,1.1081330809587,1.7068774135308,2.55153799754529,NaN,NaN,NaN,NaN,NaN,NaN,NaN,NaN,NaN
NaN,NaN,-0.110643057283596,0.0782272425713018,0.361569326278792,0.699401125229391,1.09154488480029,1.70352480127379,2.53142742765097,NaN,NaN,NaN,NaN,NaN,NaN,NaN,NaN,NaN
NaN,NaN,-0.116318946835236,0.0646089782239869,0.356196693983899,0.691151432610544,1.07890164068279,1.68991357772514,2.51944495690016,NaN,NaN,NaN,NaN,NaN,NaN,NaN,NaN,NaN
NaN,NaN,-0.122170204427675,0.0544606727780774,0.348440956232177,0.679595619357618,1.07051744645772,1.67865277021095,2.49909796145706,NaN,NaN,NaN,NaN,NaN,NaN,NaN,NaN,NaN
NaN,NaN,-0.131743995603756,0.0524260682286695,0.33445683112465,0.67444011560777,1.05871753355799,1.66571915834114,2.47156853181271,NaN,NaN,NaN,NaN,NaN,NaN,NaN,NaN,NaN
NaN,NaN,-0.126781741288141,0.0433150884928182,0.322344180104361,0.659426730043682,1.05006848981914,1.65114051415488,2.45730113563089,NaN,NaN,NaN,NaN,NaN,NaN,NaN,NaN,NaN
NaN,NaN,-0.134575849529938,0.035004431498237,0.307321220544206,0.655716210521253,1.03177256470857,1.64575622170135,2.43733784508853,NaN,NaN,NaN,NaN,NaN,NaN,NaN,NaN,NaN
NaN,NaN,-0.144785715398029,0.0257503819884732,0.305056802836286,0.649288967169317,1.01926670929727,1.63041376261875,2.42708284732847,NaN,NaN,NaN,NaN,NaN,NaN,NaN,NaN,NaN
NaN,NaN,-0.150097327437834,0.0187495743157342,0.300880715158807,0.64350152379969,1.01570484748421,1.61918804733917,2.41338502940683,NaN,NaN,NaN,NaN,NaN,NaN,NaN,NaN,NaN
NaN,NaN,-0.158839596566395,0.0201883373083547,0.291551247146951,0.637981444514783,1.00605908369956,1.60762839703724,2.39980189454703,NaN,NaN,NaN,NaN,NaN,NaN,NaN,NaN,NaN
NaN,NaN,-0.154266988989548,0.0127610025228933,0.279197085556613,0.62778828657368,0.997744422017907,1.59623038708135,2.39786859926729,NaN,NaN,NaN,NaN,NaN,NaN,NaN,NaN,NaN
NaN,NaN,-0.164343657103018,0.00876894418615849,0.272378593591081,0.620002448476346,0.979563254474973,1.591695796092,2.39076190021782,NaN,NaN,NaN,NaN,NaN,NaN,NaN,NaN,NaN
NaN,NaN,-0.171506254133419,0.00316519488114864,0.270397819486486,0.614792853511365,0.972492523103331,1.57915989621445,2.38744171661286,NaN,NaN,NaN,NaN,NaN,NaN,NaN,NaN,NaN
NaN,NaN,-0.172662640121416,-0.00126307632308453,0.269837591704951,0.611622538335117,0.971034071951484,1.56612009494468,2.38156380456833,NaN,NaN,NaN,NaN,NaN,NaN,NaN,NaN,NaN
NaN,NaN,-0.174376497176127,-8.68345377966692e-05,0.26129740094863,0.60555363065699,0.956492345392083,1.56127528040573,2.37461330694108,NaN,NaN,NaN,NaN,NaN,NaN,NaN,NaN,NaN
NaN,NaN,-0.165520718452171,-0.00872581999283283,0.249201793131457,0.592402461833747,0.949318442105626,1.55254379599258,2.3792505855575,NaN,NaN,NaN,NaN,NaN,NaN,NaN,NaN,NaN
NaN,NaN,-0.166630035397247,-0.0119687597034499,0.248396571633445,0.584999341435226,0.93240227138934,1.54857420115635,2.37437352863102,NaN,NaN,NaN,NaN,NaN,NaN,NaN,NaN,NaN
NaN,NaN,-0.167993715163902,-0.0202618333278224,0.24270576229416,0.580964647151025,0.929169445841884,1.53164180680081,2.37095866677312,NaN,NaN,NaN,NaN,NaN,NaN,NaN,NaN,NaN
NaN,NaN,-0.167175548282103,-0.0265132057247683,0.241001609620677,0.57253848753074,0.92508092111287,1.50988322435781,2.36139752295761,NaN,NaN,NaN,NaN,NaN,NaN,NaN,NaN,NaN
NaN,NaN,-0.168170498815016,-0.0353049467084929,0.227343782690393,0.565236844039949,0.911043170451497,1.49853656752869,2.34694645133762,NaN,NaN,NaN,NaN,NaN,NaN,NaN,NaN,NaN
NaN,NaN,-0.171170065310434,-0.0451741161523387,0.214044105169402,0.549601800657304,0.900260801970338,1.48203286095425,2.34131208014636,NaN,NaN,NaN,NaN,NaN,NaN,NaN,NaN,NaN
NaN,NaN,-0.178471913692192,-0.0545940900919959,0.210413120594846,0.542082786477598,0.88442600852189,1.46848876713678,2.32732957554011,NaN,NaN,NaN,NaN,NaN,NaN,NaN,NaN,NaN
NaN,NaN,-0.189320499208407,-0.0576069372473285,0.202573731449471,0.53769439450601,0.879823356478785,1.44624543129369,2.31498655256776,NaN,NaN,NaN,NaN,NaN,NaN,NaN,NaN,NaN
NaN,NaN,-0.188738199081854,-0.0642533021746203,0.202811106947289,0.524861682123931,0.87140131330428,1.42507276250884,2.29930105012803,NaN,NaN,NaN,NaN,NaN,NaN,NaN,NaN,NaN
NaN,NaN,-0.192102657762007,-0.0681748221395537,0.1884405202242,0.51718646652201,0.857850569843625,1.4209009216623,2.27970794168262,NaN,NaN,NaN,NaN,NaN,NaN,NaN,NaN,NaN
NaN,NaN,-0.193433517721132,-0.0740737634478137,0.180413842109071,0.505333579994234,0.849796305953835,1.41292744069263,2.26885035959034,NaN,NaN,NaN,NaN,NaN,NaN,NaN,NaN,NaN
NaN,NaN,-0.197587849703268,-0.082040389883332,0.177503198293077,0.499967522836717,0.843085698395347,1.39954673810765,2.25083291855602,NaN,NaN,NaN,NaN,NaN,NaN,NaN,NaN,NaN
NaN,NaN,-0.202484818306402,-0.0877156088827178,0.169129229989873,0.487998034722599,0.838626265137767,1.38247296898529,2.22977629256396,NaN,NaN,NaN,NaN,NaN,NaN,NaN,NaN,NaN
NaN,NaN,-0.197676194962696,-0.0997007245896384,0.165926616546737,0.471312682993206,0.836824714749431,1.36168251498505,2.20570763898043,NaN,NaN,NaN,NaN,NaN,NaN,NaN,NaN,NaN
NaN,NaN,-0.196651777383522,-0.106530075776391,0.145759384986983,0.461316313512119,0.824765875547503,1.35393478660747,2.1788767198935,NaN,NaN,NaN,NaN,NaN,NaN,NaN,NaN,NaN
NaN,NaN,-0.195196213331656,-0.113077534246258,0.136864546594249,0.453375875867399,0.822331267952298,1.34103444158003,2.16464802947788,NaN,NaN,NaN,NaN,NaN,NaN,NaN,NaN,NaN
NaN,NaN,-0.197019593921141,-0.119022985803895,0.136666212138759,0.449661910451444,0.823855526357268,1.32264694883391,2.1467534112647,NaN,NaN,NaN,NaN,NaN,NaN,NaN,NaN,NaN
NaN,NaN,-0.195859817918972,-0.119753273087554,0.132231589314567,0.448196194983514,0.820786147921656,1.30462412475511,2.12814962816386,NaN,NaN,NaN,NaN,NaN,NaN,NaN,NaN,NaN
NaN,NaN,-0.190463399645523,-0.127036122488789,0.126768413838969,0.438167732126506,0.822324208527182,1.28367579295203,2.11416118171959,NaN,NaN,NaN,NaN,NaN,NaN,NaN,NaN,NaN
NaN,NaN,-0.19123434847279,-0.125775167602114,0.113670870569573,0.433117281563076,0.816362011789655,1.27958367331788,2.09525386196522,NaN,NaN,NaN,NaN,NaN,NaN,NaN,NaN,NaN
NaN,NaN,-0.190888138618902,-0.12954406242352,0.110559899267779,0.42605573303202,0.815272848665093,1.26626196070477,2.08966600102334,NaN,NaN,NaN,NaN,NaN,NaN,NaN,NaN,NaN
NaN,NaN,-0.187754182275967,-0.131989566492848,0.114208299574481,0.422165598637851,0.810926254450654,1.25107734217211,2.07629498419313,NaN,NaN,NaN,NaN,NaN,NaN,NaN,NaN,NaN
NaN,NaN,-0.184565110263065,-0.134822556632571,0.113669231441842,0.422709248877557,0.804075110315656,1.23965243562028,2.05874316719322,NaN,NaN,NaN,NaN,NaN,NaN,NaN,NaN,NaN
NaN,NaN,-0.176156254616217,-0.137173326569609,0.105256259349214,0.412204414523633,0.806017085521792,1.22223428203627,2.05005351779012,NaN,NaN,NaN,NaN,NaN,NaN,NaN,NaN,NaN
NaN,NaN,-0.173250639942125,-0.135491283494048,0.0974442697139845,0.409806445158514,0.800772621839618,1.22823222293421,2.03467412245421,NaN,NaN,NaN,NaN,NaN,NaN,NaN,NaN,NaN
NaN,NaN,-0.167962292340235,-0.132427399861626,0.0971522628339396,0.399211514658721,0.803673393636321,1.21774197309181,2.03241408196239,NaN,NaN,NaN,NaN,NaN,NaN,NaN,NaN,NaN
NaN,NaN,-0.156808419284062,-0.133899615961127,0.101112022903787,0.394572485155853,0.800518985449647,1.20514449416563,2.02511208456902,NaN,NaN,NaN,NaN,NaN,NaN,NaN,NaN,NaN
NaN,NaN,-0.151787882801727,-0.131347698974423,0.0936106293471918,0.393043402499946,0.797048914789533,1.19669207124874,2.01003631901888,NaN,NaN,NaN,NaN,NaN,NaN,NaN,NaN,NaN
NaN,NaN,-0.145876573529677,-0.136595515417866,0.0859863384636507,0.386891178704294,0.800210009872292,1.17857007994219,2.00090278265028,NaN,NaN,NaN,NaN,NaN,NaN,NaN,NaN,NaN
NaN,NaN,-0.146005282309488,-0.134859045851044,0.075004108157979,0.380875300533565,0.796680409073209,1.17753459825083,1.98531311330347,NaN,NaN,NaN,NaN,NaN,NaN,NaN,NaN,NaN
NaN,NaN,-0.143147314098314,-0.134565865504555,0.0713569558235273,0.375241916544231,0.78814835807619,1.16799604832098,1.97708985161929,NaN,NaN,NaN,NaN,NaN,NaN,NaN,NaN,NaN
NaN,NaN,-0.139086803552345,-0.136644093203358,0.0750816500755415,0.369985625065359,0.786264981686448,1.15401110364958,1.96273248967676,NaN,NaN,NaN,NaN,NaN,NaN,NaN,NaN,NaN
NaN,NaN,-0.138181651142077,-0.133492888766341,0.0638981423350439,0.367496199823411,0.774736009150123,1.14587184726164,1.94083012965469,NaN,NaN,NaN,NaN,NaN,NaN,NaN,NaN,NaN
NaN,NaN,-0.133147666361765,-0.134900843608193,0.0578280053111181,0.360456462867054,0.777292489617442,1.13376435576841,1.92814883169679,NaN,NaN,NaN,NaN,NaN,NaN,NaN,NaN,NaN
NaN,NaN,-0.132549254354672,-0.134981086361222,0.0515502951117621,0.354379024274143,0.7673902954751,1.13106771125361,1.91107441064863,NaN,NaN,NaN,NaN,NaN,NaN,NaN,NaN,NaN
NaN,NaN,-0.130140705165104,-0.137549711274914,0.0482584423395262,0.347906351007017,0.75226630604205,1.12193888737723,1.89746193912773,NaN,NaN,NaN,NaN,NaN,NaN,NaN,NaN,NaN
NaN,NaN,-0.126679333057837,-0.1425159702776,0.0475452355118857,0.336710642940792,0.748829781621074,1.10728352083728,1.87699560400991,NaN,NaN,NaN,NaN,NaN,NaN,NaN,NaN,NaN
NaN,NaN,-0.127525085714296,-0.145563313621096,0.0341520904573069,0.330082029021772,0.734545416741942,1.10007419004008,1.85087569382934,NaN,NaN,NaN,NaN,NaN,NaN,NaN,NaN,NaN
NaN,NaN,-0.122973414268927,-0.149996129679494,0.0249988473030195,0.317141618497165,0.734083778768157,1.08965883715913,1.83553243380932,NaN,NaN,NaN,NaN,NaN,NaN,NaN,NaN,NaN
NaN,NaN,-0.120379587766365,-0.147886572289281,0.0195294692190752,0.313582569278272,0.721744238942241,1.08914267956182,1.8153661521986,NaN,NaN,NaN,NaN,NaN,NaN,NaN,NaN,NaN
NaN,NaN,-0.121879929807619,-0.145460830884986,0.0153689718814955,0.312931518919261,0.714531331866359,1.08200720264479,1.7991806785479,NaN,NaN,NaN,NaN,NaN,NaN,NaN,NaN,NaN
NaN,NaN,-0.118798835334019,-0.144355947035365,0.0140886641117201,0.304318610496315,0.713580935805415,1.06799530549809,1.7776535670176,NaN,NaN,NaN,NaN,NaN,NaN,NaN,NaN,NaN
NaN,NaN,-0.122870447245077,-0.140976326423697,-6.55204979314802e-05,0.302534457213672,0.704471092283105,1.06309856041238,1.75572285753636,NaN,NaN,NaN,NaN,NaN,NaN,NaN,NaN,NaN
NaN,NaN,-0.119006073233322,-0.141684485482983,-0.00612649330772304,0.29192941255072,0.700704414009427,1.05712148114011,1.74229922098069,NaN,NaN,NaN,NaN,NaN,NaN,NaN,NaN,NaN
NaN,NaN,-0.118297653403715,-0.135739276069216,-0.00569044807828808,0.291391815907749,0.690917834251498,1.05503690182134,1.72525186416654,NaN,NaN,NaN,NaN,NaN,NaN,NaN,NaN,NaN
NaN,NaN,-0.114987453576759,-0.129330566036515,-0.00507465759195232,0.293758492834362,0.685675810634469,1.05204696520135,1.70963280227928,NaN,NaN,NaN,NaN,NaN,NaN,NaN,NaN,NaN
NaN,NaN,-0.104775594678358,-0.130473410594277,0.00245432173930264,0.294096283532175,0.684916037678098,1.04014479308292,1.69276135367303,NaN,NaN,NaN,NaN,NaN,NaN,NaN,NaN,NaN
NaN,NaN,-0.0975786318449536,-0.123476235079579,-0.00555896395720387,0.290511473930868,0.67784173002777,1.03853159337208,1.67772174206524,NaN,NaN,NaN,NaN,NaN,NaN,NaN,NaN,NaN
NaN,NaN,-0.0902497006027261,-0.123841611552052,-0.00746221477068806,0.289490166969093,0.67021408638296,1.03778416975304,1.66788926673083,NaN,NaN,NaN,NaN,NaN,NaN,NaN,NaN,NaN
NaN,NaN,-0.0867780466942349,-0.11862663354259,-0.00271405288852596,0.285944938577207,0.665912903457259,1.03253918453023,1.65455004525332,NaN,NaN,NaN,NaN,NaN,NaN,NaN,NaN,NaN
NaN,NaN,-0.0795483013062039,-0.112429315107875,-0.00494267055667782,0.285951830364259,0.663857455908631,1.03003763346836,1.64295243424325,NaN,NaN,NaN,NaN,NaN,NaN,NaN,NaN,NaN
NaN,NaN,-0.0704100896982709,-0.112023705500178,0.00287300711594677,0.281496569431814,0.663386411576842,1.01751391529009,1.63559604761152,NaN,NaN,NaN,NaN,NaN,NaN,NaN,NaN,NaN
NaN,NaN,-0.0668778811959783,-0.107982864486985,-0.0100138523606195,0.280755124903711,0.652723494529103,1.01780974059269,1.62479497817306,NaN,NaN,NaN,NaN,NaN,NaN,NaN,NaN,NaN
NaN,NaN,-0.0646294449834386,-0.106599124032073,-0.00984954843200588,0.278330873615535,0.643859333901976,1.0145502792196,1.62049956944732,NaN,NaN,NaN,NaN,NaN,NaN,NaN,NaN,NaN
NaN,NaN,-0.0638276507525006,-0.0962959582684562,-0.00846567759193325,0.272279027766975,0.642416510342931,1.01218023090526,1.60968244400768,NaN,NaN,NaN,NaN,NaN,NaN,NaN,NaN,NaN
NaN,NaN,-0.0602643360762158,-0.0878190043149516,-0.0111408644346132,0.27478402472237,0.63848791232643,1.0120184788005,1.59975303661971,NaN,NaN,NaN,NaN,NaN,NaN,NaN,NaN,NaN
NaN,NaN,-0.0557882880239049,-0.0845145600615069,-0.00642442339934254,0.26433004058102,0.6337782140666,1.00441037430331,1.59557419222741,NaN,NaN,NaN,NaN,NaN,NaN,NaN,NaN,NaN
NaN,NaN,-0.0524005276529351,-0.0821082646725699,-0.0151092485515013,0.267355870373043,0.618430912106608,1.0044370287554,1.58066416484265,NaN,NaN,NaN,NaN,NaN,NaN,NaN,NaN,NaN
NaN,NaN,-0.0506214035121957,-0.0789756680605933,-0.00972437867797756,0.266196429647001,0.611385605841254,1.00171330138013,1.57412156787662,NaN,NaN,NaN,NaN,NaN,NaN,NaN,NaN,NaN
NaN,NaN,-0.0440353882877389,-0.0775063763139769,-0.00908685112275028,0.258654057897123,0.614871117829656,1.00011304705307,1.56135835078506,NaN,NaN,NaN,NaN,NaN,NaN,NaN,NaN,NaN
NaN,NaN,-0.0419491512147943,-0.0757432150421664,-0.0135851205316916,0.255889203316959,0.606675423293685,1.00307303233906,1.54772771847396,NaN,NaN,NaN,NaN,NaN,NaN,NaN,NaN,NaN
NaN,NaN,-0.0391083565918962,-0.0858020762680098,-0.011845111939086,0.242954827762636,0.600860636293267,0.991092126210181,1.53879445371179,NaN,NaN,NaN,NaN,NaN,NaN,NaN,NaN,NaN
NaN,NaN,-0.0404116494028131,-0.0876962932525203,-0.0179658011523619,0.24463839820722,0.592316254585361,0.986443355073182,1.52130039733796,NaN,NaN,NaN,NaN,NaN,NaN,NaN,NaN,NaN
NaN,NaN,-0.0373230857221643,-0.0828727314947173,-0.0163583011356726,0.241374857641252,0.590335461854314,0.976509477336852,1.51162479397802,NaN,NaN,NaN,NaN,NaN,NaN,NaN,NaN,NaN
NaN,NaN,-0.0322248024313012,-0.0819067264674231,-0.0157882199612989,0.234844610012563,0.594772543370103,0.972401189942805,1.50209570628552,NaN,NaN,NaN,NaN,NaN,NaN,NaN,NaN,NaN
NaN,NaN,-0.0341379997698823,-0.0767398419557139,-0.0182710700658693,0.231674630112442,0.583895384877299,0.973316922177522,1.49149202135353,NaN,NaN,NaN,NaN,NaN,NaN,NaN,NaN,NaN
NaN,NaN,-0.0310587679414311,-0.081496627884917,-0.0193129965094461,0.223549436695369,0.576716992616033,0.961348346759526,1.48227969509511,NaN,NaN,NaN,NaN,NaN,NaN,NaN,NaN,NaN
NaN,NaN,-0.0326215085951844,-0.0769970173714682,-0.0235935227004423,0.226257871753963,0.571792028456306,0.956698439408986,1.46626865816264,NaN,NaN,NaN,NaN,NaN,NaN,NaN,NaN,NaN
NaN,NaN,-0.0319490564434091,-0.0679449531016871,-0.0239359700111284,0.220174137420448,0.571110598354911,0.954160678525417,1.45787071761636,NaN,NaN,NaN,NaN,NaN,NaN,NaN,NaN,NaN
NaN,NaN,-0.0251598452596227,-0.0698692331789061,-0.0213699528006449,0.210639871574434,0.572245284526919,0.952057808031289,1.44424978968649,NaN,NaN,NaN,NaN,NaN,NaN,NaN,NaN,NaN
NaN,NaN,-0.0228794274298707,-0.0679900663672015,-0.0211444423524275,0.209083408034833,0.557352374851083,0.955165817727296,1.42555881616621,NaN,NaN,NaN,NaN,NaN,NaN,NaN,NaN,NaN
NaN,NaN,-0.0181430933444062,-0.0722427646396682,-0.0216501691368952,0.203618388540538,0.55321193820176,0.941905181248634,1.41088445064573,NaN,NaN,NaN,NaN,NaN,NaN,NaN,NaN,NaN
NaN,NaN,-0.0163122435478726,-0.0665139945922419,-0.0235853084353342,0.202949121511968,0.547480187922095,0.938500582565515,1.39252886501102,NaN,NaN,NaN,NaN,NaN,NaN,NaN,NaN,NaN
NaN,NaN,-0.0137882289855042,-0.0622979345498606,-0.0259853453365698,0.194651167757305,0.549836620300387,0.933851755549161,1.38817433592825,NaN,NaN,NaN,NaN,NaN,NaN,NaN,NaN,NaN
NaN,NaN,-0.00743655314727221,-0.0684751550434157,-0.0181359724131956,0.1843999511669,0.551224756597852,0.926393910636155,1.37641396698503,NaN,NaN,NaN,NaN,NaN,NaN,NaN,NaN,NaN
NaN,NaN,-0.00348770817799959,-0.0714274103520438,-0.0234197937873735,0.186250638134273,0.541629079341268,0.921581953157632,1.36419501480608,NaN,NaN,NaN,NaN,NaN,NaN,NaN,NaN,NaN
NaN,NaN,-0.00157391479297076,-0.0723916086135432,-0.0236336254505053,0.183966308749708,0.542061436533307,0.907111696292607,1.35563932684211,NaN,NaN,NaN,NaN,NaN,NaN,NaN,NaN,NaN
NaN,NaN,-0.00265043055696879,-0.0666172968922183,-0.0298373700109854,0.18176969132522,0.537768691390132,0.904518037428109,1.34603064832239,NaN,NaN,NaN,NaN,NaN,NaN,NaN,NaN,NaN
NaN,NaN,-0.00529467886372004,-0.0636177862761542,-0.0354664885429277,0.169820710934194,0.531613114833211,0.900477550317495,1.34501550671606,NaN,NaN,NaN,NaN,NaN,NaN,NaN,NaN,NaN
NaN,NaN,0.00204492533521261,-0.0692994872806594,-0.0337278955606356,0.160252153790983,0.52600124439535,0.89640511884257,1.33886412111072,NaN,NaN,NaN,NaN,NaN,NaN,NaN,NaN,NaN
NaN,NaN,-0.000813080128864386,-0.0673446784494445,-0.0388682932583227,0.158997327006849,0.514560896515225,0.893360550840346,1.32983258319049,NaN,NaN,NaN,NaN,NaN,NaN,NaN,NaN,NaN
NaN,NaN,0.00185454437450971,-0.0682118515251204,-0.0399207250205412,0.155342016286644,0.514623909800624,0.88609154089257,1.32373903271703,NaN,NaN,NaN,NaN,NaN,NaN,NaN,NaN,NaN
NaN,NaN,0.00259343707875814,-0.0647695529041812,-0.0402016305354967,0.149036031133922,0.512188724785422,0.886051717539279,1.32197959673552,NaN,NaN,NaN,NaN,NaN,NaN,NaN,NaN,NaN
NaN,NaN,0.0015007163019618,-0.0671632195590064,-0.0406040550199881,0.141761917538436,0.505960914849614,0.886047191311567,1.31875468742995,NaN,NaN,NaN,NaN,NaN,NaN,NaN,NaN,NaN
NaN,NaN,0.00888230452255812,-0.0729038360295817,-0.0386054367748632,0.131314769304784,0.502297557502364,0.88214934556648,1.312189980866,NaN,NaN,NaN,NaN,NaN,NaN,NaN,NaN,NaN
NaN,NaN,0.00883819708542433,-0.06815368111711,-0.0439723693755999,0.129713173873218,0.49573566353259,0.879944607009141,1.30008941841273,NaN,NaN,NaN,NaN,NaN,NaN,NaN,NaN,NaN
NaN,NaN,0.0130129995377501,-0.0669402981875464,-0.0426798426536455,0.12884622431496,0.499262488990401,0.875457625229804,1.29387429309039,NaN,NaN,NaN,NaN,NaN,NaN,NaN,NaN,NaN
NaN,NaN,0.0190317648084601,-0.0637543926713988,-0.0433941670683756,0.124939381993803,0.496493201314782,0.869015871872155,1.29345547732858,NaN,NaN,NaN,NaN,NaN,NaN,NaN,NaN,NaN
NaN,NaN,0.0197218003304442,-0.063430646318011,-0.0458011516360178,0.120845530099662,0.493852734177684,0.870410080392806,1.28471292880325,NaN,NaN,NaN,NaN,NaN,NaN,NaN,NaN,NaN
NaN,NaN,0.0273739936383208,-0.0604373383102938,-0.0423729904917612,0.115090384996923,0.495515256732081,0.863396476347892,1.27980133843569,NaN,NaN,NaN,NaN,NaN,NaN,NaN,NaN,NaN
NaN,NaN,0.0234897824557265,-0.0540953482268378,-0.0499639214006796,0.117288082755598,0.486996672659492,0.868006355454175,1.26950867799072,NaN,NaN,NaN,NaN,NaN,NaN,NaN,NaN,NaN
NaN,NaN,0.025947021189495,-0.0522800701437518,-0.0517547615794077,0.11368466532925,0.484362929671382,0.865050616999118,1.2709213825777,NaN,NaN,NaN,NaN,NaN,NaN,NaN,NaN,NaN
NaN,NaN,0.0275623443158111,-0.0494098457274958,-0.0451749489632978,0.107980407691988,0.480917166530465,0.863458539684264,1.26933571276216,NaN,NaN,NaN,NaN,NaN,NaN,NaN,NaN,NaN
NaN,NaN,0.0290348025591811,-0.0448659228859469,-0.0453897864548101,0.103626660920175,0.475897729008769,0.86375566883847,1.25986894917636,NaN,NaN,NaN,NaN,NaN,NaN,NaN,NaN,NaN
NaN,NaN,0.0349959748418769,-0.0381791385589167,-0.0381886885491743,0.100799314595254,0.479085180520391,0.860305211831777,1.25380324524788,NaN,NaN,NaN,NaN,NaN,NaN,NaN,NaN,NaN
NaN,NaN,0.0318557413847884,-0.0337008739588782,-0.0428641886440649,0.101444870151075,0.468689590304469,0.864403459568469,1.24238008958249,NaN,NaN,NaN,NaN,NaN,NaN,NaN,NaN,NaN
NaN,NaN,0.0334244425030192,-0.0338414105353877,-0.0467214287248983,0.0942494719395957,0.460399273394917,0.85512599660918,1.24246945929675,NaN,NaN,NaN,NaN,NaN,NaN,NaN,NaN,NaN
NaN,NaN,0.0362540426285705,-0.0384937206981704,-0.0470390842286482,0.080431066370996,0.45545070952115,0.8500836671786,1.23585589555053,NaN,NaN,NaN,NaN,NaN,NaN,NaN,NaN,NaN
NaN,NaN,0.0353670137556037,-0.03779224853497,-0.0503836871115103,0.0749904847810588,0.448536570727204,0.843330554057805,1.22681979414968,NaN,NaN,NaN,NaN,NaN,NaN,NaN,NaN,NaN
NaN,NaN,0.0405815633566817,-0.0377858782885596,-0.054263185801877,0.0694574601123653,0.446515898763513,0.837228267778604,1.22026525762825,NaN,NaN,NaN,NaN,NaN,NaN,NaN,NaN,NaN
NaN,NaN,0.0379437598021468,-0.0410569253144786,-0.0647354797450437,0.0703866778979621,0.434730756639813,0.837032745917289,1.21326810074,NaN,NaN,NaN,NaN,NaN,NaN,NaN,NaN,NaN
NaN,NaN,0.038656649980112,-0.0394632833776995,-0.0676381700662508,0.0648826918671451,0.424468829839801,0.829423300315587,1.2155909309998,NaN,NaN,NaN,NaN,NaN,NaN,NaN,NaN,NaN
NaN,NaN,0.0381110067100963,-0.0407210903940722,-0.0696119592515364,0.0540219805310092,0.417932808011149,0.822364154596774,1.21122837391643,NaN,NaN,NaN,NaN,NaN,NaN,NaN,NaN,NaN
NaN,NaN,0.0351930054457625,-0.0310193354962394,-0.0722037740973368,0.0537431052992664,0.408972888796901,0.820947296311109,1.20626394030599,NaN,NaN,NaN,NaN,NaN,NaN,NaN,NaN,NaN
NaN,NaN,0.0385641696484527,-0.0269707086263224,-0.0715485886660948,0.0503096356163345,0.410808953999852,0.809116463501899,1.20526282441764,NaN,NaN,NaN,NaN,NaN,NaN,NaN,NaN,NaN
NaN,NaN,0.0350586901040515,-0.0301718505797908,-0.0763022453514471,0.0490192509363017,0.396018955468511,0.810331206162421,1.20823620212226,NaN,NaN,NaN,NaN,NaN,NaN,NaN,NaN,NaN
NaN,NaN,0.0330188701482257,-0.027563867974095,-0.0766309463409319,0.0442693754206023,0.387116908639049,0.805078844864814,1.21252777379899,NaN,NaN,NaN,NaN,NaN,NaN,NaN,NaN,NaN
NaN,NaN,0.0304967182310065,-0.0321524942992255,-0.0729503408996,0.0344225577185474,0.383316926270102,0.801523763080089,1.21342933130412,NaN,NaN,NaN,NaN,NaN,NaN,NaN,NaN,NaN
NaN,NaN,0.0227361376018962,-0.0253670642850921,-0.0785143786100283,0.0338357499907336,0.371526550113534,0.800901844491212,1.20917737808971,NaN,NaN,NaN,NaN,NaN,NaN,NaN,NaN,NaN
NaN,NaN,0.0253454426856479,-0.0273183340905234,-0.0816034079519644,0.0246269255051933,0.371733136087035,0.790186642994134,1.21297190290837,NaN,NaN,NaN,NaN,NaN,NaN,NaN,NaN,NaN
NaN,NaN,0.0244183296890696,-0.0314381698844954,-0.0820017718700304,0.0228688865075431,0.354587021827077,0.792581259597985,1.21534744602589,NaN,NaN,NaN,NaN,NaN,NaN,NaN,NaN,NaN
NaN,NaN,0.0228982436092338,-0.0262762586353347,-0.085591070446147,0.0160379893253169,0.346500515549754,0.779420889307706,1.21750878495125,NaN,NaN,NaN,NaN,NaN,NaN,NaN,NaN,NaN
NaN,NaN,0.0263176316948375,-0.0261596384225413,-0.0812427253452673,0.0146476551065765,0.342135704665755,0.774177990247457,1.21777747151403,NaN,NaN,NaN,NaN,NaN,NaN,NaN,NaN,NaN
NaN,NaN,0.0256948190362891,-0.0147241147933528,-0.0865931362835302,0.0134597904155574,0.335003207980966,0.772113788266627,1.21438596722631,NaN,NaN,NaN,NaN,NaN,NaN,NaN,NaN,NaN
NaN,NaN,0.0300312432082137,-0.0182200203416869,-0.0898757317093744,0.0084791517923198,0.335749439507102,0.765033929933755,1.22362269413619,NaN,NaN,NaN,NaN,NaN,NaN,NaN,NaN,NaN
NaN,NaN,0.0275805051060161,-0.0167225467739627,-0.0898148232129946,0.0056054069767318,0.321951411276435,0.768907132883517,1.22319631603508,NaN,NaN,NaN,NaN,NaN,NaN,NaN,NaN,NaN
NaN,NaN,0.020527599248453,-0.00893134425859898,-0.0868284069923296,0.0058081372747741,0.319803148120021,0.762108329077212,1.22516662207393,NaN,NaN,NaN,NaN,NaN,NaN,NaN,NaN,NaN
NaN,NaN,0.0268556008668384,-0.00322608079295605,-0.0737241209474935,0.0045242345998607,0.316704190879439,0.754607810963838,1.22423736703543,NaN,NaN,NaN,NaN,NaN,NaN,NaN,NaN,NaN
NaN,NaN,0.0265551562042674,0.00493884284514935,-0.0781951212314501,0.0029666162202678,0.309611927329873,0.754057827730624,1.22422583726196,NaN,NaN,NaN,NaN,NaN,NaN,NaN,NaN,NaN
NaN,NaN,0.0316807458730182,0.000598525744862861,-0.0753498935130968,-0.00155908995172164,0.30165509840784,0.749131950874774,1.23023843717723,NaN,NaN,NaN,NaN,NaN,NaN,NaN,NaN,NaN
NaN,NaN,0.0258103589148959,-0.000208129989914589,-0.0741806180206671,-0.00944780194064758,0.288545708715295,0.747944849868266,1.23068210062532,NaN,NaN,NaN,NaN,NaN,NaN,NaN,NaN,NaN
NaN,NaN,0.0182039680512389,0.000649748486466713,-0.0710745082227125,-0.00789554797908447,0.280652600883817,0.738183378566949,1.23313902270941,NaN,NaN,NaN,NaN,NaN,NaN,NaN,NaN,NaN
NaN,NaN,0.0215925479860743,0.00194953952450306,-0.0621832833615675,-0.0132743642558732,0.278935093044614,0.724075443436353,1.23488031652717,NaN,NaN,NaN,NaN,NaN,NaN,NaN,NaN,NaN
NaN,NaN,0.0209861452312907,0.000830369186587639,-0.0693887771097555,-0.0139217824568429,0.269369981794928,0.723984266956298,1.23730434429793,NaN,NaN,NaN,NaN,NaN,NaN,NaN,NaN,NaN
NaN,NaN,0.0245145539374789,0.0019446035148576,-0.0725460537699594,-0.0176305697192826,0.260244752823686,0.718025609244554,1.23400409099607,NaN,NaN,NaN,NaN,NaN,NaN,NaN,NaN,NaN
NaN,NaN,0.0208641978533706,0.000479893875308342,-0.0697927103368177,-0.0242491253544965,0.248652506231641,0.709130249311177,1.23430069860963,NaN,NaN,NaN,NaN,NaN,NaN,NaN,NaN,NaN
NaN,NaN,0.0182313489349326,0.00573169637937099,-0.0706920140413179,-0.0255244784881749,0.237233001350736,0.696700818230359,1.22927341935186,NaN,NaN,NaN,NaN,NaN,NaN,NaN,NaN,NaN
NaN,NaN,0.0209858472080668,0.00361213658470661,-0.0671626740125551,-0.0380367041458764,0.231640204399203,0.682884908606259,1.23124212351589,NaN,NaN,NaN,NaN,NaN,NaN,NaN,NaN,NaN
NaN,NaN,0.0210008042486152,0.0019324776949361,-0.0780519583252802,-0.0380174630214848,0.221928130447244,0.684274162490813,1.22728832391052,NaN,NaN,NaN,NaN,NaN,NaN,NaN,NaN,NaN
NaN,NaN,0.0172880868049106,0.000244194758124656,-0.0769853518334761,-0.0453089178433099,0.214645746707295,0.67499265759155,1.22440090727954,NaN,NaN,NaN,NaN,NaN,NaN,NaN,NaN,NaN
NaN,NaN,0.0120488757820567,-0.00473499100189655,-0.0710871555832758,-0.0514150039186158,0.205133813976621,0.668630886216609,1.22522145834713,NaN,NaN,NaN,NaN,NaN,NaN,NaN,NaN,NaN
NaN,NaN,0.00590847978310194,-0.00538039754610508,-0.0711897687045469,-0.0525212474991956,0.197744924187039,0.654925375570504,1.22157659706621,NaN,NaN,NaN,NaN,NaN,NaN,NaN,NaN,NaN
NaN,NaN,0.00551225790695753,-0.0140525380847976,-0.0706862212149038,-0.0644499995639004,0.19082698559699,0.644057604809253,1.22554974955468,NaN,NaN,NaN,NaN,NaN,NaN,NaN,NaN,NaN
NaN,NaN,0.00171253630833234,-0.0159126872895285,-0.0824734867540731,-0.0638516806890645,0.178465075402831,0.644835557182281,1.21635683205871,NaN,NaN,NaN,NaN,NaN,NaN,NaN,NaN,NaN
NaN,NaN,7.74505169829319e-05,-0.018884593504481,-0.0756990277198686,-0.0682849810352006,0.167783569156503,0.634666129340379,1.21424705115108,NaN,NaN,NaN,NaN,NaN,NaN,NaN,NaN,NaN
NaN,NaN,-0.00248985191865359,-0.016744768130593,-0.0690659434524908,-0.0725906156828084,0.160236429035043,0.623093794424979,1.2154754283741,NaN,NaN,NaN,NaN,NaN,NaN,NaN,NaN,NaN
NaN,NaN,-0.00560141926689539,-0.0176724212942645,-0.0720048808483019,-0.0714586117198147,0.149857490866755,0.61204169629976,1.21244294893889,NaN,NaN,NaN,NaN,NaN,NaN,NaN,NaN,NaN
NaN,NaN,-0.00192271372361575,-0.0197121481178328,-0.075489815416707,-0.0788583793570676,0.148037202268218,0.604138977219312,1.21921863731889,NaN,NaN,NaN,NaN,NaN,NaN,NaN,NaN,NaN
NaN,NaN,-0.00664610242529307,-0.0184868256328627,-0.0817267150608434,-0.0811246969630399,0.142531353592252,0.604228924353568,1.21136263337879,NaN,NaN,NaN,NaN,NaN,NaN,NaN,NaN,NaN
NaN,NaN,-0.00850243320746813,-0.0170235316036269,-0.0743519627479448,-0.0866110623707452,0.132748685389136,0.598971664299218,1.21289380219726,NaN,NaN,NaN,NaN,NaN,NaN,NaN,NaN,NaN
NaN,NaN,-0.00666064968390856,-0.0168587620137259,-0.0662355051366224,-0.0918083825041928,0.13049916884241,0.586913346637933,1.2128762374535,NaN,NaN,NaN,NaN,NaN,NaN,NaN,NaN,NaN
NaN,NaN,-0.00389965077920352,-0.0153520124731585,-0.0678245835927858,-0.090011879884211,0.120411473869657,0.582452535022943,1.20586376962213,NaN,NaN,NaN,NaN,NaN,NaN,NaN,NaN,NaN
NaN,NaN,-0.00185107639117632,-0.0146020184038207,-0.0711085760024919,-0.0969166495730557,0.119375805913781,0.573654647310226,1.20254436832814,NaN,NaN,NaN,NaN,NaN,NaN,NaN,NaN,NaN
NaN,NaN,0.00120992014126386,-0.0171988437650725,-0.069844137969388,-0.100678782992569,0.109764575570201,0.570191878219096,1.19000811454801,NaN,NaN,NaN,NaN,NaN,NaN,NaN,NaN,NaN
NaN,NaN,-0.00347154041810427,-0.0149089636979625,-0.0631824807254209,-0.104461740784852,0.10065696722207,0.560043833543508,1.18590932664423,NaN,NaN,NaN,NaN,NaN,NaN,NaN,NaN,NaN
NaN,NaN,-0.00355245372338686,-0.0229688527761027,-0.0589160175053015,-0.11171005674502,0.0949716340595236,0.547478746016471,1.18226535943298,NaN,NaN,NaN,NaN,NaN,NaN,NaN,NaN,NaN
NaN,NaN,-0.00336503436847125,-0.0256735066650435,-0.0668197982934847,-0.107246078633276,0.0882678251558294,0.543391562391965,1.17203435254244,NaN,NaN,NaN,NaN,NaN,NaN,NaN,NaN,NaN
NaN,NaN,-0.0026532990304986,-0.0253771784482524,-0.0684787259427442,-0.110144745640961,0.0883920449608316,0.533286842842548,1.16725227189211,NaN,NaN,NaN,NaN,NaN,NaN,NaN,NaN,NaN
NaN,NaN,0.00289002606587018,-0.025613138335757,-0.0680526086119547,-0.109841022722928,0.0786803435379018,0.525219912965743,1.15611033839135,NaN,NaN,NaN,NaN,NaN,NaN,NaN,NaN,NaN
NaN,NaN,0.00217301944212522,-0.0219700651941821,-0.064022868963851,-0.109766051255671,0.0679905857735624,0.514796066422908,1.15294810709505,NaN,NaN,NaN,NaN,NaN,NaN,NaN,NaN,NaN
NaN,NaN,0.0032525713177165,-0.0301473381696269,-0.0613424480883017,-0.115061346523968,0.061515099912261,0.501376564939468,1.14791106757669,NaN,NaN,NaN,NaN,NaN,NaN,NaN,NaN,NaN
NaN,NaN,-0.00144796272797975,-0.0239763389108703,-0.0695794560936823,-0.111652687274424,0.0523508671515932,0.497513792802541,1.13606281903534,NaN,NaN,NaN,NaN,NaN,NaN,NaN,NaN,NaN
NaN,NaN,-2.95398203888873e-05,-0.0241968015907332,-0.0675478876558676,-0.11995628484389,0.0514445412748804,0.48765641390249,1.13110503506808,NaN,NaN,NaN,NaN,NaN,NaN,NaN,NaN,NaN
NaN,NaN,0.00425735661701765,-0.0196429135976359,-0.0654043369916811,-0.122975129716603,0.0483502779000749,0.478848281641452,1.12541308951525,NaN,NaN,NaN,NaN,NaN,NaN,NaN,NaN,NaN
NaN,NaN,0.00193989077524748,-0.0201191919622943,-0.0616175235239401,-0.126453861676661,0.0377662066215028,0.4765953192012,1.1233760449007,NaN,NaN,NaN,NaN,NaN,NaN,NaN,NaN,NaN
NaN,NaN,0.00427708202914801,-0.0258909704862162,-0.0597407408980265,-0.127286445431916,0.0376784574085226,0.468824400891511,1.12144530144481,NaN,NaN,NaN,NaN,NaN,NaN,NaN,NaN,NaN
NaN,NaN,0.00122996220306959,-0.0212263854919001,-0.0619022102085485,-0.121778436087576,0.0315003987246503,0.468073531378953,1.10681435418276,NaN,NaN,NaN,NaN,NaN,NaN,NaN,NaN,NaN
NaN,NaN,0.00627041036204901,-0.0227410885272548,-0.0642037690607443,-0.128021109931675,0.0279672402733316,0.456511124362199,1.10242385742216,NaN,NaN,NaN,NaN,NaN,NaN,NaN,NaN,NaN
NaN,NaN,0.0105495209427318,-0.0247856582282111,-0.0616434515444174,-0.128750559025017,0.0257195491188516,0.447609282423703,1.09758694049863,NaN,NaN,NaN,NaN,NaN,NaN,NaN,NaN,NaN
NaN,NaN,0.00962376767711248,-0.0255434381542727,-0.0633138717142477,-0.124972723506896,0.017184517889594,0.440926595916001,1.09335856837182,NaN,NaN,NaN,NaN,NaN,NaN,NaN,NaN,NaN
NaN,NaN,0.00667166138009634,-0.0320341045735404,-0.062401268723382,-0.124125182711092,0.0156928930276384,0.427834268053023,1.09034408208875,NaN,NaN,NaN,NaN,NaN,NaN,NaN,NaN,NaN
NaN,NaN,0.00479545617417898,-0.0249818878946826,-0.0669756085602178,-0.118622444652525,0.0090887356394281,0.421212359656541,1.07916303303985,NaN,NaN,NaN,NaN,NaN,NaN,NaN,NaN,NaN
NaN,NaN,0.00840353021339979,-0.0245325620053336,-0.0683393255797758,-0.123920738779513,0.00803924685654541,0.410507626225202,1.08202992332129,NaN,NaN,NaN,NaN,NaN,NaN,NaN,NaN,NaN
NaN,NaN,0.00795792961434927,-0.0225524025736377,-0.0612241701213255,-0.123056583188979,0.00201599261102577,0.404269236464946,1.08025493425278,NaN,NaN,NaN,NaN,NaN,NaN,NaN,NaN,NaN
NaN,NaN,0.00441244045214262,-0.0176693851826712,-0.06119626769699,-0.117558222346512,-0.00631643870534996,0.401139154423921,1.07424488616137,NaN,NaN,NaN,NaN,NaN,NaN,NaN,NaN,NaN
NaN,NaN,0.00297872522787657,-0.0164520161924884,-0.0551426150826349,-0.115132257424799,-0.00832073801817994,0.389056920398919,1.06985923227815,NaN,NaN,NaN,NaN,NaN,NaN,NaN,NaN,NaN
NaN,NaN,0.00619085678772535,-0.00527502771001309,-0.0587772690681352,-0.115969646804539,-0.0152215588993082,0.381715714325158,1.05859743756203,NaN,NaN,NaN,NaN,NaN,NaN,NaN,NaN,NaN
NaN,NaN,0.00990513885335531,-0.00786764349322766,-0.0585904830125704,-0.125156361692158,-0.0252451229995738,0.370060938735454,1.05715062794237,NaN,NaN,NaN,NaN,NaN,NaN,NaN,NaN,NaN
NaN,NaN,0.00931115994171705,-0.00878123368602246,-0.0574058779505625,-0.128158740781752,-0.0313848856991778,0.359559885551183,1.04609459963588,NaN,NaN,NaN,NaN,NaN,NaN,NaN,NaN,NaN
NaN,NaN,0.00158336186723318,-0.0133278201101348,-0.0607065969137087,-0.128602907144038,-0.0421481061882029,0.350858147581069,1.03239327994136,NaN,NaN,NaN,NaN,NaN,NaN,NaN,NaN,NaN
NaN,NaN,0.00416899273113813,-0.0174441913841292,-0.0590093174008264,-0.132055673830716,-0.0431492407030116,0.333105407048909,1.02392766949682,NaN,NaN,NaN,NaN,NaN,NaN,NaN,NaN,NaN
NaN,NaN,0.00749519267992582,-0.0143088380573317,-0.0663059317497148,-0.130116306327788,-0.0459475856429587,0.322838395227639,1.01376382959036,NaN,NaN,NaN,NaN,NaN,NaN,NaN,NaN,NaN
NaN,NaN,0.0081363523931941,-0.0172854381380603,-0.0695921220806971,-0.131733995013443,-0.0555842224663744,0.311367406834809,1.0084040122941,NaN,NaN,NaN,NaN,NaN,NaN,NaN,NaN,NaN
NaN,NaN,0.00303583392815199,-0.0174459050176665,-0.0704262518314257,-0.13260854416391,-0.0577897805875788,0.296577408303468,0.995509329707905,NaN,NaN,NaN,NaN,NaN,NaN,NaN,NaN,NaN
NaN,NaN,0.000423846635385416,-0.0164438578067347,-0.0727791638103857,-0.128088425927369,-0.0683501590198527,0.28956987648174,0.985135867716356,NaN,NaN,NaN,NaN,NaN,NaN,NaN,NaN,NaN
NaN,NaN,-0.00125516032858286,-0.0159267316339538,-0.0670325868753328,-0.130603034131733,-0.0691790919906149,0.270612302561252,0.981963820280119,NaN,NaN,NaN,NaN,NaN,NaN,NaN,NaN,NaN
NaN,NaN,-0.00186540013237391,-0.0176399181364104,-0.071091514172925,-0.129138752900568,-0.0757086876935015,0.262022528191058,0.975036140055939,NaN,NaN,NaN,NaN,NaN,NaN,NaN,NaN,NaN
NaN,NaN,-0.00546168362780008,-0.0149012895999476,-0.0703138225702181,-0.128117315553633,-0.0810684863633166,0.251674863834827,0.972775782914444,NaN,NaN,NaN,NaN,NaN,NaN,NaN,NaN,NaN
NaN,NaN,-0.0105367583601037,-0.0157788003562018,-0.0622473769811525,-0.12658391156098,-0.079088606328393,0.243659193952529,0.966295100273176,NaN,NaN,NaN,NaN,NaN,NaN,NaN,NaN,NaN
NaN,NaN,-0.00907471230311785,-0.0101081075845286,-0.0580775105384722,-0.119727477513758,-0.0918507058328638,0.238627220828979,0.960574842514082,NaN,NaN,NaN,NaN,NaN,NaN,NaN,NaN,NaN
NaN,NaN,-0.00281888818426523,-0.0119536350248381,-0.0523126796809568,-0.12148154907724,-0.0911313150233279,0.226495105166881,0.957274030418678,NaN,NaN,NaN,NaN,NaN,NaN,NaN,NaN,NaN
NaN,NaN,0.000308474394842051,-0.00834703247528523,-0.0564037562338247,-0.121239423834292,-0.0998688344067583,0.219113367934672,0.949522800268217,NaN,NaN,NaN,NaN,NaN,NaN,NaN,NaN,NaN
NaN,NaN,0.00154264444427099,-0.00612007256131619,-0.0571789705184832,-0.119075980119912,-0.10035563671651,0.208620044727771,0.942831266196057,NaN,NaN,NaN,NaN,NaN,NaN,NaN,NaN,NaN
NaN,NaN,0.00193767422751989,-0.00475685845594853,-0.0492576063600912,-0.113798938774077,-0.0960492383843909,0.200957588245122,0.936551581592842,NaN,NaN,NaN,NaN,NaN,NaN,NaN,NaN,NaN
NaN,NaN,0.00779470601992216,0.00393264193553478,-0.0438905806270971,-0.105690322898833,-0.10250684285226,0.193276076902597,0.928589239241167,NaN,NaN,NaN,NaN,NaN,NaN,NaN,NaN,NaN
NaN,NaN,0.014581737908884,0.00105297390837222,-0.0414183662263288,-0.106312334619967,-0.102109782785798,0.184006995846479,0.923780709029719,NaN,NaN,NaN,NaN,NaN,NaN,NaN,NaN,NaN
NaN,NaN,0.0185464712412795,0.00732112873811275,-0.0453497395841017,-0.102678053163496,-0.102933127821113,0.175957016040532,0.914392455936953,NaN,NaN,NaN,NaN,NaN,NaN,NaN,NaN,NaN
NaN,NaN,0.0121917406650027,0.00855369691271335,-0.0431240462688341,-0.102164037608115,-0.100373387724782,0.168335370113103,0.906357731194779,NaN,NaN,NaN,NaN,NaN,NaN,NaN,NaN,NaN
NaN,NaN,0.0116720440419158,0.00910392228979618,-0.0332251117555037,-0.0982514583398976,-0.099842906386281,0.15743587850496,0.899800009550139,NaN,NaN,NaN,NaN,NaN,NaN,NaN,NaN,NaN
NaN,NaN,0.0110974366398295,0.0108344313921407,-0.0264608041373625,-0.0929710828592458,-0.107127599806214,0.149605839838235,0.886304698409125,NaN,NaN,NaN,NaN,NaN,NaN,NaN,NaN,NaN
NaN,NaN,0.0159457343252143,0.0109573287190869,-0.0240554586974516,-0.094058085315434,-0.108404312670852,0.138433209945409,0.880320224435612,NaN,NaN,NaN,NaN,NaN,NaN,NaN,NaN,NaN
NaN,NaN,0.0144372711511096,0.011976791662164,-0.0230012946752443,-0.097176469944922,-0.111456368506576,0.129600621153562,0.863493293048426,NaN,NaN,NaN,NaN,NaN,NaN,NaN,NaN,NaN
NaN,NaN,0.00847881833033171,0.0106366743566468,-0.0241703093973532,-0.0964749419023671,-0.114744887143994,0.120750188221185,0.853324703396841,NaN,NaN,NaN,NaN,NaN,NaN,NaN,NaN,NaN
NaN,NaN,0.00961601907329168,0.0081004035891965,-0.017301842662467,-0.0991740823616662,-0.118285943210746,0.10581510825917,0.842013623090073,NaN,NaN,NaN,NaN,NaN,NaN,NaN,NaN,NaN
NaN,NaN,0.00722484836296644,0.00542875577230006,-0.0181517676440611,-0.0959788077404179,-0.12942672187152,0.0979081982271358,0.829431883515402,NaN,NaN,NaN,NaN,NaN,NaN,NaN,NaN,NaN
NaN,NaN,0.0124642829032382,0.00568622921127826,-0.024192474874629,-0.0976564549734273,-0.12783144080701,0.0839512491123363,0.816693663121744,NaN,NaN,NaN,NaN,NaN,NaN,NaN,NaN,NaN
NaN,NaN,0.00766553157882299,0.00421343569178134,-0.0298473910418882,-0.100527796976773,-0.131468050569917,0.0736759857730552,0.799351840735956,NaN,NaN,NaN,NaN,NaN,NaN,NaN,NaN,NaN
NaN,NaN,0.00248318711237516,0.00486839760560543,-0.0377964527336493,-0.103694684885947,-0.134790264458085,0.0621489131347819,0.784406870128199,NaN,NaN,NaN,NaN,NaN,NaN,NaN,NaN,NaN
NaN,NaN,0.00494625592546072,-0.000774150597862898,-0.0297245868471994,-0.106266494922844,-0.137634858877088,0.0509851866857692,0.768464527548834,NaN,NaN,NaN,NaN,NaN,NaN,NaN,NaN,NaN
NaN,NaN,0.00260336497740354,0.00192117143888027,-0.031021323147191,-0.106370132498948,-0.145668205261851,0.0433847004072353,0.753097183527037,NaN,NaN,NaN,NaN,NaN,NaN,NaN,NaN,NaN
NaN,NaN,0.00334810638742056,0.0014647861244157,-0.0311547816721334,-0.106830746017901,-0.1408764947361,0.0347147391633674,0.739516730876251,NaN,NaN,NaN,NaN,NaN,NaN,NaN,NaN,NaN
NaN,NaN,-0.0011182186572114,-0.00136613647919148,-0.0330193453458681,-0.109555032186715,-0.13845181503954,0.0269971297578498,0.723810795219227,NaN,NaN,NaN,NaN,NaN,NaN,NaN,NaN,NaN
NaN,NaN,-0.00359536906762514,0.00148670945782215,-0.0318549313572779,-0.108085982583968,-0.138603080452109,0.0216727958516761,0.71388606307058,NaN,NaN,NaN,NaN,NaN,NaN,NaN,NaN,NaN
NaN,NaN,0.00148410150723066,-0.00388188089709729,-0.0202508383420839,-0.107400138013569,-0.14389554449978,0.0172432580487415,0.700672011347099,NaN,NaN,NaN,NaN,NaN,NaN,NaN,NaN,NaN
NaN,NaN,0.00179976398067083,-0.00135887216310948,-0.020170856359376,-0.101934205823151,-0.145440962553645,0.013479429622142,0.684269967944904,NaN,NaN,NaN,NaN,NaN,NaN,NaN,NaN,NaN
NaN,NaN,0.00636756593303289,-0.00912422116380185,-0.0187456534234419,-0.102259069763628,-0.139925446749354,0.00484077944323266,0.672317541660353,NaN,NaN,NaN,NaN,NaN,NaN,NaN,NaN,NaN
NaN,NaN,0.00824634158925619,-0.00685073237400502,-0.0226772502986326,-0.103934463196007,-0.1401257183558,-0.00510256053045547,0.658876806022211,NaN,NaN,NaN,NaN,NaN,NaN,NaN,NaN,NaN
NaN,NaN,0.00767823481874075,-0.00868903275113553,-0.0198407770124807,-0.0987491012444176,-0.14229216092887,-0.00760133625105179,0.647126197339579,NaN,NaN,NaN,NaN,NaN,NaN,NaN,NaN,NaN
NaN,NaN,0.0105979869695147,-0.00452900107484311,-0.013082765134944,-0.0927398913433232,-0.141037762553121,-0.0126559591396168,0.638624153555914,NaN,NaN,NaN,NaN,NaN,NaN,NaN,NaN,NaN
NaN,NaN,0.00856466764525976,-0.00274773489218205,-0.0124173351553812,-0.087421592407433,-0.140931703538323,-0.013701908896716,0.625836144657418,NaN,NaN,NaN,NaN,NaN,NaN,NaN,NaN,NaN
NaN,NaN,0.0100780109496554,-0.00323802034836262,-0.0116011054245367,-0.0872257911493459,-0.131159447521592,-0.0230079262061433,0.617442488194987,NaN,NaN,NaN,NaN,NaN,NaN,NaN,NaN,NaN
NaN,NaN,0.0102457421453437,-0.000198518740944564,-0.0121052489606276,-0.0873597525884785,-0.130509272605802,-0.0278919494254903,0.603627081485077,NaN,NaN,NaN,NaN,NaN,NaN,NaN,NaN,NaN
NaN,NaN,0.00948442319349851,-1.59981427714229e-05,-0.00932236397541904,-0.0807274878849664,-0.133366849661494,-0.0261661900682763,0.591312072695776,NaN,NaN,NaN,NaN,NaN,NaN,NaN,NaN,NaN
NaN,NaN,0.0108257512183627,0.00627463881392032,-0.00180921712793255,-0.0752668083538689,-0.127921518326427,-0.0302419929309205,0.575883447648569,NaN,NaN,NaN,NaN,NaN,NaN,NaN,NaN,NaN
NaN,NaN,0.0125877390237292,0.00640325446147472,-0.00258137667454624,-0.0718639419307389,-0.126933049798633,-0.0296343794567899,0.562792945177838,NaN,NaN,NaN,NaN,NaN,NaN,NaN,NaN,NaN
NaN,NaN,0.0142337399156531,0.00800913397688419,-0.00454557323731327,-0.075499080203978,-0.122102149218942,-0.0403864427013711,0.549191351504608,NaN,NaN,NaN,NaN,NaN,NaN,NaN,NaN,NaN
NaN,NaN,0.0146261061163386,0.00493103836197406,-0.00336080053724193,-0.0794791431059517,-0.126316626012946,-0.0466503320737199,0.53432476100473,NaN,NaN,NaN,NaN,NaN,NaN,NaN,NaN,NaN
NaN,NaN,0.0148709135683021,0.00244371790904552,-0.00319098317898655,-0.0750014559259095,-0.125868194193269,-0.0497749193115548,0.524799119205757,NaN,NaN,NaN,NaN,NaN,NaN,NaN,NaN,NaN
NaN,NaN,0.0183527933986625,-0.00128231744747609,0.000893816259728433,-0.0751518272688069,-0.122442547619964,-0.0559783844752625,0.510714429886624,NaN,NaN,NaN,NaN,NaN,NaN,NaN,NaN,NaN
NaN,NaN,0.0206848437519511,-0.00284239451866597,-0.00419565671957874,-0.0760627911319413,-0.122935124129678,-0.060286086658986,0.495762921394392,NaN,NaN,NaN,NaN,NaN,NaN,NaN,NaN,NaN
NaN,NaN,0.0177801604004344,-0.00126281555276364,-0.0081577264694109,-0.0774811581601777,-0.121395182252551,-0.0697573392196015,0.48009308380036,NaN,NaN,NaN,NaN,NaN,NaN,NaN,NaN,NaN
NaN,NaN,0.0161276216240367,-0.00475508894305676,-0.0138048195270433,-0.0834780746032872,-0.127107672781373,-0.0755144400997475,0.468064549835011,NaN,NaN,NaN,NaN,NaN,NaN,NaN,NaN,NaN
NaN,NaN,0.0115844438405475,-0.00613244052510709,-0.0158983767954245,-0.080360248767344,-0.126260653526212,-0.0792133925957993,0.454983267457768,NaN,NaN,NaN,NaN,NaN,NaN,NaN,NaN,NaN
NaN,NaN,0.0115731003315886,-0.00896854128222913,-0.0121305623082056,-0.0800818950762429,-0.120428935081388,-0.084512338648589,0.441844745995089,NaN,NaN,NaN,NaN,NaN,NaN,NaN,NaN,NaN
NaN,NaN,0.00794025311188307,-0.00668998609762639,-0.0163054951456919,-0.0782512687971272,-0.120932184547807,-0.0840308262510613,0.428438096763178,NaN,NaN,NaN,NaN,NaN,NaN,NaN,NaN,NaN
NaN,NaN,0.00268019908980932,-0.00351046945434063,-0.013228051456584,-0.0762243942250886,-0.12094695532384,-0.0887967391414956,0.413514770092055,NaN,NaN,NaN,NaN,NaN,NaN,NaN,NaN,NaN
NaN,NaN,0.0022065098019084,-0.00329486827831715,-0.0151405968693628,-0.0784433447649159,-0.117021207154418,-0.0878285734458283,0.40753901329784,NaN,NaN,NaN,NaN,NaN,NaN,NaN,NaN,NaN
NaN,NaN,0.00391906300501432,-0.00576894532423466,-0.0143045858470335,-0.0704670139481701,-0.119967464745666,-0.0859858399732426,0.392704609306141,NaN,NaN,NaN,NaN,NaN,NaN,NaN,NaN,NaN
NaN,NaN,0.00484684655384626,-0.0064240189967677,-0.0139525831667318,-0.0742297806670346,-0.114243872851754,-0.0910497760875539,0.379865172775074,NaN,NaN,NaN,NaN,NaN,NaN,NaN,NaN,NaN
NaN,NaN,0.00602310696558561,-0.00775160070043057,-0.018095161857976,-0.0676116720666566,-0.117657188714171,-0.0927008992536382,0.360106978090092,NaN,NaN,NaN,NaN,NaN,NaN,NaN,NaN,NaN
NaN,NaN,0.00452164733724203,-0.00318342621903866,-0.0170104504553213,-0.0685959123899617,-0.118248969704534,-0.0983516617222146,0.347744937510773,NaN,NaN,NaN,NaN,NaN,NaN,NaN,NaN,NaN
NaN,NaN,0.00935098329500761,-0.00528413604479283,-0.0166406967667475,-0.0686505251457371,-0.115117714197064,-0.101398036490233,0.337562694670244,NaN,NaN,NaN,NaN,NaN,NaN,NaN,NaN,NaN
NaN,NaN,0.0108464638324222,-0.00463602866511792,-0.0156738721755877,-0.0610852801134267,-0.110023230702306,-0.100301758061202,0.32435033795385,NaN,NaN,NaN,NaN,NaN,NaN,NaN,NaN,NaN
NaN,NaN,0.0119206885428866,-0.00350219930987805,-0.0126016625193491,-0.0611002557804265,-0.101967383564139,-0.100512460480483,0.316479730875775,NaN,NaN,NaN,NaN,NaN,NaN,NaN,NaN,NaN
NaN,NaN,0.0126106681855163,-0.00387334998231381,-0.0128909685639277,-0.0574899465670266,-0.103634115696574,-0.101862207661422,0.300177972288414,NaN,NaN,NaN,NaN,NaN,NaN,NaN,NaN,NaN
NaN,NaN,0.00872671777324285,-0.000551769393496215,-0.0111299865869417,-0.0604729541470685,-0.102749079853917,-0.106316649030002,0.292192123354956,NaN,NaN,NaN,NaN,NaN,NaN,NaN,NaN,NaN
NaN,NaN,0.00937581235484686,-0.00785328249912709,-0.00750224301494503,-0.059454459779469,-0.106678106278802,-0.114390377561601,0.279777407170817,NaN,NaN,NaN,NaN,NaN,NaN,NaN,NaN,NaN
NaN,NaN,0.00363832512812223,-0.00458042870741338,-0.0112062432793512,-0.0568641164233365,-0.104892798156167,-0.110126317153724,0.267466496200844,NaN,NaN,NaN,NaN,NaN,NaN,NaN,NaN,NaN
NaN,NaN,0.00186952004150953,-0.00253129552584141,-0.0113673248318567,-0.0541008823444524,-0.104982391387845,-0.112714797864707,0.259940180452153,NaN,NaN,NaN,NaN,NaN,NaN,NaN,NaN,NaN
NaN,NaN,0.00117903748468962,0.00021193374413997,-0.0115353354243174,-0.0560196676184811,-0.109781366229678,-0.112847529958041,0.248658734829708,NaN,NaN,NaN,NaN,NaN,NaN,NaN,NaN,NaN
NaN,NaN,-0.000400206205085851,-0.00361224438529462,-0.00808931151307964,-0.0575222820868172,-0.116497803867484,-0.116225027154239,0.237975868852421,NaN,NaN,NaN,NaN,NaN,NaN,NaN,NaN,NaN
NaN,NaN,0.00592373484687414,-0.00667219783645123,-0.00871681803740406,-0.055960565887896,-0.111456890047217,-0.121715192358048,0.226310494811817,NaN,NaN,NaN,NaN,NaN,NaN,NaN,NaN,NaN
NaN,NaN,0.00187957832531538,-0.00598976190667599,-0.012633290233983,-0.0520185940792241,-0.108757507444049,-0.113579698513301,0.215794726730868,NaN,NaN,NaN,NaN,NaN,NaN,NaN,NaN,NaN
NaN,NaN,0.00416258523182478,-0.00375266920309514,-0.0143715106872454,-0.052040573291985,-0.109418541581059,-0.117587887357028,0.206180609287306,NaN,NaN,NaN,NaN,NaN,NaN,NaN,NaN,NaN
NaN,NaN,0.00123372474627104,-0.0028130019782111,-0.0158948750225439,-0.0555960834850945,-0.111221526206161,-0.122915089736731,0.195899646253868,NaN,NaN,NaN,NaN,NaN,NaN,NaN,NaN,NaN
NaN,NaN,0.00145800584868994,-0.010234450805001,-0.018568627628459,-0.0557525829305329,-0.11765204781356,-0.126317844401153,0.184885303945824,NaN,NaN,NaN,NaN,NaN,NaN,NaN,NaN,NaN
NaN,NaN,0.00119101429299917,-0.0108502599177882,-0.0183472522524729,-0.0600410626163163,-0.106542114556457,-0.130529173324855,0.174567646802946,NaN,NaN,NaN,NaN,NaN,NaN,NaN,NaN,NaN
NaN,NaN,-0.00255802473111544,-0.00690879102330655,-0.0193547570136919,-0.0530393422474541,-0.103597123563911,-0.123263460258992,0.163964781434818,NaN,NaN,NaN,NaN,NaN,NaN,NaN,NaN,NaN
NaN,NaN,-0.0035017338959733,-0.000913755851797759,-0.0128687844602003,-0.0525472686519303,-0.100118149459983,-0.12450161636904,0.15975162711887,NaN,NaN,NaN,NaN,NaN,NaN,NaN,NaN,NaN
NaN,NaN,-0.0048825313715497,-0.00125607277732342,-0.00713597247280026,-0.0493165292670407,-0.104107208938027,-0.127336785803588,0.151534735681101,NaN,NaN,NaN,NaN,NaN,NaN,NaN,NaN,NaN
NaN,NaN,0.000876245889230631,0.000932032358832658,-0.00843796143211269,-0.044857971452681,-0.102733843416596,-0.123980466882737,0.142875708164259,NaN,NaN,NaN,NaN,NaN,NaN,NaN,NaN,NaN
NaN,NaN,0.00291288072185125,0.00103160936851055,-0.00770154604591274,-0.0446624868442693,-0.0949243124729643,-0.122243606160434,0.138301666350647,NaN,NaN,NaN,NaN,NaN,NaN,NaN,NaN,NaN
NaN,NaN,0.00105083161906805,0.00356145401019603,-0.0115015470413103,-0.0399336219658532,-0.0983872492021571,-0.113776859502347,0.124680384518191,NaN,NaN,NaN,NaN,NaN,NaN,NaN,NaN,NaN
NaN,NaN,-0.0017322023777524,0.00244314048904926,-0.00386801743782902,-0.0416805223455109,-0.0965801667577277,-0.118196469406636,0.117170627684876,NaN,NaN,NaN,NaN,NaN,NaN,NaN,NaN,NaN
NaN,NaN,0.00298606404976454,-0.00110670726280659,-0.00473971674121761,-0.0398204290201344,-0.0995096046632777,-0.123131733994038,0.109668954731508,NaN,NaN,NaN,NaN,NaN,NaN,NaN,NaN,NaN
NaN,NaN,0.0108671950729331,-0.000324396300129591,-0.00491804638780499,-0.0385538303186574,-0.0945585820979128,-0.1197356289728,0.0998049820676291,NaN,NaN,NaN,NaN,NaN,NaN,NaN,NaN,NaN
NaN,NaN,0.0151406059594592,0.000341909122653307,-0.00894558811463261,-0.0370096416105904,-0.087420367092515,-0.117636912177356,0.0987254488184893,NaN,NaN,NaN,NaN,NaN,NaN,NaN,NaN,NaN
NaN,NaN,0.0112744624348124,0.00489168066997081,-0.00853679338373089,-0.032659638755528,-0.083234016240264,-0.109759338806422,0.090847204895302,NaN,NaN,NaN,NaN,NaN,NaN,NaN,NaN,NaN
NaN,NaN,0.00835569748596754,-0.0024010221241042,-0.00379574680603886,-0.0347150304248013,-0.0878368172949801,-0.117208410660775,0.0815437766626322,NaN,NaN,NaN,NaN,NaN,NaN,NaN,NaN,NaN
NaN,NaN,0.0107431987853488,-0.00394442852120846,-0.00419738897956753,-0.0380046107699551,-0.0879219960576544,-0.123032212863715,0.0739299165919268,NaN,NaN,NaN,NaN,NaN,NaN,NaN,NaN,NaN
NaN,NaN,0.0100684183271369,-0.0045527498004958,-0.0074647665945425,-0.0354396180143037,-0.0888821337527285,-0.119180653850587,0.0629125195458376,NaN,NaN,NaN,NaN,NaN,NaN,NaN,NaN,NaN
NaN,NaN,0.00536170029954519,-0.0041756386635825,-0.0113484748629465,-0.0402081013550439,-0.0906262960440169,-0.120233588526996,0.0579368728115999,NaN,NaN,NaN,NaN,NaN,NaN,NaN,NaN,NaN
NaN,NaN,-0.00191734930558596,-0.0038011911092326,-0.00990224266327762,-0.0406042300989308,-0.0914830383068571,-0.120187096904071,0.0466604935839617,NaN,NaN,NaN,NaN,NaN,NaN,NaN,NaN,NaN
NaN,NaN,-0.00324683090730104,-0.00655809219460934,-0.00915107512749576,-0.0457485207249799,-0.100500345618154,-0.131201215694697,0.0331845539524996,NaN,NaN,NaN,NaN,NaN,NaN,NaN,NaN,NaN
NaN,NaN,-1.7395374015905e-05,-0.0108717734692618,-0.00620384896077061,-0.0498818793227353,-0.10550430455866,-0.137511894713195,0.0247365641310656,NaN,NaN,NaN,NaN,NaN,NaN,NaN,NaN,NaN
NaN,NaN,-0.00319687476439867,-0.0111557709751651,-0.012629658075942,-0.0463382900585809,-0.107035454750682,-0.132961135963948,0.0157782095387423,NaN,NaN,NaN,NaN,NaN,NaN,NaN,NaN,NaN
NaN,NaN,-0.0059324858157197,-0.0115394199965522,-0.0154201799062624,-0.047942642204968,-0.101345297337199,-0.134563327441962,0.0152167896643126,NaN,NaN,NaN,NaN,NaN,NaN,NaN,NaN,NaN
NaN,NaN,-0.00804494893236552,-0.0161208192585036,-0.0176859945980444,-0.0506981276800313,-0.10202592650118,-0.1383750631018,0.00493591976313231,NaN,NaN,NaN,NaN,NaN,NaN,NaN,NaN,NaN
NaN,NaN,-0.0027547759382287,-0.0204277577577159,-0.0186647773710623,-0.057021416806189,-0.108693767727042,-0.14824590892628,-0.00800111937375429,NaN,NaN,NaN,NaN,NaN,NaN,NaN,NaN,NaN
NaN,NaN,-0.00144811173959169,-0.0206953453598544,-0.0213423856524363,-0.056965798222033,-0.107447266966725,-0.146684323112519,-0.0161695447847402,NaN,NaN,NaN,NaN,NaN,NaN,NaN,NaN,NaN
NaN,NaN,-0.00424783503694925,-0.0230785439489409,-0.0280075446692839,-0.0565005653431096,-0.106230456770087,-0.143056914816649,-0.0292191435679949,NaN,NaN,NaN,NaN,NaN,NaN,NaN,NaN,NaN
NaN,NaN,-0.00684700733108912,-0.0279390792129561,-0.0302457735864058,-0.0564642437626996,-0.0963110704130183,-0.141828202317508,-0.0307933394894159,NaN,NaN,NaN,NaN,NaN,NaN,NaN,NaN,NaN
NaN,NaN,-0.00296054234786424,-0.0246455686865374,-0.0262013935474291,-0.0560919196238198,-0.0922394026226054,-0.14553302214578,-0.0397022594794786,NaN,NaN,NaN,NaN,NaN,NaN,NaN,NaN,NaN
NaN,NaN,0.00186339193896856,-0.0251554119167849,-0.0217703842548265,-0.05301557489535,-0.100182429344083,-0.146148048947604,-0.0464244899436987,NaN,NaN,NaN,NaN,NaN,NaN,NaN,NaN,NaN
NaN,NaN,0.00184040689782705,-0.0199149529216811,-0.0212857426134481,-0.0485526584913411,-0.0978863094157229,-0.139344849298747,-0.0454981406316316,NaN,NaN,NaN,NaN,NaN,NaN,NaN,NaN,NaN
NaN,NaN,-3.42553539667279e-06,-0.0173927823780105,-0.0227854327289,-0.0424098224272408,-0.0935749564475069,-0.134898286919148,-0.051536556808666,NaN,NaN,NaN,NaN,NaN,NaN,NaN,NaN,NaN
NaN,NaN,0.00193169513659086,-0.023508200305514,-0.0223774575618639,-0.044357832603661,-0.087803215176488,-0.135291658948214,-0.052596271513418,NaN,NaN,NaN,NaN,NaN,NaN,NaN,NaN,NaN
NaN,NaN,0.00500496650056448,-0.0209940950153396,-0.0199887082902327,-0.048560109071938,-0.0858208391970644,-0.139851675043853,-0.0602721949204958,NaN,NaN,NaN,NaN,NaN,NaN,NaN,NaN,NaN
NaN,NaN,0.00947950581030455,-0.0192410479066893,-0.018258646222724,-0.0432253629793801,-0.0941569958037386,-0.13617455274895,-0.060230583427862,NaN,NaN,NaN,NaN,NaN,NaN,NaN,NaN,NaN
NaN,NaN,0.0114711577625712,-0.0126353445230052,-0.0133192465630903,-0.0424617529740014,-0.088033140093709,-0.128388938169034,-0.0566219505950964,NaN,NaN,NaN,NaN,NaN,NaN,NaN,NaN,NaN
NaN,NaN,0.0151775049598655,-0.0088446008739993,-0.0125082694915667,-0.0335006230404057,-0.0813231285816679,-0.119770385931285,-0.0591392037555731,NaN,NaN,NaN,NaN,NaN,NaN,NaN,NaN,NaN
NaN,NaN,0.0248872319789371,-0.00421115930657834,-0.0129053481844797,-0.0333588012387433,-0.0692981336421023,-0.115484458069356,-0.0577251394376314,NaN,NaN,NaN,NaN,NaN,NaN,NaN,NaN,NaN
NaN,NaN,0.029219167176052,-0.00111382256727666,-0.00701884934581661,-0.0328372233440556,-0.068816751629735,-0.117553447048219,-0.066897195307926,NaN,NaN,NaN,NaN,NaN,NaN,NaN,NaN,NaN
NaN,NaN,0.029259009155794,0.0019104239763692,-0.00990129271425152,-0.0311812759270348,-0.0754016120141993,-0.117192466418298,-0.0682969545111215,NaN,NaN,NaN,NaN,NaN,NaN,NaN,NaN,NaN
NaN,NaN,0.0253919901879271,0.00453904469031841,-0.00345190251149082,-0.0276042149295487,-0.0708008412426959,-0.118462827662976,-0.0700189326986826,NaN,NaN,NaN,NaN,NaN,NaN,NaN,NaN,NaN
NaN,NaN,0.0236094387801131,0.00123519648332149,-0.00670048603691006,-0.0261814334323086,-0.0700639788216601,-0.116384283314498,-0.0813146648094213,NaN,NaN,NaN,NaN,NaN,NaN,NaN,NaN,NaN
NaN,NaN,0.027819165828987,0.00139471341390163,-0.0140686445859804,-0.0304455497195401,-0.0706752617067347,-0.123061027984174,-0.0873372298762358,NaN,NaN,NaN,NaN,NaN,NaN,NaN,NaN,NaN
NaN,NaN,0.0256159546406707,0.00127025146503001,-0.0140327886668577,-0.0313461945285477,-0.0773140456682692,-0.131960895518811,-0.100660972772554,NaN,NaN,NaN,NaN,NaN,NaN,NaN,NaN,NaN
NaN,NaN,0.0217167305381736,-0.00167747761588543,-0.014948930683507,-0.0321434997846761,-0.0903093669718752,-0.136066221307071,-0.108459011195616,NaN,NaN,NaN,NaN,NaN,NaN,NaN,NaN,NaN
NaN,NaN,0.0170807743998012,-0.00634547125082463,-0.00990652674712086,-0.0333484635581651,-0.0852469954794894,-0.140113805095704,-0.111754458872989,NaN,NaN,NaN,NaN,NaN,NaN,NaN,NaN,NaN
NaN,NaN,0.0222031230659923,-0.00596944044809788,-0.0159598254588976,-0.0394651480843701,-0.0828611891871939,-0.137356047193559,-0.119715832649187,NaN,NaN,NaN,NaN,NaN,NaN,NaN,NaN,NaN
NaN,NaN,0.0256014446349582,-0.00518824707251042,-0.0207767189470663,-0.0390974246790089,-0.0826730247742186,-0.142966613779815,-0.120897960393146,NaN,NaN,NaN,NaN,NaN,NaN,NaN,NaN,NaN
NaN,NaN,0.02244586298184,-0.00595565687399357,-0.0238254592744246,-0.0432621688475289,-0.0882656913405905,-0.147760261456521,-0.125343516944364,NaN,NaN,NaN,NaN,NaN,NaN,NaN,NaN,NaN
NaN,NaN,0.0163299607665977,-0.0087796690640971,-0.0253640972999468,-0.0388617069353738,-0.0972230959838877,-0.14694133089021,-0.13143125596495,NaN,NaN,NaN,NaN,NaN,NaN,NaN,NaN,NaN
NaN,NaN,0.0153049471409759,-0.0121580230770633,-0.0236350969401732,-0.0490718522002377,-0.0908646401173125,-0.146732453863175,-0.1355246049449,NaN,NaN,NaN,NaN,NaN,NaN,NaN,NaN,NaN
NaN,NaN,0.0191701034636935,-0.00451994861941784,-0.0287976414886847,-0.0526873023142495,-0.0922392722374449,-0.14780630604461,-0.14184942144008,NaN,NaN,NaN,NaN,NaN,NaN,NaN,NaN,NaN
NaN,NaN,0.0217871012719115,0.000829195720143618,-0.0278999582854643,-0.0501994044413247,-0.0893870409733305,-0.153139431635888,-0.142509077219681,NaN,NaN,NaN,NaN,NaN,NaN,NaN,NaN,NaN
NaN,NaN,0.0191743689210853,0.00106789369601757,-0.0256407187310591,-0.0487562642326035,-0.0940204080349455,-0.155524660508187,-0.140026860414461,NaN,NaN,NaN,NaN,NaN,NaN,NaN,NaN,NaN
NaN,NaN,0.0156712921889266,-0.00207803945522755,-0.0269768127230539,-0.0440073945452847,-0.0955446850663672,-0.152394559840711,-0.143811289696411,NaN,NaN,NaN,NaN,NaN,NaN,NaN,NaN,NaN
NaN,NaN,0.0208406912715873,0.00100907136220485,-0.0230006613758936,-0.0506320782830395,-0.0867302943176279,-0.149393167953046,-0.141652465342001,NaN,NaN,NaN,NaN,NaN,NaN,NaN,NaN,NaN
NaN,NaN,0.0252456980379065,0.00622956280130893,-0.0250313543704882,-0.0464169309367814,-0.0865010772055636,-0.15220321030453,-0.148106214134411,NaN,NaN,NaN,NaN,NaN,NaN,NaN,NaN,NaN
NaN,NaN,0.0275807845027884,0.00934928853530437,-0.0260996744958296,-0.0461344980528035,-0.0835860934263716,-0.157137189666779,-0.14503247710915,NaN,NaN,NaN,NaN,NaN,NaN,NaN,NaN,NaN
NaN,NaN,0.027899147811695,0.0028310549678281,-0.0230870136050119,-0.0420599431624093,-0.0824753794974337,-0.156081405143292,-0.141558010606483,NaN,NaN,NaN,NaN,NaN,NaN,NaN,NaN,NaN
NaN,NaN,0.0277745554776629,0.00452200148720294,-0.0218641684380903,-0.0402223878433385,-0.0795348216003428,-0.147956397990735,-0.13919707062693,NaN,NaN,NaN,NaN,NaN,NaN,NaN,NaN,NaN
NaN,NaN,0.0365552137227496,0.0125899371923879,-0.0167073794630899,-0.0404480659296193,-0.0727326464063178,-0.144517917792352,-0.133911554245666,NaN,NaN,NaN,NaN,NaN,NaN,NaN,NaN,NaN
NaN,NaN,0.0393406319053611,0.0216968749882653,-0.0162327029732599,-0.0336381048788705,-0.0703191239542017,-0.146498300741465,-0.135655250875667,NaN,NaN,NaN,NaN,NaN,NaN,NaN,NaN,NaN
NaN,NaN,0.0368475186260184,0.0193912741960958,-0.0187163167623415,-0.0320407562782445,-0.072543215394641,-0.15104728997782,-0.131600235132889,NaN,NaN,NaN,NaN,NaN,NaN,NaN,NaN,NaN
NaN,NaN,0.0357928144367179,0.0151959267677739,-0.013083938601388,-0.0325148926009812,-0.0695917796498785,-0.149778847257646,-0.134245321629957,NaN,NaN,NaN,NaN,NaN,NaN,NaN,NaN,NaN
NaN,NaN,0.0342839973600348,0.0229768102290109,-0.00771752754129314,-0.0328268111576714,-0.0701748993402968,-0.147358563403638,-0.134260986475662,NaN,NaN,NaN,NaN,NaN,NaN,NaN,NaN,NaN
NaN,NaN,0.0423407013149699,0.0348410402657464,0.000780530181752205,-0.0290109217991509,-0.0679369125670443,-0.14891018406585,-0.134284083275513,NaN,NaN,NaN,NaN,NaN,NaN,NaN,NaN,NaN
NaN,NaN,0.0460272113414248,0.0408602525712922,0.00109425550423718,-0.0250782259633221,-0.0682765286571036,-0.153209746490271,-0.13824734511824,NaN,NaN,NaN,NaN,NaN,NaN,NaN,NaN,NaN
NaN,NaN,0.0465909781487426,0.034249892574735,-0.00259834537185574,-0.022444687866179,-0.0735997449761878,-0.159025800089391,-0.138938908009247,NaN,NaN,NaN,NaN,NaN,NaN,NaN,NaN,NaN
NaN,NaN,0.0454639847012004,0.0273388085188344,0.00176633512698269,-0.0315929950108208,-0.0700307306057463,-0.160292417417319,-0.142681353269533,NaN,NaN,NaN,NaN,NaN,NaN,NaN,NaN,NaN
NaN,NaN,0.0428554246755084,0.0344559570075944,0.00273260092459774,-0.0283014402618088,-0.0755008351212988,-0.156595346192868,-0.146119181542114,NaN,NaN,NaN,NaN,NaN,NaN,NaN,NaN,NaN
NaN,NaN,0.0543485599191627,0.0424563345732167,0.00902452310644245,-0.0270339847435632,-0.0665600266462813,-0.160239518295081,-0.140823588250593,NaN,NaN,NaN,NaN,NaN,NaN,NaN,NaN,NaN
NaN,NaN,0.056062491479679,0.0390051883878186,0.00639562299572086,-0.0226420164932885,-0.0713141489929209,-0.162653171132357,-0.141972765801863,NaN,NaN,NaN,NaN,NaN,NaN,NaN,NaN,NaN
NaN,NaN,0.0551936606498202,0.0306221676291898,-0.00288064787067318,-0.0239455700745263,-0.068356752783681,-0.163356021652968,-0.14216582897158,NaN,NaN,NaN,NaN,NaN,NaN,NaN,NaN,NaN
NaN,NaN,0.0538017059297999,0.0294984896900132,-0.00084580117739582,-0.0310409814943948,-0.0649557676321516,-0.169635650376828,-0.143105999110655,NaN,NaN,NaN,NaN,NaN,NaN,NaN,NaN,NaN
NaN,NaN,0.0474211590917548,0.035843460005708,-0.00152119630850697,-0.0279281848003545,-0.0701153133219729,-0.169745211164506,-0.149673164366201,NaN,NaN,NaN,NaN,NaN,NaN,NaN,NaN,NaN
NaN,NaN,0.0542844662995776,0.042046440881677,0.00460357209764576,-0.0300659612645783,-0.0649251829988013,-0.176773809502871,-0.144748982517437,NaN,NaN,NaN,NaN,NaN,NaN,NaN,NaN,NaN
NaN,NaN,0.0560912693472346,0.0386003797175363,0.00640366962276554,-0.0255765766729989,-0.0659426342851172,-0.178000305454285,-0.148164850203708,NaN,NaN,NaN,NaN,NaN,NaN,NaN,NaN,NaN
NaN,NaN,0.0528548488946399,0.0397484396817163,0.00690853959046459,-0.0253804587652364,-0.0619744550591956,-0.175343279401811,-0.141486540912107,NaN,NaN,NaN,NaN,NaN,NaN,NaN,NaN,NaN
NaN,NaN,0.0517807173164329,0.0430689585627988,0.0155175550850496,-0.0269946084251084,-0.058802854657794,-0.177027967433484,-0.137199290572122,NaN,NaN,NaN,NaN,NaN,NaN,NaN,NaN,NaN
NaN,NaN,0.0526521744759521,0.0535851364256814,0.0169358662339315,-0.019424334250895,-0.0610719103521357,-0.172704581777604,-0.136642434178308,NaN,NaN,NaN,NaN,NaN,NaN,NaN,NaN,NaN
NaN,NaN,0.0573962571652373,0.052007028949447,0.0251360497447119,-0.017489083193747,-0.0590989034778128,-0.177205570648463,-0.135709025441126,NaN,NaN,NaN,NaN,NaN,NaN,NaN,NaN,NaN
NaN,NaN,0.0617700087459525,0.0456713159801438,0.0226741916509733,-0.0190064684381165,-0.0568614382452021,-0.177380324016364,-0.140688155321792,NaN,NaN,NaN,NaN,NaN,NaN,NaN,NaN,NaN
NaN,NaN,0.0581653060944518,0.0461195429088548,0.0180770716639624,-0.0202869810988583,-0.0552164804345618,-0.175766416500361,-0.135268994151071,NaN,NaN,NaN,NaN,NaN,NaN,NaN,NaN,NaN
NaN,NaN,0.0614290515513858,0.047093836707063,0.0256466194065676,-0.0214707107176461,-0.0531654846078406,-0.177774031321557,-0.136600357024387,NaN,NaN,NaN,NaN,NaN,NaN,NaN,NaN,NaN
NaN,NaN,0.0654967891605338,0.0563660842599347,0.0265387333007917,-0.0145188533594289,-0.0568527396923552,-0.168787569413932,-0.140306201307491,NaN,NaN,NaN,NaN,NaN,NaN,NaN,NaN,NaN
NaN,NaN,0.0675004365475615,0.0545047429623082,0.0286012402745352,-0.011793691747395,-0.0497847091561804,-0.174847294251473,-0.14592516842337,NaN,NaN,NaN,NaN,NaN,NaN,NaN,NaN,NaN
NaN,NaN,0.0719058158429107,0.0480094571830705,0.0231264418932066,-0.0147066266169228,-0.0464100804335127,-0.177136932174714,-0.153073106436447,NaN,NaN,NaN,NaN,NaN,NaN,NaN,NaN,NaN
NaN,NaN,0.0618095154495677,0.0491071325959638,0.0191428027125464,-0.0184475445081868,-0.0459428545242796,-0.181082424382718,-0.153272446720318,NaN,NaN,NaN,NaN,NaN,NaN,NaN,NaN,NaN
NaN,NaN,0.0632829608948668,0.0517449547769502,0.0278110130699739,-0.0207270868947186,-0.0424519594913969,-0.187429872016461,-0.156648286162332,NaN,NaN,NaN,NaN,NaN,NaN,NaN,NaN,NaN
NaN,NaN,0.0611819716723403,0.0580940601648763,0.034339565691577,-0.0103644841243901,-0.04746174851122,-0.183080316196235,-0.16326889070721,NaN,NaN,NaN,NaN,NaN,NaN,NaN,NaN,NaN
NaN,NaN,0.0618657673330745,0.0550714900018647,0.0320545285018549,-0.0127138757040181,-0.046000000477458,-0.188597396622451,-0.16654343950601,NaN,NaN,NaN,NaN,NaN,NaN,NaN,NaN,NaN
NaN,NaN,0.0627819279761752,0.0506727417232469,0.0295413359078035,-0.015110783361403,-0.0471951853639136,-0.191420701007398,-0.169618629394487,NaN,NaN,NaN,NaN,NaN,NaN,NaN,NaN,NaN
NaN,NaN,0.0521211529703578,0.0518857334973291,0.0278902313681707,-0.0184587390055337,-0.0500041101283083,-0.193053495745213,-0.170700081168131,NaN,NaN,NaN,NaN,NaN,NaN,NaN,NaN,NaN
NaN,NaN,0.0569940375717124,0.0538919699611142,0.0410947463484869,-0.0159348548283257,-0.0503269437855731,-0.1939120634003,-0.171520147947983,NaN,NaN,NaN,NaN,NaN,NaN,NaN,NaN,NaN
NaN,NaN,0.0552205572457751,0.0598988515557721,0.0428158118399248,-0.0067476742794194,-0.0483523536628733,-0.186301034550221,-0.172690783171371,NaN,NaN,NaN,NaN,NaN,NaN,NaN,NaN,NaN
NaN,NaN,0.0594754348130664,0.0576579404296354,0.0393159202309713,-0.008464641951529,-0.0484465662545214,-0.18839343697861,-0.172506828336433,NaN,NaN,NaN,NaN,NaN,NaN,NaN,NaN,NaN
NaN,NaN,0.0591528060467681,0.0546262246789411,0.037477247324811,-0.0103783608307519,-0.0458288233882437,-0.188090850274117,-0.173501052437738,NaN,NaN,NaN,NaN,NaN,NaN,NaN,NaN,NaN
NaN,NaN,0.0543745438189944,0.0541387518169358,0.034333325830327,-0.0101727806856313,-0.0455195870405684,-0.187555991719516,-0.17619460496159,NaN,NaN,NaN,NaN,NaN,NaN,NaN,NaN,NaN
NaN,NaN,0.0604189204605063,0.0538402629317716,0.0478310397835836,-0.00773623593947074,-0.0371273834413538,-0.191301715235265,-0.180127226291612,NaN,NaN,NaN,NaN,NaN,NaN,NaN,NaN,NaN
NaN,NaN,0.0631713511975249,0.0599429776193574,0.0436901933523283,-0.00357346617480896,-0.0365238677865515,-0.186505124579223,-0.184785496918873,NaN,NaN,NaN,NaN,NaN,NaN,NaN,NaN,NaN
NaN,NaN,0.0655326078267535,0.0626765770139173,0.044002093282567,-0.00679826372167251,-0.0358292129045973,-0.189365141700061,-0.185288616000131,NaN,NaN,NaN,NaN,NaN,NaN,NaN,NaN,NaN
NaN,NaN,0.0629754009278258,0.0606964734615758,0.0449257603856192,-0.0086082705189862,-0.0326637964850913,-0.188457977633031,-0.182585862009243,NaN,NaN,NaN,NaN,NaN,NaN,NaN,NaN,NaN
NaN,NaN,0.0623298453720054,0.0658291411818936,0.046448491421567,0.00221980727413514,-0.0322946947223196,-0.182883788506539,-0.184687763927892,NaN,NaN,NaN,NaN,NaN,NaN,NaN,NaN,NaN
NaN,NaN,0.0645930337341269,0.0652523358585313,0.0569801292391882,0.00643581143716195,-0.0224860053664694,-0.183888722817452,-0.180672869561628,NaN,NaN,NaN,NaN,NaN,NaN,NaN,NaN,NaN
NaN,NaN,0.0669469515414676,0.0723195095779374,0.0547966062100992,0.0146242789099536,-0.0271983113295088,-0.180097830156834,-0.186089460282043,NaN,NaN,NaN,NaN,NaN,NaN,NaN,NaN,NaN
NaN,NaN,0.0638104433746776,0.0700862352969125,0.0557191370996103,0.0129551998446307,-0.0284589309400568,-0.182146274159701,-0.186968181757644,NaN,NaN,NaN,NaN,NaN,NaN,NaN,NaN,NaN
NaN,NaN,0.0654750334651908,0.0663078596116975,0.0578602476986513,0.0125723331342063,-0.0266228284842024,-0.184539214382918,-0.187352911113218,NaN,NaN,NaN,NaN,NaN,NaN,NaN,NaN,NaN
NaN,NaN,0.0655714998574695,0.0694045816780999,0.0612573585482702,0.0245507991979442,-0.0207050372070322,-0.178288791934998,-0.191093884883837,NaN,NaN,NaN,NaN,NaN,NaN,NaN,NaN,NaN
NaN,NaN,0.0684551725717029,0.0732002427102998,0.0678854695530996,0.0271303578386626,-0.0147852156466494,-0.174369916926177,-0.187558845160917,NaN,NaN,NaN,NaN,NaN,NaN,NaN,NaN,NaN
NaN,NaN,0.0641720573039493,0.0797154029132798,0.0632497183056936,0.0326525232861362,-0.017345179260398,-0.170553506027015,-0.192580964891628,NaN,NaN,NaN,NaN,NaN,NaN,NaN,NaN,NaN
NaN,NaN,0.0612164492340526,0.0708576125325635,0.0591212398382292,0.0248665920565448,-0.0188215490585814,-0.17385571510628,-0.196693778513387,NaN,NaN,NaN,NaN,NaN,NaN,NaN,NaN,NaN
NaN,NaN,0.0616058724554023,0.0672626701416448,0.0587947367700205,0.0206703133056484,-0.0121037889427195,-0.175496575097592,-0.20276162448378,NaN,NaN,NaN,NaN,NaN,NaN,NaN,NaN,NaN
NaN,NaN,0.0607424432964763,0.0692464058520272,0.0591852216991053,0.0272673740158401,-0.00690371209445099,-0.174191363762172,-0.210998073695616,NaN,NaN,NaN,NaN,NaN,NaN,NaN,NaN,NaN
NaN,NaN,0.0641004944773158,0.0741624479414895,0.0650850943299398,0.0254045612285457,-0.00947924742164712,-0.174857054512055,-0.214495320348457,NaN,NaN,NaN,NaN,NaN,NaN,NaN,NaN,NaN
NaN,NaN,0.0541533733339747,0.0763889980735257,0.0612041614028082,0.0231468490431628,-0.0153884705311308,-0.177180294553788,-0.221804544805006,NaN,NaN,NaN,NaN,NaN,NaN,NaN,NaN,NaN
NaN,NaN,0.0544639135332545,0.0678934362949803,0.0564741044314966,0.0176392681072078,-0.0260338042086611,-0.179852724681647,-0.227041222630457,NaN,NaN,NaN,NaN,NaN,NaN,NaN,NaN,NaN
NaN,NaN,0.049876721444889,0.057641921681352,0.0569291858943567,0.0162028520474754,-0.0205661025053511,-0.184898127476724,-0.229566876320556,NaN,NaN,NaN,NaN,NaN,NaN,NaN,NaN,NaN
NaN,NaN,0.0456292013259372,0.0598733519436792,0.0566331557007895,0.0261878966460548,-0.0216260221010695,-0.183313239972146,-0.237153430013374,NaN,NaN,NaN,NaN,NaN,NaN,NaN,NaN,NaN
NaN,NaN,0.0438935513229808,0.0620849636616185,0.0596006474467383,0.0262664443919978,-0.0258553255504618,-0.183156218986066,-0.23825263279529,NaN,NaN,NaN,NaN,NaN,NaN,NaN,NaN,NaN
NaN,NaN,0.0389929691882571,0.0619128552498296,0.0574133991273508,0.0235768593023143,-0.0312856625920783,-0.185929418216498,-0.243309546737388,NaN,NaN,NaN,NaN,NaN,NaN,NaN,NaN,NaN
NaN,NaN,0.0431000644894084,0.0536049735965207,0.0548632702799902,0.0214165262053333,-0.036371335775281,-0.183876056830438,-0.247053482113794,NaN,NaN,NaN,NaN,NaN,NaN,NaN,NaN,NaN
NaN,NaN,0.0384441780479392,0.0476692822994664,0.0549558251174555,0.0197599641154132,-0.0275803398496161,-0.190778367827685,-0.249442734299616,NaN,NaN,NaN,NaN,NaN,NaN,NaN,NaN,NaN
NaN,NaN,0.0376194360287627,0.0517177415313199,0.049966376182662,0.02650586879948,-0.0272859115308772,-0.186117433617862,-0.256123465029911,NaN,NaN,NaN,NaN,NaN,NaN,NaN,NaN,NaN
NaN,NaN,0.0326492840977153,0.0528525580884889,0.0513651109310255,0.0198910384545646,-0.0279802311367045,-0.185491268198045,-0.257815938918308,NaN,NaN,NaN,NaN,NaN,NaN,NaN,NaN,NaN
NaN,NaN,0.0327399576635798,0.0578936209203675,0.0553122795196638,0.0180506332884155,-0.0270682614451895,-0.18002138719991,-0.260397211192564,NaN,NaN,NaN,NaN,NaN,NaN,NaN,NaN,NaN
NaN,NaN,0.0363959761889419,0.0554007684113458,0.0558329447182283,0.0240589304933868,-0.0236752297884474,-0.172267735610755,-0.261688005654529,NaN,NaN,NaN,NaN,NaN,NaN,NaN,NaN,NaN
NaN,NaN,0.0357184390159091,0.0541791712166742,0.0617093293937311,0.0279729067454658,-0.0104664493507395,-0.166261412809642,-0.261009723423437,NaN,NaN,NaN,NaN,NaN,NaN,NaN,NaN,NaN
NaN,NaN,0.0336003879638156,0.0592297894181684,0.0595881863506899,0.0364986247489772,-0.0066522922522078,-0.160068080435546,-0.260832939772323,NaN,NaN,NaN,NaN,NaN,NaN,NaN,NaN,NaN
NaN,NaN,0.0277450139255961,0.0587606449844316,0.0610637552114592,0.0316607765028796,-0.0101368542915831,-0.160866056243928,-0.259062532810882,NaN,NaN,NaN,NaN,NaN,NaN,NaN,NaN,NaN
NaN,NaN,0.0313439610035857,0.0551566128851846,0.0672301723631487,0.0327855347762428,-0.00595407971801857,-0.158632260422261,-0.262852196125702,NaN,NaN,NaN,NaN,NaN,NaN,NaN,NaN,NaN
NaN,NaN,0.0336325372190913,0.0480674040736631,0.0662016197117434,0.0409006512830577,-0.00688903445067506,-0.153381296108516,-0.262854263661817,NaN,NaN,NaN,NaN,NaN,NaN,NaN,NaN,NaN
NaN,NaN,0.0346343050332507,0.0485648420872167,0.0678806266757116,0.0512767954836211,0.00272649860319992,-0.148851547996552,-0.261354927448944,NaN,NaN,NaN,NaN,NaN,NaN,NaN,NaN,NaN
NaN,NaN,0.0334723124833545,0.0511820820393041,0.0677641368480787,0.0548960640201888,0.00376747509775062,-0.145283632586749,-0.26217218163462,NaN,NaN,NaN,NaN,NaN,NaN,NaN,NaN,NaN
NaN,NaN,0.0289067457051715,0.055676365387626,0.0687185375960932,0.0508960708151183,-0.00254519695105652,-0.144691199670585,-0.262998823551849,NaN,NaN,NaN,NaN,NaN,NaN,NaN,NaN,NaN
NaN,NaN,0.0332690233917674,0.0488815103890374,0.06693999087535,0.0484859570036254,0.00500181278524299,-0.146694027493747,-0.266080197422222,NaN,NaN,NaN,NaN,NaN,NaN,NaN,NaN,NaN
NaN,NaN,0.0294911506207427,0.0448449907125905,0.0616441554399595,0.0529893673131786,0.0025967094892015,-0.142383717606814,-0.274012923716024,NaN,NaN,NaN,NaN,NaN,NaN,NaN,NaN,NaN
NaN,NaN,0.0237314606638392,0.0444323961855844,0.0603455378683672,0.0510790570745788,0.00960250905094047,-0.146911491314919,-0.276072189687208,NaN,NaN,NaN,NaN,NaN,NaN,NaN,NaN,NaN
NaN,NaN,0.0165841186972102,0.0484455955447629,0.0604569240482912,0.0442417710194907,0.0042609084242334,-0.148143500695975,-0.285004113344864,NaN,NaN,NaN,NaN,NaN,NaN,NaN,NaN,NaN
NaN,NaN,0.0150498206348857,0.045722967130132,0.0610232985588179,0.0398387759099326,-0.000205919534588855,-0.14547760845259,-0.29272220703812,NaN,NaN,NaN,NaN,NaN,NaN,NaN,NaN,NaN
NaN,NaN,0.0191533024044475,0.040861984831281,0.064268398937808,0.039990506983789,0.00487649401960273,-0.149498034874947,-0.292386129973844,NaN,NaN,NaN,NaN,NaN,NaN,NaN,NaN,NaN
NaN,NaN,0.0144201906950911,0.0380191971780732,0.0562951042326555,0.0490443780193649,-0.0010707270509253,-0.146345284442456,-0.302622780679182,NaN,NaN,NaN,NaN,NaN,NaN,NaN,NaN,NaN
NaN,NaN,0.010460579636856,0.0328669716836885,0.0569207481118307,0.047623608178886,0.00502992010054489,-0.148985379050525,-0.302332953093961,NaN,NaN,NaN,NaN,NaN,NaN,NaN,NaN,NaN
NaN,NaN,0.0061907450290164,0.0312143211485818,0.055957369414197,0.0434197670886836,0.00219769364533325,-0.147370335320981,-0.309570316700653,NaN,NaN,NaN,NaN,NaN,NaN,NaN,NaN,NaN
NaN,NaN,0.0107869523199042,0.0256948937894777,0.0519414505931006,0.0434072314868293,0.00359553432402511,-0.145541161905082,-0.310243681548551,NaN,NaN,NaN,NaN,NaN,NaN,NaN,NaN,NaN
NaN,NaN,0.0112716684670886,0.0202961658360437,0.0518048255714045,0.0470642185876689,0.00574092900690933,-0.147493716935666,-0.308693904905037,NaN,NaN,NaN,NaN,NaN,NaN,NaN,NaN,NaN
NaN,NaN,0.00238506296591368,0.0169038792373613,0.0450432560416327,0.0535531713733993,-0.000407774389411013,-0.145880349586757,-0.318624895541385,NaN,NaN,NaN,NaN,NaN,NaN,NaN,NaN,NaN
NaN,NaN,-0.000582615044550039,0.0115695615531877,0.0429011023613081,0.046312026597055,0.00525427570876976,-0.149823308597358,-0.322234124420599,NaN,NaN,NaN,NaN,NaN,NaN,NaN,NaN,NaN
NaN,NaN,-0.00441590150876436,0.00960665021557361,0.0426513775261507,0.0380677170226894,0.00373413374957939,-0.150137797604354,-0.32714016410561,NaN,NaN,NaN,NaN,NaN,NaN,NaN,NaN,NaN
NaN,NaN,0.00145536089257803,0.0143828635336831,0.0448901466103659,0.0388612969885192,0.00643776318368812,-0.145296857367309,-0.325686071543411,NaN,NaN,NaN,NaN,NaN,NaN,NaN,NaN,NaN
NaN,NaN,-0.00530751248879824,0.0171302092494443,0.0458055435689554,0.0438658706019244,0.00741406863865753,-0.142621204863341,-0.321027018605188,NaN,NaN,NaN,NaN,NaN,NaN,NaN,NaN,NaN
NaN,NaN,-0.00707614993734751,0.0200297330738977,0.0450107715102301,0.0478416307936034,0.00705617999968429,-0.133573145280631,-0.329386421023325,NaN,NaN,NaN,NaN,NaN,NaN,NaN,NaN,NaN
NaN,NaN,-0.0124794786243001,0.0161641110898927,0.046981282440053,0.0426748394141517,0.0165379751318445,-0.131039817492516,-0.327820402114109,NaN,NaN,NaN,NaN,NaN,NaN,NaN,NaN,NaN
NaN,NaN,-0.00690379938168917,0.0139736403943971,0.044508471992837,0.0367827712664924,0.0169915664785852,-0.13044349164799,-0.328569483487324,NaN,NaN,NaN,NaN,NaN,NaN,NaN,NaN,NaN
NaN,NaN,-0.00704739069624338,0.0128355455817655,0.0466705559762583,0.0415398365924678,0.016681994854783,-0.128858846287282,-0.328249797700361,NaN,NaN,NaN,NaN,NaN,NaN,NaN,NaN,NaN
NaN,NaN,-0.0111345743207494,0.0102985483827069,0.0427090263935194,0.0437149032125793,0.0178256962293138,-0.126973942528518,-0.327931993184999,NaN,NaN,NaN,NaN,NaN,NaN,NaN,NaN,NaN
NaN,NaN,-0.0126605091063539,0.00508249003905803,0.0381924844356642,0.0460706277857146,0.0184180173867693,-0.122249249975236,-0.338826474277691,NaN,NaN,NaN,NaN,NaN,NaN,NaN,NaN,NaN
NaN,NaN,-0.0143626501230756,-0.00201009016018361,0.0336665919991598,0.0448993033836208,0.0272678915256013,-0.12034648344949,-0.333919074861721,NaN,NaN,NaN,NaN,NaN,NaN,NaN,NaN,NaN
NaN,NaN,-0.0104493816761533,-0.00330339919310063,0.0371038987310991,0.0465440935561977,0.0292100343698015,-0.119646296511443,-0.335361097483352,NaN,NaN,NaN,NaN,NaN,NaN,NaN,NaN,NaN
NaN,NaN,-0.0157234055368463,-0.00569088186603039,0.0322024597796068,0.0549043155381999,0.0287485640340795,-0.120680064569266,-0.334815957127527,NaN,NaN,NaN,NaN,NaN,NaN,NaN,NaN,NaN
NaN,NaN,-0.0179975089995423,-0.00892199377994984,0.0256252362402544,0.0547052360246501,0.0284496094876279,-0.120759096602948,-0.341804005680994,NaN,NaN,NaN,NaN,NaN,NaN,NaN,NaN,NaN
NaN,NaN,-0.0247551110951463,-0.00864835258107632,0.0235113761397467,0.0468685104618392,0.0278825271719446,-0.117254492501767,-0.350739207594112,NaN,NaN,NaN,NaN,NaN,NaN,NaN,NaN,NaN
NaN,NaN,-0.0240633060602704,-0.0104707273421809,0.0220877191992865,0.0430565140316806,0.0313164625161638,-0.120845951746257,-0.343124211309866,NaN,NaN,NaN,NaN,NaN,NaN,NaN,NaN,NaN
NaN,NaN,-0.0243927148549119,-0.00888917397242039,0.0323610453876123,0.0432173161874137,0.0328778434389581,-0.118144129077943,-0.34230384650679,NaN,NaN,NaN,NaN,NaN,NaN,NaN,NaN,NaN
NaN,NaN,-0.0306425971357385,-0.00638264964800328,0.0296630970212088,0.0485748796830497,0.0269336771064748,-0.113331538300069,-0.342014316944793,NaN,NaN,NaN,NaN,NaN,NaN,NaN,NaN,NaN
NaN,NaN,-0.0328384881286183,-0.00796669896226376,0.0251171438964472,0.0425639002690635,0.0248465273374071,-0.110952884565146,-0.349710654942707,NaN,NaN,NaN,NaN,NaN,NaN,NaN,NaN,NaN
NaN,NaN,-0.0344037061004201,-0.0112980025587603,0.0225131100984678,0.0348346865842662,0.0219820398682108,-0.109496482322963,-0.349422466485218,NaN,NaN,NaN,NaN,NaN,NaN,NaN,NaN,NaN
NaN,NaN,-0.0312113185791532,-0.010936817037873,0.0247212945493326,0.0370266473958812,0.0298004742556562,-0.109285500506909,-0.341150086848453,NaN,NaN,NaN,NaN,NaN,NaN,NaN,NaN,NaN
NaN,NaN,-0.0304903258947888,-0.0137562843738124,0.0299489757987127,0.0387059710095248,0.0359247211211671,-0.106677238504441,-0.3376770359561,NaN,NaN,NaN,NaN,NaN,NaN,NaN,NaN,NaN
NaN,NaN,-0.0288292003242532,-0.0140875558136031,0.0191406606706247,0.0473941675494037,0.0332622561448564,-0.0959502464635686,-0.346424166588501,NaN,NaN,NaN,NaN,NaN,NaN,NaN,NaN,NaN
NaN,NaN,-0.0333675911097089,-0.0166879574535415,0.0129119380386934,0.0408882833192668,0.0344736646705617,-0.100306433300527,-0.353882402656988,NaN,NaN,NaN,NaN,NaN,NaN,NaN,NaN,NaN
NaN,NaN,-0.0281495769886533,-0.0215408558724448,0.00473373374067402,0.0357725470433555,0.0335399392837038,-0.103602961312087,-0.354043577341751,NaN,NaN,NaN,NaN,NaN,NaN,NaN,NaN,NaN
NaN,NaN,-0.0292993505863706,-0.0241350362775847,0.00482977172456837,0.0381362251112781,0.0404305901223173,-0.10549159036115,-0.351887640087322,NaN,NaN,NaN,NaN,NaN,NaN,NaN,NaN,NaN
NaN,NaN,-0.0296749716071645,-0.0238407755969092,0.00723606711350537,0.0388357601235233,0.0427695136362066,-0.0979415445132569,-0.350442134319261,NaN,NaN,NaN,NaN,NaN,NaN,NaN,NaN,NaN
NaN,NaN,-0.0361150672106305,-0.0202173719881102,0.00302781155429935,0.0450216605434737,0.0391413416558256,-0.0885126298768834,-0.356007401375488,NaN,NaN,NaN,NaN,NaN,NaN,NaN,NaN,NaN
NaN,NaN,-0.0335564260749379,-0.0179973224876449,0.00248723467908955,0.0390074587533794,0.041892934202527,-0.0886995090647057,-0.351084784148649,NaN,NaN,NaN,NaN,NaN,NaN,NaN,NaN,NaN
NaN,NaN,-0.0316624512342969,-0.0216346959350631,0.00703451028190708,0.0402033514449916,0.0438507418924322,-0.087139059464486,-0.346967556057886,NaN,NaN,NaN,NaN,NaN,NaN,NaN,NaN,NaN
NaN,NaN,-0.038167776670889,-0.0245155188022181,0.00677156066619015,0.042112246073278,0.0501745153063287,-0.0833769632978753,-0.340692993728832,NaN,NaN,NaN,NaN,NaN,NaN,NaN,NaN,NaN
NaN,NaN,-0.0368471612600842,-0.0258292796788737,0.0095473303469286,0.0397727823922954,0.0469855550521364,-0.0753471373124436,-0.338184886156038,NaN,NaN,NaN,NaN,NaN,NaN,NaN,NaN,NaN
NaN,NaN,-0.0436382909683743,-0.0235032456694171,0.0045005491944418,0.0377784109781108,0.0401830073290815,-0.0726997225089387,-0.341545247016863,NaN,NaN,NaN,NaN,NaN,NaN,NaN,NaN,NaN
NaN,NaN,-0.0386194681195775,-0.0254158097086474,0.00359120583258724,0.0313073395858131,0.0402973178618898,-0.0778366743130997,-0.337594185499862,NaN,NaN,NaN,NaN,NaN,NaN,NaN,NaN,NaN
NaN,NaN,-0.0410206039814511,-0.0346656682668254,0.00111668175183392,0.0328312440882049,0.0448086630397787,-0.0743285870654897,-0.340487469463066,NaN,NaN,NaN,NaN,NaN,NaN,NaN,NaN,NaN
NaN,NaN,-0.0444935244886437,-0.0375302116153762,-0.00725303972042942,0.0296295805940948,0.0489057931893816,-0.0665421715481595,-0.340774335442499,NaN,NaN,NaN,NaN,NaN,NaN,NaN,NaN,NaN
NaN,NaN,-0.0454535690514604,-0.0423024016199633,-0.012016885074748,0.024976208723577,0.0459489185207834,-0.0682611508770303,-0.343659926681236,NaN,NaN,NaN,NaN,NaN,NaN,NaN,NaN,NaN
NaN,NaN,-0.0472046231298009,-0.0420685465214774,-0.0233971812752619,0.0203533469806037,0.0391901057058324,-0.0729876688225583,-0.348185558347419,NaN,NaN,NaN,NaN,NaN,NaN,NaN,NaN,NaN
NaN,NaN,-0.0456128065852681,-0.0446109453914687,-0.025019731464757,0.015083644456657,0.0410972121947755,-0.0805811888082341,-0.346386597035841,NaN,NaN,NaN,NaN,NaN,NaN,NaN,NaN,NaN
NaN,NaN,-0.0552197714714566,-0.0516265424666926,-0.0259284042743578,0.0142795219192825,0.0421010475450506,-0.0752915559811906,-0.350748818843082,NaN,NaN,NaN,NaN,NaN,NaN,NaN,NaN,NaN
NaN,NaN,-0.0560987537173787,-0.0512979904888198,-0.0292508230534925,0.01499768338302,0.0429762299948682,-0.0666424936158971,-0.352088097958282,NaN,NaN,NaN,NaN,NaN,NaN,NaN,NaN,NaN
NaN,NaN,-0.056801771876053,-0.0545562411425635,-0.0273658075360193,0.0133863835702262,0.039768699168538,-0.0720448723538235,-0.346691940455154,NaN,NaN,NaN,NaN,NaN,NaN,NaN,NaN,NaN
NaN,NaN,-0.0562957470683614,-0.049951912718825,-0.0327441954044237,0.0116002372572742,0.0314154248529424,-0.0717066718740777,-0.348973475871996,NaN,NaN,NaN,NaN,NaN,NaN,NaN,NaN,NaN
NaN,NaN,-0.0592905265657464,-0.0532035696087405,-0.0300172829059496,0.0112500413427673,0.0342678982609262,-0.0765738381548241,-0.339470688729004,NaN,NaN,NaN,NaN,NaN,NaN,NaN,NaN,NaN
NaN,NaN,-0.0613990967540303,-0.0579852591035888,-0.0302411169735327,0.0103801674316249,0.0369311269217481,-0.0641475176914052,-0.339165419815496,NaN,NaN,NaN,NaN,NaN,NaN,NaN,NaN,NaN
NaN,NaN,-0.061596015599207,-0.0587274486897513,-0.0330999420014753,0.0127412377963386,0.0405094731443872,-0.0572375139696912,-0.330572460322098,NaN,NaN,NaN,NaN,NaN,NaN,NaN,NaN,NaN
NaN,NaN,-0.0547591579525033,-0.0605449246941134,-0.0286434703496828,0.00984165809253075,0.0353205349141111,-0.0600306621296719,-0.326815188406423,NaN,NaN,NaN,NaN,NaN,NaN,NaN,NaN,NaN
NaN,NaN,-0.0525069591967622,-0.0540472919819876,-0.0335974731472864,0.0116101837823711,0.0355281080895414,-0.05641558454469,-0.332151890276388,NaN,NaN,NaN,NaN,NaN,NaN,NaN,NaN,NaN
NaN,NaN,-0.0534279627172509,-0.0566645133076236,-0.0332357474593058,0.00526243812540391,0.0391193996959676,-0.056077644835265,-0.329751033811287,NaN,NaN,NaN,NaN,NaN,NaN,NaN,NaN,NaN
NaN,NaN,-0.0530201924411813,-0.0570551472483203,-0.0381485299197569,0.00392027191022256,0.0446701939993848,-0.0454998320443944,-0.333043799279646,NaN,NaN,NaN,NaN,NaN,NaN,NaN,NaN,NaN
NaN,NaN,-0.0502073374955216,-0.0546400229213759,-0.038211301061286,0.00247187904218056,0.0507616024309148,-0.0409349358184651,-0.321328077940658,NaN,NaN,NaN,NaN,NaN,NaN,NaN,NaN,NaN
NaN,NaN,-0.0466399995057145,-0.0499415005324408,-0.0293286071149244,0.00291177994707444,0.0475926469856252,-0.0416996820373849,-0.316853128848985,NaN,NaN,NaN,NaN,NaN,NaN,NaN,NaN,NaN
NaN,NaN,-0.046299656984047,-0.0440877097425982,-0.030492127033843,0.00479541710713723,0.0503480579548826,-0.0364736585421876,-0.315715499697641,NaN,NaN,NaN,NaN,NaN,NaN,NaN,NaN,NaN
NaN,NaN,-0.0445645098952809,-0.0429792309878394,-0.0304089785543814,0.00243972978690484,0.0529757287198057,-0.0320968522234277,-0.311054323343948,NaN,NaN,NaN,NaN,NaN,NaN,NaN,NaN,NaN
NaN,NaN,-0.043514331933693,-0.0467029752908274,-0.0338864252892866,0.00146161756614068,0.056966334193324,-0.0308179414375142,-0.304968297956899,NaN,NaN,NaN,NaN,NaN,NaN,NaN,NaN,NaN
NaN,NaN,-0.0431532209186116,-0.0489945689914748,-0.0335323923257723,0.00406106925705293,0.0507478188568105,-0.0323853759570435,-0.296153106270746,NaN,NaN,NaN,NaN,NaN,NaN,NaN,NaN,NaN
NaN,NaN,-0.04512030458136,-0.0497273335931823,-0.0309131779698267,-8.51043393292157e-05,0.0435575615459432,-0.0378977997703866,-0.297424678234771,NaN,NaN,NaN,NaN,NaN,NaN,NaN,NaN,NaN
NaN,NaN,-0.0467561540572206,-0.0528550873277709,-0.0354150236574545,-0.00163726516863486,0.0444242503338804,-0.0303720055623368,-0.299666502057031,NaN,NaN,NaN,NaN,NaN,NaN,NaN,NaN,NaN
NaN,NaN,-0.0490618107287446,-0.0564439388690516,-0.0437451825467482,-0.00449268155595443,0.0401170324378957,-0.0236108458144978,-0.299846321819738,NaN,NaN,NaN,NaN,NaN,NaN,NaN,NaN,NaN
NaN,NaN,-0.0484375638334313,-0.0602187382755801,-0.0465911739496126,-0.00493468724986694,0.0484731193476667,-0.0259081019563988,-0.293432005225137,NaN,NaN,NaN,NaN,NaN,NaN,NaN,NaN,NaN
NaN,NaN,-0.0522706454066793,-0.0638993995962664,-0.0477907546786203,-0.0038853102256932,0.039496399074172,-0.0254873676700906,-0.291884650020317,NaN,NaN,NaN,NaN,NaN,NaN,NaN,NaN,NaN
NaN,NaN,-0.0537924823729554,-0.0674812103388831,-0.0483272337345018,-0.0132975914408841,0.0384345795804014,-0.0337267784877137,-0.2985009518549,NaN,NaN,NaN,NaN,NaN,NaN,NaN,NaN,NaN
NaN,NaN,-0.0530967471568147,-0.0680791753111407,-0.0561219380227461,-0.0225047022928872,0.0365515012138834,-0.0279725088281945,-0.304975077985243,NaN,NaN,NaN,NaN,NaN,NaN,NaN,NaN,NaN
NaN,NaN,-0.0578398798970738,-0.0659124719677493,-0.065503951254262,-0.0269759074678101,0.0303955893808355,-0.0272953441841916,-0.304360013930515,NaN,NaN,NaN,NaN,NaN,NaN,NaN,NaN,NaN
NaN,NaN,-0.0584709254471818,-0.0697738284943625,-0.0630002581504717,-0.0308464095821061,0.0320549826913824,-0.0356449304623917,-0.299652196942285,NaN,NaN,NaN,NaN,NaN,NaN,NaN,NaN,NaN
NaN,NaN,-0.0651065615384141,-0.0705243441043422,-0.0638781786886587,-0.0300739892651715,0.0203482393020143,-0.0353512472017125,-0.2999369581327,NaN,NaN,NaN,NaN,NaN,NaN,NaN,NaN,NaN
NaN,NaN,-0.0628993829159299,-0.0724336298881099,-0.0602806844738855,-0.0400788337816872,0.0194300297492494,-0.0410012273593262,-0.300503537534193,NaN,NaN,NaN,NaN,NaN,NaN,NaN,NaN,NaN
NaN,NaN,-0.061732938644127,-0.0712116787908599,-0.06873841592945,-0.0405964628686585,0.0141410115951051,-0.0354821166498975,-0.300994344531015,NaN,NaN,NaN,NaN,NaN,NaN,NaN,NaN,NaN
NaN,NaN,-0.0596410018770257,-0.0693215037463233,-0.0754228346971407,-0.0433949568202176,0.00868551021752258,-0.0352580590648965,-0.2955434252605,NaN,NaN,NaN,NaN,NaN,NaN,NaN,NaN,NaN
NaN,NaN,-0.0575400312809506,-0.0784229467390105,-0.0720612258640661,-0.0407660380830445,0.0163201946609964,-0.0383964112503842,-0.288158577410892,NaN,NaN,NaN,NaN,NaN,NaN,NaN,NaN,NaN
NaN,NaN,-0.0594564323691884,-0.0805618035374209,-0.0728399046687021,-0.0403735414971986,0.00833231544432541,-0.0312645292384938,-0.291923840074257,NaN,NaN,NaN,NaN,NaN,NaN,NaN,NaN,NaN
NaN,NaN,-0.0528023933438817,-0.0775750147877261,-0.0681789704588785,-0.0458115712632813,0.0137298885577669,-0.0322052954240159,-0.288875677166895,NaN,NaN,NaN,NaN,NaN,NaN,NaN,NaN,NaN
NaN,NaN,-0.0492489506868878,-0.0717748681781814,-0.0772284270254507,-0.0450575725068726,0.0111116241508474,-0.0275464473767594,-0.282842737166599,NaN,NaN,NaN,NaN,NaN,NaN,NaN,NaN,NaN
NaN,NaN,-0.0511495565442601,-0.0704199242172763,-0.080598007979764,-0.0414562039901891,0.0100292783075323,-0.0267821481926755,-0.277582757650331,NaN,NaN,NaN,NaN,NaN,NaN,NaN,NaN,NaN
NaN,NaN,-0.0521457550494233,-0.07417831372004,-0.0725975186554327,-0.0454824791183152,0.0193679105335226,-0.0231440296871976,-0.26864178153725,NaN,NaN,NaN,NaN,NaN,NaN,NaN,NaN,NaN
NaN,NaN,-0.0478415546385804,-0.0702567006228492,-0.0662913472381964,-0.0419288129439034,0.018847319840764,-0.0129214605791882,-0.267626341907696,NaN,NaN,NaN,NaN,NaN,NaN,NaN,NaN,NaN
NaN,NaN,-0.0422990304796258,-0.0616802441654727,-0.0616326854554548,-0.0443767011990227,0.0231420766407003,-0.00872832969859398,-0.255562808839992,NaN,NaN,NaN,NaN,NaN,NaN,NaN,NaN,NaN
NaN,NaN,-0.0373077934054891,-0.0555952059803531,-0.063381001445426,-0.0380191021492162,0.0205384339982023,-0.00642120153740204,-0.24783141586037,NaN,NaN,NaN,NaN,NaN,NaN,NaN,NaN,NaN
NaN,NaN,-0.0431963784067193,-0.0556974093196914,-0.0654915087846651,-0.0384590589334645,0.0183274742060651,-0.00607836307123459,-0.244306527553514,NaN,NaN,NaN,NaN,NaN,NaN,NaN,NaN,NaN
NaN,NaN,-0.0432306697039166,-0.0674783791182563,-0.062386591079606,-0.0423279219200291,0.0200227234357347,-0.00596390352681434,-0.242169347135738,NaN,NaN,NaN,NaN,NaN,NaN,NaN,NaN,NaN
NaN,NaN,-0.0412177835969487,-0.0622963326750323,-0.0608154685226812,-0.0449111872245946,0.0135271023803701,-0.00145699144438064,-0.246582214264587,NaN,NaN,NaN,NaN,NaN,NaN,NaN,NaN,NaN
NaN,NaN,-0.0345106405584374,-0.0591618361650035,-0.0626279712644949,-0.0476582349171319,0.0156281102293481,-0.00164634795025146,-0.239696499435619,NaN,NaN,NaN,NaN,NaN,NaN,NaN,NaN,NaN
NaN,NaN,-0.0353868288366357,-0.0575225221691653,-0.0686578565267458,-0.0449708477487244,0.0117116939121236,-0.00103536308840072,-0.23906256678553,NaN,NaN,NaN,NaN,NaN,NaN,NaN,NaN,NaN
NaN,NaN,-0.0397547317115823,-0.0620330105302855,-0.0737277344790831,-0.0454189629187264,0.0122505571537962,-0.00212027938202179,-0.23518765020223,NaN,NaN,NaN,NaN,NaN,NaN,NaN,NaN,NaN
NaN,NaN,-0.0366309081582585,-0.0717367025790736,-0.072572670969142,-0.0508785434891858,0.0161209102564802,-0.00524812624886787,-0.238298211722091,NaN,NaN,NaN,NaN,NaN,NaN,NaN,NaN,NaN
NaN,NaN,-0.0344103557436028,-0.069090889650397,-0.0754502342072859,-0.0558201410700955,0.00941477304634948,-0.00648186788991249,-0.242495477674917,NaN,NaN,NaN,NaN,NaN,NaN,NaN,NaN,NaN
NaN,NaN,-0.0314888713328401,-0.0626993532059714,-0.076316922995223,-0.0572666712929883,0.00548090374407669,-0.0113818912310914,-0.237401087312416,NaN,NaN,NaN,NaN,NaN,NaN,NaN,NaN,NaN
NaN,NaN,-0.0373915379313985,-0.0595159250078723,-0.0775198751119509,-0.0572113879849591,0.000476721286152799,-0.00989889041617668,-0.236242335765079,NaN,NaN,NaN,NaN,NaN,NaN,NaN,NaN,NaN
NaN,NaN,-0.0362747145263711,-0.0560327226994559,-0.076169215234889,-0.0566224009623208,-0.00290772357645134,-0.00517850057318962,-0.227954552052931,NaN,NaN,NaN,NaN,NaN,NaN,NaN,NaN,NaN
NaN,NaN,-0.0324932095973054,-0.0592783446190879,-0.0670633205202951,-0.0585046783914246,0.00249715110597511,-0.00786832780674255,-0.221833285419658,NaN,NaN,NaN,NaN,NaN,NaN,NaN,NaN,NaN
NaN,NaN,-0.0259694439737359,-0.0504286381183192,-0.0643193648187056,-0.0577162952055611,-0.00350099468293289,-0.00366780222490585,-0.221602559565023,NaN,NaN,NaN,NaN,NaN,NaN,NaN,NaN,NaN
NaN,NaN,-0.0314444286195794,-0.0479664820013568,-0.0640471764830484,-0.0535782427420296,-0.00885280260505776,-0.00514892176821983,-0.212963667242245,NaN,NaN,NaN,NaN,NaN,NaN,NaN,NaN,NaN
NaN,NaN,-0.0334595312742749,-0.0487584414659068,-0.0669772476879492,-0.0591715426077523,-0.0111486245101939,-0.00243303612902916,-0.210269928453878,NaN,NaN,NaN,NaN,NaN,NaN,NaN,NaN,NaN
NaN,NaN,-0.0281144475011388,-0.0537088307319209,-0.0707862452594175,-0.0583965332140603,-0.0119725655919562,0.00489256097838127,-0.204361860184387,NaN,NaN,NaN,NaN,NaN,NaN,NaN,NaN,NaN
NaN,NaN,-0.0250846316484967,-0.0599485802231356,-0.0658388734785452,-0.0649404154052415,-0.00720423126282791,0.00074765398070061,-0.199491359768823,NaN,NaN,NaN,NaN,NaN,NaN,NaN,NaN,NaN
NaN,NaN,-0.0212784094183007,-0.0547523217974231,-0.0668080636290445,-0.0602728315522351,-0.0107874762422095,-0.000818439434321287,-0.202788502453283,NaN,NaN,NaN,NaN,NaN,NaN,NaN,NaN,NaN
NaN,NaN,-0.0279764813749353,-0.0514362360117957,-0.0696705208150282,-0.0577292778422513,-0.0121517706817637,-0.00174456522897041,-0.198804565249399,NaN,NaN,NaN,NaN,NaN,NaN,NaN,NaN,NaN
NaN,NaN,-0.0240142626134912,-0.0495499725220725,-0.0728394390074148,-0.0651903637578168,-0.0109904859370242,0.000157214094845889,-0.19396433281751,NaN,NaN,NaN,NaN,NaN,NaN,NaN,NaN,NaN
NaN,NaN,-0.0196639431087533,-0.0459648648975417,-0.0708267391649618,-0.0581807457735219,-0.00943283030452828,0.00345862223669731,-0.183449030397848,NaN,NaN,NaN,NaN,NaN,NaN,NaN,NaN,NaN
NaN,NaN,-0.0110063312022248,-0.0398560034809634,-0.0630041324523821,-0.0595133938719907,-0.00505101347031693,0.00246639116570198,-0.174600162087396,NaN,NaN,NaN,NaN,NaN,NaN,NaN,NaN,NaN
NaN,NaN,-0.0108669867186109,-0.0332764143822715,-0.0563923195926084,-0.0523550436725297,-0.00899170005383591,0.00242980881497109,-0.170013994453863,NaN,NaN,NaN,NaN,NaN,NaN,NaN,NaN,NaN
NaN,NaN,-0.0152581540314713,-0.0307631659088656,-0.0592000336376562,-0.0543059409489312,-0.0109397847360621,0.00412990092202866,-0.165360883353666,NaN,NaN,NaN,NaN,NaN,NaN,NaN,NaN,NaN
NaN,NaN,-0.00631306147261057,-0.0320313478587195,-0.0614188910452261,-0.0571881980528512,-0.00648029559912781,0.00337055637404167,-0.158622541008905,NaN,NaN,NaN,NaN,NaN,NaN,NaN,NaN,NaN
NaN,NaN,-0.00914133912010584,-0.0369653458474204,-0.0574864559797182,-0.059401225381104,-0.0165049772864829,0.000578488548247454,-0.15152766975613,NaN,NaN,NaN,NaN,NaN,NaN,NaN,NaN,NaN
NaN,NaN,-0.0085606408683816,-0.039196869242005,-0.0547957533029451,-0.059728045098988,-0.0201086927360545,-0.00115028829410827,-0.148552634297327,NaN,NaN,NaN,NaN,NaN,NaN,NaN,NaN,NaN
NaN,NaN,-0.0150038284627954,-0.0377767699537799,-0.0503531769839659,-0.0595021621217408,-0.0220635574466238,-0.00221981913879669,-0.147769261626915,NaN,NaN,NaN,NaN,NaN,NaN,NaN,NaN,NaN
NaN,NaN,-0.0156447646586457,-0.0363280604360625,-0.0577066392628088,-0.0637919456591286,-0.0222878385490427,0.00165258287355149,-0.148208324341492,NaN,NaN,NaN,NaN,NaN,NaN,NaN,NaN,NaN
NaN,NaN,-0.00557828521414194,-0.03709589864593,-0.0605590009120836,-0.0622528047194161,-0.0144461210972319,-0.000806555758269193,-0.136569735138134,NaN,NaN,NaN,NaN,NaN,NaN,NaN,NaN,NaN
NaN,NaN,-0.00401237806363497,-0.0360628011403605,-0.0591054671434297,-0.0555890799393334,-0.017806351572896,0.00157507820889199,-0.137422435461,NaN,NaN,NaN,NaN,NaN,NaN,NaN,NaN,NaN
NaN,NaN,-0.00399764454050455,-0.0332645307062194,-0.0554443449703588,-0.0547428057422318,-0.0161693658834944,-0.00450845123365677,-0.134550385652498,NaN,NaN,NaN,NaN,NaN,NaN,NaN,NaN,NaN
NaN,NaN,-0.00705223357363138,-0.0302120464621112,-0.0510434360233679,-0.0602304750015416,-0.0192218501276026,-0.00491311089232719,-0.138434112547354,NaN,NaN,NaN,NaN,NaN,NaN,NaN,NaN,NaN
NaN,NaN,-0.00120438462181483,-0.0244409012375399,-0.0584430173961058,-0.058858525090424,-0.0171238038844119,-0.00290139825180328,-0.132600363819317,NaN,NaN,NaN,NaN,NaN,NaN,NaN,NaN,NaN
NaN,NaN,0.00428708443359937,-0.0224812681553885,-0.0540592447844877,-0.0575155206849255,-0.0158232491618643,-0.00500181005433357,-0.113221459566072,NaN,NaN,NaN,NaN,NaN,NaN,NaN,NaN,NaN
NaN,NaN,0.00682847747521009,-0.017716025817208,-0.0490357653228178,-0.050078835420815,-0.0216746557659159,-0.000863999734671476,-0.113549098847822,NaN,NaN,NaN,NaN,NaN,NaN,NaN,NaN,NaN
NaN,NaN,0.00312961811141577,-0.0172802599845454,-0.0412821137336626,-0.0544685126175561,-0.0180497061616431,-0.0076344913347081,-0.109367255596832,NaN,NaN,NaN,NaN,NaN,NaN,NaN,NaN,NaN
NaN,NaN,0.00559402802900877,-0.0156923736212775,-0.0383291692463293,-0.0610592962135949,-0.0250162970429907,-0.00819000662401474,-0.111400034753994,NaN,NaN,NaN,NaN,NaN,NaN,NaN,NaN,NaN
NaN,NaN,0.0105656328232726,-0.0151079687057063,-0.0405062288967504,-0.0575871952702679,-0.0271267485028754,-0.00744682983592308,-0.101264600186065,NaN,NaN,NaN,NaN,NaN,NaN,NaN,NaN,NaN
NaN,NaN,0.0145866366656264,-0.0174145008204505,-0.037800606432332,-0.0521122292508759,-0.0272264558977137,-0.00572425560191429,-0.0884222020492113,NaN,NaN,NaN,NaN,NaN,NaN,NaN,NaN,NaN
NaN,NaN,0.0116038153500995,-0.0162908787606284,-0.0352547244159117,-0.0480416976740041,-0.030248411387826,-0.0034208899839238,-0.0915489127025163,NaN,NaN,NaN,NaN,NaN,NaN,NaN,NaN,NaN
NaN,NaN,0.00944446945504751,-0.015855988371186,-0.0323795639900103,-0.0548872911264577,-0.0252539519375811,-0.00657736570671356,-0.0919834119364775,NaN,NaN,NaN,NaN,NaN,NaN,NaN,NaN,NaN
NaN,NaN,0.0199461186857661,-0.0106581466970965,-0.0315349475470915,-0.0570629724194684,-0.0227906968599806,-0.00589988441303528,-0.0879293833956278,NaN,NaN,NaN,NaN,NaN,NaN,NaN,NaN,NaN
NaN,NaN,0.024786816778942,-0.00458907138090581,-0.0328971744505301,-0.0479521230687775,-0.0198726397162924,-0.00147887752488411,-0.0723425452694452,NaN,NaN,NaN,NaN,NaN,NaN,NaN,NaN,NaN
NaN,NaN,0.0268804485531291,0.00286009360570461,-0.0271145739582911,-0.0405846164455094,-0.0181666802770148,0.00161633579894745,-0.0634455089554346,NaN,NaN,NaN,NaN,NaN,NaN,NaN,NaN,NaN
NaN,NaN,0.0260096619458636,0.00741068471688777,-0.0241726563302412,-0.0392311067213692,-0.0170651491886626,0.00282156034275734,-0.0689354692682779,NaN,NaN,NaN,NaN,NaN,NaN,NaN,NaN,NaN
NaN,NaN,0.0296122411818942,0.00979563419241458,-0.0228632167903318,-0.0415621884991803,-0.014619179458047,-0.00196437598303116,-0.0658945147976435,NaN,NaN,NaN,NaN,NaN,NaN,NaN,NaN,NaN
NaN,NaN,0.040510745588108,0.00949319649953395,-0.0191546716717615,-0.0435171835949101,-0.0108777213996897,-0.00206952230170524,-0.0558221307680166,NaN,NaN,NaN,NaN,NaN,NaN,NaN,NaN,NaN
NaN,NaN,0.0400414148898562,0.01221776206512,-0.0238487982181444,-0.0338176079919019,-0.0128554221397887,0.00119336633846009,-0.0482703154072321,NaN,NaN,NaN,NaN,NaN,NaN,NaN,NaN,NaN
NaN,NaN,0.0342970358760795,0.0110517089487985,-0.0206430182782545,-0.0336321816672959,-0.0196960609561453,-0.00234038815930641,-0.0480616991505182,NaN,NaN,NaN,NaN,NaN,NaN,NaN,NaN,NaN
NaN,NaN,0.0257400068076095,0.00821266521234065,-0.0222401061085596,-0.0426158309807458,-0.0283966440862666,-0.00801191912129677,-0.059480812875942,NaN,NaN,NaN,NaN,NaN,NaN,NaN,NaN,NaN
NaN,NaN,0.0280118750961265,0.00423113082069904,-0.0230012946752443,-0.0467522443165459,-0.0296787586218367,-0.0133428467912987,-0.0558504802271879,NaN,NaN,NaN,NaN,NaN,NaN,NaN,NaN,NaN
NaN,NaN,0.0313255766959628,0.00243457232136279,-0.0209703595367804,-0.0486569852461495,-0.0279967527991782,-0.0138115255637482,-0.0481390175506628,NaN,NaN,NaN,NaN,NaN,NaN,NaN,NaN,NaN
NaN,NaN,0.0249845179350814,0.00565746997017414,-0.025574352684392,-0.0396435522367635,-0.0318438228374968,-0.00859157429173744,-0.0459052589818991,NaN,NaN,NaN,NaN,NaN,NaN,NaN,NaN,NaN
NaN,NaN,0.0234043056698283,0.00711446825880557,-0.0262677409676447,-0.0447954238285699,-0.0346878770894061,-0.0113450667364911,-0.0448621031925237,NaN,NaN,NaN,NaN,NaN,NaN,NaN,NaN,NaN
NaN,NaN,0.0210445205302676,0.00459242810029537,-0.0287501812902822,-0.0512551517119088,-0.0391812104887019,-0.0179005345805005,-0.0516910632237947,NaN,NaN,NaN,NaN,NaN,NaN,NaN,NaN,NaN
NaN,NaN,0.0254534388514003,0.00248538528103382,-0.0256400109259024,-0.0560916774799504,-0.0354206789440165,-0.0206651283903435,-0.046043392746166,NaN,NaN,NaN,NaN,NaN,NaN,NaN,NaN,NaN
NaN,NaN,0.026770384851261,0.00274697516579181,-0.0218498819497957,-0.0510703586866536,-0.0292635005122672,-0.0166256657345608,-0.0393710997983969,NaN,NaN,NaN,NaN,NaN,NaN,NaN,NaN,NaN
NaN,NaN,0.02439337024407,0.0108590928139165,-0.0203964599398508,-0.0411880203416028,-0.0332465808993826,-0.00813921229079521,-0.0373238851413286,NaN,NaN,NaN,NaN,NaN,NaN,NaN,NaN,NaN
NaN,NaN,0.0291785987647017,0.0152303111972287,-0.0180373453525438,-0.0435293839206376,-0.0326425809568415,-0.0147245569629983,-0.036149468748287,NaN,NaN,NaN,NaN,NaN,NaN,NaN,NaN,NaN
NaN,NaN,0.0344015116424998,0.0188837778987363,-0.0172806457606688,-0.047079175793139,-0.0343559350973616,-0.0179346954925374,-0.0367960115060365,NaN,NaN,NaN,NaN,NaN,NaN,NaN,NaN,NaN
NaN,NaN,0.0395200232596835,0.0187611785950139,-0.010701783093585,-0.0450685248603501,-0.0303569477206717,-0.0233849442107991,-0.0319575113341367,NaN,NaN,NaN,NaN,NaN,NaN,NaN,NaN,NaN
NaN,NaN,0.0380224938126048,0.0185692516388372,-0.00795868420876408,-0.0407430716683545,-0.0308736268586169,-0.0174704684419945,-0.0294721280321634,NaN,NaN,NaN,NaN,NaN,NaN,NaN,NaN,NaN
NaN,NaN,0.0350082496734103,0.0205833670916036,-0.00916156181968594,-0.0343601592709698,-0.0357160199588786,-0.0127167558772877,-0.0283014183029688,NaN,NaN,NaN,NaN,NaN,NaN,NaN,NaN,NaN
NaN,NaN,0.0376848707528552,0.0231819992186502,-0.0107361861494913,-0.0356260501672902,-0.0364000018841277,-0.0186340442402676,-0.0275547397419965,NaN,NaN,NaN,NaN,NaN,NaN,NaN,NaN,NaN
NaN,NaN,0.0395796279044589,0.0223917906405404,-0.00923234233535671,-0.0398885087003388,-0.0340108614570151,-0.0166002778811768,-0.0257729333922422,NaN,NaN,NaN,NaN,NaN,NaN,NaN,NaN,NaN
NaN,NaN,0.0441645475657424,0.0224188735010102,-0.00019666934288883,-0.0304705464174428,-0.0263473432666312,-0.0196468389137105,-0.0184424002751863,NaN,NaN,NaN,NaN,NaN,NaN,NaN,NaN,NaN
NaN,NaN,0.0436296331317862,0.0279139374615625,0.00675598895274258,-0.0248193741669335,-0.0222479406899462,-0.0118061272902802,-0.0173662384137666,NaN,NaN,NaN,NaN,NaN,NaN,NaN,NaN,NaN
NaN,NaN,0.0433403829665622,0.0354914573254064,0.0065735614868269,-0.020853243850676,-0.0250501785582552,-0.0112704677982644,-0.0137882274672544,NaN,NaN,NaN,NaN,NaN,NaN,NaN,NaN,NaN
NaN,NaN,0.0496475974650821,0.0426524897338823,0.0080584994526968,-0.0238288939823785,-0.0231655914491663,-0.0134723192556218,-0.00982761058063867,NaN,NaN,NaN,NaN,NaN,NaN,NaN,NaN,NaN
NaN,NaN,0.0538975390227279,0.0431733225705102,0.0126157029541597,-0.0240071491231599,-0.0189937319761763,-0.00929870889619148,-0.00462213206143739,NaN,NaN,NaN,NaN,NaN,NaN,NaN,NaN,NaN
NaN,NaN,0.0567945482762298,0.042089989525266,0.0209795012148485,-0.0215311721791901,-0.0135234039432059,-0.00476352186039245,0.000860526682420946,NaN,NaN,NaN,NaN,NaN,NaN,NaN,NaN,NaN
NaN,NaN,0.0593199970753631,0.0474216995062307,0.0211476235660181,-0.0165780075719037,-0.0132195692664633,-0.00343562350705421,0.00462754023222563,NaN,NaN,NaN,NaN,NaN,NaN,NaN,NaN,NaN
NaN,NaN,0.0543121265800437,0.0506190789164975,0.015763796773778,-0.0153670833339371,-0.0216786790794383,-0.0046335837347821,0.000648445905729509,NaN,NaN,NaN,NaN,NaN,NaN,NaN,NaN,NaN
NaN,NaN,0.053984301033779,0.0492707659723237,0.0102480574520693,-0.0248342753281274,-0.0257594179517279,-0.0132024964793042,-0.00287107798309686,NaN,NaN,NaN,NaN,NaN,NaN,NaN,NaN,NaN
NaN,NaN,0.051247553768917,0.036607833695598,0.0106852947743998,-0.0237710402240433,-0.0275056664055834,-0.0178912772341088,-0.00653218152971628,NaN,NaN,NaN,NaN,NaN,NaN,NaN,NaN,NaN
NaN,NaN,0.0483554805250606,0.0340458584250882,0.013273887244092,-0.0212474913229623,-0.02269532942834,-0.0155470451815442,-0.00845741155596139,NaN,NaN,NaN,NaN,NaN,NaN,NaN,NaN,NaN
NaN,NaN,0.046764278653427,0.0343240072252229,0.0120239964696035,-0.0203978457381406,-0.024158325434352,-0.0219030237300709,-0.00500974851699235,NaN,NaN,NaN,NaN,NaN,NaN,NaN,NaN,NaN
NaN,NaN,0.0467560085089644,0.03436615888495,0.00712427115164852,-0.018031671725718,-0.0291408080762873,-0.022220157693179,-0.00732637616844537,NaN,NaN,NaN,NaN,NaN,NaN,NaN,NaN,NaN
NaN,NaN,0.0429566966922721,0.0341041592182592,0.00647048270426846,-0.0193138048877396,-0.0283839222198973,-0.0315628318591431,-0.0102069010123766,NaN,NaN,NaN,NaN,NaN,NaN,NaN,NaN,NaN
NaN,NaN,0.0396605412097415,0.0231174399377778,0.0128918400975332,-0.022519603454081,-0.0290712755328665,-0.0325160405142621,-0.0127311763450659,NaN,NaN,NaN,NaN,NaN,NaN,NaN,NaN,NaN
NaN,NaN,0.0355216319294414,0.0265678224386647,0.0132553725513086,-0.0212389231552758,-0.0284949731236945,-0.0300662151081876,-0.0107498806998289,NaN,NaN,NaN,NaN,NaN,NaN,NaN,NaN,NaN
NaN,NaN,0.0356523896189174,0.033500345540233,0.0155733599337206,-0.0207947009136357,-0.0328729529088984,-0.0322479686243848,-0.00337812724562051,NaN,NaN,NaN,NaN,NaN,NaN,NaN,NaN,NaN
NaN,NaN,0.0369733216793975,0.0387574752094224,0.00952322771869755,-0.0217154809167065,-0.037268665075923,-0.0296323678000287,-0.00779054733963373,NaN,NaN,NaN,NaN,NaN,NaN,NaN,NaN,NaN
NaN,NaN,0.0359097140462836,0.0372635034145787,0.0130758508118258,-0.02493940302035,-0.0388197828239451,-0.0396766072614506,-0.0100439568147218,NaN,NaN,NaN,NaN,NaN,NaN,NaN,NaN,NaN
NaN,NaN,0.0340036506386241,0.0327311475994065,0.0153303778740034,-0.0277630613078751,-0.0389707129603873,-0.0366481511397675,-0.0127042983755625,NaN,NaN,NaN,NaN,NaN,NaN,NaN,NaN,NaN
NaN,NaN,0.033864529672428,0.0336861816467717,0.0145743674608335,-0.0249345415165105,-0.0390469137734423,-0.0351522980733231,-0.00867848890872362,NaN,NaN,NaN,NaN,NaN,NaN,NaN,NaN,NaN
NaN,NaN,0.0383340212138137,0.0350120124639943,0.013481032011138,-0.022620242171494,-0.0422990549510966,-0.0385889528794602,-0.00738342898936632,NaN,NaN,NaN,NaN,NaN,NaN,NaN,NaN,NaN
NaN,NaN,0.0399478542240104,0.0333691966952756,0.00723833954058743,-0.0176931359698453,-0.0405996333962927,-0.0381028583748654,-0.0168743697092092,NaN,NaN,NaN,NaN,NaN,NaN,NaN,NaN,NaN
NaN,NaN,0.0378936546476325,0.0321552735986188,0.0130116454335318,-0.0236552768280186,-0.0376143720156203,-0.0453828393025712,-0.0186071139857328,NaN,NaN,NaN,NaN,NaN,NaN,NaN,NaN,NaN
NaN,NaN,0.0423892977269134,0.0291320701362565,0.01749190306388,-0.0200832635988869,-0.0312617276019106,-0.0416998124225453,-0.0129159693703211,NaN,NaN,NaN,NaN,NaN,NaN,NaN,NaN,NaN
NaN,NaN,0.0447919237049064,0.036395883304067,0.0225479601892099,-0.0125167705943265,-0.0282763917154322,-0.0405203482611493,-0.00433470728845956,NaN,NaN,NaN,NaN,NaN,NaN,NaN,NaN,NaN
NaN,NaN,0.050074143204256,0.0421173704089597,0.0263961291881666,-0.00813376166721961,-0.0258707855052004,-0.0407956658406571,0.000113214822097992,NaN,NaN,NaN,NaN,NaN,NaN,NaN,NaN,NaN
NaN,NaN,0.0480853410990676,0.0429925901116803,0.0266819520863161,-0.0044479408194699,-0.0270201493209849,-0.0378129004044846,-0.00558251190038087,NaN,NaN,NaN,NaN,NaN,NaN,NaN,NaN,NaN
NaN,NaN,0.0444309058220824,0.0441895072581246,0.0329780279668436,-0.00594293706914565,-0.0248515647059927,-0.0367304055495576,-0.00293003070207002,NaN,NaN,NaN,NaN,NaN,NaN,NaN,NaN,NaN
NaN,NaN,0.0473703275056323,0.0443616715492681,0.0364960431130991,-0.00311177232166908,-0.0208513107306014,-0.0346273487909154,0.00495367077140448,NaN,NaN,NaN,NaN,NaN,NaN,NaN,NaN,NaN
NaN,NaN,0.0478716025681933,0.0485815127613023,0.0368504299791918,0.000562760896476295,-0.021756872922803,-0.0348828105731324,0.00984337505845664,NaN,NaN,NaN,NaN,NaN,NaN,NaN,NaN,NaN
NaN,NaN,0.0450633483560523,0.0516202879371122,0.0357727221222982,0.00276746220091202,-0.0224035274392615,-0.0377915172381715,0.00955155444292662,NaN,NaN,NaN,NaN,NaN,NaN,NaN,NaN,NaN
NaN,NaN,0.0407254899473628,0.0483039227547124,0.0337920784028635,-0.00239500784179351,-0.0279273692673693,-0.0336790016396359,0.00173857760576842,NaN,NaN,NaN,NaN,NaN,NaN,NaN,NaN,NaN
NaN,NaN,0.0393541919620475,0.0447758865775541,0.0307359061213598,-0.00321526088616035,-0.0268049579268942,-0.0342319278521851,0.00398049456028578,NaN,NaN,NaN,NaN,NaN,NaN,NaN,NaN,NaN
NaN,NaN,0.0399936380417785,0.0406657924177125,0.0332957393499479,-0.00196889051100394,-0.0213410187667857,-0.0344967214865998,0.00628291022925017,NaN,NaN,NaN,NaN,NaN,NaN,NaN,NaN,NaN
NaN,NaN,0.0436210277111968,0.0437916462542489,0.0345525591643915,0.00290798015097001,-0.0207846280342589,-0.0339654578371361,0.00660812807230589,NaN,NaN,NaN,NaN,NaN,NaN,NaN,NaN,NaN
NaN,NaN,0.0455560552509269,0.0422288310946897,0.0356623045178518,0.00330815083483079,-0.0192511681622515,-0.0387212751908616,0.00445872870235083,NaN,NaN,NaN,NaN,NaN,NaN,NaN,NaN,NaN
NaN,NaN,0.0464302691252669,0.0415574779035524,0.0338764189752207,0.00404994926551201,-0.0198406953519831,-0.0354299812121705,-0.000542194126561904,NaN,NaN,NaN,NaN,NaN,NaN,NaN,NaN,NaN
NaN,NaN,0.0468820723326644,0.0434037131490186,0.0299259162517653,0.00533191478947022,-0.0163424801236639,-0.0381108863754586,0.00549896013884184,NaN,NaN,NaN,NaN,NaN,NaN,NaN,NaN,NaN
NaN,NaN,0.0462244095833739,0.0457614680053666,0.0360018833550081,0.00775784245828011,-0.0122536014920721,-0.0401183335585908,0.010371714355036,NaN,NaN,NaN,NaN,NaN,NaN,NaN,NaN,NaN
NaN,NaN,0.0469036045105895,0.049494115752168,0.0408516339036093,0.0133332050512157,-0.0118680153197298,-0.0359783811970071,0.00854494375137923,NaN,NaN,NaN,NaN,NaN,NaN,NaN,NaN,NaN
NaN,NaN,0.0470216589601478,0.0510808845283464,0.0482936277063952,0.0146067514190994,-0.0149952102607737,-0.0391481189532593,0.00801854160575507,NaN,NaN,NaN,NaN,NaN,NaN,NaN,NaN,NaN
NaN,NaN,0.0510685349436244,0.0510912967147306,0.0447570978673563,0.016357470221313,-0.0188407715565215,-0.0407476282222584,0.00246519547848341,NaN,NaN,NaN,NaN,NaN,NaN,NaN,NaN,NaN
NaN,NaN,0.0476108508737525,0.0527244826080278,0.0417659505280123,0.0155485793123565,-0.0196632411486159,-0.0461874833805875,0.00731168639807341,NaN,NaN,NaN,NaN,NaN,NaN,NaN,NaN,NaN
NaN,NaN,0.046227967235609,0.0496873279334977,0.0462421103390322,0.0145440547833762,-0.0165497366494189,-0.0444984740121678,0.00701440823225615,NaN,NaN,NaN,NaN,NaN,NaN,NaN,NaN,NaN
NaN,NaN,0.0468486564786872,0.0444370527984575,0.0489183030100927,0.0124417430827937,-0.0226973969644556,-0.0413225336475686,0.00210346979050276,NaN,NaN,NaN,NaN,NaN,NaN,NaN,NaN,NaN
NaN,NaN,0.0451868976088008,0.0435058047296479,0.0501623450788126,0.0118566676149688,-0.0210509490376959,-0.0444801083309964,-0.00215822505803468,NaN,NaN,NaN,NaN,NaN,NaN,NaN,NaN,NaN
NaN,NaN,0.0475293042691192,0.0444032271625474,0.0434521473022566,0.0139346159169994,-0.0224710110730181,-0.044994496415408,-0.0061075543150461,NaN,NaN,NaN,NaN,NaN,NaN,NaN,NaN,NaN
NaN,NaN,0.0425159203441581,0.047176351887174,0.042632620689498,0.0150657630632243,-0.0192198943501959,-0.0518115727706269,-0.00153343799562814,NaN,NaN,NaN,NaN,NaN,NaN,NaN,NaN,NaN
NaN,NaN,0.0428348424466094,0.0433705766918138,0.0473002790483103,0.0125481187472663,-0.0130733888751517,-0.0508819638295487,-0.00186349871607187,NaN,NaN,NaN,NaN,NaN,NaN,NaN,NaN,NaN
NaN,NaN,0.0470631214411696,0.0419541468145326,0.0518552287491427,0.0153018905887923,-0.013990555346633,-0.0522817789120988,-0.00478038239331605,NaN,NaN,NaN,NaN,NaN,NaN,NaN,NaN,NaN
NaN,NaN,0.0473120453389129,0.0469481033505872,0.0464509687396154,0.0157999991545997,-0.0145937916046629,-0.0527480734987572,-0.00855730521531465,NaN,NaN,NaN,NaN,NaN,NaN,NaN,NaN,NaN
NaN,NaN,0.0471230241091689,0.0501902048708871,0.0399616620513067,0.0164306721756778,-0.0123996514982233,-0.0521196915312127,-0.00950796204657915,NaN,NaN,NaN,NaN,NaN,NaN,NaN,NaN,NaN
NaN,NaN,0.0399074348242721,0.0496845898451284,0.0393615177842245,0.0195329262981735,-0.0109843950873862,-0.0516919164462403,-0.00560596260280969,NaN,NaN,NaN,NaN,NaN,NaN,NaN,NaN,NaN
NaN,NaN,0.0419949571223697,0.0441762452246621,0.0441595799299345,0.0160553119252048,-0.0113971199995528,-0.0521222247286156,-0.00514061796517732,NaN,NaN,NaN,NaN,NaN,NaN,NaN,NaN,NaN
NaN,NaN,0.0454572605522117,0.0415921417297795,0.0470169520946608,0.0184215231905303,-0.0135578256255637,-0.0542887604339436,-0.0102776070222414,NaN,NaN,NaN,NaN,NaN,NaN,NaN,NaN,NaN
NaN,NaN,0.0436073186428985,0.0450947714271024,0.0410961992117033,0.0197521596322379,-0.016249105722333,-0.0542920945687608,-0.0149899129852808,NaN,NaN,NaN,NaN,NaN,NaN,NaN,NaN,NaN
NaN,NaN,0.0376123020978412,0.0409705211641267,0.0395763180228338,0.0187527760038696,-0.0181135762638102,-0.0580942376060799,-0.0179835376426733,NaN,NaN,NaN,NaN,NaN,NaN,NaN,NaN,NaN
NaN,NaN,0.0277129764290294,0.0344658104004338,0.0363525635572538,0.0138563848207317,-0.0198909867710123,-0.0570346346600369,-0.0171107952580011,NaN,NaN,NaN,NaN,NaN,NaN,NaN,NaN,NaN
NaN,NaN,0.0297630968125304,0.0279215370537713,0.0433150566192732,0.0145142897138915,-0.018832277894641,-0.0603710791571454,-0.014544833926872,NaN,NaN,NaN,NaN,NaN,NaN,NaN,NaN,NaN
NaN,NaN,0.0370212102861842,0.0278491360368207,0.0450481175454722,0.0167880020211063,-0.0193721655911456,-0.0629267400605992,-0.01925587329121,NaN,NaN,NaN,NaN,NaN,NaN,NaN,NaN,NaN
NaN,NaN,0.0321745703549823,0.0331694652559236,0.0356648563417063,0.0223159230420909,-0.013612773657466,-0.0621362334592656,-0.0227148425862348,NaN,NaN,NaN,NaN,NaN,NaN,NaN,NaN,NaN
NaN,NaN,0.0271643529267749,0.0338074770988897,0.0372416413398848,0.0219430587361179,-0.0081289973265181,-0.0620520418985204,-0.0249010664507902,NaN,NaN,NaN,NaN,NaN,NaN,NaN,NaN,NaN
NaN,NaN,0.0235859694512328,0.0304696728708223,0.0363591200681791,0.020644422538074,-0.00950331279697518,-0.0556418044967965,-0.0229055774495161,NaN,NaN,NaN,NaN,NaN,NaN,NaN,NaN,NaN
NaN,NaN,0.0297458673449,0.0336344001116231,0.0431649087937937,0.0239801033506713,-0.00438534134688477,-0.0557630254431084,-0.0159401972875154,NaN,NaN,NaN,NaN,NaN,NaN,NaN,NaN,NaN
NaN,NaN,0.0403936597140273,0.0387976897181943,0.0468620172711477,0.0297125800619445,-0.00597950482430558,-0.0564026950402573,-0.0209308010623014,NaN,NaN,NaN,NaN,NaN,NaN,NaN,NaN,NaN
NaN,NaN,0.0355626660020789,0.0496932511450723,0.0393509007068739,0.0336432828674636,-0.00475055018129448,-0.0576103037698582,-0.0235127252623594,NaN,NaN,NaN,NaN,NaN,NaN,NaN,NaN,NaN
NaN,NaN,0.0327413732738933,0.0440068376483396,0.0425594559880362,0.0287482514152847,-0.00242392012539009,-0.0584105147524194,-0.0237270970925844,NaN,NaN,NaN,NaN,NaN,NaN,NaN,NaN,NaN
NaN,NaN,0.0334070826502284,0.0416530874790624,0.0464385635229216,0.0299258156786285,-0.00185789951744179,-0.0531221671505288,-0.0219087828979051,NaN,NaN,NaN,NaN,NaN,NaN,NaN,NaN,NaN
NaN,NaN,0.0423618237109622,0.0372701530577615,0.0537999047907457,0.033733192748817,-0.00121608787837128,-0.0521784207327679,-0.0184985403999841,NaN,NaN,NaN,NaN,NaN,NaN,NaN,NaN,NaN
NaN,NaN,0.0442937592597445,0.0401401539565995,0.0521609260710344,0.0372981465528331,-0.000667296738053362,-0.0534916786952332,-0.0288147819325483,NaN,NaN,NaN,NaN,NaN,NaN,NaN,NaN,NaN
NaN,NaN,0.0355275737674674,0.0472977218450978,0.045523241070138,0.0394180975029788,0.00234888455209633,-0.0553629292650536,-0.0312978741809881,NaN,NaN,NaN,NaN,NaN,NaN,NaN,NaN,NaN
NaN,NaN,0.035750178489252,0.0402247739257291,0.0482864565225706,0.0328957102368198,-0.00164155328335861,-0.0557837753100709,-0.0301993792042291,NaN,NaN,NaN,NaN,NaN,NaN,NaN,NaN,NaN
NaN,NaN,0.0395295227499446,0.038111882400699,0.0524650960239039,0.0361761636207423,0.00188314875898262,-0.0555854222281293,-0.026632003961519,NaN,NaN,NaN,NaN,NaN,NaN,NaN,NaN,NaN
NaN,NaN,0.0453980470629176,0.0381382760824636,0.0592642351063356,0.0429353862176261,0.0062399316423883,-0.0525038248403386,-0.0260353428408659,NaN,NaN,NaN,NaN,NaN,NaN,NaN,NaN,NaN
NaN,NaN,0.0436861830385169,0.0439914894523099,0.0560058540674315,0.0424732453296504,0.00964808797774215,-0.0576391561432198,-0.03534169542642,NaN,NaN,NaN,NaN,NaN,NaN,NaN,NaN,NaN
NaN,NaN,0.035477580371662,0.0469644946279004,0.0454564093621836,0.0391575134466014,0.00846951788601776,-0.0556534274025277,-0.0385571983739889,NaN,NaN,NaN,NaN,NaN,NaN,NaN,NaN,NaN
NaN,NaN,0.0354357081087073,0.0401687083067373,0.0435074492367373,0.035150106913837,0.00586237347063919,-0.0565783424778298,-0.0362772275790727,NaN,NaN,NaN,NaN,NaN,NaN,NaN,NaN,NaN
NaN,NaN,0.0388642231555423,0.0369233844103292,0.046800922510253,0.0362997501263938,0.00372860169348617,-0.0596473297579602,-0.0383031522020853,NaN,NaN,NaN,NaN,NaN,NaN,NaN,NaN,NaN
NaN,NaN,0.0370334106119117,0.0359225851716474,0.0435758641930685,0.0384547188053451,0.00258208772478004,-0.0603104128046349,-0.0464533981964147,NaN,NaN,NaN,NaN,NaN,NaN,NaN,NaN,NaN
NaN,NaN,0.0283015164168319,0.0358662587823346,0.0409408359798059,0.0353132746289096,0.00262580400643249,-0.069299556921275,-0.0528315235957659,NaN,NaN,NaN,NaN,NaN,NaN,NaN,NaN,NaN
NaN,NaN,0.0189356523187598,0.0283641015412286,0.029718343076335,0.0265969707737289,-0.00596383997860054,-0.0669642469389752,-0.0582095948144949,NaN,NaN,NaN,NaN,NaN,NaN,NaN,NaN,NaN
NaN,NaN,0.0216100382240256,0.019308311981149,0.0260317771705256,0.0237912683854423,-0.00669600853386025,-0.0724438695712403,-0.0545255621060884,NaN,NaN,NaN,NaN,NaN,NaN,NaN,NaN,NaN
NaN,NaN,0.02242289656715,0.014794880640693,0.0311328544291124,0.0276516377101264,-0.00919523128929238,-0.0740422612531499,-0.0617616218611753,NaN,NaN,NaN,NaN,NaN,NaN,NaN,NaN,NaN
NaN,NaN,0.0195353868039092,0.0178190526785329,0.0287266894253359,0.0293063744078002,-0.00705300310316185,-0.0775881601972894,-0.0645713848158872,NaN,NaN,NaN,NaN,NaN,NaN,NaN,NaN,NaN
NaN,NaN,0.0158659199805697,0.0144618024351075,0.0286615527244673,0.0234380363593421,-0.00479158425393204,-0.0800611196561173,-0.0681800921544588,NaN,NaN,NaN,NaN,NaN,NaN,NaN,NaN,NaN
NaN,NaN,0.0122815201611957,0.014059899491258,0.0203179641636477,0.0235585867534004,-0.00732381308140854,-0.076645531366618,-0.0665452298805273,NaN,NaN,NaN,NaN,NaN,NaN,NaN,NaN,NaN
NaN,NaN,0.0154928321571788,0.013065489125438,0.0240599996420012,0.0238614156017623,-0.00462478438081841,-0.0769768959386662,-0.0602395613774813,NaN,NaN,NaN,NaN,NaN,NaN,NaN,NaN,NaN
NaN,NaN,0.0125018152029952,0.015760084730573,0.0319796501668558,0.0302765331337772,-0.00315132030906777,-0.0705741091175393,-0.0661371802076853,NaN,NaN,NaN,NaN,NaN,NaN,NaN,NaN,NaN
NaN,NaN,0.0151456164749106,0.0262997132958844,0.0360502376230822,0.0320792011092029,0.000965330361699063,-0.0701197354598359,-0.0645252657219923,NaN,NaN,NaN,NaN,NaN,NaN,NaN,NaN,NaN
NaN,NaN,0.0167759897740325,0.0254150499822572,0.0371451749476061,0.027640610850843,0.00631020924386879,-0.0683760202033833,-0.064849235592798,NaN,NaN,NaN,NaN,NaN,NaN,NaN,NaN,NaN
NaN,NaN,0.0233774090738734,0.0255628508748487,0.031092658546792,0.0312434136042915,0.00746147295770546,-0.0684861211581544,-0.0592100215241468,NaN,NaN,NaN,NaN,NaN,NaN,NaN,NaN,NaN
NaN,NaN,0.0233115086884936,0.0240505133988336,0.0340086481543646,0.0365895032058082,0.0113127339476099,-0.0639098627968148,-0.0573937376126802,NaN,NaN,NaN,NaN,NaN,NaN,NaN,NaN,NaN
NaN,NaN,0.0212787667842349,0.0248035994591191,0.03766608229004,0.0390123202572189,0.00835941693124672,-0.0639437815649823,-0.0677271527335203,NaN,NaN,NaN,NaN,NaN,NaN,NaN,NaN,NaN
NaN,NaN,0.0238126906187972,0.0250600670697168,0.0356846748860941,0.0361210106978736,0.011791843532895,-0.0638991712136582,-0.0747872670278108,NaN,NaN,NaN,NaN,NaN,NaN,NaN,NaN,NaN
NaN,NaN,0.0250607746274909,0.0207959135295823,0.0303326434465513,0.0348927079806648,0.0133436877125253,-0.070847191522868,-0.0776004199966944,NaN,NaN,NaN,NaN,NaN,NaN,NaN,NaN,NaN
NaN,NaN,0.024452509227558,0.0223180857719854,0.0290552414032087,0.0391466355989299,0.0144680362039556,-0.0709102420611695,-0.0742497635170973,NaN,NaN,NaN,NaN,NaN,NaN,NaN,NaN,NaN
NaN,NaN,0.02088990235643,0.0183931944193318,0.0319177172156439,0.0426250695357642,0.0138044688695421,-0.0759016653998212,-0.0749786538168943,NaN,NaN,NaN,NaN,NaN,NaN,NaN,NaN,NaN
NaN,NaN,0.0209442915947875,0.0230344032170251,0.0361784062358007,0.042291432536634,0.0120647769266119,-0.0738758897884206,-0.0791982715115106,NaN,NaN,NaN,NaN,NaN,NaN,NaN,NaN,NaN
NaN,NaN,0.0234201381535968,0.0245376509847119,0.0348712950023279,0.0343269295165858,0.0160981859856596,-0.071130723367484,-0.0792552312001741,NaN,NaN,NaN,NaN,NaN,NaN,NaN,NaN,NaN
NaN,NaN,0.0255864503415069,0.0215208736481145,0.0326956323357687,0.0327378138075195,0.0164724100225915,-0.0738365879757718,-0.0761173819288767,NaN,NaN,NaN,NaN,NaN,NaN,NaN,NaN,NaN
NaN,NaN,0.0191948393912753,0.0238499810220674,0.0296790040107832,0.0358156113992057,0.0160385254615297,-0.068573088060172,-0.0727221150979555,NaN,NaN,NaN,NaN,NaN,NaN,NaN,NaN,NaN
NaN,NaN,0.0156533176632365,0.0219221432926133,0.0314203350814447,0.0369041598508678,0.00768022200403114,-0.0752153179152325,-0.0759015199825323,NaN,NaN,NaN,NaN,NaN,NaN,NaN,NaN,NaN
NaN,NaN,0.014633724334999,0.0205033664824441,0.0311428195806608,0.0309132411251388,0.00642332768378158,-0.073186934600623,-0.0815401007518328,NaN,NaN,NaN,NaN,NaN,NaN,NaN,NaN,NaN
NaN,NaN,0.0154718773992499,0.0191076305927709,0.0256035177978144,0.0286091863284431,0.0122423056357851,-0.0717112539811448,-0.0824336116299188,NaN,NaN,NaN,NaN,NaN,NaN,NaN,NaN,NaN
NaN,NaN,0.0142503733368358,0.0163661708356813,0.0243269539447889,0.0290208122799716,0.0172112095945825,-0.0726966677708939,-0.0801134263262308,NaN,NaN,NaN,NaN,NaN,NaN,NaN,NaN,NaN
NaN,NaN,0.00852806666807737,0.0131784026743844,0.0207061766656504,0.0354844703445754,0.0166476849311342,-0.0691110386057214,-0.0849668835386789,NaN,NaN,NaN,NaN,NaN,NaN,NaN,NaN,NaN
NaN,NaN,0.0105792115064105,0.0128172357799485,0.0228582209917173,0.0359830445716701,0.0145640928143014,-0.0731030596895531,-0.0912149218008077,NaN,NaN,NaN,NaN,NaN,NaN,NaN,NaN,NaN
NaN,NaN,0.012263713273569,0.0100018662633374,0.0198964103134737,0.0313867814014278,0.0185668427341928,-0.0707211463256196,-0.0982490521952665,NaN,NaN,NaN,NaN,NaN,NaN,NaN,NaN,NaN
NaN,NaN,0.0171143392653903,0.00661153544206172,0.0189845337542162,0.0329100898573718,0.0245213653737058,-0.0700616209311799,-0.0977275115534818,NaN,NaN,NaN,NaN,NaN,NaN,NaN,NaN,NaN
NaN,NaN,0.0134524347813567,0.00514615525025874,0.0163645184608564,0.0355408339867912,0.0291595380598058,-0.0719563035769776,-0.0971015510246313,NaN,NaN,NaN,NaN,NaN,NaN,NaN,NaN,NaN
NaN,NaN,0.00766799027041998,0.00937817816156894,0.0158456414016352,0.0388106516669116,0.0247512344115724,-0.0672012685342149,-0.103187259762005,NaN,NaN,NaN,NaN,NaN,NaN,NaN,NaN,NaN
NaN,NaN,0.0121652352245292,0.0111524966778234,0.0211253090771303,0.0316297448346935,0.0228294316524019,-0.0698680921001748,-0.103086527912334,NaN,NaN,NaN,NaN,NaN,NaN,NaN,NaN,NaN
NaN,NaN,0.0158954242797336,0.0148738195421174,0.0190217866572008,0.030498653567823,0.0210605334335317,-0.0676378725571946,-0.104417294739202,NaN,NaN,NaN,NaN,NaN,NaN,NaN,NaN,NaN
NaN,NaN,0.0182410160632571,0.0192959812702611,0.0242259799512491,0.0332698970208488,0.0268262024813642,-0.0708119316501931,-0.100019831685737,NaN,NaN,NaN,NaN,NaN,NaN,NaN,NaN,NaN
NaN,NaN,0.0125911290379008,0.0160926041426137,0.0263142659338579,0.0357883609006725,0.0241811904901018,-0.0713469950957612,-0.0990688954577005,NaN,NaN,NaN,NaN,NaN,NaN,NaN,NaN,NaN
NaN,NaN,0.0106704624922713,0.0187807736219838,0.0242986976178751,0.0413824058244548,0.0227082852118959,-0.0639927691324071,-0.105241403459028,NaN,NaN,NaN,NaN,NaN,NaN,NaN,NaN,NaN
NaN,NaN,0.0130073370964965,0.0185182710411027,0.0256762168379889,0.0306897423336826,0.0222504656606664,-0.0648993557794408,-0.104031410543636,NaN,NaN,NaN,NaN,NaN,NaN,NaN,NaN,NaN
NaN,NaN,0.018448309841915,0.0138440747978166,0.0209918132992849,0.031238552100452,0.0213132757538309,-0.0647913968665913,-0.109912563590721,NaN,NaN,NaN,NaN,NaN,NaN,NaN,NaN,NaN
NaN,NaN,0.013833327087923,0.0136243571760133,0.0211641824813948,0.0315050221155009,0.0248887907558431,-0.0714453986389951,-0.111448389022068,NaN,NaN,NaN,NaN,NaN,NaN,NaN,NaN,NaN
NaN,NaN,0.0109693984122714,0.0107721259118989,0.0212501063021288,0.0331177561650596,0.0223815772527208,-0.071412746469529,-0.115391497044281,NaN,NaN,NaN,NaN,NaN,NaN,NaN,NaN,NaN
NaN,NaN,0.0131835433276137,0.0102196839870885,0.0177459678622351,0.0304200313160739,0.0245842669003953,-0.0676124101980046,-0.118102390794472,NaN,NaN,NaN,NaN,NaN,NaN,NaN,NaN,NaN
NaN,NaN,0.0173279846640071,0.00904219422955066,0.0155547521086798,0.0238287075529418,0.0262717861526956,-0.0695863856478051,-0.116916835783438,NaN,NaN,NaN,NaN,NaN,NaN,NaN,NaN,NaN
NaN,NaN,0.0189694593282184,0.0110066888155416,0.0138293094011412,0.026153474963697,0.0334241386347761,-0.062507030229123,-0.11967530149074,NaN,NaN,NaN,NaN,NaN,NaN,NaN,NaN,NaN
NaN,NaN,0.0117218884261092,0.00938806880731136,0.0162206663759813,0.0275902262995563,0.0332374270850172,-0.0622468745811299,-0.119426507978157,NaN,NaN,NaN,NaN,NaN,NaN,NaN,NaN,NaN
NaN,NaN,0.0110055337281665,0.00917962018866092,0.0144222079785929,0.0304009764561973,0.0303571257585039,-0.056018319587262,-0.122148260949568,NaN,NaN,NaN,NaN,NaN,NaN,NaN,NaN,NaN
NaN,NaN,0.010196568313404,0.0151466411771253,0.00976196294747448,0.0287333502540908,0.0313750054532041,-0.0576478360696152,-0.120049804924444,NaN,NaN,NaN,NaN,NaN,NaN,NaN,NaN,NaN
NaN,NaN,0.0143272819550475,0.0123458002926782,0.0110425687404737,0.030550677246841,0.0328192259961118,-0.0581447339160756,-0.11657261895986,NaN,NaN,NaN,NaN,NaN,NaN,NaN,NaN,NaN
NaN,NaN,0.0121874565811595,0.012357106548734,0.0138355492623911,0.0342334992359004,0.0403016950779905,-0.0552758692307786,-0.117107179491237,NaN,NaN,NaN,NaN,NaN,NaN,NaN,NaN,NaN
NaN,NaN,0.00734038824157324,0.00929910887498409,0.0178619547756777,0.0390899739334903,0.0380803417259206,-0.0498386962814645,-0.116319112955049,NaN,NaN,NaN,NaN,NaN,NaN,NaN,NaN,NaN
NaN,NaN,0.0114831345708808,0.00765325699467212,0.0185536480518446,0.0365268438229881,0.0377227138572683,-0.0502269274099187,-0.116636489062027,NaN,NaN,NaN,NaN,NaN,NaN,NaN,NaN,NaN
NaN,NaN,0.0118868442805251,0.010391587507911,0.0137163772257433,0.0390111840436778,0.0360888387852659,-0.0498679584367589,-0.116407681731895,NaN,NaN,NaN,NaN,NaN,NaN,NaN,NaN,NaN
NaN,NaN,0.0143173726828536,0.0134020132245496,0.0156175418766603,0.0363088212082706,0.0455213483267774,-0.0477632439239339,-0.115084682135299,NaN,NaN,NaN,NaN,NaN,NaN,NaN,NaN,NaN
NaN,NaN,0.0137881020636996,0.012272318941541,0.0243678017529116,0.0367648712466083,0.0489337887459745,-0.0452890551193074,-0.119005904077009,NaN,NaN,NaN,NaN,NaN,NaN,NaN,NaN,NaN
NaN,NaN,0.0160160678060493,0.0114071575226262,0.0203530377718077,0.0398084334204517,0.0499482411736002,-0.0381869009239987,-0.117645558445171,NaN,NaN,NaN,NaN,NaN,NaN,NaN,NaN,NaN
NaN,NaN,0.0219344923825702,0.0176503342809156,0.0201826988729105,0.0353104434082828,0.0522453855567922,-0.0423852472110108,-0.114417016981558,NaN,NaN,NaN,NaN,NaN,NaN,NaN,NaN,NaN
NaN,NaN,0.0188870372803649,0.0236387384356931,0.016353491601573,0.0399700551400504,0.0515651475482931,-0.0358579984410123,-0.114975680141166,NaN,NaN,NaN,NaN,NaN,NaN,NaN,NaN,NaN
NaN,NaN,0.0182967464061221,0.0297093411209062,0.0229174531074629,0.0380412674615703,0.057081501542901,-0.0327853231234864,-0.11293697777243,NaN,NaN,NaN,NaN,NaN,NaN,NaN,NaN,NaN
NaN,NaN,0.0215067918034038,0.0276760217966512,0.0305221303375826,0.0425493343839965,0.0570454593592634,-0.0249899669094399,-0.117112543909267,NaN,NaN,NaN,NaN,NaN,NaN,NaN,NaN,NaN
NaN,NaN,0.0283126736612758,0.027674084645696,0.0248862131508455,0.0463650188515506,0.0567686516636362,-0.0217412902517632,-0.111503858594612,NaN,NaN,NaN,NaN,NaN,NaN,NaN,NaN,NaN
NaN,NaN,0.0300615856976947,0.0288122725905851,0.0283845587643251,0.0480520724425636,0.0577807757848253,-0.0269954396887139,-0.111045051841453,NaN,NaN,NaN,NaN,NaN,NaN,NaN,NaN,NaN
NaN,NaN,0.0257427076430758,0.0334634837927297,0.0227071232172117,0.0509334541032634,0.057647130995368,-0.021901626746209,-0.114300247757152,NaN,NaN,NaN,NaN,NaN,NaN,NaN,NaN,NaN
NaN,NaN,0.0233897025318583,0.0298698266269639,0.0323977208706007,0.0485806725094638,0.0610030773871889,-0.0267972728712872,-0.116910838066057,NaN,NaN,NaN,NaN,NaN,NaN,NaN,NaN,NaN
NaN,NaN,0.0251360627444228,0.0227526967646554,0.0307192354472742,0.0500197521517596,0.0556627433591833,-0.0247055223687009,-0.121667549489454,NaN,NaN,NaN,NaN,NaN,NaN,NaN,NaN,NaN
NaN,NaN,0.028501024338766,0.0210616384865716,0.0272031947048769,0.0479565001199565,0.0574539001875867,-0.0273671864075974,-0.118634641645864,NaN,NaN,NaN,NaN,NaN,NaN,NaN,NaN,NaN
NaN,NaN,0.0258555839391192,0.0226678346516564,0.0266993678184614,0.0456276535163245,0.0561475340121736,-0.0319324551625565,-0.120517142592386,NaN,NaN,NaN,NaN,NaN,NaN,NaN,NaN,NaN
NaN,NaN,0.0211336667271098,0.026582928490825,0.0249551496478186,0.0416553205917201,0.0565009150498857,-0.0290725498004273,-0.124966033278421,NaN,NaN,NaN,NaN,NaN,NaN,NaN,NaN,NaN
NaN,NaN,0.0206554325850448,0.0243679453851655,0.0280821955772505,0.0357286631236396,0.0549891177409639,-0.0236763177914933,-0.125418544290975,NaN,NaN,NaN,NaN,NaN,NaN,NaN,NaN,NaN
NaN,NaN,0.0209488550754031,0.0222090651514009,0.020657468494998,0.0321440770397506,0.0550513859683027,-0.021351997415574,-0.125242468445019,NaN,NaN,NaN,NaN,NaN,NaN,NaN,NaN,NaN
NaN,NaN,0.0206806155474624,0.0222198871197179,0.0157898179265127,0.0311346351275764,0.0509734783166399,-0.019327041368039,-0.12304709899278,NaN,NaN,NaN,NaN,NaN,NaN,NaN,NaN,NaN
NaN,NaN,0.0148643198044738,0.0277887118281797,0.0101647040816412,0.0299732572505794,0.0499353516691675,-0.0238494506581143,-0.125391256539539,NaN,NaN,NaN,NaN,NaN,NaN,NaN,NaN,NaN
NaN,NaN,0.0140332075388869,0.0265228395583108,0.0135187133225069,0.0299938767323814,0.0503421533697595,-0.0192521816594914,-0.127190050213054,NaN,NaN,NaN,NaN,NaN,NaN,NaN,NaN,NaN
NaN,NaN,0.0174109841318568,0.0215344150783494,0.0158753692182169,0.0316436401675067,0.0493414658897867,-0.0136494381828622,-0.125643570451454,NaN,NaN,NaN,NaN,NaN,NaN,NaN,NaN,NaN
NaN,NaN,0.0192830915184459,0.0166349319042638,0.014976531175004,0.0320169515083156,0.0599591951662054,-0.0136046043141202,-0.12146355259271,NaN,NaN,NaN,NaN,NaN,NaN,NaN,NaN,NaN
NaN,NaN,0.017709659281536,0.0135336091043428,0.0164470522674189,0.0356522760460696,0.0598681863242139,-0.0126780873639897,-0.120686606048063,NaN,NaN,NaN,NaN,NaN,NaN,NaN,NaN,NaN
NaN,NaN,0.0167848187120399,0.0180593339027837,0.0222269519241915,0.041683465159925,0.0600756104880323,-0.0183690270884351,-0.119594332306103,NaN,NaN,NaN,NaN,NaN,NaN,NaN,NaN,NaN
NaN,NaN,0.0201322528155288,0.0165633131982759,0.0318140610130892,0.0438649579058013,0.0644669640654077,-0.00741794020965851,-0.122476477651314,NaN,NaN,NaN,NaN,NaN,NaN,NaN,NaN,NaN
NaN,NaN,0.0208977440925082,0.0193097089650109,0.0273016168745623,0.0438934563765846,0.0679208855920782,-0.00471334220007217,-0.117934193937496,NaN,NaN,NaN,NaN,NaN,NaN,NaN,NaN,NaN
NaN,NaN,0.0234441290231189,0.0207040851237252,0.0283212474557028,0.0430158524880729,0.0780492421084394,0.00100874095126831,-0.111809500037149,NaN,NaN,NaN,NaN,NaN,NaN,NaN,NaN,NaN
NaN,NaN,0.019711425396963,0.0251873043598607,0.024875484314786,0.0453487596581302,0.0748851295405378,0.00502657829686844,-0.10576003837438,NaN,NaN,NaN,NaN,NaN,NaN,NaN,NaN,NaN
NaN,NaN,0.0230657140346011,0.0346091781975701,0.0321445873948202,0.0448824650714717,0.0746357399815073,0.00829963697954857,-0.102788448809103,NaN,NaN,NaN,NaN,NaN,NaN,NaN,NaN,NaN
NaN,NaN,0.0291117484302958,0.0395027940394357,0.0321367642851934,0.0452379881511054,0.070644910990571,0.0211365403132125,-0.105068736253694,NaN,NaN,NaN,NaN,NaN,NaN,NaN,NaN,NaN
NaN,NaN,0.0331730785401305,0.0415165183367208,0.0321295185955629,0.0451480410168491,0.0747783999734869,0.0226893903212234,-0.100989282606558,NaN,NaN,NaN,NaN,NaN,NaN,NaN,NaN,NaN
NaN,NaN,0.0399690697522601,0.0428499114932492,0.0324245429607496,0.0444479658375106,0.0815071683221807,0.0239501403169318,-0.095669605313257,NaN,NaN,NaN,NaN,NaN,NaN,NaN,NaN,NaN
NaN,NaN,0.0384788418741664,0.0457246993901208,0.0369218810471163,0.0510658881733737,0.0766811851256837,0.0234503739969417,-0.0934714418932951,NaN,NaN,NaN,NaN,NaN,NaN,NaN,NaN,NaN
NaN,NaN,0.0405575352342566,0.0435100701870397,0.0414550750526056,0.0529600679049812,0.0806386913949003,0.0271508724884673,-0.0935286809787309,NaN,NaN,NaN,NaN,NaN,NaN,NaN,NaN,NaN
NaN,NaN,0.0419831479521235,0.0431999770225957,0.0376788227828608,0.0550301744709335,0.0803212594085683,0.0292860785023853,-0.0993413818165815,NaN,NaN,NaN,NaN,NaN,NaN,NaN,NaN,NaN
NaN,NaN,0.0396685692103347,0.0363953990163282,0.0348393320115671,0.0555441713998637,0.0831920426183691,0.0224077211217567,-0.0985444490894831,NaN,NaN,NaN,NaN,NaN,NaN,NaN,NaN,NaN
NaN,NaN,0.0405339913995704,0.0338573214830831,0.0363902076157198,0.0558673217068038,0.0859309132987012,0.0206714750723525,-0.0909061324879682,NaN,NaN,NaN,NaN,NaN,NaN,NaN,NaN,NaN
NaN,NaN,0.0369779410393676,0.0371471812250093,0.0429916269155607,0.0568221881161056,0.0826783995920171,0.0223267519371196,-0.090313252536968,NaN,NaN,NaN,NaN,NaN,NaN,NaN,NaN,NaN
NaN,NaN,0.0387188250751933,0.0386222471715882,0.0371358058425055,0.0526013597021423,0.0830192822807779,0.0266229988531753,-0.0904236515149629,NaN,NaN,NaN,NaN,NaN,NaN,NaN,NaN,NaN
NaN,NaN,0.0345319526823005,0.0375188348116353,0.0345840006145105,0.0520918517480216,0.0863694358461847,0.0280999646978065,-0.0949707781061685,NaN,NaN,NaN,NaN,NaN,NaN,NaN,NaN,NaN
NaN,NaN,0.0306383351417026,0.0329053049208596,0.0299878864558802,0.0440579838226161,0.0855196598762025,0.0299111077086612,-0.0912136738285578,NaN,NaN,NaN,NaN,NaN,NaN,NaN,NaN,NaN
NaN,NaN,0.0295550393493613,0.031224807840772,0.0329746193262205,0.0448521784613452,0.0784391496175279,0.0322253325478717,-0.0881286864265955,NaN,NaN,NaN,NaN,NaN,NaN,NaN,NaN,NaN
NaN,NaN,0.0291311013133964,0.0325929579557851,0.0315626597972975,0.0393724254439197,0.0702926102870454,0.0360436433450862,-0.0908856620177782,NaN,NaN,NaN,NaN,NaN,NaN,NaN,NaN,NaN
NaN,NaN,0.0313669460447272,0.0348657948197797,0.0255630425187216,0.0375201552281699,0.0707068998211374,0.0392567062275096,-0.0950973075911558,NaN,NaN,NaN,NaN,NaN,NaN,NaN,NaN,NaN
NaN,NaN,0.0285872461827239,0.0338872355641797,0.0254165454777346,0.0383665411839805,0.0733800005012502,0.0352935002641364,-0.0952536207720793,NaN,NaN,NaN,NaN,NaN,NaN,NaN,NaN,NaN
NaN,NaN,0.0241163949103793,0.0244074148358777,0.0247733554812536,0.0378318688938937,0.0723465304666509,0.0357770243184253,-0.0905296173975027,NaN,NaN,NaN,NaN,NaN,NaN,NaN,NaN,NaN
NaN,NaN,0.0261696072848281,0.0256736596347764,0.029243517574893,0.0410032830307803,0.0735912803405275,0.0378344462709113,-0.0835554455503977,NaN,NaN,NaN,NaN,NaN,NaN,NaN,NaN,NaN
NaN,NaN,0.0276758352847537,0.0279394557001069,0.0257354489537344,0.0443817488024554,0.0724528316253175,0.0369015590743705,-0.0869627823218859,NaN,NaN,NaN,NaN,NaN,NaN,NaN,NaN,NaN
NaN,NaN,0.0277986394794425,0.0319543500663713,0.0252328514131174,0.0494753196010909,0.0804354395562162,0.0407880613104984,-0.0889639523908651,NaN,NaN,NaN,NaN,NaN,NaN,NaN,NaN,NaN
NaN,NaN,0.0246266479225596,0.030499363434501,0.0262059158655272,0.0480947456429324,0.0841771397584428,0.0376962380008384,-0.0844080341145551,NaN,NaN,NaN,NaN,NaN,NaN,NaN,NaN,NaN
NaN,NaN,0.0240367109508952,0.0296966751338914,0.0290092340680227,0.0509171932111106,0.0836341600709905,0.0449821793930217,-0.0800677915200746,NaN,NaN,NaN,NaN,NaN,NaN,NaN,NaN,NaN
NaN,NaN,0.0278027931781253,0.0301944484235719,0.0308689176114664,0.0488537362883411,0.0843969877654066,0.0507390753822013,-0.0733666461989439,NaN,NaN,NaN,NaN,NaN,NaN,NaN,NaN,NaN
NaN,NaN,0.0314555520744761,0.0387011115672067,0.0344860813590155,0.0567265412876926,0.0850880477422227,0.0560933792488261,-0.0741737675950086,NaN,NaN,NaN,NaN,NaN,NaN,NaN,NaN,NaN
NaN,NaN,0.0338681804569205,0.0452841838123277,0.038480020967351,0.0571378505895457,0.0890415493243684,0.0583778576450034,-0.0748403524145639,NaN,NaN,NaN,NaN,NaN,NaN,NaN,NaN,NaN
NaN,NaN,0.0364399532409152,0.0441239048959687,0.0429442412229643,0.0554059072504363,0.0865253764980783,0.0601328419046088,-0.0700376150295294,NaN,NaN,NaN,NaN,NaN,NaN,NaN,NaN,NaN
NaN,NaN,0.0418880971701583,0.044729879242368,0.0472692101272211,0.0525722651849113,0.0839456502192964,0.0682479397849723,-0.063183025001005,NaN,NaN,NaN,NaN,NaN,NaN,NaN,NaN,NaN
NaN,NaN,0.0479437241883716,0.0461741370381787,0.0499177425178156,0.0528306885729156,0.0847465503805627,0.0647900694505855,-0.0607094136163748,NaN,NaN,NaN,NaN,NaN,NaN,NaN,NaN,NaN
NaN,NaN,0.0461640226276359,0.0476269630016759,0.0487852542670832,0.0562779232035003,0.0867495458417882,0.0687078827516719,-0.0630355221316374,NaN,NaN,NaN,NaN,NaN,NaN,NaN,NaN,NaN
NaN,NaN,0.0440824235411128,0.0475422871531919,0.0444220825108156,0.0523940845499358,0.0871882360273351,0.0593221628563091,-0.0627925773248232,NaN,NaN,NaN,NaN,NaN,NaN,NaN,NaN,NaN
NaN,NaN,0.0400454382033786,0.0372021851362661,0.0392119846316442,0.0529008357892356,0.0832776311629762,0.0600956262545272,-0.0619540144786394,NaN,NaN,NaN,NaN,NaN,NaN,NaN,NaN,NaN
NaN,NaN,0.0382361392112216,0.0352915955008939,0.0349458380612001,0.0491244903872333,0.0811848562055578,0.0612702661649867,-0.057127938149885,NaN,NaN,NaN,NaN,NaN,NaN,NaN,NaN,NaN
NaN,NaN,0.0382050889165839,0.0362947044195607,0.0394993721517191,0.0552850215802512,0.0860565300875654,0.0602216900782272,-0.0566280041918314,NaN,NaN,NaN,NaN,NaN,NaN,NaN,NaN,NaN
NaN,NaN,0.0334482657344779,0.0409767237724736,0.0385989508601294,0.05598310372928,0.0912128720277299,0.0629097664253398,-0.0577168320402658,NaN,NaN,NaN,NaN,NaN,NaN,NaN,NaN,NaN
NaN,NaN,0.0322907435329398,0.038981327903457,0.037940952834712,0.0549105181465469,0.0890453677469244,0.0628268228368446,-0.0565011208042658,NaN,NaN,NaN,NaN,NaN,NaN,NaN,NaN,NaN
NaN,NaN,0.0340236181946239,0.0334995632292703,0.0343549511405096,0.0481942295203529,0.0845423858457555,0.0704507784442588,-0.0506663662478483,NaN,NaN,NaN,NaN,NaN,NaN,NaN,NaN,NaN
NaN,NaN,0.0318572128744563,0.0351252612890676,0.0353657900365458,0.0491896829674564,0.0772455852323522,0.0729178705708667,-0.0503581729814565,NaN,NaN,NaN,NaN,NaN,NaN,NaN,NaN,NaN
NaN,NaN,0.0355052965314826,0.0384927188279107,0.0384676716300116,0.0504228658149562,0.0811331491762151,0.0752449662880584,-0.0454418514952219,NaN,NaN,NaN,NaN,NaN,NaN,NaN,NaN,NaN
NaN,NaN,0.0347412208648166,0.0416574274422601,0.0442816949459181,0.0510802677939258,0.0815765332275381,0.0735106201367065,-0.0446603042170561,NaN,NaN,NaN,NaN,NaN,NaN,NaN,NaN,NaN
NaN,NaN,0.0362464802892646,0.0424423274816945,0.0431684850724802,0.0534029117892108,0.0822369713181009,0.0780383193390056,-0.0404464420959509,NaN,NaN,NaN,NaN,NaN,NaN,NaN,NaN,NaN
NaN,NaN,0.0375627557368716,0.0327879769029096,0.0423872544439898,0.0471828504572234,0.0838114466362943,0.0807849199967071,-0.0283790719792402,NaN,NaN,NaN,NaN,NaN,NaN,NaN,NaN,NaN
NaN,NaN,0.0374341214628657,0.0393196215154603,0.0422827600511179,0.0573182850251518,0.0840636674159517,0.0827461549536868,-0.0299617615625417,NaN,NaN,NaN,NaN,NaN,NaN,NaN,NaN,NaN
NaN,NaN,0.0395161303313216,0.0384414774598554,0.0449280886920557,0.0578588246474586,0.0960488390022268,0.0787453049318477,-0.02265873971434,NaN,NaN,NaN,NaN,NaN,NaN,NaN,NaN,NaN
NaN,NaN,0.0382211262913188,0.0397838671924546,0.0462568438621626,0.0609701684782825,0.0956708337956419,0.0785564140872642,-0.0252473321840322,NaN,NaN,NaN,NaN,NaN,NaN,NaN,NaN,NaN
NaN,NaN,0.0362417864234885,0.0382919815601781,0.0399970336826906,0.0553245282838664,0.0958048138612261,0.0825961002604648,-0.0242477622911489,NaN,NaN,NaN,NaN,NaN,NaN,NaN,NaN,NaN
NaN,NaN,0.0358560512395343,0.0394633245887235,0.0390823072763548,0.0529037787685714,0.0953270453804483,0.084627687324731,-0.0196074475631273,NaN,NaN,NaN,NaN,NaN,NaN,NaN,NaN,NaN
NaN,NaN,0.0348006578715285,0.0456629340769723,0.0388702823790178,0.0596824287543617,0.0939391512268533,0.0882485018567725,-0.0219113347217596,NaN,NaN,NaN,NaN,NaN,NaN,NaN,NaN,NaN
NaN,NaN,0.0409435311885318,0.0457560104550794,0.0495029128166304,0.0585533677707038,0.0977163720720758,0.0898052261666938,-0.0165100176915682,NaN,NaN,NaN,NaN,NaN,NaN,NaN,NaN,NaN
NaN,NaN,0.0459353643091163,0.0482716617407277,0.0508343688222036,0.0618430598745666,0.0892378534966459,0.0938610428468867,-0.0185768087491548,NaN,NaN,NaN,NaN,NaN,NaN,NaN,NaN,NaN
NaN,NaN,0.0466609577269992,0.0486391430022195,0.0460520087751017,0.0563636607597194,0.0869332399064054,0.0950668075577899,-0.0139165823444879,NaN,NaN,NaN,NaN,NaN,NaN,NaN,NaN,NaN
NaN,NaN,0.0504878925712546,0.0508832951309159,0.0506957135172949,0.0593815743098579,0.0826100405150404,0.0938172148065253,-0.0117349033340967,NaN,NaN,NaN,NaN,NaN,NaN,NaN,NaN,NaN
NaN,NaN,0.0464924628467998,0.0563218836905435,0.0505111998888121,0.0648081674347244,0.082956064104413,0.09239624007508,-0.00968303206415536,NaN,NaN,NaN,NaN,NaN,NaN,NaN,NaN,NaN
NaN,NaN,0.0516330840619048,0.0497852285625413,0.0595187469395266,0.0645117460856757,0.0845099571937074,0.0901331075923129,-0.00375751080961587,NaN,NaN,NaN,NaN,NaN,NaN,NaN,NaN,NaN
NaN,NaN,0.0484180281491717,0.0461786818923429,0.0499001777740583,0.0601169279883228,0.0772572826438894,0.0870233842627689,-0.003952175854162,NaN,NaN,NaN,NaN,NaN,NaN,NaN,NaN,NaN
NaN,NaN,0.0393707881303271,0.04275955457706,0.0442485026093588,0.0544982588956676,0.0770059186810007,0.0820691206948444,-0.00133366930337312,NaN,NaN,NaN,NaN,NaN,NaN,NaN,NaN,NaN
NaN,NaN,0.0382330099673709,0.0435708669247106,0.0417550168009863,0.0542633420894466,0.0752036418610563,0.0750492395357772,-0.000929102776960159,NaN,NaN,NaN,NaN,NaN,NaN,NaN,NaN,NaN
NaN,NaN,0.0311404856474837,0.0454149787547067,0.0460466629835234,0.0591027177045665,0.0792171764963617,0.0784751468794032,-0.0018084389254606,NaN,NaN,NaN,NaN,NaN,NaN,NaN,NaN,NaN
NaN,NaN,0.0403946655424079,0.0467064251424745,0.0486555024059877,0.0535946524808727,0.0840214598768701,0.0843906471030399,0.00257440236358283,NaN,NaN,NaN,NaN,NaN,NaN,NaN,NaN,NaN
NaN,NaN,0.0371340120764216,0.0454775636317208,0.039729595092164,0.0503464787373862,0.0838634889417638,0.0885215842621013,0.00398367968349097,NaN,NaN,NaN,NaN,NaN,NaN,NaN,NaN,NaN
NaN,NaN,0.0343269872100791,0.0491659549297765,0.0361367574902639,0.0491779483030162,0.082013900935029,0.0905283422665282,0.00750258889941809,NaN,NaN,NaN,NaN,NaN,NaN,NaN,NaN,NaN
NaN,NaN,0.0353483873041114,0.0481314790667966,0.0381365305753813,0.0532176903555713,0.078957188486432,0.0901169025795146,0.0101720201685869,NaN,NaN,NaN,NaN,NaN,NaN,NaN,NaN,NaN
NaN,NaN,0.0389150361152133,0.0485471655847505,0.0481193213733301,0.0585082545051894,0.082886941342925,0.0988078558342143,0.0143950092509234,NaN,NaN,NaN,NaN,NaN,NaN,NaN,NaN,NaN
NaN,NaN,0.047864058855339,0.0492845681728795,0.0506976320417986,0.0559369660089336,0.0874729413383951,0.103368430723397,0.0244542430057966,NaN,NaN,NaN,NaN,NaN,NaN,NaN,NaN,NaN
NaN,NaN,0.0461319478781661,0.0525732730748132,0.0502953565689192,0.0605092010567508,0.0884279940122118,0.102869632978885,0.0270642372682535,NaN,NaN,NaN,NaN,NaN,NaN,NaN,NaN,NaN
NaN,NaN,0.0459005887241801,0.0524841455044225,0.0484425648125276,0.064351297832521,0.0842055450969686,0.0969935835795089,0.0323917562976324,NaN,NaN,NaN,NaN,NaN,NaN,NaN,NaN,NaN
NaN,NaN,0.0457002426119288,0.0508996305288747,0.0548557451935873,0.0680887884567104,0.0813240889304628,0.0965090536968394,0.0341521422281706,NaN,NaN,NaN,NaN,NaN,NaN,NaN,NaN,NaN
NaN,NaN,0.0476817431481322,0.0518917498411611,0.0574125609370337,0.0696646235058627,0.0870864797228326,0.103190734376161,0.0379825974717581,NaN,NaN,NaN,NaN,NaN,NaN,NaN,NaN,NaN
NaN,NaN,0.0483665632636985,0.0533506294013932,0.0578345990749464,0.066893119282516,0.0923622544699659,0.103178385038821,0.0423346492364847,NaN,NaN,NaN,NaN,NaN,NaN,NaN,NaN,NaN
NaN,NaN,0.0436496565671405,0.0530974027933553,0.0551503225239382,0.0667375697861037,0.0919195782237997,0.0997502052681132,0.0411161812856638,NaN,NaN,NaN,NaN,NaN,NaN,NaN,NaN,NaN
NaN,NaN,0.0421427580149611,0.0583786350907758,0.0517272650273905,0.0736354476878963,0.0871906574660291,0.0971749120847865,0.0426296549752199,NaN,NaN,NaN,NaN,NaN,NaN,NaN,NaN,NaN
NaN,NaN,0.0483383814425906,0.0573599358322099,0.0619224718781576,0.071094259537252,0.0905706692331781,0.102728109200446,0.048796090753361,NaN,NaN,NaN,NaN,NaN,NaN,NaN,NaN,NaN
NaN,NaN,0.0514292548032245,0.0632335079135373,0.063380829897748,0.0717580690155349,0.0954694259756555,0.113301898677795,0.0539461742058241,NaN,NaN,NaN,NaN,NaN,NaN,NaN,NaN,NaN
NaN,NaN,0.053446704390808,0.0671743435086682,0.0671611613603697,0.0733977741668544,0.101409662126874,0.114497809995858,0.0587536427095377,NaN,NaN,NaN,NaN,NaN,NaN,NaN,NaN,NaN
NaN,NaN,0.0545214878948173,0.0677311253966764,0.0662185325296984,0.0738354585240207,0.100153196215009,0.111355322738139,0.0598885896518671,NaN,NaN,NaN,NaN,NaN,NaN,NaN,NaN,NaN
NaN,NaN,0.0569456460507354,0.0747463499428704,0.0656390263708696,0.0822459346721492,0.0921983230703821,0.116417247195689,0.0605361941173517,NaN,NaN,NaN,NaN,NaN,NaN,NaN,NaN,NaN
NaN,NaN,0.0646118837030372,0.0748678875388578,0.071556333360301,0.077265426434072,0.0955496687286844,0.116384520520417,0.0684370132997477,NaN,NaN,NaN,NaN,NaN,NaN,NaN,NaN,NaN
NaN,NaN,0.0621068494947394,0.0754961018683389,0.0739527008505926,0.0788448750148139,0.0977962795489778,0.123277853568046,0.0713787260368311,NaN,NaN,NaN,NaN,NaN,NaN,NaN,NaN,NaN
NaN,NaN,0.0576265546114882,0.0688340162159875,0.0694134718748198,0.0760764069030605,0.0950161326521387,0.111663907160012,0.0709287854745829,NaN,NaN,NaN,NaN,NaN,NaN,NaN,NaN,NaN
NaN,NaN,0.0535450706811389,0.0623712335946038,0.0605920030745134,0.0766379571626506,0.0877095345252504,0.100571277876346,0.0637676226809466,NaN,NaN,NaN,NaN,NaN,NaN,NaN,NaN,NaN
NaN,NaN,0.0510433333547553,0.0600081701995805,0.0546317807408438,0.0737885198662601,0.0787423323684682,0.0949320265547916,0.0572943161144697,NaN,NaN,NaN,NaN,NaN,NaN,NaN,NaN,NaN
NaN,NaN,0.0507369468541583,0.0580656548263505,0.0587850882681475,0.0670102424094997,0.0804530974322309,0.0912842222945377,0.0599679755881273,NaN,NaN,NaN,NaN,NaN,NaN,NaN,NaN,NaN
NaN,NaN,0.0472871790261706,0.0613099915208295,0.0607397667142019,0.067742019809278,0.0824451777928819,0.0930316442148372,0.0604850645080054,NaN,NaN,NaN,NaN,NaN,NaN,NaN,NaN,NaN
NaN,NaN,0.0433968956203898,0.0557777305366471,0.0539108811887369,0.0656247510681472,0.0813128013008585,0.0882066668467208,0.0653873789027178,NaN,NaN,NaN,NaN,NaN,NaN,NaN,NaN,NaN
NaN,NaN,0.0429588014812907,0.0539691020967439,0.0517135745855436,0.0657053849766574,0.076561901330327,0.0881974653796836,0.065057578952595,NaN,NaN,NaN,NaN,NaN,NaN,NaN,NaN,NaN
NaN,NaN,0.0445481965871295,0.0548300539376214,0.0443700215788946,0.060982294298204,0.0721830461019029,0.0915486061470195,0.0638078558161699,NaN,NaN,NaN,NaN,NaN,NaN,NaN,NaN,NaN
NaN,NaN,0.0443746911914786,0.0554085542680696,0.0532218142422304,0.0588179937670551,0.0757505517297735,0.0956641764835998,0.0695766354814017,NaN,NaN,NaN,NaN,NaN,NaN,NaN,NaN,NaN
NaN,NaN,0.0446429865987739,0.0578124095918611,0.0568500048490629,0.0615398771236263,0.0781235616498937,0.0977469862894698,0.0708328592493975,NaN,NaN,NaN,NaN,NaN,NaN,NaN,NaN,NaN
NaN,NaN,0.0431836227508029,0.058498049271293,0.0534579417677984,0.0674510373840652,0.0758126336925973,0.0945600935713931,0.0743214446022951,NaN,NaN,NaN,NaN,NaN,NaN,NaN,NaN,NaN
NaN,NaN,0.0448781641753158,0.0561104920925573,0.0513016878636942,0.0630412436197124,0.0789276655608167,0.0940922902421638,0.0783559898748839,NaN,NaN,NaN,NaN,NaN,NaN,NaN,NaN,NaN
NaN,NaN,0.0422881002159556,0.0562704374315217,0.0458636767240629,0.063656046904119,0.0763035338216772,0.0973489203946277,0.0746074910178625,NaN,NaN,NaN,NaN,NaN,NaN,NaN,NaN,NaN
NaN,NaN,0.0418946536810836,0.0560490434290841,0.0557176842363939,0.0660108960340343,0.083485297470664,0.0965018452601119,0.0805277968659842,NaN,NaN,NaN,NaN,NaN,NaN,NaN,NaN,NaN
NaN,NaN,0.0422253290744266,0.0550982748391107,0.0601046792241201,0.0739687680373512,0.0841550301605215,0.0928603739933654,0.0781131568267786,NaN,NaN,NaN,NaN,NaN,NaN,NaN,NaN,NaN
NaN,NaN,0.0443748774559936,0.0546755102695897,0.0557966790171728,0.0786092876563392,0.0849574576908102,0.0910704651372119,0.0841949540093386,NaN,NaN,NaN,NaN,NaN,NaN,NaN,NaN,NaN
NaN,NaN,0.0466302054555854,0.0561667253496125,0.0543688683780298,0.0764787196288429,0.0869915034466733,0.0901283205942794,0.0879960353389227,NaN,NaN,NaN,NaN,NaN,NaN,NaN,NaN,NaN
NaN,NaN,0.0446548889012774,0.0633263980271295,0.0548574960800276,0.0776895693610034,0.0877421866947164,0.0976850905911609,0.0906847449853861,NaN,NaN,NaN,NaN,NaN,NaN,NaN,NaN,NaN
NaN,NaN,0.0463691929908236,0.06392814416904,0.0660388431521521,0.0789166427324138,0.0909931544059267,0.0978816369073077,0.0979479248538458,NaN,NaN,NaN,NaN,NaN,NaN,NaN,NaN,NaN
NaN,NaN,0.0545732694299659,0.0672780555905774,0.0734472907158003,0.086389407433065,0.0889407057159891,0.0988808342711612,0.094434324176594,NaN,NaN,NaN,NaN,NaN,NaN,NaN,NaN,NaN
NaN,NaN,0.0595315935643157,0.066573025775142,0.0687730572196112,0.085478648460897,0.0902820523673048,0.0984180228309318,0.105441998215004,NaN,NaN,NaN,NaN,NaN,NaN,NaN,NaN,NaN
NaN,NaN,0.0620922463567695,0.0709132311167195,0.0685322358282671,0.0838038697014175,0.0899613048726072,0.101043309410064,0.108712784470602,NaN,NaN,NaN,NaN,NaN,NaN,NaN,NaN,NaN
NaN,NaN,0.0608225742907962,0.0785723907174543,0.0748997814031706,0.0848435423443637,0.0907788570815076,0.106207958747594,0.113844278724476,NaN,NaN,NaN,NaN,NaN,NaN,NaN,NaN,NaN
NaN,NaN,0.0587003136606654,0.0753737260820344,0.0844752862127886,0.0858970171878658,0.09080584680972,0.106868489970414,0.113594237239643,NaN,NaN,NaN,NaN,NaN,NaN,NaN,NaN,NaN
NaN,NaN,0.0617342273326358,0.0713144076289609,0.078419305291997,0.0835089570949397,0.0900322530263414,0.0986436264114066,0.109023827584072,NaN,NaN,NaN,NaN,NaN,NaN,NaN,NaN,NaN
NaN,NaN,0.0594073365064105,0.0631262568058446,0.0629527195366488,0.0787816382119975,0.0853834446364393,0.0901854106681033,0.106607697428747,NaN,NaN,NaN,NaN,NaN,NaN,NaN,NaN,NaN
NaN,NaN,0.0521454418631038,0.0627955814125016,0.0600155516537294,0.0709502956936679,0.083275843023633,0.0817527876691505,0.102057665111109,NaN,NaN,NaN,NaN,NaN,NaN,NaN,NaN,NaN
NaN,NaN,0.044660774859949,0.0599933249177411,0.0632462724121676,0.072381514973434,0.0819719727927198,0.0837863677637264,0.0988478618576967,NaN,NaN,NaN,NaN,NaN,NaN,NaN,NaN,NaN
NaN,NaN,0.0444098579318961,0.0582756308140233,0.0658568627210722,0.0770828685829959,0.0824744399481763,0.0810737603799983,0.0966048645689928,NaN,NaN,NaN,NaN,NaN,NaN,NaN,NaN,NaN
NaN,NaN,0.0454825738997897,0.0521552768768743,0.058110438195096,0.0735317728588901,0.0891365442269792,0.0790054978327438,0.0997341456726038,NaN,NaN,NaN,NaN,NaN,NaN,NaN,NaN,NaN
NaN,NaN,0.0460394861729583,0.0527120773913339,0.047040644940959,0.0749709456334434,0.0842959206396093,0.0765610182182475,0.0987649182692015,NaN,NaN,NaN,NaN,NaN,NaN,NaN,NaN,NaN
NaN,NaN,0.0463885272474727,0.055099913966842,0.0501367895873651,0.0693339853654227,0.0820088345402231,0.0753353790836021,0.0984522360280001,NaN,NaN,NaN,NaN,NaN,NaN,NaN,NaN,NaN
NaN,NaN,0.0448730046482524,0.0555166621925309,0.0636700800629721,0.0742810963759742,0.0759214121693124,0.0807327845589801,0.0981309483662092,NaN,NaN,NaN,NaN,NaN,NaN,NaN,NaN,NaN
NaN,NaN,0.0483748334081611,0.0552381594898179,0.0620932578118906,0.0757472961316428,0.075866762160634,0.0778786906497165,0.102381281079336,NaN,NaN,NaN,NaN,NaN,NaN,NaN,NaN,NaN
NaN,NaN,0.0477813387842616,0.0515657310606912,0.0578591487380133,0.0705201364229045,0.0807734537714471,0.0787361034648105,0.109461549194142,NaN,NaN,NaN,NaN,NaN,NaN,NaN,NaN,NaN
NaN,NaN,0.0452581251593074,0.0546521713258699,0.0519518069001303,0.0690939649114928,0.0754642445438852,0.0721131147341415,0.109297487409397,NaN,NaN,NaN,NaN,NaN,NaN,NaN,NaN,NaN
NaN,NaN,0.0406186858745059,0.0516868029953912,0.0559241770776377,0.0687001831004939,0.0734194513255109,0.0731482425229236,0.109443593294903,NaN,NaN,NaN,NaN,NaN,NaN,NaN,NaN,NaN
NaN,NaN,0.039850605520769,0.0522314404370263,0.0649208462806807,0.0728628224799953,0.0728931236856927,0.0735896521703883,0.104412141711994,NaN,NaN,NaN,NaN,NaN,NaN,NaN,NaN,NaN
NaN,NaN,0.0399425084324321,0.0498131496133283,0.0567314474853144,0.073931720025333,0.0824170145982255,0.0726776079730674,0.108330234409853,NaN,NaN,NaN,NaN,NaN,NaN,NaN,NaN,NaN
NaN,NaN,0.0424359011085471,0.0477282536448911,0.0547877772720919,0.0724160111615978,0.0874838005596151,0.0720421852068588,0.10910991904287,NaN,NaN,NaN,NaN,NaN,NaN,NaN,NaN,NaN
NaN,NaN,0.0404967571230372,0.0544946474255994,0.0498899704786406,0.0718762352238021,0.0880449782901754,0.0736479343371078,0.107934329183384,NaN,NaN,NaN,NaN,NaN,NaN,NaN,NaN,NaN
NaN,NaN,0.0426648201973876,0.0546147694112733,0.0620733275087938,0.077065769500526,0.0880265939825525,0.0783789971367999,0.105892683835312,NaN,NaN,NaN,NaN,NaN,NaN,NaN,NaN,NaN
NaN,NaN,0.0489474850328406,0.0564700198592618,0.0616743861707316,0.079906787640842,0.0888183299296846,0.080039079626052,0.101941734077021,NaN,NaN,NaN,NaN,NaN,NaN,NaN,NaN,NaN
NaN,NaN,0.0476912612648448,0.0565727261127904,0.0567173658879862,0.0804309918651901,0.0934488098913183,0.0774289363519832,0.102345518292471,NaN,NaN,NaN,NaN,NaN,NaN,NaN,NaN,NaN
NaN,NaN,0.0518651882739505,0.0574089047731832,0.0612805298539267,0.0773466750154815,0.0937714386576166,0.0739566491441413,0.102725032241627,NaN,NaN,NaN,NaN,NaN,NaN,NaN,NaN,NaN
NaN,NaN,0.0465361232490977,0.0634069946827367,0.0608730389746294,0.0816868058512531,0.0857180315845956,0.0773521767453834,0.104175641657397,NaN,NaN,NaN,NaN,NaN,NaN,NaN,NaN,NaN
NaN,NaN,0.0511734018655261,0.064106306177564,0.0701251140805349,0.0824424437353931,0.0859814654880514,0.0814374604718372,0.105554129452988,NaN,NaN,NaN,NaN,NaN,NaN,NaN,NaN,NaN
NaN,NaN,0.0502854416699847,0.0620782581390813,0.0674175730916128,0.0828306934902988,0.0872673239403715,0.0767056712405368,0.105940274418875,NaN,NaN,NaN,NaN,NaN,NaN,NaN,NaN,NaN
NaN,NaN,0.0472595001192531,0.0577148442389444,0.0647682397636042,0.0785437784264407,0.0871107686155786,0.0701929511027023,0.106172360004469,NaN,NaN,NaN,NaN,NaN,NaN,NaN,NaN,NaN
NaN,NaN,0.0464999320538482,0.0530824643792585,0.0629431455405817,0.0717041640649162,0.0868531089120855,0.0611662933127567,0.104525427789971,NaN,NaN,NaN,NaN,NaN,NaN,NaN,NaN,NaN
NaN,NaN,0.0419898907275638,0.0529545751633123,0.0653095244439707,0.0748418643246017,0.0817455496483793,0.0631058470801994,0.0988335008635962,NaN,NaN,NaN,NaN,NaN,NaN,NaN,NaN,NaN
NaN,NaN,0.0446332449646434,0.0548599680187181,0.0643119475813971,0.0760216265092216,0.0852722819739332,0.0641852871970817,0.0993484477415525,NaN,NaN,NaN,NaN,NaN,NaN,NaN,NaN,NaN
NaN,NaN,0.0436789559753379,0.0556909126462415,0.0595184116633997,0.0776402837703548,0.0886144261651983,0.0643072718279048,0.0983982193186724,NaN,NaN,NaN,NaN,NaN,NaN,NaN,NaN,NaN
NaN,NaN,0.0446408073039493,0.0594137815060094,0.0574692971082792,0.0764182209143958,0.0912800762647142,0.0613754497365638,0.0972482967093432,NaN,NaN,NaN,NaN,NaN,NaN,NaN,NaN,NaN
NaN,NaN,0.0451204756827792,0.0523209405364469,0.0572634934457407,0.0760236567924343,0.092261466740941,0.066742102940528,0.0986447776570761,NaN,NaN,NaN,NaN,NaN,NaN,NaN,NaN,NaN
NaN,NaN,0.0454862060578307,0.0571790171088651,0.0588482133122549,0.0817615910539947,0.089386548458909,0.0743532808022186,0.0944465617552244,NaN,NaN,NaN,NaN,NaN,NaN,NaN,NaN,NaN
NaN,NaN,0.0493162515194854,0.0577994828345254,0.0601583792837725,0.0824495404134117,0.094030737488841,0.0758529709176704,0.0952506284132444,NaN,NaN,NaN,NaN,NaN,NaN,NaN,NaN,NaN
NaN,NaN,0.0493913906248054,0.059204122168012,0.0616059712144003,0.0872022844026409,0.0958741787665834,0.0736312636630222,0.0997426020815813,NaN,NaN,NaN,NaN,NaN,NaN,NaN,NaN,NaN
NaN,NaN,0.0480234454007586,0.0598563273670152,0.0626436880799398,0.085231661714109,0.095804962872838,0.0722233833269759,0.100511930407568,NaN,NaN,NaN,NaN,NaN,NaN,NaN,NaN,NaN
NaN,NaN,0.0499038043053588,0.0523843449773267,0.0666697769435511,0.0868671386609397,0.0957629602247228,0.0741819733278438,0.102993141384407,NaN,NaN,NaN,NaN,NaN,NaN,NaN,NaN,NaN
NaN,NaN,0.0479022989602527,0.0541058202506974,0.0617763101132975,0.0899458489487491,0.0944253761166086,0.0739085556463882,0.098820629985615,NaN,NaN,NaN,NaN,NaN,NaN,NaN,NaN,NaN
NaN,NaN,0.0475339795084437,0.0556218643905595,0.0616835317584143,0.0879876687298141,0.0931433919661989,0.0699448840217277,0.0963535937383616,NaN,NaN,NaN,NaN,NaN,NaN,NaN,NaN,NaN
NaN,NaN,0.0448632630141219,0.0532717836322263,0.0654558538468943,0.0870886444220863,0.0976930331283559,0.0620299646155521,0.097771811754986,NaN,NaN,NaN,NaN,NaN,NaN,NaN,NaN,NaN
NaN,NaN,0.0404057110281428,0.0532116388203576,0.065557014104949,0.0856234691212497,0.0923210155063619,0.0642509454385921,0.0955030354574167,NaN,NaN,NaN,NaN,NaN,NaN,NaN,NaN,NaN
NaN,NaN,0.0442519801290473,0.0513061342062429,0.0667808651002512,0.0821823812196575,0.0980312894874563,0.066835551847665,0.0941150295451128,NaN,NaN,NaN,NaN,NaN,NaN,NaN,NaN,NaN
NaN,NaN,0.0448479520709952,0.0613098611356691,0.0627966671260462,0.0866204685638271,0.0964409071796884,0.0692247295276805,0.0904664057209933,NaN,NaN,NaN,NaN,NaN,NaN,NaN,NaN,NaN
NaN,NaN,0.0515657308133086,0.0600552764954045,0.0622226930233107,0.0850504449675403,0.101232990234469,0.0706417927043125,0.0836619022205317,NaN,NaN,NaN,NaN,NaN,NaN,NaN,NaN,NaN
NaN,NaN,0.0512792373629054,0.0577932057203725,0.0634036845537291,0.0843539833197914,0.0993777584129324,0.0654287890987083,0.0809169406905615,NaN,NaN,NaN,NaN,NaN,NaN,NaN,NaN,NaN
NaN,NaN,0.0485806929500541,0.0539799613179639,0.0617611295553312,0.082658249802383,0.0909030955129613,0.0702285648779556,0.0758037562385046,NaN,NaN,NaN,NaN,NaN,NaN,NaN,NaN,NaN
NaN,NaN,0.0472102890344104,0.0528279339196161,0.0607901512654886,0.0828008539150081,0.0931299436682214,0.0679416836695358,0.07591054168491,NaN,NaN,NaN,NaN,NaN,NaN,NaN,NaN,NaN
NaN,NaN,0.0407484377356013,0.0601578151108697,0.0592805146249399,0.0844862497518382,0.0886628176861753,0.0691845522718116,0.0742886620476687,NaN,NaN,NaN,NaN,NaN,NaN,NaN,NaN,NaN
NaN,NaN,0.0445194745989284,0.0548799728276208,0.0589491314264402,0.0806566140721164,0.0935028824800005,0.0624304146961852,0.0705063934340918,NaN,NaN,NaN,NaN,NaN,NaN,NaN,NaN,NaN
NaN,NaN,0.0390272604854545,0.0459770691813901,0.0600025503905878,0.0791674851546607,0.0862939055853834,0.0538820655541106,0.0684858146026575,NaN,NaN,NaN,NaN,NaN,NaN,NaN,NaN,NaN
NaN,NaN,0.035387987139984,0.0419816022040322,0.0534517019065485,0.0721675156722388,0.0797642912560453,0.0525211052493736,0.05970489558725,NaN,NaN,NaN,NaN,NaN,NaN,NaN,NaN,NaN
NaN,NaN,0.0332680548162898,0.0408214350463823,0.052834104654418,0.0702429561982475,0.0774235423499097,0.0427692079441234,0.0580098326220953,NaN,NaN,NaN,NaN,NaN,NaN,NaN,NaN,NaN
NaN,NaN,0.0291478651197394,0.0436284412862733,0.045310042706357,0.0708429514537177,0.0752178165906419,0.042185175557582,0.0522368061259234,NaN,NaN,NaN,NaN,NaN,NaN,NaN,NaN,NaN
NaN,NaN,0.0292287039192161,0.0406704304041341,0.044364210126029,0.0655008851657233,0.0758063565784444,0.0391706147687122,0.0515353898420775,NaN,NaN,NaN,NaN,NaN,NaN,NaN,NaN,NaN
NaN,NaN,0.0296598131390056,0.0341776591958478,0.0418344399901495,0.0676789692709766,0.075788065403079,0.0446020507709666,0.0512730176463568,NaN,NaN,NaN,NaN,NaN,NaN,NaN,NaN,NaN
NaN,NaN,0.0275277736218413,0.0365133417071775,0.0365935712131128,0.068345256067308,0.0788121629351129,0.0495962867037936,0.0472844797089541,NaN,NaN,NaN,NaN,NaN,NaN,NaN,NaN,NaN
NaN,NaN,0.0313356908591231,0.0367756580235437,0.0444440617235766,0.0657642259369216,0.0842404696935167,0.0500078940288707,0.0540684568598711,NaN,NaN,NaN,NaN,NaN,NaN,NaN,NaN,NaN
NaN,NaN,0.0289292464585742,0.0366277267457917,0.0419577657254801,0.0669520347485862,0.0838704738610734,0.0543298268215343,0.0490221413686716,NaN,NaN,NaN,NaN,NaN,NaN,NaN,NaN,NaN
NaN,NaN,0.0310307572217425,0.0377429110230878,0.0469338036151991,0.0670642777452789,0.083184927313899,0.0555997224049255,0.0549792344584906,NaN,NaN,NaN,NaN,NaN,NaN,NaN,NaN,NaN
NaN,NaN,0.0309571268589934,0.0365512279095128,0.0474528296860323,0.0702944769630752,0.0873312312954416,0.059342968602626,0.055379125745579,NaN,NaN,NaN,NaN,NaN,NaN,NaN,NaN,NaN
NaN,NaN,0.0289561803074321,0.0453773346962407,0.0464839375587568,0.0746905244062267,0.0840602401488771,0.05997496410176,0.0518989968016588,NaN,NaN,NaN,NaN,NaN,NaN,NaN,NaN,NaN
NaN,NaN,0.0321410054893931,0.0415113029303029,0.0509722976955042,0.0773381627271495,0.0906477641159048,0.0551640869574233,0.0585605609133684,NaN,NaN,NaN,NaN,NaN,NaN,NaN,NaN,NaN
NaN,NaN,0.0347530114086112,0.0416452084900811,0.0534452571543322,0.078035704709085,0.0881467904740324,0.0594788485662624,0.0545816528513872,NaN,NaN,NaN,NaN,NaN,NaN,NaN,NaN,NaN
NaN,NaN,0.0350993889005622,0.0418080409290269,0.0537465027543173,0.0811894795964084,0.093036513387536,0.059682007272689,0.0574206965878451,NaN,NaN,NaN,NaN,NaN,NaN,NaN,NaN,NaN
NaN,NaN,0.0371202657552203,0.0404792298795655,0.0529951117011175,0.0828007235298477,0.0972984876328458,0.0587144748763725,0.0510484571471655,NaN,NaN,NaN,NaN,NaN,NaN,NaN,NaN,NaN
NaN,NaN,0.0357467139692744,0.0459971298696473,0.0497766471477614,0.0811671837339721,0.0930446903997411,0.0594327853517219,0.0464135440900767,NaN,NaN,NaN,NaN,NaN,NaN,NaN,NaN,NaN
NaN,NaN,0.0399726460309466,0.0415579435648397,0.0561227164240942,0.0790163873801551,0.0969993281954279,0.057695868750064,0.0469768638625586,NaN,NaN,NaN,NaN,NaN,NaN,NaN,NaN,NaN
NaN,NaN,0.0443029421003303,0.0459025074960664,0.0542919970127211,0.0790870002577625,0.092124767213439,0.0642949969963714,0.0445384750977003,NaN,NaN,NaN,NaN,NaN,NaN,NaN,NaN,NaN
NaN,NaN,0.0422277877660235,0.0482233819784597,0.0523804015489683,0.0782434268961273,0.0964393611842146,0.0642605194346591,0.0440714540794337,NaN,NaN,NaN,NaN,NaN,NaN,NaN,NaN,NaN
NaN,NaN,0.0442715751560172,0.0456255694152787,0.054799698201047,0.0760082154641471,0.094001829236125,0.0612201051311179,0.0378475743248903,NaN,NaN,NaN,NaN,NaN,NaN,NaN,NaN,NaN
NaN,NaN,0.0362627225549659,0.0446451847674325,0.0491055733533964,0.0745426490078292,0.0868230644458284,0.0627601215140506,0.0373090463593447,NaN,NaN,NaN,NaN,NaN,NaN,NaN,NaN,NaN
NaN,NaN,0.0345048511953792,0.0424504672409967,0.057927694079505,0.0709593295226417,0.0866595055752744,0.0604977713422462,0.0423980909302675,NaN,NaN,NaN,NaN,NaN,NaN,NaN,NaN,NaN
NaN,NaN,0.0347123498650035,0.0431080741109327,0.0468688531788454,0.0656607932517848,0.0860578339391698,0.0607896292106792,0.0386651824131453,NaN,NaN,NaN,NaN,NaN,NaN,NaN,NaN,NaN
NaN,NaN,0.0304612907202681,0.0407810715259984,0.0422501637610063,0.0697720422516189,0.0840225215846052,0.0538167425887271,0.0342478263094866,NaN,NaN,NaN,NaN,NaN,NaN,NaN,NaN,NaN
NaN,NaN,0.0325442495377501,0.0311155450763181,0.040960058477746,0.0618325545559249,0.0813857983642568,0.0449290940062686,0.0233422811046087,NaN,NaN,NaN,NaN,NaN,NaN,NaN,NaN,NaN
NaN,NaN,0.0213563645811519,0.0232623723568395,0.0395404993566141,0.0659810005793891,0.0722508650117864,0.0431859189169093,0.0145829315200293,NaN,NaN,NaN,NaN,NaN,NaN,NaN,NaN,NaN
NaN,NaN,0.0225823576183757,0.0264343080343679,0.0403267591270075,0.0623703374634109,0.0750200968080511,0.0431066633658096,0.0211687977328741,NaN,NaN,NaN,NaN,NaN,NaN,NaN,NaN,NaN
NaN,NaN,0.0236671994061908,0.0278710221173242,0.0298069863589869,0.0631865858207069,0.0797863449746122,0.0467253358559295,0.0148769128039324,NaN,NaN,NaN,NaN,NaN,NaN,NaN,NaN,NaN
NaN,NaN,0.0253991241188487,0.0316372161032632,0.0301131493421659,0.0669492407808624,0.0785463820987691,0.0474057973818465,0.0146948578670466,NaN,NaN,NaN,NaN,NaN,NaN,NaN,NaN,NaN
NaN,NaN,0.0262421386869391,0.0271541272522882,0.0299784800978765,0.0591684504518829,0.078982799857234,0.0431121209160968,0.00977995199112532,NaN,NaN,NaN,NaN,NaN,NaN,NaN,NaN,NaN
NaN,NaN,0.0194736028643092,0.0230509807588533,0.0352208203645811,0.0623598507712207,0.0730142514997472,0.0542247736351176,0.0106751392498457,NaN,NaN,NaN,NaN,NaN,NaN,NaN,NaN,NaN
NaN,NaN,0.0197829882235965,0.0255868603708223,0.0334246902736292,0.060257986105474,0.0783679965728273,0.0522621230678245,0.0206196899428808,NaN,NaN,NaN,NaN,NaN,NaN,NaN,NaN,NaN
NaN,NaN,0.0198502110870322,0.0274682064773515,0.0313149466189013,0.060800649143251,0.0819518562251081,0.058547153462617,0.0197321209028208,NaN,NaN,NaN,NaN,NaN,NaN,NaN,NaN,NaN
NaN,NaN,0.0202550570102176,0.0325286035658792,0.0361945181163416,0.0633475369880519,0.0809183861905088,0.0577780672804996,0.0181738878503287,NaN,NaN,NaN,NaN,NaN,NaN,NaN,NaN,NaN
NaN,NaN,0.0200534815521678,0.0276878309668973,0.0405121109458075,0.0590951367388091,0.0817637290650358,0.0542995029585048,0.0166004742398703,NaN,NaN,NaN,NaN,NaN,NaN,NaN,NaN,NaN
NaN,NaN,0.021637027952238,0.0284021367551759,0.0414004250439272,0.0643784365723453,0.0759555544548978,0.0624533438579723,0.0190874966695749,NaN,NaN,NaN,NaN,NaN,NaN,NaN,NaN,NaN
NaN,NaN,0.0238843652041396,0.0298826416255906,0.038154151198493,0.0675056501398406,0.0860162038200845,0.0584161722557231,0.0233236360266649,NaN,NaN,NaN,NaN,NaN,NaN,NaN,NaN,NaN
NaN,NaN,0.0280927325220546,0.0306539071025327,0.0410785040827856,0.0671965628037772,0.0905770767324915,0.0617033497886344,0.0194996069088423,NaN,NaN,NaN,NaN,NaN,NaN,NaN,NaN,NaN
NaN,NaN,0.02417294481711,0.032743273419328,0.0328938550325499,0.0642154737482391,0.0865736748867979,0.0555472330646201,0.0132229211643183,NaN,NaN,NaN,NaN,NaN,NaN,NaN,NaN,NaN
NaN,NaN,0.0255532952578505,0.0224381146254018,0.0355520359250174,0.058767218060287,0.0854443717592706,0.0556413152711078,0.0106068360522234,NaN,NaN,NaN,NaN,NaN,NaN,NaN,NaN,NaN
NaN,NaN,0.0242264399857959,0.0235552174272016,0.0296291037472353,0.0593320465753398,0.084188799917077,0.0590795905785247,0.0119498032048189,NaN,NaN,NaN,NaN,NaN,NaN,NaN,NaN,NaN
NaN,NaN,0.027096217367216,0.0286313352407888,0.0292173660369978,0.0664906016657672,0.0882527749830236,0.0612485104696437,0.014724082769438,NaN,NaN,NaN,NaN,NaN,NaN,NaN,NaN,NaN
NaN,NaN,0.032381100449129,0.028015619260259,0.033985923883544,0.0616716592679343,0.0902327295237531,0.0602724099056407,0.011874477834984,NaN,NaN,NaN,NaN,NaN,NaN,NaN,NaN,NaN
NaN,NaN,0.0274483504326781,0.0291891602100804,0.0315870231958494,0.0636438652048431,0.0795135978454103,0.0584458069400474,0.00651743587998984,NaN,NaN,NaN,NaN,NaN,NaN,NaN,NaN,NaN
NaN,NaN,0.0243140960665187,0.0214501862647012,0.0325438640090094,0.0590545683274589,0.0751821096831312,0.0577340529756232,0.00880146724133131,NaN,NaN,NaN,NaN,NaN,NaN,NaN,NaN,NaN
NaN,NaN,0.0189026089938125,0.0247496013762429,0.0328444949360952,0.0633326358268581,0.0729317921989908,0.0630009429053947,0.00895204347519514,NaN,NaN,NaN,NaN,NaN,NaN,NaN,NaN,NaN
NaN,NaN,0.0165906752081355,0.0271101502003148,0.0349442548128233,0.0650691985259376,0.0769713666134824,0.0622621619598552,0.0150387952938521,NaN,NaN,NaN,NaN,NaN,NaN,NaN,NaN,NaN
NaN,NaN,0.0201357545884093,0.0269275178434327,0.0357674694629774,0.0567544064591251,0.0756723578864088,0.056025914241521,0.0118559445157492,NaN,NaN,NaN,NaN,NaN,NaN,NaN,NaN,NaN
NaN,NaN,0.0183107534976443,0.0247670357348397,0.0326990223499403,0.0544201395581088,0.0691225338572015,0.0572297231750175,0.00457717430739043,NaN,NaN,NaN,NaN,NaN,NaN,NaN,NaN,NaN
NaN,NaN,0.0167767162056407,0.0223118272842839,0.032158538606988,0.0496792792449317,0.070562544822072,0.0494750098781272,0.00101972696332571,NaN,NaN,NaN,NaN,NaN,NaN,NaN,NaN,NaN
NaN,NaN,0.0160265544982394,0.0222829935373738,0.030350338575469,0.0533623620043121,0.0744166556590547,0.0580087931351348,-0.000438854573682573,NaN,NaN,NaN,NaN,NaN,NaN,NaN,NaN,NaN
NaN,NaN,0.0172208639414748,0.0262871776940301,0.0273274703892336,0.0563623196552119,0.0794651876979818,0.0529128754036113,0.00148829397706625,NaN,NaN,NaN,NaN,NaN,NaN,NaN,NaN,NaN
NaN,NaN,0.0238421204121551,0.023344608140178,0.0266731976541147,0.0487875378797374,0.0802790146165838,0.054043556888549,2.67135813677051e-05,NaN,NaN,NaN,NaN,NaN,NaN,NaN,NaN,NaN
NaN,NaN,0.0241432915063342,0.0239024517359212,0.016492798832284,0.0485488957832179,0.0735365558260431,0.058674353499858,-0.00395716774316194,NaN,NaN,NaN,NaN,NaN,NaN,NaN,NaN,NaN
NaN,NaN,0.0212945620151004,0.0194894169690087,0.0202443151744471,0.0486354901562057,0.0781419087046136,0.0553289310531303,-0.00268842699976328,NaN,NaN,NaN,NaN,NaN,NaN,NaN,NaN,NaN
NaN,NaN,0.0215308758051833,0.0161432308377698,0.0243369936021433,0.0514477118025146,0.0784626561993112,0.0617992760138198,-0.00108273374886873,NaN,NaN,NaN,NaN,NaN,NaN,NaN,NaN,NaN
NaN,NaN,0.0177031400235137,0.015784410876222,0.0233296378525362,0.0545986927221141,0.0738120969229688,0.0568092682854816,0.00414777872113821,NaN,NaN,NaN,NaN,NaN,NaN,NaN,NaN,NaN
NaN,NaN,0.022083932402893,0.0129104052903131,0.0240261553796396,0.044744983233007,0.0698676850491514,0.0603738681869193,0.00404516559986708,NaN,NaN,NaN,NaN,NaN,NaN,NaN,NaN,NaN
NaN,NaN,0.014173464718624,0.0173054655315354,0.0189751273962126,0.0475055164764247,0.0661792006188383,0.0579885461823627,-0.002546195416168,NaN,NaN,NaN,NaN,NaN,NaN,NaN,NaN,NaN
NaN,NaN,0.010625200215145,0.0191106108250096,0.0231075546713934,0.0521850585112891,0.0727732997232427,0.0595840880171939,0.000773876430078719,NaN,NaN,NaN,NaN,NaN,NaN,NaN,NaN,NaN
NaN,NaN,0.0135181675286731,0.0187297930242494,0.0304155311556921,0.0557086429665408,0.0767769995921602,0.0582905740933105,0.00131823447494147,NaN,NaN,NaN,NaN,NaN,NaN,NaN,NaN,NaN
NaN,NaN,0.0139549950690707,0.0193125215591863,0.0301241203220949,0.0542037374446712,0.0705744284981241,0.0574040295080825,0.0037489118888819,NaN,NaN,NaN,NaN,NaN,NaN,NaN,NaN,NaN
NaN,NaN,0.0163373554678401,0.0159984288038686,0.0226715839477644,0.0412779300580344,0.0688562501066675,0.0558167391912624,0.00118537199644682,NaN,NaN,NaN,NaN,NaN,NaN,NaN,NaN,NaN
NaN,NaN,0.00720212409214582,0.0186541510047391,0.0158963984819517,0.0389025359521232,0.0670669186705102,0.0552938946978732,-0.00961726206393602,NaN,NaN,NaN,NaN,NaN,NaN,NaN,NaN,NaN
NaN,NaN,0.00708436766581144,0.0154382941545919,0.0200728400620089,0.0421517155239902,0.0755685526722421,0.0597261333362743,-0.00599531131835344,NaN,NaN,NaN,NaN,NaN,NaN,NaN,NaN,NaN
NaN,NaN,0.0123972090514144,0.0156652388395742,0.0223906039270029,0.0431586987445674,0.0729284766906251,0.0611187399820968,-0.00310042548032167,NaN,NaN,NaN,NaN,NaN,NaN,NaN,NaN,NaN
NaN,NaN,0.0180837156804046,0.0157454629661515,0.0170029400857553,0.0444635002980552,0.0699040811353673,0.0652171553568527,0.000693540544792388,NaN,NaN,NaN,NaN,NaN,NaN,NaN,NaN,NaN
NaN,NaN,0.0174148398073157,0.0132827853085473,0.0132831632169352,0.0362006201515517,0.0663462240093698,0.0604737990991756,-0.00371642085762384,NaN,NaN,NaN,NaN,NaN,NaN,NaN,NaN,NaN
NaN,NaN,0.0111629644961795,0.0136349183740094,0.0140979028316603,0.0406106560597739,0.0662637647086134,0.060761018981187,-0.00861083763690355,NaN,NaN,NaN,NaN,NaN,NaN,NaN,NaN,NaN
NaN,NaN,0.00793615529255476,0.0118089673342183,0.0188343673022852,0.0412188469539008,0.0706171948307504,0.0603506596283599,-0.0034571220263994,NaN,NaN,NaN,NaN,NaN,NaN,NaN,NaN,NaN
NaN,NaN,0.0107182952197036,0.00807902042288333,0.0247325262995825,0.041997153229507,0.0660054344528665,0.0602219508485481,0.000577814401670668,NaN,NaN,NaN,NaN,NaN,NaN,NaN,NaN,NaN
NaN,NaN,0.00805355781631079,0.00949049566406757,0.0130444466146097,0.0394605099330268,0.0637645978325357,0.0566701845721885,0.000672418148800109,NaN,NaN,NaN,NaN,NaN,NaN,NaN,NaN,NaN
NaN,NaN,0.0094522553117713,0.00495748792309314,0.0151616222234831,0.0359732656846366,0.0591063272052755,0.047690521319358,-0.00798877003641489,NaN,NaN,NaN,NaN,NaN,NaN,NaN,NaN,NaN
NaN,NaN,0.00131551349477377,0.0051324461819604,0.0173197015198336,0.041292216546329,0.0641036178761472,0.047872129221408,-0.0119679947480715,NaN,NaN,NaN,NaN,NaN,NaN,NaN,NaN,NaN
NaN,NaN,0.0025717372627696,0.00616813276428729,0.0208538471730814,0.0444426200459323,0.0608827877634515,0.0502527946130916,-0.00509922998996141,NaN,NaN,NaN,NaN,NaN,NaN,NaN,NaN,NaN
NaN,NaN,0.00842992389516439,0.0074956399621442,0.0190961993309126,0.0428673624167762,0.0617153342658033,0.0540258803860828,0.00199884501247046,NaN,NaN,NaN,NaN,NaN,NaN,NaN,NaN,NaN
NaN,NaN,0.00996921384648886,0.0136338939191774,0.0117241851063833,0.0431928969095073,0.0606878992014875,0.0595507094161197,0.00170652148275015,NaN,NaN,NaN,NaN,NaN,NaN,NaN,NaN,NaN
NaN,NaN,0.0156867335172137,0.0130201895954087,0.0110865644188986,0.0350758805046401,0.0634881254130353,0.0599132732944175,-0.000126246838287139,NaN,NaN,NaN,NaN,NaN,NaN,NaN,NaN,NaN
NaN,NaN,0.012007078024908,0.0161660668672994,0.0176434106203184,0.040618982083591,0.069031785785531,0.0670427711205169,-0.00100588101001146,NaN,NaN,NaN,NaN,NaN,NaN,NaN,NaN,NaN
NaN,NaN,0.0174600834579905,0.0146768075646833,0.0180860496135817,0.042710453189405,0.0638028379374494,0.0730188073115035,0.0100643965318644,NaN,NaN,NaN,NaN,NaN,NaN,NaN,NaN,NaN
NaN,NaN,0.0187933276029071,0.0183281322242692,0.0212538502188787,0.0447387061188541,0.0685634609156599,0.074308689077346,0.0156896221354449,NaN,NaN,NaN,NaN,NaN,NaN,NaN,NaN,NaN
NaN,NaN,0.0204828585119685,0.0214439277769998,0.0176715179356203,0.0453236884544215,0.0643811147504797,0.0786997446314975,0.00944951874165175,NaN,NaN,NaN,NaN,NaN,NaN,NaN,NaN,NaN
NaN,NaN,0.0201075355143985,0.0225124155404046,0.022527228948699,0.0432838684985957,0.0723403092318525,0.0724624724583312,0.010477009685322,NaN,NaN,NaN,NaN,NaN,NaN,NaN,NaN,NaN
NaN,NaN,0.018155278507038,0.0258717519463971,0.0304379201503859,0.050305947578939,0.076163462906455,0.0756945715741798,0.0106517444267714,NaN,NaN,NaN,NaN,NaN,NaN,NaN,NaN,NaN
NaN,NaN,0.0238358619244536,0.0259185602189973,0.0285790561708078,0.0580095126400314,0.0774096097641935,0.073833789070098,0.0202761622980082,NaN,NaN,NaN,NaN,NaN,NaN,NaN,NaN,NaN
NaN,NaN,0.0248612853320083,0.0227375348331407,0.0362718178900347,0.0563474929998241,0.0803242396408071,0.0686748021738216,0.0216502169981444,NaN,NaN,NaN,NaN,NaN,NaN,NaN,NaN,NaN
NaN,NaN,0.0211268308194121,0.0212018397869542,0.0274814925166235,0.0501949339280448,0.0777214351886262,0.0677895241872951,0.00962745723275778,NaN,NaN,NaN,NaN,NaN,NaN,NaN,NaN,NaN
NaN,NaN,0.0180349888833007,0.0202316996874288,0.0294096841486559,0.0430649145613036,0.0801196466976156,0.0641220503942653,0.0131663712575876,NaN,NaN,NaN,NaN,NaN,NaN,NaN,NaN,NaN
NaN,NaN,0.0216264853806933,0.0241685864748433,0.0291807650598154,0.0462818703720889,0.0781304161840429,0.0703144514457866,0.0155616397872412,NaN,NaN,NaN,NaN,NaN,NaN,NaN,NaN,NaN
NaN,NaN,0.0206724199088058,0.0229783375980332,0.0239676124425993,0.047853495843204,0.0751006748372068,0.0695170344309493,0.0215422022059405,NaN,NaN,NaN,NaN,NaN,NaN,NaN,NaN,NaN
NaN,NaN,0.0251552293630084,0.0178883244516328,0.0238678864213095,0.0454520060787521,0.0714242976003637,0.0681210191445037,0.0177289391770804,NaN,NaN,NaN,NaN,NaN,NaN,NaN,NaN,NaN
NaN,NaN,0.0162585842044791,0.0140661020996049,0.0150567180486784,0.0369936226973853,0.0589571665817251,0.0679976375298186,0.00525048327593443,NaN,NaN,NaN,NaN,NaN,NaN,NaN,NaN,NaN
NaN,NaN,0.0144916417630157,0.0156456996919587,0.0159639007421598,0.0314595176945052,0.0556491460495939,0.0677225248412772,0.00837525677828429,NaN,NaN,NaN,NaN,NaN,NaN,NaN,NaN,NaN
NaN,NaN,0.0126748921902617,0.0173960087122396,0.0117016843529806,0.0348609312544189,0.0542440596812715,0.0676365637676402,0.0123401018693888,NaN,NaN,NaN,NaN,NaN,NaN,NaN,NaN,NaN
NaN,NaN,0.00912144953326788,0.0115974080981687,0.0136071330877409,0.0392459332118354,0.0519735883766164,0.065913896401374,0.0136438044622385,NaN,NaN,NaN,NaN,NaN,NaN,NaN,NaN,NaN
NaN,NaN,0.0109608861239394,0.00488449085969478,0.0163246392282114,0.0341663881311736,0.0542963441306104,0.0608853132919952,0.00901976925282118,NaN,NaN,NaN,NaN,NaN,NaN,NaN,NaN,NaN
NaN,NaN,0.00398259783105459,0.00752208952326328,0.0133273451598749,0.032570604152473,0.0486742291444292,0.060357625921218,0.00146545794753668,NaN,NaN,NaN,NaN,NaN,NaN,NaN,NaN,NaN
NaN,NaN,0.00935383314208593,0.0122631174745038,0.0171055904599295,0.0306522286603771,0.0528556812399377,0.0537186556951686,0.00985842523126242,NaN,NaN,NaN,NaN,NaN,NaN,NaN,NaN,NaN
NaN,NaN,0.00636065551952925,0.0128357318462804,0.0153514630170927,0.0382057762811504,0.0569920759492864,0.0530283407764121,0.0123297828152621,NaN,NaN,NaN,NaN,NaN,NaN,NaN,NaN,NaN
NaN,NaN,0.0105756911070785,0.0108244848670438,0.0155576578351126,0.0391469336221538,0.059777307867383,0.0539474443988487,0.0109305824056113,NaN,NaN,NaN,NaN,NaN,NaN,NaN,NaN,NaN
NaN,NaN,0.0155991146893939,0.00707259599585086,0.0145634709867106,0.0348178668985687,0.0610083300465097,0.0569075973229095,0.00857910466341612,NaN,NaN,NaN,NaN,NaN,NaN,NaN,NaN,NaN
NaN,NaN,0.0146969797642669,0.0123938751639798,0.012173119840251,0.033335890538486,0.0567353848212709,0.0662281618909522,0.0146723757400954,NaN,NaN,NaN,NaN,NaN,NaN,NaN,NaN,NaN
NaN,NaN,0.0210105831356486,0.0224486758233979,0.00896629681907749,0.0363669543633781,0.0610762607151022,0.0645797395603343,0.0286445240393126,NaN,NaN,NaN,NaN,NaN,NaN,NaN,NaN,NaN
NaN,NaN,0.020032489541336,0.0171076153637841,0.0177867597910032,0.0457444786200843,0.0627031508677949,0.074715490777938,0.0308745759442293,NaN,NaN,NaN,NaN,NaN,NaN,NaN,NaN,NaN
NaN,NaN,0.0221337954135379,0.0186258015455678,0.0228623746904001,0.0446197203467212,0.0660438608222951,0.0770383582906409,0.0300205903962099,NaN,NaN,NaN,NaN,NaN,NaN,NaN,NaN,NaN
NaN,NaN,0.0210702064068755,0.0167801995994523,0.0274205095144377,0.0416733882496677,0.0676683295362939,0.0827701644496604,0.0292476112857306,NaN,NaN,NaN,NaN,NaN,NaN,NaN,NaN,NaN
NaN,NaN,0.0199533643753966,0.0300008450867608,0.0251576936813459,0.0435480474601112,0.0663854885691156,0.082600458850114,0.0398179176166498,NaN,NaN,NaN,NaN,NaN,NaN,NaN,NaN,NaN
NaN,NaN,0.0186617689760169,0.033584984135814,0.0281541868122683,0.0515026225815139,0.0716591957801332,0.0783891671793147,0.0459951567366564,NaN,NaN,NaN,NaN,NaN,NaN,NaN,NaN,NaN
NaN,NaN,0.0233090686233481,0.0306692739250138,0.0344902723106012,0.0582235491941295,0.07403203806219,0.0786843219296619,0.0432042064979517,NaN,NaN,NaN,NaN,NaN,NaN,NaN,NaN,NaN
NaN,NaN,0.0245573575230082,0.0274037775816396,0.037801794615613,0.0559310986767135,0.074484958856677,0.0765725107388183,0.0359328868701899,NaN,NaN,NaN,NaN,NaN,NaN,NaN,NaN,NaN
NaN,NaN,0.0254296528728446,0.0237931144656613,0.0350393801005945,0.0487294606039844,0.0759620178335657,0.0782530078189059,0.0365363838985407,NaN,NaN,NaN,NaN,NaN,NaN,NaN,NaN,NaN
NaN,NaN,0.0257191638083896,0.0321323071839288,0.0246845445605383,0.0489307939181648,0.0736708897942056,0.072598743577449,0.0428453679099524,NaN,NaN,NaN,NaN,NaN,NaN,NaN,NaN,NaN
NaN,NaN,0.0275749357970199,0.0308678505243734,0.0246908589275942,0.0555056705246291,0.0755328085118284,0.0797491775350257,0.0419459524467432,NaN,NaN,NaN,NaN,NaN,NaN,NaN,NaN,NaN
NaN,NaN,0.0305739807517966,0.0240716171683744,0.0289826168688402,0.0545633397171817,0.0766352522963037,0.0772047856347247,0.0378304938688719,NaN,NaN,NaN,NaN,NaN,NaN,NaN,NaN,NaN
NaN,NaN,0.0305531004996737,0.0252036770107225,0.029087185767518,0.0509883835087142,0.0712715793245782,0.0794443556563541,0.0312334145322287,NaN,NaN,NaN,NaN,NaN,NaN,NaN,NaN,NaN
NaN,NaN,0.0311440991790732,0.0252858941676095,0.0239576472910509,0.0454970820913635,0.0645256001347055,0.0739562766151115,0.0345469671204531,NaN,NaN,NaN,NaN,NaN,NaN,NaN,NaN,NaN
NaN,NaN,0.0280416215391597,0.0285138395847753,0.0219384654434786,0.0465909763346038,0.0588722672158231,0.0706176341967269,0.0344879585221255,NaN,NaN,NaN,NaN,NaN,NaN,NaN,NaN,NaN
NaN,NaN,0.0241230445535621,0.0288939495803788,0.0261988936933146,0.0437797232637725,0.0611752789312353,0.0734168173269912,0.0314124892368757,NaN,NaN,NaN,NaN,NaN,NaN,NaN,NaN,NaN
NaN,NaN,0.021650196853443,0.0229910967173055,0.0318129806789026,0.0398964061508498,0.061133537053441,0.0682663799719497,0.0314729134455168,NaN,NaN,NaN,NaN,NaN,NaN,NaN,NaN,NaN
NaN,NaN,0.0161154585512122,0.025219323229976,0.0299874953003988,0.0383308156500182,0.0583939026885976,0.0662988492743656,0.032898991824671,NaN,NaN,NaN,NaN,NaN,NaN,NaN,NaN,NaN
NaN,NaN,0.017575269434019,0.0257843007566407,0.0274943075152502,0.0356092675695739,0.0537492666238298,0.0536285781757518,0.0401918250039065,NaN,NaN,NaN,NaN,NaN,NaN,NaN,NaN,NaN
NaN,NaN,0.0171463767619571,0.0248054621042684,0.0262614599438772,0.0416515394220672,0.053129992991065,0.0598005273835346,0.0344970296040022,NaN,NaN,NaN,NaN,NaN,NaN,NaN,NaN,NaN
NaN,NaN,0.0179424712987384,0.0256440808298066,0.0278344451459513,0.0389226711461864,0.0564250867658605,0.0617133708195373,0.0306557151391947,NaN,NaN,NaN,NaN,NaN,NaN,NaN,NaN,NaN
NaN,NaN,0.0205157155724009,0.0237594192149118,0.0251701734038458,0.0399116798410735,0.0608843523853769,0.0644492053882762,0.0338677721932375,NaN,NaN,NaN,NaN,NaN,NaN,NaN,NaN,NaN
NaN,NaN,0.0205543282063445,0.0298525226535276,0.0152751876982317,0.0423136538932643,0.0581646483236303,0.0653236614064857,0.037605113805815,NaN,NaN,NaN,NaN,NaN,NaN,NaN,NaN,NaN
NaN,NaN,0.0213477405341109,0.0272599254967645,0.0154418199332819,0.0413413717518172,0.0545623671108236,0.0614774481849357,0.0415182146146738,NaN,NaN,NaN,NaN,NaN,NaN,NaN,NaN,NaN
NaN,NaN,0.02153532752709,0.0258599241496995,0.0162650159569845,0.0412986426720939,0.0577638257139673,0.0706494109229728,0.0358207556322062,NaN,NaN,NaN,NaN,NaN,NaN,NaN,NaN,NaN
NaN,NaN,0.0235751102300128,0.0231964905979112,0.0194860137077436,0.0424951127837024,0.0583129707568635,0.0736102902786418,0.0353430616572344,NaN,NaN,NaN,NaN,NaN,NaN,NaN,NaN,NaN
NaN,NaN,0.0270474160643062,0.0244803746463731,0.0228485166104898,0.0451297125885806,0.0678153667443742,0.0717819736795112,0.0423237341359103,NaN,NaN,NaN,NaN,NaN,NaN,NaN,NaN,NaN
NaN,NaN,0.0238938088150462,0.0274970774771646,0.0229588410826788,0.047703478402885,0.0593511346572389,0.0697975115375205,0.0458434070363486,NaN,NaN,NaN,NaN,NaN,NaN,NaN,NaN,NaN
NaN,NaN,0.024556742850109,0.0293667634250596,0.0298614687296019,0.0484964995751701,0.060850228726243,0.0693583743171378,0.0471627372220003,NaN,NaN,NaN,NaN,NaN,NaN,NaN,NaN,NaN
NaN,NaN,0.0243778730364284,0.0296086837770417,0.0354282072754965,0.045751277274879,0.0614680681222429,0.0731276602940246,0.0465668956652128,NaN,NaN,NaN,NaN,NaN,NaN,NaN,NaN,NaN
NaN,NaN,0.0271781178744277,0.0335456823231652,0.0361337958844767,0.0510284490058742,0.0660841312104215,0.0707984597878143,0.0529323737040007,NaN,NaN,NaN,NaN,NaN,NaN,NaN,NaN,NaN
NaN,NaN,0.0283510068984469,0.0346453880192712,0.0363322793515787,0.0513858906100116,0.071006878822421,0.0645917163686439,0.0554341110303843,NaN,NaN,NaN,NaN,NaN,NaN,NaN,NaN,NaN
NaN,NaN,0.0238579156430205,0.0282645617844537,0.0326649918230639,0.050757583148273,0.060610282778119,0.063505179573743,0.052900112690016,NaN,NaN,NaN,NaN,NaN,NaN,NaN,NaN,NaN
NaN,NaN,0.0200745480688056,0.0265172888757661,0.0311380139561758,0.0466179101834617,0.0648438889378061,0.0649806739287063,0.047019332171961,NaN,NaN,NaN,NaN,NaN,NaN,NaN,NaN,NaN
NaN,NaN,0.021480882409378,0.0282081050099805,0.0276398918601141,0.0474016367564521,0.0651328038269033,0.074107635159938,0.048301781983658,NaN,NaN,NaN,NaN,NaN,NaN,NaN,NaN,NaN
NaN,NaN,0.0233260186942061,0.0331431274535134,0.0280657670470343,0.0530645809243045,0.071220188944911,0.0732936406032726,0.0527614573851072,NaN,NaN,NaN,NaN,NaN,NaN,NaN,NaN,NaN
NaN,NaN,0.0276823731692275,0.0344534424366429,0.0323822981687651,0.0527640431294761,0.0690362188809862,0.0699047998981162,0.052975102783724,NaN,NaN,NaN,NaN,NaN,NaN,NaN,NaN,NaN
NaN,NaN,0.0262760947080096,0.0269549359800294,0.0299776791604624,0.0513087771008334,0.0585711892539014,0.0713105940715953,0.0477022337630236,NaN,NaN,NaN,NaN,NaN,NaN,NaN,NaN,NaN
NaN,NaN,0.02507012510614,0.0264221822144464,0.0322914383383856,0.046347025699409,0.0592380534702291,0.0690908612208053,0.0431326809242213,NaN,NaN,NaN,NaN,NaN,NaN,NaN,NaN,NaN
NaN,NaN,0.0264779495628318,0.0283588116290048,0.0279647185476885,0.0462754442463241,0.0611107196503629,0.0748422065274402,0.0508714313521826,NaN,NaN,NaN,NaN,NaN,NaN,NaN,NaN,NaN
NaN,NaN,0.0254842842550715,0.0373410639585927,0.0310306324633226,0.051481705076488,0.0652271468037118,0.066906872530429,0.0586783359661543,NaN,NaN,NaN,NaN,NaN,NaN,NaN,NaN,NaN
NaN,NaN,0.0255115533800563,0.0312362258555368,0.0399869753988848,0.0483947060177646,0.061490885525321,0.0634928116099521,0.0600927355602228,NaN,NaN,NaN,NaN,NaN,NaN,NaN,NaN,NaN
NaN,NaN,0.0218587758572539,0.0263434109510854,0.0385810135873423,0.0489700212250076,0.0580772716396799,0.0605579161541148,0.0534003074183905,NaN,NaN,NaN,NaN,NaN,NaN,NaN,NaN,NaN
NaN,NaN,0.0220607052178821,0.0304983576061204,0.0378515644940004,0.0497226975033603,0.0619517225616922,0.0607904115216419,0.0535436193361723,NaN,NaN,NaN,NaN,NaN,NaN,NaN,NaN,NaN
NaN,NaN,0.023434182498022,0.0341339801670983,0.0335425957115755,0.0505793466339431,0.0677806470387926,0.0622149252788707,0.0587845439925635,NaN,NaN,NaN,NaN,NaN,NaN,NaN,NaN,NaN
NaN,NaN,0.0257165002258262,0.0452122112037614,0.0353476292463408,0.0538872926602683,0.0657866481536378,0.0597325780884906,0.0606437246218168,NaN,NaN,NaN,NaN,NaN,NaN,NaN,NaN,NaN
NaN,NaN,0.025575181338354,0.0365445410134271,0.0367958358498678,0.0519501044521651,0.0630382593565931,0.0627063842014953,0.0592857445493185,NaN,NaN,NaN,NaN,NaN,NaN,NaN,NaN,NaN
NaN,NaN,0.027864111456438,0.0322038886370137,0.0358486435385809,0.0519902817080341,0.0611523683958997,0.0668358312444373,0.0551323997691118,NaN,NaN,NaN,NaN,NaN,NaN,NaN,NaN,NaN
NaN,NaN,0.0315032730431994,0.0332742204191163,0.0320500209005938,0.0527505203256927,0.0659464817338934,0.0734686174885913,0.0580805758848631,NaN,NaN,NaN,NaN,NaN,NaN,NaN,NaN,NaN
NaN,NaN,0.0349465588660678,0.036988074076362,0.0335695668133364,0.0529146752426944,0.0702904868715753,0.0728899122671767,0.0625980305388415,NaN,NaN,NaN,NaN,NaN,NaN,NaN,NaN,NaN
NaN,NaN,0.0372728350193938,0.04133552510757,0.0337635054262743,0.0548749043712936,0.0669035460644712,0.0692577542261764,0.0578345577135527,NaN,NaN,NaN,NaN,NaN,NaN,NaN,NaN,NaN
NaN,NaN,0.0366667861671885,0.0331750531913713,0.0389788559647665,0.0506627745101772,0.0623501982384672,0.0681587004558726,0.0541778500094855,NaN,NaN,NaN,NaN,NaN,NaN,NaN,NaN,NaN
NaN,NaN,0.0329120474489173,0.0360376780154184,0.0342213436039553,0.052805393851789,0.0631411146217336,0.0692198121444865,0.0568059119298899,NaN,NaN,NaN,NaN,NaN,NaN,NaN,NaN,NaN
NaN,NaN,0.0310420262248954,0.037666188669391,0.0355667508216963,0.0560444778869472,0.0666773836904516,0.0696832755105182,0.0627131792619669,NaN,NaN,NaN,NaN,NaN,NaN,NaN,NaN,NaN
NaN,NaN,0.0321894342632731,0.0427738038124517,0.0420242621573076,0.058443918741735,0.0724149454229822,0.0651774996416255,0.0704282554700815,NaN,NaN,NaN,NaN,NaN,NaN,NaN,NaN,NaN
NaN,NaN,0.0309863703878364,0.043915065121837,0.0408018826516733,0.0580407864520869,0.0691014300876607,0.0624836490945503,0.0639830375924551,NaN,NaN,NaN,NaN,NaN,NaN,NaN,NaN,NaN
NaN,NaN,0.0265614333184203,0.0318407287122682,0.0418628639551268,0.0524403712818942,0.0659461092048635,0.0599909083442374,0.0592494974747145,NaN,NaN,NaN,NaN,NaN,NaN,NaN,NaN,NaN
NaN,NaN,0.0235858949454268,0.0316092019202188,0.0336312576206789,0.0501532293031535,0.0661363411539545,0.0606744432346507,0.0580440121605837,NaN,NaN,NaN,NaN,NaN,NaN,NaN,NaN,NaN
NaN,NaN,0.0203883106441936,0.0321622026385739,0.0346810071738825,0.0531068257162891,0.0643616873615732,0.0647113726930305,0.0611053253426993,NaN,NaN,NaN,NaN,NaN,NaN,NaN,NaN,NaN
NaN,NaN,0.0249507109256228,0.0338179451646283,0.0372422746392355,0.0527769885132632,0.0674505118125429,0.0590830550985023,0.0644397023036921,NaN,NaN,NaN,NaN,NaN,NaN,NaN,NaN,NaN
NaN,NaN,0.0301876681478461,0.0319966879906133,0.0351817420693502,0.0527849047551475,0.059835273384427,0.0655453720585986,0.0586381959631884,NaN,NaN,NaN,NaN,NaN,NaN,NaN,NaN,NaN
NaN,NaN,0.0306184607179603,0.0243848954560235,0.0374412982734308,0.0477871484229884,0.0581732537442197,0.0607463972167655,0.0576141136601412,NaN,NaN,NaN,NaN,NaN,NaN,NaN,NaN,NaN
NaN,NaN,0.0316580588551005,0.0291259234072641,0.0349398217173681,0.0462135485480151,0.0577752437287321,0.0655119375781699,0.0567185911252939,NaN,NaN,NaN,NaN,NaN,NaN,NaN,NaN,NaN
NaN,NaN,0.0320976244838675,0.0352783893467858,0.0355761013003454,0.0492576322625003,0.0606301758283128,0.069241660972087,0.0597373614922011,NaN,NaN,NaN,NaN,NaN,NaN,NaN,NaN,NaN
NaN,NaN,0.0346610339911422,0.0405908768298104,0.0383631586106882,0.0519466771850906,0.061900071411704,0.0642223724620029,0.0626729461267435,NaN,NaN,NaN,NaN,NaN,NaN,NaN,NaN,NaN
NaN,NaN,0.0308212096424541,0.0382016060175374,0.0393019317659006,0.0523921287725291,0.0590085942142953,0.0675493174688503,0.058659635008856,NaN,NaN,NaN,NaN,NaN,NaN,NaN,NaN,NaN
NaN,NaN,0.0288333574862918,0.0346000512363389,0.0410585179003344,0.0505775584945998,0.0663984525793542,0.0563513742284461,0.0621254588380301,NaN,NaN,NaN,NaN,NaN,NaN,NaN,NaN,NaN
NaN,NaN,0.0278650055261096,0.0365403500618413,0.0415714903744326,0.0516204907665572,0.0676035839909067,0.0596642562644168,0.0590284014955008,NaN,NaN,NaN,NaN,NaN,NaN,NaN,NaN,NaN
NaN,NaN,0.0244414637418231,0.0387384576024488,0.0376069805594549,0.0555084458659015,0.0708785984509935,0.0575724685089275,0.063164703072592,NaN,NaN,NaN,NaN,NaN,NaN,NaN,NaN,NaN
NaN,NaN,0.0270072015555343,0.0410636347951368,0.0386224946948156,0.0579229368934951,0.0713810283535471,0.0578309105233833,0.0623291390850985,NaN,NaN,NaN,NaN,NaN,NaN,NaN,NaN,NaN
NaN,NaN,0.0236282887490233,0.0375650284113363,0.0376931465240583,0.0605346820423923,0.0693423073583593,0.0630017065899059,0.0624425369217837,NaN,NaN,NaN,NaN,NaN,NaN,NaN,NaN,NaN
NaN,NaN,0.0276855210395297,0.0356482734205201,0.0423161386521921,0.0561236030528865,0.0728191580468168,0.0615214066104575,0.0681130248024904,NaN,NaN,NaN,NaN,NaN,NaN,NaN,NaN,NaN
NaN,NaN,0.0344321894081077,0.0378376824082807,0.0474832094284162,0.0584912858078799,0.0765940319591512,0.0702330538527652,0.072102047027632,NaN,NaN,NaN,NaN,NaN,NaN,NaN,NaN,NaN
NaN,NaN,0.0378976593347033,0.0427383390488103,0.0466973966928587,0.0655931047270618,0.0745738070302953,0.075254484404771,0.0802573780432188,NaN,NaN,NaN,NaN,NaN,NaN,NaN,NaN,NaN
NaN,NaN,0.0467146950395545,0.0463524666847661,0.0500111169191465,0.0674415378938041,0.0777766812437524,0.0802671977774783,0.0754654626265013,NaN,NaN,NaN,NaN,NaN,NaN,NaN,NaN,NaN
NaN,NaN,0.0483662279875716,0.0494451840640977,0.0479918419393167,0.0685486382911525,0.0758116092377653,0.0812918575005218,0.0739489528253519,NaN,NaN,NaN,NaN,NaN,NaN,NaN,NaN,NaN
NaN,NaN,0.0498876924248179,0.0510181692661718,0.055066056457387,0.0640092416773162,0.0806929502480974,0.0812672892110034,0.0776019166126692,NaN,NaN,NaN,NaN,NaN,NaN,NaN,NaN,NaN
NaN,NaN,0.0491323339374503,0.0540938993217424,0.0598928778442011,0.0671975686321578,0.085307914375638,0.0825987265901252,0.081810693712517,NaN,NaN,NaN,NaN,NaN,NaN,NaN,NaN,NaN
NaN,NaN,0.0486101599963149,0.0592450631083921,0.0571119300099478,0.0768503359625659,0.0854933034473409,0.0835701519148036,0.0847663576617682,NaN,NaN,NaN,NaN,NaN,NaN,NaN,NaN,NaN
NaN,NaN,0.0515566038520774,0.0600653347792104,0.0582789517017469,0.0768247059653125,0.0892562005513658,0.0792554275588676,0.078135229171797,NaN,NaN,NaN,NaN,NaN,NaN,NaN,NaN,NaN
NaN,NaN,0.0432867015333613,0.0553310496034101,0.0539198777648077,0.0742981954584441,0.085743810593461,0.0745066882567092,0.070474430443331,NaN,NaN,NaN,NaN,NaN,NaN,NaN,NaN,NaN
NaN,NaN,0.0388558412523707,0.0473243204178289,0.0517555213543043,0.0648882611761413,0.0870818231099596,0.0670598143236324,0.0651355120256388,NaN,NaN,NaN,NaN,NaN,NaN,NaN,NaN,NaN
NaN,NaN,0.0362106057436904,0.0429136512102559,0.0482875368567572,0.069011151708158,0.0794018018835535,0.0651183606581374,0.0651709767892801,NaN,NaN,NaN,NaN,NaN,NaN,NaN,NaN,NaN
NaN,NaN,0.0319898704619845,0.0450659749330953,0.041426334437953,0.0688703543613277,0.0731639336639394,0.0695364990727588,0.0651755030169928,NaN,NaN,NaN,NaN,NaN,NaN,NaN,NaN,NaN
NaN,NaN,0.0366038660140475,0.0420285781146959,0.0420272982689009,0.064683034933599,0.0720102112585058,0.0682895140247032,0.061885922671839,NaN,NaN,NaN,NaN,NaN,NaN,NaN,NaN,NaN
NaN,NaN,0.0333865376742324,0.0348863584222272,0.0437886900278196,0.0586919113169036,0.0683255452507486,0.0677994148330375,0.0602548229411089,NaN,NaN,NaN,NaN,NaN,NaN,NaN,NaN,NaN
NaN,NaN,0.0307168083818397,0.0345442650141194,0.046668730584012,0.0530047900150142,0.0680785957568635,0.0642206215755626,0.0574609483495199,NaN,NaN,NaN,NaN,NaN,NaN,NaN,NaN,NaN
NaN,NaN,0.0320667232008418,0.0328023565234616,0.0436730570169554,0.0573581270048938,0.0631282437437524,0.0658256442742034,0.061258472026869,NaN,NaN,NaN,NaN,NaN,NaN,NaN,NaN,NaN
NaN,NaN,0.0290847959549865,0.0418517199577764,0.0387039481671915,0.0574255733857475,0.0607938837104787,0.0700086051122829,0.0596186364903891,NaN,NaN,NaN,NaN,NaN,NaN,NaN,NaN,NaN
NaN,NaN,0.0315562652976951,0.0379230474354699,0.0429740249189005,0.0525242089400611,0.0613469775610914,0.0636594997243568,0.0580097581162893,NaN,NaN,NaN,NaN,NaN,NaN,NaN,NaN,NaN
NaN,NaN,0.0260614062281093,0.0372332354309037,0.0448271892043219,0.0506193562517486,0.0647075619393339,0.0569201142983123,0.0514911706462347,NaN,NaN,NaN,NaN,NaN,NaN,NaN,NaN,NaN
NaN,NaN,0.0253083760471782,0.0375529025914147,0.0461340024145708,0.0526013224492393,0.0617541890436163,0.0528868169979736,0.0502842324688875,NaN,NaN,NaN,NaN,NaN,NaN,NaN,NaN,NaN
NaN,NaN,0.0257730873854598,0.0371505153598264,0.0397377348514662,0.0577124766180835,0.0630513351255407,0.052708859880416,0.0551231424227202,NaN,NaN,NaN,NaN,NaN,NaN,NaN,NaN,NaN
NaN,NaN,0.0271862390072783,0.0413542819442227,0.0331307648690805,0.0555390118728004,0.0641231383973112,0.0590172478453799,0.0530152614131415,NaN,NaN,NaN,NaN,NaN,NaN,NaN,NaN,NaN
NaN,NaN,0.0333683023782214,0.0337522682966664,0.0315986274751291,0.0529498606095634,0.0701888795786848,0.0560073809222862,0.0581568512037241,NaN,NaN,NaN,NaN,NaN,NaN,NaN,NaN,NaN
NaN,NaN,0.0316125358076533,0.0338322130264714,0.0363203211697206,0.0547074898252807,0.0720982584947099,0.0611188144879028,0.0522975842371428,NaN,NaN,NaN,NaN,NaN,NaN,NaN,NaN,NaN
NaN,NaN,0.0339979509444674,0.0349633787991479,0.0368046834143267,0.0594154744515739,0.0720207352035989,0.0646297329561397,0.0599820944383585,NaN,NaN,NaN,NaN,NaN,NaN,NaN,NaN,NaN
NaN,NaN,0.0400531123013934,0.0363038500072435,0.0372251569303141,0.0672296433816276,0.0746254581802835,0.0725633533196136,0.067099224300667,NaN,NaN,NaN,NaN,NaN,NaN,NaN,NaN,NaN
NaN,NaN,0.039216039571329,0.0394233708502725,0.0412508732648954,0.0640550254950843,0.0739354412847509,0.0789259815113231,0.0652116010799849,NaN,NaN,NaN,NaN,NaN,NaN,NaN,NaN,NaN
NaN,NaN,0.0427223386795959,0.0388752875151113,0.0444737895401583,0.0613834149310909,0.0793347094052782,0.0727000901000186,0.0643247025921786,NaN,NaN,NaN,NaN,NaN,NaN,NaN,NaN,NaN
NaN,NaN,0.0351211259694537,0.0456274134339765,0.0509356408389673,0.0622450186977706,0.0754164863222589,0.0768567876414939,0.062846209378525,NaN,NaN,NaN,NaN,NaN,NaN,NaN,NaN,NaN
NaN,NaN,0.0324425118596992,0.0452161227585748,0.051769621578084,0.0675497203240714,0.0791012454622736,0.0732604110138103,0.0731709445729696,NaN,NaN,NaN,NaN,NaN,NaN,NaN,NaN,NaN
NaN,NaN,0.0379655713768443,0.0475922060431913,0.0540481581362352,0.0733106582532249,0.0815428007238855,0.0762702406840011,0.0759123670771563,NaN,NaN,NaN,NaN,NaN,NaN,NaN,NaN,NaN
NaN,NaN,0.04136800939159,0.0500803833128885,0.0555372498007879,0.0689187458823047,0.0817639153295507,0.0749257647888347,0.0708081605747187,NaN,NaN,NaN,NaN,NaN,NaN,NaN,NaN,NaN
NaN,NaN,0.0337807478936156,0.0487337840022519,0.0527569725187883,0.0621859169671855,0.0804825085991373,0.0696967238084956,0.0624494287088358,NaN,NaN,NaN,NaN,NaN,NaN,NaN,NaN,NaN
NaN,NaN,0.0283179821999511,0.0479517151834443,0.0475448257299528,0.0588398053417526,0.0760446820252885,0.0689052486316844,0.0583248804226362,NaN,NaN,NaN,NaN,NaN,NaN,NaN,NaN,NaN
NaN,NaN,0.0258275511296233,0.0395878424169496,0.0367629974158869,0.0604800134072623,0.0715118791752805,0.0671569698946162,0.0624597477629626,NaN,NaN,NaN,NaN,NaN,NaN,NaN,NaN,NaN
NaN,NaN,0.0343699211807689,0.0328240935923532,0.0380566230984793,0.060914456761869,0.0729210261100282,0.0683912330763026,0.0628096456542456,NaN,NaN,NaN,NaN,NaN,NaN,NaN,NaN,NaN
NaN,NaN,0.0374646129639586,0.0330283326329663,0.0368767491551504,0.0568860582182727,0.0730461027317991,0.0733219155566379,0.057454745741173,NaN,NaN,NaN,NaN,NaN,NaN,NaN,NaN,NaN
NaN,NaN,0.0364849547477206,0.0342899766983464,0.0391941404911146,0.0575656443009696,0.0723431777053823,0.0716630251602813,0.0622754017725432,NaN,NaN,NaN,NaN,NaN,NaN,NaN,NaN,NaN
NaN,NaN,0.035090150180622,0.035055281710811,0.0382921545775995,0.0589208117792926,0.0745701934987058,0.0714927793936416,0.0594111937001192,NaN,NaN,NaN,NaN,NaN,NaN,NaN,NaN,NaN
NaN,NaN,0.0352074781985721,0.0338543971301988,0.0392515285881624,0.0607251561353526,0.07121655678687,0.0709719651834651,0.0604978050008261,NaN,NaN,NaN,NaN,NaN,NaN,NaN,NaN,NaN
NaN,NaN,0.0375717336864909,0.0321582538308576,0.0422794817956553,0.0558335892031512,0.0727576535039892,0.0654713319139167,0.0586622799649679,NaN,NaN,NaN,NaN,NaN,NaN,NaN,NaN,NaN
NaN,NaN,0.0274007784755668,0.0369681810261682,0.0461132898005114,0.0531290284464679,0.0702708545917024,0.0686858104066535,0.0516038234248602,NaN,NaN,NaN,NaN,NaN,NaN,NaN,NaN,NaN
NaN,NaN,0.0222875008912524,0.0393030812265351,0.0433088167580233,0.0577279365728221,0.0706853490167608,0.0599892692165061,0.0578052583053553,NaN,NaN,NaN,NaN,NaN,NaN,NaN,NaN,NaN
NaN,NaN,0.0200026872189483,0.0385222603799775,0.0403711273344622,0.0631307809720359,0.0668561789983263,0.0602192500130817,0.0559760290101015,NaN,NaN,NaN,NaN,NaN,NaN,NaN,NaN,NaN
NaN,NaN,0.0204651075036963,0.0363991429330781,0.0398940666588411,0.062361452646049,0.0642199586921682,0.0591281311111137,0.0555324959471667,NaN,NaN,NaN,NaN,NaN,NaN,NaN,NaN,NaN
NaN,NaN,0.0275198760064086,0.0354339388431981,0.0374606139036283,0.0556286609838329,0.0670901086026182,0.0642465309695884,0.0526113840654337,NaN,NaN,NaN,NaN,NaN,NaN,NaN,NaN,NaN
NaN,NaN,0.0245290639431914,0.0400237200083211,0.0339455417367086,0.0545242241690479,0.0615744810396184,0.0678249144451305,0.0532934474661791,NaN,NaN,NaN,NaN,NaN,NaN,NaN,NaN,NaN
NaN,NaN,0.0281036848755321,0.0391261485638097,0.0304076335402594,0.0552689469526134,0.0665844935768594,0.0655104288355991,0.057297352226063,NaN,NaN,NaN,NaN,NaN,NaN,NaN,NaN,NaN
NaN,NaN,0.0333927961619338,0.0358904731692746,0.0326083115311728,0.0576766020725093,0.0624655704790105,0.0704366409675762,0.0593495028927767,NaN,NaN,NaN,NaN,NaN,NaN,NaN,NaN,NaN
NaN,NaN,0.0367400067480048,0.0357094240607694,0.0350742674442396,0.0562749429712615,0.0673133838766565,0.0673362308637782,0.0598912532344305,NaN,NaN,NaN,NaN,NaN,NaN,NaN,NaN,NaN
NaN,NaN,0.044239444527193,0.0338728000642732,0.0408491752120123,0.0523350386987052,0.0700142752223959,0.0726715730027839,0.0576391289844954,NaN,NaN,NaN,NaN,NaN,NaN,NaN,NaN,NaN
NaN,NaN,0.0366199406416854,0.0392700751544908,0.036749381479846,0.0544601491759143,0.0697869952612867,0.0713588552074119,0.0580917890086615,NaN,NaN,NaN,NaN,NaN,NaN,NaN,NaN,NaN
NaN,NaN,0.0338593887718162,0.0377031249227002,0.0362171306284533,0.0571488960752807,0.070883348196124,0.0664227710561439,0.0569498571470225,NaN,NaN,NaN,NaN,NaN,NaN,NaN,NaN,NaN
NaN,NaN,0.0315327773423633,0.0330019389512017,0.0416292137476072,0.0584167613754592,0.0723242904835691,0.0666703538493797,0.0598390060379946,NaN,NaN,NaN,NaN,NaN,NaN,NaN,NaN,NaN
NaN,NaN,0.0258281285496196,0.0339865145506337,0.0435112862857447,0.0595748237440906,0.0739240418964376,0.0659459338979408,0.0589344124212706,NaN,NaN,NaN,NaN,NaN,NaN,NaN,NaN,NaN
NaN,NaN,0.026315117123886,0.0328217652859166,0.0458523332151041,0.061620343394073,0.0766716483825197,0.0676066869394466,0.0606513055875742,NaN,NaN,NaN,NaN,NaN,NaN,NaN,NaN,NaN
NaN,NaN,0.0177565606863936,0.0359192882897332,0.0367539263340101,0.0621457397113166,0.0698731984787931,0.0665261664883777,0.0543887945726359,NaN,NaN,NaN,NaN,NaN,NaN,NaN,NaN,NaN
NaN,NaN,0.0171865726442775,0.0329177473904565,0.0328134260150061,0.0595504789719901,0.065234001337861,0.0619713099198028,0.0491088847532713,NaN,NaN,NaN,NaN,NaN,NaN,NaN,NaN,NaN
NaN,NaN,0.0172898376913508,0.0253448841394857,0.0306183732124434,0.0538006424079261,0.0627759430402269,0.0580469401077911,0.0487916762843573,NaN,NaN,NaN,NaN,NaN,NaN,NaN,NaN,NaN
NaN,NaN,0.0210093165369472,0.0271206555189565,0.0330032481821642,0.0544413550863586,0.0607141811245431,0.0650296428696796,0.0501896473482096,NaN,NaN,NaN,NaN,NaN,NaN,NaN,NaN,NaN
NaN,NaN,0.0296172330708941,0.0271045808913186,0.0334234795542822,0.0548684409926257,0.0681244913333406,0.0673286685244724,0.0579917277112448,NaN,NaN,NaN,NaN,NaN,NaN,NaN,NaN,NaN
NaN,NaN,0.0278455222578486,0.0337832068325952,0.0332501045437918,0.0592884793052993,0.0623355392211427,0.07331670015022,0.0531881893887961,NaN,NaN,NaN,NaN,NaN,NaN,NaN,NaN,NaN
NaN,NaN,0.0344407762022456,0.0348181111039594,0.0354237555535898,0.0558017379710994,0.0674908753329267,0.0715543956951782,0.0542945074751818,NaN,NaN,NaN,NaN,NaN,NaN,NaN,NaN,NaN
NaN,NaN,0.0352098810108146,0.0341435914160684,0.0410819127234087,0.0510540790031276,0.0687150616043558,0.0714136356012508,0.0558265144839728,NaN,NaN,NaN,NaN,NaN,NaN,NaN,NaN,NaN
NaN,NaN,0.0393009948165854,0.0402961877407506,0.0410571954222784,0.0564471072624049,0.0723585817807664,0.0721160204605743,0.0601427662089312,NaN,NaN,NaN,NaN,NaN,NaN,NaN,NaN,NaN
NaN,NaN,0.0375504809053382,0.0425858442904428,0.0428897402258978,0.0600889696846328,0.0783392373317232,0.0693057545916721,0.0642030532374823,NaN,NaN,NaN,NaN,NaN,NaN,NaN,NaN,NaN
NaN,NaN,0.0345388444693526,0.0448607673170045,0.0397948621781931,0.0647904350529037,0.0714284140461435,0.070479463179557,0.0538850421920263,NaN,NaN,NaN,NaN,NaN,NaN,NaN,NaN,NaN
NaN,NaN,0.0292607227893313,0.0390581620158628,0.0415982007058725,0.0622635892699085,0.0745158601397028,0.0626872175829097,0.0524963843539202,NaN,NaN,NaN,NaN,NaN,NaN,NaN,NaN,NaN
NaN,NaN,0.0290232727857074,0.034913441282697,0.0419892816814051,0.0564105062852226,0.0701974849992742,0.0633160279588386,0.052158928932234,NaN,NaN,NaN,NaN,NaN,NaN,NaN,NaN,NaN
NaN,NaN,0.0262527930171927,0.0372005460085347,0.0370754002603159,0.0587011686632953,0.0707983929508676,0.0626066209273025,0.0535640525534594,NaN,NaN,NaN,NaN,NaN,NaN,NaN,NaN,NaN
NaN,NaN,0.0280668790073832,0.0357722883345559,0.0378242953690157,0.0608197971353851,0.0682448554628839,0.0615638562934085,0.0540866176500761,NaN,NaN,NaN,NaN,NaN,NaN,NaN,NaN,NaN
NaN,NaN,0.0277819688053569,0.036239476990886,0.0312288179072008,0.0598880647788367,0.0605409923785677,0.0650833429293319,0.0449482384040796,NaN,NaN,NaN,NaN,NaN,NaN,NaN,NaN,NaN
NaN,NaN,0.0282911042304477,0.0290457551600412,0.032721597609149,0.0544977559814773,0.0566125433736791,0.062837775190322,0.0480438428833925,NaN,NaN,NaN,NaN,NaN,NaN,NaN,NaN,NaN
NaN,NaN,0.0324225256772479,0.0264011343242601,0.0342788620861635,0.0532302445838771,0.0606366578334322,0.0654207238452121,0.0515298764124357,NaN,NaN,NaN,NaN,NaN,NaN,NaN,NaN,NaN
NaN,NaN,0.0330369564326247,0.0323831868590787,0.0308706871243582,0.0550163536439262,0.0619595829242219,0.0676264868573829,0.0518810036495173,NaN,NaN,NaN,NaN,NaN,NaN,NaN,NaN,NaN
NaN,NaN,0.035042894873186,0.0334924292983487,0.0297903156849012,0.0513387470612846,0.0657889578336229,0.0644080036775752,0.047600738228842,NaN,NaN,NaN,NaN,NaN,NaN,NaN,NaN,NaN
NaN,NaN,0.0294588337274035,0.0363492985488847,0.0237683466645346,0.0514150782595,0.0627750862234582,0.0645570711688682,0.0429054382160151,NaN,NaN,NaN,NaN,NaN,NaN,NaN,NaN,NaN
NaN,NaN,0.0272575596900424,0.0313942899229005,0.0254405177208052,0.0468708760211787,0.0608600262397279,0.0630920635060951,0.0488142701700175,NaN,NaN,NaN,NaN,NaN,NaN,NaN,NaN,NaN
NaN,NaN,0.0264294835360488,0.0285965224029496,0.0304076335402594,0.0453797168205104,0.0672974210077276,0.0596296855704471,0.047986957700535,NaN,NaN,NaN,NaN,NaN,NaN,NaN,NaN,NaN
NaN,NaN,0.0219463760586223,0.0264601056696847,0.0256542935045824,0.0505283660362087,0.0613127607697,0.0554388457433864,0.0429212706997835,NaN,NaN,NaN,NaN,NaN,NaN,NaN,NaN,NaN
NaN,NaN,0.0184792483778438,0.0232947265030816,0.0209122038456068,0.0404734908709846,0.0603436264985551,0.047347664226739,0.0304366494431937,NaN,NaN,NaN,NaN,NaN,NaN,NaN,NaN,NaN
NaN,NaN,0.00940254131273832,0.0172946435632184,0.0116183309825525,0.0340026243696532,0.0471621338122835,0.0438374163107558,0.0219249571576559,NaN,NaN,NaN,NaN,NaN,NaN,NaN,NaN,NaN
NaN,NaN,0.00765869567112532,0.00963583786506206,0.00568260243259525,0.0323880463013969,0.0436984333985796,0.0387348303095981,0.027178249777838,NaN,NaN,NaN,NaN,NaN,NaN,NaN,NaN,NaN
NaN,NaN,0.00999845737533178,0.00604670692700893,0.0118755622776613,0.0318532436261497,0.0429906468683233,0.0379504704372569,0.0262829880133116,NaN,NaN,NaN,NaN,NaN,NaN,NaN,NaN,NaN
NaN,NaN,0.00776954168395605,0.00889620010275394,0.0073653160604105,0.0342209636340461,0.0373768765324106,0.036968092759101,0.0247937659635985,NaN,NaN,NaN,NaN,NaN,NaN,NaN,NaN,NaN
NaN,NaN,0.00982143158034887,0.00894177902955562,0.0113625898035631,0.0283253192077003,0.0379007082277288,0.0391398252443954,0.0260002571061098,NaN,NaN,NaN,NaN,NaN,NaN,NaN,NaN,NaN
NaN,NaN,0.00749420547799673,0.0111056325258687,0.00662389015875912,0.0247815995583854,0.0305608991378297,0.041847310353963,0.0245402972116911,NaN,NaN,NaN,NaN,NaN,NaN,NaN,NaN,NaN
NaN,NaN,0.00846615234331694,0.0106831473531201,0.0097858979376421,0.0264294072161041,0.0357094179683675,0.0426776775614902,0.0314566339269125,NaN,NaN,NaN,NaN,NaN,NaN,NaN,NaN,NaN
NaN,NaN,0.0124591792555293,0.01018088508863,0.0173796414407358,0.0275156646142326,0.0395118590289106,0.0428703123228236,0.0323292272999728,NaN,NaN,NaN,NaN,NaN,NaN,NaN,NaN,NaN
NaN,NaN,0.0085221807094058,0.0180091914953664,0.0153567156764135,0.0339873320529781,0.0392956618064394,0.0448480875687286,0.0301327402606451,NaN,NaN,NaN,NaN,NaN,NaN,NaN,NaN,NaN
NaN,NaN,0.0105265359015903,0.0160862711491063,0.0180785059007273,0.0316839291820846,0.0430975999527921,0.0424426676230117,0.0343426722004854,NaN,NaN,NaN,NaN,NaN,NaN,NaN,NaN,NaN
NaN,NaN,0.00942424112872686,0.0182359126629308,0.0117725021215544,0.0339935160348735,0.0439034361237039,0.0435422988133117,0.0299451718941176,NaN,NaN,NaN,NaN,NaN,NaN,NaN,NaN,NaN
NaN,NaN,0.013329444322153,0.0180565399350598,0.0140086262496576,0.036342926240953,0.0487568002038946,0.0416843289034053,0.0333972307756388,NaN,NaN,NaN,NaN,NaN,NaN,NaN,NaN,NaN
NaN,NaN,0.0187787430913886,0.0150099602760747,0.0174545011492834,0.0312356463740192,0.0519620772295942,0.0398913280563041,0.0270875575855219,NaN,NaN,NaN,NaN,NaN,NaN,NaN,NaN,NaN
NaN,NaN,0.0162673758895835,0.0191708673955873,0.0132246575327978,0.0381295940945468,0.0464775185876836,0.0425687500731632,0.0262329387381518,NaN,NaN,NaN,NaN,NaN,NaN,NaN,NaN,NaN
NaN,NaN,0.0223132985265693,0.0169819799484685,0.0125355905862913,0.0348397343526206,0.0447704974406709,0.0387398780779525,0.0300159710362398,NaN,NaN,NaN,NaN,NaN,NaN,NaN,NaN,NaN
NaN,NaN,0.0165453943045577,0.0177301858784631,0.0105020477446184,0.0348756275246463,0.0430734041923036,0.0433277220921203,0.0253263148382151,NaN,NaN,NaN,NaN,NaN,NaN,NaN,NaN,NaN
NaN,NaN,0.0187485868664226,0.0158880857052281,0.0115042625936136,0.0364411993990264,0.0434820312851419,0.0460147367314979,0.0323311458244765,NaN,NaN,NaN,NaN,NaN,NaN,NaN,NaN,NaN
NaN,NaN,0.0199594738514861,0.0128295478643849,0.0162936261864767,0.0290374084482513,0.0438089068823804,0.044711294908969,0.0289475391521895,NaN,NaN,NaN,NaN,NaN,NaN,NaN,NaN,NaN
NaN,NaN,0.0140181759925326,0.0189365280093625,0.0139946750374899,0.0330824776659332,0.0365582439893236,0.043398577113597,0.0336793097570383,NaN,NaN,NaN,NaN,NaN,NaN,NaN,NaN,NaN
NaN,NaN,0.0155742111237487,0.0185361151816323,0.0113155393870935,0.0310004129181228,0.0413113791340341,0.0415923701123878,0.0382473166003668,NaN,NaN,NaN,NaN,NaN,NaN,NaN,NaN,NaN
NaN,NaN,0.0105069781275233,0.0200356004061177,0.012357111928092,0.0323639995525203,0.0389533635073652,0.0438895331220313,0.0345247830167258,NaN,NaN,NaN,NaN,NaN,NaN,NaN,NaN,NaN
NaN,NaN,0.0102976540656528,0.0144532156409696,0.0110214835973845,0.0319376587043128,0.0417680810981741,0.0419563309745475,0.0331000271156275,NaN,NaN,NaN,NaN,NaN,NaN,NaN,NaN,NaN
NaN,NaN,0.0107098574371776,0.0083118510665372,0.0136212705644236,0.0291904433737121,0.0404747906917085,0.0363755853371307,0.0275077517047369,NaN,NaN,NaN,NaN,NaN,NaN,NaN,NaN,NaN
NaN,NaN,0.00302985483722296,0.0119971690000966,0.00609927615247822,0.0298552400539241,0.0317017320388307,0.0305260413782283,0.0230546514406645,NaN,NaN,NaN,NaN,NaN,NaN,NaN,NaN,NaN
NaN,NaN,0.00232644552306738,0.0107673389138654,0.00203897049747562,0.0220559350321613,0.0316468398862829,0.0286799365179225,0.0175056080236876,NaN,NaN,NaN,NaN,NaN,NaN,NaN,NaN,NaN
NaN,NaN,-0.00405127009435091,0.00236492801923305,-0.00211884463108921,0.0182538478741966,0.0285293865793695,0.0275503539936229,0.00966389057187674,NaN,NaN,NaN,NaN,NaN,NaN,NaN,NaN,NaN
NaN,NaN,0.000866746398969553,-0.00294262345414609,-0.00609335685051823,0.0144919565985523,0.0271079461866369,0.027931693335025,0.00671837803868888,NaN,NaN,NaN,NaN,NaN,NaN,NaN,NaN,NaN
NaN,NaN,0.00619683587865438,-0.00877262826543301,0.000268656668292046,0.0133031233320556,0.0272640358501424,0.0251062096552535,0.0116321290746176,NaN,NaN,NaN,NaN,NaN,NaN,NaN,NaN,NaN
NaN,NaN,0.00357700684980955,-2.79563246294839e-05,-0.00377056384362125,0.0203026830325446,0.0251965556138506,0.0289724649386092,0.0128754819646323,NaN,NaN,NaN,NaN,NaN,NaN,NaN,NaN,NaN
NaN,NaN,0.00633342364744749,0.00583186943549663,-0.00227327654041195,0.0148520431588016,0.0228396762007227,0.0289073096112891,0.0151836345806563,NaN,NaN,NaN,NaN,NaN,NaN,NaN,NaN,NaN
NaN,NaN,0.00461163172440138,0.00353863660711795,-0.000721171590460777,0.0118717177877746,0.0246943864816179,0.0263735161618873,0.00917433154730437,NaN,NaN,NaN,NaN,NaN,NaN,NaN,NaN,NaN
NaN,NaN,0.00709301033930387,0.00413423602003604,-0.00286198416627789,0.0119928642282806,0.0245481688374033,0.0238873132960483,0.00966536206154463,NaN,NaN,NaN,NaN,NaN,NaN,NaN,NaN,NaN
