F1_2000Hz,F2_1500Hz,F3_1000Hz,F4_900Hz,F5_800Hz,F6_700Hz,F7_600Hz,F8_500Hz,F9_400Hz,F10_200Hz,F11_100Hz,F12_80Hz,F13_600Hz,F14_600Hz,F15_600Hz,F16_600Hz,F17_600Hz,F18_600Hz
NaN,NaN,0.0226322342835677,0.0223911202289552,0.0229707754964087,0.0183722620665018,0.028157043561805,0.0197469614795409,0.0299320045111623,NaN,NaN,NaN,NaN,NaN,NaN,NaN,NaN,NaN
NaN,NaN,0.0182661381744159,0.0274926631488294,0.0168655648643229,0.0262332765220587,0.0187404410098679,0.0294486046186648,0.0264339569209066,NaN,NaN,NaN,NaN,NaN,NaN,NaN,NaN,NaN
NaN,NaN,0.025516167768122,0.0233016743101568,0.025293773394272,0.0195565504788343,0.0321967111085542,0.0208819643012248,0.0264924998579469,NaN,NaN,NaN,NaN,NaN,NaN,NaN,NaN,NaN
NaN,NaN,0.0187938069187415,0.0292893147804231,0.023123791795418,0.0279527587651197,0.0268752643023618,0.0289644286385737,0.024164640456244,NaN,NaN,NaN,NaN,NaN,NaN,NaN,NaN,NaN
NaN,NaN,0.026102230437876,0.0246335214712114,0.0219375476056788,0.0219366570769732,0.032102610275615,0.0243678301922046,0.0155513967571702,NaN,NaN,NaN,NaN,NaN,NaN,NaN,NaN,NaN
NaN,NaN,0.0275308978937877,0.0214044770934076,0.0207019246930334,0.0178340507506315,0.0268814482842572,0.0184733964852057,0.0273008133469072,NaN,NaN,NaN,NaN,NaN,NaN,NaN,NaN,NaN
NaN,NaN,0.0222969954096091,0.0234240873493642,0.012664275597975,0.0248033797203486,0.015075686678756,0.0222220257273875,0.0175836543736902,NaN,NaN,NaN,NaN,NaN,NaN,NaN,NaN,NaN
NaN,NaN,0.0271432814382327,0.0156676231660337,0.0227540194803926,0.0146932957529013,0.0257774771307595,0.0124096297076903,0.0210722769794908,NaN,NaN,NaN,NaN,NaN,NaN,NaN,NaN,NaN
NaN,NaN,0.0170154650889647,0.0256457946040124,0.0178841523641798,0.0257788283585493,0.0194957994972356,0.0221297130337916,0.0171848620472398,NaN,NaN,NaN,NaN,NaN,NaN,NaN,NaN,NaN
NaN,NaN,0.0247850981735003,0.0181791766323537,0.0197719618493769,0.01902465353002,0.0249462531064637,0.0215101227513514,0.0154936733839956,NaN,NaN,NaN,NaN,NaN,NaN,NaN,NaN,NaN
NaN,NaN,0.0245713596426261,0.017357563857028,0.0235380999559614,0.0181458202957098,0.024425960436929,0.0207488596788608,0.0336912880835977,NaN,NaN,NaN,NaN,NaN,NaN,NaN,NaN,NaN
NaN,NaN,0.0191963059090388,0.0222386068441362,0.019451996665642,0.0286164006053392,0.0164304816280492,0.0270173311582766,0.0248309831319299,NaN,NaN,NaN,NaN,NaN,NaN,NaN,NaN,NaN
NaN,NaN,0.0248257224642051,0.0195272660591096,0.0316038936192247,0.0195900035857145,0.0266781219397672,0.0179666638723575,0.0307729887960401,NaN,NaN,NaN,NaN,NaN,NaN,NaN,NaN,NaN
NaN,NaN,0.0182331321023715,0.0287708288766832,0.0202057719046328,0.0295900238512938,0.0211390809272416,0.0275981597951613,0.0276822458205667,NaN,NaN,NaN,NaN,NaN,NaN,NaN,NaN,NaN
NaN,NaN,0.0273969550811065,0.0216259828545541,0.024613311868355,0.0176152830778544,0.0269863897119649,0.0251221083453856,0.0244537416098562,NaN,NaN,NaN,NaN,NaN,NaN,NaN,NaN,NaN
NaN,NaN,0.0265580010794414,0.0233910067715139,0.0266378953868601,0.0195156654178087,0.0293349244748242,0.0258533083251677,0.0344601507482973,NaN,NaN,NaN,NaN,NaN,NaN,NaN,NaN,NaN
NaN,NaN,0.0231398982189906,0.0280437453426809,0.0261969141477797,0.0300454964696352,0.0234971710597165,0.0310208261362277,0.023591858446404,NaN,NaN,NaN,NaN,NaN,NaN,NaN,NaN,NaN
NaN,NaN,0.0331481513761294,0.0254479816891641,0.0336095154101107,0.020706640726227,0.0353269421611913,0.0246535972109996,0.0280907239017931,NaN,NaN,NaN,NaN,NaN,NaN,NaN,NaN,NaN
NaN,NaN,0.0268156235300315,0.0321542492844552,0.0236746877247545,0.030634539371628,0.0237838507746346,0.0316880628815852,0.0271161693332639,NaN,NaN,NaN,NaN,NaN,NaN,NaN,NaN,NaN
NaN,NaN,0.0344197792195094,0.0239834769405813,0.0243099242264482,0.0209676159380857,0.0281652205740102,0.0291215241304599,0.0230810466406789,NaN,NaN,NaN,NaN,NaN,NaN,NaN,NaN,NaN
NaN,NaN,0.0315194358311904,0.0225748142935724,0.0248791672105047,0.022261688655514,0.0308909596060403,0.0301594272605143,0.0340305875239816,NaN,NaN,NaN,NaN,NaN,NaN,NaN,NaN,NaN
NaN,NaN,0.0245698136471522,0.0284204466976613,0.0248101934606287,0.0291912874041979,0.0241073736106046,0.0332500212243758,0.0248920592663732,NaN,NaN,NaN,NaN,NaN,NaN,NaN,NaN,NaN
NaN,NaN,0.0316331875704539,0.0287370404936761,0.0298673122936937,0.021693563258547,0.0312905901228078,0.0229957498959266,0.0290501724181619,NaN,NaN,NaN,NaN,NaN,NaN,NaN,NaN,NaN
NaN,NaN,0.0231763501845611,0.0318842216171712,0.0226565100068304,0.0283438956200068,0.0196331695769913,0.0254401922575198,0.0283486630020586,NaN,NaN,NaN,NaN,NaN,NaN,NaN,NaN,NaN
NaN,NaN,0.0272802044831527,0.0223135783113927,0.0225366487914774,0.0194710178135817,0.0242659033392556,0.0217819199315272,0.0216127979753461,NaN,NaN,NaN,NaN,NaN,NaN,NaN,NaN,NaN
NaN,NaN,0.0221952391051066,0.0220163746513814,0.0272544681841585,0.0231574719606821,0.0243897319887765,0.0196125716320239,0.0322394120691267,NaN,NaN,NaN,NaN,NaN,NaN,NaN,NaN,NaN
NaN,NaN,0.0190448728584064,0.0300822986998052,0.0233072437161657,0.0293536728083078,0.0190263384138234,0.0270615689805709,0.0247056084869352,NaN,NaN,NaN,NaN,NaN,NaN,NaN,NaN,NaN
NaN,NaN,0.0298243356131328,0.0274946375526876,0.0300537258202288,0.0191943591295664,0.0281869948958047,0.0215356596163474,0.0308735716340986,NaN,NaN,NaN,NaN,NaN,NaN,NaN,NaN,NaN
NaN,NaN,0.0222207014642966,0.0318159929253549,0.0215742759222242,0.0257428979336206,0.0160362527822144,0.0265401400974952,0.0269485685227361,NaN,NaN,NaN,NaN,NaN,NaN,NaN,NaN,NaN
NaN,NaN,0.0288733621321929,0.0210128000714273,0.0226871691459868,0.0170551111756746,0.0217289433931001,0.0246768989018165,0.020964113175675,NaN,NaN,NaN,NaN,NaN,NaN,NaN,NaN,NaN
NaN,NaN,0.0243900683902514,0.021503998223731,0.0240518919939253,0.0202099105178301,0.0230836265836842,0.0185714461258613,0.0280881348250356,NaN,NaN,NaN,NaN,NaN,NaN,NaN,NaN,NaN
NaN,NaN,0.0220766072355521,0.0269282444157094,0.0157787486726496,0.0236390961169188,0.0177926899050362,0.0245853871456347,0.0182182016966787,NaN,NaN,NaN,NaN,NaN,NaN,NaN,NaN,NaN
NaN,NaN,0.0312385861955894,0.0206089227237195,0.0262463114971373,0.0153302831410353,0.02670149813639,0.0174370579770766,0.0236309181151834,NaN,NaN,NaN,NaN,NaN,NaN,NaN,NaN,NaN
NaN,NaN,0.0202060830973399,0.0251698887683839,0.0146433546954844,0.0236813409089033,0.0174991370295174,0.0247811697772704,0.0203674334285703,NaN,NaN,NaN,NaN,NaN,NaN,NaN,NaN,NaN
NaN,NaN,0.0261248988293422,0.0147218278386087,0.0214463308269236,0.015671277588505,0.0263638191972859,0.0216850996366702,0.0193148340282884,NaN,NaN,NaN,NaN,NaN,NaN,NaN,NaN,NaN
NaN,NaN,0.0231805783890498,0.0205285495855302,0.0229818023556921,0.0220304040073339,0.024607605591882,0.0155816212645732,0.0276760432122198,NaN,NaN,NaN,NaN,NaN,NaN,NaN,NaN,NaN
NaN,NaN,0.0227759932361854,0.0281595646180601,0.0226954206639978,0.0288137664853518,0.0201505937729962,0.0250457212678157,0.0200438919661489,NaN,NaN,NaN,NaN,NaN,NaN,NaN,NaN,NaN
NaN,NaN,0.0316078369699729,0.0239932930805177,0.03112117050235,0.0209308286963884,0.0308526263688691,0.0179132059565745,0.0270378078518358,NaN,NaN,NaN,NaN,NaN,NaN,NaN,NaN,NaN
NaN,NaN,0.0202994388722194,0.0265742487050981,0.0220244772547934,0.0266398919581358,0.0208513953839429,0.0262532927445136,0.0247660513220277,NaN,NaN,NaN,NaN,NaN,NaN,NaN,NaN,NaN
NaN,NaN,0.0273115155481112,0.0192997439541311,0.0308386072332117,0.0225930718540136,0.0294405550812371,0.0229373745969497,0.0237014378605333,NaN,NaN,NaN,NaN,NaN,NaN,NaN,NaN,NaN
NaN,NaN,0.0240156953417075,0.0255084058978052,0.0289772845620367,0.0271259119569246,0.0266155184363015,0.0209778160206042,0.0326683419940916,NaN,NaN,NaN,NaN,NaN,NaN,NaN,NaN,NaN
NaN,NaN,0.0224670549117339,0.0304473026432485,0.0249161965960714,0.0320450460373346,0.022688205644954,0.0321906976751052,0.0229648920891729,NaN,NaN,NaN,NaN,NaN,NaN,NaN,NaN,NaN
NaN,NaN,0.0318834339462531,0.0254019184746236,0.0308839998954985,0.0202650448142473,0.0325494960998185,0.0228958003572188,0.0276602293549028,NaN,NaN,NaN,NaN,NaN,NaN,NaN,NaN,NaN
NaN,NaN,0.0235915710412276,0.028946830216834,0.0233557097429487,0.0285022204576914,0.0224925720249303,0.0323876910260879,0.0265890593824831,NaN,NaN,NaN,NaN,NaN,NaN,NaN,NaN,NaN
NaN,NaN,0.033241358139397,0.0227154253758878,0.0290139600450251,0.0232457427143042,0.0293352970038541,0.0274967946461402,0.0266084495184865,NaN,NaN,NaN,NaN,NaN,NaN,NaN,NaN,NaN
NaN,NaN,0.0279935416959537,0.0286357498504609,0.0286785162801001,0.0254712497650568,0.0263583616469987,0.0262827970436774,0.0350437919793573,NaN,NaN,NaN,NaN,NaN,NaN,NaN,NaN,NaN
NaN,NaN,0.0289471973859084,0.0343591554798574,0.0244336224908087,0.029413836246628,0.0230052464758046,0.033701396023389,0.0224025781450716,NaN,NaN,NaN,NaN,NaN,NaN,NaN,NaN,NaN
NaN,NaN,0.0364321437858355,0.0238011984862775,0.0302101880127642,0.0193866399883215,0.0331047506188042,0.0201019443920814,0.0277796249089685,NaN,NaN,NaN,NaN,NaN,NaN,NaN,NaN,NaN
NaN,NaN,0.0234565665208114,0.0241401253976316,0.0175999127144072,0.0276359041987841,0.0206759528373368,0.0294549934915267,0.0234190236030069,NaN,NaN,NaN,NaN,NaN,NaN,NaN,NaN,NaN
NaN,NaN,0.0307317977033866,0.0175979940928907,0.0229031428510401,0.0214983394204561,0.0240873688017018,0.0200721606961451,0.0264749723670927,NaN,NaN,NaN,NaN,NaN,NaN,NaN,NaN,NaN
NaN,NaN,0.0221088682495368,0.0243724903799982,0.0227948672885153,0.0246603099464361,0.02431101660477,0.0213823452941142,0.0328065875170675,NaN,NaN,NaN,NaN,NaN,NaN,NaN,NaN,NaN
NaN,NaN,0.0232309256874335,0.0295767581798524,0.0201589822584841,0.0275706184863035,0.0206908912514336,0.0310421906760894,0.018947632163569,NaN,NaN,NaN,NaN,NaN,NaN,NaN,NaN,NaN
NaN,NaN,0.0307656419657481,0.0209673142768831,0.0296212941223833,0.0172278901397173,0.0323793062125333,0.0192414395860396,0.0271572779117075,NaN,NaN,NaN,NaN,NaN,NaN,NaN,NaN,NaN
NaN,NaN,0.0197960776470912,0.0237201920487375,0.0176671169513914,0.0258915183900778,0.0156805434380658,0.0278408252052031,0.0243284228442159,NaN,NaN,NaN,NaN,NaN,NaN,NaN,NaN,NaN
NaN,NaN,0.0253268671416057,0.0165148286857099,0.0236872978324148,0.0171176215468828,0.0191250399802811,0.0174779244116507,0.0238520327208486,NaN,NaN,NaN,NaN,NaN,NaN,NaN,NaN,NaN
NaN,NaN,0.0165787493072761,0.0216293356158227,0.0209496564978811,0.0168897641657774,0.0159587108646519,0.0191575460485183,0.0305062021313158,NaN,NaN,NaN,NaN,NaN,NaN,NaN,NaN,NaN
NaN,NaN,0.0197045658909095,0.0229215829410047,0.020035675149605,0.0187615735291426,0.0137421258841641,0.0229540825239383,0.0180234807727781,NaN,NaN,NaN,NaN,NaN,NaN,NaN,NaN,NaN
NaN,NaN,0.0275817108534587,0.0160924366452188,0.0267697706634256,0.01094230095138,0.0257625945960172,0.0180217236629687,0.0262180390952077,NaN,NaN,NaN,NaN,NaN,NaN,NaN,NaN,NaN
NaN,NaN,0.0189902042232764,0.0247340484299154,0.0165255576187822,0.0227947404443209,0.0100902424310334,0.0252286889008246,0.0242906856534925,NaN,NaN,NaN,NaN,NaN,NaN,NaN,NaN,NaN
NaN,NaN,0.0266428073130858,0.0219937993921728,0.0255110136980269,0.0178865587173883,0.0211173624848016,0.0169230983010493,0.0231494615970102,NaN,NaN,NaN,NaN,NaN,NaN,NaN,NaN,NaN
NaN,NaN,0.0234766458355201,0.0256233311035127,0.0258677847499105,0.0239187350331728,0.0207233757828362,0.0219288640073501,0.0320004719493833,NaN,NaN,NaN,NaN,NaN,NaN,NaN,NaN,NaN
NaN,NaN,0.0299595822774184,0.0262918530740232,0.0234420992249701,0.0283499305902903,0.0234769613598473,0.0244011156610213,0.0182316872475591,NaN,NaN,NaN,NaN,NaN,NaN,NaN,NaN,NaN
NaN,NaN,0.0382956643782866,0.0191758780517072,0.0269798584098074,0.0189738033174459,0.0301119268988259,0.0179172292700969,0.0273657265303579,NaN,NaN,NaN,NaN,NaN,NaN,NaN,NaN,NaN
NaN,NaN,0.0214412217222465,0.0284605680741758,0.017485304158375,0.0304208194672052,0.0165671625290997,0.024627240782138,0.0208070921895948,NaN,NaN,NaN,NaN,NaN,NaN,NaN,NaN,NaN
NaN,NaN,0.0266229701422465,0.0214563331343622,0.0266812950188372,0.0213279073893015,0.0272552439128049,0.0199383110157214,0.0185737247763124,NaN,NaN,NaN,NaN,NaN,NaN,NaN,NaN,NaN
NaN,NaN,0.0251151402674926,0.0252961761095018,0.0266546033138487,0.0256233719943945,0.0268100717221387,0.0211110137752257,0.0257254067061391,NaN,NaN,NaN,NaN,NaN,NaN,NaN,NaN,NaN
NaN,NaN,0.032160949447037,0.0275025537945718,0.02700859902446,0.0283901264726107,0.0244349570129998,0.0233987518004142,0.0150790113208738,NaN,NaN,NaN,NaN,NaN,NaN,NaN,NaN,NaN
NaN,NaN,0.0383067284904731,0.0247348866202325,0.0321962147766802,0.0207804759799425,0.0285364084993489,0.0167907573631965,0.0283640857038942,NaN,NaN,NaN,NaN,NaN,NaN,NaN,NaN,NaN
NaN,NaN,0.0245852177225364,0.0335924348570794,0.0239609762841913,0.0314391648231928,0.0181887255166657,0.0269389696768485,0.0238553854821172,NaN,NaN,NaN,NaN,NaN,NaN,NaN,NaN,NaN
NaN,NaN,0.0303751756631148,0.026109369728753,0.0354889243656847,0.0201342312454168,0.0299222909961827,0.0260883368900977,0.0255481387672868,NaN,NaN,NaN,NaN,NaN,NaN,NaN,NaN,NaN
NaN,NaN,0.0250791167103065,0.0318382515348882,0.0336418695563528,0.0244314839898531,0.0288178169284947,0.028359422867652,0.0315708342192617,NaN,NaN,NaN,NaN,NaN,NaN,NaN,NaN,NaN
NaN,NaN,0.0315961209319842,0.0304717591740579,0.0299138411695215,0.0257811939178888,0.0210879326914437,0.0289249591878615,0.0251405361292806,NaN,NaN,NaN,NaN,NaN,NaN,NaN,NaN,NaN
NaN,NaN,0.034373641499163,0.0257107822932691,0.0286286346430037,0.0208948982714598,0.027303449169267,0.0186187945655547,0.0321639376876798,NaN,NaN,NaN,NaN,NaN,NaN,NaN,NaN,NaN
NaN,NaN,0.0201458824061168,0.0288870765604467,0.0219226464444849,0.0290466530083601,0.0175722272251733,0.0296176769188605,0.0237996178863492,NaN,NaN,NaN,NaN,NaN,NaN,NaN,NaN,NaN
NaN,NaN,0.025886685141207,0.0221224150397272,0.03067070839946,0.0191686732529585,0.0336006985162385,0.0267432242981158,0.0256465423105207,NaN,NaN,NaN,NaN,NaN,NaN,NaN,NaN,NaN
NaN,NaN,0.0250066784404529,0.0278377926685304,0.0255465343410227,0.0241942202507441,0.027175001159776,0.0266181290498935,0.0305043767390695,NaN,NaN,NaN,NaN,NaN,NaN,NaN,NaN,NaN
NaN,NaN,0.0312144835673583,0.0281902610101194,0.0226542934591028,0.029343689030308,0.0221067437087186,0.0287755377939902,0.0239525224266496,NaN,NaN,NaN,NaN,NaN,NaN,NaN,NaN,NaN
NaN,NaN,0.0316157345854056,0.0229209868945569,0.0257186800057146,0.0241550488232557,0.0302214504336007,0.0205117822042666,0.0267859782276597,NaN,NaN,NaN,NaN,NaN,NaN,NaN,NaN,NaN
NaN,NaN,0.0183139336489451,0.0238227492906541,0.0193298443967554,0.0295508151709024,0.0196401358698495,0.0263380430988036,0.0192146982250658,NaN,NaN,NaN,NaN,NaN,NaN,NaN,NaN,NaN
NaN,NaN,0.0267939795933974,0.0182611143924684,0.0240276962334368,0.0149087851702158,0.0303692513261922,0.0182482771924697,0.0187218795714822,NaN,NaN,NaN,NaN,NaN,NaN,NaN,NaN,NaN
NaN,NaN,0.0241459128640903,0.0215950256921739,0.0215908162111494,0.0191030150114481,0.018321383104194,0.0185097180656157,0.0273779827354398,NaN,NaN,NaN,NaN,NaN,NaN,NaN,NaN,NaN
NaN,NaN,0.0294595551871074,0.0278444423117132,0.0207009933704588,0.0233209749518816,0.0160435357247479,0.020823402737733,0.0177349942920652,NaN,NaN,NaN,NaN,NaN,NaN,NaN,NaN,NaN
NaN,NaN,0.0296328370653403,0.0223035945333929,0.0255860224181864,0.0173599330543463,0.0252636478398927,0.0169718064717017,0.0260760310290304,NaN,NaN,NaN,NaN,NaN,NaN,NaN,NaN,NaN
NaN,NaN,0.0198672120653403,0.0286798014082403,0.0202800914460871,0.0258415436207239,0.0198839561198838,0.0276787937036715,0.0230283896623102,NaN,NaN,NaN,NaN,NaN,NaN,NaN,NaN,NaN
NaN,NaN,0.0310578164838565,0.0232499672808141,0.0298099987024519,0.0140908604322855,0.0294796147500165,0.0242681973031722,0.0281112875042406,NaN,NaN,NaN,NaN,NaN,NaN,NaN,NaN,NaN
NaN,NaN,0.0272145834945453,0.0314089490808935,0.0272087029928419,0.0212957581340258,0.0211512998794205,0.0258331172517501,0.0324124145505872,NaN,NaN,NaN,NaN,NaN,NaN,NaN,NaN,NaN
NaN,NaN,0.0300876577578795,0.031454900536725,0.0235975555891249,0.0231694301425402,0.0200844698701985,0.0249605797580443,0.019530174433991,NaN,NaN,NaN,NaN,NaN,NaN,NaN,NaN,NaN
NaN,NaN,0.0299018589042438,0.0248093737997503,0.0291753955001089,0.0180969258605425,0.0295879089389928,0.0191725589684211,0.0276715542374101,NaN,NaN,NaN,NaN,NaN,NaN,NaN,NaN,NaN
NaN,NaN,0.0222983737670196,0.0296194872595758,0.0225031770581457,0.0297865887938921,0.0220776305650361,0.0293412976316176,0.0229989784954038,NaN,NaN,NaN,NaN,NaN,NaN,NaN,NaN,NaN
NaN,NaN,0.0353852254532588,0.0235243721641988,0.0317360296661112,0.0205320177434866,0.0329529264126904,0.0274826571694575,0.0286008092759099,NaN,NaN,NaN,NaN,NaN,NaN,NaN,NaN,NaN
NaN,NaN,0.034244020023228,0.0350823460854978,0.0291869811529371,0.0302128737627451,0.0233345621381886,0.0270887822262011,0.0293316926060167,NaN,NaN,NaN,NaN,NaN,NaN,NaN,NaN,NaN
NaN,NaN,0.0385674243055594,0.0314280784465761,0.0315977841431353,0.0321450142024939,0.0249464952503331,0.027595421706792,0.0215541246531454,NaN,NaN,NaN,NaN,NaN,NaN,NaN,NaN,NaN
NaN,NaN,0.036479492225529,0.0272282234169931,0.0334018491024229,0.0262284895240252,0.0379764617537148,0.0214633144787513,0.031972159743115,NaN,NaN,NaN,NaN,NaN,NaN,NaN,NaN,NaN
NaN,NaN,0.0246075508378757,0.0298875964023561,0.026152396928713,0.0353785103022043,0.0247365192626603,0.0330628067604266,0.0264929282663312,NaN,NaN,NaN,NaN,NaN,NaN,NaN,NaN,NaN
NaN,NaN,0.0326454048239005,0.0260588734187574,0.0358765594476912,0.0249837396501486,0.034254542842973,0.0288707748404704,0.0270677778122869,NaN,NaN,NaN,NaN,NaN,NaN,NaN,NaN,NaN
NaN,NaN,0.0283289295815242,0.0314954689480752,0.0311435036176893,0.0324524996637289,0.0245208249543793,0.025638452207204,0.0308081555364576,NaN,NaN,NaN,NaN,NaN,NaN,NaN,NaN,NaN
NaN,NaN,0.0308028762422812,0.0293557180799932,0.0284699745291922,0.0316202325581495,0.0312959917937405,0.0265753254643641,0.0230763714013544,NaN,NaN,NaN,NaN,NaN,NaN,NaN,NaN,NaN
NaN,NaN,0.0252007101856483,0.0235390125550718,0.0290701001698229,0.0238901620565836,0.0335260623251088,0.0196117520681582,0.0311313617227521,NaN,NaN,NaN,NaN,NaN,NaN,NaN,NaN,NaN
NaN,NaN,0.0131878410660041,0.0251137672700376,0.0260903894716951,0.030795602297682,0.021346356079448,0.0356175735942088,0.0271768356857744,NaN,NaN,NaN,NaN,NaN,NaN,NaN,NaN,NaN
NaN,NaN,0.0273286891363872,0.0250710568167657,0.0353267438525412,0.0215123465119783,0.0316346393083222,0.027483923768159,0.0270016911623922,NaN,NaN,NaN,NaN,NaN,NaN,NaN,NaN,NaN
NaN,NaN,0.0280355443440688,0.0322809277810544,0.0277625791544172,0.0284730328082029,0.0261951380525716,0.0273962490609847,0.030273110717341,NaN,NaN,NaN,NaN,NaN,NaN,NaN,NaN,NaN
NaN,NaN,0.0314983879410041,0.0299667960741014,0.0226419068688604,0.0269134027718489,0.0308011242304929,0.0285807237378322,0.0205391693113294,NaN,NaN,NaN,NaN,NaN,NaN,NaN,NaN,NaN
NaN,NaN,0.0261908737205279,0.0210205859281511,0.0248371645623896,0.0181486142634337,0.0294473351095803,0.0236306324950419,0.029195384233996,NaN,NaN,NaN,NaN,NaN,NaN,NaN,NaN,NaN
NaN,NaN,0.0162466769300712,0.0235011636056394,0.0198495596462938,0.027100840753216,0.0187283151899464,0.0350619279197417,0.0188902999458757,NaN,NaN,NaN,NaN,NaN,NaN,NaN,NaN,NaN
NaN,NaN,0.0312534314774287,0.020613746974656,0.0269790574723932,0.0168004689573233,0.0310324833844788,0.0227648191503249,0.0234047929940668,NaN,NaN,NaN,NaN,NaN,NaN,NaN,NaN,NaN
NaN,NaN,0.0252193366371406,0.0280036053397149,0.0191109463388178,0.0261427705942575,0.0281095274840482,0.0231840074411593,0.0290706987677064,NaN,NaN,NaN,NaN,NaN,NaN,NaN,NaN,NaN
NaN,NaN,0.0286266361557258,0.0266542679407091,0.0190637655371878,0.0244682712315504,0.0290734836016782,0.026830098067876,0.0202778215704408,NaN,NaN,NaN,NaN,NaN,NaN,NaN,NaN,NaN
NaN,NaN,0.0234008548043979,0.0196653811969251,0.0282468110138628,0.0230860022663061,0.0310021595214494,0.0268670156947337,0.0332260552046743,NaN,NaN,NaN,NaN,NaN,NaN,NaN,NaN,NaN
NaN,NaN,0.0172649850331557,0.0271168744899721,0.0246900901014063,0.0344030244111006,0.0218663320993073,0.0355094284168445,0.0246408815679994,NaN,NaN,NaN,NaN,NaN,NaN,NaN,NaN,NaN
NaN,NaN,0.0305788372837317,0.0216629936136693,0.0332691915148947,0.0232156609951441,0.0339202539180405,0.0212139435461722,0.031119664311215,NaN,NaN,NaN,NaN,NaN,NaN,NaN,NaN,NaN
NaN,NaN,0.0245138970397723,0.0278778581656904,0.0208419211024496,0.0303348770200197,0.0243028954719193,0.0235787950805388,0.0309591229258028,NaN,NaN,NaN,NaN,NaN,NaN,NaN,NaN,NaN
NaN,NaN,0.0247776103400004,0.0217816254832239,0.022652710210726,0.0226882530211393,0.0215589770232327,0.0263982251635753,0.0247344608602968,NaN,NaN,NaN,NaN,NaN,NaN,NaN,NaN,NaN
NaN,NaN,0.019834168740393,0.0189744143523664,0.0288222938591692,0.0209738557993357,0.0286072262679227,0.0278685227385722,0.0365074771640745,NaN,NaN,NaN,NaN,NaN,NaN,NaN,NaN,NaN
NaN,NaN,0.0205475804589999,0.0260056390203924,0.0268696643227789,0.0319757183848803,0.0219304070924409,0.0340379573754035,0.0308302465079275,NaN,NaN,NaN,NaN,NaN,NaN,NaN,NaN,NaN
NaN,NaN,0.0385384601734889,0.0247628821768255,0.0323367699796411,0.023123944347996,0.0382324823294766,0.0229031764320098,0.0365118730066267,NaN,NaN,NaN,NaN,NaN,NaN,NaN,NaN,NaN
NaN,NaN,0.0332333115123523,0.0332659690417737,0.0224692024106237,0.0303724465726797,0.0249260806594975,0.0290563874295913,0.0352524827418771,NaN,NaN,NaN,NaN,NaN,NaN,NaN,NaN,NaN
NaN,NaN,0.0339720738314403,0.0283551423587293,0.0272996745819304,0.0225028825758879,0.0260094323311932,0.0346484765759669,0.0257850486038175,NaN,NaN,NaN,NaN,NaN,NaN,NaN,NaN,NaN
NaN,NaN,0.0303401020549548,0.0243793821670503,0.030636771004841,0.0222210457383577,0.0295017616008408,0.0323641099384986,0.0371150906382051,NaN,NaN,NaN,NaN,NaN,NaN,NaN,NaN,NaN
NaN,NaN,0.0256114420675052,0.0324966220893354,0.0244337901288721,0.0328757671474402,0.0265316435252316,0.0351271763793193,0.02950298145394,NaN,NaN,NaN,NaN,NaN,NaN,NaN,NaN,NaN
NaN,NaN,0.0360663947843326,0.0256584792174787,0.0243744090015146,0.0215492641388361,0.035104728594888,0.0201572649530135,0.0306440006194559,NaN,NaN,NaN,NaN,NaN,NaN,NaN,NaN,NaN
NaN,NaN,0.0243170527004016,0.0276341683008165,0.0183163046652529,0.0268165265976374,0.0176422440563329,0.0249311127117835,0.0295007649062124,NaN,NaN,NaN,NaN,NaN,NaN,NaN,NaN,NaN
NaN,NaN,0.0261620213471663,0.0217565356530637,0.025757627915785,0.0225323682486002,0.0210711316321976,0.0264210053137504,0.0194906491039243,NaN,NaN,NaN,NaN,NaN,NaN,NaN,NaN,NaN
NaN,NaN,0.0238507208608401,0.0220482631363363,0.0303150549346659,0.0214941484688704,0.0263132483814843,0.0229671210399829,0.0338848541675058,NaN,NaN,NaN,NaN,NaN,NaN,NaN,NaN,NaN
NaN,NaN,0.0217453171693099,0.0337733349539728,0.0250530823880884,0.0300499854444449,0.0227708512102254,0.0283355810097419,0.0250712084768262,NaN,NaN,NaN,NaN,NaN,NaN,NaN,NaN,NaN
NaN,NaN,0.0320063871525538,0.0270054138042421,0.0293929710799906,0.0195615051149313,0.0284520306740887,0.0178632684401236,0.0307242061195817,NaN,NaN,NaN,NaN,NaN,NaN,NaN,NaN,NaN
NaN,NaN,0.0209093247734321,0.0295688978173227,0.0255363642985079,0.0279901793061678,0.0163793520187028,0.0213833511224948,0.0264799642560926,NaN,NaN,NaN,NaN,NaN,NaN,NaN,NaN,NaN
NaN,NaN,0.0243066777669204,0.0205609223582239,0.0292470514589998,0.0227723328231756,0.0175955847953446,0.0246097691706382,0.0170812430975881,NaN,NaN,NaN,NaN,NaN,NaN,NaN,NaN,NaN
NaN,NaN,0.0242515434705031,0.0211898631193132,0.029704368096039,0.0210644734858458,0.0261303552542813,0.0188654832891189,0.0301521691678014,NaN,NaN,NaN,NaN,NaN,NaN,NaN,NaN,NaN
NaN,NaN,0.0214331192158473,0.0305030329861135,0.0181395023876879,0.0266366882084791,0.0170612291549332,0.0234083444229327,0.0197396102545705,NaN,NaN,NaN,NaN,NaN,NaN,NaN,NaN,NaN
NaN,NaN,0.0279929829024089,0.02274153966088,0.0237491562778208,0.0150850845335905,0.0241032757912762,0.0137455746880732,0.0274217362699953,NaN,NaN,NaN,NaN,NaN,NaN,NaN,NaN,NaN
NaN,NaN,0.0187888895355475,0.0271952732243032,0.0221205338651392,0.0215020833372061,0.0176210844074376,0.0218621254316531,0.0213097083566633,NaN,NaN,NaN,NaN,NaN,NaN,NaN,NaN,NaN
NaN,NaN,0.0265971166275752,0.020284468565175,0.026464948784754,0.0230951664804403,0.0261669189785607,0.0279496036819182,0.0156840170917955,NaN,NaN,NaN,NaN,NaN,NaN,NaN,NaN,NaN
NaN,NaN,0.0305871819340003,0.0237125365771741,0.0289137683624479,0.0254288000821058,0.0352331207250245,0.0226211719564162,0.0293155620990243,NaN,NaN,NaN,NaN,NaN,NaN,NaN,NaN,NaN
NaN,NaN,0.0263737109683764,0.0300432204045743,0.0166637472624037,0.0319243466316645,0.0221454494749196,0.0279338270775042,0.0216260041294542,NaN,NaN,NaN,NaN,NaN,NaN,NaN,NaN,NaN
NaN,NaN,0.0321231936298621,0.01815179574866,0.0258990026826117,0.0159585719763224,0.030430234328378,0.016390977834817,0.0229326310751882,NaN,NaN,NaN,NaN,NaN,NaN,NaN,NaN,NaN
NaN,NaN,0.0198723715924037,0.0236089735068769,0.0217718653196547,0.0250125547706072,0.0204666660283692,0.0213407338014804,0.018240534812018,NaN,NaN,NaN,NaN,NaN,NaN,NaN,NaN,NaN
NaN,NaN,0.0268516098343146,0.0211469664015264,0.0282881431097242,0.0258259905337278,0.0313865908537991,0.026265642081853,0.0169016282258478,NaN,NaN,NaN,NaN,NaN,NaN,NaN,NaN,NaN
NaN,NaN,0.0293731284521831,0.0251161142029256,0.0282902851516459,0.0282632244585936,0.0336047590826638,0.0225636348477565,0.0303187082705942,NaN,NaN,NaN,NaN,NaN,NaN,NaN,NaN,NaN
NaN,NaN,0.0282093477629436,0.0307929723300428,0.0236574768835756,0.0361485650597994,0.0203742788289674,0.0315407090238295,0.0257265987990346,NaN,NaN,NaN,NaN,NaN,NaN,NaN,NaN,NaN
NaN,NaN,0.0387320448838485,0.0240197985209913,0.0344850517625067,0.0193731544374411,0.0317400650237687,0.0205764346173964,0.032255579829022,NaN,NaN,NaN,NaN,NaN,NaN,NaN,NaN,NaN
NaN,NaN,0.0295510483168376,0.0322739987410993,0.0282078631037924,0.0287314003168528,0.0218757570837624,0.0281617403379641,0.0287272083757368,NaN,NaN,NaN,NaN,NaN,NaN,NaN,NaN,NaN
NaN,NaN,0.0340326097987903,0.0305129795112104,0.0308957531863901,0.026510922408003,0.0321940847788937,0.0306918084970675,0.0282050716875043,NaN,NaN,NaN,NaN,NaN,NaN,NaN,NaN,NaN
NaN,NaN,0.0338441101096881,0.0324852227010221,0.0282063916141245,0.0245428329168741,0.0288199589704163,0.0250300005427562,0.0362971845267263,NaN,NaN,NaN,NaN,NaN,NaN,NaN,NaN,NaN
NaN,NaN,0.0278916550062907,0.0327611363269777,0.0228404275888655,0.0273926799951975,0.0195086890016682,0.0318298101774417,0.0232693414388147,NaN,NaN,NaN,NaN,NaN,NaN,NaN,NaN,NaN
NaN,NaN,0.0326704387747062,0.0235722980238885,0.0302170239204618,0.0116633681415503,0.0282059193705209,0.0201325476518832,0.0266275975106206,NaN,NaN,NaN,NaN,NaN,NaN,NaN,NaN,NaN
NaN,NaN,0.0233063255630744,0.0319461545683832,0.0250703491086218,0.0261998606680815,0.0205973678384908,0.0258720279089175,0.024948348402783,NaN,NaN,NaN,NaN,NaN,NaN,NaN,NaN,NaN
NaN,NaN,0.0301728178941024,0.0293193592466802,0.0259650148267004,0.0232823064385836,0.0295600437675603,0.0261036850861274,0.0250724005697217,NaN,NaN,NaN,NaN,NaN,NaN,NaN,NaN,NaN
NaN,NaN,0.03108432192433,0.0302683210708589,0.0250478856081221,0.0251902697442953,0.0269432881032117,0.0266474470845424,0.0306954841313806,NaN,NaN,NaN,NaN,NaN,NaN,NaN,NaN,NaN
NaN,NaN,0.0285104070984138,0.0302493034638852,0.0230356700534079,0.0269522948025648,0.0231390589033253,0.0331501089385711,0.0239708694813695,NaN,NaN,NaN,NaN,NaN,NaN,NaN,NaN,NaN
NaN,NaN,0.0340268169723762,0.023666827265212,0.0317560531014654,0.0180624855517332,0.0335938626085408,0.0215529822162353,0.0274108025429693,NaN,NaN,NaN,NaN,NaN,NaN,NaN,NaN,NaN
NaN,NaN,0.0236489405118239,0.0310217237808198,0.0247923306936476,0.0329039303420965,0.0237577737425454,0.0230302460840903,0.0262260670958009,NaN,NaN,NaN,NaN,NaN,NaN,NaN,NaN,NaN
NaN,NaN,0.0289645572386992,0.022501928988883,0.0254546128029081,0.0252642167567198,0.0288120241020806,0.023359207843896,0.022890777438685,NaN,NaN,NaN,NaN,NaN,NaN,NaN,NaN,NaN
NaN,NaN,0.0273834881566775,0.0228551051356286,0.0273742362672541,0.0233378505169336,0.0268264443730004,0.0198338911286555,0.0285607624052015,NaN,NaN,NaN,NaN,NaN,NaN,NaN,NaN,NaN
NaN,NaN,0.0212467429422153,0.0257893672921152,0.026650300603554,0.0227405933498327,0.0232865058933385,0.0275533818057738,0.0237847912309614,NaN,NaN,NaN,NaN,NaN,NaN,NaN,NaN,NaN
NaN,NaN,0.0256371093176616,0.0246100148894281,0.0330403283054087,0.0187819694935267,0.0311651782249101,0.0180524759343825,0.0298369537291971,NaN,NaN,NaN,NaN,NaN,NaN,NaN,NaN,NaN
NaN,NaN,0.0201955405257953,0.0323570168354005,0.0263806454652998,0.0328039062975828,0.0233489790116437,0.0268162586144172,0.032117483317658,NaN,NaN,NaN,NaN,NaN,NaN,NaN,NaN,NaN
NaN,NaN,0.0291450848065627,0.027637781832406,0.0313662946039888,0.0293087085544054,0.0289981396053918,0.0308284521452151,0.0249415497479883,NaN,NaN,NaN,NaN,NaN,NaN,NaN,NaN,NaN
NaN,NaN,0.0287361038111461,0.0253603814877958,0.0319699965233061,0.0257547071038668,0.0294460685108788,0.0259949252358638,0.0330173271892515,NaN,NaN,NaN,NaN,NaN,NaN,NaN,NaN,NaN
NaN,NaN,0.0233046119295371,0.0315127729215116,0.0276362918132994,0.0290937220512812,0.0246346325729974,0.0323451109579764,0.0249987143276182,NaN,NaN,NaN,NaN,NaN,NaN,NaN,NaN,NaN
NaN,NaN,0.0296356310330642,0.0270636028387041,0.0320208839887831,0.0216344056486074,0.0309943364118226,0.0198607132188044,0.0274571079013792,NaN,NaN,NaN,NaN,NaN,NaN,NaN,NaN,NaN
NaN,NaN,0.0225774538897288,0.0308412334658594,0.0235908128136847,0.0311290716587488,0.0223488130723126,0.0316105582169257,0.0294136117396799,NaN,NaN,NaN,NaN,NaN,NaN,NaN,NaN,NaN
NaN,NaN,0.0326022473357928,0.0232275596596689,0.0267524294370863,0.0261610431431715,0.0294832096551545,0.0311304428032599,0.0215120474992242,NaN,NaN,NaN,NaN,NaN,NaN,NaN,NaN,NaN
NaN,NaN,0.0320977312706721,0.0227758682109804,0.0288338608855459,0.028451128101248,0.0348148078774102,0.0288982488564216,0.0323176431653944,NaN,NaN,NaN,NaN,NaN,NaN,NaN,NaN,NaN
NaN,NaN,0.0299377334498179,0.034398792568633,0.0260933510774824,0.0347496254204695,0.0289420739863999,0.0320292063406669,0.0255769352612939,NaN,NaN,NaN,NaN,NaN,NaN,NaN,NaN,NaN
NaN,NaN,0.0372971003137839,0.0278700723089666,0.0308102205211374,0.0240568874238913,0.034994627640117,0.0236205555847846,0.0330477814374414,NaN,NaN,NaN,NaN,NaN,NaN,NaN,NaN,NaN
NaN,NaN,0.0274788183354152,0.0316312744059057,0.027505180221245,0.0338525010107939,0.0253788896952756,0.033891367202159,0.0299065980313268,NaN,NaN,NaN,NaN,NaN,NaN,NaN,NaN,NaN
NaN,NaN,0.0321728144966376,0.0200102126934022,0.0315587617272589,0.0251756293534224,0.0313124762033112,0.0305202775052749,0.0255723717806783,NaN,NaN,NaN,NaN,NaN,NaN,NaN,NaN,NaN
NaN,NaN,0.0235690889142764,0.0250470659472436,0.0316617846304628,0.0250457098542635,0.0315003053401597,0.025285909359809,0.0335930521784273,NaN,NaN,NaN,NaN,NaN,NaN,NaN,NaN,NaN
NaN,NaN,0.0190809709213984,0.0299125185944528,0.0210921302253458,0.0282433314083998,0.0204907500301488,0.0258245118311606,0.0233797590432611,NaN,NaN,NaN,NaN,NaN,NaN,NaN,NaN,NaN
NaN,NaN,0.0271044080339683,0.0223943798579664,0.0256809241885397,0.0168872868477289,0.0256812901352532,0.020169465278741,0.0285065035520044,NaN,NaN,NaN,NaN,NaN,NaN,NaN,NaN,NaN
NaN,NaN,0.0213258681081546,0.0263664520122499,0.0240788444692347,0.0280789343475287,0.0190327645395882,0.0297162108472548,0.0266580517588106,NaN,NaN,NaN,NaN,NaN,NaN,NaN,NaN,NaN
NaN,NaN,0.0283199702583564,0.0220329894461126,0.0305549822563383,0.0203175900339071,0.0298301273141988,0.0324486181489192,0.0276228833196607,NaN,NaN,NaN,NaN,NaN,NaN,NaN,NaN,NaN
NaN,NaN,0.0284936805449737,0.0341907351054639,0.0305331706816408,0.0249863473533575,0.0309078910504468,0.0288653545430861,0.0375394384561029,NaN,NaN,NaN,NaN,NaN,NaN,NaN,NaN,NaN
NaN,NaN,0.0288812597476256,0.0362158960439653,0.0212797917241308,0.030096793717045,0.0244721354101785,0.0324477427056991,0.0285965065656152,NaN,NaN,NaN,NaN,NaN,NaN,NaN,NaN,NaN
NaN,NaN,0.0374150988839877,0.0252330138124914,0.0291371367687437,0.0198895541786139,0.0337515355204232,0.0235959127894603,0.0310398872194734,NaN,NaN,NaN,NaN,NaN,NaN,NaN,NaN,NaN
NaN,NaN,0.0275948983811152,0.0224720707871408,0.0221170507187101,0.027791062539715,0.0239350044284947,0.0305207245401107,0.0246906141934839,NaN,NaN,NaN,NaN,NaN,NaN,NaN,NaN,NaN
NaN,NaN,0.033668779321791,0.0207949450947732,0.0243177659625265,0.0202321691273634,0.0321216651354916,0.0278132021776401,0.0224996219573465,NaN,NaN,NaN,NaN,NaN,NaN,NaN,NaN,NaN
NaN,NaN,0.0296568465613139,0.0298461339213342,0.0227436072940084,0.0227141624151651,0.027666664973367,0.0216151759377681,0.03208717808108,NaN,NaN,NaN,NaN,NaN,NaN,NaN,NaN,NaN
NaN,NaN,0.0268678893529189,0.0330236947872133,0.0213639832848761,0.028214963322777,0.0251279541407712,0.0295761026791297,0.0232403400538412,NaN,NaN,NaN,NaN,NaN,NaN,NaN,NaN,NaN
NaN,NaN,0.0349992108725322,0.0220361373164148,0.0355411715621206,0.0237786268650476,0.0359037474845536,0.0245547652593814,0.0336130011079755,NaN,NaN,NaN,NaN,NaN,NaN,NaN,NaN,NaN
NaN,NaN,0.0279112127803576,0.0288878216185064,0.0305791966432783,0.03479194471826,0.0292073705350049,0.0327055327943526,0.0318777050075975,NaN,NaN,NaN,NaN,NaN,NaN,NaN,NaN,NaN
NaN,NaN,0.0361909312390101,0.0310355818607301,0.0332492612117979,0.0281310511588041,0.0307659202371724,0.0306942299357615,0.0292555662987676,NaN,NaN,NaN,NaN,NaN,NaN,NaN,NaN,NaN
NaN,NaN,0.0306656924270404,0.0336983821131677,0.0296767636949274,0.0272209068595354,0.0279395052348264,0.0224368818453513,0.036854860484406,NaN,NaN,NaN,NaN,NaN,NaN,NaN,NaN,NaN
NaN,NaN,0.0284770657502425,0.0357570706643552,0.0265923164600584,0.0307014642118399,0.0236187645350583,0.0298566170386039,0.026014004945561,NaN,NaN,NaN,NaN,NaN,NaN,NaN,NaN,NaN
NaN,NaN,0.0342101943873179,0.0230048804320783,0.0368147365564558,0.0219090899287645,0.0335589938913472,0.0218016639701091,0.0322889398036447,NaN,NaN,NaN,NaN,NaN,NaN,NaN,NaN,NaN
NaN,NaN,0.026105937101723,0.0330955370106191,0.0276299401933405,0.0315679667352621,0.0263258026097901,0.0326218255213462,0.0313538919387308,NaN,NaN,NaN,NaN,NaN,NaN,NaN,NaN,NaN
NaN,NaN,0.0393089433394683,0.0326456523277254,0.0310088902527544,0.0245885236023848,0.0291857079719193,0.0315557033172809,0.0287182304261175,NaN,NaN,NaN,NaN,NaN,NaN,NaN,NaN,NaN
NaN,NaN,0.0387148899220241,0.0356540105082483,0.0306249432081434,0.0255491642116491,0.0299598046694882,0.0236404858878814,0.0350217382607904,NaN,NaN,NaN,NaN,NaN,NaN,NaN,NaN,NaN
NaN,NaN,0.0343237039827121,0.0329120292105169,0.0277911335045549,0.0274118279873316,0.0246384882484563,0.0341597371152602,0.0247215713558641,NaN,NaN,NaN,NaN,NaN,NaN,NaN,NaN,NaN
NaN,NaN,0.0390759636842025,0.0237293748893232,0.0359495192581865,0.0175500159918253,0.0395686694537289,0.0247450158349238,0.0334079797563997,NaN,NaN,NaN,NaN,NaN,NaN,NaN,NaN,NaN
NaN,NaN,0.0313347545646441,0.0352621099688501,0.0243848956937048,0.0329230410813276,0.0266891301725991,0.0359784610918723,0.0273067179320303,NaN,NaN,NaN,NaN,NaN,NaN,NaN,NaN,NaN
NaN,NaN,0.0397508745275748,0.0311419947781057,0.0284454434925768,0.0253970792352144,0.0318171412800439,0.0270161018124782,0.0251014764605012,NaN,NaN,NaN,NaN,NaN,NaN,NaN,NaN,NaN
NaN,NaN,0.0313449246071589,0.0303433297910184,0.0273652955705378,0.027593566274542,0.0292418108438142,0.0206346795312129,0.0301742787657228,NaN,NaN,NaN,NaN,NaN,NaN,NaN,NaN,NaN
NaN,NaN,0.0251099248610747,0.0280373378433675,0.0268892593497488,0.0319192988633101,0.0223169804667123,0.0290496446541511,0.0231050561366525,NaN,NaN,NaN,NaN,NaN,NaN,NaN,NaN,NaN
NaN,NaN,0.0330878389261973,0.0255854821540803,0.0343016743475649,0.0257304182111208,0.0338238992844708,0.0210438840440474,0.032978453784987,NaN,NaN,NaN,NaN,NaN,NaN,NaN,NaN,NaN
NaN,NaN,0.0259781223915828,0.0421416035630197,0.02931932209079,0.0380703864454214,0.0243116126512177,0.0343743510893546,0.0291613909600225,NaN,NaN,NaN,NaN,NaN,NaN,NaN,NaN,NaN
NaN,NaN,0.0370049257956756,0.0366885422505826,0.0367258511299345,0.0281250534414236,0.0373269387637265,0.0280076623312198,0.0307291048763242,NaN,NaN,NaN,NaN,NaN,NaN,NaN,NaN,NaN
NaN,NaN,0.0306165558480037,0.0354386328496427,0.0373382329756472,0.0329223146497194,0.0345810272847302,0.0295810014358722,0.0367875444887128,NaN,NaN,NaN,NaN,NaN,NaN,NaN,NaN,NaN
NaN,NaN,0.0293184039376987,0.0347153118588418,0.0330424517208788,0.0376134982167666,0.0282467299257405,0.0378156625083648,0.0285093533990827,NaN,NaN,NaN,NaN,NaN,NaN,NaN,NaN,NaN
NaN,NaN,0.0398574737094653,0.0310297331549615,0.0389223754221651,0.0252813717185442,0.0354362608049996,0.0295069426647387,0.0340529206393209,NaN,NaN,NaN,NaN,NaN,NaN,NaN,NaN,NaN
NaN,NaN,0.0310907107971919,0.0413082747497053,0.0314787983710024,0.0347285775302832,0.0251148224924691,0.0372117370716296,0.0263063843546358,NaN,NaN,NaN,NaN,NaN,NaN,NaN,NaN,NaN
NaN,NaN,0.0380917792402518,0.0327752551772088,0.035551062207863,0.0229043012319986,0.0388062515412457,0.0323195740929805,0.0294116745887247,NaN,NaN,NaN,NaN,NaN,NaN,NaN,NaN,NaN
NaN,NaN,0.0310126287125361,0.0360132961310834,0.0364193342441771,0.0300663767217581,0.0375564911519177,0.0350762330344878,0.0381141948698011,NaN,NaN,NaN,NaN,NaN,NaN,NaN,NaN,NaN
NaN,NaN,0.0358676505469096,0.0368388763405771,0.0322528391892168,0.0406989512800161,0.0352540009771474,0.0437384643009864,0.0310493494568315,NaN,NaN,NaN,NaN,NaN,NaN,NaN,NaN,NaN
NaN,NaN,0.0469150361799014,0.0357482789792509,0.0440610967392179,0.0346368236302321,0.0412199416314252,0.0323772415868007,0.0387675176558939,NaN,NaN,NaN,NaN,NaN,NaN,NaN,NaN,NaN
NaN,NaN,0.0406477381669295,0.0470694548227281,0.0335348605925295,0.043738825416464,0.0316763811861165,0.0363831207505427,0.032943342923924,NaN,NaN,NaN,NaN,NaN,NaN,NaN,NaN,NaN
NaN,NaN,0.0452806395672572,0.0334863013364763,0.0367677047664377,0.0292506871580069,0.0386496403370984,0.0294988401583396,0.0295667397973981,NaN,NaN,NaN,NaN,NaN,NaN,NaN,NaN,NaN
NaN,NaN,0.0334618953250659,0.0333196877278776,0.034768937509701,0.0358353612779562,0.031862962350715,0.0323743917397223,0.0381941768525091,NaN,NaN,NaN,NaN,NaN,NaN,NaN,NaN,NaN
NaN,NaN,0.0352270496271861,0.0345337412096948,0.0331596866065714,0.0363615585326139,0.0290727757965215,0.0381319396547042,0.0275005075333562,NaN,NaN,NaN,NaN,NaN,NaN,NaN,NaN,NaN
NaN,NaN,0.0463882242523444,0.0345737880804033,0.0435952491873953,0.0296900106429045,0.0380746976588853,0.0263950027874671,0.0381755876539197,NaN,NaN,NaN,NaN,NaN,NaN,NaN,NaN,NaN
NaN,NaN,0.0432443586372149,0.0458839370645971,0.0327593669110987,0.0406261218546812,0.0324176394497044,0.0342541173449717,0.036851265579268,NaN,NaN,NaN,NaN,NaN,NaN,NaN,NaN,NaN
NaN,NaN,0.0529810753844989,0.0407392552830667,0.0419910274261686,0.0295053666292612,0.0436123603140004,0.0326517396024428,0.0360198180375543,NaN,NaN,NaN,NaN,NaN,NaN,NaN,NaN,NaN
NaN,NaN,0.0447267447792304,0.0467400087751836,0.0411507136935446,0.0375156162141745,0.0338124253903516,0.038387811218854,0.0444145175812688,NaN,NaN,NaN,NaN,NaN,NaN,NaN,NaN,NaN
NaN,NaN,0.0500300680481208,0.0532114340700597,0.039761776458666,0.0386084673761313,0.0322666534339078,0.0418215416721068,0.032899794280335,NaN,NaN,NaN,NaN,NaN,NaN,NaN,NaN,NaN
NaN,NaN,0.0624237177156222,0.0506557545401544,0.0519467167371962,0.0342301895677034,0.0423335799132474,0.0317002818337642,0.0427032309768644,NaN,NaN,NaN,NaN,NaN,NaN,NaN,NaN,NaN
NaN,NaN,0.0588914719604266,0.0615380353071184,0.0456867761725637,0.0467155372559015,0.0391594276879914,0.0400374628952704,0.0390804047880617,NaN,NaN,NaN,NaN,NaN,NaN,NaN,NaN,NaN
NaN,NaN,0.0697081876181376,0.0580916947462053,0.0540812894517633,0.0399767665027563,0.0486004867707379,0.0385848790756427,0.0362463715670553,NaN,NaN,NaN,NaN,NaN,NaN,NaN,NaN,NaN
NaN,NaN,0.0640548174463523,0.0625145456530542,0.053727368246958,0.046836776828665,0.0392368578468449,0.0417797811678611,0.0442874665556398,NaN,NaN,NaN,NaN,NaN,NaN,NaN,NaN,NaN
NaN,NaN,0.0706049208723319,0.0663719347454995,0.0541393481010649,0.0507080798803751,0.04086315195309,0.0456600994220935,0.0344906608758417,NaN,NaN,NaN,NaN,NaN,NaN,NaN,NaN,NaN
NaN,NaN,0.0802689758323443,0.062241332862565,0.0655023217016908,0.044404944574732,0.0543688752804883,0.0355522692552768,0.0476073335109201,NaN,NaN,NaN,NaN,NaN,NaN,NaN,NaN,NaN
NaN,NaN,0.074014828094126,0.0726931749619932,0.054768773149893,0.0588855204938833,0.0457405814086087,0.0468523413292132,0.0397468219695535,NaN,NaN,NaN,NaN,NaN,NaN,NaN,NaN,NaN
NaN,NaN,0.0817381371938003,0.0646916239299268,0.0643480032498094,0.0514225905596201,0.0516687662457116,0.0471134096733294,0.0427705097196546,NaN,NaN,NaN,NaN,NaN,NaN,NaN,NaN,NaN
NaN,NaN,0.0760680218421233,0.0697213432528467,0.0647775478476736,0.0594958720563833,0.045955567911733,0.0487841464928351,0.0483763824401346,NaN,NaN,NaN,NaN,NaN,NaN,NaN,NaN,NaN
NaN,NaN,0.0789478202544463,0.0690154566206426,0.0654226936215612,0.0601536093114798,0.0478442900930531,0.0489405341795646,0.040127192735478,NaN,NaN,NaN,NaN,NaN,NaN,NaN,NaN,NaN
NaN,NaN,0.0830412809931052,0.0597446619309873,0.0715515784734937,0.0505578016697352,0.058691571757663,0.0409960173419677,0.0524185459313837,NaN,NaN,NaN,NaN,NaN,NaN,NaN,NaN,NaN
NaN,NaN,0.0701415133856547,0.0682210570909471,0.0585719220155928,0.0620068294762556,0.0466439643059857,0.0545530751696788,0.0438180799780336,NaN,NaN,NaN,NaN,NaN,NaN,NaN,NaN,NaN
NaN,NaN,0.0724843857072604,0.0629184230007619,0.0667294695789072,0.0508923513649885,0.0581389621947892,0.0578729607514106,0.0486715185640302,NaN,NaN,NaN,NaN,NaN,NaN,NaN,NaN,NaN
NaN,NaN,0.0685392101489318,0.0707525222339124,0.0646467342788431,0.0633363669573252,0.058058328286279,0.0604837186983787,0.0570917549727407,NaN,NaN,NaN,NaN,NaN,NaN,NaN,NaN,NaN
NaN,NaN,0.0731277433418048,0.0666299669780225,0.0672475643271658,0.063506277447838,0.0636169270728715,0.0629628248861991,0.0516121509669271,NaN,NaN,NaN,NaN,NaN,NaN,NaN,NaN,NaN
NaN,NaN,0.0808137995384944,0.0600172227956743,0.0727121367866251,0.0574074556886141,0.0711012960528024,0.052210426365491,0.0573287765679803,NaN,NaN,NaN,NaN,NaN,NaN,NaN,NaN,NaN
NaN,NaN,0.0675915521763575,0.0664210713245363,0.0561803228968832,0.065942989832062,0.0561114729498513,0.0618151560775004,0.0459687273202386,NaN,NaN,NaN,NaN,NaN,NaN,NaN,NaN,NaN
NaN,NaN,0.0741014224671138,0.0575003235377759,0.0630571715349409,0.051722010767359,0.0683532239054329,0.060738323663827,0.0479036617277113,NaN,NaN,NaN,NaN,NaN,NaN,NaN,NaN,NaN
NaN,NaN,0.0692841564499152,0.0583285859562845,0.0589300341719839,0.0626622756778185,0.0671023273025639,0.0584615379921161,0.0529138046501127,NaN,NaN,NaN,NaN,NaN,NaN,NaN,NaN,NaN
NaN,NaN,0.0777806309245837,0.0616242757775277,0.0587826803142283,0.0613487569450323,0.0747247369145043,0.0656120092025958,0.0462983782587495,NaN,NaN,NaN,NaN,NaN,NaN,NaN,NaN,NaN
NaN,NaN,0.0902326558910621,0.057414064440915,0.0662719107979986,0.0605787766932432,0.0788657137309201,0.0599304758361541,0.0553078810868707,NaN,NaN,NaN,NaN,NaN,NaN,NaN,NaN,NaN
NaN,NaN,0.0811446984492553,0.0718425049223394,0.0565846286529753,0.0721616355537359,0.0656935528968461,0.072171705251094,0.0456934097407308,NaN,NaN,NaN,NaN,NaN,NaN,NaN,NaN,NaN
NaN,NaN,0.0916130063318026,0.0644557758011312,0.0706503003651354,0.0621369911192839,0.0819969319854863,0.0671219438663684,0.0473153825102296,NaN,NaN,NaN,NaN,NaN,NaN,NaN,NaN,NaN
NaN,NaN,0.0824268129848254,0.0740379302539319,0.0674036726171229,0.0722759274600927,0.0816758864675648,0.0663148410967551,0.0557753863928762,NaN,NaN,NaN,NaN,NaN,NaN,NaN,NaN,NaN
NaN,NaN,0.0896646236263526,0.08002272087712,0.0704326316529963,0.0749315751551573,0.0844598145340569,0.0747842140845023,0.0529261353610006,NaN,NaN,NaN,NaN,NaN,NaN,NaN,NaN,NaN
NaN,NaN,0.0986279887341273,0.0792514926530809,0.0853285588139746,0.0783436430453245,0.090455389872659,0.0713112004450523,0.065880534350678,NaN,NaN,NaN,NaN,NaN,NaN,NaN,NaN,NaN
NaN,NaN,0.0957108256601107,0.101434814069459,0.0837840907091353,0.0958970432936136,0.0879977413569577,0.0914729185751639,0.0601795177159753,NaN,NaN,NaN,NaN,NaN,NaN,NaN,NaN,NaN
NaN,NaN,0.117611807324768,0.097286982718894,0.106982926260874,0.0943815952001993,0.111117004707921,0.0870809503248893,0.0721040788290945,NaN,NaN,NaN,NaN,NaN,NaN,NaN,NaN,NaN
NaN,NaN,0.119444687404515,0.118198545906732,0.108843410741732,0.113399053162235,0.117509845003951,0.0958703071228229,0.0849485072491613,NaN,NaN,NaN,NaN,NaN,NaN,NaN,NaN,NaN
NaN,NaN,0.135308165588261,0.130357148382852,0.121687317621157,0.124815410172838,0.12660530890571,0.111136248742696,0.0816191966829744,NaN,NaN,NaN,NaN,NaN,NaN,NaN,NaN,NaN
NaN,NaN,0.148483921327473,0.142028780911157,0.141529498975918,0.133375512605805,0.146743520454038,0.119002758001443,0.0995558547971692,NaN,NaN,NaN,NaN,NaN,NaN,NaN,NaN,NaN
NaN,NaN,0.151036583372237,0.166959038261363,0.149741864185974,0.163407387381691,0.154472752765287,0.14625061157858,0.103976898938223,NaN,NaN,NaN,NaN,NaN,NaN,NaN,NaN,NaN
NaN,NaN,0.177697927244784,0.169252140704581,0.176835248600886,0.169393984770674,0.187325584993232,0.150581503694411,0.124027175009057,NaN,NaN,NaN,NaN,NaN,NaN,NaN,NaN,NaN
NaN,NaN,0.184464321025492,0.196887480352113,0.18487047625725,0.198403584009308,0.196387539908756,0.171284879033919,0.140280355810925,NaN,NaN,NaN,NaN,NaN,NaN,NaN,NaN,NaN
NaN,NaN,0.204798222073199,0.207575952891299,0.199881421756193,0.208835346794027,0.211003213480581,0.188070571457502,0.146778584569499,NaN,NaN,NaN,NaN,NaN,NaN,NaN,NaN,NaN
NaN,NaN,0.217838936039091,0.221307186666915,0.225426854919836,0.219760598784584,0.234207357570995,0.199796853994485,0.170755316614911,NaN,NaN,NaN,NaN,NaN,NaN,NaN,NaN,NaN
NaN,NaN,0.219805311896683,0.245089048776814,0.235676003974125,0.248934595084089,0.245428043708671,0.22895362082636,0.18600935593228,NaN,NaN,NaN,NaN,NaN,NaN,NaN,NaN,NaN
NaN,NaN,0.240680199601532,0.248624349270055,0.262253994476244,0.254554381763834,0.274867560074199,0.234991906618234,0.211875834613844,NaN,NaN,NaN,NaN,NaN,NaN,NaN,NaN,NaN
NaN,NaN,0.242356002815844,0.270477889362761,0.267195051890061,0.281246068125862,0.276941876218189,0.256722344493028,0.231457823067709,NaN,NaN,NaN,NaN,NaN,NaN,NaN,NaN,NaN
NaN,NaN,0.258122027405382,0.276600534353444,0.280169045906708,0.283305147832531,0.285161021456588,0.269235277955886,0.236497433036372,NaN,NaN,NaN,NaN,NaN,NaN,NaN,NaN,NaN
NaN,NaN,0.264051478841187,0.285149051133582,0.296019411068604,0.288226125931639,0.299633532122243,0.273877399449702,0.25860038131456,NaN,NaN,NaN,NaN,NaN,NaN,NaN,NaN,NaN
NaN,NaN,0.26005640301931,0.298919512216041,0.290747883152411,0.30518554726829,0.298588290170301,0.293936485832091,0.268753846287533,NaN,NaN,NaN,NaN,NaN,NaN,NaN,NaN,NaN
NaN,NaN,0.273161098846079,0.295227600518653,0.308553187530682,0.302490336990256,0.315322107926477,0.292740164732095,0.285057094991013,NaN,NaN,NaN,NaN,NaN,NaN,NaN,NaN,NaN
NaN,NaN,0.271681469418885,0.311036819849202,0.308214987050936,0.316389450973171,0.305195949331392,0.307240372931119,0.298725650757357,NaN,NaN,NaN,NaN,NaN,NaN,NaN,NaN,NaN
NaN,NaN,0.282616984584214,0.313001053664872,0.314581880700037,0.313033336943287,0.31009783531772,0.30930496606743,0.295593706071183,NaN,NaN,NaN,NaN,NaN,NaN,NaN,NaN,NaN
NaN,NaN,0.285768468418003,0.316502435389945,0.323757382463858,0.311988579279083,0.316051035479177,0.302179845457431,0.31376179784517,NaN,NaN,NaN,NaN,NaN,NaN,NaN,NaN,NaN
NaN,NaN,0.282328293212534,0.324236175302455,0.309823530148909,0.317766914313931,0.302560455456842,0.309864337032195,0.310590104311511,NaN,NaN,NaN,NaN,NaN,NaN,NaN,NaN,NaN
NaN,NaN,0.300375834592463,0.315534027550408,0.323838873189137,0.3020634000956,0.304334494576324,0.298360174929257,0.318329227268502,NaN,NaN,NaN,NaN,NaN,NaN,NaN,NaN,NaN
NaN,NaN,0.297903210409762,0.322890246544072,0.31652106193845,0.307454100048441,0.28737267042743,0.300548149680253,0.322473240196511,NaN,NaN,NaN,NaN,NaN,NaN,NaN,NaN,NaN
NaN,NaN,0.314255912341954,0.321282206360289,0.322647264581368,0.304910862988133,0.285604275122751,0.295563655381557,0.317067545950219,NaN,NaN,NaN,NaN,NaN,NaN,NaN,NaN,NaN
NaN,NaN,0.326552872099758,0.326368829492518,0.329002591204092,0.303033055907387,0.281687616661657,0.282349678163882,0.331437275856539,NaN,NaN,NaN,NaN,NaN,NaN,NaN,NaN,NaN
NaN,NaN,0.33116047877896,0.341528432700822,0.321833419036314,0.309870323336023,0.264998390630353,0.289354620908853,0.325274192839667,NaN,NaN,NaN,NaN,NaN,NaN,NaN,NaN,NaN
NaN,NaN,0.360349450745465,0.340815039608666,0.340284167211697,0.294818120247025,0.268268450454343,0.278516894613858,0.330196884572312,NaN,NaN,NaN,NaN,NaN,NaN,NaN,NaN,NaN
NaN,NaN,0.364771109559418,0.36066673908014,0.340363273751185,0.306020626968044,0.257180291519035,0.283139346574899,0.336027299165532,NaN,NaN,NaN,NaN,NaN,NaN,NaN,NaN,NaN
NaN,NaN,0.392265875377537,0.376313591633031,0.356466269474671,0.305922223424811,0.260477396950591,0.280369108950254,0.334168379306599,NaN,NaN,NaN,NaN,NaN,NaN,NaN,NaN,NaN
NaN,NaN,0.40823865357864,0.392464699480721,0.369917771201775,0.311681037938494,0.266739963844884,0.276329497282859,0.351619296818778,NaN,NaN,NaN,NaN,NaN,NaN,NaN,NaN,NaN
NaN,NaN,0.41978902790773,0.416778328154275,0.371621756237194,0.32540079781999,0.259719766036142,0.287632028048392,0.344768562465712,NaN,NaN,NaN,NaN,NaN,NaN,NaN,NaN,NaN
NaN,NaN,0.450107526519181,0.420239122841546,0.40045351011698,0.31819839606275,0.278858668461908,0.28344852704322,0.353480191081568,NaN,NaN,NaN,NaN,NaN,NaN,NaN,NaN,NaN
NaN,NaN,0.453722138442875,0.446976090107152,0.407321976851866,0.338487388735909,0.279521677002776,0.290561819856521,0.357738216519162,NaN,NaN,NaN,NaN,NaN,NaN,NaN,NaN,NaN
NaN,NaN,0.478137318529965,0.463075528178403,0.425789246689722,0.34606537426104,0.296664941415656,0.29723236191785,0.360424430221125,NaN,NaN,NaN,NaN,NaN,NaN,NaN,NaN,NaN
NaN,NaN,0.490621567257525,0.477358365688512,0.443237444739983,0.360995164310831,0.313533707812894,0.302605124597903,0.382241611480519,NaN,NaN,NaN,NaN,NaN,NaN,NaN,NaN,NaN
NaN,NaN,0.502222139873387,0.504405165348241,0.452664478104756,0.38472684676041,0.317690479860175,0.326560212706681,0.37888806790094,NaN,NaN,NaN,NaN,NaN,NaN,NaN,NaN,NaN
NaN,NaN,0.531323865541102,0.505758116278836,0.486360790562079,0.391640724784035,0.347698829427827,0.33285792771494,0.397978783696696,NaN,NaN,NaN,NaN,NaN,NaN,NaN,NaN,NaN
NaN,NaN,0.536911875494601,0.5287288523056,0.49256367830579,0.42211942950477,0.350030730769504,0.348608045314904,0.409919829219386,NaN,NaN,NaN,NaN,NaN,NaN,NaN,NaN,NaN
NaN,NaN,0.562523488440396,0.529392959807107,0.508280659448549,0.428922554647822,0.369405239180196,0.35795623291051,0.415523857921168,NaN,NaN,NaN,NaN,NaN,NaN,NaN,NaN,NaN
NaN,NaN,0.578546911963106,0.53362889427323,0.521824268978283,0.438816571777958,0.385860461101402,0.36562856141245,0.438240063488289,NaN,NaN,NaN,NaN,NaN,NaN,NaN,NaN,NaN
NaN,NaN,0.587698162087084,0.543747732672879,0.523085615020439,0.458656443452734,0.395413148507942,0.391945055162068,0.434914440959498,NaN,NaN,NaN,NaN,NaN,NaN,NaN,NaN,NaN
NaN,NaN,0.618188303449036,0.53858047563214,0.547954349201367,0.459668642079729,0.427042912051547,0.401109660451766,0.454722722172543,NaN,NaN,NaN,NaN,NaN,NaN,NaN,NaN,NaN
NaN,NaN,0.62185633603561,0.559175053868482,0.542593097668335,0.482882471924919,0.425923052534927,0.416802166437265,0.462512322813078,NaN,NaN,NaN,NaN,NaN,NaN,NaN,NaN,NaN
NaN,NaN,0.647915766128184,0.551019201312253,0.549863765370295,0.480821119791168,0.439505423710216,0.423268208687659,0.462862276583716,NaN,NaN,NaN,NaN,NaN,NaN,NaN,NaN,NaN
NaN,NaN,0.658874862381102,0.552178027365395,0.552394038420364,0.481092078781027,0.448419167951215,0.427549181913491,0.473931213021084,NaN,NaN,NaN,NaN,NaN,NaN,NaN,NaN,NaN
NaN,NaN,0.657509562113167,0.562835840765426,0.542000348102495,0.489525968378681,0.450250744179357,0.44592249993002,0.464541842341229,NaN,NaN,NaN,NaN,NaN,NaN,NaN,NaN,NaN
NaN,NaN,0.675794013329626,0.560382029298732,0.558238683622524,0.477394709533352,0.468878071114887,0.439764818584081,0.475029186457202,NaN,NaN,NaN,NaN,NaN,NaN,NaN,NaN,NaN
NaN,NaN,0.663998235502125,0.57966049972553,0.542093834262535,0.497313967144388,0.457786652550567,0.448778232967015,0.474776090234324,NaN,NaN,NaN,NaN,NaN,NaN,NaN,NaN,NaN
NaN,NaN,0.682796478756548,0.576991087082812,0.548789279889509,0.491208700632948,0.466883736953605,0.446948631142732,0.469992389082715,NaN,NaN,NaN,NaN,NaN,NaN,NaN,NaN,NaN
NaN,NaN,0.681932509430529,0.586395787332246,0.551759509723827,0.492783138698239,0.473537924990524,0.446099115943071,0.477575739025876,NaN,NaN,NaN,NaN,NaN,NaN,NaN,NaN,NaN
NaN,NaN,0.676337197908045,0.604489596817681,0.547979085128948,0.504999464547533,0.476297750428785,0.46298874396598,0.471072127222821,NaN,NaN,NaN,NaN,NaN,NaN,NaN,NaN,NaN
NaN,NaN,0.693998519816281,0.606675783429334,0.571727326493904,0.501084128564495,0.498595251992811,0.450733060424682,0.479949605762765,NaN,NaN,NaN,NaN,NaN,NaN,NaN,NaN,NaN
NaN,NaN,0.688992325701596,0.628631992522666,0.564413687568352,0.52420590648641,0.491870991245378,0.46504335332429,0.481676445454165,NaN,NaN,NaN,NaN,NaN,NaN,NaN,NaN,NaN
NaN,NaN,0.713247951605202,0.627656469378659,0.584459772687599,0.526184575801987,0.51091823290335,0.469195338373538,0.477840979695126,NaN,NaN,NaN,NaN,NaN,NaN,NaN,NaN,NaN
NaN,NaN,0.720398460068585,0.634676387790629,0.599865692090437,0.541500250047344,0.53051838214742,0.473197399114724,0.492167645245596,NaN,NaN,NaN,NaN,NaN,NaN,NaN,NaN,NaN
NaN,NaN,0.73128025654781,0.651429502550551,0.607963765394137,0.567809777504105,0.540630906180013,0.493902208690997,0.486871008872792,NaN,NaN,NaN,NaN,NaN,NaN,NaN,NaN,NaN
NaN,NaN,0.766695455201746,0.649100227538535,0.641114900242731,0.575959744101662,0.570852919772733,0.48709388676798,0.500386529713675,NaN,NaN,NaN,NaN,NaN,NaN,NaN,NaN,NaN
NaN,NaN,0.776516996809126,0.670731833461711,0.647752883266852,0.614244142717022,0.573687381402124,0.511475781386252,0.506842271536395,NaN,NaN,NaN,NaN,NaN,NaN,NaN,NaN,NaN
NaN,NaN,0.816874742992998,0.671213457617947,0.682971386593029,0.635005539452929,0.607468909875024,0.525845678930636,0.510659706890389,NaN,NaN,NaN,NaN,NaN,NaN,NaN,NaN,NaN
NaN,NaN,0.842959262915732,0.692288263026664,0.709904844295427,0.668502921408314,0.637577767774928,0.542491821979638,0.536254071742102,NaN,NaN,NaN,NaN,NaN,NaN,NaN,NaN,NaN
NaN,NaN,0.874200962968947,0.719922838989684,0.730603358131096,0.710950685834784,0.657801064953674,0.574296748673078,0.539923966973826,NaN,NaN,NaN,NaN,NaN,NaN,NaN,NaN,NaN
NaN,NaN,0.918554977067591,0.729925206188151,0.775685629230187,0.727286810225147,0.69672185491072,0.579473803227302,0.562793412357375,NaN,NaN,NaN,NaN,NaN,NaN,NaN,NaN,NaN
NaN,NaN,0.931299139299275,0.763957577083299,0.792870859038279,0.772480802780289,0.707189287350047,0.611516142671462,0.570066426992222,NaN,NaN,NaN,NaN,NaN,NaN,NaN,NaN,NaN
NaN,NaN,0.968483888097884,0.777873771522233,0.836552551370308,0.795954490250248,0.744884121522773,0.628106480871793,0.578209054767892,NaN,NaN,NaN,NaN,NaN,NaN,NaN,NaN,NaN
NaN,NaN,0.98280401576388,0.808759296570012,0.871800093334362,0.833471479064125,0.772096566215623,0.651935523783322,0.602145143896147,NaN,NaN,NaN,NaN,NaN,NaN,NaN,NaN,NaN
NaN,NaN,0.999554038532854,0.841389915231654,0.896299539488003,0.875263853168387,0.789290792599786,0.687479952757712,0.609574937373206,NaN,NaN,NaN,NaN,NaN,NaN,NaN,NaN,NaN
NaN,NaN,1.02705021996129,0.858319273475596,0.939884802680657,0.890972247517008,0.824244688556064,0.691852195595857,0.63495301187019,NaN,NaN,NaN,NaN,NaN,NaN,NaN,NaN,NaN
NaN,NaN,1.02014610219824,0.897005463276097,0.949278587829516,0.933008572256464,0.827891654626001,0.722255835717078,0.643179086148545,NaN,NaN,NaN,NaN,NaN,NaN,NaN,NaN,NaN
NaN,NaN,1.03455735046494,0.913942700509021,0.982813259940788,0.947542531585592,0.853997688100208,0.735772939806338,0.650319368690058,NaN,NaN,NaN,NaN,NaN,NaN,NaN,NaN,NaN
NaN,NaN,1.02766967985857,0.943910388533065,0.998720566164896,0.974387346005339,0.871284450695384,0.752883347158786,0.673697837739989,NaN,NaN,NaN,NaN,NaN,NaN,NaN,NaN,NaN
NaN,NaN,1.025460806229,0.973826760683247,1.00021166948621,0.999149238860506,0.876306738064159,0.776270868664142,0.67008916765432,NaN,NaN,NaN,NaN,NaN,NaN,NaN,NaN,NaN
NaN,NaN,1.03490117613304,0.98301165017862,1.01980548573677,1.00267727503766,0.905840392515529,0.777171196823474,0.690637701302573,NaN,NaN,NaN,NaN,NaN,NaN,NaN,NaN,NaN
NaN,NaN,1.01184125665653,1.01382235277075,1.00815663335864,1.03391960839023,0.899912449822295,0.803901756589767,0.698661808967396,NaN,NaN,NaN,NaN,NaN,NaN,NaN,NaN,NaN
NaN,NaN,1.02085591901171,1.0197054802217,1.02010028658454,1.03583401644816,0.919852885708679,0.815358197723981,0.702774212807223,NaN,NaN,NaN,NaN,NaN,NaN,NaN,NaN,NaN
NaN,NaN,1.00976915706027,1.04158688548584,1.0196673147196,1.04627309942831,0.929378303990234,0.825081522052642,0.722877145856425,NaN,NaN,NaN,NaN,NaN,NaN,NaN,NaN,NaN
NaN,NaN,1.0060237874471,1.05976928237457,1.01359226031248,1.05674209648957,0.930086314037908,0.842806136643048,0.715187960415885,NaN,NaN,NaN,NaN,NaN,NaN,NaN,NaN,NaN
NaN,NaN,1.01536376077759,1.05781275990982,1.02747326938455,1.04728837141981,0.954793482378591,0.842963958566543,0.734259863495633,NaN,NaN,NaN,NaN,NaN,NaN,NaN,NaN,NaN
NaN,NaN,0.9931908515476,1.08376484576244,1.0149735420758,1.06631458381404,0.93957999284612,0.865386406367179,0.736936503201529,NaN,NaN,NaN,NaN,NaN,NaN,NaN,NaN,NaN
NaN,NaN,1.00197812218297,1.08526865232367,1.03060528857653,1.05546555126299,0.952720265195239,0.867513025586959,0.743407649099633,NaN,NaN,NaN,NaN,NaN,NaN,NaN,NaN,NaN
NaN,NaN,0.992542874553086,1.09993849161644,1.0356980770642,1.05723083595027,0.955834552005399,0.866724530642387,0.761091341376111,NaN,NaN,NaN,NaN,NaN,NaN,NaN,NaN,NaN
NaN,NaN,0.991301700957896,1.11434595871348,1.03342252073829,1.05815852636685,0.949069983616937,0.874918194895145,0.752507881372973,NaN,NaN,NaN,NaN,NaN,NaN,NaN,NaN,NaN
NaN,NaN,1.00061319444406,1.11641625154395,1.055474004131,1.0411947278141,0.963489110872615,0.864358487015124,0.772623797058865,NaN,NaN,NaN,NaN,NaN,NaN,NaN,NaN,NaN
NaN,NaN,0.974306721725346,1.14254839930315,1.05223875714485,1.05924497002949,0.945991198823322,0.877472272550222,0.774550982862517,NaN,NaN,NaN,NaN,NaN,NaN,NaN,NaN,NaN
NaN,NaN,0.986355223246695,1.14720285150785,1.07927946595494,1.04917292127599,0.96127992059337,0.870364251022693,0.787061811536356,NaN,NaN,NaN,NaN,NaN,NaN,NaN,NaN,NaN
NaN,NaN,0.976318471618773,1.16238624069471,1.09891399962847,1.0524638613521,0.96395898173796,0.864618698542472,0.809290711879536,NaN,NaN,NaN,NaN,NaN,NaN,NaN,NaN,NaN
NaN,NaN,0.974671893306853,1.18254922542352,1.10757986305301,1.0571288375019,0.95299362699734,0.879583934729453,0.800263960957333,NaN,NaN,NaN,NaN,NaN,NaN,NaN,NaN,NaN
NaN,NaN,0.977516580858113,1.18019351947684,1.13687305001561,1.04193920845379,0.971272769675124,0.871962177043315,0.819606916159197,NaN,NaN,NaN,NaN,NaN,NaN,NaN,NaN,NaN
NaN,NaN,0.951918323078038,1.20275790083785,1.13672476483528,1.0593125095426,0.961659341410268,0.890179666166659,0.819766377210423,NaN,NaN,NaN,NaN,NaN,NaN,NaN,NaN,NaN
NaN,NaN,0.959739886709334,1.19674505877871,1.16268305329625,1.04297197068324,0.985118798271287,0.894062759762164,0.826597144007489,NaN,NaN,NaN,NaN,NaN,NaN,NaN,NaN,NaN
NaN,NaN,0.940726191290499,1.20186601046104,1.17674019409363,1.04235012660016,0.991039010987151,0.898961479251739,0.845897034853503,NaN,NaN,NaN,NaN,NaN,NaN,NaN,NaN,NaN
NaN,NaN,0.931880806126477,1.21027616995949,1.17794955370967,1.04830409044613,0.984631958708633,0.924442800169345,0.837183636724755,NaN,NaN,NaN,NaN,NaN,NaN,NaN,NaN,NaN
NaN,NaN,0.923093200214983,1.19029391768951,1.19886961055939,1.03565123507966,1.01015340100275,0.920612698828336,0.853403159528777,NaN,NaN,NaN,NaN,NaN,NaN,NaN,NaN,NaN
NaN,NaN,0.885713637360216,1.19747290599723,1.19014043582623,1.05443008819808,0.999402120069135,0.943860391562339,0.851685651689574,NaN,NaN,NaN,NaN,NaN,NaN,NaN,NaN,NaN
NaN,NaN,0.880066860952259,1.16572402629633,1.2036402173156,1.04232291335453,1.02303681458579,0.94707792479312,0.858806860744759,NaN,NaN,NaN,NaN,NaN,NaN,NaN,NaN,NaN
NaN,NaN,0.850621384122254,1.1561790129878,1.2024095304126,1.048030356115,1.02202184061753,0.95190182182705,0.87890478327851,NaN,NaN,NaN,NaN,NaN,NaN,NaN,NaN,NaN
NaN,NaN,0.823964007683874,1.13558475140114,1.18786948023383,1.05994726175656,1.01379181753146,0.972628387098666,0.871078823804661,NaN,NaN,NaN,NaN,NaN,NaN,NaN,NaN,NaN
NaN,NaN,0.806054004021765,1.0983110426702,1.19526203943436,1.05740774998655,1.03236928145634,0.958724746888038,0.892485813349291,NaN,NaN,NaN,NaN,NaN,NaN,NaN,NaN,NaN
NaN,NaN,0.769002285339714,1.08401011887569,1.17001213355009,1.08762816170444,1.01975762780057,0.977314820920583,0.895430673956677,NaN,NaN,NaN,NaN,NaN,NaN,NaN,NaN,NaN
NaN,NaN,0.759016439803721,1.03946523952861,1.16750177217667,1.08040571788539,1.03620368550764,0.97428025532281,0.909174499213501,NaN,NaN,NaN,NaN,NaN,NaN,NaN,NaN,NaN
NaN,NaN,0.727154665180327,1.01630905855078,1.14721583424155,1.09252255985727,1.03084524656879,0.976823864912149,0.932904244512126,NaN,NaN,NaN,NaN,NaN,NaN,NaN,NaN,NaN
NaN,NaN,0.70162640560496,0.980843177322337,1.11878771556561,1.10702301020016,1.02564181695925,0.991779582982417,0.930517413764998,NaN,NaN,NaN,NaN,NaN,NaN,NaN,NaN,NaN
NaN,NaN,0.684166379758002,0.936866237107703,1.11621465755646,1.1058314388453,1.0423416600679,0.975427961384412,0.956837763190075,NaN,NaN,NaN,NaN,NaN,NaN,NaN,NaN,NaN
NaN,NaN,0.645736489930035,0.908279868099877,1.08074100909774,1.12942534143319,1.02656537230359,0.989394167845603,0.963497874438569,NaN,NaN,NaN,NaN,NaN,NaN,NaN,NaN,NaN
NaN,NaN,0.636064406969429,0.860777667049357,1.07057724369709,1.11648185754408,1.03431606228696,0.9789906986407,0.974788260757729,NaN,NaN,NaN,NaN,NaN,NaN,NaN,NaN,NaN
NaN,NaN,0.601579469182373,0.82451608243961,1.04520121810977,1.12158867174973,1.02850401337491,0.974463427846786,0.99566478759031,NaN,NaN,NaN,NaN,NaN,NaN,NaN,NaN,NaN
NaN,NaN,0.577813961096884,0.785707926634738,1.0168046712691,1.12530800158371,1.02207822288619,0.980520731245633,0.991223887651965,NaN,NaN,NaN,NaN,NaN,NaN,NaN,NaN,NaN
NaN,NaN,0.55639244292009,0.732116198424289,1.00968605129068,1.1139951331376,1.03601265262114,0.95513980690157,1.01801788911204,NaN,NaN,NaN,NaN,NaN,NaN,NaN,NaN,NaN
NaN,NaN,0.51833757806647,0.706668460998723,0.973532462846682,1.12440281192054,1.01172918017255,0.964052172785159,1.0265529575942,NaN,NaN,NaN,NaN,NaN,NaN,NaN,NaN,NaN
NaN,NaN,0.512809657045485,0.65884007352967,0.970275944452927,1.09989872778048,1.01646376337158,0.950055940484162,1.03676831826548,NaN,NaN,NaN,NaN,NaN,NaN,NaN,NaN,NaN
NaN,NaN,0.482641641535641,0.625485277060458,0.947121626120255,1.08800102601041,1.00484370748745,0.946634037827607,1.05564592882971,NaN,NaN,NaN,NaN,NaN,NaN,NaN,NaN,NaN
NaN,NaN,0.459620483704687,0.591648688796946,0.91940699366872,1.07789720053067,0.994313243136276,0.951222869043704,1.05049249261598,NaN,NaN,NaN,NaN,NaN,NaN,NaN,NaN,NaN
NaN,NaN,0.441726442911507,0.541556703183839,0.909634737651989,1.04789037833204,1.00070295418846,0.929279083793517,1.07806975498776,NaN,NaN,NaN,NaN,NaN,NaN,NaN,NaN,NaN
NaN,NaN,0.407175418474556,0.521994477395007,0.875731634330199,1.04408747161021,0.967708505049814,0.943774262850638,1.08221358165126,NaN,NaN,NaN,NaN,NaN,NaN,NaN,NaN,NaN
NaN,NaN,0.407472286858441,0.476295298222491,0.871893840264723,1.00829501280775,0.969578936055768,0.93305818591034,1.09159389987569,NaN,NaN,NaN,NaN,NaN,NaN,NaN,NaN,NaN
NaN,NaN,0.385051254668118,0.453252738598773,0.849165732395098,0.99228127503981,0.954825445369352,0.932380518352147,1.11114025592785,NaN,NaN,NaN,NaN,NaN,NaN,NaN,NaN,NaN
NaN,NaN,0.370337959864022,0.421403499577233,0.8249476574177,0.976767638867993,0.941421459720004,0.93550694960868,1.11062346503119,NaN,NaN,NaN,NaN,NaN,NaN,NaN,NaN,NaN
NaN,NaN,0.36734696153629,0.380072335038373,0.817021170985148,0.946882037615675,0.940369251475204,0.91237749758875,1.13629794225077,NaN,NaN,NaN,NaN,NaN,NaN,NaN,NaN,NaN
NaN,NaN,0.344647668787123,0.368519073609301,0.781461617332146,0.950878119265932,0.911541334644426,0.926295852696057,1.13614678859691,NaN,NaN,NaN,NaN,NaN,NaN,NaN,NaN,NaN
NaN,NaN,0.360153239705445,0.332102982584426,0.778040515613005,0.921062255448002,0.919456868723501,0.914033202861901,1.14314556598644,NaN,NaN,NaN,NaN,NaN,NaN,NaN,NaN,NaN
NaN,NaN,0.34629657540548,0.316905306909272,0.754411055129215,0.920644855296511,0.913303527340759,0.912929119949695,1.16367741033415,NaN,NaN,NaN,NaN,NaN,NaN,NaN,NaN,NaN
NaN,NaN,0.34930340621698,0.297167172912547,0.733837636541769,0.915631564503807,0.903370115265716,0.912330130522605,1.15914913371186,NaN,NaN,NaN,NaN,NaN,NaN,NaN,NaN,NaN
NaN,NaN,0.360770091899515,0.276747739199588,0.727633370440647,0.897903988307614,0.913481465831865,0.89434616122162,1.17985761269908,NaN,NaN,NaN,NaN,NaN,NaN,NaN,NaN,NaN
NaN,NaN,0.350257006027581,0.285806751135775,0.699409490805313,0.913702665066618,0.897259316698182,0.907330735062715,1.16989108279328,NaN,NaN,NaN,NaN,NaN,NaN,NaN,NaN,NaN
NaN,NaN,0.371368635930897,0.268597586337516,0.69759087858741,0.895484747534889,0.920204851136077,0.892813930695411,1.17069896787386,NaN,NaN,NaN,NaN,NaN,NaN,NaN,NaN,NaN
NaN,NaN,0.357422229387642,0.273705164227673,0.670345800351546,0.902902154421705,0.920634079084266,0.890537200903054,1.18414488166551,NaN,NaN,NaN,NaN,NaN,NaN,NaN,NaN,NaN
NaN,NaN,0.35768581230271,0.273501912388989,0.648665057849333,0.899250419980187,0.916121169284452,0.890954917704221,1.16654221445303,NaN,NaN,NaN,NaN,NaN,NaN,NaN,NaN,NaN
NaN,NaN,0.35593215052116,0.268405603501985,0.639346709829018,0.875793589448828,0.930332462594379,0.869926771556493,1.17270252212863,NaN,NaN,NaN,NaN,NaN,NaN,NaN,NaN,NaN
NaN,NaN,0.332621910163046,0.290248843167016,0.603020342420981,0.884338306432861,0.914839967445005,0.874194613134023,1.1487080949543,NaN,NaN,NaN,NaN,NaN,NaN,NaN,NaN,NaN
NaN,NaN,0.333462335654379,0.276918115351388,0.590116216223881,0.861953372305531,0.938097215548623,0.854420790856238,1.13798970833401,NaN,NaN,NaN,NaN,NaN,NaN,NaN,NaN,NaN
NaN,NaN,0.300321221836687,0.286529457453677,0.551346971076176,0.860249350017208,0.929332669184078,0.845746992563363,1.13771105661969,NaN,NaN,NaN,NaN,NaN,NaN,NaN,NaN,NaN
NaN,NaN,0.278748754897,0.289373250935265,0.519070441257403,0.847500773316521,0.921069975302089,0.841456184571143,1.10590264677982,NaN,NaN,NaN,NaN,NaN,NaN,NaN,NaN,NaN
NaN,NaN,0.255632341393114,0.287056120369622,0.496778769772694,0.821380993521113,0.930252834514249,0.815596932952758,1.10404447197895,NaN,NaN,NaN,NaN,NaN,NaN,NaN,NaN,NaN
NaN,NaN,0.211684123166682,0.302796235565135,0.45013325510566,0.830960316753287,0.907778046384919,0.811123567109462,1.07271081313471,NaN,NaN,NaN,NaN,NaN,NaN,NaN,NaN,NaN
NaN,NaN,0.191844959297062,0.278365725908467,0.429558160137579,0.80773043090691,0.918177678540815,0.78709004301345,1.06272822722773,NaN,NaN,NaN,NaN,NaN,NaN,NaN,NaN,NaN
NaN,NaN,0.140196286626936,0.280675871554801,0.385944528859303,0.80820935422768,0.895713842764962,0.770821886544582,1.05230292782168,NaN,NaN,NaN,NaN,NaN,NaN,NaN,NaN,NaN
NaN,NaN,0.105198171474816,0.269771648827979,0.350996090453312,0.795948567038674,0.87976553972112,0.765500011330005,1.01350695371608,NaN,NaN,NaN,NaN,NaN,NaN,NaN,NaN,NaN
NaN,NaN,0.0757041354857695,0.255151113752314,0.33430775849168,0.772774411535162,0.883292905346025,0.731208565121051,1.00908231466989,NaN,NaN,NaN,NaN,NaN,NaN,NaN,NaN,NaN
NaN,NaN,0.0297159669183505,0.250181315723845,0.295624958705351,0.785730282014507,0.849213465407956,0.729772093181964,0.981943220943018,NaN,NaN,NaN,NaN,NaN,NaN,NaN,NaN,NaN
NaN,NaN,0.0153800067685855,0.211991558108518,0.293262323718712,0.758993575519222,0.849796082184184,0.704187525843736,0.97590312838535,NaN,NaN,NaN,NaN,NaN,NaN,NaN,NaN,NaN
NaN,NaN,-0.0208627278722512,0.199351052079389,0.267111903410599,0.75287717038979,0.821648366109002,0.690582113747951,0.958978706151053,NaN,NaN,NaN,NaN,NaN,NaN,NaN,NaN,NaN
NaN,NaN,-0.0330467182017553,0.173554701987693,0.252057800423548,0.731315115636486,0.804897840425838,0.681453494762536,0.921044317185685,NaN,NaN,NaN,NaN,NaN,NaN,NaN,NaN,NaN
NaN,NaN,-0.038215893766998,0.132338146004865,0.253633691352055,0.702272081917423,0.800564545497764,0.648254638945218,0.912890904694602,NaN,NaN,NaN,NaN,NaN,NaN,NaN,NaN,NaN
NaN,NaN,-0.0565637307978856,0.106590001169631,0.231357517074988,0.698688781058687,0.75649499456631,0.644169187580701,0.884023574292466,NaN,NaN,NaN,NaN,NaN,NaN,NaN,NaN,NaN
NaN,NaN,-0.042024537435888,0.0509431793131322,0.247138051670239,0.654497729784149,0.753243114158977,0.619019529258367,0.869455062895819,NaN,NaN,NaN,NaN,NaN,NaN,NaN,NaN,NaN
NaN,NaN,-0.04340028714311,0.0243359825350732,0.236275719832823,0.636035768484968,0.721812225237954,0.607605966215488,0.845434465557143,NaN,NaN,NaN,NaN,NaN,NaN,NaN,NaN,NaN
NaN,NaN,-0.0187252121783483,-0.0122706943414717,0.237410983424828,0.610148074275154,0.707905828312505,0.600598695164081,0.80563264444451,NaN,NaN,NaN,NaN,NaN,NaN,NaN,NaN,NaN
NaN,NaN,0.0139329550050509,-0.0608428546450644,0.25198867766206,0.57882849702825,0.701970211521257,0.57273033860838,0.800381922274634,NaN,NaN,NaN,NaN,NaN,NaN,NaN,NaN,NaN
NaN,NaN,0.0242515620969546,-0.0853458770773916,0.24117347074692,0.572265485471386,0.664899810508359,0.579717865621205,0.767613933533236,NaN,NaN,NaN,NaN,NaN,NaN,NaN,NaN,NaN
NaN,NaN,0.063235532977463,-0.137561836954167,0.261780174803183,0.52993659505834,0.664674132422078,0.561121309583541,0.747428932338759,NaN,NaN,NaN,NaN,NaN,NaN,NaN,NaN,NaN
NaN,NaN,0.0797590208433879,-0.1565698885582,0.245415961723969,0.516785742884773,0.643235664174426,0.560541188751813,0.72229294583182,NaN,NaN,NaN,NaN,NaN,NaN,NaN,NaN,NaN
NaN,NaN,0.105370820053698,-0.190605239685586,0.245249627512142,0.501037301665444,0.629807296500076,0.561241561954375,0.683765881806418,NaN,NaN,NaN,NaN,NaN,NaN,NaN,NaN,NaN
NaN,NaN,0.129239406921746,-0.22461373146992,0.2450169458801,0.47702422941317,0.621624007180799,0.53891073766863,0.679690805375382,NaN,NaN,NaN,NaN,NaN,NaN,NaN,NaN,NaN
NaN,NaN,0.120820194967867,-0.229555235918572,0.218153151106283,0.478898944502968,0.593431885645259,0.552257558738347,0.649545327871844,NaN,NaN,NaN,NaN,NaN,NaN,NaN,NaN,NaN
NaN,NaN,0.141945273169161,-0.253210475411227,0.217036700230286,0.441199844872851,0.596487834409345,0.534420365875121,0.632046503126427,NaN,NaN,NaN,NaN,NaN,NaN,NaN,NaN,NaN
NaN,NaN,0.122938320525767,-0.2445691057704,0.177785868179247,0.441914485937256,0.574284936592449,0.538211929087993,0.616494719981953,NaN,NaN,NaN,NaN,NaN,NaN,NaN,NaN,NaN
NaN,NaN,0.111737862714411,-0.246305407699159,0.149611423146174,0.432893658226628,0.562471109733451,0.53320476639783,0.589231387823626,NaN,NaN,NaN,NaN,NaN,NaN,NaN,NaN,NaN
NaN,NaN,0.0930930269144786,-0.247467642392924,0.122670011948988,0.413500076329607,0.555550246790517,0.510645805334207,0.591317941546246,NaN,NaN,NaN,NaN,NaN,NaN,NaN,NaN,NaN
NaN,NaN,0.0362294507406962,-0.219867320474198,0.0653217382544728,0.416834658181566,0.525271571532357,0.521541795169469,0.562940840720936,NaN,NaN,NaN,NaN,NaN,NaN,NaN,NaN,NaN
NaN,NaN,0.00972190547812107,-0.217495316382459,0.0296147376114579,0.382299056446451,0.531925908580888,0.50372915196931,0.545372986346289,NaN,NaN,NaN,NaN,NaN,NaN,NaN,NaN,NaN
NaN,NaN,-0.0600865888215291,-0.192104762162974,-0.03877743856962,0.382179754024643,0.505258082703222,0.504112670605537,0.532210753410861,NaN,NaN,NaN,NaN,NaN,NaN,NaN,NaN,NaN
NaN,NaN,-0.110487345121025,-0.175999326374343,-0.0932800747638491,0.365894200450081,0.489076222584117,0.497827938233968,0.503887464403912,NaN,NaN,NaN,NaN,NaN,NaN,NaN,NaN,NaN
NaN,NaN,-0.169443360976099,-0.164315158244184,-0.140818336624458,0.339708278125424,0.484304162964691,0.473802386259194,0.508602303564354,NaN,NaN,NaN,NaN,NaN,NaN,NaN,NaN,NaN
NaN,NaN,-0.25382504191172,-0.125574579205325,-0.210871936399296,0.332051279193062,0.451956051692832,0.485803706978913,0.476047066151902,NaN,NaN,NaN,NaN,NaN,NaN,NaN,NaN,NaN
NaN,NaN,-0.303191154710172,-0.129789726551583,-0.254052763450697,0.285990392959017,0.452430616423953,0.461530590837356,0.461527058034941,NaN,NaN,NaN,NaN,NaN,NaN,NaN,NaN,NaN
NaN,NaN,-0.38450992058885,-0.11521326166015,-0.325920095313146,0.273376969790358,0.410710643336643,0.453673785959836,0.45200830802302,NaN,NaN,NaN,NaN,NaN,NaN,NaN,NaN,NaN
NaN,NaN,-0.441037866733192,-0.11684249874573,-0.376966165024593,0.242325632071394,0.389281637326349,0.441049093788024,0.423119147419735,NaN,NaN,NaN,NaN,NaN,NaN,NaN,NaN,NaN
NaN,NaN,-0.503855462632297,-0.127032471563628,-0.409725473839596,0.201296122914452,0.37391902442323,0.415779797767755,0.423968997895524,NaN,NaN,NaN,NaN,NaN,NaN,NaN,NaN,NaN
NaN,NaN,-0.577969200424074,-0.120440514501145,-0.458218378592089,0.182972369885344,0.332829985127319,0.42261916998541,0.386527129560515,NaN,NaN,NaN,NaN,NaN,NaN,NaN,NaN,NaN
NaN,NaN,-0.60715681265962,-0.162729469802192,-0.471824591625288,0.130090682005781,0.323547697917093,0.395782458072063,0.380223286449715,NaN,NaN,NaN,NaN,NaN,NaN,NaN,NaN,NaN
NaN,NaN,-0.659657645485519,-0.177289152260831,-0.499934626389101,0.118368013000387,0.282185911491979,0.390387082879897,0.375661444961831,NaN,NaN,NaN,NaN,NaN,NaN,NaN,NaN,NaN
NaN,NaN,-0.678553863874792,-0.215839294459632,-0.497705636191919,0.0880197865723554,0.271213888481725,0.379641706531402,0.354773351102873,NaN,NaN,NaN,NaN,NaN,NaN,NaN,NaN,NaN
NaN,NaN,-0.696791227421879,-0.254049578424504,-0.475753878820494,0.0526898411868993,0.262787691608537,0.364384109561797,0.35539601474981,NaN,NaN,NaN,NaN,NaN,NaN,NaN,NaN,NaN
NaN,NaN,-0.723647925517677,-0.287523174401334,-0.472743248212889,0.0397560430525724,0.233829333737958,0.373255050217267,0.325028658956095,NaN,NaN,NaN,NaN,NaN,NaN,NaN,NaN,NaN
NaN,NaN,-0.705887939295887,-0.358556357886603,-0.435428375024154,-0.00349604880223831,0.236487216607202,0.353466736560222,0.323214125931069,NaN,NaN,NaN,NaN,NaN,NaN,NaN,NaN,NaN
NaN,NaN,-0.717757943532585,-0.40136130314689,-0.414569506067589,-0.00348349457393249,0.210255286947358,0.35375716019189,0.319185094088122,NaN,NaN,NaN,NaN,NaN,NaN,NaN,NaN,NaN
NaN,NaN,-0.701335858068584,-0.457771045830062,-0.37038881110008,-0.0278660783709105,0.207905802235473,0.346027704363223,0.295218308567807,NaN,NaN,NaN,NaN,NaN,NaN,NaN,NaN,NaN
NaN,NaN,-0.692432246617197,-0.513890383508018,-0.317692717183187,-0.0545063557268198,0.212096381292213,0.331298856472131,0.299081397354409,NaN,NaN,NaN,NaN,NaN,NaN,NaN,NaN,NaN
NaN,NaN,-0.694509040079235,-0.55748112287741,-0.29227865638192,-0.0571627857328471,0.195604167238344,0.338050926511642,0.274452869891926,NaN,NaN,NaN,NaN,NaN,NaN,NaN,NaN,NaN
NaN,NaN,-0.65988120015633,-0.625673176463655,-0.236596444267586,-0.0872178131879385,0.209127958223689,0.319538990443107,0.281106294244334,NaN,NaN,NaN,NaN,NaN,NaN,NaN,NaN,NaN
NaN,NaN,-0.666577446720718,-0.655574964102319,-0.207651814091757,-0.0851490849793967,0.198043673590291,0.319761185382958,0.280836341082856,NaN,NaN,NaN,NaN,NaN,NaN,NaN,NaN,NaN
NaN,NaN,-0.64687546666634,-0.69595316212993,-0.164554228652075,-0.108347268605333,0.207139584526885,0.309214534645434,0.261219036876961,NaN,NaN,NaN,NaN,NaN,NaN,NaN,NaN,NaN
NaN,NaN,-0.639932307860969,-0.733176728453448,-0.12781025620158,-0.132520621472698,0.216593179211486,0.287597736751195,0.271173925250575,NaN,NaN,NaN,NaN,NaN,NaN,NaN,NaN,NaN
NaN,NaN,-0.642578847221254,-0.750270930793097,-0.130761393923118,-0.135249415242773,0.207044179842342,0.293711403792258,0.251214080601737,NaN,NaN,NaN,NaN,NaN,NaN,NaN,NaN,NaN
NaN,NaN,-0.623879342786192,-0.788285432126334,-0.112852228451326,-0.176864558661085,0.228870562568773,0.27221381518757,0.256671612262532,NaN,NaN,NaN,NaN,NaN,NaN,NaN,NaN,NaN
NaN,NaN,-0.639093335232853,-0.783926227804234,-0.122446378338888,-0.184030433946949,0.220676246390212,0.268683916365262,0.253870939016148,NaN,NaN,NaN,NaN,NaN,NaN,NaN,NaN,NaN
NaN,NaN,-0.632202665767788,-0.793962271627,-0.127968823183134,-0.212730666452747,0.233016829297412,0.26408741105115,0.24072930693607,NaN,NaN,NaN,NaN,NaN,NaN,NaN,NaN,NaN
NaN,NaN,-0.631269592306732,-0.796183978881648,-0.141305585969045,-0.240511515939337,0.242538093880285,0.246509181743022,0.25589535489659,NaN,NaN,NaN,NaN,NaN,NaN,NaN,NaN,NaN
NaN,NaN,-0.6401342744745,-0.783786697056106,-0.197152958828762,-0.245206033641201,0.228323876217473,0.256580746208783,0.238652103692099,NaN,NaN,NaN,NaN,NaN,NaN,NaN,NaN,NaN
NaN,NaN,-0.628621860853552,-0.788824369873813,-0.228814908880546,-0.289697697216373,0.247974838421214,0.234199164842721,0.250375517755553,NaN,NaN,NaN,NaN,NaN,NaN,NaN,NaN,NaN
NaN,NaN,-0.649522564820169,-0.76607232701402,-0.293979232776716,-0.297912986779314,0.230115647718776,0.23505413759267,0.244209175109669,NaN,NaN,NaN,NaN,NaN,NaN,NaN,NaN,NaN
NaN,NaN,-0.649753123036741,-0.764856783416083,-0.345085670817449,-0.327208967709642,0.229032612696756,0.225915162300225,0.231360127329632,NaN,NaN,NaN,NaN,NaN,NaN,NaN,NaN,NaN
NaN,NaN,-0.654600675664066,-0.760595964010766,-0.399865114707306,-0.344089077615839,0.218401416495908,0.205028130149003,0.245171585231825,NaN,NaN,NaN,NaN,NaN,NaN,NaN,NaN,NaN
NaN,NaN,-0.668842032066701,-0.744180006649306,-0.479252354819134,-0.338956838303905,0.195186971977819,0.21283373091137,0.227598347812697,NaN,NaN,NaN,NaN,NaN,NaN,NaN,NaN,NaN
NaN,NaN,-0.648018460235714,-0.749511847015431,-0.524410044420317,-0.363761367106539,0.199751160398591,0.188312584941741,0.238906447887227,NaN,NaN,NaN,NaN,NaN,NaN,NaN,NaN,NaN
NaN,NaN,-0.662581253311752,-0.730755215253642,-0.590717753041342,-0.348551807755333,0.16592917527305,0.196620410715695,0.237592258602187,NaN,NaN,NaN,NaN,NaN,NaN,NaN,NaN,NaN
NaN,NaN,-0.646016451976417,-0.731136442836335,-0.631901098061159,-0.352710759097439,0.152008864388335,0.191107856517192,0.228655287176177,NaN,NaN,NaN,NaN,NaN,NaN,NaN,NaN,NaN
NaN,NaN,-0.637652243933795,-0.734026690687945,-0.671264955419853,-0.340153420174223,0.130737028375734,0.182028858398553,0.241936226486966,NaN,NaN,NaN,NaN,NaN,NaN,NaN,NaN,NaN
NaN,NaN,-0.640664197019456,-0.72257023092728,-0.723590401578501,-0.312732973897558,0.101984716311563,0.193246266280767,0.220081270783946,NaN,NaN,NaN,NaN,NaN,NaN,NaN,NaN,NaN
NaN,NaN,-0.612941499314426,-0.739134380336812,-0.737653912622288,-0.314940934831005,0.0927691117976792,0.175109299307223,0.221694302856728,NaN,NaN,NaN,NaN,NaN,NaN,NaN,NaN,NaN
NaN,NaN,-0.622796438149332,-0.729795003052762,-0.769975462574318,-0.282134370708566,0.0516572364722379,0.185162665729877,0.213910364657446,NaN,NaN,NaN,NaN,NaN,NaN,NaN,NaN,NaN
NaN,NaN,-0.600683729610561,-0.741653552021793,-0.77731543930228,-0.268404366278749,0.0294444666360505,0.180879364197608,0.196298477351471,NaN,NaN,NaN,NaN,NaN,NaN,NaN,NaN,NaN
NaN,NaN,-0.592818356565355,-0.74864223387461,-0.778430716711834,-0.248441504144769,0.00803861330496147,0.168786270951387,0.202217218577668,NaN,NaN,NaN,NaN,NaN,NaN,NaN,NaN,NaN
NaN,NaN,-0.590287412963031,-0.734985543157867,-0.790857148933962,-0.21574826335321,-0.023056571080815,0.17850039381301,0.174376242905661,NaN,NaN,NaN,NaN,NaN,NaN,NaN,NaN,NaN
NaN,NaN,-0.564794487766145,-0.749909130599311,-0.76842602120693,-0.215995156967741,-0.0334343171562068,0.159159990435001,0.173839111923977,NaN,NaN,NaN,NaN,NaN,NaN,NaN,NaN,NaN
NaN,NaN,-0.57506779532802,-0.729244330640843,-0.76556011812742,-0.1852367947043,-0.0707476629759185,0.165795403008815,0.161311538070246,NaN,NaN,NaN,NaN,NaN,NaN,NaN,NaN,NaN
NaN,NaN,-0.562807809076427,-0.724059136327317,-0.747538933176353,-0.183390913361412,-0.0866259491886012,0.156778375094291,0.14415758207421,NaN,NaN,NaN,NaN,NaN,NaN,NaN,NaN,NaN
NaN,NaN,-0.570006466916917,-0.710749810304454,-0.726275832969501,-0.180305236780744,-0.101458676799666,0.139949934964534,0.140227046906754,NaN,NaN,NaN,NaN,NaN,NaN,NaN,NaN,NaN
NaN,NaN,-0.588843676707863,-0.6828358561955,-0.727357321996048,-0.175266893410784,-0.130971804901492,0.146320181374904,0.11130981624107,NaN,NaN,NaN,NaN,NaN,NaN,NaN,NaN,NaN
NaN,NaN,-0.58822855677378,-0.67310143050175,-0.699635630119398,-0.203604543411833,-0.140166082128417,0.124845857208129,0.109968134313628,NaN,NaN,NaN,NaN,NaN,NaN,NaN,NaN,NaN
NaN,NaN,-0.624757598600506,-0.62342967626076,-0.703672522324875,-0.200513390654426,-0.171424769505393,0.131607519870158,0.100260772853896,NaN,NaN,NaN,NaN,NaN,NaN,NaN,NaN,NaN
NaN,NaN,-0.643438439331173,-0.595645846541932,-0.694423259813145,-0.233282366597753,-0.178724811121356,0.119716989283916,0.0841029222307649,NaN,NaN,NaN,NaN,NaN,NaN,NaN,NaN,NaN
NaN,NaN,-0.683314840755581,-0.563054008152297,-0.689401661623075,-0.264466659927469,-0.195983634039294,0.103684699570294,0.0852585817871537,NaN,NaN,NaN,NaN,NaN,NaN,NaN,NaN,NaN
NaN,NaN,-0.738814960680126,-0.516015922393611,-0.713179854322031,-0.295956799590688,-0.229626972868573,0.104718896036502,0.0637875731287447,NaN,NaN,NaN,NaN,NaN,NaN,NaN,NaN,NaN
NaN,NaN,-0.769536572954773,-0.490557623770049,-0.714899355191543,-0.353795209729772,-0.23636177618755,0.0779804572812282,0.0624108734724966,NaN,NaN,NaN,NaN,NaN,NaN,NaN,NaN,NaN
NaN,NaN,-0.841330535224794,-0.440221277739814,-0.755317097175672,-0.384765783155065,-0.270004183694255,0.0749574214569293,0.0499178889391866,NaN,NaN,NaN,NaN,NaN,NaN,NaN,NaN,NaN
NaN,NaN,-0.887530132643102,-0.415124444033912,-0.779842005688503,-0.445938961410623,-0.280577470257413,0.0539390728226863,0.0333662378786054,NaN,NaN,NaN,NaN,NaN,NaN,NaN,NaN,NaN
NaN,NaN,-0.946305322907089,-0.391888057555965,-0.811196488905504,-0.498671432787281,-0.302236121788155,0.0377830475918017,0.0384612056611028,NaN,NaN,NaN,NaN,NaN,NaN,NaN,NaN,NaN
NaN,NaN,-1.00998722340834,-0.358655580993703,-0.858038177359655,-0.541014162653786,-0.338816572620999,0.0324828349403106,0.0171792554853406,NaN,NaN,NaN,NaN,NaN,NaN,NaN,NaN,NaN
NaN,NaN,-1.04647757809532,-0.353030131872705,-0.879664362985447,-0.600329892540079,-0.340911191597115,0.00264452624833211,0.025443681627318,NaN,NaN,NaN,NaN,NaN,NaN,NaN,NaN,NaN
NaN,NaN,-1.11544618707073,-0.325607413168958,-0.931912080962017,-0.623352372849089,-0.373166319623124,0.00301763269817457,0.0159580121932474,NaN,NaN,NaN,NaN,NaN,NaN,NaN,NaN,NaN
NaN,NaN,-1.15309685792696,-0.335745939727834,-0.960638930666998,-0.671279201114279,-0.386035521223675,-0.011360646749381,0.00195913493613868,NaN,NaN,NaN,NaN,NaN,NaN,NaN,NaN,NaN
NaN,NaN,-1.20002065177929,-0.349331663664392,-0.982519087958887,-0.706006375902992,-0.412454087927472,-0.0232385113486089,0.0114069367943254,NaN,NaN,NaN,NaN,NaN,NaN,NaN,NaN,NaN
NaN,NaN,-1.24711465414536,-0.358147451396993,-1.0165840737706,-0.725157385522228,-0.445079174533021,-0.0281378268846311,-0.00811956346054406,NaN,NaN,NaN,NaN,NaN,NaN,NaN,NaN,NaN
NaN,NaN,-1.2706373850621,-0.401709692295602,-1.01994257198627,-0.758975608104568,-0.447193276777398,-0.0530775837250985,-0.00126128539462418,NaN,NaN,NaN,NaN,NaN,NaN,NaN,NaN,NaN
NaN,NaN,-1.3154701734699,-0.420212724920323,-1.04422559740002,-0.758377233350378,-0.478763379796874,-0.048999005521182,-0.0131377343835387,NaN,NaN,NaN,NaN,NaN,NaN,NaN,NaN,NaN
NaN,NaN,-1.3216092842437,-0.477259380485824,-1.03461900504287,-0.7829064073206,-0.488646425947081,-0.0582424938329496,-0.0195278738441023,NaN,NaN,NaN,NaN,NaN,NaN,NaN,NaN,NaN
NaN,NaN,-1.33607339437973,-0.530759056772998,-1.0161865294164,-0.789406033063036,-0.505502395972144,-0.0661240346380509,-0.0127648700775656,NaN,NaN,NaN,NaN,NaN,NaN,NaN,NaN,NaN
NaN,NaN,-1.35061042707336,-0.576019881036094,-1.00561518000419,-0.783261967653137,-0.51570220355643,-0.0634668409475125,-0.0292681668700728,NaN,NaN,NaN,NaN,NaN,NaN,NaN,NaN,NaN
NaN,NaN,-1.3403303953625,-0.654199195768645,-0.961975192297056,-0.792502997273308,-0.503526408865582,-0.0842885501333512,-0.021868324727014,NaN,NaN,NaN,NaN,NaN,NaN,NaN,NaN,NaN
NaN,NaN,-1.35173473831189,-0.705238224681428,-0.938019470888927,-0.777881977909904,-0.512638580694329,-0.0748872398980893,-0.0338617664577517,NaN,NaN,NaN,NaN,NaN,NaN,NaN,NaN,NaN
NaN,NaN,-1.32694058444273,-0.787184552963784,-0.888403651881769,-0.788964195007187,-0.499455094977748,-0.0851981170126237,-0.0460314516725096,NaN,NaN,NaN,NaN,NaN,NaN,NaN,NaN,NaN
NaN,NaN,-1.31272131901157,-0.854681951668075,-0.833413151670053,-0.79060993512879,-0.484365545853507,-0.0950469463714398,-0.0442419712247405,NaN,NaN,NaN,NaN,NaN,NaN,NaN,NaN,NaN
NaN,NaN,-1.30471138607633,-0.916646567847541,-0.790134610254123,-0.780583055520159,-0.468883108987939,-0.0926434263237752,-0.0632984329762015,NaN,NaN,NaN,NaN,NaN,NaN,NaN,NaN,NaN
NaN,NaN,-1.27042534153831,-1.00035292815786,-0.71803832204993,-0.79343765398274,-0.431058951362502,-0.114478880132083,-0.0553985823692832,NaN,NaN,NaN,NaN,NaN,NaN,NaN,NaN,NaN
NaN,NaN,-1.26637645389807,-1.05115482371669,-0.677850877512052,-0.791687438094717,-0.417586681141984,-0.113331509346608,-0.0602303583921942,NaN,NaN,NaN,NaN,NaN,NaN,NaN,NaN,NaN
NaN,NaN,-1.22451553445232,-1.12536325838785,-0.621333939600542,-0.821369862014156,-0.389094394340646,-0.130652898515109,-0.071555073261455,NaN,NaN,NaN,NaN,NaN,NaN,NaN,NaN,NaN
NaN,NaN,-1.20371863569987,-1.18243245195966,-0.568388623762682,-0.841804178261858,-0.357763454958331,-0.148097427154426,-0.069954167008594,NaN,NaN,NaN,NaN,NaN,NaN,NaN,NaN,NaN
NaN,NaN,-1.18896745469344,-1.23069012325626,-0.541394276190355,-0.853548398071628,-0.335061070218217,-0.151286070758943,-0.087077836394504,NaN,NaN,NaN,NaN,NaN,NaN,NaN,NaN,NaN
NaN,NaN,-1.15333920668733,-1.29397263538461,-0.493507178146198,-0.897701879793506,-0.297618456825148,-0.179593713546637,-0.076091731786922,NaN,NaN,NaN,NaN,NaN,NaN,NaN,NaN,NaN
NaN,NaN,-1.14847807537687,-1.32430886637788,-0.482911819238022,-0.916003281080824,-0.29193209920777,-0.184698031807784,-0.0857888114454303,NaN,NaN,NaN,NaN,NaN,NaN,NaN,NaN,NaN
NaN,NaN,-1.11249437879693,-1.36537952136617,-0.46446358563359,-0.959012763404947,-0.269185159995686,-0.206281190330628,-0.0931072373690161,NaN,NaN,NaN,NaN,NaN,NaN,NaN,NaN,NaN
NaN,NaN,-1.09780684437525,-1.38553786810856,-0.452428867686346,-0.98220515420447,-0.248427656188142,-0.219426119292621,-0.0828896601500067,NaN,NaN,NaN,NaN,NaN,NaN,NaN,NaN,NaN
NaN,NaN,-1.08551083456647,-1.39755416449528,-0.470273138601139,-0.997697761112552,-0.245436844124924,-0.213409626448993,-0.0922190536560568,NaN,NaN,NaN,NaN,NaN,NaN,NaN,NaN,NaN
NaN,NaN,-1.05605163004172,-1.42455601852756,-0.465593149531439,-1.03673600947271,-0.228203371807467,-0.23645566921914,-0.0757718969883475,NaN,NaN,NaN,NaN,NaN,NaN,NaN,NaN,NaN
NaN,NaN,-1.05747770842087,-1.41521531876545,-0.509776638466671,-1.04669926112304,-0.248184916272294,-0.231001229549293,-0.0831163254382166,NaN,NaN,NaN,NaN,NaN,NaN,NaN,NaN,NaN
NaN,NaN,-1.03247873809111,-1.42182137605172,-0.540001706797436,-1.07517586445222,-0.253574480011594,-0.245027208293323,-0.0897053954007182,NaN,NaN,NaN,NaN,NaN,NaN,NaN,NaN,NaN
NaN,NaN,-1.03028867717755,-1.42149090554934,-0.581330580282762,-1.07615617459426,-0.26986895565642,-0.249948354030494,-0.0728724104167971,NaN,NaN,NaN,NaN,NaN,NaN,NaN,NaN,NaN
NaN,NaN,-1.03153664942753,-1.41584478106718,-0.643707753736332,-1.07237338444005,-0.307395760610234,-0.246692766959313,-0.0826980498435053,NaN,NaN,NaN,NaN,NaN,NaN,NaN,NaN,NaN
NaN,NaN,-1.01391073640358,-1.41970822375636,-0.682194547373608,-1.08449926024089,-0.335737173154484,-0.271187277103309,-0.0763200548293147,NaN,NaN,NaN,NaN,NaN,NaN,NaN,NaN,NaN
NaN,NaN,-1.02182722043168,-1.38883262660723,-0.761920900661304,-1.06418780406724,-0.388691411062609,-0.269849171454553,-0.0856033478679213,NaN,NaN,NaN,NaN,NaN,NaN,NaN,NaN,NaN
NaN,NaN,-0.99944286372435,-1.38439701658111,-0.813582853991344,-1.05373016914139,-0.425481167330872,-0.280706064368133,-0.0873735685648474,NaN,NaN,NaN,NaN,NaN,NaN,NaN,NaN,NaN
NaN,NaN,-1.00338746186268,-1.37299965855103,-0.871035398561314,-1.02134344523559,-0.471285232051741,-0.286061970109586,-0.0670292553307566,NaN,NaN,NaN,NaN,NaN,NaN,NaN,NaN,NaN
NaN,NaN,-1.00269969876778,-1.35236462366205,-0.939793789405182,-0.989395243877273,-0.530204442038666,-0.291059353912715,-0.0783170339467082,NaN,NaN,NaN,NaN,NaN,NaN,NaN,NaN,NaN
NaN,NaN,-0.983739014229893,-1.34538957637172,-0.980957520771578,-0.972960399294,-0.576073773845565,-0.316469838435296,-0.0755173106493506,NaN,NaN,NaN,NaN,NaN,NaN,NaN,NaN,NaN
NaN,NaN,-0.990080948433994,-1.30638278808813,-1.05731531755979,-0.924626247787576,-0.636291620030534,-0.32099509757245,-0.0852196429671797,NaN,NaN,NaN,NaN,NaN,NaN,NaN,NaN,NaN
NaN,NaN,-0.964828472099422,-1.29859618630629,-1.09564037771876,-0.890344543212753,-0.676697664603125,-0.332737138087396,-0.0840246629716906,NaN,NaN,NaN,NaN,NaN,NaN,NaN,NaN,NaN
NaN,NaN,-0.964458476266979,-1.27881709274273,-1.13510830106194,-0.846808863633972,-0.715368953242432,-0.343811066413764,-0.0656435590984377,NaN,NaN,NaN,NaN,NaN,NaN,NaN,NaN,NaN
NaN,NaN,-0.955526124200939,-1.24967004891854,-1.18265377135928,-0.804032882505756,-0.762548581406008,-0.350037162716035,-0.0797762487830672,NaN,NaN,NaN,NaN,NaN,NaN,NaN,NaN,NaN
NaN,NaN,-0.931379220894693,-1.2383100369237,-1.20190351979788,-0.781298870051008,-0.784492571547162,-0.374770519847516,-0.0786648643018756,NaN,NaN,NaN,NaN,NaN,NaN,NaN,NaN,NaN
NaN,NaN,-0.935212227962135,-1.19490535717826,-1.25539738463219,-0.7337150665165,-0.820555691316258,-0.379759205097798,-0.0894422408940348,NaN,NaN,NaN,NaN,NaN,NaN,NaN,NaN,NaN
NaN,NaN,-0.909476153067468,-1.18704754647236,-1.27322163211162,-0.712711451405388,-0.833166115626227,-0.390385055507068,-0.0941046652199778,NaN,NaN,NaN,NaN,NaN,NaN,NaN,NaN,NaN
NaN,NaN,-0.909631795696138,-1.16602737244587,-1.29776172118242,-0.68722387200008,-0.845180735632312,-0.408029445970897,-0.0887761962415728,NaN,NaN,NaN,NaN,NaN,NaN,NaN,NaN,NaN
NaN,NaN,-0.906278568766235,-1.13411975812536,-1.33223952503856,-0.666951456868749,-0.860946611210238,-0.414282122219447,-0.117305903583959,NaN,NaN,NaN,NaN,NaN,NaN,NaN,NaN,NaN
NaN,NaN,-0.894316698870777,-1.12023236018043,-1.34399244340117,-0.669477352702718,-0.848372322216164,-0.435861723090056,-0.11776985123773,NaN,NaN,NaN,NaN,NaN,NaN,NaN,NaN,NaN
NaN,NaN,-0.905756674221872,-1.07936713632565,-1.38756276817973,-0.649999020451408,-0.853933752223384,-0.432706830615643,-0.129226515889362,NaN,NaN,NaN,NaN,NaN,NaN,NaN,NaN,NaN
NaN,NaN,-0.890665411464094,-1.07343338217955,-1.39446470664795,-0.658123897218805,-0.829199799045455,-0.438586102391127,-0.134307700097755,NaN,NaN,NaN,NaN,NaN,NaN,NaN,NaN,NaN
NaN,NaN,-0.89731108721268,-1.04330913883071,-1.40993689896519,-0.665721012109619,-0.810778815939557,-0.44102916639531,-0.133335902244047,NaN,NaN,NaN,NaN,NaN,NaN,NaN,NaN,NaN
NaN,NaN,-0.899752251318811,-1.0072158069573,-1.43929537164028,-0.678962016308408,-0.793648869439494,-0.43289339315379,-0.160061190724567,NaN,NaN,NaN,NaN,NaN,NaN,NaN,NaN,NaN
NaN,NaN,-0.889487996212362,-0.992998627688697,-1.44918812217171,-0.71201649850021,-0.764416572346818,-0.437283275241498,-0.154652050584749,NaN,NaN,NaN,NaN,NaN,NaN,NaN,NaN,NaN
NaN,NaN,-0.909807033351778,-0.956535020586064,-1.49132122995312,-0.722842247986894,-0.761758484586608,-0.41514139767969,-0.166680845320419,NaN,NaN,NaN,NaN,NaN,NaN,NaN,NaN,NaN
NaN,NaN,-0.906633086017488,-0.953646262850574,-1.49718584271128,-0.763977499508959,-0.734427780553233,-0.406959114188794,-0.16909991845508,NaN,NaN,NaN,NaN,NaN,NaN,NaN,NaN,NaN
NaN,NaN,-0.921984802446483,-0.930569896217397,-1.52175884472187,-0.800470275634628,-0.722152464732062,-0.396964160318021,-0.17049973353763,NaN,NaN,NaN,NaN,NaN,NaN,NaN,NaN,NaN
NaN,NaN,-0.931126012913106,-0.902848055329135,-1.55837867187317,-0.828960029238563,-0.719408844306599,-0.37110172357643,-0.194745915830329,NaN,NaN,NaN,NaN,NaN,NaN,NaN,NaN,NaN
NaN,NaN,-0.930770918241857,-0.895877105858138,-1.57193494738992,-0.876940948718887,-0.714063872292172,-0.362949670816306,-0.184014080912069,NaN,NaN,NaN,NaN,NaN,NaN,NaN,NaN,NaN
NaN,NaN,-0.958945959321378,-0.870100294914058,-1.61073941515739,-0.896251102739673,-0.732505307241809,-0.331442283059005,-0.185978109836772,NaN,NaN,NaN,NaN,NaN,NaN,NaN,NaN,NaN
NaN,NaN,-0.96013585429561,-0.874074695374778,-1.61664645897205,-0.948136219585043,-0.73303766985191,-0.316154213214759,-0.186496130079225,NaN,NaN,NaN,NaN,NaN,NaN,NaN,NaN,NaN
NaN,NaN,-0.981664660833,-0.856741217639258,-1.63502847554143,-0.982172725552421,-0.751279447868001,-0.299463906849269,-0.181858758330539,NaN,NaN,NaN,NaN,NaN,NaN,NaN,NaN,NaN
NaN,NaN,-0.993371497354625,-0.840973386283925,-1.65827607514317,-1.01525814628015,-0.777540993585717,-0.276629069412593,-0.19260458171387,NaN,NaN,NaN,NaN,NaN,NaN,NaN,NaN,NaN
NaN,NaN,-0.990810583791851,-0.847052613016179,-1.6577072605675,-1.0627881752492,-0.795795065059792,-0.27318572771037,-0.173930837661222,NaN,NaN,NaN,NaN,NaN,NaN,NaN,NaN,NaN
NaN,NaN,-1.01570919480097,-0.835967750962785,-1.67734576167519,-1.08322120627175,-0.831057210161816,-0.249451307172421,-0.17439150705953,NaN,NaN,NaN,NaN,NaN,NaN,NaN,NaN,NaN
NaN,NaN,-1.01431524705064,-0.850983725603631,-1.65631320105846,-1.14107781445394,-0.84760964353336,-0.247114637459163,-0.169323678016857,NaN,NaN,NaN,NaN,NaN,NaN,NaN,NaN,NaN
NaN,NaN,-1.02875201355588,-0.8428915010057,-1.64725109713133,-1.17278882657896,-0.878046736761462,-0.243676697427873,-0.157950292229846,NaN,NaN,NaN,NaN,NaN,NaN,NaN,NaN,NaN
NaN,NaN,-1.03196429412734,-0.842894294973424,-1.64414396287854,-1.20715172385583,-0.910385870083701,-0.238815361226443,-0.16290941730161,NaN,NaN,NaN,NaN,NaN,NaN,NaN,NaN,NaN
NaN,NaN,-1.02185352098119,-0.864159183319619,-1.61474367381985,-1.2622988725246,-0.934310280426871,-0.257801936531905,-0.142243592888311,NaN,NaN,NaN,NaN,NaN,NaN,NaN,NaN,NaN
NaN,NaN,-1.03756413187754,-0.867290233936122,-1.60583657922204,-1.29707998951684,-0.968268424912821,-0.264759959245566,-0.149337402433351,NaN,NaN,NaN,NaN,NaN,NaN,NaN,NaN,NaN
NaN,NaN,-1.02674680154693,-0.895195489492229,-1.55988106282409,-1.36381245573769,-0.983335324272048,-0.291450118238572,-0.151676586717561,NaN,NaN,NaN,NaN,NaN,NaN,NaN,NaN,NaN
NaN,NaN,-1.02828659441244,-0.907659528519919,-1.52804216148312,-1.40478390624533,-1.01139883016003,-0.320148543978576,-0.138953789025739,NaN,NaN,NaN,NaN,NaN,NaN,NaN,NaN,NaN
NaN,NaN,-1.01980235751641,-0.926696898158601,-1.50408483820017,-1.45273189415942,-1.03930904035224,-0.35087274532998,-0.153461950719551,NaN,NaN,NaN,NaN,NaN,NaN,NaN,NaN,NaN
NaN,NaN,-0.99909812536013,-0.963282434012702,-1.45444171281512,-1.51672358980189,-1.04877697740449,-0.393195656652097,-0.14635290473719,NaN,NaN,NaN,NaN,NaN,NaN,NaN,NaN,NaN
NaN,NaN,-1.00177796881568,-0.973228996362498,-1.42651980521138,-1.55755621736656,-1.06926907290472,-0.416425076837186,-0.159014738053277,NaN,NaN,NaN,NaN,NaN,NaN,NaN,NaN,NaN
NaN,NaN,-0.973105322084545,-1.00591143381219,-1.3622072503155,-1.62110806798349,-1.0714581279899,-0.447581095213536,-0.16753073304911,NaN,NaN,NaN,NaN,NaN,NaN,NaN,NaN,NaN
NaN,NaN,-0.958183485529541,-1.02058538955074,-1.31762556510027,-1.65945909341584,-1.08903205458773,-0.479549282754306,-0.168052124679283,NaN,NaN,NaN,NaN,NaN,NaN,NaN,NaN,NaN
NaN,NaN,-0.934446028879999,-1.04348582934957,-1.28282775880749,-1.70348522608886,-1.10537240718259,-0.505743642861489,-0.194374541640476,NaN,NaN,NaN,NaN,NaN,NaN,NaN,NaN,NaN
NaN,NaN,-0.908189735821603,-1.07696581419926,-1.22874093951638,-1.76839952712665,-1.10873355035437,-0.542343837732915,-0.203267182111934,NaN,NaN,NaN,NaN,NaN,NaN,NaN,NaN,NaN
NaN,NaN,-0.907827246449112,-1.08441674869876,-1.20290528761204,-1.8047160597683,-1.13317814160837,-0.554645696247462,-0.230822614282564,NaN,NaN,NaN,NaN,NaN,NaN,NaN,NaN,NaN
NaN,NaN,-0.877564720324396,-1.11523216378312,-1.1457851879483,-1.86250110512386,-1.14211047504796,-0.576028024370316,-0.24250998616238,NaN,NaN,NaN,NaN,NaN,NaN,NaN,NaN,NaN
NaN,NaN,-0.862401354572891,-1.12779631998759,-1.11811395512874,-1.89437809755812,-1.16746785555733,-0.595769175852183,-0.249957661032871,NaN,NaN,NaN,NaN,NaN,NaN,NaN,NaN,NaN
NaN,NaN,-0.838173295817493,-1.14808765959363,-1.10043978096898,-1.92927350645671,-1.19327556778444,-0.609061663562898,-0.286151389479831,NaN,NaN,NaN,NaN,NaN,NaN,NaN,NaN,NaN
NaN,NaN,-0.815213512144207,-1.16864466827731,-1.06628332065399,-1.98061061447273,-1.21093364869012,-0.628757273370866,-0.294031328410104,NaN,NaN,NaN,NaN,NaN,NaN,NaN,NaN,NaN
NaN,NaN,-0.814532137922166,-1.16657290395718,-1.06130165757592,-1.99962684308897,-1.24678252701415,-0.623678100819234,-0.317009906172946,NaN,NaN,NaN,NaN,NaN,NaN,NaN,NaN,NaN
NaN,NaN,-0.786215200535177,-1.18856804233413,-1.02956520171817,-2.04007865285287,-1.26382032845868,-0.633067173475865,-0.328698302507595,NaN,NaN,NaN,NaN,NaN,NaN,NaN,NaN,NaN
NaN,NaN,-0.77407323148024,-1.19495810728889,-1.02812491135652,-2.04835228046189,-1.29935680393828,-0.641452913696412,-0.341711747348503,NaN,NaN,NaN,NaN,NaN,NaN,NaN,NaN,NaN
NaN,NaN,-0.755406528226255,-1.20129579466205,-1.02966950984652,-2.06607952138196,-1.33181835029973,-0.647120644862298,-0.378773598820165,NaN,NaN,NaN,NaN,NaN,NaN,NaN,NaN,NaN
NaN,NaN,-0.736395366004823,-1.20489071842652,-1.01540652813371,-2.08776216378222,-1.36105237965239,-0.652568304503802,-0.383793427497343,NaN,NaN,NaN,NaN,NaN,NaN,NaN,NaN,NaN
NaN,NaN,-0.731135200224041,-1.19243103798848,-1.02971579657848,-2.07714931463609,-1.40441192750586,-0.645595641399268,-0.404272149205402,NaN,NaN,NaN,NaN,NaN,NaN,NaN,NaN,NaN
NaN,NaN,-0.696595686934112,-1.20082197498899,-1.01178940163906,-2.08371934836517,-1.42871281568659,-0.652583317423705,-0.410417909622386,NaN,NaN,NaN,NaN,NaN,NaN,NaN,NaN,NaN
NaN,NaN,-0.683541580549596,-1.19236746590953,-1.02288828941043,-2.06290227716575,-1.46938482736005,-0.660788101668004,-0.42337737500687,NaN,NaN,NaN,NaN,NaN,NaN,NaN,NaN,NaN
NaN,NaN,-0.664085879436849,-1.17985289331894,-1.03460859285648,-2.05040480365763,-1.50613626901759,-0.669851751590613,-0.453977878093913,NaN,NaN,NaN,NaN,NaN,NaN,NaN,NaN,NaN
NaN,NaN,-0.643105919919132,-1.17613116067272,-1.03173834981377,-2.03893470933447,-1.54144129221095,-0.68168042373145,-0.451667844206289,NaN,NaN,NaN,NaN,NaN,NaN,NaN,NaN,NaN
NaN,NaN,-0.636302124223827,-1.15048466038328,-1.05461105482633,-2.00180008431683,-1.58738103200449,-0.682474860514048,-0.468464861512378,NaN,NaN,NaN,NaN,NaN,NaN,NaN,NaN,NaN
NaN,NaN,-0.602335113546966,-1.15081010174375,-1.04901721479352,-1.98470813577781,-1.60679981549038,-0.699743052537087,-0.478451712876752,NaN,NaN,NaN,NaN,NaN,NaN,NaN,NaN,NaN
NaN,NaN,-0.593009706101536,-1.13052189138155,-1.0690244637614,-1.94215174188624,-1.64594745700015,-0.721991641039494,-0.489496062398151,NaN,NaN,NaN,NaN,NaN,NaN,NaN,NaN,NaN
NaN,NaN,-0.578343629351972,-1.11199751284342,-1.0824808456188,-1.90699653124223,-1.68062344630016,-0.736222343111876,-0.50991549611111,NaN,NaN,NaN,NaN,NaN,NaN,NaN,NaN,NaN
NaN,NaN,-0.557427465430616,-1.09988711562376,-1.08139149622972,-1.87536529620896,-1.70016197924269,-0.759393797779921,-0.496538965851263,NaN,NaN,NaN,NaN,NaN,NaN,NaN,NaN,NaN
NaN,NaN,-0.542652591577886,-1.06436885681372,-1.10387669654544,-1.81186010485302,-1.72050092805875,-0.766369981283788,-0.506965941637948,NaN,NaN,NaN,NaN,NaN,NaN,NaN,NaN,NaN
NaN,NaN,-0.509634952507137,-1.05190155815702,-1.09744483383353,-1.7750972079278,-1.71341464360012,-0.787371547485236,-0.504412180632547,NaN,NaN,NaN,NaN,NaN,NaN,NaN,NaN,NaN
NaN,NaN,-0.497711807004331,-1.0158924364708,-1.11044768022354,-1.71710706671486,-1.73154693533434,-0.811511149222497,-0.50237746432443,NaN,NaN,NaN,NaN,NaN,NaN,NaN,NaN,NaN
NaN,NaN,-0.480682014933943,-0.989554540928414,-1.12107585893924,-1.67319891398559,-1.74208164651645,-0.831694008375052,-0.505597549379066,NaN,NaN,NaN,NaN,NaN,NaN,NaN,NaN,NaN
NaN,NaN,-0.454153868816017,-0.970840377476028,-1.11821941809709,-1.63073295151601,-1.74204858456505,-0.861455557460431,-0.484545207470849,NaN,NaN,NaN,NaN,NaN,NaN,NaN,NaN,NaN
NaN,NaN,-0.442854821196912,-0.934005805965474,-1.13994177209194,-1.56200792064677,-1.7440774149145,-0.877285563910846,-0.489576901197627,NaN,NaN,NaN,NaN,NaN,NaN,NaN,NaN,NaN
NaN,NaN,-0.411907866112112,-0.91737136032801,-1.12902328150327,-1.52725712751756,-1.7260994805838,-0.910996945167426,-0.476393899768785,NaN,NaN,NaN,NaN,NaN,NaN,NaN,NaN,NaN
NaN,NaN,-0.401625245324491,-0.879218408580831,-1.13972797768171,-1.4697079675437,-1.73624378134264,-0.939668250794057,-0.462955827713207,NaN,NaN,NaN,NaN,NaN,NaN,NaN,NaN,NaN
NaN,NaN,-0.384703598431467,-0.850212292488626,-1.14485183509047,-1.42524333094965,-1.73754277144326,-0.96590753790224,-0.456692869663433,NaN,NaN,NaN,NaN,NaN,NaN,NaN,NaN,NaN
NaN,NaN,-0.358814879766821,-0.825971418734601,-1.13764997350033,-1.38725641539107,-1.7278506277944,-0.997219478304032,-0.432420647591546,NaN,NaN,NaN,NaN,NaN,NaN,NaN,NaN,NaN
NaN,NaN,-0.354596938452839,-0.784143635746053,-1.15506807120497,-1.32621481438885,-1.72541508887662,-1.01425133791054,-0.430916002839998,NaN,NaN,NaN,NaN,NaN,NaN,NaN,NaN,NaN
NaN,NaN,-0.327621832004904,-0.761575603600553,-1.13936470599826,-1.29821067100177,-1.71318967331899,-1.04373632144416,-0.417915484756425,NaN,NaN,NaN,NaN,NaN,NaN,NaN,NaN,NaN
NaN,NaN,-0.326005763820528,-0.715509054925254,-1.14853793533499,-1.24621388857971,-1.7283580682124,-1.0650311797508,-0.40088923171182,NaN,NaN,NaN,NaN,NaN,NaN,NaN,NaN,NaN
NaN,NaN,-0.311012494824051,-0.679568217810205,-1.14910917134936,-1.21322806348811,-1.72686845500721,-1.0814413256594,-0.398452705592111,NaN,NaN,NaN,NaN,NaN,NaN,NaN,NaN,NaN
NaN,NaN,-0.295365120730518,-0.646345017220786,-1.1424363009816,-1.18266766315113,-1.71556020592107,-1.10114950832212,-0.385028044581607,NaN,NaN,NaN,NaN,NaN,NaN,NaN,NaN,NaN
NaN,NaN,-0.29726758923304,-0.599778758104852,-1.15536307694371,-1.13167831098447,-1.71843611140503,-1.10935069766128,-0.385890076756671,NaN,NaN,NaN,NaN,NaN,NaN,NaN,NaN,NaN
NaN,NaN,-0.271450507900833,-0.573187915351203,-1.13539421709235,-1.11591597443233,-1.71464711864246,-1.12996548559749,-0.379931102395252,NaN,NaN,NaN,NaN,NaN,NaN,NaN,NaN,NaN
NaN,NaN,-0.275821726284145,-0.52850976374369,-1.14006317930277,-1.07612490078221,-1.73166508291615,-1.14542400609935,-0.374189442843393,NaN,NaN,NaN,NaN,NaN,NaN,NaN,NaN,NaN
NaN,NaN,-0.262893590591072,-0.494987571354917,-1.13716836797054,-1.05480383505831,-1.73590086837066,-1.16106642555678,-0.381232867837146,NaN,NaN,NaN,NaN,NaN,NaN,NaN,NaN,NaN
NaN,NaN,-0.257624353728412,-0.466413384046367,-1.12718015687521,-1.03701536899219,-1.73914939601673,-1.17890482913936,-0.376503332406476,NaN,NaN,NaN,NaN,NaN,NaN,NaN,NaN,NaN
NaN,NaN,-0.265753440073847,-0.430582890029958,-1.13584626244362,-1.00461547618518,-1.75522642646683,-1.1947926520952,-0.393291893303588,NaN,NaN,NaN,NaN,NaN,NaN,NaN,NaN,NaN
NaN,NaN,-0.251718744150518,-0.418409442271998,-1.11392099188621,-1.00579417666207,-1.76316960219992,-1.22160205763066,-0.397281567454532,NaN,NaN,NaN,NaN,NaN,NaN,NaN,NaN,NaN
NaN,NaN,-0.261132087073444,-0.383747944351247,-1.11748512612636,-0.980454547160965,-1.78247692500008,-1.24173510965193,-0.401151268631414,NaN,NaN,NaN,NaN,NaN,NaN,NaN,NaN,NaN
NaN,NaN,-0.252734016142009,-0.359754951413682,-1.10807336645181,-0.974171379411321,-1.78614786331309,-1.26552028727019,-0.418710741102889,NaN,NaN,NaN,NaN,NaN,NaN,NaN,NaN,NaN
NaN,NaN,-0.249980840346931,-0.338354630138686,-1.08668040262516,-0.967094873839718,-1.78737625916256,-1.28360802453244,-0.413663885444597,NaN,NaN,NaN,NaN,NaN,NaN,NaN,NaN,NaN
NaN,NaN,-0.253991655520319,-0.30738837805014,-1.0805830151027,-0.947033272886377,-1.80046176974429,-1.30077634152258,-0.427483799755767,NaN,NaN,NaN,NaN,NaN,NaN,NaN,NaN,NaN
NaN,NaN,-0.235298595837473,-0.295067129399589,-1.04366484807785,-0.963373103940588,-1.80158533592476,-1.33256942179287,-0.433805300742582,NaN,NaN,NaN,NaN,NaN,NaN,NaN,NaN,NaN
NaN,NaN,-0.236579350642084,-0.269550250586083,-1.03381695004161,-0.955384200269085,-1.81460630585207,-1.35817179601872,-0.440909578353361,NaN,NaN,NaN,NaN,NaN,NaN,NaN,NaN,NaN
NaN,NaN,-0.227643347791551,-0.254823786880782,-1.01023204402979,-0.964333446526628,-1.81306107406272,-1.38578942191089,-0.45706130087395,NaN,NaN,NaN,NaN,NaN,NaN,NaN,NaN,NaN
NaN,NaN,-0.220371208599924,-0.244398431595376,-0.980131102371767,-0.974634619259935,-1.80741463293089,-1.41324065771187,-0.458317226618722,NaN,NaN,NaN,NaN,NaN,NaN,NaN,NaN,NaN
NaN,NaN,-0.22205718185675,-0.224734337743333,-0.964142733830765,-0.977280599826675,-1.8131432167138,-1.44209282618249,-0.477788648456529,NaN,NaN,NaN,NaN,NaN,NaN,NaN,NaN,NaN
NaN,NaN,-0.198601748309253,-0.226445847865155,-0.920423080790594,-1.00926057791124,-1.79722687666072,-1.47713923972333,-0.489346231222347,NaN,NaN,NaN,NaN,NaN,NaN,NaN,NaN,NaN
NaN,NaN,-0.196636806688427,-0.21324671592932,-0.901900434512451,-1.01093803887973,-1.79236552183283,-1.51086188998306,-0.50541786000152,NaN,NaN,NaN,NaN,NaN,NaN,NaN,NaN,NaN
NaN,NaN,-0.185867048314928,-0.208471936847976,-0.866362897325113,-1.02753819322,-1.77304966811789,-1.54363073554123,-0.526330820173219,NaN,NaN,NaN,NaN,NaN,NaN,NaN,NaN,NaN
NaN,NaN,-0.177924319616674,-0.211441160853913,-0.826613509673431,-1.0504743958057,-1.74977772374405,-1.57732406776631,-0.534897833019689,NaN,NaN,NaN,NaN,NaN,NaN,NaN,NaN,NaN
NaN,NaN,-0.180473107359527,-0.202221924181989,-0.801674814540699,-1.06013249030123,-1.73660422180546,-1.60646690201247,-0.56411021843572,NaN,NaN,NaN,NaN,NaN,NaN,NaN,NaN,NaN
NaN,NaN,-0.155131913236498,-0.21202675786238,-0.750146859902695,-1.09640694578896,-1.70009289373411,-1.64377179142321,-0.585336065739587,NaN,NaN,NaN,NaN,NaN,NaN,NaN,NaN,NaN
NaN,NaN,-0.158490579090236,-0.203898062672427,-0.722935998458221,-1.09936655854593,-1.6791130087222,-1.67267087992514,-0.6107900057735,NaN,NaN,NaN,NaN,NaN,NaN,NaN,NaN,NaN
NaN,NaN,-0.143753274790167,-0.207784937437585,-0.675223318505838,-1.11839163472663,-1.64405048330082,-1.69916510727489,-0.641928850561574,NaN,NaN,NaN,NaN,NaN,NaN,NaN,NaN,NaN
NaN,NaN,-0.129384997747062,-0.212401745583823,-0.629130413401678,-1.13810242509256,-1.60869647254003,-1.72807522263611,-0.661303973645166,NaN,NaN,NaN,NaN,NaN,NaN,NaN,NaN,NaN
NaN,NaN,-0.118897970280765,-0.206097548570445,-0.597039645183638,-1.14572861587415,-1.58603797171963,-1.7480164594599,-0.69599134370704,NaN,NaN,NaN,NaN,NaN,NaN,NaN,NaN,NaN
NaN,NaN,-0.0882663237668264,-0.224314460273793,-0.54518937842901,-1.17653037776957,-1.54116189543856,-1.78118162002647,-0.718621308803752,NaN,NaN,NaN,NaN,NaN,NaN,NaN,NaN,NaN
NaN,NaN,-0.0848172078646409,-0.221618933346084,-0.517893543112829,-1.17599008029113,-1.51812268857611,-1.80272113677347,-0.745321656465724,NaN,NaN,NaN,NaN,NaN,NaN,NaN,NaN,NaN
NaN,NaN,-0.0640658507860887,-0.230717545118144,-0.476287284511879,-1.19414036517749,-1.48228079517139,-1.82658625912154,-0.77650133043547,NaN,NaN,NaN,NaN,NaN,NaN,NaN,NaN,NaN
NaN,NaN,-0.0431834007419336,-0.238990185525229,-0.43973959760721,-1.21011249145279,-1.44825617288006,-1.84961602237308,-0.796877737045482,NaN,NaN,NaN,NaN,NaN,NaN,NaN,NaN,NaN
NaN,NaN,-0.0307311895109403,-0.237805282439998,-0.418526360411003,-1.21134261956225,-1.42739555303706,-1.86020659428323,-0.826579346209959,NaN,NaN,NaN,NaN,NaN,NaN,NaN,NaN,NaN
NaN,NaN,-0.00121537920009968,-0.254132168110421,-0.374488232303217,-1.23137657886158,-1.38530265976442,-1.88308669399703,-0.83997152268906,NaN,NaN,NaN,NaN,NaN,NaN,NaN,NaN,NaN
NaN,NaN,0.00218361292111996,-0.249431112524083,-0.352241618204668,-1.21465408598791,-1.36454722349299,-1.89283864718163,-0.854952181577877,NaN,NaN,NaN,NaN,NaN,NaN,NaN,NaN,NaN
NaN,NaN,0.0254753944658053,-0.250038968142083,-0.314916872996643,-1.21970053186427,-1.32371454004897,-1.90135790180648,-0.871374788582519,NaN,NaN,NaN,NaN,NaN,NaN,NaN,NaN,NaN
NaN,NaN,0.0456597996138347,-0.249947195615581,-0.280823705363825,-1.2192565517665,-1.28990637575043,-1.90771512832725,-0.876720971316293,NaN,NaN,NaN,NaN,NaN,NaN,NaN,NaN,NaN
NaN,NaN,0.0570623544238818,-0.240656414743474,-0.263619625586822,-1.20217346941839,-1.27117980708135,-1.90110523399198,-0.887041105777219,NaN,NaN,NaN,NaN,NaN,NaN,NaN,NaN,NaN
NaN,NaN,0.083236840107323,-0.251534057524016,-0.223774386215761,-1.20306835865388,-1.23230999772204,-1.90881386544788,-0.885183713287309,NaN,NaN,NaN,NaN,NaN,NaN,NaN,NaN,NaN
NaN,NaN,0.08640838462937,-0.241250933822206,-0.210610309261635,-1.17311471497427,-1.21959694166435,-1.90330645214999,-0.889579220563367,NaN,NaN,NaN,NaN,NaN,NaN,NaN,NaN,NaN
NaN,NaN,0.109294798710228,-0.237563995387366,-0.185017993319586,-1.1648199090899,-1.18836196576012,-1.89498633291805,-0.892774979472354,NaN,NaN,NaN,NaN,NaN,NaN,NaN,NaN,NaN
NaN,NaN,0.12469427336085,-0.237436795350125,-0.164641959238603,-1.15145189111839,-1.16852324892534,-1.88914120342815,-0.886677759587959,NaN,NaN,NaN,NaN,NaN,NaN,NaN,NaN,NaN
NaN,NaN,0.1310162213825,-0.223330573853066,-0.160808598268583,-1.12038334255825,-1.15529984672321,-1.86876164894784,-0.886753569245533,NaN,NaN,NaN,NaN,NaN,NaN,NaN,NaN,NaN
NaN,NaN,0.153541729339243,-0.232350228097251,-0.137347856182411,-1.10551619326482,-1.1226734003867,-1.86269786354387,-0.882058567255929,NaN,NaN,NaN,NaN,NaN,NaN,NaN,NaN,NaN
NaN,NaN,0.158140376695277,-0.210789030160716,-0.13643132301028,-1.06607946922789,-1.11472044576658,-1.84514414664591,-0.88767455413957,NaN,NaN,NaN,NaN,NaN,NaN,NaN,NaN,NaN
NaN,NaN,0.178610772379519,-0.202957277860454,-0.12787841038759,-1.04705113341818,-1.08671483088983,-1.8267124905833,-0.897917314320997,NaN,NaN,NaN,NaN,NaN,NaN,NaN,NaN,NaN
NaN,NaN,0.187914796658636,-0.190033444877675,-0.119356045145347,-1.01981493999968,-1.07171150360955,-1.80804703530157,-0.893598305881217,NaN,NaN,NaN,NaN,NaN,NaN,NaN,NaN,NaN
NaN,NaN,0.191644557305456,-0.166890991594604,-0.125973892975405,-0.973987778478962,-1.06265172798885,-1.78050374757731,-0.899578495770887,NaN,NaN,NaN,NaN,NaN,NaN,NaN,NaN,NaN
NaN,NaN,0.214978863038899,-0.163886209692767,-0.108650138247564,-0.946969086134535,-1.03651116107358,-1.77065633382881,-0.905267479717926,NaN,NaN,NaN,NaN,NaN,NaN,NaN,NaN,NaN
NaN,NaN,0.216277629622103,-0.13506442096453,-0.116870587337568,-0.897681129926544,-1.03059020329965,-1.74297403689707,-0.918626147210792,NaN,NaN,NaN,NaN,NaN,NaN,NaN,NaN,NaN
NaN,NaN,0.229338441529156,-0.121645441021731,-0.114149411786154,-0.865228412503105,-1.01330195058836,-1.71944420930231,-0.932847759574846,NaN,NaN,NaN,NaN,NaN,NaN,NaN,NaN,NaN
NaN,NaN,0.237067301311375,-0.0985486784241705,-0.10893441515024,-0.821678167039257,-1.0023642561282,-1.69576537009561,-0.932369283288911,NaN,NaN,NaN,NaN,NaN,NaN,NaN,NaN,NaN
NaN,NaN,0.23924752745855,-0.0725090296230822,-0.123273281026438,-0.762337440455061,-1.00072291184915,-1.67008232470835,-0.951706073135332,NaN,NaN,NaN,NaN,NaN,NaN,NaN,NaN,NaN
NaN,NaN,0.259289291241051,-0.0592226327620058,-0.11341357381995,-0.731640564107996,-0.986519888683688,-1.66260343190515,-0.969346887320474,NaN,NaN,NaN,NaN,NaN,NaN,NaN,NaN,NaN
NaN,NaN,0.252251714953066,-0.0270552166960745,-0.132851430792167,-0.679934708231788,-0.991311617835891,-1.6393719255575,-0.994935925007061,NaN,NaN,NaN,NaN,NaN,NaN,NaN,NaN,NaN
NaN,NaN,0.260582972802998,-0.00932222020249654,-0.136225109565809,-0.64399575238834,-0.988398310437333,-1.61868287395919,-1.01798841252942,NaN,NaN,NaN,NaN,NaN,NaN,NaN,NaN,NaN
NaN,NaN,0.261021085568548,0.00957494813580223,-0.142309607583835,-0.599373144859176,-0.986228813126218,-1.60039389651502,-1.03981049254556,NaN,NaN,NaN,NaN,NaN,NaN,NaN,NaN,NaN
NaN,NaN,0.255062688627125,0.0347627161778898,-0.164635216463163,-0.542863434010845,-0.990688432648312,-1.57741157483542,-1.07150425657649,NaN,NaN,NaN,NaN,NaN,NaN,NaN,NaN,NaN
NaN,NaN,0.269074641653181,0.0470336920358629,-0.155520250666693,-0.514744421297413,-0.973098058893811,-1.56699473183835,-1.09945630177875,NaN,NaN,NaN,NaN,NaN,NaN,NaN,NaN,NaN
NaN,NaN,0.257067025192858,0.0792606568672151,-0.172133182752683,-0.459588052535158,-0.977254477038514,-1.53666585829342,-1.13025664806385,NaN,NaN,NaN,NaN,NaN,NaN,NaN,NaN,NaN
NaN,NaN,0.270433236398579,0.0975289030708761,-0.169834827650144,-0.421028615737062,-0.969582111283671,-1.51223855238641,-1.16093430191298,NaN,NaN,NaN,NaN,NaN,NaN,NaN,NaN,NaN
NaN,NaN,0.270877682157637,0.11644922408838,-0.176064425725296,-0.374986020678383,-0.967984129383694,-1.49364804994548,-1.19115393131991,NaN,NaN,NaN,NaN,NaN,NaN,NaN,NaN,NaN
NaN,NaN,0.269681174793125,0.140439367178866,-0.193424874562576,-0.330743057483536,-0.973188080533873,-1.47098973538959,-1.23495352908988,NaN,NaN,NaN,NaN,NaN,NaN,NaN,NaN,NaN
NaN,NaN,0.279219594337822,0.148178620521018,-0.184312795866087,-0.309064177626472,-0.957651571079623,-1.46323582303012,-1.26641660451908,NaN,NaN,NaN,NaN,NaN,NaN,NaN,NaN,NaN
NaN,NaN,0.266622283049704,0.174137784425208,-0.198875384051159,-0.261995581740242,-0.969463814690243,-1.43871979933465,-1.29890463769455,NaN,NaN,NaN,NaN,NaN,NaN,NaN,NaN,NaN
NaN,NaN,0.276933402308108,0.186994562182614,-0.193610915560081,-0.230521088296276,-0.963405859365594,-1.42851032462204,-1.33628967672606,NaN,NaN,NaN,NaN,NaN,NaN,NaN,NaN,NaN
NaN,NaN,0.276251338907362,0.202759152535388,-0.196842157859161,-0.197013890200954,-0.959497675939929,-1.41886351775611,-1.36969562143107,NaN,NaN,NaN,NaN,NaN,NaN,NaN,NaN,NaN
NaN,NaN,0.271799915023924,0.223100466910788,-0.208866724390343,-0.165388746017319,-0.961901140108239,-1.40282772626961,-1.41206934571286,NaN,NaN,NaN,NaN,NaN,NaN,NaN,NaN,NaN
NaN,NaN,0.274805590995432,0.230157768610904,-0.192479861546114,-0.156721709126335,-0.945034087344538,-1.40197083499515,-1.43390001252313,NaN,NaN,NaN,NaN,NaN,NaN,NaN,NaN,NaN
NaN,NaN,0.261768062152745,0.254403895024249,-0.199505610037401,-0.121444215828281,-0.95532233332051,-1.38695432018721,-1.46110379591604,NaN,NaN,NaN,NaN,NaN,NaN,NaN,NaN,NaN
NaN,NaN,0.265277676769377,0.262897761795709,-0.187503357995108,-0.108844594860178,-0.946909286722075,-1.3844977892586,-1.48818486824651,NaN,NaN,NaN,NaN,NaN,NaN,NaN,NaN,NaN
NaN,NaN,0.257127617039562,0.272430332634637,-0.18706103565152,-0.0960864627898748,-0.938528333499562,-1.37793019559467,-1.51450749009867,NaN,NaN,NaN,NaN,NaN,NaN,NaN,NaN,NaN
NaN,NaN,0.24603828463781,0.291896781209895,-0.190053896624401,-0.0808289403260763,-0.93178835202707,-1.36759480606997,-1.54525491863509,NaN,NaN,NaN,NaN,NaN,NaN,NaN,NaN,NaN
NaN,NaN,0.251620110609413,0.296311809007117,-0.165647359210804,-0.0836164446712549,-0.91001490567578,-1.36935286369408,-1.55959946557899,NaN,NaN,NaN,NaN,NaN,NaN,NaN,NaN,NaN
NaN,NaN,0.240170710273863,0.316006412986705,-0.165265330690697,-0.0562471280039366,-0.911697768315207,-1.36136245128,-1.58323818340917,NaN,NaN,NaN,NaN,NaN,NaN,NaN,NaN,NaN
NaN,NaN,0.247889921554209,0.321847779933402,-0.14344099687393,-0.0568784715772684,-0.890678469731938,-1.36001611273969,-1.6013176319005,NaN,NaN,NaN,NaN,NaN,NaN,NaN,NaN,NaN
NaN,NaN,0.243083272614361,0.327401386830995,-0.133385451156452,-0.0554222742260511,-0.8772864608909,-1.35961247753585,-1.61986747279783,NaN,NaN,NaN,NaN,NaN,NaN,NaN,NaN,NaN
NaN,NaN,0.235232241936804,0.342539178464601,-0.125511100161627,-0.0523921976030882,-0.872738868638407,-1.3550198651501,-1.64137832343598,NaN,NaN,NaN,NaN,NaN,NaN,NaN,NaN,NaN
NaN,NaN,0.243145391830088,0.337092301134059,-0.0948723010903147,-0.0629676448346193,-0.852479082241189,-1.36611504625762,-1.65664141520877,NaN,NaN,NaN,NaN,NaN,NaN,NaN,NaN,NaN
NaN,NaN,0.231121663489224,0.351364167664239,-0.0876226253991869,-0.0553082617164667,-0.854740128561389,-1.36544549983228,-1.6807306510212,NaN,NaN,NaN,NaN,NaN,NaN,NaN,NaN,NaN
NaN,NaN,0.238163840510727,0.345870742831418,-0.0604364626293925,-0.0754884945393618,-0.834396932914387,-1.37065487127984,-1.70393635973354,NaN,NaN,NaN,NaN,NaN,NaN,NaN,NaN,NaN
NaN,NaN,0.228444818892361,0.343710763637015,-0.0450997591203001,-0.0855517702342089,-0.822195582732093,-1.37092536460841,-1.72237114503999,NaN,NaN,NaN,NaN,NaN,NaN,NaN,NaN,NaN
NaN,NaN,0.22450698215592,0.353157019499728,-0.0246504672055986,-0.0883592048824842,-0.812509902461898,-1.36283157538855,-1.74723557651062,NaN,NaN,NaN,NaN,NaN,NaN,NaN,NaN,NaN
NaN,NaN,0.238196157404066,0.345506968233773,0.0191717244500372,-0.0991943048478182,-0.787462466105353,-1.36691419553244,-1.76447784051318,NaN,NaN,NaN,NaN,NaN,NaN,NaN,NaN,NaN
NaN,NaN,0.234575957544924,0.361805076036641,0.0376447684878561,-0.097138354385,-0.784047231718432,-1.35540668066824,-1.78966791823526,NaN,NaN,NaN,NaN,NaN,NaN,NaN,NaN,NaN
NaN,NaN,0.243822966256024,0.352814218286464,0.0716039933079931,-0.119510715657574,-0.758654218807351,-1.35357581224525,-1.81701704382916,NaN,NaN,NaN,NaN,NaN,NaN,NaN,NaN,NaN
NaN,NaN,0.239840575047613,0.352903513494918,0.0944926425630305,-0.133131606334549,-0.746421501680743,-1.34269127767766,-1.8395138670506,NaN,NaN,NaN,NaN,NaN,NaN,NaN,NaN,NaN
NaN,NaN,0.242927853503109,0.357459711168,0.117769671958134,-0.139418145471912,-0.733335078402888,-1.32760165404761,-1.87457875803132,NaN,NaN,NaN,NaN,NaN,NaN,NaN,NaN,NaN
NaN,NaN,0.260970104970814,0.342897607270667,0.159755519014046,-0.155402546578747,-0.702729508921038,-1.32652603235329,-1.89835525572319,NaN,NaN,NaN,NaN,NaN,NaN,NaN,NaN,NaN
NaN,NaN,0.257312670835139,0.353200176987836,0.175789652746365,-0.154950016939741,-0.693167806311976,-1.31000917550409,-1.92937923118491,NaN,NaN,NaN,NaN,NaN,NaN,NaN,NaN,NaN
NaN,NaN,0.270138249286295,0.338160323236176,0.206269959341929,-0.17738885601769,-0.663135726645123,-1.29876531806076,-1.95687328919788,NaN,NaN,NaN,NaN,NaN,NaN,NaN,NaN,NaN
NaN,NaN,0.270112917312266,0.332461988810489,0.231580643337414,-0.185703778469663,-0.646291062876116,-1.27946319204057,-1.98184672266264,NaN,NaN,NaN,NaN,NaN,NaN,NaN,NaN,NaN
NaN,NaN,0.27939293209541,0.332142116759011,0.254838841390059,-0.187351083213192,-0.622836430266034,-1.25847647112096,-2.01373869076391,NaN,NaN,NaN,NaN,NaN,NaN,NaN,NaN,NaN
NaN,NaN,0.296193600185992,0.317900629971215,0.293343646805928,-0.202670799398523,-0.584627729549538,-1.25064542662585,-2.03081178933401,NaN,NaN,NaN,NaN,NaN,NaN,NaN,NaN,NaN
NaN,NaN,0.28981022212732,0.320142677310893,0.305077230911896,-0.199216207319599,-0.570918940647971,-1.22887147736037,-2.05450783938189,NaN,NaN,NaN,NaN,NaN,NaN,NaN,NaN,NaN
NaN,NaN,0.302358061560274,0.309413468722293,0.335124658774779,-0.216272393071752,-0.536369052424561,-1.21132033091271,-2.07197082683463,NaN,NaN,NaN,NaN,NaN,NaN,NaN,NaN,NaN
NaN,NaN,0.300708819665791,0.307682922367045,0.358354600500509,-0.216362191194397,-0.509677664085757,-1.18832580890739,-2.08285858377834,NaN,NaN,NaN,NaN,NaN,NaN,NaN,NaN,NaN
NaN,NaN,0.311841831096293,0.308323802683541,0.376920516025469,-0.213567199015718,-0.480937738611829,-1.16496766131604,-2.09726832330246,NaN,NaN,NaN,NaN,NaN,NaN,NaN,NaN,NaN
NaN,NaN,0.326253656782986,0.296171123418996,0.408601576816485,-0.222994660788875,-0.440720547630917,-1.15761282067979,-2.09560892999192,NaN,NaN,NaN,NaN,NaN,NaN,NaN,NaN,NaN
NaN,NaN,0.32201120305884,0.308549219999501,0.414511042069838,-0.213895844125849,-0.422998391732108,-1.13028917607153,-2.09412091866155,NaN,NaN,NaN,NaN,NaN,NaN,NaN,NaN,NaN
NaN,NaN,0.336090080925108,0.301447773609349,0.438657312076733,-0.220916358584266,-0.384665676101577,-1.11181404587114,-2.09411154955645,NaN,NaN,NaN,NaN,NaN,NaN,NaN,NaN,NaN
NaN,NaN,0.339906696715237,0.307522995654532,0.45084420813267,-0.218168584460121,-0.35579609189881,-1.0897946372279,-2.08177264302988,NaN,NaN,NaN,NaN,NaN,NaN,NaN,NaN,NaN
NaN,NaN,0.347545590736748,0.310778117064425,0.456221087258503,-0.210540083998543,-0.327152949466836,-1.07073951658094,-2.07922014862318,NaN,NaN,NaN,NaN,NaN,NaN,NaN,NaN,NaN
NaN,NaN,0.355075929798962,0.30293671626229,0.47277318535392,-0.213730757886272,-0.292521142109763,-1.07069131132448,-2.06046143069883,NaN,NaN,NaN,NaN,NaN,NaN,NaN,NaN,NaN
NaN,NaN,0.347495168932558,0.31320598188419,0.461802075039789,-0.195731496268612,-0.28081745345844,-1.04987608414376,-2.05087996542473,NaN,NaN,NaN,NaN,NaN,NaN,NaN,NaN,NaN
NaN,NaN,0.358501874395491,0.304616095755288,0.474268498253271,-0.197565810585123,-0.248318523808848,-1.03690492134774,-2.03435822844525,NaN,NaN,NaN,NaN,NaN,NaN,NaN,NaN,NaN
NaN,NaN,0.361568645127894,0.31292913693566,0.474717023205206,-0.179837787354093,-0.220038112893235,-1.01661084365332,-2.01097884669919,NaN,NaN,NaN,NaN,NaN,NaN,NaN,NaN,NaN
NaN,NaN,0.358939689137818,0.316836873326489,0.469543209653542,-0.156056614422899,-0.196491130336653,-0.999364649469499,-1.99537336349507,NaN,NaN,NaN,NaN,NaN,NaN,NaN,NaN,NaN
NaN,NaN,0.366592515745045,0.313867835585067,0.479396192711041,-0.145839595997434,-0.165071380033623,-0.995077045226935,-1.9620184738936,NaN,NaN,NaN,NaN,NaN,NaN,NaN,NaN,NaN
NaN,NaN,0.355408803113581,0.327960683289954,0.462176857870266,-0.114510817283493,-0.159647674008738,-0.968920943851117,-1.94371001318117,NaN,NaN,NaN,NaN,NaN,NaN,NaN,NaN,NaN
NaN,NaN,0.370526887961508,0.32333793330569,0.465198254566834,-0.104723827743631,-0.131029882177245,-0.955378507787827,-1.91939286410828,NaN,NaN,NaN,NaN,NaN,NaN,NaN,NaN,NaN
NaN,NaN,0.365917474516512,0.330315588299224,0.456899816524431,-0.0737553404809053,-0.11189923126949,-0.931709950382356,-1.89464928105493,NaN,NaN,NaN,NaN,NaN,NaN,NaN,NaN,NaN
NaN,NaN,0.361065283902766,0.332221912477204,0.447764529269383,-0.0413305441082533,-0.100919087126385,-0.911677257681731,-1.86979973211904,NaN,NaN,NaN,NaN,NaN,NaN,NaN,NaN,NaN
NaN,NaN,0.372405943014504,0.330008028332183,0.450110214185164,-0.0196463743389662,-0.0805515280808322,-0.903046467865352,-1.84374205291291,NaN,NaN,NaN,NaN,NaN,NaN,NaN,NaN,NaN
NaN,NaN,0.368620731421591,0.343312585983464,0.428286718558714,0.0224582722245638,-0.0827274142648093,-0.869418011570815,-1.82915780216475,NaN,NaN,NaN,NaN,NaN,NaN,NaN,NaN,NaN
NaN,NaN,0.391363386549832,0.340443777177522,0.430947227757618,0.039552474564213,-0.0573513327981345,-0.844597426766995,-1.80621446564813,NaN,NaN,NaN,NaN,NaN,NaN,NaN,NaN,NaN
NaN,NaN,0.383176278807999,0.345950035635421,0.420999659579441,0.08020260015716,-0.0463681152905337,-0.812747163290624,-1.78395194456001,NaN,NaN,NaN,NaN,NaN,NaN,NaN,NaN,NaN
NaN,NaN,0.388981044777514,0.354498515162656,0.410522783529207,0.120980801230568,-0.0405868559028022,-0.781555866415147,-1.76859920367618,NaN,NaN,NaN,NaN,NaN,NaN,NaN,NaN,NaN
NaN,NaN,0.397103332468153,0.352489019069859,0.412858298402474,0.151334857737917,-0.0259285650099628,-0.765223634953145,-1.74739138677736,NaN,NaN,NaN,NaN,NaN,NaN,NaN,NaN,NaN
NaN,NaN,0.393540874608637,0.366215037439057,0.392871333640263,0.191133363342184,-0.030041862919461,-0.720938948506955,-1.73680919677039,NaN,NaN,NaN,NaN,NaN,NaN,NaN,NaN,NaN
NaN,NaN,0.403686944880368,0.361904001120517,0.395661017280266,0.21648336777677,-0.0084547555889003,-0.692569111997727,-1.71824182838221,NaN,NaN,NaN,NaN,NaN,NaN,NaN,NaN,NaN
NaN,NaN,0.391864512600781,0.368698185566852,0.387281535547421,0.263605309820074,-0.000656698539387435,-0.658029691840056,-1.6945409540834,NaN,NaN,NaN,NaN,NaN,NaN,NaN,NaN,NaN
NaN,NaN,0.397528015562178,0.377645680937955,0.378390627335951,0.304444121366638,0.000806614116299897,-0.62783543166006,-1.6813952986898,NaN,NaN,NaN,NaN,NaN,NaN,NaN,NaN,NaN
NaN,NaN,0.405824907609106,0.376620928082654,0.386248195897982,0.330358172005314,0.0113726363633759,-0.608931855822448,-1.65639163449426,NaN,NaN,NaN,NaN,NaN,NaN,NaN,NaN,NaN
NaN,NaN,0.407286096849324,0.394717531535813,0.3702532149667,0.371764717793364,0.0103678696905263,-0.567225126142148,-1.6375536610188,NaN,NaN,NaN,NaN,NaN,NaN,NaN,NaN,NaN
NaN,NaN,0.409906652309777,0.394362977031657,0.377043189834997,0.395762628114123,0.0325271629844792,-0.547788070107345,-1.60814348131438,NaN,NaN,NaN,NaN,NaN,NaN,NaN,NaN,NaN
NaN,NaN,0.403886266537787,0.403666535649487,0.368303249012873,0.433832524514097,0.0324726061080582,-0.517784861440305,-1.58187796816249,NaN,NaN,NaN,NaN,NaN,NaN,NaN,NaN,NaN
NaN,NaN,0.403008886166693,0.410003552470395,0.357867928575918,0.459937961941857,0.0257654444430955,-0.501581804419402,-1.56916034862418,NaN,NaN,NaN,NaN,NaN,NaN,NaN,NaN,NaN
NaN,NaN,0.410026290007712,0.405783096585462,0.360422751289055,0.466375785118241,0.030474993691314,-0.4929969101795,-1.54058522999306,NaN,NaN,NaN,NaN,NaN,NaN,NaN,NaN,NaN
NaN,NaN,0.399332900085331,0.418676531199405,0.340430049579785,0.493507521396774,0.0251640335773118,-0.471287985856179,-1.52114767104407,NaN,NaN,NaN,NaN,NaN,NaN,NaN,NaN,NaN
NaN,NaN,0.401260700561882,0.417288879189679,0.345022512953922,0.50614311004271,0.039972900704015,-0.463357904518489,-1.48938070505877,NaN,NaN,NaN,NaN,NaN,NaN,NaN,NaN,NaN
NaN,NaN,0.392982993759991,0.430216456089208,0.335805213432953,0.534292614257235,0.038370709226001,-0.446123314613942,-1.46231388196369,NaN,NaN,NaN,NaN,NaN,NaN,NaN,NaN,NaN
NaN,NaN,0.394756678976895,0.4377764857151,0.332950411718533,0.5453690012752,0.0356444486533291,-0.43816238787258,-1.44363970950265,NaN,NaN,NaN,NaN,NaN,NaN,NaN,NaN,NaN
NaN,NaN,0.405228358247162,0.436835943046996,0.336802287381336,0.540191685950655,0.0414061875198968,-0.439284408057574,-1.41108726605792,NaN,NaN,NaN,NaN,NaN,NaN,NaN,NaN,NaN
NaN,NaN,0.391260494031788,0.449925085786769,0.319218768160984,0.557811005210776,0.0318099142168648,-0.425441471452359,-1.38721351966281,NaN,NaN,NaN,NaN,NaN,NaN,NaN,NaN,NaN
NaN,NaN,0.396804787703635,0.448311550799796,0.327467436324999,0.560044465756315,0.0409893275354989,-0.42500911426032,-1.35821833729763,NaN,NaN,NaN,NaN,NaN,NaN,NaN,NaN,NaN
NaN,NaN,0.386140715815903,0.457408374432513,0.323317854087994,0.572297429835695,0.0349519358132966,-0.416847487504128,-1.33524260938187,NaN,NaN,NaN,NaN,NaN,NaN,NaN,NaN,NaN
NaN,NaN,0.390354335793139,0.462417716417501,0.326488541793272,0.56509784067263,0.0260990255628712,-0.415692200476769,-1.31329752028008,NaN,NaN,NaN,NaN,NaN,NaN,NaN,NaN,NaN
NaN,NaN,0.395383757092835,0.459011739376971,0.332813730817482,0.554132392799753,0.0269415558432229,-0.42559025954688,-1.28579621657749,NaN,NaN,NaN,NaN,NaN,NaN,NaN,NaN,NaN
NaN,NaN,0.377881821730019,0.473725611601064,0.32461427373831,0.562566803938049,0.0192315274034627,-0.414208994770888,-1.26524192735572,NaN,NaN,NaN,NaN,NaN,NaN,NaN,NaN,NaN
NaN,NaN,0.385959033408047,0.468504617247769,0.337732548248217,0.553455954587359,0.0257588320528157,-0.414267984742764,-1.24601352483054,NaN,NaN,NaN,NaN,NaN,NaN,NaN,NaN,NaN
NaN,NaN,0.377677172907473,0.476936998102853,0.342019835841105,0.547498600727219,0.0200164274428971,-0.407877528632525,-1.2267495085301,NaN,NaN,NaN,NaN,NaN,NaN,NaN,NaN,NaN
NaN,NaN,0.380695477613093,0.476888308558652,0.347362740319416,0.529734777456421,0.0112999559496529,-0.407814776117448,-1.21185974672456,NaN,NaN,NaN,NaN,NaN,NaN,NaN,NaN,NaN
NaN,NaN,0.377250254639269,0.473171102140138,0.356585553270027,0.51245382631411,0.0158942447160371,-0.414636099303607,-1.19262113690396,NaN,NaN,NaN,NaN,NaN,NaN,NaN,NaN,NaN
NaN,NaN,0.359221190699221,0.483657161030957,0.353748334925816,0.511046318507094,0.00939555029617622,-0.399069880659226,-1.18411700695772,NaN,NaN,NaN,NaN,NaN,NaN,NaN,NaN,NaN
NaN,NaN,0.367257666327835,0.472577551636884,0.373743439447329,0.490175528621573,0.0204075642977841,-0.397212953830604,-1.17470001325031,NaN,NaN,NaN,NaN,NaN,NaN,NaN,NaN,NaN
NaN,NaN,0.363233924397112,0.478562006983945,0.385133384149716,0.476707393473286,0.0200759017025121,-0.382559878344182,-1.1576811735334,NaN,NaN,NaN,NaN,NaN,NaN,NaN,NaN,NaN
NaN,NaN,0.370579731204392,0.475774036977479,0.394073093664095,0.46055522391786,0.0225929127191193,-0.373432898486499,-1.14528228983302,NaN,NaN,NaN,NaN,NaN,NaN,NaN,NaN,NaN
NaN,NaN,0.370490119346262,0.472675210122058,0.412361139785692,0.445350470191139,0.0374481597100385,-0.371088536048774,-1.1305050317945,NaN,NaN,NaN,NaN,NaN,NaN,NaN,NaN,NaN
NaN,NaN,0.35804416660297,0.476725327108094,0.413877966236517,0.441126475280422,0.036708205298055,-0.346777086670045,-1.12625922530909,NaN,NaN,NaN,NaN,NaN,NaN,NaN,NaN,NaN
NaN,NaN,0.369100418426873,0.465456677857825,0.435035100560829,0.410925416445631,0.0506574616883881,-0.34174917411292,-1.11852280318756,NaN,NaN,NaN,NaN,NaN,NaN,NaN,NaN,NaN
NaN,NaN,0.363599934168936,0.465600492689797,0.439788831751988,0.39474459940781,0.05057910020696,-0.327203983033542,-1.10554584756513,NaN,NaN,NaN,NaN,NaN,NaN,NaN,NaN,NaN
NaN,NaN,0.363627110161663,0.457194878045508,0.444429463129685,0.379576726055044,0.0560283244703896,-0.316761640424374,-1.09820309549589,NaN,NaN,NaN,NaN,NaN,NaN,NaN,NaN,NaN
NaN,NaN,0.356285866834999,0.446600860241839,0.461216161381647,0.363908136433262,0.0737635002587922,-0.309734886104707,-1.08380792185684,NaN,NaN,NaN,NaN,NaN,NaN,NaN,NaN,NaN
NaN,NaN,0.345802266635777,0.450337009761521,0.45934194920604,0.356457984244723,0.0784851939533837,-0.27878360968316,-1.07890443399568,NaN,NaN,NaN,NaN,NaN,NaN,NaN,NaN,NaN
NaN,NaN,0.356882006415011,0.439631289128253,0.480553267877743,0.325847422873873,0.104087400541175,-0.26839740719879,-1.06144332781453,NaN,NaN,NaN,NaN,NaN,NaN,NaN,NaN,NaN
NaN,NaN,0.347298678495766,0.442355389032552,0.482650718074486,0.31835029477467,0.111100706562866,-0.240839106554631,-1.04091567441841,NaN,NaN,NaN,NaN,NaN,NaN,NaN,NaN,NaN
NaN,NaN,0.350993477293135,0.436007662002036,0.485054256748602,0.303468132561344,0.126247848675121,-0.228360483015422,-1.03243136301656,NaN,NaN,NaN,NaN,NaN,NaN,NaN,NaN,NaN
NaN,NaN,0.346035879590393,0.430093838159034,0.497519767265961,0.285775350576538,0.149627379432786,-0.218173155153636,-1.01194343984146,NaN,NaN,NaN,NaN,NaN,NaN,NaN,NaN,NaN
NaN,NaN,0.338645853587271,0.430893471721599,0.493055565636799,0.278200959956545,0.156524251506198,-0.185653736407403,-1.00197648152728,NaN,NaN,NaN,NaN,NaN,NaN,NaN,NaN,NaN
NaN,NaN,0.348761749007584,0.418841393921563,0.508275350909874,0.25487261468758,0.185521054372657,-0.179119130189065,-0.976524292379812,NaN,NaN,NaN,NaN,NaN,NaN,NaN,NaN,NaN
NaN,NaN,0.345122363903405,0.42203327852864,0.501669908296511,0.257244134491581,0.195855400816072,-0.151934923196677,-0.956660839617446,NaN,NaN,NaN,NaN,NaN,NaN,NaN,NaN,NaN
NaN,NaN,0.350501440950514,0.414568318311164,0.505460298042938,0.253271000629563,0.214428375766147,-0.144044907356147,-0.947371176332429,NaN,NaN,NaN,NaN,NaN,NaN,NaN,NaN,NaN
NaN,NaN,0.350055467822434,0.407857189212033,0.515870156120703,0.2421827858149,0.238492857024539,-0.134965164179448,-0.925911120027498,NaN,NaN,NaN,NaN,NaN,NaN,NaN,NaN,NaN
NaN,NaN,0.343776621409537,0.413065815601537,0.509046392869398,0.241116048937935,0.245322655246127,-0.109136608953122,-0.913115772307113,NaN,NaN,NaN,NaN,NaN,NaN,NaN,NaN,NaN
NaN,NaN,0.352155860998513,0.402397757653186,0.520375149678633,0.226914087480206,0.270626764104236,-0.104018898273353,-0.887603177577451,NaN,NaN,NaN,NaN,NaN,NaN,NaN,NaN,NaN
NaN,NaN,0.343720611669899,0.403274076316544,0.512020198982403,0.234934730625052,0.27638483355986,-0.0836981847533025,-0.875512319505409,NaN,NaN,NaN,NaN,NaN,NaN,NaN,NaN,NaN
NaN,NaN,0.342824623473765,0.39659697774429,0.51564432902281,0.230439683592219,0.291979941830505,-0.077227765286807,-0.866621876955226,NaN,NaN,NaN,NaN,NaN,NaN,NaN,NaN,NaN
NaN,NaN,0.343936268725277,0.395946244034955,0.522729514520809,0.224265331572193,0.309917810664047,-0.0661244257935323,-0.84872276976724,NaN,NaN,NaN,NaN,NaN,NaN,NaN,NaN,NaN
NaN,NaN,0.335740816333176,0.40189767468352,0.519109743070051,0.233330359852213,0.311521902040113,-0.042674952710513,-0.83740243211408,NaN,NaN,NaN,NaN,NaN,NaN,NaN,NaN,NaN
NaN,NaN,0.349137127884508,0.39269134614248,0.530244971048281,0.231150990521807,0.336753069714177,-0.0353711299248971,-0.816246135980085,NaN,NaN,NaN,NaN,NaN,NaN,NaN,NaN,NaN
NaN,NaN,0.340353060998799,0.396147204820105,0.5222600906903,0.253172354942459,0.341029572591651,-0.012503752077464,-0.804801243245796,NaN,NaN,NaN,NaN,NaN,NaN,NaN,NaN,NaN
NaN,NaN,0.347735189386488,0.39541933897514,0.529240725916073,0.255380427634615,0.356627232686151,-0.000190326536539942,-0.796232647150949,NaN,NaN,NaN,NaN,NaN,NaN,NaN,NaN,NaN
NaN,NaN,0.346414126940848,0.396283326927611,0.537623616289541,0.259718770331043,0.369547638401855,0.00657481927191839,-0.78008381173034,NaN,NaN,NaN,NaN,NaN,NaN,NaN,NaN,NaN
NaN,NaN,0.339559071251036,0.398800617340991,0.528051557373449,0.274015316909451,0.367441023990978,0.0277481213561259,-0.773816010803178,NaN,NaN,NaN,NaN,NaN,NaN,NaN,NaN,NaN
NaN,NaN,0.348180398830057,0.384829810146281,0.530679246764824,0.281107468700308,0.386115531728137,0.0259987622848712,-0.765302865654424,NaN,NaN,NaN,NaN,NaN,NaN,NaN,NaN,NaN
NaN,NaN,0.337870173641325,0.383561982099006,0.522238465380118,0.302042892372507,0.383696346834768,0.0412940219393931,-0.761676537692741,NaN,NaN,NaN,NaN,NaN,NaN,NaN,NaN,NaN
NaN,NaN,0.343030836918236,0.3799559755959,0.52538685722296,0.306343069469828,0.395182646170724,0.0476464987150393,-0.756959630996183,NaN,NaN,NaN,NaN,NaN,NaN,NaN,NaN,NaN
NaN,NaN,0.337600313612105,0.376456810418555,0.528885761629984,0.319216722792286,0.405328679189552,0.0576214850298129,-0.73507219076176,NaN,NaN,NaN,NaN,NaN,NaN,NaN,NaN,NaN
NaN,NaN,0.335223094113947,0.380441958341786,0.517890828084395,0.345837051218647,0.403036638454068,0.0830191545537673,-0.727975661754802,NaN,NaN,NaN,NaN,NaN,NaN,NaN,NaN,NaN
NaN,NaN,0.342576854416014,0.367255939427802,0.528181290608093,0.362385833805699,0.421605273440946,0.0862442128709517,-0.708632091880039,NaN,NaN,NaN,NaN,NaN,NaN,NaN,NaN,NaN
NaN,NaN,0.335649695732476,0.369885696355292,0.522966983150885,0.387870488858122,0.417472473636735,0.108109152351972,-0.697409822493986,NaN,NaN,NaN,NaN,NaN,NaN,NaN,NaN,NaN
NaN,NaN,0.338963434585215,0.367383810017297,0.523956569265768,0.401137402450937,0.422991565719713,0.111517494951841,-0.680360230505661,NaN,NaN,NaN,NaN,NaN,NaN,NaN,NaN,NaN
NaN,NaN,0.339151412733675,0.365924930457065,0.526068659853384,0.421850091016192,0.426706536964048,0.1285269469372,-0.654072905779079,NaN,NaN,NaN,NaN,NaN,NaN,NaN,NaN,NaN
NaN,NaN,0.33511116776693,0.372132344428489,0.511970280092404,0.45486109907021,0.424123178527225,0.153723525290843,-0.638565453589157,NaN,NaN,NaN,NaN,NaN,NaN,NaN,NaN,NaN
NaN,NaN,0.345964950063111,0.359382314864585,0.518562069516823,0.472358768975634,0.439702621952165,0.161920989339706,-0.610358114242748,NaN,NaN,NaN,NaN,NaN,NaN,NaN,NaN,NaN
NaN,NaN,0.341323089339615,0.367967041466424,0.505548661928818,0.497111311352152,0.425862907723058,0.18119180429494,-0.59225042805095,NaN,NaN,NaN,NaN,NaN,NaN,NaN,NaN,NaN
NaN,NaN,0.346345805116774,0.366020819429347,0.503340850006983,0.509632384574312,0.426251492754091,0.189005041902419,-0.567652354836658,NaN,NaN,NaN,NaN,NaN,NaN,NaN,NaN,NaN
NaN,NaN,0.350047942736031,0.365912935022303,0.495270623248264,0.530445413833756,0.427108775184024,0.203305853938218,-0.539583223760322,NaN,NaN,NaN,NaN,NaN,NaN,NaN,NaN,NaN
NaN,NaN,0.345017664619566,0.373121297244021,0.476447737198517,0.558479620313543,0.421365122601856,0.220407264714595,-0.524452361166671,NaN,NaN,NaN,NaN,NaN,NaN,NaN,NaN,NaN
NaN,NaN,0.356654745080353,0.361753536645362,0.479017852228329,0.565246144479412,0.427169292524923,0.222547090088483,-0.493305916786388,NaN,NaN,NaN,NaN,NaN,NaN,NaN,NaN,NaN
NaN,NaN,0.342910919823529,0.370595475915858,0.46284429950659,0.587139005011219,0.408058497414459,0.232206413929816,-0.475109363794521,NaN,NaN,NaN,NaN,NaN,NaN,NaN,NaN,NaN
NaN,NaN,0.346444227286459,0.368088448677251,0.453846531342909,0.599236102944512,0.406379229680169,0.233966781233903,-0.452401335239604,NaN,NaN,NaN,NaN,NaN,NaN,NaN,NaN,NaN
NaN,NaN,0.344849095233561,0.369087497029492,0.443884322773859,0.617349321192402,0.406891755119432,0.238392239843961,-0.425107474327281,NaN,NaN,NaN,NaN,NaN,NaN,NaN,NaN,NaN
NaN,NaN,0.34175488773811,0.376729576174209,0.431115182470724,0.637497740036148,0.399382929608691,0.24912455904996,-0.403972393721536,NaN,NaN,NaN,NaN,NaN,NaN,NaN,NaN,NaN
NaN,NaN,0.352466438450695,0.371904524300286,0.436177293192789,0.639029840177197,0.402187048748601,0.243013704603072,-0.372746600657896,NaN,NaN,NaN,NaN,NaN,NaN,NaN,NaN,NaN
NaN,NaN,0.342688855268837,0.386982953432986,0.422589147817537,0.653390294110674,0.381324081972707,0.249421259795781,-0.353144700527385,NaN,NaN,NaN,NaN,NaN,NaN,NaN,NaN,NaN
NaN,NaN,0.349386200793864,0.384400265548417,0.419008305650398,0.652980046516556,0.377048119262327,0.243670827185269,-0.33637482196112,NaN,NaN,NaN,NaN,NaN,NaN,NaN,NaN,NaN
NaN,NaN,0.345341764875532,0.381328745070884,0.407199284415886,0.653019013053078,0.370205170765985,0.234716533159371,-0.313600650876955,NaN,NaN,NaN,NaN,NaN,NaN,NaN,NaN,NaN
NaN,NaN,0.341226567067982,0.384359883401582,0.388110952805922,0.652915766632456,0.353337503329385,0.233267413859721,-0.302829104364112,NaN,NaN,NaN,NaN,NaN,NaN,NaN,NaN,NaN
NaN,NaN,0.346578393616558,0.373240450654218,0.388039445858643,0.637288155203957,0.341275609389413,0.21368946734583,-0.281501016468004,NaN,NaN,NaN,NaN,NaN,NaN,NaN,NaN,NaN
NaN,NaN,0.334042344727398,0.383194891992995,0.377164000999376,0.64088615233292,0.317301745817531,0.213816257601138,-0.267609855979875,NaN,NaN,NaN,NaN,NaN,NaN,NaN,NaN,NaN
NaN,NaN,0.337067299076201,0.377412626776883,0.373206215333388,0.635603616183895,0.314209978387225,0.199249627476092,-0.25405674695988,NaN,NaN,NaN,NaN,NaN,NaN,NaN,NaN,NaN
NaN,NaN,0.334294658639313,0.379360581073949,0.369993152450964,0.632316047495503,0.312454472586978,0.189936066453811,-0.231725475639299,NaN,NaN,NaN,NaN,NaN,NaN,NaN,NaN,NaN
NaN,NaN,0.331015583612801,0.38564184892554,0.360757151972696,0.62835621291985,0.297528482333291,0.188350601529237,-0.221121883839563,NaN,NaN,NaN,NaN,NaN,NaN,NaN,NaN,NaN
NaN,NaN,0.334883273132921,0.379501844082066,0.37158675713484,0.609768225049872,0.291109434620012,0.171132645045873,-0.199863831401065,NaN,NaN,NaN,NaN,NaN,NaN,NaN,NaN,NaN
NaN,NaN,0.321389563866736,0.386791957799384,0.36236882431452,0.613001329994101,0.27271111990558,0.169342438166495,-0.189441717118219,NaN,NaN,NaN,NaN,NaN,NaN,NaN,NaN,NaN
NaN,NaN,0.32450727794397,0.381611978892276,0.3638083323652,0.601421507245201,0.271738036826719,0.153364779835101,-0.174231971502498,NaN,NaN,NaN,NaN,NaN,NaN,NaN,NaN,NaN
NaN,NaN,0.318673305698515,0.382213259372899,0.365471525471852,0.592609947717089,0.273094880685676,0.147169789706822,-0.153610459417299,NaN,NaN,NaN,NaN,NaN,NaN,NaN,NaN,NaN
NaN,NaN,0.312044710405947,0.386586116883943,0.358680339884207,0.588258026337523,0.259153596416581,0.144023633038159,-0.142018957883314,NaN,NaN,NaN,NaN,NaN,NaN,NaN,NaN,NaN
NaN,NaN,0.317983363308789,0.381152520213315,0.372134914975807,0.569472858852047,0.261332220688928,0.132710243051406,-0.122001222223237,NaN,NaN,NaN,NaN,NaN,NaN,NaN,NaN,NaN
NaN,NaN,0.308548972495676,0.385899024341294,0.365350006502316,0.56859355995645,0.249884832010139,0.134726183896419,-0.111986654699043,NaN,NaN,NaN,NaN,NaN,NaN,NaN,NaN,NaN
NaN,NaN,0.312613152452589,0.38169766056914,0.37019817380254,0.552506415343184,0.256217043206561,0.129745843296405,-0.0937662971021685,NaN,NaN,NaN,NaN,NaN,NaN,NaN,NaN,NaN
NaN,NaN,0.305149235316397,0.382322522137353,0.373193716984436,0.541533032601971,0.260142288461793,0.130817087774631,-0.0732337076963935,NaN,NaN,NaN,NaN,NaN,NaN,NaN,NaN,NaN
NaN,NaN,0.29952767912376,0.385298917327115,0.368750842642233,0.532799797302384,0.252979654178489,0.136347765510436,-0.0653988447787318,NaN,NaN,NaN,NaN,NaN,NaN,NaN,NaN,NaN
NaN,NaN,0.301972717531801,0.378523135814855,0.381416680645392,0.513667898422379,0.260853483632673,0.126707850431558,-0.0490159307422194,NaN,NaN,NaN,NaN,NaN,NaN,NaN,NaN,NaN
NaN,NaN,0.289388929047467,0.382600019011685,0.374390932154104,0.511674644595284,0.259523387358058,0.133497955685016,-0.0434685637058768,NaN,NaN,NaN,NaN,NaN,NaN,NaN,NaN,NaN
NaN,NaN,0.291556489207627,0.376972800377795,0.379912222158358,0.494473116642136,0.273140273347963,0.133070348238107,-0.0278963100912127,NaN,NaN,NaN,NaN,NaN,NaN,NaN,NaN,NaN
NaN,NaN,0.287409272529961,0.380479956302831,0.384629110228464,0.483051786368984,0.284452545747627,0.138665752892848,-0.00986901566405625,NaN,NaN,NaN,NaN,NaN,NaN,NaN,NaN,NaN
NaN,NaN,0.285732295849205,0.385575725022742,0.384562725555346,0.480794018304247,0.286766006902326,0.152411552553531,-0.00236736133714051,NaN,NaN,NaN,NaN,NaN,NaN,NaN,NaN,NaN
NaN,NaN,0.291847639270903,0.378339255485722,0.400525445472643,0.464835601097244,0.305730752006639,0.144852025841828,0.0109432685373273,NaN,NaN,NaN,NaN,NaN,NaN,NaN,NaN,NaN
NaN,NaN,0.278456580378891,0.382236095402429,0.397164265047953,0.460227398371596,0.311646960035432,0.151741447334643,0.01479276001434,NaN,NaN,NaN,NaN,NaN,NaN,NaN,NaN,NaN
NaN,NaN,0.273939908035876,0.376098102215716,0.402682146411583,0.439246097749371,0.324078067496885,0.149490403418895,0.0212451490757909,NaN,NaN,NaN,NaN,NaN,NaN,NaN,NaN,NaN
NaN,NaN,0.264930982627751,0.374162609014699,0.401561579089806,0.424608314579624,0.333391665772069,0.151879152690526,0.0260408270357099,NaN,NaN,NaN,NaN,NaN,NaN,NaN,NaN,NaN
NaN,NaN,0.255850568898798,0.369855763647744,0.399092605691597,0.413132092153925,0.334777473763097,0.155116876994725,0.0187204639611688,NaN,NaN,NaN,NaN,NaN,NaN,NaN,NaN,NaN
NaN,NaN,0.253676023819329,0.354692025367209,0.412529951315567,0.390084671026367,0.355745251581538,0.146836767380591,0.0219458761809316,NaN,NaN,NaN,NaN,NaN,NaN,NaN,NaN,NaN
NaN,NaN,0.230255403109671,0.354807937774846,0.406657161545202,0.384763224220175,0.3599429645692,0.151726229523774,0.0198722305891958,NaN,NaN,NaN,NaN,NaN,NaN,NaN,NaN,NaN
NaN,NaN,0.225912124403597,0.349757263693997,0.414144305866406,0.367954546755451,0.379031519696582,0.152057221566793,0.023880121409699,NaN,NaN,NaN,NaN,NaN,NaN,NaN,NaN,NaN
NaN,NaN,0.221813373752714,0.349716844294259,0.418023581039354,0.361070135778088,0.394040937826503,0.15867307636654,0.0262678834794012,NaN,NaN,NaN,NaN,NaN,NaN,NaN,NaN,NaN
NaN,NaN,0.21448772076595,0.347836820665786,0.422787966560766,0.353596830910343,0.401531565294135,0.162598284368869,0.0177913393078294,NaN,NaN,NaN,NaN,NaN,NaN,NaN,NaN,NaN
NaN,NaN,0.215224881210209,0.330276305113027,0.437049942445204,0.336628096347946,0.425814776972402,0.156608706747647,0.020648040920302,NaN,NaN,NaN,NaN,NaN,NaN,NaN,NaN,NaN
NaN,NaN,0.197545752414347,0.329224804673383,0.430659374576256,0.338723050600189,0.430952473834623,0.163898243044969,0.0182154077289548,NaN,NaN,NaN,NaN,NaN,NaN,NaN,NaN,NaN
NaN,NaN,0.204395220168711,0.323134793225715,0.435792265813992,0.329611139541763,0.45148858363973,0.166629514133092,0.0174228708444086,NaN,NaN,NaN,NaN,NaN,NaN,NaN,NaN,NaN
NaN,NaN,0.202439014353634,0.318593515340278,0.442727247607157,0.331815635955233,0.463981884822715,0.170882324164268,0.0121194171903577,NaN,NaN,NaN,NaN,NaN,NaN,NaN,NaN,NaN
NaN,NaN,0.197396368273379,0.313396977517793,0.44469326956217,0.330249970948595,0.472870501980651,0.175447294896003,0.00125509232263236,NaN,NaN,NaN,NaN,NaN,NaN,NaN,NaN,NaN
NaN,NaN,0.199505739399077,0.294224715117404,0.452687463145897,0.324793463742632,0.497632897750009,0.173276940768119,0.00692075595240264,NaN,NaN,NaN,NaN,NaN,NaN,NaN,NaN,NaN
NaN,NaN,0.18999689865935,0.297465605918357,0.443447085451529,0.334852231836218,0.498725618526805,0.187762322311755,0.00566900253276496,NaN,NaN,NaN,NaN,NaN,NaN,NaN,NaN,NaN
NaN,NaN,0.201252434887768,0.290060529742429,0.44930959342067,0.33050178194632,0.517461519048084,0.194323806499597,0.00406094372253089,NaN,NaN,NaN,NaN,NaN,NaN,NaN,NaN,NaN
NaN,NaN,0.195232365765454,0.28390074360747,0.455372931789801,0.333959261125225,0.526295430317987,0.202523431216832,0.00459172308425575,NaN,NaN,NaN,NaN,NaN,NaN,NaN,NaN,NaN
NaN,NaN,0.183859855421664,0.27767639819164,0.449389873426602,0.336328694766659,0.53251593868481,0.214268507843372,-0.00272266089935631,NaN,NaN,NaN,NaN,NaN,NaN,NaN,NaN,NaN
NaN,NaN,0.180418115594269,0.25873078245301,0.455729050915882,0.337902480906147,0.547088957682718,0.218271742051002,0.0102765160797086,NaN,NaN,NaN,NaN,NaN,NaN,NaN,NaN,NaN
NaN,NaN,0.172250304856182,0.264210926625916,0.443386270087406,0.353256115859646,0.545160020992626,0.239737926458474,0.00883209064583448,NaN,NaN,NaN,NaN,NaN,NaN,NaN,NaN,NaN
NaN,NaN,0.184504274763943,0.254798738542983,0.447621776145146,0.353520928120512,0.561450901732314,0.248800198023673,0.0133798691628423,NaN,NaN,NaN,NaN,NaN,NaN,NaN,NaN,NaN
NaN,NaN,0.183736231663109,0.252241010103413,0.448529815655396,0.360115772282976,0.56829077686416,0.262702608888503,0.0237218524513688,NaN,NaN,NaN,NaN,NaN,NaN,NaN,NaN,NaN
NaN,NaN,0.177499890812517,0.247339459393212,0.442454090696022,0.37097471410622,0.573931946710218,0.277344322239514,0.0271217200158086,NaN,NaN,NaN,NaN,NaN,NaN,NaN,NaN,NaN
NaN,NaN,0.184924562015415,0.232406204823443,0.445456842314646,0.375570548868078,0.583653371140826,0.284551399236079,0.0421793620286432,NaN,NaN,NaN,NaN,NaN,NaN,NaN,NaN,NaN
NaN,NaN,0.179489233084799,0.236006660644004,0.42712312413399,0.38935389945497,0.577588021114934,0.301776526903268,0.0374477590618577,NaN,NaN,NaN,NaN,NaN,NaN,NaN,NaN,NaN
NaN,NaN,0.193234622963549,0.22144530180473,0.423107261192248,0.386130908673901,0.583400051400531,0.301438158785459,0.0436664234099832,NaN,NaN,NaN,NaN,NaN,NaN,NaN,NaN,NaN
NaN,NaN,0.186290719100119,0.217402318749616,0.412792416643545,0.39119519869079,0.576311196491588,0.305419767682906,0.0485198992488828,NaN,NaN,NaN,NaN,NaN,NaN,NaN,NaN,NaN
NaN,NaN,0.177681424208761,0.206892827782819,0.397423507999823,0.401044307446379,0.570223736867774,0.31404774490511,0.0496157306430784,NaN,NaN,NaN,NaN,NaN,NaN,NaN,NaN,NaN
NaN,NaN,0.184435189255358,0.192136785272548,0.398057645540878,0.404150864279169,0.567941512272228,0.31969405565178,0.0640561293063608,NaN,NaN,NaN,NaN,NaN,NaN,NaN,NaN,NaN
NaN,NaN,0.178390644975783,0.20001322242994,0.383826868962691,0.41615658084144,0.556428912386764,0.33128561306512,0.0653194870052781,NaN,NaN,NaN,NaN,NaN,NaN,NaN,NaN,NaN
NaN,NaN,0.193896569796683,0.194037987176368,0.385313893091128,0.413030782884258,0.559434998140205,0.332484839891549,0.0737061212954965,NaN,NaN,NaN,NaN,NaN,NaN,NaN,NaN,NaN
NaN,NaN,0.18721736643541,0.197109321389386,0.376349056493685,0.420880211686987,0.552475522563327,0.333680080657359,0.0858588936922994,NaN,NaN,NaN,NaN,NaN,NaN,NaN,NaN,NaN
NaN,NaN,0.190387681611658,0.193504041317889,0.367202947270319,0.432487936860222,0.540327406779397,0.344380790775176,0.0873593288658109,NaN,NaN,NaN,NaN,NaN,NaN,NaN,NaN,NaN
NaN,NaN,0.199257951714875,0.186976569030473,0.370960703473732,0.43592610040893,0.531195323274005,0.341098437493201,0.0990859094260183,NaN,NaN,NaN,NaN,NaN,NaN,NaN,NaN,NaN
NaN,NaN,0.194351595380188,0.197922198358962,0.357132891547129,0.450090827590126,0.517567019269336,0.346511805837508,0.0985477539895025,NaN,NaN,NaN,NaN,NaN,NaN,NaN,NaN,NaN
NaN,NaN,0.210116725900055,0.196190590295979,0.357470365595267,0.451646825468439,0.517594139382709,0.341516880725976,0.100902416854903,NaN,NaN,NaN,NaN,NaN,NaN,NaN,NaN,NaN
NaN,NaN,0.206126641967179,0.204357357952783,0.346998537313387,0.462568389421601,0.50669781427132,0.34085927385604,0.109789767414137,NaN,NaN,NaN,NaN,NaN,NaN,NaN,NaN,NaN
NaN,NaN,0.214751042910696,0.204915033910462,0.337468648683474,0.471838476306099,0.49266684363829,0.3468349747709,0.10272257506828,NaN,NaN,NaN,NaN,NaN,NaN,NaN,NaN,NaN
NaN,NaN,0.223011576124312,0.199163856241891,0.33915512485449,0.474953191524643,0.487414053932298,0.338384135102388,0.109667149483964,NaN,NaN,NaN,NaN,NaN,NaN,NaN,NaN,NaN
NaN,NaN,0.220054645576359,0.21302705842633,0.325689504277155,0.487727174705166,0.471267695829738,0.343753843044396,0.102846925258442,NaN,NaN,NaN,NaN,NaN,NaN,NaN,NaN,NaN
NaN,NaN,0.227651089914919,0.210435653362462,0.331262370925591,0.489540888166327,0.468213442072738,0.337053480034228,0.0988866436479535,NaN,NaN,NaN,NaN,NaN,NaN,NaN,NaN,NaN
NaN,NaN,0.216340605654599,0.213451778773257,0.321381094288275,0.501405080950159,0.456720437214244,0.336240230535623,0.0976573351023641,NaN,NaN,NaN,NaN,NaN,NaN,NaN,NaN,NaN
NaN,NaN,0.215203684308411,0.211297778669784,0.314525945466206,0.511450568383831,0.442968826100696,0.335179398243781,0.0891058753428903,NaN,NaN,NaN,NaN,NaN,NaN,NaN,NaN,NaN
NaN,NaN,0.220409162827612,0.210317710671613,0.316271728258774,0.512356745248932,0.438867151096929,0.327621063624974,0.0963391411302533,NaN,NaN,NaN,NaN,NaN,NaN,NaN,NaN,NaN
NaN,NaN,0.219171509631754,0.224240666512439,0.304659942519114,0.523378482258219,0.422332394227851,0.333048122411128,0.090814032703444,NaN,NaN,NaN,NaN,NaN,NaN,NaN,NaN,NaN
NaN,NaN,0.228743605800749,0.224971121434161,0.307413807492897,0.524780569767851,0.421049385622609,0.328358708356973,0.0926248776910749,NaN,NaN,NaN,NaN,NaN,NaN,NaN,NaN,NaN
NaN,NaN,0.223616730906845,0.233100505802819,0.300546979885742,0.531333839690584,0.408552172884811,0.332367549126502,0.0955544273553338,NaN,NaN,NaN,NaN,NaN,NaN,NaN,NaN,NaN
NaN,NaN,0.221556496360184,0.233001822862813,0.294749627243921,0.531531280076403,0.395359727845062,0.329099761729594,0.0873318921027627,NaN,NaN,NaN,NaN,NaN,NaN,NaN,NaN,NaN
NaN,NaN,0.225889027603747,0.229044018570373,0.294916445743487,0.524320962077278,0.390629875764716,0.325006841158029,0.0959370146689859,NaN,NaN,NaN,NaN,NaN,NaN,NaN,NaN,NaN
NaN,NaN,0.218604445942522,0.242706725630948,0.278729202579901,0.530902600085634,0.374677884683479,0.321757028286811,0.086515010446116,NaN,NaN,NaN,NaN,NaN,NaN,NaN,NaN,NaN
NaN,NaN,0.226658709832312,0.239509066823909,0.279310943912909,0.519564585930008,0.371250282332767,0.313018726592418,0.0876867446301427,NaN,NaN,NaN,NaN,NaN,NaN,NaN,NaN,NaN
NaN,NaN,0.214252226539732,0.242418350908944,0.268868247401163,0.514900559729237,0.35780936043011,0.312379969691392,0.0861836272476163,NaN,NaN,NaN,NaN,NaN,NaN,NaN,NaN,NaN
NaN,NaN,0.207251549252154,0.237387253228614,0.260802695881769,0.506815543568033,0.349025386676658,0.311953181808349,0.0788405212758031,NaN,NaN,NaN,NaN,NaN,NaN,NaN,NaN,NaN
NaN,NaN,0.206396874525429,0.238228256139943,0.263526963424132,0.497741965746779,0.351206655905116,0.308029389416333,0.0916304114459005,NaN,NaN,NaN,NaN,NaN,NaN,NaN,NaN,NaN
NaN,NaN,0.1987284203254,0.254622066650578,0.251476599257633,0.500945864415068,0.340007203922141,0.308335887675639,0.087320213317677,NaN,NaN,NaN,NaN,NaN,NaN,NaN,NaN,NaN
NaN,NaN,0.20121214587319,0.250540787611196,0.253744779508755,0.48698718304028,0.34261971275555,0.301434880529996,0.0924134115872827,NaN,NaN,NaN,NaN,NaN,NaN,NaN,NaN,NaN
NaN,NaN,0.185240187235953,0.250353480014989,0.248088745754406,0.480681458657879,0.333886551961768,0.29721664119279,0.0969901728628125,NaN,NaN,NaN,NaN,NaN,NaN,NaN,NaN,NaN
NaN,NaN,0.183662564047457,0.245690217498729,0.245187303405449,0.468884302472967,0.331120337650646,0.295678096299525,0.0943840156493631,NaN,NaN,NaN,NaN,NaN,NaN,NaN,NaN,NaN
NaN,NaN,0.183162127175213,0.245641695592591,0.247660020720408,0.461204542016882,0.339824646071065,0.285413189267274,0.113793448656603,NaN,NaN,NaN,NaN,NaN,NaN,NaN,NaN,NaN
NaN,NaN,0.171487104632736,0.256678371015975,0.238250626605198,0.461820798164505,0.329817622259725,0.285305938159581,0.110619017034575,NaN,NaN,NaN,NaN,NaN,NaN,NaN,NaN,NaN
NaN,NaN,0.172068343051554,0.251040628436992,0.248221254330322,0.440656846558947,0.336400508240331,0.272801684623118,0.116192237585589,NaN,NaN,NaN,NaN,NaN,NaN,NaN,NaN,NaN
NaN,NaN,0.158373021074415,0.253340548161456,0.245408399384663,0.430066870695252,0.332874781743158,0.274712870304938,0.122230001836821,NaN,NaN,NaN,NaN,NaN,NaN,NaN,NaN,NaN
NaN,NaN,0.158849299439074,0.251941496763417,0.245485531520292,0.417997228151459,0.338162198022474,0.273823289608117,0.11868196085076,NaN,NaN,NaN,NaN,NaN,NaN,NaN,NaN,NaN
NaN,NaN,0.157263517864825,0.252822900448033,0.252239240687535,0.408716337925095,0.349213178560603,0.26528764370596,0.13215812399964,NaN,NaN,NaN,NaN,NaN,NaN,NaN,NaN,NaN
NaN,NaN,0.143879127242447,0.260926245037505,0.249505753051684,0.398363588547606,0.342818401113618,0.265742874180432,0.122589753120944,NaN,NaN,NaN,NaN,NaN,NaN,NaN,NaN,NaN
NaN,NaN,0.141208392121674,0.250117035839745,0.260287749003813,0.370995370840925,0.355462297156919,0.259889381413814,0.125224874466464,NaN,NaN,NaN,NaN,NaN,NaN,NaN,NaN,NaN
NaN,NaN,0.123341825344445,0.249259697530457,0.254774319362089,0.362841455435652,0.353689506009687,0.264702326094266,0.129056167900368,NaN,NaN,NaN,NaN,NaN,NaN,NaN,NaN,NaN
NaN,NaN,0.12456983003843,0.245823378000447,0.256422760319159,0.355677610433001,0.367508302733768,0.264042875205632,0.123210703134343,NaN,NaN,NaN,NaN,NaN,NaN,NaN,NaN,NaN
NaN,NaN,0.123281699159027,0.245428087446877,0.267723540198252,0.346646780317921,0.381501778319944,0.262491124158259,0.13533145666103,NaN,NaN,NaN,NaN,NaN,NaN,NaN,NaN,NaN
NaN,NaN,0.110713650026203,0.253172742459962,0.268771669250176,0.338763153350252,0.381701956794132,0.270431636308786,0.125599061250493,NaN,NaN,NaN,NaN,NaN,NaN,NaN,NaN,NaN
NaN,NaN,0.111545172073723,0.243031049404332,0.282726886104986,0.319718053734202,0.401596832380164,0.27090387273347,0.126171750128075,NaN,NaN,NaN,NaN,NaN,NaN,NaN,NaN,NaN
NaN,NaN,0.0942519088469756,0.243281053636262,0.277526827883169,0.31798795441379,0.405262704298366,0.276637839560863,0.130328391790196,NaN,NaN,NaN,NaN,NaN,NaN,NaN,NaN,NaN
NaN,NaN,0.095656883456589,0.236622842285821,0.283243397604868,0.314100632613796,0.421048733696807,0.283836720918771,0.119317551255032,NaN,NaN,NaN,NaN,NaN,NaN,NaN,NaN,NaN
NaN,NaN,0.0867229481421721,0.226348733786532,0.292425567638323,0.303699454462427,0.431398875371087,0.281652005796786,0.123191927671238,NaN,NaN,NaN,NaN,NaN,NaN,NaN,NaN,NaN
NaN,NaN,0.0727343713127387,0.228140617046544,0.28798306582515,0.293036276644367,0.431140060827602,0.29400462139165,0.103534092306897,NaN,NaN,NaN,NaN,NaN,NaN,NaN,NaN,NaN
NaN,NaN,0.0704794530950797,0.211866388354489,0.296785945426867,0.273129722273249,0.447731777385343,0.298114454781171,0.105349053740307,NaN,NaN,NaN,NaN,NaN,NaN,NaN,NaN,NaN
NaN,NaN,0.058827620484711,0.207673667255828,0.286801515501187,0.273255469447273,0.452688536897767,0.312311349844094,0.10555889934282,NaN,NaN,NaN,NaN,NaN,NaN,NaN,NaN,NaN
NaN,NaN,0.0575855900727523,0.19382644656677,0.291234052162812,0.271519186144966,0.472139637276996,0.321772544120904,0.0929311710594145,NaN,NaN,NaN,NaN,NaN,NaN,NaN,NaN,NaN
NaN,NaN,0.0507353400074256,0.185841528955886,0.298963377606318,0.260512275791067,0.481687798455823,0.327360777591821,0.098139611184403,NaN,NaN,NaN,NaN,NaN,NaN,NaN,NaN,NaN
NaN,NaN,0.0418357518695605,0.189845266077706,0.296748264115498,0.256430680102009,0.481019779399503,0.345071664487477,0.0796305994687524,NaN,NaN,NaN,NaN,NaN,NaN,NaN,NaN,NaN
NaN,NaN,0.0461563808106196,0.17217545050759,0.301303884368584,0.246231803840298,0.498889959708322,0.3522220425657,0.0845610584316698,NaN,NaN,NaN,NaN,NaN,NaN,NaN,NaN,NaN
NaN,NaN,0.0397250955187095,0.169970842335412,0.294956120085165,0.257194513624806,0.503930687264074,0.369681640004274,0.0889423723516908,NaN,NaN,NaN,NaN,NaN,NaN,NaN,NaN,NaN
NaN,NaN,0.0442523849390758,0.160527808848807,0.300146678816721,0.259998148476977,0.516180317208637,0.37665171403205,0.0792012783883062,NaN,NaN,NaN,NaN,NaN,NaN,NaN,NaN,NaN
NaN,NaN,0.0442863782130492,0.15417756724734,0.307210499774859,0.256510755216974,0.519973184273113,0.386341585253831,0.0864551450310198,NaN,NaN,NaN,NaN,NaN,NaN,NaN,NaN,NaN
NaN,NaN,0.036140453555466,0.155632088217923,0.303134249877379,0.263584243303436,0.520048174366821,0.401431823556777,0.0746598887441602,NaN,NaN,NaN,NaN,NaN,NaN,NaN,NaN,NaN
NaN,NaN,0.0454637189589751,0.141387416306922,0.30962147040312,0.264167959040302,0.536712608591188,0.408839097653981,0.0895733806488958,NaN,NaN,NaN,NaN,NaN,NaN,NaN,NaN,NaN
NaN,NaN,0.037947182097317,0.141762739304492,0.300467165541098,0.280014673417706,0.536608579859603,0.421303602342959,0.0921589556334463,NaN,NaN,NaN,NaN,NaN,NaN,NaN,NaN,NaN
NaN,NaN,0.0418153559051764,0.12921169612188,0.30150603724663,0.282572942024368,0.542681082442869,0.428693348949309,0.0854343968627897,NaN,NaN,NaN,NaN,NaN,NaN,NaN,NaN,NaN
NaN,NaN,0.0356274810813678,0.122573917988727,0.304117875527785,0.276553599333662,0.54088724340545,0.433131920581218,0.0943952660260644,NaN,NaN,NaN,NaN,NaN,NaN,NaN,NaN,NaN
NaN,NaN,0.0291241114221824,0.1216124950685,0.295672009121821,0.284815175628561,0.534890010312665,0.444729214941617,0.0871017436681237,NaN,NaN,NaN,NaN,NaN,NaN,NaN,NaN,NaN
NaN,NaN,0.0380716440461886,0.10670569005985,0.296642857026503,0.28706160018434,0.545035968825687,0.447090695088264,0.101184737980172,NaN,NaN,NaN,NaN,NaN,NaN,NaN,NaN,NaN
NaN,NaN,0.0299143572531951,0.108794199559876,0.283619484286949,0.304696882313389,0.542984991625417,0.456938183342572,0.103783854394957,NaN,NaN,NaN,NaN,NaN,NaN,NaN,NaN,NaN
NaN,NaN,0.0385428187631381,0.104135109368751,0.289801957439825,0.309081865644354,0.545469760254491,0.464152263884898,0.102249183803603,NaN,NaN,NaN,NaN,NaN,NaN,NaN,NaN,NaN
NaN,NaN,0.0405337442837966,0.102201292548367,0.296386706065581,0.313608056104082,0.541530619666446,0.469789466296788,0.116430246382758,NaN,NaN,NaN,NaN,NaN,NaN,NaN,NaN,NaN
NaN,NaN,0.0458550420783771,0.104457086209247,0.2890390179867,0.328787589615482,0.534851900592912,0.482846757804509,0.116725196242138,NaN,NaN,NaN,NaN,NaN,NaN,NaN,NaN,NaN
NaN,NaN,0.0523150679849399,0.0933684988655538,0.289205463957236,0.332647344267267,0.542513444379438,0.477870757167693,0.127691743075654,NaN,NaN,NaN,NaN,NaN,NaN,NaN,NaN,NaN
NaN,NaN,0.0472575579963935,0.0988989903368444,0.275625476967737,0.347368350422281,0.532321795180906,0.487590765987989,0.129241724610135,NaN,NaN,NaN,NaN,NaN,NaN,NaN,NaN,NaN
NaN,NaN,0.0507928584896338,0.090732818726489,0.277817251514837,0.347872680222887,0.528053692833055,0.488206668233033,0.127915837913558,NaN,NaN,NaN,NaN,NaN,NaN,NaN,NaN,NaN
NaN,NaN,0.0520414081596148,0.0851684829928369,0.27810985444133,0.352778012102741,0.521325222507585,0.4846702128998,0.143932406902119,NaN,NaN,NaN,NaN,NaN,NaN,NaN,NaN,NaN
NaN,NaN,0.0498132934056533,0.0862846172191591,0.269431734811709,0.365365693515438,0.51136407564627,0.486287566309329,0.138292634039923,NaN,NaN,NaN,NaN,NaN,NaN,NaN,NaN,NaN
NaN,NaN,0.0560156782351745,0.0790518357195348,0.265244620274946,0.368255606090922,0.513320244208444,0.480956973915454,0.148399886786744,NaN,NaN,NaN,NaN,NaN,NaN,NaN,NaN,NaN
NaN,NaN,0.0473074955128444,0.0859536996819467,0.249763841163561,0.379314894026417,0.497116591141094,0.487453004752751,0.151327350288435,NaN,NaN,NaN,NaN,NaN,NaN,NaN,NaN,NaN
NaN,NaN,0.0468201716624511,0.0794661438800783,0.251477660965368,0.378299100494284,0.4928017736529,0.481295528297778,0.151029271185204,NaN,NaN,NaN,NaN,NaN,NaN,NaN,NaN,NaN
NaN,NaN,0.0472802263878596,0.0777006170489282,0.253788514416859,0.382952118462223,0.482193357602228,0.474170351808425,0.16770305588822,NaN,NaN,NaN,NaN,NaN,NaN,NaN,NaN,NaN
NaN,NaN,0.0448406455301059,0.0836728348173589,0.241506306808636,0.394263366407055,0.470981295511592,0.470935570483562,0.162522145658537,NaN,NaN,NaN,NaN,NaN,NaN,NaN,NaN,NaN
NaN,NaN,0.0546756540619147,0.078035446140954,0.241131840627835,0.394122624939579,0.471331584558357,0.468754170869943,0.172587675154015,NaN,NaN,NaN,NaN,NaN,NaN,NaN,NaN,NaN
NaN,NaN,0.0441904333614123,0.086519645784089,0.234290065597937,0.402329607105154,0.456691938743461,0.471503789012786,0.176263363212153,NaN,NaN,NaN,NaN,NaN,NaN,NaN,NaN,NaN
NaN,NaN,0.0502043930076373,0.080848580483386,0.237819275241539,0.401236811822552,0.452898550138343,0.46739326644456,0.181997143775031,NaN,NaN,NaN,NaN,NaN,NaN,NaN,NaN,NaN
NaN,NaN,0.0520845656477225,0.0806267766990156,0.235155878942654,0.405017571693558,0.446715648577083,0.461147966270801,0.19508986279349,NaN,NaN,NaN,NaN,NaN,NaN,NaN,NaN,NaN
NaN,NaN,0.055075843372227,0.0892116895653695,0.220419114809677,0.412983415818113,0.43898811127292,0.461169666086789,0.189800062328383,NaN,NaN,NaN,NaN,NaN,NaN,NaN,NaN,NaN
NaN,NaN,0.0650146571182025,0.0858212469853849,0.219593068938896,0.410825634544987,0.435788180038799,0.458090806787368,0.199565352052256,NaN,NaN,NaN,NaN,NaN,NaN,NaN,NaN,NaN
NaN,NaN,0.0541457315169585,0.0927031247653455,0.208518153410599,0.415081108158726,0.422585639462341,0.457947252725717,0.203777891695305,NaN,NaN,NaN,NaN,NaN,NaN,NaN,NaN,NaN
NaN,NaN,0.0594932553552402,0.0843978135623426,0.210994447004244,0.406844137406248,0.417576520994771,0.449682472681161,0.20530594989638,NaN,NaN,NaN,NaN,NaN,NaN,NaN,NaN,NaN
NaN,NaN,0.050845683106066,0.0816046281494588,0.206821525823519,0.402532188391585,0.408858130977023,0.438079366867896,0.214284532815024,NaN,NaN,NaN,NaN,NaN,NaN,NaN,NaN,NaN
NaN,NaN,0.0471483324848426,0.0878977237977475,0.190162567775891,0.402973951941628,0.395677960768808,0.439598819648381,0.210979287624165,NaN,NaN,NaN,NaN,NaN,NaN,NaN,NaN,NaN
NaN,NaN,0.0479219448946727,0.0869631415941209,0.190173780899689,0.395697882568735,0.393343973264564,0.435458438878413,0.222702142894074,NaN,NaN,NaN,NaN,NaN,NaN,NaN,NaN,NaN
NaN,NaN,0.040649004765631,0.0974460153617353,0.186811650525973,0.394957145845789,0.381930633739103,0.43580351251876,0.231471215486332,NaN,NaN,NaN,NaN,NaN,NaN,NaN,NaN,NaN
NaN,NaN,0.0494321217023147,0.0922236426510305,0.192516392450974,0.387281632220644,0.381094194308389,0.426362676953431,0.237804395258233,NaN,NaN,NaN,NaN,NaN,NaN,NaN,NaN,NaN
NaN,NaN,0.0470386413120044,0.0958271159567327,0.191022700052902,0.383527452295918,0.375538780645002,0.421431305294391,0.25307076528649,NaN,NaN,NaN,NaN,NaN,NaN,NaN,NaN,NaN
NaN,NaN,0.041935235746981,0.103616809729525,0.177738892268583,0.383290803229708,0.363748572126497,0.428098140691873,0.248876349180743,NaN,NaN,NaN,NaN,NaN,NaN,NaN,NaN,NaN
NaN,NaN,0.0428247046850932,0.100416654977986,0.182113593798325,0.371616283601422,0.365694198117126,0.423716044460889,0.262169060408875,NaN,NaN,NaN,NaN,NaN,NaN,NaN,NaN,NaN
NaN,NaN,0.0320593794070495,0.107554627839515,0.17333895189707,0.369111584669251,0.354713904962409,0.421769934182521,0.264700693189904,NaN,NaN,NaN,NaN,NaN,NaN,NaN,NaN,NaN
NaN,NaN,0.0357429092012656,0.0971603228487462,0.175640361737654,0.356609212404389,0.355488485947717,0.413520632719155,0.264064152836606,NaN,NaN,NaN,NaN,NaN,NaN,NaN,NaN,NaN
NaN,NaN,0.0312050585829032,0.0993336385824174,0.168525355290816,0.3487740142106,0.34741315554129,0.407047158514615,0.275189899951025,NaN,NaN,NaN,NaN,NaN,NaN,NaN,NaN,NaN
NaN,NaN,0.0238430281363738,0.106729494664857,0.159067942183659,0.346135372465748,0.340315583453048,0.412952991609927,0.272537549137875,NaN,NaN,NaN,NaN,NaN,NaN,NaN,NaN,NaN
NaN,NaN,0.0237249178074611,0.103352463129947,0.163761882465527,0.333758337592978,0.346249263093341,0.406429356371518,0.283318688273236,NaN,NaN,NaN,NaN,NaN,NaN,NaN,NaN,NaN
NaN,NaN,0.014666762688042,0.107108077291438,0.158359783124373,0.330929016864199,0.341053656593431,0.404446347092744,0.27895978197436,NaN,NaN,NaN,NaN,NaN,NaN,NaN,NaN,NaN
NaN,NaN,0.018102393039347,0.0973653628267736,0.168032629769489,0.319414498454231,0.345332990691531,0.394101756101009,0.281767440140053,NaN,NaN,NaN,NaN,NaN,NaN,NaN,NaN,NaN
NaN,NaN,0.0102317859612716,0.0981235711612195,0.162965173255846,0.314666057175297,0.341024170920718,0.394880323146936,0.292643667310282,NaN,NaN,NaN,NaN,NaN,NaN,NaN,NaN,NaN
NaN,NaN,0.00610975224602347,0.103914125148246,0.161484556626723,0.311189690774578,0.340358778194059,0.399906186794396,0.293492195308014,NaN,NaN,NaN,NaN,NaN,NaN,NaN,NaN,NaN
NaN,NaN,0.00751394454467421,0.097814856354186,0.172282589953587,0.300815129822392,0.349840275302995,0.390755476837512,0.301520717441842,NaN,NaN,NaN,NaN,NaN,NaN,NaN,NaN,NaN
NaN,NaN,-0.00083303403031702,0.0980489349700898,0.168175308387921,0.302826730704207,0.352792269841302,0.394545028393622,0.298941978364989,NaN,NaN,NaN,NaN,NaN,NaN,NaN,NaN,NaN
NaN,NaN,0.00191194612610464,0.0909001773931474,0.175841490160868,0.294125588780541,0.358576341823209,0.388588605856057,0.302366060316369,NaN,NaN,NaN,NaN,NaN,NaN,NaN,NaN,NaN
NaN,NaN,-1.2296698211383e-05,0.0926261043884248,0.173704104852125,0.29152591357221,0.360306105867494,0.3945934199146,0.315300976037785,NaN,NaN,NaN,NaN,NaN,NaN,NaN,NaN,NaN
NaN,NaN,-0.000745024047015857,0.0973857029118032,0.174788033943817,0.289568366652626,0.364716979966033,0.398753824119922,0.311340452283427,NaN,NaN,NaN,NaN,NaN,NaN,NaN,NaN,NaN
NaN,NaN,-0.000379051528094958,0.0895175545253248,0.178591667097256,0.279754089361328,0.380398421839345,0.395364256983157,0.314105288237139,NaN,NaN,NaN,NaN,NaN,NaN,NaN,NaN,NaN
NaN,NaN,-0.0116050462044465,0.0861205554344148,0.169788694363281,0.278418125754494,0.380713469639886,0.397279000317212,0.306687974482581,NaN,NaN,NaN,NaN,NaN,NaN,NaN,NaN,NaN
NaN,NaN,-0.0118910181142079,0.0726780502833814,0.173350891452477,0.268204646354813,0.383072770491708,0.394646859203931,0.305938036292597,NaN,NaN,NaN,NaN,NaN,NaN,NaN,NaN,NaN
NaN,NaN,-0.0179625334955441,0.0687924607433767,0.171365181338236,0.263473024761576,0.385780236974824,0.401595736329909,0.312189147919222,NaN,NaN,NaN,NaN,NaN,NaN,NaN,NaN,NaN
NaN,NaN,-0.0203703935064065,0.0714899807013959,0.169516040366337,0.262992127036947,0.392357851669658,0.405759567802306,0.302592166811034,NaN,NaN,NaN,NaN,NaN,NaN,NaN,NaN,NaN
NaN,NaN,-0.0128889116264569,0.0595683439411611,0.176069403421328,0.255550896918673,0.410740222141612,0.407989321683999,0.308365472703978,NaN,NaN,NaN,NaN,NaN,NaN,NaN,NaN,NaN
NaN,NaN,-0.0196085902668225,0.0575048311390371,0.168820528667614,0.260287398642201,0.409942600235809,0.417158434574958,0.303318561166331,NaN,NaN,NaN,NaN,NaN,NaN,NaN,NaN,NaN
NaN,NaN,-0.0171770932890164,0.0451478383280725,0.174761863779471,0.257413504815001,0.416262778744567,0.421093738113996,0.30898882552962,NaN,NaN,NaN,NaN,NaN,NaN,NaN,NaN,NaN
NaN,NaN,-0.0214085015274274,0.0420614725686998,0.173706731181786,0.254380522465605,0.416964176401962,0.427215060626622,0.31188356235604,NaN,NaN,NaN,NaN,NaN,NaN,NaN,NaN,NaN
NaN,NaN,-0.024228695294975,0.0415029397942514,0.170570837687895,0.25600094923963,0.421521845564712,0.433453189616557,0.302915689647004,NaN,NaN,NaN,NaN,NaN,NaN,NaN,NaN,NaN
NaN,NaN,-0.0189361939944016,0.0244825913347692,0.1749157555217,0.248243758624691,0.434892284974921,0.433179082756396,0.307480418234869,NaN,NaN,NaN,NaN,NaN,NaN,NaN,NaN,NaN
NaN,NaN,-0.0315392981089341,0.0240546486117334,0.161944648605034,0.254427796399492,0.42806556011783,0.444261895900127,0.305057452171847,NaN,NaN,NaN,NaN,NaN,NaN,NaN,NaN,NaN
NaN,NaN,-0.0245449351884114,0.0113275109567136,0.167681130003378,0.247024992650646,0.430808696255554,0.449334176664706,0.308779203444525,NaN,NaN,NaN,NaN,NaN,NaN,NaN,NaN,NaN
NaN,NaN,-0.0298140975452649,0.013386497531125,0.167503955196783,0.244285563176769,0.43411079357611,0.457896849547978,0.310154673754975,NaN,NaN,NaN,NaN,NaN,NaN,NaN,NaN,NaN
NaN,NaN,-0.0265510598934876,0.0162374994494409,0.160751885157273,0.244863188063997,0.438726297870744,0.468633620475885,0.303262551426693,NaN,NaN,NaN,NaN,NaN,NaN,NaN,NaN,NaN
NaN,NaN,-0.020045753083347,0.00125438186902708,0.159210825693056,0.236697836017508,0.448994278267492,0.469998753105756,0.311446343660161,NaN,NaN,NaN,NaN,NaN,NaN,NaN,NaN,NaN
NaN,NaN,-0.0231263260163056,0.00314269426841444,0.14684083161895,0.242419826036591,0.440254262939561,0.48551047075307,0.314237536042735,NaN,NaN,NaN,NaN,NaN,NaN,NaN,NaN,NaN
NaN,NaN,-0.0158313694216001,-0.00638702672343546,0.154747145604536,0.236449917948145,0.444497089192737,0.488121061061975,0.315113016515776,NaN,NaN,NaN,NaN,NaN,NaN,NaN,NaN,NaN
NaN,NaN,-0.0182890924431073,-0.00419517767052942,0.150336159747288,0.239199238067764,0.446879319206346,0.495579762791749,0.317108188867375,NaN,NaN,NaN,NaN,NaN,NaN,NaN,NaN,NaN
NaN,NaN,-0.0137506644047486,-0.00779181506853395,0.143179206531689,0.241891337728399,0.448009944811929,0.502613110875245,0.312454816996857,NaN,NaN,NaN,NaN,NaN,NaN,NaN,NaN,NaN
NaN,NaN,-0.00912310879599924,-0.0230906510017424,0.141612628828928,0.236630557274717,0.451837829605211,0.505772324686404,0.324583654403493,NaN,NaN,NaN,NaN,NaN,NaN,NaN,NaN,NaN
NaN,NaN,-0.0127039323366868,-0.0168796234987288,0.129188655298397,0.24425661767115,0.438924539193977,0.51622338447487,0.327461906820342,NaN,NaN,NaN,NaN,NaN,NaN,NaN,NaN,NaN
NaN,NaN,-0.00370636906397219,-0.0223817655108481,0.135706367325232,0.24256660247435,0.446942351118196,0.516307110374328,0.327437524795338,NaN,NaN,NaN,NaN,NaN,NaN,NaN,NaN,NaN
NaN,NaN,-0.00216057848107691,-0.0164317132196932,0.132411776464626,0.249124864286083,0.446447837457526,0.521045940404292,0.329600465595528,NaN,NaN,NaN,NaN,NaN,NaN,NaN,NaN,NaN
NaN,NaN,-0.00146568145525331,-0.0172549278698474,0.12617012707536,0.251824191009897,0.443733888969291,0.525981503014918,0.326765650063559,NaN,NaN,NaN,NaN,NaN,NaN,NaN,NaN,NaN
NaN,NaN,-0.000481534264205646,-0.0265576482973605,0.128750468027041,0.244920147752661,0.439154072955716,0.523906125163194,0.335790854990288,NaN,NaN,NaN,NaN,NaN,NaN,NaN,NaN,NaN
NaN,NaN,-0.00774871881973619,-0.0221944951675444,0.117381925117418,0.250265063887734,0.424962113902438,0.525325516646262,0.3316745582221,NaN,NaN,NaN,NaN,NaN,NaN,NaN,NaN,NaN
NaN,NaN,0.00233657334077482,-0.0284336858652144,0.12173528073375,0.242469335144657,0.428997478738893,0.517892836069223,0.329842609464928,NaN,NaN,NaN,NaN,NaN,NaN,NaN,NaN,NaN
NaN,NaN,0.000820175298334409,-0.0211489179394751,0.108666608464167,0.245737606829304,0.424835305020679,0.518825387989637,0.333324992209479,NaN,NaN,NaN,NaN,NaN,NaN,NaN,NaN,NaN
NaN,NaN,0.0031940234087718,-0.0200333052537947,0.100687986593888,0.248105606233973,0.422184947237838,0.525081174855586,0.334070627689168,NaN,NaN,NaN,NaN,NaN,NaN,NaN,NaN,NaN
NaN,NaN,0.0084391762696517,-0.027152130123189,0.104982482623503,0.246799202805657,0.420144046947826,0.521723868732806,0.34181813254933,NaN,NaN,NaN,NaN,NaN,NaN,NaN,NaN,NaN
NaN,NaN,0.00308056969273214,-0.0204277762434989,0.0918329156750891,0.255822265690464,0.412139497057069,0.522534007614013,0.337660615443989,NaN,NaN,NaN,NaN,NaN,NaN,NaN,NaN,NaN
NaN,NaN,0.00857427392232542,-0.0241442003510504,0.0924090131932947,0.250729924237627,0.415417417243589,0.515263265406247,0.333724008053347,NaN,NaN,NaN,NaN,NaN,NaN,NaN,NaN,NaN
NaN,NaN,0.00258603740561133,-0.0183047146759539,0.0772641807610246,0.255145473575491,0.409274711564649,0.514587851648685,0.340751060396239,NaN,NaN,NaN,NaN,NaN,NaN,NaN,NaN,NaN
NaN,NaN,0.00440610248673086,-0.0157991216741114,0.0719593114966604,0.257954435592789,0.403155456588138,0.514129547809716,0.338244536071822,NaN,NaN,NaN,NaN,NaN,NaN,NaN,NaN,NaN
NaN,NaN,0.0092658181868804,-0.0228886098824053,0.0733985028976652,0.25442114675631,0.401212605938781,0.505053678934928,0.34593519300203,NaN,NaN,NaN,NaN,NaN,NaN,NaN,NaN,NaN
NaN,NaN,0.00210622001516943,-0.0145000943205863,0.0600865132922384,0.260501062667269,0.389787438616622,0.504406391119119,0.338550643175646,NaN,NaN,NaN,NaN,NaN,NaN,NaN,NaN,NaN
NaN,NaN,0.00313289139497404,-0.0206498035452872,0.0587550572866651,0.252769408917326,0.38769237260567,0.494823752378579,0.33786133408527,NaN,NaN,NaN,NaN,NaN,NaN,NaN,NaN,NaN
NaN,NaN,-0.00500267695557947,-0.014973057176879,0.0441701359862539,0.254170136695999,0.377098932221998,0.494882984494325,0.343318958878323,NaN,NaN,NaN,NaN,NaN,NaN,NaN,NaN,NaN
NaN,NaN,-0.00733832221400613,-0.0123869792781382,0.0424447677845213,0.252994323319096,0.366843301162589,0.489017142390367,0.340811447351977,NaN,NaN,NaN,NaN,NaN,NaN,NaN,NaN,NaN
NaN,NaN,-0.0011741029835927,-0.0159476676247626,0.0443550035173151,0.247619083320994,0.364048439369071,0.484160667692777,0.349024315476224,NaN,NaN,NaN,NaN,NaN,NaN,NaN,NaN,NaN
NaN,NaN,-0.0123330238081204,-0.00582467552643114,0.0337980150992128,0.252240212803978,0.350422687188257,0.484222842787858,0.341372774094149,NaN,NaN,NaN,NaN,NaN,NaN,NaN,NaN,NaN
NaN,NaN,-0.00809785302650804,-0.011371558275035,0.0342498183066103,0.244500791823763,0.34862812171923,0.478591582213994,0.342478142231509,NaN,NaN,NaN,NaN,NaN,NaN,NaN,NaN,NaN
NaN,NaN,-0.015487525127052,0.000726340595671594,0.0259891733342859,0.242865054106611,0.337798088148702,0.477929486369248,0.348616656958863,NaN,NaN,NaN,NaN,NaN,NaN,NaN,NaN,NaN
NaN,NaN,-0.0134159098185288,0.0016498400606603,0.0249081127161238,0.237703478133578,0.33314816217171,0.470698977296706,0.347168059199854,NaN,NaN,NaN,NaN,NaN,NaN,NaN,NaN,NaN
NaN,NaN,-0.00653662111532564,-0.000430734571030676,0.0264271184617731,0.230385629629988,0.333590111986268,0.46435411873972,0.3552461090682,NaN,NaN,NaN,NaN,NaN,NaN,NaN,NaN,NaN
NaN,NaN,-0.014690648279308,0.00932703006643957,0.0169597960824225,0.234087320214409,0.318677178875078,0.465255620365497,0.347920511960789,NaN,NaN,NaN,NaN,NaN,NaN,NaN,NaN,NaN
NaN,NaN,-0.00789000045430536,0.00673189971227354,0.0187937564963553,0.224683644419808,0.319458819285501,0.456755029445048,0.351035841852233,NaN,NaN,NaN,NaN,NaN,NaN,NaN,NaN,NaN
NaN,NaN,-0.0161176579810368,0.0153392201997728,0.0136687442476007,0.220942950045962,0.30895975913154,0.44775092828786,0.355114140659377,NaN,NaN,NaN,NaN,NaN,NaN,NaN,NaN,NaN
NaN,NaN,-0.0149033251024472,0.0113852529563398,0.0110216833466742,0.211649337953228,0.307402066246141,0.440264529024716,0.35295224294047,NaN,NaN,NaN,NaN,NaN,NaN,NaN,NaN,NaN
NaN,NaN,-0.0199933382488477,0.00616654965657896,0.0114989489132616,0.200404958969254,0.305021456733812,0.430532655154821,0.360053577571913,NaN,NaN,NaN,NaN,NaN,NaN,NaN,NaN,NaN
NaN,NaN,-0.0318579408146131,0.0104580654539556,0.0029743671232912,0.202357271855969,0.288058943406213,0.429892110114451,0.356096592843339,NaN,NaN,NaN,NaN,NaN,NaN,NaN,NaN,NaN
NaN,NaN,-0.0278683039165723,0.00855246770758337,0.0103834479862902,0.189882317727703,0.29009416262852,0.415958108787891,0.36218839243035,NaN,NaN,NaN,NaN,NaN,NaN,NaN,NaN,NaN
NaN,NaN,-0.0359722445524919,0.0167840554155797,0.0099326319808218,0.1873840821742,0.283829174295533,0.413897129183169,0.369868748932883,NaN,NaN,NaN,NaN,NaN,NaN,NaN,NaN,NaN
NaN,NaN,-0.0358299198366391,0.018451029691884,0.0113343842143271,0.179376589304108,0.285783219442237,0.410595702414867,0.376008884161517,NaN,NaN,NaN,NaN,NaN,NaN,NaN,NaN,NaN
NaN,NaN,-0.0412654909111249,0.012182818982789,0.014812538754389,0.169446176087755,0.283737737045158,0.403897891228553,0.384607282578751,NaN,NaN,NaN,NaN,NaN,NaN,NaN,NaN,NaN
NaN,NaN,-0.0505968774474847,0.0170706419982404,0.00890765560810299,0.171139339154858,0.268461420491803,0.400936024670955,0.381073025166794,NaN,NaN,NaN,NaN,NaN,NaN,NaN,NaN,NaN
NaN,NaN,-0.0461781243599641,0.0119878372885675,0.0204073473626825,0.1587549654602,0.274196318641771,0.387897899781819,0.389056862443492,NaN,NaN,NaN,NaN,NaN,NaN,NaN,NaN,NaN
NaN,NaN,-0.0513102332867372,0.0156760236956567,0.0195368401521894,0.154143186455864,0.275220885232557,0.38738803792512,0.395683390199944,NaN,NaN,NaN,NaN,NaN,NaN,NaN,NaN,NaN
NaN,NaN,-0.0500273364402043,0.0134938045181722,0.0189757369274351,0.145162666386265,0.278335209295619,0.38409238535678,0.398295805901095,NaN,NaN,NaN,NaN,NaN,NaN,NaN,NaN,NaN
NaN,NaN,-0.0525042819596517,0.00417379874367422,0.0202893860453817,0.138349278068442,0.280472520098556,0.381607802992221,0.402990062832638,NaN,NaN,NaN,NaN,NaN,NaN,NaN,NaN,NaN
NaN,NaN,-0.0611330042399156,0.00844940755147642,0.0137569777483198,0.1413537060677,0.271263453469146,0.3786543928436,0.39673179864864,NaN,NaN,NaN,NaN,NaN,NaN,NaN,NaN,NaN
NaN,NaN,-0.0535188461459863,-0.00035213094573313,0.0260404519552443,0.128663653677601,0.279838550195564,0.372415928577539,0.401821700036332,NaN,NaN,NaN,NaN,NaN,NaN,NaN,NaN,NaN
NaN,NaN,-0.0589311155296552,0.0015808290578813,0.0226288869792673,0.126587866043944,0.28149244870292,0.373613031988498,0.407860078960463,NaN,NaN,NaN,NaN,NaN,NaN,NaN,NaN,NaN
NaN,NaN,-0.0597898694492566,-0.00549031209569269,0.0231404065901491,0.12086861411323,0.288367788598407,0.376976708357688,0.408552219271466,NaN,NaN,NaN,NaN,NaN,NaN,NaN,NaN,NaN
NaN,NaN,-0.06232954885733,-0.0113674977086096,0.0255592562073919,0.11341995204081,0.289303376630414,0.376365648990031,0.412330986112162,NaN,NaN,NaN,NaN,NaN,NaN,NaN,NaN,NaN
NaN,NaN,-0.0670378315068471,-0.0051558182797938,0.0250316247159693,0.118009416556257,0.279779392585624,0.378980579262134,0.407840223163172,NaN,NaN,NaN,NaN,NaN,NaN,NaN,NaN,NaN
NaN,NaN,-0.0578826325751531,-0.0160471328757315,0.0437089823002073,0.106117135083574,0.289247590408195,0.376223249768373,0.413286336809203,NaN,NaN,NaN,NaN,NaN,NaN,NaN,NaN,NaN
NaN,NaN,-0.0676115262128102,-0.0128405519984275,0.0394828826004717,0.104439357465405,0.288899909064639,0.38327732909238,0.418593161850974,NaN,NaN,NaN,NaN,NaN,NaN,NaN,NaN,NaN
NaN,NaN,-0.06377442132604,-0.0206010767481833,0.0404977820629332,0.0995354784487669,0.29188451851951,0.390366631036159,0.420477693080708,NaN,NaN,NaN,NaN,NaN,NaN,NaN,NaN,NaN
NaN,NaN,-0.0608353162921655,-0.0231354476175814,0.0456852860564444,0.100224470889467,0.293616424605716,0.392829308693763,0.422071893811032,NaN,NaN,NaN,NaN,NaN,NaN,NaN,NaN,NaN
NaN,NaN,-0.0585808078564393,-0.0191882976553946,0.0474753998035643,0.105741085654396,0.290434821799863,0.403035039489623,0.414654207527443,NaN,NaN,NaN,NaN,NaN,NaN,NaN,NaN,NaN
NaN,NaN,-0.0519155557073342,-0.0293672622404605,0.0584511853570196,0.0919426476417963,0.300227902189363,0.402217692171689,0.418177587091729,NaN,NaN,NaN,NaN,NaN,NaN,NaN,NaN,NaN
NaN,NaN,-0.0602340171850907,-0.0310851612351447,0.0472970329040739,0.0902638828216974,0.294947042420972,0.408518778567668,0.417070170044705,NaN,NaN,NaN,NaN,NaN,NaN,NaN,NaN,NaN
NaN,NaN,-0.058516025058149,-0.0431765222213774,0.0420763552004549,0.0853980576454584,0.294014527753461,0.41205284971511,0.41028047457318,NaN,NaN,NaN,NaN,NaN,NaN,NaN,NaN,NaN
NaN,NaN,-0.0591181809819924,-0.0483300888202696,0.0406438693219873,0.0828575400470678,0.293446048453916,0.412497146462556,0.407201410382792,NaN,NaN,NaN,NaN,NaN,NaN,NaN,NaN,NaN
NaN,NaN,-0.0609864513195741,-0.0468845644257575,0.0372778273934576,0.0841065740047876,0.286830528930295,0.422014350479003,0.403136820643946,NaN,NaN,NaN,NaN,NaN,NaN,NaN,NaN,NaN
NaN,NaN,-0.054679534844278,-0.0570868120751887,0.0431189149433824,0.0707508867441599,0.29591422091471,0.422120428120252,0.410829582363173,NaN,NaN,NaN,NaN,NaN,NaN,NaN,NaN,NaN
NaN,NaN,-0.0591743769861447,-0.0542818733714133,0.0338944069856855,0.0783094076274817,0.291950009122957,0.430523677205201,0.412323889434144,NaN,NaN,NaN,NaN,NaN,NaN,NaN,NaN,NaN
NaN,NaN,-0.0512709873534429,-0.0623381302915126,0.0338342621738169,0.0790731852709238,0.291573196009267,0.435982885246631,0.407173023670718,NaN,NaN,NaN,NaN,NaN,NaN,NaN,NaN,NaN
NaN,NaN,-0.0492013464487779,-0.0669832506440192,0.037751647066519,0.0780162831603472,0.289557348296512,0.439052468573209,0.409145210981175,NaN,NaN,NaN,NaN,NaN,NaN,NaN,NaN,NaN
NaN,NaN,-0.0520114074267137,-0.0630982944033652,0.0351747706348154,0.0797998590229933,0.282249744341243,0.44495928887045,0.41108130022864,NaN,NaN,NaN,NaN,NaN,NaN,NaN,NaN,NaN
NaN,NaN,-0.0465562785781609,-0.0693847404084712,0.0392735585386011,0.0691063573419039,0.289640105620492,0.443562230502721,0.418712222128913,NaN,NaN,NaN,NaN,NaN,NaN,NaN,NaN,NaN
NaN,NaN,-0.0488014179087865,-0.0633836888931304,0.0273104406708929,0.0833063071428721,0.282458863512147,0.448996385966893,0.421066195815608,NaN,NaN,NaN,NaN,NaN,NaN,NaN,NaN,NaN
NaN,NaN,-0.0367570887125718,-0.0665806771479159,0.0268554150873873,0.0845234339891855,0.282776612148155,0.451639498060104,0.416565486341521,NaN,NaN,NaN,NaN,NaN,NaN,NaN,NaN,NaN
NaN,NaN,-0.0339097003258454,-0.066305434074214,0.0287970736438486,0.0854297412394468,0.282786391035188,0.450533515249845,0.423976578861281,NaN,NaN,NaN,NaN,NaN,NaN,NaN,NaN,NaN
NaN,NaN,-0.0393874603129613,-0.0617526450417548,0.0219957366401407,0.0857914669274275,0.277817207679618,0.45719465095317,0.425543976127907,NaN,NaN,NaN,NaN,NaN,NaN,NaN,NaN,NaN
NaN,NaN,-0.0306543553985345,-0.0663522795997172,0.0257564730757925,0.0799826217650358,0.284433099732269,0.452366600220557,0.431852159201905,NaN,NaN,NaN,NaN,NaN,NaN,NaN,NaN,NaN
NaN,NaN,-0.0321842762447583,-0.05765162196379,0.0143744818681929,0.0947316793559973,0.27943472872721,0.457638072257396,0.431481250673338,NaN,NaN,NaN,NaN,NaN,NaN,NaN,NaN,NaN
NaN,NaN,-0.0245916317023026,-0.0617784613035231,0.0150093830937597,0.0976526981054728,0.280173174396623,0.459949354117271,0.426141922473713,NaN,NaN,NaN,NaN,NaN,NaN,NaN,NaN,NaN
NaN,NaN,-0.0273075359679448,-0.0629573294184714,0.0147104285473082,0.0974711833356802,0.279317456588615,0.455758216266986,0.434018396884009,NaN,NaN,NaN,NaN,NaN,NaN,NaN,NaN,NaN
NaN,NaN,-0.0305916960157144,-0.0581428014896422,0.00910414604489536,0.10329647565474,0.274548656598199,0.459812282060739,0.431718272268578,NaN,NaN,NaN,NaN,NaN,NaN,NaN,NaN,NaN
NaN,NaN,-0.0208442131794679,-0.0635752433202773,0.0130553938264105,0.104221055453915,0.279682088003028,0.452023724501487,0.439285603463456,NaN,NaN,NaN,NaN,NaN,NaN,NaN,NaN,NaN
NaN,NaN,-0.021693951896547,-0.0557480545006304,0.00101359782759876,0.121550174599785,0.276774238154758,0.459968669747468,0.436452799588248,NaN,NaN,NaN,NaN,NaN,NaN,NaN,NaN,NaN
NaN,NaN,-0.0143106500424134,-0.0575147920511275,0.00229707209412784,0.123053981161017,0.274760271713603,0.458651500230189,0.440440909117266,NaN,NaN,NaN,NaN,NaN,NaN,NaN,NaN,NaN
NaN,NaN,-0.0186407598472821,-0.0553089359066992,0.00412088109199734,0.1249603425919,0.276030502573121,0.457483956997748,0.447878060042664,NaN,NaN,NaN,NaN,NaN,NaN,NaN,NaN,NaN
NaN,NaN,-0.022523629925369,-0.0495113224945574,-0.000794807094886593,0.130668418651718,0.266909632191528,0.453691499715205,0.442118910252854,NaN,NaN,NaN,NaN,NaN,NaN,NaN,NaN,NaN
NaN,NaN,-0.0166468913472878,-0.0565136389098673,-0.00393721984679966,0.123497737741369,0.266803293779958,0.442564132099506,0.443147239386841,NaN,NaN,NaN,NaN,NaN,NaN,NaN,NaN,NaN
NaN,NaN,-0.0232134605563867,-0.0468060539327174,-0.0169022359138277,0.128893112933535,0.253304369107354,0.444403065775987,0.438535628020569,NaN,NaN,NaN,NaN,NaN,NaN,NaN,NaN,NaN
NaN,NaN,-0.0227863746501195,-0.051611026491931,-0.018793081510618,0.122727329081196,0.249522268131841,0.44414773437893,0.437873327284857,NaN,NaN,NaN,NaN,NaN,NaN,NaN,NaN,NaN
NaN,NaN,-0.0277720237888085,-0.0518089511654883,-0.0210207678561953,0.121380170977015,0.246772258833516,0.440422015672084,0.443138782977864,NaN,NaN,NaN,NaN,NaN,NaN,NaN,NaN,NaN
NaN,NaN,-0.0291618737198102,-0.0447254420481234,-0.0286546327358034,0.124756904488701,0.236472706601489,0.440883933042642,0.441717845499322,NaN,NaN,NaN,NaN,NaN,NaN,NaN,NaN,NaN
NaN,NaN,-0.0185918654121148,-0.0452033967934161,-0.0280691847389486,0.12062185088386,0.239770277694333,0.437482929264661,0.445458465367362,NaN,NaN,NaN,NaN,NaN,NaN,NaN,NaN,NaN
NaN,NaN,-0.0294047067679154,-0.0350247116051226,-0.0413350552504805,0.123922607099909,0.22615253488766,0.438817756657954,0.444715474843785,NaN,NaN,NaN,NaN,NaN,NaN,NaN,NaN,NaN
NaN,NaN,-0.0322646121300446,-0.0438017190657168,-0.0439209841376093,0.11809444630732,0.222259662405122,0.434729176049586,0.446558673977658,NaN,NaN,NaN,NaN,NaN,NaN,NaN,NaN,NaN
NaN,NaN,-0.037439748159765,-0.0429329813681155,-0.0467925496583727,0.117435926741261,0.213868799910415,0.425368601863738,0.454619308113858,NaN,NaN,NaN,NaN,NaN,NaN,NaN,NaN,NaN
NaN,NaN,-0.0375914978600728,-0.0388123632631808,-0.0540930010562685,0.12257997522344,0.205055508122314,0.420080831681844,0.449651987403437,NaN,NaN,NaN,NaN,NaN,NaN,NaN,NaN,NaN
NaN,NaN,-0.0340316849566686,-0.040191260840705,-0.0539739780312326,0.111743273383278,0.207057628140319,0.410560721938964,0.452573192417428,NaN,NaN,NaN,NaN,NaN,NaN,NaN,NaN,NaN
NaN,NaN,-0.0446531581498372,-0.0340086759291201,-0.0672380417769697,0.108822701668638,0.19283232773887,0.411093308066484,0.453936238884732,NaN,NaN,NaN,NaN,NaN,NaN,NaN,NaN,NaN
NaN,NaN,-0.0461620869852292,-0.0420073212347537,-0.0618423313086775,0.101878276264567,0.187373622611631,0.401248036359902,0.455783107429549,NaN,NaN,NaN,NaN,NaN,NaN,NaN,NaN,NaN
NaN,NaN,-0.0498153487957704,-0.042972879227212,-0.060820167530134,0.102665951645273,0.181100177869666,0.389503723417874,0.458928537666604,NaN,NaN,NaN,NaN,NaN,NaN,NaN,NaN,NaN
NaN,NaN,-0.0474361362673032,-0.032429786141923,-0.0644927822237757,0.104039186781544,0.173698752478231,0.389248447900172,0.457304329722926,NaN,NaN,NaN,NaN,NaN,NaN,NaN,NaN,NaN
NaN,NaN,-0.0444747353709924,-0.032740941014102,-0.0597882807439115,0.0887521786450331,0.174877955869306,0.382901670818683,0.46371631801109,NaN,NaN,NaN,NaN,NaN,NaN,NaN,NaN,NaN
NaN,NaN,-0.0561835835493791,-0.0265863516591101,-0.0669521816259172,0.0899534543811266,0.16393374215113,0.383537466113921,0.463657663315341,NaN,NaN,NaN,NaN,NaN,NaN,NaN,NaN,NaN
NaN,NaN,-0.0533348913110482,-0.0333924756608515,-0.0620841957813051,0.0805513432084505,0.159041933075059,0.370486302708741,0.465102014243409,NaN,NaN,NaN,NaN,NaN,NaN,NaN,NaN,NaN
NaN,NaN,-0.0540016810215699,-0.032842864956668,-0.0594545878654268,0.0783730355857794,0.15537309955107,0.360568946634885,0.467178770452544,NaN,NaN,NaN,NaN,NaN,NaN,NaN,NaN,NaN
NaN,NaN,-0.0551207023478734,-0.026846991594842,-0.0614133455043581,0.0787206237970774,0.150064169720281,0.359644329582807,0.463517313003346,NaN,NaN,NaN,NaN,NaN,NaN,NaN,NaN,NaN
NaN,NaN,-0.0523264366008031,-0.031054222699216,-0.0563205570166853,0.0663918314336721,0.158770582929719,0.353461260383483,0.469189160615012,NaN,NaN,NaN,NaN,NaN,NaN,NaN,NaN,NaN
NaN,NaN,-0.0556784714378106,-0.0209527627788096,-0.0625016704386022,0.0691223202108328,0.151062044606078,0.350961553340312,0.4673055420814,NaN,NaN,NaN,NaN,NaN,NaN,NaN,NaN,NaN
NaN,NaN,-0.0489718871928441,-0.0270428673587351,-0.0566124707644728,0.0617953447460119,0.150780785188545,0.33877109963214,0.466372878402278,NaN,NaN,NaN,NaN,NaN,NaN,NaN,NaN,NaN
NaN,NaN,-0.0493299434698808,-0.0292105392776042,-0.0558632403796461,0.0596641806720678,0.148461568460334,0.329891739820596,0.467274435907408,NaN,NaN,NaN,NaN,NaN,NaN,NaN,NaN,NaN
NaN,NaN,-0.059115517399429,-0.0294993610344439,-0.0616016216760424,0.0539714341818277,0.141668203577865,0.327905750309583,0.461436589360043,NaN,NaN,NaN,NaN,NaN,NaN,NaN,NaN,NaN
NaN,NaN,-0.0608980501807916,-0.0395483874938994,-0.0575166732257154,0.0365118926226084,0.146557498082984,0.317398345505353,0.462491833716437,NaN,NaN,NaN,NaN,NaN,NaN,NaN,NaN,NaN
NaN,NaN,-0.0689584794260251,-0.0335684211216479,-0.0641837693935182,0.0389213917612021,0.134663409844507,0.311448460852262,0.457239938080117,NaN,NaN,NaN,NaN,NaN,NaN,NaN,NaN,NaN
NaN,NaN,-0.0638211178399312,-0.043298562731555,-0.0545338519101885,0.0279052426873629,0.13804884190904,0.301930157875177,0.457838759869143,NaN,NaN,NaN,NaN,NaN,NaN,NaN,NaN,NaN
NaN,NaN,-0.0678900661684262,-0.0417098940573245,-0.0520593278294351,0.0245770497082655,0.137180681631435,0.301582737301942,0.466016889661357,NaN,NaN,NaN,NaN,NaN,NaN,NaN,NaN,NaN
NaN,NaN,-0.0716890054560887,-0.0385541820190459,-0.0532842032795694,0.0227223953067247,0.135072707489599,0.306909008359071,0.464070648997828,NaN,NaN,NaN,NaN,NaN,NaN,NaN,NaN,NaN
NaN,NaN,-0.0668605821944463,-0.0464697160981207,-0.0448468491619375,0.0113136192618792,0.141901816532481,0.298072228615638,0.467378315627381,NaN,NaN,NaN,NaN,NaN,NaN,NaN,NaN,NaN
NaN,NaN,-0.0727927903450715,-0.0413085871599227,-0.0539436169153002,0.0140543525873606,0.134914289519656,0.300260967051145,0.460557774752184,NaN,NaN,NaN,NaN,NaN,NaN,NaN,NaN,NaN
NaN,NaN,-0.0673884558297383,-0.0517900266907721,-0.0462216675465849,1.7700886625486e-05,0.139002013311256,0.292748304491397,0.460519683658883,NaN,NaN,NaN,NaN,NaN,NaN,NaN,NaN,NaN
NaN,NaN,-0.0724161076165425,-0.0511255466602355,-0.04632919805105,-0.00109545310745792,0.1377256916021,0.292895118182059,0.464062080830142,NaN,NaN,NaN,NaN,NaN,NaN,NaN,NaN,NaN
NaN,NaN,-0.0716570424653279,-0.0528867521546393,-0.0481169648652819,-0.00369781052480297,0.13890508125769,0.29387930262601,0.456370641588971,NaN,NaN,NaN,NaN,NaN,NaN,NaN,NaN,NaN
NaN,NaN,-0.0674691642440545,-0.0610765421054869,-0.045430620778158,-0.0151338184417303,0.145623437419999,0.282904522900935,0.456213955879017,NaN,NaN,NaN,NaN,NaN,NaN,NaN,NaN,NaN
NaN,NaN,-0.073142855874418,-0.0603385620973616,-0.0539304666405466,-0.0134155282915647,0.139796673611272,0.28937879804289,0.449491166621253,NaN,NaN,NaN,NaN,NaN,NaN,NaN,NaN,NaN
NaN,NaN,-0.071231744698404,-0.0729062573276072,-0.0451342739349153,-0.0233861001373346,0.145675852254499,0.286763718759175,0.449717608392045,NaN,NaN,NaN,NaN,NaN,NaN,NaN,NaN,NaN
NaN,NaN,-0.0762476804472196,-0.0715308987758666,-0.0435441896503714,-0.018801403993469,0.146957314864267,0.29244765493786,0.457439818531081,NaN,NaN,NaN,NaN,NaN,NaN,NaN,NaN,NaN
NaN,NaN,-0.0706486063815343,-0.0673649252615481,-0.0421085559016016,-0.0187399553299959,0.147619317576755,0.291424801980611,0.449473825394913,NaN,NaN,NaN,NaN,NaN,NaN,NaN,NaN,NaN
NaN,NaN,-0.0634259949244248,-0.0736372151635199,-0.03806773351486,-0.0272378826678808,0.153940520540345,0.28775831538951,0.447111879586979,NaN,NaN,NaN,NaN,NaN,NaN,NaN,NaN,NaN
NaN,NaN,-0.0726910526670205,-0.0725622640214472,-0.0425301842575815,-0.0231641287149008,0.148622109845746,0.2951030046097,0.443663918524787,NaN,NaN,NaN,NaN,NaN,NaN,NaN,NaN,NaN
NaN,NaN,-0.0703983972586381,-0.0849465445838481,-0.0374499872511175,-0.0307420583606775,0.15544648776995,0.292947737907525,0.442473315745398,NaN,NaN,NaN,NaN,NaN,NaN,NaN,NaN,NaN
NaN,NaN,-0.0696800122774827,-0.0809290052614718,-0.03551736252363,-0.025144679302078,0.15189820464002,0.297746582364198,0.448529389798447,NaN,NaN,NaN,NaN,NaN,NaN,NaN,NaN,NaN
NaN,NaN,-0.0617847810305345,-0.0757549123130351,-0.038767641056135,-0.0273981260300692,0.153549551323522,0.302478501980659,0.441619684099957,NaN,NaN,NaN,NaN,NaN,NaN,NaN,NaN,NaN
NaN,NaN,-0.0536281275368917,-0.0800112054906398,-0.0364071481114176,-0.0328342000187452,0.160928867117036,0.302646661584731,0.441398830264613,NaN,NaN,NaN,NaN,NaN,NaN,NaN,NaN,NaN
NaN,NaN,-0.0598218883193719,-0.0759623364768534,-0.0419017464106825,-0.0276236737311895,0.158367301628459,0.31007483456051,0.43549836158733,NaN,NaN,NaN,NaN,NaN,NaN,NaN,NaN,NaN
NaN,NaN,-0.0515057737745034,-0.0841328107975035,-0.0328780874794272,-0.0329875515938814,0.163270584598649,0.307189243321773,0.43649837851505,NaN,NaN,NaN,NaN,NaN,NaN,NaN,NaN,NaN
NaN,NaN,-0.0511565836883771,-0.0815999486706763,-0.0348372921531942,-0.0326558144928034,0.156175340816844,0.309375392680522,0.43775640904884,NaN,NaN,NaN,NaN,NaN,NaN,NaN,NaN,NaN
NaN,NaN,-0.0521582769967305,-0.0804398001394778,-0.0433444395845678,-0.0394725928247984,0.154533288732637,0.311659591679927,0.425026309788033,NaN,NaN,NaN,NaN,NaN,NaN,NaN,NaN,NaN
NaN,NaN,-0.0538002732015836,-0.0884940826557189,-0.0473480835741308,-0.0451621541918333,0.158240902528632,0.307294594531413,0.42453000798802,NaN,NaN,NaN,NaN,NaN,NaN,NaN,NaN,NaN
NaN,NaN,-0.0652885841943013,-0.0862423495612651,-0.0556716114466932,-0.0367527024985369,0.154545861587394,0.311855206673499,0.419992865174815,NaN,NaN,NaN,NaN,NaN,NaN,NaN,NaN,NaN
NaN,NaN,-0.0537121514595735,-0.0950554737113028,-0.0479141228085306,-0.0363882573486383,0.157962213561404,0.310974417661782,0.425159135013625,NaN,NaN,NaN,NaN,NaN,NaN,NaN,NaN,NaN
NaN,NaN,-0.050236511490463,-0.0885084809027224,-0.0444678567534235,-0.0332460681141432,0.152745894447435,0.31657164770877,0.425584507286355,NaN,NaN,NaN,NaN,NaN,NaN,NaN,NaN,NaN
NaN,NaN,-0.0503618488825547,-0.0825746149979144,-0.0532082073574808,-0.0347042957485731,0.148362010077108,0.319049785321113,0.416938481032654,NaN,NaN,NaN,NaN,NaN,NaN,NaN,NaN,NaN
NaN,NaN,-0.052785560003637,-0.0889560745320826,-0.0540099643355158,-0.0345429347992952,0.153058446303476,0.314473191683646,0.419929796010062,NaN,NaN,NaN,NaN,NaN,NaN,NaN,NaN,NaN
NaN,NaN,-0.0601045447207677,-0.0861487888954192,-0.060582903791025,-0.0248579250813539,0.146897598460782,0.318317691271659,0.420336038917109,NaN,NaN,NaN,NaN,NaN,NaN,NaN,NaN,NaN
NaN,NaN,-0.0457438300169694,-0.0931442135236769,-0.0518591679816988,-0.0269821042359884,0.145627088204492,0.312063580786344,0.425886702835366,NaN,NaN,NaN,NaN,NaN,NaN,NaN,NaN,NaN
NaN,NaN,-0.0472806799031484,-0.0838744619153052,-0.0567889936452654,-0.0283092389048155,0.137834674969781,0.318025535380002,0.419375286549136,NaN,NaN,NaN,NaN,NaN,NaN,NaN,NaN,NaN
NaN,NaN,-0.0512756253398644,-0.0757222787700206,-0.0702729612773207,-0.0338929088951166,0.133314295962919,0.316524634545203,0.409470801353261,NaN,NaN,NaN,NaN,NaN,NaN,NaN,NaN,NaN
NaN,NaN,-0.0538068669654119,-0.0802023687623053,-0.0685243845170286,-0.0316781120539721,0.137746124819387,0.308503749256488,0.412777741551205,NaN,NaN,NaN,NaN,NaN,NaN,NaN,NaN,NaN
NaN,NaN,-0.0585886495925176,-0.0767759398780375,-0.076502894628599,-0.0234277116299684,0.128888353065122,0.312605088984128,0.414840863197848,NaN,NaN,NaN,NaN,NaN,NaN,NaN,NaN,NaN
NaN,NaN,-0.0454482468582379,-0.0807425358555823,-0.0679039187913683,-0.0259890536011274,0.131293437734712,0.309300048684236,0.416077976226613,NaN,NaN,NaN,NaN,NaN,NaN,NaN,NaN,NaN
NaN,NaN,-0.0503772529579389,-0.0690881141684561,-0.0760859601383951,-0.0276518928052004,0.123516838357318,0.315173304115888,0.412619826495453,NaN,NaN,NaN,NaN,NaN,NaN,NaN,NaN,NaN
NaN,NaN,-0.054702575764774,-0.0646866650543719,-0.0817257702534941,-0.0268994214178141,0.119120120361913,0.312148889934178,0.402429220378205,NaN,NaN,NaN,NaN,NaN,NaN,NaN,NaN,NaN
NaN,NaN,-0.0532901319481122,-0.0707276144288092,-0.0793434657340792,-0.0248798670412119,0.122078764543403,0.304649508034345,0.408335295617386,NaN,NaN,NaN,NaN,NaN,NaN,NaN,NaN,NaN
NaN,NaN,-0.0542462463296639,-0.0664854028485327,-0.0848919876104143,-0.0206701586187895,0.109541616693605,0.30219655338442,0.41265335410814,NaN,NaN,NaN,NaN,NaN,NaN,NaN,NaN,NaN
NaN,NaN,-0.0446385922647702,-0.0722574607692271,-0.0780505478566435,-0.0214934664012011,0.109294741705526,0.298695674573537,0.412498177140757,NaN,NaN,NaN,NaN,NaN,NaN,NaN,NaN,NaN
NaN,NaN,-0.0536766121901261,-0.0645244472883254,-0.0870625838821676,-0.0208787748755033,0.0991827019606717,0.302141903375741,0.409097694903418,NaN,NaN,NaN,NaN,NaN,NaN,NaN,NaN,NaN
NaN,NaN,-0.054746310672878,-0.0608340257070571,-0.0865854487007406,-0.0168932730496939,0.095634791359771,0.297036299889442,0.405337386876151,NaN,NaN,NaN,NaN,NaN,NaN,NaN,NaN,NaN
NaN,NaN,-0.0523366811491239,-0.0620212757251769,-0.0803193241542128,-0.0151480490506704,0.0954300866578706,0.288551057165023,0.415945914685532,NaN,NaN,NaN,NaN,NaN,NaN,NaN,NaN,NaN
NaN,NaN,-0.0553549299753892,-0.0556713880262881,-0.0841714792137888,-0.01176177879582,0.0833471075748093,0.286364032363053,0.417255223840281,NaN,NaN,NaN,NaN,NaN,NaN,NaN,NaN,NaN
NaN,NaN,-0.0530232521511304,-0.0617729292474299,-0.0858317852204588,-0.0186469162047918,0.0782584355329163,0.27793003100669,0.412533865421816,NaN,NaN,NaN,NaN,NaN,NaN,NaN,NaN,NaN
NaN,NaN,-0.0669245268024194,-0.0586216130517035,-0.0972011104410437,-0.0225019024849947,0.0660336160217412,0.274095477943774,0.408295006602809,NaN,NaN,NaN,NaN,NaN,NaN,NaN,NaN,NaN
NaN,NaN,-0.0682239639378774,-0.0585191116891413,-0.098135264236286,-0.0218547264278944,0.060509420291055,0.263835357909556,0.401507453173205,NaN,NaN,NaN,NaN,NaN,NaN,NaN,NaN,NaN
NaN,NaN,-0.0650456021345841,-0.0600810700319319,-0.0918576099162844,-0.0292638259173449,0.0592382208560594,0.25556357431924,0.411660377979085,NaN,NaN,NaN,NaN,NaN,NaN,NaN,NaN,NaN
NaN,NaN,-0.0677133570231187,-0.0539926977119952,-0.0972524821942594,-0.0262770185411985,0.0521621623192914,0.258802378957625,0.415582903772399,NaN,NaN,NaN,NaN,NaN,NaN,NaN,NaN,NaN
NaN,NaN,-0.0659896652020203,-0.0598962956331282,-0.098580920714691,-0.0307234132827337,0.053288038179744,0.249404235219117,0.412313961535498,NaN,NaN,NaN,NaN,NaN,NaN,NaN,NaN,NaN
NaN,NaN,-0.0747084650017011,-0.0540810057185202,-0.103886665422275,-0.0305112952531393,0.0444982343469747,0.246882623468991,0.410185312032506,NaN,NaN,NaN,NaN,NaN,NaN,NaN,NaN,NaN
NaN,NaN,-0.0721743176497208,-0.0550521702728777,-0.102448852378681,-0.0304556580425318,0.0406580560957082,0.23491022962844,0.405577668100401,NaN,NaN,NaN,NaN,NaN,NaN,NaN,NaN,NaN
NaN,NaN,-0.0710672172523724,-0.0555018500648051,-0.0956217363661077,-0.0374273898244913,0.0395628021215089,0.228339041059371,0.416758922040268,NaN,NaN,NaN,NaN,NaN,NaN,NaN,NaN,NaN
NaN,NaN,-0.0791417839742886,-0.0541257650814562,-0.107945443708256,-0.0346747169436033,0.0291775682126172,0.229063200240489,0.414663967788025,NaN,NaN,NaN,NaN,NaN,NaN,NaN,NaN,NaN
NaN,NaN,-0.0774402203775632,-0.0662092843316107,-0.106511430460766,-0.0433400215745981,0.0302522399579175,0.216573810612317,0.412525222748324,NaN,NaN,NaN,NaN,NaN,NaN,NaN,NaN,NaN
NaN,NaN,-0.0810021939493405,-0.0615078562162428,-0.107428522426441,-0.0416404882610853,0.0211693302844651,0.210337786411401,0.411645029783055,NaN,NaN,NaN,NaN,NaN,NaN,NaN,NaN,NaN
NaN,NaN,-0.0752930934346902,-0.0596235671303778,-0.103527733702019,-0.0475206727326925,0.0165017091785558,0.199563296919223,0.408971165418431,NaN,NaN,NaN,NaN,NaN,NaN,NaN,NaN,NaN
NaN,NaN,-0.0765571589387643,-0.0600304433367758,-0.098155734706476,-0.055507285350662,0.0164971084450372,0.198210159724113,0.42064197838287,NaN,NaN,NaN,NaN,NaN,NaN,NaN,NaN,NaN
NaN,NaN,-0.0902428696669328,-0.0591428184173613,-0.106260383147552,-0.0513043010772284,0.00804554234491661,0.199487841164228,0.417679776549145,NaN,NaN,NaN,NaN,NaN,NaN,NaN,NaN,NaN
NaN,NaN,-0.0829865443326222,-0.0655844972692042,-0.0958497055059221,-0.0569536479354914,0.0122536861454137,0.191027054970618,0.417129104137227,NaN,NaN,NaN,NaN,NaN,NaN,NaN,NaN,NaN
NaN,NaN,-0.0840546968199002,-0.0579588839076071,-0.0963097416048792,-0.0569555478335436,0.00427385355578735,0.186551882361528,0.41835621476154,NaN,NaN,NaN,NaN,NaN,NaN,NaN,NaN,NaN
NaN,NaN,-0.0817373986161935,-0.0599971206150561,-0.092116349953964,-0.0646031031549986,0.0029154637013562,0.181485971843358,0.415204805433556,NaN,NaN,NaN,NaN,NaN,NaN,NaN,NaN,NaN
NaN,NaN,-0.0852030175544011,-0.0626541466675311,-0.0928763650542047,-0.0709045062006529,0.00516019325004891,0.178517138992902,0.421076794266507,NaN,NaN,NaN,NaN,NaN,NaN,NaN,NaN,NaN
NaN,NaN,-0.0902776825047719,-0.0640742087028533,-0.0989886909907606,-0.0659546198488291,0.000673639879096299,0.178895423596259,0.413880706876322,NaN,NaN,NaN,NaN,NaN,NaN,NaN,NaN,NaN
NaN,NaN,-0.0776987927771794,-0.0709913649819403,-0.0893179491346624,-0.0686873438001688,0.00508084456669167,0.171844603901263,0.414650035202309,NaN,NaN,NaN,NaN,NaN,NaN,NaN,NaN,NaN
NaN,NaN,-0.0804075072325456,-0.0655532793365031,-0.0887077279573229,-0.066625805401903,0.00195718865143135,0.171691811119672,0.417272118031785,NaN,NaN,NaN,NaN,NaN,NaN,NaN,NaN,NaN
NaN,NaN,-0.0768338548756825,-0.0648522169552355,-0.084998102504566,-0.0713384838939722,0.00304646353470162,0.170660632138606,0.413884264528557,NaN,NaN,NaN,NaN,NaN,NaN,NaN,NaN,NaN
NaN,NaN,-0.0816342453278291,-0.0700705477259665,-0.0885824836974886,-0.0733046921135004,0.00632514740573243,0.167029740696307,0.419280012249753,NaN,NaN,NaN,NaN,NaN,NaN,NaN,NaN,NaN
NaN,NaN,-0.0849217208839642,-0.0721569710634261,-0.0899685897117403,-0.0717034505845125,-0.00059552927268669,0.167508049344178,0.407434874325797,NaN,NaN,NaN,NaN,NaN,NaN,NaN,NaN,NaN
NaN,NaN,-0.078095741084932,-0.0821520925722628,-0.084180531669214,-0.0813332701266821,0.000861357257235795,0.158218833093997,0.407369812130734,NaN,NaN,NaN,NaN,NaN,NaN,NaN,NaN,NaN
NaN,NaN,-0.0889984178162801,-0.0820323803685218,-0.0830609515493658,-0.0852496119381006,-0.00508897443069145,0.159982031618711,0.405470770895287,NaN,NaN,NaN,NaN,NaN,NaN,NaN,NaN,NaN
NaN,NaN,-0.0900147887684094,-0.0820825227759391,-0.0859502121990469,-0.0909620652140196,-0.00398615811718628,0.162963232432958,0.402121846675679,NaN,NaN,NaN,NaN,NaN,NaN,NaN,NaN,NaN
NaN,NaN,-0.0898921522117841,-0.0865945757589846,-0.0831649430280474,-0.0941742712796743,0.00113876099931076,0.16234965849435,0.410408643185898,NaN,NaN,NaN,NaN,NaN,NaN,NaN,NaN,NaN
NaN,NaN,-0.0861295345045316,-0.084005741145423,-0.0846024394219664,-0.0898973213673647,-0.00661261816276237,0.166263448481914,0.403714650422141,NaN,NaN,NaN,NaN,NaN,NaN,NaN,NaN,NaN
NaN,NaN,-0.0827302443600881,-0.0910983213446646,-0.0769687608068731,-0.103230209851366,-0.00661397789372131,0.162940768932458,0.408334606438681,NaN,NaN,NaN,NaN,NaN,NaN,NaN,NaN,NaN
NaN,NaN,-0.0926463338352429,-0.0888003760240584,-0.0802063919788149,-0.106185873800617,-0.0151124826516025,0.166103000228759,0.405023475289151,NaN,NaN,NaN,NaN,NaN,NaN,NaN,NaN,NaN
NaN,NaN,-0.0925583983577477,-0.0932562702558547,-0.0867065765147951,-0.109176723116737,-0.0121421596850269,0.163810568337794,0.39793914660792,NaN,NaN,NaN,NaN,NaN,NaN,NaN,NaN,NaN
NaN,NaN,-0.0874496656275975,-0.0995726303420573,-0.0856165751999166,-0.10926275869618,-0.00880586419953033,0.161743721400853,0.403348603397414,NaN,NaN,NaN,NaN,NaN,NaN,NaN,NaN,NaN
NaN,NaN,-0.0856480593599069,-0.0954817028008013,-0.0895234920268801,-0.10666595196138,-0.014778305485379,0.165895576064941,0.39428776606898,NaN,NaN,NaN,NaN,NaN,NaN,NaN,NaN,NaN
NaN,NaN,-0.0820723394669282,-0.103435123082212,-0.0804739982074049,-0.118960173630815,-0.0124164528097026,0.161099227552768,0.397744369804665,NaN,NaN,NaN,NaN,NaN,NaN,NaN,NaN,NaN
NaN,NaN,-0.0904018650568711,-0.0990721189640074,-0.0854326017385271,-0.116460019552809,-0.0177517204429023,0.164080465619918,0.390838147252604,NaN,NaN,NaN,NaN,NaN,NaN,NaN,NaN,NaN
NaN,NaN,-0.0826809028900849,-0.101928895082286,-0.0880420744603422,-0.1168849075378,-0.0107131010736339,0.162170024996158,0.386139568984315,NaN,NaN,NaN,NaN,NaN,NaN,NaN,NaN,NaN
NaN,NaN,-0.0749147343255269,-0.106361115094235,-0.0823615282958296,-0.115545945072275,-0.00798989523900673,0.161962451820727,0.389987495839402,NaN,NaN,NaN,NaN,NaN,NaN,NaN,NaN,NaN
NaN,NaN,-0.0764410788930642,-0.101638899859002,-0.0879963651483801,-0.116380018943649,-0.0163328877533786,0.168848837201949,0.384912532865807,NaN,NaN,NaN,NaN,NaN,NaN,NaN,NaN,NaN
NaN,NaN,-0.0764690558232057,-0.11026792016249,-0.0781496405785826,-0.124536840075355,-0.0142993076588027,0.164656712149736,0.388615601807639,NaN,NaN,NaN,NaN,NaN,NaN,NaN,NaN,NaN
NaN,NaN,-0.0854571754850137,-0.103759707625917,-0.0864445582216528,-0.12165750732432,-0.018018972768914,0.168059224670287,0.381127973198697,NaN,NaN,NaN,NaN,NaN,NaN,NaN,NaN,NaN
NaN,NaN,-0.0726752015568005,-0.105931346978953,-0.0881580241208818,-0.123725304210287,-0.0170666209305637,0.167456584458705,0.376463667601153,NaN,NaN,NaN,NaN,NaN,NaN,NaN,NaN,NaN
NaN,NaN,-0.0685717942930447,-0.106139162298253,-0.0865702495163229,-0.123579384589296,-0.0165485448087566,0.168915594404098,0.381381050795123,NaN,NaN,NaN,NaN,NaN,NaN,NaN,NaN,NaN
NaN,NaN,-0.0719886491812455,-0.0983818599246054,-0.0906865090316084,-0.121606116944652,-0.0259167372132652,0.173876079206821,0.37946820735912,NaN,NaN,NaN,NaN,NaN,NaN,NaN,NaN,NaN
NaN,NaN,-0.0702877002574193,-0.100980473425201,-0.0816837117260244,-0.123377902263504,-0.0168129659141414,0.172289291804191,0.380990882515713,NaN,NaN,NaN,NaN,NaN,NaN,NaN,NaN,NaN
NaN,NaN,-0.0687463986493337,-0.0913873479924708,-0.0904013939386156,-0.117553988301855,-0.0195659554447047,0.179438123886939,0.373642263114258,NaN,NaN,NaN,NaN,NaN,NaN,NaN,NaN,NaN
NaN,NaN,-0.0546453553057897,-0.0913823561034709,-0.0855165139025,-0.118300350213152,-0.0174806124414317,0.177749971335288,0.371036385297581,NaN,NaN,NaN,NaN,NaN,NaN,NaN,NaN,NaN
NaN,NaN,-0.0558384726561295,-0.0909333841167002,-0.0867183298056868,-0.121896205300194,-0.0201750404085033,0.1770680010668,0.369213339984223,NaN,NaN,NaN,NaN,NaN,NaN,NaN,NaN,NaN
NaN,NaN,-0.0646624374009358,-0.0920733043215781,-0.0951298862880018,-0.121306976133686,-0.0312362282420509,0.176528485899325,0.361882173567816,NaN,NaN,NaN,NaN,NaN,NaN,NaN,NaN,NaN
NaN,NaN,-0.0641350480533826,-0.0997752302549391,-0.0886078901773241,-0.120829077267748,-0.025706332817208,0.171421224658843,0.35654832154493,NaN,NaN,NaN,NaN,NaN,NaN,NaN,NaN,NaN
NaN,NaN,-0.0629297862566697,-0.0898551174662619,-0.0944696903413084,-0.112638355994325,-0.0281637391890399,0.175552515720483,0.351149425953433,NaN,NaN,NaN,NaN,NaN,NaN,NaN,NaN,NaN
NaN,NaN,-0.0536548751212346,-0.0878552698753386,-0.0879769563859251,-0.110625637525421,-0.0226476832176559,0.178163143282291,0.351866451203629,NaN,NaN,NaN,NaN,NaN,NaN,NaN,NaN,NaN
NaN,NaN,-0.0563623416043508,-0.0868426614664107,-0.0908992603605535,-0.112196778708797,-0.0289685881580226,0.174262708460446,0.355539047270819,NaN,NaN,NaN,NaN,NaN,NaN,NaN,NaN,NaN
NaN,NaN,-0.0680889407910096,-0.0870674454830199,-0.0942382194286135,-0.103846652263504,-0.036812559410464,0.171445383166429,0.345494733303591,NaN,NaN,NaN,NaN,NaN,NaN,NaN,NaN,NaN
NaN,NaN,-0.0640637273706185,-0.0918755472860842,-0.08976937981303,-0.104172950440746,-0.0329610562766902,0.165930873190518,0.338998087793395,NaN,NaN,NaN,NaN,NaN,NaN,NaN,NaN,NaN
NaN,NaN,-0.0648608836151349,-0.0825255342982321,-0.0966239325886515,-0.0997974852264936,-0.0387832938577048,0.168777591024991,0.33743583142738,NaN,NaN,NaN,NaN,NaN,NaN,NaN,NaN,NaN
NaN,NaN,-0.058194048217653,-0.0808864251933604,-0.0948191784506586,-0.103480232709747,-0.0395050688530318,0.163216421788093,0.338820074796483,NaN,NaN,NaN,NaN,NaN,NaN,NaN,NaN,NaN
NaN,NaN,-0.065002351514219,-0.0800670662186652,-0.0972324401324537,-0.105460448020798,-0.0465566894854419,0.155685933714267,0.340433777421519,NaN,NaN,NaN,NaN,NaN,NaN,NaN,NaN,NaN
NaN,NaN,-0.0698754596329915,-0.0798717865012198,-0.099920162576988,-0.0982226746321733,-0.0535295947338454,0.152610985969659,0.328895044624611,NaN,NaN,NaN,NaN,NaN,NaN,NaN,NaN,NaN
NaN,NaN,-0.0615518013752686,-0.0837515087090045,-0.0977515220826414,-0.101882399821382,-0.0503614961053245,0.148671528731938,0.326551203727528,NaN,NaN,NaN,NaN,NaN,NaN,NaN,NaN,NaN
NaN,NaN,-0.0624679061390149,-0.0730888151786833,-0.101506447065428,-0.0948611775578077,-0.0534252120996825,0.150603836809751,0.328450766503617,NaN,NaN,NaN,NaN,NaN,NaN,NaN,NaN,NaN
NaN,NaN,-0.0580138372994649,-0.0736228541694194,-0.103147828597381,-0.0996662059963758,-0.0551823384012096,0.144769436155912,0.329401069432303,NaN,NaN,NaN,NaN,NaN,NaN,NaN,NaN,NaN
NaN,NaN,-0.0664306278146493,-0.0748820395432025,-0.102963389474705,-0.0990125293077047,-0.0606385662104003,0.134117378329393,0.331938327401682,NaN,NaN,NaN,NaN,NaN,NaN,NaN,NaN,NaN
NaN,NaN,-0.0669720428801762,-0.0799365134201556,-0.10661495627816,-0.0933305675328787,-0.0684560879017226,0.129980350320693,0.320595339983508,NaN,NaN,NaN,NaN,NaN,NaN,NaN,NaN,NaN
NaN,NaN,-0.0613087820626485,-0.0810323820672541,-0.104414706695631,-0.0965041423381384,-0.0649056627298705,0.126041992043611,0.324797616451785,NaN,NaN,NaN,NaN,NaN,NaN,NaN,NaN,NaN
NaN,NaN,-0.0661228629566419,-0.0732460038028269,-0.11051721649225,-0.0905229838729914,-0.0743757045711391,0.125780830567237,0.326878451853797,NaN,NaN,NaN,NaN,NaN,NaN,NaN,NaN,NaN
NaN,NaN,-0.0653267311669576,-0.0738362015448123,-0.111040303129509,-0.0939144136549051,-0.0782918787444942,0.11443344730651,0.323519376218125,NaN,NaN,NaN,NaN,NaN,NaN,NaN,NaN,NaN
NaN,NaN,-0.069522935412048,-0.0744443924389392,-0.107603927720144,-0.0937277952374037,-0.0840359411085956,0.105282923614141,0.329461307376429,NaN,NaN,NaN,NaN,NaN,NaN,NaN,NaN,NaN
NaN,NaN,-0.0663061099864232,-0.0767443494163066,-0.112667733449295,-0.0889093743802126,-0.087434355809819,0.104724632983562,0.322257303744361,NaN,NaN,NaN,NaN,NaN,NaN,NaN,NaN,NaN
NaN,NaN,-0.0587915847815263,-0.0724519581757098,-0.107930784690931,-0.094686051660877,-0.0797915874863975,0.0999574534944259,0.333448932617709,NaN,NaN,NaN,NaN,NaN,NaN,NaN,NaN,NaN
NaN,NaN,-0.0641165147341477,-0.0620195620916396,-0.112706960756138,-0.0893370563329275,-0.0900620452011935,0.0981644899002276,0.333273378312394,NaN,NaN,NaN,NaN,NaN,NaN,NaN,NaN,NaN
NaN,NaN,-0.0603817063189733,-0.0624041796885043,-0.108623111266449,-0.0967982353807505,-0.0930718189920299,0.0852121398202144,0.329020512401864,NaN,NaN,NaN,NaN,NaN,NaN,NaN,NaN,NaN
NaN,NaN,-0.0636379825688588,-0.0681028680167704,-0.107802522945955,-0.10014505481134,-0.0991435392643325,0.0771923162392341,0.329304509907767,NaN,NaN,NaN,NaN,NaN,NaN,NaN,NaN,NaN
NaN,NaN,-0.0649014892793881,-0.0719212160668879,-0.113019344974115,-0.0959072390736158,-0.100903981074225,0.075855421309825,0.321265650093361,NaN,NaN,NaN,NaN,NaN,NaN,NaN,NaN,NaN
NaN,NaN,-0.0582631150997865,-0.0689357684217005,-0.105909181404665,-0.0998850295485075,-0.0971907607163303,0.0704537690035067,0.335231428146168,NaN,NaN,NaN,NaN,NaN,NaN,NaN,NaN,NaN
NaN,NaN,-0.0642872634149777,-0.0595108957253009,-0.110339706409529,-0.0930520648301657,-0.105178211524617,0.0709426574758254,0.333440513461634,NaN,NaN,NaN,NaN,NaN,NaN,NaN,NaN,NaN
NaN,NaN,-0.0572102921820867,-0.0581470855734854,-0.102274359781101,-0.100335137748819,-0.105446562811267,0.0595272131613456,0.329873249977633,NaN,NaN,NaN,NaN,NaN,NaN,NaN,NaN,NaN
NaN,NaN,-0.0634159552670705,-0.0631801017783194,-0.103023795056894,-0.100272292101484,-0.109429680451285,0.0542263485840522,0.330007211416766,NaN,NaN,NaN,NaN,NaN,NaN,NaN,NaN,NaN
NaN,NaN,-0.0648445109642732,-0.0650193707309275,-0.105078572053268,-0.0964325422586019,-0.109834973409306,0.0511587210348807,0.328209237307116,NaN,NaN,NaN,NaN,NaN,NaN,NaN,NaN,NaN
NaN,NaN,-0.0608164849497067,-0.0639132389090567,-0.101527271438196,-0.0979530567468222,-0.108377360447776,0.0430920705548488,0.339804631769463,NaN,NaN,NaN,NaN,NaN,NaN,NaN,NaN,NaN
NaN,NaN,-0.0638212482250916,-0.0606775635145217,-0.105075331050709,-0.09243964573155,-0.11737667460693,0.0377336688688956,0.334049766063496,NaN,NaN,NaN,NaN,NaN,NaN,NaN,NaN,NaN
NaN,NaN,-0.0596676240481126,-0.0631797478757411,-0.101774891484335,-0.101537344807487,-0.118207153573167,0.0293430485180579,0.334662017524048,NaN,NaN,NaN,NaN,NaN,NaN,NaN,NaN,NaN
NaN,NaN,-0.0684558260060536,-0.0681468450687438,-0.100908072311237,-0.102509235793453,-0.120898005261552,0.0273030981770717,0.337354806363389,NaN,NaN,NaN,NaN,NaN,NaN,NaN,NaN,NaN
NaN,NaN,-0.0662156226850736,-0.0670992748103648,-0.100703609753206,-0.100253255868059,-0.123113081499469,0.0221890755346976,0.342378956377312,NaN,NaN,NaN,NaN,NaN,NaN,NaN,NaN,NaN
NaN,NaN,-0.0629627364493596,-0.0698365436158686,-0.09694244490917,-0.102164869958263,-0.120072778954636,0.0140187502256595,0.351708480268523,NaN,NaN,NaN,NaN,NaN,NaN,NaN,NaN,NaN
NaN,NaN,-0.0656916978574979,-0.0641033590994387,-0.0997774653321054,-0.0992807688356455,-0.125279207422864,0.0159226715913974,0.344129265397593,NaN,NaN,NaN,NaN,NaN,NaN,NaN,NaN,NaN
NaN,NaN,-0.0641922126330125,-0.0671917551420241,-0.0998426206594255,-0.109111437404257,-0.1197640268947,0.012871919607278,0.342777208536669,NaN,NaN,NaN,NaN,NaN,NaN,NaN,NaN,NaN
NaN,NaN,-0.0750915924824464,-0.0708982513509303,-0.0962819509392527,-0.109128406101566,-0.120452665432822,0.0111004509381019,0.348938913196131,NaN,NaN,NaN,NaN,NaN,NaN,NaN,NaN,NaN
NaN,NaN,-0.0740146296836125,-0.0730365866086989,-0.0998868957346228,-0.110489254647594,-0.123721291020047,0.00865999463712797,0.350655582845017,NaN,NaN,NaN,NaN,NaN,NaN,NaN,NaN,NaN
NaN,NaN,-0.0710592451311337,-0.0787870192192107,-0.0938984543269422,-0.112445404583317,-0.119568393274676,0.000640655343886465,0.352129102796122,NaN,NaN,NaN,NaN,NaN,NaN,NaN,NaN,NaN
NaN,NaN,-0.0738007607675778,-0.0738113538585215,-0.099328009057596,-0.110816242003542,-0.123900533362757,0.00384412560379133,0.339854885935589,NaN,NaN,NaN,NaN,NaN,NaN,NaN,NaN,NaN
NaN,NaN,-0.073291737101196,-0.0774254814944773,-0.0938793249612596,-0.118450647050243,-0.118607305630576,0.00172460306202993,0.339566343575522,NaN,NaN,NaN,NaN,NaN,NaN,NaN,NaN,NaN
NaN,NaN,-0.076135251186012,-0.0778033004365473,-0.0920261606758383,-0.116744221949678,-0.119902905717026,0.000694485788699239,0.344682005345627,NaN,NaN,NaN,NaN,NaN,NaN,NaN,NaN,NaN
NaN,NaN,-0.0687924618638741,-0.0794767380915194,-0.0949294284170416,-0.110771333628994,-0.118913692131173,-0.000372958893422037,0.345800859033867,NaN,NaN,NaN,NaN,NaN,NaN,NaN,NaN,NaN
NaN,NaN,-0.062592461220144,-0.0836867631636172,-0.0854032464509752,-0.110634708607298,-0.10988519032253,-0.00403689366066828,0.346400220989987,NaN,NaN,NaN,NaN,NaN,NaN,NaN,NaN,NaN
NaN,NaN,-0.0688927466787087,-0.076969822611621,-0.0904934644883421,-0.113130206072431,-0.111695457890164,-0.000347086752299219,0.332202804386422,NaN,NaN,NaN,NaN,NaN,NaN,NaN,NaN,NaN
NaN,NaN,-0.0696238721526849,-0.0808370278440028,-0.085813028383806,-0.122905311936241,-0.110539816960227,-0.00710699852788821,0.329909683316752,NaN,NaN,NaN,NaN,NaN,NaN,NaN,NaN,NaN
NaN,NaN,-0.0741570289052712,-0.0821470261774569,-0.0875996403580454,-0.124088464135032,-0.114294760569464,-0.00711180415237322,0.333350435942217,NaN,NaN,NaN,NaN,NaN,NaN,NaN,NaN,NaN
NaN,NaN,-0.069926328472017,-0.0836100780628234,-0.0854626462047842,-0.121628505939346,-0.113921076699626,-0.00582879554713145,0.331382346451088,NaN,NaN,NaN,NaN,NaN,NaN,NaN,NaN,NaN
NaN,NaN,-0.0630680876590001,-0.0804633626006156,-0.0762978546505716,-0.122206279838186,-0.103303347423207,-0.00177111622178927,0.330829271226927,NaN,NaN,NaN,NaN,NaN,NaN,NaN,NaN,NaN
NaN,NaN,-0.071188270560621,-0.0685845853052645,-0.0829246245508936,-0.124615890735489,-0.107060302689206,0.00423319492256269,0.322967958748147,NaN,NaN,NaN,NaN,NaN,NaN,NaN,NaN,NaN
NaN,NaN,-0.0692529636241185,-0.0722012833915263,-0.0775952428763655,-0.130825949663025,-0.105633292987477,0.000934841518756002,0.322503452300831,NaN,NaN,NaN,NaN,NaN,NaN,NaN,NaN,NaN
NaN,NaN,-0.0694728861368882,-0.0732794941626101,-0.0793633401578215,-0.130570916289192,-0.11053748865379,0.00272968638455495,0.321854618489548,NaN,NaN,NaN,NaN,NaN,NaN,NaN,NaN,NaN
NaN,NaN,-0.0617205011464345,-0.0753811725638419,-0.0789565570836809,-0.126601917499405,-0.111060109629761,0.00357325974619016,0.314779062866971,NaN,NaN,NaN,NaN,NaN,NaN,NaN,NaN,NaN
NaN,NaN,-0.0581336426354634,-0.0733493619821578,-0.0773768291061666,-0.12867917662273,-0.102939721837174,0.00549919757759199,0.309543204605385,NaN,NaN,NaN,NaN,NaN,NaN,NaN,NaN,NaN
NaN,NaN,-0.0687478142596471,-0.0678379067442923,-0.0852459460681227,-0.129904256963831,-0.109207764908206,0.00463899079477414,0.296736196726367,NaN,NaN,NaN,NaN,NaN,NaN,NaN,NaN,NaN
NaN,NaN,-0.0652034613109815,-0.074616798873952,-0.0818022132104185,-0.13280435820828,-0.106546585157048,-0.00168798636877909,0.294869397878453,NaN,NaN,NaN,NaN,NaN,NaN,NaN,NaN,NaN
NaN,NaN,-0.0637453081823575,-0.0761809737644702,-0.0819749549215582,-0.12906522845636,-0.11279715661658,-0.00525517534697428,0.292287212908074,NaN,NaN,NaN,NaN,NaN,NaN,NaN,NaN,NaN
NaN,NaN,-0.0573461721457231,-0.0780620963535815,-0.0793434843605307,-0.121011914515596,-0.107398633554112,-0.00246154289925471,0.282446765452429,NaN,NaN,NaN,NaN,NaN,NaN,NaN,NaN,NaN
NaN,NaN,-0.0594923305131185,-0.0750899293683081,-0.0781410351579931,-0.123944593423706,-0.101899099245202,-0.00100148987257853,0.275378045737549,NaN,NaN,NaN,NaN,NaN,NaN,NaN,NaN,NaN
NaN,NaN,-0.0682796756542909,-0.0695925184748679,-0.0815010793691423,-0.122326439076763,-0.109287094965111,-0.000679475779179484,0.266960212141081,NaN,NaN,NaN,NaN,NaN,NaN,NaN,NaN,NaN
NaN,NaN,-0.0628635692216145,-0.0733046398721247,-0.076106765884712,-0.127409802579981,-0.105335530533921,-0.00588212307775393,0.268405233621403,NaN,NaN,NaN,NaN,NaN,NaN,NaN,NaN,NaN
NaN,NaN,-0.066013600192188,-0.0761410572789221,-0.0753101870601919,-0.125112639570337,-0.112948012247216,-0.0051023080595769,0.267637861072823,NaN,NaN,NaN,NaN,NaN,NaN,NaN,NaN,NaN
NaN,NaN,-0.0635131294645059,-0.0751263440809756,-0.0784639992004183,-0.120005732232433,-0.107692018791568,-0.00169661041582003,0.25654515728335,NaN,NaN,NaN,NaN,NaN,NaN,NaN,NaN,NaN
NaN,NaN,-0.0649544629074323,-0.0731477306447535,-0.0763673685675409,-0.122600508684021,-0.108777866407763,-0.00462463271105662,0.254896939843699,NaN,NaN,NaN,NaN,NaN,NaN,NaN,NaN,NaN
NaN,NaN,-0.0692071239269959,-0.0669535228274375,-0.0795782521551397,-0.118785140866142,-0.112231955572497,-0.0033032163628377,0.249391649961278,NaN,NaN,NaN,NaN,NaN,NaN,NaN,NaN,NaN
NaN,NaN,-0.0588341834760892,-0.0710554772279769,-0.0758359745329168,-0.123517842793566,-0.108697847172152,-0.0104656457551755,0.254487698077961,NaN,NaN,NaN,NaN,NaN,NaN,NaN,NaN,NaN
NaN,NaN,-0.0595365124560582,-0.0726508886776477,-0.0784344203954485,-0.117512544447284,-0.111177176877391,-0.00704700272763148,0.253828843235775,NaN,NaN,NaN,NaN,NaN,NaN,NaN,NaN,NaN
NaN,NaN,-0.0570435109354245,-0.0686191187463313,-0.0814947277491835,-0.109629085117679,-0.108393099799287,-0.00699049007380381,0.244489242434308,NaN,NaN,NaN,NaN,NaN,NaN,NaN,NaN,NaN
NaN,NaN,-0.0593793052054631,-0.0661801339350253,-0.080210899580076,-0.11251909082542,-0.108745717152487,-0.0132737137028016,0.239643794596001,NaN,NaN,NaN,NaN,NaN,NaN,NaN,NaN,NaN
NaN,NaN,-0.0625854576743829,-0.0626363211534529,-0.0838643476551321,-0.110936382615667,-0.116018638655078,-0.0142364218481816,0.236031529605195,NaN,NaN,NaN,NaN,NaN,NaN,NaN,NaN,NaN
NaN,NaN,-0.0556741687275159,-0.0705042087696105,-0.0788312941973951,-0.11443951522718,-0.114722889557015,-0.0232429258176126,0.24129409819822,NaN,NaN,NaN,NaN,NaN,NaN,NaN,NaN,NaN
NaN,NaN,-0.0595153528071629,-0.0709415392241984,-0.0801932230776098,-0.103761156851154,-0.115912412002217,-0.0200780123122968,0.236792215257689,NaN,NaN,NaN,NaN,NaN,NaN,NaN,NaN,NaN
NaN,NaN,-0.0587663086868512,-0.0663791389427691,-0.0807127706890848,-0.0948176847935732,-0.113708735152613,-0.0212599537917413,0.229353164434239,NaN,NaN,NaN,NaN,NaN,NaN,NaN,NaN,NaN
NaN,NaN,-0.0576017270601975,-0.0626841538808852,-0.0735656522398737,-0.0999452116132791,-0.115023725375067,-0.0270376741536893,0.2327826294301,NaN,NaN,NaN,NaN,NaN,NaN,NaN,NaN,NaN
NaN,NaN,-0.0601312550522077,-0.0565328427813559,-0.0772254333084371,-0.0973216759205873,-0.120927844836842,-0.0239770874031819,0.229661692976758,NaN,NaN,NaN,NaN,NaN,NaN,NaN,NaN,NaN
NaN,NaN,-0.0572187672175157,-0.0630762593112498,-0.0741909422164705,-0.100143862718445,-0.116977807774674,-0.0318642720230855,0.237978049665495,NaN,NaN,NaN,NaN,NaN,NaN,NaN,NaN,NaN
NaN,NaN,-0.0597649100042569,-0.0623512246869116,-0.0798181235974577,-0.0926294492722567,-0.118747842207085,-0.0325175389298238,0.235284217744872,NaN,NaN,NaN,NaN,NaN,NaN,NaN,NaN,NaN
NaN,NaN,-0.0574665735281693,-0.062389073636344,-0.080304162222698,-0.0891514251173551,-0.120404273911845,-0.0368514485307969,0.227147028893038,NaN,NaN,NaN,NaN,NaN,NaN,NaN,NaN,NaN
NaN,NaN,-0.0532683948792207,-0.0593147219381838,-0.0771641522830274,-0.0946708152235563,-0.12620192457689,-0.0421194187947549,0.229319301545426,NaN,NaN,NaN,NaN,NaN,NaN,NaN,NaN,NaN
NaN,NaN,-0.0594880278028237,-0.0558049955628424,-0.0811728812938478,-0.0921915972770269,-0.13063515041722,-0.0383327543386258,0.22685572981815,NaN,NaN,NaN,NaN,NaN,NaN,NaN,NaN,NaN
NaN,NaN,-0.0554932127512681,-0.0594528184495478,-0.0795222796684053,-0.095702180469137,-0.12359850545181,-0.0478346660383977,0.232956078946396,NaN,NaN,NaN,NaN,NaN,NaN,NaN,NaN,NaN
NaN,NaN,-0.0556954215086686,-0.0590303332767993,-0.086462309229925,-0.0879601704121645,-0.127515089407098,-0.0510420478531159,0.227224999218985,NaN,NaN,NaN,NaN,NaN,NaN,NaN,NaN,NaN
NaN,NaN,-0.0516596096373784,-0.056969912465623,-0.0828381046837118,-0.0882367173374708,-0.126490317925345,-0.0557275503524579,0.222792667448327,NaN,NaN,NaN,NaN,NaN,NaN,NaN,NaN,NaN
NaN,NaN,-0.0482681984819161,-0.055984126146844,-0.0757409610038546,-0.0928483100772913,-0.130101539834868,-0.0608446649857797,0.225931671559617,NaN,NaN,NaN,NaN,NaN,NaN,NaN,NaN,NaN
NaN,NaN,-0.0545048746086347,-0.0529975236616641,-0.0795222610419538,-0.0888057926834638,-0.133478012576234,-0.0607604734250344,0.222207461595341,NaN,NaN,NaN,NaN,NaN,NaN,NaN,NaN,NaN
NaN,NaN,-0.0511988284803616,-0.060295367356351,-0.0823521405642774,-0.0909904705525453,-0.12912337173475,-0.0707257181056775,0.232114256471201,NaN,NaN,NaN,NaN,NaN,NaN,NaN,NaN,NaN
NaN,NaN,-0.0566266136981236,-0.0601363533399611,-0.0834555715506819,-0.0838163251222189,-0.133157171949279,-0.0729564964422025,0.227587600350186,NaN,NaN,NaN,NaN,NaN,NaN,NaN,NaN,NaN
NaN,NaN,-0.0506936977423417,-0.0564797573946028,-0.0788185350781229,-0.0845556462348516,-0.13371186767472,-0.0786857880302705,0.222405516654059,NaN,NaN,NaN,NaN,NaN,NaN,NaN,NaN,NaN
NaN,NaN,-0.0531643661476361,-0.0553924755416422,-0.0736768149023798,-0.0879368128419931,-0.134687111421954,-0.0806598379858769,0.226791841089531,NaN,NaN,NaN,NaN,NaN,NaN,NaN,NaN,NaN
NaN,NaN,-0.0575552168108212,-0.0520911791584998,-0.0802035235052851,-0.0826323347331102,-0.138146676763427,-0.0822821832844056,0.224822242855832,NaN,NaN,NaN,NaN,NaN,NaN,NaN,NaN,NaN
NaN,NaN,-0.0482619399942147,-0.0581093670092135,-0.0813717745428827,-0.084788607263666,-0.134366252168547,-0.0918369009741582,0.231700283586785,NaN,NaN,NaN,NaN,NaN,NaN,NaN,NaN,NaN
NaN,NaN,-0.0495676542438256,-0.0586604305766135,-0.0791069470530298,-0.0792711729348715,-0.13971403677715,-0.0904709860333242,0.225456846058175,NaN,NaN,NaN,NaN,NaN,NaN,NaN,NaN,NaN
NaN,NaN,-0.045231304577707,-0.0561092400215178,-0.0760160923188475,-0.0821473950685079,-0.139107317372691,-0.0943715326138772,0.219832160621687,NaN,NaN,NaN,NaN,NaN,NaN,NaN,NaN,NaN
NaN,NaN,-0.048457368723272,-0.0540079900286704,-0.0726898364907053,-0.0861582474947985,-0.138040394231211,-0.0960226930328645,0.222849068343445,NaN,NaN,NaN,NaN,NaN,NaN,NaN,NaN,NaN
NaN,NaN,-0.0508713382102239,-0.0499926672540217,-0.0819945685749796,-0.0826989615500982,-0.135336839302909,-0.0988925635465421,0.221596812009617,NaN,NaN,NaN,NaN,NaN,NaN,NaN,NaN,NaN
NaN,NaN,-0.0443446482337701,-0.0560926624796897,-0.0750283129697588,-0.083110103213888,-0.1275007656659,-0.102651400084142,0.229331259727284,NaN,NaN,NaN,NaN,NaN,NaN,NaN,NaN,NaN
NaN,NaN,-0.0448913532115209,-0.0535532438419371,-0.0682187989538458,-0.077396364712816,-0.129230175807606,-0.0972366720088758,0.225410820096537,NaN,NaN,NaN,NaN,NaN,NaN,NaN,NaN,NaN
NaN,NaN,-0.0416317800797212,-0.0494316757879763,-0.0643373072331694,-0.0792288722635324,-0.122766089334618,-0.0963506862171926,0.223305230140492,NaN,NaN,NaN,NaN,NaN,NaN,NaN,NaN,NaN
NaN,NaN,-0.0435715573645818,-0.046989841129592,-0.0636456512099054,-0.0760047080160196,-0.120985754474532,-0.099186991865281,0.226984121948287,NaN,NaN,NaN,NaN,NaN,NaN,NaN,NaN,NaN
NaN,NaN,-0.048036001137613,-0.0452210546694308,-0.0740960404461172,-0.0701591128648336,-0.120016545697581,-0.0996728069731034,0.226191976219222,NaN,NaN,NaN,NaN,NaN,NaN,NaN,NaN,NaN
NaN,NaN,-0.0426423023260819,-0.054187008853963,-0.0621825806980875,-0.0742378587068136,-0.117679019167554,-0.104293303156737,0.23188420116882,NaN,NaN,NaN,NaN,NaN,NaN,NaN,NaN,NaN
NaN,NaN,-0.0456296871222245,-0.0521689818463832,-0.0595581136828211,-0.0745080540121611,-0.12207862426294,-0.0987604088732041,0.224890490174099,NaN,NaN,NaN,NaN,NaN,NaN,NaN,NaN,NaN
NaN,NaN,-0.0475827636934506,-0.0506696828864127,-0.0606833376174715,-0.0760843547226007,-0.121339526667725,-0.102657900715712,0.22279246255736,NaN,NaN,NaN,NaN,NaN,NaN,NaN,NaN,NaN
NaN,NaN,-0.052705801538347,-0.0510703378580123,-0.0629794947987345,-0.0764805207193907,-0.118954167410266,-0.104172976280097,0.225846287905976,NaN,NaN,NaN,NaN,NaN,NaN,NaN,NaN,NaN
NaN,NaN,-0.0542302648342835,-0.0480226778648406,-0.0670322008615282,-0.0738545263351019,-0.11499368090881,-0.0998924687155522,0.226734341233775,NaN,NaN,NaN,NaN,NaN,NaN,NaN,NaN,NaN
NaN,NaN,-0.0449013183630692,-0.054949762042573,-0.0537603512590673,-0.0809414440930899,-0.11544438515557,-0.10075941827381,0.230955653935477,NaN,NaN,NaN,NaN,NaN,NaN,NaN,NaN,NaN
NaN,NaN,-0.0488053294635999,-0.0531119832060843,-0.056172383595064,-0.0792291330338533,-0.113836493983399,-0.0928906365879811,0.224040695577666,NaN,NaN,NaN,NaN,NaN,NaN,NaN,NaN,NaN
NaN,NaN,-0.0513584385431992,-0.0534282603524237,-0.0597745157962587,-0.0820728147567327,-0.110857379331719,-0.097451546753291,0.218217675685689,NaN,NaN,NaN,NaN,NaN,NaN,NaN,NaN,NaN
NaN,NaN,-0.0524448449529397,-0.0560058632157355,-0.0635080017333773,-0.0837454514742906,-0.107125402137171,-0.100613349641208,0.218313583284422,NaN,NaN,NaN,NaN,NaN,NaN,NaN,NaN,NaN
NaN,NaN,-0.0519782709695088,-0.0530965605042487,-0.0669838093405512,-0.0836304890156801,-0.107042775198352,-0.0979682817705907,0.211931881606385,NaN,NaN,NaN,NaN,NaN,NaN,NaN,NaN,NaN
NaN,NaN,-0.0467178630448567,-0.0596510970256835,-0.0579613983815458,-0.0916675793171938,-0.105565902485978,-0.0994867473491468,0.209773075878426,NaN,NaN,NaN,NaN,NaN,NaN,NaN,NaN,NaN
NaN,NaN,-0.0534522752083528,-0.0605766081474333,-0.0615240983849314,-0.088627332651716,-0.109317642345559,-0.095683523977641,0.195704628824994,NaN,NaN,NaN,NaN,NaN,NaN,NaN,NaN,NaN
NaN,NaN,-0.0515935229874837,-0.064076015468648,-0.0669070869868544,-0.0876569131554182,-0.108021669730078,-0.103780051285867,0.191693646013543,NaN,NaN,NaN,NaN,NaN,NaN,NaN,NaN,NaN
NaN,NaN,-0.04866341452968,-0.0631765813789874,-0.0707667485063818,-0.0875901187003668,-0.103145227476489,-0.104255100304727,0.188075625449225,NaN,NaN,NaN,NaN,NaN,NaN,NaN,NaN,NaN
NaN,NaN,-0.0475750150896298,-0.0590339095554858,-0.070681439358547,-0.087803819978338,-0.104920551821124,-0.100741182977799,0.180947878509566,NaN,NaN,NaN,NaN,NaN,NaN,NaN,NaN,NaN
NaN,NaN,-0.0451791505135285,-0.0630062797329932,-0.0625603623872545,-0.0948294939638193,-0.103142079606187,-0.10225234698737,0.180560168921753,NaN,NaN,NaN,NaN,NaN,NaN,NaN,NaN,NaN
NaN,NaN,-0.0524270194388616,-0.0620494389198332,-0.0683522761052397,-0.0916398445309217,-0.110558499291074,-0.102771540696267,0.166866560578152,NaN,NaN,NaN,NaN,NaN,NaN,NaN,NaN,NaN
NaN,NaN,-0.0504796611882436,-0.0631265134773761,-0.0704300195163038,-0.0913147570730265,-0.107328318699729,-0.108532292360906,0.159361013322875,NaN,NaN,NaN,NaN,NaN,NaN,NaN,NaN,NaN
NaN,NaN,-0.0456661577142465,-0.0604054496846705,-0.0666936278527525,-0.0923095772207792,-0.103296623274218,-0.106066783482675,0.157342725544974,NaN,NaN,NaN,NaN,NaN,NaN,NaN,NaN,NaN
NaN,NaN,-0.0431236098326432,-0.0560479776225596,-0.0613631658440378,-0.0887272449375208,-0.100484867289197,-0.0963817178853788,0.152283837199017,NaN,NaN,NaN,NaN,NaN,NaN,NaN,NaN,NaN
NaN,NaN,-0.0410408372796761,-0.0571813040636092,-0.0541811041718271,-0.0907495560289438,-0.0997829853440635,-0.0935604624100961,0.155496192276284,NaN,NaN,NaN,NaN,NaN,NaN,NaN,NaN,NaN
NaN,NaN,-0.0477823274947392,-0.0505464316568881,-0.0604067720657137,-0.0850544439793642,-0.101211447909009,-0.0919419169076719,0.143330958783433,NaN,NaN,NaN,NaN,NaN,NaN,NaN,NaN,NaN
NaN,NaN,-0.0410893964387166,-0.0468050294778853,-0.0601649634724405,-0.0841778086663301,-0.097670876129996,-0.0920346393832006,0.138453045040175,NaN,NaN,NaN,NaN,NaN,NaN,NaN,NaN,NaN
NaN,NaN,-0.0381468641377675,-0.0438276470861941,-0.0568215526824739,-0.0843854936004694,-0.0961193486000411,-0.0884463466354646,0.131819532364413,NaN,NaN,NaN,NaN,NaN,NaN,NaN,NaN,NaN
NaN,NaN,-0.0381995397425878,-0.042788812633565,-0.0560178958063868,-0.0833366008640345,-0.0961788414861076,-0.0832074895151891,0.126297236531779,NaN,NaN,NaN,NaN,NaN,NaN,NaN,NaN,NaN
NaN,NaN,-0.0385266388572442,-0.0497766004167109,-0.0552690938299444,-0.0900918187738474,-0.0996933548594825,-0.0901488974341191,0.125700798928544,NaN,NaN,NaN,NaN,NaN,NaN,NaN,NaN,NaN
NaN,NaN,-0.0428196633971917,-0.0479375549815207,-0.060604733992174,-0.0829896645785387,-0.103415106132161,-0.0912118158885278,0.113888667076632,NaN,NaN,NaN,NaN,NaN,NaN,NaN,NaN,NaN
NaN,NaN,-0.0395605559266793,-0.0500786469541102,-0.0620711945181635,-0.0822331139982756,-0.0999160340870731,-0.0898164525278844,0.114644044190451,NaN,NaN,NaN,NaN,NaN,NaN,NaN,NaN,NaN
NaN,NaN,-0.0369411553062188,-0.0468639449439555,-0.055294276792362,-0.0819151232183988,-0.0941366559709422,-0.0865361667820253,0.113058895915553,NaN,NaN,NaN,NaN,NaN,NaN,NaN,NaN,NaN
NaN,NaN,-0.0384761239207971,-0.0449851506612807,-0.0563169807379988,-0.0784829760135229,-0.096196033700835,-0.0844601556309499,0.10681605443339,NaN,NaN,NaN,NaN,NaN,NaN,NaN,NaN,NaN
NaN,NaN,-0.0386417130745637,-0.0540694759450465,-0.0558593474512842,-0.0822057703674848,-0.0959727025474422,-0.0944577358313836,0.10433944419007,NaN,NaN,NaN,NaN,NaN,NaN,NaN,NaN,NaN
NaN,NaN,-0.0447911987818467,-0.0521271468363314,-0.0620450057273653,-0.0766181515694673,-0.0988795651937835,-0.0894327662535943,0.0957256416974512,NaN,NaN,NaN,NaN,NaN,NaN,NaN,NaN,NaN
NaN,NaN,-0.0444768960393655,-0.0544263960085421,-0.0607733778839853,-0.0797157863319929,-0.0966551384772174,-0.0899931057938375,0.0945740240810362,NaN,NaN,NaN,NaN,NaN,NaN,NaN,NaN,NaN
NaN,NaN,-0.0465586441375005,-0.0495428011975794,-0.057087761927202,-0.0804320665241297,-0.095783066644799,-0.0854207403608598,0.0926857861874548,NaN,NaN,NaN,NaN,NaN,NaN,NaN,NaN,NaN
NaN,NaN,-0.0518870386100995,-0.0508782246373206,-0.0649889163857248,-0.0788717845619734,-0.0987799881841056,-0.0876788250752725,0.0841894048450437,NaN,NaN,NaN,NaN,NaN,NaN,NaN,NaN,NaN
NaN,NaN,-0.0500479372955548,-0.0556484774909526,-0.0653698645716455,-0.0837792026043947,-0.0981572686578147,-0.09589195396984,0.0837042789159265,NaN,NaN,NaN,NaN,NaN,NaN,NaN,NaN,NaN
NaN,NaN,-0.0521567682541596,-0.0503991523049384,-0.0695635542457846,-0.0816991867662485,-0.106265083595645,-0.0892139240750112,0.0711350376902071,NaN,NaN,NaN,NaN,NaN,NaN,NaN,NaN,NaN
NaN,NaN,-0.0453477012730824,-0.0495278069041281,-0.0668325811808851,-0.0852161588312204,-0.1008106811787,-0.0909700818010606,0.0746812346575704,NaN,NaN,NaN,NaN,NaN,NaN,NaN,NaN,NaN
NaN,NaN,-0.0438025998688924,-0.0484130137823134,-0.0682787575011995,-0.0820401625872667,-0.0976978286053054,-0.0893985867151059,0.0724814134834257,NaN,NaN,NaN,NaN,NaN,NaN,NaN,NaN,NaN
NaN,NaN,-0.0425132768965947,-0.0502027550004035,-0.0742376573568132,-0.0807742530644949,-0.100823235407006,-0.0955618187435903,0.0649195398388353,NaN,NaN,NaN,NaN,NaN,NaN,NaN,NaN,NaN
NaN,NaN,-0.0409635375059831,-0.0529228688440829,-0.069888306427553,-0.0835760252715166,-0.100098498805892,-0.1019169591018,0.0646678778527227,NaN,NaN,NaN,NaN,NaN,NaN,NaN,NaN,NaN
NaN,NaN,-0.0454240138448464,-0.0494321414492636,-0.0730235107427385,-0.0759147050024088,-0.104151670529973,-0.095637591148261,0.0563175837693658,NaN,NaN,NaN,NaN,NaN,NaN,NaN,NaN,NaN
NaN,NaN,-0.0399941983438718,-0.0496520267091303,-0.0691619120722559,-0.0774266885758455,-0.0983925579930656,-0.104058609867934,0.0619441691039053,NaN,NaN,NaN,NaN,NaN,NaN,NaN,NaN,NaN
NaN,NaN,-0.0414652782298314,-0.0477338374815493,-0.0687602885251787,-0.0722690055311735,-0.0972382767940871,-0.101813563669566,0.06188543990235,NaN,NaN,NaN,NaN,NaN,NaN,NaN,NaN,NaN
NaN,NaN,-0.0426467540479886,-0.0458232478461772,-0.0684474013930109,-0.0702196302057321,-0.0981079271878116,-0.103468691522721,0.0631465065477338,NaN,NaN,NaN,NaN,NaN,NaN,NaN,NaN,NaN
NaN,NaN,-0.0403844970084416,-0.0454397292099505,-0.064891649056032,-0.0739121379495676,-0.0971430211211555,-0.104720854724292,0.0676089014111009,NaN,NaN,NaN,NaN,NaN,NaN,NaN,NaN,NaN
NaN,NaN,-0.0427860240257966,-0.0376969368420153,-0.0617794484084394,-0.0694639923215921,-0.103653506084811,-0.0982212289818563,0.0675463724134412,NaN,NaN,NaN,NaN,NaN,NaN,NaN,NaN,NaN
NaN,NaN,-0.0364369186378705,-0.0372235642037898,-0.0613461040144709,-0.0686101930380876,-0.0992103709722869,-0.105812327528838,0.0719061541555372,NaN,NaN,NaN,NaN,NaN,NaN,NaN,NaN,NaN
NaN,NaN,-0.037674553207277,-0.0360570081732779,-0.0626231335287836,-0.0693529972971495,-0.09903466765536,-0.106069279427174,0.0706946897504774,NaN,NaN,NaN,NaN,NaN,NaN,NaN,NaN,NaN
NaN,NaN,-0.0381738724924314,-0.0372418367527037,-0.0668745279496458,-0.0723694207311685,-0.105660450353753,-0.11001816164935,0.0658731582758871,NaN,NaN,NaN,NaN,NaN,NaN,NaN,NaN,NaN
NaN,NaN,-0.0358474845803964,-0.038212535645774,-0.0636547036653307,-0.0773405226112421,-0.105157368525397,-0.110598859901074,0.0712060976026502,NaN,NaN,NaN,NaN,NaN,NaN,NaN,NaN,NaN
NaN,NaN,-0.0389929893232572,-0.0347741113267451,-0.0693387143498209,-0.0675076747478063,-0.109234866395127,-0.109885932470206,0.0687644119558778,NaN,NaN,NaN,NaN,NaN,NaN,NaN,NaN,NaN
NaN,NaN,-0.0340897808588731,-0.0374761388860255,-0.0673731021767404,-0.0702499168158586,-0.0999325184966438,-0.116359686071519,0.0723375986514536,NaN,NaN,NaN,NaN,NaN,NaN,NaN,NaN,NaN
NaN,NaN,-0.0337780485666978,-0.0359359548650294,-0.0635088958030489,-0.0686780492008741,-0.0994357882882468,-0.117338431591634,0.0704153302309957,NaN,NaN,NaN,NaN,NaN,NaN,NaN,NaN,NaN
NaN,NaN,-0.0345732117809045,-0.0338339784405738,-0.0672654599135664,-0.0674700865686949,-0.10183342237724,-0.116629657859448,0.0669897395370451,NaN,NaN,NaN,NaN,NaN,NaN,NaN,NaN,NaN
NaN,NaN,-0.0364591586209523,-0.0372975484691172,-0.0611484401112345,-0.0693373324514444,-0.0978832549299113,-0.119899419660214,0.0701169717309919,NaN,NaN,NaN,NaN,NaN,NaN,NaN,NaN,NaN
NaN,NaN,-0.0429844516135442,-0.0360343397818118,-0.0677449234014299,-0.06173796376,-0.0986003174330108,-0.121504051203374,0.0648639771340337,NaN,NaN,NaN,NaN,NaN,NaN,NaN,NaN,NaN
NaN,NaN,-0.0409894282735574,-0.0400201768837481,-0.0605352200752047,-0.0654954778195436,-0.0923704772139899,-0.128838384116534,0.0686481456456629,NaN,NaN,NaN,NaN,NaN,NaN,NaN,NaN,NaN
NaN,NaN,-0.0471572051562058,-0.0394656860492736,-0.0588531024938372,-0.0678655261338766,-0.0972662909771316,-0.128417240048293,0.0639445941148248,NaN,NaN,NaN,NaN,NaN,NaN,NaN,NaN,NaN
NaN,NaN,-0.0474553773916947,-0.0399773360453158,-0.0608390733783987,-0.0655156875194128,-0.0985945059801452,-0.127626901085023,0.0612014766035524,NaN,NaN,NaN,NaN,NaN,NaN,NaN,NaN,NaN
NaN,NaN,-0.0466706263638722,-0.0443391294441729,-0.0551801897769716,-0.0695166306735094,-0.0980256541515701,-0.135191401059274,0.0661974447963682,NaN,NaN,NaN,NaN,NaN,NaN,NaN,NaN,NaN
NaN,NaN,-0.048545751235603,-0.0416288317404299,-0.0610881090348509,-0.0618700625539835,-0.100395329936873,-0.130800829792861,0.061136954575583,NaN,NaN,NaN,NaN,NaN,NaN,NaN,NaN,NaN
NaN,NaN,-0.0441404278196084,-0.0416825876794367,-0.0541239582186487,-0.0681315304876383,-0.0923493548179977,-0.135955551231746,0.0652307133374658,NaN,NaN,NaN,NaN,NaN,NaN,NaN,NaN,NaN
NaN,NaN,-0.048788044116615,-0.0390817948840171,-0.0555685885434893,-0.0671253109515722,-0.093953185423743,-0.127667618507985,0.0647690008578744,NaN,NaN,NaN,NaN,NaN,NaN,NaN,NaN,NaN
NaN,NaN,-0.0451624053336369,-0.0393364184759169,-0.0549964957123545,-0.0668143795968111,-0.097996745898854,-0.129372069204692,0.0611472177503553,NaN,NaN,NaN,NaN,NaN,NaN,NaN,NaN,NaN
NaN,NaN,-0.0457892413057076,-0.0443390735648184,-0.0541787572389391,-0.0728038454593237,-0.0948288335348479,-0.136085936392192,0.0649565505979505,NaN,NaN,NaN,NaN,NaN,NaN,NaN,NaN,NaN
NaN,NaN,-0.0509259137130963,-0.0446391270719081,-0.0589748263543394,-0.0667811127544458,-0.0937705716933124,-0.130114761705045,0.0596188056467023,NaN,NaN,NaN,NaN,NaN,NaN,NaN,NaN,NaN
NaN,NaN,-0.0465753148115861,-0.0462788322232276,-0.0544233597999361,-0.0721579732538278,-0.0853529988671653,-0.130864178354386,0.0605534996090379,NaN,NaN,NaN,NaN,NaN,NaN,NaN,NaN,NaN
NaN,NaN,-0.0502500901736009,-0.0422004775367289,-0.0533257961457518,-0.0690029131413515,-0.0860520495916717,-0.120354594255332,0.0593678700921979,NaN,NaN,NaN,NaN,NaN,NaN,NaN,NaN,NaN
NaN,NaN,-0.0484325210369813,-0.0395622828267127,-0.051356197912052,-0.0680302212179716,-0.0897232300485484,-0.120083802903537,0.0594505529103723,NaN,NaN,NaN,NaN,NaN,NaN,NaN,NaN,NaN
NaN,NaN,-0.0448004747546899,-0.0455387101731806,-0.0465259306317118,-0.0710661092938002,-0.0852681181277148,-0.122197551245335,0.0646078634260145,NaN,NaN,NaN,NaN,NaN,NaN,NaN,NaN,NaN
NaN,NaN,-0.0478158178545224,-0.0445268654487639,-0.0498563029056337,-0.063139064067703,-0.0868620953406207,-0.117626824940089,0.05459379881601,NaN,NaN,NaN,NaN,NaN,NaN,NaN,NaN,NaN
NaN,NaN,-0.0446446644879567,-0.0441228018365412,-0.0451900042777803,-0.0702155882657583,-0.0798461071099155,-0.119235517049674,0.0548915798960176,NaN,NaN,NaN,NaN,NaN,NaN,NaN,NaN,NaN
NaN,NaN,-0.0496946121371972,-0.043049154546073,-0.0466724090462473,-0.066675295883518,-0.0862076363409869,-0.116976705903653,0.0496876473722902,NaN,NaN,NaN,NaN,NaN,NaN,NaN,NaN,NaN
NaN,NaN,-0.0465626674510228,-0.0446692460439711,-0.0493544504230764,-0.0716202462256964,-0.0905055410112254,-0.11850342300022,0.0458290475604978,NaN,NaN,NaN,NaN,NaN,NaN,NaN,NaN,NaN
NaN,NaN,-0.0426986845947492,-0.0498558559678107,-0.0473705284481791,-0.0738490129054602,-0.087108374282252,-0.122030490601901,0.0505386899409738,NaN,NaN,NaN,NaN,NaN,NaN,NaN,NaN,NaN
NaN,NaN,-0.0452942806102025,-0.0436929033360987,-0.0535076834445742,-0.0663415098727758,-0.0882748371805064,-0.113093984837178,0.0422134111819711,NaN,NaN,NaN,NaN,NaN,NaN,NaN,NaN,NaN
NaN,NaN,-0.0399247775591599,-0.0424606145582705,-0.0479661092346456,-0.0741911621929224,-0.0784270136500709,-0.115629380161408,0.0441722433267084,NaN,NaN,NaN,NaN,NaN,NaN,NaN,NaN,NaN
NaN,NaN,-0.0424523870266664,-0.0426018216870337,-0.0470568962579515,-0.071399578654867,-0.0858474752749316,-0.111238250101451,0.0367349433896986,NaN,NaN,NaN,NaN,NaN,NaN,NaN,NaN,NaN
NaN,NaN,-0.0424941847838151,-0.0442589425704985,-0.0489743218010214,-0.0754444429815824,-0.0864745720173232,-0.113821403647307,0.035855905264422,NaN,NaN,NaN,NaN,NaN,NaN,NaN,NaN,NaN
NaN,NaN,-0.0428433003641355,-0.0518704184554129,-0.050796584803417,-0.0788436772466715,-0.0806229791487567,-0.116180611366872,0.0345450128612962,NaN,NaN,NaN,NaN,NaN,NaN,NaN,NaN,NaN
NaN,NaN,-0.0454242001093614,-0.0469710656664878,-0.0562321931308058,-0.0747103372753675,-0.0813191613997333,-0.1097572981962,0.0233171555397955,NaN,NaN,NaN,NaN,NaN,NaN,NaN,NaN,NaN
NaN,NaN,-0.0410280222810494,-0.046880839135459,-0.0499257795697,-0.0792254077435549,-0.0776800556923263,-0.112874174083117,0.0247611711917367,NaN,NaN,NaN,NaN,NaN,NaN,NaN,NaN,NaN
NaN,NaN,-0.0408321651436078,-0.043475439514926,-0.0493302732890394,-0.0761796849013384,-0.0873379080439918,-0.105788206274156,0.0176812197266069,NaN,NaN,NaN,NaN,NaN,NaN,NaN,NaN,NaN
NaN,NaN,-0.0369953955329644,-0.0436288655958682,-0.0500028744524267,-0.0783391053021963,-0.0874940163339488,-0.107739066297654,0.0157936710117307,NaN,NaN,NaN,NaN,NaN,NaN,NaN,NaN,NaN
NaN,NaN,-0.0347036155678021,-0.0523516142032652,-0.0490443945115355,-0.080237494611841,-0.0840960859204642,-0.110958965087775,0.0166347856817689,NaN,NaN,NaN,NaN,NaN,NaN,NaN,NaN,NaN
NaN,NaN,-0.0370891238368737,-0.0460094937346488,-0.0517923921530989,-0.0746609026731069,-0.0853714763070457,-0.104959813470487,0.0109034638104883,NaN,NaN,NaN,NaN,NaN,NaN,NaN,NaN,NaN
NaN,NaN,-0.0327862086511838,-0.0469228976629286,-0.0448282599633482,-0.0774224789978083,-0.082275313034188,-0.106124711746816,0.00991512566785484,NaN,NaN,NaN,NaN,NaN,NaN,NaN,NaN,NaN
NaN,NaN,-0.0350499930597531,-0.0414430142603427,-0.0463082246666697,-0.0731229724527414,-0.0922295494819991,-0.0996205225237645,0.0022109645603147,NaN,NaN,NaN,NaN,NaN,NaN,NaN,NaN,NaN
NaN,NaN,-0.0326254251219022,-0.0433937625251322,-0.04768682422097,-0.0740325952113684,-0.0910105041111819,-0.102583394909743,-0.00203830644507737,NaN,NaN,NaN,NaN,NaN,NaN,NaN,NaN,NaN
NaN,NaN,-0.0354932280994641,-0.0507053525410205,-0.0451454311793592,-0.0760024542153891,-0.0851312509621494,-0.103783571685199,-0.00255951181073518,NaN,NaN,NaN,NaN,NaN,NaN,NaN,NaN,NaN
NaN,NaN,-0.040254130474447,-0.0455638931355982,-0.0465723104959276,-0.067888883704048,-0.0860340936924331,-0.0946123540052213,-0.00932141661663384,NaN,NaN,NaN,NaN,NaN,NaN,NaN,NaN,NaN
NaN,NaN,-0.0354691627241361,-0.0455195435545951,-0.0396814920192507,-0.0721966045142229,-0.0840367047931068,-0.0981696150847711,-0.00896162807960839,NaN,NaN,NaN,NaN,NaN,NaN,NaN,NaN,NaN
NaN,NaN,-0.034998341909765,-0.0377925650439768,-0.0438469812458303,-0.0684012228787954,-0.0869539796258323,-0.0894401050754823,-0.0123100121321234,NaN,NaN,NaN,NaN,NaN,NaN,NaN,NaN,NaN
NaN,NaN,-0.0306317801393258,-0.0372190938554316,-0.0425827481036928,-0.0689968595446165,-0.0852579480852,-0.0929451375850476,-0.0186814133824858,NaN,NaN,NaN,NaN,NaN,NaN,NaN,NaN,NaN
NaN,NaN,-0.0316336597121942,-0.0420713403485327,-0.0434852928107527,-0.0704806799233969,-0.0798834531451575,-0.0919187828549184,-0.0207570147516283,NaN,NaN,NaN,NaN,NaN,NaN,NaN,NaN,NaN
NaN,NaN,-0.0321416961766469,-0.0370822453163176,-0.0455318927949217,-0.0626365969122465,-0.0831876925076358,-0.086828508938197,-0.0277093750240359,NaN,NaN,NaN,NaN,NaN,NaN,NaN,NaN,NaN
NaN,NaN,-0.0287783178306806,-0.0382800751588851,-0.0438564621096399,-0.0666086876929815,-0.0798129892791621,-0.0910085454233922,-0.0295366857947859,NaN,NaN,NaN,NaN,NaN,NaN,NaN,NaN,NaN
NaN,NaN,-0.0306863928951013,-0.0377822832427531,-0.0507550850694921,-0.0619460584760721,-0.0861781692947261,-0.08669786300743,-0.0326716852190051,NaN,NaN,NaN,NaN,NaN,NaN,NaN,NaN,NaN
NaN,NaN,-0.0331366280831086,-0.0448313147984057,-0.0517086662536409,-0.065128834748369,-0.0835627919877879,-0.0938540152856149,-0.0319956940414462,NaN,NaN,NaN,NaN,NaN,NaN,NaN,NaN,NaN
NaN,NaN,-0.0317619959629762,-0.0481008158288508,-0.0519671082680967,-0.0615727098823603,-0.0792549407924525,-0.0903838514932431,-0.0314190563561472,NaN,NaN,NaN,NaN,NaN,NaN,NaN,NaN,NaN
NaN,NaN,-0.0347727569557416,-0.0380584017596751,-0.0498499699121263,-0.0530508475543077,-0.0832908457960002,-0.0887605748721398,-0.0399531748892817,NaN,NaN,NaN,NaN,NaN,NaN,NaN,NaN,NaN
NaN,NaN,-0.0305801103628861,-0.0392518916390448,-0.0485040225272921,-0.0605946535409506,-0.077650458260905,-0.0951172984787263,-0.0404252436759028,NaN,NaN,NaN,NaN,NaN,NaN,NaN,NaN,NaN
NaN,NaN,-0.0329814138628232,-0.0407486946545153,-0.0506544649785307,-0.0561608502806242,-0.0816224372829311,-0.0938088647671975,-0.0391272594036612,NaN,NaN,NaN,NaN,NaN,NaN,NaN,NaN,NaN
NaN,NaN,-0.0342942806698072,-0.0455446520112067,-0.0549410447662619,-0.0602706091643389,-0.0761129005695693,-0.0980154439457692,-0.039211208820537,NaN,NaN,NaN,NaN,NaN,NaN,NaN,NaN,NaN
NaN,NaN,-0.035390689483999,-0.0460894943438082,-0.0514454372411516,-0.0595257559956129,-0.0777779190684669,-0.0944386250921525,-0.0352706526221785,NaN,NaN,NaN,NaN,NaN,NaN,NaN,NaN,NaN
NaN,NaN,-0.03823276933205,-0.0375892945788413,-0.0506413705831316,-0.0581080222667272,-0.0821252955938689,-0.0906170360394754,-0.0427954596282992,NaN,NaN,NaN,NaN,NaN,NaN,NaN,NaN,NaN
NaN,NaN,-0.0319097223497617,-0.0406313852630168,-0.0499769091790464,-0.0617517845870073,-0.0803714661742561,-0.0935696638771333,-0.0411886674167666,NaN,NaN,NaN,NaN,NaN,NaN,NaN,NaN,NaN
NaN,NaN,-0.0314816306151139,-0.040370484556964,-0.0549193635767248,-0.0563531870187338,-0.0854673652793281,-0.0940895095118321,-0.0379660677911791,NaN,NaN,NaN,NaN,NaN,NaN,NaN,NaN,NaN
NaN,NaN,-0.0288768517590749,-0.0432831214032679,-0.0590437814777639,-0.0612389611245211,-0.0827576822484843,-0.0989140398451127,-0.0351441231371912,NaN,NaN,NaN,NaN,NaN,NaN,NaN,NaN,NaN
NaN,NaN,-0.0297069768227326,-0.0422686876020937,-0.0544537954216745,-0.0615503208876665,-0.0821166901732795,-0.0950510255643167,-0.0296130542459044,NaN,NaN,NaN,NaN,NaN,NaN,NaN,NaN,NaN
NaN,NaN,-0.030229262522577,-0.0323034056685477,-0.0585545763557699,-0.0560672709883268,-0.086051267280709,-0.092543458158616,-0.0343890999259505,NaN,NaN,NaN,NaN,NaN,NaN,NaN,NaN,NaN
NaN,NaN,-0.0267894412196862,-0.0370947995446234,-0.0550870388930586,-0.0589789578856047,-0.0840029909159057,-0.100724661315326,-0.031039263010219,NaN,NaN,NaN,NaN,NaN,NaN,NaN,NaN,NaN
NaN,NaN,-0.0282558458663213,-0.0409394108913451,-0.0621239632552412,-0.0558778027237471,-0.0879701456869952,-0.103381296212319,-0.0316484969856295,NaN,NaN,NaN,NaN,NaN,NaN,NaN,NaN,NaN
NaN,NaN,-0.0285306046522843,-0.0434757561646014,-0.0582562364822176,-0.0596905069590624,-0.0845046571339481,-0.110818391258363,-0.0311976809801611,NaN,NaN,NaN,NaN,NaN,NaN,NaN,NaN,NaN
NaN,NaN,-0.0337750124551045,-0.0403186843953639,-0.0506226323729303,-0.0606398040593679,-0.0853583446587436,-0.108483230287675,-0.0272159603240046,NaN,NaN,NaN,NaN,NaN,NaN,NaN,NaN,NaN
NaN,NaN,-0.0384856606639611,-0.0290471666715651,-0.0537822745924738,-0.0536804588676508,-0.088645186915528,-0.102921930665616,-0.0282319960000071,NaN,NaN,NaN,NaN,NaN,NaN,NaN,NaN,NaN
NaN,NaN,-0.0325177828587281,-0.0353486069701224,-0.0473628543501642,-0.0569120736957605,-0.0825225791777484,-0.107442607695702,-0.0212910351159129,NaN,NaN,NaN,NaN,NaN,NaN,NaN,NaN,NaN
NaN,NaN,-0.0333397495366323,-0.0342006960175543,-0.0505080796962526,-0.0516242476345118,-0.0881267382646911,-0.102116839552764,-0.0237614613773379,NaN,NaN,NaN,NaN,NaN,NaN,NaN,NaN,NaN
NaN,NaN,-0.0337173263348329,-0.0354162954948454,-0.0432512514477518,-0.0566207746208723,-0.0832842520321719,-0.106695836002473,-0.0247035872938189,NaN,NaN,NaN,NaN,NaN,NaN,NaN,NaN,NaN
NaN,NaN,-0.0380370798326718,-0.0319921204112082,-0.0412994973545816,-0.0591230334878977,-0.0852995968307368,-0.102363323385362,-0.0225494754316363,NaN,NaN,NaN,NaN,NaN,NaN,NaN,NaN,NaN
NaN,NaN,-0.038444905988096,-0.0270664856992274,-0.0470714621430185,-0.051641886884075,-0.089154974266421,-0.104672165180091,-0.0270186316968951,NaN,NaN,NaN,NaN,NaN,NaN,NaN,NaN,NaN
NaN,NaN,-0.0342759336150872,-0.0365090721509963,-0.0491972990518358,-0.0552041584790762,-0.0845361172105186,-0.109896009380464,-0.0251735326649699,NaN,NaN,NaN,NaN,NaN,NaN,NaN,NaN,NaN
NaN,NaN,-0.0353268566347348,-0.0362277754805594,-0.0524222456103113,-0.052984947168928,-0.0868698439444415,-0.106732157582883,-0.0264875543119463,NaN,NaN,NaN,NaN,NaN,NaN,NaN,NaN,NaN
NaN,NaN,-0.0351140866793382,-0.0360651293061286,-0.0465330645626333,-0.0589730719269331,-0.0805295674945228,-0.110276976192836,-0.0259297107162032,NaN,NaN,NaN,NaN,NaN,NaN,NaN,NaN,NaN
NaN,NaN,-0.0365258785701978,-0.0330900938473254,-0.0502026617711332,-0.059197241270643,-0.080968574329745,-0.109851548040751,-0.0260999378563914,NaN,NaN,NaN,NaN,NaN,NaN,NaN,NaN,NaN
NaN,NaN,-0.0368786821879136,-0.0314809733293562,-0.0529200747793463,-0.050739602947336,-0.0830162919010036,-0.109546223247889,-0.0304760363699946,NaN,NaN,NaN,NaN,NaN,NaN,NaN,NaN,NaN
NaN,NaN,-0.030103198698877,-0.0412656531892329,-0.0509211957639006,-0.0614661293269213,-0.0798618837143294,-0.113792867923621,-0.029391064197019,NaN,NaN,NaN,NaN,NaN,NaN,NaN,NaN,NaN
NaN,NaN,-0.0392118128753888,-0.0420873963497191,-0.0473247260039595,-0.0596034282983358,-0.0813034593011252,-0.11089898791397,-0.0314224463703188,NaN,NaN,NaN,NaN,NaN,NaN,NaN,NaN,NaN
NaN,NaN,-0.0442597488678681,-0.040304919447711,-0.0464172266608027,-0.0642809400499876,-0.0784743993426673,-0.116340202803258,-0.0348953855039629,NaN,NaN,NaN,NaN,NaN,NaN,NaN,NaN,NaN
NaN,NaN,-0.0461554745949494,-0.0395284571908026,-0.0475629210656431,-0.0643320137799795,-0.081991967454087,-0.114507825637702,-0.0339098227026019,NaN,NaN,NaN,NaN,NaN,NaN,NaN,NaN,NaN
NaN,NaN,-0.0443537938214528,-0.0401239262185603,-0.0483574696069506,-0.0589754002333696,-0.0885977267171256,-0.11261807900155,-0.0394997325541529,NaN,NaN,NaN,NaN,NaN,NaN,NaN,NaN,NaN
NaN,NaN,-0.0373221407450425,-0.0447576285563021,-0.0447136700337675,-0.0681640150190409,-0.0839855751837604,-0.113784355635289,-0.033062933832601,NaN,NaN,NaN,NaN,NaN,NaN,NaN,NaN,NaN
NaN,NaN,-0.0411275806642758,-0.0409266517720728,-0.0437988691216257,-0.0648522133172567,-0.0875691926921718,-0.109334067965392,-0.0346623499693427,NaN,NaN,NaN,NaN,NaN,NaN,NaN,NaN,NaN
NaN,NaN,-0.0399536299325215,-0.0412204654179125,-0.0416075788622644,-0.0723494345487173,-0.0828208445454948,-0.115291477704886,-0.0338119779529128,NaN,NaN,NaN,NaN,NaN,NaN,NaN,NaN,NaN
NaN,NaN,-0.037567935398935,-0.042974127199462,-0.0448913105016497,-0.0662860030473288,-0.0845125920022838,-0.110294783080462,-0.0347168323399577,NaN,NaN,NaN,NaN,NaN,NaN,NaN,NaN,NaN
NaN,NaN,-0.034860133639692,-0.0402004064283877,-0.0485112868433741,-0.0639656314791258,-0.084927347197663,-0.109360834176186,-0.0431995604934248,NaN,NaN,NaN,NaN,NaN,NaN,NaN,NaN,NaN
NaN,NaN,-0.0306800785280454,-0.0448173077068835,-0.0444115862434652,-0.0724750699640329,-0.0798729664529674,-0.110522379691247,-0.0393545393647704,NaN,NaN,NaN,NaN,NaN,NaN,NaN,NaN,NaN
NaN,NaN,-0.03944386120808,-0.0395062544606238,-0.0456611976211813,-0.0708303356708105,-0.0809181897784583,-0.112626684422139,-0.0460697104038748,NaN,NaN,NaN,NaN,NaN,NaN,NaN,NaN,NaN
NaN,NaN,-0.0362201998747575,-0.0432303154132872,-0.0465707458740023,-0.0738968642593439,-0.071135074540507,-0.115555414522532,-0.0465667386354956,NaN,NaN,NaN,NaN,NaN,NaN,NaN,NaN,NaN
NaN,NaN,-0.0339526342965352,-0.0438322850726157,-0.04690073208864,-0.0668499933720644,-0.0757971822167747,-0.107310788298491,-0.0491838109495196,NaN,NaN,NaN,NaN,NaN,NaN,NaN,NaN,NaN
NaN,NaN,-0.0315123270071732,-0.0361383126340418,-0.0443870552068499,-0.0632335560561235,-0.0760769701446406,-0.104630199784879,-0.054063270688251,NaN,NaN,NaN,NaN,NaN,NaN,NaN,NaN,NaN
NaN,NaN,-0.0275151650227296,-0.0396419854126483,-0.0392400637453344,-0.0702676491976793,-0.0733289725030772,-0.107395110244397,-0.0507475760581049,NaN,NaN,NaN,NaN,NaN,NaN,NaN,NaN,NaN
NaN,NaN,-0.0341273131586301,-0.0330310479960948,-0.0419546269064692,-0.0650701986790712,-0.0753134905244224,-0.10518128197873,-0.0574579787256274,NaN,NaN,NaN,NaN,NaN,NaN,NaN,NaN,NaN
NaN,NaN,-0.0289435530818688,-0.0382372343204527,-0.0416562684064653,-0.0672939734698351,-0.0754539525951259,-0.107111410761718,-0.0583071400227103,NaN,NaN,NaN,NaN,NaN,NaN,NaN,NaN,NaN
NaN,NaN,-0.0273908893383729,-0.0368057542703658,-0.0425322704201487,-0.0660405250431116,-0.0811956307734363,-0.103365426475648,-0.062075178027347,NaN,NaN,NaN,NaN,NaN,NaN,NaN,NaN,NaN
NaN,NaN,-0.0279017942763555,-0.0349168830774336,-0.0455418951993731,-0.0672295259476717,-0.0821511304820888,-0.103391093725804,-0.0632960860433135,NaN,NaN,NaN,NaN,NaN,NaN,NaN,NaN,NaN
NaN,NaN,-0.0252113709963548,-0.0378421300313979,-0.0433703676050451,-0.077056227082115,-0.0778420313145034,-0.106418525392655,-0.0588099983336482,NaN,NaN,NaN,NaN,NaN,NaN,NaN,NaN,NaN
NaN,NaN,-0.0316836531079995,-0.0322147623858958,-0.0414404995923784,-0.0693048292935904,-0.0808822593535296,-0.103662034089211,-0.0632821720840487,NaN,NaN,NaN,NaN,NaN,NaN,NaN,NaN,NaN
NaN,NaN,-0.0237074899293172,-0.0347850078008681,-0.0372493244891909,-0.0719802582801397,-0.0796780965174548,-0.103705154324416,-0.0679720890523944,NaN,NaN,NaN,NaN,NaN,NaN,NaN,NaN,NaN
NaN,NaN,-0.0204877587772595,-0.0297318191490679,-0.0360699162071493,-0.0674457790494974,-0.0783379419590346,-0.098730550671462,-0.0720803578199896,NaN,NaN,NaN,NaN,NaN,NaN,NaN,NaN,NaN
NaN,NaN,-0.0190472821511018,-0.0281838492713481,-0.0357891224509028,-0.065438965165716,-0.0769345692242496,-0.0997060179361142,-0.0790708650650534,NaN,NaN,NaN,NaN,NaN,NaN,NaN,NaN,NaN
NaN,NaN,-0.020836576334356,-0.0319597476385146,-0.0333798282032755,-0.072242388331991,-0.0684325813199393,-0.103298445756081,-0.0760689143838439,NaN,NaN,NaN,NaN,NaN,NaN,NaN,NaN,NaN
NaN,NaN,-0.0281845065571057,-0.0324786060712843,-0.0382946781998423,-0.065437605434757,-0.079566337808501,-0.100149644131307,-0.085157262981132,NaN,NaN,NaN,NaN,NaN,NaN,NaN,NaN,NaN
NaN,NaN,-0.0237371618665444,-0.0323101298175364,-0.0370095834320334,-0.0673996972085054,-0.0782371356035583,-0.101498255098704,-0.0874992039801631,NaN,NaN,NaN,NaN,NaN,NaN,NaN,NaN,NaN
NaN,NaN,-0.0214417683697927,-0.030362641181758,-0.0335693896001127,-0.0602138171137388,-0.0809038287843577,-0.0952816955395974,-0.0894166295232329,NaN,NaN,NaN,NaN,NaN,NaN,NaN,NaN,NaN
NaN,NaN,-0.0179349104679811,-0.0292094589434176,-0.0342614181524065,-0.0588826777578409,-0.076174293353688,-0.0964656114229001,-0.0896232154967341,NaN,NaN,NaN,NaN,NaN,NaN,NaN,NaN,NaN
NaN,NaN,-0.0214717010773408,-0.0307346859238654,-0.0337255165165213,-0.0616971718312319,-0.0700028098071925,-0.0985019296058454,-0.0819093127550635,NaN,NaN,NaN,NaN,NaN,NaN,NaN,NaN,NaN
NaN,NaN,-0.0250567714489686,-0.0280620881579428,-0.0327432319706228,-0.0550001802087839,-0.0787133394624106,-0.0972284391173162,-0.0876420688631091,NaN,NaN,NaN,NaN,NaN,NaN,NaN,NaN,NaN
NaN,NaN,-0.0181318665660607,-0.0283405349813014,-0.0301883906310347,-0.0563733408392485,-0.0697020298684947,-0.0987830772646703,-0.0881924618782553,NaN,NaN,NaN,NaN,NaN,NaN,NaN,NaN,NaN
NaN,NaN,-0.0167482378698575,-0.0252009348235636,-0.032094863820627,-0.0522197725416239,-0.0698766342247836,-0.0921132243820466,-0.0918988835813555,NaN,NaN,NaN,NaN,NaN,NaN,NaN,NaN,NaN
NaN,NaN,-0.0192701476432073,-0.0243962534926444,-0.0379142888074663,-0.052552422338825,-0.0685599676216953,-0.0949857025989331,-0.0956127186121497,NaN,NaN,NaN,NaN,NaN,NaN,NaN,NaN,NaN
NaN,NaN,-0.0225081885970819,-0.0292149909995108,-0.0344549656098631,-0.0553682202638205,-0.0733728377963416,-0.0991261392482556,-0.09403392195721,NaN,NaN,NaN,NaN,NaN,NaN,NaN,NaN,NaN
NaN,NaN,-0.0246242279924142,-0.0250515320561438,-0.033617185074642,-0.0496046746314581,-0.0800961672211997,-0.0936653293319978,-0.0983497639002356,NaN,NaN,NaN,NaN,NaN,NaN,NaN,NaN,NaN
NaN,NaN,-0.0199633310354936,-0.0246716269515067,-0.030912940967634,-0.050979511642557,-0.0687536827172153,-0.0939697228022851,-0.0947634828092608,NaN,NaN,NaN,NaN,NaN,NaN,NaN,NaN,NaN
NaN,NaN,-0.0197243722892987,-0.0198673994503527,-0.0318063400870112,-0.0461914519012983,-0.0682518861140124,-0.0866993158706464,-0.0922668863834891,NaN,NaN,NaN,NaN,NaN,NaN,NaN,NaN,NaN
NaN,NaN,-0.0214339825130689,-0.0209571958742648,-0.035132242012575,-0.0436934212387617,-0.0674216306651942,-0.0872176713892259,-0.0943059799077067,NaN,NaN,NaN,NaN,NaN,NaN,NaN,NaN,NaN
NaN,NaN,-0.0209966893113839,-0.0254801267049819,-0.0321286708300856,-0.0485200191081579,-0.0669923282111995,-0.0895023919292726,-0.0921225127579722,NaN,NaN,NaN,NaN,NaN,NaN,NaN,NaN,NaN
NaN,NaN,-0.0226317378498303,-0.0255117730460673,-0.0344022527521399,-0.0443848351181562,-0.0715635201777332,-0.0874602064141072,-0.0958001752199683,NaN,NaN,NaN,NaN,NaN,NaN,NaN,NaN,NaN
NaN,NaN,-0.0205358895279157,-0.0275958680770903,-0.0326995343154219,-0.0496756227851923,-0.067946617200505,-0.0919143870123662,-0.0933871556820425,NaN,NaN,NaN,NaN,NaN,NaN,NaN,NaN,NaN
NaN,NaN,-0.0258472966767537,-0.0258549654148131,-0.0394731551593092,-0.0455990189851339,-0.0695113881374709,-0.0918231919058599,-0.0915268202127966,NaN,NaN,NaN,NaN,NaN,NaN,NaN,NaN,NaN
NaN,NaN,-0.0255606914676415,-0.0279331186078101,-0.0444154977982786,-0.0427739264608438,-0.0724417573655955,-0.0927118412801065,-0.0956126441063437,NaN,NaN,NaN,NaN,NaN,NaN,NaN,NaN,NaN
NaN,NaN,-0.0239619831360566,-0.0290949062667399,-0.0376234181409624,-0.0452337728978212,-0.0699771611834876,-0.0951783373602666,-0.0911125306787047,NaN,NaN,NaN,NaN,NaN,NaN,NaN,NaN,NaN
NaN,NaN,-0.0258947568751561,-0.0201072150133162,-0.0347744092529562,-0.0389480533243235,-0.0741479589487426,-0.0914888284751214,-0.0908927758039984,NaN,NaN,NaN,NaN,NaN,NaN,NaN,NaN,NaN
NaN,NaN,-0.0201822290934312,-0.0191378944776564,-0.0311843097394255,-0.0446480641306456,-0.06772850145353,-0.0928192600258626,-0.0822735716404471,NaN,NaN,NaN,NaN,NaN,NaN,NaN,NaN,NaN
NaN,NaN,-0.025462604574083,-0.018337292339614,-0.0360076852327135,-0.0410169864238317,-0.0713567665661685,-0.0920361853786744,-0.081376503110126,NaN,NaN,NaN,NaN,NaN,NaN,NaN,NaN,NaN
NaN,NaN,-0.0290208714820134,-0.0219858602843791,-0.0393888704663065,-0.0401504466475065,-0.0732937685097568,-0.0929293609806336,-0.0870083597304377,NaN,NaN,NaN,NaN,NaN,NaN,NaN,NaN,NaN
NaN,NaN,-0.0319092939413774,-0.0253387333117037,-0.0320762001162317,-0.0470198447049673,-0.0696856013382785,-0.0978807933279313,-0.0854081612827334,NaN,NaN,NaN,NaN,NaN,NaN,NaN,NaN,NaN
NaN,NaN,-0.0326449270166146,-0.0197406464479476,-0.0326965727096346,-0.0454053783954199,-0.0758385143126361,-0.0927063278504647,-0.08841968596001,NaN,NaN,NaN,NaN,NaN,NaN,NaN,NaN,NaN
NaN,NaN,-0.0274228337026822,-0.020439659919551,-0.0289574429577139,-0.0473744550884779,-0.072713200643193,-0.0937808505841531,-0.0839202244581732,NaN,NaN,NaN,NaN,NaN,NaN,NaN,NaN,NaN
NaN,NaN,-0.0269175912059533,-0.0188560203872233,-0.0347663998788145,-0.0409795472563322,-0.0773681185091846,-0.0918526775785722,-0.0866278213264498,NaN,NaN,NaN,NaN,NaN,NaN,NaN,NaN,NaN
NaN,NaN,-0.024995266906141,-0.0215495729110747,-0.035145373660877,-0.0389468798578794,-0.0748576640035026,-0.0923633962520398,-0.0893932719530615,NaN,NaN,NaN,NaN,NaN,NaN,NaN,NaN,NaN
NaN,NaN,-0.0207463498033273,-0.0207252965531855,-0.0314964145606306,-0.0448078418315466,-0.069743622734677,-0.0979078016825952,-0.0826655839385542,NaN,NaN,NaN,NaN,NaN,NaN,NaN,NaN,NaN
NaN,NaN,-0.0228741238630998,-0.0161691733859091,-0.0323375851100233,-0.0383680628777559,-0.075050410523545,-0.0937844454892911,-0.0831500951947722,NaN,NaN,NaN,NaN,NaN,NaN,NaN,NaN,NaN
NaN,NaN,-0.0188780608392941,-0.018501987423709,-0.0314076967721727,-0.0403991470278318,-0.0710980637813918,-0.0964970714994706,-0.0824462388457808,NaN,NaN,NaN,NaN,NaN,NaN,NaN,NaN,NaN
NaN,NaN,-0.0220613027728784,-0.0193892956934481,-0.034423747677162,-0.0352804118932302,-0.074776713445317,-0.0967548615881242,-0.0872040678562674,NaN,NaN,NaN,NaN,NaN,NaN,NaN,NaN,NaN
NaN,NaN,-0.0253306547917115,-0.0228836179934054,-0.0327738538568762,-0.0342799665571268,-0.0730529657448642,-0.102410597319249,-0.0910869379343543,NaN,NaN,NaN,NaN,NaN,NaN,NaN,NaN,NaN
NaN,NaN,-0.0236140037692773,-0.0247920097075015,-0.0257391832953241,-0.0391012186349447,-0.0674488439108245,-0.104180277849082,-0.0833427113296542,NaN,NaN,NaN,NaN,NaN,NaN,NaN,NaN,NaN
NaN,NaN,-0.0272188554323899,-0.0176211797855406,-0.0257074810748842,-0.0323330180884417,-0.0722753300215118,-0.0959031112142839,-0.0812464718522582,NaN,NaN,NaN,NaN,NaN,NaN,NaN,NaN,NaN
NaN,NaN,-0.0226170974589574,-0.0188194380364924,-0.020247490722492,-0.0357843505383547,-0.0661183378542773,-0.0986159793683328,-0.078982165903047,NaN,NaN,NaN,NaN,NaN,NaN,NaN,NaN,NaN
NaN,NaN,-0.0316278482593286,-0.0186770574412852,-0.0214005239492205,-0.0296430977226313,-0.0726432583178394,-0.0928432508953847,-0.0832563591005358,NaN,NaN,NaN,NaN,NaN,NaN,NaN,NaN,NaN
NaN,NaN,-0.0314956563330876,-0.0189012826643496,-0.0210944913512018,-0.0314944366158064,-0.0680189623381011,-0.0948247328051366,-0.0860434350373301,NaN,NaN,NaN,NaN,NaN,NaN,NaN,NaN,NaN
NaN,NaN,-0.0264226305104482,-0.0205536538026839,-0.0184951141660955,-0.0371931249440725,-0.0656546323443763,-0.0939700021990575,-0.0802382034065279,NaN,NaN,NaN,NaN,NaN,NaN,NaN,NaN,NaN
NaN,NaN,-0.0289588640249955,-0.0169682109020262,-0.0241948642020968,-0.0357536355198439,-0.0734899609233253,-0.0935104876407422,-0.0865719605984244,NaN,NaN,NaN,NaN,NaN,NaN,NaN,NaN,NaN
NaN,NaN,-0.0317053156710851,-0.02446260091286,-0.0264462992733267,-0.043270097875696,-0.0665505087818019,-0.102721621806268,-0.0847872857751402,NaN,NaN,NaN,NaN,NaN,NaN,NaN,NaN,NaN
NaN,NaN,-0.0406962665535199,-0.0281359979174643,-0.0308715902453211,-0.0378246920348223,-0.0717284574056976,-0.0987761668511666,-0.0889378365876231,NaN,NaN,NaN,NaN,NaN,NaN,NaN,NaN,NaN
NaN,NaN,-0.0344620118654954,-0.0300889999828845,-0.0310054212992933,-0.0401800254524763,-0.0648981190170161,-0.10121062543476,-0.0874847684802565,NaN,NaN,NaN,NaN,NaN,NaN,NaN,NaN,NaN
NaN,NaN,-0.0319238039470899,-0.0311702468655615,-0.0290156506186274,-0.0433435606003817,-0.0658907971228473,-0.0988036036142148,-0.082882861495212,NaN,NaN,NaN,NaN,NaN,NaN,NaN,NaN,NaN
NaN,NaN,-0.0351386177159535,-0.0250846126339942,-0.030849946308687,-0.03801438381682,-0.0696565068210475,-0.0973461210378446,-0.0879853357376608,NaN,NaN,NaN,NaN,NaN,NaN,NaN,NaN,NaN
NaN,NaN,-0.0346439922965753,-0.0328086109123736,-0.0282530464416292,-0.0435474084855135,-0.0593173733795993,-0.105156415665988,-0.0858927842976603,NaN,NaN,NaN,NaN,NaN,NaN,NaN,NaN,NaN
NaN,NaN,-0.0391667927421319,-0.0352263243160754,-0.0299124770050791,-0.0387123355806883,-0.0624576254631393,-0.0981256752857007,-0.0906037305297408,NaN,NaN,NaN,NaN,NaN,NaN,NaN,NaN,NaN
NaN,NaN,-0.034178349635719,-0.0359317452869921,-0.027887818980768,-0.0430844107807692,-0.0608575946534984,-0.0988199390121736,-0.0898415920140299,NaN,NaN,NaN,NaN,NaN,NaN,NaN,NaN,NaN
NaN,NaN,-0.0323391551889169,-0.0324348897896319,-0.0256630383616236,-0.0467537658453997,-0.0694864100660197,-0.0959129832335748,-0.0889185954632315,NaN,NaN,NaN,NaN,NaN,NaN,NaN,NaN,NaN
NaN,NaN,-0.0317650879539239,-0.0284088381789237,-0.0277174987083223,-0.0444972271264608,-0.0728197998250835,-0.0977336443611421,-0.0910564278068099,NaN,NaN,NaN,NaN,NaN,NaN,NaN,NaN,NaN
NaN,NaN,-0.0296583245314347,-0.0369153523109465,-0.0266833767479208,-0.0500051805914457,-0.0653076588059776,-0.102224835718516,-0.0884943780304942,NaN,NaN,NaN,NaN,NaN,NaN,NaN,NaN,NaN
NaN,NaN,-0.0301043907917726,-0.033520979549697,-0.0277842559104708,-0.0421401055694635,-0.0651517740334384,-0.0911269165226258,-0.0891442176701579,NaN,NaN,NaN,NaN,NaN,NaN,NaN,NaN,NaN
NaN,NaN,-0.02268590357077,-0.0311357134244948,-0.0271422766333368,-0.0446710677982386,-0.0625712840701453,-0.0908043250092305,-0.0900323827566657,NaN,NaN,NaN,NaN,NaN,NaN,NaN,NaN,NaN
NaN,NaN,-0.0195525805271852,-0.024828163649848,-0.0230012066846636,-0.0485214719713743,-0.0648724703933112,-0.0912730224081315,-0.0881367687882933,NaN,NaN,NaN,NaN,NaN,NaN,NaN,NaN,NaN
NaN,NaN,-0.0225646081186521,-0.0259474271200209,-0.0289950125103739,-0.0466685870827253,-0.0638011141563766,-0.0940793394693173,-0.0930681031944308,NaN,NaN,NaN,NaN,NaN,NaN,NaN,NaN,NaN
NaN,NaN,-0.0217610816277253,-0.0356381179056674,-0.0292834431117323,-0.0494774000884111,-0.0551386779989116,-0.0977362334378995,-0.0926588800551447,NaN,NaN,NaN,NaN,NaN,NaN,NaN,NaN,NaN
NaN,NaN,-0.0231634299076783,-0.0327040606401473,-0.0306161098366526,-0.0407048070968206,-0.0618262818898074,-0.0912087797769345,-0.0998646159472022,NaN,NaN,NaN,NaN,NaN,NaN,NaN,NaN,NaN
NaN,NaN,-0.0214443015671956,-0.0305862331054717,-0.0258543133919981,-0.0452890375793989,-0.0625237866188399,-0.0932868212112226,-0.103582753688291,NaN,NaN,NaN,NaN,NaN,NaN,NaN,NaN,NaN
NaN,NaN,-0.0248307394601094,-0.0258609258792906,-0.0210691593771723,-0.0454211922527369,-0.0602746612275951,-0.0904405876644887,-0.10050402477403,NaN,NaN,NaN,NaN,NaN,NaN,NaN,NaN,NaN
NaN,NaN,-0.0251505556322324,-0.0268846170268565,-0.0218680106287745,-0.0407858135343607,-0.0594285174156539,-0.0913988627144136,-0.105681228339866,NaN,NaN,NaN,NaN,NaN,NaN,NaN,NaN,NaN
NaN,NaN,-0.0230077686525571,-0.0341031120381861,-0.020256114769533,-0.0397050695658739,-0.0517462237621658,-0.0895025409408845,-0.102219912111953,NaN,NaN,NaN,NaN,NaN,NaN,NaN,NaN,NaN
NaN,NaN,-0.0252869012571561,-0.0270465740225821,-0.0228118874316958,-0.0321929099203165,-0.0626715130056255,-0.0834687813767232,-0.111524830460742,NaN,NaN,NaN,NaN,NaN,NaN,NaN,NaN,NaN
NaN,NaN,-0.0247876378513562,-0.0250967384539157,-0.017577221263006,-0.0375191996038969,-0.0604187368298881,-0.0869330405839719,-0.116309835463956,NaN,NaN,NaN,NaN,NaN,NaN,NaN,NaN,NaN
NaN,NaN,-0.026810470483421,-0.0258718596063166,-0.0163145899956968,-0.042996326291662,-0.0625577053870074,-0.0901683248230256,-0.111810392588571,NaN,NaN,NaN,NaN,NaN,NaN,NaN,NaN,NaN
NaN,NaN,-0.0314745339370954,-0.0304657199643164,-0.024245118368223,-0.0438509265125807,-0.0618279210175388,-0.0922285034903325,-0.115905753225282,NaN,NaN,NaN,NaN,NaN,NaN,NaN,NaN,NaN
NaN,NaN,-0.0318995336807954,-0.0350569353662043,-0.0295672729795721,-0.0450407656074579,-0.0558250068570487,-0.0922264359542169,-0.117487101704076,NaN,NaN,NaN,NaN,NaN,NaN,NaN,NaN,NaN
NaN,NaN,-0.0356830502666223,-0.0264375449381381,-0.0333096809869555,-0.041057554835182,-0.0667941427673213,-0.0864466294297017,-0.126298027932838,NaN,NaN,NaN,NaN,NaN,NaN,NaN,NaN,NaN
NaN,NaN,-0.0304973157860028,-0.0261958294771224,-0.0295825839226988,-0.0461706089020784,-0.0590805753017776,-0.0899353265413083,-0.128017640561059,NaN,NaN,NaN,NaN,NaN,NaN,NaN,NaN,NaN
NaN,NaN,-0.0276286187387692,-0.0275626571140795,-0.0246245019322184,-0.0492260361255224,-0.0586234821821563,-0.0903432272025384,-0.124188973456815,NaN,NaN,NaN,NaN,NaN,NaN,NaN,NaN,NaN
NaN,NaN,-0.0311879101015317,-0.0314053499362975,-0.0311555691247728,-0.0406848767937239,-0.054681044712197,-0.0882633044966497,-0.128548084646657,NaN,NaN,NaN,NaN,NaN,NaN,NaN,NaN,NaN
NaN,NaN,-0.0289646009720551,-0.0339549944959193,-0.0332716830259111,-0.0415402593256052,-0.0547649568761699,-0.0914999857195653,-0.130315176099733,NaN,NaN,NaN,NaN,NaN,NaN,NaN,NaN,NaN
NaN,NaN,-0.0339945251859414,-0.025866048153451,-0.0338426955228594,-0.0355709845365103,-0.0588817379320972,-0.0848853975185193,-0.140102594047979,NaN,NaN,NaN,NaN,NaN,NaN,NaN,NaN,NaN
NaN,NaN,-0.0312159987903821,-0.027939432974866,-0.0295967959051874,-0.0398089492858465,-0.0547714947606437,-0.0868313215323724,-0.140074319094613,NaN,NaN,NaN,NaN,NaN,NaN,NaN,NaN,NaN
NaN,NaN,-0.0305290180064427,-0.0320664399526625,-0.0247406751101759,-0.0388622412622984,-0.0534765652264468,-0.0862971521564759,-0.133190131634668,NaN,NaN,NaN,NaN,NaN,NaN,NaN,NaN,NaN
NaN,NaN,-0.0337347793198812,-0.0356032678149252,-0.0320250705068853,-0.0298868807197626,-0.0535501397098415,-0.0819913126179017,-0.134000307768777,NaN,NaN,NaN,NaN,NaN,NaN,NaN,NaN,NaN
NaN,NaN,-0.0287545504785764,-0.0328519546649962,-0.0275379955952909,-0.0343720557333048,-0.052769058092963,-0.082831104809884,-0.13075237616916,NaN,NaN,NaN,NaN,NaN,NaN,NaN,NaN,NaN
NaN,NaN,-0.0333346645153749,-0.0223606803677588,-0.0298574730938223,-0.0255816186011847,-0.0548776282812469,-0.0765272430726327,-0.13201763376613,NaN,NaN,NaN,NaN,NaN,NaN,NaN,NaN,NaN
NaN,NaN,-0.025409332922815,-0.0262871735952406,-0.0255891472285536,-0.0317947136403139,-0.0513428865815513,-0.0766658238717355,-0.129746547788576,NaN,NaN,NaN,NaN,NaN,NaN,NaN,NaN,NaN
NaN,NaN,-0.027598984054445,-0.0301917248628645,-0.025928502548292,-0.0334791409016664,-0.0487964830244891,-0.0793593763955869,-0.124608217627004,NaN,NaN,NaN,NaN,NaN,NaN,NaN,NaN,NaN
NaN,NaN,-0.0324360313631284,-0.0316784137151747,-0.034372748452976,-0.0306606793941076,-0.0546162991668098,-0.07720945548499,-0.130213978588775,NaN,NaN,NaN,NaN,NaN,NaN,NaN,NaN,NaN
NaN,NaN,-0.0288275661684262,-0.0301362552903204,-0.0266901754027155,-0.0366683805526312,-0.0513598366524093,-0.0847121528931894,-0.127827892899707,NaN,NaN,NaN,NaN,NaN,NaN,NaN,NaN,NaN
NaN,NaN,-0.030384383610605,-0.0216230356357604,-0.0272914000039843,-0.0301199348808344,-0.0570592327858321,-0.0777490824111737,-0.131256724596218,NaN,NaN,NaN,NaN,NaN,NaN,NaN,NaN,NaN
NaN,NaN,-0.0210011596597421,-0.0268730127475768,-0.02570917608197,-0.0326115207911547,-0.0482627979363315,-0.0762968711205758,-0.127905695587591,NaN,NaN,NaN,NaN,NaN,NaN,NaN,NaN,NaN
NaN,NaN,-0.0265848669029462,-0.0281908900700121,-0.0315917633658197,-0.0270663330496366,-0.0475961386109702,-0.0770475357421674,-0.120068020075754,NaN,NaN,NaN,NaN,NaN,NaN,NaN,NaN,NaN
NaN,NaN,-0.0298785264409768,-0.0263512113354712,-0.0345786266213205,-0.0273576880038794,-0.0521471953834407,-0.0741858981200494,-0.129019985795215,NaN,NaN,NaN,NaN,NaN,NaN,NaN,NaN,NaN
NaN,NaN,-0.0265270317710626,-0.0219079272113352,-0.0279018819516447,-0.0319395156742151,-0.0470231330837123,-0.0774112917133607,-0.125718223750785,NaN,NaN,NaN,NaN,NaN,NaN,NaN,NaN,NaN
NaN,NaN,-0.0279036382950532,-0.0139710099659472,-0.0292169094270018,-0.02399302443276,-0.0533439076389186,-0.071005599165801,-0.130345146060184,NaN,NaN,NaN,NaN,NaN,NaN,NaN,NaN,NaN
NaN,NaN,-0.0224953177191007,-0.024496352042964,-0.0288127713089731,-0.027640828693014,-0.0467862232471816,-0.0758377477177419,-0.128119005710081,NaN,NaN,NaN,NaN,NaN,NaN,NaN,NaN,NaN
NaN,NaN,-0.0303490678585755,-0.0263503731451541,-0.0329213753526953,-0.0271057652474459,-0.0497640340472572,-0.081105419958476,-0.120752765685514,NaN,NaN,NaN,NaN,NaN,NaN,NaN,NaN,NaN
NaN,NaN,-0.0356072778619515,-0.0285720803998023,-0.0334118656998423,-0.0320569181979712,-0.0555350861395709,-0.0826986707397737,-0.129687781334117,NaN,NaN,NaN,NaN,NaN,NaN,NaN,NaN,NaN
NaN,NaN,-0.0349599527932393,-0.025768128897956,-0.0293167285805491,-0.0369858684183176,-0.0523736185277812,-0.0891624964424409,-0.12447174161692,NaN,NaN,NaN,NaN,NaN,NaN,NaN,NaN,NaN
NaN,NaN,-0.0363197396315324,-0.0224248484931498,-0.0305198669617918,-0.0293431746007021,-0.0600127546931617,-0.0812623850652017,-0.131826526373819,NaN,NaN,NaN,NaN,NaN,NaN,NaN,NaN,NaN
NaN,NaN,-0.0295859793938386,-0.029493009414485,-0.0319681666975763,-0.0316608825863417,-0.0503354190732352,-0.086737742240075,-0.125386710167125,NaN,NaN,NaN,NaN,NaN,NaN,NaN,NaN,NaN
NaN,NaN,-0.0365185397483098,-0.0277240553162604,-0.0309158466940668,-0.0319597253740843,-0.0543236403609626,-0.0887857950874604,-0.122845484763578,NaN,NaN,NaN,NaN,NaN,NaN,NaN,NaN,NaN
NaN,NaN,-0.0388134862102258,-0.0262042113802939,-0.0318814233129767,-0.0338832045138891,-0.0572463727439754,-0.0881511173793115,-0.126715949624971,NaN,NaN,NaN,NaN,NaN,NaN,NaN,NaN,NaN
NaN,NaN,-0.0367787512756574,-0.0261292399130374,-0.0249383948927668,-0.0346688123584803,-0.0534852078999393,-0.0922220214852132,-0.122705432474807,NaN,NaN,NaN,NaN,NaN,NaN,NaN,NaN,NaN
NaN,NaN,-0.0363333369411218,-0.027654802169612,-0.0314610801821497,-0.0264271104873236,-0.0589781484450214,-0.0803320683189668,-0.129390614927009,NaN,NaN,NaN,NaN,NaN,NaN,NaN,NaN,NaN
NaN,NaN,-0.0289661655939805,-0.0317829453609496,-0.0307817362433222,-0.0308165082872923,-0.0511185682262294,-0.0888266242691316,-0.12294886156936,NaN,NaN,NaN,NaN,NaN,NaN,NaN,NaN,NaN
NaN,NaN,-0.0350495273984658,-0.0282279753349333,-0.0301043853348043,-0.0309802720488127,-0.0536101168836467,-0.0883462108322419,-0.120335030257896,NaN,NaN,NaN,NaN,NaN,NaN,NaN,NaN,NaN
NaN,NaN,-0.0365463862932908,-0.0235608012638598,-0.0276039891129282,-0.0292508432806547,-0.0536896145786159,-0.0866523958393373,-0.118507756740049,NaN,NaN,NaN,NaN,NaN,NaN,NaN,NaN,NaN
NaN,NaN,-0.0300460341192471,-0.0250260696969538,-0.0216828823273924,-0.0304574648083265,-0.0458800463820808,-0.0878462955006398,-0.1138895702364,NaN,NaN,NaN,NaN,NaN,NaN,NaN,NaN,NaN
NaN,NaN,-0.0289382445431935,-0.0244064794145136,-0.0283855922704485,-0.02045947482596,-0.0510162903810851,-0.0779546253033914,-0.116934045106367,NaN,NaN,NaN,NaN,NaN,NaN,NaN,NaN,NaN
NaN,NaN,-0.0278256493426549,-0.0317287796400099,-0.025732179749563,-0.0285632105709131,-0.0399871400441043,-0.0886994614847936,-0.113820447474912,NaN,NaN,NaN,NaN,NaN,NaN,NaN,NaN,NaN
NaN,NaN,-0.036786909661411,-0.0299926639757662,-0.0259998791104105,-0.0314474048257883,-0.0482345043565147,-0.0870970278629102,-0.110924071520761,NaN,NaN,NaN,NaN,NaN,NaN,NaN,NaN,NaN
NaN,NaN,-0.0381611133731591,-0.0297174022756129,-0.0240575127487925,-0.0299216190517958,-0.0465704358066432,-0.0871880925842561,-0.113457846343711,NaN,NaN,NaN,NaN,NaN,NaN,NaN,NaN,NaN
NaN,NaN,-0.0326773184157598,-0.031709259118846,-0.0197217405026701,-0.0287898013533171,-0.0430928959394805,-0.0835493221529759,-0.108954100758031,NaN,NaN,NaN,NaN,NaN,NaN,NaN,NaN,NaN
NaN,NaN,-0.0317016835130441,-0.0262302511594802,-0.0225940510814932,-0.020854132080179,-0.0432913607801311,-0.0734560951241292,-0.109888347685531,NaN,NaN,NaN,NaN,NaN,NaN,NaN,NaN,NaN
NaN,NaN,-0.0300288977838742,-0.0301439666412383,-0.0205511205082682,-0.0299501734019335,-0.0368312231148593,-0.0824643872329034,-0.104682198614076,NaN,NaN,NaN,NaN,NaN,NaN,NaN,NaN,NaN
NaN,NaN,-0.0362893785155999,-0.0276841388307124,-0.0197662390952852,-0.0293553376735266,-0.0460558055783622,-0.0786013170727529,-0.101955621391729,NaN,NaN,NaN,NaN,NaN,NaN,NaN,NaN,NaN
NaN,NaN,-0.034156668446182,-0.0287027635834723,-0.0210209913736132,-0.0291582698167379,-0.0448217472876422,-0.0759173757978715,-0.109037305116847,NaN,NaN,NaN,NaN,NaN,NaN,NaN,NaN,NaN
NaN,NaN,-0.0285718994952428,-0.0299242676458865,-0.0187208853846338,-0.0311838032842691,-0.0422938770498149,-0.0722718253382482,-0.107457837909654,NaN,NaN,NaN,NaN,NaN,NaN,NaN,NaN,NaN
NaN,NaN,-0.0309049370504605,-0.0291268320045977,-0.0259558834319857,-0.026212943548065,-0.0434957488323562,-0.068587047571782,-0.109363994449571,NaN,NaN,NaN,NaN,NaN,NaN,NaN,NaN,NaN
NaN,NaN,-0.0333005967355954,-0.0354648919067889,-0.0285302452927378,-0.0363746414125975,-0.0396647906745784,-0.0796696930774488,-0.102327573001579,NaN,NaN,NaN,NaN,NaN,NaN,NaN,NaN,NaN
NaN,NaN,-0.0358075867212998,-0.0336195693574458,-0.0293832622652796,-0.0359309407115992,-0.0442967607523315,-0.078553763742093,-0.105965076834157,NaN,NaN,NaN,NaN,NaN,NaN,NaN,NaN,NaN
NaN,NaN,-0.0341226379193055,-0.0348297112844496,-0.0314743980949667,-0.0359026098788794,-0.0461259155417792,-0.0754327527829446,-0.114339603930906,NaN,NaN,NaN,NaN,NaN,NaN,NaN,NaN,NaN
NaN,NaN,-0.0277366521574246,-0.0358759218118697,-0.0261537522261885,-0.0366423593998964,-0.0408030344988219,-0.0760024241753854,-0.111928502917484,NaN,NaN,NaN,NaN,NaN,NaN,NaN,NaN,NaN
NaN,NaN,-0.0349832358576047,-0.0323584468327075,-0.0321475580518988,-0.0315974408925589,-0.0440622164751403,-0.0735659911879338,-0.117306946665243,NaN,NaN,NaN,NaN,NaN,NaN,NaN,NaN,NaN
NaN,NaN,-0.035418498776077,-0.0388601028583556,-0.0300310716217306,-0.0407276431263502,-0.0426862991298549,-0.0843913681455888,-0.113851218372777,NaN,NaN,NaN,NaN,NaN,NaN,NaN,NaN,NaN
NaN,NaN,-0.0401783394433248,-0.0369410754404574,-0.0309949159806517,-0.0391315424979742,-0.0472729883040302,-0.0852560825296678,-0.114773171842292,NaN,NaN,NaN,NaN,NaN,NaN,NaN,NaN,NaN
NaN,NaN,-0.0392979788399922,-0.0389321127198249,-0.0321317069416788,-0.0379195192993696,-0.0499941638554446,-0.0785110160359181,-0.123245282918409,NaN,NaN,NaN,NaN,NaN,NaN,NaN,NaN,NaN
NaN,NaN,-0.0332496347643125,-0.0367777214608698,-0.0277881302123812,-0.0396545918823297,-0.0413809946621768,-0.0775301471003331,-0.120479236245349,NaN,NaN,NaN,NaN,NaN,NaN,NaN,NaN,NaN
NaN,NaN,-0.0399720328665959,-0.0338174940310031,-0.0330379210596827,-0.0345613749862726,-0.0497783205355518,-0.0700791567214765,-0.119927837401823,NaN,NaN,NaN,NaN,NaN,NaN,NaN,NaN,NaN
NaN,NaN,-0.0340034286297547,-0.0395293326340228,-0.0272694766705778,-0.0408332551063116,-0.0424349537934177,-0.078682211751584,-0.117902322560743,NaN,NaN,NaN,NaN,NaN,NaN,NaN,NaN,NaN
NaN,NaN,-0.0327161545671212,-0.0330034994743376,-0.0288891770129946,-0.0348565483630712,-0.04893117089523,-0.0758500225492753,-0.116088553220228,NaN,NaN,NaN,NaN,NaN,NaN,NaN,NaN,NaN
NaN,NaN,-0.0266349348045575,-0.0308648289404421,-0.0277919113820341,-0.0349878089667376,-0.0437508008326404,-0.0667970455833711,-0.121919545233444,NaN,NaN,NaN,NaN,NaN,NaN,NaN,NaN,NaN
NaN,NaN,-0.0234130243576753,-0.0273794100842982,-0.0244343258624819,-0.0379977876485403,-0.0350066504324786,-0.0677348315366544,-0.118359229415849,NaN,NaN,NaN,NaN,NaN,NaN,NaN,NaN,NaN
NaN,NaN,-0.0335184889651525,-0.0259631850979834,-0.0314137131160048,-0.0325549150050695,-0.0394749685074203,-0.0632652468630113,-0.124749555140928,NaN,NaN,NaN,NaN,NaN,NaN,NaN,NaN,NaN
NaN,NaN,-0.0297022643305051,-0.0333926246724635,-0.028575731087282,-0.0397325063289221,-0.0355526848579757,-0.071445164794568,-0.123403067589,NaN,NaN,NaN,NaN,NaN,NaN,NaN,NaN,NaN
NaN,NaN,-0.0319653968132722,-0.0281993837318926,-0.0291042380219248,-0.0345705578268583,-0.0442427254165523,-0.0688411868759431,-0.122442147582963,NaN,NaN,NaN,NaN,NaN,NaN,NaN,NaN,NaN
NaN,NaN,-0.024680405370115,-0.0274849103055506,-0.0265709474867132,-0.0336664298714216,-0.0353419265593402,-0.0599726490327157,-0.128385699242547,NaN,NaN,NaN,NaN,NaN,NaN,NaN,NaN,NaN
NaN,NaN,-0.0248678992308366,-0.0225487516484767,-0.0224887557512072,-0.0297207513989027,-0.0279227874125354,-0.0632712445803918,-0.121100782305196,NaN,NaN,NaN,NaN,NaN,NaN,NaN,NaN,NaN
NaN,NaN,-0.0353778186060178,-0.0244066470525771,-0.0300673559492376,-0.0210312323809679,-0.0340067825163715,-0.0579281910904683,-0.126924528628782,NaN,NaN,NaN,NaN,NaN,NaN,NaN,NaN,NaN
NaN,NaN,-0.0315618361152398,-0.0304509305618315,-0.0229235530083921,-0.0296652631999071,-0.0321916161919944,-0.0678319126018323,-0.122562996000246,NaN,NaN,NaN,NaN,NaN,NaN,NaN,NaN,NaN
NaN,NaN,-0.0360292787469613,-0.0270538569651156,-0.0247460954075602,-0.0260953175068911,-0.0390959202195518,-0.0617858595796861,-0.123598924726442,NaN,NaN,NaN,NaN,NaN,NaN,NaN,NaN,NaN
NaN,NaN,-0.0305930929995763,-0.0286976413093119,-0.0258683763628748,-0.0286338234485205,-0.0344421944464557,-0.0551348007866181,-0.12859966129084,NaN,NaN,NaN,NaN,NaN,NaN,NaN,NaN,NaN
NaN,NaN,-0.0348278353728044,-0.0298431494496375,-0.0262185163980272,-0.0283715071321543,-0.0338510467554443,-0.0605098545202054,-0.124381161183313,NaN,NaN,NaN,NaN,NaN,NaN,NaN,NaN,NaN
NaN,NaN,-0.0424345428861367,-0.0306525432727843,-0.0368297636693266,-0.0234395394266661,-0.0427356964792125,-0.0575537249096669,-0.132766864150957,NaN,NaN,NaN,NaN,NaN,NaN,NaN,NaN,NaN
NaN,NaN,-0.0368782351530778,-0.0362343319914847,-0.0283293776398447,-0.0343760790468271,-0.0386405779863708,-0.0656781360157765,-0.127460355758861,NaN,NaN,NaN,NaN,NaN,NaN,NaN,NaN,NaN
NaN,NaN,-0.0397776099659192,-0.0304193214736491,-0.03358196245487,-0.0328542793334539,-0.0411545528913848,-0.0579462960013188,-0.124964914173082,NaN,NaN,NaN,NaN,NaN,NaN,NaN,NaN,NaN
NaN,NaN,-0.0325369308508622,-0.0311481000147372,-0.0328928023761061,-0.0356380025089796,-0.0363886772538535,-0.0531489602872171,-0.130732818395093,NaN,NaN,NaN,NaN,NaN,NaN,NaN,NaN,NaN
NaN,NaN,-0.0394702176369416,-0.0300757565758734,-0.0360076852327135,-0.0318874174893911,-0.0342922515119426,-0.058547762746457,-0.127287818938688,NaN,NaN,NaN,NaN,NaN,NaN,NaN,NaN,NaN
NaN,NaN,-0.0448885033644425,-0.0318342984877139,-0.0425530202871111,-0.0305073091925199,-0.0459413646603934,-0.056497418845538,-0.136036961227849,NaN,NaN,NaN,NaN,NaN,NaN,NaN,NaN,NaN
NaN,NaN,-0.0386425326384294,-0.0407172904572993,-0.0360317506080416,-0.0400167459786947,-0.0373400977696292,-0.0680768318125047,-0.131450495571092,NaN,NaN,NaN,NaN,NaN,NaN,NaN,NaN,NaN
NaN,NaN,-0.0425388137615907,-0.03592360552769,-0.0395780965870169,-0.0366472395301874,-0.0427850565756671,-0.0580505109974183,-0.130217722505525,NaN,NaN,NaN,NaN,NaN,NaN,NaN,NaN,NaN
NaN,NaN,-0.0383850778259027,-0.0384329051933795,-0.0370879076605585,-0.0366490835488852,-0.0378555103088729,-0.0582551784464158,-0.134530174434379,NaN,NaN,NaN,NaN,NaN,NaN,NaN,NaN,NaN
NaN,NaN,-0.0416426579273927,-0.0351393946669608,-0.0363510824924257,-0.0305852050126608,-0.0386771975900047,-0.0599582694121636,-0.131627428233818,NaN,NaN,NaN,NaN,NaN,NaN,NaN,NaN,NaN
NaN,NaN,-0.0400035115696179,-0.034568438049367,-0.035612934846237,-0.0266986841500814,-0.0472353256191127,-0.0522089019068517,-0.134956757426456,NaN,NaN,NaN,NaN,NaN,NaN,NaN,NaN,NaN
NaN,NaN,-0.0332126985110032,-0.0356454008482009,-0.0261599175816324,-0.0341071689666326,-0.0346334322239272,-0.0582675091573037,-0.121457255333856,NaN,NaN,NaN,NaN,NaN,NaN,NaN,NaN,NaN
NaN,NaN,-0.0347114945567834,-0.0302367449961215,-0.030572579819515,-0.0291525701225813,-0.041174650832545,-0.0508276946493424,-0.119870058149293,NaN,NaN,NaN,NaN,NaN,NaN,NaN,NaN,NaN
NaN,NaN,-0.0315279918528783,-0.03116186496239,-0.0320217549985197,-0.0290449651123102,-0.0375869355048053,-0.0527285240241326,-0.121250613481,NaN,NaN,NaN,NaN,NaN,NaN,NaN,NaN,NaN
NaN,NaN,-0.0365324164546716,-0.0302927733622103,-0.0312406547551897,-0.0282383280039843,-0.0388392104650848,-0.0529849543818273,-0.118873636126712,NaN,NaN,NaN,NaN,NaN,NaN,NaN,NaN,NaN
NaN,NaN,-0.0384831647194612,-0.0315182448587924,-0.0330200210397985,-0.0280515792013224,-0.0407562634791248,-0.0476771421381272,-0.119861974269346,NaN,NaN,NaN,NaN,NaN,NaN,NaN,NaN,NaN
NaN,NaN,-0.03248909812343,-0.0327996515892058,-0.0257805898969915,-0.0358097383917387,-0.0300765453721397,-0.0546444408246316,-0.106223686486677,NaN,NaN,NaN,NaN,NaN,NaN,NaN,NaN,NaN
NaN,NaN,-0.0330434026933896,-0.0265719720385581,-0.0316169463282373,-0.0265011506320055,-0.0370163886691444,-0.0467732935794629,-0.109986769855216,NaN,NaN,NaN,NaN,NaN,NaN,NaN,NaN,NaN
NaN,NaN,-0.027745555601238,-0.0265951805971175,-0.0301001571303156,-0.0267632620574053,-0.0310573770548217,-0.0527926921495236,-0.112372967302993,NaN,NaN,NaN,NaN,NaN,NaN,NaN,NaN,NaN
NaN,NaN,-0.0298438253618466,-0.0310341433845072,-0.0277714595382956,-0.025939320975643,-0.0313313721562736,-0.0538364067324437,-0.113035975843862,NaN,NaN,NaN,NaN,NaN,NaN,NaN,NaN,NaN
NaN,NaN,-0.0330553608752477,-0.0283489168844729,-0.030049586314514,-0.0232212187887247,-0.0350619151140563,-0.0473563573905267,-0.114245223701194,NaN,NaN,NaN,NaN,NaN,NaN,NaN,NaN,NaN
NaN,NaN,-0.0268822382010209,-0.0291720570288211,-0.0235503889804628,-0.0281619968057688,-0.0286696522380225,-0.0552921570488252,-0.106339263618186,NaN,NaN,NaN,NaN,NaN,NaN,NaN,NaN,NaN
NaN,NaN,-0.0308974864698636,-0.0225432382188349,-0.0296880841439512,-0.0212171988726671,-0.0385872504557483,-0.0503068245598115,-0.111772469133333,NaN,NaN,NaN,NaN,NaN,NaN,NaN,NaN,NaN
NaN,NaN,-0.0296524385727632,-0.0290722006223708,-0.0289834827369001,-0.0263911800623949,-0.0345427214051597,-0.0578826307901181,-0.115154734701112,NaN,NaN,NaN,NaN,NaN,NaN,NaN,NaN,NaN
NaN,NaN,-0.0374004649735677,-0.0374299639127761,-0.0285271160488871,-0.0290664414108808,-0.0368628508294933,-0.0597155481227674,-0.110778915584281,NaN,NaN,NaN,NaN,NaN,NaN,NaN,NaN,NaN
NaN,NaN,-0.0396700049556481,-0.0359060035310298,-0.0339062303488997,-0.0308060588480051,-0.0422263375367038,-0.0539119928725995,-0.108931041211084,NaN,NaN,NaN,NaN,NaN,NaN,NaN,NaN,NaN
NaN,NaN,-0.0351917031027066,-0.0395931654832869,-0.028966942447975,-0.0352540927172716,-0.0381335846032016,-0.0646248101838864,-0.104237343073085,NaN,NaN,NaN,NaN,NaN,NaN,NaN,NaN,NaN
NaN,NaN,-0.0388742643214452,-0.030538120981267,-0.0328710280543116,-0.0291828381062563,-0.0446132055367343,-0.0585421748110093,-0.107931564450458,NaN,NaN,NaN,NaN,NaN,NaN,NaN,NaN,NaN
NaN,NaN,-0.0387224401153314,-0.0383839735053092,-0.0293480582719591,-0.0331548543811853,-0.0364259674097411,-0.0616543940850534,-0.109593490958408,NaN,NaN,NaN,NaN,NaN,NaN,NaN,NaN,NaN
NaN,NaN,-0.0416854428864705,-0.0406295598707705,-0.0319670118575838,-0.0349856110454615,-0.0370818606461398,-0.0618730872520246,-0.101349106878236,NaN,NaN,NaN,NaN,NaN,NaN,NaN,NaN,NaN
NaN,NaN,-0.041788335404514,-0.0374516078494101,-0.0366641558891085,-0.0364153029562052,-0.0434318414772861,-0.0593044250854291,-0.10477324470897,NaN,NaN,NaN,NaN,NaN,NaN,NaN,NaN,NaN
NaN,NaN,-0.0374896111704099,-0.0411109977624922,-0.0322409697061327,-0.0411103235722597,-0.0391667379881255,-0.0661763004609384,-0.102495546341136,NaN,NaN,NaN,NaN,NaN,NaN,NaN,NaN,NaN
NaN,NaN,-0.0418470832325208,-0.0336006262562781,-0.0358443126266745,-0.0330592448056753,-0.0464714362169616,-0.0573171317228116,-0.108356545567707,NaN,NaN,NaN,NaN,NaN,NaN,NaN,NaN,NaN
NaN,NaN,-0.03810208614838,-0.0401896030865222,-0.0312891580348757,-0.03482695093165,-0.0353647625888698,-0.0560139134177007,-0.112734674364522,NaN,NaN,NaN,NaN,NaN,NaN,NaN,NaN,NaN
NaN,NaN,-0.0347651387370812,-0.0387368702552825,-0.0321008615380075,-0.0332862826229151,-0.0331156930769794,-0.0521891392418183,-0.101916394084886,NaN,NaN,NaN,NaN,NaN,NaN,NaN,NaN,NaN
NaN,NaN,-0.0321362199999082,-0.0356759296021968,-0.0351723820155409,-0.02769145538817,-0.037165065004956,-0.0479875333257951,-0.103820594847396,NaN,NaN,NaN,NaN,NaN,NaN,NaN,NaN,NaN
NaN,NaN,-0.0249581630147683,-0.0384205372295886,-0.0265784911995676,-0.0333540829063471,-0.0313120006467216,-0.0556744463392533,-0.0950184416772875,NaN,NaN,NaN,NaN,NaN,NaN,NaN,NaN,NaN
NaN,NaN,-0.0307563165940034,-0.0321341284773856,-0.0302134245818403,-0.0283145660699423,-0.0359655774082057,-0.0500238142558374,-0.0982022051515135,NaN,NaN,NaN,NaN,NaN,NaN,NaN,NaN,NaN
NaN,NaN,-0.0277185844994771,-0.0380547696016341,-0.0272443682139662,-0.0333785021842535,-0.0283102176035754,-0.0496052965172566,-0.100214886367515,NaN,NaN,NaN,NaN,NaN,NaN,NaN,NaN,NaN
NaN,NaN,-0.0301183606303918,-0.0347490587494879,-0.0300657727008608,-0.0313933508635576,-0.0310381173039786,-0.0492553427466191,-0.0934116494657549,NaN,NaN,NaN,NaN,NaN,NaN,NaN,NaN,NaN
NaN,NaN,-0.0299026290692079,-0.0293679700456172,-0.0320871338432577,-0.0245904119850214,-0.0358003607834689,-0.0450785100110807,-0.097683849632934,NaN,NaN,NaN,NaN,NaN,NaN,NaN,NaN,NaN
NaN,NaN,-0.0213987785197484,-0.0316233539245635,-0.0216662489062098,-0.0332251506091173,-0.0290483279968612,-0.0557137295254506,-0.0935823422672305,NaN,NaN,NaN,NaN,NaN,NaN,NaN,NaN,NaN
NaN,NaN,-0.0281110624588716,-0.0276324690542727,-0.0272972114568499,-0.0257444882930334,-0.0340777492965572,-0.0484885476180352,-0.0979803082348856,NaN,NaN,NaN,NaN,NaN,NaN,NaN,NaN,NaN
NaN,NaN,-0.0275009344137895,-0.0340517961643248,-0.026711875218704,-0.0333701947868879,-0.0282326943124644,-0.049883091414813,-0.100311613530115,NaN,NaN,NaN,NaN,NaN,NaN,NaN,NaN,NaN
NaN,NaN,-0.0284265014148938,-0.0284353063664942,-0.0316678151672628,-0.0315712893546637,-0.0346063307370059,-0.0511782630928792,-0.0936289083959612,NaN,NaN,NaN,NaN,NaN,NaN,NaN,NaN,NaN
NaN,NaN,-0.0260279918826806,-0.0246300713382273,-0.0308832317775038,-0.0276089588345106,-0.0396038076723926,-0.0467380895861425,-0.101284044683174,NaN,NaN,NaN,NaN,NaN,NaN,NaN,NaN,NaN
NaN,NaN,-0.0202603298045384,-0.0281994209847956,-0.0226332225089815,-0.0366233604193743,-0.0324859513784759,-0.0529909893521108,-0.0971466068925414,NaN,NaN,NaN,NaN,NaN,NaN,NaN,NaN,NaN
NaN,NaN,-0.0285381111122357,-0.0247299277446776,-0.0292455382829454,-0.0285511033774431,-0.0368504642392509,-0.0429930738755502,-0.100592556297973,NaN,NaN,NaN,NaN,NaN,NaN,NaN,NaN,NaN
NaN,NaN,-0.0236069629706132,-0.0344192029200106,-0.0311786472981718,-0.0368043163956221,-0.0317749052192084,-0.0493136435397901,-0.100220008641675,NaN,NaN,NaN,NaN,NaN,NaN,NaN,NaN,NaN
NaN,NaN,-0.0261337901271569,-0.0266330481730013,-0.0331161521559504,-0.033976765179735,-0.0376170917297713,-0.0498451679595746,-0.0946998734774146,NaN,NaN,NaN,NaN,NaN,NaN,NaN,NaN,NaN
NaN,NaN,-0.0292391362406003,-0.0263207012079268,-0.0322647743111399,-0.0325511710883196,-0.0392987436498515,-0.0477538831182756,-0.105007565468744,NaN,NaN,NaN,NaN,NaN,NaN,NaN,NaN,NaN
NaN,NaN,-0.0241960990048635,-0.0322293655238658,-0.0247291453367022,-0.0366411300540979,-0.0284036106313579,-0.0536713577457704,-0.0972679954769167,NaN,NaN,NaN,NaN,NaN,NaN,NaN,NaN,NaN
NaN,NaN,-0.0301909479118573,-0.0295085625014811,-0.0322286389952448,-0.025121787393194,-0.0321922308648936,-0.0437026671716012,-0.102755739242032,NaN,NaN,NaN,NaN,NaN,NaN,NaN,NaN,NaN
NaN,NaN,-0.02795614626181,-0.0312795655093699,-0.0284668594783094,-0.0328482257367189,-0.0287263511563651,-0.0494941152282991,-0.102585791498617,NaN,NaN,NaN,NaN,NaN,NaN,NaN,NaN,NaN
NaN,NaN,-0.0327672096706616,-0.0217519679329901,-0.0278085634296682,-0.0285196991802271,-0.0364635183359496,-0.0479618101962842,-0.100429816991285,NaN,NaN,NaN,NaN,NaN,NaN,NaN,NaN,NaN
NaN,NaN,-0.0320605593539464,-0.0257790067456275,-0.0295077428406027,-0.0287544110954817,-0.037782531871926,-0.0451060585328378,-0.108950785249666,NaN,NaN,NaN,NaN,NaN,NaN,NaN,NaN,NaN
NaN,NaN,-0.0300719621397244,-0.0328253188393622,-0.0260125078445223,-0.0312806422055777,-0.0268279618467204,-0.0492168418713845,-0.0986585904659781,NaN,NaN,NaN,NaN,NaN,NaN,NaN,NaN,NaN
NaN,NaN,-0.0381899284936177,-0.0269809530339747,-0.0330339163726118,-0.0234143564642485,-0.0326040989602916,-0.0374798863776959,-0.102006397098497,NaN,NaN,NaN,NaN,NaN,NaN,NaN,NaN,NaN
NaN,NaN,-0.0305467876411664,-0.0263918728790789,-0.027669777739599,-0.0296968909145411,-0.0285077697481029,-0.0427091695019044,-0.0994296510519537,NaN,NaN,NaN,NaN,NaN,NaN,NaN,NaN,NaN
NaN,NaN,-0.0294994967795598,-0.0189586893878489,-0.0258306764250544,-0.0276779884637411,-0.0307790978695266,-0.0374642215319909,-0.0969792668523344,NaN,NaN,NaN,NaN,NaN,NaN,NaN,NaN,NaN
NaN,NaN,-0.0292666475094544,-0.0230446250401049,-0.0254435256307867,-0.0271561497987326,-0.0296317270840518,-0.033627545053605,-0.102067864388421,NaN,NaN,NaN,NaN,NaN,NaN,NaN,NaN,NaN
NaN,NaN,-0.0264888475455033,-0.027894561853221,-0.0226390525882986,-0.0315808819771822,-0.0197952656890266,-0.0383102535852231,-0.0923683819176707,NaN,NaN,NaN,NaN,NaN,NaN,NaN,NaN,NaN
NaN,NaN,-0.0304561327017533,-0.0247586124799758,-0.0310042292063978,-0.0230245607138689,-0.029326216026675,-0.0308189928182401,-0.0960615788402114,NaN,NaN,NaN,NaN,NaN,NaN,NaN,NaN,NaN
NaN,NaN,-0.02354214291942,-0.0248074882886916,-0.0259864308124331,-0.0267930457533415,-0.0227362147415988,-0.0358791850158013,-0.0946059030296359,NaN,NaN,NaN,NaN,NaN,NaN,NaN,NaN,NaN
NaN,NaN,-0.0288185882188069,-0.0222887822649985,-0.0265101507490423,-0.0222881267012175,-0.0236513136769645,-0.0311122662969865,-0.092918588668302,NaN,NaN,NaN,NaN,NaN,NaN,NaN,NaN,NaN
NaN,NaN,-0.0303226741768109,-0.0274881140552073,-0.0292910799568441,-0.020023392343622,-0.0250526747549884,-0.0308226622291841,-0.0976683896781954,NaN,NaN,NaN,NaN,NaN,NaN,NaN,NaN,NaN
NaN,NaN,-0.0284557635701882,-0.0318699867687731,-0.0269388385301378,-0.0237062888384874,-0.0170666023041122,-0.0386646590777673,-0.0897104245426211,NaN,NaN,NaN,NaN,NaN,NaN,NaN,NaN,NaN
NaN,NaN,-0.0356322000540483,-0.0257019491158038,-0.0333225704913881,-0.0177607627750452,-0.029422961815726,-0.0313113830634393,-0.0968055565657172,NaN,NaN,NaN,NaN,NaN,NaN,NaN,NaN,NaN
NaN,NaN,-0.0305075044549691,-0.0245245152376204,-0.0269670948570517,-0.0240035111249502,-0.0242386243189685,-0.0338085755356587,-0.0949007783832106,NaN,NaN,NaN,NaN,NaN,NaN,NaN,NaN,NaN
NaN,NaN,-0.0345201450206029,-0.024305021133235,-0.0265883073395041,-0.0226841809392984,-0.0283785953070037,-0.0287481039413251,-0.0908711504938159,NaN,NaN,NaN,NaN,NaN,NaN,NaN,NaN,NaN
NaN,NaN,-0.0331947984911191,-0.0267654263637572,-0.0286661438828257,-0.0197025703431185,-0.0268730006064288,-0.0252672485657968,-0.0939633835854086,NaN,NaN,NaN,NaN,NaN,NaN,NaN,NaN,NaN
NaN,NaN,-0.0321227717019307,-0.0287420653961211,-0.0245643757468012,-0.0267369428814466,-0.0220971598173492,-0.033051056379918,-0.0818832729758772,NaN,NaN,NaN,NaN,NaN,NaN,NaN,NaN,NaN
NaN,NaN,-0.0357539611674535,-0.0224925742707759,-0.0311390102093962,-0.0227067561985071,-0.0322510904516093,-0.0246942802914418,-0.0906409834327254,NaN,NaN,NaN,NaN,NaN,NaN,NaN,NaN,NaN
NaN,NaN,-0.0291142458833444,-0.0292658225856333,-0.0272279210572985,-0.0308130437673147,-0.0242255299235694,-0.0289657540270127,-0.0881838564576659,NaN,NaN,NaN,NaN,NaN,NaN,NaN,NaN,NaN
NaN,NaN,-0.0353617253519284,-0.0309052669666319,-0.0321086473947313,-0.0311758870423849,-0.0296394198085181,-0.0251228749402799,-0.0865110334755931,NaN,NaN,NaN,NaN,NaN,NaN,NaN,NaN,NaN
NaN,NaN,-0.0329145449019658,-0.0294404083154708,-0.035502796638563,-0.0254918204785402,-0.0287226444925182,-0.0233325004228391,-0.0879195657374415,NaN,NaN,NaN,NaN,NaN,NaN,NaN,NaN,NaN
NaN,NaN,-0.0303071955956208,-0.0293984429202586,-0.0276630349641588,-0.0295025052667673,-0.0224150760914199,-0.0338142193504609,-0.0793616053463969,NaN,NaN,NaN,NaN,NaN,NaN,NaN,NaN,NaN
NaN,NaN,-0.0332568990803945,-0.022742932405284,-0.0344830542987135,-0.0227586867452677,-0.0301761596347205,-0.0255335881956853,-0.0872217443587336,NaN,NaN,NaN,NaN,NaN,NaN,NaN,NaN,NaN
NaN,NaN,-0.0303188743807065,-0.0317817718945056,-0.0333497464841154,-0.0327226275743063,-0.0244909754837863,-0.0301144845434465,-0.0852806259693656,NaN,NaN,NaN,NaN,NaN,NaN,NaN,NaN,NaN
NaN,NaN,-0.0370389628030049,-0.0323761792145281,-0.0383323222583082,-0.0296041870654638,-0.0299402556265704,-0.0288930922397412,-0.0837429937722239,NaN,NaN,NaN,NaN,NaN,NaN,NaN,NaN,NaN
NaN,NaN,-0.0393556090809094,-0.0332310588322192,-0.0365921460276392,-0.0247031206430014,-0.0305839112843387,-0.0308013349422254,-0.0850399535896334,NaN,NaN,NaN,NaN,NaN,NaN,NaN,NaN,NaN
NaN,NaN,-0.0363731044150579,-0.0314558276198416,-0.0267590187674311,-0.0307854207397516,-0.0260331152821891,-0.0386488452204503,-0.0785803560914549,NaN,NaN,NaN,NaN,NaN,NaN,NaN,NaN,NaN
NaN,NaN,-0.034426584354757,-0.0232453995607405,-0.0290952600723055,-0.0229290256441648,-0.0339923097635619,-0.0293833590694703,-0.0841772881152186,NaN,NaN,NaN,NaN,NaN,NaN,NaN,NaN,NaN
NaN,NaN,-0.0260702739275681,-0.0345612668655425,-0.0266105100696829,-0.0308942178429182,-0.0283203503931873,-0.0338993794866838,-0.0804146517815146,NaN,NaN,NaN,NaN,NaN,NaN,NaN,NaN,NaN
NaN,NaN,-0.0295612434662568,-0.030240395780614,-0.0316584460621622,-0.0241303013802584,-0.0334147035027854,-0.0304984315880574,-0.0712736089529547,NaN,NaN,NaN,NaN,NaN,NaN,NaN,NaN,NaN
NaN,NaN,-0.0298122535265672,-0.0301359013877421,-0.0285488903706816,-0.0268530043006952,-0.0296244813944213,-0.0305198333808221,-0.0733608704807314,NaN,NaN,NaN,NaN,NaN,NaN,NaN,NaN,NaN
NaN,NaN,-0.0285230795658814,-0.027929709967187,-0.020107084531143,-0.0328512618483122,-0.0232233709539287,-0.0368931159027852,-0.0691381049158129,NaN,NaN,NaN,NaN,NaN,NaN,NaN,NaN,NaN
NaN,NaN,-0.0299678402758824,-0.0234519855342417,-0.0272662729209211,-0.0235687511206682,-0.0311161621357314,-0.0273150033899583,-0.0758511152865443,NaN,NaN,NaN,NaN,NaN,NaN,NaN,NaN,NaN
NaN,NaN,-0.0219244728602159,-0.0283695549927264,-0.0261283643728045,-0.0300315709949549,-0.0238150774384849,-0.0316007263609208,-0.0756988999249491,NaN,NaN,NaN,NaN,NaN,NaN,NaN,NaN,NaN
NaN,NaN,-0.026260878405689,-0.0224895754120856,-0.0282560825532225,-0.0214761251748617,-0.0277902043308131,-0.0308873705216683,-0.06953510910292,NaN,NaN,NaN,NaN,NaN,NaN,NaN,NaN,NaN
NaN,NaN,-0.025455340258001,-0.0248304919562846,-0.0274968311374929,-0.0263607444406565,-0.0248722403193824,-0.032927674765233,-0.0749365937711749,NaN,NaN,NaN,NaN,NaN,NaN,NaN,NaN,NaN
NaN,NaN,-0.0234825382746446,-0.0243324020169287,-0.0191113703137186,-0.0311052555383261,-0.0244854248012416,-0.0402352042146958,-0.0688356299700293,NaN,NaN,NaN,NaN,NaN,NaN,NaN,NaN,NaN
NaN,NaN,-0.0275719198204267,-0.0238416881523638,-0.0299408450907019,-0.0233503746033724,-0.0306601679767482,-0.0278182901092805,-0.0784818407895121,NaN,NaN,NaN,NaN,NaN,NaN,NaN,NaN,NaN
NaN,NaN,-0.0243700514353501,-0.0300324500761538,-0.0258329861050394,-0.026917731219631,-0.0227099886978976,-0.0371016949065961,-0.073002329915956,NaN,NaN,NaN,NaN,NaN,NaN,NaN,NaN,NaN
NaN,NaN,-0.0313377040244329,-0.0253280976079016,-0.028739103693321,-0.0218093710185106,-0.0244944213773124,-0.0316024213680066,-0.0678528983892951,NaN,NaN,NaN,NaN,NaN,NaN,NaN,NaN,NaN
NaN,NaN,-0.0314733604706513,-0.0282814891300707,-0.0235481538062838,-0.0271806249559935,-0.024298079952132,-0.0349529288359918,-0.0727390822770152,NaN,NaN,NaN,NaN,NaN,NaN,NaN,NaN,NaN
NaN,NaN,-0.0289901564635026,-0.0317359880767375,-0.0181470230406073,-0.0309267768801268,-0.0248318022931926,-0.0396311483928002,-0.0661524523796591,NaN,NaN,NaN,NaN,NaN,NaN,NaN,NaN,NaN
NaN,NaN,-0.031785334906696,-0.0302594692669421,-0.0300069876199511,-0.0213061029256399,-0.034006577625405,-0.0283670067437924,-0.0758259695770297,NaN,NaN,NaN,NaN,NaN,NaN,NaN,NaN,NaN
NaN,NaN,-0.0280492971457231,-0.0325228625200301,-0.0243958622401503,-0.0284466834903772,-0.0246823250199668,-0.0370525955804624,-0.0706078064443621,NaN,NaN,NaN,NaN,NaN,NaN,NaN,NaN,NaN
NaN,NaN,-0.0344415227688539,-0.0260762662849932,-0.0273123361354616,-0.0258187519551332,-0.0266326076234691,-0.0305206715711392,-0.0655171599986109,NaN,NaN,NaN,NaN,NaN,NaN,NaN,NaN,NaN
NaN,NaN,-0.0333105618871438,-0.0238550060651808,-0.021155828255966,-0.0263753662050779,-0.0249611443723552,-0.0320925205596723,-0.0665902112426314,NaN,NaN,NaN,NaN,NaN,NaN,NaN,NaN,NaN
NaN,NaN,-0.027907680235027,-0.0262404957078009,-0.0204290427451876,-0.0282197015524919,-0.0257437906111591,-0.0336645185598172,-0.0622528743745837,NaN,NaN,NaN,NaN,NaN,NaN,NaN,NaN,NaN
NaN,NaN,-0.0313958744324433,-0.026671437289527,-0.0295521296745089,-0.0213323475957926,-0.032534082129132,-0.0273985616513528,-0.0722149153055701,NaN,NaN,NaN,NaN,NaN,NaN,NaN,NaN,NaN
NaN,NaN,-0.0297353076554524,-0.0340269298515826,-0.0259455084985044,-0.0330366136671122,-0.0209817892755382,-0.0365821845480241,-0.0659406323732886,NaN,NaN,NaN,NaN,NaN,NaN,NaN,NaN,NaN
NaN,NaN,-0.0352387162662732,-0.027226133014968,-0.0300914399510172,-0.0278815755785521,-0.0258400893653743,-0.0324281133362092,-0.0638716620208773,NaN,NaN,NaN,NaN,NaN,NaN,NaN,NaN,NaN
NaN,NaN,-0.0300300153709638,-0.0299229824207335,-0.0253363304024485,-0.0289840007365759,-0.0224943130160682,-0.0322588920244016,-0.067389192879394,NaN,NaN,NaN,NaN,NaN,NaN,NaN,NaN,NaN
NaN,NaN,-0.0235207970060098,-0.0297011972628146,-0.0235025003736761,-0.0283040234983976,-0.0206467739189975,-0.0335098445066251,-0.0613337893785986,NaN,NaN,NaN,NaN,NaN,NaN,NaN,NaN,NaN
NaN,NaN,-0.0270848753668057,-0.028858517970851,-0.0288562081938532,-0.0217572728336866,-0.0241452499176376,-0.0251956298598088,-0.0680803459884677,NaN,NaN,NaN,NaN,NaN,NaN,NaN,NaN,NaN
NaN,NaN,-0.0216928343094575,-0.0329473593495398,-0.0238142140393999,-0.0296369509936388,-0.0132007940555923,-0.0310030035325326,-0.0603915144505057,NaN,NaN,NaN,NaN,NaN,NaN,NaN,NaN,NaN
NaN,NaN,-0.0259558702625024,-0.0263378747962027,-0.0254701055770662,-0.0203134993256147,-0.0218974283779971,-0.0280285268672742,-0.0595449049772772,NaN,NaN,NaN,NaN,NaN,NaN,NaN,NaN,NaN
NaN,NaN,-0.0231514158464658,-0.0284300909600764,-0.0203018985873011,-0.0222518051208075,-0.0206065594102256,-0.0263955458649434,-0.0614849244060072,NaN,NaN,NaN,NaN,NaN,NaN,NaN,NaN,NaN
NaN,NaN,-0.0223595122612702,-0.0240824909172564,-0.0185559481566694,-0.0238319056273516,-0.0188206366146915,-0.0302822902449407,-0.0546459992231879,NaN,NaN,NaN,NaN,NaN,NaN,NaN,NaN,NaN
NaN,NaN,-0.0269828955448853,-0.0226660424135237,-0.0251380145734098,-0.0247280055821951,-0.024995640560519,-0.024599508906249,-0.0611179460587058,NaN,NaN,NaN,NaN,NaN,NaN,NaN,NaN,NaN
NaN,NaN,-0.0229419427729833,-0.0250632108412295,-0.0227166690116671,-0.0299167575479563,-0.0183766937698238,-0.0318879462429322,-0.0531772476436648,NaN,NaN,NaN,NaN,NaN,NaN,NaN,NaN,NaN
NaN,NaN,-0.0291602532185304,-0.0217700355909377,-0.026070193964794,-0.0202901231289919,-0.0257607220555656,-0.0248599066981114,-0.0561039288343939,NaN,NaN,NaN,NaN,NaN,NaN,NaN,NaN,NaN
NaN,NaN,-0.026718455813049,-0.023469475772193,-0.0232737116699961,-0.022594420069557,-0.0234298451687209,-0.0238689422258176,-0.0584687803687605,NaN,NaN,NaN,NaN,NaN,NaN,NaN,NaN,NaN
NaN,NaN,-0.0275415773309457,-0.0229985618255644,-0.0200415194218901,-0.0277492346406992,-0.020557236566674,-0.0274337097653188,-0.0531319108607325,NaN,NaN,NaN,NaN,NaN,NaN,NaN,NaN,NaN
NaN,NaN,-0.0299178655065286,-0.0233397425375491,-0.0281744614427832,-0.0267556810916479,-0.0256419970537536,-0.0171915828832425,-0.0594493699075732,NaN,NaN,NaN,NaN,NaN,NaN,NaN,NaN,NaN
NaN,NaN,-0.0254674101985681,-0.0262187772653609,-0.026222707349613,-0.0284676382483061,-0.0190899751032703,-0.0255481913336553,-0.0564162385465655,NaN,NaN,NaN,NaN,NaN,NaN,NaN,NaN,NaN
NaN,NaN,-0.0312715801216352,-0.0262942516468077,-0.0288171485250738,-0.0200817117632444,-0.0281218669260852,-0.0202230378636159,-0.060869003534511,NaN,NaN,NaN,NaN,NaN,NaN,NaN,NaN,NaN
NaN,NaN,-0.0266345436490762,-0.0298521832786112,-0.0255714520996359,-0.0235752703786905,-0.0247305302764289,-0.0229529492207803,-0.0622122314574275,NaN,NaN,NaN,NaN,NaN,NaN,NaN,NaN,NaN
NaN,NaN,-0.0247778775907742,-0.0322789863906413,-0.0231779158299711,-0.0296517590225752,-0.0236637561465614,-0.0259550302871503,-0.059494725316957,NaN,NaN,NaN,NaN,NaN,NaN,NaN,NaN,NaN
NaN,NaN,-0.0281375306464421,-0.0271035150847941,-0.0350463926976469,-0.0266895758153017,-0.0287081158603542,-0.0185165568836965,-0.0631806765498671,NaN,NaN,NaN,NaN,NaN,NaN,NaN,NaN,NaN
NaN,NaN,-0.0246018017448174,-0.0310063340924292,-0.0300814189201143,-0.0264365354717787,-0.0194020240451209,-0.0277961432584561,-0.0583887611331496,NaN,NaN,NaN,NaN,NaN,NaN,NaN,NaN,NaN
NaN,NaN,-0.0312119568504083,-0.0260090434215575,-0.0285564527099875,-0.0164065824986513,-0.0278086817706935,-0.0199927217909135,-0.0556736205520186,NaN,NaN,NaN,NaN,NaN,NaN,NaN,NaN,NaN
NaN,NaN,-0.0278099099911439,-0.0263720915875941,-0.0240612007861879,-0.021020186895233,-0.0219407535041682,-0.0245327517041005,-0.0572092410923991,NaN,NaN,NaN,NaN,NaN,NaN,NaN,NaN,NaN
NaN,NaN,-0.0287689673520314,-0.0267887653074771,-0.0231299527173784,-0.0302211323917921,-0.0222597873653285,-0.0263134218403138,-0.0537903000416312,NaN,NaN,NaN,NaN,NaN,NaN,NaN,NaN,NaN
NaN,NaN,-0.036249126753925,-0.0252014936171084,-0.0361869089489725,-0.0282488519490774,-0.0297636954928748,-0.0209999099024571,-0.0622561153771433,NaN,NaN,NaN,NaN,NaN,NaN,NaN,NaN,NaN
NaN,NaN,-0.0335373575605142,-0.0314681583307295,-0.0269552484339026,-0.0301647687495764,-0.0254148288513534,-0.0289684734889306,-0.0572874163093123,NaN,NaN,NaN,NaN,NaN,NaN,NaN,NaN,NaN
NaN,NaN,-0.0382675262905347,-0.0227418148181944,-0.0282588578944948,-0.0199793594122942,-0.0327719605411403,-0.0209064051159658,-0.0554748576881442,NaN,NaN,NaN,NaN,NaN,NaN,NaN,NaN,NaN
NaN,NaN,-0.0287072020388829,-0.0257155836782961,-0.0213611476307657,-0.0248355174602087,-0.0229748009587638,-0.0213429718860425,-0.0575540167095217,NaN,NaN,NaN,NaN,NaN,NaN,NaN,NaN,NaN
NaN,NaN,-0.0235668788470017,-0.028938350941947,-0.0219278574174192,-0.0291605236173685,-0.0242571948911063,-0.0214430331834592,-0.0525236082078967,NaN,NaN,NaN,NaN,NaN,NaN,NaN,NaN,NaN
NaN,NaN,-0.0266384738303411,-0.0266041957996398,-0.0339299977010038,-0.0208147930146273,-0.0300982824410312,-0.0132146864780225,-0.0594620358945879,NaN,NaN,NaN,NaN,NaN,NaN,NaN,NaN,NaN
NaN,NaN,-0.020665827653526,-0.0303401590548068,-0.0233882457202223,-0.0216891931534822,-0.022521507635247,-0.0213567740865983,-0.0537851405145678,NaN,NaN,NaN,NaN,NaN,NaN,NaN,NaN,NaN
NaN,NaN,-0.0251041385151135,-0.020266452547124,-0.0286558993345049,-0.0134140195489939,-0.026435521140229,-0.0185446641989984,-0.0557686899604353,NaN,NaN,NaN,NaN,NaN,NaN,NaN,NaN,NaN
NaN,NaN,-0.0186358238376367,-0.0282650605998545,-0.0262218877857473,-0.0233696529806669,-0.0184489830280654,-0.0205560601898469,-0.060832719207004,NaN,NaN,NaN,NaN,NaN,NaN,NaN,NaN,NaN
NaN,NaN,-0.0234411502994287,-0.0261116192899256,-0.0299847476368692,-0.0277864875436838,-0.0201606421614997,-0.0239967941888608,-0.0569270689787421,NaN,NaN,NaN,NaN,NaN,NaN,NaN,NaN,NaN
NaN,NaN,-0.0271139698840367,-0.0231684723160773,-0.0363961026256826,-0.0188163796604689,-0.0260485379840247,-0.0157011128612794,-0.0657887709142718,NaN,NaN,NaN,NaN,NaN,NaN,NaN,NaN,NaN
NaN,NaN,-0.0209586540974366,-0.0285608859024554,-0.0245943457072523,-0.0224839838386591,-0.020197503909003,-0.026482512766961,-0.0578100745381865,NaN,NaN,NaN,NaN,NaN,NaN,NaN,NaN,NaN
NaN,NaN,-0.0255260462678658,-0.0207141765616446,-0.0260490529423502,-0.0189933682025488,-0.0252348787034862,-0.0192125342437066,-0.0567313608529124,NaN,NaN,NaN,NaN,NaN,NaN,NaN,NaN,NaN
NaN,NaN,-0.0196027415610539,-0.0260033996067553,-0.0214630901997831,-0.029470449143749,-0.0213128930772655,-0.0194185241707601,-0.0561797757448706,NaN,NaN,NaN,NaN,NaN,NaN,NaN,NaN,NaN
NaN,NaN,-0.0228125448144662,-0.0205602289400607,-0.0255490631049421,-0.0271272787989195,-0.0275229147518985,-0.0203703358420171,-0.0526762706043276,NaN,NaN,NaN,NaN,NaN,NaN,NaN,NaN,NaN
NaN,NaN,-0.025336689761995,-0.0197035798094779,-0.0303334348088053,-0.0217553729356344,-0.0320622554863803,-0.00933535542571917,-0.0574915435912165,NaN,NaN,NaN,NaN,NaN,NaN,NaN,NaN,NaN
NaN,NaN,-0.0203897650159585,-0.0235092246196776,-0.0193262636845854,-0.0264354737640436,-0.0237977734650485,-0.0256588324555196,-0.0509471398593936,NaN,NaN,NaN,NaN,NaN,NaN,NaN,NaN,NaN
NaN,NaN,-0.0268310154594171,-0.0208544151149302,-0.0271376013940123,-0.022573837840658,-0.0305605350877158,-0.0189742087968625,-0.0520077113809142,NaN,NaN,NaN,NaN,NaN,NaN,NaN,NaN,NaN
NaN,NaN,-0.0202222014583337,-0.0269184426627665,-0.0251170784419325,-0.0321772823275145,-0.0279144055093639,-0.0217301599332131,-0.0531502765419039,NaN,NaN,NaN,NaN,NaN,NaN,NaN,NaN,NaN
NaN,NaN,-0.0227846423901307,-0.0242208854518443,-0.0279556751435545,-0.0275398546994741,-0.0275680838967673,-0.0217016242095269,-0.050706188082889,NaN,NaN,NaN,NaN,NaN,NaN,NaN,NaN,NaN
NaN,NaN,-0.0235216724492299,-0.0215260290763884,-0.0290240325217989,-0.0211746933103617,-0.0258353582466953,-0.0136701777228154,-0.0554941174389872,NaN,NaN,NaN,NaN,NaN,NaN,NaN,NaN,NaN
NaN,NaN,-0.0180310043312299,-0.0215863787792235,-0.0176498830502775,-0.024561075323921,-0.0140201530302875,-0.0254018433042802,-0.0467472289504561,NaN,NaN,NaN,NaN,NaN,NaN,NaN,NaN,NaN
NaN,NaN,-0.0203182953215825,-0.0161770896277934,-0.0253723167067316,-0.0200737396420057,-0.0236519656027667,-0.0187397576519288,-0.0459934909643683,NaN,NaN,NaN,NaN,NaN,NaN,NaN,NaN,NaN
NaN,NaN,-0.0169440763808476,-0.0228074358068019,-0.0196809672003534,-0.0228813791812475,-0.0223614319111221,-0.0232513263472356,-0.0516927567126307,NaN,NaN,NaN,NaN,NaN,NaN,NaN,NaN,NaN
NaN,NaN,-0.0236067953325498,-0.0226838493011504,-0.0215931587105539,-0.0210057513953264,-0.0236308804596774,-0.0201603784807958,-0.0469828721882853,NaN,NaN,NaN,NaN,NaN,NaN,NaN,NaN,NaN
NaN,NaN,-0.0276512498773324,-0.0230183989964038,-0.0231407001798895,-0.0176337490023191,-0.0254666662658565,-0.0196113079437055,-0.0555776011945757,NaN,NaN,NaN,NaN,NaN,NaN,NaN,NaN,NaN
NaN,NaN,-0.0209875064707982,-0.0242191904447585,-0.0151815988307741,-0.0240019278765734,-0.0171089961077087,-0.0311665437766351,-0.0440029379727396,NaN,NaN,NaN,NaN,NaN,NaN,NaN,NaN,NaN
NaN,NaN,-0.0206466610349404,-0.0162436605654269,-0.022596807796314,-0.0153668539763506,-0.0259469306911342,-0.0231761872419156,-0.0476324138047251,NaN,NaN,NaN,NaN,NaN,NaN,NaN,NaN,NaN
NaN,NaN,-0.016662183663963,-0.018980221565774,-0.0127213426118639,-0.0200694555581625,-0.0226375318015926,-0.0262383386143483,-0.0485829402508292,NaN,NaN,NaN,NaN,NaN,NaN,NaN,NaN,NaN
NaN,NaN,-0.020036216340183,-0.0217017137668639,-0.0136061549371031,-0.018908021801811,-0.0188753611291759,-0.0212656534858979,-0.0445303831996474,NaN,NaN,NaN,NaN,NaN,NaN,NaN,NaN,NaN
NaN,NaN,-0.020767714343189,-0.0197106578610449,-0.015881841648176,-0.0164030062199648,-0.019137863710057,-0.0163334250100888,-0.0484508414568457,NaN,NaN,NaN,NaN,NaN,NaN,NaN,NaN,NaN
NaN,NaN,-0.0140212322391259,-0.0201619581542521,-0.0146667823379782,-0.0225295441390093,-0.0114712162758224,-0.025731717760209,-0.038313954025701,NaN,NaN,NaN,NaN,NaN,NaN,NaN,NaN,NaN
NaN,NaN,-0.0166089306391465,-0.0133887284658461,-0.0212673075681475,-0.0157082209528501,-0.0235191217507236,-0.0180453635402955,-0.0428560142221007,NaN,NaN,NaN,NaN,NaN,NaN,NaN,NaN,NaN
NaN,NaN,-0.0162169555939424,-0.0194064879081755,-0.0126478426342752,-0.0225836353541429,-0.0123432322288863,-0.0199740580865182,-0.0439503741266283,NaN,NaN,NaN,NaN,NaN,NaN,NaN,NaN,NaN
NaN,NaN,-0.0206891479707944,-0.0204331406615286,-0.0153419912045744,-0.0169203559101637,-0.0120383358444087,-0.016923920775298,-0.0396522831918749,NaN,NaN,NaN,NaN,NaN,NaN,NaN,NaN,NaN
NaN,NaN,-0.017726666740297,-0.0183401794395953,-0.020412297565296,-0.0175754854620512,-0.0140452428604476,-0.0132196597405709,-0.0421833385529074,NaN,NaN,NaN,NaN,NaN,NaN,NaN,NaN,NaN
NaN,NaN,-0.0107650491214978,-0.0215383411608248,-0.0188916713183668,-0.0209633762181814,-0.00951927591813728,-0.0255189291783608,-0.0346635793151411,NaN,NaN,NaN,NaN,NaN,NaN,NaN,NaN,NaN
NaN,NaN,-0.0186484898246514,-0.014562586065343,-0.0205068826859739,-0.013833878392082,-0.020913076295983,-0.0156985051580705,-0.0376099486650977,NaN,NaN,NaN,NaN,NaN,NaN,NaN,NaN,NaN
NaN,NaN,-0.0223357262827146,-0.0219377667866259,-0.0124551147406843,-0.021078152412277,-0.011237230792176,-0.0169650293537416,-0.0393207696082148,NaN,NaN,NaN,NaN,NaN,NaN,NaN,NaN,NaN
NaN,NaN,-0.0242482344425904,-0.0210921817682295,-0.0156105101292875,-0.0172485167325552,-0.0152301831985824,-0.0159500553854741,-0.0324813415112051,NaN,NaN,NaN,NaN,NaN,NaN,NaN,NaN,NaN
NaN,NaN,-0.0221376153446424,-0.0209253073893099,-0.0201044768279341,-0.0165586488486345,-0.0187342285062186,-0.012509880180005,-0.0402147275211367,NaN,NaN,NaN,NaN,NaN,NaN,NaN,NaN,NaN
NaN,NaN,-0.0151984425998914,-0.0240876131914168,-0.0196785643881109,-0.0214437337757166,-0.0196680656517856,-0.026389250124339,-0.0332860973479304,NaN,NaN,NaN,NaN,NaN,NaN,NaN,NaN,NaN
NaN,NaN,-0.0232963668919789,-0.0170753316245585,-0.0231713779454973,-0.0212075689972456,-0.0261037840391509,-0.01705600094283,-0.0374170531334433,NaN,NaN,NaN,NaN,NaN,NaN,NaN,NaN,NaN
NaN,NaN,-0.022965691498636,-0.0263553464077025,-0.015052387136772,-0.0259867811740454,-0.0171121439780109,-0.0202094033011235,-0.0349170666935,NaN,NaN,NaN,NaN,NaN,NaN,NaN,NaN,NaN
NaN,NaN,-0.0212767007566678,-0.0186054759882002,-0.0177795045262125,-0.0190042646766718,-0.0180226980592124,-0.0141335479565896,-0.0283868004383597,NaN,NaN,NaN,NaN,NaN,NaN,NaN,NaN,NaN
NaN,NaN,-0.014126490316509,-0.0142970287464171,-0.0201586425488737,-0.0172458345235403,-0.0187993838335387,-0.00865621637785807,-0.034780255407289,NaN,NaN,NaN,NaN,NaN,NaN,NaN,NaN,NaN
NaN,NaN,-0.00802183847796793,-0.0121890918574839,-0.0163745485430506,-0.0221406424583014,-0.0154884389485233,-0.0206751577206887,-0.0279313650729212,NaN,NaN,NaN,NaN,NaN,NaN,NaN,NaN,NaN
NaN,NaN,-0.0185674647606599,-0.00932428773861223,-0.0219184138065126,-0.0209005491972979,-0.0205433971132152,-0.00950656976783648,-0.0328016792239699,NaN,NaN,NaN,NaN,NaN,NaN,NaN,NaN,NaN
NaN,NaN,-0.0178581881142842,-0.0212795638702422,-0.0180277019923475,-0.0247522758484896,-0.0138074948335998,-0.0179923526593484,-0.032600439042047,NaN,NaN,NaN,NaN,NaN,NaN,NaN,NaN,NaN
NaN,NaN,-0.0167990135766255,-0.0148523205183058,-0.0189083978718069,-0.0198836194516237,-0.0140898718382232,-0.0138002276071347,-0.0333979678155932,NaN,NaN,NaN,NaN,NaN,NaN,NaN,NaN,NaN
NaN,NaN,-0.0105015593386876,-0.0127028280160933,-0.021109783667877,-0.0176943594754751,-0.0171484096790664,-0.0121304593631066,-0.0377673980595622,NaN,NaN,NaN,NaN,NaN,NaN,NaN,NaN,NaN
NaN,NaN,-0.00769766371619577,-0.00980559524517351,-0.0169228181427267,-0.0197603682220991,-0.0109977132524364,-0.0216160915442742,-0.0291783873738799,NaN,NaN,NaN,NaN,NaN,NaN,NaN,NaN,NaN
NaN,NaN,-0.0154383885480153,-0.0112037339470893,-0.0224368624573496,-0.0149382220746096,-0.0176646045292728,-0.012243298406247,-0.0329591286184344,NaN,NaN,NaN,NaN,NaN,NaN,NaN,NaN,NaN
NaN,NaN,-0.00904754128229494,-0.0206716709993392,-0.0114572398548868,-0.0195598917246874,-0.00946591113461182,-0.0202318109222688,-0.0303068895639929,NaN,NaN,NaN,NaN,NaN,NaN,NaN,NaN,NaN
NaN,NaN,-0.0098270396507966,-0.0144852117858439,-0.0144109480267313,-0.0154727826059874,-0.0128079249407165,-0.0133525780984201,-0.0320267815889868,NaN,NaN,NaN,NaN,NaN,NaN,NaN,NaN,NaN
NaN,NaN,-0.00960855137479181,-0.00857518773894602,-0.0200020685976294,-0.0152174139560278,-0.0173313586856239,-0.0136445290991105,-0.0371159565450701,NaN,NaN,NaN,NaN,NaN,NaN,NaN,NaN,NaN
NaN,NaN,-0.0128902899838674,-0.0104229503534346,-0.0136729866450575,-0.0200289243997152,-0.0106282948399894,-0.020213091338519,-0.0303362634779963,NaN,NaN,NaN,NaN,NaN,NaN,NaN,NaN,NaN
NaN,NaN,-0.0236786934353101,-0.0136168838701754,-0.019195152092531,-0.0140351372004564,-0.0186155407573096,-0.0125145181664266,-0.0335355055334124,NaN,NaN,NaN,NaN,NaN,NaN,NaN,NaN,NaN
NaN,NaN,-0.018574393800615,-0.0224817150495558,-0.00890027509982853,-0.0191068591714914,-0.01041012321366,-0.0178092360147275,-0.033054570555881,NaN,NaN,NaN,NaN,NaN,NaN,NaN,NaN,NaN
NaN,NaN,-0.0220444830871808,-0.0127482393048316,-0.0152162254040983,-0.0185703242362555,-0.018171523406636,-0.0121814027079381,-0.0335501086713824,NaN,NaN,NaN,NaN,NaN,NaN,NaN,NaN,NaN
NaN,NaN,-0.0192398982859838,-0.00832851764183336,-0.0189653575604704,-0.0176350342274721,-0.0191889746929519,-0.00863090303028002,-0.0379411269726309,NaN,NaN,NaN,NaN,NaN,NaN,NaN,NaN,NaN
NaN,NaN,-0.0214869375146615,-0.014320330437234,-0.0154562458580282,-0.0213956775308664,-0.0130737430299632,-0.0162728331633843,-0.0294221703710112,NaN,NaN,NaN,NaN,NaN,NaN,NaN,NaN,NaN
NaN,NaN,-0.0304750571764695,-0.0172280871532469,-0.0222793385570791,-0.0146715285421427,-0.0205274156178348,-0.0106042824336328,-0.0334734980763945,NaN,NaN,NaN,NaN,NaN,NaN,NaN,NaN,NaN
NaN,NaN,-0.0240668500579583,-0.0242925786636382,-0.0117552071994093,-0.0209395343602713,-0.0109760879422538,-0.0127243078895845,-0.0347518873216662,NaN,NaN,NaN,NaN,NaN,NaN,NaN,NaN,NaN
NaN,NaN,-0.0259148548163163,-0.0142854244671374,-0.0193518378024843,-0.0192263664842661,-0.0208416997338645,-0.0103118843981065,-0.0346017394961867,NaN,NaN,NaN,NaN,NaN,NaN,NaN,NaN,NaN
NaN,NaN,-0.0225253621853578,-0.0200094075165301,-0.0232342235928324,-0.0186533795834597,-0.0205396345700137,-0.00953693088376894,-0.0410558049382719,NaN,NaN,NaN,NaN,NaN,NaN,NaN,NaN,NaN
NaN,NaN,-0.0247829067326772,-0.0320578345320731,-0.0228207349961546,-0.0245228724719103,-0.0178095369483344,-0.0222423873492517,-0.0331451323630366,NaN,NaN,NaN,NaN,NaN,NaN,NaN,NaN,NaN
NaN,NaN,-0.0311777028061139,-0.0301806793771296,-0.0275328546946791,-0.0159790681839998,-0.0226942307199351,-0.0121619566925801,-0.0385868687929663,NaN,NaN,NaN,NaN,NaN,NaN,NaN,NaN,NaN
NaN,NaN,-0.0248963790751683,-0.0250807383320838,-0.0172227226382044,-0.0208398828447874,-0.0135085775400512,-0.0143338381894864,-0.0376805056633505,NaN,NaN,NaN,NaN,NaN,NaN,NaN,NaN,NaN
NaN,NaN,-0.0256736795223939,-0.0106945240161925,-0.0237989030962732,-0.0138948986471708,-0.0186291566933505,-0.00500524562085047,-0.032052970379785,NaN,NaN,NaN,NaN,NaN,NaN,NaN,NaN,NaN
NaN,NaN,-0.0209745424605596,-0.0161789522729426,-0.0245477795785215,-0.0157406682313498,-0.0171303047682159,-0.00268262025201693,-0.0343325127663168,NaN,NaN,NaN,NaN,NaN,NaN,NaN,NaN,NaN
NaN,NaN,-0.0220544668651807,-0.025926584120801,-0.0194957830196169,-0.0197604613543566,-0.0148138075019233,-0.0181833855458535,-0.0275705707075152,NaN,NaN,NaN,NaN,NaN,NaN,NaN,NaN,NaN
NaN,NaN,-0.027713965139507,-0.0200836152992755,-0.0244237087851313,-0.0149973796845491,-0.0221062308992259,-0.00834949460113421,-0.0356761877240691,NaN,NaN,NaN,NaN,NaN,NaN,NaN,NaN,NaN
NaN,NaN,-0.0207179072118985,-0.0159763896129637,-0.0142287440782335,-0.0276188308538015,-0.0153705707634799,-0.0126058064051904,-0.0315284122528586,NaN,NaN,NaN,NaN,NaN,NaN,NaN,NaN,NaN
NaN,NaN,-0.0194079275048959,-0.0110666246376544,-0.0233007386511114,-0.018750665539604,-0.0192621021415107,-0.00301130261505023,-0.0294800800087008,NaN,NaN,NaN,NaN,NaN,NaN,NaN,NaN,NaN
NaN,NaN,-0.0156251559771287,-0.0189990342817813,-0.0238063909297731,-0.0196142809630449,-0.0203497937764041,-0.00604879256570712,-0.0327466194333586,NaN,NaN,NaN,NaN,NaN,NaN,NaN,NaN,NaN
NaN,NaN,-0.014815575889467,-0.0246310026608019,-0.0184320636277941,-0.0203765871168192,-0.0144293389166705,-0.0192711516865529,-0.027868854701713,NaN,NaN,NaN,NaN,NaN,NaN,NaN,NaN,NaN
NaN,NaN,-0.0158493439472901,-0.0169400477073699,-0.0215948723440912,-0.0172919722438868,-0.0199292085017078,-0.00700615491950884,-0.0343084473909888,NaN,NaN,NaN,NaN,NaN,NaN,NaN,NaN,NaN
NaN,NaN,-0.00930721264254923,-0.0165501588247328,-0.0111671514993456,-0.0261492038310583,-0.0119275084580295,-0.0119611076661386,-0.0318160791697058,NaN,NaN,NaN,NaN,NaN,NaN,NaN,NaN,NaN
NaN,NaN,-0.0124746779717195,-0.0122184285185843,-0.0223286427741793,-0.0178381370545443,-0.0201633057440631,-0.00496253516757861,-0.0263257277013812,NaN,NaN,NaN,NaN,NaN,NaN,NaN,NaN,NaN
NaN,NaN,-0.014193117133497,-0.0195055806301146,-0.0244658790713099,-0.0179181004108007,-0.0207098430837505,-0.0116876341053285,-0.0349428643288168,NaN,NaN,NaN,NaN,NaN,NaN,NaN,NaN,NaN
NaN,NaN,-0.0151874529935109,-0.0232018322907,-0.0178669929688719,-0.0188830437303598,-0.0151971585000865,-0.0257660276838578,-0.0306117300691161,NaN,NaN,NaN,NaN,NaN,NaN,NaN,NaN,NaN
NaN,NaN,-0.0223824414230573,-0.0141628065369635,-0.0222269050961283,-0.0174958573819216,-0.0248278907383792,-0.0148529760190286,-0.0369555269183669,NaN,NaN,NaN,NaN,NaN,NaN,NaN,NaN,NaN
NaN,NaN,-0.0154552454866158,-0.0159059443734198,-0.011950840819433,-0.0259240100325163,-0.0177872224594466,-0.0194757260032929,-0.0302906659247431,NaN,NaN,NaN,NaN,NaN,NaN,NaN,NaN,NaN
NaN,NaN,-0.0191129590190637,-0.0137590968273192,-0.0209166087394503,-0.0204959267915304,-0.0253337851609103,-0.0118262149044313,-0.0269667011501345,NaN,NaN,NaN,NaN,NaN,NaN,NaN,NaN,NaN
NaN,NaN,-0.019056483618139,-0.020548475649169,-0.0186349988168028,-0.0177017914296205,-0.023497384681832,-0.0186778805800714,-0.0330807965995821,NaN,NaN,NaN,NaN,NaN,NaN,NaN,NaN,NaN
NaN,NaN,-0.0227478365219819,-0.0199247875474005,-0.01589886622484,-0.0234061235726889,-0.0192925750161521,-0.02748415019596,-0.0273178842665705,NaN,NaN,NaN,NaN,NaN,NaN,NaN,NaN,NaN
NaN,NaN,-0.0274970414854276,-0.0104640216789752,-0.0195837371235636,-0.0206515135408457,-0.028006122156512,-0.0158930770703591,-0.0357660230996165,NaN,NaN,NaN,NaN,NaN,NaN,NaN,NaN,NaN
NaN,NaN,-0.0193848865843999,-0.016547290351203,-0.0116272062247541,-0.028617879206043,-0.021395054354798,-0.0201678476878442,-0.0300176207723174,NaN,NaN,NaN,NaN,NaN,NaN,NaN,NaN,NaN
NaN,NaN,-0.021928980461477,-0.0184933261237651,-0.0219014078563002,-0.0198704691768702,-0.0297352156485431,-0.0118442080565728,-0.0309199605884108,NaN,NaN,NaN,NaN,NaN,NaN,NaN,NaN,NaN
NaN,NaN,-0.0184907237805116,-0.0217522100768595,-0.0207584329133776,-0.0214353146196421,-0.0275567031349055,-0.0196905076154508,-0.0381875921787772,NaN,NaN,NaN,NaN,NaN,NaN,NaN,NaN,NaN
NaN,NaN,-0.0213632578767526,-0.0213552803955584,-0.0205924712305811,-0.0278174260796125,-0.0194374701823108,-0.0301618329831399,-0.028990353346065,NaN,NaN,NaN,NaN,NaN,NaN,NaN,NaN,NaN
NaN,NaN,-0.0211985255397546,-0.0121866331658869,-0.0200683601384905,-0.01792707836042,-0.0242501540924422,-0.0121641359874047,-0.0318406102063212,NaN,NaN,NaN,NaN,NaN,NaN,NaN,NaN,NaN
NaN,NaN,-0.0129439155377137,-0.018757411953023,-0.011489444989517,-0.0207729580045755,-0.0119723795796745,-0.0164495795615949,-0.0274306860568079,NaN,NaN,NaN,NaN,NaN,NaN,NaN,NaN,NaN
NaN,NaN,-0.0173510084666001,-0.0156159118972331,-0.0175174862330702,-0.00873067771802501,-0.0189177363063209,-0.0102952696033753,-0.0276282940806899,NaN,NaN,NaN,NaN,NaN,NaN,NaN,NaN,NaN
NaN,NaN,-0.0198141890383946,-0.0196763851902991,-0.0197822019642141,-0.0168231072069223,-0.0173793590511195,-0.0215636580833234,-0.0334995192291293,NaN,NaN,NaN,NaN,NaN,NaN,NaN,NaN,NaN
NaN,NaN,-0.0240874322868573,-0.0173576900027304,-0.0176744699662474,-0.0220513099969442,-0.0124862274969928,-0.0280005499371327,-0.0233993631603274,NaN,NaN,NaN,NaN,NaN,NaN,NaN,NaN,NaN
NaN,NaN,-0.0237062233306157,-0.0112750173769503,-0.015827322024658,-0.0141214149237688,-0.0204933292116039,-0.0108062490471639,-0.0290173803271803,NaN,NaN,NaN,NaN,NaN,NaN,NaN,NaN,NaN
NaN,NaN,-0.016309901586889,-0.021766720082572,-0.00761808605845241,-0.0172177830875929,-0.0077533206786029,-0.0171106136986054,-0.0246362340452227,NaN,NaN,NaN,NaN,NaN,NaN,NaN,NaN,NaN
NaN,NaN,-0.0179916652656781,-0.014714987691453,-0.0158691197818068,-0.00829323550472812,-0.0163533954764716,-0.00712826993549243,-0.0238911387326273,NaN,NaN,NaN,NaN,NaN,NaN,NaN,NaN,NaN
NaN,NaN,-0.0175510006762731,-0.0164857858083754,-0.0201116480117586,-0.0155471207738932,-0.0137690312112682,-0.0152846626588143,-0.0264047038557086,NaN,NaN,NaN,NaN,NaN,NaN,NaN,NaN,NaN
NaN,NaN,-0.0173590737200963,-0.0146110707185774,-0.0119766757076529,-0.020151691341501,-0.0166076279128902,-0.0182843781658448,-0.0129384686054739,NaN,NaN,NaN,NaN,NaN,NaN,NaN,NaN,NaN
NaN,NaN,-0.0153544763840425,-0.0136829332671671,-0.0120073534732607,-0.0129916275085028,-0.0224325290764682,-0.00464892160380259,-0.0231868539752516,NaN,NaN,NaN,NaN,NaN,NaN,NaN,NaN,NaN
NaN,NaN,-0.00902617674243326,-0.0203432866595297,-0.00820815341527729,-0.0190705003381784,-0.0132552019204013,-0.0149673238047399,-0.024484037310079,NaN,NaN,NaN,NaN,NaN,NaN,NaN,NaN,NaN
NaN,NaN,-0.0130054014540898,-0.0124644280634432,-0.0196546480243948,-0.0146580429912622,-0.0218850417877547,-0.00976972427451983,-0.0239143286647353,NaN,NaN,NaN,NaN,NaN,NaN,NaN,NaN,NaN
NaN,NaN,-0.0139747964955556,-0.0165837981961279,-0.0239567622726706,-0.0227816904128607,-0.0182808234239928,-0.0202291845926084,-0.0272693623604331,NaN,NaN,NaN,NaN,NaN,NaN,NaN,NaN,NaN
NaN,NaN,-0.0126249748088109,-0.017265544947198,-0.0171861402874735,-0.0235120894552286,-0.0169722965802066,-0.0220240853377618,-0.0179110606016669,NaN,NaN,NaN,NaN,NaN,NaN,NaN,NaN,NaN
NaN,NaN,-0.0126249748088109,-0.0163999737463503,-0.0188153214936998,-0.0138235220850523,-0.0218218049849384,-0.0111157089122571,-0.0301966209711585,NaN,NaN,NaN,NaN,NaN,NaN,NaN,NaN,NaN
NaN,NaN,-0.00828860651624079,-0.0213336364589243,-0.0107778772896078,-0.0212467963040884,-0.0137438109959476,-0.0191093064495362,-0.0266091850401911,NaN,NaN,NaN,NaN,NaN,NaN,NaN,NaN,NaN
NaN,NaN,-0.0188592853761899,-0.0156881825290232,-0.0244755648260859,-0.017057744616371,-0.0211035876418464,-0.0107431426295079,-0.0270836938919577,NaN,NaN,NaN,NaN,NaN,NaN,NaN,NaN,NaN
NaN,NaN,-0.0204434837020623,-0.016733890142253,-0.0245089620536116,-0.0234536396504457,-0.0202062583412044,-0.0188372857519425,-0.026392764300302,NaN,NaN,NaN,NaN,NaN,NaN,NaN,NaN,NaN
NaN,NaN,-0.0211023757971513,-0.0186837070844679,-0.0177763566559103,-0.0193461531938131,-0.0202130942489021,-0.0194955818005838,-0.0192628008129153,NaN,NaN,NaN,NaN,NaN,NaN,NaN,NaN,NaN
NaN,NaN,-0.0239768097914445,-0.0161037945411711,-0.0195704192107466,-0.0119639875532206,-0.0246866277302615,-0.0103536262759007,-0.029351184964374,NaN,NaN,NaN,NaN,NaN,NaN,NaN,NaN,NaN
NaN,NaN,-0.0191483306504476,-0.0239939221404105,-0.0129504665916708,-0.026255206966501,-0.017833509191405,-0.0186100244172849,-0.0252910283209834,NaN,NaN,NaN,NaN,NaN,NaN,NaN,NaN,NaN
NaN,NaN,-0.0260411980367887,-0.0167287119887381,-0.0277247071450499,-0.0241511816323812,-0.0293181880260818,-0.0134507767506875,-0.0262394686045203,NaN,NaN,NaN,NaN,NaN,NaN,NaN,NaN,NaN
NaN,NaN,-0.0217829863346803,-0.0180942544005423,-0.0200265065019873,-0.0257134752512987,-0.0257169126416557,-0.0210985555895604,-0.0275812064113173,NaN,NaN,NaN,NaN,NaN,NaN,NaN,NaN,NaN
NaN,NaN,-0.0175528446949708,-0.0160113328359633,-0.0132738776689318,-0.0186365040184076,-0.0164716734434478,-0.0196081414469518,-0.01902620762606,NaN,NaN,NaN,NaN,NaN,NaN,NaN,NaN,NaN
NaN,NaN,-0.0170674952484357,-0.00974084969978624,-0.0147901825791147,-0.0124341750682409,-0.0171035758103244,-0.00729190331185237,-0.0234404158594164,NaN,NaN,NaN,NaN,NaN,NaN,NaN,NaN,NaN
NaN,NaN,-0.0112062725044477,-0.0154359058700114,-0.0118509844129827,-0.0232633704484518,-0.00879252766026184,-0.0150450333603658,-0.0170451168717894,NaN,NaN,NaN,NaN,NaN,NaN,NaN,NaN,NaN
NaN,NaN,-0.0190317104376542,-0.0118990407548457,-0.0227587647920397,-0.0162295567036684,-0.0204882814432494,-0.00986773666227236,-0.0224135023357424,NaN,NaN,NaN,NaN,NaN,NaN,NaN,NaN,NaN
NaN,NaN,-0.0162632050729978,-0.0164614969156294,-0.0163788140004423,-0.0149096863509233,-0.0166259004618041,-0.0158407181152143,-0.0274570611121211,NaN,NaN,NaN,NaN,NaN,NaN,NaN,NaN,NaN
NaN,NaN,-0.0150832566238629,-0.0136157104037314,-0.012769547868326,-0.0120073499322946,-0.011368062987458,-0.0193041205056943,-0.0209615145625624,NaN,NaN,NaN,NaN,NaN,NaN,NaN,NaN,NaN
NaN,NaN,-0.0169458086408364,-0.00967250924926096,-0.017614902574375,-0.00885547494302349,-0.0163962549413554,-0.00719567906344309,-0.0251441214980635,NaN,NaN,NaN,NaN,NaN,NaN,NaN,NaN,NaN
NaN,NaN,-0.0127405705667722,-0.0162866131625681,-0.0144301891511229,-0.0231276394964273,-0.0115123248542659,-0.0177818365045823,-0.0173462879659686,NaN,NaN,NaN,NaN,NaN,NaN,NaN,NaN,NaN
NaN,NaN,-0.0191294806815373,-0.0171860472522288,-0.0214533299392012,-0.0132346468211229,-0.0232161252642982,-0.01273760717595,-0.0213858996333632,NaN,NaN,NaN,NaN,NaN,NaN,NaN,NaN,NaN
NaN,NaN,-0.0164469550169694,-0.0176833735070735,-0.0150980405693796,-0.0142064633012827,-0.018355440988671,-0.0164037771173753,-0.0268507514895949,NaN,NaN,NaN,NaN,NaN,NaN,NaN,NaN,NaN
NaN,NaN,-0.0142583283401715,-0.0167646051607638,-0.00998608546312122,-0.0123313384295519,-0.013934173330199,-0.0174957528361119,-0.0168001790346655,NaN,NaN,NaN,NaN,NaN,NaN,NaN,NaN,NaN
NaN,NaN,-0.0154809872425782,-0.010919699188283,-0.0176711172049787,-0.0143485272468145,-0.0218859358574264,-0.00634744908893481,-0.0231384810807261,NaN,NaN,NaN,NaN,NaN,NaN,NaN,NaN,NaN
NaN,NaN,-0.0125982272244679,-0.0189550572298079,-0.012369898725107,-0.025523783469301,-0.0171631804550998,-0.0178757510730065,-0.017582620382503,NaN,NaN,NaN,NaN,NaN,NaN,NaN,NaN,NaN
NaN,NaN,-0.0193291003621804,-0.0113503799996882,-0.0165501214748171,-0.0131423900068815,-0.0234773612464778,-0.0107677667983808,-0.0227603827418837,NaN,NaN,NaN,NaN,NaN,NaN,NaN,NaN,NaN
NaN,NaN,-0.0149429808176743,-0.013475099321416,-0.0102405972963121,-0.0130442472339685,-0.0149617574061267,-0.0161869093426503,-0.0258560617270026,NaN,NaN,NaN,NaN,NaN,NaN,NaN,NaN,NaN
NaN,NaN,-0.0118825430787789,-0.0117863879762202,-0.0098284684305933,-0.0107259432018812,-0.00959249649895355,-0.0129092499264516,-0.0167444114388976,NaN,NaN,NaN,NaN,NaN,NaN,NaN,NaN,NaN
NaN,NaN,-0.0163072380043256,-0.00530116048078829,-0.0168463379328993,-0.0150447094977911,-0.0205084352637641,-0.00203982141101733,-0.0218635377289805,NaN,NaN,NaN,NaN,NaN,NaN,NaN,NaN,NaN
NaN,NaN,-0.013947043082832,-0.0158562490008383,-0.00813459755833416,-0.0219145918429907,-0.0153097553993575,-0.0129648871370591,-0.0182511982323679,NaN,NaN,NaN,NaN,NaN,NaN,NaN,NaN,NaN
NaN,NaN,-0.0237087379015672,-0.00887438442926699,-0.0166041940634993,-0.0149086060167368,-0.021764621778857,-0.00721799355233088,-0.0210005183519873,NaN,NaN,NaN,NaN,NaN,NaN,NaN,NaN,NaN
NaN,NaN,-0.0179902124024617,-0.0178181358836203,-0.0161569543367174,-0.0147181319237764,-0.0136234096135013,-0.0123540699132718,-0.0248198722304854,NaN,NaN,NaN,NaN,NaN,NaN,NaN,NaN,NaN
NaN,NaN,-0.0159337403990018,-0.0168695838413745,-0.020584331471279,-0.0197678746820505,-0.0129154368187301,-0.012176820600871,-0.0191988562049422,NaN,NaN,NaN,NaN,NaN,NaN,NaN,NaN,NaN
NaN,NaN,-0.0191971133269059,-0.0202042774520426,-0.0250336319392469,-0.0209425704718645,-0.025134687020909,-0.00817299034679309,-0.029368135035232,NaN,NaN,NaN,NaN,NaN,NaN,NaN,NaN,NaN
NaN,NaN,-0.0157542931653249,-0.0280234941504508,-0.0157042570596483,-0.0283463986755426,-0.0172335698152892,-0.0200457140454091,-0.0269192409517321,NaN,NaN,NaN,NaN,NaN,NaN,NaN,NaN,NaN
NaN,NaN,-0.025816209129213,-0.01905418720465,-0.0214060932582167,-0.0156343670726831,-0.0257788642193191,-0.0141489892848767,-0.0272314761580977,NaN,NaN,NaN,NaN,NaN,NaN,NaN,NaN,NaN
NaN,NaN,-0.0148555668808209,-0.0220823453031092,-0.0179547608083036,-0.0120821165085848,-0.0141333087231033,-0.0171461343416013,-0.0241678532959971,NaN,NaN,NaN,NaN,NaN,NaN,NaN,NaN,NaN
NaN,NaN,-0.0156331653512704,-0.0167113148830443,-0.0157848909681585,-0.0154047401786859,-0.012577720626723,-0.0120709851034917,-0.0124330770971331,NaN,NaN,NaN,NaN,NaN,NaN,NaN,NaN,NaN
NaN,NaN,-0.0147190722442853,-0.0129594632647544,-0.0148418151026514,-0.011694127524,-0.0209243825520389,-0.00459684204543009,-0.0236985039712939,NaN,NaN,NaN,NaN,NaN,NaN,NaN,NaN,NaN
NaN,NaN,-0.0116222011662709,-0.0150973328612357,-0.0067982614224699,-0.018843928182226,-0.0123479074682109,-0.0129126399406232,-0.0172809091212306,NaN,NaN,NaN,NaN,NaN,NaN,NaN,NaN,NaN
NaN,NaN,-0.0173561307407605,-0.00758481931309992,-0.015325972456291,-0.00739400630603389,-0.0195025882567279,-0.0053583100088872,-0.016465927362636,NaN,NaN,NaN,NaN,NaN,NaN,NaN,NaN,NaN
NaN,NaN,-0.00912059422504778,-0.0118926146290808,-0.0142213866298941,-0.011666243726116,-0.0135004191542976,-0.0113951429375447,-0.0145823460819277,NaN,NaN,NaN,NaN,NaN,NaN,NaN,NaN,NaN
NaN,NaN,-0.0133564541853654,-0.0110894792936354,-0.0119228080099371,-0.0188406871796663,-0.0158907144214027,-0.0105890273698606,-0.00968565687556596,NaN,NaN,NaN,NaN,NaN,NaN,NaN,NaN,NaN
NaN,NaN,-0.0104343364752519,-0.00643873375277811,-0.0135715097373274,-0.016366274857622,-0.0207052423502319,-0.00338370125973597,-0.0217231874169859,NaN,NaN,NaN,NaN,NaN,NaN,NaN,NaN,NaN
NaN,NaN,-0.0078448685623395,-0.0144781896136313,-0.00760216044242649,-0.0225674117148931,-0.010641258850228,-0.011631959641818,-0.0164428305627856,NaN,NaN,NaN,NaN,NaN,NaN,NaN,NaN,NaN
NaN,NaN,-0.0122808511174905,-0.00987846192341143,-0.0182492450063971,-0.00997449626932697,-0.0167348093236797,-0.00373128947103396,-0.0175809626283202,NaN,NaN,NaN,NaN,NaN,NaN,NaN,NaN,NaN
NaN,NaN,-0.0060523147500741,-0.0162218489907294,-0.0143806241637018,-0.0161776447833593,-0.0127386531676166,-0.0132447309442796,-0.0162154947223219,NaN,NaN,NaN,NaN,NaN,NaN,NaN,NaN,NaN
NaN,NaN,-0.00673659469854708,-0.0108139195702582,-0.0109689288025644,-0.0179909857154901,-0.0138302749837749,-0.0118754632421769,-0.0119061906637702,NaN,NaN,NaN,NaN,NaN,NaN,NaN,NaN,NaN
NaN,NaN,-0.00812864255082483,-0.00773854341726595,-0.0132902875726965,-0.0125734077931459,-0.0174063860322349,-0.00652106624329463,-0.0241878581048998,NaN,NaN,NaN,NaN,NaN,NaN,NaN,NaN,NaN
NaN,NaN,-0.00875022586357469,-0.0147641615233927,-0.00616883637364178,-0.018085868859392,-0.00814559374703095,-0.0165611706324853,-0.0159132432939562,NaN,NaN,NaN,NaN,NaN,NaN,NaN,NaN,NaN
NaN,NaN,-0.016411490253328,-0.00676890623193079,-0.0159227453356531,-0.00411791151176052,-0.0171840420807712,-0.00720104348147288,-0.0134574201705012,NaN,NaN,NaN,NaN,NaN,NaN,NaN,NaN,NaN
NaN,NaN,-0.00939863126647348,-0.00957231756668383,-0.00922184215839176,-0.00890885835300045,-0.0104210755671375,-0.0136031224974431,-0.0126006034018549,NaN,NaN,NaN,NaN,NaN,NaN,NaN,NaN,NaN
NaN,NaN,-0.0103128733850705,-0.00167930286746317,-0.00488420726712017,-0.0115901919246729,-0.0110302722896449,-0.0105077229090966,-0.00769260793943734,NaN,NaN,NaN,NaN,NaN,NaN,NaN,NaN,NaN
NaN,NaN,-0.0151512804247128,-0.00504856717210108,-0.00725377129371433,-0.00985087251077251,-0.0163389040972106,-0.00470405590021983,-0.0190197442473921,NaN,NaN,NaN,NaN,NaN,NaN,NaN,NaN,NaN
NaN,NaN,-0.0152791323877561,-0.0126836427710562,-0.00163243861849575,-0.0166055875063951,-0.00768607918871567,-0.0153212263830937,-0.00976316154022546,NaN,NaN,NaN,NaN,NaN,NaN,NaN,NaN,NaN
NaN,NaN,-0.0221389378226983,-0.00816143837194734,-0.014521756786659,-0.0045580359340723,-0.0191112837637775,-0.00478580739581957,-0.0118562904002223,NaN,NaN,NaN,NaN,NaN,NaN,NaN,NaN,NaN
NaN,NaN,-0.0140603850401628,-0.0144179702959567,-0.00895811023171215,-0.015098167413574,-0.0136983065749519,-0.013804399932269,-0.013059466034368,NaN,NaN,NaN,NaN,NaN,NaN,NaN,NaN,NaN
NaN,NaN,-0.0181963699675786,-0.011550595726779,-0.0114795915966776,-0.0197111385108049,-0.0157365991617553,-0.0119998506852426,-0.013577691167787,NaN,NaN,NaN,NaN,NaN,NaN,NaN,NaN,NaN
NaN,NaN,-0.0184081713474977,-0.0194404998086005,-0.0180917211061266,-0.0154864730478342,-0.0180734737659805,-0.0133002377697267,-0.0271251936258826,NaN,NaN,NaN,NaN,NaN,NaN,NaN,NaN,NaN
NaN,NaN,-0.0148792969800221,-0.0251619869134932,-0.0130061038022783,-0.0197840238154943,-0.0108746296609752,-0.0202086582430638,-0.0189402651788744,NaN,NaN,NaN,NaN,NaN,NaN,NaN,NaN,NaN
NaN,NaN,-0.0190098988629567,-0.0149943099580317,-0.0243279129451063,-0.00604591687927799,-0.0202539234305732,-0.00932090129936114,-0.0180961330236945,NaN,NaN,NaN,NaN,NaN,NaN,NaN,NaN,NaN
NaN,NaN,-0.00982277419340486,-0.0139685699008017,-0.0121786795740869,-0.0137554237783964,-0.00944227416766807,-0.0126551478751935,-0.0115259875359091,NaN,NaN,NaN,NaN,NaN,NaN,NaN,NaN,NaN
NaN,NaN,-0.0130434552944886,-0.00928735148530298,-0.0111081429010179,-0.00916562398682193,-0.00700746168149635,-0.00887425761902705,-0.00654994964619012,NaN,NaN,NaN,NaN,NaN,NaN,NaN,NaN,NaN
NaN,NaN,-0.0154910641528356,-0.0149076597056895,-0.0114299334769991,-0.00298380275974826,-0.0102204128052108,-0.00780105736339465,-0.0153304588796649,NaN,NaN,NaN,NaN,NaN,NaN,NaN,NaN,NaN
NaN,NaN,-0.0119172627843606,-0.0188503020666152,-0.00464040564353733,-0.0104534009636457,-0.0022260143305175,-0.0137918084510602,-0.00635161519070001,NaN,NaN,NaN,NaN,NaN,NaN,NaN,NaN,NaN
NaN,NaN,-0.0182606312252271,-0.00809201758723551,-0.0167596876805571,-0.00133150612721996,-0.0123343474115245,-0.00503160204971209,-0.0077128176393065,NaN,NaN,NaN,NaN,NaN,NaN,NaN,NaN,NaN
NaN,NaN,-0.0134243662275064,-0.0107092761657744,-0.00754849763567715,-0.0127874443472441,-0.005377069755923,-0.00993844267213717,-0.00608654215951295,NaN,NaN,NaN,NaN,NaN,NaN,NaN,NaN,NaN
NaN,NaN,-0.0207743453599202,-0.0121460088751822,-0.0102549955433157,-0.0127929764033373,-0.01056377281202,-0.00935401913011446,-0.00382659479995103,NaN,NaN,NaN,NaN,NaN,NaN,NaN,NaN,NaN
NaN,NaN,-0.0191979515172231,-0.0172734425626307,-0.0108008064513948,-0.0117051916361864,-0.0173646441544406,-0.00421280186856166,-0.0137763795258555,NaN,NaN,NaN,NaN,NaN,NaN,NaN,NaN,NaN
NaN,NaN,-0.0101144271708714,-0.0191005298159628,-0.00932873936350613,-0.0194116065443571,-0.00680385594023392,-0.00885520275915042,-0.00482255116124482,NaN,NaN,NaN,NaN,NaN,NaN,NaN,NaN,NaN
NaN,NaN,-0.013543799034475,-0.005048753436616,-0.0203339733367708,-0.00871275907168941,-0.0155485465074889,0.00141275901114568,-0.00906256482024522,NaN,NaN,NaN,NaN,NaN,NaN,NaN,NaN,NaN
NaN,NaN,-0.00789162095558519,-0.0109670848808795,-0.0130590401774195,-0.0191262120545919,-0.00695789669407532,-0.00533180456841364,-0.00551945984382959,NaN,NaN,NaN,NaN,NaN,NaN,NaN,NaN,NaN
NaN,NaN,-0.0147473285711991,-0.0135329530797511,-0.014634577203348,-0.0127073133529242,-0.0106451145256869,-0.00796411331975832,-0.0038232792915854,NaN,NaN,NaN,NaN,NaN,NaN,NaN,NaN,NaN
NaN,NaN,-0.0138613427795159,-0.0160808095000296,-0.0166537590509203,-0.00827030634294109,-0.0135306498850696,-0.00197677087271586,-0.0101717513801608,NaN,NaN,NaN,NaN,NaN,NaN,NaN,NaN,NaN
NaN,NaN,-0.00859760072004671,-0.0162124612591773,-0.0103683188741949,-0.012643443250757,-0.00335766439093277,-0.00976784300291911,0.00146629765610366,NaN,NaN,NaN,NaN,NaN,NaN,NaN,NaN,NaN
NaN,NaN,-0.0147625463820683,-0.00368524130802446,-0.0198576204663065,-0.00258515944490985,-0.012232665612828,-0.00180166360223666,-0.00432483375091882,NaN,NaN,NaN,NaN,NaN,NaN,NaN,NaN,NaN
NaN,NaN,-0.00942193295729036,-0.0117263176701575,-0.0117451861685064,-0.0129319483579214,-0.00421999458922073,-0.012184159422759,-0.00160887360592217,NaN,NaN,NaN,NaN,NaN,NaN,NaN,NaN,NaN
NaN,NaN,-0.0168854216850984,-0.0150073484740763,-0.0113571413045671,-0.00677292590747432,-0.0133311047102325,-0.0141686960705556,-0.0020861950518641,NaN,NaN,NaN,NaN,NaN,NaN,NaN,NaN,NaN
NaN,NaN,-0.0177269647635209,-0.0172477566860228,-0.0129276491885927,-0.010527795010906,-0.017507862939965,-0.0103473305352963,-0.00985040783901544,NaN,NaN,NaN,NaN,NaN,NaN,NaN,NaN,NaN
NaN,NaN,-0.0159230860687482,-0.0147109084985762,-0.00932415725643902,-0.0160455646158274,-0.0095591924036853,-0.0179712302633561,0.000815638452574301,NaN,NaN,NaN,NaN,NaN,NaN,NaN,NaN,NaN
NaN,NaN,-0.0221807542062985,-0.0096629538796454,-0.0236868463640955,-0.00932238420258121,-0.0221611416782252,-0.00712892186129466,-0.00623210787792535,NaN,NaN,NaN,NaN,NaN,NaN,NaN,NaN,NaN
NaN,NaN,-0.0169940511502015,-0.0235752926431208,-0.014290658402994,-0.0202229188920076,-0.0156656323815696,-0.0181285306462087,-0.00706295937319131,NaN,NaN,NaN,NaN,NaN,NaN,NaN,NaN,NaN
NaN,NaN,-0.0210198419905889,-0.0229268313608676,-0.0175297796910551,-0.0211939903141077,-0.0220501839066856,-0.0147275827475823,-0.00947204872985215,NaN,NaN,NaN,NaN,NaN,NaN,NaN,NaN,NaN
NaN,NaN,-0.0194488125659215,-0.0175856777689963,-0.0176787167971876,-0.0215276459396894,-0.0229669033433311,-0.00797916349256411,-0.0147167545558962,NaN,NaN,NaN,NaN,NaN,NaN,NaN,NaN,NaN
NaN,NaN,-0.0154862957812535,-0.0137176715992003,-0.0125145703738478,-0.0199965702534731,-0.0110000788117759,-0.012330544705037,-0.00120641186852784,NaN,NaN,NaN,NaN,NaN,NaN,NaN,NaN,NaN
NaN,NaN,-0.0231567616380441,-0.00769277822594935,-0.0203341596012857,-0.0102932507337149,-0.0182071930612437,-0.00211753096664324,-0.00432261720319123,NaN,NaN,NaN,NaN,NaN,NaN,NaN,NaN,NaN
NaN,NaN,-0.0140595095969426,-0.0198624448142558,-0.0116152107899931,-0.0159884745420034,-0.00735748995793983,-0.0116553730913438,-0.00670311495681138,NaN,NaN,NaN,NaN,NaN,NaN,NaN,NaN,NaN
NaN,NaN,-0.0150843742109525,-0.0127710753343611,-0.0132870279436853,-0.0140124501825388,-0.0116393758798949,-0.00662416365230456,-0.00324736803789468,NaN,NaN,NaN,NaN,NaN,NaN,NaN,NaN,NaN
NaN,NaN,-0.0146554442859876,-0.0102429443262129,-0.012549234200075,-0.0112478377462442,-0.0124985768343322,-0.00224152725422755,-0.0108420242371115,NaN,NaN,NaN,NaN,NaN,NaN,NaN,NaN,NaN
NaN,NaN,-0.0133476811267125,-0.011748203750661,-0.009051708150461,-0.0167176814914759,-0.0043116181041114,-0.0102115809568204,-0.00177660480161042,NaN,NaN,NaN,NaN,NaN,NaN,NaN,NaN,NaN
NaN,NaN,-0.0205766255773293,-0.0118055732212573,-0.0215980760937479,-0.0108236203135069,-0.0182593471254222,-0.00741003226721659,-0.0111402337255034,NaN,NaN,NaN,NaN,NaN,NaN,NaN,NaN,NaN
NaN,NaN,-0.0116971726335275,-0.0243515686355143,-0.0147919148391035,-0.0178911293090399,-0.0129226825083606,-0.0190351172932424,-0.0138225731255564,NaN,NaN,NaN,NaN,NaN,NaN,NaN,NaN,NaN
NaN,NaN,-0.0192917543269383,-0.0169491932950526,-0.0160763763075617,-0.0173202099443491,-0.0195515944506042,-0.0121004894026555,-0.010370998531774,NaN,NaN,NaN,NaN,NaN,NaN,NaN,NaN,NaN
NaN,NaN,-0.0178549284852731,-0.01528436106067,-0.0148554869180468,-0.0130989158690985,-0.0146054147626273,-0.00506434735143557,-0.0143263068797144,NaN,NaN,NaN,NaN,NaN,NaN,NaN,NaN,NaN
NaN,NaN,-0.0139054502166497,-0.0160960831902533,-0.0104765758102682,-0.0191327126861628,-0.00777556066168472,-0.0100102290161885,-0.00332580402512879,NaN,NaN,NaN,NaN,NaN,NaN,NaN,NaN,NaN
NaN,NaN,-0.0181581857420194,-0.0147400775216132,-0.0202418655341414,-0.00725622644434528,-0.0185230604256503,-0.00566126924240962,-0.0108164314927611,NaN,NaN,NaN,NaN,NaN,NaN,NaN,NaN,NaN
NaN,NaN,-0.00880092706453676,-0.0192424261234313,-0.013163106161907,-0.0194078253747042,-0.00868253846419975,-0.0123552806326188,-0.00851151987929673,NaN,NaN,NaN,NaN,NaN,NaN,NaN,NaN,NaN
NaN,NaN,-0.0141525300956952,-0.00906776424866014,-0.0136838086133745,-0.0145619305015619,-0.0143194987322204,-0.00371705886209384,-0.00217474520225854,NaN,NaN,NaN,NaN,NaN,NaN,NaN,NaN,NaN
NaN,NaN,-0.012235886863588,-0.00396428417783075,-0.0113124005680826,-0.0111413316966112,-0.00920530845178291,0.00129876512801275,-0.00458769023437829,NaN,NaN,NaN,NaN,NaN,NaN,NaN,NaN,NaN
NaN,NaN,-0.00836689349186296,-0.00994041350107485,-0.0046228036468771,-0.0136830600143488,-0.00165615667356178,-0.00330696027958766,0.00182494997958808,NaN,NaN,NaN,NaN,NaN,NaN,NaN,NaN,NaN
NaN,NaN,-0.0110841761149156,-0.00547569033127123,-0.0152047701364305,-0.00451478531370716,-0.0117740451241843,0.000425370817538351,-0.00663492351789804,NaN,NaN,NaN,NaN,NaN,NaN,NaN,NaN,NaN
NaN,NaN,-0.00182019870650644,-0.00918075230341249,-0.00590374471600323,-0.0155209506095465,-0.00792881910456344,-0.0101237386115827,-0.00803835213203759,NaN,NaN,NaN,NaN,NaN,NaN,NaN,NaN,NaN
NaN,NaN,-0.00785170447003717,-0.00240813728790575,-0.00766297580654888,-0.0111529359758909,-0.0133498056675307,-0.00144934427225962,-0.00444083929081292,NaN,NaN,NaN,NaN,NaN,NaN,NaN,NaN,NaN
NaN,NaN,-0.00841789271604891,-0.00589154448728853,-0.00920241476948528,-0.0140948163510378,-0.0115882090176456,0.000660622899886221,-0.00773151859660478,NaN,NaN,NaN,NaN,NaN,NaN,NaN,NaN,NaN
NaN,NaN,-0.00516685049903269,-0.0165095904133826,-0.00774746539051799,-0.0170427130700167,-0.0090328833903186,-0.00939460616791621,-0.00189590722341867,NaN,NaN,NaN,NaN,NaN,NaN,NaN,NaN,NaN
NaN,NaN,-0.0117962653554666,-0.0119460725448638,-0.0199796237235811,-0.00755689462433414,-0.0217492922092788,-0.00697730254614726,-0.012175454646543,NaN,NaN,NaN,NaN,NaN,NaN,NaN,NaN,NaN
NaN,NaN,-0.0071136499561059,-0.0167517529092341,-0.0101567782645967,-0.0188566686750467,-0.0151757194544189,-0.01683682348812,-0.0114918825032267,NaN,NaN,NaN,NaN,NaN,NaN,NaN,NaN,NaN
NaN,NaN,-0.012316017857908,-0.00679321375112825,-0.0126101985758093,-0.0145627314389761,-0.0185565135325305,-0.00573674362385646,-0.00856086134929986,NaN,NaN,NaN,NaN,NaN,NaN,NaN,NaN,NaN
NaN,NaN,-0.0131824645019757,-0.0107435674629717,-0.00905580596978931,-0.0119288394392546,-0.0163024335051887,-0.00329004746163264,-0.00916147127766938,NaN,NaN,NaN,NaN,NaN,NaN,NaN,NaN,NaN
NaN,NaN,-0.00860847856771822,-0.0121908241174727,-0.00329114275033741,-0.0111738721073683,-0.0074435627902858,-0.00961497571552172,0.00181498482803969,NaN,NaN,NaN,NaN,NaN,NaN,NaN,NaN,NaN
NaN,NaN,-0.0128178703404653,-0.00414529603343302,-0.0134328544324186,-0.00400538911829547,-0.0176662995363586,-0.00283775996649638,-0.00644586503525109,NaN,NaN,NaN,NaN,NaN,NaN,NaN,NaN,NaN
NaN,NaN,-0.00483941610824938,-0.00697653528671556,-0.00236116128022937,-0.0151601189912374,-0.00801606540335342,-0.0113898157724179,-0.00139545172472329,NaN,NaN,NaN,NaN,NaN,NaN,NaN,NaN,NaN
NaN,NaN,-0.0100600938118684,-0.00161226626854235,-0.00375823827441005,-0.00819842686663227,-0.0115875012124889,-0.00153307017171755,0.00126379087547927,NaN,NaN,NaN,NaN,NaN,NaN,NaN,NaN,NaN
NaN,NaN,-0.00568770196211214,-0.0078728401325255,-0.0039472781306055,-0.00806996023068981,-0.0083469643141143,-0.000331924820784479,-0.00731834664960237,NaN,NaN,NaN,NaN,NaN,NaN,NaN,NaN,NaN
NaN,NaN,-0.00486998211514826,-0.00952034976702028,-0.00433953257258205,-0.0124952512026842,-0.00663139362586662,-0.010625479335431,-0.00420828804393144,NaN,NaN,NaN,NaN,NaN,NaN,NaN,NaN,NaN
NaN,NaN,-0.0140536795176255,-0.00388163861255938,-0.0158947311526087,-0.00708972459445552,-0.0182021080399863,-0.00593254488194361,-0.0142450769247565,NaN,NaN,NaN,NaN,NaN,NaN,NaN,NaN,NaN
NaN,NaN,-0.00535440023910875,-0.0107680426202326,-0.00694593192990093,-0.0204880478025492,-0.00898072932614014,-0.0138152777799405,-0.00665273040552468,NaN,NaN,NaN,NaN,NaN,NaN,NaN,NaN,NaN
NaN,NaN,-0.0111689450956571,-0.00873146366696649,-0.00994061829502849,-0.0112636702300127,-0.0124428837443702,-0.00444879900896922,-0.00257970288415284,NaN,NaN,NaN,NaN,NaN,NaN,NaN,NaN,NaN
NaN,NaN,-0.00659082408916826,-0.0127400436661749,-0.00906158016975193,-0.00908759778152065,-0.00853337784064934,-0.00291694101179019,-0.00667428120990129,NaN,NaN,NaN,NaN,NaN,NaN,NaN,NaN,NaN
NaN,NaN,-0.00569807689559336,-0.0119017602167636,-0.00867837818320064,-0.0134066993535574,-0.00853956182254478,-0.0115743666538037,0.000325054973169851,NaN,NaN,NaN,NaN,NaN,NaN,NaN,NaN,NaN
NaN,NaN,-0.0115570644654023,-0.00197002452235514,-0.0148600503986624,-0.00563345273743229,-0.0168342745746486,-0.00573180761421099,-0.0064833973350081,NaN,NaN,NaN,NaN,NaN,NaN,NaN,NaN,NaN
NaN,NaN,-0.00496615048420305,-0.0111378708146124,-0.00159669445808201,-0.0113344134927805,-0.00254691083682701,-0.00966238003456965,0.000928328484102773,NaN,NaN,NaN,NaN,NaN,NaN,NaN,NaN,NaN
NaN,NaN,-0.0118631715692269,-0.00672254499416643,0.000369439255640222,0.00112433562268658,-0.00564750720513985,-0.00011965777957812,0.00601394578795104,NaN,NaN,NaN,NaN,NaN,NaN,NaN,NaN,NaN
NaN,NaN,-0.00747943621051187,-0.00727219295125299,0.000265019368574333,0.00176836380948468,-0.00163000513566658,0.00276082981145009,-0.0012009543182406,NaN,NaN,NaN,NaN,NaN,NaN,NaN,NaN,NaN
NaN,NaN,-0.00513865005147333,-0.00580446582656198,-0.000810211170270728,-0.00341623445759372,-0.000919555022846907,-0.00491013895953074,0.00744728848318725,NaN,NaN,NaN,NaN,NaN,NaN,NaN,NaN,NaN
NaN,NaN,-0.0100662591673123,-0.000516677018216191,-0.00642759503777294,5.85486947481204e-05,-0.0112503810669295,0.00384140614187345,0.000817855000301886,NaN,NaN,NaN,NaN,NaN,NaN,NaN,NaN,NaN
NaN,NaN,-0.00481194209229822,-0.0102623717151194,0.00383185444419117,-0.0100899616421278,0.000554896250832826,0.000195036118384451,0.0059958781300035,NaN,NaN,NaN,NaN,NaN,NaN,NaN,NaN,NaN
NaN,NaN,-0.0101871262110459,-0.00358029988031679,-0.00227112101371555,0.000534473156828122,-0.00458794151199982,0.0043058380833827,0.00666130810956626,NaN,NaN,NaN,NaN,NaN,NaN,NaN,NaN,NaN
NaN,NaN,-0.0050672734893548,-0.00483209055285746,-0.0073233597164896,-0.00652066787491398,-0.00547316361917183,0.00407337996875867,-0.00625006377716394,NaN,NaN,NaN,NaN,NaN,NaN,NaN,NaN,NaN
NaN,NaN,-0.00656456079256411,-0.00723974567275339,-0.00935073720271854,-0.0151717791498716,-0.00897340913070366,-0.00779071968281642,0.00371536716799407,NaN,NaN,NaN,NaN,NaN,NaN,NaN,NaN,NaN
NaN,NaN,-0.0136196273185002,-0.00797105741124445,-0.0186608523314741,-0.0102541538120325,-0.0151648602331989,0.000888145004864782,-0.0023329955341372,NaN,NaN,NaN,NaN,NaN,NaN,NaN,NaN,NaN
NaN,NaN,-0.00595275636684771,-0.0185899787805586,-0.00808402674253254,-0.0173044892192896,-0.000839479907881469,-0.00472525280201808,0.0072519342599359,NaN,NaN,NaN,NaN,NaN,NaN,NaN,NaN,NaN
NaN,NaN,-0.011310860029577,-0.00907407861571604,-0.0123346947317865,-0.00474497100124912,-0.00710742984665558,0.00396638963138685,0.00670915946345,NaN,NaN,NaN,NaN,NaN,NaN,NaN,NaN,NaN
NaN,NaN,-0.00472534771931047,-0.0115273871682196,-0.00939655827338962,-0.00621456077108936,-0.00656446878565475,0.00263891968643293,0.00370016798357635,NaN,NaN,NaN,NaN,NaN,NaN,NaN,NaN,NaN
NaN,NaN,-0.00813780676495905,-0.0108476707003623,-0.00629840197022228,-0.00854480435858325,-0.00706168328179047,-0.00861162465298548,0.011200835108563,NaN,NaN,NaN,NaN,NaN,NaN,NaN,NaN,NaN
NaN,NaN,-0.0130182909585225,-0.00988567036013895,-0.0130712777560499,-0.00158894231329517,-0.0121318406309001,0.00183546770131215,0.00137359380702643,NaN,NaN,NaN,NaN,NaN,NaN,NaN,NaN,NaN
NaN,NaN,-0.00661529924642916,-0.0171522402427703,-0.00214250536616116,-0.00774224644313411,-0.00129273597849533,-0.00584760826313868,0.00464048713426261,NaN,NaN,NaN,NaN,NaN,NaN,NaN,NaN,NaN
NaN,NaN,-0.0131160798288571,-0.00569073271374994,-0.00882264005000858,-0.00238233601461009,-0.0115603252197616,-3.5931880120188e-05,0.00234704941491752,NaN,NaN,NaN,NaN,NaN,NaN,NaN,NaN,NaN
NaN,NaN,-0.0107939201213109,-0.00889248934011751,-0.00882340373451977,-0.0117724517525251,-0.0125764354015701,-0.00421885546529666,0.000907522737785865,NaN,NaN,NaN,NaN,NaN,NaN,NaN,NaN,NaN
NaN,NaN,-0.0122840734935987,-0.0109975950084239,-0.00890077801401882,-0.0178195292295034,-0.0123460261966102,-0.0110657713958062,0.00739075720290809,NaN,NaN,NaN,NaN,NaN,NaN,NaN,NaN,NaN
NaN,NaN,-0.0144965047754037,-0.0111500338874369,-0.0156689226811674,-0.0100057700813826,-0.0169990627910011,-0.00257082429016009,-0.000415365100100948,NaN,NaN,NaN,NaN,NaN,NaN,NaN,NaN,NaN
NaN,NaN,-0.00232534807097788,-0.0137182303927451,-0.00382553564365177,-0.0166245492340143,-0.00433223758591339,-0.0131936758407392,0.00410585209707885,NaN,NaN,NaN,NaN,NaN,NaN,NaN,NaN,NaN
NaN,NaN,-0.00850767221224184,-0.00263701912384325,-0.00892903434093265,-0.0125160755754526,-0.0123698866809718,-0.0003105602809228,0.00342444062213569,NaN,NaN,NaN,NaN,NaN,NaN,NaN,NaN,NaN
NaN,NaN,-0.00569323401820536,-0.00959774267297083,-0.00842945428545742,-0.0146046595812853,-0.011244420602452,-0.00347823050105944,0.000298251509472418,NaN,NaN,NaN,NaN,NaN,NaN,NaN,NaN,NaN
NaN,NaN,-0.0045816632724988,-0.0103479230068236,-0.00977698491866855,-0.015363538467985,-0.00625897635472939,-0.00675071176374331,0.00827141582946448,NaN,NaN,NaN,NaN,NaN,NaN,NaN,NaN,NaN
NaN,NaN,-0.00697978164923067,-0.00709373291950517,-0.0133392937665728,-0.00357666408429698,-0.00976343144429848,0.000584273075219244,0.0029879669843164,NaN,NaN,NaN,NaN,NaN,NaN,NaN,NaN,NaN
NaN,NaN,0.00403733600008612,-0.0094638743660956,0.00176720542852612,-0.00888684188733654,0.0021951601956971,-0.00822728645289317,0.00842934951166778,NaN,NaN,NaN,NaN,NaN,NaN,NaN,NaN,NaN
NaN,NaN,-0.00356255423200006,-0.000453179445078907,-0.00254353286679058,-0.000111250037055774,-0.0090372419799678,0.003227292036172,0.0106089796123949,NaN,NaN,NaN,NaN,NaN,NaN,NaN,NaN,NaN
NaN,NaN,0.00261779550540571,-0.00361678909879023,-0.0017594710176733,-0.000980714166265292,-0.00593943957937881,0.00136706832563505,0.00871949374656348,NaN,NaN,NaN,NaN,NaN,NaN,NaN,NaN,NaN
NaN,NaN,-0.00154065292250986,-0.000745502974799212,-0.00112784804756908,-0.00361237099180774,-0.00256307859672234,0.00017631653463468,0.0157557661829439,NaN,NaN,NaN,NaN,NaN,NaN,NaN,NaN,NaN
NaN,NaN,-0.00699509259235735,0.000808445993849698,-0.00482467712815075,0.00303289497484608,-0.00906497676623985,0.00438997376477346,0.00689162418226867,NaN,NaN,NaN,NaN,NaN,NaN,NaN,NaN,NaN
NaN,NaN,-0.00113016318452234,-0.00476317268233591,0.00482110528294773,-0.00904736464629726,0.000287513539660722,-0.00264674570644274,0.013711289614245,NaN,NaN,NaN,NaN,NaN,NaN,NaN,NaN,NaN
NaN,NaN,-0.0123604605711686,-0.00197076958041483,-0.00686598720009594,-0.00228288939009265,-0.0122864774311893,0.00183671567356214,0.00729445844869285,NaN,NaN,NaN,NaN,NaN,NaN,NaN,NaN,NaN
NaN,NaN,-0.00630256112587328,-0.00988447826724344,-0.00754911230857639,-0.00948961248407917,-0.0106502181733958,-0.0023726760991849,0.00221202626804977,NaN,NaN,NaN,NaN,NaN,NaN,NaN,NaN,NaN
NaN,NaN,-0.011502079180597,-0.0108275913856536,-0.00680325331146984,-0.0127253996373232,-0.0136150649632327,-0.00813478749478236,0.00695443257670073,NaN,NaN,NaN,NaN,NaN,NaN,NaN,NaN,NaN
NaN,NaN,-0.0141218709565389,-0.00688386869054133,-0.0117024570887831,-0.00760767033110218,-0.017062280967366,-0.00191116851055995,0.00125254049877791,NaN,NaN,NaN,NaN,NaN,NaN,NaN,NaN,NaN
NaN,NaN,-0.00900272604000444,-0.0107027755342036,-0.000379772502734946,-0.0180355960668142,-0.00380382378352806,-0.00760866474593058,0.00571633234600692,NaN,NaN,NaN,NaN,NaN,NaN,NaN,NaN,NaN
NaN,NaN,-0.0129794175542581,-0.00388214152674967,-0.00964734481628208,-0.00410701503763751,-0.0119089378858916,0.00245973322307691,0.00515340372900634,NaN,NaN,NaN,NaN,NaN,NaN,NaN,NaN,NaN
NaN,NaN,-0.00521358426582689,-0.0079694741628676,-0.00438008235748081,-0.00830623676786976,-0.00354400341166183,-0.000611507857684046,-0.000539044738009881,NaN,NaN,NaN,NaN,NaN,NaN,NaN,NaN,NaN
NaN,NaN,-0.00487160261642809,-0.00487826552610689,-0.00456901045496731,-0.00631743466268138,-0.00315256853355095,-0.00830359902465716,0.00413282319883971,NaN,NaN,NaN,NaN,NaN,NaN,NaN,NaN,NaN
NaN,NaN,-0.00831509333026285,-0.00376550268750483,-0.00938672350700168,-0.0040057989002283,-0.00956371863139793,-0.000128281826619059,0.000786357670828391,NaN,NaN,NaN,NaN,NaN,NaN,NaN,NaN,NaN
NaN,NaN,-0.00281965684068079,-0.00994806897263819,-0.00194778444226055,-0.0126690546215589,-0.0026905580307357,-0.0091955266543664,0.00374608218650489,NaN,NaN,NaN,NaN,NaN,NaN,NaN,NaN,NaN
NaN,NaN,-0.00889126535427446,-0.0064695232770949,-0.0123142615144995,-0.00607244094620304,-0.00944242317928001,0.000399424170609564,-0.00312845677156777,NaN,NaN,NaN,NaN,NaN,NaN,NaN,NaN,NaN
NaN,NaN,-0.00537108953964586,-0.0127033123038321,-0.00902248324806957,-0.0109608600081022,-0.00536200095666572,-0.00670941692078486,-0.00902849704046579,NaN,NaN,NaN,NaN,NaN,NaN,NaN,NaN,NaN
NaN,NaN,-0.00616079520356531,-0.0132348739765196,-0.00992452504093914,-0.0117739418686445,-0.00917502184165642,-0.00982420664513484,0.0011067698893991,NaN,NaN,NaN,NaN,NaN,NaN,NaN,NaN,NaN
NaN,NaN,-0.0115229221798169,-0.0128409990332633,-0.0121480018084791,-0.00623655861030178,-0.0141069336677901,-0.00160327326739207,-0.00224466890116067,NaN,NaN,NaN,NaN,NaN,NaN,NaN,NaN,NaN
NaN,NaN,-0.00389833327305193,-0.0131905243955165,-0.00295471178348331,-0.0145276764572676,-0.00356909324182197,-0.00503622140968218,0.00694718688707023,NaN,NaN,NaN,NaN,NaN,NaN,NaN,NaN,NaN
NaN,NaN,-0.0115472110725629,-0.00728193458538347,-0.0113972068017271,-0.00564893131862239,-0.0147433995152824,0.0064832330099307,0.00567242979983954,NaN,NaN,NaN,NaN,NaN,NaN,NaN,NaN,NaN
NaN,NaN,-0.00289582040083284,-0.012553443875125,-0.00923188181574612,-0.0117856206537302,-0.0103042318369262,-0.000885838235262781,0.00376321852187781,NaN,NaN,NaN,NaN,NaN,NaN,NaN,NaN,NaN
NaN,NaN,-0.00857156094086046,-0.0118297689817458,-0.00707300158198147,-0.0112176442683752,-0.00903370295418426,-0.0043350100168027,0.0167062553761449,NaN,NaN,NaN,NaN,NaN,NaN,NaN,NaN,NaN
NaN,NaN,-0.0111851873613584,-0.00637240495901399,-0.0103561371749189,-0.0032370479942377,-0.0074803686584346,0.00775666761910543,0.0104809600112882,NaN,NaN,NaN,NaN,NaN,NaN,NaN,NaN,NaN
NaN,NaN,0.000127979107977201,-0.00532602679353052,0.0027193337494585,-0.00807767158160762,0.00250866200076416,0.00220872316276655,0.0171383890507665,NaN,NaN,NaN,NaN,NaN,NaN,NaN,NaN,NaN
NaN,NaN,-0.00557076509964342,0.00373743686456388,-0.0019466854816225,0.00299571657766743,-0.00471706007374451,0.0137229808024131,0.0132025825975385,NaN,NaN,NaN,NaN,NaN,NaN,NaN,NaN,NaN
NaN,NaN,0.00420609165060644,-0.00134562861542994,0.00158531812970371,-0.00438594614873485,0.00243737857090309,0.00493153784191236,0.015785624384686,NaN,NaN,NaN,NaN,NaN,NaN,NaN,NaN,NaN
NaN,NaN,-0.00253713082444544,-0.0028018259666472,-0.000151188690021324,-0.00280675833831386,0.00193303014384583,0.00257057923590764,0.0203440572319475,NaN,NaN,NaN,NaN,NaN,NaN,NaN,NaN,NaN
NaN,NaN,-0.0050590405977952,-0.000961215909531651,-0.0071307994609621,0.000192398375171858,-0.00226386327994987,0.0101546556106769,0.00815336137990623,NaN,NaN,NaN,NaN,NaN,NaN,NaN,NaN,NaN
NaN,NaN,-0.000265150777219485,-0.0064162329993754,-0.000470632333114432,-0.011014727705818,0.00126210536109284,-0.00294797267997637,0.00857335060815482,NaN,NaN,NaN,NaN,NaN,NaN,NaN,NaN,NaN
NaN,NaN,-0.00622481431734438,-0.00168492805581385,-0.0118594221955088,-0.00657140632877902,-0.0150908014620654,0.00155623856699094,0.00177775055150657,NaN,NaN,NaN,NaN,NaN,NaN,NaN,NaN,NaN
NaN,NaN,0.000965908654810239,-0.0121267304978877,-0.0103477738981989,-0.0147498341442163,-0.013311640068423,-0.00723013799870387,0.00258272990564971,NaN,NaN,NaN,NaN,NaN,NaN,NaN,NaN,NaN
NaN,NaN,-0.010913669577955,-0.0119685360453635,-0.0130921766346243,-0.0134872773827131,-0.0111195674980991,-0.00872163247549906,0.012205992936894,NaN,NaN,NaN,NaN,NaN,NaN,NaN,NaN,NaN
NaN,NaN,-0.0144317406035649,-0.00539576422791773,-0.0103593968039301,-0.0070333423257883,-0.011051841720473,0.00119635689770803,0.00212677299956946,NaN,NaN,NaN,NaN,NaN,NaN,NaN,NaN,NaN
NaN,NaN,-0.00651872109544153,-0.00430110630016619,0.00274703128282757,-0.0140934938729818,-0.000995122536551207,-0.00431977357948199,0.00829875946025519,NaN,NaN,NaN,NaN,NaN,NaN,NaN,NaN,NaN
NaN,NaN,-0.00681512381803865,-0.000764185305645999,-0.00367663579042225,-0.00253298675427989,-0.0144171385909431,0.00171443301951513,0.00958329543451934,NaN,NaN,NaN,NaN,NaN,NaN,NaN,NaN,NaN
NaN,NaN,-0.00040624614727373,-0.00890405636649423,-0.00170927273090152,-0.0093480887056406,-0.00717064802302048,-0.00402216013753787,0.0110974396763292,NaN,NaN,NaN,NaN,NaN,NaN,NaN,NaN,NaN
NaN,NaN,-0.00955680709254618,-0.00506339382748896,-0.00625539349372654,-0.00833685865412311,-0.00602115382207558,-0.00434491928899661,0.0152272406218496,NaN,NaN,NaN,NaN,NaN,NaN,NaN,NaN,NaN
NaN,NaN,-0.00803655337464685,0.000240823511073055,-0.00878687726314335,-0.00578572397838191,-0.00944350351346657,0.000896023993846029,0.000546374469801473,NaN,NaN,NaN,NaN,NaN,NaN,NaN,NaN,NaN
NaN,NaN,-0.00266876395714159,-0.00536268365006739,-0.00180080311353474,-0.0156029069961126,0.000237296626437455,-0.00939941179240122,0.00634139880518584,NaN,NaN,NaN,NaN,NaN,NaN,NaN,NaN,NaN
NaN,NaN,-0.0077431308842885,-0.00456928994875246,-0.0101466268485334,-0.00525779446373538,-0.0154379240120761,-0.00362880673492327,0.00205018103103309,NaN,NaN,NaN,NaN,NaN,NaN,NaN,NaN,NaN
NaN,NaN,-0.00284511919987078,-0.0126169414482623,-0.010932402331188,-0.0146136189044531,-0.00613511045230553,-0.00912435498321429,0.00134636193494468,NaN,NaN,NaN,NaN,NaN,NaN,NaN,NaN,NaN
NaN,NaN,-0.0104493307687032,-0.00948939260464006,-0.011759621668413,-0.0100856030524786,-0.00600640167249367,-0.00989543419564143,0.00506056949476867,NaN,NaN,NaN,NaN,NaN,NaN,NaN,NaN,NaN
NaN,NaN,-0.00862138669860239,-0.00445909586172396,-0.0105556637233046,-0.00589372014413433,-0.0102667181636207,-0.0035895049222745,-0.00361188769359918,NaN,NaN,NaN,NaN,NaN,NaN,NaN,NaN,NaN
NaN,NaN,-0.00314057197344179,-0.0125916839800387,0.000399744492218209,-0.0113447511733587,-0.00429042120231315,-0.0133514605113305,0.00724258378128676,NaN,NaN,NaN,NaN,NaN,NaN,NaN,NaN,NaN
NaN,NaN,-0.00964649345648165,-0.0081622765622645,-0.00781517254169254,-0.000190878117185397,-0.0146481810952537,0.00216424319660291,0.00854293361286788,NaN,NaN,NaN,NaN,NaN,NaN,NaN,NaN,NaN
NaN,NaN,-0.00689380194914217,-0.0137268358133345,-0.00472826661522655,-0.00769629498730258,-0.000844807073008269,-0.00355377938831225,0.0107400166986433,NaN,NaN,NaN,NaN,NaN,NaN,NaN,NaN,NaN
NaN,NaN,-0.0126607934750306,-0.00335110139470392,-0.00283809157068996,-0.00191049074540691,-0.00149740342749283,-0.00276995968306437,0.0142048160729852,NaN,NaN,NaN,NaN,NaN,NaN,NaN,NaN,NaN
NaN,NaN,-0.0051622125126111,0.000513756904789868,0.000555834155723763,0.00319118255962773,-0.00475399632705376,0.00390108529245481,0.0116556930540052,NaN,NaN,NaN,NaN,NaN,NaN,NaN,NaN,NaN
NaN,NaN,0.00314058411944037,-0.00284673434119516,0.00807835010831089,-0.000379359179836078,0.0055327222798951,-0.00279346626484767,0.0219243440030065,NaN,NaN,NaN,NaN,NaN,NaN,NaN,NaN,NaN
NaN,NaN,0.000617221482874205,0.00784229699153608,-0.00272173212821751,0.00513410771479054,-0.00362091202987358,0.0157533944002353,0.0209744322298017,NaN,NaN,NaN,NaN,NaN,NaN,NaN,NaN,NaN
NaN,NaN,0.00230742294418936,0.00358615282554335,-7.74638707904795e-06,-0.00730512087951259,0.00622204999672249,0.00550042692339048,0.0149337622521368,NaN,NaN,NaN,NaN,NaN,NaN,NaN,NaN,NaN
NaN,NaN,-0.0037557477868783,0.00549793455381102,-0.00295724498088627,-0.00828081166158275,-0.000349399342667312,0.0041554294875823,0.0173887099323717,NaN,NaN,NaN,NaN,NaN,NaN,NaN,NaN,NaN
NaN,NaN,-0.0027249227083909,-0.00220007982473665,-0.00518945755417614,-0.00468585064421253,-0.00938443903578445,0.000290180032607168,0.00745125591735511,NaN,NaN,NaN,NaN,NaN,NaN,NaN,NaN,NaN
NaN,NaN,0.00142100874412184,-0.00780079301815325,-0.00240824894960194,-0.0129973085762079,-0.00351848517311737,-0.00774637010181323,0.0139654475448576,NaN,NaN,NaN,NaN,NaN,NaN,NaN,NaN,NaN
NaN,NaN,-0.00467216920029993,-0.00233022284131342,-0.0137143559938219,-0.00977036898742275,-0.0139868303085677,0.00406527746235952,0.00586357444505363,NaN,NaN,NaN,NaN,NaN,NaN,NaN,NaN,NaN
NaN,NaN,-0.00164941277277346,-0.00886503395061785,-0.0123036258106974,-0.0177701132536943,-0.00332424853695557,-0.00695401948178187,0.00380972877125411,NaN,NaN,NaN,NaN,NaN,NaN,NaN,NaN,NaN
NaN,NaN,-0.00731326963674898,-0.00644029837470346,-0.0117201149647978,-0.0103045383633192,-0.011127092584502,-0.00726506259525195,0.0126881572602239,NaN,NaN,NaN,NaN,NaN,NaN,NaN,NaN,NaN
NaN,NaN,-0.00324961122047777,-0.00571789008002573,-0.0091963239198473,-6.69976482944e-06,-0.0130489325965755,-0.00345951091730967,0.00717407569269805,NaN,NaN,NaN,NaN,NaN,NaN,NaN,NaN,NaN
NaN,NaN,0.00530041430223112,-0.00525481786947542,-0.00088684039171009,-0.00821206142912464,-0.0016391693498008,-0.00803338509285823,0.0191198150811639,NaN,NaN,NaN,NaN,NaN,NaN,NaN,NaN,NaN
NaN,NaN,-0.00349687736403818,0.00285282943029112,-0.0085472107117918,-0.002229971641403,-0.00991328124655411,0.00298213068163022,0.0116289268432107,NaN,NaN,NaN,NaN,NaN,NaN,NaN,NaN,NaN
NaN,NaN,-0.00248754721057291,-0.00316155862431818,-0.00184893386419086,-0.0110989751459177,-0.00162478972924873,-0.00705074664438143,0.0108221966026273,NaN,NaN,NaN,NaN,NaN,NaN,NaN,NaN,NaN
NaN,NaN,-0.0104269045211064,-0.00315228265147501,-0.00246019812281399,-0.00267315080175952,-0.010029845579993,-0.00818947475636378,0.0147887180743661,NaN,NaN,NaN,NaN,NaN,NaN,NaN,NaN,NaN
NaN,NaN,-0.00685900773775453,-0.00204264905672365,-0.00499149562771587,0.00114167684902592,-0.0123241959954612,-0.00110060122096911,0.00740118801574378,NaN,NaN,NaN,NaN,NaN,NaN,NaN,NaN,NaN
NaN,NaN,-0.00212580289614077,-0.00353192698579126,-0.000830160099818992,-0.0140729675234373,-0.00443399389041588,-0.0107784211286344,0.0109630312023607,NaN,NaN,NaN,NaN,NaN,NaN,NaN,NaN,NaN
NaN,NaN,-0.00988543357622499,0.00246886375922865,-0.00974118487890034,-0.00849110429893093,-0.0126950672711246,-0.00026829686248675,0.0019821013508287,NaN,NaN,NaN,NaN,NaN,NaN,NaN,NaN,NaN
NaN,NaN,-0.00275543283593531,-0.00633336391668611,-0.00311720894630222,-0.0134526508093889,-0.00649849389446899,-0.0105101816006936,0.00241170182804732,NaN,NaN,NaN,NaN,NaN,NaN,NaN,NaN,NaN
NaN,NaN,-0.00656325694095964,-0.0023944468460589,-0.00794378818924694,-0.00263716449747638,-0.0121334797586314,-0.00537993531906977,0.00936113774757056,NaN,NaN,NaN,NaN,NaN,NaN,NaN,NaN,NaN
NaN,NaN,-0.00325277771723146,-0.00136187088113123,-0.00746683927233486,-0.00498813932548122,-0.0116009495104663,-6.56969496048987e-05,0.00190541625003486,NaN,NaN,NaN,NaN,NaN,NaN,NaN,NaN,NaN
NaN,NaN,-0.000490307322858523,-0.0034032368324309,0.00026764569823475,-0.0163574086667116,-0.0021673968876712,-0.00952853035414591,0.00767043337206512,NaN,NaN,NaN,NaN,NaN,NaN,NaN,NaN,NaN
NaN,NaN,-0.00731421958577509,0.000289196405598583,-0.00886898266132145,-0.003294454717737,-0.00811674137366936,0.000221597438212484,0.00205308675746589,NaN,NaN,NaN,NaN,NaN,NaN,NaN,NaN,NaN
NaN,NaN,0.000691093989492704,-0.0067630575261622,-0.00207546876724033,-0.00485097413669185,-0.00114813883556053,-0.00863190885866061,0.00299398332814841,NaN,NaN,NaN,NaN,NaN,NaN,NaN,NaN,NaN
NaN,NaN,-0.00250049259436006,0.00157945070047087,-0.00118402542526989,0.00646638328422947,-0.00455765490187332,0.000407098268624395,0.0144199329612699,NaN,NaN,NaN,NaN,NaN,NaN,NaN,NaN,NaN
NaN,NaN,0.00286990452635412,0.00504860866446203,0.00473395211641522,0.00471965054263516,-0.00376467098249123,0.00422622862970456,0.00531953304986625,NaN,NaN,NaN,NaN,NaN,NaN,NaN,NaN,NaN
NaN,NaN,0.00557195071208601,0.00315772581476873,0.0100529402310106,-0.00373912399421291,0.00448649312602356,-0.00241838541114703,0.013098367601439,NaN,NaN,NaN,NaN,NaN,NaN,NaN,NaN,NaN
NaN,NaN,-0.00246778454553957,0.00462655190009779,-0.000326593983724403,0.00854815000881596,-0.0068046196247451,0.00412301946198568,0.00501914426664977,NaN,NaN,NaN,NaN,NaN,NaN,NaN,NaN,NaN
NaN,NaN,0.00340286318290358,-0.00456178348880106,0.00180028600637646,0.00184506753673001,-0.000804797455202788,-0.0062861866899766,0.0074338401852098,NaN,NaN,NaN,NaN,NaN,NaN,NaN,NaN,NaN
NaN,NaN,-0.00511298280131693,0.00251041937250799,-0.0034066826289442,0.000932073390382962,-0.00807807286037132,-0.00216184329474345,0.0104266825316396,NaN,NaN,NaN,NaN,NaN,NaN,NaN,NaN,NaN
NaN,NaN,-0.00155505116951341,0.0029316006936521,-0.00375048967058926,-0.00763417577157573,-0.00957826589001343,-0.0016620583483018,-0.00233223184962602,NaN,NaN,NaN,NaN,NaN,NaN,NaN,NaN,NaN
NaN,NaN,0.00219849545586233,-0.00333774622898394,0.000413267296001625,-0.015627400779825,-0.00506690208567306,-0.00828281190479174,0.00549333646874099,NaN,NaN,NaN,NaN,NaN,NaN,NaN,NaN,NaN
NaN,NaN,-0.00414138983857508,-0.00182444017749124,-0.00788556190188198,0.000164086168903546,-0.0155144787277095,-0.00183535885298625,-0.00402299210448594,NaN,NaN,NaN,NaN,NaN,NaN,NaN,NaN,NaN
NaN,NaN,0.00355869207608824,-0.00394681256633097,-0.00293871166165142,-0.00550742616663532,-0.00322865758789703,-0.0074211522587575,0.00400307133774428,NaN,NaN,NaN,NaN,NaN,NaN,NaN,NaN,NaN
NaN,NaN,-0.00352757375609751,0.00483213204521841,-0.00379403831417828,-0.00316600670824604,-0.00615777884377167,4.25041071139276e-05,0.00965999916176467,NaN,NaN,NaN,NaN,NaN,NaN,NaN,NaN,NaN
NaN,NaN,0.000785790868879606,0.00314295503873533,0.0011859670097086,-0.00565325265536861,-0.00411656190408394,0.00479845184599981,0.00198793143014579,NaN,NaN,NaN,NaN,NaN,NaN,NaN,NaN,NaN
NaN,NaN,0.000456326194883633,-0.00294185962896639,0.00715023128335209,-0.00725134631405429,0.00324928696500138,-0.00188205536687747,0.0107511366901842,NaN,NaN,NaN,NaN,NaN,NaN,NaN,NaN,NaN
NaN,NaN,-0.00484763037335749,0.00159481752295202,-0.00658299552257328,0.00959477031816884,-0.0063921554828994,0.0072912298492156,0.00444150075297027,NaN,NaN,NaN,NaN,NaN,NaN,NaN,NaN,NaN
NaN,NaN,0.000169069059969236,-0.00428080346803957,-0.000283343363359259,-0.00418375601778583,0.00128875981317833,-0.00289712246740237,0.00550959736089377,NaN,NaN,NaN,NaN,NaN,NaN,NaN,NaN,NaN
