F1_2000Hz,F2_1500Hz,F3_1000Hz,F4_900Hz,F5_800Hz,F6_700Hz,F7_600Hz,F8_500Hz,F9_400Hz,F10_200Hz,F11_100Hz,F12_80Hz,F13_600Hz,F14_600Hz,F15_600Hz,F16_600Hz,F17_600Hz,F18_600Hz
NaN,NaN,0.0104456073847056,-0.00522438939272737,0.00388884630228858,0.00814959262788761,0.00645642041248114,0.00744988102815114,0.00630154292351411,NaN,NaN,NaN,NaN,NaN,NaN,NaN,NaN,NaN
NaN,NaN,0.00860641293790347,-0.00458088274657106,0.0042487279715715,0.01029696171463,0.00777517317813666,0.00558406938216649,0.00781648810273812,NaN,NaN,NaN,NaN,NaN,NaN,NaN,NaN,NaN
NaN,NaN,0.010167421331668,-0.00218404959499215,0.00238140758301597,0.00884024282277096,0.00678608997744353,0.00881896246573888,0.00688319112426446,NaN,NaN,NaN,NaN,NaN,NaN,NaN,NaN,NaN
NaN,NaN,0.00902539633777148,-0.00280114393293237,0.00559413518931251,0.00899154548824299,0.00750160648506911,0.00961529914638959,0.00844822283155129,NaN,NaN,NaN,NaN,NaN,NaN,NaN,NaN,NaN
NaN,NaN,0.0114616430607081,-0.00410207118450975,0.00268477659847122,0.00733915572345722,0.0086365906803015,0.0111748733033892,0.00891898776656793,NaN,NaN,NaN,NaN,NaN,NaN,NaN,NaN,NaN
NaN,NaN,0.0095695681181193,-0.00391992311536645,0.0049147726240335,0.00706756343424786,0.00763998239320548,0.00752323199412785,0.00909225101834939,NaN,NaN,NaN,NaN,NaN,NaN,NaN,NaN,NaN
NaN,NaN,0.00992129140164858,-0.00359366219102716,0.00304868158127647,0.00929569681466091,0.00669254793804915,0.0077030703832861,0.00924353505736993,NaN,NaN,NaN,NaN,NaN,NaN,NaN,NaN,NaN
NaN,NaN,0.0114747002032042,-0.000826553810232631,0.00152608093048911,0.00731265028298367,0.00636014028471739,0.00932254720828496,0.00816187839276002,NaN,NaN,NaN,NaN,NaN,NaN,NaN,NaN,NaN
NaN,NaN,0.0100822053160906,-0.00384079794942712,0.00441655229951721,0.00735392649949063,0.00619982241672308,0.00890339617035352,0.00828740204936669,NaN,NaN,NaN,NaN,NaN,NaN,NaN,NaN,NaN
NaN,NaN,0.0107217631545306,-0.00603896136938905,0.0023120613041101,0.00702069928229321,0.00755681528729231,0.0091618754377123,0.00755771081215547,NaN,NaN,NaN,NaN,NaN,NaN,NaN,NaN,NaN
NaN,NaN,0.00875846066143519,-0.00480823721348619,0.00424515169288497,0.0088614583510207,0.00657393469494612,0.00654759709141217,0.00768150220877336,NaN,NaN,NaN,NaN,NaN,NaN,NaN,NaN,NaN
NaN,NaN,0.00971982770230776,-0.00384988765775537,0.00319681774999481,0.00955739845812786,0.00698764680904181,0.00641363565227948,0.00654683466321633,NaN,NaN,NaN,NaN,NaN,NaN,NaN,NaN,NaN
NaN,NaN,0.0124115920868159,-0.00275493170677995,0.001263578349608,0.00786924590647686,0.00557270704788001,0.00675280470750295,0.00587043370372461,NaN,NaN,NaN,NaN,NaN,NaN,NaN,NaN,NaN
NaN,NaN,0.00967611142065531,-0.0056130489295659,0.00268090229656082,0.00571578597009648,0.0054087383953932,0.00671262745163404,0.00586674566632913,NaN,NaN,NaN,NaN,NaN,NaN,NaN,NaN,NaN
NaN,NaN,0.00939677052762515,-0.00758139919101571,0.000337303543346934,0.0055636264878558,0.0059328681139353,0.0051892631163355,0.00543837453490899,NaN,NaN,NaN,NaN,NaN,NaN,NaN,NaN,NaN
NaN,NaN,0.00895366587307459,-0.00526628028213357,0.00159771826292854,0.0056820534664439,0.003636319777191,0.00485611040494405,0.0067259093678634,NaN,NaN,NaN,NaN,NaN,NaN,NaN,NaN,NaN
NaN,NaN,0.0106484680679084,-0.00532256941854333,0.00139385175134521,0.00712282811582554,0.00424462243002684,0.00421640355489217,0.005852515057389,NaN,NaN,NaN,NaN,NaN,NaN,NaN,NaN,NaN
NaN,NaN,0.0108646280374766,-0.00482101495920991,-0.000248330718022772,0.00544525538862217,0.00446454494279654,0.00640385676524602,0.00516348536378549,NaN,NaN,NaN,NaN,NaN,NaN,NaN,NaN,NaN
NaN,NaN,0.00871606685783869,-0.00746245067178582,0.00203471344138961,0.00433944021642674,0.00490900932830603,0.00475118760368787,0.00548689644104646,NaN,NaN,NaN,NaN,NaN,NaN,NaN,NaN,NaN
NaN,NaN,0.00797872014906413,-0.00696752722918367,0.0020921387913404,0.00597709645808209,0.00494093506616385,0.00449805412790738,0.00371926482087777,NaN,NaN,NaN,NaN,NaN,NaN,NaN,NaN,NaN
NaN,NaN,0.00849165537025935,-0.00500845294057702,0.00309517320420127,0.00652918448031414,0.00574213325065405,0.00494102839729749,0.00635766442186044,NaN,NaN,NaN,NaN,NaN,NaN,NaN,NaN,NaN
NaN,NaN,0.00988377772834307,-0.00634599979578828,0.00269606422807556,0.00868685399473179,0.00583092554491789,0.00494296554825269,0.00587151403791116,NaN,NaN,NaN,NaN,NaN,NaN,NaN,NaN,NaN
NaN,NaN,0.0101940385308505,-0.00687860454975938,0.000257973486441187,0.00525558223307598,0.00693737401646407,0.00870858211419545,0.00727868656880067,NaN,NaN,NaN,NaN,NaN,NaN,NaN,NaN,NaN
NaN,NaN,0.00761978842880732,-0.00775468106924867,0.00312177177693229,0.00400718157470692,0.00509663357418807,0.0060885668208357,0.00672909449106858,NaN,NaN,NaN,NaN,NaN,NaN,NaN,NaN,NaN
NaN,NaN,0.00708496712710864,-0.00604263078033303,0.00220700811769348,0.0065837786096381,0.00580311625283988,0.00722677339217626,0.00498174707657502,NaN,NaN,NaN,NaN,NaN,NaN,NaN,NaN,NaN
NaN,NaN,0.00972647734549052,-0.00440435986577844,0.00311903368856292,0.0059162624675082,0.00464373140615256,0.00756471310160123,0.00909459795123742,NaN,NaN,NaN,NaN,NaN,NaN,NaN,NaN,NaN
NaN,NaN,0.0106745823529006,-0.00590481366574143,0.00257087584759574,0.00837460016191471,0.00419937877935202,0.0068946078827139,0.00817320327526734,NaN,NaN,NaN,NaN,NaN,NaN,NaN,NaN,NaN
NaN,NaN,0.0104189715590716,-0.00581020991861199,0.000700370335835032,0.00533273299515713,0.00662906899136336,0.0092524558713194,0.0104111341691654,NaN,NaN,NaN,NaN,NaN,NaN,NaN,NaN,NaN
NaN,NaN,0.00783825807836062,-0.00468342136203622,0.00427821364428382,0.00582655747712124,0.00522616191786559,0.00759427328011952,0.00912246312266992,NaN,NaN,NaN,NaN,NaN,NaN,NaN,NaN,NaN
NaN,NaN,0.00728659846451289,-0.00367479901372766,0.0025293202343164,0.00928751980245579,0.00803283288162978,0.00891926590702496,0.00817281211978601,NaN,NaN,NaN,NaN,NaN,NaN,NaN,NaN,NaN
NaN,NaN,0.00918800525929934,-0.0037444433158574,0.003006213271874,0.00663490821898449,0.00614062755388052,0.00823822696111165,0.0106495527482669,NaN,NaN,NaN,NaN,NaN,NaN,NaN,NaN,NaN
NaN,NaN,0.00798060142066485,-0.00633962954937791,0.00166592832829338,0.00837920089543331,0.0057473486570719,0.00799660463235341,0.0095938241041343,NaN,NaN,NaN,NaN,NaN,NaN,NaN,NaN,NaN
NaN,NaN,0.00732094564106471,-0.00706373285114144,8.31083598313849e-05,0.00474603702605236,0.00630774407666953,0.00730081353685819,0.00892330910331414,NaN,NaN,NaN,NaN,NaN,NaN,NaN,NaN,NaN
NaN,NaN,0.00603335492875582,-0.00530848782121514,0.00173626180912834,0.00492673223197926,0.00414588361066611,0.00709428344271146,0.00832497160202668,NaN,NaN,NaN,NaN,NaN,NaN,NaN,NaN,NaN
NaN,NaN,0.00707733028199679,-0.00560589637219285,0.000969746077316813,0.00715317060530651,0.00621669798177512,0.006670326780295,0.00778109784490274,NaN,NaN,NaN,NaN,NaN,NaN,NaN,NaN,NaN
NaN,NaN,0.00985961922075755,-0.00457557420789575,0.00119693290616851,0.0038522281247424,0.00319638161939414,0.00695030097267591,0.0095761476016681,NaN,NaN,NaN,NaN,NaN,NaN,NaN,NaN,NaN
NaN,NaN,0.00853574418094164,-0.00654709096609925,0.00211534734989982,0.00726247062266339,0.00468854664844306,0.0055980951001402,0.00841927732593225,NaN,NaN,NaN,NaN,NaN,NaN,NaN,NaN,NaN
NaN,NaN,0.00807455324199206,-0.00568613912522172,-0.000117871051770635,0.00410426263988484,0.00512919261139662,0.00639843646786176,0.00570601801640199,NaN,NaN,NaN,NaN,NaN,NaN,NaN,NaN,NaN
NaN,NaN,0.00836507000591761,-0.00498571004330491,0.00220615130092483,0.0049728885787772,0.0041735066382292,0.00604686219594441,0.00560927222735093,NaN,NaN,NaN,NaN,NaN,NaN,NaN,NaN,NaN
NaN,NaN,0.00822019346621043,-0.00541210677086686,0.00131591867830139,0.00633196761191357,0.00389461278003485,0.00454685543081723,0.00497051532632516,NaN,NaN,NaN,NaN,NaN,NaN,NaN,NaN,NaN
NaN,NaN,0.0104478053059817,-0.00753699373065804,0.00112887185241561,0.00437104930460919,0.00356747641247542,0.00553033206961118,0.00710991229182885,NaN,NaN,NaN,NaN,NaN,NaN,NaN,NaN,NaN
NaN,NaN,0.00723114751842028,-0.00798043366133546,0.00121848371054511,0.00643262495577801,0.00430892094057829,0.00451221023104154,0.00628492812878297,NaN,NaN,NaN,NaN,NaN,NaN,NaN,NaN,NaN
NaN,NaN,0.00653228305842883,-0.00554156060873841,-0.000255129372817465,0.00540507813275326,0.00555409922283919,0.00612066019675694,0.00509324501520799,NaN,NaN,NaN,NaN,NaN,NaN,NaN,NaN,NaN
NaN,NaN,0.00845706604983813,-0.00515796746670579,0.0023505808057962,0.00623788540542591,0.00473118259590895,0.0052718528022524,0.00632175262338327,NaN,NaN,NaN,NaN,NaN,NaN,NaN,NaN,NaN
NaN,NaN,0.00898739837672717,-0.00563324000298356,0.00174922581936698,0.00762900193512905,0.00383174850624831,0.00495056514046155,0.00711645017630265,NaN,NaN,NaN,NaN,NaN,NaN,NaN,NaN,NaN
NaN,NaN,0.0121519021001101,-0.00681074838697289,0.00230095993902069,0.00582014997780789,0.00526209234279425,0.00606994036934339,0.00837729330426858,NaN,NaN,NaN,NaN,NaN,NaN,NaN,NaN,NaN
NaN,NaN,0.00733083628680712,-0.00440467651545381,0.0026252278330503,0.00719427918375004,0.00487935601753027,0.00625965077779256,0.00772939081556008,NaN,NaN,NaN,NaN,NaN,NaN,NaN,NaN,NaN
NaN,NaN,0.00869000845220095,-0.00510488207995271,0.00226517852570396,0.00746385981619824,0.00766503497046263,0.00790121857426129,0.00584241952068017,NaN,NaN,NaN,NaN,NaN,NaN,NaN,NaN,NaN
NaN,NaN,0.00893367969062334,-0.00412704925596093,0.00391620855953079,0.00740231802046765,0.0060217721669081,0.00760224540135823,0.00793441216713594,NaN,NaN,NaN,NaN,NaN,NaN,NaN,NaN,NaN
NaN,NaN,0.00920979820754534,-0.00639994199931001,0.00405819799925666,0.00846151118457783,0.00626928045433791,0.00739001561305486,0.00786372478372262,NaN,NaN,NaN,NaN,NaN,NaN,NaN,NaN,NaN
NaN,NaN,0.0112474016156436,-0.0065949236935315,0.00280430253769737,0.00685978536785115,0.00636040105503829,0.00871433768770657,0.008392026827399,NaN,NaN,NaN,NaN,NaN,NaN,NaN,NaN,NaN
NaN,NaN,0.0080872937348128,-0.00421617682635163,0.0025300466659246,0.00734433387697209,0.00627810939234526,0.00777049813768826,0.0086792653358619,NaN,NaN,NaN,NaN,NaN,NaN,NaN,NaN,NaN
NaN,NaN,0.0102319806125403,-0.00627076755821084,0.00126292642380577,0.00731615205586422,0.00764845742863448,0.0097637519647833,0.00768638233906434,NaN,NaN,NaN,NaN,NaN,NaN,NaN,NaN,NaN
NaN,NaN,0.00980485745337016,-0.00277724619566773,0.00131105717446189,0.00533893560350407,0.00488585664910109,0.0097061030974146,0.0113933069563548,NaN,NaN,NaN,NaN,NaN,NaN,NaN,NaN,NaN
NaN,NaN,0.00903476544287211,-0.00648947935163354,0.00315680813218933,0.00711127971590031,0.00524592458289893,0.00826925862929784,0.0102566277540366,NaN,NaN,NaN,NaN,NaN,NaN,NaN,NaN,NaN
NaN,NaN,0.00912718989517695,-0.00363585110365724,0.000953298920649103,0.00685665612400044,0.00621440692824156,0.00979793150327168,0.011063618764941,NaN,NaN,NaN,NaN,NaN,NaN,NaN,NaN,NaN
NaN,NaN,0.00792751603391177,-0.00428101550399636,0.00263476457621437,0.00770505373657215,0.00640659465473921,0.00878807980916463,0.0106355829096477,NaN,NaN,NaN,NaN,NaN,NaN,NaN,NaN,NaN
NaN,NaN,0.00911830507781512,-0.00475373621641969,0.00150000389839988,0.00756071736395825,0.00644677191060812,0.00958927799365483,0.00898980553514169,NaN,NaN,NaN,NaN,NaN,NaN,NaN,NaN,NaN
NaN,NaN,0.00959639020826823,-0.00263551752626275,0.0037810364010511,0.00682759885967243,0.0062128609327677,0.00974773321649991,0.0124075358665626,NaN,NaN,NaN,NaN,NaN,NaN,NaN,NaN,NaN
NaN,NaN,0.00699051239159113,-0.00505837183057641,0.00350434046413284,0.00905593713105191,0.00661817251724036,0.00867047239444219,0.00912048871881173,NaN,NaN,NaN,NaN,NaN,NaN,NaN,NaN,NaN
NaN,NaN,0.00893433161642558,-0.00271685923992967,0.0019240536930738,0.00893410151184071,0.0101958481876257,0.0110015727987047,0.0117576589739959,NaN,NaN,NaN,NaN,NaN,NaN,NaN,NaN,NaN
NaN,NaN,0.00852363698747164,-0.0045037506109414,0.00284084763552528,0.00880166744173039,0.00747918023747237,0.00967915062210523,0.0107721334255378,NaN,NaN,NaN,NaN,NaN,NaN,NaN,NaN,NaN
NaN,NaN,0.00969993465211398,-0.00361780207216119,0.00274389695550781,0.00846177195489872,0.00896668865364821,0.00958214406273328,0.00993843208319352,NaN,NaN,NaN,NaN,NaN,NaN,NaN,NaN,NaN
NaN,NaN,0.010758401384616,-0.00360126178323602,0.00495008837606292,0.00627620001614559,0.00664516224545271,0.0102769665827509,0.0116492716527622,NaN,NaN,NaN,NaN,NaN,NaN,NaN,NaN,NaN
NaN,NaN,0.00702938579585558,-0.00355775039254998,0.00392863240267616,0.00951906522095669,0.00799146353286536,0.00903489891788922,0.00920352543956445,NaN,NaN,NaN,NaN,NaN,NaN,NaN,NaN,NaN
NaN,NaN,0.0107591650691271,-0.00376159827768182,0.00383106704975944,0.0102365188795375,0.0103516957072619,0.0105820492317434,0.0119091665304344,NaN,NaN,NaN,NaN,NaN,NaN,NaN,NaN,NaN
NaN,NaN,0.00992533334162242,-0.00268642361819123,0.0050269224884687,0.00974936266720761,0.00880374445599348,0.0103003241529223,0.0109648054397743,NaN,NaN,NaN,NaN,NaN,NaN,NaN,NaN,NaN
NaN,NaN,0.0107722594645262,-0.00257771964728212,0.0063648418727098,0.0113159776228713,0.0112786969451311,0.0105337135901209,0.0107056369937103,NaN,NaN,NaN,NaN,NaN,NaN,NaN,NaN,NaN
NaN,NaN,0.0113703734483958,4.89825421633814e-05,0.00747164424683433,0.0102874808508204,0.009214234193981,0.0129490428080317,0.0115881210125129,NaN,NaN,NaN,NaN,NaN,NaN,NaN,NaN,NaN
NaN,NaN,0.00896718867685801,-0.00164399426042413,0.00662347015168052,0.0145184048014926,0.0110121151713732,0.0109045476128813,0.0105988329208534,NaN,NaN,NaN,NaN,NaN,NaN,NaN,NaN,NaN
NaN,NaN,0.0128762289192916,-0.00199998300134515,0.0049881794693647,0.0127113782364177,0.0115567153601053,0.0130257651617285,0.0136711915887039,NaN,NaN,NaN,NaN,NaN,NaN,NaN,NaN,NaN
NaN,NaN,0.0115986964907885,-0.00114897768556451,0.00545454856182914,0.011476537634735,0.00995554833692343,0.0109872490575071,0.0131026377833526,NaN,NaN,NaN,NaN,NaN,NaN,NaN,NaN,NaN
NaN,NaN,0.0126465461459399,-0.00150679181873178,0.00747991439129692,0.0111857042211341,0.0107164202539328,0.0114904985239264,0.0128549804843108,NaN,NaN,NaN,NaN,NaN,NaN,NaN,NaN,NaN
NaN,NaN,0.012571183523202,0.000576856177455434,0.00709822114731651,0.0102638625103282,0.0106343148557547,0.0135982491483446,0.0135094394839446,NaN,NaN,NaN,NaN,NaN,NaN,NaN,NaN,NaN
NaN,NaN,0.010915683141017,-0.00135114919006204,0.00689718585636001,0.0152466431754874,0.0116458056775931,0.0118458539654966,0.0132196491516273,NaN,NaN,NaN,NaN,NaN,NaN,NaN,NaN,NaN
NaN,NaN,0.0152575276103259,-0.00061428676902627,0.00557027470495086,0.0124585614103125,0.0120500928072336,0.0131273165752646,0.0140381513095538,NaN,NaN,NaN,NaN,NaN,NaN,NaN,NaN,NaN
NaN,NaN,0.0148150003757716,0.00042488295972968,0.00858895193960052,0.0113394655782031,0.0101301713196638,0.0130259514262434,0.0134002325988452,NaN,NaN,NaN,NaN,NaN,NaN,NaN,NaN,NaN
NaN,NaN,0.0132795102205516,0.00163094569385672,0.00947452794935089,0.0117962979275035,0.0114700837342146,0.0133146427979227,0.0133878273821513,NaN,NaN,NaN,NaN,NaN,NaN,NaN,NaN,NaN
NaN,NaN,0.0135331093576193,0.00117115173876906,0.00813491355802398,0.0126562625664519,0.0125104641823176,0.0150247745623346,0.0135152881897132,NaN,NaN,NaN,NaN,NaN,NaN,NaN,NaN,NaN
NaN,NaN,0.0120846047308684,-0.00110354777037477,0.0072948978486238,0.0152985923486995,0.011948634525955,0.0145194203068968,0.0132900943911712,NaN,NaN,NaN,NaN,NaN,NaN,NaN,NaN,NaN
NaN,NaN,0.015874770959878,-0.000323509234779825,0.00618984636093955,0.0124971554178046,0.0129559530226591,0.0158489391615149,0.0140077901936214,NaN,NaN,NaN,NaN,NaN,NaN,NaN,NaN,NaN
NaN,NaN,0.0145821697321177,0.00138597060382987,0.00854005750443321,0.0111074544984149,0.00912706240099699,0.0132191263546702,0.0134147426045577,NaN,NaN,NaN,NaN,NaN,NaN,NaN,NaN,NaN
NaN,NaN,0.0127628869619609,0.00146734957039977,0.0091007695737062,0.0115139022964286,0.0118073715178374,0.0135070354153868,0.0118637366152446,NaN,NaN,NaN,NaN,NaN,NaN,NaN,NaN,NaN
NaN,NaN,0.0153361684885264,0.00107477847874785,0.00614974361087661,0.0132480994361686,0.0103265313712958,0.0141445070912596,0.0132341777837913,NaN,NaN,NaN,NaN,NaN,NaN,NaN,NaN,NaN
NaN,NaN,0.012313225796485,0.000851819854384908,0.00767390888358932,0.0147415124374675,0.0118619842736128,0.0132213615288492,0.0121250471032302,NaN,NaN,NaN,NaN,NaN,NaN,NaN,NaN,NaN
NaN,NaN,0.0174608691838027,-9.90977472004806e-05,0.00772593256260734,0.013035105963354,0.0121452367214564,0.0147306815197226,0.0126591233468692,NaN,NaN,NaN,NaN,NaN,NaN,NaN,NaN,NaN
NaN,NaN,0.0135297752228022,0.00321790073455001,0.0100482040288625,0.0118957072991179,0.0113872705308798,0.012874369363999,0.0124188234961669,NaN,NaN,NaN,NaN,NaN,NaN,NaN,NaN,NaN
NaN,NaN,0.0130513920691252,0.00065877531111861,0.00958848457958084,0.0141662344831275,0.0138756526915434,0.0128179498424288,0.0114432630992572,NaN,NaN,NaN,NaN,NaN,NaN,NaN,NaN,NaN
NaN,NaN,0.0145712732579947,0.00228261072576667,0.00641615774657112,0.0142142907279776,0.0122712632922533,0.0141460158338305,0.0118272287703197,NaN,NaN,NaN,NaN,NaN,NaN,NaN,NaN,NaN
NaN,NaN,0.0129002384152651,0.000260318260795124,0.00862972524191719,0.0143850207823562,0.013496343633354,0.0127946295251604,0.0110883174396198,NaN,NaN,NaN,NaN,NaN,NaN,NaN,NaN,NaN
NaN,NaN,0.0171290016975642,0.000534481000310429,0.00740298714663368,0.012462286700611,0.0113244807628992,0.0138597272743937,0.012611253366534,NaN,NaN,NaN,NaN,NaN,NaN,NaN,NaN,NaN
NaN,NaN,0.013881442626977,0.00218901280701781,0.00930677812721115,0.0114636108773993,0.0131174816100004,0.0122233376314398,0.0126727579093616,NaN,NaN,NaN,NaN,NaN,NaN,NaN,NaN,NaN
NaN,NaN,0.014709909936452,0.000744624626046667,0.00817235272552352,0.0152374789613532,0.0119963927475813,0.0127225824107882,0.011631557897393,NaN,NaN,NaN,NaN,NaN,NaN,NaN,NaN,NaN
NaN,NaN,0.0150237097647429,0.00257620085418845,0.00757865321065765,0.0143215232092189,0.0127910157946947,0.0141646609117743,0.0118852129138152,NaN,NaN,NaN,NaN,NaN,NaN,NaN,NaN,NaN
NaN,NaN,0.0143884360101462,0.000974214267140873,0.0100577035191236,0.0146257304149913,0.0113863950876597,0.013437502871966,0.0116215741193931,NaN,NaN,NaN,NaN,NaN,NaN,NaN,NaN,NaN
NaN,NaN,0.0177920474913359,0.00210763384044791,0.00915039044048171,0.0125585295754718,0.0116462154595259,0.0134928793122526,0.0124665072119872,NaN,NaN,NaN,NaN,NaN,NaN,NaN,NaN,NaN
NaN,NaN,0.0138852051701785,0.00128879640639449,0.00839739751245361,0.0126561694341945,0.0124637676684263,0.0121537119557615,0.0133125392652194,NaN,NaN,NaN,NaN,NaN,NaN,NaN,NaN,NaN
NaN,NaN,0.014709872683549,0.0015811199361148,0.00807862442161422,0.016211679627304,0.012787849297941,0.0136934489419218,0.0108669979429881,NaN,NaN,NaN,NaN,NaN,NaN,NaN,NaN,NaN
NaN,NaN,0.0145603395309687,0.00140845273078109,0.00725870665337425,0.0147006646293448,0.014490567734659,0.0160980679502245,0.0124733803725879,NaN,NaN,NaN,NaN,NaN,NaN,NaN,NaN,NaN
NaN,NaN,0.016031028261447,0.00250750650108481,0.0104024418833433,0.0140772745508002,0.011722341766775,0.0150663488020655,0.014018407270972,NaN,NaN,NaN,NaN,NaN,NaN,NaN,NaN,NaN
NaN,NaN,0.0170589662399531,0.00246569011748458,0.0087503128888784,0.0132835641998099,0.0140705040006045,0.0132118247856852,0.0136943256414573,NaN,NaN,NaN,NaN,NaN,NaN,NaN,NaN,NaN
NaN,NaN,0.0156065686848403,0.00318768863022948,0.00801114078785758,0.0121921659010695,0.0120413942543867,0.0129310682823416,0.0143061486936252,NaN,NaN,NaN,NaN,NaN,NaN,NaN,NaN,NaN
NaN,NaN,0.0157556920554877,0.0033634850794139,0.00894318979408126,0.0148139320808696,0.0123962095288637,0.0139501586963888,0.0118053613162677,NaN,NaN,NaN,NaN,NaN,NaN,NaN,NaN,NaN
NaN,NaN,0.0156105919983626,0.00251672659457351,0.00825145926501136,0.0130990691977786,0.0123971035985354,0.016042356233811,0.0146493596888225,NaN,NaN,NaN,NaN,NaN,NaN,NaN,NaN,NaN
NaN,NaN,0.0167463771310092,0.00370457265914107,0.0114993536117254,0.013125835408573,0.01164239703697,0.0147732057084795,0.0136441646075885,NaN,NaN,NaN,NaN,NaN,NaN,NaN,NaN,NaN
NaN,NaN,0.0159790604617835,0.00152058396876479,0.0090850302221952,0.0146412276226329,0.0137024453191164,0.0126980513741728,0.0128596743500869,NaN,NaN,NaN,NaN,NaN,NaN,NaN,NaN,NaN
NaN,NaN,0.0160175240841151,0.00383033845961715,0.00877590563322883,0.0128146619099425,0.0126108793823126,0.0146119192650076,0.0117304271019141,NaN,NaN,NaN,NaN,NaN,NaN,NaN,NaN,NaN
NaN,NaN,0.0146972439494372,0.00268008057416106,0.00982459347869735,0.0150888212519931,0.0120705073980692,0.0137920573761221,0.0106476528502147,NaN,NaN,NaN,NaN,NaN,NaN,NaN,NaN,NaN
NaN,NaN,0.0168256513085604,0.00283047054350997,0.00910162639047485,0.0128826112049865,0.0119651003090742,0.0150783442368265,0.0120035653865974,NaN,NaN,NaN,NaN,NaN,NaN,NaN,NaN,NaN
NaN,NaN,0.0163372098710776,0.00196715314329291,0.00957579996611457,0.0128314257162856,0.0106921127347353,0.0131448254396673,0.0115361718393009,NaN,NaN,NaN,NaN,NaN,NaN,NaN,NaN,NaN
NaN,NaN,0.0146251409557105,0.00128397215545798,0.00575501185085159,0.0139626101154136,0.0118698818890455,0.0107155263831373,0.0118838718093078,NaN,NaN,NaN,NaN,NaN,NaN,NaN,NaN,NaN
NaN,NaN,0.0159892677572013,0.00193984676540519,0.00625226359989028,0.0114040807384299,0.0100073857514265,0.0118582219292875,0.00780810619956659,NaN,NaN,NaN,NaN,NaN,NaN,NaN,NaN,NaN
NaN,NaN,0.0127340345885993,0.00283775348604346,0.00802665662195068,0.0130485915142344,0.00951667188686163,0.0103673234989401,0.00921175833112405,NaN,NaN,NaN,NaN,NaN,NaN,NaN,NaN,NaN
NaN,NaN,0.0160408071484805,0.00150691215336944,0.00684085946704727,0.0115700051683234,0.011111878445566,0.0104743883421179,0.00801133941179917,NaN,NaN,NaN,NaN,NaN,NaN,NaN,NaN,NaN
NaN,NaN,0.0144780478682757,0.000573633801347265,0.0074290828051744,0.0112873115140246,0.0093706963865164,0.00875101317069493,0.009537628099982,NaN,NaN,NaN,NaN,NaN,NaN,NaN,NaN,NaN
NaN,NaN,0.0131857819166423,0.00083151702225829,0.00587483581330162,0.0137247689563083,0.0108577577678564,0.00720885474584065,0.00763718988067315,NaN,NaN,NaN,NaN,NaN,NaN,NaN,NaN,NaN
NaN,NaN,0.014834465017581,0.00112803150356437,0.00754352372314315,0.0108382091420935,0.00991656317395003,0.0112437166681048,0.00674662198192285,NaN,NaN,NaN,NaN,NaN,NaN,NaN,NaN,NaN
NaN,NaN,0.0123665533271075,0.00251817945778991,0.00879084404732566,0.0129982442158507,0.0101220688132647,0.00972040821216069,0.00872497464782403,NaN,NaN,NaN,NaN,NaN,NaN,NaN,NaN,NaN
NaN,NaN,0.0163022480216265,-0.00156069676935052,0.00623585369612556,0.0107314236956881,0.0114529846517447,0.0108981959929224,0.00716221536761926,NaN,NaN,NaN,NaN,NaN,NaN,NaN,NaN,NaN
NaN,NaN,0.0137855350282431,0.000656596016294012,0.00605582904245239,0.00994296600401867,0.00859417825025351,0.00873760212562047,0.00892116706139253,NaN,NaN,NaN,NaN,NaN,NaN,NaN,NaN,NaN
NaN,NaN,0.0149293109085799,-0.00118176024019097,0.00565400060440879,0.0117751755315112,0.0095259664861563,0.00796590824029408,0.00502767990595506,NaN,NaN,NaN,NaN,NaN,NaN,NaN,NaN,NaN
NaN,NaN,0.0152433715071917,0.00193470586479331,0.00554036062385421,0.00934507553756703,0.00819860829991133,0.0125137612631079,0.0077286271310489,NaN,NaN,NaN,NaN,NaN,NaN,NaN,NaN,NaN
NaN,NaN,0.0138650140967608,0.00152682383001471,0.00741351109172683,0.0119035304087447,0.00895167573374541,0.0100666180660482,0.00871350075370477,NaN,NaN,NaN,NaN,NaN,NaN,NaN,NaN,NaN
NaN,NaN,0.0149143352415801,-0.000898694056862346,0.0057605625333963,0.0110427275794791,0.0105118086842898,0.0113736547937151,0.00800392608410523,NaN,NaN,NaN,NaN,NaN,NaN,NaN,NaN,NaN
NaN,NaN,0.0125236674454451,0.00194876883567,0.00722214292909484,0.0118792228895472,0.00936928077620299,0.00972439427278005,0.00924800540572808,NaN,NaN,NaN,NaN,NaN,NaN,NaN,NaN,NaN
NaN,NaN,0.0140072643068076,0.000593750368958959,0.00735856305982452,0.0128143825131701,0.00929697289150984,0.0105659373512026,0.00746279041535066,NaN,NaN,NaN,NaN,NaN,NaN,NaN,NaN,NaN
NaN,NaN,0.013806489786172,0.00249023978055144,0.00493723612453323,0.010139642705326,0.00933262391966612,0.0130783476342913,0.00995605270630525,NaN,NaN,NaN,NaN,NaN,NaN,NaN,NaN,NaN
NaN,NaN,0.0124813108947516,-9.49254220662041e-05,0.00608905863191467,0.00986166154325474,0.00872922002357275,0.0100434467603918,0.00983280147678063,NaN,NaN,NaN,NaN,NaN,NaN,NaN,NaN,NaN
NaN,NaN,0.0119242123570681,-0.00236211847125863,0.00320132535125595,0.0087389149266528,0.00962420239132674,0.00999797959229909,0.00788622553712533,NaN,NaN,NaN,NaN,NaN,NaN,NaN,NaN,NaN
NaN,NaN,0.012194575300479,-0.001601917106503,0.00466301750566345,0.00703777973831166,0.00610451086443694,0.00879327658913098,0.00760356913572953,NaN,NaN,NaN,NaN,NaN,NaN,NaN,NaN,NaN
NaN,NaN,0.0121686100270987,-0.00120685007035111,0.00433893587614875,0.00852705766737927,0.00733825250548155,0.00898898471496068,0.00678838248616861,NaN,NaN,NaN,NaN,NaN,NaN,NaN,NaN,NaN
NaN,NaN,0.0133138760235549,-0.00104884188234185,0.0032520451786695,0.00702032675326336,0.00763472973388464,0.0094767369737383,0.00790818612343476,NaN,NaN,NaN,NaN,NaN,NaN,NaN,NaN,NaN
NaN,NaN,0.0108490004446746,-0.00264907758294915,0.00513037380005699,0.00668290858448017,0.00727037771624358,0.00642089996836148,0.00625814329153703,NaN,NaN,NaN,NaN,NaN,NaN,NaN,NaN,NaN
NaN,NaN,0.0109488754775763,-0.0041462531274495,0.00340945732023101,0.0070086107152747,0.00623768999260695,0.00641058091423474,0.00319439004427598,NaN,NaN,NaN,NaN,NaN,NaN,NaN,NaN,NaN
NaN,NaN,0.0110575608220339,-0.000954554784887781,0.00381746974017005,0.0068875015276717,0.00353778584879668,0.00753299225470982,0.00535613875157045,NaN,NaN,NaN,NaN,NaN,NaN,NaN,NaN,NaN
NaN,NaN,0.00949333005216128,-0.00224955882489061,0.00294612433935981,0.00988552202761639,0.006263003340185,0.00662957210442983,0.00480762700802491,NaN,NaN,NaN,NaN,NaN,NaN,NaN,NaN,NaN
NaN,NaN,0.0113341077473403,-0.00395551826416825,0.00171994503762107,0.00710127731144894,0.00810860528630049,0.00729280416271649,0.0045228285647075,NaN,NaN,NaN,NaN,NaN,NaN,NaN,NaN,NaN
NaN,NaN,0.008385931631589,-0.00380551945030069,0.00362097930337768,0.00729253371537197,0.00725013076347144,0.00515692759654485,0.00363512913948701,NaN,NaN,NaN,NaN,NaN,NaN,NaN,NaN,NaN
NaN,NaN,0.010763132503295,-0.00438137482463693,0.00320480849768501,0.00757507835805882,0.00587266742271216,0.00604101349017583,0.00131585653192208,NaN,NaN,NaN,NaN,NaN,NaN,NaN,NaN,NaN
NaN,NaN,0.0104007735159636,0.000424696695214758,0.00294727917935234,0.00789666404307354,0.00378182961624892,0.00657371137640439,0.00612012128597901,NaN,NaN,NaN,NaN,NaN,NaN,NaN,NaN,NaN
NaN,NaN,0.0106210685577632,-0.00335608180224275,0.00238753568555694,0.00999094774306286,0.00583707227391036,0.00540927876136266,0.00554877351290391,NaN,NaN,NaN,NaN,NaN,NaN,NaN,NaN,NaN
NaN,NaN,0.0110963224675894,-0.00407489519178247,0.00101899441506248,0.00723486622155178,0.00902664720100195,0.00726024512550794,0.00609994883901284,NaN,NaN,NaN,NaN,NaN,NaN,NaN,NaN,NaN
NaN,NaN,0.00974180691506869,-0.00225555654227113,0.00522900086070877,0.00771917258680332,0.00695559068602355,0.0062472083081957,0.00457691977984117,NaN,NaN,NaN,NaN,NaN,NaN,NaN,NaN,NaN
NaN,NaN,0.0100440210905314,-0.00196818764864778,0.00422944959427696,0.00975360949814785,0.00643546565455229,0.00726991225383244,0.00443915854460405,NaN,NaN,NaN,NaN,NaN,NaN,NaN,NaN,NaN
NaN,NaN,0.00996126376655108,-0.000391924191111079,0.00373862397100311,0.0100284427899169,0.00649495854061873,0.00796201531193219,0.00863247568971322,NaN,NaN,NaN,NaN,NaN,NaN,NaN,NaN,NaN
NaN,NaN,0.0103932856824637,-0.00408188011109208,0.00295150738384109,0.00930055831850041,0.00845244958084853,0.00709033463499509,0.00737535785204576,NaN,NaN,NaN,NaN,NaN,NaN,NaN,NaN,NaN
NaN,NaN,0.00916647308137423,-0.0051201557701764,0.00224515509034973,0.0059848078089999,0.0099175876287821,0.00868522454402409,0.00606453995472596,NaN,NaN,NaN,NaN,NaN,NaN,NaN,NaN,NaN
NaN,NaN,0.0101012415495158,-0.0031633911615548,0.00427744995977264,0.00614875783503521,0.00613997562807829,0.00934100602171384,0.00605477969414399,NaN,NaN,NaN,NaN,NaN,NaN,NaN,NaN,NaN
NaN,NaN,0.00948599123027331,-0.00279956068455552,0.0028839119913755,0.00948123489797581,0.00632830767911704,0.0092277385701891,0.00718741695648835,NaN,NaN,NaN,NaN,NaN,NaN,NaN,NaN,NaN
NaN,NaN,0.0119981221165896,-0.00248052682339524,0.00169854324485641,0.00738076721609104,0.00606600998920233,0.00977872763178311,0.0102369023419063,NaN,NaN,NaN,NaN,NaN,NaN,NaN,NaN,NaN
NaN,NaN,0.00879508026506907,-0.00507828350722169,0.000475921595352701,0.00673135598481167,0.00611071347278388,0.00636788908741437,0.00719177554613755,NaN,NaN,NaN,NaN,NaN,NaN,NaN,NaN,NaN
NaN,NaN,0.00867166139748103,-0.00635395329057549,0.00128108721401077,0.00414376934350003,0.00707820861619742,0.00852574486634694,0.00493993069297479,NaN,NaN,NaN,NaN,NaN,NaN,NaN,NaN,NaN
NaN,NaN,0.008453731915021,-0.00250891353546952,0.00170530464674812,0.00530490507662762,0.00309978484195502,0.00820432681939565,0.0057805797017257,NaN,NaN,NaN,NaN,NaN,NaN,NaN,NaN,NaN
NaN,NaN,0.00772649936940676,-0.00450082625805711,0.00164301779295783,0.00870486577332485,0.00475684984606535,0.00655154589912854,0.00674505735999749,NaN,NaN,NaN,NaN,NaN,NaN,NaN,NaN,NaN
NaN,NaN,0.00949161641862399,-0.00391005109607553,-0.000931269561988302,0.00715238829434384,0.00603717624229224,0.00811903629801236,0.00779624114996598,NaN,NaN,NaN,NaN,NaN,NaN,NaN,NaN,NaN
NaN,NaN,0.00579510398771769,-0.00596832986533021,0.00194307130004745,0.00588500728190411,0.00609521626514227,0.00439262841246091,0.00438804756170915,NaN,NaN,NaN,NaN,NaN,NaN,NaN,NaN,NaN
NaN,NaN,0.00843465842869288,-0.00483157615720605,0.00121576424862724,0.00538349007547367,0.00623860268873007,0.00719508979818784,0.00336379762059854,NaN,NaN,NaN,NaN,NaN,NaN,NaN,NaN,NaN
NaN,NaN,0.00860306017663485,-0.0006057372277913,0.0016743474843679,0.00575044979632366,0.00277821778339179,0.0054794073512312,0.00467936526304887,NaN,NaN,NaN,NaN,NaN,NaN,NaN,NaN,NaN
NaN,NaN,0.00918176539804942,-0.00458928327619409,0.00203165870334487,0.00822607283771504,0.00419682695549758,0.00389060829184018,0.00499517674810098,NaN,NaN,NaN,NaN,NaN,NaN,NaN,NaN,NaN
NaN,NaN,0.00982745133903033,-0.00335783268868302,-0.00152368385170121,0.00456690644205082,0.00508331566137106,0.00469772968790494,0.00407599861985849,NaN,NaN,NaN,NaN,NaN,NaN,NaN,NaN,NaN
NaN,NaN,0.0074168718662501,-0.00576334576665734,0.00327659484173637,0.00394381438673008,0.00383573456686766,0.00194554109475575,0.00182312931186364,NaN,NaN,NaN,NaN,NaN,NaN,NaN,NaN,NaN
NaN,NaN,0.00987191267874247,-0.00154980029522752,0.00179622035648208,0.00621244167268742,0.00535339920800955,0.0056455739249941,0.00171381066805528,NaN,NaN,NaN,NaN,NaN,NaN,NaN,NaN,NaN
NaN,NaN,0.00970118262436396,-0.000232053357952585,0.00403281014587265,0.00766318147361744,0.00341239257735045,0.00466401581070386,0.00528470631009744,NaN,NaN,NaN,NaN,NaN,NaN,NaN,NaN,NaN
NaN,NaN,0.0093838065173865,-0.00380803402125215,0.00341342475439887,0.0104922600585269,0.00662700145524771,0.00517819900414907,0.00470140035516427,NaN,NaN,NaN,NaN,NaN,NaN,NaN,NaN,NaN
NaN,NaN,0.0101640871968508,-0.00320718194901322,0.00083479743625503,0.00566616510332096,0.00674052967709334,0.00604792390367948,0.0055529272115867,NaN,NaN,NaN,NaN,NaN,NaN,NaN,NaN,NaN
NaN,NaN,0.00878716402318484,-0.00447799022852754,0.00335521709348541,0.00660722931206692,0.00511045440119536,0.00594616759917699,0.00447495858437226,NaN,NaN,NaN,NaN,NaN,NaN,NaN,NaN,NaN
NaN,NaN,0.00988657169606692,-0.00217389817892884,0.00136337887670379,0.00673714881122578,0.00553824811261923,0.00821431059739552,0.00557343493467973,NaN,NaN,NaN,NaN,NaN,NaN,NaN,NaN,NaN
NaN,NaN,0.00929259278442866,-0.00270521770774697,0.00159656342293601,0.00732699265063275,0.00476891978663237,0.00727207292220555,0.00826162304050134,NaN,NaN,NaN,NaN,NaN,NaN,NaN,NaN,NaN
NaN,NaN,0.00732247301008707,-0.00591585915147637,0.00161066364671569,0.00749014173925389,0.00644641800802977,0.00596449602744542,0.0054226165569465,NaN,NaN,NaN,NaN,NaN,NaN,NaN,NaN,NaN
NaN,NaN,0.00862731181647784,-0.0049053182786641,-0.000508709883433767,0.00384127577126492,0.00596827699822218,0.0059628568997141,0.00672037731177018,NaN,NaN,NaN,NaN,NaN,NaN,NaN,NaN,NaN
NaN,NaN,0.0068469769563914,-0.00454949717580651,0.00188102659012657,0.00493265544355381,0.00378603919428618,0.00545889962813817,0.00506450440055535,NaN,NaN,NaN,NaN,NaN,NaN,NaN,NaN,NaN
NaN,NaN,0.00843393199708468,-0.00509599726259088,0.000145786369103007,0.0059690684574889,0.00597110821884902,0.00687937144539319,0.0061242749846618,NaN,NaN,NaN,NaN,NaN,NaN,NaN,NaN,NaN
NaN,NaN,0.0067539564576388,-0.0054103186315236,0.000636444354313425,0.00484661986411083,0.00396990089696677,0.00694055933854543,0.00835933740502999,NaN,NaN,NaN,NaN,NaN,NaN,NaN,NaN,NaN
NaN,NaN,0.00402594499852663,-0.00806769858657693,0.00195683624770027,0.00634051715314854,0.00612175895851882,0.00476009104750119,0.00586641039020227,NaN,NaN,NaN,NaN,NaN,NaN,NaN,NaN,NaN
NaN,NaN,0.00620693483021265,-0.00701329242050027,-0.00143101725552697,0.00413441886485089,0.00500856771153243,0.00745127801201306,0.00718635524875329,NaN,NaN,NaN,NaN,NaN,NaN,NaN,NaN,NaN
NaN,NaN,0.00569256537225253,-0.00615325327574586,0.000496280306833796,0.00481329714239109,0.00303654803913863,0.00644500259659253,0.0057435316897075,NaN,NaN,NaN,NaN,NaN,NaN,NaN,NaN,NaN
NaN,NaN,0.00715060674216753,-0.00634551550804948,-0.00168236259196419,0.00483644982159603,0.00380945264381201,0.00740256984136067,0.00644571165806459,NaN,NaN,NaN,NaN,NaN,NaN,NaN,NaN,NaN
NaN,NaN,0.00673227526810175,-0.00531584526955461,6.07566180406134e-05,0.00265713637054432,0.0021985812394026,0.00585927520296536,0.00504660438067125,NaN,NaN,NaN,NaN,NaN,NaN,NaN,NaN,NaN
NaN,NaN,0.00429932542707926,-0.00714058558999871,0.000586953872698359,0.00614009653509129,0.00293877779525549,0.00330810327432118,0.00422331522471116,NaN,NaN,NaN,NaN,NaN,NaN,NaN,NaN,NaN
NaN,NaN,0.0070632486846686,-0.00421563665925836,-0.00222312573168892,0.00484024961770047,0.00318293332141669,0.00623342473409139,0.0054417459226291,NaN,NaN,NaN,NaN,NaN,NaN,NaN,NaN,NaN
NaN,NaN,0.00637166716721064,-0.00417907293497895,0.00158283572818618,0.00564450254023541,0.00294706656616957,0.00494935442111455,0.00521161611444162,NaN,NaN,NaN,NaN,NaN,NaN,NaN,NaN,NaN
NaN,NaN,0.00611743473079211,-0.00418823714911317,0.00102832626726013,0.00664403518021572,0.00490183814448149,0.00504939709207974,0.00390312652355836,NaN,NaN,NaN,NaN,NaN,NaN,NaN,NaN,NaN
NaN,NaN,0.00661505900886065,-0.0042005119806466,0.00250037472869735,0.00408919384062756,0.00447119458597929,0.00530092869303189,0.00434667821294473,NaN,NaN,NaN,NaN,NaN,NaN,NaN,NaN,NaN
NaN,NaN,0.00326565050151354,-0.00480400900899743,0.0017029204609571,0.00798005466640461,0.004760128101528,0.0035262935271021,0.00486402790314363,NaN,NaN,NaN,NaN,NaN,NaN,NaN,NaN,NaN
NaN,NaN,0.00799943276312357,-0.00490202139674996,-0.00174833748314995,0.00507261460006703,0.00466248824280531,0.00705133084557019,0.00596600602633165,NaN,NaN,NaN,NaN,NaN,NaN,NaN,NaN,NaN
NaN,NaN,0.00575164847638613,-0.00466494392215585,0.000963096434134058,0.00524327014863957,0.00343260227721961,0.00505274985334836,0.00577026064759896,NaN,NaN,NaN,NaN,NaN,NaN,NaN,NaN,NaN
NaN,NaN,0.00696089633371836,-0.0054544074422059,0.00182605993177276,0.00542405848682392,0.00600610732120307,0.00496995527646504,0.00338750909334825,NaN,NaN,NaN,NaN,NaN,NaN,NaN,NaN,NaN
NaN,NaN,0.00804955654408938,-0.0034959478264985,0.00211316805507522,0.00379927312314976,0.00538603275102408,0.00580779169104062,0.00564514677292512,NaN,NaN,NaN,NaN,NaN,NaN,NaN,NaN,NaN
NaN,NaN,0.00637945302393443,-0.00383180137335633,0.00133631464268547,0.0080769680935191,0.00412518962305815,0.00383795131347142,0.00604220683938668,NaN,NaN,NaN,NaN,NaN,NaN,NaN,NaN,NaN
NaN,NaN,0.00955574729111201,-0.00492357220112657,-0.000861364489537664,0.00550512080371846,0.0051878659335974,0.00655054007074796,0.00633495877749131,NaN,NaN,NaN,NaN,NaN,NaN,NaN,NaN,NaN
NaN,NaN,0.00600034885671145,-0.00456423069893693,0.00193590011622291,0.00497018774331082,0.00373889564555914,0.00472145978710614,0.00598342175847695,NaN,NaN,NaN,NaN,NaN,NaN,NaN,NaN,NaN
NaN,NaN,0.00575338073637492,-0.00616452227889871,0.00121455352928024,0.00605588634789456,0.00673436432164938,0.00583578724763356,0.00461735780603097,NaN,NaN,NaN,NaN,NaN,NaN,NaN,NaN,NaN
NaN,NaN,0.00628894709613329,-0.00459678973614549,0.000947673732298426,0.00468324725807179,0.00533425121587546,0.00698923025629483,0.00781125406986879,NaN,NaN,NaN,NaN,NaN,NaN,NaN,NaN,NaN
NaN,NaN,0.00580346726443774,-0.00572233032047128,0.00111790087248664,0.00863918890536297,0.00582995696944029,0.00647478629252873,0.00798237527972863,NaN,NaN,NaN,NaN,NaN,NaN,NaN,NaN,NaN
NaN,NaN,0.00888137661483294,-0.00454828645645951,-0.00127680886362214,0.00587997814000118,0.00537155999821455,0.00843507130048238,0.0079444331980388,NaN,NaN,NaN,NaN,NaN,NaN,NaN,NaN,NaN
NaN,NaN,0.00711849473979479,-0.00511136408507203,0.00173406388785224,0.00451408182561863,0.00492279290241034,0.00656093363068066,0.00786171312696145,NaN,NaN,NaN,NaN,NaN,NaN,NaN,NaN,NaN
NaN,NaN,0.00681503259208209,-0.00465861092864846,0.00113300692464691,0.00611010794818867,0.00540467782896788,0.00660146478912793,0.00682543049818681,NaN,NaN,NaN,NaN,NaN,NaN,NaN,NaN,NaN
NaN,NaN,0.00878032811548716,-0.003896789062613,0.000114028269308619,0.00440660720050801,0.00572702719849379,0.00814433101913892,0.00889762322670625,NaN,NaN,NaN,NaN,NaN,NaN,NaN,NaN,NaN
NaN,NaN,0.00755213715698725,-0.00445016230999803,0.000469979757326655,0.0072094038623618,0.0051638936905268,0.00757166076800786,0.00865313242441819,NaN,NaN,NaN,NaN,NaN,NaN,NaN,NaN,NaN
NaN,NaN,0.00972373925712115,-0.00459952782451486,-0.000614321863395162,0.00534593914926518,0.00718933402580054,0.00843693394563161,0.00829384680158303,NaN,NaN,NaN,NaN,NaN,NaN,NaN,NaN,NaN
NaN,NaN,0.00694163658287531,-0.0039285099095044,0.00254271265293937,0.0050753526884364,0.00502378552240164,0.00776554350159131,0.00856078247791932,NaN,NaN,NaN,NaN,NaN,NaN,NaN,NaN,NaN
NaN,NaN,0.006149174204135,-0.00425542275964593,0.00194132041360717,0.00801779185712803,0.00665032177251608,0.00753025416634046,0.00726870279080079,NaN,NaN,NaN,NaN,NaN,NaN,NaN,NaN,NaN
NaN,NaN,0.00894817106988436,-0.00405239443837976,0.000827980155008845,0.00563273062289227,0.00664797483962805,0.0104291074385401,0.00955308805472062,NaN,NaN,NaN,NaN,NaN,NaN,NaN,NaN,NaN
NaN,NaN,0.00773918398287302,-0.00365589316546296,0.00220026534225326,0.00833632280409802,0.00573373272103102,0.008380272280192,0.0085092617130916,NaN,NaN,NaN,NaN,NaN,NaN,NaN,NaN,NaN
NaN,NaN,0.00960466035273081,-0.00429221000134324,0.00109249439265113,0.00664535765827168,0.0073889909593466,0.00975371230742894,0.00811993162399934,NaN,NaN,NaN,NaN,NaN,NaN,NaN,NaN,NaN
NaN,NaN,0.00752369456555849,-0.00174029301463937,0.00307146173145156,0.00622313325584401,0.00432622491401465,0.00848018456599675,0.00916370208627389,NaN,NaN,NaN,NaN,NaN,NaN,NaN,NaN,NaN
NaN,NaN,0.00819221653606898,-0.00383452083527421,0.00220434453513008,0.00886386116326321,0.00646927266401083,0.00764927719137631,0.00796462427145646,NaN,NaN,NaN,NaN,NaN,NaN,NaN,NaN,NaN
NaN,NaN,0.00909554355409151,-0.00238726418077325,-0.000263734793406911,0.00490419422567357,0.00505112915319235,0.00761208016774617,0.00917674060231851,NaN,NaN,NaN,NaN,NaN,NaN,NaN,NaN,NaN
NaN,NaN,0.00833577059772021,-0.00271633769928788,0.00241521459247451,0.00695898984849919,0.00530403911155493,0.00598265681765042,0.0076164958930652,NaN,NaN,NaN,NaN,NaN,NaN,NaN,NaN,NaN
NaN,NaN,0.00774203382995135,-0.00406587998926019,0.000350565576809458,0.00613503014028538,0.00622202514690192,0.00666200075647794,0.00726257468825982,NaN,NaN,NaN,NaN,NaN,NaN,NaN,NaN,NaN
NaN,NaN,0.00676621266272074,-0.00167802478730058,0.00290332075383049,0.00637594466388691,0.00637241511625082,0.00655512217781506,0.00895229186183618,NaN,NaN,NaN,NaN,NaN,NaN,NaN,NaN,NaN
NaN,NaN,0.00744995244410044,-0.00380924474059914,0.00276742216374259,0.00875988831103314,0.00818812160772116,0.00646495152614079,0.00829982589251206,NaN,NaN,NaN,NaN,NaN,NaN,NaN,NaN,NaN
NaN,NaN,0.00905259095695025,-0.00218449662982796,0.00273648362781387,0.00583523740351666,0.00833316578549178,0.00747126419446431,0.0090232027626674,NaN,NaN,NaN,NaN,NaN,NaN,NaN,NaN,NaN
NaN,NaN,0.00908872627284533,-0.000843112725609288,0.00509675305511337,0.0088021144765662,0.00773391558808119,0.00779983479878865,0.00916958804494546,NaN,NaN,NaN,NaN,NaN,NaN,NaN,NaN,NaN
NaN,NaN,0.009954185714984,-0.00115598123132561,0.00365974094893318,0.00803138916671742,0.0078734090833071,0.00684396256110631,0.00903355906969712,NaN,NaN,NaN,NaN,NaN,NaN,NaN,NaN,NaN
NaN,NaN,0.0117846816089392,0.000885924887067333,0.00474221717740875,0.0078698792058276,0.0077457620112303,0.00838403482339345,0.00954142789608644,NaN,NaN,NaN,NaN,NaN,NaN,NaN,NaN,NaN
NaN,NaN,0.0108536011781932,-0.00111038367807244,0.00555380892183166,0.00959955011785496,0.0080957530347708,0.00810117353103124,0.00825532729989694,NaN,NaN,NaN,NaN,NaN,NaN,NaN,NaN,NaN
NaN,NaN,0.0147177889254332,0.000870818834907069,0.00629735823895317,0.00833827858150471,0.0104780203012827,0.0100668229570147,0.00903890486127542,NaN,NaN,NaN,NaN,NaN,NaN,NaN,NaN,NaN
NaN,NaN,0.0133453919794798,0.00380774457395698,0.00886218335654121,0.0106734768050956,0.00846174418014319,0.0095365651359316,0.0111045224524181,NaN,NaN,NaN,NaN,NaN,NaN,NaN,NaN,NaN
NaN,NaN,0.0157111562099696,0.00486317519486572,0.00857643496419769,0.0130040742951678,0.0109401984421614,0.0103976473619696,0.0105707814849059,NaN,NaN,NaN,NaN,NaN,NaN,NaN,NaN,NaN
NaN,NaN,0.017906879564786,0.00676480550707008,0.0100257219019113,0.0122037888068007,0.0109510390369299,0.0120594807376619,0.0128919539905231,NaN,NaN,NaN,NaN,NaN,NaN,NaN,NaN,NaN
NaN,NaN,0.0176738067772627,0.00548716131985809,0.0112648279609857,0.0141741320985602,0.0131404480246905,0.0119545393099543,0.0121333545005958,NaN,NaN,NaN,NaN,NaN,NaN,NaN,NaN,NaN
NaN,NaN,0.0211920640673876,0.00777119268119957,0.0120425195636926,0.0136666358012008,0.0149402475265864,0.0148208149184939,0.0146205818212669,NaN,NaN,NaN,NaN,NaN,NaN,NaN,NaN,NaN
NaN,NaN,0.0203738971855879,0.0116293268317046,0.0138622307422338,0.0143874235945987,0.0120619019774798,0.013659027259564,0.0168713835931461,NaN,NaN,NaN,NaN,NaN,NaN,NaN,NaN,NaN
NaN,NaN,0.021215496143365,0.00964035708845283,0.01325620051648,0.0160550311702536,0.013894744804323,0.0134301454236265,0.0160920156098049,NaN,NaN,NaN,NaN,NaN,NaN,NaN,NaN,NaN
NaN,NaN,0.0228738649990798,0.0115450235122504,0.0131339364888845,0.0132939577597426,0.0129727168290022,0.016214390139794,0.0158114453709762,NaN,NaN,NaN,NaN,NaN,NaN,NaN,NaN,NaN
NaN,NaN,0.0213371827509642,0.00938420612753059,0.0155853823962389,0.0151377715665149,0.0140115885345343,0.0129635900666472,0.0145967772162597,NaN,NaN,NaN,NaN,NaN,NaN,NaN,NaN,NaN
NaN,NaN,0.0234038620498419,0.0113765845114055,0.0146402762475191,0.0140210412937449,0.0141833989230994,0.0154710829665419,0.0159861242330711,NaN,NaN,NaN,NaN,NaN,NaN,NaN,NaN,NaN
NaN,NaN,0.0206357664671183,0.0108411299103561,0.0154456840100465,0.0148643725115107,0.0130929133204821,0.0148218579997774,0.0180723613060157,NaN,NaN,NaN,NaN,NaN,NaN,NaN,NaN,NaN
NaN,NaN,0.0202741525378466,0.00860865656674529,0.0138801680150209,0.0167791344720172,0.0144957831410769,0.015927412401652,0.0176676271415393,NaN,NaN,NaN,NaN,NaN,NaN,NaN,NaN,NaN
NaN,NaN,0.0216905824151278,0.00993158165753508,0.0142346293869196,0.0143915959197329,0.0171506671516302,0.018712737452006,0.0174768363989036,NaN,NaN,NaN,NaN,NaN,NaN,NaN,NaN,NaN
NaN,NaN,0.0197788193133116,0.00920021403968955,0.0171508611383615,0.0165242873626994,0.016660772850931,0.0166414201667067,0.0172773657298724,NaN,NaN,NaN,NaN,NaN,NaN,NaN,NaN,NaN
NaN,NaN,0.0232662684526682,0.0110062161499324,0.0156678975763498,0.0170190617936896,0.0183463922051791,0.0187632151355501,0.0188433846390884,NaN,NaN,NaN,NaN,NaN,NaN,NaN,NaN,NaN
NaN,NaN,0.021996559133792,0.0111800940746131,0.0168545701744733,0.0179247543710517,0.0156389443485144,0.0187784515728708,0.0220134576714675,NaN,NaN,NaN,NaN,NaN,NaN,NaN,NaN,NaN
NaN,NaN,0.0239424831476451,0.0108136745208564,0.0174613454582868,0.0201871417957591,0.0197198508588675,0.0194204681029078,0.019562384293143,NaN,NaN,NaN,NaN,NaN,NaN,NaN,NaN,NaN
NaN,NaN,0.0263598426487685,0.0143551403695407,0.0198378944041906,0.0197154082852649,0.0223509675173167,0.0220298663189169,0.0212777500904243,NaN,NaN,NaN,NaN,NaN,NaN,NaN,NaN,NaN
NaN,NaN,0.0263760476615668,0.0174241276496711,0.0248391897621332,0.0234992601472186,0.0229416867999438,0.0210534118523356,0.0229271409965198,NaN,NaN,NaN,NaN,NaN,NaN,NaN,NaN,NaN
NaN,NaN,0.0300240195598841,0.0190289827102485,0.0243656867387472,0.0260445274907397,0.0265930673388842,0.0237923011591192,0.0250390453196208,NaN,NaN,NaN,NaN,NaN,NaN,NaN,NaN,NaN
NaN,NaN,0.0307725980189086,0.0216957503968539,0.028390248233336,0.028521622021799,0.0245740531293753,0.0257087208738085,0.029103951708142,NaN,NaN,NaN,NaN,NaN,NaN,NaN,NaN,NaN
NaN,NaN,0.0325906886961699,0.0208627009803119,0.0306102604808984,0.0331217594939517,0.0309441319016817,0.0271265291085001,0.0262455178356807,NaN,NaN,NaN,NaN,NaN,NaN,NaN,NaN,NaN
NaN,NaN,0.0348498164918662,0.0236734138840499,0.0322992512228666,0.0314401820796775,0.0327644577531222,0.0304779678990599,0.0295734314180057,NaN,NaN,NaN,NaN,NaN,NaN,NaN,NaN,NaN
NaN,NaN,0.0361440754738093,0.0229750895911517,0.0354205788316904,0.0353962168592261,0.0339618405608538,0.031447642337298,0.0318739844418208,NaN,NaN,NaN,NaN,NaN,NaN,NaN,NaN,NaN
NaN,NaN,0.038705026289487,0.0242880309039416,0.0327843585255323,0.0365831316012191,0.0354364035932425,0.0330446742882486,0.0329932106590907,NaN,NaN,NaN,NaN,NaN,NaN,NaN,NaN,NaN
NaN,NaN,0.0402579880562068,0.0254838863426509,0.0363324740173994,0.0376585484045791,0.0340178503004912,0.0360287622024771,0.0358316024697463,NaN,NaN,NaN,NaN,NaN,NaN,NaN,NaN,NaN
NaN,NaN,0.0398534774091483,0.0238991664761367,0.0364527450146852,0.0397982247668551,0.0383574782220724,0.0349786773731466,0.0331818221069019,NaN,NaN,NaN,NaN,NaN,NaN,NaN,NaN,NaN
NaN,NaN,0.0416942178514243,0.0257141279095473,0.0361658790352521,0.0356797673302936,0.0369323497919443,0.0380085863580462,0.0366265794194381,NaN,NaN,NaN,NaN,NaN,NaN,NaN,NaN,NaN
NaN,NaN,0.0405026651230097,0.0242610225492778,0.0366103993001161,0.0372276627022075,0.0365757836310271,0.036687840562081,0.0369759557700794,NaN,NaN,NaN,NaN,NaN,NaN,NaN,NaN,NaN
NaN,NaN,0.040270821681285,0.0208327682727637,0.0333194592240034,0.0362698346871184,0.0346901720671061,0.037318699847674,0.0375115035033862,NaN,NaN,NaN,NaN,NaN,NaN,NaN,NaN,NaN
NaN,NaN,0.0412484123614073,0.0209645690435233,0.0333332800510107,0.0355422668653773,0.034857437601507,0.0397891074826475,0.0387851057506244,NaN,NaN,NaN,NaN,NaN,NaN,NaN,NaN,NaN
NaN,NaN,0.0381258554067851,0.0220009820574584,0.0329543248953996,0.0356274642545031,0.035604674956024,0.0359728269686457,0.0376813581145446,NaN,NaN,NaN,NaN,NaN,NaN,NaN,NaN,NaN
NaN,NaN,0.0409612297322989,0.0240671398156943,0.0320594356599031,0.0300545976060676,0.0362534715144041,0.0392547890951391,0.0386149717426936,NaN,NaN,NaN,NaN,NaN,NaN,NaN,NaN,NaN
NaN,NaN,0.0399883329179526,0.0239211456888976,0.0321496808173833,0.0314355999726104,0.032003213307083,0.0352761976828333,0.0383663272417228,NaN,NaN,NaN,NaN,NaN,NaN,NaN,NaN,NaN
NaN,NaN,0.0418561003413439,0.0239864500278296,0.0300843239965616,0.0302293323475169,0.030977473249853,0.0360396214236971,0.0371357893503349,NaN,NaN,NaN,NaN,NaN,NaN,NaN,NaN,NaN
NaN,NaN,0.0421114689913035,0.024695335518724,0.0301115372421918,0.0288238734501647,0.0298162630109194,0.0352782652189489,0.0385367778993289,NaN,NaN,NaN,NaN,NaN,NaN,NaN,NaN,NaN
NaN,NaN,0.0407609953787566,0.0252974355632129,0.0321608008089243,0.0295008518296527,0.0295628128854636,0.0311502896656748,0.0366800932145755,NaN,NaN,NaN,NaN,NaN,NaN,NaN,NaN,NaN
NaN,NaN,0.0421633995380641,0.0250942954832378,0.0299871870520292,0.0263945557671832,0.0316209985224608,0.03321831006906,0.0353737456656139,NaN,NaN,NaN,NaN,NaN,NaN,NaN,NaN,NaN
NaN,NaN,0.0415535695162058,0.025576962720758,0.0318303489329992,0.0276963770884322,0.0259475676624182,0.030572068731999,0.0357019064880054,NaN,NaN,NaN,NaN,NaN,NaN,NaN,NaN,NaN
NaN,NaN,0.0408131308164836,0.0244449401313129,0.0297193759324728,0.0294959716993617,0.0283077812103632,0.0316312060167547,0.0338448679006736,NaN,NaN,NaN,NaN,NaN,NaN,NaN,NaN,NaN
NaN,NaN,0.0400256417002917,0.0249008225315871,0.0300208077969728,0.0289856814342784,0.027163874944866,0.0315816224028822,0.0354338159716766,NaN,NaN,NaN,NaN,NaN,NaN,NaN,NaN,NaN
NaN,NaN,0.0365276313629389,0.0216709213370147,0.0293987215700326,0.0295605123537825,0.0300489073900583,0.0285779208352324,0.03324932436711,NaN,NaN,NaN,NaN,NaN,NaN,NaN,NaN,NaN
NaN,NaN,0.0370714306142569,0.0189437294417682,0.0267910928669153,0.0274882637459086,0.030678202053726,0.0319936581363436,0.0341628586805503,NaN,NaN,NaN,NaN,NaN,NaN,NaN,NaN,NaN
NaN,NaN,0.0351438722815753,0.0168857486957374,0.0270153180899797,0.0277107753354358,0.0269311560599211,0.0301276043464895,0.0352650416947048,NaN,NaN,NaN,NaN,NaN,NaN,NaN,NaN,NaN
NaN,NaN,0.0324750743117571,0.0137115405911269,0.0236946129443822,0.0301690385240363,0.0285437410978678,0.0305559195985552,0.0337758755243461,NaN,NaN,NaN,NaN,NaN,NaN,NaN,NaN,NaN
NaN,NaN,0.0316392123010398,0.0105178119653525,0.021304615700501,0.0259244427579688,0.0273767007796171,0.0308747113158461,0.0351938700235526,NaN,NaN,NaN,NaN,NaN,NaN,NaN,NaN,NaN
NaN,NaN,0.0244350969102622,0.00541258100808288,0.0182590977492509,0.024841277350788,0.0278558476178053,0.0268548809399363,0.0316670818186443,NaN,NaN,NaN,NaN,NaN,NaN,NaN,NaN,NaN
NaN,NaN,0.0240060552265883,0.00297866259158279,0.0151976728084264,0.0202065133053111,0.0264026863781813,0.0295627199520823,0.031277900741164,NaN,NaN,NaN,NaN,NaN,NaN,NaN,NaN,NaN
NaN,NaN,0.020299894293809,4.17182260813824e-05,0.0137100526335416,0.0212844819325255,0.0223649373559359,0.0284121267904993,0.0324648527360599,NaN,NaN,NaN,NaN,NaN,NaN,NaN,NaN,NaN
NaN,NaN,0.0178850307371855,-0.00277091320216035,0.0117563055100618,0.0229511954385089,0.0246441630927923,0.0278746046533342,0.031027021066014,NaN,NaN,NaN,NaN,NaN,NaN,NaN,NaN,NaN
NaN,NaN,0.0176838464346171,-0.00508063044010972,0.00802287545229774,0.0189549275237368,0.0232895171551111,0.0296241127362009,0.0327274484491985,NaN,NaN,NaN,NaN,NaN,NaN,NaN,NaN,NaN
NaN,NaN,0.0126902065482379,-0.00748899336516236,0.00913094442512374,0.0186007269221591,0.0214693403152827,0.0258141279628035,0.0282119495726268,NaN,NaN,NaN,NaN,NaN,NaN,NaN,NaN,NaN
NaN,NaN,0.0160286254492045,-0.00712998713909959,0.00730137985374313,0.0162886254984187,0.0208165390698317,0.0300676271726843,0.0297268016195934,NaN,NaN,NaN,NaN,NaN,NaN,NaN,NaN,NaN
NaN,NaN,0.0173345073368788,-0.00527818258463716,0.00898312490608077,0.0183703922230052,0.0178313708214167,0.027531356405234,0.030029127553765,NaN,NaN,NaN,NaN,NaN,NaN,NaN,NaN,NaN
NaN,NaN,0.0197807564642668,-0.00435803588091706,0.00919690068985801,0.0207275882858085,0.0201531766263846,0.0276662491669413,0.02999174426562,NaN,NaN,NaN,NaN,NaN,NaN,NaN,NaN,NaN
NaN,NaN,0.0224609165694953,-0.00371715556442117,0.00863697093154769,0.0181917645531939,0.0185791855959299,0.0283448294212576,0.0285290462828319,NaN,NaN,NaN,NaN,NaN,NaN,NaN,NaN,NaN
NaN,NaN,0.0238801962938548,6.61375039877988e-05,0.0149450422468362,0.021352449854021,0.0196251912323836,0.025489524792647,0.0264535939253013,NaN,NaN,NaN,NaN,NaN,NaN,NaN,NaN,NaN
NaN,NaN,0.0305144912805796,0.00308919195473815,0.0150772714259801,0.024270916779642,0.021198530337036,0.0306835852970835,0.0272950997508209,NaN,NaN,NaN,NaN,NaN,NaN,NaN,NaN,NaN
NaN,NaN,0.0361055745985747,0.00917670745790626,0.0215678260865388,0.0283725731569575,0.0228810204474333,0.0293305598606821,0.0280040224946182,NaN,NaN,NaN,NaN,NaN,NaN,NaN,NaN,NaN
NaN,NaN,0.0403257324602843,0.0114968368822398,0.0230361865105806,0.0338191897171782,0.0278246855644587,0.0309972361137625,0.0275189338184039,NaN,NaN,NaN,NaN,NaN,NaN,NaN,NaN,NaN
NaN,NaN,0.0453379987981558,0.0137951547318759,0.0257880398276029,0.0328952990967082,0.0304926267175081,0.0327924535085913,0.0273786952651183,NaN,NaN,NaN,NaN,NaN,NaN,NaN,NaN,NaN
NaN,NaN,0.0494882329609633,0.0182116540187659,0.0319545501115499,0.0382081404823111,0.0330229370204809,0.0349549659003969,0.0279768837547939,NaN,NaN,NaN,NaN,NaN,NaN,NaN,NaN,NaN
NaN,NaN,0.0583604774680377,0.0226199949199023,0.0342498691024957,0.0422060102719115,0.0379051162211302,0.0389869593491312,0.0286686329103153,NaN,NaN,NaN,NaN,NaN,NaN,NaN,NaN,NaN
NaN,NaN,0.0640233098771811,0.0284826705271068,0.0393879198672948,0.0451508149999427,0.0414397461621168,0.0402725197782274,0.0294893143630664,NaN,NaN,NaN,NaN,NaN,NaN,NaN,NaN,NaN
NaN,NaN,0.0674900091495753,0.0299806097561183,0.0399700337293325,0.0494142793613719,0.0450331053046587,0.0422731124272104,0.02772944997317,NaN,NaN,NaN,NaN,NaN,NaN,NaN,NaN,NaN
NaN,NaN,0.0725949420836211,0.0331302309447589,0.0432571367564378,0.0478500858444022,0.0474612495211962,0.0442886993696447,0.0290068147636096,NaN,NaN,NaN,NaN,NaN,NaN,NaN,NaN,NaN
NaN,NaN,0.0749515234735251,0.0384368697220149,0.0471590058150468,0.0539511055249022,0.0485020583776835,0.0466024399211165,0.0309483801878135,NaN,NaN,NaN,NaN,NaN,NaN,NaN,NaN,NaN
NaN,NaN,0.0814684718158484,0.0411716425830188,0.0497457170131383,0.0564840794104384,0.0533340579180125,0.0489070348849054,0.0310940017855804,NaN,NaN,NaN,NaN,NaN,NaN,NaN,NaN,NaN
NaN,NaN,0.0848304531779528,0.0443699533158603,0.0497305364551721,0.0580325149494456,0.0550664296655062,0.0513983972778078,0.032739499763314,NaN,NaN,NaN,NaN,NaN,NaN,NaN,NaN,NaN
NaN,NaN,0.0844236328509093,0.0446974808389011,0.0507364207151113,0.0616886079806136,0.05722504912895,0.0529621065070387,0.0320142229951064,NaN,NaN,NaN,NaN,NaN,NaN,NaN,NaN,NaN
NaN,NaN,0.0891269794907809,0.0483616950029197,0.0513901346566854,0.0605921246606158,0.0580700381008986,0.055520244728541,0.0350513031638305,NaN,NaN,NaN,NaN,NaN,NaN,NaN,NaN,NaN
NaN,NaN,0.0909037939515353,0.053275203894979,0.0548177742603002,0.06549995248497,0.0581522552577856,0.0558367640187498,0.0363218320465724,NaN,NaN,NaN,NaN,NaN,NaN,NaN,NaN,NaN
NaN,NaN,0.0972444615569354,0.053964177709228,0.0555746973695932,0.0661772102612304,0.0613922147361639,0.0582348637690302,0.0365973731434982,NaN,NaN,NaN,NaN,NaN,NaN,NaN,NaN,NaN
NaN,NaN,0.101981410315299,0.058336029391891,0.0559830078127561,0.0664088860648917,0.0611314071623686,0.0600526377966162,0.0376261120594184,NaN,NaN,NaN,NaN,NaN,NaN,NaN,NaN,NaN
NaN,NaN,0.102547319164538,0.0608938882166209,0.0595614844205556,0.0703920595842646,0.0622365145294073,0.0593605347385164,0.0371844416416328,NaN,NaN,NaN,NaN,NaN,NaN,NaN,NaN,NaN
NaN,NaN,0.109658563068175,0.0665022196286979,0.0612057530524908,0.073169188995962,0.0642066901831034,0.0620797172596212,0.0397359302199523,NaN,NaN,NaN,NaN,NaN,NaN,NaN,NaN,NaN
NaN,NaN,0.113585186680818,0.0715970756524863,0.0676456996443449,0.0771460854011821,0.0663946090547445,0.0627029397001024,0.0388378931141536,NaN,NaN,NaN,NaN,NaN,NaN,NaN,NaN,NaN
NaN,NaN,0.121818823298478,0.0743792714589896,0.0692229316773592,0.079269035210018,0.0699896073250178,0.0661342859675642,0.0392962900853793,NaN,NaN,NaN,NaN,NaN,NaN,NaN,NaN,NaN
NaN,NaN,0.128514790466094,0.0792021440380874,0.073042918855208,0.0814729169505881,0.0719256593195799,0.0682462647964712,0.0399643463946025,NaN,NaN,NaN,NaN,NaN,NaN,NaN,NaN,NaN
NaN,NaN,0.132136573573613,0.0839848952406707,0.0788930588605581,0.0882578626769828,0.0723094759790305,0.0689044863393065,0.0418998768485229,NaN,NaN,NaN,NaN,NaN,NaN,NaN,NaN,NaN
NaN,NaN,0.142149837246204,0.0914270380550685,0.0835965172591386,0.0937818162637995,0.0792912287918928,0.0731062040140387,0.0425611717558543,NaN,NaN,NaN,NaN,NaN,NaN,NaN,NaN,NaN
NaN,NaN,0.148488902976775,0.0987982140892806,0.091738474482554,0.0981782921153353,0.0809002934305075,0.0751702011039015,0.0424794016338031,NaN,NaN,NaN,NaN,NaN,NaN,NaN,NaN,NaN
NaN,NaN,0.159058184852862,0.103973759900934,0.0975087628903566,0.103622412731056,0.0867915047613982,0.0786658272554632,0.0427791757441203,NaN,NaN,NaN,NaN,NaN,NaN,NaN,NaN,NaN
NaN,NaN,0.166367204418445,0.111856697689897,0.102672648543376,0.107551383276586,0.0886892048923376,0.0811014406790491,0.0456021262264888,NaN,NaN,NaN,NaN,NaN,NaN,NaN,NaN,NaN
NaN,NaN,0.172947203299069,0.119826956283456,0.110087298715371,0.117057877083425,0.0918591847924593,0.0811542466690298,0.0477833023226898,NaN,NaN,NaN,NaN,NaN,NaN,NaN,NaN,NaN
NaN,NaN,0.181903061946893,0.126189100187427,0.11460264858033,0.122149752874975,0.0991280829815272,0.0861055672576185,0.0474961010671298,NaN,NaN,NaN,NaN,NaN,NaN,NaN,NaN,NaN
NaN,NaN,0.188393560728097,0.134236975204355,0.123275943959015,0.126663091083174,0.100259379139364,0.0879039325227495,0.0496054163134734,NaN,NaN,NaN,NaN,NaN,NaN,NaN,NaN,NaN
NaN,NaN,0.196699728747869,0.138467657011157,0.12864509310748,0.134020185520058,0.108225428154886,0.0924379460921046,0.0506822487271468,NaN,NaN,NaN,NaN,NaN,NaN,NaN,NaN,NaN
NaN,NaN,0.203698934545779,0.148472222130901,0.132967268044013,0.138833055694704,0.110077474853218,0.0950531371345278,0.0557198842919509,NaN,NaN,NaN,NaN,NaN,NaN,NaN,NaN,NaN
NaN,NaN,0.210929834773803,0.155405546169883,0.142209545636433,0.149858368982677,0.116587475529135,0.0968894817342516,0.0569476840949695,NaN,NaN,NaN,NaN,NaN,NaN,NaN,NaN,NaN
NaN,NaN,0.219402560522819,0.160918584656126,0.145585925245541,0.154023131777649,0.121904880395353,0.10214622024796,0.057368995801274,NaN,NaN,NaN,NaN,NaN,NaN,NaN,NaN,NaN
NaN,NaN,0.226812069794202,0.168553623002178,0.155216061437386,0.158612950195675,0.125538845202148,0.104888555448269,0.0603673888302486,NaN,NaN,NaN,NaN,NaN,NaN,NaN,NaN,NaN
NaN,NaN,0.233306554636025,0.174058540355569,0.159068961555022,0.165533105333452,0.130155206313551,0.108842075656867,0.0620823262191455,NaN,NaN,NaN,NaN,NaN,NaN,NaN,NaN,NaN
NaN,NaN,0.242168126186395,0.184978893589384,0.16318225946452,0.171837879766827,0.13318012340945,0.11083942730329,0.0653434267199676,NaN,NaN,NaN,NaN,NaN,NaN,NaN,NaN,NaN
NaN,NaN,0.24689298637774,0.190033665489561,0.17325106721546,0.180495975961094,0.138368800869406,0.112927173118806,0.0649465715444724,NaN,NaN,NaN,NaN,NaN,NaN,NaN,NaN,NaN
NaN,NaN,0.25666198276546,0.195225565325624,0.176338382923859,0.183836648662691,0.14342416881603,0.116607387404656,0.0645396208322685,NaN,NaN,NaN,NaN,NaN,NaN,NaN,NaN,NaN
NaN,NaN,0.262373933127189,0.203082183938629,0.1858012163284,0.188064573754673,0.146176376035631,0.120247163664317,0.0682894607937972,NaN,NaN,NaN,NaN,NaN,NaN,NaN,NaN,NaN
NaN,NaN,0.267586135795379,0.210044583868391,0.189013832175988,0.195473580111866,0.149805367579878,0.122786414664006,0.0696129446781318,NaN,NaN,NaN,NaN,NaN,NaN,NaN,NaN,NaN
NaN,NaN,0.27520742782023,0.217779385488636,0.19441378947522,0.202679614027147,0.155648336401403,0.125486300181365,0.0719544945216815,NaN,NaN,NaN,NaN,NaN,NaN,NaN,NaN,NaN
NaN,NaN,0.278840684821868,0.223582661342031,0.203231775129098,0.209720617582207,0.159048092207134,0.12893042419455,0.0724100416458289,NaN,NaN,NaN,NaN,NaN,NaN,NaN,NaN,NaN
NaN,NaN,0.287033585390115,0.227856649648553,0.207598485911149,0.214140059848432,0.166397326281488,0.133113794814562,0.0745540952242057,NaN,NaN,NaN,NaN,NaN,NaN,NaN,NaN,NaN
NaN,NaN,0.291630072077775,0.238938419711,0.216665302330512,0.218070650895243,0.168613445600689,0.137148656736826,0.0776484889841716,NaN,NaN,NaN,NaN,NaN,NaN,NaN,NaN,NaN
NaN,NaN,0.296703954717183,0.244322097491628,0.220773925000685,0.228160581042175,0.173717745235384,0.138146084587788,0.0800728334046047,NaN,NaN,NaN,NaN,NaN,NaN,NaN,NaN,NaN
NaN,NaN,0.302730282327199,0.252405791174776,0.227533929908532,0.234348139216309,0.179687020024479,0.141922131966567,0.0809037966585796,NaN,NaN,NaN,NaN,NaN,NaN,NaN,NaN,NaN
NaN,NaN,0.306830225070977,0.258207819055921,0.237132475638646,0.240525750865345,0.182402011593998,0.145457935373997,0.0836980624056499,NaN,NaN,NaN,NaN,NaN,NaN,NaN,NaN,NaN
NaN,NaN,0.311116264691615,0.262215486359006,0.242719759160536,0.246550998141174,0.189950585952223,0.149738014530158,0.0850668271935622,NaN,NaN,NaN,NaN,NaN,NaN,NaN,NaN,NaN
NaN,NaN,0.316114766081834,0.272643896382457,0.252029650771874,0.253287440587883,0.195530120870292,0.155611735623097,0.0899546502090137,NaN,NaN,NaN,NaN,NaN,NaN,NaN,NaN,NaN
NaN,NaN,0.320513849636579,0.277344653945571,0.257336885595578,0.266097391446237,0.203342743804872,0.15821044225595,0.0924306085265319,NaN,NaN,NaN,NaN,NaN,NaN,NaN,NaN,NaN
NaN,NaN,0.328889885475898,0.285712531399137,0.265414879584569,0.272778047670727,0.211897574952066,0.164205682318425,0.0952329954064529,NaN,NaN,NaN,NaN,NaN,NaN,NaN,NaN,NaN
NaN,NaN,0.333296456864142,0.290226204883462,0.275321432316559,0.280959753741627,0.216699809422911,0.171162959974026,0.101395780400101,NaN,NaN,NaN,NaN,NaN,NaN,NaN,NaN,NaN
NaN,NaN,0.337907919218802,0.296289189350015,0.280962378645199,0.289323402990703,0.225911092600048,0.176163342635846,0.103013487712208,NaN,NaN,NaN,NaN,NaN,NaN,NaN,NaN,NaN
NaN,NaN,0.345499725570941,0.306150163155204,0.289773193115252,0.296831204046612,0.233277034601391,0.184221741597867,0.109548913494412,NaN,NaN,NaN,NaN,NaN,NaN,NaN,NaN,NaN
NaN,NaN,0.350075145741963,0.310902814012176,0.297764555478352,0.310240032573347,0.241279107174099,0.186093960743165,0.112180030152861,NaN,NaN,NaN,NaN,NaN,NaN,NaN,NaN,NaN
NaN,NaN,0.35867032178309,0.319693195264942,0.307675466799992,0.318022294391994,0.252187520852507,0.194626142125344,0.117222974256341,NaN,NaN,NaN,NaN,NaN,NaN,NaN,NaN,NaN
NaN,NaN,0.359522481938863,0.323960217278606,0.318449658268946,0.3274522334832,0.257644195696533,0.202247937064385,0.124198096052472,NaN,NaN,NaN,NaN,NaN,NaN,NaN,NaN,NaN
NaN,NaN,0.364298658004069,0.331529727768308,0.32657324981119,0.337900424798136,0.268487882456005,0.20825366381905,0.126811908737485,NaN,NaN,NaN,NaN,NaN,NaN,NaN,NaN,NaN
NaN,NaN,0.368778673490548,0.33993737269581,0.335625388586777,0.346143300135736,0.277377766212643,0.217191100906348,0.133827710703675,NaN,NaN,NaN,NaN,NaN,NaN,NaN,NaN,NaN
NaN,NaN,0.369880781998897,0.344983334284431,0.346880012119072,0.358865110625629,0.287135325959146,0.220915757905459,0.137781882838074,NaN,NaN,NaN,NaN,NaN,NaN,NaN,NaN,NaN
NaN,NaN,0.373537415197158,0.350813525360233,0.355175283664721,0.365240255792742,0.297683578571499,0.23153862808249,0.146399168477122,NaN,NaN,NaN,NaN,NaN,NaN,NaN,NaN,NaN
NaN,NaN,0.372221866181159,0.358588746380216,0.365496777856606,0.374650041063433,0.302246481767118,0.239445258717751,0.153024280623261,NaN,NaN,NaN,NaN,NaN,NaN,NaN,NaN,NaN
NaN,NaN,0.374842682411933,0.365995182287103,0.374245994651574,0.385417210360174,0.31318402721566,0.244934213202214,0.157074975029294,NaN,NaN,NaN,NaN,NaN,NaN,NaN,NaN,NaN
NaN,NaN,0.378651028057599,0.374592332732088,0.383956485355156,0.392392127265339,0.3216171158759,0.254233264218783,0.162394838587109,NaN,NaN,NaN,NaN,NaN,NaN,NaN,NaN,NaN
NaN,NaN,0.376438485017085,0.381021438729173,0.39498341914441,0.40455972631753,0.329931367775619,0.258853965293383,0.168705424473349,NaN,NaN,NaN,NaN,NaN,NaN,NaN,NaN,NaN
NaN,NaN,0.377912694146895,0.386119051467783,0.40188101764943,0.411675235678558,0.33947932406348,0.27042551789782,0.175965903506343,NaN,NaN,NaN,NaN,NaN,NaN,NaN,NaN,NaN
NaN,NaN,0.376332295617127,0.395183986615545,0.411438343042391,0.421436427583103,0.344360180786074,0.276191205572104,0.182981891737048,NaN,NaN,NaN,NaN,NaN,NaN,NaN,NaN,NaN
NaN,NaN,0.37790688269403,0.399776356857425,0.419548914695042,0.432365665634279,0.356114682397068,0.282613568793749,0.186590915725295,NaN,NaN,NaN,NaN,NaN,NaN,NaN,NaN,NaN
NaN,NaN,0.381728751143479,0.406831795912391,0.427481044942397,0.439586973239784,0.366046380838573,0.292883672605967,0.194327412352626,NaN,NaN,NaN,NaN,NaN,NaN,NaN,NaN,NaN
NaN,NaN,0.379624297400975,0.409614941667921,0.436173953974503,0.450688822616939,0.372079842379511,0.298486285697436,0.201864475563828,NaN,NaN,NaN,NaN,NaN,NaN,NaN,NaN,NaN
NaN,NaN,0.381886535814071,0.413367072682983,0.440972295516985,0.459000746210222,0.382665180256784,0.30955904055736,0.208973465666835,NaN,NaN,NaN,NaN,NaN,NaN,NaN,NaN,NaN
NaN,NaN,0.381718692859674,0.417559588890678,0.449405700826901,0.467183066954021,0.387971036723078,0.316555806290125,0.217118179605071,NaN,NaN,NaN,NaN,NaN,NaN,NaN,NaN,NaN
NaN,NaN,0.384005611320996,0.418986524086601,0.458578874284285,0.478677841325407,0.401736450037182,0.323695734929061,0.220219632790152,NaN,NaN,NaN,NaN,NaN,NaN,NaN,NaN,NaN
NaN,NaN,0.386674372037911,0.423198411803848,0.466235444808262,0.485515462656622,0.410481531759918,0.334559668641305,0.231137322441403,NaN,NaN,NaN,NaN,NaN,NaN,NaN,NaN,NaN
NaN,NaN,0.383408838441634,0.423087826561338,0.474894341939944,0.497504489918356,0.417891804715813,0.340290021937108,0.237397840426032,NaN,NaN,NaN,NaN,NaN,NaN,NaN,NaN,NaN
NaN,NaN,0.382900503953958,0.423988955658084,0.480768808090943,0.507081484844093,0.429555129846752,0.351434861164307,0.24339486862785,NaN,NaN,NaN,NaN,NaN,NaN,NaN,NaN,NaN
NaN,NaN,0.380538967927957,0.424760966193086,0.490408276134985,0.515128149141674,0.436355386516273,0.3590292193403,0.250198440805737,NaN,NaN,NaN,NaN,NaN,NaN,NaN,NaN,NaN
NaN,NaN,0.377483354439998,0.424288506250984,0.499680486434954,0.525368078102474,0.450099770566643,0.367110938619589,0.257469499663178,NaN,NaN,NaN,NaN,NaN,NaN,NaN,NaN,NaN
NaN,NaN,0.374798612227702,0.425509190749532,0.505355109387892,0.530597025950556,0.457185533484638,0.379135523777222,0.268233670101229,NaN,NaN,NaN,NaN,NaN,NaN,NaN,NaN,NaN
NaN,NaN,0.365701043536925,0.425157635104066,0.512682010346907,0.542372947980766,0.464749083509863,0.385820724855876,0.276273982778851,NaN,NaN,NaN,NaN,NaN,NaN,NaN,NaN,NaN
NaN,NaN,0.361970649590755,0.426776012968427,0.517561954373377,0.551146267403965,0.475844544014156,0.397817835997557,0.283231279060904,NaN,NaN,NaN,NaN,NaN,NaN,NaN,NaN,NaN
NaN,NaN,0.355679919501805,0.428103836815959,0.52610566552903,0.557413714428549,0.484920021733463,0.405992184620118,0.292319031611745,NaN,NaN,NaN,NaN,NaN,NaN,NaN,NaN,NaN
NaN,NaN,0.348137659510636,0.428267954480058,0.531152446681517,0.565786546518211,0.496367391785801,0.413707223575329,0.299973851249282,NaN,NaN,NaN,NaN,NaN,NaN,NaN,NaN,NaN
NaN,NaN,0.342200794747138,0.428909542601711,0.530658976102131,0.569435710509424,0.503733650436819,0.424218204658246,0.310180084959332,NaN,NaN,NaN,NaN,NaN,NaN,NaN,NaN,NaN
NaN,NaN,0.330238962104583,0.428593414466983,0.534266919756192,0.576653125186567,0.510748204430759,0.430814203660702,0.318589331761662,NaN,NaN,NaN,NaN,NaN,NaN,NaN,NaN,NaN
NaN,NaN,0.324966167589688,0.427567469518787,0.535197087490815,0.583030077119474,0.520663455715597,0.440426830988145,0.324399834678237,NaN,NaN,NaN,NaN,NaN,NaN,NaN,NaN,NaN
NaN,NaN,0.317229484697843,0.425489092808372,0.537816525364178,0.586611552585964,0.529639747580707,0.449133486341452,0.334270158962075,NaN,NaN,NaN,NaN,NaN,NaN,NaN,NaN,NaN
NaN,NaN,0.309625869175458,0.421367208104736,0.536808629447478,0.593563298185472,0.539650776079118,0.456735052954173,0.340572679594819,NaN,NaN,NaN,NaN,NaN,NaN,NaN,NaN,NaN
NaN,NaN,0.305439145794177,0.416645197760469,0.532699298972148,0.595344601621036,0.546625041058481,0.467074223648524,0.350672183737818,NaN,NaN,NaN,NaN,NaN,NaN,NaN,NaN,NaN
NaN,NaN,0.297101443192029,0.413386071663505,0.534067262822646,0.602959821422701,0.550567832431019,0.475165591429686,0.357851339683596,NaN,NaN,NaN,NaN,NaN,NaN,NaN,NaN,NaN
NaN,NaN,0.293988013198638,0.405578347485668,0.532393769288319,0.608379224737291,0.562318962654293,0.484631311934208,0.364867830828492,NaN,NaN,NaN,NaN,NaN,NaN,NaN,NaN,NaN
NaN,NaN,0.288350494137073,0.398430223208076,0.532912832612055,0.609933713873033,0.569207769474209,0.494204078655457,0.374620380059544,NaN,NaN,NaN,NaN,NaN,NaN,NaN,NaN,NaN
NaN,NaN,0.284082149645352,0.39005459715069,0.5313638010266,0.615102125753765,0.576463200738847,0.500028979819035,0.379534615383212,NaN,NaN,NaN,NaN,NaN,NaN,NaN,NaN,NaN
NaN,NaN,0.279794079741502,0.381611059051162,0.528288965040701,0.615537127901916,0.581129890522182,0.509352599125123,0.387416305199925,NaN,NaN,NaN,NaN,NaN,NaN,NaN,NaN,NaN
NaN,NaN,0.272200056841636,0.374790033888227,0.531132535004872,0.622161830266123,0.585064150979936,0.516170942079043,0.393720427707497,NaN,NaN,NaN,NaN,NaN,NaN,NaN,NaN,NaN
NaN,NaN,0.266915322771335,0.363538092564947,0.529673059398192,0.624763274987345,0.594575208267391,0.525554315041518,0.401622308597628,NaN,NaN,NaN,NaN,NaN,NaN,NaN,NaN,NaN
NaN,NaN,0.258751255949998,0.355651802014715,0.527281404400128,0.623443777163629,0.599729147395313,0.533692379336571,0.410607783303324,NaN,NaN,NaN,NaN,NaN,NaN,NaN,NaN,NaN
NaN,NaN,0.248811473628545,0.346601749401695,0.526466236377019,0.626548825253849,0.606275488278091,0.540371768962359,0.418159133002822,NaN,NaN,NaN,NaN,NaN,NaN,NaN,NaN,NaN
NaN,NaN,0.240960778227115,0.339175699841386,0.521637217068928,0.624472422947292,0.611447755834282,0.550461363833165,0.426622638658349,NaN,NaN,NaN,NaN,NaN,NaN,NaN,NaN,NaN
NaN,NaN,0.230161888083482,0.332782039981491,0.522488818431157,0.627613997508888,0.616466746321142,0.558885511796689,0.435835579589669,NaN,NaN,NaN,NaN,NaN,NaN,NaN,NaN,NaN
NaN,NaN,0.219333847543264,0.32339035962165,0.516799163931864,0.626413820733433,0.623480890533149,0.566603568237042,0.444591855809752,NaN,NaN,NaN,NaN,NaN,NaN,NaN,NaN,NaN
NaN,NaN,0.208104481479192,0.317363417338735,0.51044234719302,0.622842496683006,0.627192993303955,0.574741390388226,0.453525250957076,NaN,NaN,NaN,NaN,NaN,NaN,NaN,NaN,NaN
NaN,NaN,0.193810430845285,0.311511507820493,0.505760514104622,0.621582435866003,0.630309664299906,0.580326792638516,0.461694849834506,NaN,NaN,NaN,NaN,NaN,NaN,NaN,NaN,NaN
NaN,NaN,0.182249867847228,0.303661222200996,0.49596752684738,0.619922558267717,0.634892199775398,0.590383400063729,0.470808027491633,NaN,NaN,NaN,NaN,NaN,NaN,NaN,NaN,NaN
NaN,NaN,0.168382195314431,0.297713107060796,0.491338909530896,0.619907005180721,0.638078217050255,0.598071263026213,0.481456546292369,NaN,NaN,NaN,NaN,NaN,NaN,NaN,NaN,NaN
NaN,NaN,0.153193087806964,0.286832241904146,0.479123272860306,0.620891431768541,0.645345140835464,0.603735101263737,0.489386590377156,NaN,NaN,NaN,NaN,NaN,NaN,NaN,NaN,NaN
NaN,NaN,0.139758331259751,0.27811787519992,0.468965970838326,0.616700945844059,0.648737278422535,0.613039851974463,0.499065490619008,NaN,NaN,NaN,NaN,NaN,NaN,NaN,NaN,NaN
NaN,NaN,0.124011082133317,0.270321271013624,0.459914074206608,0.61539301504672,0.651367929419697,0.618087992857909,0.508843036547963,NaN,NaN,NaN,NaN,NaN,NaN,NaN,NaN,NaN
NaN,NaN,0.111375921895766,0.258031407933837,0.448796951139229,0.612681413491373,0.65513930155915,0.628267255466198,0.518223149881427,NaN,NaN,NaN,NaN,NaN,NaN,NaN,NaN,NaN
NaN,NaN,0.0977043858971835,0.249330564033395,0.43925899725582,0.611208098431234,0.656879999330461,0.633643054257845,0.528774419978921,NaN,NaN,NaN,NaN,NaN,NaN,NaN,NaN,NaN
NaN,NaN,0.0815433874037505,0.232959515046484,0.427563224846381,0.609320139934425,0.661525436332643,0.639004529308295,0.535300569788281,NaN,NaN,NaN,NaN,NaN,NaN,NaN,NaN,NaN
NaN,NaN,0.0696697137561083,0.224647125791914,0.419053953999537,0.601927804251318,0.659963273098886,0.64549754266045,0.544210290715758,NaN,NaN,NaN,NaN,NaN,NaN,NaN,NaN,NaN
NaN,NaN,0.0555848940518141,0.213220673244602,0.411746610814589,0.598807389338617,0.65938954114002,0.649770506512141,0.552465571270053,NaN,NaN,NaN,NaN,NaN,NaN,NaN,NaN,NaN
NaN,NaN,0.0420538014974833,0.198436989080316,0.403534897530335,0.592742169697885,0.659167010924042,0.656509854685282,0.558992633775536,NaN,NaN,NaN,NaN,NaN,NaN,NaN,NaN,NaN
NaN,NaN,0.0285942717697859,0.18648450691641,0.394528803342837,0.58634701972187,0.657954335799635,0.660336864035344,0.568318972543542,NaN,NaN,NaN,NaN,NaN,NaN,NaN,NaN,NaN
NaN,NaN,0.0121263838615656,0.169808189015991,0.385806408638018,0.579738261600141,0.656404391518057,0.665124011080479,0.572076654241149,NaN,NaN,NaN,NaN,NaN,NaN,NaN,NaN,NaN
NaN,NaN,0.00105100267198088,0.160658950548774,0.377931666487711,0.567875726570492,0.651799020013035,0.670088351558661,0.581687791452472,NaN,NaN,NaN,NaN,NaN,NaN,NaN,NaN,NaN
NaN,NaN,-0.0145138189885378,0.146809643697149,0.371925287807244,0.561209505845909,0.646543473592222,0.674779740016675,0.588609790608947,NaN,NaN,NaN,NaN,NaN,NaN,NaN,NaN,NaN
NaN,NaN,-0.0257362373862028,0.133877950351841,0.360597704464453,0.550808793355827,0.643401135346115,0.678706549893832,0.594196086928908,NaN,NaN,NaN,NaN,NaN,NaN,NaN,NaN,NaN
NaN,NaN,-0.0388688915166616,0.123083325665599,0.35031629439618,0.539704354901914,0.639391866168201,0.682014682184672,0.602880260155265,NaN,NaN,NaN,NaN,NaN,NaN,NaN,NaN,NaN
NaN,NaN,-0.0543872215542555,0.110231521170742,0.342488807553309,0.529590862293844,0.6339068046121,0.684231006394839,0.606411723599498,NaN,NaN,NaN,NaN,NaN,NaN,NaN,NaN,NaN
NaN,NaN,-0.0646757841799021,0.102415545474893,0.331947521233815,0.517404096623068,0.629791420540035,0.688203823607182,0.615779580727879,NaN,NaN,NaN,NaN,NaN,NaN,NaN,NaN,NaN
NaN,NaN,-0.0793273695502043,0.0907944465094867,0.32235882889654,0.508360898544197,0.622933347365082,0.690532167296624,0.622456325397555,NaN,NaN,NaN,NaN,NaN,NaN,NaN,NaN,NaN
NaN,NaN,-0.0910116494390726,0.0788199292534652,0.307402011865634,0.499491764654522,0.621888645580232,0.691121582727646,0.628784252510134,NaN,NaN,NaN,NaN,NaN,NaN,NaN,NaN,NaN
NaN,NaN,-0.104682142356372,0.0677208738440337,0.295209099465865,0.489239691247349,0.61606156512183,0.695496116619324,0.635208999917571,NaN,NaN,NaN,NaN,NaN,NaN,NaN,NaN,NaN
NaN,NaN,-0.119524611601567,0.0561716916078391,0.285399720931309,0.48130139564455,0.61188383831662,0.694219403754687,0.640121055946414,NaN,NaN,NaN,NaN,NaN,NaN,NaN,NaN,NaN
NaN,NaN,-0.127952298590875,0.0464501554185214,0.272469648087281,0.470593421210651,0.60891183896941,0.700710964243626,0.648959959105317,NaN,NaN,NaN,NaN,NaN,NaN,NaN,NaN,NaN
NaN,NaN,-0.140246632019019,0.0346724638754191,0.262126286441344,0.463114770551329,0.60308304487747,0.701015674363589,0.655568847612206,NaN,NaN,NaN,NaN,NaN,NaN,NaN,NaN,NaN
NaN,NaN,-0.150012033501601,0.0219630772286716,0.247158181780833,0.457335131664877,0.602375370105923,0.702319507341599,0.662510609433715,NaN,NaN,NaN,NaN,NaN,NaN,NaN,NaN,NaN
NaN,NaN,-0.160387134620881,0.0109134750479522,0.237749514097231,0.447348559697275,0.596633971324385,0.706786651950097,0.669103572324578,NaN,NaN,NaN,NaN,NaN,NaN,NaN,NaN,NaN
NaN,NaN,-0.172310615399814,-0.000525736618631811,0.229890082890051,0.440914610822801,0.590461537828863,0.705758136551594,0.674499953345124,NaN,NaN,NaN,NaN,NaN,NaN,NaN,NaN,NaN
NaN,NaN,-0.176665666023231,-0.0112072614914117,0.218500194067019,0.430720745076542,0.586345036169708,0.709956575970864,0.679924758330647,NaN,NaN,NaN,NaN,NaN,NaN,NaN,NaN,NaN
NaN,NaN,-0.187334599414802,-0.0222322767561612,0.209310554826516,0.421483124096994,0.578793481579244,0.70848257173202,0.685002720162932,NaN,NaN,NaN,NaN,NaN,NaN,NaN,NaN,NaN
NaN,NaN,-0.196089162001348,-0.0377253865784344,0.196287740880507,0.411520747889881,0.573156074276388,0.709204477112507,0.689043263152901,NaN,NaN,NaN,NaN,NaN,NaN,NaN,NaN,NaN
NaN,NaN,-0.205197794804311,-0.0467078810518918,0.187316422277945,0.398536174048786,0.561736271372259,0.709403985034441,0.695698140368525,NaN,NaN,NaN,NaN,NaN,NaN,NaN,NaN,NaN
NaN,NaN,-0.215378640660977,-0.0585648281460938,0.180659775549429,0.389292816122179,0.551324755540312,0.706966974626994,0.70117675717241,NaN,NaN,NaN,NaN,NaN,NaN,NaN,NaN,NaN
NaN,NaN,-0.218682637879586,-0.0693542933052716,0.16901829924609,0.373893676747684,0.545042630871952,0.705967143963789,0.704965228394334,NaN,NaN,NaN,NaN,NaN,NaN,NaN,NaN,NaN
NaN,NaN,-0.227256505260205,-0.0792228667026696,0.159860473984736,0.361153947611456,0.533280436536491,0.703233376931166,0.710732741460864,NaN,NaN,NaN,NaN,NaN,NaN,NaN,NaN,NaN
NaN,NaN,-0.23478386409018,-0.0922750359362302,0.148776487374562,0.346574316223268,0.524216246446789,0.698526249121642,0.714291529909436,NaN,NaN,NaN,NaN,NaN,NaN,NaN,NaN,NaN
NaN,NaN,-0.241183856943583,-0.0989465465730366,0.140372660869616,0.330671610732679,0.510404788544596,0.695225604664301,0.720110861764018,NaN,NaN,NaN,NaN,NaN,NaN,NaN,NaN,NaN
NaN,NaN,-0.247963233360982,-0.109754265654677,0.131945439541596,0.317722948690061,0.499310222109974,0.686644007306313,0.723170237795178,NaN,NaN,NaN,NaN,NaN,NaN,NaN,NaN,NaN
NaN,NaN,-0.250788661161399,-0.118627031702393,0.118070372307557,0.301296150733833,0.491168711921394,0.682058901380515,0.725201880738799,NaN,NaN,NaN,NaN,NaN,NaN,NaN,NaN,NaN
NaN,NaN,-0.257927118310666,-0.127914329428071,0.107600332165021,0.285528375257854,0.478580341329992,0.676146288256859,0.730233779356543,NaN,NaN,NaN,NaN,NaN,NaN,NaN,NaN,NaN
NaN,NaN,-0.26583015404079,-0.138437063801878,0.095772460961598,0.272302682002191,0.469389416864336,0.668545243184781,0.731028551415269,NaN,NaN,NaN,NaN,NaN,NaN,NaN,NaN,NaN
NaN,NaN,-0.269749308446383,-0.144808669943207,0.0844393641891656,0.258176939983969,0.459391221991003,0.664986715506529,0.735974731103246,NaN,NaN,NaN,NaN,NaN,NaN,NaN,NaN,NaN
NaN,NaN,-0.275308298388457,-0.153527171719664,0.0735802733543096,0.245272664775257,0.451148979952753,0.655597717355704,0.73831859062678,NaN,NaN,NaN,NaN,NaN,NaN,NaN,NaN,NaN
NaN,NaN,-0.276147867063022,-0.16151223834216,0.0575505354645429,0.230145639230614,0.444849458178699,0.652862460206961,0.73916795681483,NaN,NaN,NaN,NaN,NaN,NaN,NaN,NaN,NaN
NaN,NaN,-0.283206100085711,-0.170403910238141,0.0445302547159372,0.215062646617298,0.434759956440151,0.647677917819237,0.745389471010033,NaN,NaN,NaN,NaN,NaN,NaN,NaN,NaN,NaN
NaN,NaN,-0.289709674635863,-0.178821836966866,0.0306772412004648,0.206548607398872,0.426061925133884,0.640965503494954,0.745380660698478,NaN,NaN,NaN,NaN,NaN,NaN,NaN,NaN,NaN
NaN,NaN,-0.290531157026029,-0.184719437170619,0.0154263497533975,0.193950737317209,0.417912051668585,0.63818243224523,0.748112658218209,NaN,NaN,NaN,NaN,NaN,NaN,NaN,NaN,NaN
NaN,NaN,-0.295082195172048,-0.190758728790873,0.00367060017015319,0.181756595571642,0.407817669799745,0.630153071921086,0.7488464659012,NaN,NaN,NaN,NaN,NaN,NaN,NaN,NaN,NaN
NaN,NaN,-0.295315472850537,-0.199547098386878,-0.0139857484755339,0.16819715355814,0.401009608647049,0.626666963886237,0.749493027285401,NaN,NaN,NaN,NaN,NaN,NaN,NaN,NaN,NaN
NaN,NaN,-0.300788483092523,-0.206965529728526,-0.0283976300415816,0.154201591809397,0.387624621978224,0.621334415714955,0.754504213289086,NaN,NaN,NaN,NaN,NaN,NaN,NaN,NaN,NaN
NaN,NaN,-0.303879170188642,-0.21505255754649,-0.0432681320962729,0.146747937847977,0.377334569236458,0.613031730841612,0.752592152164046,NaN,NaN,NaN,NaN,NaN,NaN,NaN,NaN,NaN
NaN,NaN,-0.304335630008912,-0.221758154589528,-0.059965292995912,0.132721921851044,0.366196007123411,0.607909475307679,0.755603546456162,NaN,NaN,NaN,NaN,NaN,NaN,NaN,NaN,NaN
NaN,NaN,-0.306733599374032,-0.229543396640414,-0.0716701923665823,0.118451284666662,0.35193598701638,0.599836156558013,0.7537785826183,NaN,NaN,NaN,NaN,NaN,NaN,NaN,NaN,NaN
NaN,NaN,-0.304593420097566,-0.239756708402031,-0.0886610737798037,0.103445554574137,0.341382500371158,0.593393844406819,0.754709551290337,NaN,NaN,NaN,NaN,NaN,NaN,NaN,NaN,NaN
NaN,NaN,-0.30476672060225,-0.244874847490185,-0.10232316616748,0.0884301201003837,0.322784752240598,0.583924510370707,0.755526321188275,NaN,NaN,NaN,NaN,NaN,NaN,NaN,NaN,NaN
NaN,NaN,-0.304360514948106,-0.254199547130459,-0.1150546810386,0.0787619859474944,0.307489753356397,0.571097944717621,0.75147996674544,NaN,NaN,NaN,NaN,NaN,NaN,NaN,NaN,NaN
NaN,NaN,-0.300696244904733,-0.260044713873261,-0.130261409169179,0.0606143460172461,0.292124681761682,0.562984504591441,0.750259468511407,NaN,NaN,NaN,NaN,NaN,NaN,NaN,NaN,NaN
NaN,NaN,-0.300600877473092,-0.267973696250313,-0.140463973468286,0.0435232170420932,0.273838144382656,0.551126253645634,0.74787202309138,NaN,NaN,NaN,NaN,NaN,NaN,NaN,NaN,NaN
NaN,NaN,-0.296200657704806,-0.276056719381207,-0.154648537820322,0.0273911268013763,0.260871302923382,0.539765962254023,0.74668888951904,NaN,NaN,NaN,NaN,NaN,NaN,NaN,NaN,NaN
NaN,NaN,-0.29473224140141,-0.281235040534132,-0.165463502591592,0.0113569930690574,0.242147006681383,0.529704474698519,0.74492811243302,NaN,NaN,NaN,NaN,NaN,NaN,NaN,NaN,NaN
NaN,NaN,-0.293718962440228,-0.288504795539969,-0.175832773631555,-0.000708216379280174,0.226896711280763,0.514702767919516,0.739080039963786,NaN,NaN,NaN,NaN,NaN,NaN,NaN,NaN,NaN
NaN,NaN,-0.289354673096871,-0.294825570095175,-0.190731941795093,-0.0217199339967919,0.212024327954471,0.505569343309617,0.738105038360421,NaN,NaN,NaN,NaN,NaN,NaN,NaN,NaN,NaN
NaN,NaN,-0.289813777873254,-0.30103348698079,-0.199421255922061,-0.0412714868289185,0.193963990202368,0.494298253994202,0.73620607163078,NaN,NaN,NaN,NaN,NaN,NaN,NaN,NaN,NaN
NaN,NaN,-0.285352202573752,-0.305970148552054,-0.212762079274398,-0.0573666780692292,0.181228731414497,0.481325582455611,0.732242604897086,NaN,NaN,NaN,NaN,NaN,NaN,NaN,NaN,NaN
NaN,NaN,-0.283004990288949,-0.309106712598198,-0.220318644380313,-0.0747410781186772,0.163876534095228,0.472520355921006,0.726771811202828,NaN,NaN,NaN,NaN,NaN,NaN,NaN,NaN,NaN
NaN,NaN,-0.282019911775327,-0.312932436723107,-0.228820483273012,-0.0883448697131825,0.150261957785309,0.458823171298718,0.720925415114228,NaN,NaN,NaN,NaN,NaN,NaN,NaN,NaN,NaN
NaN,NaN,-0.279324179956651,-0.31706277783572,-0.239821153765661,-0.108359178106184,0.136950098565042,0.450987470190739,0.716903964237038,NaN,NaN,NaN,NaN,NaN,NaN,NaN,NaN,NaN
NaN,NaN,-0.279686464438176,-0.319350478608006,-0.24671212125395,-0.126331263731117,0.121616952708185,0.438352421711897,0.71215222607619,NaN,NaN,NaN,NaN,NaN,NaN,NaN,NaN,NaN
NaN,NaN,-0.277337668904996,-0.323920366722935,-0.2582058339176,-0.140053445051308,0.108589426269949,0.42586770732305,0.703276014134948,NaN,NaN,NaN,NaN,NaN,NaN,NaN,NaN,NaN
NaN,NaN,-0.275882980296349,-0.327263330478066,-0.265965688115102,-0.157113020817633,0.0917550815550688,0.416408357064938,0.696670068607394,NaN,NaN,NaN,NaN,NaN,NaN,NaN,NaN,NaN
NaN,NaN,-0.27668592936728,-0.329007734913224,-0.274215939527494,-0.170819406906958,0.0781663215069178,0.400824257027125,0.689098304317061,NaN,NaN,NaN,NaN,NaN,NaN,NaN,NaN,NaN
NaN,NaN,-0.275361849436498,-0.334085603613251,-0.284742510950309,-0.189049506137962,0.0625641351847056,0.391152416210389,0.68418539147145,NaN,NaN,NaN,NaN,NaN,NaN,NaN,NaN,NaN
NaN,NaN,-0.275831515410876,-0.332649746347063,-0.291915017252904,-0.203277432869072,0.0463574646322134,0.374615982960677,0.676344121054475,NaN,NaN,NaN,NaN,NaN,NaN,NaN,NaN,NaN
NaN,NaN,-0.274898367444014,-0.336019196916216,-0.301717317735893,-0.214988516221638,0.0303854501156214,0.360429723601555,0.666878959343497,NaN,NaN,NaN,NaN,NaN,NaN,NaN,NaN,NaN
NaN,NaN,-0.272990478644109,-0.335950558442467,-0.310600998884183,-0.230565258811112,0.0122410511879328,0.347211331914878,0.660325819805924,NaN,NaN,NaN,NaN,NaN,NaN,NaN,NaN,NaN
NaN,NaN,-0.274536250600552,-0.338231684077376,-0.318590591734392,-0.242008549670572,-0.0052838319631216,0.327834364812588,0.652381302968327,NaN,NaN,NaN,NaN,NaN,NaN,NaN,NaN,NaN
NaN,NaN,-0.272784134814477,-0.341132101971501,-0.32822251606558,-0.257315730254049,-0.0208633312674162,0.313634489517426,0.645509185448949,NaN,NaN,NaN,NaN,NaN,NaN,NaN,NaN,NaN
NaN,NaN,-0.272797322342133,-0.339377769637698,-0.336251913642627,-0.270183478991385,-0.039838060149729,0.294399865757441,0.636222595528428,NaN,NaN,NaN,NaN,NaN,NaN,NaN,NaN,NaN
NaN,NaN,-0.272170244226193,-0.344611429978007,-0.344320594405872,-0.281733052383061,-0.0578791754038927,0.277132120769238,0.625869082466428,NaN,NaN,NaN,NaN,NaN,NaN,NaN,NaN,NaN
NaN,NaN,-0.270837372610307,-0.345301335114831,-0.354695956295473,-0.297975970010157,-0.0766664476783869,0.260013070743298,0.618348783061568,NaN,NaN,NaN,NaN,NaN,NaN,NaN,NaN,NaN
NaN,NaN,-0.272417473116851,-0.346921556997889,-0.362298044448835,-0.309187231163378,-0.0954727748127577,0.242112529318547,0.610871827409331,NaN,NaN,NaN,NaN,NaN,NaN,NaN,NaN,NaN
NaN,NaN,-0.270394603231883,-0.350305480319851,-0.373560304826242,-0.323914980093832,-0.110833413312018,0.224076424579835,0.600713985220258,NaN,NaN,NaN,NaN,NaN,NaN,NaN,NaN,NaN
NaN,NaN,-0.269303987244105,-0.349064623374337,-0.380424152201158,-0.338234344075317,-0.13097616971451,0.206499089341378,0.591175789192979,NaN,NaN,NaN,NaN,NaN,NaN,NaN,NaN,NaN
NaN,NaN,-0.268995738098359,-0.354661238748425,-0.386716204768163,-0.348610208879108,-0.145740668633759,0.189872597198701,0.579300085262124,NaN,NaN,NaN,NaN,NaN,NaN,NaN,NaN,NaN
NaN,NaN,-0.267440317640042,-0.354742170680159,-0.395538120603305,-0.363546294669504,-0.162075209775746,0.174420279305195,0.570471389398639,NaN,NaN,NaN,NaN,NaN,NaN,NaN,NaN,NaN
NaN,NaN,-0.268747000465131,-0.355935139018887,-0.401034749185783,-0.374638774941559,-0.179203386762917,0.157698848139262,0.558448182598416,NaN,NaN,NaN,NaN,NaN,NaN,NaN,NaN,NaN
NaN,NaN,-0.267553361574149,-0.357747269231671,-0.409252963101608,-0.387834759007092,-0.193650695839703,0.139273096661782,0.545733934447829,NaN,NaN,NaN,NaN,NaN,NaN,NaN,NaN,NaN
NaN,NaN,-0.267149409720635,-0.358369765240544,-0.414220861232025,-0.402016324500437,-0.212307601580202,0.125257977138972,0.532052917585437,NaN,NaN,NaN,NaN,NaN,NaN,NaN,NaN,NaN
NaN,NaN,-0.270083206215835,-0.363070988464945,-0.419716279095155,-0.412632936189766,-0.226514797070801,0.108555358689046,0.518231028870408,NaN,NaN,NaN,NaN,NaN,NaN,NaN,NaN,NaN
NaN,NaN,-0.2705040336344,-0.362228216040724,-0.4277256718633,-0.42742958436429,-0.241437769839346,0.0940819353272673,0.507305255339209,NaN,NaN,NaN,NaN,NaN,NaN,NaN,NaN,NaN
NaN,NaN,-0.273513434896207,-0.362620451856249,-0.430657344943029,-0.437336938033695,-0.256425618538439,0.0759765215625521,0.492682224319045,NaN,NaN,NaN,NaN,NaN,NaN,NaN,NaN,NaN
NaN,NaN,-0.274509354004598,-0.364920483339423,-0.436050894742948,-0.448502154598827,-0.270409259358227,0.0595865481009241,0.479187974885766,NaN,NaN,NaN,NaN,NaN,NaN,NaN,NaN,NaN
NaN,NaN,-0.275569534370637,-0.366064948398465,-0.440382829940063,-0.462216568688746,-0.286066207447827,0.0447565399517771,0.464426363066498,NaN,NaN,NaN,NaN,NaN,NaN,NaN,NaN,NaN
NaN,NaN,-0.280290538886523,-0.369872828382844,-0.443081970399362,-0.472286121497746,-0.300160861918509,0.0247515634109732,0.451542558327977,NaN,NaN,NaN,NaN,NaN,NaN,NaN,NaN,NaN
NaN,NaN,-0.281198559770322,-0.368525502640599,-0.450380633657915,-0.487121363679762,-0.313822451391995,0.00877424035570584,0.43877937848932,NaN,NaN,NaN,NaN,NaN,NaN,NaN,NaN,NaN
NaN,NaN,-0.28543805188868,-0.368833472389573,-0.449753276145202,-0.493993294934626,-0.330063320109427,-0.0112707085500006,0.424404526308839,NaN,NaN,NaN,NaN,NaN,NaN,NaN,NaN,NaN
NaN,NaN,-0.287243625590539,-0.37243726234495,-0.454157612359268,-0.504675453106756,-0.342839668849289,-0.0291322275588755,0.409389315352504,NaN,NaN,NaN,NaN,NaN,NaN,NaN,NaN,NaN
NaN,NaN,-0.288978660920596,-0.373271019566649,-0.456748887037975,-0.516882801006432,-0.357166185388147,-0.0463010474632028,0.396103719428841,NaN,NaN,NaN,NaN,NaN,NaN,NaN,NaN,NaN
NaN,NaN,-0.294808200070596,-0.374890589523905,-0.459093566125375,-0.524037314156885,-0.371361757973015,-0.0672413140127901,0.383515125320021,NaN,NaN,NaN,NaN,NaN,NaN,NaN,NaN,NaN
NaN,NaN,-0.294982469150758,-0.375194778103226,-0.465153868382913,-0.536880103449221,-0.383201158949911,-0.0838170863280539,0.370484078482453,NaN,NaN,NaN,NaN,NaN,NaN,NaN,NaN,NaN
NaN,NaN,-0.299395615676379,-0.37544932718932,-0.463196228331071,-0.542179924945231,-0.399279418745815,-0.10267128344276,0.358241694227521,NaN,NaN,NaN,NaN,NaN,NaN,NaN,NaN,NaN
NaN,NaN,-0.301105691561437,-0.38055893536269,-0.467492568379384,-0.551873614589567,-0.409852612176716,-0.120710964460159,0.344324102804724,NaN,NaN,NaN,NaN,NaN,NaN,NaN,NaN,NaN
NaN,NaN,-0.303761879423594,-0.380252902764672,-0.468334316348773,-0.561295954088564,-0.423090505758106,-0.138141001720214,0.331913465813462,NaN,NaN,NaN,NaN,NaN,NaN,NaN,NaN,NaN
NaN,NaN,-0.307789179006553,-0.380670843083256,-0.470552670842153,-0.56821696604311,-0.435363698163807,-0.15867223139503,0.317684216604296,NaN,NaN,NaN,NaN,NaN,NaN,NaN,NaN,NaN
NaN,NaN,-0.307461558351254,-0.382273891378039,-0.472535773253185,-0.577075352470274,-0.446862756619036,-0.175271007377887,0.302838636741702,NaN,NaN,NaN,NaN,NaN,NaN,NaN,NaN,NaN
NaN,NaN,-0.311368940839505,-0.383062293190354,-0.471043943500263,-0.580601619134541,-0.460996824661076,-0.194309978891397,0.287989163950745,NaN,NaN,NaN,NaN,NaN,NaN,NaN,NaN,NaN
NaN,NaN,-0.315216346153951,-0.389967919695967,-0.474156665688497,-0.588544999758597,-0.469164560893357,-0.213214094896102,0.272826990292136,NaN,NaN,NaN,NaN,NaN,NaN,NaN,NaN,NaN
NaN,NaN,-0.316711770812011,-0.39002536367237,-0.477079286312801,-0.59637650991499,-0.481919545093357,-0.228411267657066,0.258073816255395,NaN,NaN,NaN,NaN,NaN,NaN,NaN,NaN,NaN
NaN,NaN,-0.321792023697829,-0.393960276055926,-0.477409458791954,-0.601504930804367,-0.49263742879945,-0.249267156381393,0.242134584293429,NaN,NaN,NaN,NaN,NaN,NaN,NaN,NaN,NaN
NaN,NaN,-0.321702840248084,-0.396755827028149,-0.47885828006838,-0.606998169372673,-0.504063899973213,-0.264709956158185,0.224762587056224,NaN,NaN,NaN,NaN,NaN,NaN,NaN,NaN,NaN
NaN,NaN,-0.327112110773063,-0.401522391844386,-0.478339607900125,-0.610068758527632,-0.516072149732888,-0.283665090013528,0.207664342776601,NaN,NaN,NaN,NaN,NaN,NaN,NaN,NaN,NaN
NaN,NaN,-0.332016138801312,-0.408058190155619,-0.481561872249586,-0.615534858356114,-0.525634932676136,-0.302223126549507,0.189462816522185,NaN,NaN,NaN,NaN,NaN,NaN,NaN,NaN,NaN
NaN,NaN,-0.334168667415118,-0.409683534312838,-0.484633336847764,-0.622818415562506,-0.538394610741913,-0.317925448674941,0.172769623056714,NaN,NaN,NaN,NaN,NaN,NaN,NaN,NaN,NaN
NaN,NaN,-0.341114880958533,-0.414577895212763,-0.482323545104009,-0.623741989533301,-0.551518547693074,-0.338136172998929,0.15537056158549,NaN,NaN,NaN,NaN,NaN,NaN,NaN,NaN,NaN
NaN,NaN,-0.342970075527167,-0.420010206658238,-0.484882018601638,-0.626454857687349,-0.560688033113062,-0.353955227095867,0.13564559648997,NaN,NaN,NaN,NaN,NaN,NaN,NaN,NaN,NaN
NaN,NaN,-0.350489350477195,-0.423522075075501,-0.483269694334012,-0.627648459325428,-0.572882975796044,-0.37260281961062,0.119876424030129,NaN,NaN,NaN,NaN,NaN,NaN,NaN,NaN,NaN
NaN,NaN,-0.356004102596974,-0.429913611519927,-0.486300590520841,-0.630235207776423,-0.58303910435158,-0.390523663867498,0.100011183128421,NaN,NaN,NaN,NaN,NaN,NaN,NaN,NaN,NaN
NaN,NaN,-0.360149028221107,-0.432298244345778,-0.48740532535885,-0.63465042183816,-0.594677023002684,-0.40640131678083,0.0840265957570712,NaN,NaN,NaN,NaN,NaN,NaN,NaN,NaN,NaN
NaN,NaN,-0.367239540884232,-0.437841271418923,-0.48495754886244,-0.63379455501854,-0.607160340407669,-0.423279936570907,0.0674049651182334,NaN,NaN,NaN,NaN,NaN,NaN,NaN,NaN,NaN
NaN,NaN,-0.370763721385932,-0.444549420285815,-0.488403796291095,-0.635317155669327,-0.614560685464918,-0.439348305721069,0.0496068505502384,NaN,NaN,NaN,NaN,NaN,NaN,NaN,NaN,NaN
NaN,NaN,-0.37910853929255,-0.446889703530663,-0.487417451178771,-0.636303538034554,-0.627001758077919,-0.455199415941024,0.0345960354364555,NaN,NaN,NaN,NaN,NaN,NaN,NaN,NaN,NaN
NaN,NaN,-0.385606395522094,-0.452154023010129,-0.489394015705329,-0.636247044007177,-0.635627798149168,-0.47274303730228,0.0141977241194885,NaN,NaN,NaN,NaN,NaN,NaN,NaN,NaN,NaN
NaN,NaN,-0.388729567149615,-0.452471492249363,-0.487933962678653,-0.637170133690233,-0.645738180139839,-0.48540501962998,-0.00154101271861388,NaN,NaN,NaN,NaN,NaN,NaN,NaN,NaN,NaN
NaN,NaN,-0.394234484503007,-0.457126615006321,-0.485710783934337,-0.634672382424469,-0.657069302508414,-0.501344829011941,-0.0192629637264569,NaN,NaN,NaN,NaN,NaN,NaN,NaN,NaN,NaN
NaN,NaN,-0.399720794031358,-0.461400752324456,-0.488559178149444,-0.633561184207792,-0.662048134365856,-0.515193409431959,-0.0373052338206132,NaN,NaN,NaN,NaN,NaN,NaN,NaN,NaN,NaN
NaN,NaN,-0.40727806694243,-0.462979344088429,-0.489675368255121,-0.633864199320669,-0.672971337446749,-0.52905527051189,-0.0543317290090878,NaN,NaN,NaN,NaN,NaN,NaN,NaN,NaN,NaN
NaN,NaN,-0.414595244893765,-0.469325227100247,-0.491223058736068,-0.63218455905735,-0.68090629891473,-0.543310075212503,-0.0750843340598901,NaN,NaN,NaN,NaN,NaN,NaN,NaN,NaN,NaN
NaN,NaN,-0.417398525843358,-0.470111915279025,-0.491901266461355,-0.634494443933363,-0.688607591548741,-0.55411775704124,-0.0909044312381108,NaN,NaN,NaN,NaN,NaN,NaN,NaN,NaN,NaN
NaN,NaN,-0.424774898657536,-0.476499502915734,-0.490698780005914,-0.631560684691067,-0.696501165041506,-0.569837904680753,-0.109329307272371,NaN,NaN,NaN,NaN,NaN,NaN,NaN,NaN,NaN
NaN,NaN,-0.431502307275271,-0.479955547857874,-0.495823326593381,-0.629814380357857,-0.699318862864554,-0.581401801813627,-0.129719143553909,NaN,NaN,NaN,NaN,NaN,NaN,NaN,NaN,NaN
NaN,NaN,-0.43885085217092,-0.484368452239626,-0.498056377356988,-0.63085314030468,-0.710181958386481,-0.595363146770978,-0.147749921127494,NaN,NaN,NaN,NaN,NaN,NaN,NaN,NaN,NaN
NaN,NaN,-0.446964143285489,-0.489548077244156,-0.499220418816549,-0.629113541494007,-0.714568711230337,-0.609511166025186,-0.167667092575963,NaN,NaN,NaN,NaN,NaN,NaN,NaN,NaN,NaN
NaN,NaN,-0.449042613128161,-0.49289769064247,-0.501837342118961,-0.630357751200791,-0.72034985885936,-0.622127681184793,-0.185758834525283,NaN,NaN,NaN,NaN,NaN,NaN,NaN,NaN,NaN
NaN,NaN,-0.458665298739409,-0.498642591196888,-0.50204240072344,-0.62762551153719,-0.724734115758717,-0.637650015909458,-0.204578777595695,NaN,NaN,NaN,NaN,NaN,NaN,NaN,NaN,NaN
NaN,NaN,-0.464433221587872,-0.504293614435786,-0.508863220995408,-0.625749622980948,-0.72625666053015,-0.651632185239578,-0.226687313809331,NaN,NaN,NaN,NaN,NaN,NaN,NaN,NaN,NaN
NaN,NaN,-0.471563501724935,-0.509937839019888,-0.509615319853765,-0.624260326425429,-0.734484224924624,-0.665163743455196,-0.245383223339256,NaN,NaN,NaN,NaN,NaN,NaN,NaN,NaN,NaN
NaN,NaN,-0.478879543462729,-0.515816216725701,-0.513175486659748,-0.621279777536984,-0.737197353848994,-0.682962826598669,-0.265716919495996,NaN,NaN,NaN,NaN,NaN,NaN,NaN,NaN,NaN
NaN,NaN,-0.482460124859548,-0.521656205314988,-0.517568032330018,-0.620639269749518,-0.739582359203875,-0.69393244679668,-0.284200319840844,NaN,NaN,NaN,NaN,NaN,NaN,NaN,NaN,NaN
NaN,NaN,-0.490053309569096,-0.526294769156569,-0.520915727203828,-0.616760460237856,-0.741248830565989,-0.709267157275463,-0.301432208909925,NaN,NaN,NaN,NaN,NaN,NaN,NaN,NaN,NaN
NaN,NaN,-0.495951785216069,-0.534542077589625,-0.528533480202896,-0.614774154077168,-0.742029390642226,-0.720669618953252,-0.322680054053005,NaN,NaN,NaN,NaN,NaN,NaN,NaN,NaN,NaN
NaN,NaN,-0.500001324782109,-0.539358281899088,-0.529981463289005,-0.610754752109642,-0.746646720329106,-0.73352766330936,-0.339235951944526,NaN,NaN,NaN,NaN,NaN,NaN,NaN,NaN,NaN
NaN,NaN,-0.506059131095147,-0.543802795369023,-0.532513524478418,-0.605976024220581,-0.746007702657759,-0.747742309380556,-0.358857540234264,NaN,NaN,NaN,NaN,NaN,NaN,NaN,NaN,NaN
NaN,NaN,-0.506476102838254,-0.547673129845255,-0.536654240524513,-0.601532889108057,-0.744625266054451,-0.755992747057462,-0.375351244404252,NaN,NaN,NaN,NaN,NaN,NaN,NaN,NaN,NaN
NaN,NaN,-0.512751670995688,-0.55287864561736,-0.540159831827623,-0.59751721243083,-0.744348644623339,-0.768328375328565,-0.392788024439748,NaN,NaN,NaN,NaN,NaN,NaN,NaN,NaN,NaN
NaN,NaN,-0.516457831928468,-0.560445846427077,-0.545714109277469,-0.59102239231288,-0.743509448477804,-0.775692491937662,-0.41215191577309,NaN,NaN,NaN,NaN,NaN,NaN,NaN,NaN,NaN
NaN,NaN,-0.518839037487245,-0.564356805194014,-0.548610224461299,-0.588563365439768,-0.745007592597782,-0.785703017521883,-0.427057323797878,NaN,NaN,NaN,NaN,NaN,NaN,NaN,NaN,NaN
NaN,NaN,-0.524051370540595,-0.568428156334752,-0.551265369242174,-0.581895542840357,-0.741923462012589,-0.794212102104211,-0.445057572617467,NaN,NaN,NaN,NaN,NaN,NaN,NaN,NaN,NaN
NaN,NaN,-0.522018125722146,-0.57393827046811,-0.557230844235164,-0.578998775730724,-0.738585285255491,-0.801587003428722,-0.462094200595554,NaN,NaN,NaN,NaN,NaN,NaN,NaN,NaN,NaN
NaN,NaN,-0.526275610992646,-0.579087720621222,-0.560759159809095,-0.575540197591181,-0.738057765522778,-0.807008548785234,-0.47782150079244,NaN,NaN,NaN,NaN,NaN,NaN,NaN,NaN,NaN
NaN,NaN,-0.527844759145713,-0.586525076437586,-0.564482103174669,-0.570940171877737,-0.736250720331251,-0.814390490908409,-0.497075272544559,NaN,NaN,NaN,NaN,NaN,NaN,NaN,NaN,NaN
NaN,NaN,-0.529547533461785,-0.589759000945681,-0.567104595786077,-0.56979326675355,-0.735862302938282,-0.81960695903399,-0.509772645130094,NaN,NaN,NaN,NaN,NaN,NaN,NaN,NaN,NaN
NaN,NaN,-0.531889865616298,-0.592164905179137,-0.56989427942608,-0.565613584170933,-0.733236662456572,-0.827005180675769,-0.528005407943662,NaN,NaN,NaN,NaN,NaN,NaN,NaN,NaN,NaN
NaN,NaN,-0.528914085099435,-0.599326943415993,-0.57684479567979,-0.564409626225824,-0.728559113452017,-0.832384369481588,-0.544214835210975,NaN,NaN,NaN,NaN,NaN,NaN,NaN,NaN,NaN
NaN,NaN,-0.531054730037189,-0.602828101623648,-0.580184183156234,-0.562845972875948,-0.728737275460541,-0.83695166851976,-0.560681922181781,NaN,NaN,NaN,NaN,NaN,NaN,NaN,NaN,NaN
NaN,NaN,-0.530016845533586,-0.609139134544724,-0.584069921707851,-0.559944008986349,-0.727090268740237,-0.845189775485778,-0.579045181914504,NaN,NaN,NaN,NaN,NaN,NaN,NaN,NaN,NaN
NaN,NaN,-0.528333312341905,-0.608338159877652,-0.587316400444251,-0.560432413170929,-0.725849467674076,-0.848774417449022,-0.592293152406152,NaN,NaN,NaN,NaN,NaN,NaN,NaN,NaN,NaN
NaN,NaN,-0.526965814152694,-0.61139887701332,-0.591155870890361,-0.559331440876122,-0.721921242186606,-0.857261411059881,-0.610180580809053,NaN,NaN,NaN,NaN,NaN,NaN,NaN,NaN,NaN
NaN,NaN,-0.522200217911935,-0.61763458456456,-0.598784017449361,-0.559607335875626,-0.717869467446387,-0.860450948734069,-0.623265942379173,NaN,NaN,NaN,NaN,NaN,NaN,NaN,NaN,NaN
NaN,NaN,-0.520973014155364,-0.619038124937409,-0.603220167642576,-0.56097375373065,-0.719064112165749,-0.865807562280679,-0.63850971852177,NaN,NaN,NaN,NaN,NaN,NaN,NaN,NaN,NaN
NaN,NaN,-0.51950025788877,-0.621362035531395,-0.605811796223861,-0.557915681551094,-0.715637310752451,-0.872589080739999,-0.653266077681716,NaN,NaN,NaN,NaN,NaN,NaN,NaN,NaN,NaN
NaN,NaN,-0.513132786819673,-0.618782812166804,-0.609366933887941,-0.559284967879648,-0.712739221164763,-0.876253313530469,-0.667498810037311,NaN,NaN,NaN,NaN,NaN,NaN,NaN,NaN,NaN
NaN,NaN,-0.509135736593938,-0.619952236670846,-0.613083749150974,-0.558662937532063,-0.708138543525517,-0.882498539198423,-0.682115079655584,NaN,NaN,NaN,NaN,NaN,NaN,NaN,NaN,NaN
NaN,NaN,-0.500394454667306,-0.622231853563183,-0.619175511485082,-0.559503623793717,-0.703518363991558,-0.88314804356196,-0.69413433764809,NaN,NaN,NaN,NaN,NaN,NaN,NaN,NaN,NaN
NaN,NaN,-0.498085817763543,-0.621760678846234,-0.621978345399839,-0.560688694517012,-0.702311872849047,-0.88704605694511,-0.707733621641334,NaN,NaN,NaN,NaN,NaN,NaN,NaN,NaN,NaN
NaN,NaN,-0.49300288266871,-0.621192236799591,-0.624355248248321,-0.55642781923234,-0.699011675426543,-0.88981860424974,-0.721465954377588,NaN,NaN,NaN,NaN,NaN,NaN,NaN,NaN,NaN
NaN,NaN,-0.485128885576463,-0.62002631406843,-0.629931486284477,-0.559609738687868,-0.6942718768211,-0.891817967552925,-0.733955381258662,NaN,NaN,NaN,NaN,NaN,NaN,NaN,NaN,NaN
NaN,NaN,-0.477865333178973,-0.619529155451649,-0.632284137493116,-0.559480433861609,-0.690347954043925,-0.894296980608488,-0.74574586917394,NaN,NaN,NaN,NaN,NaN,NaN,NaN,NaN,NaN
NaN,NaN,-0.467864232579207,-0.621561413068169,-0.639247655009967,-0.560834148476715,-0.686427849689305,-0.895009330619359,-0.7568340467357,NaN,NaN,NaN,NaN,NaN,NaN,NaN,NaN,NaN
NaN,NaN,-0.46316556117866,-0.617021718431109,-0.640682171171647,-0.56323979193985,-0.685213516810715,-0.895696516294265,-0.769595866843398,NaN,NaN,NaN,NaN,NaN,NaN,NaN,NaN,NaN
NaN,NaN,-0.454686874965167,-0.615253136861914,-0.644330981260282,-0.561627076516743,-0.682824488142311,-0.898517399240518,-0.781999071880515,NaN,NaN,NaN,NaN,NaN,NaN,NaN,NaN,NaN
NaN,NaN,-0.444524301657414,-0.614535943973654,-0.648850671088439,-0.566527565519209,-0.6785244228037,-0.897189910669113,-0.793364839448865,NaN,NaN,NaN,NaN,NaN,NaN,NaN,NaN,NaN
NaN,NaN,-0.434177438238597,-0.611788449246281,-0.651688168829423,-0.56801563272893,-0.674642484048187,-0.89943819787004,-0.803741114034589,NaN,NaN,NaN,NaN,NaN,NaN,NaN,NaN,NaN
NaN,NaN,-0.424909828672147,-0.611685612607592,-0.656670148557168,-0.571279285053606,-0.670658435085594,-0.898772581625963,-0.814414517774518,NaN,NaN,NaN,NaN,NaN,NaN,NaN,NaN,NaN
NaN,NaN,-0.414554471591449,-0.604001586694115,-0.656998793667299,-0.573765208522673,-0.671282532969296,-0.89939911957481,-0.827436400397952,NaN,NaN,NaN,NaN,NaN,NaN,NaN,NaN,NaN
NaN,NaN,-0.403654123166537,-0.602249768931263,-0.660082756614429,-0.574803130279179,-0.668911907234966,-0.901149819750572,-0.839060852124627,NaN,NaN,NaN,NaN,NaN,NaN,NaN,NaN,NaN
NaN,NaN,-0.390479354629254,-0.599125684607619,-0.664478506034357,-0.580907968382235,-0.666650488385737,-0.89962803866365,-0.849529811932977,NaN,NaN,NaN,NaN,NaN,NaN,NaN,NaN,NaN
NaN,NaN,-0.378323788264728,-0.594915566403263,-0.667646194880945,-0.585498736749287,-0.663167453715384,-0.900692838389659,-0.857613486989673,NaN,NaN,NaN,NaN,NaN,NaN,NaN,NaN,NaN
NaN,NaN,-0.367236746916509,-0.591241033185118,-0.671279191112262,-0.588922911832924,-0.662586289802372,-0.897124159295345,-0.867703454389508,NaN,NaN,NaN,NaN,NaN,NaN,NaN,NaN,NaN
NaN,NaN,-0.352362240174746,-0.581670985925787,-0.671112950032693,-0.593080168167944,-0.663793395617783,-0.896729297150159,-0.879780733778413,NaN,NaN,NaN,NaN,NaN,NaN,NaN,NaN,NaN
NaN,NaN,-0.339104211399293,-0.57725227009117,-0.671730007117731,-0.594785997222061,-0.662495206454575,-0.895369733829284,-0.88979857955807,NaN,NaN,NaN,NaN,NaN,NaN,NaN,NaN,NaN
NaN,NaN,-0.320543436774945,-0.570986816096896,-0.675142745560152,-0.600809884766932,-0.659808303573906,-0.892326097149635,-0.898777348741229,NaN,NaN,NaN,NaN,NaN,NaN,NaN,NaN,NaN
NaN,NaN,-0.308317965337968,-0.561574087846869,-0.675873312240583,-0.60358390356123,-0.657146043488562,-0.889650239754701,-0.905249947502549,NaN,NaN,NaN,NaN,NaN,NaN,NaN,NaN,NaN
NaN,NaN,-0.294162886658645,-0.553981368798607,-0.676085262632114,-0.604903606275911,-0.658662069001972,-0.886121886927867,-0.916223814531501,NaN,NaN,NaN,NaN,NaN,NaN,NaN,NaN,NaN
NaN,NaN,-0.278063485840297,-0.5449408343023,-0.676451831197483,-0.607999695042963,-0.657617423096478,-0.881457376439357,-0.925172241225179,NaN,NaN,NaN,NaN,NaN,NaN,NaN,NaN,NaN
NaN,NaN,-0.262848729709124,-0.536646456826323,-0.677197131401044,-0.610157792965765,-0.657037618914425,-0.87873666654923,-0.930723072781499,NaN,NaN,NaN,NaN,NaN,NaN,NaN,NaN,NaN
NaN,NaN,-0.244297994742131,-0.527369347769612,-0.67961028132413,-0.616322310219402,-0.653381954291641,-0.873861900676275,-0.937748784019883,NaN,NaN,NaN,NaN,NaN,NaN,NaN,NaN,NaN
NaN,NaN,-0.231438441643453,-0.513717891085738,-0.679048414414865,-0.619246514092083,-0.654391992250263,-0.869161999929929,-0.943039869710143,NaN,NaN,NaN,NaN,NaN,NaN,NaN,NaN,NaN
NaN,NaN,-0.21520630873177,-0.505737760472888,-0.677387605494005,-0.620398597369785,-0.655191867956698,-0.865913453657413,-0.951275611116822,NaN,NaN,NaN,NaN,NaN,NaN,NaN,NaN,NaN
NaN,NaN,-0.199151983926034,-0.494619761962288,-0.677770136928302,-0.624791496942635,-0.653865608731091,-0.859226185042644,-0.954217919900354,NaN,NaN,NaN,NaN,NaN,NaN,NaN,NaN,NaN
NaN,NaN,-0.182740292021966,-0.484028184223765,-0.676363076156122,-0.627593492667074,-0.653799037793457,-0.855502627004171,-0.9566904882037,NaN,NaN,NaN,NaN,NaN,NaN,NaN,NaN,NaN
NaN,NaN,-0.166220734337306,-0.471830559331769,-0.676572698241216,-0.632453171114321,-0.651050183335125,-0.849160040874267,-0.960789853527482,NaN,NaN,NaN,NaN,NaN,NaN,NaN,NaN,NaN
NaN,NaN,-0.150869688460565,-0.455504046190375,-0.673833697175724,-0.636011251757736,-0.652664724150478,-0.844997364241863,-0.963693326159652,NaN,NaN,NaN,NaN,NaN,NaN,NaN,NaN,NaN
NaN,NaN,-0.134960445085502,-0.447187670875186,-0.669977127647144,-0.637303256939049,-0.654642182746708,-0.841088901419425,-0.969370687200959,NaN,NaN,NaN,NaN,NaN,NaN,NaN,NaN,NaN
NaN,NaN,-0.116326561639047,-0.431728647459143,-0.670066404229146,-0.64376438180625,-0.654391787359297,-0.83544838349917,-0.96855315361851,NaN,NaN,NaN,NaN,NaN,NaN,NaN,NaN,NaN
NaN,NaN,-0.101176346162295,-0.419279863495225,-0.667412693685037,-0.646638573656674,-0.656369301834881,-0.8310078002105,-0.971179986193116,NaN,NaN,NaN,NaN,NaN,NaN,NaN,NaN,NaN
NaN,NaN,-0.0844618626627683,-0.40455798189699,-0.665567520147306,-0.651060288349981,-0.654399182060539,-0.824907600093866,-0.974176907732423,NaN,NaN,NaN,NaN,NaN,NaN,NaN,NaN,NaN
NaN,NaN,-0.0686547667476892,-0.388778341371411,-0.663625004774076,-0.655367338607903,-0.658415678301632,-0.818997948575998,-0.975691592141326,NaN,NaN,NaN,NaN,NaN,NaN,NaN,NaN,NaN
NaN,NaN,-0.0528548047635316,-0.377105274606341,-0.658508001899463,-0.656707772563095,-0.659716344782889,-0.815453930903459,-0.978568540706571,NaN,NaN,NaN,NaN,NaN,NaN,NaN,NaN,NaN
NaN,NaN,-0.0327211380693673,-0.358441942740077,-0.657045918589574,-0.663356875578756,-0.65828134433347,-0.808807677734876,-0.978884147300656,NaN,NaN,NaN,NaN,NaN,NaN,NaN,NaN,NaN
NaN,NaN,-0.0190089777800798,-0.342136309850806,-0.648897293096525,-0.664838330398197,-0.660440243193686,-0.804682403017068,-0.983110582276519,NaN,NaN,NaN,NaN,NaN,NaN,NaN,NaN,NaN
NaN,NaN,-0.00142333514425749,-0.324623794663542,-0.645824543273193,-0.667435658673639,-0.657615262428105,-0.798940892476821,-0.987726999267276,NaN,NaN,NaN,NaN,NaN,NaN,NaN,NaN,NaN
NaN,NaN,0.0132916174140216,-0.30786268915593,-0.640156402325374,-0.671185591767426,-0.660760804423868,-0.792459967691684,-0.988801372989352,NaN,NaN,NaN,NaN,NaN,NaN,NaN,NaN,NaN
NaN,NaN,0.0297403759565592,-0.293408916700476,-0.634141418224317,-0.672215690414305,-0.660143635580122,-0.789778131205822,-0.991229088797505,NaN,NaN,NaN,NaN,NaN,NaN,NaN,NaN,NaN
NaN,NaN,0.0474887765255213,-0.272577018845671,-0.62948955509637,-0.679078140805359,-0.659012190410673,-0.78059912766912,-0.992830330326493,NaN,NaN,NaN,NaN,NaN,NaN,NaN,NaN,NaN
NaN,NaN,0.0625380552616358,-0.254925773847693,-0.618672187512857,-0.678760392169352,-0.661707251677096,-0.778337671566988,-0.998534383072789,NaN,NaN,NaN,NaN,NaN,NaN,NaN,NaN,NaN
NaN,NaN,0.0784972547796011,-0.237678536582583,-0.614308177566272,-0.680269097487326,-0.658677826979935,-0.772208060283447,-1.00309300218457,NaN,NaN,NaN,NaN,NaN,NaN,NaN,NaN,NaN
NaN,NaN,0.0944899074044467,-0.221411087918871,-0.60591612297867,-0.683919453571434,-0.662369179883778,-0.76769561614492,-1.00248689745301,NaN,NaN,NaN,NaN,NaN,NaN,NaN,NaN,NaN
NaN,NaN,0.109361247649455,-0.20479253064453,-0.598001520222169,-0.685649888167973,-0.661604638555824,-0.763310167152668,-1.00395505298608,NaN,NaN,NaN,NaN,NaN,NaN,NaN,NaN,NaN
NaN,NaN,0.125972279837394,-0.183833432752484,-0.588521401470643,-0.690036939035053,-0.662134020933687,-0.754744979698444,-1.00557769630783,NaN,NaN,NaN,NaN,NaN,NaN,NaN,NaN,NaN
NaN,NaN,0.139811342140698,-0.165368807870739,-0.576094745731098,-0.68793274606287,-0.665518279531777,-0.7542744941602,-1.00897517968648,NaN,NaN,NaN,NaN,NaN,NaN,NaN,NaN,NaN
NaN,NaN,0.153720719298387,-0.149330967474574,-0.567296206092578,-0.68960553179204,-0.663837819704592,-0.747888098616386,-1.0099701302194,NaN,NaN,NaN,NaN,NaN,NaN,NaN,NaN,NaN
NaN,NaN,0.170244616946244,-0.130748623419398,-0.555360580867273,-0.692312346349354,-0.669685612777054,-0.745583652664209,-1.00627007876271,NaN,NaN,NaN,NaN,NaN,NaN,NaN,NaN,NaN
NaN,NaN,0.183205944975877,-0.11140661816656,-0.543052706008893,-0.692711250434513,-0.669683601120293,-0.739679328311468,-1.00481397454375,NaN,NaN,NaN,NaN,NaN,NaN,NaN,NaN,NaN
NaN,NaN,0.199801349571014,-0.0907973809128938,-0.530875346696121,-0.693263617853518,-0.672293073842108,-0.736403717804933,-1.00502970610493,NaN,NaN,NaN,NaN,NaN,NaN,NaN,NaN,NaN
NaN,NaN,0.210772441258693,-0.0746818868404565,-0.516482054328662,-0.691953880290384,-0.676409314730942,-0.732721119333292,-1.00183590297335,NaN,NaN,NaN,NaN,NaN,NaN,NaN,NaN,NaN
NaN,NaN,0.225473293593192,-0.0596250271385846,-0.504046253001434,-0.692948644558783,-0.67720837087351,-0.730419560481096,-0.99715604428881,NaN,NaN,NaN,NaN,NaN,NaN,NaN,NaN,NaN
NaN,NaN,0.240785615077281,-0.0393862327521977,-0.487792997693759,-0.695242380301352,-0.683004531422436,-0.724887783784652,-0.987918609573777,NaN,NaN,NaN,NaN,NaN,NaN,NaN,NaN,NaN
NaN,NaN,0.252776840260291,-0.0190303711181817,-0.470749235784751,-0.693104194055195,-0.684913798579752,-0.723063509125495,-0.984000516875918,NaN,NaN,NaN,NaN,NaN,NaN,NaN,NaN,NaN
NaN,NaN,0.26898958303597,0.000251917731172099,-0.455051868295413,-0.690802374432678,-0.687290794560492,-0.719594015885377,-0.980034461065467,NaN,NaN,NaN,NaN,NaN,NaN,NaN,NaN,NaN
NaN,NaN,0.279144649883771,0.0165908174628081,-0.436558819448692,-0.688675960103865,-0.69114373193103,-0.717056981433416,-0.972418403073486,NaN,NaN,NaN,NaN,NaN,NaN,NaN,NaN,NaN
NaN,NaN,0.292333704909349,0.032726800631887,-0.41975403491233,-0.685662237505312,-0.69096000061351,-0.716061397601152,-0.963236251666482,NaN,NaN,NaN,NaN,NaN,NaN,NaN,NaN,NaN
NaN,NaN,0.304605593463445,0.052476054620153,-0.401335883027059,-0.685218387792702,-0.695043794223845,-0.708486615825677,-0.951815349801715,NaN,NaN,NaN,NaN,NaN,NaN,NaN,NaN,NaN
NaN,NaN,0.314698094060683,0.0713755140119853,-0.381953700518352,-0.678572805176373,-0.698557264515936,-0.709592449624324,-0.945585118427213,NaN,NaN,NaN,NaN,NaN,NaN,NaN,NaN,NaN
NaN,NaN,0.327465706994796,0.0889333473557296,-0.364790971463663,-0.675857534210081,-0.700427695521891,-0.705821710784221,-0.939380386664804,NaN,NaN,NaN,NaN,NaN,NaN,NaN,NaN,NaN
NaN,NaN,0.337948431750798,0.104220280986434,-0.344790409391862,-0.671671723524923,-0.706722635188877,-0.707332166988636,-0.929073123081859,NaN,NaN,NaN,NaN,NaN,NaN,NaN,NaN,NaN
NaN,NaN,0.346304388275409,0.120904049467451,-0.327010436987621,-0.667961297134752,-0.707362286159575,-0.705496083159233,-0.920109497203763,NaN,NaN,NaN,NaN,NaN,NaN,NaN,NaN,NaN
NaN,NaN,0.35820039503839,0.140409650843746,-0.308245702719432,-0.665499345908756,-0.71327190042454,-0.701616211939836,-0.908481413319047,NaN,NaN,NaN,NaN,NaN,NaN,NaN,NaN,NaN
NaN,NaN,0.364909717371726,0.158178223859674,-0.286626893168432,-0.656333697537775,-0.717202510097801,-0.702528777677799,-0.903538530512984,NaN,NaN,NaN,NaN,NaN,NaN,NaN,NaN,NaN
NaN,NaN,0.376379420539403,0.172743438374406,-0.267517439162475,-0.65128618995368,-0.718704100111305,-0.701533156592632,-0.897375652387079,NaN,NaN,NaN,NaN,NaN,NaN,NaN,NaN,NaN
NaN,NaN,0.382611440053248,0.188327147256738,-0.247248414045316,-0.644647741268273,-0.723632305273592,-0.703319396037841,-0.888850586309369,NaN,NaN,NaN,NaN,NaN,NaN,NaN,NaN,NaN
NaN,NaN,0.390040339460635,0.205123978298313,-0.228284302240354,-0.63817624146759,-0.72529482782799,-0.701469621766591,-0.883334418579276,NaN,NaN,NaN,NaN,NaN,NaN,NaN,NaN,NaN
NaN,NaN,0.400583842327857,0.222398708205825,-0.209466184562189,-0.63121834913909,-0.732124514290869,-0.700510303635383,-0.8751037063145,NaN,NaN,NaN,NaN,NaN,NaN,NaN,NaN,NaN
NaN,NaN,0.404395242711568,0.238039060127145,-0.187102987503749,-0.620322582821245,-0.73630637616831,-0.701891063858056,-0.873223570927318,NaN,NaN,NaN,NaN,NaN,NaN,NaN,NaN,NaN
NaN,NaN,0.413120263746047,0.249755638282901,-0.168405196702224,-0.613088925878401,-0.737145628193199,-0.70146822478273,-0.866655902757581,NaN,NaN,NaN,NaN,NaN,NaN,NaN,NaN,NaN
NaN,NaN,0.416626097193027,0.264880633544332,-0.148743803685647,-0.605235529641504,-0.743124421099007,-0.699863351095701,-0.860082050605949,NaN,NaN,NaN,NaN,NaN,NaN,NaN,NaN,NaN
NaN,NaN,0.424449709733987,0.279776039164669,-0.129504672324401,-0.594721810470219,-0.746092397132694,-0.701324018795276,-0.854323515489038,NaN,NaN,NaN,NaN,NaN,NaN,NaN,NaN,NaN
NaN,NaN,0.431358316471839,0.29630023483575,-0.108722171818954,-0.583871231923695,-0.75151859910208,-0.699588182527805,-0.848609888746675,NaN,NaN,NaN,NaN,NaN,NaN,NaN,NaN,NaN
NaN,NaN,0.435615503719115,0.309914140593416,-0.0859189434704604,-0.568986331622,-0.754199318000853,-0.70200680862763,-0.845983093424972,NaN,NaN,NaN,NaN,NaN,NaN,NaN,NaN,NaN
NaN,NaN,0.440842831065917,0.32134187836588,-0.0662986217794241,-0.556973741899128,-0.753328158864557,-0.700853794027353,-0.838715238317188,NaN,NaN,NaN,NaN,NaN,NaN,NaN,NaN,NaN
NaN,NaN,0.443595280429387,0.336991357248432,-0.0461754604039015,-0.545085502366419,-0.757402713754952,-0.69867122094729,-0.832337187423642,NaN,NaN,NaN,NaN,NaN,NaN,NaN,NaN,NaN
NaN,NaN,0.44809606440928,0.349753810655481,-0.024021252131206,-0.528694336811895,-0.758592459717571,-0.700044940371299,-0.824896255328592,NaN,NaN,NaN,NaN,NaN,NaN,NaN,NaN,NaN
NaN,NaN,0.452801776608491,0.365070323091156,-0.00499557990406174,-0.513282065789099,-0.761277313688576,-0.697342186380411,-0.818170895620521,NaN,NaN,NaN,NaN,NaN,NaN,NaN,NaN,NaN
NaN,NaN,0.454775528540874,0.376815362464792,0.0182488718273817,-0.497083143840427,-0.761815655389607,-0.700051087100292,-0.811897357746299,NaN,NaN,NaN,NaN,NaN,NaN,NaN,NaN,NaN
NaN,NaN,0.457219915023112,0.386707107167846,0.0366829120757757,-0.483312794516678,-0.760432827630818,-0.696682251204038,-0.80369432438844,NaN,NaN,NaN,NaN,NaN,NaN,NaN,NaN,NaN
NaN,NaN,0.459031151166225,0.399939617704755,0.0555099518242059,-0.467799232850666,-0.764331027278483,-0.695295903045917,-0.795985767438348,NaN,NaN,NaN,NaN,NaN,NaN,NaN,NaN,NaN
NaN,NaN,0.45930656187799,0.409877202104932,0.0774679118039785,-0.448635277847643,-0.762193362572968,-0.69406912769773,-0.786857018067773,NaN,NaN,NaN,NaN,NaN,NaN,NaN,NaN,NaN
NaN,NaN,0.462327269395852,0.421025319587594,0.0947706558945356,-0.432144665668602,-0.762787509122669,-0.691027409542585,-0.777626847668823,NaN,NaN,NaN,NaN,NaN,NaN,NaN,NaN,NaN
NaN,NaN,0.459390231898093,0.431192773025638,0.118406970912474,-0.414735042999382,-0.759825884708941,-0.690444103587652,-0.769181260659631,NaN,NaN,NaN,NaN,NaN,NaN,NaN,NaN,NaN
NaN,NaN,0.460420498183036,0.439288219999677,0.134140659982222,-0.398583897898789,-0.758742775181114,-0.688123210478807,-0.761957233592208,NaN,NaN,NaN,NaN,NaN,NaN,NaN,NaN,NaN
NaN,NaN,0.459646680882239,0.448038610261089,0.15445835601713,-0.380228051493759,-0.760274819442808,-0.685848548222566,-0.754350637837585,NaN,NaN,NaN,NaN,NaN,NaN,NaN,NaN,NaN
NaN,NaN,0.459151738813186,0.457854154151088,0.172763631606358,-0.359621217052336,-0.758601940581381,-0.687344736565137,-0.745158241882261,NaN,NaN,NaN,NaN,NaN,NaN,NaN,NaN,NaN
NaN,NaN,0.460124058207536,0.466549577754146,0.189851538205403,-0.342738480816479,-0.755921296188414,-0.684189657826209,-0.735575510009464,NaN,NaN,NaN,NaN,NaN,NaN,NaN,NaN,NaN
NaN,NaN,0.456006774237418,0.474165058326131,0.210343615079182,-0.32535458127677,-0.751836217352926,-0.683379798341775,-0.726543878956969,NaN,NaN,NaN,NaN,NaN,NaN,NaN,NaN,NaN
NaN,NaN,0.454706443032289,0.479806433063156,0.225075815731543,-0.306626429359312,-0.750275208959162,-0.683579269010806,-0.719924298866924,NaN,NaN,NaN,NaN,NaN,NaN,NaN,NaN,NaN
NaN,NaN,0.452816640516782,0.487243937891132,0.243765038365382,-0.286704992453451,-0.7475085103603,-0.684054522920633,-0.710676098062928,NaN,NaN,NaN,NaN,NaN,NaN,NaN,NaN,NaN
NaN,NaN,0.451251087268853,0.495269051384336,0.260596458727377,-0.264836085538263,-0.744144442835629,-0.688374164659763,-0.702145891084607,NaN,NaN,NaN,NaN,NaN,NaN,NaN,NaN,NaN
NaN,NaN,0.449343291601205,0.500297653120166,0.27877235498454,-0.246566833506222,-0.736732158222973,-0.686778082657838,-0.69445623998278,NaN,NaN,NaN,NaN,NaN,NaN,NaN,NaN,NaN
NaN,NaN,0.444715642860198,0.507871876102096,0.295981557035702,-0.228238107214565,-0.731645572343647,-0.689679431874538,-0.686017507507737,NaN,NaN,NaN,NaN,NaN,NaN,NaN,NaN,NaN
NaN,NaN,0.440846891632342,0.510905510377294,0.312599555516499,-0.204950162718887,-0.724831736990988,-0.689635715592885,-0.679489159777101,NaN,NaN,NaN,NaN,NaN,NaN,NaN,NaN,NaN
NaN,NaN,0.438464214583898,0.517166046988374,0.32927501660015,-0.184246582488413,-0.717935442337572,-0.693807556439424,-0.668905498280462,NaN,NaN,NaN,NaN,NaN,NaN,NaN,NaN,NaN
NaN,NaN,0.433982634475494,0.521509400200254,0.346720923596877,-0.160244686107035,-0.708594407299339,-0.696986123133684,-0.6608010361039,NaN,NaN,NaN,NaN,NaN,NaN,NaN,NaN,NaN
NaN,NaN,0.431636372139716,0.524452658932811,0.36186342772271,-0.142465998927946,-0.697589899757683,-0.697576022852445,-0.652913534834321,NaN,NaN,NaN,NaN,NaN,NaN,NaN,NaN,NaN
NaN,NaN,0.425194432517552,0.528737096678621,0.377436333263176,-0.121447799305315,-0.689365986147701,-0.700894530076766,-0.647157383903201,NaN,NaN,NaN,NaN,NaN,NaN,NaN,NaN,NaN
NaN,NaN,0.420152512868905,0.52915721629203,0.393975690865773,-0.0962102427583886,-0.679887208500683,-0.704400978196645,-0.639718705608781,NaN,NaN,NaN,NaN,NaN,NaN,NaN,NaN,NaN
NaN,NaN,0.415396360239053,0.532713620554811,0.407419090086478,-0.0761916875344468,-0.667515444913685,-0.707118335325504,-0.63007052038544,NaN,NaN,NaN,NaN,NaN,NaN,NaN,NaN,NaN
NaN,NaN,0.408931901237035,0.534627209048873,0.424438525849837,-0.0531944274407579,-0.655524853030026,-0.70859474237659,-0.622002864077028,NaN,NaN,NaN,NaN,NaN,NaN,NaN,NaN,NaN
NaN,NaN,0.403908757051492,0.534689738046533,0.436787546539563,-0.0337252966564847,-0.640125750908434,-0.710285763401771,-0.615803664370712,NaN,NaN,NaN,NaN,NaN,NaN,NaN,NaN,NaN
NaN,NaN,0.396263790806794,0.537168751102096,0.451583021247643,-0.0113355941575719,-0.629696744838535,-0.711468934227014,-0.611314559175904,NaN,NaN,NaN,NaN,NaN,NaN,NaN,NaN,NaN
NaN,NaN,0.390365687688851,0.534465512823469,0.465786416942137,0.0143966250616359,-0.616217526951611,-0.716257105726982,-0.605547101988729,NaN,NaN,NaN,NaN,NaN,NaN,NaN,NaN,NaN
NaN,NaN,0.38390106104877,0.53603197876752,0.476751734429854,0.0324144572514342,-0.601019031712591,-0.715375050116563,-0.597253786220487,NaN,NaN,NaN,NaN,NaN,NaN,NaN,NaN,NaN
NaN,NaN,0.376700317045713,0.535478382002717,0.491424926483887,0.0540445358055877,-0.585791497835695,-0.718050311465049,-0.5902548784458,NaN,NaN,NaN,NaN,NaN,NaN,NaN,NaN,NaN
NaN,NaN,0.36826482557323,0.532370539944774,0.500710938984412,0.0735581838089274,-0.569353114226639,-0.71680977116921,-0.586312962516483,NaN,NaN,NaN,NaN,NaN,NaN,NaN,NaN,NaN
NaN,NaN,0.361522683432365,0.531000676196224,0.513133832180756,0.0951790981489467,-0.556131779560625,-0.719950228143716,-0.581952417089875,NaN,NaN,NaN,NaN,NaN,NaN,NaN,NaN,NaN
NaN,NaN,0.354897887935901,0.527718546431667,0.524930150175351,0.118708217938547,-0.54204207972604,-0.723270728398347,-0.577814886166986,NaN,NaN,NaN,NaN,NaN,NaN,NaN,NaN,NaN
NaN,NaN,0.349427168747449,0.528455930393344,0.534944754952448,0.135190206070547,-0.523924409756243,-0.722558713663602,-0.572432474985059,NaN,NaN,NaN,NaN,NaN,NaN,NaN,NaN,NaN
NaN,NaN,0.342580345949197,0.524654122632152,0.547242981308955,0.157291366209392,-0.507126964041769,-0.72496975879767,-0.567167708470758,NaN,NaN,NaN,NaN,NaN,NaN,NaN,NaN,NaN
NaN,NaN,0.334199634870553,0.520762013834125,0.555265747869271,0.17719341297925,-0.48789541364628,-0.723853196162963,-0.563998678519662,NaN,NaN,NaN,NaN,NaN,NaN,NaN,NaN,NaN
NaN,NaN,0.327915181895757,0.517566348057395,0.565246806407231,0.199266894211178,-0.472836672672808,-0.728351558704162,-0.559914903535779,NaN,NaN,NaN,NaN,NaN,NaN,NaN,NaN,NaN
NaN,NaN,0.319899865916038,0.513842044960863,0.574121248835581,0.221167410214548,-0.455079890200674,-0.729934751201654,-0.556349968358215,NaN,NaN,NaN,NaN,NaN,NaN,NaN,NaN,NaN
NaN,NaN,0.314874244412446,0.511147877764112,0.5811093160155,0.238473525692825,-0.434242963203966,-0.732353563565994,-0.551325967355903,NaN,NaN,NaN,NaN,NaN,NaN,NaN,NaN,NaN
NaN,NaN,0.306228460302615,0.506021431278593,0.590371114129084,0.25860195835412,-0.417037970730841,-0.733968067128444,-0.546765206202205,NaN,NaN,NaN,NaN,NaN,NaN,NaN,NaN,NaN
NaN,NaN,0.299724494596982,0.499779875021583,0.59609276887204,0.278786344875698,-0.396873290994942,-0.736882510740543,-0.545760737552579,NaN,NaN,NaN,NaN,NaN,NaN,NaN,NaN,NaN
NaN,NaN,0.29311819516685,0.495841609876758,0.602943316960591,0.300126912494306,-0.381599265495121,-0.740801497508073,-0.542089203193124,NaN,NaN,NaN,NaN,NaN,NaN,NaN,NaN,NaN
NaN,NaN,0.284661078384185,0.490481997471458,0.60849139180209,0.319111401637201,-0.360846194783032,-0.743142376799369,-0.538748977526363,NaN,NaN,NaN,NaN,NaN,NaN,NaN,NaN,NaN
NaN,NaN,0.278618191858792,0.484285349588996,0.612181571239489,0.335051378657227,-0.339552342304766,-0.745022903342033,-0.535094244226154,NaN,NaN,NaN,NaN,NaN,NaN,NaN,NaN,NaN
NaN,NaN,0.270106518199706,0.476752048920995,0.618672461176175,0.354301033963566,-0.319432217040836,-0.74637101139524,-0.532514462068017,NaN,NaN,NaN,NaN,NaN,NaN,NaN,NaN,NaN
NaN,NaN,0.261761085620189,0.468552368324405,0.622736063713091,0.375190580685739,-0.299081310042917,-0.750415652204538,-0.534076066508229,NaN,NaN,NaN,NaN,NaN,NaN,NaN,NaN,NaN
NaN,NaN,0.254972731253171,0.463854609619981,0.627278868967551,0.394288281400804,-0.281705326745093,-0.751842345256591,-0.532437255426582,NaN,NaN,NaN,NaN,NaN,NaN,NaN,NaN,NaN
NaN,NaN,0.247806911846662,0.455568781685239,0.630331278705853,0.412076672961121,-0.259241230198919,-0.754778488684678,-0.531260752870973,NaN,NaN,NaN,NaN,NaN,NaN,NaN,NaN,NaN
NaN,NaN,0.240929336776996,0.449188439738161,0.63051672365691,0.427057294597034,-0.236747946003258,-0.752862814028049,-0.530203440978463,NaN,NaN,NaN,NaN,NaN,NaN,NaN,NaN,NaN
NaN,NaN,0.233203084697986,0.439332159798748,0.63517773237254,0.445509495635633,-0.218030113139927,-0.753797973651672,-0.53002453391188,NaN,NaN,NaN,NaN,NaN,NaN,NaN,NaN,NaN
NaN,NaN,0.225269538840318,0.431512235295183,0.636405234152335,0.466338431884651,-0.198370731780111,-0.753240837861085,-0.533212544217046,NaN,NaN,NaN,NaN,NaN,NaN,NaN,NaN,NaN
NaN,NaN,0.221967851301694,0.426730787944204,0.638360899800318,0.48271706183732,-0.179353255191624,-0.752284034300828,-0.531132602884706,NaN,NaN,NaN,NaN,NaN,NaN,NaN,NaN,NaN
NaN,NaN,0.214320594003463,0.418697665076858,0.639783271515626,0.499086359937792,-0.156647741207659,-0.752510494698072,-0.532520757808622,NaN,NaN,NaN,NaN,NaN,NaN,NaN,NaN,NaN
NaN,NaN,0.209819251230025,0.411824374091035,0.637908053511637,0.514525378544931,-0.134365606466114,-0.749538662988925,-0.532546127035554,NaN,NaN,NaN,NaN,NaN,NaN,NaN,NaN,NaN
NaN,NaN,0.203523473372722,0.401464379023916,0.640761793518323,0.532113386740093,-0.11531447187978,-0.747535462636733,-0.533247319801982,NaN,NaN,NaN,NaN,NaN,NaN,NaN,NaN,NaN
NaN,NaN,0.195570705017114,0.396114452373392,0.639608611279982,0.549680551936035,-0.0940326707156298,-0.744080423522973,-0.534767461761173,NaN,NaN,NaN,NaN,NaN,NaN,NaN,NaN,NaN
NaN,NaN,0.193279707362914,0.388334537487632,0.63901882331993,0.564004665662651,-0.0730606460662481,-0.741541731316829,-0.532665820612844,NaN,NaN,NaN,NaN,NaN,NaN,NaN,NaN,NaN
NaN,NaN,0.185814672639632,0.383263392936594,0.637597755456227,0.578484608282452,-0.0504915894659158,-0.73842208008864,-0.53424269874328,NaN,NaN,NaN,NaN,NaN,NaN,NaN,NaN,NaN
NaN,NaN,0.183314257791305,0.373347862254983,0.636031755173462,0.591067502697115,-0.0279446424635049,-0.734871319640661,-0.533612137480911,NaN,NaN,NaN,NaN,NaN,NaN,NaN,NaN,NaN
NaN,NaN,0.176882897993589,0.366410868805057,0.635074821228045,0.605230236848001,-0.0106142753453848,-0.729326299537206,-0.533697651519712,NaN,NaN,NaN,NaN,NaN,NaN,NaN,NaN,NaN
NaN,NaN,0.170590398391748,0.359695679139501,0.631765291953343,0.620053818871384,0.0107994197217825,-0.727105430472875,-0.534404897882875,NaN,NaN,NaN,NaN,NaN,NaN,NaN,NaN,NaN
NaN,NaN,0.167204612424636,0.352287846248752,0.627920270824688,0.629818307657843,0.0326424172429445,-0.722592576552415,-0.532716391428645,NaN,NaN,NaN,NaN,NaN,NaN,NaN,NaN,NaN
NaN,NaN,0.160491527548099,0.344635410797006,0.623263043278712,0.642884726126795,0.0536780512241724,-0.717637847323203,-0.533878085955318,NaN,NaN,NaN,NaN,NaN,NaN,NaN,NaN,NaN
NaN,NaN,0.156796151330733,0.334423831295377,0.619287786001223,0.654200351287727,0.0755551910309199,-0.711187227774644,-0.532655799581941,NaN,NaN,NaN,NaN,NaN,NaN,NaN,NaN,NaN
NaN,NaN,0.150739108702207,0.329860779088146,0.615582016223925,0.665433405389194,0.0923679849414232,-0.70367722879746,-0.53334888984197,NaN,NaN,NaN,NaN,NaN,NaN,NaN,NaN,NaN
NaN,NaN,0.144399335166478,0.321900969933874,0.611572765672463,0.677342972208862,0.115261551579655,-0.700171432603383,-0.534749412729677,NaN,NaN,NaN,NaN,NaN,NaN,NaN,NaN,NaN
NaN,NaN,0.142122977903152,0.31494678426922,0.603156645709532,0.684881432403927,0.136716765007198,-0.692524305690313,-0.532374465658601,NaN,NaN,NaN,NaN,NaN,NaN,NaN,NaN,NaN
NaN,NaN,0.135012292793059,0.30632497240246,0.597604696566123,0.694780329664354,0.157105874857128,-0.685258257348323,-0.533500732674535,NaN,NaN,NaN,NaN,NaN,NaN,NaN,NaN,NaN
NaN,NaN,0.130635505100751,0.298133599203235,0.591467895472306,0.701879540880327,0.177304883143127,-0.675228006351972,-0.53267500345343,NaN,NaN,NaN,NaN,NaN,NaN,NaN,NaN,NaN
NaN,NaN,0.125949667325282,0.293564363014108,0.584951729440945,0.711594762702589,0.195267040869415,-0.66565145846107,-0.532771339460548,NaN,NaN,NaN,NaN,NaN,NaN,NaN,NaN,NaN
NaN,NaN,0.120838811179662,0.286334878396398,0.579564270490664,0.720048098315601,0.218653780063808,-0.658619321096921,-0.532564567222532,NaN,NaN,NaN,NaN,NaN,NaN,NaN,NaN,NaN
NaN,NaN,0.120111429622436,0.279242409955865,0.569587309772032,0.724409519185429,0.237956837406576,-0.647204994369531,-0.531619032665428,NaN,NaN,NaN,NaN,NaN,NaN,NaN,NaN,NaN
NaN,NaN,0.11330625556972,0.273110731136209,0.56563010152604,0.732057335277204,0.258377593597591,-0.637151236791397,-0.532147837623294,NaN,NaN,NaN,NaN,NaN,NaN,NaN,NaN,NaN
NaN,NaN,0.110487831315064,0.266828755479461,0.557208281868952,0.738605911334162,0.279296085825384,-0.623558509309078,-0.530041893764671,NaN,NaN,NaN,NaN,NaN,NaN,NaN,NaN,NaN
NaN,NaN,0.105672316184306,0.262820361744768,0.551612895840663,0.746877992947702,0.299404532304228,-0.608121688623214,-0.528890630050834,NaN,NaN,NaN,NaN,NaN,NaN,NaN,NaN,NaN
NaN,NaN,0.101448749681974,0.255473809879428,0.545129773134249,0.751481054772739,0.322033305308044,-0.598199787695194,-0.527191972180541,NaN,NaN,NaN,NaN,NaN,NaN,NaN,NaN,NaN
NaN,NaN,0.100378511032128,0.248975469362146,0.535606515521067,0.754748693158035,0.341953773638428,-0.582346665818477,-0.52680802513593,NaN,NaN,NaN,NaN,NaN,NaN,NaN,NaN,NaN
NaN,NaN,0.0945253535416365,0.244936695885068,0.53176033955242,0.759095566769247,0.361052368423164,-0.569953835714841,-0.525577263727125,NaN,NaN,NaN,NaN,NaN,NaN,NaN,NaN,NaN
NaN,NaN,0.0929870135393382,0.237554884147054,0.521697436386603,0.762489883651142,0.381239195009888,-0.554153408069396,-0.524047808542188,NaN,NaN,NaN,NaN,NaN,NaN,NaN,NaN,NaN
NaN,NaN,0.0901663354840518,0.233480496894723,0.515989825988072,0.765456127424841,0.400608301749647,-0.537698744941736,-0.521532976820405,NaN,NaN,NaN,NaN,NaN,NaN,NaN,NaN,NaN
NaN,NaN,0.0850372440424204,0.226180734675533,0.508304086441058,0.767885035325889,0.420196604570568,-0.524547687877202,-0.520026823326286,NaN,NaN,NaN,NaN,NaN,NaN,NaN,NaN,NaN
NaN,NaN,0.0834479606952906,0.220876722227937,0.498602331543225,0.76744593535841,0.439252526154936,-0.506734746653819,-0.519990948780712,NaN,NaN,NaN,NaN,NaN,NaN,NaN,NaN,NaN
NaN,NaN,0.0766479647960902,0.217069661807424,0.493770481014508,0.767977739174967,0.455864545544803,-0.492610345740104,-0.519137074991401,NaN,NaN,NaN,NaN,NaN,NaN,NaN,NaN,NaN
NaN,NaN,0.0746822036113978,0.210149450790292,0.48365676488902,0.76931519289792,0.476680964818418,-0.474548797268653,-0.519835026755269,NaN,NaN,NaN,NaN,NaN,NaN,NaN,NaN,NaN
NaN,NaN,0.0711279227640868,0.20515365023554,0.477822997534531,0.769798437555437,0.49344655930084,-0.458148299861932,-0.5183051617884,NaN,NaN,NaN,NaN,NaN,NaN,NaN,NaN,NaN
NaN,NaN,0.0668446026053668,0.198509893011457,0.467775237673777,0.767787954260712,0.512370214453161,-0.44185151453712,-0.519214933558639,NaN,NaN,NaN,NaN,NaN,NaN,NaN,NaN,NaN
NaN,NaN,0.0647415458467246,0.193292456310398,0.459181905651349,0.764581392009859,0.528681304892719,-0.423464375693584,-0.521031161590751,NaN,NaN,NaN,NaN,NaN,NaN,NaN,NaN,NaN
NaN,NaN,0.0572793050911666,0.188719848733551,0.452639830225962,0.762153042902355,0.544610627582491,-0.406460306752706,-0.521907666518625,NaN,NaN,NaN,NaN,NaN,NaN,NaN,NaN,NaN
NaN,NaN,0.0559894233253241,0.181732042323953,0.442466099673766,0.761516651560669,0.563298024824083,-0.388577441830421,-0.524677550240692,NaN,NaN,NaN,NaN,NaN,NaN,NaN,NaN,NaN
NaN,NaN,0.0521031073537112,0.174802313190109,0.436411497110385,0.757086052049999,0.576274477532328,-0.368948943127179,-0.523350285186704,NaN,NaN,NaN,NaN,NaN,NaN,NaN,NaN,NaN
NaN,NaN,0.0489834933784247,0.170738692026741,0.427424755805987,0.752503963609342,0.592618685802639,-0.353243678022409,-0.528413047834571,NaN,NaN,NaN,NaN,NaN,NaN,NaN,NaN,NaN
NaN,NaN,0.0455065681841612,0.165047361146814,0.418410745376605,0.748529730786686,0.607281931331575,-0.333392574597383,-0.53157587517732,NaN,NaN,NaN,NaN,NaN,NaN,NaN,NaN,NaN
NaN,NaN,0.0385150551107169,0.162397860180742,0.409869455659646,0.745896378954058,0.623722401103199,-0.314057405252242,-0.534273581399854,NaN,NaN,NaN,NaN,NaN,NaN,NaN,NaN,NaN
NaN,NaN,0.0363125703540087,0.152907422375089,0.401752346122521,0.743847916324739,0.641018551429928,-0.295598535944009,-0.535301854654487,NaN,NaN,NaN,NaN,NaN,NaN,NaN,NaN,NaN
NaN,NaN,0.0331755406465769,0.148271801512844,0.394523494804162,0.737585181792383,0.653505500992954,-0.27004490714171,-0.535914702161487,NaN,NaN,NaN,NaN,NaN,NaN,NaN,NaN,NaN
NaN,NaN,0.0299911252465487,0.145239024054414,0.387063899004715,0.732134523292189,0.668225352307976,-0.254545315314317,-0.539692314162191,NaN,NaN,NaN,NaN,NaN,NaN,NaN,NaN,NaN
NaN,NaN,0.0262791714873553,0.139171010445959,0.378266253435868,0.728336794723873,0.681991156777561,-0.231617308367277,-0.54262685571545,NaN,NaN,NaN,NaN,NaN,NaN,NaN,NaN,NaN
NaN,NaN,0.0229746341016532,0.136827076416618,0.3704194509628,0.721938161601429,0.695724886497677,-0.212552464712644,-0.543988225802119,NaN,NaN,NaN,NaN,NaN,NaN,NaN,NaN,NaN
NaN,NaN,0.0210018693711997,0.128247565221197,0.362794899308938,0.718010252763634,0.709485438307941,-0.19186648647883,-0.542570138170655,NaN,NaN,NaN,NaN,NaN,NaN,NaN,NaN,NaN
NaN,NaN,0.0186507827844859,0.126089374166137,0.355601214730996,0.709690431554918,0.720749021163404,-0.167284990806365,-0.544116934581931,NaN,NaN,NaN,NaN,NaN,NaN,NaN,NaN,NaN
NaN,NaN,0.0142868100908042,0.120598724674589,0.349176430070656,0.703955943186884,0.733148035248935,-0.151149529177928,-0.545832933678563,NaN,NaN,NaN,NaN,NaN,NaN,NaN,NaN,NaN
NaN,NaN,0.010233824631238,0.114158815335638,0.340664681905764,0.697733739812975,0.745084778061331,-0.127256448526168,-0.548464366986688,NaN,NaN,NaN,NaN,NaN,NaN,NaN,NaN,NaN
NaN,NaN,0.0072696111407519,0.108953783851272,0.333804019654053,0.688985603352194,0.755744845261991,-0.109966854710365,-0.548157812848027,NaN,NaN,NaN,NaN,NaN,NaN,NaN,NaN,NaN
NaN,NaN,0.00499383129742152,0.102011817138797,0.326649189853924,0.683524178763037,0.764842618843735,-0.0868312559614424,-0.548425810232099,NaN,NaN,NaN,NaN,NaN,NaN,NaN,NaN,NaN
NaN,NaN,0.00450784855153567,0.0988474996799293,0.318261177206296,0.672804786314373,0.774125725617826,-0.0641846946964506,-0.549904936745103,NaN,NaN,NaN,NaN,NaN,NaN,NaN,NaN,NaN
NaN,NaN,-0.00232915810677999,0.0932962210887733,0.311525405311841,0.667375138451462,0.781876471480549,-0.046604714501882,-0.550549877628024,NaN,NaN,NaN,NaN,NaN,NaN,NaN,NaN,NaN
NaN,NaN,-0.00393084667060369,0.0866889530831637,0.302564685160178,0.658649130215053,0.792155888518512,-0.023516538698459,-0.552834691300328,NaN,NaN,NaN,NaN,NaN,NaN,NaN,NaN,NaN
NaN,NaN,-0.00847631550762647,0.081747467260963,0.294984427207964,0.647943204690819,0.797134198835314,-0.00528588067390957,-0.550275845273669,NaN,NaN,NaN,NaN,NaN,NaN,NaN,NaN,NaN
NaN,NaN,-0.00855704254839414,0.0770124184006515,0.287290454769391,0.640802456488018,0.804166913619459,0.0162343763222452,-0.553425932123597,NaN,NaN,NaN,NaN,NaN,NaN,NaN,NaN,NaN
NaN,NaN,-0.0109595753941297,0.0728414716237845,0.278361623102683,0.628544053484802,0.808955401769102,0.0359628245641943,-0.554279899045165,NaN,NaN,NaN,NaN,NaN,NaN,NaN,NaN,NaN
NaN,NaN,-0.0163759239706754,0.0696038404518428,0.272750069314498,0.623105092396145,0.814816866656959,0.0528737239947077,-0.556130660518344,NaN,NaN,NaN,NaN,NaN,NaN,NaN,NaN,NaN
NaN,NaN,-0.0188306108805894,0.0598757850045028,0.263767109179753,0.612042637963896,0.820817098608434,0.0741239533235784,-0.55702717025512,NaN,NaN,NaN,NaN,NaN,NaN,NaN,NaN,NaN
NaN,NaN,-0.0225219451579809,0.0573836403006377,0.257137135529774,0.602025947024231,0.823706843545854,0.0940176926960703,-0.555354347273048,NaN,NaN,NaN,NaN,NaN,NaN,NaN,NaN,NaN
NaN,NaN,-0.0229686633441209,0.0505618142002883,0.249578055852908,0.593743956138496,0.828559034159601,0.114581313770032,-0.557763511135514,NaN,NaN,NaN,NaN,NaN,NaN,NaN,NaN,NaN
NaN,NaN,-0.0259673543963193,0.0482138941103282,0.240649261439103,0.583681574513321,0.831521124234617,0.1349440671911,-0.557874822809633,NaN,NaN,NaN,NaN,NaN,NaN,NaN,NaN,NaN
NaN,NaN,-0.0284512103292703,0.0431340137535396,0.235894524419564,0.57573875268281,0.834742140611828,0.151973896514392,-0.559747488989766,NaN,NaN,NaN,NaN,NaN,NaN,NaN,NaN,NaN
NaN,NaN,-0.0313021936211347,0.0358599001580539,0.225186512732762,0.564751921643619,0.83704353182596,0.172830735187745,-0.559912835999664,NaN,NaN,NaN,NaN,NaN,NaN,NaN,NaN,NaN
NaN,NaN,-0.0317104295584916,0.0342651778870883,0.218110789472121,0.553921143015032,0.836253677150429,0.191901949088788,-0.558671848668988,NaN,NaN,NaN,NaN,NaN,NaN,NaN,NaN,NaN
NaN,NaN,-0.0346252643260717,0.0265981020444694,0.209826507532853,0.546632277269964,0.83770680113715,0.210929241817212,-0.558341210528549,NaN,NaN,NaN,NaN,NaN,NaN,NaN,NaN,NaN
NaN,NaN,-0.0358784147295713,0.025155408870584,0.203172487133997,0.536021905441885,0.838679642072141,0.232221119891619,-0.556878046884473,NaN,NaN,NaN,NaN,NaN,NaN,NaN,NaN,NaN
NaN,NaN,-0.0400394522342443,0.0185520896726909,0.197284032517928,0.525514798660879,0.83849976643008,0.249517940770602,-0.555546702637609,NaN,NaN,NaN,NaN,NaN,NaN,NaN,NaN,NaN
NaN,NaN,-0.0420039095673322,0.0133809397035899,0.188319438064354,0.515589731236105,0.837428745469272,0.270704244117951,-0.553895169689592,NaN,NaN,NaN,NaN,NaN,NaN,NaN,NaN,NaN
NaN,NaN,-0.0420828857216596,0.0100819530004325,0.180968266839045,0.505000183780794,0.834898174395979,0.288704325299477,-0.550408204837974,NaN,NaN,NaN,NaN,NaN,NaN,NaN,NaN,NaN
NaN,NaN,-0.0448002428505182,0.00544143338144446,0.173208021486062,0.49854762708128,0.833853155961454,0.309113309573149,-0.547496164038118,NaN,NaN,NaN,NaN,NaN,NaN,NaN,NaN,NaN
NaN,NaN,-0.045699229905343,0.00177543107808257,0.166477185601252,0.486668514509802,0.833173420867145,0.330771588574862,-0.544436527236636,NaN,NaN,NaN,NaN,NaN,NaN,NaN,NaN,NaN
NaN,NaN,-0.0500633143577337,-0.00327967609822129,0.160392017030972,0.475199239750509,0.830927871754587,0.350164686184144,-0.539301531209882,NaN,NaN,NaN,NaN,NaN,NaN,NaN,NaN,NaN
NaN,NaN,-0.0503793679866552,-0.00725351776539659,0.151980088019627,0.466913504948025,0.82699195354265,0.368825224082684,-0.537870777591403,NaN,NaN,NaN,NaN,NaN,NaN,NaN,NaN,NaN
NaN,NaN,-0.0502889179382085,-0.0107877751773534,0.143209301793831,0.454337148417835,0.821614906778753,0.387121372710681,-0.530846966251071,NaN,NaN,NaN,NaN,NaN,NaN,NaN,NaN,NaN
NaN,NaN,-0.0521664828750848,-0.0138710675722299,0.136822906250018,0.446924193252926,0.817110937675655,0.405889087211108,-0.526972738846477,NaN,NaN,NaN,NaN,NaN,NaN,NaN,NaN,NaN
NaN,NaN,-0.0527890161368608,-0.0174762172585664,0.130328775310772,0.431387292643194,0.814390320917785,0.425898403715109,-0.522072287096914,NaN,NaN,NaN,NaN,NaN,NaN,NaN,NaN,NaN
NaN,NaN,-0.0566360489222764,-0.020199441719645,0.126157120728749,0.42197234784544,0.80926841928643,0.444880676310277,-0.516425901844438,NaN,NaN,NaN,NaN,NaN,NaN,NaN,NaN,NaN
NaN,NaN,-0.0575802796277761,-0.0247980145698724,0.116390452647465,0.413863452573423,0.805230428120315,0.463745639513945,-0.513510396524604,NaN,NaN,NaN,NaN,NaN,NaN,NaN,NaN,NaN
NaN,NaN,-0.0567695633265733,-0.0270468046849904,0.108999811971444,0.403027533044224,0.799638357600391,0.481741809140658,-0.502810412838395,NaN,NaN,NaN,NaN,NaN,NaN,NaN,NaN,NaN
NaN,NaN,-0.0584601559433698,-0.0305998561865029,0.103792843336123,0.392766407181625,0.793643732210815,0.499681317101931,-0.49843379278415,NaN,NaN,NaN,NaN,NaN,NaN,NaN,NaN,NaN
NaN,NaN,-0.0598967582676172,-0.0333333251959023,0.0969612942280946,0.377493499268894,0.788944427510917,0.51942773986957,-0.492078577920135,NaN,NaN,NaN,NaN,NaN,NaN,NaN,NaN,NaN
NaN,NaN,-0.0619255513641595,-0.0361354326790509,0.0904723600688158,0.368606968273525,0.781230524769247,0.535980266373372,-0.485921902402576,NaN,NaN,NaN,NaN,NaN,NaN,NaN,NaN,NaN
NaN,NaN,-0.0618470781240224,-0.0401556169575391,0.082464550549048,0.359789783557062,0.773483057161987,0.552045245509362,-0.47951563243502,NaN,NaN,NaN,NaN,NaN,NaN,NaN,NaN,NaN
NaN,NaN,-0.0606811740193128,-0.0406175157016454,0.073908732199925,0.347652210344677,0.767018039366424,0.569353074621176,-0.467564901157554,NaN,NaN,NaN,NaN,NaN,NaN,NaN,NaN,NaN
NaN,NaN,-0.0637880475017785,-0.0454822046643433,0.0696440571191488,0.335311832328443,0.760855813166321,0.586616777669406,-0.461470288976367,NaN,NaN,NaN,NaN,NaN,NaN,NaN,NaN,NaN
NaN,NaN,-0.065676173636651,-0.0477525642102895,0.0621185236814199,0.322465969671612,0.754885905077875,0.604767639975762,-0.452751302912172,NaN,NaN,NaN,NaN,NaN,NaN,NaN,NaN,NaN
NaN,NaN,-0.0676761888656377,-0.0509251331871686,0.0543546275439439,0.313768590291147,0.744056504806698,0.618823532800889,-0.445049656375583,NaN,NaN,NaN,NaN,NaN,NaN,NaN,NaN,NaN
NaN,NaN,-0.0678867981526613,-0.0551059519833264,0.0486867473664461,0.306924542834167,0.736309651872337,0.632222191285109,-0.436744959845479,NaN,NaN,NaN,NaN,NaN,NaN,NaN,NaN,NaN
NaN,NaN,-0.0668353535923719,-0.0558574547952351,0.0400962651910959,0.293212829579716,0.730070535680473,0.650297933112597,-0.42327429149979,NaN,NaN,NaN,NaN,NaN,NaN,NaN,NaN,NaN
NaN,NaN,-0.0698706642482042,-0.0587964480704007,0.0369564973952947,0.280905159612303,0.721657079300106,0.666484431218123,-0.41561844740742,NaN,NaN,NaN,NaN,NaN,NaN,NaN,NaN,NaN
NaN,NaN,-0.071853468636012,-0.0617764567917523,0.0298534677567659,0.271719469179516,0.716915306290806,0.684542291652178,-0.404226658686336,NaN,NaN,NaN,NaN,NaN,NaN,NaN,NaN,NaN
NaN,NaN,-0.0722379744741678,-0.0645554861015019,0.0246967905404745,0.263810975899105,0.703815211197555,0.696734216850018,-0.394344338967737,NaN,NaN,NaN,NaN,NaN,NaN,NaN,NaN,NaN
NaN,NaN,-0.0719518349263429,-0.066161160725945,0.0196037040295778,0.256698856552248,0.695881162425697,0.70981672857306,-0.381876407011684,NaN,NaN,NaN,NaN,NaN,NaN,NaN,NaN,NaN
NaN,NaN,-0.0690651261005163,-0.0672912089115319,0.0109719083848177,0.241918990810518,0.687514048656643,0.726807870756602,-0.368770500465568,NaN,NaN,NaN,NaN,NaN,NaN,NaN,NaN,NaN
NaN,NaN,-0.0717254304084539,-0.0682433744853673,0.0109333888831316,0.232305655677919,0.678103834977567,0.741080705862259,-0.35857540537351,NaN,NaN,NaN,NaN,NaN,NaN,NaN,NaN,NaN
NaN,NaN,-0.0725892507228612,-0.0714623047000108,0.00337499838497024,0.225056743671303,0.670897521665514,0.755822052102303,-0.346925584419902,NaN,NaN,NaN,NaN,NaN,NaN,NaN,NaN,NaN
NaN,NaN,-0.0718322717342138,-0.0731670906728444,0.000652146452921443,0.218977386553888,0.657671474507272,0.765969631116604,-0.333834411396917,NaN,NaN,NaN,NaN,NaN,NaN,NaN,NaN,NaN
NaN,NaN,-0.0725635462198018,-0.0744008881932435,-0.00366870600555558,0.211006476034527,0.649934363207042,0.779191170673584,-0.320216724469598,NaN,NaN,NaN,NaN,NaN,NaN,NaN,NaN,NaN
NaN,NaN,-0.0680591114554166,-0.0740116698628602,-0.00994006458495278,0.196178870697622,0.641230073413074,0.792666458379244,-0.306534832163986,NaN,NaN,NaN,NaN,NaN,NaN,NaN,NaN,NaN
NaN,NaN,-0.0719915465209245,-0.0762577218896088,-0.00962233457539696,0.189485008319025,0.630704116663158,0.805842493515229,-0.29486893658274,NaN,NaN,NaN,NaN,NaN,NaN,NaN,NaN,NaN
NaN,NaN,-0.0696973637435197,-0.0784999554938016,-0.0164205982146086,0.1811875388521,0.621114642014921,0.815653455298161,-0.283015081479486,NaN,NaN,NaN,NaN,NaN,NaN,NaN,NaN,NaN
NaN,NaN,-0.0697538577708959,-0.0792518680876431,-0.0181053421256365,0.174129287202959,0.607189134350241,0.824749906401848,-0.268085328682597,NaN,NaN,NaN,NaN,NaN,NaN,NaN,NaN,NaN
NaN,NaN,-0.068552190879321,-0.0780643572992024,-0.0235504313168349,0.164050290783052,0.599425908765018,0.833806441019988,-0.255739772512849,NaN,NaN,NaN,NaN,NaN,NaN,NaN,NaN,NaN
NaN,NaN,-0.0664993510339021,-0.0796927748209176,-0.0282751797494711,0.15130102490366,0.590316698542059,0.844545242231106,-0.242206686928209,NaN,NaN,NaN,NaN,NaN,NaN,NaN,NaN,NaN
NaN,NaN,-0.069981212237811,-0.0822138277774987,-0.0303315958735766,0.145012213339214,0.577962257554949,0.854603283893084,-0.230619022443231,NaN,NaN,NaN,NaN,NaN,NaN,NaN,NaN,NaN
NaN,NaN,-0.0691663422379255,-0.0845826653724847,-0.0352634331939043,0.137167292137747,0.565438986411512,0.858829681616044,-0.217757252796825,NaN,NaN,NaN,NaN,NaN,NaN,NaN,NaN,NaN
NaN,NaN,-0.0687805325481653,-0.0848347185140786,-0.0380112818238558,0.129215529610519,0.551958371540726,0.867632579844212,-0.202880790277656,NaN,NaN,NaN,NaN,NaN,NaN,NaN,NaN,NaN
NaN,NaN,-0.0681915641519784,-0.0846494039481816,-0.0430921866354765,0.119845418681507,0.544744216492594,0.872322869341588,-0.190976271226342,NaN,NaN,NaN,NaN,NaN,NaN,NaN,NaN,NaN
NaN,NaN,-0.0678066485318899,-0.0875050066000161,-0.0468964530882658,0.111124439587002,0.534912001928509,0.882078603695845,-0.17598430608147,NaN,NaN,NaN,NaN,NaN,NaN,NaN,NaN,NaN
NaN,NaN,-0.0700346515271425,-0.0889688407963452,-0.0483242637274088,0.105235035021906,0.52215929015559,0.888596744131064,-0.163413332595762,NaN,NaN,NaN,NaN,NaN,NaN,NaN,NaN,NaN
NaN,NaN,-0.0709487632605791,-0.0915787046736417,-0.0520107178745093,0.0992573038238333,0.510371577581585,0.891044855903601,-0.148932663544353,NaN,NaN,NaN,NaN,NaN,NaN,NaN,NaN,NaN
NaN,NaN,-0.0682039879951238,-0.0894227487927613,-0.0554570584354224,0.0900708497065352,0.497925345441521,0.89720028344891,-0.135027589096959,NaN,NaN,NaN,NaN,NaN,NaN,NaN,NaN,NaN
NaN,NaN,-0.0701020606550931,-0.0912548093086419,-0.0589907756802859,0.0816350415843772,0.490240052929342,0.898006324510788,-0.122317736788924,NaN,NaN,NaN,NaN,NaN,NaN,NaN,NaN,NaN
NaN,NaN,-0.06824837482903,-0.0930815612858472,-0.0621277122554602,0.0748491086560534,0.479374983003557,0.904327601980185,-0.107941804274257,NaN,NaN,NaN,NaN,NaN,NaN,NaN,NaN,NaN
NaN,NaN,-0.0709487446341276,-0.0943892126864133,-0.0620866968092741,0.0707216732698726,0.466717210253895,0.906725049804663,-0.0936623195254166,NaN,NaN,NaN,NaN,NaN,NaN,NaN,NaN,NaN
NaN,NaN,-0.0711218588742971,-0.0948067618495164,-0.0646151630935492,0.0666172601777362,0.457837496539772,0.909216747473692,-0.0792618932270367,NaN,NaN,NaN,NaN,NaN,NaN,NaN,NaN,NaN
NaN,NaN,-0.0680807740185022,-0.0939432581847844,-0.0667610234377207,0.0591617435711669,0.447847981592834,0.913147375773406,-0.0640179121934731,NaN,NaN,NaN,NaN,NaN,NaN,NaN,NaN,NaN
NaN,NaN,-0.0702119939718008,-0.0949345393067536,-0.0685190438089194,0.0536298551160144,0.43955475895685,0.912696503888583,-0.0496600845896561,NaN,NaN,NaN,NaN,NaN,NaN,NaN,NaN,NaN
NaN,NaN,-0.0661306590530633,-0.0958578152543244,-0.0705765775201144,0.0486326389509486,0.428265434345425,0.916010913293576,-0.0340765433453877,NaN,NaN,NaN,NaN,NaN,NaN,NaN,NaN,NaN
NaN,NaN,-0.0694413990471124,-0.0959561256653008,-0.071055705731851,0.043380687435274,0.414804582139671,0.917053622048115,-0.0190438421511014,NaN,NaN,NaN,NaN,NaN,NaN,NaN,NaN,NaN
NaN,NaN,-0.066035794535613,-0.0947960330134568,-0.0728656939027132,0.0390446730452823,0.403967805793703,0.914667368720984,-0.00659133289688422,NaN,NaN,NaN,NaN,NaN,NaN,NaN,NaN,NaN
NaN,NaN,-0.0647719339225053,-0.0943067533856568,-0.0760917021689238,0.0307997115451144,0.394030910572231,0.914111946563935,0.0097997022724788,NaN,NaN,NaN,NaN,NaN,NaN,NaN,NaN,NaN
NaN,NaN,-0.0659539685342073,-0.0940078174656568,-0.0757482676563086,0.0276037849980639,0.383573480537355,0.909764886688208,0.0229347778416316,NaN,NaN,NaN,NaN,NaN,NaN,NaN,NaN,NaN
NaN,NaN,-0.0641004317197561,-0.0960782779341874,-0.0783392443117918,0.022763086904888,0.37285207643193,0.910105117451167,0.0395615866339843,NaN,NaN,NaN,NaN,NaN,NaN,NaN,NaN,NaN
NaN,NaN,-0.066750193456149,-0.0948542593008218,-0.0778089864907088,0.0174400568503188,0.358560018828333,0.905652669112896,0.0532325824654739,NaN,NaN,NaN,NaN,NaN,NaN,NaN,NaN,NaN
NaN,NaN,-0.0637825713250398,-0.094862287301415,-0.0795950955507578,0.0137130901712226,0.34953963815254,0.899564501683926,0.0658968930996101,NaN,NaN,NaN,NaN,NaN,NaN,NaN,NaN,NaN
NaN,NaN,-0.0642909616920709,-0.0945530137008367,-0.0829777895269217,0.00698193763673772,0.338052016338528,0.8954589710047,0.0831336436725299,NaN,NaN,NaN,NaN,NaN,NaN,NaN,NaN,NaN
NaN,NaN,-0.065295784244275,-0.0945245524829564,-0.0831478862819495,0.00517777954519261,0.327677213242472,0.888382949720835,0.0963774977183978,NaN,NaN,NaN,NaN,NaN,NaN,NaN,NaN,NaN
NaN,NaN,-0.065047512272334,-0.0962546890562711,-0.0858529872057261,-0.00081487144052516,0.317029011091411,0.885689397196984,0.113589475110833,NaN,NaN,NaN,NaN,NaN,NaN,NaN,NaN,NaN
NaN,NaN,-0.0652701169941186,-0.0949827073103127,-0.0859083263931097,-0.00483090202033053,0.304308988740862,0.878864926140522,0.126610985205237,NaN,NaN,NaN,NaN,NaN,NaN,NaN,NaN,NaN
NaN,NaN,-0.063997520575261,-0.0959446517711816,-0.0886875978467287,-0.00813368851959239,0.294712696811378,0.869735934626078,0.141279371634785,NaN,NaN,NaN,NaN,NaN,NaN,NaN,NaN,NaN
NaN,NaN,-0.0629880786630868,-0.0952412610834775,-0.091446901744348,-0.014585686425562,0.28276405169648,0.86441903267405,0.157581521377627,NaN,NaN,NaN,NaN,NaN,NaN,NaN,NaN,NaN
NaN,NaN,-0.0635516033265352,-0.0945859266406236,-0.0915494589862647,-0.0165816224616719,0.271661382755459,0.854831551056122,0.173856252983872,NaN,NaN,NaN,NaN,NaN,NaN,NaN,NaN,NaN
NaN,NaN,-0.0636859372946977,-0.0956616787201104,-0.0937796040234389,-0.0209886222583009,0.262755182227314,0.850584943633294,0.188682889745299,NaN,NaN,NaN,NaN,NaN,NaN,NaN,NaN,NaN
NaN,NaN,-0.0633710571322202,-0.0955007461792169,-0.0936017400381388,-0.0236396878462983,0.252237532874763,0.843180575262522,0.203506024733845,NaN,NaN,NaN,NaN,NaN,NaN,NaN,NaN,NaN
NaN,NaN,-0.0634117186758279,-0.0960615141278443,-0.095839149391395,-0.0255380957823945,0.243797626933277,0.833663278113818,0.219985963956181,NaN,NaN,NaN,NaN,NaN,NaN,NaN,NaN,NaN
NaN,NaN,-0.06233607835505,-0.096343220580214,-0.0983829266187968,-0.0313466988009168,0.233489543786466,0.826813214313006,0.238190451816384,NaN,NaN,NaN,NaN,NaN,NaN,NaN,NaN,NaN
NaN,NaN,-0.0642362744304895,-0.0951332090383706,-0.098683948701364,-0.033363608221407,0.223192021837652,0.816879243444418,0.25451724435455,NaN,NaN,NaN,NaN,NaN,NaN,NaN,NaN,NaN
NaN,NaN,-0.0628829695973157,-0.096879718262547,-0.101347624397022,-0.0376814618211938,0.216755018225134,0.811278586130356,0.270023727968995,NaN,NaN,NaN,NaN,NaN,NaN,NaN,NaN,NaN
NaN,NaN,-0.0616073743197679,-0.0963926365560231,-0.102166573589784,-0.040404444138403,0.205526136448801,0.803067226748681,0.287869638011519,NaN,NaN,NaN,NaN,NaN,NaN,NaN,NaN,NaN
NaN,NaN,-0.0611324929389715,-0.0950031591540513,-0.103748760258895,-0.0415156796079827,0.198171295812547,0.79191126752994,0.30475280265576,NaN,NaN,NaN,NaN,NaN,NaN,NaN,NaN,NaN
NaN,NaN,-0.0601011835727453,-0.0951226850932775,-0.105515386050683,-0.0469882986944867,0.187796716233909,0.78479486409924,0.321850041107003,NaN,NaN,NaN,NaN,NaN,NaN,NaN,NaN,NaN
NaN,NaN,-0.0603914768192529,-0.0929130477791963,-0.104985575264436,-0.048554634253378,0.17912099941653,0.774072938453173,0.338741159246031,NaN,NaN,NaN,NaN,NaN,NaN,NaN,NaN,NaN
NaN,NaN,-0.0593118318114042,-0.0965364700144467,-0.107477552330238,-0.0522201708954526,0.172903452655495,0.765463904332137,0.354381082758967,NaN,NaN,NaN,NaN,NaN,NaN,NaN,NaN,NaN
NaN,NaN,-0.0577544183227777,-0.0945866903251348,-0.10769950512622,-0.0555362008017255,0.161791489115179,0.755583912919974,0.373055106208388,NaN,NaN,NaN,NaN,NaN,NaN,NaN,NaN,NaN
NaN,NaN,-0.0577425160202741,-0.0949294356590447,-0.10898648116563,-0.0573871299129678,0.155134954145372,0.745230213593459,0.389995956972901,NaN,NaN,NaN,NaN,NaN,NaN,NaN,NaN,NaN
NaN,NaN,-0.0564073719773054,-0.0932938655799565,-0.109616856163484,-0.0613282449048711,0.145983704021395,0.737068288814044,0.406083287850682,NaN,NaN,NaN,NaN,NaN,NaN,NaN,NaN,NaN
NaN,NaN,-0.0553210400733709,-0.0920230573004422,-0.108863937741262,-0.0617542691034032,0.140351996412695,0.726659119914984,0.423932383016412,NaN,NaN,NaN,NaN,NaN,NaN,NaN,NaN,NaN
NaN,NaN,-0.0539016858432054,-0.0947041673546967,-0.111164099609596,-0.0659776679676725,0.132560439994753,0.71708752666018,0.439771311537091,NaN,NaN,NaN,NaN,NaN,NaN,NaN,NaN,NaN
NaN,NaN,-0.0506738149318456,-0.0920596396511731,-0.112069177514059,-0.068601725201006,0.123296388080538,0.707055226754164,0.457995617941682,NaN,NaN,NaN,NaN,NaN,NaN,NaN,NaN,NaN
NaN,NaN,-0.0517183118257284,-0.0918757406955895,-0.113499688988668,-0.0715701668959809,0.115205411454857,0.693967033963418,0.472001293853585,NaN,NaN,NaN,NaN,NaN,NaN,NaN,NaN,NaN
NaN,NaN,-0.0479065575394391,-0.0892606427854238,-0.113178978746873,-0.0748666017752839,0.107882459303558,0.684514538239455,0.486949468210999,NaN,NaN,NaN,NaN,NaN,NaN,NaN,NaN,NaN
NaN,NaN,-0.0480580837223291,-0.0881805693691907,-0.113754554724437,-0.0756862773996545,0.10158537759465,0.671215382259106,0.504572084353034,NaN,NaN,NaN,NaN,NaN,NaN,NaN,NaN,NaN
NaN,NaN,-0.0456742145809888,-0.0908402962571321,-0.11424636754964,-0.0780135407549096,0.0956594651846293,0.661867101531243,0.519425077543322,NaN,NaN,NaN,NaN,NaN,NaN,NaN,NaN,NaN
NaN,NaN,-0.0439816661867856,-0.0876797785943685,-0.115102700030548,-0.0807374916475965,0.0893110117225054,0.652879466157174,0.537168132320706,NaN,NaN,NaN,NaN,NaN,NaN,NaN,NaN,NaN
NaN,NaN,-0.0459721446726083,-0.0867144999986825,-0.114314875638229,-0.0830640844505979,0.0810588045327071,0.639546484540915,0.549046034172837,NaN,NaN,NaN,NaN,NaN,NaN,NaN,NaN,NaN
NaN,NaN,-0.0427679107281923,-0.0862499935513673,-0.116179197168094,-0.0847815177839948,0.0764879478423003,0.629692775051808,0.565411737368171,NaN,NaN,NaN,NaN,NaN,NaN,NaN,NaN,NaN
NaN,NaN,-0.0416420721206426,-0.0863350978082356,-0.117679613715154,-0.0882394253712846,0.0685738852528933,0.617041894089198,0.581513410613601,NaN,NaN,NaN,NaN,NaN,NaN,NaN,NaN,NaN
NaN,NaN,-0.03886799744699,-0.0879164835399327,-0.117717052882654,-0.0893472335737897,0.0644374532906416,0.607197330187773,0.59479896928436,NaN,NaN,NaN,NaN,NaN,NaN,NaN,NaN,NaN
NaN,NaN,-0.0374139421376943,-0.0836082225626645,-0.117535687124473,-0.0921393945318414,0.0576465098468665,0.597064298432088,0.610644603327576,NaN,NaN,NaN,NaN,NaN,NaN,NaN,NaN,NaN
NaN,NaN,-0.0384240173492193,-0.0829404456502137,-0.116126260792953,-0.0934851370257093,0.0511548189727667,0.583550379466033,0.620615491823022,NaN,NaN,NaN,NaN,NaN,NaN,NaN,NaN,NaN
NaN,NaN,-0.0346907176766157,-0.0816774232274232,-0.11892423320387,-0.0943531110387994,0.0466045258848074,0.573849947046256,0.635681608871285,NaN,NaN,NaN,NaN,NaN,NaN,NaN,NaN,NaN
NaN,NaN,-0.0336947240624189,-0.0833151539748845,-0.118970724826795,-0.0980287990969373,0.0382617196349505,0.561656364094233,0.65033148060805,NaN,NaN,NaN,NaN,NaN,NaN,NaN,NaN,NaN
NaN,NaN,-0.0322017767224073,-0.0831999866253076,-0.118631835168344,-0.0980947926145745,0.0343727587072256,0.552072421502089,0.662550674930875,NaN,NaN,NaN,NaN,NaN,NaN,NaN,NaN,NaN
NaN,NaN,-0.0311635196897745,-0.079001509953135,-0.119337554162485,-0.101163630883093,0.0281264154521826,0.541147616546368,0.676132394180362,NaN,NaN,NaN,NaN,NaN,NaN,NaN,NaN,NaN
NaN,NaN,-0.0323706813845395,-0.0795876285022435,-0.117971899991971,-0.0991055570048047,0.0238314165083769,0.528493736725068,0.68689540977842,NaN,NaN,NaN,NaN,NaN,NaN,NaN,NaN,NaN
NaN,NaN,-0.0277837314400434,-0.0777459381109414,-0.12040404889558,-0.100727809171076,0.0202990031151179,0.519073949049925,0.701400274590318,NaN,NaN,NaN,NaN,NaN,NaN,NaN,NaN,NaN
NaN,NaN,-0.025517600098586,-0.079125040579432,-0.118329844510299,-0.103852210144396,0.0141126929132345,0.508603964786744,0.715084625587527,NaN,NaN,NaN,NaN,NaN,NaN,NaN,NaN,NaN
NaN,NaN,-0.0236396626326799,-0.0754478437787232,-0.117914381509763,-0.102305562744732,0.0103431834189299,0.498348054330563,0.726747093901698,NaN,NaN,NaN,NaN,NaN,NaN,NaN,NaN,NaN
NaN,NaN,-0.0216541574094056,-0.0728015651887593,-0.119082669800264,-0.106996839444037,0.00447944610399038,0.485817928652978,0.736922463581626,NaN,NaN,NaN,NaN,NaN,NaN,NaN,NaN,NaN
NaN,NaN,-0.0202443958017587,-0.0706596722787557,-0.117333273476106,-0.105769449422951,-0.000806312421142749,0.472830113809323,0.746531365618769,NaN,NaN,NaN,NaN,NaN,NaN,NaN,NaN,NaN
NaN,NaN,-0.0158620388004541,-0.0706099210268197,-0.118149577712757,-0.108131078581209,-0.00417552084642618,0.462699522118783,0.757751921371285,NaN,NaN,NaN,NaN,NaN,NaN,NaN,NaN,NaN
NaN,NaN,-0.0138912671003103,-0.0694230062848268,-0.115031491106492,-0.108555780301685,-0.0087957376332876,0.453022279631114,0.76908205653793,NaN,NaN,NaN,NaN,NaN,NaN,NaN,NaN,NaN
NaN,NaN,-0.0140795432719945,-0.0659828683322606,-0.113586823528749,-0.1072173021239,-0.0116702275069353,0.441751171689248,0.778502850041453,NaN,NaN,NaN,NaN,NaN,NaN,NaN,NaN,NaN
NaN,NaN,-0.0117047638389825,-0.063109328407639,-0.115572813039762,-0.109025185505743,-0.0162708120139238,0.430446368496632,0.787286972806517,NaN,NaN,NaN,NaN,NaN,NaN,NaN,NaN,NaN
NaN,NaN,-0.00909480682942861,-0.0615079751199422,-0.112984872495872,-0.107993298719521,-0.0220226043553945,0.417796064954018,0.795840332464043,NaN,NaN,NaN,NaN,NaN,NaN,NaN,NaN,NaN
NaN,NaN,-0.00675383440587515,-0.0621840966826615,-0.113554823285085,-0.109643807212706,-0.0239720301421282,0.409194053005194,0.80517468060619,NaN,NaN,NaN,NaN,NaN,NaN,NaN,NaN,NaN
NaN,NaN,-0.00253490588996404,-0.0583712434357343,-0.111435654645902,-0.110220817427034,-0.0288123929591772,0.398892302851891,0.814423980370824,NaN,NaN,NaN,NaN,NaN,NaN,NaN,NaN,NaN
NaN,NaN,-0.00438741824958318,-0.055018612552279,-0.109851009285194,-0.109161028216477,-0.0327690424116251,0.386495468061185,0.821047211245362,NaN,NaN,NaN,NaN,NaN,NaN,NaN,NaN,NaN
NaN,NaN,0.00032501809861666,-0.0511940246409116,-0.110584667956573,-0.110919011334772,-0.0376965583952066,0.375361748825526,0.827308232144181,NaN,NaN,NaN,NaN,NaN,NaN,NaN,NaN,NaN
NaN,NaN,0.000794088026547492,-0.0509780323094067,-0.107686503863079,-0.110234582374687,-0.0430218981297609,0.363489975075936,0.833681198016469,NaN,NaN,NaN,NaN,NaN,NaN,NaN,NaN,NaN
NaN,NaN,0.00211002819802767,-0.0511752119249043,-0.109522643571836,-0.111027100632782,-0.0454604545326826,0.353822921257233,0.84026989544994,NaN,NaN,NaN,NaN,NaN,NaN,NaN,NaN,NaN
NaN,NaN,0.00429930680062777,-0.0486343404239354,-0.107169023787719,-0.11194085846364,-0.0493266166837808,0.342556600313401,0.847280537889067,NaN,NaN,NaN,NaN,NaN,NaN,NaN,NaN,NaN
NaN,NaN,0.00275966294672495,-0.0459959221965012,-0.107304438090068,-0.110681524078245,-0.0540626527460214,0.330760319571709,0.849862331703965,NaN,NaN,NaN,NaN,NaN,NaN,NaN,NaN,NaN
NaN,NaN,0.00684930526282793,-0.0435225157028375,-0.107754266893608,-0.111836680720444,-0.0575089374275801,0.321034499298548,0.85386413167483,NaN,NaN,NaN,NaN,NaN,NaN,NaN,NaN,NaN
NaN,NaN,0.00655022033121592,-0.0431702708786664,-0.103406163936597,-0.111776070247288,-0.0622645871432421,0.311024122725939,0.859154788956706,NaN,NaN,NaN,NaN,NaN,NaN,NaN,NaN,NaN
NaN,NaN,0.00903508209254748,-0.0413019819146333,-0.104911590999109,-0.111487639645929,-0.0648439036400911,0.300985508452868,0.863734064803187,NaN,NaN,NaN,NaN,NaN,NaN,NaN,NaN,NaN
NaN,NaN,0.00985911630656725,-0.0401609068697629,-0.103270954525215,-0.112370831469889,-0.0695725263746378,0.290432617854094,0.868619186983172,NaN,NaN,NaN,NaN,NaN,NaN,NaN,NaN,NaN
NaN,NaN,0.0101525201704741,-0.0360474226957498,-0.10359429109667,-0.113072769294376,-0.0745712326558229,0.27913357023499,0.868674712435071,NaN,NaN,NaN,NaN,NaN,NaN,NaN,NaN,NaN
NaN,NaN,0.0146848759856463,-0.0350206395572362,-0.101437441146118,-0.114909560928936,-0.0774736249538061,0.270423115085578,0.871997503743235,NaN,NaN,NaN,NaN,NaN,NaN,NaN,NaN,NaN
NaN,NaN,0.013029058953786,-0.0322290001398263,-0.0983247934636893,-0.113889669577475,-0.0834990584941503,0.260317799489712,0.873966003016297,NaN,NaN,NaN,NaN,NaN,NaN,NaN,NaN,NaN
NaN,NaN,0.0162268667724372,-0.0305970063394246,-0.0975255696830573,-0.111955200831289,-0.0834078820140955,0.249741029780125,0.875796145007674,NaN,NaN,NaN,NaN,NaN,NaN,NaN,NaN,NaN
NaN,NaN,0.0175058706906081,-0.0266600822991071,-0.0964479177055182,-0.113224109212752,-0.0881585025878546,0.24049569744966,0.87799160759217,NaN,NaN,NaN,NaN,NaN,NaN,NaN,NaN,NaN
NaN,NaN,0.0189287639465571,-0.0241191921716866,-0.0949596269783797,-0.113269986162777,-0.0909556740613577,0.232289162318921,0.878314366743628,NaN,NaN,NaN,NaN,NaN,NaN,NaN,NaN,NaN
NaN,NaN,0.0209530866947413,-0.0231541370934186,-0.0926025240478339,-0.115282108585234,-0.0937642635496256,0.224648815434193,0.879930863336388,NaN,NaN,NaN,NaN,NaN,NaN,NaN,NaN,NaN
NaN,NaN,0.0200498341825247,-0.0196307389026818,-0.0905761896428885,-0.114705899308319,-0.0990691141875383,0.215394039492821,0.880456557676856,NaN,NaN,NaN,NaN,NaN,NaN,NaN,NaN,NaN
NaN,NaN,0.022646789928937,-0.0177543474322495,-0.0884479871747317,-0.113072117368574,-0.099981717178404,0.206051607470727,0.880830129787986,NaN,NaN,NaN,NaN,NaN,NaN,NaN,NaN,NaN
NaN,NaN,0.0260149738993884,-0.0117338126486478,-0.0874439841863932,-0.11499909828126,-0.104127052584469,0.198419120948529,0.880674449906413,NaN,NaN,NaN,NaN,NaN,NaN,NaN,NaN,NaN
NaN,NaN,0.0280310451295615,-0.0101260146087346,-0.0821724376437487,-0.114902091721888,-0.106197289535582,0.189955149631714,0.879535759047333,NaN,NaN,NaN,NaN,NaN,NaN,NaN,NaN,NaN
NaN,NaN,0.0293167173173667,-0.00807991753875588,-0.081213901823503,-0.115455539475079,-0.108161597857058,0.181491625349736,0.876012286350791,NaN,NaN,NaN,NaN,NaN,NaN,NaN,NaN,NaN
NaN,NaN,0.0274527124371768,-0.00611424948632096,-0.0791329360363306,-0.114055538128014,-0.113842982211888,0.172479924600339,0.873949481353823,NaN,NaN,NaN,NaN,NaN,NaN,NaN,NaN,NaN
NaN,NaN,0.029935860564971,-0.00406666230022286,-0.0784950359520735,-0.112877042542095,-0.115233279177725,0.161659595411038,0.870762532756392,NaN,NaN,NaN,NaN,NaN,NaN,NaN,NaN,NaN
NaN,NaN,0.0323008052315951,-0.000458606887453542,-0.0774502224085154,-0.11668985853612,-0.118251695642054,0.157835696678376,0.86966262216932,NaN,NaN,NaN,NaN,NaN,NaN,NaN,NaN,NaN
NaN,NaN,0.0319054029193164,5.75134569468644e-05,-0.0725028506276431,-0.117415563712711,-0.118735592225372,0.150511571060633,0.866446150646273,NaN,NaN,NaN,NaN,NaN,NaN,NaN,NaN,NaN
NaN,NaN,0.032060132851863,0.00253024939835693,-0.0723314686474623,-0.116434396753903,-0.119184079924404,0.143158537190175,0.8616728803075,NaN,NaN,NaN,NaN,NaN,NaN,NaN,NaN,NaN
NaN,NaN,0.0316231190469504,0.00454913322270538,-0.0695894314703764,-0.115715266714687,-0.125416844496309,0.134893012087559,0.857388852343623,NaN,NaN,NaN,NaN,NaN,NaN,NaN,NaN,NaN
NaN,NaN,0.0339430063274146,0.00644444916785384,-0.0697953282651724,-0.114523229698534,-0.125015612104714,0.125976213108515,0.853470815525119,NaN,NaN,NaN,NaN,NaN,NaN,NaN,NaN,NaN
NaN,NaN,0.0353273800816775,0.00784202907622482,-0.0679668440279784,-0.1194193414849,-0.127721420833647,0.122663368325448,0.850400431261126,NaN,NaN,NaN,NaN,NaN,NaN,NaN,NaN,NaN
NaN,NaN,0.0351809761729479,0.0097300434523883,-0.0636545224842848,-0.118820743213291,-0.128976527014553,0.113726843934273,0.845273817137543,NaN,NaN,NaN,NaN,NaN,NaN,NaN,NaN,NaN
NaN,NaN,0.0344420834686995,0.0114662895017924,-0.0633722199854674,-0.117551369170542,-0.131006828853666,0.106773664098,0.838466873571936,NaN,NaN,NaN,NaN,NaN,NaN,NaN,NaN,NaN
NaN,NaN,0.0350051052179576,0.0147373179012599,-0.0601248658058466,-0.116681644271011,-0.134629841306984,0.0988732733239885,0.833916338340108,NaN,NaN,NaN,NaN,NaN,NaN,NaN,NaN,NaN
NaN,NaN,0.0371194682326556,0.0166793862396541,-0.0582126184162917,-0.115219374696608,-0.132540307352125,0.093669750582194,0.828338759199445,NaN,NaN,NaN,NaN,NaN,NaN,NaN,NaN,NaN
NaN,NaN,0.0389465182330847,0.0176041150504413,-0.0554949818906607,-0.11916484827816,-0.132334075281202,0.0921074569632765,0.825059646920029,NaN,NaN,NaN,NaN,NaN,NaN,NaN,NaN,NaN
NaN,NaN,0.0378893926050902,0.0201374614650073,-0.0511012068745913,-0.116150175730581,-0.133896629670441,0.0844959810783621,0.81934007833964,NaN,NaN,NaN,NaN,NaN,NaN,NaN,NaN,NaN
NaN,NaN,0.0372380069699526,0.0211933950001063,-0.0507814465818228,-0.116280188361998,-0.136913760909617,0.0779256120731588,0.812612781480614,NaN,NaN,NaN,NaN,NaN,NaN,NaN,NaN,NaN
NaN,NaN,0.0412801332082987,0.0248961286658111,-0.0471301032957854,-0.114364420573111,-0.138374111959517,0.0720463961770292,0.808280864909951,NaN,NaN,NaN,NaN,NaN,NaN,NaN,NaN,NaN
NaN,NaN,0.0432598269787074,0.0270558843427959,-0.0453650048730196,-0.114647486756439,-0.136404159823239,0.0683007471670862,0.802513631240193,NaN,NaN,NaN,NaN,NaN,NaN,NaN,NaN,NaN
NaN,NaN,0.0455650179889441,0.0295716846400561,-0.0406136764941039,-0.115586334417458,-0.135496399709761,0.0652401604165789,0.795882931158606,NaN,NaN,NaN,NaN,NaN,NaN,NaN,NaN,NaN
NaN,NaN,0.0439089588132144,0.031991633217937,-0.0363571597990813,-0.112706517378683,-0.13793255330044,0.0577582315017935,0.789621276960437,NaN,NaN,NaN,NaN,NaN,NaN,NaN,NaN,NaN
NaN,NaN,0.0441681458857298,0.0333086537236037,-0.0356220110115828,-0.111335312525625,-0.140203490266382,0.0513992540945765,0.781680336401526,NaN,NaN,NaN,NaN,NaN,NaN,NaN,NaN,NaN
NaN,NaN,0.0481220945027114,0.0363326767498317,-0.0317037320492091,-0.111245905558462,-0.140210866341173,0.0481299207021948,0.776781914935176,NaN,NaN,NaN,NaN,NaN,NaN,NaN,NaN,NaN
NaN,NaN,0.0479760444965602,0.0372257219666305,-0.0298688775656046,-0.110331588934059,-0.137950714090645,0.0434708677639719,0.768361585394208,NaN,NaN,NaN,NaN,NaN,NaN,NaN,NaN,NaN
NaN,NaN,0.0487536243405581,0.0382616693192783,-0.0262960633990588,-0.110200812618132,-0.136377728888571,0.0405558839847799,0.760541474626128,NaN,NaN,NaN,NaN,NaN,NaN,NaN,NaN,NaN
NaN,NaN,0.0456460803058386,0.0401100838595691,-0.0230352236685576,-0.108013843695517,-0.139243389824211,0.0339307718386408,0.752499019906585,NaN,NaN,NaN,NaN,NaN,NaN,NaN,NaN,NaN
NaN,NaN,0.0479462980535269,0.0414732793384853,-0.0210645637271227,-0.106320512990351,-0.140011954465687,0.02810296494863,0.741935568109814,NaN,NaN,NaN,NaN,NaN,NaN,NaN,NaN,NaN
NaN,NaN,0.0509256734755278,0.0430925326460662,-0.0189127987978281,-0.106464849362965,-0.14060362369734,0.0258216157963034,0.734231611893241,NaN,NaN,NaN,NaN,NaN,NaN,NaN,NaN,NaN
NaN,NaN,0.0493808142152072,0.0434827754312816,-0.0163313961384119,-0.105575622568722,-0.137821893552124,0.0182575814833399,0.72297791968352,NaN,NaN,NaN,NaN,NaN,NaN,NaN,NaN,NaN
NaN,NaN,0.0499108485188723,0.0430248441213432,-0.0144783808646025,-0.105552376757259,-0.138529363432705,0.0152687810768839,0.713094165728156,NaN,NaN,NaN,NaN,NaN,NaN,NaN,NaN,NaN
NaN,NaN,0.0476620956566573,0.0458051959091487,-0.0111761345324339,-0.103168731133337,-0.142229023733914,0.00740894008777104,0.701877912685935,NaN,NaN,NaN,NaN,NaN,NaN,NaN,NaN,NaN
NaN,NaN,0.0494576483276129,0.0464570285791221,-0.00934956881974358,-0.0990506648522569,-0.141856811353743,0.0027107716014143,0.688391318724219,NaN,NaN,NaN,NaN,NaN,NaN,NaN,NaN,NaN
NaN,NaN,0.0510228662994147,0.0477013500446143,-0.00775600138877053,-0.0986437700194074,-0.141635361471951,-0.0010189145395998,0.678241783932511,NaN,NaN,NaN,NaN,NaN,NaN,NaN,NaN,NaN
NaN,NaN,0.0488493456747771,0.0465656394177737,-0.00492830116127152,-0.0959427855414106,-0.139769717464029,-0.0070180289039854,0.664768452004258,NaN,NaN,NaN,NaN,NaN,NaN,NaN,NaN,NaN
NaN,NaN,0.0494816578235865,0.0464082272762122,-0.00472728449676652,-0.0955501958233071,-0.140106688597977,-0.00937479655840434,0.654534856036965,NaN,NaN,NaN,NaN,NaN,NaN,NaN,NaN,NaN
NaN,NaN,0.0475496291425467,0.048230117749578,-0.000838547086459585,-0.0931317559879972,-0.142125982204258,-0.0144357524404768,0.643053660348717,NaN,NaN,NaN,NaN,NaN,NaN,NaN,NaN,NaN
NaN,NaN,0.0497668846752883,0.0490806015247169,0.000815183782833628,-0.0884848661225988,-0.140366713860809,-0.0186596169660334,0.628884723589484,NaN,NaN,NaN,NaN,NaN,NaN,NaN,NaN,NaN
NaN,NaN,0.0504306755271197,0.0512743504756751,0.00266175430442672,-0.0882692090672208,-0.138411830523789,-0.0221843003819231,0.618438823328082,NaN,NaN,NaN,NaN,NaN,NaN,NaN,NaN,NaN
NaN,NaN,0.0502100452091933,0.0509062731677356,0.00649984639312606,-0.0848936117690755,-0.138716503390848,-0.0282752804050688,0.604381160990063,NaN,NaN,NaN,NaN,NaN,NaN,NaN,NaN,NaN
NaN,NaN,0.0497646867540122,0.051945461522943,0.00898701783444267,-0.0834614239138318,-0.137216831901848,-0.0306128069350962,0.591653203771178,NaN,NaN,NaN,NaN,NaN,NaN,NaN,NaN,NaN
NaN,NaN,0.0497790291216613,0.0545518981331649,0.0125934154930292,-0.0793590783578111,-0.139459493914425,-0.0346914968977217,0.580032868490283,NaN,NaN,NaN,NaN,NaN,NaN,NaN,NaN,NaN
NaN,NaN,0.0496731377449275,0.0541509637647929,0.0137034216168104,-0.0749823279184056,-0.136730681517899,-0.0399338185379747,0.566222826198403,NaN,NaN,NaN,NaN,NaN,NaN,NaN,NaN,NaN
NaN,NaN,0.0502847559061289,0.0544421324545207,0.014114824050921,-0.0756110637885286,-0.135494499811709,-0.0425837106595282,0.555541860119168,NaN,NaN,NaN,NaN,NaN,NaN,NaN,NaN,NaN
NaN,NaN,0.0485760770049334,0.0536934981161418,0.0179838919284521,-0.0719700581830693,-0.134661096492588,-0.0478841282019857,0.541854212240044,NaN,NaN,NaN,NaN,NaN,NaN,NaN,NaN,NaN
NaN,NaN,0.0487915477957965,0.05450328309477,0.0202830107155023,-0.0695535182458116,-0.132746260026276,-0.0484497204015497,0.529865836904113,NaN,NaN,NaN,NaN,NaN,NaN,NaN,NaN,NaN
NaN,NaN,0.0497145815994979,0.0567626902872386,0.022895910704392,-0.0649260930222226,-0.135074342945397,-0.0534244916925672,0.518902009532515,NaN,NaN,NaN,NaN,NaN,NaN,NaN,NaN,NaN
NaN,NaN,0.0476243584659339,0.0564465248996081,0.0240913563611684,-0.0615897044044687,-0.131820395001948,-0.0585943191836122,0.50507792289621,NaN,NaN,NaN,NaN,NaN,NaN,NaN,NaN,NaN
NaN,NaN,0.0491917929854632,0.0546462969893279,0.0233898841979681,-0.0625120117765618,-0.132881525317013,-0.0620494514296297,0.493612503812377,NaN,NaN,NaN,NaN,NaN,NaN,NaN,NaN,NaN
NaN,NaN,0.0472984700706244,0.0551224822217288,0.0288982288184343,-0.0591503284376813,-0.132246568212092,-0.0682400829682592,0.479915486828152,NaN,NaN,NaN,NaN,NaN,NaN,NaN,NaN,NaN
NaN,NaN,0.0474259867575408,0.0565904142373862,0.0291599677148042,-0.0561075672012521,-0.132216877648413,-0.0686161882767919,0.46695004235274,NaN,NaN,NaN,NaN,NaN,NaN,NaN,NaN,NaN
NaN,NaN,0.0478967144396544,0.059376409839994,0.0323870563152013,-0.0518498770397855,-0.132177296438992,-0.0767228670010809,0.454365508810345,NaN,NaN,NaN,NaN,NaN,NaN,NaN,NaN,NaN
NaN,NaN,0.0449193506744147,0.0565876761490169,0.0313673698547063,-0.0487481444579316,-0.130960914650738,-0.0804491445014719,0.439132163480584,NaN,NaN,NaN,NaN,NaN,NaN,NaN,NaN,NaN
NaN,NaN,0.0464910879042388,0.0551153296643558,0.0318301067891298,-0.049649571577902,-0.131891380408585,-0.0839259579370264,0.429091314033334,NaN,NaN,NaN,NaN,NaN,NaN,NaN,NaN,NaN
NaN,NaN,0.0428915075268984,0.0547536784821811,0.0356641196849523,-0.0466674394410802,-0.129610981205284,-0.0866671755502466,0.416568359539572,NaN,NaN,NaN,NaN,NaN,NaN,NaN,NaN,NaN
NaN,NaN,0.0428156419899703,0.05535328258217,0.0344397844019113,-0.0424248925846769,-0.129502724269211,-0.0888249568233732,0.404890598908726,NaN,NaN,NaN,NaN,NaN,NaN,NaN,NaN,NaN
NaN,NaN,0.0418673693444968,0.0556707890743079,0.0358448521437822,-0.0411341540020658,-0.127606421122133,-0.0942788749525789,0.393556645319525,NaN,NaN,NaN,NaN,NaN,NaN,NaN,NaN,NaN
NaN,NaN,0.0398185528126002,0.0534937666767898,0.0349571154656587,-0.0371045074862195,-0.129103280016958,-0.0987924366781954,0.379280420199696,NaN,NaN,NaN,NaN,NaN,NaN,NaN,NaN,NaN
NaN,NaN,0.0419589928593875,0.053518558483726,0.0362613768520532,-0.0374975069862558,-0.12682602868396,-0.101418952603126,0.369390482262437,NaN,NaN,NaN,NaN,NaN,NaN,NaN,NaN,NaN
NaN,NaN,0.0389976292159796,0.0536092320495906,0.0397710473480402,-0.0332301683229161,-0.126321326354324,-0.104093729663873,0.355924414650265,NaN,NaN,NaN,NaN,NaN,NaN,NaN,NaN,NaN
NaN,NaN,0.0378987989630938,0.0537373447829547,0.0389942684414564,-0.028931406835909,-0.124129197904646,-0.107059545029188,0.34483454208142,NaN,NaN,NaN,NaN,NaN,NaN,NaN,NaN,NaN
NaN,NaN,0.0358412279989958,0.0521561825686755,0.0379135244729696,-0.0289086825650884,-0.122118397960245,-0.110699321288848,0.334749045029942,NaN,NaN,NaN,NaN,NaN,NaN,NaN,NaN,NaN
NaN,NaN,0.0331993825044871,0.0493086637967887,0.0384805136563955,-0.0248387284082128,-0.123149427929699,-0.114394436735893,0.321418428973023,NaN,NaN,NaN,NaN,NaN,NaN,NaN,NaN,NaN
NaN,NaN,0.0327177956011534,0.0489382768088641,0.0380108663084684,-0.0259881108504487,-0.11932344303447,-0.115464749891544,0.311998194263045,NaN,NaN,NaN,NaN,NaN,NaN,NaN,NaN,NaN
NaN,NaN,0.0304812058117629,0.0488231839650931,0.0409608864429174,-0.0208093612891389,-0.118322438904822,-0.11702540438273,0.299375308857028,NaN,NaN,NaN,NaN,NaN,NaN,NaN,NaN,NaN
NaN,NaN,0.0281406990494967,0.0471427241379085,0.0386693486216245,-0.0189542412263108,-0.115664164880097,-0.119013293791795,0.289779892370764,NaN,NaN,NaN,NaN,NaN,NaN,NaN,NaN,NaN
NaN,NaN,0.0276373378243685,0.0459434228056731,0.0381949701550184,-0.0188438795012189,-0.114960029134333,-0.122006061632419,0.280949352488581,NaN,NaN,NaN,NaN,NaN,NaN,NaN,NaN,NaN
NaN,NaN,0.0243821791615725,0.0438889438325229,0.039192658776301,-0.0161328926187707,-0.115815933206856,-0.126222214807058,0.267357612208192,NaN,NaN,NaN,NaN,NaN,NaN,NaN,NaN,NaN
NaN,NaN,0.0256919353511573,0.0439445437902274,0.0372898549976526,-0.0156605071824742,-0.110684736976206,-0.127078342396999,0.258737979636256,NaN,NaN,NaN,NaN,NaN,NaN,NaN,NaN,NaN
NaN,NaN,0.0243790126648188,0.0437763096803489,0.0398428336920915,-0.0115125826996518,-0.110751252034485,-0.128014526475454,0.245853224948708,NaN,NaN,NaN,NaN,NaN,NaN,NaN,NaN,NaN
NaN,NaN,0.0220686062481642,0.0425667451733413,0.0379882724228082,-0.00969518120109569,-0.10671400592643,-0.131235580105567,0.236695734963481,NaN,NaN,NaN,NaN,NaN,NaN,NaN,NaN,NaN
NaN,NaN,0.0218326277342082,0.0421512635463538,0.040230357015389,-0.00964790726720821,-0.105264942506134,-0.133331018645549,0.226027136848036,NaN,NaN,NaN,NaN,NaN,NaN,NaN,NaN,NaN
NaN,NaN,0.0190240941252947,0.039407978397018,0.040476170295733,-0.00698413843929302,-0.103711943486511,-0.136493454832816,0.215261215523545,NaN,NaN,NaN,NaN,NaN,NaN,NaN,NaN,NaN
NaN,NaN,0.0216425634231806,0.0409092703872981,0.0385063299181638,-0.0058303229016019,-0.0988639810772535,-0.135214171517873,0.206783460632626,NaN,NaN,NaN,NaN,NaN,NaN,NaN,NaN,NaN
NaN,NaN,0.0188464536574126,0.0392363728994193,0.0400029094162164,-0.00439606751024257,-0.0989662961753008,-0.136316112388158,0.196940200582806,NaN,NaN,NaN,NaN,NaN,NaN,NaN,NaN,NaN
NaN,NaN,0.0176171823647261,0.0369707630986037,0.0387734704854665,-0.00144180054485332,-0.0934863010140058,-0.138575296063209,0.189514337287013,NaN,NaN,NaN,NaN,NaN,NaN,NaN,NaN,NaN
NaN,NaN,0.019166400214696,0.0372840786391559,0.0405673654022394,-0.00259701306640636,-0.0932105550261137,-0.139559461880708,0.17932754959232,NaN,NaN,NaN,NaN,NaN,NaN,NaN,NaN,NaN
NaN,NaN,0.0167287565078974,0.0362888300830188,0.0413559721055208,0.00209519495547284,-0.0906292268725034,-0.142194378335262,0.170106636539761,NaN,NaN,NaN,NaN,NaN,NaN,NaN,NaN,NaN
NaN,NaN,0.0184779851939917,0.0383421169632735,0.0408936822059331,0.00205999096215237,-0.0860330382080671,-0.140865101624513,0.161402775154177,NaN,NaN,NaN,NaN,NaN,NaN,NaN,NaN,NaN
NaN,NaN,0.0148549354877711,0.0342764468902412,0.0411990069987951,0.00451642875850666,-0.0852662244530317,-0.141474465985084,0.154986204758946,NaN,NaN,NaN,NaN,NaN,NaN,NaN,NaN,NaN
NaN,NaN,0.0125511228349448,0.0327891619914832,0.0403666840138612,0.00664062653959263,-0.0804007345529195,-0.143575678725028,0.147789446816508,NaN,NaN,NaN,NaN,NaN,NaN,NaN,NaN,NaN
NaN,NaN,0.0119197606351615,0.0311384299808803,0.0396286108734785,0.00566867967427243,-0.0790088729651567,-0.144261150766397,0.139652351096932,NaN,NaN,NaN,NaN,NaN,NaN,NaN,NaN,NaN
NaN,NaN,0.00881450765397555,0.0308047743552985,0.0394761347415624,0.0104701504606055,-0.0761000359149572,-0.14608637537458,0.130942193970744,NaN,NaN,NaN,NaN,NaN,NaN,NaN,NaN,NaN
NaN,NaN,0.00941170894172198,0.0287843072825732,0.0363209814968286,0.00823670854151715,-0.0720730716081258,-0.145197856385494,0.124266790405575,NaN,NaN,NaN,NaN,NaN,NaN,NaN,NaN,NaN
NaN,NaN,0.00664668672349459,0.0258186781817737,0.0376901560666738,0.0098372981447028,-0.0706771494539377,-0.14445790197351,0.120336869911019,NaN,NaN,NaN,NaN,NaN,NaN,NaN,NaN,NaN
NaN,NaN,0.00474950813319689,0.0231350535565677,0.0351347745599924,0.0102015942829894,-0.0676327490897771,-0.147280200530076,0.111140357509915,NaN,NaN,NaN,NaN,NaN,NaN,NaN,NaN,NaN
NaN,NaN,0.00321323566701418,0.022247689407474,0.0340498023870168,0.00985123073041905,-0.0668915094526407,-0.148870024044299,0.104372194216315,NaN,NaN,NaN,NaN,NaN,NaN,NaN,NaN,NaN
NaN,NaN,0.000978825172448218,0.020993272405273,0.0329226040485082,0.0137545899051474,-0.0644855307133791,-0.150644882727647,0.094791772023503,NaN,NaN,NaN,NaN,NaN,NaN,NaN,NaN,NaN
NaN,NaN,0.000846521487498343,0.0175012411588492,0.0312622235360323,0.0111767448979663,-0.0613492274375555,-0.149326875020051,0.0889354852891605,NaN,NaN,NaN,NaN,NaN,NaN,NaN,NaN,NaN
NaN,NaN,-0.000174059042668283,0.0160446340256991,0.0340009824576555,0.0129656479257392,-0.0589936332495805,-0.148719093907857,0.0830223319984119,NaN,NaN,NaN,NaN,NaN,NaN,NaN,NaN,NaN
NaN,NaN,-0.00318392596576208,0.0147088380569282,0.0324688078108011,0.0137482382851886,-0.0561506407054063,-0.152615561295534,0.07465387712485,NaN,NaN,NaN,NaN,NaN,NaN,NaN,NaN,NaN
NaN,NaN,-0.00211148939464086,0.0146276081019702,0.0304178678634344,0.0142174944776343,-0.0547846512587663,-0.151867597509408,0.0671897737241428,NaN,NaN,NaN,NaN,NaN,NaN,NaN,NaN,NaN
NaN,NaN,-0.00396809957358831,0.0131287934297385,0.028668862694758,0.0162884578603553,-0.0528418006094095,-0.152535597939277,0.0613512379980724,NaN,NaN,NaN,NaN,NaN,NaN,NaN,NaN,NaN
NaN,NaN,-0.00348818905088895,0.00986810271084929,0.0282673695328413,0.0150460176664637,-0.0480926142724153,-0.149888071377063,0.0558566396988075,NaN,NaN,NaN,NaN,NaN,NaN,NaN,NaN,NaN
NaN,NaN,-0.00394265584084981,0.00877944250047828,0.0296571635844884,0.016381031324272,-0.046168017545521,-0.149768992472673,0.0503832196748893,NaN,NaN,NaN,NaN,NaN,NaN,NaN,NaN,NaN
NaN,NaN,-0.00560134134623998,0.0097278641575637,0.0295570464077173,0.0182587825256633,-0.0435820514054891,-0.151970415521646,0.0422443730688731,NaN,NaN,NaN,NaN,NaN,NaN,NaN,NaN,NaN
NaN,NaN,-0.00398134298059934,0.0107494505161109,0.0273790554347215,0.0187131748098182,-0.041587884882271,-0.151130306679988,0.0352019166505973,NaN,NaN,NaN,NaN,NaN,NaN,NaN,NaN,NaN
NaN,NaN,-0.00411292023394102,0.0104982541912856,0.0285395019891439,0.0205108508962439,-0.040556165734112,-0.150883915979648,0.0292095636881034,NaN,NaN,NaN,NaN,NaN,NaN,NaN,NaN,NaN
NaN,NaN,-0.00340545035336011,0.00749684367716933,0.0288627826812444,0.0201562777656363,-0.0356161327751276,-0.148685882944847,0.0239370299435298,NaN,NaN,NaN,NaN,NaN,NaN,NaN,NaN,NaN
NaN,NaN,-0.00455734736654752,0.00659673903525496,0.0282902614417253,0.0207259119051741,-0.0343238295705911,-0.147803398926044,0.0181492699242275,NaN,NaN,NaN,NaN,NaN,NaN,NaN,NaN,NaN
NaN,NaN,-0.00865963704321378,0.00618490819276,0.0272996881249128,0.0234480932849692,-0.0325107494087812,-0.149154636223102,0.0100095665014427,NaN,NaN,NaN,NaN,NaN,NaN,NaN,NaN,NaN
NaN,NaN,-0.00692432231638425,0.00559305269659186,0.0237212301435648,0.0222312085825251,-0.0299083919914362,-0.146440017182613,0.00354752893811868,NaN,NaN,NaN,NaN,NaN,NaN,NaN,NaN,NaN
NaN,NaN,-0.00854510299298757,0.00347632412255431,0.0255381473543821,0.0238485433656024,-0.0286320889087316,-0.145710661221528,-0.000576050772603288,NaN,NaN,NaN,NaN,NaN,NaN,NaN,NaN,NaN
NaN,NaN,-0.00923735506269925,4.35063654246424e-05,0.0227817678096471,0.0235081077116774,-0.0240757235975858,-0.143860737938667,-0.00623493437403037,NaN,NaN,NaN,NaN,NaN,NaN,NaN,NaN,NaN
NaN,NaN,-0.0112689793798684,-0.000537806559198847,0.0213939854147611,0.0235052206116961,-0.0235273236127493,-0.143046985525871,-0.0121229605817158,NaN,NaN,NaN,NaN,NaN,NaN,NaN,NaN,NaN
NaN,NaN,-0.0144667685720682,-0.00164112578689431,0.0179027923586546,0.024142617781763,-0.0239656040163633,-0.144463415403152,-0.0199675092541535,NaN,NaN,NaN,NaN,NaN,NaN,NaN,NaN,NaN
NaN,NaN,-0.012492048064208,-0.00373388211786126,0.0159293757023988,0.0225860797363566,-0.0209694647880194,-0.142480108101154,-0.0268620157682259,NaN,NaN,NaN,NaN,NaN,NaN,NaN,NaN,NaN
NaN,NaN,-0.0151997194382905,-0.00431100409089898,0.0166256697120843,0.0231049381691264,-0.021217420110285,-0.141317687142873,-0.0313226597451527,NaN,NaN,NaN,NaN,NaN,NaN,NaN,NaN,NaN
NaN,NaN,-0.0163224288019895,-0.00723511483132218,0.0147876114788232,0.0233112819987582,-0.0180496940107938,-0.142207770753885,-0.0403808334910233,NaN,NaN,NaN,NaN,NaN,NaN,NaN,NaN,NaN
NaN,NaN,-0.0186765142473935,-0.00688899810969209,0.0124345877411542,0.0231147356826114,-0.017913646409094,-0.140032927651191,-0.0452562326633294,NaN,NaN,NaN,NaN,NaN,NaN,NaN,NaN,NaN
NaN,NaN,-0.0200629741642236,-0.00933796669899796,0.0105970510485349,0.0234575741487788,-0.0177628094049093,-0.140473946143175,-0.0517250502549966,NaN,NaN,NaN,NaN,NaN,NaN,NaN,NaN,NaN
NaN,NaN,-0.0191048108730077,-0.0114307789093194,0.00906826641585212,0.022275241513853,-0.0128949353190061,-0.137250787724042,-0.056654112234052,NaN,NaN,NaN,NaN,NaN,NaN,NaN,NaN,NaN
NaN,NaN,-0.020240055838561,-0.01040354873597,0.00993659433152061,0.0225550853210734,-0.0143537403734323,-0.136194742430234,-0.059635462059911,NaN,NaN,NaN,NaN,NaN,NaN,NaN,NaN,NaN
NaN,NaN,-0.0226597622725725,-0.0133844515269933,0.00928811442281585,0.0235142916935729,-0.00957002059537141,-0.135421837825561,-0.0667497234486897,NaN,NaN,NaN,NaN,NaN,NaN,NaN,NaN,NaN
NaN,NaN,-0.0220951945278406,-0.012671822119349,0.00595122289087158,0.0220267273980426,-0.0102836930842993,-0.131171244342113,-0.0695443989776929,NaN,NaN,NaN,NaN,NaN,NaN,NaN,NaN,NaN
NaN,NaN,-0.0210608117971181,-0.0131959518378911,0.0074625172856031,0.0220276773470687,-0.00883744225817888,-0.132383491058135,-0.0748480202698071,NaN,NaN,NaN,NaN,NaN,NaN,NaN,NaN,NaN
NaN,NaN,-0.019796895304656,-0.0135198285764394,0.00787784990097862,0.0229204245406436,-0.00615234614330499,-0.130159828026081,-0.0792561562799771,NaN,NaN,NaN,NaN,NaN,NaN,NaN,NaN,NaN
NaN,NaN,-0.0209457562062501,-0.0116681171542344,0.00904882040049415,0.0238028526800917,-0.00708258838373391,-0.12824463765719,-0.0818382853710015,NaN,NaN,NaN,NaN,NaN,NaN,NaN,NaN,NaN
NaN,NaN,-0.024336999723649,-0.0144231183415589,0.00701805290009361,0.0254130907851504,-0.00277646944838731,-0.125994022149825,-0.0875128896974881,NaN,NaN,NaN,NaN,NaN,NaN,NaN,NaN,NaN
NaN,NaN,-0.0215317071172952,-0.0138164361900029,0.00478224542166572,0.0234513342875289,-0.00292231456357209,-0.1201778940449,-0.0889651568674405,NaN,NaN,NaN,NaN,NaN,NaN,NaN,NaN,NaN
NaN,NaN,-0.0235802256259679,-0.0160550935155091,0.00681569513108116,0.0232831001776503,-0.00121119559723108,-0.122832293767715,-0.0926531383835633,NaN,NaN,NaN,NaN,NaN,NaN,NaN,NaN,NaN
NaN,NaN,-0.0232121110651254,-0.0150879522746739,0.00513501178647857,0.0246553481119918,-0.000189832756101776,-0.119053936708951,-0.0959161574088891,NaN,NaN,NaN,NaN,NaN,NaN,NaN,NaN,NaN
NaN,NaN,-0.0257785939368963,-0.0157710960096059,0.00391844373370986,0.0229719453054713,-0.000302411028921295,-0.117536272067809,-0.0983669700168927,NaN,NaN,NaN,NaN,NaN,NaN,NaN,NaN,NaN
NaN,NaN,-0.0279450365099668,-0.0183270176833806,0.00185612302448135,0.0235400893288897,0.00132224394959242,-0.114142104197526,-0.103293349786933,NaN,NaN,NaN,NaN,NaN,NaN,NaN,NaN,NaN
NaN,NaN,-0.0241974503490686,-0.0190823202913937,-0.000611695533734746,0.0196889587241458,0.00210431276840002,-0.111548110056901,-0.10578726400369,NaN,NaN,NaN,NaN,NaN,NaN,NaN,NaN,NaN
NaN,NaN,-0.0284144044611215,-0.0207534668928323,0.00157419305469375,0.0202499874430941,0.00206178857964308,-0.112858033884549,-0.108759878023799,NaN,NaN,NaN,NaN,NaN,NaN,NaN,NaN,NaN
NaN,NaN,-0.0281819090935945,-0.0203785536771951,-0.00111552242015023,0.0206020273762988,0.00131913333219321,-0.110982443351531,-0.114283477708038,NaN,NaN,NaN,NaN,NaN,NaN,NaN,NaN,NaN
NaN,NaN,-0.0324384444150686,-0.0223596444314656,-0.00315258566115517,0.017462650735979,0.00132928474825652,-0.108778133202577,-0.116237560107644,NaN,NaN,NaN,NaN,NaN,NaN,NaN,NaN,NaN
NaN,NaN,-0.0314961508605241,-0.0242922505325017,-0.00401834312651772,0.0184222110110568,0.00350776000899107,-0.105436436046148,-0.122883571132358,NaN,NaN,NaN,NaN,NaN,NaN,NaN,NaN,NaN
NaN,NaN,-0.030854581365323,-0.0259126028007207,-0.00611072692845482,0.014846677382593,0.0048083333579901,-0.1028215616534,-0.125362528308566,NaN,NaN,NaN,NaN,NaN,NaN,NaN,NaN,NaN
NaN,NaN,-0.0345515222046136,-0.0267271188980279,-0.00410551491950173,0.0157360345619964,0.00321683346313269,-0.103296200890327,-0.127620240493949,NaN,NaN,NaN,NaN,NaN,NaN,NaN,NaN,NaN
NaN,NaN,-0.0359520264658689,-0.0286945750898061,-0.00808211330149788,0.0160441160696792,0.00444532244485648,-0.10026957016089,-0.131902666582998,NaN,NaN,NaN,NaN,NaN,NaN,NaN,NaN,NaN
NaN,NaN,-0.0357580319735765,-0.0296500747984586,-0.00974137622688431,0.013518182982807,0.0057148827521208,-0.095367423404241,-0.131038119836982,NaN,NaN,NaN,NaN,NaN,NaN,NaN,NaN,NaN
NaN,NaN,-0.0347446226272344,-0.0297366505449948,-0.00888916019175667,0.0153693356114672,0.00804315193575652,-0.0937427684257272,-0.137535752549108,NaN,NaN,NaN,NaN,NaN,NaN,NaN,NaN,NaN
NaN,NaN,-0.0338572212252378,-0.0304581833964524,-0.00929305616591591,0.0129549190896796,0.00947174488586218,-0.0903677858004812,-0.138016221865352,NaN,NaN,NaN,NaN,NaN,NaN,NaN,NaN,NaN
NaN,NaN,-0.0356588274929284,-0.0289930826014218,-0.0057392409798922,0.0148416109877871,0.00684509857577117,-0.0897909245977644,-0.142078036262925,NaN,NaN,NaN,NaN,NaN,NaN,NaN,NaN,NaN
NaN,NaN,-0.0373086468074083,-0.0305398790126977,-0.00966962713573594,0.0153365344303893,0.00872674270552428,-0.0868885322997812,-0.144208008243974,NaN,NaN,NaN,NaN,NaN,NaN,NaN,NaN,NaN
NaN,NaN,-0.0348454289827108,-0.030367100048655,-0.00938594627950806,0.0123412706452655,0.0114884680418375,-0.0803695350477937,-0.144049683406289,NaN,NaN,NaN,NaN,NaN,NaN,NaN,NaN,NaN
NaN,NaN,-0.0351605140361547,-0.031065983135098,-0.00911839593027253,0.0138462506729411,0.0141812755076292,-0.0792646325717214,-0.148240914388831,NaN,NaN,NaN,NaN,NaN,NaN,NaN,NaN,NaN
NaN,NaN,-0.0340923801753282,-0.0314440255945859,-0.009066390877706,0.0131279401975917,0.0144740274457339,-0.0753289751301054,-0.148616498156722,NaN,NaN,NaN,NaN,NaN,NaN,NaN,NaN,NaN
NaN,NaN,-0.0371356070730447,-0.0305866314059434,-0.00840906340454239,0.0126603045064257,0.0120879603831175,-0.0751898541639093,-0.151426410123046,NaN,NaN,NaN,NaN,NaN,NaN,NaN,NaN,NaN
NaN,NaN,-0.0368597865793466,-0.0329469567125974,-0.0115283607301535,0.0125610813993262,0.0141827469972971,-0.0707031890342478,-0.152480648651059,NaN,NaN,NaN,NaN,NaN,NaN,NaN,NaN,NaN
NaN,NaN,-0.0338841364476442,-0.0326767055278954,-0.01254931378935,0.00867776428640354,0.0163097014932039,-0.0657614051888231,-0.152612617059882,NaN,NaN,NaN,NaN,NaN,NaN,NaN,NaN,NaN
NaN,NaN,-0.035863383183217,-0.0340757569259343,-0.0121809198317351,0.00922491629899014,0.0160545936135653,-0.0655228003452066,-0.155259975984033,NaN,NaN,NaN,NaN,NaN,NaN,NaN,NaN,NaN
NaN,NaN,-0.0355695509109258,-0.0360157204753098,-0.0125562428293051,0.00802509342611302,0.0151873646585348,-0.0632739170978311,-0.156905045553382,NaN,NaN,NaN,NaN,NaN,NaN,NaN,NaN,NaN
NaN,NaN,-0.0392391481194257,-0.0346939502245126,-0.0134590483066859,0.00639892970502842,0.0129280319718722,-0.0630563973973039,-0.158934825851854,NaN,NaN,NaN,NaN,NaN,NaN,NaN,NaN,NaN
NaN,NaN,-0.0377195277008771,-0.0366240045016942,-0.0157818413135828,0.00665215631306637,0.0157561606077555,-0.0597982398758177,-0.162045797153648,NaN,NaN,NaN,NaN,NaN,NaN,NaN,NaN,NaN
NaN,NaN,-0.0347740337941408,-0.036561494130486,-0.0181104085204424,0.00191690256178845,0.0160425236729983,-0.0567519768665079,-0.163194211020406,NaN,NaN,NaN,NaN,NaN,NaN,NaN,NaN,NaN
NaN,NaN,-0.036838310280776,-0.0375176271384892,-0.0168824038264574,0.00424353261769284,0.0145352339653376,-0.0564081325719599,-0.165515607043441,NaN,NaN,NaN,NaN,NaN,NaN,NaN,NaN,NaN
NaN,NaN,-0.0369849935862779,-0.039945138055676,-0.0191920279321494,0.00135697280347813,0.0140161520151499,-0.0546125053951982,-0.166771197512086,NaN,NaN,NaN,NaN,NaN,NaN,NaN,NaN,NaN
NaN,NaN,-0.0388390891942739,-0.0386647930329976,-0.0199700361845316,-0.000326336870784871,0.0129713198451403,-0.052134200144792,-0.1662159429931,NaN,NaN,NaN,NaN,NaN,NaN,NaN,NaN,NaN
NaN,NaN,-0.0373494014832734,-0.0411278059667287,-0.0215982488152804,0.00158058335364331,0.0166957905797365,-0.0489942647109274,-0.168955521478589,NaN,NaN,NaN,NaN,NaN,NaN,NaN,NaN,NaN
NaN,NaN,-0.0347573631200551,-0.0401941923385796,-0.0244615441915812,-0.00256274039566051,0.0170395789949301,-0.0463986873219255,-0.168384192331966,NaN,NaN,NaN,NaN,NaN,NaN,NaN,NaN,NaN
NaN,NaN,-0.0357859157714605,-0.0406125051861939,-0.0209800182637991,-0.000999776224489323,0.0143890722004774,-0.0462236359308008,-0.170760946168836,NaN,NaN,NaN,NaN,NaN,NaN,NaN,NaN,NaN
NaN,NaN,-0.0352277927789449,-0.042126016128653,-0.0241031340119662,-0.0034066117805196,0.0141922278611067,-0.0451922893116716,-0.171386515542205,NaN,NaN,NaN,NaN,NaN,NaN,NaN,NaN,NaN
NaN,NaN,-0.0356679730806112,-0.0406485473698316,-0.0228082976100268,-0.00324271763383876,0.0140080867616537,-0.0415109574387316,-0.172086814238961,NaN,NaN,NaN,NaN,NaN,NaN,NaN,NaN,NaN
NaN,NaN,-0.0356959313843011,-0.0432949935978589,-0.0258346116897883,-0.000117720614071004,0.0171625508276823,-0.0395192123542074,-0.174843100651439,NaN,NaN,NaN,NaN,NaN,NaN,NaN,NaN,NaN
NaN,NaN,-0.033843381771779,-0.0434464080220399,-0.0271156458911719,-0.00421187053143512,0.017342556854904,-0.0357683479378466,-0.173098733469184,NaN,NaN,NaN,NaN,NaN,NaN,NaN,NaN,NaN
NaN,NaN,-0.0352282956931352,-0.0448092123454747,-0.0251127994415583,-0.00313835362612735,0.0141049815623167,-0.0363559193501715,-0.174424079998668,NaN,NaN,NaN,NaN,NaN,NaN,NaN,NaN,NaN
NaN,NaN,-0.0345889986250162,-0.045060334164494,-0.0276624067482771,-0.00578375677287113,0.0149638286141756,-0.0338510900328401,-0.174728808745082,NaN,NaN,NaN,NaN,NaN,NaN,NaN,NaN,NaN
NaN,NaN,-0.0348544628116845,-0.0444081848448453,-0.0286571337637724,-0.00604016850411426,0.0138036428300741,-0.0289571575412992,-0.175489494397577,NaN,NaN,NaN,NaN,NaN,NaN,NaN,NaN,NaN
NaN,NaN,-0.0355588779542207,-0.047650658894175,-0.0317195086536231,-0.00408021877228748,0.0156116007177237,-0.0289408221433405,-0.176941873326238,NaN,NaN,NaN,NaN,NaN,NaN,NaN,NaN,NaN
NaN,NaN,-0.0336688519212961,-0.0473076155370412,-0.0331718503293814,-0.0096973418694688,0.0139089195339087,-0.0257482297311071,-0.174189926876958,NaN,NaN,NaN,NaN,NaN,NaN,NaN,NaN,NaN
NaN,NaN,-0.0346748665663957,-0.0478019801860986,-0.0314535042998614,-0.00966569552838337,0.0102372175363901,-0.0278068437764887,-0.176113107993539,NaN,NaN,NaN,NaN,NaN,NaN,NaN,NaN,NaN
NaN,NaN,-0.0334593043420076,-0.0475747374778924,-0.0340331374463858,-0.0109851002198411,0.0114124907462004,-0.0248402833531145,-0.177584113373693,NaN,NaN,NaN,NaN,NaN,NaN,NaN,NaN,NaN
NaN,NaN,-0.0324668497535943,-0.0466968355661569,-0.03572557408188,-0.0118078119558049,0.00948642252963812,-0.0222600914130453,-0.179633246555265,NaN,NaN,NaN,NaN,NaN,NaN,NaN,NaN,NaN
NaN,NaN,-0.0336159341726064,-0.0488680092579064,-0.0374594359454932,-0.01092592398345,0.0110229557661417,-0.0234190851042513,-0.18020334635609,NaN,NaN,NaN,NaN,NaN,NaN,NaN,NaN,NaN
NaN,NaN,-0.0295923785063981,-0.0479870153552232,-0.0387232779321494,-0.0171378269296838,0.00827264844459326,-0.0208157777378801,-0.179259916588004,NaN,NaN,NaN,NaN,NaN,NaN,NaN,NaN,NaN
NaN,NaN,-0.0323560223672151,-0.0477019561415849,-0.0360328360256972,-0.0159314102929784,0.00639817549866469,-0.0207774631271604,-0.179786989285882,NaN,NaN,NaN,NaN,NaN,NaN,NaN,NaN,NaN
NaN,NaN,-0.0303104468378782,-0.0473433224445519,-0.0399041018245043,-0.0156975738209439,0.00721459149402411,-0.0165434099326376,-0.1813442910158,NaN,NaN,NaN,NaN,NaN,NaN,NaN,NaN,NaN
NaN,NaN,-0.0289371558222532,-0.0476889548784432,-0.0413487321493449,-0.0170640289288713,0.00640562607926161,-0.014304398704553,-0.180555255904134,NaN,NaN,NaN,NaN,NaN,NaN,NaN,NaN,NaN
NaN,NaN,-0.0278982282373666,-0.048028589594954,-0.0424799724278273,-0.0182872652512742,0.00588827638906271,-0.0157388589868788,-0.181045150204833,NaN,NaN,NaN,NaN,NaN,NaN,NaN,NaN,NaN
NaN,NaN,-0.0232407026681661,-0.0459712421482739,-0.0419836333749117,-0.023263936440344,0.00334505795520575,-0.0132237851212267,-0.179567178531822,NaN,NaN,NaN,NaN,NaN,NaN,NaN,NaN,NaN
NaN,NaN,-0.0248853810820341,-0.0441113537138638,-0.0398577778396429,-0.0203624754649354,0.00091365410965712,-0.0123883328924421,-0.180815839960511,NaN,NaN,NaN,NaN,NaN,NaN,NaN,NaN,NaN
NaN,NaN,-0.0236084633264303,-0.0441632842606244,-0.0426595686731162,-0.0191736794513417,0.00350442587417395,-0.00933476831414737,-0.181511239900525,NaN,NaN,NaN,NaN,NaN,NaN,NaN,NaN,NaN
NaN,NaN,-0.0246992283258199,-0.0442317923492131,-0.0436526379344286,-0.0210878453654004,0.00240656419676573,-0.00844226326444187,-0.178971877142127,NaN,NaN,NaN,NaN,NaN,NaN,NaN,NaN,NaN
NaN,NaN,-0.0237100519928693,-0.0453961690849004,-0.0440988345799269,-0.0227135061722947,0.00143437518757613,-0.00883833612897433,-0.179776465340789,NaN,NaN,NaN,NaN,NaN,NaN,NaN,NaN,NaN
NaN,NaN,-0.0214049168619871,-0.0448068467861352,-0.0447559944150271,-0.0262874006730272,-6.80530162450559e-05,-0.00650408785440959,-0.178284691467222,NaN,NaN,NaN,NaN,NaN,NaN,NaN,NaN,NaN
NaN,NaN,-0.0226806425246953,-0.042322376180285,-0.0447811587509932,-0.0232786699634744,-0.00207728833872049,-0.00473237704136409,-0.180231658562358,NaN,NaN,NaN,NaN,NaN,NaN,NaN,NaN,NaN
NaN,NaN,-0.0238319248649835,-0.0463412379807172,-0.047803244626266,-0.0247829980653478,3.34983972910159e-05,-0.00414407919743098,-0.179063835933145,NaN,NaN,NaN,NaN,NaN,NaN,NaN,NaN,NaN
NaN,NaN,-0.0244075008425474,-0.0459121031647859,-0.0508903368172469,-0.029257239351864,-0.00400466040688722,-0.00281955223181285,-0.176499755873616,NaN,NaN,NaN,NaN,NaN,NaN,NaN,NaN,NaN
NaN,NaN,-0.0240009599122762,-0.0476624680644212,-0.0506299949047389,-0.0308028250437928,-0.00698353291469781,-0.00462097223498858,-0.177162429138358,NaN,NaN,NaN,NaN,NaN,NaN,NaN,NaN,NaN
NaN,NaN,-0.0212868810388803,-0.045790621448153,-0.0516971974429907,-0.0328549012047006,-0.00701538414674966,-0.000346332002663981,-0.175880109711822,NaN,NaN,NaN,NaN,NaN,NaN,NaN,NaN,NaN
NaN,NaN,-0.0218659587893247,-0.0442258318847356,-0.0511941156146349,-0.0313987411063863,-0.00866177619415491,0.000985217135166753,-0.176212554618057,NaN,NaN,NaN,NaN,NaN,NaN,NaN,NaN,NaN
NaN,NaN,-0.0239153154883146,-0.0473810782617268,-0.0530215940234484,-0.0325581445795251,-0.00695048958975046,0.000500184338307012,-0.175554910495218,NaN,NaN,NaN,NaN,NaN,NaN,NaN,NaN,NaN
NaN,NaN,-0.0215487875733136,-0.046893922049397,-0.0538479565439047,-0.0372332348924829,-0.0112243661375639,0.00147363994619809,-0.174535279914077,NaN,NaN,NaN,NaN,NaN,NaN,NaN,NaN,NaN
NaN,NaN,-0.0217183255347967,-0.0462029365783868,-0.0529778963682475,-0.0368472948175622,-0.013561352500498,-0.000867183465743434,-0.174782117649253,NaN,NaN,NaN,NaN,NaN,NaN,NaN,NaN,NaN
NaN,NaN,-0.0188204408380746,-0.0443455627149281,-0.0549224047717871,-0.0372041217488004,-0.0114805543513891,0.00496634174487554,-0.172836677923139,NaN,NaN,NaN,NaN,NaN,NaN,NaN,NaN,NaN
NaN,NaN,-0.0195580483171701,-0.0431491298562226,-0.0546891270932974,-0.0375317237776471,-0.0132373453767893,0.00550647158524953,-0.170873021527465,NaN,NaN,NaN,NaN,NaN,NaN,NaN,NaN,NaN
NaN,NaN,-0.020034270802474,-0.0452156787699399,-0.0555839977023425,-0.039114953528042,-0.0134811470003721,0.0057574630191084,-0.168995624228652,NaN,NaN,NaN,NaN,NaN,NaN,NaN,NaN,NaN
NaN,NaN,-0.0168670848700761,-0.0433267889505563,-0.0559290527162375,-0.0421107016009046,-0.0158351765664217,0.00647229034802877,-0.166587279930051,NaN,NaN,NaN,NaN,NaN,NaN,NaN,NaN,NaN
NaN,NaN,-0.0149536826405286,-0.0393980232959924,-0.0531611433980288,-0.0411984711390687,-0.0163664588423368,0.00501620475552045,-0.165384476824935,NaN,NaN,NaN,NaN,NaN,NaN,NaN,NaN,NaN
NaN,NaN,-0.0117400982174634,-0.0370220517700849,-0.0536737805960001,-0.0397717408341123,-0.0135118247659799,0.0114370964874979,-0.16170171071523,NaN,NaN,NaN,NaN,NaN,NaN,NaN,NaN,NaN
NaN,NaN,-0.0125613757166623,-0.0361852770632443,-0.0521080224571051,-0.0405919193726731,-0.0162449957521555,0.0110363856365439,-0.160155622109111,NaN,NaN,NaN,NaN,NaN,NaN,NaN,NaN,NaN
NaN,NaN,-0.0130548649224996,-0.0383699735587773,-0.0516368849930586,-0.0420685499411775,-0.0163097412975427,0.0107067160715815,-0.158286997868951,NaN,NaN,NaN,NaN,NaN,NaN,NaN,NaN,NaN
NaN,NaN,-0.00927371389601224,-0.0359418293422398,-0.0527636735496344,-0.0450207866233541,-0.0187149190993902,0.0110507838835474,-0.156499752595361,NaN,NaN,NaN,NaN,NaN,NaN,NaN,NaN,NaN
NaN,NaN,-0.00892526886794561,-0.0337392700797257,-0.0508999853191199,-0.0428390703600598,-0.0191992254646417,0.0118436932971235,-0.153910042538579,NaN,NaN,NaN,NaN,NaN,NaN,NaN,NaN,NaN
NaN,NaN,-0.00825266770455831,-0.033937306511992,-0.0542282528040232,-0.0434399224322988,-0.0173643896074888,0.0158433698525187,-0.15019764174455,NaN,NaN,NaN,NaN,NaN,NaN,NaN,NaN,NaN
NaN,NaN,-0.00888345248434537,-0.0328403575307069,-0.0513335904834094,-0.0456440276902867,-0.0203035505207178,0.0159403019060846,-0.147672248824771,NaN,NaN,NaN,NaN,NaN,NaN,NaN,NaN,NaN
NaN,NaN,-0.0100804068836927,-0.0355934029406247,-0.0526006920990767,-0.0481780819100095,-0.0215632946880457,0.0146788813581225,-0.146064022376474,NaN,NaN,NaN,NaN,NaN,NaN,NaN,NaN,NaN
NaN,NaN,-0.00678557387921804,-0.03159260879814,-0.0542742415127577,-0.0492686233919812,-0.0227160857709047,0.0151204772701021,-0.14307125453585,NaN,NaN,NaN,NaN,NaN,NaN,NaN,NaN,NaN
NaN,NaN,-0.00765270970199102,-0.0316483950203595,-0.0511174677667441,-0.0481589339178754,-0.0238691562505361,0.0148369640519377,-0.140548338934119,NaN,NaN,NaN,NaN,NaN,NaN,NaN,NaN,NaN
NaN,NaN,-0.00619073815081113,-0.0312501242345509,-0.055253191923839,-0.0489207744103624,-0.0235059590728876,0.0162060827424284,-0.138699495985444,NaN,NaN,NaN,NaN,NaN,NaN,NaN,NaN,NaN
NaN,NaN,-0.00729625529978269,-0.0321544570809541,-0.0506097106990637,-0.0524600982171251,-0.026561442175686,0.0147451542725321,-0.137134892686542,NaN,NaN,NaN,NaN,NaN,NaN,NaN,NaN,NaN
NaN,NaN,-0.00867701552245611,-0.0312714701479611,-0.0533189280686202,-0.0533531620603753,-0.0284558826776144,0.0110991381516214,-0.136198838993247,NaN,NaN,NaN,NaN,NaN,NaN,NaN,NaN,NaN
NaN,NaN,-0.00541556111905569,-0.0290293483024773,-0.053102470075828,-0.0533197834593011,-0.0288387307615873,0.0132702932169195,-0.133559563949045,NaN,NaN,NaN,NaN,NaN,NaN,NaN,NaN,NaN
NaN,NaN,-0.0065986946913957,-0.0303611768370805,-0.0529334909078898,-0.0520805656415178,-0.0292312646003362,0.0133116625656839,-0.128863220854934,NaN,NaN,NaN,NaN,NaN,NaN,NaN,NaN,NaN
NaN,NaN,-0.00543580807182783,-0.029018172431582,-0.0521756364760222,-0.0527869738143636,-0.0270191872211096,0.0153647073020693,-0.125968837931093,NaN,NaN,NaN,NaN,NaN,NaN,NaN,NaN,NaN
NaN,NaN,-0.0053595886323213,-0.0293518839365182,-0.0496338336524786,-0.0553287021321012,-0.0303021365495321,0.0154431246628519,-0.123439272686179,NaN,NaN,NaN,NaN,NaN,NaN,NaN,NaN,NaN
NaN,NaN,-0.00394563607308858,-0.0248768603390393,-0.0504938914236845,-0.0541256568831159,-0.030597887346327,0.0126096502353903,-0.121128009452756,NaN,NaN,NaN,NaN,NaN,NaN,NaN,NaN,NaN
NaN,NaN,-0.000688521632885871,-0.0241389362102685,-0.049972052758676,-0.0536611131828977,-0.0302997151108381,0.014976736943936,-0.117603195651706,NaN,NaN,NaN,NaN,NaN,NaN,NaN,NaN,NaN
NaN,NaN,0.0002437881436587,-0.0215841321235833,-0.0487903161701979,-0.0535880043607904,-0.0321155333610174,0.0143729791452643,-0.112913427694972,NaN,NaN,NaN,NaN,NaN,NaN,NaN,NaN,NaN
NaN,NaN,0.00113057487275607,-0.021811393458241,-0.0459135538694682,-0.0530690714222146,-0.0303411962183115,0.0155888580193277,-0.110921012058194,NaN,NaN,NaN,NaN,NaN,NaN,NaN,NaN,NaN
NaN,NaN,0.00185212635066515,-0.0193640639966664,-0.0442552595195593,-0.0549990139406873,-0.032735328534424,0.0152375258912798,-0.107058500691589,NaN,NaN,NaN,NaN,NaN,NaN,NaN,NaN,NaN
NaN,NaN,0.00140231617357737,-0.0166006809061704,-0.0430697417614283,-0.0518296487134648,-0.0321921439560053,0.0137061894347426,-0.104545159085925,NaN,NaN,NaN,NaN,NaN,NaN,NaN,NaN,NaN
NaN,NaN,0.00552397735979563,-0.0159033251887498,-0.0446343636867823,-0.0520841977995588,-0.0319760026128885,0.0164172135700937,-0.101327718987401,NaN,NaN,NaN,NaN,NaN,NaN,NaN,NaN,NaN
NaN,NaN,0.00544526197578913,-0.0134558839684663,-0.0421299068984808,-0.0535774990421487,-0.0334247121306059,0.0134414144267794,-0.0964316258274873,NaN,NaN,NaN,NaN,NaN,NaN,NaN,NaN,NaN
NaN,NaN,0.00548396774199015,-0.0148555686658559,-0.0412932625768008,-0.0526509634655667,-0.0336080522926447,0.0158060610701796,-0.0959798039936383,NaN,NaN,NaN,NaN,NaN,NaN,NaN,NaN,NaN
NaN,NaN,0.0055041960683108,-0.0122272273486791,-0.0415032571909251,-0.0563593223196222,-0.0379634195657369,0.0136414811422583,-0.0926591733538468,NaN,NaN,NaN,NaN,NaN,NaN,NaN,NaN,NaN
NaN,NaN,0.00460777946379191,-0.0122894396966634,-0.0414363509771647,-0.05300386021554,-0.0374425308497545,0.0116743416001555,-0.0906764248453935,NaN,NaN,NaN,NaN,NaN,NaN,NaN,NaN,NaN
NaN,NaN,0.0069702468123675,-0.0105952521747289,-0.0423341645655455,-0.0557792759937001,-0.0391036564202902,0.0113667816331144,-0.0882843786918481,NaN,NaN,NaN,NaN,NaN,NaN,NaN,NaN,NaN
NaN,NaN,0.00731351368691927,-0.0103330476170716,-0.0395922391471686,-0.0567651368182851,-0.0400840038152334,0.00879946057102643,-0.0847549269043763,NaN,NaN,NaN,NaN,NaN,NaN,NaN,NaN,NaN
NaN,NaN,0.00697108500268466,-0.0101066430991826,-0.0397965899464907,-0.0553398780029966,-0.0416672149391767,0.00959538746974431,-0.08575712312692,NaN,NaN,NaN,NaN,NaN,NaN,NaN,NaN,NaN
NaN,NaN,0.00587918378975398,-0.0094725428110299,-0.0393413967249217,-0.0584665141504956,-0.0454774604828951,0.0068921864440199,-0.082534728392299,NaN,NaN,NaN,NaN,NaN,NaN,NaN,NaN,NaN
NaN,NaN,0.00564218082096583,-0.0087740322536168,-0.0388153298554244,-0.0544005088013364,-0.0453708240481016,0.00522228781483136,-0.0819227563285191,NaN,NaN,NaN,NaN,NaN,NaN,NaN,NaN,NaN
NaN,NaN,0.00727780677940852,-0.00955304633437966,-0.0390546797571005,-0.0573519259196473,-0.0457665616365072,0.0036776706983801,-0.0795329826020558,NaN,NaN,NaN,NaN,NaN,NaN,NaN,NaN,NaN
NaN,NaN,0.00798102982904917,-0.00814462583124017,-0.036550297474605,-0.0567469387751771,-0.0450971269698736,0.00394279960892164,-0.0760275775634606,NaN,NaN,NaN,NaN,NaN,NaN,NaN,NaN,NaN
NaN,NaN,0.00646370046403414,-0.0083385644441781,-0.0363611458597006,-0.0544435359042836,-0.0470860222073194,0.004318551014876,-0.0749173106693585,NaN,NaN,NaN,NaN,NaN,NaN,NaN,NaN,NaN
NaN,NaN,0.00795739286210543,-0.00731671731530999,-0.0364445178565802,-0.0563099249702645,-0.0478640490861532,0.00392111841938459,-0.0715765448355038,NaN,NaN,NaN,NaN,NaN,NaN,NaN,NaN,NaN
NaN,NaN,0.00790240757730013,-0.00491902734696244,-0.0338400556502165,-0.0535045019787503,-0.0494726108105776,0.00197929222485982,-0.0702720785581429,NaN,NaN,NaN,NaN,NaN,NaN,NaN,NaN,NaN
NaN,NaN,0.0113401240911723,-0.00483423973976945,-0.0336537725088419,-0.0552340238791658,-0.0479341217966673,0.00139667544863187,-0.0670738423311074,NaN,NaN,NaN,NaN,NaN,NaN,NaN,NaN,NaN
NaN,NaN,0.0113431974556685,-0.00102805476247643,-0.029663260167581,-0.0529182716709329,-0.0476743945570585,0.00303913731477224,-0.0634783411466439,NaN,NaN,NaN,NaN,NaN,NaN,NaN,NaN,NaN
NaN,NaN,0.00905814163949496,-0.00222716983019685,-0.0283176108059706,-0.0488054207962705,-0.0484807708950636,0.0032363728096243,-0.0633816326104958,NaN,NaN,NaN,NaN,NaN,NaN,NaN,NaN,NaN
NaN,NaN,0.0114567629304171,0.000316141735917577,-0.0275626434740843,-0.0495199314755155,-0.048501632520735,0.00292084072134458,-0.060903420492347,NaN,NaN,NaN,NaN,NaN,NaN,NaN,NaN,NaN
NaN,NaN,0.0104274465945006,0.00102035198748732,-0.0247838749346556,-0.0470958291989518,-0.0499263884218332,0.00042750392458402,-0.0576523969017823,NaN,NaN,NaN,NaN,NaN,NaN,NaN,NaN,NaN
NaN,NaN,0.0128362193014861,0.00178683046639586,-0.027094840144855,-0.0487645729881478,-0.0479292789192793,0.00100926388404332,-0.055415099307235,NaN,NaN,NaN,NaN,NaN,NaN,NaN,NaN,NaN
NaN,NaN,0.0116555630471945,0.00344007704795028,-0.0223755306360545,-0.0476052253943635,-0.0499964797587988,0.00155479539535009,-0.05110525508159,NaN,NaN,NaN,NaN,NaN,NaN,NaN,NaN,NaN
NaN,NaN,0.0107701546755076,0.00209733341277266,-0.0224609701690497,-0.0452484577399446,-0.0490699814351198,0.00134927112958394,-0.0512942949377854,NaN,NaN,NaN,NaN,NaN,NaN,NaN,NaN,NaN
NaN,NaN,0.0120983510520697,0.00558820981920386,-0.0224268092570128,-0.0474113985401345,-0.0502406539114115,-0.000566030998015773,-0.0480133013867696,NaN,NaN,NaN,NaN,NaN,NaN,NaN,NaN,NaN
NaN,NaN,0.0109926290121318,0.00587861482442046,-0.0197679764387431,-0.0445458493632032,-0.0513215655179617,-0.00312500740983523,-0.0457878502153714,NaN,NaN,NaN,NaN,NaN,NaN,NaN,NaN,NaN
NaN,NaN,0.0117822601702452,0.00673226509631301,-0.0216606101748766,-0.0458950004976941,-0.0503323146792051,-0.00349004860618151,-0.0447711253606637,NaN,NaN,NaN,NaN,NaN,NaN,NaN,NaN,NaN
NaN,NaN,0.011573327263856,0.00714176763237143,-0.0178252748009982,-0.0456978208821965,-0.0527823636026975,-0.00374178509810008,-0.0421995947205384,NaN,NaN,NaN,NaN,NaN,NaN,NaN,NaN,NaN
NaN,NaN,0.0103042139914275,0.00752567742407943,-0.0183887622115435,-0.043866822074051,-0.0543857285471556,-0.00592642571427859,-0.0454547161304314,NaN,NaN,NaN,NaN,NaN,NaN,NaN,NaN,NaN
NaN,NaN,0.0117409094479323,0.00909896064937736,-0.0172767071780981,-0.045983755539055,-0.0544717268736955,-0.00999278496601618,-0.0438407899879773,NaN,NaN,NaN,NaN,NaN,NaN,NaN,NaN,NaN
NaN,NaN,0.0111925467159987,0.0101985545867744,-0.0160996085760416,-0.0434950753551675,-0.0555900403948423,-0.0110559641907457,-0.0420706065439542,NaN,NaN,NaN,NaN,NaN,NaN,NaN,NaN,NaN
NaN,NaN,0.0101473047640563,0.00888065863788749,-0.018045998251182,-0.0442592627805425,-0.0541613356860277,-0.0111470289120916,-0.0397702956640084,NaN,NaN,NaN,NaN,NaN,NaN,NaN,NaN,NaN
NaN,NaN,0.0116832605805636,0.00978484247267867,-0.015048909073812,-0.043912978420849,-0.0559511886628267,-0.00976729314425029,-0.0370373668217023,NaN,NaN,NaN,NaN,NaN,NaN,NaN,NaN,NaN
NaN,NaN,0.00997810207870013,0.00982567165434981,-0.0143568060157122,-0.0426917910081102,-0.0568499149473306,-0.0119257449696306,-0.037188054814275,NaN,NaN,NaN,NaN,NaN,NaN,NaN,NaN,NaN
NaN,NaN,0.0126344762053729,0.0127169067078891,-0.0135400361177744,-0.0423238627117826,-0.0550741808207628,-0.0144502624461893,-0.0359346808933575,NaN,NaN,NaN,NaN,NaN,NaN,NaN,NaN,NaN
NaN,NaN,0.0106007098462821,0.0128603303843799,-0.0113619520125212,-0.0406448184949113,-0.056670933374941,-0.0153576127777342,-0.0334532277726491,NaN,NaN,NaN,NaN,NaN,NaN,NaN,NaN,NaN
NaN,NaN,0.00975685708787447,0.0114954957777324,-0.0121655343828024,-0.0388043760758592,-0.0545962447019216,-0.0160357832501177,-0.0320960486375649,NaN,NaN,NaN,NaN,NaN,NaN,NaN,NaN,NaN
NaN,NaN,0.0113922036495448,0.0124545531386199,-0.00910455647681374,-0.0396426595252706,-0.0556369417997,-0.0143649160454515,-0.030034659250911,NaN,NaN,NaN,NaN,NaN,NaN,NaN,NaN,NaN
NaN,NaN,0.0089267692771197,0.0128945658022227,-0.00845089841459412,-0.0357140056294156,-0.0554175967069265,-0.0171368673036341,-0.0299843305789788,NaN,NaN,NaN,NaN,NaN,NaN,NaN,NaN,NaN
NaN,NaN,0.0113521754052878,0.0144987689369979,-0.00692613709543366,-0.0358449309569551,-0.0538952382000086,-0.017896360863233,-0.0278890410506089,NaN,NaN,NaN,NaN,NaN,NaN,NaN,NaN,NaN
NaN,NaN,0.00737391926910883,0.0131745399946036,-0.00666363451455254,-0.03410130883276,-0.05517774389106,-0.0184482067415956,-0.0242148989879448,NaN,NaN,NaN,NaN,NaN,NaN,NaN,NaN,NaN
NaN,NaN,0.00796547674205309,0.0120728971475425,-0.00615284133527894,-0.0325289569300367,-0.052449546167433,-0.0180120497534517,-0.0238700861179192,NaN,NaN,NaN,NaN,NaN,NaN,NaN,NaN,NaN
NaN,NaN,0.0094252131190539,0.0118203224653068,-0.0045582680759253,-0.0339746862155152,-0.0527851016910669,-0.0169436551223043,-0.0199097300016244,NaN,NaN,NaN,NaN,NaN,NaN,NaN,NaN,NaN
NaN,NaN,0.00798322775032526,0.013959551792747,-0.0039711623248877,-0.0300744004052831,-0.0526353636475202,-0.019567526091123,-0.019197324111398,NaN,NaN,NaN,NaN,NaN,NaN,NaN,NaN,NaN
NaN,NaN,0.00828344889547831,0.0137812407726112,-0.00233495894644875,-0.03108712057292,-0.0525964529903528,-0.0204519658873323,-0.0169480497085412,NaN,NaN,NaN,NaN,NaN,NaN,NaN,NaN,NaN
NaN,NaN,0.00635697089698321,0.0138831274622741,-0.00250343520019669,-0.0282888501387788,-0.0539922075064775,-0.0214130162785295,-0.0161436664008458,NaN,NaN,NaN,NaN,NaN,NaN,NaN,NaN,NaN
NaN,NaN,0.00777939849164492,0.0130096772724452,-0.000194481646758504,-0.0273344866436673,-0.0518407033475038,-0.021806630451465,-0.0155044065856297,NaN,NaN,NaN,NaN,NaN,NaN,NaN,NaN,NaN
NaN,NaN,0.00978719957735544,0.0151134604626956,-2.26712581934407e-05,-0.0284157894056989,-0.05138245538789,-0.0229408509621862,-0.0127186531268914,NaN,NaN,NaN,NaN,NaN,NaN,NaN,NaN,NaN
NaN,NaN,0.00866404317882067,0.0170928003305259,0.0028543518128572,-0.0244750841957284,-0.052893880167782,-0.0254820763657335,-0.0117888765477498,NaN,NaN,NaN,NaN,NaN,NaN,NaN,NaN,NaN
NaN,NaN,0.00798859216835505,0.0151137584859195,0.0017525785806356,-0.0249221376579953,-0.0509927527697679,-0.0264016456494574,-0.0098560283028443,NaN,NaN,NaN,NaN,NaN,NaN,NaN,NaN,NaN
NaN,NaN,0.00702793293263918,0.0170024806672397,0.00289551627065521,-0.0224684938293649,-0.0524703891666529,-0.0249909340927843,-0.00796412099831893,NaN,NaN,NaN,NaN,NaN,NaN,NaN,NaN,NaN
NaN,NaN,0.00844689600732332,0.0146323764735522,0.00436531093146186,-0.021514037201996,-0.0487058715613481,-0.0255021370539907,-0.0071443336152394,NaN,NaN,NaN,NaN,NaN,NaN,NaN,NaN,NaN
NaN,NaN,0.0121220625248194,0.0187402168327632,0.0042480015399633,-0.0232002153497888,-0.0492977270575163,-0.0272137403080706,-0.00454685632818533,NaN,NaN,NaN,NaN,NaN,NaN,NaN,NaN,NaN
NaN,NaN,0.00947852202322489,0.0182108158284488,0.00705444898630958,-0.0198912821215345,-0.0495646068544981,-0.0294982373306993,-0.00490558315747572,NaN,NaN,NaN,NaN,NaN,NaN,NaN,NaN,NaN
NaN,NaN,0.00968684025671488,0.0175436163359943,0.00528625857259613,-0.0193844377499772,-0.0496464701088068,-0.0306629120896105,-0.0043245868825276,NaN,NaN,NaN,NaN,NaN,NaN,NaN,NaN,NaN
NaN,NaN,0.0094007565882445,0.0187507966572108,0.00773118522192817,-0.0177272423607064,-0.0504919247420427,-0.0286967970023397,-0.00246307794683768,NaN,NaN,NaN,NaN,NaN,NaN,NaN,NaN,NaN
NaN,NaN,0.0107972189095259,0.0177203999871078,0.00838840093638282,-0.0156375780206872,-0.0464237214716074,-0.0321821972320322,-0.00262181256645514,NaN,NaN,NaN,NaN,NaN,NaN,NaN,NaN,NaN
NaN,NaN,0.0113629042413474,0.0202008286529841,0.0090077677014051,-0.0160781681042863,-0.0459840627105829,-0.0317653186211828,0.000333199456993803,NaN,NaN,NaN,NaN,NaN,NaN,NaN,NaN,NaN
NaN,NaN,0.00812972479131228,0.0182350302153888,0.010182575249928,-0.0125413216155721,-0.0488609367700216,-0.035725004185224,-0.00242528487675978,NaN,NaN,NaN,NaN,NaN,NaN,NaN,NaN,NaN
NaN,NaN,0.00757867985036379,0.0172979706937137,0.00801568564202171,-0.0139732487004949,-0.0487539278061983,-0.0356958165357355,-0.001268228336509,NaN,NaN,NaN,NaN,NaN,NaN,NaN,NaN,NaN
NaN,NaN,0.00667952515747553,0.0162223676258388,0.00883644160057884,-0.0129801235598279,-0.0480897830517885,-0.0342397309432272,-0.000714724703963533,NaN,NaN,NaN,NaN,NaN,NaN,NaN,NaN,NaN
NaN,NaN,0.0062974035051108,0.013974043172008,0.00843461316253524,-0.0127568110328866,-0.0451441960127947,-0.0389613315055613,0.000734208331171736,NaN,NaN,NaN,NaN,NaN,NaN,NaN,NaN,NaN
NaN,NaN,0.00688937075998789,0.0152854757422271,0.00905692290689331,-0.0122563182812883,-0.0454346755238172,-0.0369464523682837,0.00178235600954698,NaN,NaN,NaN,NaN,NaN,NaN,NaN,NaN,NaN
NaN,NaN,0.00318395488526827,0.0148294815832439,0.00995423358108383,-0.00908143962442409,-0.0485628949196932,-0.0412331811676268,-0.000282404764827032,NaN,NaN,NaN,NaN,NaN,NaN,NaN,NaN,NaN
NaN,NaN,0.00373783104684359,0.0141820820087257,0.00935369815852027,-0.00889703775465023,-0.0467334048541185,-0.0402138486097101,-0.00064563919537856,NaN,NaN,NaN,NaN,NaN,NaN,NaN,NaN,NaN
NaN,NaN,0.00464454807903773,0.0154115954452815,0.010480672979611,-0.00893490533053409,-0.0455791795344946,-0.0404605745861773,-0.000276425673898,NaN,NaN,NaN,NaN,NaN,NaN,NaN,NaN,NaN
NaN,NaN,0.00460142784383303,0.0129440935367408,0.0120213040354429,-0.00747829819738399,-0.0428156474323866,-0.0445063143561129,0.000275345698658686,NaN,NaN,NaN,NaN,NaN,NaN,NaN,NaN,NaN
NaN,NaN,0.00533249743845469,0.0139638731294932,0.0113228307309328,-0.00614436487376224,-0.042710445234358,-0.0427107058058027,-0.00107604061001136,NaN,NaN,NaN,NaN,NaN,NaN,NaN,NaN,NaN
NaN,NaN,0.00189103700783259,0.0139127621465983,0.0142086268606363,-0.00257346923172008,-0.0452388183863756,-0.0449697032163385,-0.00237288866871192,NaN,NaN,NaN,NaN,NaN,NaN,NaN,NaN,NaN
NaN,NaN,0.00240512706902033,0.0135074319356742,0.0120648526790319,-0.00228317598521244,-0.0398180180879232,-0.041862233687425,-0.00255568866365745,NaN,NaN,NaN,NaN,NaN,NaN,NaN,NaN,NaN
NaN,NaN,0.00555962838795191,0.0140519017392459,0.0143686839583097,-0.00306900734722148,-0.0389531174393293,-0.0425324692914728,-5.32435321171469e-05,NaN,NaN,NaN,NaN,NaN,NaN,NaN,NaN,NaN
NaN,NaN,0.0049650534298659,0.0125830011481109,0.0157193810882745,-0.00122714931785594,-0.0364841440411207,-0.0453879043052439,-0.00114257429474189,NaN,NaN,NaN,NaN,NaN,NaN,NaN,NaN,NaN
NaN,NaN,0.00621688135530955,0.0158180618697467,0.0154079281928716,0.000435205598478209,-0.0379075215848085,-0.0448627315054182,-0.000783083780940313,NaN,NaN,NaN,NaN,NaN,NaN,NaN,NaN,NaN
NaN,NaN,0.00352792956497675,0.0151318447703185,0.016826220715302,0.00254766871512402,-0.0393918076248762,-0.0455248273501638,-0.00299979914658858,NaN,NaN,NaN,NaN,NaN,NaN,NaN,NaN,NaN
NaN,NaN,0.00483233996298319,0.0166561031752887,0.0150460348668275,0.00215398003638256,-0.0353562192710039,-0.0444910406658892,-0.00301626492970778,NaN,NaN,NaN,NaN,NaN,NaN,NaN,NaN,NaN
NaN,NaN,0.00651620843079096,0.0156506659501853,0.0174862676503835,0.0017993137735175,-0.0341869065256712,-0.0463627568969969,-0.00300928001039817,NaN,NaN,NaN,NaN,NaN,NaN,NaN,NaN,NaN
NaN,NaN,0.00434650622870928,0.0146502019876304,0.0184807152691064,0.00364331384480465,-0.0331490033956167,-0.0501376121828798,-0.00602531228893592,NaN,NaN,NaN,NaN,NaN,NaN,NaN,NaN,NaN
NaN,NaN,0.00358438633944994,0.0146084601098361,0.0163290062191663,0.00529691432893742,-0.0350250968428251,-0.0489331140706781,-0.0077965946935971,NaN,NaN,NaN,NaN,NaN,NaN,NaN,NaN,NaN
NaN,NaN,0.00126040123965746,0.0143928216809096,0.0148073555174051,0.00485697617114056,-0.036183103332102,-0.0493008188495878,-0.0107030475580056,NaN,NaN,NaN,NaN,NaN,NaN,NaN,NaN,NaN
NaN,NaN,0.000278098067307532,0.0134620765262904,0.0134472147765337,0.00232605119526852,-0.0329759636612531,-0.0499461881408934,-0.0103766748749573,NaN,NaN,NaN,NaN,NaN,NaN,NaN,NaN,NaN
NaN,NaN,0.0011590733435393,0.00967805702627326,0.0142624759319006,0.000859255393152125,-0.0333754079135057,-0.0517516500840429,-0.012861275865968,NaN,NaN,NaN,NaN,NaN,NaN,NaN,NaN,NaN
NaN,NaN,-0.00221196047399038,0.0110346214884582,0.0145409786346136,0.00299677108705509,-0.0339731121154424,-0.0554124556074385,-0.0155781300806363,NaN,NaN,NaN,NaN,NaN,NaN,NaN,NaN,NaN
NaN,NaN,-0.00136261291239256,0.00892826784790183,0.0124637940170942,0.00399945159733761,-0.0347337977679369,-0.0543371505627874,-0.0185618827187379,NaN,NaN,NaN,NaN,NaN,NaN,NaN,NaN,NaN
NaN,NaN,-0.00495809547040457,0.0100541809612575,0.0117451296391664,0.00344520290673245,-0.0350557932348844,-0.0553774378786329,-0.0192038992487748,NaN,NaN,NaN,NaN,NaN,NaN,NaN,NaN,NaN
NaN,NaN,-0.0057170674893617,0.00711384658158446,0.0111665920558153,0.00376131241500843,-0.0319315226467249,-0.0565156071970705,-0.0204975249313672,NaN,NaN,NaN,NaN,NaN,NaN,NaN,NaN,NaN
NaN,NaN,-0.00410504124495977,0.0058937767559352,0.0121315353753744,0.00181676675856579,-0.0327806094380018,-0.0576173618028406,-0.0232479067587216,NaN,NaN,NaN,NaN,NaN,NaN,NaN,NaN,NaN
NaN,NaN,-0.00703326843116277,0.00623380262792731,0.0124789745750604,0.00610211720049847,-0.0318705023916361,-0.059878687519813,-0.0246900970184167,NaN,NaN,NaN,NaN,NaN,NaN,NaN,NaN,NaN
NaN,NaN,-0.00536528832647794,0.00674735252202178,0.0108103797974763,0.00797511865675915,-0.0305102126391527,-0.0564466707000975,-0.0269319394671281,NaN,NaN,NaN,NaN,NaN,NaN,NaN,NaN,NaN
NaN,NaN,-0.00969515598747724,0.00686417762578154,0.0114550599100767,0.00840181340754498,-0.0278419362099764,-0.0566726654360537,-0.0259207280420621,NaN,NaN,NaN,NaN,NaN,NaN,NaN,NaN,NaN
NaN,NaN,-0.00787434584829801,0.00396515671551848,0.012904942894238,0.00880053122818936,-0.0249818259568807,-0.0558768875489477,-0.0267370695316155,NaN,NaN,NaN,NaN,NaN,NaN,NaN,NaN,NaN
NaN,NaN,-0.00708706162307256,0.00416811053097869,0.0134553545358358,0.00783229102671612,-0.0253096328766939,-0.0560502253065351,-0.0257779562913735,NaN,NaN,NaN,NaN,NaN,NaN,NaN,NaN,NaN
NaN,NaN,-0.00783653415176862,0.00573526565373565,0.0134678156318842,0.0123921767371939,-0.0235005574019548,-0.0571214884112123,-0.0265774222158749,NaN,NaN,NaN,NaN,NaN,NaN,NaN,NaN,NaN
NaN,NaN,-0.00646130598518842,0.00570252035201217,0.0108626642468153,0.0129901417094516,-0.0207140216322538,-0.053054607618833,-0.0269189940833409,NaN,NaN,NaN,NaN,NaN,NaN,NaN,NaN,NaN
NaN,NaN,-0.0102530740890264,0.0065290877634349,0.0131636643054662,0.0132508375245379,-0.0190526725443002,-0.0527633830497507,-0.02678305824035,NaN,NaN,NaN,NaN,NaN,NaN,NaN,NaN,NaN
NaN,NaN,-0.00946850932571882,0.00348250810444976,0.0158437685313402,0.0126580507057952,-0.0186053583117124,-0.0533662840316538,-0.028902413144048,NaN,NaN,NaN,NaN,NaN,NaN,NaN,NaN,NaN
NaN,NaN,-0.0094247185382604,0.00454760585368301,0.0151065522077261,0.0139480814832496,-0.0169345097334978,-0.0529933452198748,-0.0298454145037491,NaN,NaN,NaN,NaN,NaN,NaN,NaN,NaN,NaN
NaN,NaN,-0.00919058404300207,0.00514734033883239,0.0148104847612558,0.0164172970253276,-0.0163073384853002,-0.0528645246813539,-0.030297534360822,NaN,NaN,NaN,NaN,NaN,NaN,NaN,NaN,NaN
NaN,NaN,-0.0110488519761323,0.00415464360654975,0.011595931762713,0.015363803555374,-0.0137229928465482,-0.0507347762177233,-0.031100315793689,NaN,NaN,NaN,NaN,NaN,NaN,NaN,NaN,NaN
NaN,NaN,-0.0135850854906797,0.0024867193812194,0.0133023009839235,0.0128251486021327,-0.0147860789390203,-0.0515127285907511,-0.0320482531630356,NaN,NaN,NaN,NaN,NaN,NaN,NaN,NaN,NaN
NaN,NaN,-0.014660930702424,0.000127958696490779,0.013176255786675,0.0116646089154528,-0.0157981844337579,-0.0533329240570311,-0.0341673100435097,NaN,NaN,NaN,NaN,NaN,NaN,NaN,NaN,NaN
NaN,NaN,-0.0124796055946111,0.000489609878665462,0.00996332328941207,0.0133025259274291,-0.0138362416716215,-0.0537897377798799,-0.0360430123352368,NaN,NaN,NaN,NaN,NaN,NaN,NaN,NaN,NaN
NaN,NaN,-0.013035698303914,0.000154650401479259,0.00915117275144439,0.0124954045313643,-0.0143970282467005,-0.0539596110174898,-0.0356356332146485,NaN,NaN,NaN,NaN,NaN,NaN,NaN,NaN,NaN
NaN,NaN,-0.0168581441733598,-0.000698385197514043,0.00736023944045883,0.0134078026312636,-0.0121701055856344,-0.0529105133900885,-0.0394822375916798,NaN,NaN,NaN,NaN,NaN,NaN,NaN,NaN,NaN
NaN,NaN,-0.0165890664551019,-0.00229185949622964,0.00923182528640609,0.00960584585845937,-0.0140785531790849,-0.0546312063524965,-0.0408468859338124,NaN,NaN,NaN,NaN,NaN,NaN,NaN,NaN,NaN
NaN,NaN,-0.0186653570029497,-0.00293406229078149,0.00831594404007774,0.0106001630920218,-0.0140475215108988,-0.0563757225463632,-0.0440065095269044,NaN,NaN,NaN,NaN,NaN,NaN,NaN,NaN,NaN
NaN,NaN,-0.0149859250280618,-0.00304997469841813,0.00610021587635856,0.0108810499805259,-0.0121906691880819,-0.0564576416800264,-0.044339252456363,NaN,NaN,NaN,NaN,NaN,NaN,NaN,NaN,NaN
NaN,NaN,-0.0181573019120454,-0.00386532898604249,0.00500078957702499,0.0119223990041064,-0.0105334924252626,-0.0563845514843706,-0.0457116680287678,NaN,NaN,NaN,NaN,NaN,NaN,NaN,NaN,NaN
NaN,NaN,-0.0200707227680444,-0.00547230746209,0.00567784246231895,0.0129890054959105,-0.00729243398624627,-0.0549841589818243,-0.0477448010885079,NaN,NaN,NaN,NaN,NaN,NaN,NaN,NaN,NaN
NaN,NaN,-0.0205498696062326,-0.00736041497051095,0.00652897816326004,0.009660011579399,-0.0087879704030153,-0.0542951479146723,-0.0483653413199742,NaN,NaN,NaN,NaN,NaN,NaN,NaN,NaN,NaN
NaN,NaN,-0.0207883999440431,-0.00651689748823022,0.00568102758552413,0.0122936428087996,-0.00772458628731935,-0.0549634649942163,-0.0482429282807667,NaN,NaN,NaN,NaN,NaN,NaN,NaN,NaN,NaN
NaN,NaN,-0.0175805152151346,-0.00803092997133111,0.00306188773538452,0.0109615348774241,-0.00480569095331399,-0.0533545866201166,-0.0473269911550839,NaN,NaN,NaN,NaN,NaN,NaN,NaN,NaN,NaN
NaN,NaN,-0.0198111445400476,-0.00757910813748216,0.00418528627778869,0.0129984863597201,-0.00392462254482476,-0.0511274963209871,-0.0472805740379651,NaN,NaN,NaN,NaN,NaN,NaN,NaN,NaN,NaN
NaN,NaN,-0.0217262604031324,-0.00983547921835755,0.0062260748090921,0.0147379920381354,-0.00213972420412271,-0.0497898190806154,-0.0481721291386445,NaN,NaN,NaN,NaN,NaN,NaN,NaN,NaN,NaN
NaN,NaN,-0.0210936874840021,-0.00881726424753045,0.00721553053881507,0.0132729657489108,-0.00206043140011995,-0.0481019272992853,-0.0488481761955578,NaN,NaN,NaN,NaN,NaN,NaN,NaN,NaN,NaN
NaN,NaN,-0.022142654726243,-0.00825308765827988,0.00687749769713264,0.0166836925345706,0.000303079029739216,-0.0482045404205564,-0.0472392791950066,NaN,NaN,NaN,NaN,NaN,NaN,NaN,NaN,NaN
NaN,NaN,-0.0203422219249963,-0.0112443281298814,0.00388003599073272,0.0159465134638595,0.0056143744198683,-0.0453943118045572,-0.0489224584841092,NaN,NaN,NaN,NaN,NaN,NaN,NaN,NaN,NaN
NaN,NaN,-0.0225563854667901,-0.0114216519480882,0.00422773596073966,0.0162461199361133,0.00356524123829634,-0.0441359459946398,-0.0478623339974244,NaN,NaN,NaN,NaN,NaN,NaN,NaN,NaN,NaN
NaN,NaN,-0.0257002697083711,-0.0145230306273637,0.00420346569444519,0.0159205295640277,0.00466273038667471,-0.0422249838302378,-0.0502822825753052,NaN,NaN,NaN,NaN,NaN,NaN,NaN,NaN,NaN
NaN,NaN,-0.0240782038066148,-0.0134339978879628,0.00265203129674774,0.0136682376760291,0.00269518106263907,-0.0416847236047033,-0.0513562092625458,NaN,NaN,NaN,NaN,NaN,NaN,NaN,NaN,NaN
NaN,NaN,-0.0248784334156274,-0.013920260030621,0.000904180968063883,0.0142695926624583,0.00445508270543844,-0.041943500895286,-0.0498327517949898,NaN,NaN,NaN,NaN,NaN,NaN,NaN,NaN,NaN
NaN,NaN,-0.0232936017904043,-0.0159990278965173,-0.00162901643489022,0.0143132716912078,0.00761034770888121,-0.0417600117216352,-0.052749747230943,NaN,NaN,NaN,NaN,NaN,NaN,NaN,NaN,NaN
NaN,NaN,-0.0250486791822671,-0.0153706086760697,0.000454929584520869,0.0125578217703151,0.00536856113952429,-0.0403977289388422,-0.0526379885219891,NaN,NaN,NaN,NaN,NaN,NaN,NaN,NaN,NaN
NaN,NaN,-0.0274180755707979,-0.0167585587090192,0.000695359820383601,0.0142832272249507,0.00601216091793806,-0.0405247240851168,-0.0573432909392674,NaN,NaN,NaN,NaN,NaN,NaN,NaN,NaN,NaN
NaN,NaN,-0.0247129932734727,-0.0152707895225224,-0.0017186841723742,0.0100079723197268,0.00398370309752256,-0.0394938990066294,-0.0574986355447133,NaN,NaN,NaN,NaN,NaN,NaN,NaN,NaN,NaN
NaN,NaN,-0.0254738093111276,-0.0173649242108998,-0.0031946628150763,0.0107252769666957,0.00550628512185843,-0.0403232045064215,-0.059340046539243,NaN,NaN,NaN,NaN,NaN,NaN,NaN,NaN,NaN
NaN,NaN,-0.0232062437329053,-0.0192818654662309,-0.00435143995855469,0.0105382301408099,0.00782723411005766,-0.0402566149423365,-0.0620810965143998,NaN,NaN,NaN,NaN,NaN,NaN,NaN,NaN,NaN
NaN,NaN,-0.0264925085696935,-0.0184470837897,-0.00360295463178772,0.0105492570000934,0.00772838353198797,-0.037833164591575,-0.0626315081559975,NaN,NaN,NaN,NaN,NaN,NaN,NaN,NaN,NaN
NaN,NaN,-0.0269542955550908,-0.0190466320103345,-0.0031425832567038,0.0116474912065314,0.00742844178360731,-0.0372507154534105,-0.0651414411210377,NaN,NaN,NaN,NaN,NaN,NaN,NaN,NaN,NaN
NaN,NaN,-0.0244360179397821,-0.0186924686616597,-0.00722425345156807,0.00798692782700528,0.00688115938586027,-0.0362731806526426,-0.0638818459653218,NaN,NaN,NaN,NaN,NaN,NaN,NaN,NaN,NaN
NaN,NaN,-0.0256353751513719,-0.0198380326813397,-0.0081336526927771,0.00922050182998647,0.00830435066503317,-0.0369546666333917,-0.0642861330949624,NaN,NaN,NaN,NaN,NaN,NaN,NaN,NaN,NaN
NaN,NaN,-0.0250821881685018,-0.022097011465424,-0.00904808107588906,0.00824600314081182,0.0106765223948363,-0.036388403881574,-0.0657744797014554,NaN,NaN,NaN,NaN,NaN,NaN,NaN,NaN,NaN
NaN,NaN,-0.0275440835151433,-0.0206637991553483,-0.00789076376531739,0.00916018938005437,0.00969187228959829,-0.0331163882801775,-0.0654836276614029,NaN,NaN,NaN,NaN,NaN,NaN,NaN,NaN,NaN
NaN,NaN,-0.0286028110179662,-0.0213688103443322,-0.007410927748424,0.00925080706656446,0.00884014054220945,-0.0337262555549387,-0.068519422604974,NaN,NaN,NaN,NaN,NaN,NaN,NaN,NaN,NaN
NaN,NaN,-0.027257888087964,-0.0221946326976952,-0.0106420769152464,0.00696092699945439,0.0109156860319975,-0.0327584623883013,-0.0678674781762917,NaN,NaN,NaN,NaN,NaN,NaN,NaN,NaN,NaN
NaN,NaN,-0.0294112176391839,-0.0237767076080975,-0.0104592955467524,0.00846706186712255,0.0112473858801726,-0.0323566525767092,-0.067301178171571,NaN,NaN,NaN,NaN,NaN,NaN,NaN,NaN,NaN
NaN,NaN,-0.0304941967818498,-0.0254882736092744,-0.0125983572361292,0.00781286363780965,0.013997730454624,-0.0299643083999399,-0.0685413086854775,NaN,NaN,NaN,NaN,NaN,NaN,NaN,NaN,NaN
NaN,NaN,-0.0308507256898641,-0.0249353846496282,-0.012027232980472,0.00733781461894979,0.0126203229932192,-0.0267899885366205,-0.0663607658886273,NaN,NaN,NaN,NaN,NaN,NaN,NaN,NaN,NaN
NaN,NaN,-0.0311340898964166,-0.0270055843478379,-0.0132674380001845,0.00672425930679311,0.0117156362442377,-0.0281858920643572,-0.0694498138570149,NaN,NaN,NaN,NaN,NaN,NaN,NaN,NaN,NaN
NaN,NaN,-0.0291980006489515,-0.0280222533231912,-0.0168444058654131,0.00469758962572087,0.0132173380164507,-0.0262739054451231,-0.0671404132687409,NaN,NaN,NaN,NaN,NaN,NaN,NaN,NaN,NaN
NaN,NaN,-0.0311833754870653,-0.0281744873112378,-0.0156789301690878,0.00481666853011121,0.0134670069722536,-0.0269612587580923,-0.067200725718673,NaN,NaN,NaN,NaN,NaN,NaN,NaN,NaN,NaN
NaN,NaN,-0.0310374558660745,-0.0284181212967572,-0.0172272725758376,0.00538788591802587,0.0154306261150244,-0.0238597869465593,-0.0680158937417824,NaN,NaN,NaN,NaN,NaN,NaN,NaN,NaN,NaN
NaN,NaN,-0.0311196543965101,-0.0280983796304402,-0.0161006516573252,0.00401604776561727,0.011756092896879,-0.0206817976722959,-0.0673011595451195,NaN,NaN,NaN,NaN,NaN,NaN,NaN,NaN,NaN
NaN,NaN,-0.0301525317821264,-0.028303661752337,-0.0180639168975176,0.00431462978303898,0.0128774984089735,-0.0227196804771665,-0.0710187384926636,NaN,NaN,NaN,NaN,NaN,NaN,NaN,NaN,NaN
NaN,NaN,-0.0281731919142961,-0.0288689186757741,-0.0196667230484309,0.00172994886816014,0.0136139510480765,-0.0207182682643179,-0.0686551908099015,NaN,NaN,NaN,NaN,NaN,NaN,NaN,NaN,NaN
NaN,NaN,-0.0287054986450433,-0.0272437235301671,-0.0176665029284777,0.00303136040747631,0.0148768430857065,-0.0203514389286283,-0.0697434039854367,NaN,NaN,NaN,NaN,NaN,NaN,NaN,NaN,NaN
NaN,NaN,-0.0287555851731061,-0.028106128234261,-0.018239787852508,0.00407846500456799,0.0160111381022337,-0.0171552888641599,-0.0687800811671574,NaN,NaN,NaN,NaN,NaN,NaN,NaN,NaN,NaN
NaN,NaN,-0.0265762530956029,-0.0276291606908975,-0.0183071597275557,0.000793410887126811,0.013536409130514,-0.0148807569930796,-0.0691338906132538,NaN,NaN,NaN,NaN,NaN,NaN,NaN,NaN,NaN
NaN,NaN,-0.0271341898236036,-0.0281987016981778,-0.0203594594058814,0.00136710559308995,0.0135096429197195,-0.0153427861223463,-0.0699887888573964,NaN,NaN,NaN,NaN,NaN,NaN,NaN,NaN,NaN
NaN,NaN,-0.026067378440833,-0.0283308191186128,-0.0218676618096652,-0.00112950945913326,0.0140485620407465,-0.0137065082381014,-0.0682381073080857,NaN,NaN,NaN,NaN,NaN,NaN,NaN,NaN,NaN
NaN,NaN,-0.0262034074160814,-0.0272012924736676,-0.0196760176477255,-0.00067932675301563,0.0142510315684679,-0.0122280150244478,-0.0679026635431607,NaN,NaN,NaN,NaN,NaN,NaN,NaN,NaN,NaN
NaN,NaN,-0.0255804643723726,-0.0283637693113027,-0.0206721602735342,-0.000134838322992437,0.0152069783119562,-0.0101512588153128,-0.0687264183604081,NaN,NaN,NaN,NaN,NaN,NaN,NaN,NaN,NaN
NaN,NaN,-0.0235266373250245,-0.0268440557604966,-0.0207070848700823,-0.0025603562098695,0.0137494771091345,-0.00958577837445773,-0.0691294388913472,NaN,NaN,NaN,NaN,NaN,NaN,NaN,NaN,NaN
NaN,NaN,-0.0259696454498529,-0.0268496995752988,-0.0221583089587511,-0.00181222478568088,0.013341334304035,-0.0104537710139994,-0.0714315751635392,NaN,NaN,NaN,NaN,NaN,NaN,NaN,NaN,NaN
NaN,NaN,-0.0246721268388986,-0.0277729382699666,-0.0229450343904318,-0.00334235052287113,0.0142810201553705,-0.00863115410902537,-0.0698002705418427,NaN,NaN,NaN,NaN,NaN,NaN,NaN,NaN,NaN
NaN,NaN,-0.0256826304588079,-0.0277965566104588,-0.0233329861221137,-0.00406883801042568,0.0128972983269098,-0.00611159126856364,-0.0694348381900151,NaN,NaN,NaN,NaN,NaN,NaN,NaN,NaN,NaN
NaN,NaN,-0.0250846841130018,-0.0307673266118703,-0.0244615255651297,-0.00605672741949093,0.014369458547056,-0.00707798745133914,-0.0698582733117898,NaN,NaN,NaN,NaN,NaN,NaN,NaN,NaN,NaN
NaN,NaN,-0.0252407365236043,-0.031758626360291,-0.0270314170775237,-0.00878473887860309,0.0116940295605066,-0.00540020983316936,-0.0694365331971009,NaN,NaN,NaN,NaN,NaN,NaN,NaN,NaN,NaN
NaN,NaN,-0.0274749235007524,-0.0309066897219357,-0.0271759769675555,-0.00690495739399921,0.0106320983080271,-0.00625132690765895,-0.070752659633096,NaN,NaN,NaN,NaN,NaN,NaN,NaN,NaN,NaN
NaN,NaN,-0.0260028750393152,-0.0316947190052209,-0.028960968440515,-0.010388364593382,0.0110295309035185,-0.00464900504448451,-0.0687238479101021,NaN,NaN,NaN,NaN,NaN,NaN,NaN,NaN,NaN
NaN,NaN,-0.0263815135452508,-0.0306369600778756,-0.0284637911972823,-0.00933274770795833,0.0113510607091788,-0.00291661467053928,-0.0683539079570134,NaN,NaN,NaN,NaN,NaN,NaN,NaN,NaN,NaN
NaN,NaN,-0.0243344478997945,-0.0329867800658879,-0.0294171302375617,-0.0111575625342084,0.0117737880257967,-0.0033697217295412,-0.068954368873771,NaN,NaN,NaN,NaN,NaN,NaN,NaN,NaN,NaN
NaN,NaN,-0.0252828881833314,-0.0320797836369214,-0.0300858384725871,-0.0116712241870118,0.011287470003784,-0.000274843681836508,-0.0674191581153233,NaN,NaN,NaN,NaN,NaN,NaN,NaN,NaN,NaN
NaN,NaN,-0.0260457903835534,-0.030814079005116,-0.0288391887006583,-0.0112535446387483,0.00992332457584173,-0.00171047743060627,-0.0675864050232728,NaN,NaN,NaN,NaN,NaN,NaN,NaN,NaN,NaN
NaN,NaN,-0.024700290033555,-0.0314501164442239,-0.030668567007524,-0.0125364787381841,0.0102566262988451,0.00120558668277226,-0.065473867400821,NaN,NaN,NaN,NaN,NaN,NaN,NaN,NaN,NaN
NaN,NaN,-0.0233925268742799,-0.0299282235985932,-0.0292635178921046,-0.01163937295496,0.0114693759290579,0.000808824639534571,-0.0652779730104764,NaN,NaN,NaN,NaN,NaN,NaN,NaN,NaN,NaN
NaN,NaN,-0.0215290994140863,-0.0321543453222451,-0.0296917027590098,-0.0127909346920205,0.0127701727954748,0.00327932540676556,-0.0649744363569577,NaN,NaN,NaN,NaN,NaN,NaN,NaN,NaN,NaN
NaN,NaN,-0.0209776260647535,-0.0283647937661347,-0.0300997710583033,-0.0126211173337651,0.0110942950753573,0.00646873269579373,-0.0620349029146989,NaN,NaN,NaN,NaN,NaN,NaN,NaN,NaN,NaN
NaN,NaN,-0.0204856456014871,-0.0277739999777017,-0.0278703524527373,-0.0135192103189183,0.00841266348046095,0.00626017231843434,-0.06035239417785,NaN,NaN,NaN,NaN,NaN,NaN,NaN,NaN,NaN
NaN,NaN,-0.0195603766236066,-0.0278533114081559,-0.0305335252342047,-0.0147953085106565,0.00913780986350805,0.00756672475836239,-0.0593558790230115,NaN,NaN,NaN,NaN,NaN,NaN,NaN,NaN,NaN
NaN,NaN,-0.0167065993640184,-0.0273091210013566,-0.028372409826261,-0.0155173256498529,0.00910659193080694,0.00819709975621662,-0.0572421120547612,NaN,NaN,NaN,NaN,NaN,NaN,NaN,NaN,NaN
NaN,NaN,-0.0167202153000593,-0.0269999405330357,-0.0283703795430483,-0.0147641650837613,0.00957720785421164,0.00949819464585743,-0.0580370331250985,NaN,NaN,NaN,NaN,NaN,NaN,NaN,NaN,NaN
NaN,NaN,-0.0160760939810037,-0.02395485099017,-0.0280908523855032,-0.0154700517159654,0.0078906012980345,0.0109595515241381,-0.0563000047647317,NaN,NaN,NaN,NaN,NaN,NaN,NaN,NaN,NaN
NaN,NaN,-0.0174051471743345,-0.0253870388454137,-0.0271043955144705,-0.0160503774386598,0.00606921373885901,0.00957748744986019,-0.0573597380959351,NaN,NaN,NaN,NaN,NaN,NaN,NaN,NaN,NaN
NaN,NaN,-0.0166899286899328,-0.0261924838608441,-0.0311788013932528,-0.0182237863045884,0.00647897704523832,0.010380827676272,-0.0557023005627949,NaN,NaN,NaN,NaN,NaN,NaN,NaN,NaN,NaN
NaN,NaN,-0.0153833762500047,-0.0272837704008756,-0.0300517334399046,-0.0215980424982263,0.0065669497756365,0.0104112632980104,-0.053626457049783,NaN,NaN,NaN,NaN,NaN,NaN,NaN,NaN,NaN
NaN,NaN,-0.0155294076297044,-0.0265971248930631,-0.031462798899156,-0.021553916434641,0.00422577246111662,0.011331428628182,-0.0538156831704934,NaN,NaN,NaN,NaN,NaN,NaN,NaN,NaN,NaN
NaN,NaN,-0.0152936712596177,-0.0253889759963689,-0.0316463625786128,-0.0234545967978192,0.00152320473474295,0.0112461567332502,-0.052185365750726,NaN,NaN,NaN,NaN,NaN,NaN,NaN,NaN,NaN
NaN,NaN,-0.0163601659927129,-0.0262573039120374,-0.0326162046549143,-0.0242565027874662,-0.000882867136776135,0.00982004110119305,-0.0551122704588731,NaN,NaN,NaN,NaN,NaN,NaN,NaN,NaN,NaN
NaN,NaN,-0.0151351042780637,-0.0282210348135171,-0.034700057542068,-0.0267451829713536,0.000218179663837269,0.00989434201619587,-0.0528529563986619,NaN,NaN,NaN,NaN,NaN,NaN,NaN,NaN,NaN
NaN,NaN,-0.0142520614657163,-0.0283628007358251,-0.0331071606633486,-0.0274665109318448,-0.000284268865167782,0.0103433140029665,-0.0532937141203244,NaN,NaN,NaN,NaN,NaN,NaN,NaN,NaN,NaN
NaN,NaN,-0.0157143310401201,-0.0276771238034902,-0.0341006955859484,-0.0277408785623265,-0.00230603978949754,0.0104730286111589,-0.0524622665786107,NaN,NaN,NaN,NaN,NaN,NaN,NaN,NaN,NaN
NaN,NaN,-0.0155406766328573,-0.0266630252784428,-0.0344442791101756,-0.0277087479335023,-0.00411938072162835,0.0100227900256868,-0.0522492172264416,NaN,NaN,NaN,NaN,NaN,NaN,NaN,NaN,NaN
NaN,NaN,-0.0154864364061117,-0.0266873141711888,-0.0361479474959197,-0.0286199911934091,-0.00659297347980706,0.00900068212649784,-0.0547233687781651,NaN,NaN,NaN,NaN,NaN,NaN,NaN,NaN,NaN
NaN,NaN,-0.0156983309182882,-0.0272910719698605,-0.0360032758471789,-0.0286534256738378,-0.00438283325153558,0.0103082776477095,-0.0513597110354264,NaN,NaN,NaN,NaN,NaN,NaN,NaN,NaN,NaN
NaN,NaN,-0.0117479399535417,-0.025494047809237,-0.0337333260831656,-0.0286299190920545,-0.00369907484370439,0.0117689267208334,-0.0512254143201668,NaN,NaN,NaN,NaN,NaN,NaN,NaN,NaN,NaN
NaN,NaN,-0.012277676233983,-0.0247675789481339,-0.0333436607179465,-0.0283023543161107,-0.00512269453126161,0.012110181938624,-0.0469893122159798,NaN,NaN,NaN,NaN,NaN,NaN,NaN,NaN,NaN
NaN,NaN,-0.0111759588811159,-0.0235810181087193,-0.0349868117627921,-0.0275201923650457,-0.00743466556984155,0.0120610453595873,-0.0480319837176163,NaN,NaN,NaN,NaN,NaN,NaN,NaN,NaN,NaN
NaN,NaN,-0.012142075667119,-0.0231870500332055,-0.0353919557092013,-0.0298263705772115,-0.00806243286448686,0.0127569482137915,-0.0473819019340832,NaN,NaN,NaN,NaN,NaN,NaN,NaN,NaN,NaN
NaN,NaN,-0.0125577063057184,-0.023889434892529,-0.0336783035454573,-0.028775298545952,-0.006714231679022,0.0150143996288534,-0.0442134307765324,NaN,NaN,NaN,NaN,NaN,NaN,NaN,NaN,NaN
NaN,NaN,-0.00807038925025457,-0.0219150869136987,-0.0321366107818903,-0.0293829120200826,-0.00683288217502801,0.0141782209684607,-0.044170813455518,NaN,NaN,NaN,NaN,NaN,NaN,NaN,NaN,NaN
NaN,NaN,-0.00917482606503957,-0.0200100107079682,-0.0307885213551344,-0.0278837248188211,-0.00899960414487092,0.0132380508293863,-0.0430103669010957,NaN,NaN,NaN,NaN,NaN,NaN,NaN,NaN,NaN
NaN,NaN,-0.00777804709408277,-0.0203464230483708,-0.0329001835343661,-0.02817690516531,-0.0103565225096342,0.0126651756872889,-0.0455823259496052,NaN,NaN,NaN,NaN,NaN,NaN,NaN,NaN,NaN
NaN,NaN,-0.00950574360225195,-0.0201190685814557,-0.0336976936814608,-0.0310056112211896,-0.0108079159350988,0.0148796745052095,-0.0432684736394246,NaN,NaN,NaN,NaN,NaN,NaN,NaN,NaN,NaN
NaN,NaN,-0.00982332460019582,-0.0224796360319791,-0.0331314868089976,-0.0319575346511556,-0.0107454800696966,0.0155862689425703,-0.0401688644730408,NaN,NaN,NaN,NaN,NaN,NaN,NaN,NaN,NaN
NaN,NaN,-0.00585974610779279,-0.0205820476597485,-0.0332460208592238,-0.0352461650472833,-0.0119907328577635,0.0141007721831556,-0.0389334091984589,NaN,NaN,NaN,NaN,NaN,NaN,NaN,NaN,NaN
NaN,NaN,-0.00772617242667669,-0.0199685668533978,-0.0335727101919474,-0.0324932127696229,-0.0162553893120882,0.011895735602593,-0.039542363777097,NaN,NaN,NaN,NaN,NaN,NaN,NaN,NaN,NaN
NaN,NaN,-0.00683728090856069,-0.0196065617686448,-0.0365652172622504,-0.0352515853446675,-0.0172976324053404,0.0110533170809504,-0.0427281761609872,NaN,NaN,NaN,NaN,NaN,NaN,NaN,NaN,NaN
NaN,NaN,-0.0077879191133737,-0.0198461538141904,-0.0358869536576094,-0.0384384221833898,-0.0196496130617258,0.0134097680856939,-0.0393609980189164,NaN,NaN,NaN,NaN,NaN,NaN,NaN,NaN,NaN
NaN,NaN,-0.00802969045374387,-0.0213988920634923,-0.0341146654245676,-0.0394816711050225,-0.0203548477681276,0.0110281899978872,-0.0386052670025189,NaN,NaN,NaN,NaN,NaN,NaN,NaN,NaN,NaN
NaN,NaN,-0.00570788464877599,-0.019166437346333,-0.0360689527151408,-0.0401925123733236,-0.0219517307074663,0.0101013191451784,-0.0373113805496056,NaN,NaN,NaN,NaN,NaN,NaN,NaN,NaN,NaN
NaN,NaN,-0.00707687295410627,-0.0185401415413556,-0.0353739253041567,-0.0373117640119744,-0.0245701254995462,0.00833599720499478,-0.0380975844406445,NaN,NaN,NaN,NaN,NaN,NaN,NaN,NaN,NaN
NaN,NaN,-0.00712252638671392,-0.0183439305013356,-0.0371997459587874,-0.0395921818417264,-0.0240003423483965,0.00938714374206028,-0.039468435391124,NaN,NaN,NaN,NaN,NaN,NaN,NaN,NaN,NaN
NaN,NaN,-0.0059408829304933,-0.0182877158707318,-0.0359456828591647,-0.0404696180921746,-0.0251369284184572,0.0116357289662119,-0.0346490645849068,NaN,NaN,NaN,NaN,NaN,NaN,NaN,NaN,NaN
NaN,NaN,-0.00673066310021871,-0.0204927338248429,-0.0337792589125456,-0.0415917314094258,-0.0251394429894087,0.00781123418710194,-0.0356480198048909,NaN,NaN,NaN,NaN,NaN,NaN,NaN,NaN,NaN
NaN,NaN,-0.00359214327666754,-0.0183354927188096,-0.0368402368185343,-0.0411596536141587,-0.0250916102619764,0.00835764114162884,-0.0328664945506413,NaN,NaN,NaN,NaN,NaN,NaN,NaN,NaN,NaN
NaN,NaN,-0.00693065530989164,-0.0184802388733563,-0.0359758018312277,-0.0403885557752801,-0.0279237435849306,0.00676081408164463,-0.0330919304930527,NaN,NaN,NaN,NaN,NaN,NaN,NaN,NaN,NaN
NaN,NaN,-0.00632848075959676,-0.0175051255112824,-0.0378137110528769,-0.0422517410916043,-0.0260365301461813,0.00984829742810688,-0.0314256826483567,NaN,NaN,NaN,NaN,NaN,NaN,NaN,NaN,NaN
NaN,NaN,-0.00458761535022253,-0.0181214934176144,-0.0353383674082579,-0.0427479497593595,-0.0281390281112787,0.0110767864098307,-0.0284512991153557,NaN,NaN,NaN,NaN,NaN,NaN,NaN,NaN,NaN
NaN,NaN,-0.00485840670201772,-0.0176075151151357,-0.0336612230894389,-0.0414513438445283,-0.0277537772150633,0.0084534183552023,-0.0276156978749592,NaN,NaN,NaN,NaN,NaN,NaN,NaN,NaN,NaN
NaN,NaN,-0.00232355154488081,-0.0159869765824017,-0.0335577345249476,-0.0392382047575666,-0.0263258920701143,0.00897980187437496,-0.0263813788139184,NaN,NaN,NaN,NaN,NaN,NaN,NaN,NaN,NaN
NaN,NaN,-0.00561205155584806,-0.0146454436665711,-0.0332327029464068,-0.0385364345711423,-0.027966323653042,0.0080746122112032,-0.0256281064891179,NaN,NaN,NaN,NaN,NaN,NaN,NaN,NaN,NaN
NaN,NaN,-0.00347293398711675,-0.0155962681358991,-0.0341627402958693,-0.0386495530110551,-0.0255703473182318,0.0125413656642195,-0.023461272760566,NaN,NaN,NaN,NaN,NaN,NaN,NaN,NaN,NaN
NaN,NaN,-0.00398283309671873,-0.0164995392745671,-0.0339034973439993,-0.0411390155059053,-0.0306004950495359,0.0108765148033854,-0.0211031267487366,NaN,NaN,NaN,NaN,NaN,NaN,NaN,NaN,NaN
NaN,NaN,-0.00403575084540838,-0.0162352485543427,-0.0321310600993456,-0.0397779993218137,-0.0299201452823278,0.00872230980894528,-0.0205832997404893,NaN,NaN,NaN,NaN,NaN,NaN,NaN,NaN,NaN
NaN,NaN,-0.0019357860777139,-0.0138739174193082,-0.0334422318992438,-0.0387237607938005,-0.0302080170901415,0.00767630417249165,-0.0203552374684174,NaN,NaN,NaN,NaN,NaN,NaN,NaN,NaN,NaN
NaN,NaN,-0.00334066755506986,-0.0122960893398461,-0.0333292438444914,-0.0403202712041093,-0.031250651338875,0.00667027090094052,-0.0171266773783524,NaN,NaN,NaN,NaN,NaN,NaN,NaN,NaN,NaN
NaN,NaN,-0.00129145986769193,-0.0137932648843465,-0.0332520185766043,-0.0402570902806474,-0.0313046494217512,0.00876958374283276,-0.0169622989439328,NaN,NaN,NaN,NaN,NaN,NaN,NaN,NaN,NaN
NaN,NaN,-0.000916043737864433,-0.0124652175193963,-0.0318494095263304,-0.043009409258957,-0.0347595954032537,0.00736704919836484,-0.013432884409364,NaN,NaN,NaN,NaN,NaN,NaN,NaN,NaN,NaN
NaN,NaN,-0.00186930827233785,-0.0121851688212094,-0.029389712100965,-0.0391532495123101,-0.0339871750863191,0.00568174649379215,-0.0144621076130231,NaN,NaN,NaN,NaN,NaN,NaN,NaN,NaN,NaN
NaN,NaN,0.000479729404711785,-0.00906909387170647,-0.03100389901374,-0.0386202536028577,-0.0318039314540025,0.0054043054988142,-0.0131696181439717,NaN,NaN,NaN,NaN,NaN,NaN,NaN,NaN,NaN
NaN,NaN,0.000904002716803612,-0.00883898268997048,-0.0289144209382357,-0.0404230705898954,-0.0345055678578016,0.00460377786657772,-0.0121865326606591,NaN,NaN,NaN,NaN,NaN,NaN,NaN,NaN,NaN
NaN,NaN,0.000991323521399559,-0.00992350782811021,-0.0304814829287352,-0.0398141905170633,-0.035070154228985,0.00523944277665578,-0.013345638110574,NaN,NaN,NaN,NaN,NaN,NaN,NaN,NaN,NaN
NaN,NaN,0.00228202485110766,-0.010437448877686,-0.0280421255883994,-0.0426736860972596,-0.0376074867041704,0.00370859060785733,-0.0103534104370434,NaN,NaN,NaN,NaN,NaN,NaN,NaN,NaN,NaN
NaN,NaN,0.00169756405618197,-0.00859952102958535,-0.0267936690506758,-0.0384878009062959,-0.0364558504613039,0.00345953632495366,-0.0101991647922356,NaN,NaN,NaN,NaN,NaN,NaN,NaN,NaN,NaN
NaN,NaN,0.00458170243170268,-0.0062265483623681,-0.0301302998122992,-0.0410183533531381,-0.0344088965745565,0.00366973583004437,-0.00504623149269415,NaN,NaN,NaN,NaN,NaN,NaN,NaN,NaN,NaN
NaN,NaN,0.00323961072232729,-0.0063951177483735,-0.0279339245316805,-0.0411319933336927,-0.0379709073992368,0.00320968110463583,-0.00588023085826232,NaN,NaN,NaN,NaN,NaN,NaN,NaN,NaN,NaN
NaN,NaN,0.0035120784547568,-0.00785055141507958,-0.0285481503960909,-0.0411620377999498,-0.0374014408977625,0.00332097415230238,-0.00490275193684889,NaN,NaN,NaN,NaN,NaN,NaN,NaN,NaN,NaN
NaN,NaN,0.00427680604722506,-0.00766311343371247,-0.026392287647468,-0.0414816677075578,-0.0414574624689218,0.000964690785622231,-0.00284490157597853,NaN,NaN,NaN,NaN,NaN,NaN,NaN,NaN,NaN
NaN,NaN,0.00359818854000575,-0.00487072895824288,-0.0250498420355143,-0.0387545130652143,-0.0385803276391622,1.44251098390738e-05,-0.00179178063505484,NaN,NaN,NaN,NaN,NaN,NaN,NaN,NaN,NaN
NaN,NaN,0.00483435161974436,-0.00500565897285317,-0.0286151124892058,-0.0405427455407334,-0.0374261209459898,-0.00173722501494921,0.000130469158951506,NaN,NaN,NaN,NaN,NaN,NaN,NaN,NaN,NaN
NaN,NaN,0.00221891843345172,-0.00523843373715257,-0.0269302940723719,-0.0400592773657991,-0.039503603586733,-0.000178991962457069,-0.000581638708050981,NaN,NaN,NaN,NaN,NaN,NaN,NaN,NaN,NaN
NaN,NaN,0.00127986588146693,-0.00830423589407777,-0.0277770898101153,-0.0407263650995446,-0.0387569063993093,0.000492417108034719,0.0024665428257625,NaN,NaN,NaN,NaN,NaN,NaN,NaN,NaN,NaN
NaN,NaN,0.00292264439728266,-0.00656785945951318,-0.0256662471947493,-0.040098094890709,-0.0413082645924684,-0.00077949013211764,0.00467550958758996,NaN,NaN,NaN,NaN,NaN,NaN,NaN,NaN,NaN
NaN,NaN,0.00302190475728518,-0.00466473903118943,-0.0244636303541483,-0.0386475227278424,-0.0378812396617529,-0.00174741368391551,0.00756484474307702,NaN,NaN,NaN,NaN,NaN,NaN,NaN,NaN,NaN
NaN,NaN,0.00612535097267634,-0.00481414179860925,-0.0269636167940916,-0.0396420634788228,-0.0380618603618738,-0.0038095481286291,0.00588483195072816,NaN,NaN,NaN,NaN,NaN,NaN,NaN,NaN,NaN
NaN,NaN,0.00261741273667819,-0.00488857309877252,-0.0243350147065939,-0.0401252708834363,-0.0404179015846845,-0.00104612778523005,0.00751678849822687,NaN,NaN,NaN,NaN,NaN,NaN,NaN,NaN,NaN
NaN,NaN,0.00277082019116885,-0.00697963442265367,-0.0254625110683264,-0.0386022418242646,-0.0427214720936415,-0.00254358272650279,0.00913788582450555,NaN,NaN,NaN,NaN,NaN,NaN,NaN,NaN,NaN
NaN,NaN,0.00509663068320757,-0.00311386342703675,-0.0228631338832201,-0.0384225338202668,-0.0425521203966734,-0.00235934849479235,0.0127055963433425,NaN,NaN,NaN,NaN,NaN,NaN,NaN,NaN,NaN
NaN,NaN,0.00436453663375384,-0.0025663761383233,-0.0224409653601469,-0.0368712111812783,-0.0407460810335275,-0.0050588428566698,0.0124204439974468,NaN,NaN,NaN,NaN,NaN,NaN,NaN,NaN,NaN
NaN,NaN,0.00727290802266604,-0.00175552945196008,-0.0224695383367362,-0.0370659507316304,-0.0392452733309862,-0.00495319362380542,0.0118372870541255,NaN,NaN,NaN,NaN,NaN,NaN,NaN,NaN,NaN
NaN,NaN,0.005192482402587,-0.00154957677780961,-0.0201292178389849,-0.0359420679014875,-0.0416924165280458,-0.00303908358910121,0.0137185027754943,NaN,NaN,NaN,NaN,NaN,NaN,NaN,NaN,NaN
NaN,NaN,0.007302077045703,-0.000656028646820536,-0.0194070144352736,-0.0334143280488206,-0.0421138586195108,-0.00453812177875079,0.01425328682429,NaN,NaN,NaN,NaN,NaN,NaN,NaN,NaN,NaN
NaN,NaN,0.0096507235672713,0.00176164750397826,-0.0192440329847159,-0.0353693417710019,-0.0402907388003465,-0.00524583380320109,0.0182300342178981,NaN,NaN,NaN,NaN,NaN,NaN,NaN,NaN,NaN
NaN,NaN,0.00842812054421908,0.00212836508095885,-0.0191605119762244,-0.0341724618774606,-0.0401565538437959,-0.00849912982084788,0.0162758400595825,NaN,NaN,NaN,NaN,NaN,NaN,NaN,NaN,NaN
NaN,NaN,0.00921907418038851,0.00150696803272391,-0.018997809922439,-0.0355612501007272,-0.0405539119334814,-0.00667494829394855,0.0166776126182716,NaN,NaN,NaN,NaN,NaN,NaN,NaN,NaN,NaN
NaN,NaN,0.00682559379007822,0.00190475453079368,-0.0165779358503642,-0.0339806280535413,-0.044294475922167,-0.00565677057602443,0.0177794789827506,NaN,NaN,NaN,NaN,NaN,NaN,NaN,NaN,NaN
NaN,NaN,0.0106248124745131,0.00317789111674453,-0.0152507266757311,-0.0329902596276952,-0.0433489972444174,-0.00868245135643519,0.0184597169912498,NaN,NaN,NaN,NaN,NaN,NaN,NaN,NaN,NaN
NaN,NaN,0.0117713636961222,0.00651765112221862,-0.0151110469159903,-0.03456263015687,-0.0419129537137148,-0.0105471081624273,0.0197208581424396,NaN,NaN,NaN,NaN,NaN,NaN,NaN,NaN,NaN
NaN,NaN,0.010247179796958,0.00593065712988998,-0.0141431978699984,-0.0325053013366414,-0.0417761238010523,-0.013282253552461,0.0174008963561694,NaN,NaN,NaN,NaN,NaN,NaN,NaN,NaN,NaN
NaN,NaN,0.00941945754554278,0.00402448196352149,-0.0145997694489779,-0.0312129795056535,-0.0415658311637041,-0.00964646335341968,0.0181303268230598,NaN,NaN,NaN,NaN,NaN,NaN,NaN,NaN,NaN
NaN,NaN,0.00757147141363627,0.00477982182443763,-0.0130343093333067,-0.030563940803404,-0.0432292664142248,-0.007200642634416,0.0198637043989341,NaN,NaN,NaN,NaN,NaN,NaN,NaN,NaN,NaN
NaN,NaN,0.00988886274960047,0.00358553100765372,-0.0130106909928145,-0.0313009149831487,-0.0420266682000753,-0.0121203913877252,0.0199486223912876,NaN,NaN,NaN,NaN,NaN,NaN,NaN,NaN,NaN
NaN,NaN,0.0101279146280528,0.00588595364630843,-0.0136508821306052,-0.031371490607853,-0.0411807479055521,-0.0133015505562071,0.0199177024818103,NaN,NaN,NaN,NaN,NaN,NaN,NaN,NaN,NaN
NaN,NaN,0.00857625671293742,0.00455805529297019,-0.0125423474964919,-0.0314689069491578,-0.0425799483152029,-0.0151323258469347,0.0193983411348502,NaN,NaN,NaN,NaN,NaN,NaN,NaN,NaN,NaN
NaN,NaN,0.00747884207036501,0.00564699490011359,-0.012420828526956,-0.0292084194225026,-0.0418060751350519,-0.0115660309384111,0.0206926746225993,NaN,NaN,NaN,NaN,NaN,NaN,NaN,NaN,NaN
NaN,NaN,0.00890898101594454,0.00640609730423118,-0.0107079400477232,-0.0297932527464582,-0.0426997163982984,-0.0112307734380011,0.0219980908489864,NaN,NaN,NaN,NaN,NaN,NaN,NaN,NaN,NaN
NaN,NaN,0.00934215777184969,0.00772067774475242,-0.0110932468232932,-0.0282066516083432,-0.0414167450459596,-0.0149862385878805,0.0233827812529247,NaN,NaN,NaN,NaN,NaN,NaN,NaN,NaN,NaN
NaN,NaN,0.00914032154347903,0.00707759950698043,-0.010554811990005,-0.0280909254652215,-0.0394058147163984,-0.01432270850637,0.022734115079705,NaN,NaN,NaN,NaN,NaN,NaN,NaN,NaN,NaN
NaN,NaN,0.00783149667646891,0.00672127548993255,-0.00830153290007729,-0.0270137391489698,-0.0405296602936384,-0.0153334542701486,0.0227827114916484,NaN,NaN,NaN,NaN,NaN,NaN,NaN,NaN,NaN
NaN,NaN,0.00774266712930209,0.00808381904304648,-0.00785822335456032,-0.023656246761675,-0.0391799876185056,-0.012842836935306,0.0237688517130058,NaN,NaN,NaN,NaN,NaN,NaN,NaN,NaN,NaN
NaN,NaN,0.00994105406668192,0.00893931333363677,-0.00723056781862397,-0.025928152303095,-0.040488253691971,-0.0145036644826178,0.0232631435549896,NaN,NaN,NaN,NaN,NaN,NaN,NaN,NaN,NaN
NaN,NaN,0.00885127626922137,0.0104295039588275,-0.00684202004049439,-0.0244219243031694,-0.0384927460642454,-0.0155697680602316,0.024393210367028,NaN,NaN,NaN,NaN,NaN,NaN,NaN,NaN,NaN
NaN,NaN,0.0100774928238631,0.00846681613863135,-0.00737591001961846,-0.0263815760117723,-0.0380982937009928,-0.0154457903990988,0.0243510028279464,NaN,NaN,NaN,NaN,NaN,NaN,NaN,NaN,NaN
NaN,NaN,0.00930956148173815,0.0105185197705093,-0.00469519112084527,-0.0240409761172486,-0.0391144597621557,-0.0142852879653219,0.0263133926249187,NaN,NaN,NaN,NaN,NaN,NaN,NaN,NaN,NaN
NaN,NaN,0.0107597052362204,0.0108056278938117,-0.00300266135309357,-0.021699240009184,-0.0374331058652994,-0.0144866212795023,0.026216963485543,NaN,NaN,NaN,NaN,NaN,NaN,NaN,NaN,NaN
NaN,NaN,0.0124714388754607,0.0136798569971385,-0.00298209775064606,-0.0221760585409356,-0.040290943691313,-0.0162112257967237,0.0262596739388149,NaN,NaN,NaN,NaN,NaN,NaN,NaN,NaN,NaN
NaN,NaN,0.0106713972296954,0.0124673867636981,-0.00224445301864762,-0.0219174675148679,-0.039043530234873,-0.0173763289640192,0.0264155773378055,NaN,NaN,NaN,NaN,NaN,NaN,NaN,NaN,NaN
NaN,NaN,0.0107696331348658,0.0113047422879996,-0.00297313842747826,-0.021103528837557,-0.0385231630595323,-0.0173485569248442,0.025544753477637,NaN,NaN,NaN,NaN,NaN,NaN,NaN,NaN,NaN
NaN,NaN,0.00877760865356928,0.0129139373117747,-0.00137489575718064,-0.0196334920328809,-0.0370064483674166,-0.0158914282510523,0.0268341695821922,NaN,NaN,NaN,NaN,NaN,NaN,NaN,NaN,NaN
NaN,NaN,0.00952434309389597,0.0125550428444209,-0.00091923687432427,-0.0184515505534364,-0.0358495408387777,-0.0175669520685915,0.0253013057566326,NaN,NaN,NaN,NaN,NaN,NaN,NaN,NaN,NaN
NaN,NaN,0.0101083754804373,0.0133147971743407,-0.00141863066528458,-0.0193436830741121,-0.0373102085383531,-0.0169994040916208,0.0265772176838558,NaN,NaN,NaN,NaN,NaN,NaN,NaN,NaN,NaN
NaN,NaN,0.00838140540387637,0.0116670081430736,-0.000630973911029287,-0.0192150488001062,-0.0373588422031996,-0.0186066805908922,0.0270459709621112,NaN,NaN,NaN,NaN,NaN,NaN,NaN,NaN,NaN
NaN,NaN,0.00948133461740023,0.0123713860327067,-0.00202471677039284,-0.018266105602379,-0.0356446684988138,-0.0183970585057978,0.0255022292888801,NaN,NaN,NaN,NaN,NaN,NaN,NaN,NaN,NaN
NaN,NaN,0.00952499501969821,0.0133935125583472,4.29869833169505e-05,-0.0185217536491109,-0.0355573663206693,-0.01898010369041,0.025975881323878,NaN,NaN,NaN,NaN,NaN,NaN,NaN,NaN,NaN
NaN,NaN,0.00847971581485278,0.0130951726847949,0.00051622923638206,-0.0167079843085958,-0.0356500701697466,-0.0211928329954389,0.0248602872646491,NaN,NaN,NaN,NaN,NaN,NaN,NaN,NaN,NaN
NaN,NaN,0.00782980166938311,0.0120092878156962,-0.00021735492919106,-0.0181257739168359,-0.0361093984635469,-0.019815835315967,0.0255883580005805,NaN,NaN,NaN,NaN,NaN,NaN,NaN,NaN,NaN
NaN,NaN,0.00565652318861491,0.0111221471840205,0.00107723932887893,-0.0171556151908589,-0.0356365101130602,-0.0207540683040861,0.024894559935395,NaN,NaN,NaN,NaN,NaN,NaN,NaN,NaN,NaN
NaN,NaN,0.00720872127082354,0.0110727870875659,0.00119263019587379,-0.0161195560795022,-0.0340470591278669,-0.0221130355785135,0.024295142099921,NaN,NaN,NaN,NaN,NaN,NaN,NaN,NaN,NaN
NaN,NaN,0.00688888647224909,0.0127709420436683,0.00286483850504737,-0.0155494376522256,-0.0333293260725138,-0.0224261276016477,0.0236913470483463,NaN,NaN,NaN,NaN,NaN,NaN,NaN,NaN,NaN
NaN,NaN,0.00592988499071604,0.012327204089767,0.00305959668185096,-0.0128035447996808,-0.0327043899984953,-0.0227697856316809,0.0232884569025676,NaN,NaN,NaN,NaN,NaN,NaN,NaN,NaN,NaN
NaN,NaN,0.00634942718412882,0.0117525594347777,0.00285563703801017,-0.0137965581816388,-0.0316988596411344,-0.0199173494766001,0.0243468863821666,NaN,NaN,NaN,NaN,NaN,NaN,NaN,NaN,NaN
NaN,NaN,0.0048626079466582,0.0121143968814674,0.00306335922505241,-0.0128129325312329,-0.0320736424716112,-0.0213375791499857,0.0260912721908729,NaN,NaN,NaN,NaN,NaN,NaN,NaN,NaN,NaN
NaN,NaN,0.00666305937435633,0.0114453533703151,0.00318292241718154,-0.0109570301574422,-0.0293136121423837,-0.0231408059189562,0.0246686583316963,NaN,NaN,NaN,NaN,NaN,NaN,NaN,NaN,NaN
NaN,NaN,0.00572855167653567,0.0140136988872352,0.00527763452555519,-0.0113602742057992,-0.0310962194295522,-0.0233808077464346,0.0252767374671142,NaN,NaN,NaN,NaN,NaN,NaN,NaN,NaN,NaN
NaN,NaN,0.00532672323849208,0.0118982369118991,0.00587455641652923,-0.0086234151822282,-0.0306764350922701,-0.0233780137787107,0.0255039801753204,NaN,NaN,NaN,NaN,NaN,NaN,NaN,NaN,NaN
NaN,NaN,0.00669045888450152,0.0151353651696506,0.00632721644069534,-0.00948012019216548,-0.0292518840821382,-0.0208977900038008,0.025274800316159,NaN,NaN,NaN,NaN,NaN,NaN,NaN,NaN,NaN
NaN,NaN,0.00553994022872454,0.0136022033208671,0.00653767671610694,-0.00810770461976062,-0.0287495659382936,-0.0241511605272535,0.0266530832207839,NaN,NaN,NaN,NaN,NaN,NaN,NaN,NaN,NaN
NaN,NaN,0.00617359348204142,0.0142645599359336,0.00819232028152328,-0.00535495723306667,-0.0256058865876791,-0.024674358923221,0.0255478082156818,NaN,NaN,NaN,NaN,NaN,NaN,NaN,NaN,NaN
NaN,NaN,0.00485204674866206,0.0139964321667018,0.00927554156805854,-0.0062699257832719,-0.0256845460923311,-0.0214417941460852,0.02815694566137,NaN,NaN,NaN,NaN,NaN,NaN,NaN,NaN,NaN
NaN,NaN,0.00493540011909014,0.0140289912039104,0.0114220165851293,-0.0040857322019292,-0.0258611621053812,-0.0205123342166189,0.0269516652382057,NaN,NaN,NaN,NaN,NaN,NaN,NaN,NaN,NaN
NaN,NaN,0.00656648122336871,0.0151698241049113,0.00927293386484962,-0.00523738707124721,-0.0241519989164469,-0.0195502593705896,0.0272376930273216,NaN,NaN,NaN,NaN,NaN,NaN,NaN,NaN,NaN
NaN,NaN,0.00622023411657816,0.0137681091243091,0.00865833547140937,-0.00415325308858882,-0.0263735571594831,-0.0244803085515741,0.0258463157272975,NaN,NaN,NaN,NaN,NaN,NaN,NaN,NaN,NaN
NaN,NaN,0.00579828911092287,0.0135725872629943,0.00960200738336425,-0.0042523644369794,-0.0226029859574434,-0.0252582795510534,0.0253756066716354,NaN,NaN,NaN,NaN,NaN,NaN,NaN,NaN,NaN
NaN,NaN,0.00418246307041651,0.0123152086550059,0.0107588217797456,-0.00460449750244151,-0.0241459266932604,-0.0234861775825266,0.0269050246036689,NaN,NaN,NaN,NaN,NaN,NaN,NaN,NaN,NaN
NaN,NaN,0.0035086884405852,0.013754977476007,0.0117975444736658,-0.00183055321394931,-0.023742328742325,-0.022509145695949,0.0263955725289028,NaN,NaN,NaN,NaN,NaN,NaN,NaN,NaN,NaN
NaN,NaN,0.00399269678261286,0.0128593431824508,0.0091886864247499,-0.00189267242967617,-0.0221932785304186,-0.0234240024874453,0.0246022922850292,NaN,NaN,NaN,NaN,NaN,NaN,NaN,NaN,NaN
NaN,NaN,0.00366719954278475,0.0128508681470218,0.0098184281232534,-0.00101238633214962,-0.0228164078386423,-0.0264154105971102,0.0234242251074951,NaN,NaN,NaN,NaN,NaN,NaN,NaN,NaN,NaN
NaN,NaN,0.00121612616446024,0.0117881545835795,0.0115974218788324,-0.000856240789289585,-0.0189525367410776,-0.027381098974729,0.0226353948867957,NaN,NaN,NaN,NaN,NaN,NaN,NaN,NaN,NaN
NaN,NaN,0.000769556989932122,0.011388561319715,0.0111594581248937,-0.000900310973520389,-0.0214602717848417,-0.0246985174308065,0.0227120986140411,NaN,NaN,NaN,NaN,NaN,NaN,NaN,NaN,NaN
NaN,NaN,0.00101682313349253,0.0112923743242087,0.0111633138003526,0.000391358931665311,-0.0197650598080751,-0.0257142737100367,0.0224780386245887,NaN,NaN,NaN,NaN,NaN,NaN,NaN,NaN,NaN
NaN,NaN,0.000740313461089196,0.00932551417887832,0.00733611818577629,0.00101717044890393,-0.0202736736925241,-0.0265107780287508,0.0198111219263713,NaN,NaN,NaN,NaN,NaN,NaN,NaN,NaN,NaN
NaN,NaN,-0.000102458963131845,0.00922239814341689,0.00970545869495254,-0.000212547878618352,-0.0204827183576223,-0.0295277230034117,0.0197712799466293,NaN,NaN,NaN,NaN,NaN,NaN,NaN,NaN,NaN
NaN,NaN,-0.00299771733019346,0.00827555973470832,0.0119334989431081,0.00211164211214055,-0.0179224939735529,-0.029053512174869,0.0183798467672508,NaN,NaN,NaN,NaN,NaN,NaN,NaN,NaN,NaN
NaN,NaN,-0.000292690912222801,0.0103297034317317,0.0118646742048441,0.00161418547213543,-0.0200403960140344,-0.027147243876243,0.0198015479303043,NaN,NaN,NaN,NaN,NaN,NaN,NaN,NaN,NaN
NaN,NaN,-0.000233384290671287,0.0107520209664168,0.0119299971702276,0.00485438709438313,-0.0188849227221605,-0.02852530326345,0.016923593536679,NaN,NaN,NaN,NaN,NaN,NaN,NaN,NaN,NaN
NaN,NaN,0.000545890560412468,0.00904535372198249,0.00841980513359886,0.00439133351028431,-0.0175309287102815,-0.0288556433806662,0.0157107507742088,NaN,NaN,NaN,NaN,NaN,NaN,NaN,NaN,NaN
NaN,NaN,-0.00176831565234655,0.00807607043922568,0.0116605282964883,0.00407762681425083,-0.0169613877030012,-0.0291256337950472,0.0146239345825355,NaN,NaN,NaN,NaN,NaN,NaN,NaN,NaN,NaN
NaN,NaN,-0.00523732460472578,0.00824577603877212,0.0124907092395006,0.00635312726080883,-0.0138429844470617,-0.0272209301183466,0.0149256830967109,NaN,NaN,NaN,NaN,NaN,NaN,NaN,NaN,NaN
NaN,NaN,-0.00141689039204114,0.00806739051283027,0.011474897080916,0.00575087820470799,-0.014775890270054,-0.0258565984258894,0.016941903338496,NaN,NaN,NaN,NaN,NaN,NaN,NaN,NaN,NaN
NaN,NaN,-0.00189620486829275,0.00927332286179687,0.0108985015394865,0.00874483813822735,-0.015136870899975,-0.0276052310655359,0.0138974843478839,NaN,NaN,NaN,NaN,NaN,NaN,NaN,NaN,NaN
NaN,NaN,-0.0010812976155042,0.00704466794074203,0.00833259608771186,0.00591257443011273,-0.0134892122538683,-0.0283780984173063,0.0122112875736396,NaN,NaN,NaN,NaN,NaN,NaN,NaN,NaN,NaN
NaN,NaN,-0.00294291830990309,0.00834069643557693,0.0114842661860166,0.00585922827303875,-0.0133741939159033,-0.027900609333301,0.0124975575066249,NaN,NaN,NaN,NaN,NaN,NaN,NaN,NaN,NaN
NaN,NaN,-0.00355138860080236,0.00709337611139441,0.0119168655219255,0.00774454181373585,-0.0112341822775003,-0.0271658144483808,0.0138762688196342,NaN,NaN,NaN,NaN,NaN,NaN,NaN,NaN,NaN
NaN,NaN,-0.00173752612802976,0.00736891720832015,0.0113054522516904,0.00812327345192898,-0.0129197457523939,-0.0261935695598368,0.0142287557876746,NaN,NaN,NaN,NaN,NaN,NaN,NaN,NaN,NaN
NaN,NaN,-0.00454609698984617,0.00732389707506324,0.0101006933691679,0.00922314678609837,-0.0117527985664007,-0.0273767031321768,0.010428941056792,NaN,NaN,NaN,NaN,NaN,NaN,NaN,NaN,NaN
NaN,NaN,-0.00453922382924551,0.00439550225079681,0.00873183544899803,0.00652611111581791,-0.0101438270600435,-0.0277375533769373,0.00861843134528802,NaN,NaN,NaN,NaN,NaN,NaN,NaN,NaN,NaN
NaN,NaN,-0.00597126267287725,0.0066392818504634,0.0103540131094633,0.00771198277652729,-0.0109474839361307,-0.0275517545233015,0.00854396279222177,NaN,NaN,NaN,NaN,NaN,NaN,NaN,NaN,NaN
NaN,NaN,-0.0058180787358045,0.00375762079299117,0.0103901670518098,0.00880330656946171,-0.00875300855356424,-0.029112837422872,0.00846550817853616,NaN,NaN,NaN,NaN,NaN,NaN,NaN,NaN,NaN
NaN,NaN,-0.00437562770578855,0.0046885894650283,0.00879909556533676,0.00893324469507206,-0.0103939803035852,-0.0273707054147963,0.00628172437912629,NaN,NaN,NaN,NaN,NaN,NaN,NaN,NaN,NaN
NaN,NaN,-0.00661713487837309,0.0034582005852523,0.00737756204034667,0.00853177015960682,-0.00888037622886865,-0.0278696335444693,0.0040376840091388,NaN,NaN,NaN,NaN,NaN,NaN,NaN,NaN,NaN
NaN,NaN,-0.00737558535668844,0.00290341172755386,0.00551847454335075,0.00671751653135289,-0.00865400896388261,-0.0267462536285166,0.00369505043393777,NaN,NaN,NaN,NaN,NaN,NaN,NaN,NaN,NaN
NaN,NaN,-0.00832929692599767,0.0030541928523841,0.00798660975124221,0.00622767811000813,-0.00894141511040895,-0.0283368967066053,0.00372997503048585,NaN,NaN,NaN,NaN,NaN,NaN,NaN,NaN,NaN
NaN,NaN,-0.00742636106345648,0.00107923020065452,0.00787537258293014,0.00900877495587338,-0.00886264384704797,-0.0303076125273947,0.00160514395004914,NaN,NaN,NaN,NaN,NaN,NaN,NaN,NaN,NaN
NaN,NaN,-0.00738677985403532,0.0015258925074401,0.00703265603806358,0.00793799613893498,-0.00871301756221025,-0.0299838102946524,-0.0016136372529824,NaN,NaN,NaN,NaN,NaN,NaN,NaN,NaN,NaN
NaN,NaN,-0.0104241766724347,3.38951164546124e-05,0.00646067496563774,0.00872498234093655,-0.00724255234914987,-0.030673715431476,-0.00417112354868247,NaN,NaN,NaN,NaN,NaN,NaN,NaN,NaN,NaN
NaN,NaN,-0.0121349417361974,0.000107041191464912,0.00383048962976318,0.00826602657616604,-0.00655749008971421,-0.0275902740249876,-0.00343696196311309,NaN,NaN,NaN,NaN,NaN,NaN,NaN,NaN,NaN
NaN,NaN,-0.0120559097025155,-0.00114083792626237,0.00681785579945426,0.00859245513856877,-0.0054942549856302,-0.0297758459637407,-0.00300574098461463,NaN,NaN,NaN,NaN,NaN,NaN,NaN,NaN,NaN
NaN,NaN,-0.011675725201106,-0.00140443946778153,0.00693591024901252,0.0113383479911136,-0.00469702423530786,-0.02782308604219,-0.00365699623459174,NaN,NaN,NaN,NaN,NaN,NaN,NaN,NaN,NaN
NaN,NaN,-0.010727620193696,-0.00156766306220864,0.00611081432725769,0.00966766705096234,-0.00451103911715715,-0.0278432398627047,-0.00633151252501799,NaN,NaN,NaN,NaN,NaN,NaN,NaN,NaN,NaN
NaN,NaN,-0.0126415998432397,-0.00118466596662377,0.00436862643982749,0.00979792182624806,-0.0042091415913698,-0.0279651127348188,-0.00773840565913512,NaN,NaN,NaN,NaN,NaN,NaN,NaN,NaN,NaN
NaN,NaN,-0.0118628465327978,-0.00313129778563355,0.00302282806660514,0.00867919852316845,-0.00365837604719369,-0.0272601201722864,-0.00698554311626746,NaN,NaN,NaN,NaN,NaN,NaN,NaN,NaN,NaN
NaN,NaN,-0.0119037315938234,-0.00326447691380357,0.00508347239519935,0.00714022522151936,-0.00376758293229311,-0.0286019511113409,-0.00667608325117423,NaN,NaN,NaN,NaN,NaN,NaN,NaN,NaN,NaN
NaN,NaN,-0.0125472754928827,-0.00416495408474778,0.00469622846867424,0.0102729335922049,-0.00325068027693002,-0.0271537258813623,-0.00778266210788085,NaN,NaN,NaN,NaN,NaN,NaN,NaN,NaN,NaN
NaN,NaN,-0.0140973501596212,-0.003162906873816,0.00354760971094947,0.0092584252852248,-0.00111627520042627,-0.02629845510819,-0.00988998432391478,NaN,NaN,NaN,NaN,NaN,NaN,NaN,NaN,NaN
NaN,NaN,-0.0147476182076692,-0.00356032084285592,0.00169666197325569,0.0102364071208285,-0.00146187038141458,-0.024508527625585,-0.00935439933770492,NaN,NaN,NaN,NaN,NaN,NaN,NaN,NaN,NaN
NaN,NaN,-0.0148391485903024,-0.00479018818199014,0.0021643162908731,0.00923471381247509,-0.00100220681148737,-0.0261452711711172,-0.0105740593814213,NaN,NaN,NaN,NaN,NaN,NaN,NaN,NaN,NaN
NaN,NaN,-0.0118307531568765,-0.00503633673846101,0.00339792754675727,0.00897757564962376,-0.00116619409042566,-0.0263932823727373,-0.00902908836239173,NaN,NaN,NaN,NaN,NaN,NaN,NaN,NaN,NaN
NaN,NaN,-0.0154201076123475,-0.00495413820802544,0.0039275706949411,0.0118024446564959,0.000281844875037979,-0.0249603494594339,-0.0103852802955468,NaN,NaN,NaN,NaN,NaN,NaN,NaN,NaN,NaN
NaN,NaN,-0.0139409810993432,-0.00534099097906922,-9.34517738642171e-05,0.00959565718949307,0.00178574456852705,-0.0230528145621065,-0.0103617364608605,NaN,NaN,NaN,NaN,NaN,NaN,NaN,NaN,NaN
NaN,NaN,-0.015280893513894,-0.00597419719755029,-0.000733326261979528,0.010007674296503,0.000289258202731919,-0.0225324287603144,-0.0113342421197255,NaN,NaN,NaN,NaN,NaN,NaN,NaN,NaN,NaN
NaN,NaN,-0.0149788283500432,-0.00818146895229195,-0.000779389476520009,0.00677339588582982,0.000150099983632875,-0.0254187278042082,-0.0131450498544533,NaN,NaN,NaN,NaN,NaN,NaN,NaN,NaN,NaN
NaN,NaN,-0.0133405946883916,-0.00802776347457742,0.00115344014193397,0.00813502674282063,-0.000880818227111983,-0.0254498339782003,-0.0124102922224362,NaN,NaN,NaN,NaN,NaN,NaN,NaN,NaN,NaN
NaN,NaN,-0.0166098349485158,-0.00649044792711114,0.00184222769166809,0.00920938183844556,0.00175856857579978,-0.0254085205087904,-0.0155926959657033,NaN,NaN,NaN,NaN,NaN,NaN,NaN,NaN,NaN
NaN,NaN,-0.0156225771400689,-0.0066082602328,-0.00148939255450387,0.00844422583759297,0.00322748779338629,-0.0224197387287859,-0.0151306295835335,NaN,NaN,NaN,NaN,NaN,NaN,NaN,NaN,NaN
NaN,NaN,-0.0175285287890195,-0.00801221038758134,-0.00172511029813904,0.00891139586747159,0.0018752446679476,-0.0220805883000139,-0.0172007547759373,NaN,NaN,NaN,NaN,NaN,NaN,NaN,NaN,NaN
NaN,NaN,-0.0174549356791734,-0.0114213352984128,-0.00120047766540665,0.00776136149943341,0.00411148055475981,-0.0228652834484819,-0.0171988921307881,NaN,NaN,NaN,NaN,NaN,NaN,NaN,NaN,NaN
NaN,NaN,-0.0173353538605928,-0.0104678844994244,-0.000981393342954107,0.00830551465332974,0.00346892385762961,-0.0221663072297815,-0.0178511345826943,NaN,NaN,NaN,NaN,NaN,NaN,NaN,NaN,NaN
NaN,NaN,-0.0185122848245859,-0.00980657096564149,-0.00159547019575257,0.00865537529170979,0.00483336730879576,-0.0227890081296209,-0.0183706449412663,NaN,NaN,NaN,NaN,NaN,NaN,NaN,NaN,NaN
NaN,NaN,-0.0162484631631135,-0.0102107277101216,-0.00543440047476906,0.00813554828346242,0.00454828946870596,-0.0206114455650095,-0.0206327343427499,NaN,NaN,NaN,NaN,NaN,NaN,NaN,NaN,NaN
NaN,NaN,-0.0177662768158674,-0.0108672356194196,-0.00404386136506218,0.00704726060212124,0.00336122571510108,-0.0213609553466085,-0.0220168100737889,NaN,NaN,NaN,NaN,NaN,NaN,NaN,NaN,NaN
NaN,NaN,-0.0188040495607614,-0.0139108536726174,-0.00455284777854104,0.00689085428894032,0.00429085328263075,-0.0216771766135935,-0.0222869122468789,NaN,NaN,NaN,NaN,NaN,NaN,NaN,NaN,NaN
NaN,NaN,-0.0187412039134263,-0.0108520178085503,-0.0034032045659842,0.00765053411305417,0.00511766283792288,-0.0215245514700655,-0.020912149741586,NaN,NaN,NaN,NaN,NaN,NaN,NaN,NaN,NaN
NaN,NaN,-0.0214626961145162,-0.0114724462813077,-0.00532966393802781,0.00894239028275479,0.00708320050519736,-0.0213420494983438,-0.0223822796785195,NaN,NaN,NaN,NaN,NaN,NaN,NaN,NaN,NaN
NaN,NaN,-0.0191276841554403,-0.0119454277640519,-0.00657752442930359,0.00758778159797658,0.00622973649781973,-0.0184355593810324,-0.0234641226076443,NaN,NaN,NaN,NaN,NaN,NaN,NaN,NaN,NaN
NaN,NaN,-0.0210533425900697,-0.0137909738308129,-0.00588514197443146,0.00678228070319165,0.00507027714532645,-0.019087969471002,-0.0240536684238274,NaN,NaN,NaN,NaN,NaN,NaN,NaN,NaN,NaN
NaN,NaN,-0.020887865195012,-0.0144467739349542,-0.00569649327371735,0.00752799068868626,0.00567029102724822,-0.0199362553248648,-0.0249487066709359,NaN,NaN,NaN,NaN,NaN,NaN,NaN,NaN,NaN
NaN,NaN,-0.0200725667867422,-0.0123256867712674,-0.00593686763022561,0.00692939241707791,0.00847953244131834,-0.0189082614670042,-0.022956365539964,NaN,NaN,NaN,NaN,NaN,NaN,NaN,NaN,NaN
NaN,NaN,-0.0211692549977064,-0.01370244230687,-0.00792142290447373,0.00740714227140416,0.00862930773776801,-0.0177220917830709,-0.0242341028594334,NaN,NaN,NaN,NaN,NaN,NaN,NaN,NaN,NaN
NaN,NaN,-0.0186972082350015,-0.0143051383978066,-0.00830473664973397,0.00522749354422558,0.00814619346541197,-0.0139585241267923,-0.023928796693023,NaN,NaN,NaN,NaN,NaN,NaN,NaN,NaN,NaN
NaN,NaN,-0.020283641735053,-0.0154016962236104,-0.00705723006103653,0.00544534852087964,0.00557315408271582,-0.0153189628908876,-0.0256899276816209,NaN,NaN,NaN,NaN,NaN,NaN,NaN,NaN,NaN
NaN,NaN,-0.0189914130363225,-0.013869409818047,-0.00645913470361847,0.00568751101673115,0.00679519831222327,-0.0157187982986215,-0.0252272280001004,NaN,NaN,NaN,NaN,NaN,NaN,NaN,NaN,NaN
NaN,NaN,-0.0178747572693586,-0.0121020389681992,-0.00649575430725235,0.00550256897986401,0.00932450278681548,-0.0171086109767202,-0.0252100544118245,NaN,NaN,NaN,NaN,NaN,NaN,NaN,NaN,NaN
NaN,NaN,-0.0193945080730676,-0.013553374815577,-0.00789318520401139,0.00548584242642392,0.00821598677915366,-0.0146287597308401,-0.0253559740328152,NaN,NaN,NaN,NaN,NaN,NaN,NaN,NaN,NaN
NaN,NaN,-0.0180152193400621,-0.0156262008434472,-0.00820113632653374,0.00530764316499699,0.0084750434665087,-0.0125868163595442,-0.0267122404717763,NaN,NaN,NaN,NaN,NaN,NaN,NaN,NaN,NaN
NaN,NaN,-0.0207055122349023,-0.0148959694391427,-0.0073716818151297,0.00534444903314579,0.00712749420684607,-0.0117163091490511,-0.0272785404764969,NaN,NaN,NaN,NaN,NaN,NaN,NaN,NaN,NaN
NaN,NaN,-0.0190128520819902,-0.0151935083752808,-0.00752218354318757,0.00549264108121861,0.0100508971421126,-0.0139535694906954,-0.0258945392512639,NaN,NaN,NaN,NaN,NaN,NaN,NaN,NaN,NaN
NaN,NaN,-0.0181433879527807,-0.012866710681313,-0.00980884123418946,0.00393254538357724,0.0106403125731352,-0.0125661037454847,-0.0265937948667367,NaN,NaN,NaN,NaN,NaN,NaN,NaN,NaN,NaN
NaN,NaN,-0.0184014574382066,-0.0149050405210194,-0.00944847527716774,0.00338056912005414,0.00965799077433379,-0.011927160579944,-0.027324436052974,NaN,NaN,NaN,NaN,NaN,NaN,NaN,NaN,NaN
NaN,NaN,-0.0188121520671605,-0.0153968347197709,-0.0102028651890578,0.00430013840377796,0.00860783143919737,-0.00979746799566783,-0.0304737405919392,NaN,NaN,NaN,NaN,NaN,NaN,NaN,NaN,NaN
NaN,NaN,-0.0197276421580076,-0.0154554521626172,-0.0106009869632544,0.00308748190582264,0.00764711632412703,-0.0113388068566564,-0.0287048237466176,NaN,NaN,NaN,NaN,NaN,NaN,NaN,NaN,NaN
NaN,NaN,-0.0202687778267621,-0.0158123535996613,-0.0103879003581824,0.00327717368782032,0.00955182000082763,-0.0125681899080519,-0.0290904099189599,NaN,NaN,NaN,NaN,NaN,NaN,NaN,NaN,NaN
NaN,NaN,-0.020016035506463,-0.0149905918127236,-0.0112731410918059,0.0011015110212611,0.0105460627285841,-0.0114956229517702,-0.0300435999476273,NaN,NaN,NaN,NaN,NaN,NaN,NaN,NaN,NaN
NaN,NaN,-0.0211576693448781,-0.018324726629847,-0.010400938874227,0.00260514994442929,0.00901046081465514,-0.010733205039287,-0.0319556610726674,NaN,NaN,NaN,NaN,NaN,NaN,NaN,NaN,NaN
NaN,NaN,-0.020886803487277,-0.0172427346891103,-0.0128164543566527,0.00293236081779469,0.00884489028734,-0.00834793891408481,-0.0344153771244843,NaN,NaN,NaN,NaN,NaN,NaN,NaN,NaN,NaN
NaN,NaN,-0.0219497033152341,-0.0180905735081372,-0.0119792512414278,0.00171640743792523,0.00931461214107306,-0.0103004008124117,-0.0314509214901288,NaN,NaN,NaN,NaN,NaN,NaN,NaN,NaN,NaN
NaN,NaN,-0.020654270866847,-0.0173686495011983,-0.0124145886657061,0.0018695354956435,0.010858689090431,-0.00930727567174472,-0.0327670851790269,NaN,NaN,NaN,NaN,NaN,NaN,NaN,NaN,NaN
NaN,NaN,-0.0206462801191568,-0.0181702574676213,-0.0129781319556059,0.000145173122291453,0.0131479358581904,-0.00827527712681331,-0.0317191982709725,NaN,NaN,NaN,NaN,NaN,NaN,NaN,NaN,NaN
NaN,NaN,-0.0205258042309045,-0.0191762534862695,-0.0127350940165343,0.00133700524747837,0.00865696801823409,-0.00677696536877193,-0.0342088470303376,NaN,NaN,NaN,NaN,NaN,NaN,NaN,NaN,NaN
NaN,NaN,-0.0197309017870187,-0.0184581851547894,-0.0150612211582484,0.00127553795755375,0.00950665085595877,-0.00660476382472553,-0.0343999171697457,NaN,NaN,NaN,NaN,NaN,NaN,NaN,NaN,NaN
NaN,NaN,-0.0202272967192888,-0.0176680883353886,-0.0139650731143774,-0.000394137154216878,0.00878150447291167,-0.00794801037409343,-0.0324599908732731,NaN,NaN,NaN,NaN,NaN,NaN,NaN,NaN,NaN
NaN,NaN,-0.0188676402661561,-0.0161544097548661,-0.0134338467178168,-0.000550599346752279,0.0106076231507662,-0.00656102891662158,-0.0334443429552872,NaN,NaN,NaN,NaN,NaN,NaN,NaN,NaN,NaN
NaN,NaN,-0.0185759686622381,-0.0169263644105134,-0.0124675622937502,-0.000698456118698232,0.0125282710699442,-0.00539836581447162,-0.0327807197415192,NaN,NaN,NaN,NaN,NaN,NaN,NaN,NaN,NaN
NaN,NaN,-0.0177489169630765,-0.0150885855740247,-0.0118834554014029,0.00205065910995472,0.00982849731129439,-0.00169410477974452,-0.0333121510290463,NaN,NaN,NaN,NaN,NaN,NaN,NaN,NaN,NaN
NaN,NaN,-0.0183374010715246,-0.015797433812016,-0.013092926776153,0.00210467581928242,0.0141800834147337,-0.00242360975244083,-0.0325687507235367,NaN,NaN,NaN,NaN,NaN,NaN,NaN,NaN,NaN
NaN,NaN,-0.0166741334590673,-0.0152235342150864,-0.0124699092266383,0.000868289222125895,0.0115212692229155,0.000105862360214815,-0.0298524366759617,NaN,NaN,NaN,NaN,NaN,NaN,NaN,NaN,NaN
NaN,NaN,-0.015905885467267,-0.0137690877503095,-0.0112139276025118,-0.000156854788656346,0.0127790203599337,-0.00050404216744937,-0.0318072268807252,NaN,NaN,NaN,NaN,NaN,NaN,NaN,NaN,NaN
NaN,NaN,-0.015311124244666,-0.0139352543240723,-0.0124885729310336,-0.000401177952880971,0.0122194817571047,0.000434526096796617,-0.0310493910753091,NaN,NaN,NaN,NaN,NaN,NaN,NaN,NaN,NaN
NaN,NaN,-0.0146343507561445,-0.0143816744869885,-0.0126048578677,-0.000194890002603643,0.00937160908263953,0.00198726434609853,-0.0328360216759999,NaN,NaN,NaN,NaN,NaN,NaN,NaN,NaN,NaN
NaN,NaN,-0.0156876952144861,-0.0147707996851144,-0.0136812991258921,-0.000833572397823445,0.0116705788580778,0.00134405572316609,-0.0316836217486222,NaN,NaN,NaN,NaN,NaN,NaN,NaN,NaN,NaN
NaN,NaN,-0.0147074409518003,-0.0135406529492078,-0.0124462722596945,-0.00157101223885547,0.00987824856323035,0.00451140929362737,-0.0303396301411946,NaN,NaN,NaN,NaN,NaN,NaN,NaN,NaN,NaN
NaN,NaN,-0.0158203714284658,-0.0123236751145062,-0.0103839329240145,-0.00107495258271229,0.012322970321596,0.00198352042934857,-0.0321226844631989,NaN,NaN,NaN,NaN,NaN,NaN,NaN,NaN,NaN
NaN,NaN,-0.0149431214425325,-0.0133906168824372,-0.0121990247425856,0.000410339285735972,0.0118655046729449,0.00467655141255818,-0.032094688906606,NaN,NaN,NaN,NaN,NaN,NaN,NaN,NaN,NaN
NaN,NaN,-0.0148658216688394,-0.0139934433585343,-0.0121017760393443,-0.00178139800846111,0.00995241909307273,0.00373502154252492,-0.0336965264820416,NaN,NaN,NaN,NaN,NaN,NaN,NaN,NaN,NaN
NaN,NaN,-0.0158010930511712,-0.0146502120381532,-0.0140962964651408,-0.00194477061450016,0.0104287533370856,0.00405424166820012,-0.0325477214598019,NaN,NaN,NaN,NaN,NaN,NaN,NaN,NaN,NaN
NaN,NaN,-0.0157217257413625,-0.0144500149375138,-0.0133597506937804,-0.00381034011661541,0.00941605179590018,0.00548506979248487,-0.0334061401032765,NaN,NaN,NaN,NaN,NaN,NaN,NaN,NaN,NaN
NaN,NaN,-0.0159448520037889,-0.0134126147216496,-0.0139093800244154,-0.00252239550172817,0.0112248851267699,0.00338108171126805,-0.0328185686909516,NaN,NaN,NaN,NaN,NaN,NaN,NaN,NaN,NaN
NaN,NaN,-0.0143651612791776,-0.0157565114980874,-0.0157449795660796,-0.00295840347826015,0.0103412648944262,0.0049729727616068,-0.0336911248111088,NaN,NaN,NaN,NaN,NaN,NaN,NaN,NaN,NaN
NaN,NaN,-0.0148033485505342,-0.0147880105262933,-0.0146258837339701,-0.0055169142287923,0.00747558533233435,0.00365667868754826,-0.0354565957629044,NaN,NaN,NaN,NaN,NaN,NaN,NaN,NaN,NaN
NaN,NaN,-0.0146933593544721,-0.0156606038993535,-0.0149957305548014,-0.00465804855048191,0.00683857931774886,0.00460780118010007,-0.0358573811196644,NaN,NaN,NaN,NaN,NaN,NaN,NaN,NaN,NaN
NaN,NaN,-0.0137241692039728,-0.0126528603917298,-0.0138526997325243,-0.00594880575954448,0.00739621802252562,0.00469422791502438,-0.036189136847194,NaN,NaN,NaN,NaN,NaN,NaN,NaN,NaN,NaN
NaN,NaN,-0.0128328376207113,-0.0130845097786126,-0.0146946153399767,-0.00369811574637424,0.00890699087661536,0.00361327905557118,-0.0347664484822114,NaN,NaN,NaN,NaN,NaN,NaN,NaN,NaN,NaN
NaN,NaN,-0.0129740820023774,-0.015235548276299,-0.0143001070973696,-0.00355277354537975,0.00899509399217398,0.00578381944797002,-0.0354942398213704,NaN,NaN,NaN,NaN,NaN,NaN,NaN,NaN,NaN
NaN,NaN,-0.0137862697932481,-0.014718533862227,-0.0145638017711462,-0.00653941328346264,0.00651032536309989,0.00778197203180753,-0.0332538688623269,NaN,NaN,NaN,NaN,NaN,NaN,NaN,NaN,NaN
NaN,NaN,-0.0150417298767328,-0.0151426767891583,-0.0140386848506751,-0.0034313104551984,0.00786564185303481,0.00904098976752721,-0.0344522016190846,NaN,NaN,NaN,NaN,NaN,NaN,NaN,NaN,NaN
NaN,NaN,-0.0123369083497285,-0.0117373330479798,-0.0152217252907576,-0.00564312706410419,0.0089117406217459,0.00944132808945142,-0.031966352655824,NaN,NaN,NaN,NaN,NaN,NaN,NaN,NaN,NaN
NaN,NaN,-0.0101654738876581,-0.0128544544762311,-0.0142063974199118,-0.00257490346848499,0.00853289722484381,0.00723085258505307,-0.0318225564503033,NaN,NaN,NaN,NaN,NaN,NaN,NaN,NaN,NaN
NaN,NaN,-0.0104302116427183,-0.0123911401218114,-0.0139262928423705,-0.00504402587830555,0.00889633654636176,0.00923707042238675,-0.0322085524045785,NaN,NaN,NaN,NaN,NaN,NaN,NaN,NaN,NaN
NaN,NaN,-0.00950654453966611,-0.0117351537531552,-0.0131542823073687,-0.00551803181588184,0.00602950214427741,0.0120127283444162,-0.0296959931098778,NaN,NaN,NaN,NaN,NaN,NaN,NaN,NaN,NaN
NaN,NaN,-0.0104341231975316,-0.0101422196215329,-0.011948610728723,-0.00376902664720546,0.00809146895092757,0.0119711541046854,-0.0306395905160268,NaN,NaN,NaN,NaN,NaN,NaN,NaN,NaN,NaN
NaN,NaN,-0.00965881578061574,-0.00900196414052819,-0.0146690412220778,-0.0048232651752187,0.00974328129571708,0.0111735508253332,-0.0286569351398308,NaN,NaN,NaN,NaN,NaN,NaN,NaN,NaN,NaN
NaN,NaN,-0.00890718258354658,-0.0109832411593137,-0.0128150387463393,-0.00411247978627216,0.00820501579922469,0.00910569806001149,-0.0305504256927331,NaN,NaN,NaN,NaN,NaN,NaN,NaN,NaN,NaN
NaN,NaN,-0.010393238136506,-0.0120761668270764,-0.0139064929244341,-0.00610476503788959,0.00822401477974685,0.0112402894010302,-0.030548078759845,NaN,NaN,NaN,NaN,NaN,NaN,NaN,NaN,NaN
NaN,NaN,-0.00884126357171529,-0.0114590911155877,-0.0130942306277575,-0.00613628099381458,0.00382588117402823,0.0119534589757677,-0.0298965813659985,NaN,NaN,NaN,NaN,NaN,NaN,NaN,NaN,NaN
NaN,NaN,-0.0107744470927476,-0.00837190579234933,-0.0125261238572421,-0.00523677239834796,0.00671892299336226,0.0105157949437853,-0.0309120209955533,NaN,NaN,NaN,NaN,NaN,NaN,NaN,NaN,NaN
NaN,NaN,-0.00829535953137868,-0.00987763087808465,-0.0155025190470042,-0.00645879800140392,0.00588557555359633,0.01006127227447,-0.0305027419769128,NaN,NaN,NaN,NaN,NaN,NaN,NaN,NaN,NaN
NaN,NaN,-0.00692167736027235,-0.00912458207070207,-0.0130651733634295,-0.00796055565297138,0.00466440676730902,0.00911033604643308,-0.0308217944645245,NaN,NaN,NaN,NaN,NaN,NaN,NaN,NaN,NaN
NaN,NaN,-0.00816544003221983,-0.0117544880098042,-0.013823288565618,-0.00917464638769161,0.00362577720564635,0.0113006949832197,-0.0310949513756592,NaN,NaN,NaN,NaN,NaN,NaN,NaN,NaN,NaN
NaN,NaN,-0.00592579550478452,-0.00835394989311074,-0.0144044524786295,-0.00910310218750965,0.000413384875476673,0.0112108968605753,-0.0303316393935044,NaN,NaN,NaN,NaN,NaN,NaN,NaN,NaN,NaN
NaN,NaN,-0.0079232961628198,-0.00834078099190568,-0.0155833019671263,-0.00728441546380054,0.00294684304875167,0.00787098784348928,-0.0327168496393521,NaN,NaN,NaN,NaN,NaN,NaN,NaN,NaN,NaN
NaN,NaN,-0.00626068047616476,-0.00952473412811135,-0.0172150349972071,-0.010337551633711,0.00160313083809645,0.0072966784646269,-0.0326574126326401,NaN,NaN,NaN,NaN,NaN,NaN,NaN,NaN,NaN
NaN,NaN,-0.00690711147520536,-0.00912171359717225,-0.0135770096239867,-0.0106116212409688,0.000870440742194965,0.00758497868082486,-0.0319879407131035,NaN,NaN,NaN,NaN,NaN,NaN,NaN,NaN,NaN
NaN,NaN,-0.00892610705826276,-0.010668845284575,-0.015588927155477,-0.00967931146442424,-0.000129091897785351,0.0111229427566286,-0.031797950907882,NaN,NaN,NaN,NaN,NaN,NaN,NaN,NaN,NaN
NaN,NaN,-0.00633881844017499,-0.00774378459512567,-0.0160362786409678,-0.00918606440245639,0.000731990328252628,0.011558056663489,-0.0291938612305482,NaN,NaN,NaN,NaN,NaN,NaN,NaN,NaN,NaN
NaN,NaN,-0.00785365186069006,-0.00840146597086762,-0.0170232011732878,-0.00829937080561649,0.00135554804486068,0.00806747828028165,-0.0322256142341454,NaN,NaN,NaN,NaN,NaN,NaN,NaN,NaN,NaN
NaN,NaN,-0.00509047366116041,-0.00948032866775369,-0.0171941174921812,-0.0123114898306085,0.00149146526140006,0.00864962939522229,-0.0293065512620766,NaN,NaN,NaN,NaN,NaN,NaN,NaN,NaN,NaN
NaN,NaN,-0.0061850012037515,-0.009399638879889,-0.0135847582278075,-0.0120114922028733,-0.000357675710498974,0.00906710405251943,-0.0283369140767415,NaN,NaN,NaN,NaN,NaN,NaN,NaN,NaN,NaN
NaN,NaN,-0.00688028938505643,-0.00913663338481759,-0.014991856252891,-0.0110105998319341,3.93471030596046e-05,0.0120445609500166,-0.028062024905618,NaN,NaN,NaN,NaN,NaN,NaN,NaN,NaN,NaN
NaN,NaN,-0.00573997802469724,-0.00812557097136354,-0.0151301576552214,-0.0105823218327714,-0.000791951427042172,0.011322990845656,-0.0273287387632687,NaN,NaN,NaN,NaN,NaN,NaN,NaN,NaN,NaN
NaN,NaN,-0.0085617550406217,-0.00918586309611177,-0.0161990738270106,-0.00964448000013362,-0.00109191180187432,0.00858242515823804,-0.0302572825991471,NaN,NaN,NaN,NaN,NaN,NaN,NaN,NaN,NaN
NaN,NaN,-0.00651480115387434,-0.0104316187983689,-0.0159560545143904,-0.0130736655992223,-0.000961470762073681,0.0098611124267336,-0.026806061907943,NaN,NaN,NaN,NaN,NaN,NaN,NaN,NaN,NaN
NaN,NaN,-0.00667076043221944,-0.00916097815691804,-0.014107844865066,-0.0122430003684713,-0.00276464165168969,0.0109156303515192,-0.0255981737815697,NaN,NaN,NaN,NaN,NaN,NaN,NaN,NaN,NaN
NaN,NaN,-0.00649591393206113,-0.00894975419699525,-0.016207791006309,-0.0111843659979058,-0.00154112593251435,0.011918925534701,-0.0243670584701855,NaN,NaN,NaN,NaN,NaN,NaN,NaN,NaN,NaN
NaN,NaN,-0.00433498478863233,-0.00806529577433442,-0.0152104376611533,-0.0106647997599794,-0.00253214628416269,0.0118456490745302,-0.0259715037488301,NaN,NaN,NaN,NaN,NaN,NaN,NaN,NaN,NaN
NaN,NaN,-0.00666647634837621,-0.00835983585178231,-0.0158376089093508,-0.0112837753695203,-0.00219450459796159,0.00899976943037473,-0.0254402959787209,NaN,NaN,NaN,NaN,NaN,NaN,NaN,NaN,NaN
NaN,NaN,-0.00538998700115674,-0.00933824609577035,-0.0169492914137663,-0.0133554651838494,-0.0030964532585737,0.0113051653315779,-0.0224968696081002,NaN,NaN,NaN,NaN,NaN,NaN,NaN,NaN,NaN
NaN,NaN,-0.0046823681089639,-0.00598282124459123,-0.0149826920387568,-0.01421645427763,-0.0046569587381479,0.010895495157456,-0.0210610868477185,NaN,NaN,NaN,NaN,NaN,NaN,NaN,NaN,NaN
NaN,NaN,-0.00517334274384969,-0.00695786010085916,-0.0155765033123316,-0.0133191436034394,-0.00500532926040857,0.00967566747567617,-0.0231066996299584,NaN,NaN,NaN,NaN,NaN,NaN,NaN,NaN,NaN
NaN,NaN,-0.00250553197596067,-0.00432972367464875,-0.0159047386405291,-0.013802201996441,-0.00641497910934655,0.00907483402988874,-0.025211171998914,NaN,NaN,NaN,NaN,NaN,NaN,NaN,NaN,NaN
NaN,NaN,-0.0058384188208341,-0.00632470976173257,-0.0143649644014658,-0.0154287568730069,-0.00636876688319413,0.00609745163819753,-0.0232705192708333,NaN,NaN,NaN,NaN,NaN,NaN,NaN,NaN,NaN
NaN,NaN,-0.00315928317043775,-0.00550227742254113,-0.0154626584408106,-0.0147579065960599,-0.00626261473613947,0.0111617975344416,-0.0217655206167062,NaN,NaN,NaN,NaN,NaN,NaN,NaN,NaN,NaN
NaN,NaN,-0.00398762009475225,-0.00472726802884912,-0.0131085916218581,-0.0147970966499997,-0.00538411677795617,0.00874788392684423,-0.0196330713176091,NaN,NaN,NaN,NaN,NaN,NaN,NaN,NaN,NaN
NaN,NaN,-0.00522270284030431,-0.00651494171082353,-0.0142484186944785,-0.0126368380588246,-0.00569041014629571,0.00989605564973317,-0.0228268744491894,NaN,NaN,NaN,NaN,NaN,NaN,NaN,NaN,NaN
NaN,NaN,-0.00368613235089773,-0.00547130163370942,-0.0149353622255148,-0.0158612444502069,-0.00624855176526277,0.0090061396767851,-0.0217206681215127,NaN,NaN,NaN,NaN,NaN,NaN,NaN,NaN,NaN
NaN,NaN,-0.00657941631410116,-0.00739176328837251,-0.0143015040812315,-0.0164690255624009,-0.0102398091645834,0.00710786212584935,-0.0212580243193467,NaN,NaN,NaN,NaN,NaN,NaN,NaN,NaN,NaN
NaN,NaN,-0.00338194377157682,-0.00632247458755349,-0.0159355467912974,-0.0152672469121171,-0.00853146553951471,0.0089775667001959,-0.0195170471512635,NaN,NaN,NaN,NaN,NaN,NaN,NaN,NaN,NaN
NaN,NaN,-0.00459389246437543,-0.00599496569096421,-0.0137285544333281,-0.0169212571781827,-0.00846666411477296,0.00763974044821225,-0.0190324241363366,NaN,NaN,NaN,NaN,NaN,NaN,NaN,NaN,NaN
NaN,NaN,-0.00490916378233427,-0.00704164187967156,-0.0151186092552962,-0.0144239902001573,-0.00899721995907991,0.00864672366878949,-0.0215282568775971,NaN,NaN,NaN,NaN,NaN,NaN,NaN,NaN,NaN
NaN,NaN,-0.00557856119606489,-0.00622451807915544,-0.0148421182093443,-0.0166747919720365,-0.00917612702566354,0.00640020598075353,-0.0191732028567155,NaN,NaN,NaN,NaN,NaN,NaN,NaN,NaN,NaN
NaN,NaN,-0.00768271691534513,-0.00760181378185128,-0.0155108450708212,-0.0155430301529122,-0.0111749315353033,0.00659867082140409,-0.0183236690306027,NaN,NaN,NaN,NaN,NaN,NaN,NaN,NaN,NaN
NaN,NaN,-0.00627697862122053,-0.00752183179914331,-0.0159372417983832,-0.0160647756856633,-0.00769018323141306,0.00689511079690419,-0.0178475396775563,NaN,NaN,NaN,NaN,NaN,NaN,NaN,NaN,NaN
NaN,NaN,-0.00848963342044347,-0.00767834987103318,-0.0141095212457003,-0.0174095682305051,-0.00849955842810838,0.00651975054643118,-0.0167137475752194,NaN,NaN,NaN,NaN,NaN,NaN,NaN,NaN,NaN
NaN,NaN,-0.00936569131348127,-0.00851937140881394,-0.0150296306965174,-0.0138926147919847,-0.00790682748872011,0.00702620376250707,-0.0173339897834618,NaN,NaN,NaN,NaN,NaN,NaN,NaN,NaN,NaN
NaN,NaN,-0.00811079002354139,-0.00700239594637727,-0.0149069568869891,-0.0156788356107427,-0.00745750159937112,0.00856860433123075,-0.0147742683135827,NaN,NaN,NaN,NaN,NaN,NaN,NaN,NaN,NaN
NaN,NaN,-0.00721062950227254,-0.00819020475804185,-0.013451374208671,-0.0134238428872777,-0.00850972847062318,0.00902722481987439,-0.0125207284533341,NaN,NaN,NaN,NaN,NaN,NaN,NaN,NaN,NaN
NaN,NaN,-0.00415674827430242,-0.00498395915686463,-0.013002197330934,-0.0161105781298829,-0.00620887742358415,0.00854928870103322,-0.0132111923837025,NaN,NaN,NaN,NaN,NaN,NaN,NaN,NaN,NaN
NaN,NaN,-0.00384741879436964,-0.00463916491329049,-0.0105049489793601,-0.0152220591407968,-0.00829740555006235,0.00801532421610318,-0.0113769525729974,NaN,NaN,NaN,NaN,NaN,NaN,NaN,NaN,NaN
NaN,NaN,-0.00357286489937299,-0.00379382203876351,-0.0104197702166857,-0.0127347014349652,-0.00814850569683282,0.00750944842002355,-0.0128664540194829,NaN,NaN,NaN,NaN,NaN,NaN,NaN,NaN,NaN
NaN,NaN,-0.00291121608946317,-0.00208555291950082,-0.0108233495411696,-0.011956506918068,-0.00740201340037553,0.0108571060409304,-0.00817305390470817,NaN,NaN,NaN,NaN,NaN,NaN,NaN,NaN,NaN
NaN,NaN,-0.00274940810534948,-0.00165377314745759,-0.00737514633510727,-0.011026674459572,-0.00712609977441995,0.00972206596634351,-0.00833778624170615,NaN,NaN,NaN,NaN,NaN,NaN,NaN,NaN,NaN
NaN,NaN,-0.00127024433944219,-0.000890256274336328,-0.00767350483511109,-0.0119734197360231,-0.00472051219063966,0.0113906048645731,-0.00821975041859939,NaN,NaN,NaN,NaN,NaN,NaN,NaN,NaN,NaN
NaN,NaN,-0.00195282928082937,-0.00127593557893609,-0.0057237437722506,-0.0108393668633653,-0.00577920244055955,0.00922222514054738,-0.00563762132757499,NaN,NaN,NaN,NaN,NaN,NaN,NaN,NaN,NaN
NaN,NaN,-0.00260697163078779,-0.000798241603964319,-0.00829620573495049,-0.00913057620346081,-0.00669778452235429,0.0112347387184855,-0.00572700966828658,NaN,NaN,NaN,NaN,NaN,NaN,NaN,NaN,NaN
NaN,NaN,-0.0022760913464784,-0.000296780276888361,-0.00969739917491097,-0.00982891912281048,-0.00718520150500505,0.0112067804147955,-0.00259484146469428,NaN,NaN,NaN,NaN,NaN,NaN,NaN,NaN,NaN
NaN,NaN,-0.00170560039017194,-0.000245222259157648,-0.00665551338170189,-0.0134096122783376,-0.00869174615460603,0.00950244147679769,-0.00462670792573287,NaN,NaN,NaN,NaN,NaN,NaN,NaN,NaN,NaN
NaN,NaN,-0.00175306058857435,-0.000630920190208902,-0.00760050777171273,-0.0128814033669187,-0.00684767157751291,0.00869494755170308,-0.00442356784575774,NaN,NaN,NaN,NaN,NaN,NaN,NaN,NaN,NaN
NaN,NaN,-0.00245417884919637,-0.000800160128468027,-0.00624921459530015,-0.0127556561928941,-0.00878957227784364,0.00688823763630353,-0.0030530335449536,NaN,NaN,NaN,NaN,NaN,NaN,NaN,NaN,NaN
NaN,NaN,-0.00464137128922933,-0.00042968000828599,-0.009377620255691,-0.0106238029402448,-0.0101257966549989,0.00804475400946103,-0.00308097322219207,NaN,NaN,NaN,NaN,NaN,NaN,NaN,NaN,NaN
NaN,NaN,-0.00470760695073598,-0.0019860504156289,-0.00891236875031609,-0.012468790213461,-0.0108391711207029,0.00605801944038831,-0.00409494136207892,NaN,NaN,NaN,NaN,NaN,NaN,NaN,NaN,NaN
NaN,NaN,-0.00578974790308469,-0.00413401554881906,-0.0085555790719809,-0.0156170144182397,-0.0118070574195978,0.00566917363903486,-0.00521604885094954,NaN,NaN,NaN,NaN,NaN,NaN,NaN,NaN,NaN
NaN,NaN,-0.0066062011513471,-0.00529839228450631,-0.00953564707015175,-0.0144277527433587,-0.0106066385002729,0.00400719125173055,-0.00492059607737853,NaN,NaN,NaN,NaN,NaN,NaN,NaN,NaN,NaN
NaN,NaN,-0.00550122416946882,-0.00396224241315698,-0.0100696115550818,-0.0138998418551637,-0.0115652115734216,0.00443444479606115,-0.00246874038809134,NaN,NaN,NaN,NaN,NaN,NaN,NaN,NaN,NaN
NaN,NaN,-0.00683124593827718,-0.00380859281479691,-0.0110627553222002,-0.0113118826848222,-0.0122251094968912,0.00634617064497434,-0.00324076954954459,NaN,NaN,NaN,NaN,NaN,NaN,NaN,NaN,NaN
NaN,NaN,-0.00533392138216489,-0.00379635523616647,-0.00957750070665497,-0.0135122626525117,-0.0113217079730627,0.00544712771079503,-0.00304919649594619,NaN,NaN,NaN,NaN,NaN,NaN,NaN,NaN,NaN
NaN,NaN,-0.00486654646131986,-0.00448877494394158,-0.00750929403875489,-0.0145986690622522,-0.0124093251021501,0.00587415773770772,-0.00173223186963393,NaN,NaN,NaN,NaN,NaN,NaN,NaN,NaN,NaN
NaN,NaN,-0.00323319292995924,-0.00141693781673287,-0.00598466310475487,-0.0122680343192769,-0.0103373931439516,0.00447667096159421,-0.000975662662919301,NaN,NaN,NaN,NaN,NaN,NaN,NaN,NaN,NaN
NaN,NaN,-0.00307309857938283,8.60864335360625e-05,-0.00663932699535508,-0.00990746686875354,-0.00922546849566667,0.00578543994924985,0.00301308016544984,NaN,NaN,NaN,NaN,NaN,NaN,NaN,NaN,NaN
NaN,NaN,-0.0031051547024011,0.000340877663499365,-0.00608481753442902,-0.00811331118165981,-0.0094601059051153,0.00714811388752424,0.000493629083697062,NaN,NaN,NaN,NaN,NaN,NaN,NaN,NaN,NaN
NaN,NaN,-0.00246634192202085,0.000624484013921271,-0.00392329234455246,-0.00821786145388614,-0.00737630889731615,0.0078648783673998,0.00299149210817025,NaN,NaN,NaN,NaN,NaN,NaN,NaN,NaN,NaN
NaN,NaN,-0.00119307495090955,0.00112123284876967,-0.00189861569378991,-0.00854388023435604,-0.00668414995986192,0.00929749463102781,0.00523596088654206,NaN,NaN,NaN,NaN,NaN,NaN,NaN,NaN,NaN
NaN,NaN,-0.00141879029009336,0.00425546858847762,-0.000542330628377385,-0.00436758766591083,-0.00305379868465631,0.00978563804528676,0.00865920464760469,NaN,NaN,NaN,NaN,NaN,NaN,NaN,NaN,NaN
NaN,NaN,-0.000558602133727012,0.00374895949304725,-0.00220910001371522,-0.00382533441006672,-0.00228782311993806,0.0116796687652823,0.0121031982756297,NaN,NaN,NaN,NaN,NaN,NaN,NaN,NaN,NaN
NaN,NaN,-0.000629848310685096,0.00258821491540099,-0.000569394862395711,-0.00374594847380649,-0.00436780170518129,0.0117318042030092,0.0107248408651988,NaN,NaN,NaN,NaN,NaN,NaN,NaN,NaN,NaN
NaN,NaN,-0.000108568439221321,0.00222745780289794,-0.000501743590575643,-0.00330917681276333,-0.00310449988561838,0.0120635599305388,0.0116239769316356,NaN,NaN,NaN,NaN,NaN,NaN,NaN,NaN,NaN
NaN,NaN,0.00117181383636004,0.00372159723580504,0.00140035238291603,-0.00536685953557026,-0.00363719777184694,0.0123085536470171,0.0131631364977996,NaN,NaN,NaN,NaN,NaN,NaN,NaN,NaN,NaN
NaN,NaN,-0.000391914019322334,0.00622601677120353,0.00134747188712936,-0.00206006834923755,-0.00160877720433443,0.0118770532717463,0.015274221257035,NaN,NaN,NaN,NaN,NaN,NaN,NaN,NaN,NaN
NaN,NaN,5.85385229593706e-06,0.0044936077708068,-0.000356922930222936,-0.00343505437194835,-0.00321327836233346,0.0113287650456186,0.0137912576950233,NaN,NaN,NaN,NaN,NaN,NaN,NaN,NaN,NaN
NaN,NaN,-0.00295521176788801,0.00282050539196158,0.000542660171049647,-0.00366961727559101,-0.00575364694911211,0.0100552931835409,0.0119046403027217,NaN,NaN,NaN,NaN,NaN,NaN,NaN,NaN,NaN
NaN,NaN,-0.0021578878853082,0.000916081112033377,-0.00121265936468262,-0.00342406476556789,-0.005502003589451,0.00969511349103414,0.0119633136249225,NaN,NaN,NaN,NaN,NaN,NaN,NaN,NaN,NaN
NaN,NaN,-0.0025439769718408,0.00224926937759543,-0.000277946775895543,-0.00612842063128483,-0.00569396779853075,0.00972884599468671,0.0149803331053893,NaN,NaN,NaN,NaN,NaN,NaN,NaN,NaN,NaN
NaN,NaN,-0.00375706187818044,0.0038842247837844,-0.00141434658144135,-0.00366319114982616,-0.00461929605323045,0.00870584402582609,0.0151416009224098,NaN,NaN,NaN,NaN,NaN,NaN,NaN,NaN,NaN
NaN,NaN,-0.0033795595857858,0.00205844138205672,-0.00169191796157975,-0.00536136473238002,-0.00515862495619028,0.00835562948486768,0.0132657868719737,NaN,NaN,NaN,NaN,NaN,NaN,NaN,NaN,NaN
NaN,NaN,-0.00481634817454809,0.00115520749629165,-0.00195663709018845,-0.00414796317636501,-0.00740283296424119,0.00811365325353109,0.0118363743580024,NaN,NaN,NaN,NaN,NaN,NaN,NaN,NaN,NaN
NaN,NaN,-0.00252151347134107,0.00110389162243033,-0.00109933603380341,-0.0041056066256715,-0.00595701054650514,0.00699981008074247,0.0127539692378681,NaN,NaN,NaN,NaN,NaN,NaN,NaN,NaN,NaN
NaN,NaN,-0.00310720361206525,0.00279869381726409,0.000310146177071147,-0.00686947400390636,-0.00684469134527414,0.00702776838443242,0.0157270861721675,NaN,NaN,NaN,NaN,NaN,NaN,NaN,NaN,NaN
NaN,NaN,-0.00225947655174726,0.00442292038739348,-0.000793228929978795,-0.00313297058164608,-0.00498893798309534,0.00533613268635236,0.0123013650930564,NaN,NaN,NaN,NaN,NaN,NaN,NaN,NaN,NaN
NaN,NaN,-0.00312698490355009,0.00135354195178176,-5.72118733543903e-06,-0.00407636309682857,-0.00514661089497774,0.00587266762158834,0.0128184540129344,NaN,NaN,NaN,NaN,NaN,NaN,NaN,NaN,NaN
NaN,NaN,-0.0018490985724687,0.00289130453408385,0.000998970979708247,-0.000309237788314931,-0.00541756988483636,0.00735136572620832,0.0122299699044864,NaN,NaN,NaN,NaN,NaN,NaN,NaN,NaN,NaN
NaN,NaN,-0.00125873319241994,0.00398266557992125,0.00413361650134902,-0.00048859188973438,-0.0020685525329706,0.00835417662165128,0.015873676345412,NaN,NaN,NaN,NaN,NaN,NaN,NaN,NaN,NaN
NaN,NaN,-0.000663804331755576,0.00556991864383841,0.00456694226886611,-0.000982136974926106,-0.00105421186405389,0.0100032695045229,0.0183957723832767,NaN,NaN,NaN,NaN,NaN,NaN,NaN,NaN,NaN
NaN,NaN,-0.00147597349617475,0.00599495564044143,0.00454339843417984,0.00241361414373387,0.00205452426356108,0.00985746164224111,0.0164886100149791,NaN,NaN,NaN,NaN,NaN,NaN,NaN,NaN,NaN
NaN,NaN,-0.00186979256007665,0.00365247447431708,0.00346120160247665,0.00186588471115101,0.00119526742976935,0.0119384833087679,0.0187991840696971,NaN,NaN,NaN,NaN,NaN,NaN,NaN,NaN,NaN
NaN,NaN,0.000256528636479439,0.00588368121922637,0.00388022225524765,0.00471055363595951,0.000188023438871217,0.0127336651494261,0.0183539187467735,NaN,NaN,NaN,NaN,NaN,NaN,NaN,NaN,NaN
NaN,NaN,-0.000841370293831764,0.00601557512224341,0.00663870658900123,0.00221222495019901,0.00161806925219328,0.0124959171225783,0.0217851160026233,NaN,NaN,NaN,NaN,NaN,NaN,NaN,NaN,NaN
NaN,NaN,0.00122605406310565,0.0074090013319316,0.00611170839692932,0.00287413453042973,0.00154034107011588,0.0132927939703222,0.023016287193362,NaN,NaN,NaN,NaN,NaN,NaN,NaN,NaN,NaN
NaN,NaN,-0.000970768252348838,0.00796764586508895,0.00663462739612442,0.00474378322542179,0.00336657150667937,0.0110902719607111,0.0215518942034881,NaN,NaN,NaN,NaN,NaN,NaN,NaN,NaN,NaN
NaN,NaN,-0.000859866360163627,0.00473670158923293,0.00430591117765289,0.00549549092829693,0.00252493529599936,0.0131098263373133,0.0228504000163715,NaN,NaN,NaN,NaN,NaN,NaN,NaN,NaN,NaN
NaN,NaN,-0.000697909364437995,0.00550539661586905,0.00517159413720947,0.00565240015566815,0.00130188523811133,0.0121167943289038,0.0222998766160648,NaN,NaN,NaN,NaN,NaN,NaN,NaN,NaN,NaN
NaN,NaN,-0.0019086659643411,0.00459033493340636,0.00565264087344985,0.00203493838489521,0.00232552050632269,0.0129061460902449,0.0250311663306396,NaN,NaN,NaN,NaN,NaN,NaN,NaN,NaN,NaN
NaN,NaN,-0.00061165026757711,0.00497556720317031,0.00439556028868537,0.00216957037628163,0.00285488425773413,0.0124342076887842,0.0236068015850227,NaN,NaN,NaN,NaN,NaN,NaN,NaN,NaN,NaN
NaN,NaN,-0.00231906257007116,0.00583834443629409,0.00537071090366226,0.00358819817483891,0.00323309435528548,0.00944471810362302,0.0226917212761085,NaN,NaN,NaN,NaN,NaN,NaN,NaN,NaN,NaN
NaN,NaN,-0.00135683871242994,0.00329926107466842,0.00401869129564147,0.00565346186340321,0.0027554190067652,0.0115148432960268,0.0229789225316684,NaN,NaN,NaN,NaN,NaN,NaN,NaN,NaN,NaN
NaN,NaN,-0.000217738071417747,0.00495105479300643,0.00558701988484245,0.00202521537721623,-0.000721860090076613,0.0117184862901922,0.0240301063216369,NaN,NaN,NaN,NaN,NaN,NaN,NaN,NaN,NaN
NaN,NaN,-0.000238785961604057,0.00404547397435332,0.00487899121071678,0.001147779126768,0.000213299533546281,0.0110697456111666,0.024499753669564,NaN,NaN,NaN,NaN,NaN,NaN,NaN,NaN,NaN
NaN,NaN,0.00101144008901125,0.00530952085197593,0.00392347287561279,0.000826323826913722,0.000516426405132127,0.0102854043652769,0.021896073774163,NaN,NaN,NaN,NaN,NaN,NaN,NaN,NaN,NaN
NaN,NaN,-0.00144069499704832,0.00602663923442985,0.00549943830992561,0.00525198732793797,0.00220025762003691,0.00826178942224942,0.023073079243962,NaN,NaN,NaN,NaN,NaN,NaN,NaN,NaN,NaN
NaN,NaN,0.00020484023358828,0.00489994381011153,0.00601911630656105,0.00617811312258709,0.00185857399386199,0.0104010001232382,0.0231189561939876,NaN,NaN,NaN,NaN,NaN,NaN,NaN,NaN,NaN
NaN,NaN,0.000487217238211693,0.00643241648018981,0.00709531542088371,0.00413223957002629,-1.1281760331867e-06,0.0120021671464201,0.0252320153570812,NaN,NaN,NaN,NaN,NaN,NaN,NaN,NaN,NaN
NaN,NaN,2.86153760195394e-05,0.00500898305714751,0.0066746183874784,0.00604450558603276,0.00406584574860365,0.0117260486294981,0.024707997397248,NaN,NaN,NaN,NaN,NaN,NaN,NaN,NaN,NaN
NaN,NaN,0.000444804808163704,0.00617730860055114,0.00591648455883842,0.00545928110659588,0.00573267101329596,0.0124886155535933,0.0253976790166538,NaN,NaN,NaN,NaN,NaN,NaN,NaN,NaN,NaN
NaN,NaN,-0.00127369023296827,0.00637839977086211,0.00687839176680427,0.0092138708132552,0.00632873608750136,0.0112413511087652,0.0274500904536884,NaN,NaN,NaN,NaN,NaN,NaN,NaN,NaN,NaN
NaN,NaN,-1.15246269463877e-05,0.00500872228682662,0.00721137684013229,0.00750927110493649,0.00517570286077292,0.0127154857327696,0.0275814441896121,NaN,NaN,NaN,NaN,NaN,NaN,NaN,NaN,NaN
NaN,NaN,0.000369535317683281,0.00538750980437423,0.00757448088552337,0.00612258767068852,0.0038649594692591,0.0150587678363081,0.0283518901026885,NaN,NaN,NaN,NaN,NaN,NaN,NaN,NaN,NaN
NaN,NaN,-0.000452990153765617,0.00587304551542426,0.00839000281121116,0.00688697998702992,0.00801944046300681,0.0132909126987215,0.0257465152002017,NaN,NaN,NaN,NaN,NaN,NaN,NaN,NaN,NaN
NaN,NaN,0.00108946629431254,0.00628753994048263,0.00820457648660522,0.00788098057091702,0.00963563903254302,0.0136265054752585,0.0270201733267944,NaN,NaN,NaN,NaN,NaN,NaN,NaN,NaN,NaN
NaN,NaN,-0.00165976069304937,0.00682956967890883,0.0101038039865671,0.0105130844312953,0.00742780848425658,0.0111763447930571,0.0272157883203666,NaN,NaN,NaN,NaN,NaN,NaN,NaN,NaN,NaN
NaN,NaN,-0.000697499582505165,0.00371109191716338,0.00814124655153137,0.00781791140616406,0.00684252812546523,0.014529906999087,0.0278403146124523,NaN,NaN,NaN,NaN,NaN,NaN,NaN,NaN,NaN
NaN,NaN,-0.00156642354462141,0.00445639212072516,0.0062737771513639,0.00741684665263165,0.00651170372051032,0.0161311857809778,0.0271988196230571,NaN,NaN,NaN,NaN,NaN,NaN,NaN,NaN,NaN
NaN,NaN,-0.000721713969445167,0.00402967874348784,0.00657807748939376,0.0076838568347739,0.00972424506229193,0.0142479211499449,0.0268649032271545,NaN,NaN,NaN,NaN,NaN,NaN,NaN,NaN,NaN
NaN,NaN,0.000619576802516045,0.00592004005253936,0.00730989214207511,0.00972308074415196,0.010449465951145,0.0153820112755056,0.0281082188642661,NaN,NaN,NaN,NaN,NaN,NaN,NaN,NaN,NaN
NaN,NaN,-0.00155664465758794,0.00610889364421988,0.00926525976683479,0.00960234408557881,0.00689116179031165,0.0127212599327322,0.0303043333745639,NaN,NaN,NaN,NaN,NaN,NaN,NaN,NaN,NaN
NaN,NaN,0.00142775990631587,0.00408445913732673,0.00615289148117881,0.00943420310795773,0.00726758374851973,0.0173858449270483,0.0303140377557914,NaN,NaN,NaN,NaN,NaN,NaN,NaN,NaN,NaN
NaN,NaN,0.00155061998035914,0.00669987369716788,0.00734863516117912,0.00863019232929219,0.00755284785312445,0.0153419457783457,0.029156198904578,NaN,NaN,NaN,NaN,NaN,NaN,NaN,NaN,NaN
NaN,NaN,0.00287740074660784,0.006817052703506,0.00792201321746688,0.0105435200530337,0.0110486043898466,0.0140761666407343,0.0299905894256275,NaN,NaN,NaN,NaN,NaN,NaN,NaN,NaN,NaN
NaN,NaN,0.00243781649138934,0.00791042540610457,0.00933156993414741,0.00996682648838032,0.0107180966345671,0.0129418157448526,0.0297927578843276,NaN,NaN,NaN,NaN,NaN,NaN,NaN,NaN,NaN
NaN,NaN,0.00107870020534998,0.00873714182913924,0.0115993031504331,0.0104597010213183,0.00718013255876334,0.0140756823529955,0.0321992395377796,NaN,NaN,NaN,NaN,NaN,NaN,NaN,NaN,NaN
NaN,NaN,0.00119763009812838,0.00713206325114394,0.00896893155004364,0.0110616520541953,0.00900343864244254,0.0178594410826918,0.0296920260346572,NaN,NaN,NaN,NaN,NaN,NaN,NaN,NaN,NaN
NaN,NaN,0.00177400701310641,0.00822538007438804,0.010091771298903,0.0107819013792323,0.0103843106238249,0.0161605783214327,0.0292213169789951,NaN,NaN,NaN,NaN,NaN,NaN,NaN,NaN,NaN
NaN,NaN,0.00173766680624491,0.00630374495328094,0.0102910370769678,0.0125815146166133,0.0121797887889746,0.0164357282628771,0.0294849557734172,NaN,NaN,NaN,NaN,NaN,NaN,NaN,NaN,NaN
NaN,NaN,0.00125591226484782,0.0070873597675624,0.0103623018803773,0.0100138769048499,0.0113552144078615,0.0142196648230311,0.0313628932393234,NaN,NaN,NaN,NaN,NaN,NaN,NaN,NaN,NaN
NaN,NaN,0.000565001299643578,0.0069047274106803,0.0100907282176195,0.00947065507352818,0.00785925298017294,0.0167818636109587,0.0320971665836017,NaN,NaN,NaN,NaN,NaN,NaN,NaN,NaN,NaN
NaN,NaN,-0.000223679909443794,0.00544748697817946,0.00840937432076316,0.00964810927689541,0.00955142884534628,0.0170571066846605,0.0279747230864208,NaN,NaN,NaN,NaN,NaN,NaN,NaN,NaN,NaN
NaN,NaN,0.00129556798007494,0.00642438847959662,0.00825142201210838,0.0100612812238978,0.0093586078194979,0.0162539154698607,0.0275899751043956,NaN,NaN,NaN,NaN,NaN,NaN,NaN,NaN,NaN
NaN,NaN,-0.000609806248879371,0.00490495432556296,0.00887063976551872,0.0099283628660487,0.010181934228361,0.0128722645749804,0.0272004401243369,NaN,NaN,NaN,NaN,NaN,NaN,NaN,NaN,NaN
NaN,NaN,-0.00111961222622388,0.00542805958927299,0.00822877224709373,0.00738436212122906,0.0087763449458483,0.0123965450038668,0.0292067883468311,NaN,NaN,NaN,NaN,NaN,NaN,NaN,NaN,NaN
NaN,NaN,-0.00210698179337972,0.00524198133886481,0.00684700619603973,0.00710008521855343,0.00713390170615942,0.013988566439366,0.0284268243170421,NaN,NaN,NaN,NaN,NaN,NaN,NaN,NaN,NaN
NaN,NaN,-0.00276598564717763,0.00266113747299338,0.00573362868453842,0.0085068665939616,0.00947470649164946,0.0140265457739588,0.0263363031602542,NaN,NaN,NaN,NaN,NaN,NaN,NaN,NaN,NaN
NaN,NaN,-0.0015487656686067,0.00394703317821647,0.00506678309466224,0.00871358295262326,0.00971286430043013,0.0155417330970522,0.0257154462791126,NaN,NaN,NaN,NaN,NaN,NaN,NaN,NaN,NaN
NaN,NaN,-0.00268404788706296,0.00247792769611503,0.00762397136713844,0.00866887946904171,0.0112436792163256,0.0117419556190725,0.0270086063004176,NaN,NaN,NaN,NaN,NaN,NaN,NaN,NaN,NaN
NaN,NaN,-0.00141214064691061,0.00580423940361167,0.00641535680915695,0.00825365861237515,0.0109940847663286,0.0142405264487024,0.0277122391319911,NaN,NaN,NaN,NaN,NaN,NaN,NaN,NaN,NaN
NaN,NaN,-0.000521349230742393,0.006326599609262,0.00644638847734313,0.00739766140759457,0.0106411135105494,0.01425859410665,0.0278802310980003,NaN,NaN,NaN,NaN,NaN,NaN,NaN,NaN,NaN
NaN,NaN,1.74767580271391e-05,0.00469468031466628,0.00613689135934692,0.0095626324909972,0.0111322185305956,0.0154931553115603,0.0256267843700092,NaN,NaN,NaN,NaN,NaN,NaN,NaN,NaN,NaN
NaN,NaN,0.00163466252949244,0.00568730254114295,0.00662948649551254,0.00933557604730595,0.0114287143854502,0.0149542175640818,0.0256688801503818,NaN,NaN,NaN,NaN,NaN,NaN,NaN,NaN,NaN
NaN,NaN,-0.000210082599854407,0.00559858475268508,0.0103164063039003,0.00966690336645115,0.0117809405831698,0.0122618943860289,0.0275498164749782,NaN,NaN,NaN,NaN,NaN,NaN,NaN,NaN,NaN
NaN,NaN,0.00108425088789469,0.00871702526152755,0.00783795204188209,0.0101982042688178,0.0128524458317164,0.0170002028753515,0.0274295268512409,NaN,NaN,NaN,NaN,NaN,NaN,NaN,NaN,NaN
NaN,NaN,0.0020477227177859,0.00884361062586928,0.00931434046651702,0.0107732773321914,0.0132764397470358,0.0177427649905439,0.0281492343104522,NaN,NaN,NaN,NaN,NaN,NaN,NaN,NaN,NaN
NaN,NaN,0.00117837034728533,0.00672481451571609,0.00885547783400398,0.0129137732583331,0.0138232378570441,0.0184760325064417,0.025708386853997,NaN,NaN,NaN,NaN,NaN,NaN,NaN,NaN,NaN
NaN,NaN,0.00231057920124537,0.00648484994114066,0.00873805668379646,0.0121481702226447,0.0144876992611292,0.0173305243661162,0.0283387212014835,NaN,NaN,NaN,NaN,NaN,NaN,NaN,NaN,NaN
NaN,NaN,-0.00078908584449285,0.00600385908425475,0.0092371338250814,0.010386629452114,0.0126158712713125,0.0174377009680029,0.0298945141888301,NaN,NaN,NaN,NaN,NaN,NaN,NaN,NaN,NaN
NaN,NaN,0.000440781494641366,0.00713549051821853,0.00487653251911979,0.0105176851648139,0.0131407460479143,0.0190581277420279,0.0297110808945339,NaN,NaN,NaN,NaN,NaN,NaN,NaN,NaN,NaN
NaN,NaN,-0.000679133901333747,0.00637147073090697,0.00620022129442077,0.00777751063287724,0.0111671803800467,0.0185123913397547,0.0292919112301509,NaN,NaN,NaN,NaN,NaN,NaN,NaN,NaN,NaN
NaN,NaN,-0.0010118023249864,0.00314270574987556,0.0050722033920465,0.0111011960107135,0.0112573882846239,0.0165082782914396,0.0256047492778938,NaN,NaN,NaN,NaN,NaN,NaN,NaN,NaN,NaN
NaN,NaN,-0.0019336254093408,0.00354455281437064,0.0052725122513948,0.00718410914123524,0.010896407654703,0.0156375289370771,0.0274067467010658,NaN,NaN,NaN,NaN,NaN,NaN,NaN,NaN,NaN
NaN,NaN,-0.00343501053187841,0.00328823421538497,0.00578386422421318,0.00639695530117024,0.00877263828200133,0.014757522236323,0.0267538523233573,NaN,NaN,NaN,NaN,NaN,NaN,NaN,NaN,NaN
NaN,NaN,-0.00397774807546132,0.00231693927586699,0.00301452066923957,0.00564856310666073,0.0100033438114527,0.0158396073093172,0.0239775424755256,NaN,NaN,NaN,NaN,NaN,NaN,NaN,NaN,NaN
NaN,NaN,-0.00689606598947042,0.000578737449056157,0.00295357491995674,0.00309966360509861,0.00738273247164519,0.0146449812164064,0.0233025198734443,NaN,NaN,NaN,NaN,NaN,NaN,NaN,NaN,NaN
NaN,NaN,-0.00662965185377592,-0.00222402195989465,0.00132541816856246,0.00612938632548321,0.00766298606079848,0.0125812821497675,0.0213516784763973,NaN,NaN,NaN,NaN,NaN,NaN,NaN,NaN,NaN
NaN,NaN,-0.00726323060128683,-0.00168659295498704,0.000998803341644816,0.00222382922947872,0.00883647113126547,0.0137172721733805,0.0230357518351714,NaN,NaN,NaN,NaN,NaN,NaN,NaN,NaN,NaN
NaN,NaN,-0.0060554169807195,-0.000678287256353848,0.00162621673371177,0.00409357105672825,0.00670685305279524,0.0141996600141283,0.0219017548418681,NaN,NaN,NaN,NaN,NaN,NaN,NaN,NaN,NaN
NaN,NaN,-0.00617131076190465,0.000760960024005421,0.000761092567699961,0.00267160912335385,0.00873665197771819,0.0152500428666826,0.0211075229502361,NaN,NaN,NaN,NaN,NaN,NaN,NaN,NaN,NaN
NaN,NaN,-0.00496543429229253,-0.000491631585949413,0.00144878115679603,0.00394182135642041,0.00629442616385252,0.0144404627790209,0.022472450689141,NaN,NaN,NaN,NaN,NaN,NaN,NaN,NaN,NaN
NaN,NaN,-0.00540717921588415,-0.000143223810785763,0.00265111860062461,0.00707674627483357,0.00766166358274252,0.0134226017107721,0.02096715401179,NaN,NaN,NaN,NaN,NaN,NaN,NaN,NaN,NaN
NaN,NaN,-0.00498823306891912,0.00178962443411971,0.00230403330351692,0.00497864415228833,0.010098208328903,0.0158555701782461,0.0228991640663783,NaN,NaN,NaN,NaN,NaN,NaN,NaN,NaN,NaN
NaN,NaN,-0.00332850448224538,0.00319953505337859,0.00387873213912826,0.0074746072787093,0.0112480750588778,0.0158736005832907,0.0209068974412124,NaN,NaN,NaN,NaN,NaN,NaN,NaN,NaN,NaN
NaN,NaN,-0.00482050187323087,0.0041765669399562,0.00404677998449188,0.0070078842836665,0.013182692816675,0.0175280578841921,0.0221993310309093,NaN,NaN,NaN,NaN,NaN,NaN,NaN,NaN,NaN
NaN,NaN,-0.00398210666511052,0.00342292208612586,0.00477898579265457,0.00900473301589955,0.0115080444423559,0.0172689080645796,0.0248047245598476,NaN,NaN,NaN,NaN,NaN,NaN,NaN,NaN,NaN
NaN,NaN,-0.00485907725427145,0.00252209101260329,0.0056811020913301,0.0103344381350325,0.0121603800265196,0.0187114708533045,0.0241615531898181,NaN,NaN,NaN,NaN,NaN,NaN,NaN,NaN,NaN
NaN,NaN,-0.00340332693788999,0.00332051385582114,0.00361207585956436,0.00953079988539685,0.0143885506598356,0.0209823146869894,0.0274568891084831,NaN,NaN,NaN,NaN,NaN,NaN,NaN,NaN,NaN
NaN,NaN,-0.00268905840251439,0.00398005787671233,0.00477347236301284,0.00769158681214321,0.014361058017433,0.0207316212763544,0.0262035151875655,NaN,NaN,NaN,NaN,NaN,NaN,NaN,NaN,NaN
NaN,NaN,-0.00321426845524305,0.00342698265255118,0.00506825458433013,0.00985830878198612,0.0153777083663347,0.019950241636252,0.0281900076127689,NaN,NaN,NaN,NaN,NaN,NaN,NaN,NaN,NaN
NaN,NaN,-0.00271031118366712,0.00292516742289687,0.00556951102043968,0.00984387328207958,0.0124146124629381,0.0196727820148226,0.0271477086401622,NaN,NaN,NaN,NaN,NaN,NaN,NaN,NaN,NaN
NaN,NaN,-0.00557505942318433,0.00167838726580764,0.00519759666349273,0.0095737897354411,0.0107688909677866,0.0192834332992788,0.0267251489616077,NaN,NaN,NaN,NaN,NaN,NaN,NaN,NaN,NaN
NaN,NaN,-0.0042197801861524,0.00194180254281188,0.00246986460115295,0.00778544550121296,0.0119825160412195,0.0204086386074778,0.0253797603703182,NaN,NaN,NaN,NaN,NaN,NaN,NaN,NaN,NaN
NaN,NaN,-0.00626788891289228,0.000463365208512792,0.00280406039382797,0.00448779990256298,0.00997955783289702,0.0181344978918787,0.0248313976383846,NaN,NaN,NaN,NaN,NaN,NaN,NaN,NaN,NaN
NaN,NaN,-0.00918369225594991,-0.00163207333146905,0.000685096645611338,0.0064406343299197,0.010459226211727,0.016422671120381,0.0252190140939395,NaN,NaN,NaN,NaN,NaN,NaN,NaN,NaN,NaN
NaN,NaN,-0.00907495103213781,-0.0034618055409131,-0.000483955329400487,0.00464802463829983,0.00740290491861136,0.0175456040014978,0.0243244787610214,NaN,NaN,NaN,NaN,NaN,NaN,NaN,NaN,NaN
NaN,NaN,-0.0118154049608468,-0.00358405094205712,-0.0015094159898581,0.0055982716876315,0.00593193679136069,0.0164599053969141,0.022410704002444,NaN,NaN,NaN,NaN,NaN,NaN,NaN,NaN,NaN
NaN,NaN,-0.0087572023961305,-0.0035046650057969,-0.00296717796300072,0.00194430207193364,0.00758766069096358,0.0179021142830607,0.0209636522389095,NaN,NaN,NaN,NaN,NaN,NaN,NaN,NaN,NaN
NaN,NaN,-0.00880514688227171,-0.00301335509478425,-0.00204909879539628,0.000884885390405543,0.00552370085400374,0.0150659762730356,0.0227076282656829,NaN,NaN,NaN,NaN,NaN,NaN,NaN,NaN,NaN
NaN,NaN,-0.0105184265169858,-0.00281576569735383,-0.00193728420708794,0.00329134841740597,0.00624890311640532,0.0138556853344198,0.0221303572810333,NaN,NaN,NaN,NaN,NaN,NaN,NaN,NaN,NaN
NaN,NaN,-0.00924163914654249,-0.00391439105927323,-0.00340080175374169,0.00162195270240773,0.00410248397868903,0.0156892173399683,0.0208294672823589,NaN,NaN,NaN,NaN,NaN,NaN,NaN,NaN,NaN
NaN,NaN,-0.0114549831244707,-0.00306634734927987,-0.00128958660934586,0.00386386965692509,0.00492556824368269,0.0134240918268915,0.0185805281556289,NaN,NaN,NaN,NaN,NaN,NaN,NaN,NaN,NaN
NaN,NaN,-0.00814746550652975,-0.00423117111980294,-0.00201037440274376,0.00198885654390324,0.00817467330974371,0.0159103319456335,0.0184752700782459,NaN,NaN,NaN,NaN,NaN,NaN,NaN,NaN,NaN
NaN,NaN,-0.00802952281568044,-0.00152679662763452,0.000332479292410426,0.00214246888936032,0.00657812564653189,0.0154818863084074,0.0216474665260951,NaN,NaN,NaN,NaN,NaN,NaN,NaN,NaN,NaN
NaN,NaN,-0.00977001569602483,-0.00205731521903848,7.9662466305308e-05,0.00527085592329968,0.00910120888632567,0.015926089923596,0.0213092474198978,NaN,NaN,NaN,NaN,NaN,NaN,NaN,NaN,NaN
NaN,NaN,-0.00801698721382612,-0.00227880235373353,-0.00123068976972718,0.00527584781229962,0.0085384851602915,0.0189820386876818,0.021292949274842,NaN,NaN,NaN,NaN,NaN,NaN,NaN,NaN,NaN
NaN,NaN,-0.00948640934560293,-0.00184415410816049,0.000304614120977931,0.00671347459137905,0.0105458950905207,0.0178851269592997,0.0197343623197715,NaN,NaN,NaN,NaN,NaN,NaN,NaN,NaN,NaN
NaN,NaN,-0.00493090085122579,-0.00220738853871202,-0.00139965031121392,0.00572765101969708,0.0122092372087839,0.020620067458367,0.0229034108973186,NaN,NaN,NaN,NaN,NaN,NaN,NaN,NaN,NaN
NaN,NaN,-0.00658144659731382,0.000329161625510702,0.00225130181934219,0.00477786963165272,0.0096252640990618,0.0191523589601275,0.0248583873665969,NaN,NaN,NaN,NaN,NaN,NaN,NaN,NaN,NaN
NaN,NaN,-0.00793583176467413,-0.000515082288378229,-2.44966504396871e-05,0.00782111515582073,0.0107082991210821,0.0196940720488783,0.0243118500269096,NaN,NaN,NaN,NaN,NaN,NaN,NaN,NaN,NaN
NaN,NaN,-0.00785091377232069,-0.000805226523273935,-0.000941961145144887,0.00712977578223217,0.00969485252183707,0.0204171695222612,0.0222474431551139,NaN,NaN,NaN,NaN,NaN,NaN,NaN,NaN,NaN
NaN,NaN,-0.00855467698905462,-0.00231124963223313,-0.000432676708442159,0.0065142646926688,0.00996884762328894,0.0186349161376711,0.0222818462110202,NaN,NaN,NaN,NaN,NaN,NaN,NaN,NaN,NaN
NaN,NaN,-0.00744886181685918,-0.00419606025873994,-0.00112008590076584,0.00599592780054081,0.0106211087016466,0.0198310509731527,0.0234749635613601,NaN,NaN,NaN,NaN,NaN,NaN,NaN,NaN,NaN
NaN,NaN,-0.010417527029252,-0.00296608116089677,-0.00110013697121758,0.0043983929353999,0.00910739286822112,0.0189129159261938,0.0254136232591312,NaN,NaN,NaN,NaN,NaN,NaN,NaN,NaN,NaN
NaN,NaN,-0.012242416361308,-0.00429275016843652,-0.00309387508605141,0.00699948375404347,0.00965134113115103,0.0195727579703089,0.0236390625990073,NaN,NaN,NaN,NaN,NaN,NaN,NaN,NaN,NaN
NaN,NaN,-0.010697203198409,-0.00555838029443597,-0.00416979480360169,0.00366646652400959,0.0095615616349581,0.0198102079739328,0.0231940952993076,NaN,NaN,NaN,NaN,NaN,NaN,NaN,NaN,NaN
NaN,NaN,-0.010330206224656,-0.00588110219299172,-0.0032120971736731,0.00376606216013897,0.00807060732525618,0.0185427152027842,0.0227913541651408,NaN,NaN,NaN,NaN,NaN,NaN,NaN,NaN,NaN
NaN,NaN,-0.0097662345263719,-0.00678374003230904,-0.0033157720026793,0.00233169501007069,0.00774529634994299,0.0186287321557757,0.0226561633802097,NaN,NaN,NaN,NaN,NaN,NaN,NaN,NaN,NaN
NaN,NaN,-0.0109847769829988,-0.00473242755591248,-0.00384379464958329,0.000826398332719693,0.00630509912055762,0.0177685067465063,0.0243863744593303,NaN,NaN,NaN,NaN,NaN,NaN,NaN,NaN,NaN
NaN,NaN,-0.0120347873065233,-0.00575427468478059,-0.00357862848613877,0.00400731195986737,0.00608312769812376,0.0175703213026281,0.021419013098542,NaN,NaN,NaN,NaN,NaN,NaN,NaN,NaN,NaN
NaN,NaN,-0.00966660163733953,-0.00608796756326531,-0.00415012527082581,0.00152677153528202,0.00745146407765181,0.0171245344390627,0.0219169726527374,NaN,NaN,NaN,NaN,NaN,NaN,NaN,NaN,NaN
NaN,NaN,-0.00907659015986913,-0.00552483405529832,-0.00266658428881783,0.00376872574270237,0.00652718230170042,0.0182880543579813,0.0214375091648738,NaN,NaN,NaN,NaN,NaN,NaN,NaN,NaN,NaN
NaN,NaN,-0.010617221215701,-0.00547621901690339,-0.00289934042666573,0.00342057873785962,0.00794214068931372,0.0183536939730402,0.0223373344100158,NaN,NaN,NaN,NaN,NaN,NaN,NaN,NaN,NaN
NaN,NaN,-0.0113428332600355,-0.00345750283061837,-0.00386376220558304,0.00308792894065846,0.00712358265203268,0.0187621720542666,0.0230169577456157,NaN,NaN,NaN,NaN,NaN,NaN,NaN,NaN,NaN
NaN,NaN,-0.0126726315114259,-0.00550952311217164,-0.00244060817931313,0.00538250287354458,0.00782671256941588,0.0175506145169493,0.0217495208538215,NaN,NaN,NaN,NaN,NaN,NaN,NaN,NaN,NaN
NaN,NaN,-0.00979681915972227,-0.00645775850474213,-0.00506658393715043,0.00320328255475033,0.00980795233529837,0.020816203992581,0.0240160247243087,NaN,NaN,NaN,NaN,NaN,NaN,NaN,NaN,NaN
NaN,NaN,-0.0102188759240865,-0.00514312218486642,-0.00275178167794365,0.0044516645866679,0.00856767280977995,0.0211197778990027,0.0245288668132465,NaN,NaN,NaN,NaN,NaN,NaN,NaN,NaN,NaN
NaN,NaN,-0.0113937952313184,-0.00509573649226998,-0.00325890544627327,0.00356728066981304,0.0111008143333796,0.0215866312792059,0.0252026600695293,NaN,NaN,NaN,NaN,NaN,NaN,NaN,NaN,NaN
NaN,NaN,-0.0113037177119016,-0.00321839507281159,-0.00232415560458321,0.00456828479946125,0.00983222260159285,0.0210590929200407,0.0250291174209754,NaN,NaN,NaN,NaN,NaN,NaN,NaN,NaN,NaN
NaN,NaN,-0.0126511179599523,-0.00427177678405618,-0.00019485417578835,0.00494079520285595,0.00976945146006377,0.0189086318423506,0.0241709222949188,NaN,NaN,NaN,NaN,NaN,NaN,NaN,NaN,NaN
NaN,NaN,-0.00953314311239713,-0.0056173888927636,-0.00224519807670731,0.00551910926878918,0.010717183938444,0.0217416964878794,0.0237953012741248,NaN,NaN,NaN,NaN,NaN,NaN,NaN,NaN,NaN
NaN,NaN,-0.0122147933337449,-0.0047047859018979,-0.00108765724871773,0.00474318717897404,0.00925958960336478,0.0205409609188791,0.0242943970418613,NaN,NaN,NaN,NaN,NaN,NaN,NaN,NaN,NaN
NaN,NaN,-0.0138464518580198,-0.00651477407276009,-0.00304792363021988,0.00508893137157429,0.00989266543668539,0.0207109831681009,0.0241144655204456,NaN,NaN,NaN,NaN,NaN,NaN,NaN,NaN,NaN
NaN,NaN,-0.0124684297237157,-0.00594335179387902,-0.00384491223667283,0.00431958441913594,0.00994165300411017,0.0208655640890356,0.0249160734868686,NaN,NaN,NaN,NaN,NaN,NaN,NaN,NaN,NaN
NaN,NaN,-0.0141857512984037,-0.00802418719589089,-0.00188898581836838,0.00474991132796277,0.00944184943121703,0.0202147745003458,0.025782128975455,NaN,NaN,NaN,NaN,NaN,NaN,NaN,NaN,NaN
NaN,NaN,-0.0116816856655836,-0.00873344521581506,-0.00503925893281121,0.00567125012457837,0.00949141441863806,0.02176566873095,0.0242346433854739,NaN,NaN,NaN,NaN,NaN,NaN,NaN,NaN,NaN
NaN,NaN,-0.01317731521461,-0.00553541387974595,-0.0036371714231791,0.00301409368694294,0.0072516767589453,0.0208580576290842,0.025277221754853,NaN,NaN,NaN,NaN,NaN,NaN,NaN,NaN,NaN
NaN,NaN,-0.011632064798808,-0.0067489644473729,-0.00415830228303093,0.00485272934020031,0.00804987608474524,0.0196421042492148,0.0240496827221553,NaN,NaN,NaN,NaN,NaN,NaN,NaN,NaN,NaN
NaN,NaN,-0.00937789163920873,-0.00424929465710496,-0.00423090819094796,0.0026945010322379,0.00826733990591795,0.0200942054798361,0.0255644416368644,NaN,NaN,NaN,NaN,NaN,NaN,NaN,NaN,NaN
NaN,NaN,-0.0112024456951379,-0.00604292880355691,-0.00140605781052727,0.00568754826963414,0.00740098639410765,0.0185622543503996,0.0256135037100951,NaN,NaN,NaN,NaN,NaN,NaN,NaN,NaN,NaN
NaN,NaN,-0.0104697555992364,-0.00523120667397355,-0.00442376646969933,0.00549815451086033,0.00860900490564139,0.020013310801005,0.0235653577304523,NaN,NaN,NaN,NaN,NaN,NaN,NaN,NaN,NaN
NaN,NaN,-0.0121691957804918,-0.00411723311602448,-0.00258878160093445,0.00250041340768803,0.0067100940553549,0.0196351752092596,0.0238787291503589,NaN,NaN,NaN,NaN,NaN,NaN,NaN,NaN,NaN
NaN,NaN,-0.0110464864167928,-0.00591233875214433,-0.00391671720717568,0.00471854438364972,0.00733238517326147,0.0184958883037325,0.0240984653986137,NaN,NaN,NaN,NaN,NaN,NaN,NaN,NaN,NaN
NaN,NaN,-0.0102158770653962,-0.00521399583279466,-0.00434495795343537,0.00144919236481656,0.00873160420936377,0.0200340606679674,0.025400640622441,NaN,NaN,NaN,NaN,NaN,NaN,NaN,NaN,NaN
NaN,NaN,-0.013529858062005,-0.00769084821998452,-0.00414695877407212,0.00446129446208943,0.00676642044466765,0.0194628619065043,0.0257792418754737,NaN,NaN,NaN,NaN,NaN,NaN,NaN,NaN,NaN
NaN,NaN,-0.0124530629012346,-0.00680475066959237,-0.00729209098790307,0.00277064596593846,0.00876654743236334,0.021908421855187,0.024200705990855,NaN,NaN,NaN,NaN,NaN,NaN,NaN,NaN,NaN
NaN,NaN,-0.0123791158888101,-0.00685878600537156,-0.0053153960761847,0.00180903678119649,0.00552876724880965,0.0208690658619162,0.0256387611783187,NaN,NaN,NaN,NaN,NaN,NaN,NaN,NaN,NaN
NaN,NaN,-0.0107757136914491,-0.00696450974404191,-0.00447782043193001,0.00340444823086728,0.00771491660755904,0.0185802288760897,0.023757433698241,NaN,NaN,NaN,NaN,NaN,NaN,NaN,NaN,NaN
NaN,NaN,-0.011267601022458,-0.00709966327607011,-0.00537341747258324,0.00226881210983266,0.00802392943781645,0.0197693787922617,0.0256254805184047,NaN,NaN,NaN,NaN,NaN,NaN,NaN,NaN,NaN
NaN,NaN,-0.0138246961626768,-0.00764595847188805,-0.0058518751320662,0.00393010531843175,0.00599178358000548,0.0184409961511847,0.0246266929364841,NaN,NaN,NaN,NaN,NaN,NaN,NaN,NaN,NaN
NaN,NaN,-0.0148604572508096,-0.00823880116998528,-0.0084867915866198,0.00182188903272618,0.00690639822763236,0.0202676549961325,0.0223990810967128,NaN,NaN,NaN,NaN,NaN,NaN,NaN,NaN,NaN
NaN,NaN,-0.0147527777347326,-0.00858095045744752,-0.00792509231541771,0.00153582399070729,0.00514370261710913,0.0187709078600165,0.0255861414528529,NaN,NaN,NaN,NaN,NaN,NaN,NaN,NaN,NaN
NaN,NaN,-0.0141490199360608,-0.00957925375162934,-0.00584513235662598,0.0030718543130206,0.00759207515996725,0.0179887459089514,0.0233322663164775,NaN,NaN,NaN,NaN,NaN,NaN,NaN,NaN,NaN
NaN,NaN,-0.015096789667344,-0.00936339180528497,-0.00803061116312165,0.00297840540588368,0.00825169368666441,0.0185204193403479,0.0267674682593982,NaN,NaN,NaN,NaN,NaN,NaN,NaN,NaN,NaN
NaN,NaN,-0.0161584042701482,-0.00766536723434304,-0.00682197797868866,0.00297635649621953,0.00674963801187308,0.0186645880748983,0.0238162001526992,NaN,NaN,NaN,NaN,NaN,NaN,NaN,NaN,NaN
NaN,NaN,-0.0167689979765176,-0.00962051134168481,-0.00885617274616379,0.00237038214982022,0.00693912490290434,0.0192502409627195,0.0236464386737983,NaN,NaN,NaN,NaN,NaN,NaN,NaN,NaN,NaN
NaN,NaN,-0.0124807045552492,-0.00791434701144074,-0.00678349572990555,0.000198072244529616,0.00538288488072188,0.0180983439495321,0.0255158265984695,NaN,NaN,NaN,NaN,NaN,NaN,NaN,NaN,NaN
NaN,NaN,-0.0125774130913972,-0.00861282031595086,-0.00513734582636971,0.00366115798533429,0.00681008084696562,0.0173293881525751,0.0248462987995784,NaN,NaN,NaN,NaN,NaN,NaN,NaN,NaN,NaN
NaN,NaN,-0.0128971175048112,-0.00694035123645638,-0.0059577106294455,0.00210635219991673,0.00785923435372145,0.0172576204349753,0.0255528559840362,NaN,NaN,NaN,NaN,NaN,NaN,NaN,NaN,NaN
NaN,NaN,-0.0134575688037633,-0.00696031879245614,-0.00510882872913498,0.00316344057500828,0.0060229642598036,0.017875869612908,0.0219812897897403,NaN,NaN,NaN,NaN,NaN,NaN,NaN,NaN,NaN
NaN,NaN,-0.0139962085280179,-0.00834225248157357,-0.00702264074061532,0.00246263896406163,0.00646402000469,0.0174735382606741,0.0223972743309181,NaN,NaN,NaN,NaN,NaN,NaN,NaN,NaN,NaN
NaN,NaN,-0.0100477919671296,-0.00719061623870706,-0.00474175724957604,0.0017029218870448,0.00572849868816168,0.0169360720028635,0.0228547772324722,NaN,NaN,NaN,NaN,NaN,NaN,NaN,NaN,NaN
NaN,NaN,-0.0124069810602426,-0.00825098286926125,-0.00486273605201859,0.00283606206357945,0.00631009100955756,0.0163193501939531,0.0236617682433765,NaN,NaN,NaN,NaN,NaN,NaN,NaN,NaN,NaN
NaN,NaN,-0.0126486965212583,-0.00761827956497048,-0.00796918112610001,0.00186586608469952,0.00651487021726401,0.0166455924918409,0.0229203795946281,NaN,NaN,NaN,NaN,NaN,NaN,NaN,NaN,NaN
NaN,NaN,-0.0134452567193269,-0.00873622055708741,-0.00762973267410416,0.00108774607360829,0.00399392901939185,0.0171730377187487,0.023999540314738,NaN,NaN,NaN,NaN,NaN,NaN,NaN,NaN,NaN
NaN,NaN,-0.013334857741332,-0.00843644644677018,-0.00925388473842759,0.000814440150861632,0.00344366638940604,0.0162655383755919,0.0215455798364322,NaN,NaN,NaN,NaN,NaN,NaN,NaN,NaN,NaN
NaN,NaN,-0.0106462598535776,-0.00882188360750054,-0.0066254689154448,-0.000374858776922334,0.0030516168383959,0.0158783875813242,0.0220678469098251,NaN,NaN,NaN,NaN,NaN,NaN,NaN,NaN,NaN
NaN,NaN,-0.0139466621670484,-0.00885626803695535,-0.00736916724417824,0.000796260734205138,0.0025982303826216,0.01252314899466,0.0212760550833385,NaN,NaN,NaN,NaN,NaN,NaN,NaN,NaN,NaN
NaN,NaN,-0.0136661850604772,-0.00937633718907212,-0.0103885522839846,-0.00213205958425533,0.00203666149657996,0.0121469133009668,0.0201161486960094,NaN,NaN,NaN,NaN,NaN,NaN,NaN,NaN,NaN
NaN,NaN,-0.0154507108721494,-0.00949780027925347,-0.0103832809982123,-0.00336565221368801,-0.000860049733698059,0.0122520409931894,0.0210366493023078,NaN,NaN,NaN,NaN,NaN,NaN,NaN,NaN,NaN
NaN,NaN,-0.0162184373233079,-0.0107452882414994,-0.0104448786732974,-0.00138692701875697,0.000585474660814121,0.0106868789007422,0.0176364092088382,NaN,NaN,NaN,NaN,NaN,NaN,NaN,NaN,NaN
NaN,NaN,-0.0155866094622373,-0.0120954265779195,-0.0105552590248408,-0.00295171658217441,0.000604827543914627,0.011014182906365,0.0185773057795207,NaN,NaN,NaN,NaN,NaN,NaN,NaN,NaN,NaN
NaN,NaN,-0.0185414352211713,-0.0121738066857991,-0.0109734973666491,-0.00283967847644817,-0.000882308343231365,0.00833202977082692,0.0167903026498,NaN,NaN,NaN,NaN,NaN,NaN,NaN,NaN,NaN
NaN,NaN,-0.0171178155336141,-0.0135924531108079,-0.0151691428181948,-0.00604557017504703,-9.45212038156278e-05,0.0100469112803694,0.0184316283023994,NaN,NaN,NaN,NaN,NaN,NaN,NaN,NaN,NaN
NaN,NaN,-0.01669289029572,-0.0122373787647424,-0.0133395782468142,-0.00542061547457706,-0.00300000549274652,0.0107191026618239,0.0185730589485805,NaN,NaN,NaN,NaN,NaN,NaN,NaN,NaN,NaN
NaN,NaN,-0.0178703986797094,-0.0136143019384084,-0.01381719771598,-0.00391157488047611,-0.000342346140920803,0.00926974121830426,0.0167379809475581,NaN,NaN,NaN,NaN,NaN,NaN,NaN,NaN,NaN
NaN,NaN,-0.0147630222830533,-0.0118614410942731,-0.0120594753680052,-0.00440433765470516,-0.000361251989185501,0.0114447147061583,0.0180690457976501,NaN,NaN,NaN,NaN,NaN,NaN,NaN,NaN,NaN
NaN,NaN,-0.0173186645600557,-0.0110282985454736,-0.0112863286194624,-0.00506717855751049,-0.00237216369229524,0.00735002462170087,0.0173271728611629,NaN,NaN,NaN,NaN,NaN,NaN,NaN,NaN,NaN
NaN,NaN,-0.0147595763895273,-0.0122774256354508,-0.0147022335586371,-0.0044996678334428,-0.000882159331619427,0.00903217945597134,0.0178649185157459,NaN,NaN,NaN,NaN,NaN,NaN,NaN,NaN,NaN
NaN,NaN,-0.0157059677634,-0.0112106328791318,-0.0137897795793833,-0.00455036903440487,-0.00278636009412973,0.00964176733396016,0.0169944485581558,NaN,NaN,NaN,NaN,NaN,NaN,NaN,NaN,NaN
NaN,NaN,-0.0178974629137277,-0.0140470316594777,-0.0138533702847781,-0.00296069453179371,-0.00100935936886041,0.00740763623616658,0.0163439756191413,NaN,NaN,NaN,NaN,NaN,NaN,NaN,NaN,NaN
NaN,NaN,-0.0159356132838487,-0.0129403596705136,-0.0140006682631793,-0.00658150906383526,-0.00224503816086023,0.00942050371668301,0.0179618505693118,NaN,NaN,NaN,NaN,NaN,NaN,NaN,NaN,NaN
NaN,NaN,-0.0189671613964795,-0.013679438639277,-0.0148315383848967,-0.00656070331751835,-0.00332537234741418,0.00692165349028073,0.0193357935107391,NaN,NaN,NaN,NaN,NaN,NaN,NaN,NaN,NaN
NaN,NaN,-0.0174672291371583,-0.014086352098578,-0.0171386851725401,-0.00485683004080784,-0.000894080260574505,0.0110753707995173,0.0195046795464198,NaN,NaN,NaN,NaN,NaN,NaN,NaN,NaN,NaN
NaN,NaN,-0.01834108910892,-0.01288252453863,-0.0160606792924227,-0.00714568565308582,-0.00328547448831765,0.0103111274947878,0.0195505564964454,NaN,NaN,NaN,NaN,NaN,NaN,NaN,NaN,NaN
NaN,NaN,-0.0180465117785692,-0.0146966105288205,-0.0142310960945906,-0.00468598822772037,-0.00266424507814614,0.0079448044707533,0.0173634944415729,NaN,NaN,NaN,NaN,NaN,NaN,NaN,NaN,NaN
NaN,NaN,-0.0164457545373201,-0.0133023088759122,-0.0166526092943968,-0.0100387088459684,-0.00466675625163285,0.00847621713182889,0.0190722105956714,NaN,NaN,NaN,NaN,NaN,NaN,NaN,NaN,NaN
NaN,NaN,-0.0174067863020658,-0.0144462523943124,-0.0156927509960951,-0.00692354659258854,-0.00554251612144677,0.00533205349347554,0.0188587887144725,NaN,NaN,NaN,NaN,NaN,NaN,NaN,NaN,NaN
NaN,NaN,-0.0188455679211377,-0.0148191353267369,-0.0186527735349955,-0.00878179589926731,-0.00397193373161523,0.00835656080744229,0.0178351534462611,NaN,NaN,NaN,NaN,NaN,NaN,NaN,NaN,NaN
NaN,NaN,-0.0199828431699037,-0.0160666605418858,-0.0176237179693999,-0.00792807112156879,-0.00619686336237161,0.00792729560635053,0.0161701908267181,NaN,NaN,NaN,NaN,NaN,NaN,NaN,NaN,NaN
NaN,NaN,-0.0201561436745881,-0.0178014164751706,-0.0167908361909213,-0.00855356598913204,-0.00532736198025911,0.00619829524657689,0.0156194439089935,NaN,NaN,NaN,NaN,NaN,NaN,NaN,NaN,NaN
NaN,NaN,-0.0189571962449312,-0.0177518514877496,-0.0196365481970133,-0.0119468770426465,-0.00678653956371515,0.00658391867182218,0.0184572582996528,NaN,NaN,NaN,NaN,NaN,NaN,NaN,NaN,NaN
NaN,NaN,-0.0190994464549779,-0.0177088430112538,-0.018928836172563,-0.00969858984171879,-0.00651103571969239,0.0045515306701418,0.0182776806808154,NaN,NaN,NaN,NaN,NaN,NaN,NaN,NaN,NaN
NaN,NaN,-0.0214048609826326,-0.0164232267028031,-0.0219002580997767,-0.0120816021662904,-0.00525129155236451,0.00611304197809659,0.0167522301829498,NaN,NaN,NaN,NaN,NaN,NaN,NaN,NaN,NaN
NaN,NaN,-0.0201827795002221,-0.0172952612823186,-0.0194533570465865,-0.0102256811660482,-0.00707813666182725,0.00584690723917447,0.0157630165970962,NaN,NaN,NaN,NaN,NaN,NaN,NaN,NaN,NaN
NaN,NaN,-0.0208290614876508,-0.0171649506276784,-0.0180724850652041,-0.0121710463863565,-0.00762331427055566,0.00389770496985875,0.0160713961280029,NaN,NaN,NaN,NaN,NaN,NaN,NaN,NaN,NaN
NaN,NaN,-0.0180949591789007,-0.0170685401147542,-0.0194828985986533,-0.0117523237568093,-0.00720738560873239,0.00400324244401418,0.018145470128123,NaN,NaN,NaN,NaN,NaN,NaN,NaN,NaN,NaN
NaN,NaN,-0.0187162072155237,-0.0146092524713216,-0.0184970750269713,-0.0113254799944116,-0.00568363011795251,0.00259852860472165,0.0176386071301143,NaN,NaN,NaN,NaN,NaN,NaN,NaN,NaN,NaN
NaN,NaN,-0.0208969549033403,-0.0151969728952584,-0.0192539608833613,-0.0108159906667424,-0.00453856901246278,0.00471255634329282,0.0150297490811984,NaN,NaN,NaN,NaN,NaN,NaN,NaN,NaN,NaN
NaN,NaN,-0.0181199372503518,-0.0157001292294202,-0.0188463954982581,-0.0105976514023496,-0.0064301410408613,0.00418423567316495,0.0163335261798541,NaN,NaN,NaN,NaN,NaN,NaN,NaN,NaN,NaN
NaN,NaN,-0.0200484082791566,-0.0155677137857613,-0.017021543419105,-0.0104253194731427,-0.00722524837571352,0.00242340270779096,0.0160802995718162,NaN,NaN,NaN,NaN,NaN,NaN,NaN,NaN,NaN
NaN,NaN,-0.0169284776541948,-0.0171093320435223,-0.0193364015576662,-0.0091007925075246,-0.00466595531421869,0.00389925096533262,0.017778510407273,NaN,NaN,NaN,NaN,NaN,NaN,NaN,NaN,NaN
NaN,NaN,-0.0189589843842744,-0.0146770900076566,-0.0186273856816115,-0.0121202520531369,-0.00372038350421159,0.00488058556220495,0.0169970935142677,NaN,NaN,NaN,NaN,NaN,NaN,NaN,NaN,NaN
NaN,NaN,-0.0194236212167501,-0.01596224065482,-0.019694308823091,-0.0101333684724523,-0.00405230686980455,0.00552584309480153,0.016980497345988,NaN,NaN,NaN,NaN,NaN,NaN,NaN,NaN,NaN
NaN,NaN,-0.0170582295152902,-0.0154036706274686,-0.0188303394970717,-0.0118541173142148,-0.00729053408819406,0.00496585745713674,0.0175324177301566,NaN,NaN,NaN,NaN,NaN,NaN,NaN,NaN,NaN
NaN,NaN,-0.0189179130587339,-0.014975131857985,-0.0168876006064238,-0.00903230304538738,-0.0089490519555208,0.00152624104521238,0.0170004835284393,NaN,NaN,NaN,NaN,NaN,NaN,NaN,NaN,NaN
NaN,NaN,-0.0163717143926381,-0.0159022821074662,-0.0203248887119116,-0.0110886819165899,-0.0061118894906637,0.00337238315842115,0.0165424218333404,NaN,NaN,NaN,NaN,NaN,NaN,NaN,NaN,NaN
NaN,NaN,-0.0181427174005269,-0.0135422920769391,-0.0181218079087557,-0.0126650943857385,-0.00669916287976472,0.00250196908018552,0.0159666409648101,NaN,NaN,NaN,NaN,NaN,NaN,NaN,NaN,NaN
NaN,NaN,-0.0198760390970468,-0.0161684727257428,-0.0197926378605189,-0.0115215792757226,-0.00658395827728479,0.00341462795040571,0.0166435448384921,NaN,NaN,NaN,NaN,NaN,NaN,NaN,NaN,NaN
NaN,NaN,-0.0178221002909898,-0.0161386517769036,-0.0199333234486403,-0.0114978119236184,-0.00914859713035791,0.00307242278358899,0.0162844082272689,NaN,NaN,NaN,NaN,NaN,NaN,NaN,NaN,NaN
NaN,NaN,-0.019823419371581,-0.016952646333569,-0.0200315779802622,-0.0118115372461034,-0.00926301942187517,0.000264708738541234,0.0167496783590953,NaN,NaN,NaN,NaN,NaN,NaN,NaN,NaN,NaN
NaN,NaN,-0.0167619944307565,-0.0183487361258206,-0.0229599355516257,-0.0139852255088044,-0.00739696563202112,0.00247289318940603,0.0156606456196945,NaN,NaN,NaN,NaN,NaN,NaN,NaN,NaN,NaN
NaN,NaN,-0.0188730791899919,-0.0153608484154878,-0.0209550774452509,-0.0169370524090482,-0.00953781546074121,0.000742533098673451,0.0173645375228565,NaN,NaN,NaN,NaN,NaN,NaN,NaN,NaN,NaN
NaN,NaN,-0.0194898196253538,-0.0182132286912141,-0.0225181347486796,-0.0149228624504758,-0.0112324500175115,0.00120638762018644,0.0170236734605472,NaN,NaN,NaN,NaN,NaN,NaN,NaN,NaN,NaN
NaN,NaN,-0.0176176377329587,-0.0166789678817925,-0.0228633760270895,-0.0142156160873128,-0.0111337670775053,0.00189910535118543,0.0167604258216064,NaN,NaN,NaN,NaN,NaN,NaN,NaN,NaN,NaN
NaN,NaN,-0.0181356579754114,-0.0169452330058751,-0.020469318216783,-0.0143557615083409,-0.0113750541301367,-0.000761571485782039,0.0159688947654407,NaN,NaN,NaN,NaN,NaN,NaN,NaN,NaN,NaN
NaN,NaN,-0.0144194946381807,-0.0168938426262078,-0.021241906171781,-0.014067461292143,-0.00824188009816377,0.00060695115826093,0.0135945251143615,NaN,NaN,NaN,NaN,NaN,NaN,NaN,NaN,NaN
NaN,NaN,-0.0178080745730161,-0.0136254405564008,-0.0197513616440119,-0.0174048557382775,-0.0116912567706701,-0.000823131907964122,0.0168842544711273,NaN,NaN,NaN,NaN,NaN,NaN,NaN,NaN,NaN
NaN,NaN,-0.0171059132311105,-0.0167525237387357,-0.0210422864911379,-0.011933540503378,-0.0117102743776438,0.000146207254147161,0.0150702616131942,NaN,NaN,NaN,NaN,NaN,NaN,NaN,NaN,NaN
NaN,NaN,-0.0176590443346261,-0.0151715850418744,-0.0217229529080214,-0.0147500276070787,-0.0112728321643469,0.000351358990883458,0.016046734706227,NaN,NaN,NaN,NaN,NaN,NaN,NaN,NaN,NaN
NaN,NaN,-0.0158739411029577,-0.0170466354077992,-0.0209531402942957,-0.0140167042118264,-0.0108338998349306,-0.000239770073676478,0.014569508091275,NaN,NaN,NaN,NaN,NaN,NaN,NaN,NaN,NaN
NaN,NaN,-0.0150124304685354,-0.015795086879128,-0.0215368001518073,-0.0145430504780961,-0.00660588161069124,0.00226049576303922,0.0169535448706786,NaN,NaN,NaN,NaN,NaN,NaN,NaN,NaN,NaN
NaN,NaN,-0.0147689454946279,-0.0120289115196404,-0.0194945215043845,-0.0158441453677369,-0.0102670969160196,0.00109202120802366,0.0206237567520778,NaN,NaN,NaN,NaN,NaN,NaN,NaN,NaN,NaN
NaN,NaN,-0.0157516584489106,-0.0132224013990102,-0.0190471327659907,-0.01018738518178,-0.00800714955645769,0.0020236604323145,0.0184784738279025,NaN,NaN,NaN,NaN,NaN,NaN,NaN,NaN,NaN
NaN,NaN,-0.0137141295466184,-0.0103606520181832,-0.019100758319837,-0.0135346889001084,-0.00900461466032236,0.00142813552520238,0.0185323415256183,NaN,NaN,NaN,NaN,NaN,NaN,NaN,NaN,NaN
NaN,NaN,-0.0119359181020021,-0.0128003073817429,-0.0165316118655028,-0.0110494732361985,-0.0074803376289007,0.00115998912951909,0.0156922360814254,NaN,NaN,NaN,NaN,NaN,NaN,NaN,NaN,NaN
NaN,NaN,-0.0132432342264413,-0.0120244225448308,-0.0164972088095965,-0.0138756460946752,-0.00614819244462221,0.00102986473939382,0.0203463716364543,NaN,NaN,NaN,NaN,NaN,NaN,NaN,NaN,NaN
NaN,NaN,-0.0123517350051164,-0.0100800072735486,-0.0150777987000765,-0.010870305399294,-0.00745845154839723,0.00161276091239415,0.0206370560384433,NaN,NaN,NaN,NaN,NaN,NaN,NaN,NaN,NaN
NaN,NaN,-0.015799342164731,-0.0115094756668744,-0.0152490130421938,-0.00961570213257801,-0.00646614597159593,0.0022140413930174,0.0191938972032707,NaN,NaN,NaN,NaN,NaN,NaN,NaN,NaN,NaN
NaN,NaN,-0.0107615762147664,-0.0117002477830586,-0.0173767312226119,-0.0116086393099977,-0.00712056771832674,0.00318291489384137,0.0178458077765148,NaN,NaN,NaN,NaN,NaN,NaN,NaN,NaN,NaN
NaN,NaN,-0.011564450779891,-0.0130957787817655,-0.0155729456600966,-0.0134250722330762,-0.00795767770129411,0.00256081004044973,0.0188992639935653,NaN,NaN,NaN,NaN,NaN,NaN,NaN,NaN,NaN
NaN,NaN,-0.0109049067589998,-0.0116509435659585,-0.0161134852824034,-0.0133096627396299,-0.00653335020858018,0.00188444633386098,0.0220017416334789,NaN,NaN,NaN,NaN,NaN,NaN,NaN,NaN,NaN
NaN,NaN,-0.0110702723953485,-0.00974003728091096,-0.01500282723282,-0.0115585527819348,-0.00759056896883218,0.00252093080780469,0.022459244535033,NaN,NaN,NaN,NaN,NaN,NaN,NaN,NaN,NaN
NaN,NaN,-0.012166141042447,-0.0105674056297479,-0.015041458493215,-0.0110792383056832,-0.00892351509052484,0.00261322487494909,0.0206330140984695,NaN,NaN,NaN,NaN,NaN,NaN,NaN,NaN,NaN
NaN,NaN,-0.00863469622466558,-0.00953875984608506,-0.0168547062930884,-0.0120152547460748,-0.0089153753312227,0.00219705406925641,0.0182670077241103,NaN,NaN,NaN,NaN,NaN,NaN,NaN,NaN,NaN
NaN,NaN,-0.0109821692797899,-0.00929762180506562,-0.0149728200194659,-0.013282617132063,-0.0112141588421461,0.000154533277964223,0.0202402381158511,NaN,NaN,NaN,NaN,NaN,NaN,NaN,NaN,NaN
NaN,NaN,-0.010255178878045,-0.00813961531578874,-0.0150282337126555,-0.0114605776470853,-0.00810950190740793,-0.000858633924508464,0.0209668932414691,NaN,NaN,NaN,NaN,NaN,NaN,NaN,NaN,NaN
NaN,NaN,-0.0111311995181798,-0.00725066791831826,-0.0157978041825118,-0.0133039257925702,-0.00976662279087274,0.000372481386875737,0.0212925953722637,NaN,NaN,NaN,NaN,NaN,NaN,NaN,NaN,NaN
NaN,NaN,-0.0114079885873556,-0.00945628191887712,-0.0161444610712351,-0.0125515475374414,-0.0105331944020387,0.000550140481209386,0.0179927704787891,NaN,NaN,NaN,NaN,NaN,NaN,NaN,NaN,NaN
NaN,NaN,-0.00897161147925848,-0.0103045305198369,-0.0167820258793654,-0.014206656764145,-0.00999429390746324,0.000595644902205098,0.0184201357818286,NaN,NaN,NaN,NaN,NaN,NaN,NaN,NaN,NaN
NaN,NaN,-0.00983699641559118,-0.00854317601382112,-0.0140547035989584,-0.0134319453936769,-0.0099217252524492,-0.00082061733701266,0.0208807645297687,NaN,NaN,NaN,NaN,NaN,NaN,NaN,NaN,NaN
NaN,NaN,-0.00966956324312681,-0.00701798628627633,-0.0158002628741087,-0.0127598657709314,-0.00725985632258623,-0.000705580372596156,0.0209830796278159,NaN,NaN,NaN,NaN,NaN,NaN,NaN,NaN,NaN
NaN,NaN,-0.00785629681680196,-0.00555526967703675,-0.0147257401404204,-0.0141950152319623,-0.010013162502825,0.000789769779657949,0.0201867243207137,NaN,NaN,NaN,NaN,NaN,NaN,NaN,NaN,NaN
NaN,NaN,-0.00842097632024282,-0.00685096289574479,-0.013530257230741,-0.0136920824152185,-0.0103512139709589,-0.000112849433207881,0.0166724717176597,NaN,NaN,NaN,NaN,NaN,NaN,NaN,NaN,NaN
NaN,NaN,-0.00635390586588377,-0.00707015897690629,-0.0138845882174792,-0.0123079508048249,-0.00949000135976045,-0.00034284885623492,0.018573003069226,NaN,NaN,NaN,NaN,NaN,NaN,NaN,NaN,NaN
NaN,NaN,-0.00640376887652868,-0.00465352590739106,-0.0107712513563456,-0.0120899468165589,-0.00894897744971483,-0.00129320766427554,0.0209603926098983,NaN,NaN,NaN,NaN,NaN,NaN,NaN,NaN,NaN
NaN,NaN,-0.00688999376628393,-0.00343673433720445,-0.0116065545735182,-0.00961180920421612,-0.00603006348925798,-0.000920715887332332,0.0195175317979495,NaN,NaN,NaN,NaN,NaN,NaN,NaN,NaN,NaN
NaN,NaN,-0.00443066886994832,-0.00252048056184625,-0.0105344346520724,-0.0103727928799344,-0.00678644643145769,0.00140686411759816,0.0190236328101795,NaN,NaN,NaN,NaN,NaN,NaN,NaN,NaN,NaN
NaN,NaN,-0.00706886357996458,-0.00479629765807961,-0.0101008108613314,-0.00971218715130817,-0.0086055988164541,0.00065461624762975,0.0184187574244182,NaN,NaN,NaN,NaN,NaN,NaN,NaN,NaN,NaN
NaN,NaN,-0.00433029092285627,-0.00455311070739602,-0.0109291105327429,-0.0077788546186639,-0.00596433074194162,0.00129262809059583,0.0203601552105586,NaN,NaN,NaN,NaN,NaN,NaN,NaN,NaN,NaN
NaN,NaN,-0.00547864891026014,-0.00200847666322564,-0.0100888154265704,-0.0107720322412206,-0.00787519977408617,0.000245616625761617,0.0233104733682315,NaN,NaN,NaN,NaN,NaN,NaN,NaN,NaN,NaN
NaN,NaN,-0.00514605499241346,-0.00281410794317101,-0.0101007363555254,-0.00891268397390377,-0.00466755718904703,0.000523839931702245,0.0205247944152992,NaN,NaN,NaN,NaN,NaN,NaN,NaN,NaN,NaN
NaN,NaN,-0.00190110362503522,-0.000763018984192362,-0.0105776107666316,-0.0114257275563432,-0.00711512879449098,0.00341092128655874,0.0212473517215888,NaN,NaN,NaN,NaN,NaN,NaN,NaN,NaN,NaN
NaN,NaN,-0.00457537777159208,-0.00161933283864831,-0.00761842641804833,-0.00861974577128422,-0.00813116447049348,0.00111681301495992,0.0215988514877002,NaN,NaN,NaN,NaN,NaN,NaN,NaN,NaN,NaN
NaN,NaN,-0.00174805007312292,-0.000600074786537637,-0.00853812608693261,-0.00661874334036838,-0.00554441601949899,0.00095519129536115,0.0219386724687259,NaN,NaN,NaN,NaN,NaN,NaN,NaN,NaN,NaN
NaN,NaN,-0.0030494429859876,0.00105486680210258,-0.00740628976200242,-0.00936256865679752,-0.00801426486092775,-0.000273688841843974,0.0226863382316272,NaN,NaN,NaN,NaN,NaN,NaN,NaN,NaN,NaN
NaN,NaN,-0.00186215571496481,-0.00127811487376069,-0.00760196063492913,-0.00754607985436451,-0.00545636878329485,4.71890380140429e-05,0.0197642205215137,NaN,NaN,NaN,NaN,NaN,NaN,NaN,NaN,NaN
NaN,NaN,-0.000830734590029655,4.63296116019263e-06,-0.00894546795461792,-0.011484438131447,-0.00943242699819772,0.00156174306175672,0.0214221795952957,NaN,NaN,NaN,NaN,NaN,NaN,NaN,NaN,NaN
NaN,NaN,-0.0040475600156545,-0.0013115121012864,-0.00847749698732514,-0.00828039045154583,-0.00898889393526285,-0.000259849388385188,0.0217711275375526,NaN,NaN,NaN,NaN,NaN,NaN,NaN,NaN,NaN
NaN,NaN,-0.00272618092033857,-0.00170296560584878,-0.0108019104955019,-0.00863041872798931,-0.00820730940419405,-0.00104828845360316,0.0213251730359237,NaN,NaN,NaN,NaN,NaN,NaN,NaN,NaN,NaN
NaN,NaN,-0.00244015313122266,-0.000304547507160654,-0.00929238561366219,-0.0114925965172006,-0.0099033223183748,0.000560105632757772,0.0222438668764274,NaN,NaN,NaN,NaN,NaN,NaN,NaN,NaN,NaN
NaN,NaN,6.00940790415425e-05,-0.000862968522900095,-0.00843122888181824,-0.0102720796567155,-0.00969131604748933,-0.000530622113728892,0.0204902796006839,NaN,NaN,NaN,NaN,NaN,NaN,NaN,NaN,NaN
NaN,NaN,0.00102593146827227,0.00192248691261436,-0.00827092964027543,-0.0108050755661679,-0.011141739198744,0.000265174399828542,0.0229288360036056,NaN,NaN,NaN,NaN,NaN,NaN,NaN,NaN,NaN
NaN,NaN,-0.000899447569584785,0.000281682800656805,-0.00771038520906586,-0.00774312908470165,-0.00915524677354066,-0.00216764505603351,0.0218193514204662,NaN,NaN,NaN,NaN,NaN,NaN,NaN,NaN,NaN
NaN,NaN,-0.000256425211167274,0.00177597124517585,-0.00872865605924744,-0.00769874225079548,-0.00820736528354852,-0.00238738130428828,0.0205401984906833,NaN,NaN,NaN,NaN,NaN,NaN,NaN,NaN,NaN
NaN,NaN,6.21802416086812e-05,0.00208727512896682,-0.00690454903815407,-0.0108709945779992,-0.00886335165220468,-0.000770512182498347,0.0220043307102363,NaN,NaN,NaN,NaN,NaN,NaN,NaN,NaN,NaN
NaN,NaN,-4.63374647855144e-05,0.00153686348736907,-0.00554474357340951,-0.00818576807796489,-0.00891975254732339,-0.00274798940517939,0.0203736966407935,NaN,NaN,NaN,NaN,NaN,NaN,NaN,NaN,NaN
NaN,NaN,0.000218735566401543,0.00211569909394408,-0.00696141559456009,-0.00925924773036968,-0.0071632781715986,-0.000210899073863399,0.0226162841475646,NaN,NaN,NaN,NaN,NaN,NaN,NaN,NaN,NaN
NaN,NaN,-0.00123055137131208,0.000818012844926367,-0.00754943404172082,-0.00694053391634952,-0.00849801243263452,-0.00205175127484836,0.0209350792623203,NaN,NaN,NaN,NaN,NaN,NaN,NaN,NaN,NaN
NaN,NaN,6.05411138773581e-05,0.00287746508062507,-0.00742918167088646,-0.00748209799348842,-0.00667388678508966,-0.000687978375935924,0.0202348178184669,NaN,NaN,NaN,NaN,NaN,NaN,NaN,NaN,NaN
NaN,NaN,0.00171276324059969,0.00335374344528342,-0.00469699788664002,-0.010660925458069,-0.00809275672751634,0.000653480034088716,0.0225719531930129,NaN,NaN,NaN,NaN,NaN,NaN,NaN,NaN,NaN
NaN,NaN,0.0014390661623717,0.00476009641230727,-0.00199871424410958,-0.00479202861606609,-0.00563415826278894,-0.000160328258061778,0.0223785547471683,NaN,NaN,NaN,NaN,NaN,NaN,NaN,NaN,NaN
NaN,NaN,0.00227623202469355,0.00577594582379485,-0.00463115338061471,-0.00566581408202182,-0.00487952620702951,0.00114492033026181,0.0232533087886016,NaN,NaN,NaN,NaN,NaN,NaN,NaN,NaN,NaN
NaN,NaN,0.000695013931059899,0.00511377547324325,-0.00268737140868325,-0.00265082488476764,-0.00676890031415193,-0.000725957710528746,0.0209375193274658,NaN,NaN,NaN,NaN,NaN,NaN,NaN,NaN,NaN
NaN,NaN,0.001859763195777,0.00669022519529487,-0.00293921965931077,-0.00466814408719074,-0.00618715898114412,0.000222650211071599,0.0201241208172481,NaN,NaN,NaN,NaN,NaN,NaN,NaN,NaN,NaN
NaN,NaN,0.00342183329727656,0.00542794783056403,-0.00108642790291924,-0.00545770073949825,-0.00721522734481065,0.00112366754910909,0.0218544064021747,NaN,NaN,NaN,NaN,NaN,NaN,NaN,NaN,NaN
NaN,NaN,0.000802134653592171,0.00696081165612365,-0.00100773114536423,-0.00313662136613857,-0.00400829256492822,-0.000214158702874556,0.0231974853134792,NaN,NaN,NaN,NaN,NaN,NaN,NaN,NaN,NaN
NaN,NaN,0.00245927416350848,0.00542323533833648,-0.00442760351870675,-0.00301379854499828,-0.00427431554514139,0.000765760283684358,0.022990824834172,NaN,NaN,NaN,NaN,NaN,NaN,NaN,NaN,NaN
NaN,NaN,0.00063211240437037,0.00620005149782325,-0.00158882055256981,-0.00225329915701877,-0.0056105212958452,0.000565078895306215,0.022411914721791,NaN,NaN,NaN,NaN,NaN,NaN,NaN,NaN,NaN
NaN,NaN,0.00284670435454852,0.00777840111792708,-0.000190886741620488,-0.00458039487421047,-0.00641492322999208,9.11288370843977e-05,0.0214051363921802,NaN,NaN,NaN,NaN,NaN,NaN,NaN,NaN,NaN
NaN,NaN,0.00523305081393725,0.00748997051656867,0.000902821237104945,-0.00543121392547619,-0.00572209374028413,0.00147084597847424,0.0228167606449764,NaN,NaN,NaN,NaN,NaN,NaN,NaN,NaN,NaN
NaN,NaN,0.00317847870852953,0.00897019599021102,-0.000247455274802633,-0.00411354149400722,-0.00513316259700029,-0.0023030593583826,0.0231320692158382,NaN,NaN,NaN,NaN,NaN,NaN,NaN,NaN,NaN
NaN,NaN,0.00432231046822077,0.00669683758557464,-0.00252241555426735,-0.00311313341080677,-0.00515430361944406,-8.60832224134356e-05,0.0207290893352668,NaN,NaN,NaN,NaN,NaN,NaN,NaN,NaN,NaN
NaN,NaN,0.00286896296408183,0.00787641350567962,0.000328698122757487,-0.0046139783662511,-0.0078458072336313,-0.00154097672202624,0.0219466445899646,NaN,NaN,NaN,NaN,NaN,NaN,NaN,NaN,NaN
NaN,NaN,0.00450984158184535,0.00930360947192336,0.00236576136376243,-0.00260485480248462,-0.00652636528927057,-0.00165387164452113,0.0197329280830066,NaN,NaN,NaN,NaN,NaN,NaN,NaN,NaN,NaN
NaN,NaN,0.00642011456754214,0.00859708954036857,0.00198006343271118,-0.00397173831879627,-0.0055509352775213,-7.9191435361281e-05,0.0215203223682086,NaN,NaN,NaN,NaN,NaN,NaN,NaN,NaN,NaN
NaN,NaN,0.00504529618289477,0.00903298575819159,0.000205707663553767,-0.00114942113577854,-0.00509212852436273,-0.00317833494045772,0.0198805985904376,NaN,NaN,NaN,NaN,NaN,NaN,NaN,NaN,NaN
NaN,NaN,0.00574598603513247,0.00689612199009086,-0.00235680777404923,-0.00266408691823017,-0.00637867615538805,0.000261523615336046,0.020423429266278,NaN,NaN,NaN,NaN,NaN,NaN,NaN,NaN,NaN
NaN,NaN,0.00415232547190196,0.00897116456568862,0.000566967690247111,-0.0046251169842435,-0.0100742013843652,-0.00398286725976504,0.0214436931467693,NaN,NaN,NaN,NaN,NaN,NaN,NaN,NaN,NaN
NaN,NaN,0.00504529618289477,0.00837040562570716,0.00140616383578163,-0.00310847679793369,-0.00752178148347108,-0.00272025461890735,0.0195355249500911,NaN,NaN,NaN,NaN,NaN,NaN,NaN,NaN,NaN
NaN,NaN,0.00604803257253176,0.00875556338966514,-4.28064522566274e-05,-0.00482218484103214,-0.00740560830551355,-0.00212374250986613,0.0215407183325927,NaN,NaN,NaN,NaN,NaN,NaN,NaN,NaN,NaN
NaN,NaN,0.00478406020071513,0.00844438989103461,-0.00130072522733826,-0.00236496473371517,-0.00622618139702051,-0.00429964732029475,0.0190240984714668,NaN,NaN,NaN,NaN,NaN,NaN,NaN,NaN,NaN
NaN,NaN,0.00461604960825449,0.00861489642799521,0.000211798513191752,-0.00322949285327923,-0.00806910113412111,-0.00228907089331187,0.0199397375739257,NaN,NaN,NaN,NaN,NaN,NaN,NaN,NaN,NaN
NaN,NaN,0.00347838320400721,0.010102628361589,0.00298767995263915,-0.00261221225082409,-0.0084065193029043,-0.00417147870757617,0.0192309265888374,NaN,NaN,NaN,NaN,NaN,NaN,NaN,NaN,NaN
NaN,NaN,0.00449087985422617,0.00893230978787566,0.00296842020179611,-0.00171842197596561,-0.00504306645113199,-0.0034368142078165,0.0189539885080497,NaN,NaN,NaN,NaN,NaN,NaN,NaN,NaN,NaN
NaN,NaN,0.00511654235985285,0.00892282892406608,0.001142469162005,-0.00300083453475963,-0.00356742308455675,-0.00182344685890712,0.020146174535815,NaN,NaN,NaN,NaN,NaN,NaN,NaN,NaN,NaN
NaN,NaN,0.00431333251860148,0.00820772219837333,0.000522487724083476,-0.001765919427271,-0.00574334652143686,-0.0031858786533121,0.0202101191437881,NaN,NaN,NaN,NaN,NaN,NaN,NaN,NaN,NaN
NaN,NaN,0.00249852009680277,0.00786443669737006,0.00196510639216285,-0.000876524994964711,-0.00684182287174432,-0.00180740948417224,0.0197410864687602,NaN,NaN,NaN,NaN,NaN,NaN,NaN,NaN,NaN
NaN,NaN,0.00307934873368746,0.00864833090842391,0.00219804879452568,-0.00173622886359226,-0.00623948068338602,-0.00280452068545856,0.0192277042127292,NaN,NaN,NaN,NaN,NaN,NaN,NaN,NaN,NaN
NaN,NaN,0.00492519282367236,0.00814144928396369,0.0027332612517057,-0.00190345714509021,-0.00504286156016557,-0.00248632501461543,0.0186350291526954,NaN,NaN,NaN,NaN,NaN,NaN,NaN,NaN,NaN
NaN,NaN,0.00539742924835688,0.00861651692927505,1.67609396157782e-05,-0.00261446605145465,-0.00492247880417078,-0.00241971682407893,0.0198607427931468,NaN,NaN,NaN,NaN,NaN,NaN,NaN,NaN,NaN
NaN,NaN,0.00411024831798083,0.0103171864563289,0.00286945786501747,-0.000777916560764425,-0.00682438851314752,-0.003390788246179,0.0208127779818218,NaN,NaN,NaN,NaN,NaN,NaN,NaN,NaN,NaN
NaN,NaN,0.00231231146123415,0.00922612343371535,0.00438185122038703,0.00239671995223034,-0.00621340365129678,-0.00260033752419986,0.0188602229512374,NaN,NaN,NaN,NaN,NaN,NaN,NaN,NaN,NaN
NaN,NaN,0.00413528226878649,0.0106880391055408,0.00388782184745651,0.000405123879318126,-0.00544172839242189,-0.00288053523399867,0.0181834308362644,NaN,NaN,NaN,NaN,NaN,NaN,NaN,NaN,NaN
NaN,NaN,0.00448998578455454,0.0100290538781943,0.00489441391255241,0.000989193518762477,-0.00463456974345415,-0.0038161046395544,0.0172825438833873,NaN,NaN,NaN,NaN,NaN,NaN,NaN,NaN,NaN
NaN,NaN,0.00523282729651934,0.00927367676437522,0.00114794533874374,-0.0012403368455125,-0.00426557973939149,-0.00356326918699779,0.0190346969223659,NaN,NaN,NaN,NaN,NaN,NaN,NaN,NaN,NaN
NaN,NaN,0.002881871094966,0.00949449334681655,0.00354982625867706,-0.000483022580738179,-0.00747158319669931,-0.00496107261278667,0.0203329605913799,NaN,NaN,NaN,NaN,NaN,NaN,NaN,NaN,NaN
NaN,NaN,0.00105254866745478,0.00869724397004271,0.00256912496115547,7.03320401953533e-05,-0.00704524234849184,-0.00426425706245936,0.0181498845971267,NaN,NaN,NaN,NaN,NaN,NaN,NaN,NaN,NaN
NaN,NaN,0.00401836403276927,0.010004373829967,0.00227821704174858,-0.00142254079401027,-0.00506934837418764,-0.00444608848192729,0.0175927115536373,NaN,NaN,NaN,NaN,NaN,NaN,NaN,NaN,NaN
NaN,NaN,0.00349896543290621,0.0106703626030746,0.00426428105856758,-0.000287891874904744,-0.00591260508614748,-0.00506146918633021,0.0169863646782081,NaN,NaN,NaN,NaN,NaN,NaN,NaN,NaN,NaN
NaN,NaN,0.00557432465817934,0.00962800775111342,0.00222891282464843,-0.00131691018759739,-0.00383769289571016,-0.00476966719725169,0.0186575112796466,NaN,NaN,NaN,NaN,NaN,NaN,NaN,NaN,NaN
NaN,NaN,0.00338165604140765,0.0101943822616401,0.00447259929205757,0.000153573651914485,-0.00714442820268838,-0.00595127340056933,0.01816253195769,NaN,NaN,NaN,NaN,NaN,NaN,NaN,NaN,NaN
NaN,NaN,0.00179041691687113,0.00856557358444358,0.00354831751610618,0.000725703735952266,-0.00562938989120691,-0.00630756016471423,0.0144667273319404,NaN,NaN,NaN,NaN,NaN,NaN,NaN,NaN,NaN
NaN,NaN,0.00428041957881457,0.00941089783251906,0.00244857456709724,-0.00122828553139698,-0.00497819052058427,-0.00530351992347278,0.0154076239026229,NaN,NaN,NaN,NaN,NaN,NaN,NaN,NaN,NaN
NaN,NaN,0.00177559026148325,0.00874300916135932,0.00364837881352287,-0.00156751046597492,-0.00661823094803064,-0.00697095986106433,0.0148961787975471,NaN,NaN,NaN,NaN,NaN,NaN,NaN,NaN,NaN
NaN,NaN,0.00329698019292361,0.00654866416395331,0.000354700649040751,-0.00160139198123943,-0.0034345606060621,-0.00521832253434695,0.0162690786576907,NaN,NaN,NaN,NaN,NaN,NaN,NaN,NaN,NaN
NaN,NaN,0.00057630755569941,0.0069299289995494,0.00274978291417938,-0.000580234031076543,-0.00725888774710863,-0.00739836241700687,0.0152099041200321,NaN,NaN,NaN,NaN,NaN,NaN,NaN,NaN,NaN
NaN,NaN,-0.00123021609518522,0.0067599067503276,0.00136349063541274,9.21808677958316e-05,-0.00393959821182458,-0.00639275755384006,0.013318350718085,NaN,NaN,NaN,NaN,NaN,NaN,NaN,NaN,NaN
NaN,NaN,0.00285184525516039,0.00883381311238433,0.00134601902391296,-0.00259915510832798,-0.00503613741117685,-0.00479330416419543,0.015454730198447,NaN,NaN,NaN,NaN,NaN,NaN,NaN,NaN,NaN
NaN,NaN,-0.00025292343828672,0.00860530380547667,0.00332005035306793,-0.000507851640577428,-0.00674785242396562,-0.00679071168997325,0.0155373571372669,NaN,NaN,NaN,NaN,NaN,NaN,NaN,NaN,NaN
NaN,NaN,0.00157319523956782,0.00579885635913039,0.000448130929726176,4.76636487292126e-05,-0.00295051501113145,-0.00608234773972072,0.0153103193200271,NaN,NaN,NaN,NaN,NaN,NaN,NaN,NaN,NaN
NaN,NaN,-0.0016310945842027,0.00730201099455977,0.00328894417907577,0.000168009151821025,-0.00591301486808031,-0.00761333029367961,0.013256678537194,NaN,NaN,NaN,NaN,NaN,NaN,NaN,NaN,NaN
NaN,NaN,-0.00275950364205831,0.00679943208039428,0.00252194415952545,0.00118391444266308,-0.00242269725519388,-0.00544761415221728,0.0125593414462249,NaN,NaN,NaN,NaN,NaN,NaN,NaN,NaN,NaN
NaN,NaN,0.00127105556991106,0.00781619418800498,0.00270873021509033,-4.87468641949818e-05,-0.00504636333304613,-0.00606806125142612,0.0142595639384429,NaN,NaN,NaN,NaN,NaN,NaN,NaN,NaN,NaN
NaN,NaN,-0.00175447619888776,0.00708028171599532,0.00432409059430938,0.0019572102028178,-0.00418580264764993,-0.00615653689601459,0.015558814809386,NaN,NaN,NaN,NaN,NaN,NaN,NaN,NaN,NaN
NaN,NaN,-0.000116168031430183,0.0038391673976245,0.0011325412633596,0.00216198941052426,-0.00198443547803133,-0.00547078545787372,0.0140696486390273,NaN,NaN,NaN,NaN,NaN,NaN,NaN,NaN,NaN
NaN,NaN,-0.00186662606332296,0.00616749246061469,0.00214226257230621,0.000543909569387323,-0.00456587539035051,-0.00435567568638362,0.015139756903712,NaN,NaN,NaN,NaN,NaN,NaN,NaN,NaN,NaN
NaN,NaN,-0.00185533843371862,0.00561413783968116,0.00253760900523048,0.00118542318523396,-0.00358200759607523,-0.00421640570857562,0.0141301287270229,NaN,NaN,NaN,NaN,NaN,NaN,NaN,NaN,NaN
NaN,NaN,0.00132602222826487,0.00651109461129333,0.0019422144832788,0.0004524164396571,-0.00436035112458437,-0.003532479662681,0.0163277147269885,NaN,NaN,NaN,NaN,NaN,NaN,NaN,NaN,NaN
NaN,NaN,-0.00118515870902532,0.00653558839500571,0.00293045949365478,0.00208115061104763,-0.0040492707582113,-0.00488850395777263,0.0164244605160396,NaN,NaN,NaN,NaN,NaN,NaN,NaN,NaN,NaN
NaN,NaN,-0.000381445953583656,0.00421197582424308,0.0011085503938375,0.00293249120295513,-0.00172934622484415,-0.00504787187674083,0.0143999515033405,NaN,NaN,NaN,NaN,NaN,NaN,NaN,NaN,NaN
NaN,NaN,-0.00249176702830785,0.00809469689071799,0.00300945427443366,0.000214649786357768,-0.00422361434417932,-0.00303101833560504,0.0157760178602378,NaN,NaN,NaN,NaN,NaN,NaN,NaN,NaN,NaN
NaN,NaN,-0.00358439467284673,0.00574632976592208,0.00367894482042175,0.0029505029815482,-0.00322782562094896,-0.00563579719164409,0.013690153316323,NaN,NaN,NaN,NaN,NaN,NaN,NaN,NaN,NaN
NaN,NaN,-0.000520641425585685,0.00663667414725448,0.00170223128225189,0.00153679256618488,-0.00228609085994928,-0.00299678291776218,0.0157513005591075,NaN,NaN,NaN,NaN,NaN,NaN,NaN,NaN,NaN
NaN,NaN,-0.0026299566719293,0.00409621242821837,0.00249400448228698,0.00275723492086399,-0.00310535670238702,-0.00667815204360522,0.0128842798925082,NaN,NaN,NaN,NaN,NaN,NaN,NaN,NaN,NaN
NaN,NaN,-0.00314451239440435,0.00340841208041335,0.000607349837082438,0.00153558184683789,-0.000155653217613388,-0.00513238008716144,0.0128985291278999,NaN,NaN,NaN,NaN,NaN,NaN,NaN,NaN,NaN
NaN,NaN,-0.00434057272408002,0.00606480483353759,0.00201986815955024,-0.000811853955383413,-0.00482571438866823,-0.00483363043167628,0.0143379626727741,NaN,NaN,NaN,NaN,NaN,NaN,NaN,NaN,NaN
NaN,NaN,-0.00468659631345266,0.00372956935704375,0.00274970840837341,0.00232638647139538,-0.00442716420608728,-0.00571633796789683,0.012262417182986,NaN,NaN,NaN,NaN,NaN,NaN,NaN,NaN,NaN
NaN,NaN,-0.00211849294040197,0.00558077786505843,-0.000140241420012899,-8.53850942803542e-05,-0.00361035705524652,-0.00540099214413203,0.0121747611022632,NaN,NaN,NaN,NaN,NaN,NaN,NaN,NaN,NaN
NaN,NaN,-0.00455487004849905,0.00330453236044074,0.00134890612389427,0.00129360561550129,-0.0028598228188154,-0.0072577885875944,0.0104009641266506,NaN,NaN,NaN,NaN,NaN,NaN,NaN,NaN,NaN
NaN,NaN,-0.00424054867956632,0.00402681026995803,0.000387352818506769,0.00203361590683926,-0.00015664041954248,-0.00564237232902087,0.010937592194144,NaN,NaN,NaN,NaN,NaN,NaN,NaN,NaN,NaN
NaN,NaN,-0.00369147814247602,0.00644281004012252,0.0038338237645803,0.00198419993103016,-0.00334582419115274,-0.00394468303420581,0.0118065906620662,NaN,NaN,NaN,NaN,NaN,NaN,NaN,NaN,NaN
NaN,NaN,-0.00440958372685903,0.00651083384097243,0.00379875015642028,0.00605199341953266,-0.00142826826292245,-0.00506865899660625,0.0115339925444763,NaN,NaN,NaN,NaN,NaN,NaN,NaN,NaN,NaN
NaN,NaN,-0.00158125020000928,0.00547047201932097,0.00091036494995933,0.00320630003989208,-0.000484950253545929,-0.00383659373619594,0.0092293230748813,NaN,NaN,NaN,NaN,NaN,NaN,NaN,NaN,NaN
NaN,NaN,-0.00441880382034772,0.00439825896561767,0.00211696785117965,0.00264033531129826,-0.000155466953098465,-0.00414108033874072,0.01268147508866,NaN,NaN,NaN,NaN,NaN,NaN,NaN,NaN,NaN
NaN,NaN,-0.0048182666990518,0.00427044425547744,0.000886858368176035,0.00220626448572148,0.000491094431102585,-0.00354158799746074,0.011480180726115,NaN,NaN,NaN,NaN,NaN,NaN,NaN,NaN,NaN
NaN,NaN,-0.00424826003048414,0.00561486427128936,0.00173322569753509,0.00347077702463139,-0.0017716096432802,-0.000982667464995756,0.0147354511476199,NaN,NaN,NaN,NaN,NaN,NaN,NaN,NaN,NaN
NaN,NaN,-0.00519813455078596,0.00589269642174865,0.00205056455160957,0.00480364864051808,-0.000351230958282638,-0.00283011342980899,0.0121914690292518,NaN,NaN,NaN,NaN,NaN,NaN,NaN,NaN,NaN
NaN,NaN,-0.00184701240990156,0.00498216096699859,-0.000172260290128179,0.00372163807332981,0.0025977460948828,-0.00144810523488559,0.012600282386605,NaN,NaN,NaN,NaN,NaN,NaN,NaN,NaN,NaN
NaN,NaN,-0.00444421030018323,0.00528510157406951,0.0033392542245565,0.00197922666848172,0.0015889747349623,-0.00134737338521518,0.0150007290697734,NaN,NaN,NaN,NaN,NaN,NaN,NaN,NaN,NaN
NaN,NaN,-0.00459951765272611,0.0048123436087432,0.00301742639567237,0.00609852229536045,0.0029281048385504,-0.00198559011914767,0.013421485379998,NaN,NaN,NaN,NaN,NaN,NaN,NaN,NaN,NaN
NaN,NaN,-0.0042255730125665,0.00533371661246444,0.00284844722773414,0.00576807041943539,0.00273235945981772,0.00259593952796422,0.0157862065292041,NaN,NaN,NaN,NaN,NaN,NaN,NaN,NaN,NaN
NaN,NaN,-0.00529251478049749,0.00372804198802138,0.00221362050797325,0.00704031293571461,0.00334213360232146,-0.00190734039642848,0.0124427026069801,NaN,NaN,NaN,NaN,NaN,NaN,NaN,NaN,NaN
NaN,NaN,-0.00293908126089567,0.0019405359441104,-0.000508542245370336,0.0038890339928912,0.00500683545154364,0.00254462365410291,0.0147843083298843,NaN,NaN,NaN,NaN,NaN,NaN,NaN,NaN,NaN
NaN,NaN,-0.00590994439456457,0.00267134476841117,0.00349560465838294,0.0020994045335101,0.00183279498499663,-0.00141889895894565,0.0148221200264137,NaN,NaN,NaN,NaN,NaN,NaN,NaN,NaN,NaN
NaN,NaN,-0.00667286522123807,0.00187379736841346,0.000862513596075587,0.00659439568698872,0.00385255425256522,0.000740465562557802,0.0127395337379615,NaN,NaN,NaN,NaN,NaN,NaN,NaN,NaN,NaN
NaN,NaN,-0.00516501672003263,0.00318513680637504,4.28565981565039e-05,0.00330669661343563,0.00224471895974905,0.00242612216970883,0.0132877847111862,NaN,NaN,NaN,NaN,NaN,NaN,NaN,NaN,NaN
NaN,NaN,-0.00626345581743711,0.00272750351966048,0.000589244926231913,0.00537656103551853,0.00305394514483244,-0.00116477828123607,0.0119743963635604,NaN,NaN,NaN,NaN,NaN,NaN,NaN,NaN,NaN
NaN,NaN,-0.00469477332565778,0.00152497981131698,-0.000404140984755941,0.00156422932923306,0.00376029743832381,0.00110947419307195,0.0139098523116748,NaN,NaN,NaN,NaN,NaN,NaN,NaN,NaN,NaN
NaN,NaN,-0.00672529868218893,0.00333504248798514,0.00345427256252151,0.00418212120712269,0.00263848214429648,-0.000507413555169478,0.0130288397825401,NaN,NaN,NaN,NaN,NaN,NaN,NaN,NaN,NaN
NaN,NaN,-0.00723003826472753,0.00177006666005279,-0.000378995275241323,0.00764086698472966,0.00606668054145606,0.00111541603109799,0.0105038007653396,NaN,NaN,NaN,NaN,NaN,NaN,NaN,NaN,NaN
NaN,NaN,-0.00516233451101774,0.0044069016391101,0.00104568612005096,0.00473422785580624,0.00379846303743155,0.00253454674384557,0.0108098706162612,NaN,NaN,NaN,NaN,NaN,NaN,NaN,NaN,NaN
NaN,NaN,-0.00676573670837873,0.00193837527573729,0.000993010515230707,0.00443903585255612,0.00394786580485137,-0.000448572594905272,0.010317443118159,NaN,NaN,NaN,NaN,NaN,NaN,NaN,NaN,NaN
NaN,NaN,-0.0063102268371343,0.000543309938317785,0.000953820461290888,0.00196188544214237,0.00459401740711958,0.00121072758338414,0.0125291479683559,NaN,NaN,NaN,NaN,NaN,NaN,NaN,NaN,NaN
NaN,NaN,-0.00747542313668722,0.000796611052161703,0.00225631233479362,0.00370144699991215,0.00416434242409499,0.00094183612964116,0.0127763396061103,NaN,NaN,NaN,NaN,NaN,NaN,NaN,NaN,NaN
NaN,NaN,-0.007256767222619,0.000866329860097418,-0.000256489103776403,0.00563282375514973,0.00599440990966589,0.00270382393500768,0.0104678330875079,NaN,NaN,NaN,NaN,NaN,NaN,NaN,NaN,NaN
NaN,NaN,-0.0045397267434358,0.00421728436291839,0.000713390225428156,0.0040464647609042,0.00512580259722502,0.00374658856890164,0.011360245004956,NaN,NaN,NaN,NaN,NaN,NaN,NaN,NaN,NaN
NaN,NaN,-0.00498568124506467,0.00233886260927344,0.00275695409800392,0.0042307921248721,0.00457995443624289,0.00184788260958157,0.012393286631171,NaN,NaN,NaN,NaN,NaN,NaN,NaN,NaN,NaN
NaN,NaN,-0.0053135626706838,0.0026761131399932,0.00330883722926956,0.00539513160765637,0.00655890314859183,0.0035839237680193,0.0129002800143401,NaN,NaN,NaN,NaN,NaN,NaN,NaN,NaN,NaN
NaN,NaN,-0.00549097962114805,0.00197993088901664,0.00318007257010322,0.00570341800630558,0.00623793213647635,0.00349734802148305,0.0126401057398956,NaN,NaN,NaN,NaN,NaN,NaN,NaN,NaN,NaN
NaN,NaN,-0.00703511244986051,0.00297476966322089,0.000749395156162791,0.00801475574553479,0.00859458803218634,0.00500376228592359,0.0113750530338924,NaN,NaN,NaN,NaN,NaN,NaN,NaN,NaN,NaN
NaN,NaN,-0.00392091877195829,0.00339054931343223,0.000880469495314173,0.00526351710141171,0.00672248064559729,0.00712674934766255,0.0133601671016853,NaN,NaN,NaN,NaN,NaN,NaN,NaN,NaN,NaN
NaN,NaN,-0.00618440515730375,0.00359452758372451,0.00329175677325111,0.0062977508205222,0.00607122539562018,0.00499854687950574,0.015139794156615,NaN,NaN,NaN,NaN,NaN,NaN,NaN,NaN,NaN
NaN,NaN,-0.00557559959027761,0.00171219427526618,0.00296216171409469,0.0078284726041602,0.00903923868221076,0.00626505244872533,0.0129443874514739,NaN,NaN,NaN,NaN,NaN,NaN,NaN,NaN,NaN
NaN,NaN,-0.00629707656238073,0.00233493242800857,0.00206269037153106,0.00614790101826657,0.00887677877229483,0.00632368851802312,0.0137189684367816,NaN,NaN,NaN,NaN,NaN,NaN,NaN,NaN,NaN
NaN,NaN,-0.00602594993445867,0.00355848540008689,0.00152047436858993,0.00732932095706929,0.00890572427791388,0.00746508021256886,0.012814616963927,NaN,NaN,NaN,NaN,NaN,NaN,NaN,NaN,NaN
NaN,NaN,-0.00284106887314313,0.00321639199197913,0.000403185302275233,0.00408846740901936,0.00584752171319754,0.00734417591593228,0.0157660899615924,NaN,NaN,NaN,NaN,NaN,NaN,NaN,NaN,NaN
NaN,NaN,-0.00631356097195142,0.00444823373497153,0.0026293629052816,0.00645387773693074,0.00563653989714415,0.00518220369121991,0.0148656314170997,NaN,NaN,NaN,NaN,NaN,NaN,NaN,NaN,NaN
NaN,NaN,-0.00570455051395887,0.000235954862243185,0.00129259836103301,0.00623119850934017,0.00787918328326971,0.00440287296078168,0.0108532702482383,NaN,NaN,NaN,NaN,NaN,NaN,NaN,NaN,NaN
NaN,NaN,-0.00520936630103582,0.00325478110850478,0.000626106673735193,0.00544562791765202,0.00836730807107718,0.00637360740802251,0.0118767565048377,NaN,NaN,NaN,NaN,NaN,NaN,NaN,NaN,NaN
NaN,NaN,-0.00503861762020582,0.00164815653503562,0.000889354312676005,0.00635471050918568,0.00687251671236784,0.00616407845518552,0.010678349242274,NaN,NaN,NaN,NaN,NaN,NaN,NaN,NaN,NaN
NaN,NaN,-0.00380496911141866,0.00186858196199561,-0.000333472227794119,0.00582160284102429,0.00675816892665656,0.0071452826668974,0.0123826695538204,NaN,NaN,NaN,NaN,NaN,NaN,NaN,NaN,NaN
NaN,NaN,-0.00614558763239378,0.00134065244734908,0.00162034940149169,0.00589426462829579,0.00604049175065787,0.00454648290178739,0.00968188996678994,NaN,NaN,NaN,NaN,NaN,NaN,NaN,NaN,NaN
NaN,NaN,-0.00602958209249967,-0.00099994744717454,-0.00120973501179833,0.00496588503301609,0.00860766380113394,0.0066272065450903,0.00931645761496232,NaN,NaN,NaN,NaN,NaN,NaN,NaN,NaN,NaN
NaN,NaN,-0.00466089181039327,0.00130922962368155,-0.00118427265260834,0.00253982697904576,0.00688946678322585,0.00731649700901471,0.0104305243051688,NaN,NaN,NaN,NaN,NaN,NaN,NaN,NaN,NaN
NaN,NaN,-0.00632792196605199,-0.00013402234374856,-0.000800400113803335,0.00453116228163708,0.00525985716861517,0.00648596216342412,0.0118473825908344,NaN,NaN,NaN,NaN,NaN,NaN,NaN,NaN,NaN
NaN,NaN,-0.00478058538768285,0.00189994890630866,-0.00176100347016472,0.00472288434684742,0.00736269040983946,0.00733884875080548,0.0106580836630504,NaN,NaN,NaN,NaN,NaN,NaN,NaN,NaN,NaN
NaN,NaN,-0.0070310332569837,0.00078707430899764,-0.000229555254918524,0.00426221494853962,0.00718478917163641,0.00553355444571935,0.00904875825411485,NaN,NaN,NaN,NaN,NaN,NaN,NaN,NaN,NaN
NaN,NaN,-0.00691228962872022,0.000447644483453283,-0.000823794936877676,0.00479426090896595,0.00964683352988989,0.00741208795807324,0.00865693222052262,NaN,NaN,NaN,NaN,NaN,NaN,NaN,NaN,NaN
NaN,NaN,-0.00522117547128194,0.00174369160473968,-0.00070939127181191,0.00331854303658474,0.00838111027163298,0.00913726989529096,0.0105924440479915,NaN,NaN,NaN,NaN,NaN,NaN,NaN,NaN,NaN
NaN,NaN,-0.00752752132151121,0.00117703769744063,-0.000948983317357488,0.00706441556394566,0.00895864202660353,0.00935350437066518,0.0123851282454173,NaN,NaN,NaN,NaN,NaN,NaN,NaN,NaN,NaN
NaN,NaN,-0.00624462447497839,0.000339368920928488,-0.000689479595166631,0.00624477719247807,0.0106702639071348,0.0100774772872683,0.00988016854292558,NaN,NaN,NaN,NaN,NaN,NaN,NaN,NaN,NaN
NaN,NaN,-0.00736446536514753,0.00150519851983214,0.000258923435467295,0.00443696831644047,0.00913570507448943,0.00859065804979764,0.00966246257788346,NaN,NaN,NaN,NaN,NaN,NaN,NaN,NaN,NaN
NaN,NaN,-0.00738234675858015,-0.000135437954061976,-3.98892734665467e-06,0.00432956819713581,0.0092987796573046,0.00880257118842565,0.0081527141786258,NaN,NaN,NaN,NaN,NaN,NaN,NaN,NaN,NaN
NaN,NaN,-0.00555151558849805,0.00051246453464652,-0.00184031490061898,0.00281546120822895,0.00827801286262305,0.0109627739002462,0.01177555899388,NaN,NaN,NaN,NaN,NaN,NaN,NaN,NaN,NaN
NaN,NaN,-0.00801776952478879,0.0001552650743785,-0.0025438732263865,0.00546207507431973,0.00698021485489638,0.00959294740459882,0.0116996748305003,NaN,NaN,NaN,NaN,NaN,NaN,NaN,NaN,NaN
NaN,NaN,-0.00658671788308614,-0.000455999184244623,-0.00199083525512833,0.00422311802685726,0.00999628438633711,0.00929837007424794,0.00794253329998658,NaN,NaN,NaN,NaN,NaN,NaN,NaN,NaN,NaN
NaN,NaN,-0.00775899223420614,0.00236955900133277,0.000289712959784083,0.00321041648567189,0.00739340542835028,0.00936978388926946,0.00798159296876596,NaN,NaN,NaN,NaN,NaN,NaN,NaN,NaN,NaN
NaN,NaN,-0.00718561417791837,-0.000308738458746424,0.00035550158645492,0.00453881775320042,0.00869725703281195,0.00849471319816075,0.00774781237608598,NaN,NaN,NaN,NaN,NaN,NaN,NaN,NaN,NaN
NaN,NaN,-0.00608438111279005,0.002220044475204,-0.00357864711259026,0.00477697556198109,0.00805518462342055,0.0109129853954073,0.0114081149852912,NaN,NaN,NaN,NaN,NaN,NaN,NaN,NaN,NaN
NaN,NaN,-0.00751830122802251,0.000270525556212911,-0.00357760403130669,0.00444896375120152,0.00672840385717184,0.00753956739208661,0.00879769231445001,NaN,NaN,NaN,NaN,NaN,NaN,NaN,NaN,NaN
NaN,NaN,-0.00681239596936697,-0.00156401227771615,-0.00432620111678261,0.00297758584201802,0.00932103826683791,0.00821902308962308,0.00579428877002404,NaN,NaN,NaN,NaN,NaN,NaN,NaN,NaN,NaN
NaN,NaN,-0.00856700769994253,-0.00012055541931962,-0.00335270825598855,-0.0012015938264085,0.003555164328039,0.00642782900831662,0.00678255240685151,NaN,NaN,NaN,NaN,NaN,NaN,NaN,NaN,NaN
NaN,NaN,-0.00862623981568807,-0.00307068731247758,-0.00419711980794091,0.00201398362696636,0.0055545648841265,0.00647394810221158,0.00732974167234109,NaN,NaN,NaN,NaN,NaN,NaN,NaN,NaN,NaN
NaN,NaN,-0.00705982975099081,-0.000272305119627466,-0.00732489216898102,1.55330199049786e-05,0.00462480693143637,0.00763838071725331,0.00788715685969995,NaN,NaN,NaN,NaN,NaN,NaN,NaN,NaN,NaN
NaN,NaN,-0.00730838111970419,-0.00109648834525918,-0.00493346068833489,0.00151043613732327,0.00356894790214331,0.00381969739100896,0.00477646495467828,NaN,NaN,NaN,NaN,NaN,NaN,NaN,NaN,NaN
NaN,NaN,-0.0080218673441171,-0.00152983273922776,-0.00449931535695214,-0.00122258583724033,0.00536992087048323,0.00574008453986607,0.00172880496150659,NaN,NaN,NaN,NaN,NaN,NaN,NaN,NaN,NaN
NaN,NaN,-0.00829165286753171,-0.00149712469040727,-0.00371475059364457,-0.00236503923952114,0.00122467859667571,0.0048554957320448,0.00416486541992829,NaN,NaN,NaN,NaN,NaN,NaN,NaN,NaN,NaN
NaN,NaN,-0.0104375504646062,-0.00484144817649697,-0.00616938162420411,-3.91169887734577e-05,0.0042655399350527,0.0056271523644682,0.00401924382216142,NaN,NaN,NaN,NaN,NaN,NaN,NaN,NaN,NaN
NaN,NaN,-0.0080383331272363,-0.00235524531065797,-0.00937026280735154,-0.0019998862844659,0.00352260529083044,0.00653172735474072,0.00336819346315072,NaN,NaN,NaN,NaN,NaN,NaN,NaN,NaN,NaN
NaN,NaN,-0.00925084061357969,-0.00368787478267526,-0.00582659903739113,-0.002559126864071,0.00271051063221724,0.0045130297949072,0.00216363947159455,NaN,NaN,NaN,NaN,NaN,NaN,NaN,NaN,NaN
NaN,NaN,-0.010510640660262,-0.00425842161833619,-0.00682631794188637,-0.00366112361371052,0.00196643977445395,0.00588481206796132,7.91532850901904e-05,NaN,NaN,NaN,NaN,NaN,NaN,NaN,NaN,NaN
NaN,NaN,-0.0109301642272233,-0.00438184048592423,-0.007140862828237,-0.00397956142842304,0.000194356432378602,0.0050223701109644,0.00381664390927957,NaN,NaN,NaN,NaN,NaN,NaN,NaN,NaN,NaN
NaN,NaN,-0.0125977531764268,-0.00751827414690827,-0.0108502461371245,-0.00326382140337955,0.00210500194710524,0.00685627464554273,0.00253013353115724,NaN,NaN,NaN,NaN,NaN,NaN,NaN,NaN,NaN
NaN,NaN,-0.0083779119643926,-0.0044356895571885,-0.0122953421232523,-0.00462114955007564,0.00237510412019522,0.00587013442418538,0.00388787145978616,NaN,NaN,NaN,NaN,NaN,NaN,NaN,NaN,NaN
NaN,NaN,-0.0121534191760778,-0.00408784057556962,-0.00836581278417725,-0.00581486294686329,-0.000780794182598281,0.00597731102607213,0.00303224678403543,NaN,NaN,NaN,NaN,NaN,NaN,NaN,NaN,NaN
NaN,NaN,-0.0140669145378827,-0.00557099040209626,-0.00847041893575806,-0.00319538782059681,0.000366148194492173,0.00560835827491246,0.00138084422117875,NaN,NaN,NaN,NaN,NaN,NaN,NaN,NaN,NaN
NaN,NaN,-0.0135221467110872,-0.00667153428851937,-0.00993205521081109,-0.00491727287590038,0.000194356432378601,0.00619501699111424,0.00491752307182954,NaN,NaN,NaN,NaN,NaN,NaN,NaN,NaN,NaN
NaN,NaN,-0.0135228917691469,-0.00691732894241189,-0.0121255433914484,-0.00411564628302585,0.00279434829038413,0.0060229272057768,0.00292633678085015,NaN,NaN,NaN,NaN,NaN,NaN,NaN,NaN,NaN
NaN,NaN,-0.010852249780631,-0.00605790447055673,-0.0132055795547785,-0.0062987409037305,0.00315721019190581,0.00687993023893796,0.00326880271798776,NaN,NaN,NaN,NaN,NaN,NaN,NaN,NaN,NaN
NaN,NaN,-0.0159264118168115,-0.00678575168907021,-0.0105367070791544,-0.00704364995181095,-0.00153369397836893,0.00742801357409917,0.00325041841036485,NaN,NaN,NaN,NaN,NaN,NaN,NaN,NaN,NaN
NaN,NaN,-0.0168161787781476,-0.0093592008536992,-0.0112548499164404,-0.00451393569528591,0.00145058020037444,0.0061752729525324,0.00276238675481485,NaN,NaN,NaN,NaN,NaN,NaN,NaN,NaN,NaN
NaN,NaN,-0.0133080356511831,-0.00892797987520074,-0.0131721823272528,-0.00824589426338207,0.000584208062112641,0.00852386359474622,0.00426762755281137,NaN,NaN,NaN,NaN,NaN,NaN,NaN,NaN,NaN
NaN,NaN,-0.0130751305017232,-0.00823285933195924,-0.0132248206791701,-0.00615431139885913,0.00113709702175887,0.00584631119272672,0.00356816704637216,NaN,NaN,NaN,NaN,NaN,NaN,NaN,NaN,NaN
NaN,NaN,-0.0117755816075563,-0.00848789270579194,-0.0137987202760996,-0.00876557226001751,-0.00059657857733934,0.00726123232743703,0.00339304114944146,NaN,NaN,NaN,NaN,NaN,NaN,NaN,NaN,NaN
NaN,NaN,-0.0174299203548192,-0.00783803443967675,-0.0117838597652735,-0.0074896603327943,-0.00421255023199289,0.00658145998022519,0.00301201845771478,NaN,NaN,NaN,NaN,NaN,NaN,NaN,NaN,NaN
