F1_2000Hz,F2_1500Hz,F3_1000Hz,F4_900Hz,F5_800Hz,F6_700Hz,F7_600Hz,F8_500Hz,F9_400Hz,F10_200Hz,F11_100Hz,F12_80Hz,F13_600Hz,F14_600Hz,F15_600Hz,F16_600Hz,F17_600Hz,F18_600Hz
NaN,NaN,-0.0266548163878421,-0.0121771792231205,0.0013283648925911,-0.016765575754107,0.00487023705985242,0.0105900187578906,0.000345826619498742,NaN,NaN,NaN,NaN,NaN,NaN,NaN,NaN,NaN
NaN,NaN,-0.02223479670162,-0.0142729716656807,-0.00100336881102218,-0.0161011888558278,0.00658863896872693,0.00435187114150419,0.00247371243798019,NaN,NaN,NaN,NaN,NaN,NaN,NaN,NaN,NaN
NaN,NaN,-0.0271050735997657,-0.0101846890805367,-0.00135200010360374,-0.0173928960139165,0.00606469551469975,0.00961650727064504,8.18339224982386e-05,NaN,NaN,NaN,NaN,NaN,NaN,NaN,NaN,NaN
NaN,NaN,-0.0233447469460467,-0.0141661303399208,0.00281013636170731,-0.0171226820821175,0.00255765134837323,0.00695532751948728,0.00338393124305488,NaN,NaN,NaN,NaN,NaN,NaN,NaN,NaN,NaN
NaN,NaN,-0.0237923219489555,-0.0126692341921929,-0.00331744463862075,-0.0159722379321465,0.00709196294095212,0.00597673101098432,0.000915647023551476,NaN,NaN,NaN,NaN,NaN,NaN,NaN,NaN,NaN
NaN,NaN,-0.0266237102138499,-0.0129135201035145,0.00113632617770539,-0.0187214835459599,0.00466543922569447,0.0116792936411609,0.00202081026994468,NaN,NaN,NaN,NaN,NaN,NaN,NaN,NaN,NaN
NaN,NaN,-0.0222242727565269,-0.0148032481132153,-0.000183953956972497,-0.0167820042843232,0.0045745607688635,0.00538768810899152,0.00428068312370063,NaN,NaN,NaN,NaN,NaN,NaN,NaN,NaN,NaN
NaN,NaN,-0.0264325096892814,-0.0106662387309674,-0.00101223500193252,-0.0186179391021142,0.00565202648188764,0.0106369946685542,0.00148071768247367,NaN,NaN,NaN,NaN,NaN,NaN,NaN,NaN,NaN
NaN,NaN,-0.0235267832564811,-0.0142152482925061,0.00277629209934579,-0.0174214876169572,0.00229248518492871,0.00849687127144231,0.00422048243247749,NaN,NaN,NaN,NaN,NaN,NaN,NaN,NaN,NaN
NaN,NaN,-0.0234081886398296,-0.013703188514531,-0.00296603800476684,-0.0169522314245114,0.00589731822158986,0.00752023054034604,0.00316523807608367,NaN,NaN,NaN,NaN,NaN,NaN,NaN,NaN,NaN
NaN,NaN,-0.0271876632856826,-0.0119481297491196,0.00132147310553895,-0.019602924483479,0.00351233149316007,0.0126363393452872,0.00397742586695434,NaN,NaN,NaN,NaN,NaN,NaN,NaN,NaN,NaN
NaN,NaN,-0.0225240468668441,-0.0147548007128838,0.000567250831712348,-0.0172854213888058,0.00422095621373349,0.00560390395791425,0.0055399802561927,NaN,NaN,NaN,NaN,NaN,NaN,NaN,NaN,NaN
NaN,NaN,-0.0272225133764247,-0.0110943490920666,-5.0495432030099e-05,-0.0178496352309594,0.0050490323677271,0.0101593379464854,0.00229031639658691,NaN,NaN,NaN,NaN,NaN,NaN,NaN,NaN,NaN
NaN,NaN,-0.0239323556112746,-0.0147450031993988,0.00332428230224953,-0.0187416746193776,0.00177213663603955,0.00925031123430623,0.00664298283421279,NaN,NaN,NaN,NaN,NaN,NaN,NaN,NaN,NaN
NaN,NaN,-0.0237311899351577,-0.0133305104730728,-0.00220943154514922,-0.0180398671800504,0.00678784886743718,0.0070611257639636,0.0054535162683654,NaN,NaN,NaN,NaN,NaN,NaN,NaN,NaN,NaN
NaN,NaN,-0.027753534882019,-0.011993094003022,0.00271044759332047,-0.0194952635938535,0.00328449273850614,0.0116921458926906,0.00524056004845382,NaN,NaN,NaN,NaN,NaN,NaN,NaN,NaN,NaN
NaN,NaN,-0.0229039519714812,-0.0161002451835278,0.00253703532992707,-0.0173835082823643,0.0028619330599516,0.00521571008236303,0.00622133585178138,NaN,NaN,NaN,NaN,NaN,NaN,NaN,NaN,NaN
NaN,NaN,-0.0261477857517699,-0.011300488030732,0.000622217490066153,-0.019308682429255,0.00536206851150685,0.00884693680078878,0.00400450872742416,NaN,NaN,NaN,NaN,NaN,NaN,NaN,NaN,NaN
NaN,NaN,-0.0247850745605926,-0.015203493302882,0.00544518320142136,-0.0182156636292348,0.00159073362495595,0.00855794740588559,0.00726486417018653,NaN,NaN,NaN,NaN,NaN,NaN,NaN,NaN,NaN
NaN,NaN,-0.0239440157699088,-0.0142644034979943,-0.000622755901228326,-0.017925556647242,0.00492557624723607,0.0058239568558444,0.0070559126373458,NaN,NaN,NaN,NaN,NaN,NaN,NaN,NaN,NaN
NaN,NaN,-0.0277097813474635,-0.0124625550864342,0.00324918044983254,-0.0198045371944318,0.00244481230523282,0.011749142834257,0.00480220513903381,NaN,NaN,NaN,NaN,NaN,NaN,NaN,NaN,NaN
NaN,NaN,-0.0230600230085353,-0.0160824382959011,0.00359114347277985,-0.01772582520789,0.00230569133903676,0.00405546841890706,0.00629023509585143,NaN,NaN,NaN,NaN,NaN,NaN,NaN,NaN,NaN
NaN,NaN,-0.0267269193815688,-0.0120264726040962,0.00185724435626374,-0.0180852412158856,0.00428743401910954,0.00782784638674154,0.00358315976821662,NaN,NaN,NaN,NaN,NaN,NaN,NaN,NaN,NaN
NaN,NaN,-0.0246900424050788,-0.0156318085549477,0.00465594319878922,-0.0187408178026089,0.000715458042880831,0.00743287248284711,0.00817506434880973,NaN,NaN,NaN,NaN,NaN,NaN,NaN,NaN,NaN
NaN,NaN,-0.023720721869419,-0.0154416324852112,1.90929907451697e-05,-0.0181539728218922,0.00433770681168729,0.00459658546121015,0.00553921657168151,NaN,NaN,NaN,NaN,NaN,NaN,NaN,NaN,NaN
NaN,NaN,-0.0286320514666537,-0.013546819454253,0.00414656562982903,-0.0193262471730122,0.000545677937528429,0.00978213367731466,0.00256250473224403,NaN,NaN,NaN,NaN,NaN,NaN,NaN,NaN,NaN
NaN,NaN,-0.0226923741089801,-0.017048014914811,0.00418379990636216,-0.0172891653055558,0.00127581620957547,0.00172565323979749,0.00488041760885002,NaN,NaN,NaN,NaN,NaN,NaN,NaN,NaN,NaN
NaN,NaN,-0.0254776246535281,-0.0134364391027096,0.000977386667121512,-0.0171748175198445,0.0032998409345358,0.0060118977514018,0.00239615189396621,NaN,NaN,NaN,NaN,NaN,NaN,NaN,NaN,NaN
NaN,NaN,-0.0247312813686828,-0.0167394491193894,0.00542422844349251,-0.0176502949470887,-0.000897406391838255,0.00550998938949003,0.00553208264075996,NaN,NaN,NaN,NaN,NaN,NaN,NaN,NaN,NaN
NaN,NaN,-0.0236326187538604,-0.016965574240506,-0.000599621848474877,-0.0176231003279099,0.00187067056443387,0.00244075996549024,0.00198836299144508,NaN,NaN,NaN,NaN,NaN,NaN,NaN,NaN,NaN
NaN,NaN,-0.0280049547242622,-0.014117217278302,0.00333661301313744,-0.0184153019363293,5.42190149038406e-05,0.00774037657053365,0.000310957902305139,NaN,NaN,NaN,NaN,NaN,NaN,NaN,NaN,NaN
NaN,NaN,-0.0215651012646655,-0.0173944855390194,0.00399053184567796,-0.0155479087407002,-0.000341872476080122,0.000929633208822148,0.00249690237008811,NaN,NaN,NaN,NaN,NaN,NaN,NaN,NaN,NaN
NaN,NaN,-0.0250687554168204,-0.0144370893297795,-9.32990175594264e-05,-0.0161197221750626,0.00162118787314588,0.00501853046686544,0.000158966058127892,NaN,NaN,NaN,NaN,NaN,NaN,NaN,NaN,NaN
NaN,NaN,-0.0244688719200591,-0.0180270770846012,0.00342749146996842,-0.0173882394010434,-0.00230606903884715,0.00682032299907102,0.00258586230241538,NaN,NaN,NaN,NaN,NaN,NaN,NaN,NaN,NaN
NaN,NaN,-0.0224016152011851,-0.0174614662585858,-0.00132817687214507,-0.0161497852677712,0.00114271158721143,0.0023076367166747,0.000327554070584786,NaN,NaN,NaN,NaN,NaN,NaN,NaN,NaN,NaN
NaN,NaN,-0.0270160391616325,-0.0145806061385277,0.00278586609541283,-0.0166983715171227,-0.000652766577938261,0.00778727797539129,-0.00185377103722809,NaN,NaN,NaN,NaN,NaN,NaN,NaN,NaN,NaN
NaN,NaN,-0.0202655151175956,-0.0183005133925083,0.00295620499431,-0.0146365537220845,-0.000365528069475355,0.00154631776482953,0.00133850472532989,NaN,NaN,NaN,NaN,NaN,NaN,NaN,NaN,NaN
NaN,NaN,-0.0236704304503898,-0.0151602240560654,-0.000975987927328485,-0.0149040854448685,0.00247813502695256,0.00643481133253469,-0.000276669389374244,NaN,NaN,NaN,NaN,NaN,NaN,NaN,NaN,NaN
NaN,NaN,-0.022917977689455,-0.0180707561133507,0.00302245928226815,-0.0157153977925191,-0.00148618852351016,0.00733370525510206,0.000961412214868081,NaN,NaN,NaN,NaN,NaN,NaN,NaN,NaN,NaN
NaN,NaN,-0.0204537354099254,-0.0184583353160027,-0.00091014342130317,-0.0146603397006402,0.00217811877276593,0.00277443421752347,-0.00229072896278619,NaN,NaN,NaN,NaN,NaN,NaN,NaN,NaN,NaN
NaN,NaN,-0.0244226969468097,-0.0147205094156864,0.00303221954285012,-0.0149402580136666,0.00173287207629376,0.00937158805997266,-0.00218744528926133,NaN,NaN,NaN,NaN,NaN,NaN,NaN,NaN,NaN
NaN,NaN,-0.0186796031581859,-0.0183470795212391,0.00350719405590401,-0.0126372462982545,0.000741088040134249,0.0041253734913577,0.00122009637319328,NaN,NaN,NaN,NaN,NaN,NaN,NaN,NaN,NaN
NaN,NaN,-0.0226383387732009,-0.0154778609333637,-0.00101908953608169,-0.013936590301455,0.00382402653243237,0.00754155782730474,-0.0013056504491639,NaN,NaN,NaN,NaN,NaN,NaN,NaN,NaN,NaN
NaN,NaN,-0.0228098697649936,-0.0172404261587265,0.00397872267543183,-0.0147853604430566,-0.000332466118076506,0.00964768795044317,-0.000619470602638709,NaN,NaN,NaN,NaN,NaN,NaN,NaN,NaN,NaN
NaN,NaN,-0.0197666987466315,-0.0173159564195278,0.00052476389585839,-0.0134177504951367,0.00358061606433087,0.00406182003886594,-0.00214043212569474,NaN,NaN,NaN,NaN,NaN,NaN,NaN,NaN,NaN
NaN,NaN,-0.0238184734868507,-0.0140050115345124,0.0040892334121357,-0.0137807614082703,0.00284742305423909,0.0111299064543952,-0.00268303928411721,NaN,NaN,NaN,NaN,NaN,NaN,NaN,NaN,NaN
NaN,NaN,-0.0194063886689643,-0.0171349073110226,0.00565778551875458,-0.0122345237905392,0.0022789437546938,0.00643956107766523,0.000347521626584542,NaN,NaN,NaN,NaN,NaN,NaN,NaN,NaN,NaN
NaN,NaN,-0.0225960567283134,-0.0140190186260346,0.000463855399478537,-0.0127799621695885,0.00494060779359036,0.00863848818213834,-0.00235500884688615,NaN,NaN,NaN,NaN,NaN,NaN,NaN,NaN,NaN
NaN,NaN,-0.0225618213104705,-0.01632257050854,0.00518558634697304,-0.0135908461088547,0.00137375409152204,0.0104936641243209,-0.00188994360602616,NaN,NaN,NaN,NaN,NaN,NaN,NaN,NaN,NaN
NaN,NaN,-0.0191287614094714,-0.0165394569097164,0.00382186932741509,-0.0126523337239632,0.00467402601983243,0.00566352722914113,-0.00256215361393212,NaN,NaN,NaN,NaN,NaN,NaN,NaN,NaN,NaN
NaN,NaN,-0.023715916244934,-0.0119522461948994,0.00610666437326775,-0.0135658121580491,0.00414041543748074,0.0119510721948852,-0.00327996117509125,NaN,NaN,NaN,NaN,NaN,NaN,NaN,NaN,NaN
NaN,NaN,-0.0192170694159965,-0.0169329034445885,0.00656543387352334,-0.0120781733567128,0.00293805936720067,0.0061380733338107,-0.000794335729248511,NaN,NaN,NaN,NaN,NaN,NaN,NaN,NaN,NaN
NaN,NaN,-0.0224015965747337,-0.0146097006557587,0.00131163833915101,-0.0137610173696885,0.00529054293777638,0.00904890341431989,-0.00492912856376885,NaN,NaN,NaN,NaN,NaN,NaN,NaN,NaN,NaN
NaN,NaN,-0.023724428533266,-0.0153241368291977,0.00642621977506982,-0.0147172248834977,0.00271973872925931,0.0116439965155829,-0.00342979235089539,NaN,NaN,NaN,NaN,NaN,NaN,NaN,NaN,NaN
NaN,NaN,-0.0189974635529021,-0.016326165413678,0.00337407080708848,-0.0128036922687897,0.00485205764319592,0.00543179554612531,-0.00300570530331849,NaN,NaN,NaN,NaN,NaN,NaN,NaN,NaN,NaN
NaN,NaN,-0.025205361812065,-0.0131394403336647,0.00456389127551423,-0.0135729460889706,0.00511018300797635,0.0109746922341098,-0.00407626060283898,NaN,NaN,NaN,NaN,NaN,NaN,NaN,NaN,NaN
NaN,NaN,-0.0204586341666679,-0.0173583129702214,0.0058437520104538,-0.0139458662742982,0.00333141276981526,0.00556270224721326,-0.00189076316989182,NaN,NaN,NaN,NaN,NaN,NaN,NaN,NaN,NaN
NaN,NaN,-0.0226847931432227,-0.0143290559111241,0.000646282865394217,-0.0147535650903592,0.00611474478985959,0.00717158062131299,-0.00475126457846879,NaN,NaN,NaN,NaN,NaN,NaN,NaN,NaN,NaN
NaN,NaN,-0.0234201654481391,-0.016099611884177,0.00672593800603257,-0.0155467911536107,0.0028260771408289,0.00991387856871976,-0.00299924192465066,NaN,NaN,NaN,NaN,NaN,NaN,NaN,NaN,NaN
NaN,NaN,-0.0202460504757861,-0.0175434971509579,0.0042353020447384,-0.0133799387986073,0.00425019974257642,0.00442239088685407,-0.00176933733261346,NaN,NaN,NaN,NaN,NaN,NaN,NaN,NaN,NaN
NaN,NaN,-0.0255696579503516,-0.0141021484790447,0.00483233569442139,-0.0149224324995885,0.00428305680300885,0.00917282519609823,-0.00322965112961053,NaN,NaN,NaN,NaN,NaN,NaN,NaN,NaN,NaN
NaN,NaN,-0.0206086702334384,-0.019105511373103,0.00526860444127427,-0.0148966721171746,0.00266764054443532,0.00431297911078824,-0.00123857659734009,NaN,NaN,NaN,NaN,NaN,NaN,NaN,NaN,NaN
NaN,NaN,-0.0233968451308707,-0.0161847161410454,0.00112256123005257,-0.0162878631526837,0.00523777420069867,0.00635356275112523,-0.00375765515006303,NaN,NaN,NaN,NaN,NaN,NaN,NaN,NaN,NaN
NaN,NaN,-0.0245604395555953,-0.017107377415717,0.00658145262180672,-0.016523282873095,0.0018378880098074,0.00855997768909826,-0.00066931498683213,NaN,NaN,NaN,NaN,NaN,NaN,NaN,NaN,NaN
NaN,NaN,-0.0206728011059264,-0.0195880109725598,0.00382587401448594,-0.0142244434828172,0.00381894151117497,0.00221871403725042,-0.000989652699596869,NaN,NaN,NaN,NaN,NaN,NaN,NaN,NaN,NaN
NaN,NaN,-0.0268228642332057,-0.0159746283946636,0.00390021218239175,-0.015864428030909,0.00339869151260549,0.00823667837054624,-0.00226655182874917,NaN,NaN,NaN,NaN,NaN,NaN,NaN,NaN,NaN
NaN,NaN,-0.0224496714460353,-0.0198640549836758,0.00569209544240342,-0.0155196524137864,0.00126518050577336,0.00363091571004285,0.000241872393720162,NaN,NaN,NaN,NaN,NaN,NaN,NaN,NaN,NaN
NaN,NaN,-0.0231403775202731,-0.0170077445266846,0.00122075988232003,-0.016261692988337,0.00476712102439099,0.00443596956999196,-0.00175616843140839,NaN,NaN,NaN,NaN,NaN,NaN,NaN,NaN,NaN
NaN,NaN,-0.025806139378498,-0.0190101998208168,0.00623535452662812,-0.0156172550196061,0.00092796722795659,0.00861596880228414,0.000180181586377633,NaN,NaN,NaN,NaN,NaN,NaN,NaN,NaN,NaN
NaN,NaN,-0.0217351048874358,-0.02064221224767,0.00289645133792268,-0.0141247733408818,0.0029028740003317,0.00264145998031987,-0.000322825736172187,NaN,NaN,NaN,NaN,NaN,NaN,NaN,NaN,NaN
NaN,NaN,-0.0266009486901263,-0.0169858584461811,0.00301795168100701,-0.0158645956689725,0.00324690455939465,0.00841254932553663,-0.00225738761461495,NaN,NaN,NaN,NaN,NaN,NaN,NaN,NaN,NaN
NaN,NaN,-0.0226218916165332,-0.0208340833244923,0.0052658663529049,-0.0155105254525552,0.00103141853954488,0.00404244852931394,0.000770528339974893,NaN,NaN,NaN,NaN,NaN,NaN,NaN,NaN,NaN
NaN,NaN,-0.0238601781117419,-0.0184448125122193,0.000838433338988883,-0.0148792563850293,0.00348508099462682,0.00613762629897489,-0.000975589728720176,NaN,NaN,NaN,NaN,NaN,NaN,NaN,NaN,NaN
NaN,NaN,-0.0259811721431712,-0.0192956129370335,0.00592883764087067,-0.0143559648568043,0.00104868526007825,0.00949519319207563,-0.000385540998346793,NaN,NaN,NaN,NaN,NaN,NaN,NaN,NaN,NaN
NaN,NaN,-0.0219036928998927,-0.0206176625846031,0.00305451540528641,-0.0134186631912598,0.00239127988364392,0.00316436035306348,-0.000607698685295569,NaN,NaN,NaN,NaN,NaN,NaN,NaN,NaN,NaN
NaN,NaN,-0.0280707992302875,-0.0159474151490334,0.00267487107097016,-0.0150763801211724,0.00280797222997838,0.00885917437941922,-0.00238158879316567,NaN,NaN,NaN,NaN,NaN,NaN,NaN,NaN,NaN
NaN,NaN,-0.0237536534356574,-0.0207210766432884,0.00595530582844125,-0.0130310653621564,0.000763272143861589,0.00561869336039914,0.00157066481673003,NaN,NaN,NaN,NaN,NaN,NaN,NaN,NaN,NaN
NaN,NaN,-0.0228154390739898,-0.0184984194396141,0.000814107193339927,-0.0133164225990186,0.00426484013344937,0.00623928947121991,-0.0012947539750409,NaN,NaN,NaN,NaN,NaN,NaN,NaN,NaN,NaN
NaN,NaN,-0.0268641590761642,-0.0179425502477291,0.0061905951636921,-0.0135129875416169,0.000658908136150179,0.0107836034682502,-0.00121199665106057,NaN,NaN,NaN,NaN,NaN,NaN,NaN,NaN,NaN
NaN,NaN,-0.0221205420481662,-0.020466620689452,0.00286791561423646,-0.0117165221745381,0.00156916419412785,0.00388162774712934,-0.00135011178887604,NaN,NaN,NaN,NaN,NaN,NaN,NaN,NaN,NaN
NaN,NaN,-0.0270935251998405,-0.0164665157256726,0.00255985273300515,-0.0137733480805764,0.00333720559622937,0.00932118488223447,-0.0025094035033059,NaN,NaN,NaN,NaN,NaN,NaN,NaN,NaN,NaN
NaN,NaN,-0.0224039807605247,-0.0193837346790436,0.00654775737105714,-0.012642033296288,-0.000159500889518919,0.00750745279462232,0.000951577448480142,NaN,NaN,NaN,NaN,NaN,NaN,NaN,NaN,NaN
NaN,NaN,-0.0229170277404288,-0.0174090514240864,0.00198317779480324,-0.0114687531167874,0.00452434385564023,0.00624491465957059,-0.00196871486938714,NaN,NaN,NaN,NaN,NaN,NaN,NaN,NaN,NaN
NaN,NaN,-0.025725021182249,-0.018037433391631,0.0060614952283989,-0.0128147563809762,0.00154686833169156,0.0100262146976699,-0.00218638358152627,NaN,NaN,NaN,NaN,NaN,NaN,NaN,NaN,NaN
NaN,NaN,-0.0201031110870341,-0.019089772021592,0.00421702949582444,-0.0109872407192597,0.00224806109811955,0.00292771128685369,-0.00191760388649224,NaN,NaN,NaN,NaN,NaN,NaN,NaN,NaN,NaN
NaN,NaN,-0.0250029295372466,-0.015319759613097,0.00369379384695397,-0.0125838256353745,0.00347943717982465,0.00882855249316587,-0.00262596783674477,NaN,NaN,NaN,NaN,NaN,NaN,NaN,NaN,NaN
NaN,NaN,-0.0208230234372119,-0.0194253089187744,0.00723542733370171,-0.0112046300346265,0.00150255600359136,0.00641763774425878,-0.000389601564772117,NaN,NaN,NaN,NaN,NaN,NaN,NaN,NaN,NaN
NaN,NaN,-0.0209653481530646,-0.0171710985062721,0.00227358280001984,-0.0111444665963063,0.00515416005994969,0.00478946236641301,-0.0032585407558751,NaN,NaN,NaN,NaN,NaN,NaN,NaN,NaN,NaN
NaN,NaN,-0.0249591387497882,-0.0162676783559921,0.00632595358668671,-0.0124438664788613,0.00134665260460073,0.00931436760098829,-0.00206335586941956,NaN,NaN,NaN,NaN,NaN,NaN,NaN,NaN,NaN
NaN,NaN,-0.0189887091207008,-0.0192462714670304,0.00405019236980782,-0.0107464007014642,0.00298097471143895,0.0019053426173438,-0.00128123117125748,NaN,NaN,NaN,NaN,NaN,NaN,NaN,NaN,NaN
NaN,NaN,-0.0238740734445552,-0.0150756227133873,0.00339901162563668,-0.0122600606555352,0.00509489069130116,0.00721213040621175,-0.00295694125331162,NaN,NaN,NaN,NaN,NaN,NaN,NaN,NaN,NaN
NaN,NaN,-0.0206766567813853,-0.019149060016692,0.00839550135909425,-0.0123479775065789,0.00298347065593892,0.00567518738777532,-0.00104512227214097,NaN,NaN,NaN,NaN,NaN,NaN,NaN,NaN,NaN
NaN,NaN,-0.0209394573854903,-0.0174801113365296,0.00277968211351739,-0.0118798016483197,0.00544327984001332,0.00404315633447065,-0.0031490544740033,NaN,NaN,NaN,NaN,NaN,NaN,NaN,NaN,NaN
NaN,NaN,-0.0237652577149371,-0.0168732242940071,0.00601854263125764,-0.0138915515417466,0.00324539581682378,0.00879536015660657,-0.0032495628062558,NaN,NaN,NaN,NaN,NaN,NaN,NaN,NaN,NaN
NaN,NaN,-0.0178618646847705,-0.0190829547403458,0.00393625436602936,-0.0125175899738679,0.0042495105638712,0.00301596341402425,-0.00135577423012971,NaN,NaN,NaN,NaN,NaN,NaN,NaN,NaN,NaN
NaN,NaN,-0.0229930236625175,-0.015337994909108,0.0029654250877987,-0.0139182246202836,0.00632384533431226,0.00812385795385732,-0.00351774645484208,NaN,NaN,NaN,NaN,NaN,NaN,NaN,NaN,NaN
NaN,NaN,-0.0208235263514022,-0.0193831386325958,0.00670947222291337,-0.0134040973061929,0.00359667206551724,0.00621637893588437,-0.000904939598209846,NaN,NaN,NaN,NaN,NaN,NaN,NaN,NaN,NaN
NaN,NaN,-0.0204117141353587,-0.0168447630761269,0.00217715366064416,-0.013671480017365,0.00679567197706395,0.0040003900018443,-0.00357356992996453,NaN,NaN,NaN,NaN,NaN,NaN,NaN,NaN,NaN
NaN,NaN,-0.0235190719055633,-0.0165984468815926,0.00502871437250481,-0.014637820320786,0.0034948040023058,0.0101409908917655,-0.00317701277769326,NaN,NaN,NaN,NaN,NaN,NaN,NaN,NaN,NaN
NaN,NaN,-0.0180811911510924,-0.0197918774841431,0.0043224924641739,-0.0136597081000218,0.00420627856995755,0.00328345788390531,-0.00152456713355302,NaN,NaN,NaN,NaN,NaN,NaN,NaN,NaN,NaN
NaN,NaN,-0.0232133000778655,-0.0165104368982914,0.00272551639257775,-0.015432238476933,0.00774357209350759,0.00785537628204717,-0.003966010636456,NaN,NaN,NaN,NaN,NaN,NaN,NaN,NaN,NaN
NaN,NaN,-0.0220240011500816,-0.0190062137601975,0.00754479406653748,-0.0152050143951783,0.0044941503777712,0.00663469178349866,-0.00115192634499787,NaN,NaN,NaN,NaN,NaN,NaN,NaN,NaN,NaN
NaN,NaN,-0.0212594225692252,-0.0179279471097592,0.00180807052432404,-0.015432089465321,0.0068696748688429,0.00451189098627462,-0.00287742493189095,NaN,NaN,NaN,NaN,NaN,NaN,NaN,NaN,NaN
NaN,NaN,-0.0255607917594413,-0.0177771659849289,0.00591769902287827,-0.0155874340707669,0.00510865563895398,0.0099251661983241,-0.00301926536000489,NaN,NaN,NaN,NaN,NaN,NaN,NaN,NaN,NaN
NaN,NaN,-0.0207231297778587,-0.0211783374009731,0.00553578226147996,-0.0140725820238004,0.00621782357241803,0.00401782436044111,-0.00112773058450936,NaN,NaN,NaN,NaN,NaN,NaN,NaN,NaN,NaN
NaN,NaN,-0.0263858690547446,-0.0171416314600113,0.00314051373182641,-0.0162687896663556,0.00763296822454625,0.00858877418310537,-0.00338071165121316,NaN,NaN,NaN,NaN,NaN,NaN,NaN,NaN,NaN
NaN,NaN,-0.0250636145162086,-0.0197783546803597,0.00849107368170129,-0.0155176780099282,0.00349173063780957,0.00744972942144765,-0.000676486170656669,NaN,NaN,NaN,NaN,NaN,NaN,NaN,NaN,NaN
NaN,NaN,-0.0240012921082477,-0.0192975314615372,0.00321213243781434,-0.0148079915816197,0.00736906865980321,0.00553759379060163,-0.00341602740324258,NaN,NaN,NaN,NaN,NaN,NaN,NaN,NaN,NaN
NaN,NaN,-0.0276688404070834,-0.0183514008579853,0.00636160461484299,-0.0158259085292229,0.00528910870101148,0.0108854715314616,-0.00290108052528619,NaN,NaN,NaN,NaN,NaN,NaN,NaN,NaN,NaN
NaN,NaN,-0.0232921085941295,-0.0215419443605545,0.00548545358954774,-0.0146848521108041,0.00512998292591268,0.00409868178636922,-0.00107807246483086,NaN,NaN,NaN,NaN,NaN,NaN,NaN,NaN,NaN
NaN,NaN,-0.0284400313782195,-0.0170032555518749,0.00448592094956742,-0.0150867923075566,0.00826155508305722,0.00784081039698018,-0.00389154208338975,NaN,NaN,NaN,NaN,NaN,NaN,NaN,NaN,NaN
NaN,NaN,-0.025932016937683,-0.0202356154380444,0.00826805917798386,-0.0139164551073918,0.00414235258843595,0.00815634248525991,-0.00147429434097527,NaN,NaN,NaN,NaN,NaN,NaN,NaN,NaN,NaN
NaN,NaN,-0.0241041287469367,-0.0199812339900139,0.00302706001578675,-0.0142076424235711,0.00636543820049458,0.0050116014269103,-0.00209032697118043,NaN,NaN,NaN,NaN,NaN,NaN,NaN,NaN,NaN
NaN,NaN,-0.0286151572751502,-0.0188377375064495,0.00609610317527161,-0.0147933511907468,0.00475605691220456,0.0109904874649753,-0.00266512063778161,NaN,NaN,NaN,NaN,NaN,NaN,NaN,NaN,NaN
NaN,NaN,-0.0234165332900981,-0.0218248242793682,0.00597728504120217,-0.013033170151175,0.00604985023286038,0.00406185729176893,-0.00115010095275162,NaN,NaN,NaN,NaN,NaN,NaN,NaN,NaN,NaN
NaN,NaN,-0.0280270643221835,-0.0171045461950901,0.00323431654154168,-0.0141186452383408,0.00697266051914388,0.00750285206110372,-0.0036981436375451,NaN,NaN,NaN,NaN,NaN,NaN,NaN,NaN,NaN
NaN,NaN,-0.0253167293655376,-0.0214727284668091,0.00714864669619904,-0.012874565916718,0.0029828001036852,0.00833765236408605,-0.000965605950720298,NaN,NaN,NaN,NaN,NaN,NaN,NaN,NaN,NaN
NaN,NaN,-0.0233032099592189,-0.0203246685026291,0.00238731591283189,-0.0124334542924771,0.00647805372621709,0.00436764774591817,-0.00261224014199494,NaN,NaN,NaN,NaN,NaN,NaN,NaN,NaN,NaN
NaN,NaN,-0.0277131341087321,-0.0197054321227673,0.00492785213767396,-0.013511516051949,0.0042650077715128,0.010311646440338,-0.00232308310902833,NaN,NaN,NaN,NaN,NaN,NaN,NaN,NaN,NaN
NaN,NaN,-0.0225861847090224,-0.0221083933768872,0.00578478066502915,-0.011808872121037,0.004108303435108,0.00346918223173513,-0.000875044143564689,NaN,NaN,NaN,NaN,NaN,NaN,NaN,NaN,NaN
NaN,NaN,-0.026734947382162,-0.0186130838750008,0.00178411690770493,-0.0125629453832516,0.00645342955734426,0.00705810827882184,-0.00315436301267861,NaN,NaN,NaN,NaN,NaN,NaN,NaN,NaN,NaN
NaN,NaN,-0.0248698249148826,-0.0214190284071568,0.00561699358998643,-0.0117971933359513,0.00234661365296536,0.00740351719529523,-0.000375315076477515,NaN,NaN,NaN,NaN,NaN,NaN,NaN,NaN,NaN
NaN,NaN,-0.0211608700143794,-0.0217459785102013,0.00144200487314568,-0.0120544618839631,0.00431650990988904,0.00357522262008085,-0.00094997835791825,NaN,NaN,NaN,NaN,NaN,NaN,NaN,NaN,NaN
NaN,NaN,-0.0267986498462657,-0.0199102113304737,0.00408545224248276,-0.0132227874273667,0.00345568845417195,0.0092283506479968,-0.00206696940100907,NaN,NaN,NaN,NaN,NaN,NaN,NaN,NaN,NaN
NaN,NaN,-0.0217267974900703,-0.0230053315220478,0.00430030836044656,-0.0117223708803067,0.00339911992098981,0.00321562034757032,-0.000605053729183661,NaN,NaN,NaN,NaN,NaN,NaN,NaN,NaN,NaN
NaN,NaN,-0.0252452037918071,-0.018901924258292,0.000324883444894416,-0.0124630517238984,0.00595641995217496,0.00660040048630132,-0.00258411420024155,NaN,NaN,NaN,NaN,NaN,NaN,NaN,NaN,NaN
NaN,NaN,-0.0236062809514503,-0.0222482966540459,0.00520901842295037,-0.0122317670757184,0.00149940813328916,0.00882730452091588,3.29022344279414e-05,NaN,NaN,NaN,NaN,NaN,NaN,NaN,NaN,NaN
NaN,NaN,-0.0206721864330272,-0.0221384937224987,0.00131633220492707,-0.0114668345922837,0.00339040274169141,0.00367748183877363,-0.00170956504977463,NaN,NaN,NaN,NaN,NaN,NaN,NaN,NaN,NaN
NaN,NaN,-0.0262012809204559,-0.0205072077272537,0.00346398068844186,-0.0123976915056119,0.00331738705184155,0.00992244673640622,-0.00122818303740739,NaN,NaN,NaN,NaN,NaN,NaN,NaN,NaN,NaN
NaN,NaN,-0.0215323187100391,-0.0237421566901806,0.00404359860597954,-0.0114429927343735,0.00361365938927823,0.00484126252801313,0.000851758294932855,NaN,NaN,NaN,NaN,NaN,NaN,NaN,NaN,NaN
NaN,NaN,-0.0250236048984031,-0.0203517513630989,0.00036088837562905,-0.0126134044403443,0.00490542242672139,0.00829432723791494,-0.00103662861026047,NaN,NaN,NaN,NaN,NaN,NaN,NaN,NaN,NaN
NaN,NaN,-0.0247099727081756,-0.0228608647642735,0.00538835389791833,-0.0119922681624303,0.00147893766309911,0.00958687258632077,0.000239897989861978,NaN,NaN,NaN,NaN,NaN,NaN,NaN,NaN,NaN
NaN,NaN,-0.0214595451640586,-0.0230225796161297,0.00259230001150475,-0.01185733814782,0.00388204792883092,0.0047609266427268,0.000197560065619958,NaN,NaN,NaN,NaN,NaN,NaN,NaN,NaN,NaN
NaN,NaN,-0.0266558222162227,-0.0210676403997544,0.00333441509186135,-0.0133846699172864,0.00328518191721135,0.0115233529892672,-0.000282350457079398,NaN,NaN,NaN,NaN,NaN,NaN,NaN,NaN,NaN
NaN,NaN,-0.0221353500771026,-0.0242513852475289,0.00508431433020936,-0.0119330732995877,0.00347310418631726,0.00616906774909391,0.00196677493416549,NaN,NaN,NaN,NaN,NaN,NaN,NaN,NaN,NaN
NaN,NaN,-0.0246111407565574,-0.02051864436847,0.000919011368144614,-0.0128547101194272,0.00663635993745023,0.00872150627643956,0.000320718162887109,NaN,NaN,NaN,NaN,NaN,NaN,NaN,NaN,NaN
NaN,NaN,-0.0245013005721072,-0.023136815643132,0.00702271325765954,-0.0131418554956326,0.00292565415050679,0.0116773192373027,0.00245096954070808,NaN,NaN,NaN,NaN,NaN,NaN,NaN,NaN,NaN
NaN,NaN,-0.0211124412404994,-0.0229113424478176,0.00347811816512452,-0.0127552634949097,0.00553937370326215,0.00571523425848378,0.0019623977180648,NaN,NaN,NaN,NaN,NaN,NaN,NaN,NaN,NaN
NaN,NaN,-0.0265708855974177,-0.0201844299493435,0.0039693535703312,-0.0126101820642361,0.00648664052035504,0.0133105423835029,0.000262920283906472,NaN,NaN,NaN,NaN,NaN,NaN,NaN,NaN,NaN
NaN,NaN,-0.021227329193304,-0.0247820342240933,0.00652194110928879,-0.012315139072598,0.00609697515513593,0.00858866242439641,0.00153944688402892,NaN,NaN,NaN,NaN,NaN,NaN,NaN,NaN,NaN
NaN,NaN,-0.023622616349409,-0.0209816048203114,0.00316446734844552,-0.0134546308690915,0.00789198765899831,0.00974774924785985,-0.000914662605888831,NaN,NaN,NaN,NaN,NaN,NaN,NaN,NaN,NaN
NaN,NaN,-0.0232227809416751,-0.0224409500418308,0.00884041277943955,-0.0128634459251771,0.00562375152852231,0.0115837213185538,0.000681568407647622,NaN,NaN,NaN,NaN,NaN,NaN,NaN,NaN,NaN
NaN,NaN,-0.0202292680429916,-0.0227868991253975,0.00444386242209779,-0.012374352561892,0.00834092239286595,0.00728045223028554,0.000676017725102914,NaN,NaN,NaN,NaN,NaN,NaN,NaN,NaN,NaN
NaN,NaN,-0.0254382483350734,-0.020736685609639,0.00524224801241265,-0.0137646495277295,0.00814117232706242,0.0136988666442145,-0.00200661969817399,NaN,NaN,NaN,NaN,NaN,NaN,NaN,NaN,NaN
NaN,NaN,-0.0212516367125014,-0.0242101462839249,0.00804115174590455,-0.012770406799973,0.00763352701809102,0.00814838899047269,-0.000145539170868384,NaN,NaN,NaN,NaN,NaN,NaN,NaN,NaN,NaN
NaN,NaN,-0.0230658530878524,-0.0201261664090756,0.00463873235761033,-0.0136909446591744,0.0107303049638479,0.00894355220467939,-0.00263662216699837,NaN,NaN,NaN,NaN,NaN,NaN,NaN,NaN,NaN
NaN,NaN,-0.0234796397077541,-0.0221215995309952,0.0093290591078888,-0.013559870320023,0.00681221226598912,0.0125584994045009,0.000114132189385903,NaN,NaN,NaN,NaN,NaN,NaN,NaN,NaN,NaN
NaN,NaN,-0.0203474715041618,-0.0237976262627247,0.0048197255867611,-0.012219343232573,0.0088552359714716,0.00693409336478605,-0.000987845933802116,NaN,NaN,NaN,NaN,NaN,NaN,NaN,NaN,NaN
NaN,NaN,-0.0262228876041869,-0.0211139643846157,0.00448366714893685,-0.0143040156835923,0.00998271370675259,0.0131584387806167,-0.00340708670652627,NaN,NaN,NaN,NaN,NaN,NaN,NaN,NaN,NaN
NaN,NaN,-0.0217278964507083,-0.0241738992093209,0.00786850316702233,-0.0131406820291886,0.00819999466087514,-0.00762884872286425,-0.000627256459362495,NaN,NaN,NaN,NaN,NaN,NaN,NaN,NaN,NaN
NaN,NaN,-0.023451867668579,-0.0201267624555233,0.00432787550865517,-0.0141451506788144,0.010064074046871,-0.0308747346910726,-0.00196906877196549,NaN,NaN,NaN,NaN,NaN,NaN,NaN,NaN,NaN
NaN,NaN,-0.0250683642613391,-0.0226588050184849,0.00799847854553567,-0.0137732363218674,0.00740533436085874,-0.0199767331990491,-0.00120035511887788,NaN,NaN,NaN,NaN,NaN,NaN,NaN,NaN,NaN
NaN,NaN,-0.0212469614731769,-0.0238008113859299,0.00282306311904298,-0.013608410852612,0.0086922545209139,-0.0100873168024312,-0.00200840783751725,NaN,NaN,NaN,NaN,NaN,NaN,NaN,NaN,NaN
NaN,NaN,-0.0273158132719497,-0.0209466429708603,0.00361537648617135,-0.015000998871983,0.00905923286821538,-0.0084449480685483,-0.0038604172829461,NaN,NaN,NaN,NaN,NaN,NaN,NaN,NaN,NaN
NaN,NaN,-0.0229699082362155,-0.0229728656170967,0.00753300352274285,-0.0135234928602586,0.0069365065767973,-0.0197940449628125,-0.000977601385481345,NaN,NaN,NaN,NaN,NaN,NaN,NaN,NaN,NaN
NaN,NaN,-0.0233701161729793,-0.0198883811293247,0.00266583724199639,-0.0137798673385987,0.00906878823783093,-0.0105983521255742,-0.00272165191806077,NaN,NaN,NaN,NaN,NaN,NaN,NaN,NaN,NaN
NaN,NaN,-0.0256002984630565,-0.0222144896445873,0.0051970788675438,-0.0143480486149201,0.00575283283736402,0.00040026945741071,-0.00237045017517327,NaN,NaN,NaN,NaN,NaN,NaN,NaN,NaN,NaN
NaN,NaN,-0.0221221811758975,-0.0244367370663288,0.00128639949737893,-0.0142047739500413,0.00736361110951596,-0.00927052827804194,-0.0024093794587922,NaN,NaN,NaN,NaN,NaN,NaN,NaN,NaN,NaN
NaN,NaN,-0.027540373771141,-0.0207640851197842,0.00185996381818162,-0.0155841185624013,0.00786915162946874,-0.00421979831783877,-0.00386170250809907,NaN,NaN,NaN,NaN,NaN,NaN,NaN,NaN,NaN
NaN,NaN,-0.0233629077362517,-0.0228267038522366,0.00650579197584496,-0.0128175503487,0.0046711947992056,-0.00160777377216922,-0.0005272137883973,NaN,NaN,NaN,NaN,NaN,NaN,NaN,NaN,NaN
NaN,NaN,-0.0245384789692859,-0.0210332932232025,0.00127522362648354,-0.0132817401463399,0.00794438386704617,-0.00126864196984874,-0.00206961435712098,NaN,NaN,NaN,NaN,NaN,NaN,NaN,NaN,NaN
NaN,NaN,-0.0269644438909988,-0.0233786987422112,0.0033834585386406,-0.0140229052776704,0.00483954066779309,0.000959454157661336,-0.00155114707983254,NaN,NaN,NaN,NaN,NaN,NaN,NaN,NaN,NaN
NaN,NaN,-0.022567819027851,-0.0245900327621105,-0.00015849159778251,-0.013225637274445,0.00542876983430081,-0.00278325187294589,-0.0018692682448697,NaN,NaN,NaN,NaN,NaN,NaN,NaN,NaN,NaN
NaN,NaN,-0.0281564995336036,-0.0202839324532154,0.00162888406096802,-0.0144440865988145,0.00555690119411641,0.00543518556029691,-0.00249867466724633,NaN,NaN,NaN,NaN,NaN,NaN,NaN,NaN,NaN
NaN,NaN,-0.0246114574062328,-0.0233613016365174,0.00552408484994279,-0.0128193384880433,0.00425407404448682,0.000902084687065022,0.000560068064563287,NaN,NaN,NaN,NaN,NaN,NaN,NaN,NaN,NaN
NaN,NaN,-0.0255075573610763,-0.0209499771056774,-0.000386907772432702,-0.0130043550307164,0.00615242610122853,0.000498673000644581,-0.00162602541483163,NaN,NaN,NaN,NaN,NaN,NaN,NaN,NaN,NaN
NaN,NaN,-0.027730382202814,-0.0230911435840729,0.00202231196938859,-0.0135096720332513,0.00300353134419614,0.00687646312386884,-0.0004489826921296,NaN,NaN,NaN,NaN,NaN,NaN,NaN,NaN,NaN
NaN,NaN,-0.0226050160514812,-0.0243553580997589,0.00098889781414376,-0.0125270335847745,0.00444801265742475,0.0018586088505496,-0.00102332932389497,NaN,NaN,NaN,NaN,NaN,NaN,NaN,NaN,NaN
NaN,NaN,-0.0273180670725803,-0.0208469914553765,0.00113997696219788,-0.0131728499109158,0.00568220133330518,0.00600241688759221,-0.00200572562850236,NaN,NaN,NaN,NaN,NaN,NaN,NaN,NaN,NaN
NaN,NaN,-0.0239087931501369,-0.0234912211356762,0.00486390752970086,-0.0105762853199849,0.00346787015344792,0.00435447884471311,0.000938985967271341,NaN,NaN,NaN,NaN,NaN,NaN,NaN,NaN,NaN
NaN,NaN,-0.0250083312081794,-0.0221860284267071,-0.00140283168972625,-0.011289399015368,0.00570885578539067,0.00447329697878255,-0.000591307407982337,NaN,NaN,NaN,NaN,NaN,NaN,NaN,NaN,NaN
NaN,NaN,-0.0275797500895957,-0.0234150575755242,0.00208953483282433,-0.012263040887774,0.00332472587372952,0.00990979937584295,-0.000561486459143149,NaN,NaN,NaN,NaN,NaN,NaN,NaN,NaN,NaN
NaN,NaN,-0.0223947420405845,-0.0235303925631645,0.00156333757816659,-0.0106060503894696,0.00390778968479329,0.00260685203344716,-0.00013348785675286,NaN,NaN,NaN,NaN,NaN,NaN,NaN,NaN,NaN
NaN,NaN,-0.0274487688827018,-0.0202478902695778,0.00140598131595956,-0.0116735882038483,0.00564884135868245,0.00924414587886228,-0.000596802211172568,NaN,NaN,NaN,NaN,NaN,NaN,NaN,NaN,NaN
NaN,NaN,-0.0244517914640407,-0.0241692425964478,0.00519927678881989,-0.00973321487253997,0.00408405179526502,0.0074520391014327,0.00165340351425887,NaN,NaN,NaN,NaN,NaN,NaN,NaN,NaN,NaN
NaN,NaN,-0.025196924029539,-0.0223295824883583,-0.00135151581586494,-0.0103307700628648,0.0061873879506796,0.00651091901333226,-0.000773958391315925,NaN,NaN,NaN,NaN,NaN,NaN,NaN,NaN,NaN
NaN,NaN,-0.0272241338777045,-0.0225018771646622,0.00336794270454751,-0.0115893966431031,0.00422790388014012,0.0114345048156489,0.000560775869719994,NaN,NaN,NaN,NaN,NaN,NaN,NaN,NaN,NaN
NaN,NaN,-0.0210922501670818,-0.0239222744761112,0.00295018865047799,-0.0100706889206776,0.00527044499661618,0.00527173844845189,0.00181301357709647,NaN,NaN,NaN,NaN,NaN,NaN,NaN,NaN,NaN
NaN,NaN,-0.0270750105070571,-0.0203349689303044,0.0019636572736393,-0.0115184112364659,0.00779760742928678,0.0106805246856917,0.000512626492612374,NaN,NaN,NaN,NaN,NaN,NaN,NaN,NaN,NaN
NaN,NaN,-0.0243668920981387,-0.0233773390112522,0.00480072660623894,-0.00945447002595756,0.00536083916570836,0.00865325895817174,0.00198521512114288,NaN,NaN,NaN,NaN,NaN,NaN,NaN,NaN,NaN
NaN,NaN,-0.0243544682549934,-0.0221647011397484,-0.000932513789545434,-0.0114870815450558,0.0083916794731825,0.00721343425781621,0.00112916203700782,NaN,NaN,NaN,NaN,NaN,NaN,NaN,NaN,NaN
NaN,NaN,-0.0264041229772071,-0.0225037211833599,0.00343939377247201,-0.0121868028218159,0.00633498395230466,0.0131930281010379,0.00228541763984443,NaN,NaN,NaN,NaN,NaN,NaN,NaN,NaN,NaN
NaN,NaN,-0.0210028059470157,-0.0231936821995381,0.00309199182568894,-0.0107221118087182,0.00675035382058316,0.00592491222293271,0.00390915992223502,NaN,NaN,NaN,NaN,NaN,NaN,NaN,NaN,NaN
NaN,NaN,-0.0262727878677348,-0.0196936602054241,0.00195933593689309,-0.0118447839195142,0.00838065261389905,0.0114340577808131,0.00202479633056403,NaN,NaN,NaN,NaN,NaN,NaN,NaN,NaN,NaN
NaN,NaN,-0.0232552468466262,-0.0235549422262314,0.00488428486763345,-0.0117159261280904,0.00691747034337216,0.0102606472161521,0.00332838716470481,NaN,NaN,NaN,NaN,NaN,NaN,NaN,NaN,NaN
NaN,NaN,-0.0225576489853362,-0.0206555115340355,-0.000204852835546868,-0.0122818722302327,0.00918522218610936,0.00787996319801702,0.00278220372759582,NaN,NaN,NaN,NaN,NaN,NaN,NaN,NaN,NaN
NaN,NaN,-0.0254159710990886,-0.0201391676722172,0.00386050058781014,-0.0121468304569134,0.00671468416597539,0.0126371961620559,0.0043878224726844,NaN,NaN,NaN,NaN,NaN,NaN,NaN,NaN,NaN
NaN,NaN,-0.0201202101695041,-0.0227414505837563,0.00391431240617142,-0.0112817249173531,0.00619308764483624,0.00621015770108594,0.00594078423940421,NaN,NaN,NaN,NaN,NaN,NaN,NaN,NaN,NaN
NaN,NaN,-0.0254916131185989,-0.0196587542353276,0.000917502625573737,-0.0128424352878937,0.00950041899826222,0.0112762544837703,0.00323013263308288,NaN,NaN,NaN,NaN,NaN,NaN,NaN,NaN,NaN
NaN,NaN,-0.0231875955748061,-0.0212433809695843,0.00480435876427994,-0.0131407937878976,0.00778667370226079,0.00972636608154668,0.0046123270925212,NaN,NaN,NaN,NaN,NaN,NaN,NaN,NaN,NaN
NaN,NaN,-0.0220608815240363,-0.0205990175066593,-0.000332816557299035,-0.0128204747015843,0.00889453778412038,0.00712624383838071,0.00404321449362518,NaN,NaN,NaN,NaN,NaN,NaN,NaN,NaN,NaN
NaN,NaN,-0.0250437400924663,-0.0204632679281834,0.00386584637938843,-0.0136627628380666,0.00711966047432118,0.0132591520038356,0.00524387555681945,NaN,NaN,NaN,NaN,NaN,NaN,NaN,NaN,NaN
NaN,NaN,-0.0204202264236907,-0.0222540336011055,0.00292742712675439,-0.0131559929723153,0.00683208668973142,0.00664361385376348,0.00572084310018302,NaN,NaN,NaN,NaN,NaN,NaN,NaN,NaN,NaN
NaN,NaN,-0.025548218904684,-0.0189404996393326,8.21621554981298e-05,-0.0155013053590665,0.00882504249360257,0.0104309674885978,0.00240943255388023,NaN,NaN,NaN,NaN,NaN,NaN,NaN,NaN,NaN
NaN,NaN,-0.0256545014368991,-0.0240420798121098,0.00291969714938508,-0.0159224121744046,0.00577399248625928,0.0091547202852477,0.00430685328804733,NaN,NaN,NaN,NaN,NaN,NaN,NaN,NaN,NaN
NaN,NaN,-0.0253137305068473,-0.0231106827316883,-0.00426208512605323,-0.0169034673745045,0.00687008465077573,0.00501929415137662,0.00208503427469016,NaN,NaN,NaN,NaN,NaN,NaN,NaN,NaN,NaN
NaN,NaN,-0.0313769571172694,-0.0244200105128887,-0.00117985443891181,-0.0190537608141312,0.00322866926338368,0.011428302207302,0.00117395865284683,NaN,NaN,NaN,NaN,NaN,NaN,NaN,NaN,NaN
NaN,NaN,-0.029262426464508,-0.0283158259747627,-0.00292941840113296,-0.0184329598123441,0.00138427803661519,0.00404228089125051,0.00126958685480834,NaN,NaN,NaN,NaN,NaN,NaN,NaN,NaN,NaN
NaN,NaN,-0.0356053292440871,-0.0268817568479183,-0.00698653893293037,-0.0211001372808823,0.00364694485809499,0.00787549284965886,-0.00212717009223222,NaN,NaN,NaN,NaN,NaN,NaN,NaN,NaN,NaN
NaN,NaN,-0.0355131655621032,-0.0307998122928742,-0.00404521735132827,-0.0211400351399789,0.00138915816690618,0.00704760296018018,-0.000664323097832191,NaN,NaN,NaN,NaN,NaN,NaN,NaN,NaN,NaN
NaN,NaN,-0.035841792045782,-0.031629825597823,-0.010384357587706,-0.0225031561130891,0.00029494727399045,0.00298185838134183,-0.00225308490432023,NaN,NaN,NaN,NaN,NaN,NaN,NaN,NaN,NaN
NaN,NaN,-0.0436048313664893,-0.032672441220105,-0.00876376317561759,-0.0237854010338197,-0.00229127963636226,0.0086572450187911,-0.00313603458441018,NaN,NaN,NaN,NaN,NaN,NaN,NaN,NaN,NaN
NaN,NaN,-0.0400897219466666,-0.0365575650988224,-0.0097323200267662,-0.0241460836405167,-0.00429859643433398,0.00229409528643979,-0.00381768820322274,NaN,NaN,NaN,NaN,NaN,NaN,NaN,NaN,NaN
NaN,NaN,-0.047391179172943,-0.0350345174131993,-0.0150036244255413,-0.0276945157820592,-0.00278299932930774,0.00458026868970289,-0.00773360160625695,NaN,NaN,NaN,NaN,NaN,NaN,NaN,NaN,NaN
NaN,NaN,-0.04863144007201,-0.0407630639432076,-0.0132632246774544,-0.0289791635150323,-0.00851344575736827,0.00320755509407415,-0.00565066141522645,NaN,NaN,NaN,NaN,NaN,NaN,NaN,NaN,NaN
NaN,NaN,-0.0513292953061561,-0.0431373218355778,-0.0215666732353081,-0.0318819283420453,-0.0100578393564016,-0.00340243237345324,-0.00911061791218041,NaN,NaN,NaN,NaN,NaN,NaN,NaN,NaN,NaN
NaN,NaN,-0.0619698978650073,-0.0469831439016464,-0.023373550788771,-0.0377424246544251,-0.0162038791701586,0.00152687174947156,-0.0121172438327145,NaN,NaN,NaN,NaN,NaN,NaN,NaN,NaN,NaN
NaN,NaN,-0.062668315290163,-0.0552774654982689,-0.0283143474322666,-0.0413796118373284,-0.0213264327273161,-0.00783252896993266,-0.013347688591845,NaN,NaN,NaN,NaN,NaN,NaN,NaN,NaN,NaN
NaN,NaN,-0.0756467051493625,-0.0601390624700192,-0.0387830092173923,-0.0487634352321038,-0.0227966557965071,-0.00948173361151324,-0.0189109812442136,NaN,NaN,NaN,NaN,NaN,NaN,NaN,NaN,NaN
NaN,NaN,-0.0830220721351604,-0.069718683725417,-0.042267962412249,-0.0547301395708928,-0.0316774312183649,-0.0129100437673818,-0.0201187203589749,NaN,NaN,NaN,NaN,NaN,NaN,NaN,NaN,NaN
NaN,NaN,-0.0893276847588519,-0.077062124973357,-0.0542355692547668,-0.0603687389666447,-0.0370739426240713,-0.0221532340559255,-0.0239335852626633,NaN,NaN,NaN,NaN,NaN,NaN,NaN,NaN,NaN
NaN,NaN,-0.0996480613636474,-0.0811320977566841,-0.0567564918261875,-0.0652651487762341,-0.0411238174662382,-0.0166565682205449,-0.0258858981493783,NaN,NaN,NaN,NaN,NaN,NaN,NaN,NaN,NaN
NaN,NaN,-0.0940888665306071,-0.0848559351919297,-0.0566538600784649,-0.0644966772670159,-0.0407823946103842,-0.0230770315441381,-0.0245550568167043,NaN,NaN,NaN,NaN,NaN,NaN,NaN,NaN,NaN
NaN,NaN,-0.091926410018156,-0.0753673414049748,-0.0552178165477623,-0.0619670933956513,-0.0336113784239084,-0.0164070482763539,-0.0223147789899182,NaN,NaN,NaN,NaN,NaN,NaN,NaN,NaN,NaN
NaN,NaN,-0.0754536419796447,-0.0628527315614823,-0.0381020261508335,-0.0483204795891652,-0.0270432632193357,-0.00630791666238414,-0.0115512604776692,NaN,NaN,NaN,NaN,NaN,NaN,NaN,NaN,NaN
NaN,NaN,-0.045123054801176,-0.0368301259635094,-0.0193415573400368,-0.0261611490423093,-0.00707065945122546,0.00542242644102468,0.00140569033586265,NaN,NaN,NaN,NaN,NaN,NaN,NaN,NaN,NaN
NaN,NaN,-0.00731931176657478,0.00414030008929937,0.018082913889278,0.00381981964164879,0.0188246343507975,0.037215581217121,0.0202254843946624,NaN,NaN,NaN,NaN,NaN,NaN,NaN,NaN,NaN
NaN,NaN,0.0552862592351933,0.0537288499714729,0.0685404436129223,0.0478935428982368,0.0556065116300791,0.0629673582103957,0.0490483162041831,NaN,NaN,NaN,NaN,NaN,NaN,NaN,NaN,NaN
NaN,NaN,0.12344625669842,0.124687043363034,0.127271992101062,0.102064665508806,0.105099563695452,0.106034079619955,0.0803350177642036,NaN,NaN,NaN,NaN,NaN,NaN,NaN,NaN,NaN
NaN,NaN,0.211919070066263,0.203926743352592,0.207262561603178,0.169985294443904,0.159020942844412,0.156754782476734,0.123573214286201,NaN,NaN,NaN,NaN,NaN,NaN,NaN,NaN,NaN
NaN,NaN,0.317422495068361,0.299961598003089,0.292244889720071,0.247929431599914,0.226105821527502,0.210671784409593,0.169290815019243,NaN,NaN,NaN,NaN,NaN,NaN,NaN,NaN,NaN
NaN,NaN,0.428842072219898,0.409503461206138,0.395302344991554,0.335822794688283,0.301451717711946,0.28425904554994,0.220500108325117,NaN,NaN,NaN,NaN,NaN,NaN,NaN,NaN,NaN
NaN,NaN,0.560264483870318,0.525886633777797,0.510063395782102,0.434742588651716,0.383999568618795,0.350858276763271,0.278879616880052,NaN,NaN,NaN,NaN,NaN,NaN,NaN,NaN,NaN
NaN,NaN,0.691312354834129,0.65821650751847,0.625591595603813,0.537756644291221,0.475265101738235,0.430608043500494,0.338669930123918,NaN,NaN,NaN,NaN,NaN,NaN,NaN,NaN,NaN
NaN,NaN,0.832913079143812,0.793299128645837,0.759449508919109,0.650096424025833,0.567596384532711,0.515510669031452,0.403678704523675,NaN,NaN,NaN,NaN,NaN,NaN,NaN,NaN,NaN
NaN,NaN,0.985207361013939,0.937230059290111,0.890697856380332,0.766189359230339,0.667447854973337,0.597597720154833,0.469897099309795,NaN,NaN,NaN,NaN,NaN,NaN,NaN,NaN,NaN
NaN,NaN,1.1339160509718,1.08867499359864,1.03261362849056,0.885262712938129,0.768823825962803,0.693503251352619,0.537149616056316,NaN,NaN,NaN,NaN,NaN,NaN,NaN,NaN,NaN
NaN,NaN,1.29496808055167,1.24107566975969,1.18011126382529,1.00974738608056,0.872484107710382,0.777441157081436,0.607829139107101,NaN,NaN,NaN,NaN,NaN,NaN,NaN,NaN,NaN
NaN,NaN,1.45121979418521,1.40516405307668,1.3234566719669,1.13526063050085,0.981678215064069,0.868385886826824,0.673192076855533,NaN,NaN,NaN,NaN,NaN,NaN,NaN,NaN,NaN
NaN,NaN,1.61319631043201,1.56816928961295,1.47919857962309,1.26415178189927,1.08674099410321,0.962088523485969,0.743261974775426,NaN,NaN,NaN,NaN,NaN,NaN,NaN,NaN,NaN
NaN,NaN,1.77926980781679,1.73489931353348,1.62739565683781,1.39525204907113,1.19688851500299,1.04854878602297,0.810769804292552,NaN,NaN,NaN,NaN,NaN,NaN,NaN,NaN,NaN
NaN,NaN,1.93227226737266,1.90526885294336,1.78218899382531,1.52598904455954,1.30749379957463,1.14565993292005,0.875431158119075,NaN,NaN,NaN,NaN,NaN,NaN,NaN,NaN,NaN
NaN,NaN,2.087891817869,2.06857011967319,1.93329352973281,1.66040178398543,1.41829862932112,1.22932075155647,0.94264964433872,NaN,NaN,NaN,NaN,NaN,NaN,NaN,NaN,NaN
NaN,NaN,2.22925671267634,2.23066083469409,2.07064751623451,1.79141005511337,1.53271730730679,1.31907830578954,1.00470674084985,NaN,NaN,NaN,NaN,NaN,NaN,NaN,NaN,NaN
NaN,NaN,2.35699943158155,2.37215158843416,2.20849379984914,1.92311229194456,1.64319719860699,1.41188107995064,1.06974062370621,NaN,NaN,NaN,NaN,NaN,NaN,NaN,NaN,NaN
NaN,NaN,2.46290302726751,2.49112588667291,2.33093034563838,2.05271096910292,1.75550266841795,1.49581354675562,1.13251403766238,NaN,NaN,NaN,NaN,NaN,NaN,NaN,NaN,NaN
NaN,NaN,2.5338454254282,2.58857936912197,2.43826227350413,2.17412669221812,1.86305543149259,1.59007497695954,1.19361582072937,NaN,NaN,NaN,NaN,NaN,NaN,NaN,NaN,NaN
NaN,NaN,2.58997424396997,2.65921340637821,2.52775792120277,2.28861581544334,1.96514270941164,1.67022599471481,1.25819847779834,NaN,NaN,NaN,NaN,NaN,NaN,NaN,NaN,NaN
NaN,NaN,2.6205515571249,2.71452517562526,2.58609781129538,2.38735586414987,2.0641901318207,1.75575029669077,1.31769233244025,NaN,NaN,NaN,NaN,NaN,NaN,NaN,NaN,NaN
NaN,NaN,2.63864473331099,2.75112132855672,2.6341935814756,2.47232977311069,2.15262058863785,1.84178304491312,1.3824014444884,NaN,NaN,NaN,NaN,NaN,NaN,NaN,NaN,NaN
NaN,NaN,2.65384583625322,2.77189134933966,2.66213249502956,2.54308264712745,2.23331471646573,1.91495737625034,1.44392316090428,NaN,NaN,NaN,NaN,NaN,NaN,NaN,NaN,NaN
NaN,NaN,2.66004268902664,2.78477578737754,2.67365753738462,2.59803704927617,2.3085566956773,1.9955164623049,1.5019299355384,NaN,NaN,NaN,NaN,NaN,NaN,NaN,NaN,NaN
NaN,NaN,2.66958155560618,2.78425135963577,2.67937233759343,2.63571089143807,2.37625144163515,2.06131795985372,1.56319907727205,NaN,NaN,NaN,NaN,NaN,NaN,NaN,NaN,NaN
NaN,NaN,2.67322608161097,2.77895463013071,2.67213098792611,2.65983281667286,2.43610610926892,2.12765388754876,1.61770154582822,NaN,NaN,NaN,NaN,NaN,NaN,NaN,NaN,NaN
NaN,NaN,2.67822875532632,2.77203060069102,2.66959235159932,2.67450654889399,2.48492419461157,2.19147796375425,1.67183327349388,NaN,NaN,NaN,NaN,NaN,NaN,NaN,NaN,NaN
NaN,NaN,2.686165560813,2.7622759652974,2.66346618620931,2.68702195967489,2.52215744668986,2.23953020391734,1.72122607799732,NaN,NaN,NaN,NaN,NaN,NaN,NaN,NaN,NaN
NaN,NaN,2.68920664566879,2.75660473235863,2.65641924081622,2.69785352061444,2.55366919303682,2.29397513536484,1.76392943459117,NaN,NaN,NaN,NaN,NaN,NaN,NaN,NaN,NaN
NaN,NaN,2.6999234862936,2.75188415625113,2.65393035574137,2.70514050508791,2.57986552754786,2.33056691108019,1.80735987471902,NaN,NaN,NaN,NaN,NaN,NaN,NaN,NaN,NaN
NaN,NaN,2.70823596868043,2.75191205867547,2.64228178276001,2.71350590522343,2.59878525251891,2.36584850219757,1.84258579137289,NaN,NaN,NaN,NaN,NaN,NaN,NaN,NaN,NaN
NaN,NaN,2.72044543999558,2.75623360031265,2.64831248758613,2.72118071104342,2.61378498489406,2.39868963701398,1.87514589028918,NaN,NaN,NaN,NaN,NaN,NaN,NaN,NaN,NaN
NaN,NaN,2.73713565322881,2.76268665992635,2.65258619649588,2.7309598961001,2.62460784728076,2.41791509655983,1.90395475226008,NaN,NaN,NaN,NaN,NaN,NaN,NaN,NaN,NaN
NaN,NaN,2.74959816488748,2.77516491093653,2.65808627097188,2.73886254067475,2.63483622784164,2.44482862395913,1.92551105143987,NaN,NaN,NaN,NaN,NaN,NaN,NaN,NaN,NaN
NaN,NaN,2.76644785779839,2.78881415107268,2.67073253257452,2.74588646377379,2.64573719093945,2.45839985651643,1.94799446361624,NaN,NaN,NaN,NaN,NaN,NaN,NaN,NaN,NaN
NaN,NaN,2.77960288229709,2.80507366486806,2.67902815802275,2.75401342670375,2.65107165763523,2.47363938582809,1.96322739916407,NaN,NaN,NaN,NaN,NaN,NaN,NaN,NaN,NaN
NaN,NaN,2.79115361052876,2.82516493775862,2.6953971581,2.76105495179945,2.65809705222394,2.48744210792453,1.97818065854275,NaN,NaN,NaN,NaN,NaN,NaN,NaN,NaN,NaN
NaN,NaN,2.80274298864727,2.84331797935981,2.71353673277675,2.76894358928257,2.6632059339657,2.48885058430703,1.99298138591015,NaN,NaN,NaN,NaN,NaN,NaN,NaN,NaN,NaN
NaN,NaN,2.80840461033707,2.86253846564311,2.72797240032135,2.77551259855682,2.66865407789495,2.49851225508125,2.00179952057564,NaN,NaN,NaN,NaN,NaN,NaN,NaN,NaN,NaN
NaN,NaN,2.81487335342293,2.87906476610321,2.75017665786921,2.77973435829335,2.67615778113153,2.49451235500843,2.01454267697894,NaN,NaN,NaN,NaN,NaN,NaN,NaN,NaN,NaN
NaN,NaN,2.81707466471319,2.89359902345556,2.76407053781926,2.78712041686231,2.68054678777601,2.49037940619261,2.02365833195411,NaN,NaN,NaN,NaN,NaN,NaN,NaN,NaN,NaN
NaN,NaN,2.81640534180527,2.90491025277394,2.7841739551562,2.79377974579984,2.68545053640749,2.48819636745126,2.03227017866933,NaN,NaN,NaN,NaN,NaN,NaN,NaN,NaN,NaN
NaN,NaN,2.81304444077735,2.90814326458591,2.80132563872515,2.79906975115591,2.68906509245183,2.47273583529265,2.04311040090882,NaN,NaN,NaN,NaN,NaN,NaN,NaN,NaN,NaN
NaN,NaN,2.79646749499564,2.91009092085975,2.81334126455962,2.79877737174684,2.69204370418932,2.46738913101823,2.04969568970167,NaN,NaN,NaN,NaN,NaN,NaN,NaN,NaN,NaN
NaN,NaN,2.77961416992669,2.90953268610853,2.83009003935634,2.79329208667332,2.69225585947182,2.45325953332455,2.05958696874344,NaN,NaN,NaN,NaN,NaN,NaN,NaN,NaN,NaN
NaN,NaN,2.75907742682224,2.90810500585455,2.8336723716396,2.78811577717715,2.68771575505283,2.44015725893648,2.06572034257018,NaN,NaN,NaN,NaN,NaN,NaN,NaN,NaN,NaN
NaN,NaN,2.73765378522997,2.90936538332123,2.84415850503622,2.78172934438044,2.68440879622843,2.43341453937561,2.07207164587938,NaN,NaN,NaN,NaN,NaN,NaN,NaN,NaN,NaN
NaN,NaN,2.72169734242683,2.9067975407185,2.85065516917287,2.77452314282709,2.67800332719829,2.41682228265078,2.08146470459663,NaN,NaN,NaN,NaN,NaN,NaN,NaN,NaN,NaN
NaN,NaN,2.70220913815623,2.90461601071972,2.84174248663961,2.76470765481645,2.66991488377001,2.41334161353977,2.08328717248999,NaN,NaN,NaN,NaN,NaN,NaN,NaN,NaN,NaN
NaN,NaN,2.68880403491979,2.90199808158892,2.83546067862092,2.75493320087844,2.66213148573782,2.40274096471937,2.09166270541512,NaN,NaN,NaN,NaN,NaN,NaN,NaN,NaN,NaN
NaN,NaN,2.67709250453239,2.89851627626437,2.81979428692042,2.74704808379465,2.65321641901877,2.39422826660545,2.09479379328453,NaN,NaN,NaN,NaN,NaN,NaN,NaN,NaN,NaN
NaN,NaN,2.66373404193049,2.88753952213544,2.81108239753424,2.73475347096974,2.6456853721514,2.39456656021745,2.09725626605117,NaN,NaN,NaN,NaN,NaN,NaN,NaN,NaN,NaN
NaN,NaN,2.6540085755599,2.8691255798282,2.8004412548083,2.72324169064814,2.63867920006063,2.38608917785556,2.10252844589316,NaN,NaN,NaN,NaN,NaN,NaN,NaN,NaN,NaN
NaN,NaN,2.63693150955563,2.85146232076901,2.78801219625651,2.71146591762954,2.63673722485449,2.39119437155993,2.10174419777953,NaN,NaN,NaN,NaN,NaN,NaN,NaN,NaN,NaN
NaN,NaN,2.624074433775,2.82876150065082,2.7840610229808,2.70074259499961,2.63590842226889,2.39151685131461,2.10470302822553,NaN,NaN,NaN,NaN,NaN,NaN,NaN,NaN,NaN
NaN,NaN,2.60934839847808,2.80796329804677,2.76716889901339,2.69441906372958,2.63521399090435,2.39262730447323,2.10172961326801,NaN,NaN,NaN,NaN,NaN,NaN,NaN,NaN,NaN
NaN,NaN,2.5948081620348,2.78634720795768,2.74859285069882,2.68895864496881,2.63699685896184,2.40323203248651,2.09632533463203,NaN,NaN,NaN,NaN,NaN,NaN,NaN,NaN,NaN
NaN,NaN,2.58590039688473,2.76603934668916,2.72923844022929,2.6809273102408,2.63252805659916,2.4022115078357,2.09171383502447,NaN,NaN,NaN,NaN,NaN,NaN,NaN,NaN,NaN
NaN,NaN,2.57477556246643,2.75359706335682,2.706981358065,2.67133414755517,2.62699536720659,2.411691328564,2.08096993016564,NaN,NaN,NaN,NaN,NaN,NaN,NaN,NaN,NaN
NaN,NaN,2.56856628584986,2.74321875848788,2.69899597479283,2.66167022298032,2.61893219987299,2.41290812013419,2.07465180056655,NaN,NaN,NaN,NaN,NaN,NaN,NaN,NaN,NaN
NaN,NaN,2.55721202942853,2.73814794921297,2.68086830241858,2.65636747713143,2.61143708343055,2.41303453786046,2.06244469481074,NaN,NaN,NaN,NaN,NaN,NaN,NaN,NaN,NaN
NaN,NaN,2.54138975295549,2.7353767616393,2.66804523853837,2.65316344807798,2.60416025037315,2.42044859198601,2.04999171989524,NaN,NaN,NaN,NaN,NaN,NaN,NaN,NaN,NaN
NaN,NaN,2.52918503138547,2.73191920795459,2.65806572599589,2.65274403626972,2.59535656983401,2.41493918565781,2.04038739996516,NaN,NaN,NaN,NaN,NaN,NaN,NaN,NaN,NaN
NaN,NaN,2.51052121523147,2.73464816936272,2.64721632091581,2.65972502539807,2.58924247438457,2.41952337888749,2.02698730724417,NaN,NaN,NaN,NaN,NaN,NaN,NaN,NaN,NaN
NaN,NaN,2.49147160801416,2.73381063097137,2.65145821584641,2.66739770780259,2.58483729998018,2.41548155067236,2.01981014432871,NaN,NaN,NaN,NaN,NaN,NaN,NaN,NaN,NaN
NaN,NaN,2.46442277807121,2.73251953848618,2.6486328998047,2.68120976175123,2.58222490290548,2.40869595302017,2.00939397188389,NaN,NaN,NaN,NaN,NaN,NaN,NaN,NaN,NaN
NaN,NaN,2.42905438768988,2.73034240432996,2.65231341211378,2.69477749253565,2.58035324255373,2.40925126341851,2.00049309852087,NaN,NaN,NaN,NaN,NaN,NaN,NaN,NaN,NaN
NaN,NaN,2.39419891390329,2.72040934615749,2.66030559404074,2.70882487307244,2.57814403364803,2.39764610869558,1.99663297134005,NaN,NaN,NaN,NaN,NaN,NaN,NaN,NaN,NaN
NaN,NaN,2.34671481776362,2.70984421798009,2.66133846802889,2.72674763585383,2.57754161695387,2.39466365990908,1.9881154489752,NaN,NaN,NaN,NaN,NaN,NaN,NaN,NaN,NaN
NaN,NaN,2.29796131032829,2.68744576104897,2.67256246967493,2.74043515334779,2.5789991554096,2.38893449870617,1.98459978076183,NaN,NaN,NaN,NaN,NaN,NaN,NaN,NaN,NaN
NaN,NaN,2.24009266945844,2.66150967531818,2.67157420603811,2.75470342497283,2.58128724733736,2.37932805536063,1.97746475087964,NaN,NaN,NaN,NaN,NaN,NaN,NaN,NaN,NaN
NaN,NaN,2.16471542495613,2.63165115692633,2.67263099638997,2.76553884158784,2.58304027581956,2.38084814144046,1.97076341929399,NaN,NaN,NaN,NaN,NaN,NaN,NaN,NaN,NaN
NaN,NaN,2.0822114952219,2.59241520741004,2.67336759804069,2.76943029846007,2.58519453669336,2.37364650336773,1.96787322732174,NaN,NaN,NaN,NaN,NaN,NaN,NaN,NaN,NaN
NaN,NaN,1.96987579468017,2.55360114702004,2.6634417669314,2.7699893341487,2.58917281145599,2.37661196483047,1.96131921234094,NaN,NaN,NaN,NaN,NaN,NaN,NaN,NaN,NaN
NaN,NaN,1.84372666183238,2.50392173730749,2.65806363983332,2.7660750598734,2.59529139588024,2.37670148355634,1.96046030940973,NaN,NaN,NaN,NaN,NaN,NaN,NaN,NaN,NaN
NaN,NaN,1.70437806177263,2.45232054346222,2.63668693689882,2.75989843542629,2.5985092085078,2.37414017883808,1.95589613961541,NaN,NaN,NaN,NaN,NaN,NaN,NaN,NaN,NaN
NaN,NaN,1.54841604533916,2.39715534576195,2.61629596440374,2.75197537626082,2.6017800692692,2.38190239859493,1.9520709929105,NaN,NaN,NaN,NaN,NaN,NaN,NaN,NaN,NaN
NaN,NaN,1.3858764328373,2.326476847166,2.59475180967032,2.74077180783206,2.60394355023648,2.37895344016821,1.9523812164601,NaN,NaN,NaN,NaN,NaN,NaN,NaN,NaN,NaN
NaN,NaN,1.19708261343961,2.24921803303975,2.56204336969434,2.72980326796824,2.60721826667335,2.38394989264877,1.94939036714398,NaN,NaN,NaN,NaN,NaN,NaN,NaN,NaN,NaN
NaN,NaN,0.997041937739899,2.15523855143207,2.53507165326058,2.71523959944898,2.60909804815795,2.38726016698153,1.94962098123991,NaN,NaN,NaN,NaN,NaN,NaN,NaN,NaN,NaN
NaN,NaN,0.77849839705353,2.04277783014792,2.49492608098565,2.69848065460974,2.60804820547249,2.38296894920738,1.94687611284219,NaN,NaN,NaN,NaN,NaN,NaN,NaN,NaN,NaN
NaN,NaN,0.530405257673313,1.91112031542677,2.45685119269668,2.68152210871631,2.60635310525443,2.3899640013066,1.94581446098649,NaN,NaN,NaN,NaN,NaN,NaN,NaN,NaN,NaN
NaN,NaN,0.274911270321657,1.75740051397103,2.41491805849849,2.66005812223011,2.60248377660658,2.38629080919297,1.94911732199156,NaN,NaN,NaN,NaN,NaN,NaN,NaN,NaN,NaN
NaN,NaN,-0.00337964963788787,1.5878928204717,2.35909923998891,2.6387412102049,2.59896229694035,2.38730369699867,1.94949843781554,NaN,NaN,NaN,NaN,NaN,NaN,NaN,NaN,NaN
NaN,NaN,-0.288542072443912,1.3950703417601,2.30590783147394,2.61242168034369,2.59280619884278,2.38810880673797,1.95006715925895,NaN,NaN,NaN,NaN,NaN,NaN,NaN,NaN,NaN
NaN,NaN,-0.581347822366903,1.18819960706848,2.23659051670014,2.58368693302327,2.58259663099792,2.38063634006054,1.95176313492023,NaN,NaN,NaN,NaN,NaN,NaN,NaN,NaN,NaN
NaN,NaN,-0.891059721975277,0.96313041948694,2.16652484698473,2.5547785312956,2.56860039869692,2.38332968769343,1.9544817959007,NaN,NaN,NaN,NaN,NaN,NaN,NaN,NaN,NaN
NaN,NaN,-1.20000357848282,0.71408239507097,2.08874780772506,2.52088245014602,2.55260850975659,2.37493025703103,1.96013492392861,NaN,NaN,NaN,NaN,NaN,NaN,NaN,NaN,NaN
NaN,NaN,-1.52707898166652,0.459413652652681,1.98481978936373,2.48330282057577,2.53494972104575,2.37030173284681,1.960328881168,NaN,NaN,NaN,NaN,NaN,NaN,NaN,NaN,NaN
NaN,NaN,-1.85451298129434,0.188869119966209,1.86832571489989,2.43898263211304,2.51226138065006,2.3655467909363,1.96126262518131,NaN,NaN,NaN,NaN,NaN,NaN,NaN,NaN,NaN
NaN,NaN,-2.18240453970308,-0.0857719468234184,1.72831144271671,2.38700166354829,2.48456401491906,2.35032262844713,1.96014734777176,NaN,NaN,NaN,NaN,NaN,NaN,NaN,NaN,NaN
NaN,NaN,-2.51961567547793,-0.36778396612984,1.58455772413193,2.32606844986731,2.45337936768677,2.34525116724641,1.95853228541576,NaN,NaN,NaN,NaN,NaN,NaN,NaN,NaN,NaN
NaN,NaN,-2.84751015823955,-0.663123826151908,1.43416520295917,2.2559148074215,2.41821087638285,2.32851787103088,1.95881045284235,NaN,NaN,NaN,NaN,NaN,NaN,NaN,NaN,NaN
NaN,NaN,-3.17637457620973,-0.959755579596579,1.25807218341409,2.17514824132377,2.38157316783812,2.31372330901892,1.95227566035949,NaN,NaN,NaN,NaN,NaN,NaN,NaN,NaN,NaN
NaN,NaN,-3.4775521151411,-1.26810158289057,1.06714036403476,2.07677949230128,2.34013695011284,2.29912749124439,1.94587557437383,NaN,NaN,NaN,NaN,NaN,NaN,NaN,NaN,NaN
NaN,NaN,-3.74229093190903,-1.577854740089,0.848784801496852,1.96615837524587,2.29447792956974,2.27437364501626,1.93843838619553,NaN,NaN,NaN,NaN,NaN,NaN,NaN,NaN,NaN
NaN,NaN,-3.97608296123023,-1.89102925977689,0.623252765222181,1.84524867693835,2.24544666448977,2.2580736931947,1.92904333444797,NaN,NaN,NaN,NaN,NaN,NaN,NaN,NaN,NaN
NaN,NaN,-4.17877043706055,-2.21435432008487,0.385238156600584,1.72035973529273,2.19213811422135,2.23055193764837,1.92008786695563,NaN,NaN,NaN,NaN,NaN,NaN,NaN,NaN,NaN
NaN,NaN,-4.34668063294763,-2.53189944348317,0.130632837249626,1.58370647589618,2.13817242274429,2.20365493191154,1.90647805901729,NaN,NaN,NaN,NaN,NaN,NaN,NaN,NaN,NaN
NaN,NaN,-4.46583484408135,-2.85424620530587,-0.120551249997031,1.4372960106557,2.07749729717519,2.17844712180765,1.89248361485564,NaN,NaN,NaN,NaN,NaN,NaN,NaN,NaN,NaN
NaN,NaN,-4.53271950703735,-3.16853792092782,-0.388035028294932,1.27779897312575,2.01503643507507,2.14164918852718,1.8755898517605,NaN,NaN,NaN,NaN,NaN,NaN,NaN,NaN,NaN
NaN,NaN,-4.59423401501651,-3.48180689535123,-0.655767004058968,1.10663238923007,1.94960163647678,2.11438872484238,1.85763067426645,NaN,NaN,NaN,NaN,NaN,NaN,NaN,NaN,NaN
NaN,NaN,-4.64943570193524,-3.77429776511174,-0.92579942108811,0.929314997149049,1.88004271800067,2.0761733372298,1.8407311928507,NaN,NaN,NaN,NaN,NaN,NaN,NaN,NaN,NaN
NaN,NaN,-4.70110482644911,-3.99768505862933,-1.20955711142839,0.741837825727998,1.80873421693589,2.03879399789245,1.81758184778058,NaN,NaN,NaN,NaN,NaN,NaN,NaN,NaN,NaN
NaN,NaN,-4.73954762440796,-4.19019278756362,-1.48539768444122,0.551968515021145,1.72439040357616,2.00246619624765,1.79729628237449,NaN,NaN,NaN,NaN,NaN,NaN,NaN,NaN,NaN
NaN,NaN,-4.77254471850271,-4.33844328544122,-1.77383894012989,0.356821231645881,1.63431253025677,1.95490828348071,1.77665411355459,NaN,NaN,NaN,NaN,NaN,NaN,NaN,NaN,NaN
NaN,NaN,-4.81396109905715,-4.47912114358526,-2.05976080061616,0.156673099947511,1.53880391011383,1.91666350332768,1.75408032583558,NaN,NaN,NaN,NaN,NaN,NaN,NaN,NaN,NaN
NaN,NaN,-4.85259761211152,-4.57689505687934,-2.34301810996355,-0.0440431757742772,1.43742184827473,1.86830632952721,1.73349394323789,NaN,NaN,NaN,NaN,NaN,NaN,NaN,NaN,NaN
NaN,NaN,-4.88253097158546,-4.66447465739232,-2.63436455191792,-0.250768680023612,1.33836956436183,1.82062943098814,1.71039662184679,NaN,NaN,NaN,NaN,NaN,NaN,NaN,NaN,NaN
NaN,NaN,-4.90632589083786,-4.73295393086058,-2.91257342235864,-0.458657909082831,1.22850067654993,1.77741671545179,1.68992557423674,NaN,NaN,NaN,NaN,NaN,NaN,NaN,NaN,NaN
NaN,NaN,-4.92480642270918,-4.79277190438491,-3.19475758732976,-0.668415427106083,1.11461486408856,1.7225850616184,1.66796373995506,NaN,NaN,NaN,NaN,NaN,NaN,NaN,NaN,NaN
NaN,NaN,-4.94880226549382,-4.83443005627972,-3.46323344768704,-0.882900673794211,0.99355810994651,1.67838158650072,1.64591790037715,NaN,NaN,NaN,NaN,NaN,NaN,NaN,NaN,NaN
NaN,NaN,-4.96010626774902,-4.86232044792753,-3.71086990372957,-1.09688010056561,0.869849414773247,1.62511893180878,1.62506441446506,NaN,NaN,NaN,NaN,NaN,NaN,NaN,NaN,NaN
NaN,NaN,-4.96843188178415,-4.88076415530425,-3.94033044488848,-1.31818342943734,0.746018679089805,1.57195324642331,1.60013821768128,NaN,NaN,NaN,NaN,NaN,NaN,NaN,NaN,NaN
NaN,NaN,-4.96758741435284,-4.89548223710638,-4.13335233838976,-1.53961183493084,0.610368398226759,1.52162707043559,1.57817079546415,NaN,NaN,NaN,NaN,NaN,NaN,NaN,NaN,NaN
NaN,NaN,-4.96609172892446,-4.90372520557624,-4.28220974193634,-1.76376109932608,0.474851557262203,1.45934854266913,1.55479817511999,NaN,NaN,NaN,NaN,NaN,NaN,NaN,NaN,NaN
NaN,NaN,-4.97213675749178,-4.9180392051397,-4.43123649717988,-1.99141532172507,0.336228457488081,1.4078951683429,1.52691445174181,NaN,NaN,NaN,NaN,NaN,NaN,NaN,NaN,NaN
NaN,NaN,-4.96940198463077,-4.9267900610624,-4.5413235193652,-2.21719210957235,0.19460417071726,1.34470429835589,1.50055170851313,NaN,NaN,NaN,NaN,NaN,NaN,NaN,NaN,NaN
NaN,NaN,-4.967468894242,-4.93632810807806,-4.62861299426974,-2.4475580452854,0.0563319187834471,1.28012244222433,1.47240533354246,NaN,NaN,NaN,NaN,NaN,NaN,NaN,NaN,NaN
NaN,NaN,-4.96397162896271,-4.93694235256892,-4.68893803568305,-2.67502242689079,-0.091297871224621,1.22242909488947,1.44493258419,NaN,NaN,NaN,NaN,NaN,NaN,NaN,NaN,NaN
NaN,NaN,-4.95594426166887,-4.9395238856135,-4.74812820465983,-2.89949066926783,-0.236425588630179,1.14704205287368,1.41680116625988,NaN,NaN,NaN,NaN,NaN,NaN,NaN,NaN,NaN
NaN,NaN,-4.95496667098875,-4.93224377430063,-4.79500409127892,-3.11494015147036,-0.381862821780184,1.07897101534278,1.38481777953469,NaN,NaN,NaN,NaN,NaN,NaN,NaN,NaN,NaN
NaN,NaN,-4.94711003374929,-4.93949253729564,-4.83527975069107,-3.3239417522127,-0.52912412469838,0.997381812014889,1.35555560561382,NaN,NaN,NaN,NaN,NaN,NaN,NaN,NaN,NaN
NaN,NaN,-4.94450793710227,-4.93682096398455,-4.86329980106772,-3.52651858692116,-0.673209449999073,0.913496209361862,1.32186720939838,NaN,NaN,NaN,NaN,NaN,NaN,NaN,NaN,NaN
NaN,NaN,-4.94147460085029,-4.93750773987752,-4.87937064753593,-3.73046094541496,-0.824670999102333,0.833572918602537,1.28850423591696,NaN,NaN,NaN,NaN,NaN,NaN,NaN,NaN,NaN
NaN,NaN,-4.93576158878083,-4.9392760979293,-4.88629644648851,-3.91222212453431,-0.971217791341284,0.739121107437919,1.25423057796919,NaN,NaN,NaN,NaN,NaN,NaN,NaN,NaN,NaN
NaN,NaN,-4.93407241177435,-4.94055931142551,-4.90603918121875,-4.0692415273661,-1.11850762998317,0.657841904142212,1.21649476560318,NaN,NaN,NaN,NaN,NaN,NaN,NaN,NaN,NaN
NaN,NaN,-4.92627467137451,-4.94281421101671,-4.91365665482105,-4.196036104011,-1.26984957864139,0.562888221868586,1.18123556348049,NaN,NaN,NaN,NaN,NaN,NaN,NaN,NaN,NaN
NaN,NaN,-4.92265480679149,-4.94466361275893,-4.91965921507896,-4.31366903697199,-1.41734980305288,0.468695784040998,1.14271770092212,NaN,NaN,NaN,NaN,NaN,NaN,NaN,NaN,NaN
NaN,NaN,-4.9191967874455,-4.9475364076255,-4.92509366856636,-4.41751742725319,-1.57380506654833,0.37903978122146,1.10425378056728,NaN,NaN,NaN,NaN,NaN,NaN,NaN,NaN,NaN
NaN,NaN,-4.9130165122139,-4.95005040115696,-4.92742499248804,-4.4885610788042,-1.72938369473074,0.273620137998175,1.0661063608762,NaN,NaN,NaN,NaN,NaN,NaN,NaN,NaN,NaN
NaN,NaN,-4.91210368570561,-4.95080978295785,-4.93177343072117,-4.55160137255734,-1.88729930927608,0.181258754858087,1.02207730385029,NaN,NaN,NaN,NaN,NaN,NaN,NaN,NaN,NaN
NaN,NaN,-4.90867721956844,-4.95070122799855,-4.9286477072698,-4.57293266420311,-2.05081468706582,0.0785881709841002,0.979945555799835,NaN,NaN,NaN,NaN,NaN,NaN,NaN,NaN,NaN
NaN,NaN,-4.9104877479064,-4.9463375533281,-4.93715664284051,-4.62668741111702,-2.21429266294096,-0.0249224472257386,0.93243206711971,NaN,NaN,NaN,NaN,NaN,NaN,NaN,NaN,NaN
NaN,NaN,-4.91382512372608,-4.9463300654946,-4.9385719178778,-4.66246366490668,-2.38704657440636,-0.123326232603479,0.88560224371516,NaN,NaN,NaN,NaN,NaN,NaN,NaN,NaN,NaN
NaN,NaN,-4.9165126226532,-4.94276581949574,-4.93983616964639,-4.6917501277203,-2.55959516649697,-0.235104592463661,0.838865533941619,NaN,NaN,NaN,NaN,NaN,NaN,NaN,NaN,NaN
NaN,NaN,-4.92655289468045,-4.9436559589861,-4.94677895592273,-4.72522484128422,-2.7343364085779,-0.333906089833666,0.784534279727571,NaN,NaN,NaN,NaN,NaN,NaN,NaN,NaN,NaN
NaN,NaN,-4.93322710615272,-4.9418472932933,-4.94255877943457,-4.74401930336899,-2.91274396961186,-0.442171109786917,0.733444214337699,NaN,NaN,NaN,NaN,NaN,NaN,NaN,NaN,NaN
NaN,NaN,-4.94367257800574,-4.94156163803321,-4.94711175473155,-4.77063888673729,-3.08453414847706,-0.549616435489346,0.677043896638982,NaN,NaN,NaN,NaN,NaN,NaN,NaN,NaN,NaN
NaN,NaN,-4.95701436993356,-4.94177742547375,-4.94683550582946,-4.78141602118558,-3.26229155322168,-0.649716587683846,0.621024359488123,NaN,NaN,NaN,NaN,NaN,NaN,NaN,NaN,NaN
NaN,NaN,-4.96614392024154,-4.94199157378656,-4.9413871383828,-4.8029465413565,-3.42471217995141,-0.762991489789177,0.566489313268297,NaN,NaN,NaN,NaN,NaN,NaN,NaN,NaN,NaN
NaN,NaN,-4.98138756599898,-4.94019929937106,-4.94850167916835,-4.82189588238543,-3.58109217395637,-0.8622675146374,0.506661877506607,NaN,NaN,NaN,NaN,NaN,NaN,NaN,NaN,NaN
NaN,NaN,-4.98870127943034,-4.9414879145382,-4.94491854594768,-4.83586169769114,-3.72978393246982,-0.968285066953589,0.450285662436121,NaN,NaN,NaN,NaN,NaN,NaN,NaN,NaN,NaN
NaN,NaN,-4.98950366970773,-4.94248474634272,-4.95114756660284,-4.85174005840963,-3.85337865238641,-1.07449735882013,0.390027247839801,NaN,NaN,NaN,NaN,NaN,NaN,NaN,NaN,NaN
NaN,NaN,-4.99043501090879,-4.94274665287715,-4.9552217117113,-4.86240215589351,-3.97278068845723,-1.17220974894493,0.330359496646755,NaN,NaN,NaN,NaN,NaN,NaN,NaN,NaN,NaN
NaN,NaN,-4.98396306407327,-4.94321076816899,-4.94937050999821,-4.86794969056791,-4.07512398695205,-1.28229287820189,0.27197488444411,NaN,NaN,NaN,NaN,NaN,NaN,NaN,NaN,NaN
NaN,NaN,-4.98943922218556,-4.94282620645148,-4.95447222055615,-4.87775858481473,-4.16073736061905,-1.38024258794515,0.208389934622877,NaN,NaN,NaN,NaN,NaN,NaN,NaN,NaN,NaN
NaN,NaN,-4.98623655286307,-4.94475031889063,-4.9612279227537,-4.87885251631087,-4.24712488686297,-1.48528819339602,0.149680886888139,NaN,NaN,NaN,NaN,NaN,NaN,NaN,NaN,NaN
NaN,NaN,-4.98702467527861,-4.94521383813602,-4.96885722415269,-4.88714193915075,-4.31908453141902,-1.59271271335213,0.08750916319453,NaN,NaN,NaN,NaN,NaN,NaN,NaN,NaN,NaN
NaN,NaN,-4.98955124166484,-4.94572841248494,-4.97057756321252,-4.89066323255247,-4.37675861900304,-1.68960635917513,0.0254648071762252,NaN,NaN,NaN,NaN,NaN,NaN,NaN,NaN,NaN
NaN,NaN,-4.98574770164366,-4.94659446797353,-4.97683005319656,-4.89609226574248,-4.42839803432677,-1.80206627952187,-0.0347196604076695,NaN,NaN,NaN,NaN,NaN,NaN,NaN,NaN,NaN
NaN,NaN,-4.9891201138186,-4.94602595142108,-4.96501579792918,-4.89944046353048,-4.46787869816277,-1.90367714869111,-0.0992011572185826,NaN,NaN,NaN,NaN,NaN,NaN,NaN,NaN,NaN
NaN,NaN,-4.98384271857018,-4.94724125287515,-4.96938448311509,-4.90528371174878,-4.49803065767143,-2.01128139527767,-0.158848493820794,NaN,NaN,NaN,NaN,NaN,NaN,NaN,NaN,NaN
NaN,NaN,-4.98928013366337,-4.94758096209747,-4.96522210450591,-4.91520654399937,-4.51961556708071,-2.12172941671937,-0.221828922158844,NaN,NaN,NaN,NaN,NaN,NaN,NaN,NaN,NaN
NaN,NaN,-4.94722162482018,-4.94699763751608,-4.97612366365017,-4.90608252574748,-4.53098928814385,-2.22255987482398,-0.2856706376139,NaN,NaN,NaN,NaN,NaN,NaN,NaN,NaN,NaN
NaN,NaN,-4.93443143662686,-4.94631296641213,-4.97497569681824,-4.9096063523466,-4.54233540480588,-2.33775149466722,-0.346149961924918,NaN,NaN,NaN,NaN,NaN,NaN,NaN,NaN,NaN
NaN,NaN,-4.90356688496346,-4.94578838965875,-4.98700112016619,-4.9043110198254,-4.55869108697031,-2.44011863501995,-0.411230876571305,NaN,NaN,NaN,NaN,NaN,NaN,NaN,NaN,NaN
NaN,NaN,-4.88072889965648,-4.9460767457543,-4.98466307209552,-4.91135029112047,-4.57072058951113,-2.54640371905892,-0.47153991786278,NaN,NaN,NaN,NaN,NaN,NaN,NaN,NaN,NaN
NaN,NaN,-4.828528381108,-4.94522257394177,-4.98824633570136,-4.91218259547895,-4.57232823853944,-2.65539563628166,-0.534655332094796,NaN,NaN,NaN,NaN,NaN,NaN,NaN,NaN,NaN
NaN,NaN,-4.80866552439208,-4.94131781778318,-4.9867110131842,-4.90840513248986,-4.58256664013121,-2.75168867217629,-0.598255462473996,NaN,NaN,NaN,NaN,NaN,NaN,NaN,NaN,NaN
NaN,NaN,-4.76969895061726,-4.94415432832223,-4.98122770251454,-4.88898994390911,-4.58765307699893,-2.86134328129022,-0.658636271483071,NaN,NaN,NaN,NaN,NaN,NaN,NaN,NaN,NaN
NaN,NaN,-4.71887844723339,-4.92125070340019,-4.98617093922318,-4.90382151668018,-4.5851457517371,-2.95687002497046,-0.722121048248179,NaN,NaN,NaN,NaN,NaN,NaN,NaN,NaN,NaN
NaN,NaN,-4.65438508537288,-4.9208488935886,-4.98198227869094,-4.89801432927197,-4.59412327294801,-3.05316214816897,-0.780468854582675,NaN,NaN,NaN,NaN,NaN,NaN,NaN,NaN,NaN
NaN,NaN,-4.51588026356573,-4.90039358533007,-4.98455002816142,-4.90070926015323,-4.59953351204846,-3.15206810267894,-0.841161787039406,NaN,NaN,NaN,NaN,NaN,NaN,NaN,NaN,NaN
NaN,NaN,-4.45135695037122,-4.88391321769935,-4.98505791561426,-4.89279987280315,-4.60518742238734,-3.23604665132492,-0.900467402762539,NaN,NaN,NaN,NaN,NaN,NaN,NaN,NaN,NaN
NaN,NaN,-4.34390605535979,-4.88181260100585,-4.98067410574974,-4.8949129878456,-4.60886258890484,-3.33086262824266,-0.956145442551739,NaN,NaN,NaN,NaN,NaN,NaN,NaN,NaN,NaN
NaN,NaN,-4.23681086969251,-4.84540837503058,-4.98505726368846,-4.86684277643508,-4.61489912381027,-3.41049763741224,-1.01503114355243,NaN,NaN,NaN,NaN,NaN,NaN,NaN,NaN,NaN
NaN,NaN,-4.1345162979948,-4.82842129341346,-4.98025132255376,-4.87555416290706,-4.6177733529136,-3.48742007645099,-1.06812677485383,NaN,NaN,NaN,NaN,NaN,NaN,NaN,NaN,NaN
NaN,NaN,-4.03258302357669,-4.7824488455711,-4.98172910796226,-4.87516177807993,-4.62528594096754,-3.56398153485983,-1.12256617424525,NaN,NaN,NaN,NaN,NaN,NaN,NaN,NaN,NaN
NaN,NaN,-3.82156076949711,-4.73991029582006,-4.98160246671856,-4.87326284860319,-4.60018553098295,-3.62390338810413,-1.17610016045607,NaN,NaN,NaN,NaN,NaN,NaN,NaN,NaN,NaN
NaN,NaN,-3.54005434658999,-4.71631978324634,-4.97671762393535,-4.87704854448384,-4.62471997623894,-3.69199705677359,-1.22521632490195,NaN,NaN,NaN,NaN,NaN,NaN,NaN,NaN,NaN
NaN,NaN,-3.33519014638538,-4.67950504890662,-4.98080748976887,-4.88125223656243,-4.6227717052922,-3.74342176499097,-1.27718324912227,NaN,NaN,NaN,NaN,NaN,NaN,NaN,NaN,NaN
NaN,NaN,-3.05189118829245,-4.6427444989143,-4.97605454088868,-4.88491905842966,-4.62993262594197,-3.7883073035094,-1.32379246083534,NaN,NaN,NaN,NaN,NaN,NaN,NaN,NaN,NaN
NaN,NaN,-2.78886919018502,-4.61153245217186,-4.97447974892081,-4.89278594021744,-4.63762872179601,-3.83788333641617,-1.37121175555027,NaN,NaN,NaN,NaN,NaN,NaN,NaN,NaN,NaN
NaN,NaN,-2.52798889872308,-4.5281862529276,-4.98104581521572,-4.90172756825632,-4.62739758452032,-3.8699926565799,-1.41945193660892,NaN,NaN,NaN,NaN,NaN,NaN,NaN,NaN,NaN
NaN,NaN,-2.24911696386213,-4.46011244005543,-4.94545152323068,-4.91750674312061,-4.63842040186379,-3.90984357701867,-1.46177855459488,NaN,NaN,NaN,NaN,NaN,NaN,NaN,NaN,NaN
NaN,NaN,-1.91904316764946,-4.31995290017706,-4.94859378697098,-4.92625514035171,-4.64431042110179,-3.93659997167318,-1.5084725352887,NaN,NaN,NaN,NaN,NaN,NaN,NaN,NaN,NaN
NaN,NaN,-1.60351892110581,-4.2669689158259,-4.91156577976168,-4.93542931963748,-4.63554645215724,-3.95786094846456,-1.54933537495769,NaN,NaN,NaN,NaN,NaN,NaN,NaN,NaN,NaN
NaN,NaN,-1.29324817207331,-4.12494855619055,-4.89839434535922,-4.94183428575343,-4.636689296715,-3.98757593142121,-1.59177051065005,NaN,NaN,NaN,NaN,NaN,NaN,NaN,NaN,NaN
NaN,NaN,-0.891859318284939,-4.02810784674269,-4.89246653305114,-4.94304362674302,-4.63626720269773,-4.00401438953607,-1.63387182307876,NaN,NaN,NaN,NaN,NaN,NaN,NaN,NaN,NaN
NaN,NaN,-0.51940196302409,-3.88549172005636,-4.87013608129443,-4.94814788912481,-4.64349333455417,-4.02880405443041,-1.67152972099818,NaN,NaN,NaN,NaN,NaN,NaN,NaN,NaN,NaN
NaN,NaN,-0.0777446955131988,-3.77595648787004,-4.86417556093753,-4.94625054289645,-4.64016430338476,-4.04242034437387,-1.71358854649103,NaN,NaN,NaN,NaN,NaN,NaN,NaN,NaN,NaN
NaN,NaN,0.275047876716902,-3.61391740537268,-4.82747241766871,-4.95206264768785,-4.63983724152301,-4.05408694776027,-1.75070756254233,NaN,NaN,NaN,NaN,NaN,NaN,NaN,NaN,NaN
NaN,NaN,0.659460582615187,-3.46458137652856,-4.80438440950335,-4.95681218792743,-4.64907977988575,-4.07351605030029,-1.78963312087096,NaN,NaN,NaN,NaN,NaN,NaN,NaN,NaN,NaN
NaN,NaN,1.06159205439811,-3.25683946407419,-4.79074930684389,-4.95620090504235,-4.64696903040264,-4.07962530287235,-1.83043285412229,NaN,NaN,NaN,NaN,NaN,NaN,NaN,NaN,NaN
NaN,NaN,1.43222303021078,-3.03614261246306,-4.76074894802393,-4.95634648938722,-4.65114951392267,-4.09451480390756,-1.86656012339032,NaN,NaN,NaN,NaN,NaN,NaN,NaN,NaN,NaN
NaN,NaN,1.73585637363916,-2.81262709445339,-4.74426375614227,-4.95151951898879,-4.65078955774758,-4.10356746422379,-1.90696085942424,NaN,NaN,NaN,NaN,NaN,NaN,NaN,NaN,NaN
NaN,NaN,1.97050181108837,-2.5424536193071,-4.71182042645038,-4.94246387844032,-4.64319540446255,-4.11326473014681,-1.94412232515848,NaN,NaN,NaN,NaN,NaN,NaN,NaN,NaN,NaN
NaN,NaN,2.18695194351797,-2.32888227946144,-4.69139076681555,-4.91494117294496,-4.65438721960042,-4.12636275770395,-1.98276116651929,NaN,NaN,NaN,NaN,NaN,NaN,NaN,NaN,NaN
NaN,NaN,2.37446195337301,-2.06307950115782,-4.64377948926509,-4.92916772131866,-4.64737758298967,-4.1336557771477,-2.02299985242523,NaN,NaN,NaN,NaN,NaN,NaN,NaN,NaN,NaN
NaN,NaN,2.57569105255728,-1.77092221251708,-4.60810817690314,-4.91462375958508,-4.64341348295663,-4.14865137445061,-2.05818659765161,NaN,NaN,NaN,NaN,NaN,NaN,NaN,NaN,NaN
NaN,NaN,2.74029747474318,-1.4348165566383,-4.58003280596555,-4.91245737289137,-4.65319445615266,-4.15263013350098,-2.09807698754109,NaN,NaN,NaN,NaN,NaN,NaN,NaN,NaN,NaN
NaN,NaN,2.84018705490356,-1.12586863956434,-4.49572840617717,-4.90666201327986,-4.64790916328881,-4.16266140895217,-2.13304619444049,NaN,NaN,NaN,NaN,NaN,NaN,NaN,NaN,NaN
NaN,NaN,2.91362232419973,-0.831559865391076,-4.4019867657286,-4.88069998090214,-4.65029558425401,-4.17910674022763,-2.17023243335522,NaN,NaN,NaN,NaN,NaN,NaN,NaN,NaN,NaN
NaN,NaN,2.95703566524511,-0.477164170360387,-4.33945618482054,-4.85363449891156,-4.65212958192084,-4.18007658230393,-2.20931726647056,NaN,NaN,NaN,NaN,NaN,NaN,NaN,NaN,NaN
NaN,NaN,2.9994331941319,-0.183351139193595,-4.23664698289455,-4.85600065429753,-4.64683568363641,-4.19465388538568,-2.24208095250166,NaN,NaN,NaN,NaN,NaN,NaN,NaN,NaN,NaN
NaN,NaN,3.03005539703493,0.227409818554103,-4.13382273079575,-4.83566662286466,-4.65151012202356,-4.20147498505442,-2.27823258516825,NaN,NaN,NaN,NaN,NaN,NaN,NaN,NaN,NaN
NaN,NaN,3.04947056698923,0.565837336117208,-4.04704626561822,-4.82452524815744,-4.64606963356588,-4.20120454760521,-2.3109375792507,NaN,NaN,NaN,NaN,NaN,NaN,NaN,NaN,NaN
NaN,NaN,3.06794234442835,0.934352775448739,-3.89038627879442,-4.8103412239725,-4.62964192291353,-4.20205350401132,-2.34643372846282,NaN,NaN,NaN,NaN,NaN,NaN,NaN,NaN,NaN
NaN,NaN,3.08195500525956,1.24203899257797,-3.78605138422669,-4.79734318320698,-4.64023376142237,-4.21377257811158,-2.38250040588415,NaN,NaN,NaN,NaN,NaN,NaN,NaN,NaN,NaN
NaN,NaN,3.10149620178466,1.55392981448191,-3.60489992337049,-4.78070473288244,-4.64409470816705,-4.20997512894003,-2.41110376221574,NaN,NaN,NaN,NaN,NaN,NaN,NaN,NaN,NaN
NaN,NaN,3.11312622282033,1.83797265716809,-3.4579719966811,-4.77306053032225,-4.64745661502335,-4.21030235843985,-2.44447865662611,NaN,NaN,NaN,NaN,NaN,NaN,NaN,NaN,NaN
NaN,NaN,3.12478397864228,2.11622740455884,-3.26439117924989,-4.72128493701166,-4.65605315079544,-4.21578492405145,-2.47490084869302,NaN,NaN,NaN,NaN,NaN,NaN,NaN,NaN,NaN
NaN,NaN,3.1298793189538,2.31059401609915,-3.01993451924742,-4.68740561966843,-4.66533301656697,-4.22100668208926,-2.50580807355679,NaN,NaN,NaN,NaN,NaN,NaN,NaN,NaN,NaN
NaN,NaN,3.12281004044538,2.47530008980054,-2.857078908996,-4.65852422629541,-4.67965647836778,-4.21874414565294,-2.5361260878805,NaN,NaN,NaN,NaN,NaN,NaN,NaN,NaN,NaN
NaN,NaN,3.12213466394072,2.61689185478705,-2.62386009009303,-4.60605477904028,-4.69388053079698,-4.22110590519636,-2.56029377830661,NaN,NaN,NaN,NaN,NaN,NaN,NaN,NaN,NaN
NaN,NaN,3.1166824408186,2.74989976861495,-2.39852927537383,-4.57619657729811,-4.69869323333357,-4.22221315460532,-2.58879087073243,NaN,NaN,NaN,NaN,NaN,NaN,NaN,NaN,NaN
NaN,NaN,3.11228538754707,2.85601246484536,-2.11394777433694,-4.55186547701305,-4.70528874804828,-4.21656745853155,-2.61434204084314,NaN,NaN,NaN,NaN,NaN,NaN,NaN,NaN,NaN
NaN,NaN,3.11118216145163,2.93570694827455,-1.82948017405094,-4.50180375938362,-4.70569618304823,-4.21893737646072,-2.63928580237067,NaN,NaN,NaN,NaN,NaN,NaN,NaN,NaN,NaN
NaN,NaN,3.10492315220957,3.00276237853783,-1.55085740523161,-4.45713719342893,-4.70218116676066,-4.21307542728512,-2.66438282234109,NaN,NaN,NaN,NaN,NaN,NaN,NaN,NaN,NaN
NaN,NaN,3.10391534942513,3.04842082166094,-1.25978883268059,-4.4042446649546,-4.69468491410468,-4.21240146639078,-2.68215880868471,NaN,NaN,NaN,NaN,NaN,NaN,NaN,NaN,NaN
NaN,NaN,3.09797526228552,3.08166862779278,-0.904123465583931,-4.33724720020837,-4.68146285300706,-4.21253905998795,-2.70616636750735,NaN,NaN,NaN,NaN,NaN,NaN,NaN,NaN,NaN
NaN,NaN,3.09333887773876,3.10671481617707,-0.582547131047856,-4.29334335018939,-4.67416454365108,-4.20474074216812,-2.72721937996782,NaN,NaN,NaN,NaN,NaN,NaN,NaN,NaN,NaN
NaN,NaN,3.09238676804428,3.12235012033004,-0.258247814194571,-4.21125449230021,-4.66323806231473,-4.20831886487334,-2.74631739733256,NaN,NaN,NaN,NaN,NaN,NaN,NaN,NaN,NaN
NaN,NaN,3.08580488789206,3.13852318876404,0.0750133962768208,-4.13842869912332,-4.65464355682585,-4.19963981392114,-2.76526660797632,NaN,NaN,NaN,NaN,NaN,NaN,NaN,NaN,NaN
NaN,NaN,3.08432810831194,3.14494199433345,0.41905034421264,-4.05470691611117,-4.64353336279843,-4.19786685513585,-2.77971199852861,NaN,NaN,NaN,NaN,NaN,NaN,NaN,NaN,NaN
NaN,NaN,3.07944693493967,3.14440221839565,0.751510989798893,-3.9192828162486,-4.62337255736444,-4.19612673478453,-2.80027206195033,NaN,NaN,NaN,NaN,NaN,NaN,NaN,NaN,NaN
NaN,NaN,3.07467336657768,3.1442618494572,1.09042616648852,-3.84067939584202,-4.60327027624104,-4.18575627165167,-2.81779722449816,NaN,NaN,NaN,NaN,NaN,NaN,NaN,NaN,NaN
NaN,NaN,3.07455022710686,3.14214821287411,1.41436327336608,-3.73791927461571,-4.59264891480658,-4.18887800904243,-2.83257109252251,NaN,NaN,NaN,NaN,NaN,NaN,NaN,NaN,NaN
NaN,NaN,3.06892444270973,3.14139449351448,1.72130819497882,-3.59641479318088,-4.57178816457842,-4.16762569355099,-2.8502100440625,NaN,NaN,NaN,NaN,NaN,NaN,NaN,NaN,NaN
NaN,NaN,3.06722850430136,3.13967979826945,2.0041184322375,-3.50468659763283,-4.55480864530061,-4.16618806677191,-2.86367238638438,NaN,NaN,NaN,NaN,NaN,NaN,NaN,NaN,NaN
NaN,NaN,3.06363512653237,3.1382257243337,2.23743967799722,-3.36200335984176,-4.53557946046446,-4.16318443971007,-2.88305835006274,NaN,NaN,NaN,NaN,NaN,NaN,NaN,NaN,NaN
NaN,NaN,3.06065582561617,3.13698786624688,2.44937107054769,-3.19936081756896,-4.51700009664152,-4.14956364216535,-2.89972736639417,NaN,NaN,NaN,NaN,NaN,NaN,NaN,NaN,NaN
NaN,NaN,3.06135100203877,3.13524523132461,2.621023544057,-3.01394594823068,-4.49481271465872,-4.1482654716286,-2.91428585675991,NaN,NaN,NaN,NaN,NaN,NaN,NaN,NaN,NaN
NaN,NaN,3.05557013380652,3.13394527264851,2.7495349393624,-2.89476521303004,-4.47563400750611,-4.13971971156328,-2.93145216209329,NaN,NaN,NaN,NaN,NaN,NaN,NaN,NaN,NaN
NaN,NaN,3.05363182801132,3.13131331779975,2.86307958973824,-2.7256648986513,-4.45374690254781,-4.13729490148156,-2.94483167258538,NaN,NaN,NaN,NaN,NaN,NaN,NaN,NaN,NaN
NaN,NaN,3.04849625456457,3.13027135410327,2.9384394185084,-2.56604529907054,-4.43366688003395,-4.13273298548787,-2.96465457556284,NaN,NaN,NaN,NaN,NaN,NaN,NaN,NaN,NaN
NaN,NaN,3.04124685827022,3.12862322979587,2.98524009151636,-2.36084766675776,-4.41092331220958,-4.11649615871041,-2.98023582575358,NaN,NaN,NaN,NaN,NaN,NaN,NaN,NaN,NaN
NaN,NaN,3.03922486382847,3.12739010282773,3.01957845775663,-2.16984016810602,-4.38689716418836,-4.13007437618702,-2.99365735752023,NaN,NaN,NaN,NaN,NaN,NaN,NaN,NaN,NaN
NaN,NaN,3.02942070070033,3.12529457115549,3.04654251871883,-1.94833928708977,-4.36494950463627,-4.12190516846507,-3.01203598407543,NaN,NaN,NaN,NaN,NaN,NaN,NaN,NaN,NaN
NaN,NaN,3.02516952979689,3.1237039653303,3.07124037383376,-1.75985082973784,-4.33903549125049,-4.12328991474836,-3.02620452967919,NaN,NaN,NaN,NaN,NaN,NaN,NaN,NaN,NaN
NaN,NaN,3.01842731315022,3.12172723316568,3.07599028660237,-1.49276882399863,-4.31279009466622,-4.1250334437403,-3.04367191297448,NaN,NaN,NaN,NaN,NaN,NaN,NaN,NaN,NaN
NaN,NaN,3.00919840934997,3.12066479899901,3.07715345261871,-1.28192057822889,-4.28431334232543,-4.11429566698401,-3.05926862311996,NaN,NaN,NaN,NaN,NaN,NaN,NaN,NaN,NaN
NaN,NaN,3.00270191285138,3.11831693478841,3.08044279081999,-1.04300765310472,-4.25771590580795,-4.12197064044206,-3.07343273562825,NaN,NaN,NaN,NaN,NaN,NaN,NaN,NaN,NaN
NaN,NaN,2.98911540660386,3.11650724464077,3.07693975134074,-0.807549413191737,-4.21391496693347,-4.11699825333684,-3.09156681550182,NaN,NaN,NaN,NaN,NaN,NaN,NaN,NaN,NaN
NaN,NaN,2.97822208035116,3.11416725941914,3.08186097158371,-0.561524368720711,-4.16951639836285,-4.11751433642833,-3.1050180937115,NaN,NaN,NaN,NaN,NaN,NaN,NaN,NaN,NaN
NaN,NaN,2.95528304654484,3.1127794211449,3.080286310001,-0.313465166735114,-4.11485646178577,-4.12367229717105,-3.12217728374041,NaN,NaN,NaN,NaN,NaN,NaN,NaN,NaN,NaN
NaN,NaN,2.92095345336323,3.11181410529631,3.08152258483945,-0.0615888832981,-4.0815920036063,-4.12095743598669,-3.13703044456876,NaN,NaN,NaN,NaN,NaN,NaN,NaN,NaN,NaN
NaN,NaN,2.88217627334719,3.10897621639985,3.08523262007414,0.196744166416465,-3.97189544772361,-4.12986538740127,-3.15093533275164,NaN,NaN,NaN,NaN,NaN,NaN,NaN,NaN,NaN
NaN,NaN,2.83234345618015,3.10803185530919,3.08261763392269,0.446971282464801,-3.92046882098172,-4.1354256998214,-3.16997503069676,NaN,NaN,NaN,NaN,NaN,NaN,NaN,NaN,NaN
NaN,NaN,2.78518057319646,3.1066752163412,3.08941684751092,0.737968776476919,-3.85666348298643,-4.13282429235308,-3.18319887993372,NaN,NaN,NaN,NaN,NaN,NaN,NaN,NaN,NaN
NaN,NaN,2.73789922598129,3.10303534694928,3.0896712103325,1.04372087876254,-3.79279360433672,-4.13574538560836,-3.1996999229256,NaN,NaN,NaN,NaN,NaN,NaN,NaN,NaN,NaN
NaN,NaN,2.68686315867429,3.09716704615372,3.09009637771427,1.29197504381591,-3.72119292875383,-4.1416871118757,-3.21575439674295,NaN,NaN,NaN,NaN,NaN,NaN,NaN,NaN,NaN
NaN,NaN,2.63838111314302,3.08760720618981,3.09544153599321,1.5689440631395,-3.62554349263761,-4.15038205119102,-3.23028207895792,NaN,NaN,NaN,NaN,NaN,NaN,NaN,NaN,NaN
NaN,NaN,2.57218028310065,3.08020203688163,3.09226291341959,1.82194693024212,-3.54058649649475,-4.15208348440259,-3.24739213240779,NaN,NaN,NaN,NaN,NaN,NaN,NaN,NaN,NaN
NaN,NaN,2.50374493080502,3.07108295463938,3.0984994405347,2.06934522847587,-3.46703155224774,-4.15380974667399,-3.25960272131003,NaN,NaN,NaN,NaN,NaN,NaN,NaN,NaN,NaN
NaN,NaN,2.43533824461823,3.06251800932902,3.09821354313074,2.28324245671683,-3.36063929160688,-4.15910355182617,-3.27507116971052,NaN,NaN,NaN,NaN,NaN,NaN,NaN,NaN,NaN
NaN,NaN,2.3561494507206,3.05415722855347,3.09862503869711,2.46449053297692,-3.24740512555096,-4.1560528557214,-3.28996987221278,NaN,NaN,NaN,NaN,NaN,NaN,NaN,NaN,NaN
NaN,NaN,2.27854565608626,3.04369575657862,3.10292657552539,2.6254950651055,-3.13494676982615,-4.16923706786959,-3.30218291980661,NaN,NaN,NaN,NaN,NaN,NaN,NaN,NaN,NaN
NaN,NaN,2.19468596282726,3.03547947981375,3.09901645494877,2.7616103739565,-3.03220769649003,-4.17108699115245,-3.31673056957758,NaN,NaN,NaN,NaN,NaN,NaN,NaN,NaN,NaN
NaN,NaN,2.11093555095916,3.02576137089151,3.10413479892789,2.8574692831462,-2.9112591806576,-4.1678803543958,-3.32701009837425,NaN,NaN,NaN,NaN,NaN,NaN,NaN,NaN,NaN
NaN,NaN,2.01686053428178,3.01369502522963,3.10377037240445,2.92057206864411,-2.7751731339619,-4.17290824832647,-3.33980539021529,NaN,NaN,NaN,NaN,NaN,NaN,NaN,NaN,NaN
NaN,NaN,1.9135571725977,2.99594736971873,3.10281287966548,2.96473611156398,-2.64340600257371,-4.16428150045006,-3.35239536268152,NaN,NaN,NaN,NaN,NaN,NaN,NaN,NaN,NaN
NaN,NaN,1.8099329144073,2.9683913228752,3.10717713175594,3.00140233720595,-2.5211421239898,-4.16938766272991,-3.36140896332896,NaN,NaN,NaN,NaN,NaN,NaN,NaN,NaN,NaN
NaN,NaN,1.69256522211557,2.93788849689978,3.10325114144265,3.03700163970643,-2.36439965923879,-4.1675203609678,-3.3738210718099,NaN,NaN,NaN,NaN,NaN,NaN,NaN,NaN,NaN
NaN,NaN,1.57592070180302,2.89754963793772,3.10812018899499,3.07295883084589,-2.24290723239634,-4.16394905554383,-3.38132330355681,NaN,NaN,NaN,NaN,NaN,NaN,NaN,NaN,NaN
NaN,NaN,1.46369130241995,2.85280059405583,3.10740809975444,3.10370283211523,-2.09599633028362,-4.16711121233432,-3.39269929704703,NaN,NaN,NaN,NaN,NaN,NaN,NaN,NaN,NaN
NaN,NaN,1.34082768935089,2.80585964524168,3.10604572383939,3.11816956858092,-1.95426585411284,-4.15381790505974,-3.40442179841436,NaN,NaN,NaN,NaN,NaN,NaN,NaN,NaN,NaN
NaN,NaN,1.21653185117369,2.75475544237512,3.10986608354627,3.12148697684461,-1.80855958049748,-4.14568205731242,-3.41155954775847,NaN,NaN,NaN,NaN,NaN,NaN,NaN,NaN,NaN
NaN,NaN,1.08982640209918,2.70557255798,3.10516862286507,3.12635049234086,-1.65285170336817,-4.12534934835761,-3.42206311551369,NaN,NaN,NaN,NaN,NaN,NaN,NaN,NaN,NaN
NaN,NaN,0.971746210784962,2.65571781747955,3.11005348427473,3.13031969602162,-1.50281535720084,-4.11074408697217,-3.42957188514508,NaN,NaN,NaN,NaN,NaN,NaN,NaN,NaN,NaN
NaN,NaN,0.86143282133465,2.60256813221592,3.10887780128299,3.1339747832244,-1.3148571949229,-4.09544735582798,-3.43913653073347,NaN,NaN,NaN,NaN,NaN,NaN,NaN,NaN,NaN
NaN,NaN,0.752411213548233,2.5455349622013,3.10640603391706,3.13912427063042,-1.1504335168526,-4.07502140285699,-3.44879687902964,NaN,NaN,NaN,NaN,NaN,NaN,NaN,NaN,NaN
NaN,NaN,0.652232345969727,2.48018690698761,3.1100124502021,3.14138015742355,-0.97731787969921,-4.05559319438665,-3.45345356640852,NaN,NaN,NaN,NaN,NaN,NaN,NaN,NaN,NaN
NaN,NaN,0.550859914006045,2.4106629317345,3.10516581027089,3.14372677366191,-0.798884502403477,-4.01649683149784,-3.46244261739291,NaN,NaN,NaN,NaN,NaN,NaN,NaN,NaN,NaN
NaN,NaN,0.454403896660854,2.33549696707147,3.10910336761056,3.14582681293541,-0.624438303314188,-4.0036689433667,-3.46603579027093,NaN,NaN,NaN,NaN,NaN,NaN,NaN,NaN,NaN
NaN,NaN,0.351618424834063,2.25486046948451,3.10676582245408,3.146577477557,-0.428758377932051,-3.97948638903229,-3.47187378582991,NaN,NaN,NaN,NaN,NaN,NaN,NaN,NaN,NaN
NaN,NaN,0.230845277042439,2.16946847119349,3.10215650214135,3.1490568631416,-0.217956195376852,-3.95118133532136,-3.47744078514612,NaN,NaN,NaN,NaN,NaN,NaN,NaN,NaN,NaN
NaN,NaN,0.117361944944908,2.08432342239636,3.10268813831984,3.15008655200654,-0.000469053886869613,-3.92902662413447,-3.47681722742952,NaN,NaN,NaN,NaN,NaN,NaN,NaN,NaN,NaN
NaN,NaN,-0.000596056847522654,1.99741610639709,3.09202607808887,3.15077830116206,0.193796024866363,-3.90012835519641,-3.48086177510656,NaN,NaN,NaN,NaN,NaN,NaN,NaN,NaN,NaN
NaN,NaN,-0.108404095439861,1.90296107285637,3.08758514089762,3.15291082496697,0.398872901894113,-3.86370714189737,-3.48207214055098,NaN,NaN,NaN,NaN,NaN,NaN,NaN,NaN,NaN
NaN,NaN,-0.20516526993985,1.80016189196128,3.07860042987644,3.15268555666262,0.598644574381372,-3.78894451441496,-3.4826965364579,NaN,NaN,NaN,NaN,NaN,NaN,NaN,NaN,NaN
NaN,NaN,-0.311788796602438,1.69561307259816,3.06567540480076,3.15558034936839,0.800593641795179,-3.76349415065973,-3.48292133910096,NaN,NaN,NaN,NaN,NaN,NaN,NaN,NaN,NaN
NaN,NaN,-0.400598078190039,1.58711084478515,3.06068521080791,3.15640866766626,0.998861060686371,-3.71967724891632,-3.48356991214193,NaN,NaN,NaN,NaN,NaN,NaN,NaN,NaN,NaN
NaN,NaN,-0.489406335322807,1.47805336245316,3.04519655270754,3.15706986944133,1.19723828250911,-3.67821741285055,-3.48736387816704,NaN,NaN,NaN,NaN,NaN,NaN,NaN,NaN,NaN
NaN,NaN,-0.568313143371294,1.3573720430674,3.03305655805646,3.15861752266937,1.38937204817679,-3.63013583602636,-3.48892933828271,NaN,NaN,NaN,NaN,NaN,NaN,NaN,NaN,NaN
NaN,NaN,-0.635893690555046,1.2331624081077,3.00700837834059,3.15793268392736,1.58136071378734,-3.58904821234076,-3.49262735945619,NaN,NaN,NaN,NaN,NaN,NaN,NaN,NaN,NaN
NaN,NaN,-0.703952714024732,1.11537152283806,2.97395855276166,3.16074896614009,1.76696538666632,-3.53261039959519,-3.49805248109139,NaN,NaN,NaN,NaN,NaN,NaN,NaN,NaN,NaN
NaN,NaN,-0.754841613738487,1.00114918627757,2.94781414879738,3.16001394773775,1.94317541757967,-3.46421490790575,-3.49954356578625,NaN,NaN,NaN,NaN,NaN,NaN,NaN,NaN,NaN
NaN,NaN,-0.807193434952448,0.887058669114291,2.90565468458711,3.1593386457389,2.11307229215648,-3.42322570638983,-3.50495099229253,NaN,NaN,NaN,NaN,NaN,NaN,NaN,NaN,NaN
NaN,NaN,-0.851475346057365,0.768764143222749,2.86931343464433,3.15907914201671,2.27224157864597,-3.35541586758821,-3.50925344181693,NaN,NaN,NaN,NaN,NaN,NaN,NaN,NaN,NaN
NaN,NaN,-0.885245475141952,0.656358817005336,2.82699691219508,3.15711038197333,2.41916561240699,-3.30335562484591,-3.513757038391,NaN,NaN,NaN,NaN,NaN,NaN,NaN,NaN,NaN
NaN,NaN,-0.923001310943315,0.548420020723521,2.77964053763329,3.15767552713805,2.55003634581711,-3.23766601639121,-3.52154067856706,NaN,NaN,NaN,NaN,NaN,NaN,NaN,NaN,NaN
NaN,NaN,-0.943485620586822,0.437661608094155,2.73996187461792,3.15476827333623,2.66290992239859,-3.17073685484259,-3.52289098454154,NaN,NaN,NaN,NaN,NaN,NaN,NaN,NaN,NaN
NaN,NaN,-0.96485476118202,0.327691634530007,2.68472652970134,3.15226977701241,2.75828797111656,-3.0970928202781,-3.5306814606253,NaN,NaN,NaN,NaN,NaN,NaN,NaN,NaN,NaN
NaN,NaN,-0.980759180306146,0.218642068439901,2.62788925407707,3.15100258226448,2.83120441923287,-3.03351798462002,-3.53748289076126,NaN,NaN,NaN,NaN,NaN,NaN,NaN,NaN,NaN
NaN,NaN,-0.985344994037102,0.116816119635284,2.5553227224785,3.14724788079911,2.88208624089505,-2.96424313815563,-3.54336024401224,NaN,NaN,NaN,NaN,NaN,NaN,NaN,NaN,NaN
NaN,NaN,-0.992947044937561,0.0255750802995559,2.47247062711297,3.14620450149232,2.92040988544371,-2.89335799770682,-3.55200433311499,NaN,NaN,NaN,NaN,NaN,NaN,NaN,NaN,NaN
NaN,NaN,-0.986241820423553,-0.0654893802760246,2.39658845676361,3.14105335633212,2.94027544299509,-2.79811497213571,-3.55608434555567,NaN,NaN,NaN,NaN,NaN,NaN,NaN,NaN,NaN
NaN,NaN,-0.979818414120624,-0.146630487060368,2.30447748763739,3.13540037731582,2.94947443271424,-2.70862569468348,-3.56225111660994,NaN,NaN,NaN,NaN,NaN,NaN,NaN,NaN,NaN
NaN,NaN,-0.968698273568104,-0.229093382721961,2.21901549114167,3.13124584044272,2.95808374623205,-2.62298967125147,-3.56556399864591,NaN,NaN,NaN,NaN,NaN,NaN,NaN,NaN,NaN
NaN,NaN,-0.947138472615431,-0.310102390712321,2.12515687657772,3.12549842531735,2.96360363925244,-2.54588893981903,-3.56929495138562,NaN,NaN,NaN,NaN,NaN,NaN,NaN,NaN,NaN
NaN,NaN,-0.931348159133146,-0.39068712539059,2.01591279445468,3.1198805199092,2.97165984029319,-2.43157147797077,-3.57366851670182,NaN,NaN,NaN,NaN,NaN,NaN,NaN,NaN,NaN
NaN,NaN,-0.901235594569395,-0.477498626923383,1.91240144981324,3.11189645911509,2.97823041418936,-2.35585648002355,-3.5740551645819,NaN,NaN,NaN,NaN,NaN,NaN,NaN,NaN,NaN
NaN,NaN,-0.875120117484281,-0.552545140152991,1.79356018169104,3.10422198857123,2.9833471376672,-2.25950002106159,-3.5742616760496,NaN,NaN,NaN,NaN,NaN,NaN,NaN,NaN,NaN
NaN,NaN,-0.847654129533718,-0.624794817185223,1.67704148305832,3.09586854661757,2.98944605255868,-2.16382998409002,-3.57186316651738,NaN,NaN,NaN,NaN,NaN,NaN,NaN,NaN,NaN
NaN,NaN,-0.811043615608166,-0.687823357647479,1.55499799264847,3.08538891385251,2.99433767537024,-2.06083485292523,-3.57186586735285,NaN,NaN,NaN,NaN,NaN,NaN,NaN,NaN,NaN
NaN,NaN,-0.78447240513439,-0.742874598717511,1.42963878898202,3.07545289407426,2.99938294778015,-1.94786611380308,-3.57313902256525,NaN,NaN,NaN,NaN,NaN,NaN,NaN,NaN,NaN
NaN,NaN,-0.746869287608812,-0.800968582397521,1.31501728756606,3.06445484991127,3.00412459040429,-1.85544136347501,-3.57025294703878,NaN,NaN,NaN,NaN,NaN,NaN,NaN,NaN,NaN
NaN,NaN,-0.714519369571159,-0.845729770725787,1.1894020819503,3.05453211079293,3.00635298455503,-1.74850465165703,-3.56734735099114,NaN,NaN,NaN,NaN,NaN,NaN,NaN,NaN,NaN
NaN,NaN,-0.684136255799482,-0.888427315866769,1.06936497701584,3.0446542986756,3.0114869375005,-1.63723201858132,-3.56467059952653,NaN,NaN,NaN,NaN,NaN,NaN,NaN,NaN,NaN
NaN,NaN,-0.646810635148237,-0.924966434603751,0.951891058071245,3.03412485877925,3.01540955642607,-1.53774074645965,-3.56346001056469,NaN,NaN,NaN,NaN,NaN,NaN,NaN,NaN,NaN
NaN,NaN,-0.622102125703047,-0.954330476587832,0.832099431141008,3.02286867062503,3.02048319692161,-1.42191776441662,-3.56315028992928,NaN,NaN,NaN,NaN,NaN,NaN,NaN,NaN,NaN
NaN,NaN,-0.587597387998054,-0.984973429357827,0.722467099263061,3.00958083952719,3.02481664086129,-1.31411060126751,-3.55965442163385,NaN,NaN,NaN,NaN,NaN,NaN,NaN,NaN,NaN
NaN,NaN,-0.559785581349085,-1.00271450973135,0.595779103173603,2.99304863448197,3.02992567161467,-1.20073541434734,-3.55396603373326,NaN,NaN,NaN,NaN,NaN,NaN,NaN,NaN,NaN
NaN,NaN,-0.53346314576144,-1.01841185859424,0.480662324412454,2.97204358513409,3.03762996310737,-1.07850150572388,-3.55262733203805,NaN,NaN,NaN,NaN,NaN,NaN,NaN,NaN,NaN
NaN,NaN,-0.501760571418951,-1.0296123536585,0.36857001571237,2.94362355033809,3.04418170566108,-0.969523837736536,-3.54994657588638,NaN,NaN,NaN,NaN,NaN,NaN,NaN,NaN,NaN
NaN,NaN,-0.482682372598598,-1.03199924028498,0.252298769487728,2.91245168085152,3.0514493931308,-0.843400148621489,-3.54649993730224,NaN,NaN,NaN,NaN,NaN,NaN,NaN,NaN,NaN
NaN,NaN,-0.455392982034634,-1.03575537598711,0.152742062641967,2.87370026121789,3.05986957366016,-0.721638495049168,-3.53938765031732,NaN,NaN,NaN,NaN,NaN,NaN,NaN,NaN,NaN
NaN,NaN,-0.430986798523615,-1.02652345470172,0.0448097483652721,2.82477287585789,3.06786166245486,-0.599005905857969,-3.51350895268358,NaN,NaN,NaN,NaN,NaN,NaN,NaN,NaN,NaN
NaN,NaN,-0.412018365381906,-1.01623781642896,-0.0556198498767723,2.7687804215675,3.07823197657611,-0.465279327652145,-3.51506215659416,NaN,NaN,NaN,NaN,NaN,NaN,NaN,NaN,NaN
NaN,NaN,-0.387168145893762,-1.00211365765911,-0.155902485416542,2.71185008819157,3.08817952612784,-0.346340885332514,-3.49645177972949,NaN,NaN,NaN,NaN,NaN,NaN,NaN,NaN,NaN
NaN,NaN,-0.372649944542597,-0.980751501983226,-0.260225626693379,2.65604617084318,3.09708734715726,-0.208893617561747,-3.48461394337452,NaN,NaN,NaN,NaN,NaN,NaN,NaN,NaN,NaN
NaN,NaN,-0.349449041454742,-0.960857799863637,-0.353354866669785,2.59950757036859,3.10799281785633,-0.0804968680652867,-3.46636685681976,NaN,NaN,NaN,NaN,NaN,NaN,NaN,NaN,NaN
NaN,NaN,-0.330273780195663,-0.930917064314902,-0.450262184308182,2.54346091310435,3.1175708744898,0.0792832915273417,-3.45121870887912,NaN,NaN,NaN,NaN,NaN,NaN,NaN,NaN,NaN
NaN,NaN,-0.316177076815317,-0.902335091149628,-0.530446971820008,2.48696284378821,3.1290607687309,0.209133053251814,-3.43392188800014,NaN,NaN,NaN,NaN,NaN,NaN,NaN,NaN,NaN
NaN,NaN,-0.293687983571241,-0.872333801007092,-0.605008768902432,2.42546720440441,3.13757961357381,0.344814477541756,-3.41465999511517,NaN,NaN,NaN,NaN,NaN,NaN,NaN,NaN,NaN
NaN,NaN,-0.283328696309278,-0.836309759533227,-0.679718627647768,2.36143898229057,3.14545111472156,0.479392862000774,-3.39790488732494,NaN,NaN,NaN,NaN,NaN,NaN,NaN,NaN,NaN
NaN,NaN,-0.261935918747137,-0.805107473051369,-0.735705643014323,2.28903708989674,3.15396984780576,0.63129557860763,-3.37148769897855,NaN,NaN,NaN,NaN,NaN,NaN,NaN,NaN,NaN
NaN,NaN,-0.244538459150741,-0.766165635204137,-0.793527401105772,2.20801239843422,3.15892575050141,0.77637190563352,-3.34651106176413,NaN,NaN,NaN,NaN,NaN,NaN,NaN,NaN,NaN
NaN,NaN,-0.233382201908777,-0.730996715491832,-0.83723952905954,2.12014060477668,3.16403791049864,0.911094775476765,-3.32924469513334,NaN,NaN,NaN,NaN,NaN,NaN,NaN,NaN,NaN
NaN,NaN,-0.212102747677515,-0.698201085096419,-0.876215676830422,2.02596742669994,3.16637996325638,1.03969999221833,-3.3005334171418,NaN,NaN,NaN,NaN,NaN,NaN,NaN,NaN,NaN
NaN,NaN,-0.201259154050301,-0.65951929113847,-0.916526260839116,1.92753313119465,3.16590169186141,1.17355321166785,-3.27824411121643,NaN,NaN,NaN,NaN,NaN,NaN,NaN,NaN,NaN
NaN,NaN,-0.181584089218328,-0.627632873719752,-0.937563384936463,1.82455969984585,3.16594687963273,1.29717561049135,-3.24734564078487,NaN,NaN,NaN,NaN,NaN,NaN,NaN,NaN,NaN
NaN,NaN,-0.164515647261093,-0.590437638228953,-0.964711698756825,1.71502618129307,3.16266253332045,1.41461734292776,-3.2208163584534,NaN,NaN,NaN,NaN,NaN,NaN,NaN,NaN,NaN
NaN,NaN,-0.153572364865492,-0.55856077617985,-0.978271438793551,1.59901125366741,3.15984995777156,1.53646901814015,-3.19013753113783,NaN,NaN,NaN,NaN,NaN,NaN,NaN,NaN,NaN
NaN,NaN,-0.132339867918442,-0.528462255960524,-0.989834181086432,1.48096233616525,3.15469030032303,1.6376932021764,-3.1567194606129,NaN,NaN,NaN,NaN,NaN,NaN,NaN,NaN,NaN
NaN,NaN,-0.120458780943106,-0.493661078280032,-1.00361147807659,1.36436855430657,3.14832454288747,1.74568027822049,-3.11107692447937,NaN,NaN,NaN,NaN,NaN,NaN,NaN,NaN,NaN
NaN,NaN,-0.0994061410116653,-0.465606960123599,-1.00045801983894,1.24541603038961,3.14358107487108,1.84388153819115,-3.08752219331897,NaN,NaN,NaN,NaN,NaN,NaN,NaN,NaN,NaN
NaN,NaN,-0.0806267849790553,-0.432748204684079,-1.00342495279134,1.11910203481966,3.13536517063524,1.93029767466457,-3.04886845079697,NaN,NaN,NaN,NaN,NaN,NaN,NaN,NaN,NaN
NaN,NaN,-0.0677016853975753,-0.404045438980878,-0.996902304754864,0.983172375810682,3.12892989928271,2.0201944429961,-3.01634580967463,NaN,NaN,NaN,NaN,NaN,NaN,NaN,NaN,NaN
NaN,NaN,-0.0434567510771255,-0.379197491919816,-0.988152063505065,0.846222043139278,3.12116404736783,2.08820462790997,-2.98147012618817,NaN,NaN,NaN,NaN,NaN,NaN,NaN,NaN,NaN
NaN,NaN,-0.027665152369688,-0.347529320633233,-0.981090310083043,0.709107350659906,3.11163259411599,2.1596729998079,-2.94944309768713,NaN,NaN,NaN,NaN,NaN,NaN,NaN,NaN,NaN
NaN,NaN,-0.00548587289328376,-0.323699383652032,-0.958317070321452,0.581977199864923,3.10363223517682,2.2210270595339,-2.91227757138646,NaN,NaN,NaN,NaN,NaN,NaN,NaN,NaN,NaN
NaN,NaN,0.0177812472296258,-0.295378441577971,-0.941356419639002,0.457774121416151,3.09133618811514,2.26899030251176,-2.87954609048999,NaN,NaN,NaN,NaN,NaN,NaN,NaN,NaN,NaN
NaN,NaN,0.0328377902818223,-0.271734005427182,-0.916382334248435,0.335767641765415,3.07962128634002,2.32161032600076,-2.83957799104489,NaN,NaN,NaN,NaN,NaN,NaN,NaN,NaN,NaN
NaN,NaN,0.0601044565749665,-0.24956161773783,-0.887974704669129,0.222572572631179,3.06454645211246,2.35878334013493,-2.79717485559619,NaN,NaN,NaN,NaN,NaN,NaN,NaN,NaN,NaN
NaN,NaN,0.0787973299932977,-0.221703095948518,-0.862500126526963,0.112650971961557,3.04688954467322,2.40149558154614,-2.77075815153755,NaN,NaN,NaN,NaN,NaN,NaN,NaN,NaN,NaN
NaN,NaN,0.101945278079559,-0.203495590603173,-0.821989215032469,0.0144760311668506,3.03051741535213,2.44012363819153,-2.72657380578554,NaN,NaN,NaN,NaN,NaN,NaN,NaN,NaN,NaN
NaN,NaN,0.12493344846492,-0.180493264114678,-0.789016037301432,-0.0766617617482552,3.00875868389752,2.47161701885731,-2.69125466374195,NaN,NaN,NaN,NaN,NaN,NaN,NaN,NaN,NaN
NaN,NaN,0.139743302793552,-0.159978146320403,-0.751163269446503,-0.166280716555775,2.98954212779548,2.51016872567804,-2.65237669599689,NaN,NaN,NaN,NaN,NaN,NaN,NaN,NaN,NaN
NaN,NaN,0.165983316333344,-0.141893463796199,-0.709849874542366,-0.248582325773896,2.96704357231404,2.53983362210662,-2.61318133351839,NaN,NaN,NaN,NaN,NaN,NaN,NaN,NaN,NaN
NaN,NaN,0.180762194873144,-0.118659591889203,-0.67519904957832,-0.327776763486327,2.94360352421548,2.5721252393511,-2.57460045767463,NaN,NaN,NaN,NaN,NaN,NaN,NaN,NaN,NaN
NaN,NaN,0.197833617062618,-0.104062134986937,-0.628970748798262,-0.395581275122822,2.91941709557917,2.5989182722357,-2.52876960811651,NaN,NaN,NaN,NaN,NaN,NaN,NaN,NaN,NaN
NaN,NaN,0.215438389064123,-0.0843564855216149,-0.592892411218297,-0.456430502134026,2.89026491085436,2.62168739555151,-2.48726842132843,NaN,NaN,NaN,NaN,NaN,NaN,NaN,NaN,NaN
NaN,NaN,0.222790063203623,-0.06701557583195,-0.554857290403258,-0.514619965004385,2.86198869089033,2.65002752287061,-2.44397415918744,NaN,NaN,NaN,NaN,NaN,NaN,NaN,NaN,NaN
NaN,NaN,0.239768874676277,-0.0521785641370419,-0.514823532716643,-0.563339460539282,2.82825389618423,2.66985543636353,-2.39806191203631,NaN,NaN,NaN,NaN,NaN,NaN,NaN,NaN,NaN
NaN,NaN,0.245886416019251,-0.0313494416235092,-0.484222452209603,-0.610941126840771,2.78608727941658,2.69143403140576,-2.35143241611756,NaN,NaN,NaN,NaN,NaN,NaN,NaN,NaN,NaN
NaN,NaN,0.253454771668961,-0.0194494115470055,-0.443299579487454,-0.64775342111534,2.7445642438009,2.70938931597144,-2.29962640581167,NaN,NaN,NaN,NaN,NaN,NaN,NaN,NaN,NaN
NaN,NaN,0.26007627028351,-0.00121312833410532,-0.414297132806193,-0.682121999459923,2.69664212802794,2.72178600175054,-2.24985140515006,NaN,NaN,NaN,NaN,NaN,NaN,NaN,NaN,NaN
NaN,NaN,0.258508314223339,0.0155799960436222,-0.383022165910612,-0.715655069696368,2.65003476033356,2.742526257464,-2.18757654679454,NaN,NaN,NaN,NaN,NaN,NaN,NaN,NaN,NaN
NaN,NaN,0.267249298126747,0.0299121005179283,-0.348783711956154,-0.741193182664574,2.59946776295449,2.75405407516034,-2.13939919275678,NaN,NaN,NaN,NaN,NaN,NaN,NaN,NaN,NaN
NaN,NaN,0.264288102121403,0.0511312422992584,-0.325231420860897,-0.766773242401541,2.54462772721793,2.77049668697388,-2.07951110926903,NaN,NaN,NaN,NaN,NaN,NaN,NaN,NaN,NaN
NaN,NaN,0.263808564127733,0.0645378356518146,-0.291494372354161,-0.78360695381707,2.48891697937991,2.7869689148453,-2.01919478503502,NaN,NaN,NaN,NaN,NaN,NaN,NaN,NaN,NaN
NaN,NaN,0.264454920620968,0.0843217162134048,-0.267427506909977,-0.79836921756214,2.42818155998733,2.79632181493313,-1.95856821862496,NaN,NaN,NaN,NaN,NaN,NaN,NaN,NaN,NaN
NaN,NaN,0.256272227348139,0.103189790034473,-0.241148284689795,-0.812808144735754,2.3687804837003,2.81537049082787,-1.89757998240627,NaN,NaN,NaN,NaN,NaN,NaN,NaN,NaN,NaN
NaN,NaN,0.259673976184179,0.119626981550634,-0.210791899876009,-0.819259378957213,2.30648170898106,2.82481337530286,-1.8308111573521,NaN,NaN,NaN,NaN,NaN,NaN,NaN,NaN,NaN
NaN,NaN,0.253163118691494,0.142510210508287,-0.190253685281884,-0.824595224010409,2.2401935208812,2.83853404788048,-1.76602005166448,NaN,NaN,NaN,NaN,NaN,NaN,NaN,NaN,NaN
NaN,NaN,0.248387948454668,0.157726754778802,-0.157931427524697,-0.822737757014693,2.17336782927062,2.85258008731277,-1.69584036943949,NaN,NaN,NaN,NaN,NaN,NaN,NaN,NaN,NaN
NaN,NaN,0.247177098722508,0.178903949791372,-0.134681276099097,-0.819130055504502,2.10279913360622,2.86035495443017,-1.62824600142873,NaN,NaN,NaN,NaN,NaN,NaN,NaN,NaN,NaN
NaN,NaN,0.237543628395846,0.199345902884185,-0.108647271112811,-0.81402592350787,2.03248899171497,2.87682314036162,-1.55883300257362,NaN,NaN,NaN,NaN,NaN,NaN,NaN,NaN,NaN
NaN,NaN,0.238512390137961,0.215985359037101,-0.0784893883925785,-0.80036528398341,1.95990910495069,2.88354749424131,-1.48566835699118,NaN,NaN,NaN,NaN,NaN,NaN,NaN,NaN,NaN
NaN,NaN,0.229473681033899,0.237346080476224,-0.058978739247929,-0.786981936442317,1.88248922789838,2.89411457819612,-1.41748490882552,NaN,NaN,NaN,NaN,NaN,NaN,NaN,NaN,NaN
NaN,NaN,0.222167976976683,0.2507023637833,-0.0278710006338467,-0.768259875374497,1.80269395674016,2.90658228663475,-1.34318190766013,NaN,NaN,NaN,NaN,NaN,NaN,NaN,NaN,NaN
NaN,NaN,0.220548481525232,0.267743499362647,-0.00528413714588775,-0.74588147913164,1.71716298649456,2.91094283206136,-1.27267315191663,NaN,NaN,NaN,NaN,NaN,NaN,NaN,NaN,NaN
NaN,NaN,0.208318427981188,0.285083943391025,0.0181323484915386,-0.723732560771168,1.62789681667831,2.92482881439597,-1.20129148615039,NaN,NaN,NaN,NaN,NaN,NaN,NaN,NaN,NaN
NaN,NaN,0.206608501107742,0.294966877782523,0.0458216117161404,-0.694368071752251,1.52842739338424,2.92886743886144,-1.12643321183956,NaN,NaN,NaN,NaN,NaN,NaN,NaN,NaN,NaN
NaN,NaN,0.195684515715887,0.311200854712903,0.0633317240911614,-0.666657853769721,1.42399027685072,2.93566911114128,-1.05597163689769,NaN,NaN,NaN,NaN,NaN,NaN,NaN,NaN,NaN
NaN,NaN,0.186122738601019,0.318673097872913,0.0899732121664177,-0.634744297611178,1.3201709252074,2.9470838849035,-0.979737109965451,NaN,NaN,NaN,NaN,NaN,NaN,NaN,NaN,NaN
NaN,NaN,0.182825223387529,0.328281608754575,0.109109767659296,-0.601510852473439,1.21807802209999,2.95076858816416,-0.906583826518424,NaN,NaN,NaN,NaN,NaN,NaN,NaN,NaN,NaN
NaN,NaN,0.167703357369949,0.337824051612794,0.12849528430282,-0.568935777890147,1.11807906741645,2.96172243175776,-0.833527028090127,NaN,NaN,NaN,NaN,NaN,NaN,NaN,NaN,NaN
NaN,NaN,0.164677546204378,0.34010551252383,0.152002406253208,-0.530702248113812,1.00953995922949,2.96562936721117,-0.755959610915549,NaN,NaN,NaN,NaN,NaN,NaN,NaN,NaN,NaN
NaN,NaN,0.153761402548601,0.347611041152656,0.163678006215681,-0.496294982629479,0.897255872584841,2.97241539327175,-0.683592549986012,NaN,NaN,NaN,NaN,NaN,NaN,NaN,NaN,NaN
NaN,NaN,0.145010975034287,0.347089146608293,0.185676981641639,-0.459030233221711,0.782503166444561,2.98364587692292,-0.605193908787138,NaN,NaN,NaN,NaN,NaN,NaN,NaN,NaN,NaN
NaN,NaN,0.142637443573525,0.348307763570726,0.200395584984411,-0.420984439449967,0.672414877660534,2.98542265413077,-0.5276513206724,NaN,NaN,NaN,NaN,NaN,NaN,NaN,NaN,NaN
NaN,NaN,0.129223679037144,0.349943799311101,0.2141389632064,-0.386205203729332,0.566204653330108,2.99734905926258,-0.453001308715708,NaN,NaN,NaN,NaN,NaN,NaN,NaN,NaN,NaN
NaN,NaN,0.127200939537336,0.342821807944953,0.233121422066082,-0.346790607916773,0.460236088581344,3.00191788566978,-0.37347464961446,NaN,NaN,NaN,NaN,NaN,NaN,NaN,NaN,NaN
NaN,NaN,0.119091895253708,0.342467346573054,0.241486263408054,-0.311255063759745,0.357930583156607,3.00870024231942,-0.297833766317732,NaN,NaN,NaN,NaN,NaN,NaN,NaN,NaN,NaN
NaN,NaN,0.11154440122967,0.332358696842372,0.25857692672192,-0.275240745293559,0.259778422512075,3.01944071991117,-0.217163256830342,NaN,NaN,NaN,NaN,NaN,NaN,NaN,NaN,NaN
NaN,NaN,0.110098057271292,0.325137966656863,0.270563011004318,-0.239325277405442,0.168895234562418,3.02081294921906,-0.138283662027485,NaN,NaN,NaN,NaN,NaN,NaN,NaN,NaN,NaN
NaN,NaN,0.0992241397810479,0.318613120699107,0.280662068112482,-0.207553077387274,0.0825071122720449,3.0291661304024,-0.0622151712838483,NaN,NaN,NaN,NaN,NaN,NaN,NaN,NaN,NaN
NaN,NaN,0.0986844569755097,0.30435451620239,0.296183713658441,-0.17167458300537,0.002679319329521,3.03168947441251,0.0198596981402564,NaN,NaN,NaN,NaN,NaN,NaN,NaN,NaN,NaN
NaN,NaN,0.0928434811842938,0.294583415025651,0.301207248999466,-0.140772033380927,-0.0683120850250513,3.03368047443898,0.0975238424774337,NaN,NaN,NaN,NaN,NaN,NaN,NaN,NaN,NaN
NaN,NaN,0.0857322186542054,0.279127632612168,0.31675791455685,-0.109817422824563,-0.135589002423027,3.03943561954172,0.180134427272909,NaN,NaN,NaN,NaN,NaN,NaN,NaN,NaN,NaN
NaN,NaN,0.0861500658405324,0.265326680028617,0.326551032199253,-0.0795468128198991,-0.196119959257582,3.03436302212746,0.261239864402645,NaN,NaN,NaN,NaN,NaN,NaN,NaN,NaN,NaN
NaN,NaN,0.0758155145061513,0.252822445118606,0.331690479947914,-0.0538391618902097,-0.250176529191473,3.03671949175866,0.339359146082037,NaN,NaN,NaN,NaN,NaN,NaN,NaN,NaN,NaN
NaN,NaN,0.0759054243875047,0.232671418571651,0.344250873609174,-0.025337170707644,-0.298644753895739,3.03246522886426,0.422981556975477,NaN,NaN,NaN,NaN,NaN,NaN,NaN,NaN,NaN
NaN,NaN,0.0722385280144711,0.220595945948541,0.34640863625585,-0.00214632590359543,-0.338815490506628,3.02641966012986,0.501642942899101,NaN,NaN,NaN,NaN,NaN,NaN,NaN,NaN,NaN
NaN,NaN,0.0650499284577866,0.201383785689056,0.355852228535999,0.020830482346355,-0.376603289298752,3.02533681137235,0.582823724025123,NaN,NaN,NaN,NaN,NaN,NaN,NaN,NaN,NaN
NaN,NaN,0.0661119342160722,0.185019349092424,0.360342805220474,0.0419032574718585,-0.407755805902222,3.01428121147425,0.660395201766126,NaN,NaN,NaN,NaN,NaN,NaN,NaN,NaN,NaN
NaN,NaN,0.0566818088603517,0.17127278574723,0.359976516051878,0.0582378544931998,-0.433290826879481,3.00929470551879,0.73345594900214,NaN,NaN,NaN,NaN,NaN,NaN,NaN,NaN,NaN
NaN,NaN,0.0567231037033101,0.150542625570476,0.366440937800993,0.0773050637071719,-0.453595000110605,2.99941333574922,0.810871150815122,NaN,NaN,NaN,NaN,NaN,NaN,NaN,NaN,NaN
NaN,NaN,0.0535482064199944,0.136901599699437,0.360968989266742,0.0917549432342639,-0.468003305397967,2.98733916697771,0.88005204545819,NaN,NaN,NaN,NaN,NaN,NaN,NaN,NaN,NaN
NaN,NaN,0.0470693119180699,0.119661179715573,0.363626536859859,0.10393047715479,-0.480325671635607,2.98125846875579,0.950434998148315,NaN,NaN,NaN,NaN,NaN,NaN,NaN,NaN,NaN
NaN,NaN,0.0498364202988645,0.1041537088992,0.36045396788298,0.115054007721483,-0.487033857755402,2.96414359105499,1.01632485958301,NaN,NaN,NaN,NaN,NaN,NaN,NaN,NaN,NaN
NaN,NaN,0.0406680897188683,0.0924675104858276,0.351540279521335,0.121929179978906,-0.489495045296887,2.95423314539463,1.07590059610569,NaN,NaN,NaN,NaN,NaN,NaN,NaN,NaN,NaN
NaN,NaN,0.0429686054897805,0.0742559818269607,0.34963114274918,0.131319817257463,-0.489468074195126,2.93926565540702,1.13865547674262,NaN,NaN,NaN,NaN,NaN,NaN,NaN,NaN,NaN
NaN,NaN,0.040292263807108,0.0652055566849109,0.336936172975887,0.137548931044876,-0.483734349511603,2.92181805340321,1.19173380407058,NaN,NaN,NaN,NaN,NaN,NaN,NaN,NaN,NaN
NaN,NaN,0.0335080817652245,0.0511134726645347,0.32984152524053,0.142120868069469,-0.476592427842358,2.9105139393893,1.24420462968313,NaN,NaN,NaN,NaN,NaN,NaN,NaN,NaN,NaN
NaN,NaN,0.0374756835711499,0.0396367100717422,0.31805038539945,0.14695189903432,-0.464780929289797,2.88759602797897,1.29306697147452,NaN,NaN,NaN,NaN,NaN,NaN,NaN,NaN,NaN
NaN,NaN,0.0296118006420632,0.0328177151920196,0.300776624067415,0.148396659744321,-0.449157248042563,2.86951037687929,1.33411052497589,NaN,NaN,NaN,NaN,NaN,NaN,NaN,NaN,NaN
NaN,NaN,0.0314177654994031,0.0199060825349685,0.292629227920164,0.154176484895288,-0.434190260969141,2.84566391823561,1.37715534167849,NaN,NaN,NaN,NaN,NaN,NaN,NaN,NaN,NaN
NaN,NaN,0.0295996189427873,0.0152091433944103,0.272537321730245,0.156433284384548,-0.413099250547627,2.81716453475625,1.4129371834036,NaN,NaN,NaN,NaN,NaN,NaN,NaN,NaN,NaN
NaN,NaN,0.0242822885823747,0.00665002816337316,0.259657223655571,0.157356225055992,-0.392523037992457,2.7937258277622,1.44922050508224,NaN,NaN,NaN,NaN,NaN,NaN,NaN,NaN,NaN
NaN,NaN,0.0275589794230958,-0.000267202621519871,0.24344483478247,0.161224212599336,-0.36787323912237,2.75657358212144,1.48224520357811,NaN,NaN,NaN,NaN,NaN,NaN,NaN,NaN,NaN
NaN,NaN,0.0211787306082745,-0.00178674853426249,0.221589059515585,0.162507649612962,-0.342401827476957,2.72294458565981,1.50834903913104,NaN,NaN,NaN,NaN,NaN,NaN,NaN,NaN,NaN
NaN,NaN,0.0225829042804738,-0.0104434849975708,0.209814851118911,0.167707428438007,-0.317687171302775,2.6841883231488,1.53910276340806,NaN,NaN,NaN,NaN,NaN,NaN,NaN,NaN,NaN
NaN,NaN,0.0220142200899621,-0.00985611847621233,0.187911652906526,0.170330312204896,-0.288870504848698,2.64104150799782,1.56405276479685,NaN,NaN,NaN,NaN,NaN,NaN,NaN,NaN,NaN
NaN,NaN,0.0162253611100217,-0.0129478114007118,0.173556414379467,0.17218962321931,-0.263426939748266,2.60301469458015,1.59096543537938,NaN,NaN,NaN,NaN,NaN,NaN,NaN,NaN,NaN
NaN,NaN,0.020849359066536,-0.0161674307940605,0.156116970761407,0.178398285162984,-0.235720987223128,2.54953377512963,1.61805038201176,NaN,NaN,NaN,NaN,NaN,NaN,NaN,NaN,NaN
NaN,NaN,0.0147496991169949,-0.012999499803603,0.135692135377515,0.180452037704526,-0.207943937532643,2.49614418117077,1.63930191519224,NaN,NaN,NaN,NaN,NaN,NaN,NaN,NaN,NaN
NaN,NaN,0.0158500194860001,-0.0179147782085541,0.124980323894609,0.186123922569095,-0.183652865491846,2.43799212021501,1.66637246357762,NaN,NaN,NaN,NaN,NaN,NaN,NaN,NaN,NaN
NaN,NaN,0.0183345087183019,-0.0140758106766346,0.104890094085325,0.189222619039356,-0.156978576235512,2.37379877460868,1.6902688411113,NaN,NaN,NaN,NaN,NaN,NaN,NaN,NaN,NaN
NaN,NaN,0.0131511584234734,-0.0149578476606014,0.0896114678519856,0.191704072160064,-0.134050755552986,2.31791316164405,1.71627771901452,NaN,NaN,NaN,NaN,NaN,NaN,NaN,NaN,NaN
NaN,NaN,0.0196982257378598,-0.0152357543168667,0.0750768193441521,0.198398679596721,-0.110594521068075,2.2476272527662,1.74203743087613,NaN,NaN,NaN,NaN,NaN,NaN,NaN,NaN,NaN
NaN,NaN,0.0158740662348767,-0.0104827309308651,0.0558584005969654,0.200665406984626,-0.0875685203597338,2.18361070943744,1.76259406703078,NaN,NaN,NaN,NaN,NaN,NaN,NaN,NaN,NaN
NaN,NaN,0.0181130029571553,-0.014010636722863,0.0466323093908917,0.205518640679657,-0.0678641747460157,2.11653031972916,1.79013547348344,NaN,NaN,NaN,NaN,NaN,NaN,NaN,NaN,NaN
NaN,NaN,0.020482548357298,-0.0105518350659016,0.0277378418880592,0.209095459533273,-0.0460288140699655,2.04555163724096,1.81373978825771,NaN,NaN,NaN,NaN,NaN,NaN,NaN,NaN,NaN
NaN,NaN,0.0173314929318925,-0.00864988810402186,0.0152439260321747,0.210584197295248,-0.0283796179816515,1.98173493711026,1.83895609202348,NaN,NaN,NaN,NaN,NaN,NaN,NaN,NaN,NaN
NaN,NaN,0.0244223222446938,-0.00835652149301798,0.00464817596851693,0.216593854231178,-0.00939529647682017,1.90748312143357,1.86511178361737,NaN,NaN,NaN,NaN,NaN,NaN,NaN,NaN,NaN
NaN,NaN,0.0205566257548829,-0.00344332925063403,-0.0129492572111,0.216819532317459,0.009394397236368,1.84160594461233,1.88680405589306,NaN,NaN,NaN,NaN,NaN,NaN,NaN,NaN,NaN
NaN,NaN,0.0228489086342355,-0.00614546856862338,-0.0190256340962757,0.220815688473522,0.0251625266149252,1.77404776779683,1.91431849124395,NaN,NaN,NaN,NaN,NaN,NaN,NaN,NaN,NaN
NaN,NaN,0.0261712715340157,-0.00104178360682757,-0.0330118267399181,0.221409704638063,0.043132023163101,1.69860289064915,1.93882697122657,NaN,NaN,NaN,NaN,NaN,NaN,NaN,NaN,NaN
NaN,NaN,0.0222049363267918,0.00144395359772413,-0.0415776474934925,0.219954662126838,0.0577009257152288,1.63068624777467,1.96367096947991,NaN,NaN,NaN,NaN,NaN,NaN,NaN,NaN,NaN
NaN,NaN,0.0302466273618241,0.00137868651169508,-0.0479308320742954,0.222051367265522,0.0734798398092001,1.55078866151841,1.98914793180787,NaN,NaN,NaN,NaN,NaN,NaN,NaN,NaN,NaN
NaN,NaN,0.0265845738661786,0.00865673028844564,-0.0601394093197693,0.219284258884727,0.0887823265269011,1.47782570315273,2.00875305431449,NaN,NaN,NaN,NaN,NaN,NaN,NaN,NaN,NaN
NaN,NaN,0.0282602280688783,0.00638247781413763,-0.062597188220631,0.218284968388616,0.100587324447891,1.40512513560922,2.03294985788428,NaN,NaN,NaN,NaN,NaN,NaN,NaN,NaN,NaN
NaN,NaN,0.0328706845951577,0.0121447195948955,-0.0720557747942318,0.213659089160501,0.113504563666841,1.32465923769147,2.05245877476894,NaN,NaN,NaN,NaN,NaN,NaN,NaN,NaN,NaN
NaN,NaN,0.0286882639241715,0.0155093831660148,-0.0749466373187412,0.207542572272359,0.123676096297762,1.25560772238047,2.07094178395831,NaN,NaN,NaN,NaN,NaN,NaN,NaN,NaN,NaN
NaN,NaN,0.0359354250443478,0.0164826338829395,-0.07521472783507,0.203315410864889,0.133316421158573,1.1767935250488,2.09150531190001,NaN,NaN,NaN,NaN,NaN,NaN,NaN,NaN,NaN
NaN,NaN,0.0324938901079198,0.0227842045666572,-0.0835585771662105,0.194967314702808,0.14194244260337,1.1053835843292,2.10819455655777,NaN,NaN,NaN,NaN,NaN,NaN,NaN,NaN,NaN
NaN,NaN,0.0343318365824719,0.0225272154154178,-0.0795636876088489,0.188207998973667,0.147186198480388,1.03538822946818,2.13010693761074,NaN,NaN,NaN,NaN,NaN,NaN,NaN,NaN,NaN
NaN,NaN,0.039381653846552,0.0292305772842762,-0.0832409216624607,0.178566072238027,0.152127144135496,0.958282394388031,2.14826271730029,NaN,NaN,NaN,NaN,NaN,NaN,NaN,NaN,NaN
NaN,NaN,0.0359077088845273,0.0324904111863968,-0.0823166398865093,0.167090706629097,0.154260655142328,0.890379218437981,2.16795322346055,NaN,NaN,NaN,NaN,NaN,NaN,NaN,NaN,NaN
NaN,NaN,0.0430968672347566,0.0333942411186096,-0.0777230961781849,0.160400252891122,0.155513917304537,0.809789473244261,2.18820349174105,NaN,NaN,NaN,NaN,NaN,NaN,NaN,NaN,NaN
NaN,NaN,0.0394747115982076,0.0398001758100387,-0.0810233308535923,0.148102138293325,0.156115160532257,0.738206995704483,2.20289380150401,NaN,NaN,NaN,NaN,NaN,NaN,NaN,NaN,NaN
NaN,NaN,0.0419809937787553,0.0392443066181537,-0.0751345037084926,0.137929841977893,0.152099968142769,0.668161703327011,2.22312665405237,NaN,NaN,NaN,NaN,NaN,NaN,NaN,NaN,NaN
NaN,NaN,0.0476261496854325,0.0445676905753013,-0.0754837869268764,0.127027463269769,0.149541513271591,0.590955546179127,2.23886721628272,NaN,NaN,NaN,NaN,NaN,NaN,NaN,NaN,NaN
NaN,NaN,0.042661138654997,0.0469198761226532,-0.0721398732227196,0.11494675661379,0.145161521829626,0.526426812687229,2.25460563647114,NaN,NaN,NaN,NaN,NaN,NaN,NaN,NaN,NaN
NaN,NaN,0.0493671454799672,0.0454535459818241,-0.0663542924982418,0.106485393000185,0.140472685195467,0.452952930757116,2.27337649884187,NaN,NaN,NaN,NaN,NaN,NaN,NaN,NaN,NaN
NaN,NaN,0.0466495834601422,0.0502492053152916,-0.0691764234167446,0.0937137940054526,0.135465019591114,0.385602606513809,2.28664950328433,NaN,NaN,NaN,NaN,NaN,NaN,NaN,NaN,NaN
NaN,NaN,0.0478785008502503,0.0478881349505779,-0.0608994802993645,0.0834796206181636,0.128842161245605,0.321704359778475,2.30328199314439,NaN,NaN,NaN,NaN,NaN,NaN,NaN,NaN,NaN
NaN,NaN,0.0531189784718057,0.050950640225589,-0.0599009348613132,0.0726803206925979,0.124568601347467,0.251137228735994,2.31881304504835,NaN,NaN,NaN,NaN,NaN,NaN,NaN,NaN,NaN
NaN,NaN,0.0478127867293855,0.0517403645159599,-0.0567476256352772,0.0606442616408458,0.118723453231117,0.197889754602026,2.33353749709689,NaN,NaN,NaN,NaN,NaN,NaN,NaN,NaN,NaN
NaN,NaN,0.0528168015492459,0.0480749210061428,-0.0491750604075302,0.0528089516883483,0.114009265996477,0.136618098297428,2.35007420974337,NaN,NaN,NaN,NaN,NaN,NaN,NaN,NaN,NaN
NaN,NaN,0.0483107090306779,0.0521964331807491,-0.0502016759079803,0.0400390477007022,0.109467094041368,0.082841819205593,2.36130186217391,NaN,NaN,NaN,NaN,NaN,NaN,NaN,NaN,NaN
NaN,NaN,0.0486131094706555,0.0489845437647697,-0.0417876048547138,0.0298279897397151,0.103381292171737,0.0332336742964496,2.37642289000117,NaN,NaN,NaN,NaN,NaN,NaN,NaN,NaN,NaN
NaN,NaN,0.0526385836613675,0.0503391897024509,-0.0385438083273281,0.0200219825928798,0.0998916637375563,-0.024134362063099,2.39131468208992,NaN,NaN,NaN,NaN,NaN,NaN,NaN,NaN,NaN
NaN,NaN,0.0458239659977456,0.0496346255483028,-0.0343046142321934,0.00831371183448937,0.0961140889897554,-0.0620364900144826,2.40363792377078,NaN,NaN,NaN,NaN,NaN,NaN,NaN,NaN,NaN
NaN,NaN,0.0487203792047997,0.0445909922661182,-0.0248332685393204,0.00149203474575188,0.0919575218334406,-0.108380703202177,2.41850052821004,NaN,NaN,NaN,NaN,NaN,NaN,NaN,NaN,NaN
NaN,NaN,0.0437785953593751,0.0488036995472309,-0.023988931493174,-0.0103900580579648,0.0881245706453531,-0.145028972944904,2.42776363017523,NaN,NaN,NaN,NaN,NaN,NaN,NaN,NaN,NaN
NaN,NaN,0.0413289934707185,0.0443983202518818,-0.0132512106162418,-0.0196856631810078,0.0820512298717707,-0.174381317517449,2.44220259460174,NaN,NaN,NaN,NaN,NaN,NaN,NaN,NaN,NaN
NaN,NaN,0.0438590802562734,0.0432902140261528,-0.0074238693875183,-0.0289050488645444,0.07974112147834,-0.207430360785414,2.45695057185852,NaN,NaN,NaN,NaN,NaN,NaN,NaN,NaN,NaN
NaN,NaN,0.0350731693518659,0.0420661208869812,-0.00217681662858619,-0.0389192811126122,0.0751670610382765,-0.222494410297562,2.4693402727183,NaN,NaN,NaN,NaN,NaN,NaN,NaN,NaN,NaN
NaN,NaN,0.0361058943284055,0.0364800108315346,0.0091999777990471,-0.0453807971352944,0.0705710213854521,-0.245688589236427,2.48311343463623,NaN,NaN,NaN,NaN,NaN,NaN,NaN,NaN,NaN
NaN,NaN,0.0301231526148816,0.0385888045372364,0.0113939688938747,-0.0561007483775029,0.0672194894626349,-0.260112969151426,2.49293410080039,NaN,NaN,NaN,NaN,NaN,NaN,NaN,NaN,NaN
NaN,NaN,0.0272888772500058,0.0333434095324871,0.0230796643930565,-0.0632896832103143,0.0603861522152632,-0.265356147608448,2.50812531309687,NaN,NaN,NaN,NaN,NaN,NaN,NaN,NaN,NaN
NaN,NaN,0.0288809918177625,0.0311886457445022,0.0286416159409176,-0.0691084376448998,0.0574771847799032,-0.275719327798773,2.52297607111298,NaN,NaN,NaN,NaN,NaN,NaN,NaN,NaN,NaN
NaN,NaN,0.0185819983792802,0.0284594049395916,0.0336460591691624,-0.0769440642470727,0.0525698226168364,-0.270209064653803,2.53541597025954,NaN,NaN,NaN,NaN,NaN,NaN,NaN,NaN,NaN
NaN,NaN,0.0189113140416642,0.0211783623041507,0.0442814649480473,-0.0810504144901643,0.0492517996802538,-0.273074818721701,2.54825043352806,NaN,NaN,NaN,NaN,NaN,NaN,NaN,NaN,NaN
NaN,NaN,0.0141238689733048,0.0232435328604576,0.0451544494765888,-0.0893677211279282,0.0455693688466757,-0.268460115364481,2.55927954661214,NaN,NaN,NaN,NaN,NaN,NaN,NaN,NaN,NaN
NaN,NaN,0.0110581785750886,0.0162799222113487,0.0535725810962807,-0.0936941801483044,0.041160487778446,-0.256254555604149,2.57436918886863,NaN,NaN,NaN,NaN,NaN,NaN,NaN,NaN,NaN
NaN,NaN,0.0119216263604661,0.0117369679452774,0.0572297172087322,-0.0957648082548985,0.0386456933095663,-0.251899169704605,2.58870349126422,NaN,NaN,NaN,NaN,NaN,NaN,NaN,NaN,NaN
NaN,NaN,0.00176991227393349,0.00853180267828672,0.0597735689419399,-0.100412443178357,0.0344176192059725,-0.2326243500623,2.59940112801754,NaN,NaN,NaN,NaN,NaN,NaN,NaN,NaN,NaN
NaN,NaN,0.00307771268611153,0.00111471244114606,0.0676637337940823,-0.101945083486498,0.0320436407103746,-0.22434416594236,2.61342401477062,NaN,NaN,NaN,NaN,NaN,NaN,NaN,NaN,NaN
NaN,NaN,-0.000235541878889002,0.00122762599009244,0.0642472141820084,-0.106126051294268,0.029468273021242,-0.210816072246719,2.62568889977895,NaN,NaN,NaN,NaN,NaN,NaN,NaN,NaN,NaN
NaN,NaN,-0.00451541614408294,-0.0057465086041096,0.068812427057613,-0.106816589730443,0.0258135956003874,-0.191527375898052,2.64042856963836,NaN,NaN,NaN,NaN,NaN,NaN,NaN,NaN,NaN
NaN,NaN,-0.00149532329911987,-0.0105162585435513,0.0687536606031548,-0.106340721147717,0.0227610741033762,-0.183147968671013,2.65550163435303,NaN,NaN,NaN,NaN,NaN,NaN,NaN,NaN,NaN
NaN,NaN,-0.01045526113982,-0.01321988797766,0.0683083766537796,-0.109441708671511,0.0201212961449831,-0.162230854800631,2.66848825710379,NaN,NaN,NaN,NaN,NaN,NaN,NaN,NaN,NaN
NaN,NaN,-0.00716696601981918,-0.0218017088530663,0.071869102253307,-0.108236614512862,0.0174662072434633,-0.150834223202158,2.68400483625495,NaN,NaN,NaN,NaN,NaN,NaN,NaN,NaN,NaN
NaN,NaN,-0.00900738981241981,-0.0200916702209118,0.0652650752502571,-0.108862332897843,0.0152062412574499,-0.138538381031443,2.699093305045,NaN,NaN,NaN,NaN,NaN,NaN,NaN,NaN,NaN
NaN,NaN,-0.0112710438358287,-0.0266853781698349,0.0673869260984551,-0.107014607536257,0.00981446097042256,-0.120141873082806,2.71603667038047,NaN,NaN,NaN,NaN,NaN,NaN,NaN,NaN,NaN
NaN,NaN,-0.00683774348969261,-0.0313020745573643,0.0658403904575001,-0.102675948190154,0.00657276923205549,-0.113759016564776,2.73241626890861,NaN,NaN,NaN,NaN,NaN,NaN,NaN,NaN,NaN
NaN,NaN,-0.0136922776388625,-0.033190703606427,0.0613798954921852,-0.103798936950625,0.00309766943003827,-0.0958963985952626,2.74609000282847,NaN,NaN,NaN,NaN,NaN,NaN,NaN,NaN,NaN
NaN,NaN,-0.00922559869165222,-0.0396352509317997,0.0628700302380215,-0.0994294135743985,-0.000980238221624555,-0.087579408607174,2.76264435472452,NaN,NaN,NaN,NaN,NaN,NaN,NaN,NaN,NaN
NaN,NaN,-0.00817832645649711,-0.0374059254584912,0.0537262865739952,-0.0973841546947369,-0.0051879163608343,-0.07876945095389,2.7777924840387,NaN,NaN,NaN,NaN,NaN,NaN,NaN,NaN,NaN
NaN,NaN,-0.0101797200428943,-0.0431026952622536,0.0527820931213986,-0.0916723719710717,-0.0106179926321298,-0.0628754626425992,2.79083176376783,NaN,NaN,NaN,NaN,NaN,NaN,NaN,NaN,NaN
NaN,NaN,-0.00419528332228462,-0.0472458327470425,0.0504802921253334,-0.0861597246403108,-0.0137115109488756,-0.059858238271166,2.80554418312871,NaN,NaN,NaN,NaN,NaN,NaN,NaN,NaN,NaN
NaN,NaN,-0.00823508125419418,-0.0478086123524311,0.0440876567202698,-0.084552168744267,-0.0166325110718996,-0.0446457918199788,2.81441741483771,NaN,NaN,NaN,NaN,NaN,NaN,NaN,NaN,NaN
NaN,NaN,-0.0021821364449958,-0.0540419543443325,0.0436932229834686,-0.0767794995481381,-0.0213929850384981,-0.0380148682209741,2.82519048871958,NaN,NaN,NaN,NaN,NaN,NaN,NaN,NaN,NaN
NaN,NaN,-0.000147606401393809,-0.0517213965116146,0.0344467171865593,-0.0713582522148499,-0.0239450137839109,-0.0323178190204393,2.83402345004045,NaN,NaN,NaN,NaN,NaN,NaN,NaN,NaN,NaN
NaN,NaN,-0.000548205493638911,-0.0561830649433735,0.0329546825426708,-0.0657358764583478,-0.0288852516338617,-0.0184155385407697,2.83894893574082,NaN,NaN,NaN,NaN,NaN,NaN,NaN,NaN,NaN
NaN,NaN,0.00741838368897637,-0.0593377711532715,0.028537624462236,-0.0580542161042104,-0.0301781136319429,-0.0171083341750394,2.84469908895456,NaN,NaN,NaN,NaN,NaN,NaN,NaN,NaN,NaN
NaN,NaN,0.00338095131640633,-0.0586310649572018,0.0208293469089161,-0.0547128169710049,-0.0322880062982828,-0.00361220347015963,2.84356445866191,NaN,NaN,NaN,NaN,NaN,NaN,NaN,NaN,NaN
NaN,NaN,0.009378705949833,-0.0623753728626373,0.0201989719110619,-0.0456436163658509,-0.0350822534189016,-3.13426765690857e-05,2.84280477883779,NaN,NaN,NaN,NaN,NaN,NaN,NaN,NaN,NaN
NaN,NaN,0.0125622086537381,-0.0588015156148079,0.0100094088750969,-0.0386484711343655,-0.0365917969271929,0.00380788562567128,2.83772078203522,NaN,NaN,NaN,NaN,NaN,NaN,NaN,NaN,NaN
NaN,NaN,0.0116388395739098,-0.0616805875955227,0.00791734172283517,-0.0326188466424355,-0.0387566935047895,0.0169459414270629,2.82844488369786,NaN,NaN,NaN,NaN,NaN,NaN,NaN,NaN,NaN
NaN,NaN,0.0188353926253816,-0.0628884570954445,0.0042529785472046,-0.025219730930985,-0.0369964565858633,0.0159350466516723,2.81884300383293,NaN,NaN,NaN,NaN,NaN,NaN,NaN,NaN,NaN
NaN,NaN,0.0156280666900178,-0.0591455275474194,-0.00370377586902274,-0.0206715798849473,-0.0363402653262407,0.0262749065247287,2.80184290232622,NaN,NaN,NaN,NaN,NaN,NaN,NaN,NaN,NaN
NaN,NaN,0.0212328404498597,-0.0616824502406719,-0.00470327125610008,-0.0114547646517167,-0.037216267339924,0.0285992827800025,2.78422179492676,NaN,NaN,NaN,NaN,NaN,NaN,NaN,NaN,NaN
NaN,NaN,0.0233406842065354,-0.0558146151064041,-0.0130286990267147,-0.00594295551127288,-0.0361784387156755,0.0305522848454226,2.76222226070725,NaN,NaN,NaN,NaN,NaN,NaN,NaN,NaN,NaN
NaN,NaN,0.0214039244068166,-0.0573034460006359,-0.0143302223247398,-0.00132637088245247,-0.0364427108094484,0.0411135946002711,2.73422921868526,NaN,NaN,NaN,NaN,NaN,NaN,NaN,NaN,NaN
NaN,NaN,0.0288362883341809,-0.0577601107118729,-0.0156782744985927,0.00494541610532906,-0.0335726912841589,0.0383969080236663,2.70603543939554,NaN,NaN,NaN,NaN,NaN,NaN,NaN,NaN,NaN
NaN,NaN,0.0236064650428792,-0.0520301858244541,-0.0228779940468182,0.00830469663196709,-0.0315478283688814,0.0469779652145614,2.6712342803415,NaN,NaN,NaN,NaN,NaN,NaN,NaN,NaN,NaN
NaN,NaN,0.0269927539241811,-0.0529314266799095,-0.0216945065718998,0.0153451972728362,-0.031000341080168,0.0493108537581672,2.63575618016087,NaN,NaN,NaN,NaN,NaN,NaN,NaN,NaN,NaN
NaN,NaN,0.0291902467918893,-0.046887254929364,-0.0277200332445015,0.0184606575494399,-0.0294231276736051,0.0493853223112334,2.59457464190685,NaN,NaN,NaN,NaN,NaN,NaN,NaN,NaN,NaN
NaN,NaN,0.0259996101570626,-0.047203327184737,-0.027008037136208,0.021009706062614,-0.0288287203535826,0.0605358612325896,2.55167861329877,NaN,NaN,NaN,NaN,NaN,NaN,NaN,NaN,NaN
NaN,NaN,0.0310722634506722,-0.0458673263249996,-0.0271455748540272,0.0263772719627013,-0.0246943559274466,0.0566344019559134,2.50909286411964,NaN,NaN,NaN,NaN,NaN,NaN,NaN,NaN,NaN
NaN,NaN,0.0250514120173951,-0.0391862044392231,-0.0334003372651447,0.0272557140415302,-0.0226572926864416,0.0647500400033702,2.45997409197056,NaN,NaN,NaN,NaN,NaN,NaN,NaN,NaN,NaN
NaN,NaN,0.0270456902993222,-0.0397182690261009,-0.0290027438265194,0.031696949256002,-0.0233686368689329,0.0669636074987162,2.41233325424158,NaN,NaN,NaN,NaN,NaN,NaN,NaN,NaN,NaN
NaN,NaN,0.0277408108425637,-0.0342134820578697,-0.0333560621899475,0.0321233459835639,-0.021050537727812,0.0664635990348567,2.36048168363535,NaN,NaN,NaN,NaN,NaN,NaN,NaN,NaN,NaN
NaN,NaN,0.0232795521927377,-0.0338283987997177,-0.0320660686653961,0.0324902311986079,-0.0201668057367594,0.075576888450693,2.30702384235822,NaN,NaN,NaN,NaN,NaN,NaN,NaN,NaN,NaN
NaN,NaN,0.0274571113598843,-0.0335412906764153,-0.0317499591571201,0.0356977620249381,-0.0182139154300482,0.0705870856133212,2.25566207292043,NaN,NaN,NaN,NaN,NaN,NaN,NaN,NaN,NaN
NaN,NaN,0.0207456469846269,-0.026204350060046,-0.0365772089523186,0.0340216980403056,-0.0180361818299086,0.0762050282743682,2.19851461099946,NaN,NaN,NaN,NaN,NaN,NaN,NaN,NaN,NaN
NaN,NaN,0.0211648539019128,-0.0276235180256966,-0.0326306550365795,0.0352013857191196,-0.019218235068062,0.0776691977468242,2.14407746540868,NaN,NaN,NaN,NaN,NaN,NaN,NaN,NaN,NaN
NaN,NaN,0.022866901786377,-0.0235536942539814,-0.0362206800443043,0.0333246403461089,-0.0176798205599577,0.0731702577856292,2.08512612479293,NaN,NaN,NaN,NaN,NaN,NaN,NaN,NaN,NaN
NaN,NaN,0.0173143007171651,-0.0232974874137047,-0.0356323822003712,0.0318571553652873,-0.0192154969796926,0.0792800318983306,2.02786677377784,NaN,NaN,NaN,NaN,NaN,NaN,NaN,NaN,NaN
NaN,NaN,0.0208875991714497,-0.0229907842634323,-0.0345763369065632,0.0329643488948932,-0.017750582449177,0.0713224206653346,1.9715823498603,NaN,NaN,NaN,NaN,NaN,NaN,NaN,NaN,NaN
NaN,NaN,0.0148895092618962,-0.0168789053617123,-0.0387877030831684,0.0290136599069228,-0.0192965406701357,0.0730310809400786,1.91010515066349,NaN,NaN,NaN,NaN,NaN,NaN,NaN,NaN,NaN
NaN,NaN,0.0155825436425706,-0.019704854702771,-0.0334856836658825,0.0278695114975562,-0.0216892387494833,0.0705535766270865,1.8522834857043,NaN,NaN,NaN,NaN,NaN,NaN,NaN,NaN,NaN
NaN,NaN,0.0170598261368771,-0.0162419924793843,-0.036367847637545,0.0245229528372874,-0.0206765930876524,0.0627882089999427,1.7911073644694,NaN,NaN,NaN,NaN,NaN,NaN,NaN,NaN,NaN
NaN,NaN,0.0119017891896268,-0.0161528649089936,-0.0359097114366402,0.0206723810260883,-0.0226079512164385,0.0656452086356391,1.72937610047423,NaN,NaN,NaN,NaN,NaN,NaN,NaN,NaN,NaN
NaN,NaN,0.0159530796421071,-0.0168868961094025,-0.0337007633012642,0.0202699565415969,-0.0237640205547602,0.0553031508413066,1.66992618563139,NaN,NaN,NaN,NaN,NaN,NaN,NaN,NaN,NaN
NaN,NaN,0.0114680908930798,-0.0116694407818917,-0.0374268731635918,0.0138917193835368,-0.0248044010028631,0.0526597034719695,1.60513744550311,NaN,NaN,NaN,NaN,NaN,NaN,NaN,NaN,NaN
NaN,NaN,0.0128346950126191,-0.0152464645264748,-0.0326373978120197,0.0113750995224109,-0.026828220836857,0.048364145734619,1.54511577310526,NaN,NaN,NaN,NaN,NaN,NaN,NaN,NaN,NaN
NaN,NaN,0.0161230087590714,-0.0123885149417523,-0.0348102106315006,0.00726101930195,-0.0259595203921587,0.0376692656961192,1.4824935314294,NaN,NaN,NaN,NaN,NaN,NaN,NaN,NaN,NaN
NaN,NaN,0.011953403086712,-0.0121515864787701,-0.0330280690056194,0.00270245606952813,-0.0283698577210695,0.0381314065840949,1.41910898359977,NaN,NaN,NaN,NaN,NaN,NaN,NaN,NaN,NaN
NaN,NaN,0.0180142641377946,-0.0132957721410397,-0.0291151172083725,0.000786669654189611,-0.0285499196276457,0.0268494207945575,1.35905467765891,NaN,NaN,NaN,NaN,NaN,NaN,NaN,NaN,NaN
NaN,NaN,0.0158484734905263,-0.00820978230816157,-0.0320774494272579,-0.00696398307627533,-0.0295430447683126,0.0230902676072825,1.29410465108716,NaN,NaN,NaN,NaN,NaN,NaN,NaN,NaN,NaN
NaN,NaN,0.0178966753495236,-0.0121647367535237,-0.0272354288560261,-0.00906275575107429,-0.0312997612879068,0.0177047644344081,1.23374626832568,NaN,NaN,NaN,NaN,NaN,NaN,NaN,NaN,NaN
NaN,NaN,0.0235606439722081,-0.0101201856790188,-0.0276073245865215,-0.0111503339285264,-0.0294907416925222,0.00712609482676877,1.17026622267925,NaN,NaN,NaN,NaN,NaN,NaN,NaN,NaN,NaN
NaN,NaN,0.0205114007306596,-0.0088442737517956,-0.0250863275092949,-0.0167188978666672,-0.0311826754138262,0.00826377985746755,1.10697341012322,NaN,NaN,NaN,NaN,NaN,NaN,NaN,NaN,NaN
NaN,NaN,0.0276349753451844,-0.010091780340493,-0.0209281584781517,-0.0186253524298081,-0.0318068105504305,-0.00252996938555346,1.0474039134618,NaN,NaN,NaN,NaN,NaN,NaN,NaN,NaN,NaN
NaN,NaN,0.0265070319486161,-0.00544347486478121,-0.0232350258690227,-0.0250625423068414,-0.0318342659399301,-0.00561840268104182,0.982595783197515,NaN,NaN,NaN,NaN,NaN,NaN,NaN,NaN,NaN
NaN,NaN,0.0301710225952168,-0.009298647409499,-0.017827264086615,-0.0256388074631104,-0.0338516782746107,-0.00968612166373835,0.922871742868059,NaN,NaN,NaN,NaN,NaN,NaN,NaN,NaN,NaN
NaN,NaN,0.0368670642686387,-0.00544964022022517,-0.0180402948123325,-0.02841072146839,-0.0305489104018003,-0.0201534982237111,0.861507848375671,NaN,NaN,NaN,NaN,NaN,NaN,NaN,NaN,NaN
NaN,NaN,0.033883684159567,-0.00369448832255633,-0.0160269430440773,-0.0332533008331666,-0.032653382770756,-0.0181669685456048,0.801644873344533,NaN,NaN,NaN,NaN,NaN,NaN,NaN,NaN,NaN
NaN,NaN,0.0423819654000302,-0.00452254585009844,-0.0118772490483631,-0.0347185878927121,-0.032296034298876,-0.0269254426869641,0.746945634954803,NaN,NaN,NaN,NaN,NaN,NaN,NaN,NaN,NaN
NaN,NaN,0.0423612155330678,0.00118111574071615,-0.0150649613303055,-0.0400422698730836,-0.0311293665096552,-0.0289462822887193,0.686999232047431,NaN,NaN,NaN,NaN,NaN,NaN,NaN,NaN,NaN
NaN,NaN,0.045591712774088,-0.00109883642774851,-0.00933738337577476,-0.0397576763207326,-0.0315104264542849,-0.0312219317468892,0.632388003641002,NaN,NaN,NaN,NaN,NaN,NaN,NaN,NaN,NaN
NaN,NaN,0.0528210670066377,0.00346404814141958,-0.0100778034490456,-0.0416528805071721,-0.0283451031670362,-0.040439361653019,0.575884365015857,NaN,NaN,NaN,NaN,NaN,NaN,NaN,NaN,NaN
NaN,NaN,0.0509583287251492,0.0070849371792671,-0.00807823525489463,-0.0470521300012479,-0.0294060285911352,-0.0353143307778131,0.52169690700733,NaN,NaN,NaN,NaN,NaN,NaN,NaN,NaN,NaN
NaN,NaN,0.0580221124303838,0.0063156833590862,-0.00511998222888603,-0.0468920356506715,-0.0278147894665987,-0.0423472690793763,0.473216798627012,NaN,NaN,NaN,NaN,NaN,NaN,NaN,NaN,NaN
NaN,NaN,0.0588959724021455,0.0127938141764995,-0.0087250015300621,-0.0494816898280988,-0.025410133205393,-0.0439363475355397,0.418655526363485,NaN,NaN,NaN,NaN,NaN,NaN,NaN,NaN,NaN
NaN,NaN,0.0623278588367005,0.0124285308362839,-0.0035878634613861,-0.0499233602458844,-0.0245950210616381,-0.0438018459293138,0.370892573618524,NaN,NaN,NaN,NaN,NaN,NaN,NaN,NaN,NaN
NaN,NaN,0.0696131855559846,0.0173761261345741,-0.00378340394915237,-0.0510738043958554,-0.0210132289454729,-0.0508129354032765,0.324329369240634,NaN,NaN,NaN,NaN,NaN,NaN,NaN,NaN,NaN
NaN,NaN,0.0668805733633538,0.0216412668766376,-0.00337926583112373,-0.0547139345580945,-0.0225096221790106,-0.0439470018657933,0.277740572118394,NaN,NaN,NaN,NaN,NaN,NaN,NaN,NaN,NaN
NaN,NaN,0.0741239160609742,0.0222995070459244,-2.11215180267266e-05,-0.0529840028757462,-0.0203526232168466,-0.0499116759213697,0.237937633418672,NaN,NaN,NaN,NaN,NaN,NaN,NaN,NaN,NaN
NaN,NaN,0.0750911318076154,0.0299290692152378,-0.00277081416667594,-0.0558152421290288,-0.016757494561413,-0.0501651260468255,0.193453327291839,NaN,NaN,NaN,NaN,NaN,NaN,NaN,NaN,NaN
NaN,NaN,0.0765319250834485,0.0302864921929237,0.00207634730516778,-0.054511576789082,-0.0180402051434309,-0.0480986702653657,0.156563174450033,NaN,NaN,NaN,NaN,NaN,NaN,NaN,NaN,NaN
NaN,NaN,0.0830758072746297,0.0352532168568966,0.00194348482667313,-0.0554655305022607,-0.015935118101576,-0.0536179299864064,0.120315112644069,NaN,NaN,NaN,NaN,NaN,NaN,NaN,NaN,NaN
NaN,NaN,0.0792989403319856,0.0401727607192394,0.00244774012147294,-0.0593658535653958,-0.0171092178449423,-0.0460536349031221,0.0854194616016078,NaN,NaN,NaN,NaN,NaN,NaN,NaN,NaN,NaN
NaN,NaN,0.0856309280109902,0.0401533705832359,0.00659540383397446,-0.0563770717853913,-0.0158548008427412,-0.0497673022958528,0.0574919660624194,NaN,NaN,NaN,NaN,NaN,NaN,NaN,NaN,NaN
NaN,NaN,0.0864640146804353,0.0481318806948063,0.00397896481930123,-0.0578457674855599,-0.0137091081366331,-0.0488944481524716,0.025150467180841,NaN,NaN,NaN,NaN,NaN,NaN,NaN,NaN,NaN
NaN,NaN,0.0862403296244641,0.047434916132867,0.00919651327906953,-0.0569394043559441,-0.0172982577011377,-0.0451341214987527,0.000625800811879647,NaN,NaN,NaN,NaN,NaN,NaN,NaN,NaN,NaN
NaN,NaN,0.0920743950021764,0.0515806054415104,0.0111830429571758,-0.0564559175545583,-0.0159200120494158,-0.048867030015875,-0.0222399379078221,NaN,NaN,NaN,NaN,NaN,NaN,NaN,NaN,NaN
NaN,NaN,0.0887011446369191,0.0567043697180149,0.0109539562302719,-0.058581773089827,-0.0176979627237112,-0.0406656171592961,-0.0449836174908948,NaN,NaN,NaN,NaN,NaN,NaN,NaN,NaN,NaN
NaN,NaN,0.0942359201920529,0.0558473480584022,0.0154302278000008,-0.054663140224875,-0.0171627130136282,-0.0437779854449521,-0.0609804610673261,NaN,NaN,NaN,NaN,NaN,NaN,NaN,NaN,NaN
NaN,NaN,0.093927037746956,0.0623278258087036,0.0146299981909882,-0.055122077363194,-0.0161068726107866,-0.0426203142318021,-0.0803188155356717,NaN,NaN,NaN,NaN,NaN,NaN,NaN,NaN,NaN
NaN,NaN,0.0927968778026601,0.0618793753625747,0.0199198731619011,-0.053007453578175,-0.0204091917500288,-0.0372346620473157,-0.093254178291924,NaN,NaN,NaN,NaN,NaN,NaN,NaN,NaN,NaN
NaN,NaN,0.0984045014095803,0.0653289941789505,0.0212214895921837,-0.0526091827923665,-0.0185769263431818,-0.040600461831976,-0.104544154829152,NaN,NaN,NaN,NaN,NaN,NaN,NaN,NaN,NaN
NaN,NaN,0.0937691040647527,0.0699486894251701,0.0220507019597183,-0.052840560572804,-0.0210125397667677,-0.0328389498802911,-0.115969340777762,NaN,NaN,NaN,NaN,NaN,NaN,NaN,NaN,NaN
NaN,NaN,0.0986130059075852,0.0678399888517257,0.0282461577492844,-0.0466653703624615,-0.0212343808040411,-0.0339710842284452,-0.120510972565777,NaN,NaN,NaN,NaN,NaN,NaN,NaN,NaN,NaN
NaN,NaN,0.0978757523310681,0.0734454145373699,0.0272656240898262,-0.0466852634126553,-0.0200034145042688,-0.0327667537543069,-0.129708807444937,NaN,NaN,NaN,NaN,NaN,NaN,NaN,NaN,NaN
NaN,NaN,0.0953807577801248,0.0726158855201599,0.0330783435541283,-0.0446349940175423,-0.0239379171058924,-0.0269229653689157,-0.132868784940608,NaN,NaN,NaN,NaN,NaN,NaN,NaN,NaN,NaN
NaN,NaN,0.101033028991272,0.075369359338462,0.036059376730312,-0.0424881278449902,-0.0216984774694235,-0.0307934302303086,-0.134554311162598,NaN,NaN,NaN,NaN,NaN,NaN,NaN,NaN,NaN
NaN,NaN,0.0966134004605313,0.0801058796884414,0.0373132535654198,-0.0412773526186356,-0.0237354848310739,-0.0226727071615945,-0.137803621119626,NaN,NaN,NaN,NaN,NaN,NaN,NaN,NaN,NaN
NaN,NaN,0.0998302258861562,0.0772442979456779,0.0431032860118042,-0.0352363473648438,-0.0232216741666586,-0.0233048516723405,-0.133596520400412,NaN,NaN,NaN,NaN,NaN,NaN,NaN,NaN,NaN
NaN,NaN,0.0986008987141152,0.0818937582613823,0.0429455572205673,-0.0342362186784158,-0.022933727853039,-0.0214990917059671,-0.135599366850026,NaN,NaN,NaN,NaN,NaN,NaN,NaN,NaN,NaN
NaN,NaN,0.094855696739008,0.0808670868815777,0.0484280110734593,-0.0316592304880032,-0.0257496002838404,-0.0160649734946977,-0.131536826020844,NaN,NaN,NaN,NaN,NaN,NaN,NaN,NaN,NaN
NaN,NaN,0.100232594491293,0.0825126593651172,0.0523239382940422,-0.0277775338763604,-0.0236207645163328,-0.0198237355264913,-0.12740523693598,NaN,NaN,NaN,NaN,NaN,NaN,NaN,NaN,NaN
NaN,NaN,0.0952377066326638,0.0867514809312221,0.053443537040342,-0.02582989622897,-0.0257685247585565,-0.0124859753462564,-0.124499119347699,NaN,NaN,NaN,NaN,NaN,NaN,NaN,NaN,NaN
NaN,NaN,0.0976615481389066,0.0826129441799518,0.059768539800037,-0.0194327159697423,-0.0268906194493563,-0.0125064085635434,-0.115882392502196,NaN,NaN,NaN,NaN,NaN,NaN,NaN,NaN,NaN
NaN,NaN,0.0954297453475495,0.0866943536044952,0.0594372497337948,-0.0182429700071225,-0.0259794506952555,-0.0130744967076074,-0.113653718954689,NaN,NaN,NaN,NaN,NaN,NaN,NaN,NaN,NaN
NaN,NaN,0.0906828686905404,0.0850340475978252,0.0648164757925163,-0.0140009074384579,-0.0296040836498529,-0.00752865704028712,-0.106515187299616,NaN,NaN,NaN,NaN,NaN,NaN,NaN,NaN,NaN
NaN,NaN,0.0969386369300385,0.0861243283094761,0.069278665764917,-0.0102108343417058,-0.0282248880491049,-0.0119703206631433,-0.0994462440673184,NaN,NaN,NaN,NaN,NaN,NaN,NaN,NaN,NaN
NaN,NaN,0.0902351819289227,0.0889030409695503,0.0696334624129425,-0.00882944081968162,-0.0303465153798849,-0.00519478129475222,-0.0942032705012631,NaN,NaN,NaN,NaN,NaN,NaN,NaN,NaN,NaN
NaN,NaN,0.0911650888932248,0.0837696468176243,0.0759835550027977,-0.00259719778841827,-0.0315074275955946,-0.00703833433120356,-0.0832767891649079,NaN,NaN,NaN,NaN,NaN,NaN,NaN,NaN,NaN
NaN,NaN,0.0887439668488999,0.0879514155628082,0.0754820377963673,-0.000633746283710934,-0.031450765930155,-0.00910369115202533,-0.0801633777979684,NaN,NaN,NaN,NaN,NaN,NaN,NaN,NaN,NaN
NaN,NaN,0.0832984119964143,0.0863991988541481,0.0817192168372761,0.0027625822549453,-0.0345330711231024,-0.00415935548274623,-0.072928510135777,NaN,NaN,NaN,NaN,NaN,NaN,NaN,NaN,NaN
NaN,NaN,0.088993300528576,0.0859298309029934,0.0836432175177227,0.00732744122797158,-0.0331385832056791,-0.00972709985702143,-0.0646903100375009,NaN,NaN,NaN,NaN,NaN,NaN,NaN,NaN,NaN
NaN,NaN,0.0820230402362843,0.088415717119157,0.0834151738721024,0.00900952155643608,-0.0356721345112116,-0.00475691067307101,-0.0606514806810689,NaN,NaN,NaN,NaN,NaN,NaN,NaN,NaN,NaN
NaN,NaN,0.0819217495930692,0.083491740161359,0.0890407720047127,0.0156612509017577,-0.0374453726932795,-0.00747212576000796,-0.051394283301003,NaN,NaN,NaN,NaN,NaN,NaN,NaN,NaN,NaN
NaN,NaN,0.079739884318163,0.0871245687546131,0.0882972971933972,0.017555914921104,-0.0360276575908453,-0.0111621003064405,-0.0489597688380551,NaN,NaN,NaN,NaN,NaN,NaN,NaN,NaN,NaN
NaN,NaN,0.0749913871598741,0.0858517115654346,0.0922017739552151,0.0199359842663398,-0.0389082196876795,-0.00701562868683444,-0.0444826218251061,NaN,NaN,NaN,NaN,NaN,NaN,NaN,NaN,NaN
NaN,NaN,0.0803309947562715,0.0841769141795036,0.0943184093969952,0.0245582872157684,-0.037548116199711,-0.013917064240862,-0.0379234473172498,NaN,NaN,NaN,NaN,NaN,NaN,NaN,NaN,NaN
NaN,NaN,0.0729687780452271,0.0849772555472252,0.0933116496938358,0.0265293383126846,-0.0396262507662565,-0.0106732118341218,-0.0363066713277173,NaN,NaN,NaN,NaN,NaN,NaN,NaN,NaN,NaN
NaN,NaN,0.0723800331664582,0.0799895016195175,0.0982551099198948,0.0327627920632949,-0.0403790574297697,-0.0143908652874719,-0.0298995259169412,NaN,NaN,NaN,NaN,NaN,NaN,NaN,NaN,NaN
NaN,NaN,0.0709005341244241,0.0840552648248073,0.0972020634847771,0.0338442624633899,-0.0378537017628939,-0.0187833550783883,-0.030952311581738,NaN,NaN,NaN,NaN,NaN,NaN,NaN,NaN,NaN
NaN,NaN,0.0665123842967053,0.0818344888927337,0.0999761381584297,0.0357032754545799,-0.0414339106306822,-0.0163369196864854,-0.0278777363661599,NaN,NaN,NaN,NaN,NaN,NaN,NaN,NaN,NaN
NaN,NaN,0.0710890338135262,0.0781564166488048,0.101190266146053,0.0406756253069034,-0.0393181692585737,-0.0239235292586576,-0.0231443638864827,NaN,NaN,NaN,NaN,NaN,NaN,NaN,NaN,NaN
NaN,NaN,0.0632134907258054,0.079684269958913,0.0991998621660362,0.0415975228970638,-0.0409972693547995,-0.0225325803670179,-0.0232556755606007,NaN,NaN,NaN,NaN,NaN,NaN,NaN,NaN,NaN
NaN,NaN,0.0622135855567952,0.0743722853900787,0.104001928998817,0.0470974856143584,-0.0412183653340132,-0.0251526329132806,-0.019600271708138,NaN,NaN,NaN,NaN,NaN,NaN,NaN,NaN,NaN
NaN,NaN,0.0628425635707875,0.0774772030951378,0.101690684391845,0.0457909890537849,-0.0377736266479284,-0.0317010227057229,-0.0207587438587022,NaN,NaN,NaN,NaN,NaN,NaN,NaN,NaN,NaN
NaN,NaN,0.0577810116422673,0.0748902683796284,0.103488360478271,0.0477199629967799,-0.0406279254481585,-0.0290678012582551,-0.0189260127905679,NaN,NaN,NaN,NaN,NaN,NaN,NaN,NaN,NaN
NaN,NaN,0.0616820425105592,0.0713809890391228,0.104163662477125,0.052319243652164,-0.0393038455173761,-0.0368256624254476,-0.0143628488246274,NaN,NaN,NaN,NaN,NaN,NaN,NaN,NaN,NaN
NaN,NaN,0.0546461798561116,0.0734904532970783,0.101844781025041,0.0517350995069137,-0.0400977793857843,-0.0347850974115621,-0.0161255630616021,NaN,NaN,NaN,NaN,NaN,NaN,NaN,NaN,NaN
NaN,NaN,0.0545406982613107,0.0683984284939167,0.105875302984108,0.0550897979264846,-0.0382537979409487,-0.0378484408768903,-0.0131915989283395,NaN,NaN,NaN,NaN,NaN,NaN,NaN,NaN,NaN
NaN,NaN,0.0554363325548669,0.0704724652411339,0.102416724844564,0.0539157913153758,-0.0346750605628282,-0.0439516584786664,-0.0150923537973237,NaN,NaN,NaN,NaN,NaN,NaN,NaN,NaN,NaN
NaN,NaN,0.0509910181475182,0.0673763764740822,0.102210679038156,0.0558187254791846,-0.0369846101627142,-0.0409217681202184,-0.0135642583433461,NaN,NaN,NaN,NaN,NaN,NaN,NaN,NaN,NaN
NaN,NaN,0.0549157604885598,0.0642772329689857,0.103575196995128,0.0590257533913245,-0.0348166774735243,-0.0473670791301023,-0.011275738007195,NaN,NaN,NaN,NaN,NaN,NaN,NaN,NaN,NaN
NaN,NaN,0.0486435823452969,0.0669053880216476,0.10068796662866,0.0568344072526088,-0.0337762783989698,-0.0445303450736295,-0.0139209362629723,NaN,NaN,NaN,NaN,NaN,NaN,NaN,NaN,NaN
NaN,NaN,0.0491543382716676,0.06087978684324,0.103162807359089,0.0590409525757423,-0.0325846325382978,-0.0453078876647245,-0.0124367619816136,NaN,NaN,NaN,NaN,NaN,NaN,NaN,NaN,NaN
NaN,NaN,0.0519656285954018,0.0624392306150791,0.0991829120951782,0.0578768924897304,-0.028523600451687,-0.0504164341303598,-0.0146615053478551,NaN,NaN,NaN,NaN,NaN,NaN,NaN,NaN,NaN
NaN,NaN,0.0462864980412026,0.06016633787173,0.0981721290784966,0.0589848124509444,-0.0309400472566873,-0.0459564607056867,-0.0145568619433713,NaN,NaN,NaN,NaN,NaN,NaN,NaN,NaN,NaN
NaN,NaN,0.0507839292598267,0.0572252770604488,0.0987175860839974,0.0621530787175288,-0.0270433190986902,-0.0502416621360074,-0.013719416684277,NaN,NaN,NaN,NaN,NaN,NaN,NaN,NaN,NaN
NaN,NaN,0.0460798375618955,0.0604148147346374,0.0952002228635441,0.0587103330617538,-0.0248665760979444,-0.0466014202150594,-0.0179646084967923,NaN,NaN,NaN,NaN,NaN,NaN,NaN,NaN,NaN
NaN,NaN,0.0469351269615193,0.0552849968613979,0.0969143779414784,0.0605806336825481,-0.0232480678484232,-0.0451994072112332,-0.0168232168022466,NaN,NaN,NaN,NaN,NaN,NaN,NaN,NaN,NaN
NaN,NaN,0.0499057106984158,0.0561403980197307,0.0915935830610882,0.0602540188556304,-0.0182516339943201,-0.049122454545189,-0.0199509891632867,NaN,NaN,NaN,NaN,NaN,NaN,NaN,NaN,NaN
NaN,NaN,0.044613079012682,0.0550725808085796,0.0900094592410217,0.0608169288461795,-0.0199670556709558,-0.0428955386790525,-0.0218388917807412,NaN,NaN,NaN,NaN,NaN,NaN,NaN,NaN,NaN
NaN,NaN,0.0494122028661271,0.0527619136216041,0.0914424294072281,0.0625610538845649,-0.0148412983641416,-0.0457714814159165,-0.0211761626366448,NaN,NaN,NaN,NaN,NaN,NaN,NaN,NaN,NaN
NaN,NaN,0.045900557966282,0.0558427845777866,0.0867408709066998,0.0593481958931079,-0.0114710654840261,-0.0415537822458039,-0.0256681921843362,NaN,NaN,NaN,NaN,NaN,NaN,NaN,NaN,NaN
NaN,NaN,0.047284670950224,0.050423753792226,0.0867882752257477,0.0610705838626018,-0.00864543279264277,-0.0377046446713697,-0.0248711849514317,NaN,NaN,NaN,NaN,NaN,NaN,NaN,NaN,NaN
NaN,NaN,0.0503675908160706,0.0536199969889519,0.0817105741637837,0.0617093221371761,-0.00381814574454135,-0.0409720036598931,-0.0287127415601086,NaN,NaN,NaN,NaN,NaN,NaN,NaN,NaN,NaN
NaN,NaN,0.0450211659384271,0.053354551428735,0.0808930964606892,0.061602965099155,-0.00418877487633532,-0.0337868313702832,-0.031003199047215,NaN,NaN,NaN,NaN,NaN,NaN,NaN,NaN,NaN
NaN,NaN,0.050278425992777,0.0510917169691917,0.0805547097164284,0.0640336797659984,0.00190676862742597,-0.0355688984903585,-0.0294057573143315,NaN,NaN,NaN,NaN,NaN,NaN,NaN,NaN,NaN
NaN,NaN,0.0480437919807931,0.054668330931842,0.0760111594039093,0.0600545854395023,0.00540783370282346,-0.029721962234665,-0.0337577904526067,NaN,NaN,NaN,NaN,NaN,NaN,NaN,NaN,NaN
NaN,NaN,0.0491068966997166,0.0501519566120502,0.0756665327983986,0.0628416241233936,0.00798329452421361,-0.0262522454771291,-0.0330537105861974,NaN,NaN,NaN,NaN,NaN,NaN,NaN,NaN,NaN
NaN,NaN,0.0519699313056966,0.0526929957510826,0.0708620445269238,0.0641252101486316,0.013098881788513,-0.0288845542284738,-0.0361029165748429,NaN,NaN,NaN,NaN,NaN,NaN,NaN,NaN,NaN
NaN,NaN,0.0461397961092492,0.0538355609120724,0.0692184837001454,0.0641205535357585,0.013302357144615,-0.0214536804172288,-0.0387773956123662,NaN,NaN,NaN,NaN,NaN,NaN,NaN,NaN,NaN
NaN,NaN,0.0522502407742043,0.0506729198338386,0.0708049730795513,0.0658628531818976,0.018552166618368,-0.0218616742107164,-0.0368324029210877,NaN,NaN,NaN,NaN,NaN,NaN,NaN,NaN,NaN
NaN,NaN,0.0507269695711633,0.0541061473729011,0.0652764001327645,0.0631565601652255,0.0223200742378443,-0.0165103319498788,-0.0416472474995923,NaN,NaN,NaN,NaN,NaN,NaN,NaN,NaN,NaN
NaN,NaN,0.0507333211911221,0.0503455040695068,0.0655117267209183,0.0663275458937278,0.0243677731826513,-0.0134382154258977,-0.0404367516700101,NaN,NaN,NaN,NaN,NaN,NaN,NaN,NaN,NaN
NaN,NaN,0.0537586294425031,0.0544647624434826,0.0623543010491024,0.0678468682890525,0.0282297443821638,-0.0162951591822396,-0.0439405362073255,NaN,NaN,NaN,NaN,NaN,NaN,NaN,NaN,NaN
NaN,NaN,0.0488860242379208,0.0557311748804447,0.0623758332270275,0.0659720786934486,0.0278239112570494,-0.0078915189418088,-0.0461216750506234,NaN,NaN,NaN,NaN,NaN,NaN,NaN,NaN,NaN
NaN,NaN,0.0550813496423264,0.0524286677779552,0.0630799503463398,0.0674880855804076,0.033436731643936,-0.00833132671444521,-0.0438882517579865,NaN,NaN,NaN,NaN,NaN,NaN,NaN,NaN,NaN
NaN,NaN,0.0538751378965875,0.0570628171505329,0.0574728296536099,0.0653306023305049,0.0370385658219069,-0.00451770978300677,-0.0472563053432774,NaN,NaN,NaN,NaN,NaN,NaN,NaN,NaN,NaN
NaN,NaN,0.0534051552725335,0.05350339540261,0.058028363569368,0.0684202649717918,0.0377306316271036,-0.000541409424234493,-0.0465671452645135,NaN,NaN,NaN,NaN,NaN,NaN,NaN,NaN,NaN
NaN,NaN,0.0560543023360272,0.0573149634243843,0.0560788260239254,0.0693426468496909,0.0419127915277689,-0.00349914090960131,-0.0490184421602559,NaN,NaN,NaN,NaN,NaN,NaN,NaN,NaN,NaN
NaN,NaN,0.0511424139452477,0.0593171393217441,0.0563047648805271,0.06715897480899,0.041250081010124,0.00380885420114888,-0.0506499330464673,NaN,NaN,NaN,NaN,NaN,NaN,NaN,NaN,NaN
NaN,NaN,0.0582161814284821,0.0552451362552044,0.0580321074861179,0.0689427928155055,0.0468318697288244,0.00255914969117536,-0.0481233294073415,NaN,NaN,NaN,NaN,NaN,NaN,NaN,NaN,NaN
NaN,NaN,0.0560393266690274,0.0601345611454841,0.0533765190678726,0.0671479479497066,0.0500754054858892,0.00561085162432088,-0.0515236998859715,NaN,NaN,NaN,NaN,NaN,NaN,NaN,NaN,NaN
NaN,NaN,0.054806385965397,0.057321836584985,0.0553637192982327,0.0702541136270156,0.0491762321665495,0.00889134226114644,-0.0498090977732015,NaN,NaN,NaN,NaN,NaN,NaN,NaN,NaN,NaN
NaN,NaN,0.0586395606709023,0.0613274177255031,0.0546564356821667,0.0696554967289558,0.0526705730929583,0.00535768089563741,-0.0511135454241109,NaN,NaN,NaN,NaN,NaN,NaN,NaN,NaN,NaN
NaN,NaN,0.05452171790724,0.0625997533740398,0.0551187814611088,0.067339483750402,0.0522792686000078,0.0121594835606326,-0.0523283067110848,NaN,NaN,NaN,NaN,NaN,NaN,NaN,NaN,NaN
NaN,NaN,0.0600195385826131,0.0591180784346458,0.0580485173898827,0.0694580749695888,0.0565673012509554,0.0101974849191417,-0.0475473063949418,NaN,NaN,NaN,NaN,NaN,NaN,NaN,NaN,NaN
NaN,NaN,0.058550712497284,0.064907421702325,0.0546485939460884,0.068190768462955,0.0582328040375917,0.0115796607521285,-0.0505049447480512,NaN,NaN,NaN,NaN,NaN,NaN,NaN,NaN,NaN
NaN,NaN,0.0568688929391404,0.0622473781647083,0.057467651500095,0.0693769381468883,0.0566471714749544,0.0153300408807506,-0.0484748477999043,NaN,NaN,NaN,NaN,NaN,NaN,NaN,NaN,NaN
NaN,NaN,0.0602817617667218,0.0652104368152019,0.0578923718470226,0.0685385988181224,0.0602337692156046,0.0112327617195357,-0.0492431702975106,NaN,NaN,NaN,NaN,NaN,NaN,NaN,NaN,NaN
NaN,NaN,0.0562073558879395,0.0664523368420002,0.0582962864476334,0.064503308487474,0.0599925007894247,0.0173405055490245,-0.048128190911181,NaN,NaN,NaN,NaN,NaN,NaN,NaN,NaN,NaN
NaN,NaN,0.0617548346829911,0.0632260491790172,0.0618472704130303,0.0680057519202819,0.0631490137651175,0.0158366244819869,-0.0444828639689755,NaN,NaN,NaN,NaN,NaN,NaN,NaN,NaN,NaN
NaN,NaN,0.0604339957547685,0.0690488083006737,0.0605232277351509,0.0656274707143893,0.0644842323138922,0.0173604917314757,-0.0466384659472775,NaN,NaN,NaN,NaN,NaN,NaN,NaN,NaN,NaN
NaN,NaN,0.0578576967430611,0.0664518153013584,0.0638446593123566,0.0656113774603,0.0619017120673864,0.0206082556930293,-0.0439214440945458,NaN,NaN,NaN,NaN,NaN,NaN,NaN,NaN,NaN
NaN,NaN,0.0623355329347154,0.0674913575591442,0.0648165502983223,0.0644938648765674,0.0667398955896109,0.0157062020686377,-0.0432787570122552,NaN,NaN,NaN,NaN,NaN,NaN,NaN,NaN,NaN
NaN,NaN,0.0580102846336861,0.0686225419582722,0.0661322296994816,0.0615709462290397,0.0658767085745543,0.0225441214230765,-0.0428294497493577,NaN,NaN,NaN,NaN,NaN,NaN,NaN,NaN,NaN
NaN,NaN,0.0624883257163068,0.0653586474897262,0.0693667875069271,0.0651283376937499,0.06691163147237,0.0199760180500258,-0.037679533934958,NaN,NaN,NaN,NaN,NaN,NaN,NaN,NaN,NaN
NaN,NaN,0.0610412553263207,0.0708701213540432,0.0688351140755306,0.0623014197772136,0.0678884398415297,0.020010830887865,-0.0399368549648595,NaN,NaN,NaN,NaN,NaN,NaN,NaN,NaN,NaN
NaN,NaN,0.0578549400282403,0.0675021422745582,0.0720001393395554,0.0619834289973369,0.0658687364533155,0.0243176017490138,-0.0360244247082543,NaN,NaN,NaN,NaN,NaN,NaN,NaN,NaN,NaN
NaN,NaN,0.0624055870187779,0.0671536599935886,0.0738190868335854,0.061287954551517,0.0701634001209944,0.0202472191837539,-0.0335884015027356,NaN,NaN,NaN,NaN,NaN,NaN,NaN,NaN,NaN
NaN,NaN,0.0581895456028481,0.0694883553029892,0.0744024672943245,0.0590967201715102,0.0679600585475176,0.0250759404686202,-0.0323858219150376,NaN,NaN,NaN,NaN,NaN,NaN,NaN,NaN,NaN
NaN,NaN,0.0623574935210248,0.0653139067532417,0.0795237169998776,0.0617396460002055,0.0692113649323195,0.0232209507909526,-0.0269996481899094,NaN,NaN,NaN,NaN,NaN,NaN,NaN,NaN,NaN
NaN,NaN,0.060849216611435,0.070318405860841,0.0783259802895676,0.0586822629993549,0.0692332323863714,0.0234837327686061,-0.0271036955479455,NaN,NaN,NaN,NaN,NaN,NaN,NaN,NaN,NaN
NaN,NaN,0.0573018089247247,0.0656210383118984,0.0824101836818348,0.0593718328600517,0.067595650650522,0.0279207584050406,-0.0225047501686883,NaN,NaN,NaN,NaN,NaN,NaN,NaN,NaN,NaN
NaN,NaN,0.0623128645432492,0.0654516493620273,0.0837013134199272,0.0601656177168479,0.0724583279564589,0.0238877218750228,-0.0205574850503278,NaN,NaN,NaN,NaN,NaN,NaN,NaN,NaN,NaN
NaN,NaN,0.0583542965662976,0.0673230116905567,0.085513443632711,0.0582622365182033,0.0709556576087683,0.0283076484289874,-0.0193221415344548,NaN,NaN,NaN,NaN,NaN,NaN,NaN,NaN,NaN
NaN,NaN,0.0622481935036679,0.0636723203303215,0.0896155097919594,0.0596648455684772,0.0710563708319872,0.027376065084051,-0.0137438732150864,NaN,NaN,NaN,NaN,NaN,NaN,NaN,NaN,NaN
NaN,NaN,0.0618219271612664,0.0667952125610706,0.0886741848128925,0.0579227880662074,0.0722418140843123,0.0272148345199336,-0.0144594456020665,NaN,NaN,NaN,NaN,NaN,NaN,NaN,NaN,NaN
NaN,NaN,0.0592666574132939,0.0625635808052418,0.0924610727864395,0.0589066372340312,0.0710065450742453,0.032395688870262,-0.00994618189967393,NaN,NaN,NaN,NaN,NaN,NaN,NaN,NaN,NaN
NaN,NaN,0.0649980910432836,0.0624880319179889,0.0932333254653107,0.0608838164334884,0.0756284568681925,0.0270440672126521,-0.00786216137445687,NaN,NaN,NaN,NaN,NaN,NaN,NaN,NaN,NaN
NaN,NaN,0.0610948063743611,0.0651949396075603,0.0943885007339607,0.0584175066178432,0.0724690195396154,0.0313294362810363,-0.00784560245908021,NaN,NaN,NaN,NaN,NaN,NaN,NaN,NaN,NaN
NaN,NaN,0.0646240532708665,0.0596124989630577,0.097987093909372,0.0610146858816734,0.0732420545294493,0.0317062121418227,-0.0020245197180581,NaN,NaN,NaN,NaN,NaN,NaN,NaN,NaN,NaN
NaN,NaN,0.0648898899865647,0.063335647219598,0.0976147138911377,0.0595091284340015,0.0748554777577131,0.0307127703514804,-0.00246261385715722,NaN,NaN,NaN,NaN,NaN,NaN,NaN,NaN,NaN
NaN,NaN,0.0625374622953435,0.0599089389385578,0.0999091201859604,0.0606467017059913,0.0737487498893946,0.0352275055435409,-0.000471632457144248,NaN,NaN,NaN,NaN,NaN,NaN,NaN,NaN,NaN
NaN,NaN,0.067970109016945,0.0599829604567882,0.101513490958799,0.0629186072474113,0.0774976212754458,0.0300033819463958,0.00229530828558685,NaN,NaN,NaN,NaN,NaN,NaN,NaN,NaN,NaN
NaN,NaN,0.063793220402052,0.0630356309654114,0.101361685379137,0.0605627522891154,0.075206996150276,0.0349809658315886,0.00239542546235801,NaN,NaN,NaN,NaN,NaN,NaN,NaN,NaN,NaN
NaN,NaN,0.0666641898763677,0.0573943493606445,0.105185118450512,0.0631895662372699,0.0753926646187513,0.0358138848629702,0.00780348526798965,NaN,NaN,NaN,NaN,NaN,NaN,NaN,NaN,NaN
NaN,NaN,0.0683243841243287,0.062185165816724,0.104107354714264,0.0629846193915,0.0784213442578524,0.0350275878396739,0.00600390928351165,NaN,NaN,NaN,NaN,NaN,NaN,NaN,NaN,NaN
NaN,NaN,0.0656361773920556,0.059339155787408,0.105472859873165,0.0646210462873569,0.0777445521428793,0.0406735074308623,0.00817275466882468,NaN,NaN,NaN,NaN,NaN,NaN,NaN,NaN,NaN
NaN,NaN,0.070559148521473,0.0592680958749649,0.106849354638446,0.0673989393835654,0.0814519610479086,0.0357516538885344,0.0103049990769553,NaN,NaN,NaN,NaN,NaN,NaN,NaN,NaN,NaN
NaN,NaN,0.067635801465561,0.0623469551743862,0.106232651455988,0.065066255730926,0.0794235777332991,0.04059684095652,0.00965799065791847,NaN,NaN,NaN,NaN,NaN,NaN,NaN,NaN,NaN
NaN,NaN,0.0715242967319985,0.0577622962834236,0.109812897576679,0.0685449318116298,0.0799126338436811,0.0405818280366172,0.0145846498247314,NaN,NaN,NaN,NaN,NaN,NaN,NaN,NaN,NaN
NaN,NaN,0.0731959835005303,0.0621538174988624,0.107357614620317,0.0683500618761172,0.0840319480970114,0.0400217120137919,0.0119599220391441,NaN,NaN,NaN,NaN,NaN,NaN,NaN,NaN,NaN
NaN,NaN,0.0700716942859193,0.0603121643604633,0.108313524110902,0.0696913899009814,0.0817907575741022,0.0445684101966132,0.0122086969252753,NaN,NaN,NaN,NaN,NaN,NaN,NaN,NaN,NaN
NaN,NaN,0.0762587309194108,0.0604090219082233,0.109835361077179,0.0732548908417811,0.085091383404991,0.0403100122299899,0.0141046275433231,NaN,NaN,NaN,NaN,NaN,NaN,NaN,NaN,NaN
NaN,NaN,0.0730049506140252,0.0642428671659824,0.108518899365057,0.0702864118939033,0.0843092214539259,0.0455049854305495,0.0127421957489181,NaN,NaN,NaN,NaN,NaN,NaN,NaN,NaN,NaN
NaN,NaN,0.0762693293703099,0.0595765499116775,0.11112835346042,0.074126068604528,0.0841992322578638,0.0455942806390036,0.0164025914903808,NaN,NaN,NaN,NaN,NaN,NaN,NaN,NaN,NaN
NaN,NaN,0.0787997700584432,0.0638715861083862,0.10779151780783,0.0752814860170474,0.089090072758457,0.045083599218439,0.012130707972877,NaN,NaN,NaN,NaN,NaN,NaN,NaN,NaN,NaN
NaN,NaN,0.0754276000273724,0.0630607207955715,0.108620264514078,0.0773916580801597,0.0868684958889692,0.0498760548022498,0.013387956195705,NaN,NaN,NaN,NaN,NaN,NaN,NaN,NaN,NaN
NaN,NaN,0.0812482916129132,0.0630862949134704,0.109207072241891,0.0801768341189017,0.0902299743368834,0.046770615556549,0.0141716082628894,NaN,NaN,NaN,NaN,NaN,NaN,NaN,NaN,NaN
NaN,NaN,0.0787131570590039,0.0669669670702812,0.107862447335113,0.0775041991000762,0.0892407793774813,0.0506273713496436,0.0111283999916244,NaN,NaN,NaN,NaN,NaN,NaN,NaN,NaN,NaN
NaN,NaN,0.0818560354722043,0.0625572105588314,0.109693408890356,0.0823731907730689,0.0903879825248926,0.0524267796960582,0.0141015169259238,NaN,NaN,NaN,NaN,NaN,NaN,NaN,NaN,NaN
NaN,NaN,0.0839519396734734,0.0672494372071621,0.105673075600256,0.0834104606037726,0.093857792414686,0.0516244639244784,0.0101492074366737,NaN,NaN,NaN,NaN,NaN,NaN,NaN,NaN,NaN
NaN,NaN,0.0790289126647016,0.066685204738557,0.106092301143993,0.0844273717229953,0.0918181959762781,0.0563422088113536,0.00990445586406471,NaN,NaN,NaN,NaN,NaN,NaN,NaN,NaN,NaN
NaN,NaN,0.0858925365221997,0.0659362910034057,0.106732734425653,0.0878881291573634,0.0958734911158293,0.0535710771170367,0.0119755123790431,NaN,NaN,NaN,NaN,NaN,NaN,NaN,NaN,NaN
NaN,NaN,0.0827919401538869,0.0694558521451351,0.10436855344354,0.084919855100452,0.0950698156132906,0.0584599432137717,0.00920719327890159,NaN,NaN,NaN,NaN,NaN,NaN,NaN,NaN,NaN
NaN,NaN,0.085394074053814,0.0653213387073871,0.104936418070186,0.0894477964466205,0.0953880299105852,0.0605456401196231,0.0101944510873485,NaN,NaN,NaN,NaN,NaN,NaN,NaN,NaN,NaN
NaN,NaN,0.0865508511972924,0.0708955092074272,0.102243238075365,0.0905573555355659,0.0998452652468889,0.0586520750609149,0.0068955761429,NaN,NaN,NaN,NaN,NaN,NaN,NaN,NaN,NaN
NaN,NaN,0.0817356154633065,0.069564965897977,0.102189780159582,0.0911892951553454,0.0975629847719877,0.0653600935426463,0.00831437157952072,NaN,NaN,NaN,NaN,NaN,NaN,NaN,NaN,NaN
NaN,NaN,0.0862198219013711,0.0681490389348861,0.102959648652662,0.0930909068410983,0.100815498478672,0.0627188999739398,0.00953337969743492,NaN,NaN,NaN,NaN,NaN,NaN,NaN,NaN,NaN
NaN,NaN,0.0847476058018704,0.0727728133739826,0.10071069089948,0.09212410087639,0.100626160599253,0.068022521266054,0.00586158456765892,NaN,NaN,NaN,NaN,NaN,NaN,NaN,NaN,NaN
NaN,NaN,0.0857258111548921,0.0691917290629741,0.102031697465767,0.0963915885513415,0.101814062543175,0.070784991660427,0.00827886956297638,NaN,NaN,NaN,NaN,NaN,NaN,NaN,NaN,NaN
NaN,NaN,0.0868853077602883,0.0740522084476349,0.0996259608703743,0.0965026394551387,0.105567814059517,0.0688795056727637,0.0074439388748336,NaN,NaN,NaN,NaN,NaN,NaN,NaN,NaN,NaN
NaN,NaN,0.0816880062532922,0.0725750004591343,0.0996307292419563,0.0964599476283183,0.103069224603435,0.0751200747278441,0.008830789947145,NaN,NaN,NaN,NaN,NaN,NaN,NaN,NaN,NaN
NaN,NaN,0.0870344311309358,0.0717447263838646,0.100993775709261,0.100087393177091,0.106524263717195,0.0734279733684768,0.010120541327827,NaN,NaN,NaN,NaN,NaN,NaN,NaN,NaN,NaN
NaN,NaN,0.0859701529455682,0.077196819120824,0.0982252330917011,0.0982269832020393,0.106760540254375,0.0769202281323184,0.00761019858085395,NaN,NaN,NaN,NaN,NaN,NaN,NaN,NaN,NaN
NaN,NaN,0.0865455054057141,0.0731898037435409,0.0988446557360779,0.100942440432846,0.106627435632011,0.0803580936578025,0.0108723049100566,NaN,NaN,NaN,NaN,NaN,NaN,NaN,NaN,NaN
NaN,NaN,0.0877373934102555,0.0764819545390007,0.0968733624952923,0.102016572011053,0.111202893055937,0.0785879474666823,0.0112111573156047,NaN,NaN,NaN,NaN,NaN,NaN,NaN,NaN,NaN
NaN,NaN,0.0834984414589902,0.0761038003208038,0.0965454065638672,0.101891923797666,0.107501779891512,0.0851148795870055,0.0129010048743415,NaN,NaN,NaN,NaN,NaN,NaN,NaN,NaN,NaN
NaN,NaN,0.0886919617963334,0.0749999781789181,0.0976314404445778,0.10340113202983,0.110603922255298,0.0831801686969508,0.0143164102967906,NaN,NaN,NaN,NaN,NaN,NaN,NaN,NaN,NaN
NaN,NaN,0.0867354952109357,0.080448420131385,0.0939586767393242,0.100887771797716,0.111230851359627,0.0868916381684054,0.0134851676460433,NaN,NaN,NaN,NaN,NaN,NaN,NaN,NaN,NaN
NaN,NaN,0.0871443271947404,0.0757714485468265,0.0952402697342526,0.104170460355817,0.110539251215717,0.0897054430630912,0.0193904792007136,NaN,NaN,NaN,NaN,NaN,NaN,NaN,NaN,NaN
NaN,NaN,0.0891655206990739,0.0783295867683288,0.093612783535112,0.104320217025815,0.113348995543978,0.0874513816622008,0.0197091964121986,NaN,NaN,NaN,NaN,NaN,NaN,NaN,NaN,NaN
NaN,NaN,0.0844157755685349,0.0791686152757999,0.093221683933128,0.103124808621942,0.10974732900407,0.0936785769251098,0.02143255295717,NaN,NaN,NaN,NaN,NaN,NaN,NaN,NaN,NaN
NaN,NaN,0.089974132211258,0.0784432267488834,0.0934461140471588,0.105577372116386,0.112820116080305,0.0911879782167186,0.0247751814361739,NaN,NaN,NaN,NaN,NaN,NaN,NaN,NaN,NaN
NaN,NaN,0.0886187225890656,0.0825968136729595,0.0905459382969032,0.102101061595022,0.112035122908613,0.093980660715412,0.0239573684569526,NaN,NaN,NaN,NaN,NaN,NaN,NaN,NaN,NaN
NaN,NaN,0.087294214249899,0.076786273503482,0.0919516393381249,0.104487836462795,0.110459306485912,0.0968861822572459,0.0301094246145415,NaN,NaN,NaN,NaN,NaN,NaN,NaN,NaN,NaN
NaN,NaN,0.0893605023932954,0.0803682705106136,0.090398752077211,0.103875193846761,0.1129723314419,0.094663767197441,0.0305729997392821,NaN,NaN,NaN,NaN,NaN,NaN,NaN,NaN,NaN
NaN,NaN,0.0853573799443742,0.0814589982571003,0.0893149533706795,0.101426821303903,0.109785699494144,0.0999859590616931,0.0321093280848193,NaN,NaN,NaN,NaN,NaN,NaN,NaN,NaN,NaN
NaN,NaN,0.0900048844826718,0.0788023261072037,0.0895190992790352,0.103255324167549,0.111522895492575,0.0973890778210868,0.0357174393769431,NaN,NaN,NaN,NaN,NaN,NaN,NaN,NaN,NaN
NaN,NaN,0.0873773999822637,0.0831117419244644,0.0866145463126789,0.09981278340274,0.10957495982196,0.0996495839741935,0.0353460651870895,NaN,NaN,NaN,NaN,NaN,NaN,NaN,NaN,NaN
NaN,NaN,0.0862783648384114,0.0782162261845466,0.0874293418067585,0.101741459322511,0.107534543819687,0.10269480390222,0.0416161571677852,NaN,NaN,NaN,NaN,NaN,NaN,NaN,NaN,NaN
NaN,NaN,0.08778463009124,0.0806461399139759,0.0860831336516033,0.0999945961957564,0.109948997594377,0.100018946507286,0.0417109471794295,NaN,NaN,NaN,NaN,NaN,NaN,NaN,NaN,NaN
NaN,NaN,0.0828597031844159,0.0821765450479385,0.0838546649950634,0.0964942761784186,0.105975733347198,0.105702901312422,0.0425899480518031,NaN,NaN,NaN,NaN,NaN,NaN,NaN,NaN,NaN
NaN,NaN,0.0874767721009751,0.0792886068763134,0.0844834194916378,0.098554622483789,0.107268464960119,0.102446941712211,0.0469599557157684,NaN,NaN,NaN,NaN,NaN,NaN,NaN,NaN,NaN
NaN,NaN,0.0835481368315717,0.0824547311009761,0.0813056351083409,0.0947043114429107,0.106447709001562,0.104107191839527,0.0465852846440005,NaN,NaN,NaN,NaN,NaN,NaN,NaN,NaN,NaN
NaN,NaN,0.0813442178380986,0.0782640216590759,0.0827315458494316,0.0954045728867641,0.103994568087122,0.1078382377115,0.0514791053768325,NaN,NaN,NaN,NaN,NaN,NaN,NaN,NaN,NaN
NaN,NaN,0.0833749853384992,0.0804803644956943,0.0811632545131336,0.094426237148582,0.106531732924244,0.104516191461395,0.0514214751359153,NaN,NaN,NaN,NaN,NaN,NaN,NaN,NaN,NaN
NaN,NaN,0.0780318200898667,0.0807517146410343,0.0786469699281346,0.0905837864702334,0.10298328215625,0.109240399726938,0.0520185274120498,NaN,NaN,NaN,NaN,NaN,NaN,NaN,NaN,NaN
NaN,NaN,0.0800081983519097,0.0765947749556896,0.0799372614759098,0.0919459947472205,0.104063951618931,0.106362221815895,0.0556912538644004,NaN,NaN,NaN,NaN,NaN,NaN,NaN,NaN,NaN
NaN,NaN,0.0768763281715413,0.0799134125651714,0.0772324772018086,0.0880463236098876,0.102683005131742,0.107073081710647,0.0560863581534553,NaN,NaN,NaN,NaN,NaN,NaN,NaN,NaN,NaN
NaN,NaN,0.0742893562031289,0.0752491814734337,0.0789697290795933,0.0888363272970309,0.100591068364641,0.110335579195331,0.0595199582215476,NaN,NaN,NaN,NaN,NaN,NaN,NaN,NaN,NaN
NaN,NaN,0.0757000118804475,0.0764902060570118,0.0765965515214096,0.0872022845869651,0.10395684952285,0.106686173060249,0.0590556939181018,NaN,NaN,NaN,NaN,NaN,NaN,NaN,NaN,NaN
NaN,NaN,0.0696232997191449,0.0766381745876667,0.075240489973415,0.0828835555439582,0.0999813873543947,0.111070765235733,0.0593840223785567,NaN,NaN,NaN,NaN,NaN,NaN,NaN,NaN,NaN
NaN,NaN,0.0704895042193433,0.0721978706957695,0.0757525497513901,0.0839784183626762,0.100608726240656,0.10800311906011,0.064728770875566,NaN,NaN,NaN,NaN,NaN,NaN,NaN,NaN,NaN
NaN,NaN,0.0670035265696546,0.0749525366069671,0.0735446819502007,0.0809041225438705,0.100018062837383,0.108750971087526,0.0624149371918368,NaN,NaN,NaN,NaN,NaN,NaN,NaN,NaN,NaN
NaN,NaN,0.0636364974391957,0.0709275280775425,0.0757255972760807,0.0798676350241294,0.0977357637360304,0.111671375164102,0.0651269299026656,NaN,NaN,NaN,NaN,NaN,NaN,NaN,NaN,NaN
NaN,NaN,0.0653874770117303,0.0711649408282635,0.074363780154575,0.0786137023096671,0.101488807447216,0.107551651128839,0.0643247258897948,NaN,NaN,NaN,NaN,NaN,NaN,NaN,NaN,NaN
NaN,NaN,0.0580887019944688,0.070374098950803,0.0722229489523064,0.0744304061954608,0.0977126483097284,0.11164364037783,0.0638280888136554,NaN,NaN,NaN,NaN,NaN,NaN,NaN,NaN,NaN
NaN,NaN,0.0589001074743768,0.0650677954496738,0.0735363186734806,0.0760796667163959,0.0980431001856535,0.108598662593674,0.0669812117751765,NaN,NaN,NaN,NaN,NaN,NaN,NaN,NaN,NaN
NaN,NaN,0.0554709032488366,0.0690761333050129,0.0724895307260643,0.0724044629459968,0.0977290582134932,0.108758663811993,0.0639983718331981,NaN,NaN,NaN,NaN,NaN,NaN,NaN,NaN,NaN
NaN,NaN,0.051841725440075,0.0636983787359592,0.0745218442219387,0.0709612668579211,0.095682793505451,0.111126439699243,0.0653910716112781,NaN,NaN,NaN,NaN,NaN,NaN,NaN,NaN,NaN
NaN,NaN,0.0525569998038312,0.0623488550724384,0.0726701886790882,0.0698979945009341,0.0993868310227602,0.107075819799017,0.0648967814680266,NaN,NaN,NaN,NaN,NaN,NaN,NaN,NaN,NaN
NaN,NaN,0.0446762040567895,0.0616950852515098,0.0709296957987438,0.0651958213275066,0.0943208087458818,0.11041706992061,0.0639482294257808,NaN,NaN,NaN,NaN,NaN,NaN,NaN,NaN,NaN
NaN,NaN,0.0445196114790936,0.0561003511490223,0.0730577678817402,0.0673391112213721,0.0946751024797171,0.107946885803055,0.0669141379233527,NaN,NaN,NaN,NaN,NaN,NaN,NaN,NaN,NaN
NaN,NaN,0.04073913100486,0.0597087977172729,0.0713345044690262,0.0623218716209521,0.094422211147806,0.107883574494432,0.0619387519594359,NaN,NaN,NaN,NaN,NaN,NaN,NaN,NaN,NaN
NaN,NaN,0.0370957412136098,0.0544411813558933,0.0728538082378994,0.0602357463067165,0.0925040591731279,0.11059679655106,0.064140137755506,NaN,NaN,NaN,NaN,NaN,NaN,NaN,NaN,NaN
NaN,NaN,0.0371213525844117,0.0519598586203453,0.0708836325842034,0.0589558296924224,0.095239707477352,0.106150830217909,0.0643524793025184,NaN,NaN,NaN,NaN,NaN,NaN,NaN,NaN,NaN
NaN,NaN,0.0280688412797948,0.050989271485984,0.0687866294222962,0.0555584580724826,0.0899211477711409,0.109488317796301,0.0625129123266864,NaN,NaN,NaN,NaN,NaN,NaN,NaN,NaN,NaN
NaN,NaN,0.0284284994316598,0.0457288821877834,0.0704831638771187,0.0557361357932677,0.0894623968973368,0.107128644415449,0.063716385984056,NaN,NaN,NaN,NaN,NaN,NaN,NaN,NaN,NaN
NaN,NaN,0.0257869147074719,0.0493049932362434,0.0688307927387844,0.0504643098538509,0.0895090375318735,0.107439389505695,0.060627133124702,NaN,NaN,NaN,NaN,NaN,NaN,NaN,NaN,NaN
NaN,NaN,0.021303602339079,0.0430914325358269,0.0692201228278767,0.0484102406626334,0.0877804097011297,0.111642615922998,0.0626537282999683,NaN,NaN,NaN,NaN,NaN,NaN,NaN,NaN,NaN
NaN,NaN,0.0211773708773156,0.0400308085324165,0.067479015274633,0.0485839509492507,0.0893170919492453,0.105883354374479,0.0622866754468608,NaN,NaN,NaN,NaN,NaN,NaN,NaN,NaN,NaN
NaN,NaN,0.0128875382555028,0.0405556274296638,0.0646802978056561,0.0440173597162357,0.0844118532016485,0.109229018965076,0.0608628136154342,NaN,NaN,NaN,NaN,NaN,NaN,NaN,NaN,NaN
NaN,NaN,0.0130454346848031,0.0348267083706257,0.0663450741606842,0.0430519879882922,0.0846701834573954,0.108583649673771,0.0628684912856746,NaN,NaN,NaN,NaN,NaN,NaN,NaN,NaN,NaN
NaN,NaN,0.011550047279646,0.0374022623242733,0.0641683497863899,0.0391487219458213,0.084747278340122,0.10752520156772,0.0601398837801147,NaN,NaN,NaN,NaN,NaN,NaN,NaN,NaN,NaN
NaN,NaN,0.00619114267950257,0.0302322705926296,0.0643902280765663,0.0379660354083171,0.0811001632585733,0.110309632548403,0.0629809019204307,NaN,NaN,NaN,NaN,NaN,NaN,NaN,NaN,NaN
NaN,NaN,0.00608456212406357,0.0285011281909344,0.0613786661463867,0.0394154527311912,0.082973164714834,0.105983881333183,0.0647787642713714,NaN,NaN,NaN,NaN,NaN,NaN,NaN,NaN,NaN
NaN,NaN,-0.00128856968755523,0.0293244545997974,0.0577669972020279,0.0342433155601611,0.0770127933695524,0.108991568961452,0.0615651425954032,NaN,NaN,NaN,NaN,NaN,NaN,NaN,NaN,NaN
NaN,NaN,-0.000552992491672434,0.0223605273010132,0.0602670767742287,0.0348943659191718,0.0774629760756701,0.106677958795141,0.065428715669744,NaN,NaN,NaN,NaN,NaN,NaN,NaN,NaN,NaN
NaN,NaN,-0.00211675760025779,0.0241688577176925,0.0572068252998482,0.031679961932241,0.0777408268525808,0.106842150965046,0.0637198877569366,NaN,NaN,NaN,NaN,NaN,NaN,NaN,NaN,NaN
NaN,NaN,-0.00757471766943733,0.0184214053394195,0.0564784565406929,0.0311604329472175,0.072797105856201,0.109669813939642,0.0666910489138293,NaN,NaN,NaN,NaN,NaN,NaN,NaN,NaN,NaN
NaN,NaN,-0.00667295527334014,0.0168379893245098,0.0535654657918106,0.03258224586898,0.0738476004674643,0.104891793855738,0.06714713620507,NaN,NaN,NaN,NaN,NaN,NaN,NaN,NaN,NaN
NaN,NaN,-0.0125892936872939,0.0178894338847992,0.0504274116295467,0.0285198726778617,0.0694015410020559,0.107778931089949,0.0658395406838584,NaN,NaN,NaN,NaN,NaN,NaN,NaN,NaN,NaN
NaN,NaN,-0.011619134961317,0.0107805182875988,0.0521115967470299,0.029090736163198,0.0693875711634367,0.107265641966175,0.0701535199817348,NaN,NaN,NaN,NaN,NaN,NaN,NaN,NaN,NaN
NaN,NaN,-0.0133328988837699,0.0126959880532619,0.0485950903433453,0.0270868838852039,0.0691048775091379,0.105616213807176,0.0683849570389915,NaN,NaN,NaN,NaN,NaN,NaN,NaN,NaN,NaN
NaN,NaN,-0.0179649434673289,0.00827213131803243,0.0464781568783413,0.0275502168660751,0.0634868789687365,0.108890967496942,0.0715053905781436,NaN,NaN,NaN,NaN,NaN,NaN,NaN,NaN,NaN
NaN,NaN,-0.0162528186726073,0.00655670964139669,0.0437171393471848,0.0283391215925803,0.0660949919595926,0.104004858115028,0.0724394698675799,NaN,NaN,NaN,NaN,NaN,NaN,NaN,NaN,NaN
NaN,NaN,-0.022422495453308,0.00830314435976713,0.0410232515472065,0.024827960980474,0.0611473780348509,0.105615561881374,0.0700058867272067,NaN,NaN,NaN,NaN,NaN,NaN,NaN,NaN,NaN
NaN,NaN,-0.0220891564774017,0.000612673694073845,0.0421757446068417,0.0250311569398036,0.0606732417121141,0.105237966456722,0.075258583300941,NaN,NaN,NaN,NaN,NaN,NaN,NaN,NaN,NaN
NaN,NaN,-0.0219671718465785,0.00405659281629293,0.0378814162152897,0.0245686621492496,0.0600222658589094,0.103798644670557,0.0739247244831252,NaN,NaN,NaN,NaN,NaN,NaN,NaN,NaN,NaN
NaN,NaN,-0.0269365228402118,-8.76622555855034e-05,0.0360296116608273,0.0233319775288692,0.054823250718376,0.106175100484203,0.0756097850438285,NaN,NaN,NaN,NaN,NaN,NaN,NaN,NaN,NaN
NaN,NaN,-0.0255198880719642,-0.00217617175561221,0.0348575794535767,0.0256735832517734,0.057251339055559,0.100538121589731,0.0770287294920611,NaN,NaN,NaN,NaN,NaN,NaN,NaN,NaN,NaN
NaN,NaN,-0.0308444454955558,-0.000216259276688409,0.0323181980687271,0.0222343207424274,0.0532999050095289,0.102740978875469,0.075813241773479,NaN,NaN,NaN,NaN,NaN,NaN,NaN,NaN,NaN
NaN,NaN,-0.0295868806230525,-0.00740785769206316,0.0325314523118626,0.0233522989874473,0.0523259464874476,0.103316834249805,0.0800533671911883,NaN,NaN,NaN,NaN,NaN,NaN,NaN,NaN,NaN
NaN,NaN,-0.0301770969914893,-0.00401314965468676,0.0293138073223721,0.0222148747270694,0.0518739756419867,0.100692329981636,0.078373373025291,NaN,NaN,NaN,NaN,NaN,NaN,NaN,NaN,NaN
NaN,NaN,-0.0347373366045455,-0.00697609654647143,0.0274551109808575,0.0216349774127593,0.0464973014071196,0.102418815770458,0.0802585189279246,NaN,NaN,NaN,NaN,NaN,NaN,NaN,NaN,NaN
NaN,NaN,-0.0326813488888244,-0.00980683288556368,0.0263589070576321,0.0226533600216499,0.0486624028756826,0.0965401214149703,0.0816305060919452,NaN,NaN,NaN,NaN,NaN,NaN,NaN,NaN,NaN
NaN,NaN,-0.038266285477827,-0.00760097674113543,0.0235797659891735,0.0177075342362514,0.0443400603010862,0.0980165284660567,0.0792385903235602,NaN,NaN,NaN,NaN,NaN,NaN,NaN,NaN,NaN
NaN,NaN,-0.0367574125217895,-0.0139223473427895,0.0234758117633949,0.019297190112411,0.04265371451523,0.0977719631579627,0.0840475861962962,NaN,NaN,NaN,NaN,NaN,NaN,NaN,NaN,NaN
NaN,NaN,-0.0362297810303668,-0.0105442168472412,0.0202131466406475,0.0185636431997409,0.0424262855425089,0.093518016913246,0.0812861216303039,NaN,NaN,NaN,NaN,NaN,NaN,NaN,NaN,NaN
NaN,NaN,-0.0413245625483493,-0.0136621916947964,0.0184915782350193,0.0157728419726482,0.0369835060312956,0.0947543290045966,0.0820945468779731,NaN,NaN,NaN,NaN,NaN,NaN,NaN,NaN,NaN
NaN,NaN,-0.0395421601521472,-0.0170572163818482,0.0177059145110737,0.016384776783525,0.0402923461272924,0.088385945239376,0.0838447627659965,NaN,NaN,NaN,NaN,NaN,NaN,NaN,NaN,NaN
NaN,NaN,-0.0435358389901618,-0.0136817308424118,0.0141849750119339,0.0130518340592971,0.0355306055619925,0.0894620698478927,0.081301525705688,NaN,NaN,NaN,NaN,NaN,NaN,NaN,NaN,NaN
NaN,NaN,-0.042665946452568,-0.020275364285529,0.0147513308960091,0.0139921532099834,0.0340774629488199,0.0884507652905692,0.0853350837763476,NaN,NaN,NaN,NaN,NaN,NaN,NaN,NaN,NaN
NaN,NaN,-0.0420788965808849,-0.0163631947992447,0.0118865081506859,0.0117639825766673,0.0339178901388853,0.0842021275845279,0.0816954751547504,NaN,NaN,NaN,NaN,NaN,NaN,NaN,NaN,NaN
NaN,NaN,-0.0467779963898162,-0.019340316420615,0.00971233560024606,0.00899450863653328,0.0287986520900934,0.0845375527230014,0.0827204701539207,NaN,NaN,NaN,NaN,NaN,NaN,NaN,NaN,NaN
NaN,NaN,-0.0437669932531814,-0.0237313160954121,0.00771256251512871,0.0108353980904212,0.0317282948866098,0.0788497236159552,0.0842837323483157,NaN,NaN,NaN,NaN,NaN,NaN,NaN,NaN,NaN
NaN,NaN,-0.0483582645344237,-0.0205475898740891,0.00453597022472726,0.0065968931739917,0.027931348629257,0.0791267734554519,0.0810528439518142,NaN,NaN,NaN,NaN,NaN,NaN,NaN,NaN,NaN
NaN,NaN,-0.0465606629538039,-0.0259078355787399,0.00565867958842622,0.0068778545683017,0.0256289888396471,0.0777547490385283,0.0849297908183265,NaN,NaN,NaN,NaN,NaN,NaN,NaN,NaN,NaN
NaN,NaN,-0.0449685483860473,-0.0226396383998993,0.00303987501441346,0.00494446615630295,0.0259055916443079,0.0722619388786067,0.082374558323257,NaN,NaN,NaN,NaN,NaN,NaN,NaN,NaN,NaN
NaN,NaN,-0.0496656737911204,-0.0264620283899906,0.000662394745935066,0.00205967585498001,0.0219238523616999,0.0739467014160861,0.0828315583106208,NaN,NaN,NaN,NaN,NaN,NaN,NaN,NaN,NaN
NaN,NaN,-0.0467403337048988,-0.0300918208716515,-0.00145144672812118,0.00337818647676613,0.0244885098412245,0.0677200835731734,0.0841381480034518,NaN,NaN,NaN,NaN,NaN,NaN,NaN,NaN,NaN
NaN,NaN,-0.0495013139831523,-0.0262728208957318,-0.00395031558097495,-0.000358801233232954,0.020142213650009,0.0681592021671046,0.0805178363856006,NaN,NaN,NaN,NaN,NaN,NaN,NaN,NaN,NaN
NaN,NaN,-0.0468056939231853,-0.0327560367344025,-0.0038504032951702,6.89179723849511e-05,0.0186384629681318,0.068226182886671,0.0843437281485725,NaN,NaN,NaN,NaN,NaN,NaN,NaN,NaN,NaN
NaN,NaN,-0.0446811422395209,-0.0294251615462902,-0.00556023703635825,-0.00208577130979393,0.0211700398698061,0.0630972777095546,0.0813070950146842,NaN,NaN,NaN,NaN,NaN,NaN,NaN,NaN,NaN
NaN,NaN,-0.0491960078167419,-0.0324149491546753,-0.00823220150293006,-0.00390620891994331,0.0166607063486784,0.0641799215760936,0.0821313154932189,NaN,NaN,NaN,NaN,NaN,NaN,NaN,NaN,NaN
NaN,NaN,-0.0457884289013843,-0.036450891411126,-0.00989189283670081,-0.00248946239298675,0.0197152767553537,0.0598041024592627,0.083205186301105,NaN,NaN,NaN,NaN,NaN,NaN,NaN,NaN,NaN
NaN,NaN,-0.0469124421166877,-0.0315675946233872,-0.0123552596730102,-0.0061768851155648,0.0164369840398043,0.060227407195877,0.0790257458623576,NaN,NaN,NaN,NaN,NaN,NaN,NaN,NaN,NaN
NaN,NaN,-0.0447143532025317,-0.0371799866018894,-0.0107793314916004,-0.0060807353729615,0.0155733313634604,0.059798514523815,0.0826925677295852,NaN,NaN,NaN,NaN,NaN,NaN,NaN,NaN,NaN
NaN,NaN,-0.0418259307431678,-0.0345826210735443,-0.012897233532082,-0.00713972364610527,0.0178615164234846,0.0549918097046126,0.0807064105805087,NaN,NaN,NaN,NaN,NaN,NaN,NaN,NaN,NaN
NaN,NaN,-0.0450570985364417,-0.0376352543292645,-0.0163247986298908,-0.00854082395380829,0.0140758950486391,0.0573061649289836,0.0803657886620689,NaN,NaN,NaN,NaN,NaN,NaN,NaN,NaN,NaN
NaN,NaN,-0.0405785917925338,-0.0411212878583077,-0.0155246807795872,-0.00733846788352821,0.0169865016117304,0.0528992023852576,0.0813545924659896,NaN,NaN,NaN,NaN,NaN,NaN,NaN,NaN,NaN
NaN,NaN,-0.0418009899246196,-0.0359777981696728,-0.0176461032194008,-0.0103437526995549,0.014296469487211,0.0537371133056392,0.077824730896585,NaN,NaN,NaN,NaN,NaN,NaN,NaN,NaN,NaN
NaN,NaN,-0.0386789917635421,-0.0422366211472157,-0.0158404922646393,-0.0104619375342736,0.0137774620428293,0.0535145458367575,0.0807646368678737,NaN,NaN,NaN,NaN,NaN,NaN,NaN,NaN,NaN
NaN,NaN,-0.0351848557280997,-0.0389439860640171,-0.0177779598695148,-0.0108426994556794,0.0159617860093325,0.0489023570504893,0.0786526021596122,NaN,NaN,NaN,NaN,NaN,NaN,NaN,NaN,NaN
NaN,NaN,-0.0385794333803157,-0.040081522083104,-0.0199903725248684,-0.0132051854307065,0.0112124506607264,0.0523900483337153,0.0776097630199123,NaN,NaN,NaN,NaN,NaN,NaN,NaN,NaN,NaN
NaN,NaN,-0.0319055385577182,-0.0431737738011482,-0.0200441843432297,-0.0112363881344208,0.0140179481580465,0.0496121738639583,0.0787512850996184,NaN,NaN,NaN,NaN,NaN,NaN,NaN,NaN,NaN
NaN,NaN,-0.0332536093580226,-0.0375758173225525,-0.0208367957335819,-0.0142978875810513,0.0125228215232103,0.0493836645570506,0.0747581278022456,NaN,NaN,NaN,NaN,NaN,NaN,NaN,NaN,NaN
NaN,NaN,-0.0303894944178561,-0.0433019237874153,-0.0193394711774696,-0.0153263471001992,0.0106823045983522,0.04979679925115,0.0777952638503242,NaN,NaN,NaN,NaN,NaN,NaN,NaN,NaN,NaN
NaN,NaN,-0.0266064807462196,-0.0399200493751171,-0.022352877126347,-0.014792755144299,0.0131594363823145,0.0457504261818637,0.075436633550756,NaN,NaN,NaN,NaN,NaN,NaN,NaN,NaN,NaN
NaN,NaN,-0.0282256595479945,-0.0406547511277798,-0.0235002106589188,-0.0166253744537244,0.00961813817169362,0.0492978897479285,0.0733687435325313,NaN,NaN,NaN,NaN,NaN,NaN,NaN,NaN,NaN
NaN,NaN,-0.0229987792360286,-0.0433340544162396,-0.021856184170853,-0.0140163115138421,0.0116687055900305,0.0461125989046801,0.0751549457248378,NaN,NaN,NaN,NaN,NaN,NaN,NaN,NaN,NaN
NaN,NaN,-0.0231932766425113,-0.0373269120512608,-0.0224360069793571,-0.0179786979133496,0.00975504259016209,0.0462310258832683,0.0710531962152648,NaN,NaN,NaN,NaN,NaN,NaN,NaN,NaN,NaN
NaN,NaN,-0.0205947562741737,-0.0415797034559849,-0.0212927898925651,-0.0181142053479562,0.00717607999589139,0.0459052492466678,0.0737521317835975,NaN,NaN,NaN,NaN,NaN,NaN,NaN,NaN,NaN
NaN,NaN,-0.0162250280069808,-0.0390926251469258,-0.022776517139088,-0.0175147130066762,0.01064782703664,0.0430288781014193,0.0709584062036204,NaN,NaN,NaN,NaN,NaN,NaN,NaN,NaN,NaN
NaN,NaN,-0.0187097221302489,-0.0379429260550144,-0.0241928166312088,-0.0198774783784756,0.00525776038314992,0.0462601762798537,0.0701217805083919,NaN,NaN,NaN,NaN,NaN,NaN,NaN,NaN,NaN
NaN,NaN,-0.0129493429946403,-0.040295670395911,-0.0224408871096481,-0.018388237702311,0.00758792946483785,0.0425477382329215,0.0727310110863376,NaN,NaN,NaN,NaN,NaN,NaN,NaN,NaN,NaN
NaN,NaN,-0.0133135460006694,-0.0334961960373524,-0.0224986104828228,-0.0214437580580125,0.00516144300248319,0.0424235370543708,0.0687788319822478,NaN,NaN,NaN,NaN,NaN,NaN,NaN,NaN,NaN
NaN,NaN,-0.0120529450165729,-0.0378441686092022,-0.0221722377997745,-0.0218168458814034,0.00224111343171292,0.0440936778274287,0.0714165982838798,NaN,NaN,NaN,NaN,NaN,NaN,NaN,NaN,NaN
NaN,NaN,-0.00712094005818168,-0.033487367099345,-0.0228990978163589,-0.0211500002915272,0.00534575173999959,0.0408511851516475,0.0691100289162326,NaN,NaN,NaN,NaN,NaN,NaN,NaN,NaN,NaN
NaN,NaN,-0.00893677693481246,-0.0320686461685303,-0.0238632588249554,-0.0235324910754571,0.00109661111976796,0.0429892037597407,0.0688820411499667,NaN,NaN,NaN,NaN,NaN,NaN,NaN,NaN,NaN
NaN,NaN,-0.00451224964732925,-0.0345214518068436,-0.0215736954075207,-0.0226723029190907,0.00299846494939023,0.0407092515912761,0.0727568646010089,NaN,NaN,NaN,NaN,NaN,NaN,NaN,NaN,NaN
NaN,NaN,-0.00375486087674896,-0.0265758732615116,-0.0222855797571052,-0.0250102392310509,-0.000108166389206115,0.0400615353670825,0.0681164567407298,NaN,NaN,NaN,NaN,NaN,NaN,NaN,NaN,NaN
NaN,NaN,-0.00178896930689613,-0.0300026933012608,-0.0220360970658173,-0.0256698950106511,-0.00274002810571498,0.0413626116302718,0.0697777126964259,NaN,NaN,NaN,NaN,NaN,NaN,NaN,NaN,NaN
NaN,NaN,0.00319738763694962,-0.0272138664780262,-0.0227461932760586,-0.0252045317465672,-4.32532057554154e-05,0.0376438778427352,0.0688253981109786,NaN,NaN,NaN,NaN,NaN,NaN,NaN,NaN,NaN
NaN,NaN,0.00103012550001343,-0.0245361091850403,-0.0234658821088184,-0.0280511005694279,-0.00481933613870448,0.0395783093360175,0.0685485717888999,NaN,NaN,NaN,NaN,NaN,NaN,NaN,NaN,NaN
NaN,NaN,0.00524070936565598,-0.0262096772251728,-0.0208519576650967,-0.026340931552113,-0.00316785907004184,0.0364091117468585,0.0714315739508796,NaN,NaN,NaN,NaN,NaN,NaN,NaN,NaN,NaN
NaN,NaN,0.00666499960546692,-0.0182889091132286,-0.0222603595417847,-0.0290758347982774,-0.00524202620241946,0.0342926811960448,0.0667812381919551,NaN,NaN,NaN,NaN,NaN,NaN,NaN,NaN,NaN
NaN,NaN,0.00863014611726006,-0.0221384937224987,-0.021559632436644,-0.0300890951330075,-0.00833206137273616,0.0360350926008929,0.0696813394364047,NaN,NaN,NaN,NaN,NaN,NaN,NaN,NaN,NaN
NaN,NaN,0.0139373064351579,-0.0192976990996006,-0.0213807253700603,-0.0286240874702344,-0.00480802988264865,0.0311359447029342,0.0690598865088153,NaN,NaN,NaN,NaN,NaN,NaN,NaN,NaN,NaN
NaN,NaN,0.0116675801885625,-0.0154230805395249,-0.021684373782288,-0.0314371473068604,-0.00914978121970004,0.0339028481927623,0.06785933720433,NaN,NaN,NaN,NaN,NaN,NaN,NaN,NaN,NaN
NaN,NaN,0.0157598860872289,-0.0169305192587975,-0.0193827404242863,-0.0299206375057111,-0.00803804283593005,0.0311500635531653,0.0706726019319224,NaN,NaN,NaN,NaN,NaN,NaN,NaN,NaN,NaN
NaN,NaN,0.0168858737063905,-0.00966819620710642,-0.0205423115354885,-0.0322359426791081,-0.00993391757462329,0.0287146922734488,0.0670872707899737,NaN,NaN,NaN,NaN,NaN,NaN,NaN,NaN,NaN
NaN,NaN,0.0192672655296822,-0.0132415319142941,-0.0198503761154522,-0.0338852777058491,-0.0123993705734999,0.030236566492628,0.0694730770822692,NaN,NaN,NaN,NaN,NaN,NaN,NaN,NaN,NaN
NaN,NaN,0.0242369890523454,-0.0103057423887852,-0.0190814203184952,-0.0320389120752225,-0.0090207930431158,0.0261573922422637,0.0693114739891219,NaN,NaN,NaN,NaN,NaN,NaN,NaN,NaN,NaN
NaN,NaN,0.0216201775086423,-0.00567874557358057,-0.018800905959021,-0.0337543896312127,-0.012763573579529,0.0279735085156669,0.0672339913483787,NaN,NaN,NaN,NaN,NaN,NaN,NaN,NaN,NaN
NaN,NaN,0.0269905373764535,-0.00680436066371233,-0.0166792600017895,-0.0325331090862164,-0.0115297574326784,0.0244366434005011,0.07009954052531,NaN,NaN,NaN,NaN,NaN,NaN,NaN,NaN,NaN
NaN,NaN,0.02897295060878,0.000693363481938529,-0.0183004318338741,-0.0347977130586514,-0.0122444543764383,0.0217290092793216,0.0659757000442672,NaN,NaN,NaN,NaN,NaN,NaN,NaN,NaN,NaN
NaN,NaN,0.03034018802767,-0.0025850223658684,-0.0166653460425247,-0.035197194563807,-0.0150805365071089,0.0238502082017173,0.0682259989019561,NaN,NaN,NaN,NaN,NaN,NaN,NaN,NaN,NaN
NaN,NaN,0.0355854526472588,0.000991051429688621,-0.0148591390413155,-0.0333967058832059,-0.011355208955744,0.0195054207530726,0.0676045459743667,NaN,NaN,NaN,NaN,NaN,NaN,NaN,NaN,NaN
NaN,NaN,0.0333699480009576,0.00649924703854292,-0.0152521012884487,-0.0352539307350526,-0.0152440394983084,0.0210491996792067,0.065462727570169,NaN,NaN,NaN,NaN,NaN,NaN,NaN,NaN,NaN
NaN,NaN,0.0388250023437043,0.00379438825863569,-0.0130541241330017,-0.0337116605514893,-0.0134906384870798,0.0171788465765227,0.0680305701728988,NaN,NaN,NaN,NaN,NaN,NaN,NaN,NaN,NaN
NaN,NaN,0.0404281065178414,0.0104531584026214,-0.0131596243542541,-0.0350316426629433,-0.0134788479432852,0.0154935997513045,0.0640329239007163,NaN,NaN,NaN,NaN,NaN,NaN,NaN,NaN,NaN
NaN,NaN,0.0420364819777509,0.00803158932346075,-0.0106262593132366,-0.0349674186581979,-0.0168349619731695,0.0169583652702083,0.0672593792017627,NaN,NaN,NaN,NaN,NaN,NaN,NaN,NaN,NaN
NaN,NaN,0.046709355742981,0.0124639210941192,-0.00862721265972747,-0.0328878126019845,-0.0123534749970228,0.0128813516882171,0.066035584085815,NaN,NaN,NaN,NaN,NaN,NaN,NaN,NaN,NaN
NaN,NaN,0.0450044580114385,0.0166176197769043,-0.00835701735438003,-0.0353935173625359,-0.01610704024885,0.0143221263375987,0.062768131965034,NaN,NaN,NaN,NaN,NaN,NaN,NaN,NaN,NaN
NaN,NaN,0.0498844951701661,0.0142909338416454,-0.00669900240124358,-0.0330454110080609,-0.0147949743792803,0.0121498536852111,0.0654516075786281,NaN,NaN,NaN,NaN,NaN,NaN,NaN,NaN,NaN
NaN,NaN,0.0516230881524583,0.0212697250487205,-0.00625481741250648,-0.0349311343306908,-0.0147915098593027,0.00934918043882741,0.0621290956672359,NaN,NaN,NaN,NaN,NaN,NaN,NaN,NaN,NaN
NaN,NaN,0.0520997390461465,0.0197543514611122,-0.00383770005525245,-0.0345076805824647,-0.0171029779836923,0.0119157378164042,0.0643585887786079,NaN,NaN,NaN,NaN,NaN,NaN,NaN,NaN,NaN
NaN,NaN,0.056140933961918,0.0231821587027904,-0.00135853798807754,-0.033851638334454,-0.0124178480133802,0.00755418656141652,0.063567355745666,NaN,NaN,NaN,NaN,NaN,NaN,NaN,NaN,NaN
NaN,NaN,0.0542708009791871,0.0280396019758579,-0.00186929391444816,-0.0348184256727109,-0.0165822382793218,0.00977619183928861,0.0606034589048553,NaN,NaN,NaN,NaN,NaN,NaN,NaN,NaN,NaN
NaN,NaN,0.059269991548111,0.023864911282241,0.000507832451451881,-0.0333426146680722,-0.0148769121393949,0.00787813780577077,0.0628717322882342,NaN,NaN,NaN,NaN,NaN,NaN,NaN,NaN,NaN
NaN,NaN,0.060793635280182,0.0310068143250343,0.00126764266072617,-0.0340392625803361,-0.0139001223966867,0.00575069902212514,0.0601383191581893,NaN,NaN,NaN,NaN,NaN,NaN,NaN,NaN,NaN
NaN,NaN,0.0597735576642056,0.0303132211508152,0.00427309511481629,-0.0340681149536977,-0.0167833853289873,0.00839671684176816,0.0614914191003966,NaN,NaN,NaN,NaN,NaN,NaN,NaN,NaN,NaN
NaN,NaN,0.0645565696371098,0.0321478334905502,0.0070031927364956,-0.0318932532245526,-0.0124926332161219,0.00507817236454381,0.0606340994175601,NaN,NaN,NaN,NaN,NaN,NaN,NaN,NaN,NaN
NaN,NaN,0.0626061007690926,0.0363051084520218,0.00586330978452073,-0.0339637136930833,-0.0154808189496786,0.00661101756365194,0.056803886317842,NaN,NaN,NaN,NaN,NaN,NaN,NaN,NaN,NaN
NaN,NaN,0.0657164573979875,0.0333442104699013,0.00848477794109689,-0.0319955869490514,-0.0151079360172541,0.00423722533256902,0.0601231572266746,NaN,NaN,NaN,NaN,NaN,NaN,NaN,NaN,NaN
NaN,NaN,0.0664181717050572,0.0400195767821667,0.00969542278229104,-0.0328354350203881,-0.0136300574764997,0.00222037179143323,0.0569909145172763,NaN,NaN,NaN,NaN,NaN,NaN,NaN,NaN,NaN
NaN,NaN,0.065870125622799,0.0400607226135132,0.0133071848589073,-0.0327589734370122,-0.0168684709594042,0.00692166952164068,0.0571879264947105,NaN,NaN,NaN,NaN,NaN,NaN,NaN,NaN,NaN
NaN,NaN,0.0698983751547833,0.0412020211758014,0.0152730205494057,-0.0306844710285077,-0.0123531397208959,0.0037269536939372,0.0568083939191032,NaN,NaN,NaN,NaN,NaN,NaN,NaN,NaN,NaN
NaN,NaN,0.0675290905249616,0.0461907064260837,0.0150940762299191,-0.0323577410454163,-0.0157832380161077,0.00493331445128812,0.0527576063808131,NaN,NaN,NaN,NaN,NaN,NaN,NaN,NaN,NaN
NaN,NaN,0.0698280975533029,0.0423709241392013,0.0172805794912468,-0.0306030548090348,-0.0149044606611521,0.00340713752181424,0.056026418232553,NaN,NaN,NaN,NaN,NaN,NaN,NaN,NaN,NaN
NaN,NaN,0.0700518012357255,0.0493705024661419,0.0197773994344364,-0.029913410442532,-0.0131214808449537,0.00211358634502782,0.0529459011789489,NaN,NaN,NaN,NaN,NaN,NaN,NaN,NaN,NaN
NaN,NaN,0.068345469267418,0.0484282461645004,0.0232197166818272,-0.0305015220219502,-0.0174832556173593,0.00523571489126577,0.0527053778108287,NaN,NaN,NaN,NaN,NaN,NaN,NaN,NaN,NaN
NaN,NaN,0.0733910024476548,0.049214021647155,0.024953038378347,-0.0288819520646939,-0.0121319878623278,0.00223627878100766,0.0534764383968043,NaN,NaN,NaN,NaN,NaN,NaN,NaN,NaN,NaN
NaN,NaN,0.0700562157047292,0.0538142895044681,0.0235185967224728,-0.0298827326769242,-0.0148399572596342,0.00366129545242681,0.048858345025413,NaN,NaN,NaN,NaN,NaN,NaN,NaN,NaN,NaN
NaN,NaN,0.0693513349009057,0.0500681375803348,0.0267984540599476,-0.0267823411995778,-0.0142399247512609,0.00254700524480237,0.0516586643692184,NaN,NaN,NaN,NaN,NaN,NaN,NaN,NaN,NaN
NaN,NaN,0.0709680736375352,0.0560126950682995,0.0294094355243336,-0.0269915535027394,-0.0131938073560984,0.000423608401130574,0.0482678306337524,NaN,NaN,NaN,NaN,NaN,NaN,NaN,NaN,NaN
NaN,NaN,0.0700910844219228,0.0558653598369953,0.032194965465654,-0.0272511503571877,-0.0155455458686144,0.00414698017508878,0.0489803482826877,NaN,NaN,NaN,NaN,NaN,NaN,NaN,NaN,NaN
NaN,NaN,0.0728772290361424,0.0558004280270931,0.0338344843524586,-0.0242521799082169,-0.0102805372104437,0.000814298221181767,0.0501182940837073,NaN,NaN,NaN,NaN,NaN,NaN,NaN,NaN,NaN
NaN,NaN,0.0681109622431298,0.0596903575302955,0.032726471258987,-0.0254465079779038,-0.0138247038945944,0.00112804217011823,0.0453777690466571,NaN,NaN,NaN,NaN,NaN,NaN,NaN,NaN,NaN
NaN,NaN,0.0675341196668645,0.0561516856493351,0.0358938993352543,-0.0221934354776749,-0.0149182628617079,0.00170492199928655,0.0487588611479926,NaN,NaN,NaN,NaN,NaN,NaN,NaN,NaN,NaN
NaN,NaN,0.0687176443946858,0.0610886079909202,0.039719064666618,-0.0217924638564,-0.011858905456999,-0.000949663988042934,0.0446154628928828,NaN,NaN,NaN,NaN,NaN,NaN,NaN,NaN,NaN
NaN,NaN,0.0674843684149285,0.0598580328466293,0.0419044317144047,-0.0230369902128587,-0.0150395955667288,0.0019123647895564,0.0454842005904842,NaN,NaN,NaN,NaN,NaN,NaN,NaN,NaN,NaN
NaN,NaN,0.0696262054455777,0.0587407810332176,0.0430930973428379,-0.0191539897496114,-0.0111209254488737,-0.00209437119095431,0.0459536803003478,NaN,NaN,NaN,NaN,NaN,NaN,NaN,NaN,NaN
NaN,NaN,0.0634994440091153,0.0637736295999882,0.0427668922978531,-0.0194687581533799,-0.0147684689388067,-0.00078422384588824,0.0419857432182956,NaN,NaN,NaN,NaN,NaN,NaN,NaN,NaN,NaN
NaN,NaN,0.0630139082980653,0.0588696574510929,0.0473074437516819,-0.0179379432374844,-0.0150794375464708,-0.00116275059311495,0.0441826959189105,NaN,NaN,NaN,NaN,NaN,NaN,NaN,NaN,NaN
NaN,NaN,0.0658434711707135,0.0629010921062824,0.0496122436064373,-0.0177646986121545,-0.0123822528645784,-0.00328868063418971,0.0412633535500693,NaN,NaN,NaN,NaN,NaN,NaN,NaN,NaN,NaN
NaN,NaN,0.0627031818342706,0.0620360051931736,0.0505882510381828,-0.0174401140684495,-0.0165346290693075,0.000780677476238149,0.0424559121068645,NaN,NaN,NaN,NaN,NaN,NaN,NaN,NaN,NaN
NaN,NaN,0.064329718084385,0.0594632824601528,0.0520476707655083,-0.0137335619801888,-0.0128582145795614,-0.00277704926459895,0.0422536102172065,NaN,NaN,NaN,NaN,NaN,NaN,NaN,NaN,NaN
NaN,NaN,0.0586209528458615,0.0642552165033218,0.0504658007460724,-0.0148257053369889,-0.0157080989107878,-0.00234810071318255,0.0380821791526008,NaN,NaN,NaN,NaN,NaN,NaN,NaN,NaN,NaN
NaN,NaN,0.0583258167219659,0.0589989995302555,0.0541733959156166,-0.0133671983057866,-0.0168306965157778,-0.00163014414041148,0.0412046057220626,NaN,NaN,NaN,NaN,NaN,NaN,NaN,NaN,NaN
NaN,NaN,0.0605265505922337,0.06120792903918,0.056507327540506,-0.0130338407034287,-0.0129499126002581,-0.00412146928041087,0.0383860510822463,NaN,NaN,NaN,NaN,NaN,NaN,NaN,NaN,NaN
NaN,NaN,0.0557015732241174,0.0590531466247436,0.0568943479496132,-0.0129946320230374,-0.0165749367103369,8.01366356123858e-05,0.0379013721879649,NaN,NaN,NaN,NaN,NaN,NaN,NaN,NaN,NaN
NaN,NaN,0.0563742488933106,0.0580534835996029,0.0571003751295696,-0.00838838507479522,-0.0139893244728834,-0.00357636617748843,0.0400133696433234,NaN,NaN,NaN,NaN,NaN,NaN,NaN,NaN,NaN
NaN,NaN,0.051551115543892,0.0614554187001583,0.0565466107267033,-0.00913988788670395,-0.0162044938430578,-0.00315928267567263,0.035295196348064,NaN,NaN,NaN,NaN,NaN,NaN,NaN,NaN,NaN
NaN,NaN,0.0520900905442735,0.054311131471574,0.0601878771024834,-0.00727009018009994,-0.0168168011829645,-0.0018582436653863,0.0381340724464583,NaN,NaN,NaN,NaN,NaN,NaN,NaN,NaN,NaN
NaN,NaN,0.0530031964493295,0.0572746185304519,0.0608361707466732,-0.00668857236451004,-0.013486596547106,-0.00425299065439807,0.036770150535934,NaN,NaN,NaN,NaN,NaN,NaN,NaN,NaN,NaN
NaN,NaN,0.0485064544094106,0.0562949416877624,0.0604084515410553,-0.00551234920567367,-0.0175470512137205,0.000132551470111745,0.0363187198575664,NaN,NaN,NaN,NaN,NaN,NaN,NaN,NaN,NaN
NaN,NaN,0.0487848826063176,0.0524779161157009,0.061598346515287,-0.000958423959673382,-0.0137875254974157,-0.00387854310004817,0.0377526958521533,NaN,NaN,NaN,NaN,NaN,NaN,NaN,NaN,NaN
NaN,NaN,0.0449105061901112,0.0558594366254207,0.0606811800438057,-0.00177284692472313,-0.0156168292984754,-0.00345866563050853,0.0336208832498717,NaN,NaN,NaN,NaN,NaN,NaN,NaN,NaN,NaN
NaN,NaN,0.0449448533666631,0.0503219043554661,0.0633710072773586,0.000649765235721133,-0.0174960147366316,-0.0021723973962556,0.0372959380086589,NaN,NaN,NaN,NaN,NaN,NaN,NaN,NaN,NaN
NaN,NaN,0.0461521640730401,0.0510628273429272,0.0646432497936379,0.00257095332199242,-0.0134799841568262,-0.00450696232049571,0.034735620492332,NaN,NaN,NaN,NaN,NaN,NaN,NaN,NaN,NaN
NaN,NaN,0.0413692079794904,0.0513668110312816,0.0632748947876583,0.00356046493106987,-0.0172862808928282,-0.000714262894083125,0.0341054876383472,NaN,NaN,NaN,NaN,NaN,NaN,NaN,NaN,NaN
NaN,NaN,0.042743393064787,0.0479092759730217,0.0636432701188217,0.0079011545603862,-0.0139836806580812,-0.0046266186448823,0.0357748461004424,NaN,NaN,NaN,NaN,NaN,NaN,NaN,NaN,NaN
NaN,NaN,0.0394643366647263,0.0498976124169227,0.0640454897123467,0.00657990585023072,-0.0152526076659948,-0.00469138281672106,0.0305605758961368,NaN,NaN,NaN,NaN,NaN,NaN,NaN,NaN,NaN
NaN,NaN,0.0387086242747804,0.044377216482341,0.0654588089722286,0.00948566953593399,-0.0166158962771685,-0.00350521313278781,0.0333494772251773,NaN,NaN,NaN,NaN,NaN,NaN,NaN,NaN,NaN
NaN,NaN,0.0398249447656175,0.04700870566982,0.0664137685137879,0.012532658976852,-0.0123200032636911,-0.00700508611528979,0.0312342573937106,NaN,NaN,NaN,NaN,NaN,NaN,NaN,NaN,NaN
NaN,NaN,0.0355784304750462,0.0477030066491958,0.0653338254827152,0.0128146075730911,-0.0171345870718748,-0.00402392255394564,0.0297514800962138,NaN,NaN,NaN,NaN,NaN,NaN,NaN,NaN,NaN
NaN,NaN,0.0370247371805211,0.0419305948259231,0.0670859412687908,0.017236136001884,-0.0142355102822573,-0.00783660816280947,0.0307126608725715,NaN,NaN,NaN,NaN,NaN,NaN,NaN,NaN,NaN
NaN,NaN,0.0343105279219647,0.0460393106283542,0.0659356833833347,0.0156139583414188,-0.0149679023549349,-0.00795816438524829,0.025983665608995,NaN,NaN,NaN,NaN,NaN,NaN,NaN,NaN,NaN
NaN,NaN,0.0325890340221425,0.0402259578647014,0.0680260369020592,0.0182318874722114,-0.0170241508409769,-0.00632425206034289,0.0289892857011485,NaN,NaN,NaN,NaN,NaN,NaN,NaN,NaN,NaN
NaN,NaN,0.0338434696507951,0.0425794100107548,0.0685384133297096,0.0210906193678966,-0.0137703519091398,-0.00982162909834491,0.0264877718921828,NaN,NaN,NaN,NaN,NaN,NaN,NaN,NaN,NaN
NaN,NaN,0.029849734933426,0.0432588470818397,0.0671081626254212,0.0213524327700725,-0.0185924421772749,-0.00722251268355952,0.0232944903012443,NaN,NaN,NaN,NaN,NaN,NaN,NaN,NaN,NaN
NaN,NaN,0.031873256744196,0.0380552684606907,0.0687318676549088,0.0241071173077216,-0.0153226244971544,-0.0111325401279222,0.0257129115101028,NaN,NaN,NaN,NaN,NaN,NaN,NaN,NaN,NaN
NaN,NaN,0.0289612718236943,0.0413987910093662,0.0674128913718353,0.0231209398334613,-0.0158260416016371,-0.0110619645032178,0.0215602372821498,NaN,NaN,NaN,NaN,NaN,NaN,NaN,NaN,NaN
NaN,NaN,0.0270349987161656,0.0364986745359299,0.0691153676646839,0.0258414075797191,-0.0184292372092993,-0.00932789774863826,0.022986315661304,NaN,NaN,NaN,NaN,NaN,NaN,NaN,NaN,NaN
NaN,NaN,0.0294054195595284,0.0404286136569378,0.0685410210329186,0.0282228925352683,-0.0143504168615133,-0.0127747598501931,0.0216475953396487,NaN,NaN,NaN,NaN,NaN,NaN,NaN,NaN,NaN
NaN,NaN,0.0261345587981244,0.040222120815694,0.067881234868158,0.0271655806427589,-0.0186269383654386,-0.0110843162450086,0.0187408444520164,NaN,NaN,NaN,NaN,NaN,NaN,NaN,NaN,NaN
NaN,NaN,0.027858865292122,0.0343713475109932,0.0687680588501583,0.0304492936556926,-0.0147392999157698,-0.0138413849684487,0.0211104457315135,NaN,NaN,NaN,NaN,NaN,NaN,NaN,NaN,NaN
NaN,NaN,0.0252244144988557,0.0386074496151802,0.0667107114034783,0.0303543173795333,-0.0156657982394487,-0.0139515790554772,0.0160815832253623,NaN,NaN,NaN,NaN,NaN,NaN,NaN,NaN,NaN
NaN,NaN,0.0238711841714879,0.0348315139951107,0.0679255471962582,0.0323626772587886,-0.0187292907163889,-0.0120275783750306,0.0196984116967845,NaN,NaN,NaN,NaN,NaN,NaN,NaN,NaN,NaN
NaN,NaN,0.0269091770363351,0.0368878369869587,0.067789182944883,0.033664815229713,-0.0138237166926653,-0.016858572086979,0.0177664575215507,NaN,NaN,NaN,NaN,NaN,NaN,NaN,NaN,NaN
NaN,NaN,0.0232395984542867,0.0369060164036152,0.0662915603655468,0.0323677436535945,-0.0164560626969129,-0.0138211938950311,0.0150554706391025,NaN,NaN,NaN,NaN,NaN,NaN,NaN,NaN,NaN
NaN,NaN,0.0251978904319306,0.031229083770692,0.0670508676606308,0.0365135633473983,-0.0137925173864157,-0.0159931685241948,0.0186589066919017,NaN,NaN,NaN,NaN,NaN,NaN,NaN,NaN,NaN
NaN,NaN,0.0226334564698239,0.0359598299207088,0.0646805958288799,0.0360351429408183,-0.0126948978528768,-0.0164655353340398,0.014353011273973,NaN,NaN,NaN,NaN,NaN,NaN,NaN,NaN,NaN
NaN,NaN,0.0222568296206494,0.0333816868903038,0.0651507274645458,0.0372935646300903,-0.0149775322303564,-0.0143037866267453,0.0164387826856303,NaN,NaN,NaN,NaN,NaN,NaN,NaN,NaN,NaN
NaN,NaN,0.0247893378448983,0.0345802804173824,0.0657942713636051,0.0390634127979865,-0.00912472864244289,-0.0185294765445481,0.0153173771735358,NaN,NaN,NaN,NaN,NaN,NaN,NaN,NaN,NaN
NaN,NaN,0.0210972771358987,0.0346510050536987,0.0633346111911427,0.0379744545643916,-0.0124065603837759,-0.0154592599186193,0.0134158399935889,NaN,NaN,NaN,NaN,NaN,NaN,NaN,NaN,NaN
NaN,NaN,0.0227698020947476,0.0294475195648071,0.0638062701958309,0.0414258428936591,-0.00888426115367717,-0.0172384213122617,0.016016912185781,NaN,NaN,NaN,NaN,NaN,NaN,NaN,NaN,NaN
NaN,NaN,0.0218045421255132,0.0356351149918434,0.0620212973493229,0.0406133384531131,-0.00754803677652186,-0.0178487728747617,0.0113644716378379,NaN,NaN,NaN,NaN,NaN,NaN,NaN,NaN,NaN
NaN,NaN,0.0212235644770165,0.0325642650665638,0.0626765386599194,0.0413295813923469,-0.00922290866825885,-0.0154758374604474,0.0146294836934734,NaN,NaN,NaN,NaN,NaN,NaN,NaN,NaN,NaN
NaN,NaN,0.0238691166353722,0.0334777807535526,0.0627547697561871,0.0426031277602306,-0.00239458193633861,-0.0197666454526673,0.0122734424706626,NaN,NaN,NaN,NaN,NaN,NaN,NaN,NaN,NaN
NaN,NaN,0.0200114853990575,0.0338381467105743,0.0604556323426853,0.042041484368383,-0.0048025723323614,-0.0157826709958802,0.0100324940916228,NaN,NaN,NaN,NaN,NaN,NaN,NaN,NaN,NaN
NaN,NaN,0.0233035058093568,0.0288285439552662,0.0605273255544792,0.045762807232677,-0.00217963268611735,-0.0168187487336885,0.0133916814860034,NaN,NaN,NaN,NaN,NaN,NaN,NaN,NaN,NaN
NaN,NaN,0.0224768452656766,0.0345164289416668,0.0588691615897308,0.0447001495485893,0.00155321995165044,-0.0182520914289247,0.00857532816492797,NaN,NaN,NaN,NaN,NaN,NaN,NaN,NaN,NaN
NaN,NaN,0.0206990249765416,0.0315916476489898,0.0596950211959969,0.0446302817290416,-0.000312945596912566,-0.0158881898435842,0.0103879985448051,NaN,NaN,NaN,NaN,NaN,NaN,NaN,NaN,NaN
NaN,NaN,0.0237712718856831,0.0311386150957939,0.0599548415678631,0.046814084154903,0.00624181444194013,-0.0188230107936154,0.00934786024057151,NaN,NaN,NaN,NaN,NaN,NaN,NaN,NaN,NaN
NaN,NaN,0.0206538930845757,0.0326682751716968,0.0564648964840065,0.0460007415240398,0.00412886703755551,-0.0147884841474782,0.00562260719501258,NaN,NaN,NaN,NaN,NaN,NaN,NaN,NaN,NaN
NaN,NaN,0.0228886388552686,0.027558536613166,0.0579280973809849,0.0487571210687747,0.00743042419101888,-0.0163093152853738,0.00865294458829642,NaN,NaN,NaN,NaN,NaN,NaN,NaN,NaN,NaN
NaN,NaN,0.0225370459568997,0.0333271672667858,0.0568969370263706,0.0479040854697814,0.00938260669257336,-0.0169026236447583,0.00452869432532073,NaN,NaN,NaN,NaN,NaN,NaN,NaN,NaN,NaN
NaN,NaN,0.0208486512613793,0.0305432019473907,0.0583671787220131,0.047631505978643,0.00776579345013791,-0.0136198978337537,0.00529196905457259,NaN,NaN,NaN,NaN,NaN,NaN,NaN,NaN,NaN
NaN,NaN,0.0239284046304723,0.0303550002815124,0.0578739875393997,0.0499157794838538,0.0151823621466368,-0.0165467094096433,0.00514040561877967,NaN,NaN,NaN,NaN,NaN,NaN,NaN,NaN,NaN
NaN,NaN,0.0218028284919759,0.0328516525866386,0.0552309126990925,0.0485832245176425,0.0132192645445078,-0.0131016168209802,0.00196405547224761,NaN,NaN,NaN,NaN,NaN,NaN,NaN,NaN,NaN
NaN,NaN,0.0244930096281072,0.0273895760716793,0.0565974795657288,0.0516172313218703,0.0150759678557127,-0.0138272661182176,0.00476012798511268,NaN,NaN,NaN,NaN,NaN,NaN,NaN,NaN,NaN
NaN,NaN,0.0239383697820207,0.033602876001775,0.0558141627746712,0.0496366807346931,0.0185057308747976,-0.0150973852190267,0.000578135722510827,NaN,NaN,NaN,NaN,NaN,NaN,NaN,NaN,NaN
NaN,NaN,0.0222439587426682,0.0310835366787311,0.0571126685875546,0.0491813943808665,0.0164364624991625,-0.0108707267257463,0.0026606661316085,NaN,NaN,NaN,NaN,NaN,NaN,NaN,NaN,NaN
NaN,NaN,0.0258992135835191,0.0311243844868538,0.0557945863741528,0.0524628535931697,0.0235994320585936,-0.0132193546208631,0.00252471166216613,NaN,NaN,NaN,NaN,NaN,NaN,NaN,NaN,NaN
NaN,NaN,0.0238062896144887,0.0335394529344436,0.0539634199279438,0.0500161388044944,0.0210900020077437,-0.00980333792297946,-0.000935226208336341,NaN,NaN,NaN,NaN,NaN,NaN,NaN,NaN,NaN
NaN,NaN,0.0257675804508229,0.0295436134280559,0.0548843489426266,0.0519116596406093,0.0235777136161535,-0.0108306053492318,0.0030292836066413,NaN,NaN,NaN,NaN,NaN,NaN,NaN,NaN,NaN
NaN,NaN,0.0253246993136903,0.0349768934490082,0.0547446878093372,0.0516379066830268,0.0270246688499659,-0.011231092682768,6.18477400469906e-05,NaN,NaN,NaN,NaN,NaN,NaN,NaN,NaN,NaN
NaN,NaN,0.023093567074587,0.0328987030031082,0.0543316648739468,0.0514518098061671,0.0246076073720663,-0.0066880266579877,0.00158526795470001,NaN,NaN,NaN,NaN,NaN,NaN,NaN,NaN,NaN
NaN,NaN,0.0277362659883996,0.0331190725507137,0.0538397961693894,0.0530946814542403,0.0318468522503584,-0.0100131090196858,0.00189105840884925,NaN,NaN,NaN,NaN,NaN,NaN,NaN,NaN,NaN
NaN,NaN,0.0260548189592858,0.0358838153721687,0.0530288563507687,0.0502450578933349,0.0294313740208357,-0.00698139326899157,-0.000797986513741004,NaN,NaN,NaN,NaN,NaN,NaN,NaN,NaN,NaN
NaN,NaN,0.0279178366375466,0.0317202632965442,0.0548297734397541,0.0520456769590965,0.0315305937304705,-0.00696179824202166,0.00280680927001716,NaN,NaN,NaN,NaN,NaN,NaN,NaN,NaN,NaN
NaN,NaN,0.0276548497689267,0.0373842505456802,0.0537887410658489,0.0511654653673759,0.0347508464231699,-0.00790390553205119,-0.000462207472689139,NaN,NaN,NaN,NaN,NaN,NaN,NaN,NaN,NaN
NaN,NaN,0.0258356228781243,0.0352491190375683,0.0530869522529732,0.0507723168557277,0.0328718472495287,-0.00359737681477175,0.00151398452483894,NaN,NaN,NaN,NaN,NaN,NaN,NaN,NaN,NaN
NaN,NaN,0.031072747738411,0.0347405237795708,0.0532796242672096,0.0526066125457874,0.0385980654731005,-0.00639315130441294,0.00189383375012161,NaN,NaN,NaN,NaN,NaN,NaN,NaN,NaN,NaN
NaN,NaN,0.0298755698216458,0.0395858598591682,0.052305125578035,0.0504509546881309,0.0371412720754355,-0.00303727941839801,-0.00114363757408379,NaN,NaN,NaN,NaN,NaN,NaN,NaN,NaN,NaN
NaN,NaN,0.0307524100256463,0.0353619394542572,0.0551561833757053,0.0525803306227317,0.038566419132015,-0.00184175925581561,0.00276070880257369,NaN,NaN,NaN,NaN,NaN,NaN,NaN,NaN,NaN
NaN,NaN,0.0308945857298871,0.0402662282528278,0.0539150097805153,0.0520984084432712,0.0427292075231283,-0.00317077519624339,-0.000882457471258628,NaN,NaN,NaN,NaN,NaN,NaN,NaN,NaN,NaN
NaN,NaN,0.0295323960793515,0.0387075854184028,0.053029210253347,0.0511730835860362,0.0391163278594225,0.000727200934003728,0.000654839449756158,NaN,NaN,NaN,NaN,NaN,NaN,NaN,NaN,NaN
NaN,NaN,0.0348569907558461,0.0374884282888767,0.0534479515093456,0.0526738167827716,0.0453508805706709,-0.00284058409063922,0.0021576029297042,NaN,NaN,NaN,NaN,NaN,NaN,NaN,NaN,NaN
NaN,NaN,0.032516446740677,0.0423316409530041,0.0539431729751717,0.0507018529897323,0.0435088735296934,0.000827075966905492,-0.00210010585821389,NaN,NaN,NaN,NaN,NaN,NaN,NaN,NaN,NaN
NaN,NaN,0.0336345926237603,0.037303542131364,0.0558197693365704,0.0529197418218246,0.0437724750712126,0.0016544256892909,0.00164423930012466,NaN,NaN,NaN,NaN,NaN,NaN,NaN,NaN,NaN
NaN,NaN,0.0343885355008145,0.0433421445729133,0.0546791599529873,0.0531162695115199,0.0476907726600378,0.000459576078962224,-0.00156738934553384,NaN,NaN,NaN,NaN,NaN,NaN,NaN,NaN,NaN
NaN,NaN,0.0338673860145112,0.0407292073311207,0.0549589851337563,0.0508930721407523,0.0443755809440821,0.00416666833431615,-0.00103616294897317,NaN,NaN,NaN,NaN,NaN,NaN,NaN,NaN,NaN
NaN,NaN,0.0385685533595582,0.0394349856020805,0.0564270289081226,0.0536569022660842,0.0497255075946062,0.00166310561568631,0.000291958921782982,NaN,NaN,NaN,NaN,NaN,NaN,NaN,NaN,NaN
NaN,NaN,0.0358345069301625,0.0447512542547581,0.0563309722977768,0.0518764370208373,0.0480639722421377,0.00604827521116628,-0.00337780592478036,NaN,NaN,NaN,NaN,NaN,NaN,NaN,NaN,NaN
NaN,NaN,0.0364405744088193,0.0406764199675915,0.0575694823104035,0.0538979844277492,0.0477484587803095,0.00692448211581601,-5.37852708172686e-05,NaN,NaN,NaN,NaN,NaN,NaN,NaN,NaN,NaN
NaN,NaN,0.0386101462257405,0.0449544874669906,0.0571412788170467,0.053289365125238,0.0526740748658388,0.00460433406503095,-0.00279541266597031,NaN,NaN,NaN,NaN,NaN,NaN,NaN,NaN,NaN
NaN,NaN,0.0372986764026185,0.0436564845682976,0.0563539014595638,0.0512938761239639,0.0486299183442801,0.00823956547052755,-0.00308840674794434,NaN,NaN,NaN,NaN,NaN,NaN,NaN,NaN,NaN
NaN,NaN,0.041117061705639,0.042409238749921,0.0577980474966656,0.0535827131097903,0.0539236862435549,0.00658739922315969,-0.000853698230154503,NaN,NaN,NaN,NaN,NaN,NaN,NaN,NaN,NaN
NaN,NaN,0.0391415216339131,0.0467104403020736,0.0585456387537609,0.0516427868133178,0.0530145105197638,0.0091605317381133,-0.00480049428976296,NaN,NaN,NaN,NaN,NaN,NaN,NaN,NaN,NaN
NaN,NaN,0.0401481323254605,0.043120229029834,0.0591728472548615,0.0520892256026855,0.052508820988199,0.0108272452440967,-0.000683005428678978,NaN,NaN,NaN,NaN,NaN,NaN,NaN,NaN,NaN
NaN,NaN,0.0417363167119523,0.0475150285007355,0.0584123851197849,0.0519283861940494,0.0579103801622599,0.00787573499352826,-0.00434034643209695,NaN,NaN,NaN,NaN,NaN,NaN,NaN,NaN,NaN
NaN,NaN,0.0407157361817857,0.0459681017042991,0.0579153568881641,0.0499428995972266,0.05306726063039,0.012283330836605,-0.00481697869933366,NaN,NaN,NaN,NaN,NaN,NaN,NaN,NaN,NaN
NaN,NaN,0.0440776057851811,0.0445704100372192,0.0600923234063278,0.0523726643150439,0.0583346907272547,0.0101961065617312,-0.00296325562036751,NaN,NaN,NaN,NaN,NaN,NaN,NaN,NaN,NaN
NaN,NaN,0.0426343351912995,0.0501990815343258,0.0596271464067589,0.0496091880922904,0.0579051833822935,0.0125061218229045,-0.0070192213121724,NaN,NaN,NaN,NaN,NaN,NaN,NaN,NaN,NaN
NaN,NaN,0.0433652371478577,0.0465443109812137,0.0604791202980171,0.051074214381515,0.0581916209533423,0.0141817760256041,-0.00306890485323189,NaN,NaN,NaN,NaN,NaN,NaN,NaN,NaN,NaN
NaN,NaN,0.0461200893235703,0.0495358122231361,0.059698392583717,0.0507649221544852,0.0624394577219694,0.0114667472031821,-0.00630055693424462,NaN,NaN,NaN,NaN,NaN,NaN,NaN,NaN,NaN
NaN,NaN,0.0433071226192017,0.0498444525243637,0.0591347002822052,0.0489516184752574,0.0578041348829477,0.0157349054303874,-0.00652563897407769,NaN,NaN,NaN,NaN,NaN,NaN,NaN,NaN,NaN
NaN,NaN,0.0471015543056031,0.0476596442701217,0.0622812853592526,0.0522336551075568,0.0632949706390112,0.0139513854470958,-0.00417233583963631,NaN,NaN,NaN,NaN,NaN,NaN,NaN,NaN,NaN
NaN,NaN,0.0461399264944096,0.0529815939905044,0.0611699753838669,0.049944352460443,0.0631231975033491,0.0154492129173984,-0.00809981626904725,NaN,NaN,NaN,NaN,NaN,NaN,NaN,NaN,NaN
NaN,NaN,0.0464426249576112,0.0493962814750072,0.0612329141634594,0.050679445368587,0.0634683456495016,0.0164599400547255,-0.00450340238846062,NaN,NaN,NaN,NaN,NaN,NaN,NaN,NaN,NaN
NaN,NaN,0.0475912250888844,0.0524221485199329,0.0603324742454182,0.0501416810875526,0.0673913743570059,0.0144479480174292,-0.00737673742211579,NaN,NaN,NaN,NaN,NaN,NaN,NaN,NaN,NaN
NaN,NaN,0.0452517614079018,0.0526943182291385,0.0600013145643364,0.0481214934115997,0.0630573902502268,0.0186952446189631,-0.0071960235897374,NaN,NaN,NaN,NaN,NaN,NaN,NaN,NaN,NaN
NaN,NaN,0.0493086584222813,0.0507250366451141,0.0627581597703587,0.0510220603173366,0.0684054356291502,0.0167368408826102,-0.00498104048407792,NaN,NaN,NaN,NaN,NaN,NaN,NaN,NaN,NaN
NaN,NaN,0.0473446108711263,0.0569295076372024,0.0614415676730763,0.0487724506383529,0.0681519668772429,0.0172498506096114,-0.00839161825812577,NaN,NaN,NaN,NaN,NaN,NaN,NaN,NaN,NaN
NaN,NaN,0.0470298610938092,0.0530088072361347,0.0608981595772396,0.0489062816923251,0.065643635787031,0.0202598479178657,-0.00406040949261903,NaN,NaN,NaN,NaN,NaN,NaN,NaN,NaN,NaN
NaN,NaN,0.0486436009717484,0.0551579085828659,0.0602908441263329,0.0488301181321731,0.0705331724360197,0.0175602417972793,-0.00631806579864739,NaN,NaN,NaN,NaN,NaN,NaN,NaN,NaN,NaN
NaN,NaN,0.0454232178938886,0.0561021765412685,0.0605220356422554,0.0480826758866897,0.0671296913399904,0.0219530854907741,-0.00752818909919976,NaN,NaN,NaN,NaN,NaN,NaN,NaN,NaN,NaN
NaN,NaN,0.049433120371153,0.0542141249122021,0.0623648995000015,0.0508404710417381,0.0706465888991564,0.0205522832062949,-0.00462439981735467,NaN,NaN,NaN,NaN,NaN,NaN,NaN,NaN,NaN
NaN,NaN,0.0472925126863023,0.0603967657031414,0.0606002481120716,0.0480400771921268,0.0708025854304045,0.0211658198920001,-0.00676353601253747,NaN,NaN,NaN,NaN,NaN,NaN,NaN,NaN,NaN
NaN,NaN,0.0463296927822133,0.0552294900359508,0.0604803310173641,0.0490040519362083,0.068367176897785,0.0242690798428763,-0.00332112563288926,NaN,NaN,NaN,NaN,NaN,NaN,NaN,NaN,NaN
NaN,NaN,0.0477708585870763,0.0572010812999603,0.0610836417812,0.0501584821467986,0.0726670745983332,0.0223457310882319,-0.00485987541712044,NaN,NaN,NaN,NaN,NaN,NaN,NaN,NaN,NaN
NaN,NaN,0.0444139808726807,0.0587912028374073,0.0608648368555199,0.0481023081665626,0.0686307970657557,0.0272579361286868,-0.00545206618941544,NaN,NaN,NaN,NaN,NaN,NaN,NaN,NaN,NaN
NaN,NaN,0.0478591479671498,0.0555862238349315,0.0624929191011082,0.0505067595368018,0.0724735457673281,0.0255040880826224,-0.00192149681485413,NaN,NaN,NaN,NaN,NaN,NaN,NaN,NaN,NaN
NaN,NaN,0.0463455066395303,0.0618291584493515,0.0610736580032002,0.0481854007666698,0.0714397777095049,0.0269152839270343,-0.00509112281239747,NaN,NaN,NaN,NaN,NaN,NaN,NaN,NaN,NaN
NaN,NaN,0.0431137986791631,0.0558265795649883,0.060814973844875,0.0481987373059383,0.0681566421165674,0.0307619069305171,-0.000266815996534812,NaN,NaN,NaN,NaN,NaN,NaN,NaN,NaN,NaN
NaN,NaN,0.0452047296178838,0.0580815722884533,0.0612503485220562,0.049446709555923,0.0734034341051786,0.0283967014935721,-0.00282294256127595,NaN,NaN,NaN,NaN,NaN,NaN,NaN,NaN,NaN
NaN,NaN,0.0423614204240342,0.0595289593281147,0.0607713693219315,0.0480995141988387,0.0680611629262178,0.0327177588430156,-0.00343351764119385,NaN,NaN,NaN,NaN,NaN,NaN,NaN,NaN,NaN
NaN,NaN,0.0452007435572644,0.0560918947400448,0.0625595272916447,0.0500031375413528,0.070628185965082,0.0316669475820769,0.00108054699861289,NaN,NaN,NaN,NaN,NaN,NaN,NaN,NaN,NaN
NaN,NaN,0.0427235558939477,0.0610726637484428,0.0604354226428162,0.0473091007297626,0.071259082503578,0.0335532669511546,-0.00350066599882363,NaN,NaN,NaN,NaN,NaN,NaN,NaN,NaN,NaN
NaN,NaN,0.0409723155510922,0.0555828524472114,0.0607081325191151,0.0493725390260806,0.0678678203597277,0.0370234493699778,3.58824666667109e-05,NaN,NaN,NaN,NaN,NaN,NaN,NaN,NaN,NaN
NaN,NaN,0.0428615220201512,0.0571135556043979,0.0614980803269039,0.0504200720315566,0.0714500036313742,0.0353031661895026,-0.00156647664941071,NaN,NaN,NaN,NaN,NaN,NaN,NaN,NaN,NaN
NaN,NaN,0.0397188112450143,0.0581893821896908,0.0608734236496578,0.0470383093779674,0.0677125502600878,0.0390451271620501,-0.00185826001203774,NaN,NaN,NaN,NaN,NaN,NaN,NaN,NaN,NaN
NaN,NaN,0.0420067541611691,0.0536187862696049,0.0618315310615193,0.0499029272323241,0.0700498346462458,0.0384600144413222,0.00154008018337966,NaN,NaN,NaN,NaN,NaN,NaN,NaN,NaN,NaN
NaN,NaN,0.0399098627579709,0.0574835514368412,0.0593006805914532,0.0480113924568286,0.0689746786132067,0.0397437681046237,-0.00157027644551514,NaN,NaN,NaN,NaN,NaN,NaN,NaN,NaN,NaN
NaN,NaN,0.0367547840190431,0.0525441517772075,0.0597832733231674,0.0483581052249065,0.0647859063222616,0.043297452905487,0.00175881060325385,NaN,NaN,NaN,NaN,NaN,NaN,NaN,NaN,NaN
NaN,NaN,0.038860858262827,0.0538652701022026,0.0611397260266434,0.0492352807050338,0.0695071529820173,0.0401165392783393,0.000135943764083398,NaN,NaN,NaN,NaN,NaN,NaN,NaN,NaN,NaN
NaN,NaN,0.0356465474081536,0.0551490423919555,0.0594941535431038,0.0468306803231826,0.0644173819794863,0.0445643310037364,-0.000943738496668326,NaN,NaN,NaN,NaN,NaN,NaN,NaN,NaN,NaN
NaN,NaN,0.0370125368547936,0.0504175698103306,0.0595127427416931,0.048893410814344,0.0658824641480654,0.0442356486407031,0.00376407849156143,NaN,NaN,NaN,NaN,NaN,NaN,NaN,NaN,NaN
NaN,NaN,0.0347235881102582,0.0542544139267799,0.0582858370083462,0.0468643010681262,0.0652991209402292,0.0454524029579867,0.00040451856815101,NaN,NaN,NaN,NaN,NaN,NaN,NaN,NaN,NaN
NaN,NaN,0.0329757936609288,0.0498958242775795,0.0594323882299553,0.046778936040937,0.0616594564392775,0.0485381354180087,0.00300221937262298,NaN,NaN,NaN,NaN,NaN,NaN,NaN,NaN,NaN
NaN,NaN,0.034762815417101,0.0495498938204643,0.0601811157005917,0.0474968181079021,0.0662693355455607,0.0451830458429564,0.00293253781759025,NaN,NaN,NaN,NaN,NaN,NaN,NaN,NaN,NaN
NaN,NaN,0.0312783465099831,0.0508430910946724,0.0583719098406921,0.0442079641943565,0.0611786145940035,0.0500229243722667,0.00174623774849655,NaN,NaN,NaN,NaN,NaN,NaN,NaN,NaN,NaN
NaN,NaN,0.0321933523130914,0.0458467317463753,0.0580720612245689,0.0470421091740718,0.0620728332772463,0.0494775977519263,0.00634080591165305,NaN,NaN,NaN,NaN,NaN,NaN,NaN,NaN,NaN
NaN,NaN,0.0307176716936131,0.0492402104379532,0.0569168859559189,0.0443945639854064,0.0632218618169039,0.0503229033735503,0.00321631180607559,NaN,NaN,NaN,NaN,NaN,NaN,NaN,NaN,NaN
NaN,NaN,0.0284608163249989,0.0434548532308933,0.0574259841281067,0.0436271355574718,0.0587938886358946,0.0520871263530959,0.00625605555736305,NaN,NaN,NaN,NaN,NaN,NaN,NaN,NaN,NaN
NaN,NaN,0.0309836201680203,0.0433207614066002,0.0582205140429627,0.0439905562525382,0.0628149483576029,0.0494373273637999,0.00624532672130348,NaN,NaN,NaN,NaN,NaN,NaN,NaN,NaN,NaN
NaN,NaN,0.0265913911474248,0.045159378433406,0.0551427537041794,0.0407937728887191,0.0582900058701246,0.0534752440241088,0.00544101791941406,NaN,NaN,NaN,NaN,NaN,NaN,NaN,NaN,NaN
NaN,NaN,0.0271787204158803,0.0399839071275589,0.0564291336971413,0.0431619771843543,0.0600118722989767,0.0534970742252578,0.0104112816091704,NaN,NaN,NaN,NaN,NaN,NaN,NaN,NaN,NaN
NaN,NaN,0.0256385363948842,0.0428425272645351,0.0546646499472748,0.0403089636092773,0.061036830045244,0.0527777020421733,0.00622528465949775,NaN,NaN,NaN,NaN,NaN,NaN,NaN,NaN,NaN
NaN,NaN,0.0227923214746018,0.0377841045798656,0.0540365473765026,0.0393747911875835,0.0559963632598131,0.0551694501724948,0.00973432185613395,NaN,NaN,NaN,NaN,NaN,NaN,NaN,NaN,NaN
NaN,NaN,0.0242627121818562,0.0371406165601608,0.0542059176999222,0.0399240293627372,0.0602186445369928,0.0525593441513289,0.00997678237520934,NaN,NaN,NaN,NaN,NaN,NaN,NaN,NaN,NaN
NaN,NaN,0.0198686391425629,0.0391319518627521,0.0519942873555313,0.0371406414633384,0.0559697274341791,0.0567986686316241,0.00795670645796539,NaN,NaN,NaN,NaN,NaN,NaN,NaN,NaN,NaN
NaN,NaN,0.019426465810587,0.0336520312072632,0.0528595046538006,0.0384295174008003,0.0580280993356913,0.0571910534587611,0.0130481165882278,NaN,NaN,NaN,NaN,NaN,NaN,NaN,NaN,NaN
NaN,NaN,0.0181337528241177,0.0362868917824623,0.0508266137379299,0.0351551548665157,0.0594710532798975,0.055251257547449,0.00978470640742065,NaN,NaN,NaN,NaN,NaN,NaN,NaN,NaN,NaN
NaN,NaN,0.0155141845655938,0.0307558787705299,0.0490786143976341,0.0347770751541248,0.0545029316320627,0.0588518810060729,0.0121829737957645,NaN,NaN,NaN,NaN,NaN,NaN,NaN,NaN,NaN
NaN,NaN,0.0167736307096978,0.0300623787285682,0.0493132145541798,0.0353267231112113,0.0591640893593042,0.0565693770137538,0.0124994185801673,NaN,NaN,NaN,NaN,NaN,NaN,NaN,NaN,NaN
NaN,NaN,0.0112952001703282,0.0322593128027317,0.0470741101938377,0.0327447057788959,0.055789516515991,0.0606051330056895,0.0110490513082671,NaN,NaN,NaN,NaN,NaN,NaN,NaN,NaN,NaN
NaN,NaN,0.011998013438036,0.0255082113386986,0.0484845237272869,0.0342549012129894,0.0564149927571028,0.0606236476984729,0.0151100461419749,NaN,NaN,NaN,NaN,NaN,NaN,NaN,NaN,NaN
NaN,NaN,0.011540287019064,0.0284241450669166,0.0455191367703568,0.0310503878718009,0.0584388870969027,0.0593352001693953,0.0112594370778728,NaN,NaN,NaN,NaN,NaN,NaN,NaN,NaN,NaN
NaN,NaN,0.00673799666886529,0.0233449911417362,0.0437513747650276,0.030531976473867,0.0536513675227373,0.063229339250635,0.0132871125873256,NaN,NaN,NaN,NaN,NaN,NaN,NaN,NaN,NaN
NaN,NaN,0.00824172872429093,0.0216343378366825,0.0443416283863674,0.0321177766745677,0.0576609719767778,0.059789052286457,0.0128722828861404,NaN,NaN,NaN,NaN,NaN,NaN,NaN,NaN,NaN
NaN,NaN,0.00378691482668122,0.0240881865562794,0.0423480765360485,0.029263869029819,0.0540620435252398,0.06344870296986,0.010771982842319,NaN,NaN,NaN,NaN,NaN,NaN,NaN,NaN,NaN
NaN,NaN,0.0040107675207158,0.0176347357870933,0.0425243758994232,0.0300694444304099,0.0543265205099791,0.0625155550029982,0.0150115680929351,NaN,NaN,NaN,NaN,NaN,NaN,NaN,NaN,NaN
NaN,NaN,0.00314949903016289,0.0193942276479599,0.039831698818792,0.0287074969237437,0.0557320352866858,0.0598911252406348,0.0112796467777419,NaN,NaN,NaN,NaN,NaN,NaN,NaN,NaN,NaN
NaN,NaN,-0.000630795179555811,0.0146360261084434,0.0385635727482926,0.0278002024715533,0.0515972424521654,0.0637134966042746,0.0119427111979652,NaN,NaN,NaN,NaN,NaN,NaN,NaN,NaN,NaN
NaN,NaN,0.000334278525163732,0.0134985273422596,0.038684812321056,0.029353611273109,0.0549250442757814,0.0607823264387359,0.0114906658466983,NaN,NaN,NaN,NaN,NaN,NaN,NaN,NaN,NaN
NaN,NaN,-0.00433256026978294,0.0156730351688263,0.0368865774410854,0.0259867125278106,0.0514988389089315,0.0619925614979972,0.00948755862676383,NaN,NaN,NaN,NaN,NaN,NaN,NaN,NaN,NaN
NaN,NaN,-0.00382519435758392,0.00844647490400045,0.0362340183395039,0.0275464729493251,0.0505304869487494,0.0609546769943942,0.0133738932248283,NaN,NaN,NaN,NaN,NaN,NaN,NaN,NaN,NaN
NaN,NaN,-0.00464527976388732,0.0110652608515617,0.0333638498026024,0.0255656615918269,0.0529034223630636,0.0593559127834548,0.00974430563413383,NaN,NaN,NaN,NaN,NaN,NaN,NaN,NaN,NaN
NaN,NaN,-0.0094140611278514,0.00678998731988638,0.0315145784455429,0.0251346082513919,0.0466879803910463,0.062183054217409,0.0099296574529338,NaN,NaN,NaN,NaN,NaN,NaN,NaN,NaN,NaN
NaN,NaN,-0.00832012963170806,0.00461428740042417,0.0325709403890263,0.0261535682802787,0.050390974827072,0.057612644561838,0.0102151450749564,NaN,NaN,NaN,NaN,NaN,NaN,NaN,NaN,NaN
NaN,NaN,-0.011687996952484,0.00732771434801786,0.0296412044602524,0.02190696085745,0.0472132090702265,0.0594565701273192,0.00733026164137603,NaN,NaN,NaN,NaN,NaN,NaN,NaN,NaN,NaN
NaN,NaN,-0.0122352420973281,-0.00017038232666285,0.0290817031103264,0.0237928145652404,0.0460703086331099,0.0591149051275958,0.0117668402429748,NaN,NaN,NaN,NaN,NaN,NaN,NaN,NaN,NaN
NaN,NaN,-0.013190946696947,0.00179390736836164,0.0263016493457447,0.0220744871621719,0.0479470540061205,0.0556717496898879,0.00847077789270164,NaN,NaN,NaN,NaN,NaN,NaN,NaN,NaN,NaN
NaN,NaN,-0.0174688651847343,-0.00217533356529505,0.0252193407553326,0.0207836927002063,0.0424597759022921,0.05927185160787,0.00788413780295135,NaN,NaN,NaN,NaN,NaN,NaN,NaN,NaN,NaN
NaN,NaN,-0.0160451896178226,-0.00460832065922053,0.0257564903634678,0.0214062445884338,0.0460767347588747,0.0543930251684894,0.00862243446075202,NaN,NaN,NaN,NaN,NaN,NaN,NaN,NaN,NaN
NaN,NaN,-0.0197796813833217,-0.00183245784622462,0.0220743575531136,0.0172773190861335,0.0424014192297667,0.0557857994523753,0.00692951353751899,NaN,NaN,NaN,NaN,NaN,NaN,NaN,NaN,NaN
NaN,NaN,-0.0203206680404643,-0.00975508860331805,0.0213797585505138,0.0188428537076106,0.0407263796999662,0.0551989358452071,0.0107820038732219,NaN,NaN,NaN,NaN,NaN,NaN,NaN,NaN,NaN
NaN,NaN,-0.0201586179124812,-0.00744728988987238,0.018466823680986,0.0171501935546985,0.0435767296924799,0.0522869322982539,0.00773711922132255,NaN,NaN,NaN,NaN,NaN,NaN,NaN,NaN,NaN
NaN,NaN,-0.024487256227682,-0.0107355850098732,0.0179025725859295,0.0158530474727741,0.0366835084035605,0.0545975436058749,0.0077367466922927,NaN,NaN,NaN,NaN,NaN,NaN,NaN,NaN,NaN
NaN,NaN,-0.0232044897663097,-0.013549352651656,0.0179223352509628,0.0154214912181487,0.0404531296565741,0.049345126428913,0.00923220860325576,NaN,NaN,NaN,NaN,NaN,NaN,NaN,NaN,NaN
NaN,NaN,-0.0269332259582976,-0.0104023205397728,0.0145474830108772,0.0122467615728965,0.0368828114345282,0.0522672068861236,0.00728490623199226,NaN,NaN,NaN,NaN,NaN,NaN,NaN,NaN,NaN
NaN,NaN,-0.0272842973160247,-0.0182251507697705,0.0131822199958454,0.0135566295211902,0.0345390077903479,0.0519012157407512,0.0117186349865127,NaN,NaN,NaN,NaN,NaN,NaN,NaN,NaN,NaN
NaN,NaN,-0.0269752844857673,-0.0157197067795399,0.0112013155060898,0.0109687448566547,0.0377221193387716,0.0482232552555312,0.00854437100254775,NaN,NaN,NaN,NaN,NaN,NaN,NaN,NaN,NaN
NaN,NaN,-0.0313474900710086,-0.0183022270260456,0.00990511937319146,0.0085975044494262,0.0311497200503557,0.0501539428320636,0.00934702205025436,NaN,NaN,NaN,NaN,NaN,NaN,NaN,NaN,NaN
NaN,NaN,-0.0292408756601314,-0.0220026137588623,0.00882679684339867,0.0093991869216552,0.0343747411146372,0.0472042207208384,0.0114341531928706,NaN,NaN,NaN,NaN,NaN,NaN,NaN,NaN,NaN
NaN,NaN,-0.0329740449475745,-0.019000067031205,0.00499405054627763,0.00500831763201859,0.0312705498411863,0.0482768063035716,0.00913874106966735,NaN,NaN,NaN,NaN,NaN,NaN,NaN,NaN,NaN
NaN,NaN,-0.0329446524071197,-0.0262785392163399,0.00466000376521455,0.0061166101222625,0.0300234344079702,0.0478900280383338,0.0125939291950393,NaN,NaN,NaN,NaN,NaN,NaN,NaN,NaN,NaN
NaN,NaN,-0.0322078272389869,-0.0244123550413254,0.00278737483798371,0.00424688692146447,0.0325584572031706,0.0439810250488032,0.0104980436202216,NaN,NaN,NaN,NaN,NaN,NaN,NaN,NaN,NaN
NaN,NaN,-0.0370189651536445,-0.0254397901056412,0.00166898681103097,0.0013563410466304,0.0258805390670507,0.0463169497040023,0.0111491312321353,NaN,NaN,NaN,NaN,NaN,NaN,NaN,NaN,NaN
NaN,NaN,-0.0354731000649432,-0.0290842788575295,-1.69678193439417e-05,0.00199098150187638,0.0293996904268473,0.0437607486334552,0.0139590431984592,NaN,NaN,NaN,NaN,NaN,NaN,NaN,NaN,NaN
NaN,NaN,-0.0381842545854549,-0.0259853961227539,-0.00374337570489539,-0.000895392047823407,0.0271029371991366,0.0447625537005176,0.011054229461782,NaN,NaN,NaN,NaN,NaN,NaN,NaN,NaN,NaN
NaN,NaN,-0.0379657849359016,-0.0331708478091362,-0.00470155762256278,-9.6354531706311e-05,0.0243440989628046,0.0447207745698203,0.0144259152051139,NaN,NaN,NaN,NaN,NaN,NaN,NaN,NaN,NaN
NaN,NaN,-0.0375714443313579,-0.0304968530593518,-0.00483993353069915,-0.00312164415663574,0.0269077506139486,0.0406930465784778,0.013262004130714,NaN,NaN,NaN,NaN,NaN,NaN,NaN,NaN,NaN
NaN,NaN,-0.0419252283560733,-0.0318248817978504,-0.00703772442163123,-0.00537095581239555,0.0204090189411848,0.0437818337765445,0.0149443079765964,NaN,NaN,NaN,NaN,NaN,NaN,NaN,NaN,NaN
NaN,NaN,-0.0395597807752589,-0.0363760503290299,-0.00747045414270057,-0.00419797365611885,0.023008507885,0.0405312944737185,0.0165243712302375,NaN,NaN,NaN,NaN,NaN,NaN,NaN,NaN,NaN
NaN,NaN,-0.0415023892807464,-0.0330327140448693,-0.0107939346295704,-0.00849019725865219,0.0214188892617434,0.041658790835451,0.0129867796834636,NaN,NaN,NaN,NaN,NaN,NaN,NaN,NaN,NaN
NaN,NaN,-0.0414945289182166,-0.0390565457103852,-0.0108698187929501,-0.0078216939145932,0.0186138574257105,0.0407787841346969,0.0179614578422237,NaN,NaN,NaN,NaN,NaN,NaN,NaN,NaN,NaN
NaN,NaN,-0.0407614476668338,-0.0371710086522701,-0.0107551916104664,-0.010368842529715,0.0210337501242369,0.0376510490265597,0.0167603683706451,NaN,NaN,NaN,NaN,NaN,NaN,NaN,NaN,NaN
NaN,NaN,-0.0441893852936725,-0.0372363129912022,-0.0124666272264828,-0.0138110666448483,0.0158557642474382,0.0402269941356887,0.0164890182253051,NaN,NaN,NaN,NaN,NaN,NaN,NaN,NaN,NaN
NaN,NaN,-0.0418200447844962,-0.0418569023070934,-0.0127600124639381,-0.0121923535043607,0.0182745952382296,0.0370303225305785,0.0190907982226539,NaN,NaN,NaN,NaN,NaN,NaN,NaN,NaN,NaN
NaN,NaN,-0.0426051310884456,-0.0382766189334992,-0.0157541400355209,-0.0155251285905251,0.0167329397275656,0.0366955679443587,0.0161265102263618,NaN,NaN,NaN,NaN,NaN,NaN,NaN,NaN,NaN
NaN,NaN,-0.0437850050317744,-0.0437090235112313,-0.0149454912704338,-0.0157685576850781,0.0128473129346579,0.0370747279909362,0.0200684634085822,NaN,NaN,NaN,NaN,NaN,NaN,NaN,NaN,NaN
NaN,NaN,-0.0409053928839664,-0.0413057642338875,-0.0152288927298893,-0.0165478139097104,0.0170585859790056,0.0341861751464118,0.0191006702419448,NaN,NaN,NaN,NaN,NaN,NaN,NaN,NaN,NaN
NaN,NaN,-0.0448184378134708,-0.0417290503440502,-0.0172839863759388,-0.0199534370476613,0.0102297935857981,0.0361203086164702,0.0199252259966064,NaN,NaN,NaN,NaN,NaN,NaN,NaN,NaN,NaN
NaN,NaN,-0.0419457547056178,-0.0469174856601361,-0.0172386123401035,-0.0183935834938893,0.0130052279904097,0.0323540587511767,0.0214055446025062,NaN,NaN,NaN,NaN,NaN,NaN,NaN,NaN,NaN
NaN,NaN,-0.042605261473606,-0.0420964198468331,-0.0191867901545872,-0.0221386737102875,0.0115580644681662,0.0322902631548156,0.0189545643564391,NaN,NaN,NaN,NaN,NaN,NaN,NaN,NaN,NaN
NaN,NaN,-0.0423721328067283,-0.0461398126838806,-0.0187787032288422,-0.0230955890292535,0.00839009622480565,0.0331631918040027,0.0229642619427371,NaN,NaN,NaN,NaN,NaN,NaN,NaN,NaN,NaN
NaN,NaN,-0.0405337579237918,-0.0447280021665695,-0.0198252676588406,-0.0244940630072961,0.0116400953605383,0.0291239899185409,0.0211700876291919,NaN,NaN,NaN,NaN,NaN,NaN,NaN,NaN,NaN
NaN,NaN,-0.0436497769939403,-0.0441674763618115,-0.0212967387002815,-0.0266819073731313,0.00592892730977231,0.031775726058792,0.0211945069070983,NaN,NaN,NaN,NaN,NaN,NaN,NaN,NaN,NaN
NaN,NaN,-0.0393151595878104,-0.0489203507362011,-0.0212529292863716,-0.0255974567407975,0.00810608009245091,0.028084671178173,0.0238442872699428,NaN,NaN,NaN,NaN,NaN,NaN,NaN,NaN,NaN
NaN,NaN,-0.0397743574964503,-0.0427829535959366,-0.022975335882317,-0.0300905479962239,0.00710053110863858,0.0276069772032012,0.0210316372152495,NaN,NaN,NaN,NaN,NaN,NaN,NaN,NaN,NaN
NaN,NaN,-0.0391623481797675,-0.0476408252773884,-0.0229675500255932,-0.0299939698452363,0.00355072060968572,0.0289046261993159,0.0233243671294379,NaN,NaN,NaN,NaN,NaN,NaN,NaN,NaN,NaN
NaN,NaN,-0.0362068891214828,-0.0446362482665184,-0.0242475597721447,-0.0305351986462483,0.00718934202935391,0.0247029830303897,0.0228273388978171,NaN,NaN,NaN,NaN,NaN,NaN,NaN,NaN,NaN
NaN,NaN,-0.0383931316124896,-0.0441103862879875,-0.0260392381411899,-0.0332744604820618,0.00162103886153394,0.0264409799662341,0.0225870390471149,NaN,NaN,NaN,NaN,NaN,NaN,NaN,NaN,NaN
NaN,NaN,-0.0348042055654029,-0.0490281047580841,-0.0255801333648075,-0.0318683310324559,0.00303711483623677,0.0228091013220061,0.0256150481339622,NaN,NaN,NaN,NaN,NaN,NaN,NaN,NaN,NaN
NaN,NaN,-0.0340999766873817,-0.0426989482997063,-0.027723646776091,-0.0353409721428761,0.00316910187151128,0.023951331206869,0.0222279210623431,NaN,NaN,NaN,NaN,NaN,NaN,NaN,NaN,NaN
NaN,NaN,-0.0337868474113444,-0.0470076190589073,-0.0273090592187752,-0.0352348758751759,-0.000888000033834639,0.0247653630164374,0.0246595111724067,NaN,NaN,NaN,NaN,NaN,NaN,NaN,NaN,NaN
NaN,NaN,-0.0302209995376567,-0.0456964100061062,-0.0278031817239632,-0.035047065364779,0.00297935421015912,0.0199981649008502,0.0252106492456126,NaN,NaN,NaN,NaN,NaN,NaN,NaN,NaN,NaN
NaN,NaN,-0.0318739480959872,-0.0435561189709309,-0.0293046227258552,-0.0374923831695924,-0.00227920969579524,0.0225122701910247,0.0241798614200282,NaN,NaN,NaN,NaN,NaN,NaN,NaN,NaN,NaN
NaN,NaN,-0.0277411482917766,-0.0479354212341908,-0.0287328651708473,-0.0367861240083585,-0.000845084689596358,0.0207512882140387,0.02631536545717,NaN,NaN,NaN,NaN,NaN,NaN,NaN,NaN,NaN
NaN,NaN,-0.0278013676094512,-0.0417376930175427,-0.0306807077092041,-0.0395865551108727,-0.000471754722335997,0.0195472557631244,0.0227798228200603,NaN,NaN,NaN,NaN,NaN,NaN,NaN,NaN,NaN
NaN,NaN,-0.0268952838766078,-0.044828622257531,-0.0294083906871189,-0.0384557618672261,-0.00535883267972774,0.0211629141655673,0.0247270320590663,NaN,NaN,NaN,NaN,NaN,NaN,NaN,NaN,NaN
NaN,NaN,-0.022438234804819,-0.0424776288030747,-0.0295329643946995,-0.038921050625504,-0.0016411047205717,0.0161969345596541,0.0239398037131953,NaN,NaN,NaN,NaN,NaN,NaN,NaN,NaN,NaN
NaN,NaN,-0.0240322306441764,-0.0405693115947846,-0.0312823979717602,-0.0415730661625275,-0.00594390814755267,0.0189558659282435,0.0230821673806834,NaN,NaN,NaN,NaN,NaN,NaN,NaN,NaN,NaN
NaN,NaN,-0.0209067120837669,-0.0441768454669121,-0.0305059170884003,-0.0389181262726197,-0.00537634154413051,0.017229100742649,0.0258738626774478,NaN,NaN,NaN,NaN,NaN,NaN,NaN,NaN,NaN
NaN,NaN,-0.0195853888678054,-0.0367266932783726,-0.0307287080746998,-0.0417060962790856,-0.00431580727551288,0.016067648359846,0.0219400492545295,NaN,NaN,NaN,NaN,NaN,NaN,NaN,NaN,NaN
NaN,NaN,-0.0180607206809024,-0.0399935679791573,-0.0302516473990787,-0.0414110532874474,-0.00903578733656711,0.0179980379131545,0.0238928278025317,NaN,NaN,NaN,NaN,NaN,NaN,NaN,NaN,NaN
NaN,NaN,-0.0132443859862785,-0.0381830955205563,-0.030729322747599,-0.0409972107881913,-0.00496331860874004,0.0121672507909049,0.0240788129206824,NaN,NaN,NaN,NaN,NaN,NaN,NaN,NaN,NaN
NaN,NaN,-0.0150145880567531,-0.035164623176873,-0.0319687082034458,-0.0431166215712437,-0.00956716274473971,0.0146993678596724,0.0225278255578208,NaN,NaN,NaN,NaN,NaN,NaN,NaN,NaN,NaN
NaN,NaN,-0.011148090629528,-0.0377069847939614,-0.0288142813903202,-0.0402411631221185,-0.00941030939672298,0.0131416190949191,0.02457530098521,NaN,NaN,NaN,NaN,NaN,NaN,NaN,NaN,NaN
NaN,NaN,-0.00827034112686912,-0.0308460431454781,-0.0292970045071949,-0.0423268227750668,-0.00782847663019008,0.0115897004094829,0.0213758726652789,NaN,NaN,NaN,NaN,NaN,NaN,NaN,NaN,NaN
NaN,NaN,-0.00662411671752731,-0.0328600840924385,-0.0288099041742195,-0.0421763396734605,-0.012521355204323,0.0110742692437877,0.0231959377463985,NaN,NaN,NaN,NaN,NaN,NaN,NaN,NaN,NaN
NaN,NaN,-0.0023211456524829,-0.0314561525641087,-0.0286300844115127,-0.0420117004687199,-0.00847660263631648,0.00715878424913778,0.0234665800865817,NaN,NaN,NaN,NaN,NaN,NaN,NaN,NaN,NaN
NaN,NaN,-0.00314834636325637,-0.026969785457671,-0.0287020383936275,-0.043554380434216,-0.0128472994789869,0.00953039718539609,0.0217663203414607,NaN,NaN,NaN,NaN,NaN,NaN,NaN,NaN,NaN
NaN,NaN,0.000489045710613333,-0.0288132826147679,-0.0261940053266395,-0.040365662323893,-0.0130601811930925,0.00772843701512708,0.0242789727684188,NaN,NaN,NaN,NaN,NaN,NaN,NaN,NaN,NaN
NaN,NaN,0.00433585497861107,-0.0214726167081001,-0.0262027411323894,-0.0424254498357186,-0.0118286933526785,0.00601776508362188,0.0219151829417873,NaN,NaN,NaN,NaN,NaN,NaN,NaN,NaN,NaN
NaN,NaN,0.00554387349014481,-0.0245249333141449,-0.0252764290732254,-0.0426646507257828,-0.0167893271670133,0.00649655801923169,0.0243251663681197,NaN,NaN,NaN,NaN,NaN,NaN,NaN,NaN,NaN
NaN,NaN,0.00922477695470055,-0.0217105509994629,-0.0246587573152889,-0.0419595464045415,-0.0134873602316172,0.00258355034263028,0.0252905939754176,NaN,NaN,NaN,NaN,NaN,NaN,NaN,NaN,NaN
NaN,NaN,0.00800852555160721,-0.0163384961245659,-0.0241280710858215,-0.0435700639063725,-0.0180804010257513,0.00528602493674649,0.022767249965303,NaN,NaN,NaN,NaN,NaN,NaN,NaN,NaN,NaN
NaN,NaN,0.0129001111102601,-0.0190485144315365,-0.0208909987074245,-0.0408108717674622,-0.0176378179118425,0.00371922371656789,0.0257780482109714,NaN,NaN,NaN,NaN,NaN,NaN,NaN,NaN,NaN
NaN,NaN,0.0168487698150178,-0.0113591054735783,-0.0217465116244663,-0.0430170073086629,-0.0150662686452658,0.00173647520811452,0.0240888712044883,NaN,NaN,NaN,NaN,NaN,NaN,NaN,NaN,NaN
NaN,NaN,0.0172408007395764,-0.0120862821398381,-0.0198902926010002,-0.0434548779303441,-0.0197987098023683,0.00309121427805318,0.0271123726900745,NaN,NaN,NaN,NaN,NaN,NaN,NaN,NaN,NaN
NaN,NaN,0.0212675601554414,-0.0107400181053284,-0.0181812225443233,-0.041202530162991,-0.0153848554715902,0.000772165187906163,0.0274602961774993,NaN,NaN,NaN,NaN,NaN,NaN,NaN,NaN,NaN
NaN,NaN,0.0207789697063466,-0.00450967497211726,-0.0177344484788288,-0.0432210042054066,-0.0190309460983068,0.00375265819699659,0.0247934912379909,NaN,NaN,NaN,NaN,NaN,NaN,NaN,NaN,NaN
NaN,NaN,0.0255382143271466,-0.00782464317065508,-0.015307086573254,-0.0403501464898,-0.0181339148208887,0.00128159863622083,0.0286328871782947,NaN,NaN,NaN,NaN,NaN,NaN,NaN,NaN,NaN
NaN,NaN,0.0294139877272149,0.000149433845460105,-0.0141295036834587,-0.0418764351779828,-0.0156477492079527,-0.000460272601533992,0.0282524232801128,NaN,NaN,NaN,NaN,NaN,NaN,NaN,NaN,NaN
NaN,NaN,0.0283147104394933,-0.00104191399198801,-0.0118813282412399,-0.0405465810472379,-0.0200331050679476,0.00266472441823377,0.0303489235278297,NaN,NaN,NaN,NaN,NaN,NaN,NaN,NaN,NaN
NaN,NaN,0.0326685130906602,0.000410911971509147,-0.0101400716763843,-0.0383641569787869,-0.01645228152726,7.29654517878466e-05,0.0286846873398948,NaN,NaN,NaN,NaN,NaN,NaN,NaN,NaN,NaN
NaN,NaN,0.0322422094953557,0.00593017169254987,-0.00933973030866279,-0.0404499097639928,-0.0192636649832518,0.00251949397594823,0.0272836615379977,NaN,NaN,NaN,NaN,NaN,NaN,NaN,NaN,NaN
NaN,NaN,0.0372392766488095,0.00350457929986684,-0.00529106618584289,-0.0369945912534604,-0.019608161203602,0.000468367764066594,0.0318545927342105,NaN,NaN,NaN,NaN,NaN,NaN,NaN,NaN,NaN
NaN,NaN,0.0401869498503705,0.0117513475658294,-0.00508416356266631,-0.0389249249274144,-0.0172230254635603,-0.000406218639303309,0.0299415071543384,NaN,NaN,NaN,NaN,NaN,NaN,NaN,NaN,NaN
NaN,NaN,0.0393692300034066,0.0109602635444996,-0.0031550406080593,-0.0384050047869096,-0.0225367609188349,0.00231577647597684,0.0320541006561446,NaN,NaN,NaN,NaN,NaN,NaN,NaN,NaN,NaN
NaN,NaN,0.0441525772524377,0.0114545723142025,-0.000756493822943108,-0.0349822266871342,-0.01797566448901,-0.000201495310951335,0.0325325955685306,NaN,NaN,NaN,NaN,NaN,NaN,NaN,NaN,NaN
NaN,NaN,0.0438277319384118,0.0182455530108806,0.000229162110675437,-0.037323627519072,-0.0204883355424196,0.000841585972618001,0.0303640668328929,NaN,NaN,NaN,NaN,NaN,NaN,NaN,NaN,NaN
NaN,NaN,0.0483194634628793,0.0160747704746124,0.00393074093638764,-0.0353154911572346,-0.021384845279196,0.000465480664085286,0.0348077607389617,NaN,NaN,NaN,NaN,NaN,NaN,NaN,NaN,NaN
NaN,NaN,0.0507527672064801,0.0242341993095276,0.00379886565982209,-0.0350278242403874,-0.0178602177426607,-0.000440379551340205,0.0342307318981815,NaN,NaN,NaN,NaN,NaN,NaN,NaN,NaN,NaN
NaN,NaN,0.0507248834085961,0.0226754633428451,0.00623833475886689,-0.034321546452702,-0.0230964671597273,0.00327131343753232,0.0347935487564731,NaN,NaN,NaN,NaN,NaN,NaN,NaN,NaN,NaN
NaN,NaN,0.0552652299714585,0.0235764434279796,0.00907825393854485,-0.0306677072221646,-0.0187259193286688,-0.000568455031801326,0.034947608136766,NaN,NaN,NaN,NaN,NaN,NaN,NaN,NaN,NaN
NaN,NaN,0.0548795320404073,0.0302965691031811,0.00972537411629067,-0.0337782128626714,-0.0210390452072412,0.000758623757671254,0.0336401988800693,NaN,NaN,NaN,NaN,NaN,NaN,NaN,NaN,NaN
NaN,NaN,0.0588467985702058,0.0281683480085727,0.0130913415390144,-0.0306583939964185,-0.0218066785261423,0.000551460364173787,0.0378328454729247,NaN,NaN,NaN,NaN,NaN,NaN,NaN,NaN,NaN
NaN,NaN,0.0607001491201421,0.0350036782862541,0.0136132360833775,-0.0301725975150475,-0.0188325371370108,-0.000609880259920222,0.0350001533564258,NaN,NaN,NaN,NaN,NaN,NaN,NaN,NaN,NaN
NaN,NaN,0.0601928763402005,0.0349671331884262,0.0156511747676025,-0.0286462902004132,-0.02300875519965,0.00220181984574689,0.0362764750655818,NaN,NaN,NaN,NaN,NaN,NaN,NaN,NaN,NaN
NaN,NaN,0.0642082363677522,0.0349422855021354,0.0198870161014687,-0.0249836965376744,-0.0190372418389112,-0.0019427705022584,0.0372185264762569,NaN,NaN,NaN,NaN,NaN,NaN,NaN,NaN,NaN
NaN,NaN,0.0649711944473287,0.0434383129419681,0.019757934792627,-0.0290528683835873,-0.0210353571698458,0.000901488640617269,0.0346394893761802,NaN,NaN,NaN,NaN,NaN,NaN,NaN,NaN,NaN
NaN,NaN,0.0672470301700135,0.0409191971363422,0.0229792678195129,-0.0246688536280999,-0.0219292405769617,-5.76432260762281e-05,0.0382441734012294,NaN,NaN,NaN,NaN,NaN,NaN,NaN,NaN,NaN
NaN,NaN,0.0690257445288201,0.0466909942867157,0.0245061525541435,-0.0238457693631062,-0.0177478071079046,-0.0018306392642747,0.0359869268771339,NaN,NaN,NaN,NaN,NaN,NaN,NaN,NaN,NaN
NaN,NaN,0.067956604839613,0.0467412857057449,0.0275525086957108,-0.0232705286616692,-0.0215103689358026,0.000858293899606603,0.0359578137334514,NaN,NaN,NaN,NaN,NaN,NaN,NaN,NaN,NaN
NaN,NaN,0.0719093427372476,0.0472799999358055,0.0297326789635311,-0.0208519398147473,-0.0182618412897379,-0.00313560845582591,0.0368469473954368,NaN,NaN,NaN,NaN,NaN,NaN,NaN,NaN,NaN
NaN,NaN,0.0716422207963963,0.0555849386097786,0.0294910938876759,-0.0236224754626164,-0.0194389212653429,-0.00138317602007495,0.0347885568674731,NaN,NaN,NaN,NaN,NaN,NaN,NaN,NaN,NaN
NaN,NaN,0.0737195544255277,0.0525278908850548,0.0332131245571266,-0.0193313321942696,-0.0205359820053369,-0.00154559867708789,0.0374524560805488,NaN,NaN,NaN,NaN,NaN,NaN,NaN,NaN,NaN
NaN,NaN,0.076776620776703,0.0584813890697357,0.0344202303725372,-0.0178176908666501,-0.0154034446701795,-0.00287150400011645,0.0346090351279903,NaN,NaN,NaN,NaN,NaN,NaN,NaN,NaN,NaN
NaN,NaN,0.0743940182340642,0.0589319256784317,0.0362916485804211,-0.0170176288957009,-0.0193634282574446,-0.00100090535609828,0.0351870325442481,NaN,NaN,NaN,NaN,NaN,NaN,NaN,NaN,NaN
NaN,NaN,0.0787114247990151,0.0589430270435211,0.0396376857000481,-0.0148890911514172,-0.0158975299224645,-0.00487259956328974,0.0371926357086826,NaN,NaN,NaN,NaN,NaN,NaN,NaN,NaN,NaN
NaN,NaN,0.0787510246348878,0.066873015248954,0.0402593807715069,-0.0166515259916196,-0.0172811958715708,-0.00249174790709124,0.033287302130096,NaN,NaN,NaN,NaN,NaN,NaN,NaN,NaN,NaN
NaN,NaN,0.0797917403591176,0.0632710506858227,0.0431518824237476,-0.0113634019071469,-0.0188000898585112,-0.00242128404109584,0.036630843305223,NaN,NaN,NaN,NaN,NaN,NaN,NaN,NaN,NaN
NaN,NaN,0.081830107451727,0.0686940861584541,0.0443401568966995,-0.00915119414275978,-0.0134295250997335,-0.00438674720256434,0.0338181932505298,NaN,NaN,NaN,NaN,NaN,NaN,NaN,NaN,NaN
NaN,NaN,0.0806088455331822,0.0680085768641826,0.0471484856146465,-0.0095120257610688,-0.0184328134879858,-0.00147135364143954,0.0345961642500091,NaN,NaN,NaN,NaN,NaN,NaN,NaN,NaN,NaN
NaN,NaN,0.0836122677040597,0.0683680114986297,0.0491922171252857,-0.00663893287128303,-0.01469387000058,-0.00527876796453105,0.0358343576129604,NaN,NaN,NaN,NaN,NaN,NaN,NaN,NaN,NaN
NaN,NaN,0.0820760511172315,0.0764261124374267,0.0498845809537064,-0.00778818492835853,-0.0146581817195208,-0.00245356368153201,0.0327915032442737,NaN,NaN,NaN,NaN,NaN,NaN,NaN,NaN,NaN
NaN,NaN,0.0840319775355359,0.0722040360512134,0.0538499848383556,-0.0027136317366967,-0.0159705083594114,-0.00187886314718829,0.0360067640479732,NaN,NaN,NaN,NaN,NaN,NaN,NaN,NaN,NaN
NaN,NaN,0.0864322565806409,0.0773538587333557,0.0547440172570835,-0.000567156719625928,-0.010523183994034,-0.00359182613222705,0.0336350952323604,NaN,NaN,NaN,NaN,NaN,NaN,NaN,NaN,NaN
NaN,NaN,0.0837019354415437,0.0780008298994896,0.0564556763905178,-0.00104229887074325,-0.0148990403637678,-0.000286078027177913,0.0336176795002151,NaN,NaN,NaN,NaN,NaN,NaN,NaN,NaN,NaN
NaN,NaN,0.0868233003032704,0.0769701724590656,0.0589914442437779,0.00277264053875115,-0.0104921523258478,-0.00388804259030925,0.0339123685892749,NaN,NaN,NaN,NaN,NaN,NaN,NaN,NaN,NaN
NaN,NaN,0.0870722987068196,0.0840407548190948,0.0598237113493572,0.00164827342086937,-0.0101358469352514,-0.00107412593691455,0.0309715312954116,NaN,NaN,NaN,NaN,NaN,NaN,NaN,NaN,NaN
NaN,NaN,0.0876835629654427,0.0799876576008197,0.0632831090527664,0.00644773255044129,-0.0105966653451712,-0.000883409700084788,0.0343621415134597,NaN,NaN,NaN,NaN,NaN,NaN,NaN,NaN,NaN
NaN,NaN,0.0890932128143807,0.0844833006801006,0.0635479026871811,0.00870421539002564,-0.00491451730583018,-0.00280038820831881,0.0317231272395778,NaN,NaN,NaN,NaN,NaN,NaN,NaN,NaN,NaN
NaN,NaN,0.0863880932641526,0.0845125069560405,0.065942388905872,0.0077202358370414,-0.0094470593855173,0.000239783951352971,0.0310579580303359,NaN,NaN,NaN,NaN,NaN,NaN,NaN,NaN,NaN
NaN,NaN,0.0896738551867505,0.0835859341265556,0.0687593230444084,0.0131051057105651,-0.00635594388101405,-0.00205872016279803,0.0314473998781371,NaN,NaN,NaN,NaN,NaN,NaN,NaN,NaN,NaN
NaN,NaN,0.0889766298544904,0.0908533421995041,0.0695143090027462,0.0125873276119819,-0.00415986662361926,-0.000368779471803767,0.0286640306051898,NaN,NaN,NaN,NaN,NaN,NaN,NaN,NaN,NaN
NaN,NaN,0.0897813856912156,0.0864241769255993,0.0731824719744812,0.0171354786580196,-0.00579716896269626,0.000454174408029454,0.0321800154682326,NaN,NaN,NaN,NaN,NaN,NaN,NaN,NaN,NaN
NaN,NaN,0.0920174539399644,0.0904768643619415,0.0738761955338608,0.0192238950257888,6.26009180753802e-05,-0.00164856570093737,0.0300642182167697,NaN,NaN,NaN,NaN,NaN,NaN,NaN,NaN,NaN
NaN,NaN,0.0882838748705884,0.0918254567028877,0.0752175794380795,0.0186997094278922,-0.00465479006622142,0.00197856319816007,0.02852423908674,NaN,NaN,NaN,NaN,NaN,NaN,NaN,NaN,NaN
NaN,NaN,0.0917924464059373,0.0893640828968879,0.0789502458113323,0.0243782066827407,-0.00106275340173549,-0.00110275479285823,0.0287649487193751,NaN,NaN,NaN,NaN,NaN,NaN,NaN,NaN,NaN
NaN,NaN,0.0901363872302075,0.0965040301622745,0.0805635945337902,0.0238049776380649,0.00138532111789876,0.000234680303644078,0.0272510093685317,NaN,NaN,NaN,NaN,NaN,NaN,NaN,NaN,NaN
NaN,NaN,0.0905665278745194,0.092227881187379,0.0836231195765625,0.028606411171495,-0.00121226792786426,0.00218716082842244,0.030951116704576,NaN,NaN,NaN,NaN,NaN,NaN,NaN,NaN,NaN
NaN,NaN,0.091196083308508,0.0957706508876678,0.0822976240354668,0.0301466510718456,0.00505747015025311,-0.000556738993812663,0.0284666274722743,NaN,NaN,NaN,NaN,NaN,NaN,NaN,NaN,NaN
NaN,NaN,0.0890819810641309,0.0955999953390953,0.0846432344454418,0.0299485401337733,0.000662093259355363,0.00249619228513135,0.0269418847795653,NaN,NaN,NaN,NaN,NaN,NaN,NaN,NaN,NaN
NaN,NaN,0.0912003301394483,0.0939650399329063,0.0890782111722122,0.034988429499208,0.00430371353771382,-0.000511104187656505,0.0280862194534469,NaN,NaN,NaN,NaN,NaN,NaN,NaN,NaN,NaN
NaN,NaN,0.0900624402177831,0.100589574659049,0.0892452718156468,0.0352388435130706,0.00696677456047231,0.00156283942730321,0.0260212537881065,NaN,NaN,NaN,NaN,NaN,NaN,NaN,NaN,NaN
NaN,NaN,0.0904585130823155,0.096539159649789,0.0917777986663471,0.0390112028544536,0.00457517544176274,0.00315594119698896,0.029680923097961,NaN,NaN,NaN,NaN,NaN,NaN,NaN,NaN,NaN
NaN,NaN,0.0909860514414807,0.0979730797650215,0.0912952618139874,0.0415708498185268,0.0104163561239451,0.000974187680791752,0.027594332122438,NaN,NaN,NaN,NaN,NaN,NaN,NaN,NaN,NaN
NaN,NaN,0.0886010833395024,0.0996335347833034,0.0938105778235089,0.0404916890984168,0.00710017720606023,0.00412304518492116,0.0255629872020412,NaN,NaN,NaN,NaN,NaN,NaN,NaN,NaN,NaN
NaN,NaN,0.090872672231247,0.0964481694342491,0.0965821006733071,0.0463093445723644,0.0120906319692343,0.00137853068978681,0.0273757134612727,NaN,NaN,NaN,NaN,NaN,NaN,NaN,NaN,NaN
NaN,NaN,0.0895277493012448,0.103148048156678,0.0972405084806572,0.0457395427947631,0.0140328865721434,0.00353646097452535,0.0262982850011516,NaN,NaN,NaN,NaN,NaN,NaN,NaN,NaN,NaN
NaN,NaN,0.0882426731598874,0.098668237561166,0.0989125864046703,0.0497733802621951,0.010944453276655,0.00453966302544965,0.0299222660299468,NaN,NaN,NaN,NaN,NaN,NaN,NaN,NaN,NaN
NaN,NaN,0.0894729689074059,0.0999099513234493,0.0994016238886009,0.0522279181604972,0.0175003681555002,0.00219408986837758,0.0281236772473979,NaN,NaN,NaN,NaN,NaN,NaN,NaN,NaN,NaN
NaN,NaN,0.0858670182836553,0.101039645606458,0.101072546972622,0.0507991203194251,0.0151997406258791,0.00545828236014737,0.0271168802913356,NaN,NaN,NaN,NaN,NaN,NaN,NaN,NaN,NaN
NaN,NaN,0.0877430558515092,0.0975242940427658,0.104078092558969,0.0556789712136379,0.0179492842629164,0.00393068982036008,0.0291341436144042,NaN,NaN,NaN,NaN,NaN,NaN,NaN,NaN,NaN
NaN,NaN,0.0853606954527398,0.103585751140296,0.103346408291448,0.055106952888309,0.0206868138387411,0.00595452828080549,0.0279678297277618,NaN,NaN,NaN,NaN,NaN,NaN,NaN,NaN,NaN
NaN,NaN,0.0840024546099206,0.0985898015739319,0.104559940232624,0.0588754751806846,0.0183150891437739,0.00770262075335874,0.0315914009746242,NaN,NaN,NaN,NaN,NaN,NaN,NaN,NaN,NaN
NaN,NaN,0.0845919259202977,0.0991608885766861,0.104507395012964,0.0615600683813682,0.0249294724538534,0.00490395916373624,0.0287299496170211,NaN,NaN,NaN,NaN,NaN,NaN,NaN,NaN,NaN
NaN,NaN,0.0812129199815293,0.10148064547199,0.106168092175115,0.0594325923448196,0.0221173625662535,0.00959160370499982,0.0275262896951366,NaN,NaN,NaN,NaN,NaN,NaN,NaN,NaN,NaN
NaN,NaN,0.0830275275123616,0.0971490269245502,0.108176247163404,0.0641939417546382,0.0249126341417044,0.00797127006323232,0.0309331980582404,NaN,NaN,NaN,NaN,NaN,NaN,NaN,NaN,NaN
NaN,NaN,0.080503997237732,0.101764549845636,0.106131006910194,0.0637772680347552,0.0279881965592115,0.00917109293610944,0.0290991445120502,NaN,NaN,NaN,NaN,NaN,NaN,NaN,NaN,NaN
NaN,NaN,0.0784662261915704,0.0968786453546878,0.108222049607624,0.0678760931914439,0.0246126178875177,0.0111148004022349,0.0312850703533816,NaN,NaN,NaN,NaN,NaN,NaN,NaN,NaN,NaN
NaN,NaN,0.0798858598185082,0.0974363399388191,0.108001624180664,0.0694664382463088,0.0318366822078436,0.00877813068897619,0.0293704201515842,NaN,NaN,NaN,NaN,NaN,NaN,NaN,NaN,NaN
NaN,NaN,0.0753369078350564,0.0985416335703727,0.109020360692133,0.0675749407237163,0.0292300220802038,0.0129086953190078,0.0288402554627586,NaN,NaN,NaN,NaN,NaN,NaN,NaN,NaN,NaN
NaN,NaN,0.0752166182113191,0.0933498454930183,0.11053010909139,0.0722691045230022,0.0309610154702871,0.0111152101841678,0.0311358165975738,NaN,NaN,NaN,NaN,NaN,NaN,NaN,NaN,NaN
NaN,NaN,0.0733969629121324,0.0983728220404979,0.108662285788644,0.0719732047145953,0.0351398784890383,0.0121504311052073,0.0284809325870204,NaN,NaN,NaN,NaN,NaN,NaN,NaN,NaN,NaN
NaN,NaN,0.0701592944872876,0.0930611354948875,0.11005206121384,0.0754264743154636,0.031436176247856,0.014505447873186,0.0311868903275657,NaN,NaN,NaN,NaN,NaN,NaN,NaN,NaN,NaN
NaN,NaN,0.0709182665062447,0.0924886887611744,0.110009537025083,0.0768215023999801,0.0376192454471796,0.0114333872285594,0.0290772956844497,NaN,NaN,NaN,NaN,NaN,NaN,NaN,NaN,NaN
NaN,NaN,0.0662550784957906,0.0945891005637046,0.110450071229328,0.0746001863008132,0.0350140195563047,0.0165591259089221,0.0279683326419521,NaN,NaN,NaN,NaN,NaN,NaN,NaN,NaN,NaN
NaN,NaN,0.0668394461584588,0.0881332283558246,0.111855939908613,0.0805051439529052,0.0365775797739237,0.0143365432110537,0.0308860172566104,NaN,NaN,NaN,NaN,NaN,NaN,NaN,NaN,NaN
NaN,NaN,0.0643955812168618,0.0924643067361709,0.109992456569065,0.079867504638969,0.0411304805650919,0.0147534218219031,0.0276154358919788,NaN,NaN,NaN,NaN,NaN,NaN,NaN,NaN,NaN
NaN,NaN,0.0614558801365395,0.0876785194219944,0.111216624214042,0.0817402266984572,0.037656982637903,0.018059691467594,0.0290055093403983,NaN,NaN,NaN,NaN,NaN,NaN,NaN,NaN,NaN
NaN,NaN,0.0632351719153424,0.0871160937191841,0.111672376229156,0.0835577585821738,0.0444669064357489,0.0158081632641066,0.0276018758352924,NaN,NaN,NaN,NaN,NaN,NaN,NaN,NaN,NaN
NaN,NaN,0.0572067208898564,0.0884110791327354,0.110813734068264,0.0818258338695159,0.042249259747526,0.0193097312536944,0.0263210651513267,NaN,NaN,NaN,NaN,NaN,NaN,NaN,NaN,NaN
NaN,NaN,0.0583627716017266,0.0822318283559677,0.112286173685182,0.0870735013013473,0.0438015323355406,0.0178415198412646,0.0286461305853057,NaN,NaN,NaN,NaN,NaN,NaN,NaN,NaN,NaN
NaN,NaN,0.0572064973724385,0.0866675315143463,0.110085495694269,0.0870339945977321,0.0483144980147093,0.0185312573400248,0.0257153888281512,NaN,NaN,NaN,NaN,NaN,NaN,NaN,NaN,NaN
NaN,NaN,0.0555010222208997,0.0818324772359726,0.111572855098833,0.087822582674562,0.0458358388617247,0.0220449697759856,0.026983943307035,NaN,NaN,NaN,NaN,NaN,NaN,NaN,NaN,NaN
NaN,NaN,0.0560675643694898,0.0796564047874805,0.111793653054823,0.0899577514355769,0.0522176895513742,0.0191095155266036,0.0255175572868514,NaN,NaN,NaN,NaN,NaN,NaN,NaN,NaN,NaN
NaN,NaN,0.05188534858947,0.0825821174027321,0.110116601868261,0.0875800476496806,0.0494669165685385,0.0228595790055503,0.0240612109240222,NaN,NaN,NaN,NaN,NaN,NaN,NaN,NaN,NaN
NaN,NaN,0.052757252783825,0.0757415717186329,0.111143850668062,0.0921973959630122,0.0509978246166914,0.0200368147876967,0.0268425126608539,NaN,NaN,NaN,NaN,NaN,NaN,NaN,NaN,NaN
NaN,NaN,0.0512692228270074,0.0793241275193092,0.108909794076074,0.09175464521104,0.0568195034041613,0.0212500114527453,0.0233516362544227,NaN,NaN,NaN,NaN,NaN,NaN,NaN,NaN,NaN
NaN,NaN,0.049792704017212,0.075055932039201,0.110180211200107,0.0925240294163814,0.0530610021426886,0.0256877262678851,0.0239433427389789,NaN,NaN,NaN,NaN,NaN,NaN,NaN,NaN,NaN
NaN,NaN,0.0510750420702,0.0730577794553634,0.108753667159666,0.094329379600822,0.0590825241282194,0.0224326979902495,0.0228871670600104,NaN,NaN,NaN,NaN,NaN,NaN,NaN,NaN,NaN
NaN,NaN,0.0465041295004388,0.075190247380912,0.107760523392547,0.0917795115237823,0.0569549922123163,0.0255233850863685,0.022212591492765,NaN,NaN,NaN,NaN,NaN,NaN,NaN,NaN,NaN
NaN,NaN,0.0474682532561322,0.0683524025322792,0.108600837125171,0.0955636055296054,0.0580714244618624,0.0234579537597407,0.024698608094089,NaN,NaN,NaN,NaN,NaN,NaN,NaN,NaN,NaN
NaN,NaN,0.0468282670093079,0.0726054547073242,0.105711278452266,0.0950892270629993,0.0640817892029493,0.0258249659624804,0.0209585470195937,NaN,NaN,NaN,NaN,NaN,NaN,NaN,NaN,NaN
NaN,NaN,0.0442290947151681,0.0675944735946056,0.106017087532867,0.0947504119103541,0.0606946993842333,0.0290680546847094,0.0220946301754642,NaN,NaN,NaN,NaN,NaN,NaN,NaN,NaN,NaN
NaN,NaN,0.0447763398600121,0.0649951895417568,0.105186012520183,0.0963428617542377,0.0664978262260168,0.0255189706173648,0.0219343495603728,NaN,NaN,NaN,NaN,NaN,NaN,NaN,NaN,NaN
NaN,NaN,0.0411332108390828,0.0672687528373596,0.102663618459095,0.0934971870010486,0.0647263948097437,0.0291658621814956,0.0207328875597644,NaN,NaN,NaN,NaN,NaN,NaN,NaN,NaN,NaN
NaN,NaN,0.0423656672549744,0.060615626508176,0.102505628897537,0.0974825956946006,0.0664090898111074,0.0281242151346911,0.0234423470731902,NaN,NaN,NaN,NaN,NaN,NaN,NaN,NaN,NaN
NaN,NaN,0.0413892127883931,0.063772865915477,0.0996758983868252,0.096008945358335,0.0719622124209612,0.0295815673259009,0.0201373067732978,NaN,NaN,NaN,NaN,NaN,NaN,NaN,NaN,NaN
NaN,NaN,0.0380406424713631,0.0594836597980854,0.100261905177225,0.0953589567070594,0.0684221808090418,0.0333918128696193,0.021384235941999,NaN,NaN,NaN,NaN,NaN,NaN,NaN,NaN,NaN
NaN,NaN,0.0392804563355943,0.0560077404322025,0.098087434603561,0.0975453109567752,0.0738466691448896,0.0292562377241362,0.0211559501525092,NaN,NaN,NaN,NaN,NaN,NaN,NaN,NaN,NaN
NaN,NaN,0.0353060558748742,0.0594522369744179,0.0953663708108555,0.0945961848919978,0.0730730567350596,0.0325485375312079,0.0209556599196124,NaN,NaN,NaN,NaN,NaN,NaN,NaN,NaN,NaN
NaN,NaN,0.0360081427109738,0.0514138987006542,0.0963029646712433,0.0974630937998881,0.073668972797653,0.0333082732346763,0.0234902543064284,NaN,NaN,NaN,NaN,NaN,NaN,NaN,NaN,NaN
NaN,NaN,0.0348695822370549,0.0547229809405205,0.0927673847812306,0.0967602246528258,0.0792517487182825,0.0345739592400302,0.0195746761795211,NaN,NaN,NaN,NaN,NaN,NaN,NaN,NaN,NaN
NaN,NaN,0.0314151764226457,0.0506638301255104,0.0928245121079575,0.0957374089484801,0.0750874702110498,0.0374871548798789,0.0219692369040179,NaN,NaN,NaN,NaN,NaN,NaN,NaN,NaN,NaN
NaN,NaN,0.0325813412976762,0.0480413933934566,0.0917404526311051,0.0980452635412803,0.0810761537625998,0.0340002272811641,0.0224431124564338,NaN,NaN,NaN,NaN,NaN,NaN,NaN,NaN,NaN
NaN,NaN,0.0293939456654092,0.0508433704914448,0.0887356334763657,0.0945995004003635,0.0812431585266798,0.038661589899372,0.0222921823199916,NaN,NaN,NaN,NaN,NaN,NaN,NaN,NaN,NaN
NaN,NaN,0.0302375562799474,0.0438283322097656,0.0889498749214302,0.0972530246799579,0.0807378415241449,0.0387681890812625,0.0239279014106918,NaN,NaN,NaN,NaN,NaN,NaN,NaN,NaN,NaN
NaN,NaN,0.0281344808948537,0.0465110068859455,0.0858882637160908,0.0962370262568584,0.0857928928210943,0.0385492351439704,0.0221485537525344,NaN,NaN,NaN,NaN,NaN,NaN,NaN,NaN,NaN
NaN,NaN,0.0248786889327069,0.0447386814000007,0.0858881147044789,0.0947558508341899,0.0823899146392553,0.0426761489895095,0.0243630898233581,NaN,NaN,NaN,NaN,NaN,NaN,NaN,NaN,NaN
NaN,NaN,0.02721329110985,0.0411713806630966,0.0837790602284561,0.0971226395195117,0.0878908459320276,0.0388124455300082,0.0253221844371486,NaN,NaN,NaN,NaN,NaN,NaN,NaN,NaN,NaN
NaN,NaN,0.0237864151907464,0.0449483407379982,0.081376695020784,0.0933904015546432,0.087219064332506,0.0429425444987525,0.0240876418586898,NaN,NaN,NaN,NaN,NaN,NaN,NaN,NaN,NaN
NaN,NaN,0.0237542845619222,0.0367928234578964,0.0822167107301842,0.0971480646257987,0.0863105032816141,0.043446296879362,0.0260881227489638,NaN,NaN,NaN,NaN,NaN,NaN,NaN,NaN,NaN
NaN,NaN,0.0234437071097394,0.0396476996781227,0.078689549996246,0.0953973271971335,0.0918026242628305,0.042760880717348,0.0244037141140628,NaN,NaN,NaN,NaN,NaN,NaN,NaN,NaN,NaN
NaN,NaN,0.0204646483374139,0.0389607188941833,0.0778969758587967,0.0945066661661258,0.0873316426053255,0.0456037242499103,0.0263240453835654,NaN,NaN,NaN,NaN,NaN,NaN,NaN,NaN,NaN
NaN,NaN,0.0226223923576375,0.0351749857606289,0.0771516384023319,0.0958332234149566,0.0929014731421679,0.042806776293825,0.027672954374187,NaN,NaN,NaN,NaN,NaN,NaN,NaN,NaN,NaN
NaN,NaN,0.0189685903800031,0.0377568168284294,0.0740228788393627,0.0928985701029887,0.0931057308092325,0.0477049556163062,0.025883138650291,NaN,NaN,NaN,NaN,NaN,NaN,NaN,NaN,NaN
NaN,NaN,0.018868137927105,0.030574084603965,0.0743706346887242,0.0958887674933066,0.0903285082652777,0.0472153034594764,0.0284185153480697,NaN,NaN,NaN,NaN,NaN,NaN,NaN,NaN,NaN
NaN,NaN,0.0187320344460507,0.0349934709908363,0.0712032438653599,0.0930961222475162,0.0954253014400213,0.0458714422372092,0.0276756552096534,NaN,NaN,NaN,NaN,NaN,NaN,NaN,NaN,NaN
NaN,NaN,0.0157987408650418,0.0335770038606521,0.0709756658810269,0.0910247118299594,0.09244579563286,0.0504409391966571,0.0294496757026839,NaN,NaN,NaN,NaN,NaN,NaN,NaN,NaN,NaN
NaN,NaN,0.0183129951668282,0.0286040765883323,0.0688760550159107,0.0926800632005324,0.0964443918540686,0.0474299360600222,0.0305057582493949,NaN,NaN,NaN,NaN,NaN,NaN,NaN,NaN,NaN
NaN,NaN,0.01498329344516,0.0322496829273102,0.065734070672382,0.0895995088940253,0.0955359239354342,0.0508554895010699,0.0287415352698493,NaN,NaN,NaN,NaN,NaN,NaN,NaN,NaN,NaN
NaN,NaN,0.0150798715961476,0.0251707745434639,0.0650501260000359,0.0906141848390689,0.0932958509996145,0.0512361210373153,0.0320984502371478,NaN,NaN,NaN,NaN,NaN,NaN,NaN,NaN,NaN
NaN,NaN,0.01585875529175,0.0286090312244293,0.0623009362655769,0.0888965652411571,0.0986443620398253,0.050323760190319,0.0314510134097266,NaN,NaN,NaN,NaN,NaN,NaN,NaN,NaN,NaN
NaN,NaN,0.0124812580955525,0.0281973121406433,0.0608315886396061,0.0862329081719508,0.0941002156808584,0.0553694051292647,0.0319179785486388,NaN,NaN,NaN,NaN,NaN,NaN,NaN,NaN,NaN
NaN,NaN,0.0146111369443436,0.0223655936958191,0.0594419249731194,0.0888562017207732,0.0985247243418901,0.0526508559075107,0.033112809532516,NaN,NaN,NaN,NaN,NaN,NaN,NaN,NaN,NaN
NaN,NaN,0.0113033026767274,0.0253608016015884,0.0562460729318749,0.0850505941634765,0.0984905261769503,0.0560083855477084,0.0316181485589671,NaN,NaN,NaN,NaN,NaN,NaN,NaN,NaN,NaN
NaN,NaN,0.011040297181656,0.0194756811203357,0.0564133757191788,0.0861484372144332,0.0938664909675329,0.0559519287732352,0.0343137872453857,NaN,NaN,NaN,NaN,NaN,NaN,NaN,NaN,NaN
NaN,NaN,0.0124663569343587,0.0226633561493751,0.0529246227282177,0.0843585842376342,0.0997604962661474,0.056036027201723,0.0340661299463439,NaN,NaN,NaN,NaN,NaN,NaN,NaN,NaN,NaN
NaN,NaN,0.0094637170744439,0.0216346358599064,0.0525566199260841,0.0814307482069125,0.0955000680163115,0.0614227783468474,0.0341194015976119,NaN,NaN,NaN,NaN,NaN,NaN,NaN,NaN,NaN
NaN,NaN,0.0116395101261636,0.0153957245590088,0.0519602009493004,0.0845289976423373,0.0984982002749651,0.0583763476994742,0.0351212066646743,NaN,NaN,NaN,NaN,NaN,NaN,NaN,NaN,NaN
NaN,NaN,0.00884695801263054,0.0200256271006462,0.0486568742829453,0.0791568868880859,0.0972782049551218,0.0615255032268275,0.0328300599988628,NaN,NaN,NaN,NaN,NaN,NaN,NaN,NaN,NaN
NaN,NaN,0.00984358492617806,0.0137185057343838,0.0495095559793602,0.0803839975123992,0.0943728510513514,0.0620327015009631,0.0369483684238124,NaN,NaN,NaN,NaN,NaN,NaN,NaN,NaN,NaN
NaN,NaN,0.010913059891512,0.0173779701532718,0.0470717818874012,0.0781546347861877,0.0995865997150152,0.0616520699647178,0.0358627070721316,NaN,NaN,NaN,NaN,NaN,NaN,NaN,NaN,NaN
NaN,NaN,0.00818655717497071,0.0167774161042568,0.0458795958596359,0.0754357502883067,0.0949953284337729,0.0683627147761096,0.0352745209869075,NaN,NaN,NaN,NaN,NaN,NaN,NaN,NaN,NaN
NaN,NaN,0.0110021874619027,0.0103567665161487,0.0452976310092102,0.0775913708930602,0.0975752782299727,0.0643487703588713,0.0364662413533855,NaN,NaN,NaN,NaN,NaN,NaN,NaN,NaN,NaN
NaN,NaN,0.00827274176602562,0.0153050137402412,0.0431072534459721,0.0727124885743251,0.0966575902178495,0.0670725163605918,0.0347328824039626,NaN,NaN,NaN,NaN,NaN,NaN,NaN,NaN,NaN
NaN,NaN,0.00915353077774247,0.00988983863013952,0.0430087381440292,0.072522629154264,0.092608032025358,0.0685623717096557,0.0371073824402022,NaN,NaN,NaN,NaN,NaN,NaN,NaN,NaN,NaN
NaN,NaN,0.0106585294318696,0.0130111289860603,0.0405623586314808,0.0712023303931346,0.099007112182638,0.068194517919134,0.0359881934758353,NaN,NaN,NaN,NaN,NaN,NaN,NaN,NaN,NaN
NaN,NaN,0.00781555551414689,0.0123416756929752,0.0398776130217205,0.0679721684282413,0.0950119991078585,0.0739596840527762,0.0365689103540111,NaN,NaN,NaN,NaN,NaN,NaN,NaN,NaN,NaN
NaN,NaN,0.0101245276940366,0.00653983407634466,0.0404036426383148,0.07011262710148,0.0957116086259096,0.0698831733849753,0.0374913667377162,NaN,NaN,NaN,NaN,NaN,NaN,NaN,NaN,NaN
NaN,NaN,0.0085062802148362,0.0121704799773094,0.0366937005358826,0.0641742163425078,0.0955554444565981,0.0726052057531585,0.0357000050183463,NaN,NaN,NaN,NaN,NaN,NaN,NaN,NaN,NaN
NaN,NaN,0.00951242524509629,0.00711038091200559,0.0381881007391106,0.0642585755413165,0.0920941468551367,0.0744632687953223,0.0382161405917335,NaN,NaN,NaN,NaN,NaN,NaN,NaN,NaN,NaN
NaN,NaN,0.0110363483739396,0.00910395138877599,0.0364842088359486,0.063476208699285,0.0980729211344927,0.0730182659414519,0.0371909407015967,NaN,NaN,NaN,NaN,NaN,NaN,NaN,NaN,NaN
NaN,NaN,0.00777178335313996,0.00928166636246412,0.0356465586858879,0.0603042730217567,0.0927101236059874,0.0777994525221099,0.0366862942513156,NaN,NaN,NaN,NaN,NaN,NaN,NaN,NaN,NaN
NaN,NaN,0.0111114129734536,0.00386682652848928,0.0356328309911381,0.0625994802539935,0.0930361796393602,0.0742547270444144,0.0389124159749675,NaN,NaN,NaN,NaN,NaN,NaN,NaN,NaN,NaN
NaN,NaN,0.0100535795403024,0.00940024235266416,0.0320795745986591,0.0554964133625617,0.0936146427169054,0.076832665183853,0.0366392252083945,NaN,NaN,NaN,NaN,NaN,NaN,NaN,NaN,NaN
NaN,NaN,0.0103155047011872,0.00465908401626318,0.0333999851184975,0.0562564470892539,0.0891560103967398,0.078697620013069,0.0389207233723331,NaN,NaN,NaN,NaN,NaN,NaN,NaN,NaN,NaN
NaN,NaN,0.011475057185938,0.00747480743545263,0.0313846775728355,0.0556328148668399,0.0950430121495932,0.0773122776833285,0.0380108212169337,NaN,NaN,NaN,NaN,NaN,NaN,NaN,NaN,NaN
NaN,NaN,0.00873646590237816,0.00799122580307691,0.0301769384580742,0.0516320393508067,0.0896348405852526,0.0823128093567599,0.0389005322989154,NaN,NaN,NaN,NaN,NaN,NaN,NaN,NaN,NaN
NaN,NaN,0.0119247369778653,0.0023021487237808,0.0297319339054714,0.0531913899903884,0.0894635517373293,0.0771868471589793,0.0402658698197532,NaN,NaN,NaN,NaN,NaN,NaN,NaN,NaN,NaN
NaN,NaN,0.0108703866911431,0.00837429740446775,0.0269286529558788,0.0472049043601146,0.0909977566673964,0.0805595946100463,0.0373518918689418,NaN,NaN,NaN,NaN,NaN,NaN,NaN,NaN,NaN
NaN,NaN,0.0103037886631986,0.00408905872124403,0.0273990267354141,0.0476907380943885,0.0866569739058226,0.0825925414052714,0.0408181813594031,NaN,NaN,NaN,NaN,NaN,NaN,NaN,NaN,NaN
NaN,NaN,0.0126515969944497,0.00612323486226766,0.0259380610126148,0.0475021080201259,0.091485359914562,0.0799240414586772,0.040161058777206,NaN,NaN,NaN,NaN,NaN,NaN,NaN,NaN,NaN
NaN,NaN,0.00991417917733391,0.00768789404052465,0.0239277267295014,0.0436018222098937,0.0849708702638357,0.0835122783270587,0.0399725963410068,NaN,NaN,NaN,NaN,NaN,NaN,NaN,NaN,NaN
NaN,NaN,0.0134870119703313,0.00241180264371603,0.0242772520917545,0.0447444805031409,0.0852725070193022,0.0799806099918593,0.0417334851857352,NaN,NaN,NaN,NaN,NaN,NaN,NaN,NaN,NaN
NaN,NaN,0.0111595623505612,0.00780734547394483,0.0210569248932491,0.0394314342265716,0.0873769607618063,0.082047363796543,0.039568681740396,NaN,NaN,NaN,NaN,NaN,NaN,NaN,NaN,NaN
NaN,NaN,0.0102110661876698,0.00385904067176549,0.0219037951367985,0.0412200206046691,0.0827669512703627,0.0833430197623481,0.0423028771814036,NaN,NaN,NaN,NaN,NaN,NaN,NaN,NaN,NaN
NaN,NaN,0.0127529062641164,0.0055263502241966,0.0201399260598312,0.0409788453107467,0.0869538609161585,0.08071054337294,0.043049332224958,NaN,NaN,NaN,NaN,NaN,NaN,NaN,NaN,NaN
NaN,NaN,0.0102086633754273,0.00640088074821203,0.0181091771858822,0.0363160298293224,0.0817080561294764,0.0853683669653643,0.0431213793393302,NaN,NaN,NaN,NaN,NaN,NaN,NaN,NaN,NaN
NaN,NaN,0.0123334199500581,0.000186668121993232,0.0190271632212292,0.0381364115601173,0.0810689825787752,0.0815497022655715,0.0443392512437034,NaN,NaN,NaN,NaN,NaN,NaN,NaN,NaN,NaN
NaN,NaN,0.0101114891779919,0.0065852639915344,0.0150830493706356,0.0342349709098926,0.082710364110729,0.0837652441647757,0.0434877430137324,NaN,NaN,NaN,NaN,NaN,NaN,NaN,NaN,NaN
NaN,NaN,0.00874907601003846,0.00298009567874639,0.0162826300996433,0.0336494297807803,0.0770514991357534,0.0854544770506133,0.0466759395834136,NaN,NaN,NaN,NaN,NaN,NaN,NaN,NaN,NaN
NaN,NaN,0.0116467558157941,0.00293565296548574,0.0145176434355866,0.0343682059174171,0.0813383769467085,0.082652946987461,0.0471372981604266,NaN,NaN,NaN,NaN,NaN,NaN,NaN,NaN,NaN
NaN,NaN,0.00839565771942338,0.0051037160398361,0.0132718877333294,0.0294816681271186,0.0757914569452017,0.0880355444339026,0.0460508544977832,NaN,NaN,NaN,NaN,NaN,NaN,NaN,NaN,NaN
NaN,NaN,0.0103915006232758,-0.000578636890471291,0.0139726148384701,0.0316307135944953,0.0744396236016958,0.0849039163974036,0.0484567587312388,NaN,NaN,NaN,NaN,NaN,NaN,NaN,NaN,NaN
NaN,NaN,0.00907660353307923,0.006267738872945,0.0102542535799633,0.0273568556731334,0.077049021817705,0.0856583808150996,0.0476094973322082,NaN,NaN,NaN,NaN,NaN,NaN,NaN,NaN,NaN
NaN,NaN,0.00706563595061501,0.00342323758619993,0.0114282229381691,0.0281527266924968,0.070893296249172,0.0874216910985221,0.0508545977111983,NaN,NaN,NaN,NaN,NaN,NaN,NaN,NaN,NaN
NaN,NaN,0.0111956417871018,0.00306704395431249,0.0103216068285595,0.0281100721185794,0.074885969258806,0.0848491732564677,0.0513700288768935,NaN,NaN,NaN,NaN,NaN,NaN,NaN,NaN,NaN
NaN,NaN,0.00706723782544335,0.00483095028418272,0.00780804170547829,0.0227439218288055,0.0701534535958975,0.0895662848439921,0.0508297500249076,NaN,NaN,NaN,NaN,NaN,NaN,NaN,NaN,NaN
NaN,NaN,0.00902599546437462,-0.000862578517020058,0.00910649163900719,0.0251496025448432,0.0688415553643911,0.0860314313855876,0.0523150605198073,NaN,NaN,NaN,NaN,NaN,NaN,NaN,NaN,NaN
NaN,NaN,0.00781142044191559,0.00673073657768934,0.00636056153355943,0.020912736756145,0.0714583296551912,0.0855139326837767,0.0513861780103374,NaN,NaN,NaN,NaN,NaN,NaN,NaN,NaN,NaN
NaN,NaN,0.00626361820225915,0.00344173365253179,0.00833928672849046,0.0209855103021255,0.0646465804650991,0.087912367710184,0.0556902480360198,NaN,NaN,NaN,NaN,NaN,NaN,NaN,NaN,NaN
NaN,NaN,0.00994522947197159,0.00214538850802152,0.00679867429911004,0.0214000047271838,0.0681867238357275,0.0845351685372104,0.0558684845503497,NaN,NaN,NaN,NaN,NaN,NaN,NaN,NaN,NaN
NaN,NaN,0.00590949210648736,0.00510470324176519,0.00531205995260583,0.0164619089191547,0.0638728562965601,0.0889199283507575,0.0539198224481273,NaN,NaN,NaN,NaN,NaN,NaN,NaN,NaN,NaN
NaN,NaN,0.00774162712817391,-0.00128139427882464,0.00704854814587937,0.0197191909974208,0.0618590761199205,0.0846782569375743,0.05624680640661,NaN,NaN,NaN,NaN,NaN,NaN,NaN,NaN,NaN
NaN,NaN,0.00652310329799851,0.0053900045992729,0.00438911928116189,0.0149423257535091,0.0652904037609308,0.0851567145970572,0.0567448963459659,NaN,NaN,NaN,NaN,NaN,NaN,NaN,NaN,NaN
NaN,NaN,0.00668222907309731,0.00267057993429868,0.00551650388418542,0.0146823191171279,0.0576644364967554,0.0872202460256327,0.0591746610637832,NaN,NaN,NaN,NaN,NaN,NaN,NaN,NaN,NaN
NaN,NaN,0.0101369887900849,0.00129533314126699,0.00513637526213036,0.0159387291496387,0.060849205799362,0.0832978692439307,0.0599293676253486,NaN,NaN,NaN,NaN,NaN,NaN,NaN,NaN,NaN
NaN,NaN,0.00558291453247269,0.00390558817404478,0.0035917581456791,0.010804478180944,0.0568914201333731,0.0871881526497115,0.0590219614144492,NaN,NaN,NaN,NaN,NaN,NaN,NaN,NaN,NaN
NaN,NaN,0.00769453945880135,-0.00153804815393717,0.00604083849369393,0.0132256747310748,0.0548567969575136,0.0835980158832778,0.0614709300037551,NaN,NaN,NaN,NaN,NaN,NaN,NaN,NaN,NaN
NaN,NaN,0.00684567618494233,0.00363349297064512,0.00405227853237496,0.00860730196291115,0.0572562378123014,0.0835790914085616,0.0615344089504409,NaN,NaN,NaN,NaN,NaN,NaN,NaN,NaN,NaN
NaN,NaN,0.00633087831859788,0.0010928263606426,0.00620495615779267,0.00889824713522103,0.049211361654064,0.0858630855170001,0.0643414151903319,NaN,NaN,NaN,NaN,NaN,NaN,NaN,NaN,NaN
NaN,NaN,0.00902137610440453,-0.000535162752688241,0.00484861521302567,0.00896485532575753,0.0526365425660818,0.0824465100255717,0.0648225178059268,NaN,NaN,NaN,NaN,NaN,NaN,NaN,NaN,NaN
NaN,NaN,0.00416128787522515,0.00255530082601278,0.0044678160387169,0.00450447211915161,0.0491362039222925,0.0850552376893271,0.0619520139928985,NaN,NaN,NaN,NaN,NaN,NaN,NaN,NaN,NaN
NaN,NaN,0.0062758371544381,-0.00271885341984065,0.00605400739489899,0.00758793215209153,0.0455486376061647,0.082600848802637,0.0658704419668841,NaN,NaN,NaN,NaN,NaN,NaN,NaN,NaN,NaN
NaN,NaN,0.00670510235552987,0.00280863919275968,0.00440640462814675,0.00273849825316574,0.0484649066105097,0.0828982201007117,0.0649751802023578,NaN,NaN,NaN,NaN,NaN,NaN,NaN,NaN,NaN
NaN,NaN,0.00543529990439614,-0.000451772129357171,0.00583717687307702,0.00238383199030068,0.0406948823704927,0.0853307229068984,0.0675838333603072,NaN,NaN,NaN,NaN,NaN,NaN,NaN,NaN,NaN
NaN,NaN,0.00746738988285264,-0.00300011283737452,0.00577002851544724,0.00379405925923493,0.044257153965494,0.0807431396630515,0.0673253168400455,NaN,NaN,NaN,NaN,NaN,NaN,NaN,NaN,NaN
NaN,NaN,0.00401646721487244,0.00128812470453947,0.00403774990021096,-0.00143878151720855,0.041061208791992,0.0849980544832457,0.0658651706811118,NaN,NaN,NaN,NaN,NaN,NaN,NaN,NaN,NaN
NaN,NaN,0.00601178857808312,-0.00411835185271532,0.00610616145907746,0.000401772660552524,0.0379613016023844,0.0825502779868354,0.0692663420971561,NaN,NaN,NaN,NaN,NaN,NaN,NaN,NaN,NaN
NaN,NaN,0.00694929513459405,-1.18712244632957e-05,0.00513374893246995,-0.00306030725187156,0.0405427601411551,0.0821205843773593,0.0685400967534709,NaN,NaN,NaN,NaN,NaN,NaN,NaN,NaN,NaN
NaN,NaN,0.00350271242981156,-0.00290878734570773,0.00598624436436997,-0.00290578221029136,0.032689419783613,0.0853855778065432,0.0701183718677688,NaN,NaN,NaN,NaN,NaN,NaN,NaN,NaN,NaN
NaN,NaN,0.00614409226303299,-0.00526108465176852,0.00468816695987092,-0.00193754200881813,0.0365512605979651,0.0809041280832995,0.0698498901959586,NaN,NaN,NaN,NaN,NaN,NaN,NaN,NaN,NaN
NaN,NaN,0.00250787365560731,-9.03630910518882e-05,0.00354947610079156,-0.00759510313218925,0.0339334059729784,0.0845303442862738,0.0689524863895106,NaN,NaN,NaN,NaN,NaN,NaN,NaN,NaN,NaN
NaN,NaN,0.00423268306379517,-0.00558555743676455,0.00579644082366334,-0.00474380319064949,0.0294568736329287,0.082048686274599,0.0720051196452308,NaN,NaN,NaN,NaN,NaN,NaN,NaN,NaN,NaN
NaN,NaN,0.00458977076535424,-0.00239609426838191,0.00397050841032372,-0.00749645744508598,0.0338335495665281,0.0817694385138263,0.0701245558496642,NaN,NaN,NaN,NaN,NaN,NaN,NaN,NaN,NaN
NaN,NaN,0.00060572180276116,-0.00476532301884921,0.00451767904936181,-0.00803763036674354,0.0261156980171412,0.0839302558985461,0.0721056093510318,NaN,NaN,NaN,NaN,NaN,NaN,NaN,NaN,NaN
NaN,NaN,0.00337119105582436,-0.00632305315715105,0.00409277243791924,-0.00593572844809387,0.0293709870650976,0.0793473292675723,0.0725185950335193,NaN,NaN,NaN,NaN,NaN,NaN,NaN,NaN,NaN
NaN,NaN,0.000431396843244634,-0.0016113804934624,0.00144636346279488,-0.0107433645898709,0.0275151964500158,0.0827966500607241,0.0705056530471969,NaN,NaN,NaN,NaN,NaN,NaN,NaN,NaN,NaN
NaN,NaN,0.00154401067023476,-0.00752090162616999,0.00494610606013642,-0.00830441703146789,0.0240962740256994,0.0795436520663012,0.0732236993547607,NaN,NaN,NaN,NaN,NaN,NaN,NaN,NaN,NaN
NaN,NaN,0.00150295797114571,-0.00420669711214335,0.00194167806087838,-0.0104764102870831,0.0276635933890551,0.0775209125664939,0.0714279231663871,NaN,NaN,NaN,NaN,NaN,NaN,NaN,NaN,NaN
NaN,NaN,-0.00183395218725006,-0.00547515845876963,0.00232528982936249,-0.0107619724149117,0.020442397542259,0.0805873480227698,0.0725020733710456,NaN,NaN,NaN,NaN,NaN,NaN,NaN,NaN,NaN
NaN,NaN,0.000419960202028356,-0.0077783378122452,0.00169586478053437,-0.00883219753450248,0.0236860264315813,0.0752351303187121,0.0731971007820296,NaN,NaN,NaN,NaN,NaN,NaN,NaN,NaN,NaN
NaN,NaN,-0.0022918462442855,-0.00281077495795519,0.00129357068120347,-0.0131573340768227,0.0217887919619291,0.0773630906429995,0.0712940734859634,NaN,NaN,NaN,NaN,NaN,NaN,NaN,NaN,NaN
NaN,NaN,-0.00191330087060729,-0.00932546949964793,0.00297416089354859,-0.010445341365994,0.0173421364500731,0.0740713496294726,0.0731386323507953,NaN,NaN,NaN,NaN,NaN,NaN,NaN,NaN,NaN
NaN,NaN,-0.0017246149169902,-0.00619903824311526,0.000240598751891715,-0.0129999964410672,0.0220634576156347,0.0719162691918124,0.0710285534199405,NaN,NaN,NaN,NaN,NaN,NaN,NaN,NaN,NaN
NaN,NaN,-0.00558425781006614,-0.00512505567652018,-8.07261628021174e-05,-0.0128510593349347,0.0151621524467676,0.0744533222702254,0.0725010861691165,NaN,NaN,NaN,NaN,NaN,NaN,NaN,NaN,NaN
NaN,NaN,-0.00221750807637969,-0.00812980032545359,0.000245627893794639,-0.00985339273756836,0.0176360804810732,0.0693967808571566,0.0731169139083552,NaN,NaN,NaN,NaN,NaN,NaN,NaN,NaN,NaN
NaN,NaN,-0.00637543496365348,-0.00387631974202425,-0.0010464331668724,-0.014601535993279,0.0148782666995733,0.0714290384736766,0.0693354462321925,NaN,NaN,NaN,NaN,NaN,NaN,NaN,NaN,NaN
NaN,NaN,-0.00650211346025268,-0.00956277049165995,0.00189500017343865,-0.0121883115643868,0.0104578186049669,0.0678438004639853,0.0717927035924125,NaN,NaN,NaN,NaN,NaN,NaN,NaN,NaN,NaN
NaN,NaN,-0.00501933616275588,-0.00666311628204615,-0.0020506037932743,-0.0132313183421502,0.0152707260325163,0.0647834931102504,0.0700345528360534,NaN,NaN,NaN,NaN,NaN,NaN,NaN,NaN,NaN
NaN,NaN,-0.00823930945868293,-0.00682356453520091,-0.00121893273414268,-0.0135568714613328,0.00835209826376134,0.0674313922014941,0.0712527786430049,NaN,NaN,NaN,NaN,NaN,NaN,NaN,NaN,NaN
NaN,NaN,-0.0052164412724475,-0.0101336898563507,-0.00072166235865249,-0.0113270430738339,0.0102809604480475,0.062266705611061,0.0714857955511737,NaN,NaN,NaN,NaN,NaN,NaN,NaN,NaN,NaN
NaN,NaN,-0.00867539194102088,-0.00601962826234133,-0.0017292043727745,-0.0170688888902077,0.00794496128704244,0.0638846550670375,0.068650011443727,NaN,NaN,NaN,NaN,NaN,NaN,NaN,NaN,NaN
NaN,NaN,-0.00790056881184379,-0.011558520263255,-9.92967349399501e-05,-0.0140585004264722,0.00228458756949597,0.0602077562895526,0.0710870777305293,NaN,NaN,NaN,NaN,NaN,NaN,NaN,NaN,NaN
NaN,NaN,-0.00682522651428977,-0.00856387115103037,-0.00385586084545745,-0.0147463566536317,0.00769996757056409,0.0574965458896865,0.0690570552881885,NaN,NaN,NaN,NaN,NaN,NaN,NaN,NaN,NaN
NaN,NaN,-0.0100941501247386,-0.00816094375234873,-0.00304769636810912,-0.0159636325115571,-0.000377467624881926,0.0609833431032409,0.0709178750451732,NaN,NaN,NaN,NaN,NaN,NaN,NaN,NaN,NaN
NaN,NaN,-0.00679723095769683,-0.0128497245071533,-0.00267747701824798,-0.0139452516013989,0.00192465002085858,0.0552341212120761,0.071597721898191,NaN,NaN,NaN,NaN,NaN,NaN,NaN,NaN,NaN
NaN,NaN,-0.00967393737907211,-0.00781089684945376,-0.00359423370779647,-0.0186767986888299,-0.000186304353216353,0.056404160389017,0.0681210388477969,NaN,NaN,NaN,NaN,NaN,NaN,NaN,NaN,NaN
NaN,NaN,-0.0108619697081546,-0.0130705783424977,-0.00196291045964851,-0.0167841835791478,-0.0053657058403284,0.0538558010545482,0.0717782867189574,NaN,NaN,NaN,NaN,NaN,NaN,NaN,NaN,NaN
NaN,NaN,-0.0086877040254573,-0.0106390068588856,-0.00504679890097274,-0.0169409810478101,8.09992100888235e-06,0.0515570175436248,0.0699303005870509,NaN,NaN,NaN,NaN,NaN,NaN,NaN,NaN,NaN
NaN,NaN,-0.0124840728628139,-0.0103061335442665,-0.00440392555416717,-0.0185424833471188,-0.00813436021659679,0.0543614719596614,0.0712443594869304,NaN,NaN,NaN,NaN,NaN,NaN,NaN,NaN,NaN
NaN,NaN,-0.00940424498791496,-0.0147867823300961,-0.00379752279938354,-0.0171451828355202,-0.00604471450302905,0.0484933574286212,0.0715290834244418,NaN,NaN,NaN,NaN,NaN,NaN,NaN,NaN,NaN
NaN,NaN,-0.01219070625181,-0.00956053531748087,-0.00515248538674011,-0.0218955053860555,-0.00608217229698009,0.050014803239416,0.0685471561785865,NaN,NaN,NaN,NaN,NaN,NaN,NaN,NaN,NaN
NaN,NaN,-0.0108312360631923,-0.0146860691068772,-0.00374851660550727,-0.0189699231559644,-0.0113170619830877,0.0476552416172732,0.0715988394852805,NaN,NaN,NaN,NaN,NaN,NaN,NaN,NaN,NaN
NaN,NaN,-0.00962399986262123,-0.0132941516397598,-0.00631125556052818,-0.0191233119840035,-0.00665283089134997,0.0450654943075885,0.0699439910288978,NaN,NaN,NaN,NaN,NaN,NaN,NaN,NaN,NaN
NaN,NaN,-0.0142045236813525,-0.0126891458688381,-0.00596644269050254,-0.0212868674570927,-0.013582243375519,0.0479291808393706,0.0708454926546741,NaN,NaN,NaN,NaN,NaN,NaN,NaN,NaN,NaN
NaN,NaN,-0.010598126022766,-0.0181856813190583,-0.00551732169211997,-0.0191043502563844,-0.0115968871638567,0.0414349940207709,0.0709694516893554,NaN,NaN,NaN,NaN,NaN,NaN,NaN,NaN,NaN
NaN,NaN,-0.0135595269190768,-0.0118522594032887,-0.00742876814426078,-0.0234666838223347,-0.0110615629479677,0.04285539133222,0.0678366874393153,NaN,NaN,NaN,NaN,NaN,NaN,NaN,NaN,NaN
NaN,NaN,-0.0124757282125453,-0.0173854703364971,-0.00591700808824195,-0.0219405255193124,-0.0166659269258768,0.0416502599206675,0.0719563183423209,NaN,NaN,NaN,NaN,NaN,NaN,NaN,NaN,NaN
NaN,NaN,-0.0106068804549674,-0.015691562211335,-0.00883312808097495,-0.0210024415428052,-0.0111012372896463,0.0378790926721801,0.0706581850584674,NaN,NaN,NaN,NaN,NaN,NaN,NaN,NaN,NaN
NaN,NaN,-0.0148217297780017,-0.0147282766459587,-0.00756796361626281,-0.0237102433020482,-0.0173373546228201,0.0409776773837317,0.07060467126333,NaN,NaN,NaN,NaN,NaN,NaN,NaN,NaN,NaN
NaN,NaN,-0.0113237008141975,-0.0196015151498917,-0.00656098039568557,-0.0214481352741132,-0.0153213765249044,0.0348628927555789,0.0719200712677169,NaN,NaN,NaN,NaN,NaN,NaN,NaN,NaN,NaN
NaN,NaN,-0.012969273297737,-0.0133451694903973,-0.00952688889325752,-0.0252749397332082,-0.0134996164366991,0.0365418252137412,0.068975806706779,NaN,NaN,NaN,NaN,NaN,NaN,NaN,NaN,NaN
NaN,NaN,-0.0119910306918124,-0.0175993019996289,-0.00708507286132468,-0.0220450199121842,-0.0196066710874826,0.0353518184808005,0.0719789867337871,NaN,NaN,NaN,NaN,NaN,NaN,NaN,NaN,NaN
NaN,NaN,-0.0103167362200717,-0.0176695050953034,-0.00965800048531188,-0.022071003812016,-0.0147214185223371,0.0311807599452247,0.0698379320141006,NaN,NaN,NaN,NaN,NaN,NaN,NaN,NaN,NaN
NaN,NaN,-0.0140346876966457,-0.0147416690645817,-0.00893881456674232,-0.0244656762952218,-0.0200731146857531,0.0334820207741965,0.0700361174579787,NaN,NaN,NaN,NaN,NaN,NaN,NaN,NaN,NaN
NaN,NaN,-0.0103908322441081,-0.0191486874876621,-0.00828992487610473,-0.0221128015691647,-0.0180506732091696,0.0284872819271792,0.0711371828850436,NaN,NaN,NaN,NaN,NaN,NaN,NaN,NaN,NaN
NaN,NaN,-0.0110853194879989,-0.0137231374440792,-0.0101582697194923,-0.0239739938551793,-0.0161706868335993,0.0288373474565257,0.0689299670096564,NaN,NaN,NaN,NaN,NaN,NaN,NaN,NaN,NaN
NaN,NaN,-0.011185511170576,-0.0177602345405224,-0.00879989849151267,-0.0221244617277989,-0.0226687107012064,0.0277609061983336,0.0720450361307788,NaN,NaN,NaN,NaN,NaN,NaN,NaN,NaN,NaN
NaN,NaN,-0.00866548266882698,-0.0176157491562966,-0.0102635277968754,-0.0213586724275956,-0.0172548021898062,0.0227001738336791,0.0699292016264129,NaN,NaN,NaN,NaN,NaN,NaN,NaN,NaN,NaN
NaN,NaN,-0.0126615643190841,-0.0139366524575356,-0.00928360881031646,-0.0242609529668698,-0.0219944145307333,0.0260738898602237,0.0698616807397533,NaN,NaN,NaN,NaN,NaN,NaN,NaN,NaN,NaN
NaN,NaN,-0.0082192860233287,-0.0188846575377587,-0.00748604448259963,-0.0205287150020013,-0.0204877767488748,0.0202806909170855,0.0714668710764575,NaN,NaN,NaN,NaN,NaN,NaN,NaN,NaN,NaN
NaN,NaN,-0.00832568031425277,-0.0139312135336998,-0.0105160465997566,-0.022626723992289,-0.0188945632204801,0.0206410196212043,0.068394624167316,NaN,NaN,NaN,NaN,NaN,NaN,NaN,NaN,NaN
NaN,NaN,-0.00975889262432853,-0.0179300146458748,-0.00761553557337417,-0.0209572165185818,-0.0259343560561926,0.0183668975320567,0.0704539832707572,NaN,NaN,NaN,NaN,NaN,NaN,NaN,NaN,NaN
NaN,NaN,-0.00722241696591178,-0.0175895789919499,-0.00779291527093543,-0.0204356199974427,-0.0207142371461183,0.0137033742454757,0.069296796345346,NaN,NaN,NaN,NaN,NaN,NaN,NaN,NaN,NaN
NaN,NaN,-0.0111003696608047,-0.0132575879154804,-0.00769495876253738,-0.0234813242132077,-0.0253149334118158,0.0171159823027362,0.0683345911141563,NaN,NaN,NaN,NaN,NaN,NaN,NaN,NaN,NaN
NaN,NaN,-0.00626863089079658,-0.0182750882862213,-0.00621326179922713,-0.0196228175336728,-0.0239787835404665,0.0113833752063025,0.0700006899472404,NaN,NaN,NaN,NaN,NaN,NaN,NaN,NaN,NaN
NaN,NaN,-0.0076924927222232,-0.0137723112760189,-0.00882796855391158,-0.0218484735960374,-0.0225915226862223,0.0107382853117694,0.0672471975024867,NaN,NaN,NaN,NaN,NaN,NaN,NaN,NaN,NaN
NaN,NaN,-0.00924383398766319,-0.0174564743695858,-0.00711806030691756,-0.0208409688348183,-0.0296593855843336,0.0102017503765334,0.0688447882469821,NaN,NaN,NaN,NaN,NaN,NaN,NaN,NaN,NaN
NaN,NaN,-0.00586233210439483,-0.0165762627778652,-0.00793224112809791,-0.020514707910479,-0.0237410541400701,0.00564067257316007,0.0679015261169601,NaN,NaN,NaN,NaN,NaN,NaN,NaN,NaN,NaN
NaN,NaN,-0.00836844664687911,-0.0126438090859059,-0.00778950663031234,-0.0234945676202187,-0.0266291972026617,0.00957625550897016,0.066961896144979,NaN,NaN,NaN,NaN,NaN,NaN,NaN,NaN,NaN
NaN,NaN,-0.00412020009631912,-0.0180717805681828,-0.0066304198068489,-0.0191482341761002,-0.0261208627149851,0.00401195702822103,0.0690119979020286,NaN,NaN,NaN,NaN,NaN,NaN,NaN,NaN,NaN
NaN,NaN,-0.00556227859730522,-0.0140006901977661,-0.00899491743863715,-0.0218231416220078,-0.0243960346803457,0.00369180557997121,0.0651383665438819,NaN,NaN,NaN,NaN,NaN,NaN,NaN,NaN,NaN
NaN,NaN,-0.00675278824443618,-0.0171438666341904,-0.00633720220745696,-0.0207267141813645,-0.0301897551641256,0.00332451058299436,0.0676073771949935,NaN,NaN,NaN,NaN,NaN,NaN,NaN,NaN,NaN
NaN,NaN,-0.00388709005589286,-0.0170504177270535,-0.00710958527148856,-0.020367149161757,-0.0241676185056955,-0.000900397023845775,0.0670168814297843,NaN,NaN,NaN,NaN,NaN,NaN,NaN,NaN,NaN
NaN,NaN,-0.00679393407578269,-0.0120966384468678,-0.00822745175779952,-0.022996254163445,-0.0278456721231729,0.00330765364439382,0.0652697575327087,NaN,NaN,NaN,NaN,NaN,NaN,NaN,NaN,NaN
NaN,NaN,-0.00343036946530143,-0.0170465434251431,-0.00609736801804198,-0.0197347252542386,-0.0276982437596113,-0.00222119869916545,0.0677629825707603,NaN,NaN,NaN,NaN,NaN,NaN,NaN,NaN,NaN
NaN,NaN,-0.00495500039930145,-0.0138666915057305,-0.00836938531817092,-0.021861437606276,-0.0248251881227285,-0.00221337558953868,0.0639927280183959,NaN,NaN,NaN,NaN,NaN,NaN,NaN,NaN,NaN
NaN,NaN,-0.00739346366996566,-0.0152755776701573,-0.00580016435803069,-0.0222029163414845,-0.0306943271086008,-0.00171005161731349,0.0661096056040454,NaN,NaN,NaN,NaN,NaN,NaN,NaN,NaN,NaN
NaN,NaN,-0.00296876874441902,-0.015830906694949,-0.00684603960932388,-0.0219721159810433,-0.0234889637455732,-0.00563460769384013,0.0647921008106399,NaN,NaN,NaN,NaN,NaN,NaN,NaN,NaN,NaN
NaN,NaN,-0.00578287166232864,-0.0100947233198288,-0.0066146804553379,-0.0241631827229867,-0.0272617142424375,-0.0023191552075635,0.0637353663381267,NaN,NaN,NaN,NaN,NaN,NaN,NaN,NaN,NaN
NaN,NaN,-0.00348297056431571,-0.0161018098054531,-0.00506643118084563,-0.0205192900175462,-0.0280287701413423,-0.00695127429692851,0.0654400591787028,NaN,NaN,NaN,NaN,NaN,NaN,NaN,NaN,NaN
NaN,NaN,-0.00408162471527854,-0.0117391968427304,-0.0073085902792324,-0.0234175099903951,-0.0238547313735277,-0.00654644700019465,0.0612829146023917,NaN,NaN,NaN,NaN,NaN,NaN,NaN,NaN,NaN
NaN,NaN,-0.00511863377566139,-0.0128114285228852,-0.00496176914991035,-0.0241542606527219,-0.0289248887226374,-0.00581088843076335,0.0630990681286979,NaN,NaN,NaN,NaN,NaN,NaN,NaN,NaN,NaN
NaN,NaN,-0.00172627267117301,-0.0140548186658028,-0.00534279184163703,-0.0228464974934468,-0.0235381562039644,-0.0105684566709291,0.0614223522182632,NaN,NaN,NaN,NaN,NaN,NaN,NaN,NaN,NaN
NaN,NaN,-0.00472213250274459,-0.0082542809007767,-0.00560644926251067,-0.0257098301226506,-0.0271615039334089,-0.00653957383959399,0.0599289578434157,NaN,NaN,NaN,NaN,NaN,NaN,NaN,NaN,NaN
NaN,NaN,-0.00144039389366905,-0.0138159344254139,-0.00348731787623061,-0.0213840044016251,-0.0283105324730665,-0.0102103445145379,0.0610609431799579,NaN,NaN,NaN,NaN,NaN,NaN,NaN,NaN,NaN
NaN,NaN,-0.00178218927855293,-0.00946637860518725,-0.00585418106735839,-0.0245198792690644,-0.0235209826156885,-0.0107225533041249,0.0574469831820655,NaN,NaN,NaN,NaN,NaN,NaN,NaN,NaN,NaN
NaN,NaN,-0.00421847325439254,-0.0102651180980805,-0.00377137126148834,-0.0250431521708379,-0.029045569501856,-0.00960707100360499,0.0584113304551768,NaN,NaN,NaN,NaN,NaN,NaN,NaN,NaN,NaN
NaN,NaN,0.00061347040658196,-0.0111394809840325,-0.00281432555736198,-0.0227622314268956,-0.0235906827971727,-0.0136635768625032,0.0579067026313472,NaN,NaN,NaN,NaN,NaN,NaN,NaN,NaN,NaN
NaN,NaN,-0.00158132162565986,-0.00577478355747492,-0.00337596894920959,-0.0254186800593743,-0.0270460199341566,-0.0101466979297887,0.0553697985645461,NaN,NaN,NaN,NaN,NaN,NaN,NaN,NaN,NaN
NaN,NaN,0.00170850086336335,-0.0115451837239865,-0.00185342417777671,-0.0218672118062386,-0.0278732392713816,-0.0137973706635724,0.0567300883170295,NaN,NaN,NaN,NaN,NaN,NaN,NaN,NaN,NaN
NaN,NaN,0.00138272422676285,-0.00674935675245554,-0.00427896069110526,-0.0252413189882645,-0.0231134544834883,-0.0142205263885747,0.0525591787930656,NaN,NaN,NaN,NaN,NaN,NaN,NaN,NaN,NaN
NaN,NaN,-0.000523562698314585,-0.00700139126759798,-0.00231563957155837,-0.0244433059269795,-0.0296312223896772,-0.0127435605439435,0.0538109508391547,NaN,NaN,NaN,NaN,NaN,NaN,NaN,NaN,NaN
NaN,NaN,0.00425242710237702,-0.0086427541731003,-0.00237053172410621,-0.0225565954024205,-0.024652111135462,-0.018638776561905,0.0536967148121524,NaN,NaN,NaN,NaN,NaN,NaN,NaN,NaN,NaN
NaN,NaN,0.00185257646565636,-0.00314076117259295,-0.00229395838202133,-0.0249577312642941,-0.0270775917694361,-0.0144998486551534,0.0510617238517928,NaN,NaN,NaN,NaN,NaN,NaN,NaN,NaN,NaN
NaN,NaN,0.00564115944628914,-0.00789862743598254,-0.00120853917420997,-0.0222288071090588,-0.0286799881384165,-0.0169829409035932,0.0523293470081019,NaN,NaN,NaN,NaN,NaN,NaN,NaN,NaN,NaN
NaN,NaN,0.00501063543682297,-0.00309177360516818,-0.00338336365045204,-0.02408608784026,-0.0238077554628641,-0.0186259801897298,0.0484019783374,NaN,NaN,NaN,NaN,NaN,NaN,NaN,NaN,NaN
NaN,NaN,0.00364656451468667,-0.00376014656406672,-0.00142007978380813,-0.0240539013320813,-0.0299472201392443,-0.0180205087575208,0.0498606530066657,NaN,NaN,NaN,NaN,NaN,NaN,NaN,NaN,NaN
NaN,NaN,0.00900828170900544,-0.00485906994921,-0.000917407737385171,-0.0210271588439355,-0.0249029535577089,-0.022581810078312,0.0492067900534797,NaN,NaN,NaN,NaN,NaN,NaN,NaN,NaN,NaN
NaN,NaN,0.0066340610695382,0.00110355519670217,-0.00186502845705642,-0.023972354727448,-0.0265765774771959,-0.0193621161791574,0.0474437032874751,NaN,NaN,NaN,NaN,NaN,NaN,NaN,NaN,NaN
NaN,NaN,0.00983749407654008,-0.00377592316848071,6.07976156364507e-05,-0.0211152992123971,-0.0278377558812887,-0.0229897293659936,0.0491420258816409,NaN,NaN,NaN,NaN,NaN,NaN,NaN,NaN,NaN
NaN,NaN,0.00980802703027924,-7.15317485931633e-05,-0.00226315023125305,-0.0231567769224057,-0.0229827340469152,-0.024119758925129,0.0455055092509914,NaN,NaN,NaN,NaN,NaN,NaN,NaN,NaN,NaN
NaN,NaN,0.00884546789651116,0.00105566658991544,-0.0010120301109661,-0.021889284151257,-0.0291423711702616,-0.0236460323843251,0.0463668895002532,NaN,NaN,NaN,NaN,NaN,NaN,NaN,NaN,NaN
NaN,NaN,0.0142110221398373,-0.000903985118687463,-2.81623166908198e-05,-0.0191387905651936,-0.0233236353621275,-0.0293725113782178,0.0469270055230785,NaN,NaN,NaN,NaN,NaN,NaN,NaN,NaN,NaN
NaN,NaN,0.0122120499921342,0.00524561234730451,-0.00169176520527496,-0.0217179394239793,-0.0241111431047708,-0.0244141313645135,0.0444558900829482,NaN,NaN,NaN,NaN,NaN,NaN,NaN,NaN,NaN
NaN,NaN,0.0149891235244771,0.000842635864197898,-0.000119972096096414,-0.0186180881137261,-0.0277314174697191,-0.0276204142185937,0.0458675329621959,NaN,NaN,NaN,NaN,NaN,NaN,NaN,NaN,NaN
NaN,NaN,0.0156304136229058,0.00521305331009595,-0.00212684185923232,-0.0200542434031377,-0.0212996106371672,-0.030262203833748,0.0426010121639896,NaN,NaN,NaN,NaN,NaN,NaN,NaN,NaN,NaN
NaN,NaN,0.0138732500684758,0.00586151459234922,0.000195280595410926,-0.0198164953762898,-0.0267162758633882,-0.0274231042179357,0.0439809900757003,NaN,NaN,NaN,NaN,NaN,NaN,NaN,NaN,NaN
NaN,NaN,0.0190165907454987,0.0034862694980499,0.000643712415088279,-0.0158760695630917,-0.0227030951306612,-0.0310159604462873,0.0438224044676948,NaN,NaN,NaN,NaN,NaN,NaN,NaN,NaN,NaN
NaN,NaN,0.0178746775103112,0.010029052728593,-0.00187497498215331,-0.0183371080929646,-0.0232506569251806,-0.0263235289069902,0.0415660892661739,NaN,NaN,NaN,NaN,NaN,NaN,NaN,NaN,NaN
NaN,NaN,0.0197524473381539,0.00644215696471899,-6.75945145000392e-05,-0.0147075577551732,-0.0256326820478231,-0.0302227530094873,0.0431417007979083,NaN,NaN,NaN,NaN,NaN,NaN,NaN,NaN,NaN
NaN,NaN,0.0198973052514096,0.00977467128056257,-0.00191349448383941,-0.0159423611039529,-0.0195529710278303,-0.0312250237378369,0.0400533792611289,NaN,NaN,NaN,NaN,NaN,NaN,NaN,NaN,NaN
NaN,NaN,0.0182038627875348,0.0113401313962337,0.000747722520221336,-0.0158189049834618,-0.025430678181389,-0.0281171258005391,0.0414060135420489,NaN,NaN,NaN,NaN,NaN,NaN,NaN,NaN,NaN
NaN,NaN,0.0249146752369901,0.00932411604541509,0.00113723887382851,-0.0117756984109292,-0.0207087237164766,-0.031965946725298,0.0416811448570419,NaN,NaN,NaN,NaN,NaN,NaN,NaN,NaN,NaN
NaN,NaN,0.0219166547370454,0.015642152512252,-0.000811888889681237,-0.0137770361179719,-0.0210521023497373,-0.0280335489126931,0.0390099999543357,NaN,NaN,NaN,NaN,NaN,NaN,NaN,NaN,NaN
NaN,NaN,0.0232427276981374,0.0110064198912975,0.0020322212415825,-0.0107242352241883,-0.0251550998315603,-0.0314316655906926,0.0402829502757716,NaN,NaN,NaN,NaN,NaN,NaN,NaN,NaN,NaN
NaN,NaN,0.024609573961546,0.0144740318598148,0.00227600423871384,-0.0115417688066373,-0.0175355214402468,-0.033327205053259,0.0377076943453479,NaN,NaN,NaN,NaN,NaN,NaN,NaN,NaN,NaN
NaN,NaN,0.0229352236104508,0.0164829132797119,0.0057357372182499,-0.0118797643954167,-0.0230455238148958,-0.029025724104334,0.0381414485212493,NaN,NaN,NaN,NaN,NaN,NaN,NaN,NaN,NaN
NaN,NaN,0.0291393220735093,0.0136966196538803,0.00698966993271218,-0.00727385272330139,-0.0188469167575628,-0.0332746225806962,0.0388998617466617,NaN,NaN,NaN,NaN,NaN,NaN,NaN,NaN,NaN
NaN,NaN,0.0252349011910458,0.0208283899070617,0.00732917426406251,-0.0101402959699044,-0.0189214225635321,-0.0295058767709027,0.035235647582643,NaN,NaN,NaN,NaN,NaN,NaN,NaN,NaN,NaN
NaN,NaN,0.0266800344300767,0.0173426357747909,0.0118102887111794,-0.00701129426306579,-0.0220503311381132,-0.0314460079583417,0.0366516863044429,NaN,NaN,NaN,NaN,NaN,NaN,NaN,NaN,NaN
NaN,NaN,0.0285530917656918,0.0190797386409637,0.0128396609264504,-0.00854667265957687,-0.0149955440089495,-0.0331084187540303,0.0341819119688201,NaN,NaN,NaN,NaN,NaN,NaN,NaN,NaN,NaN
NaN,NaN,0.0278972730350991,0.0224268002154228,0.0170799353557716,-0.00879354764765594,-0.0205003496036322,-0.0291866007658731,0.0341600817676711,NaN,NaN,NaN,NaN,NaN,NaN,NaN,NaN,NaN
NaN,NaN,0.0334413431895276,0.0199896035434601,0.0189929091769348,-0.00460224215930793,-0.0162770066187174,-0.0338934678050767,0.0355437849696803,NaN,NaN,NaN,NaN,NaN,NaN,NaN,NaN,NaN
NaN,NaN,0.0300915994060536,0.0259676886441109,0.0193856292801987,-0.00697847445553634,-0.0159271459803373,-0.0301982033464204,0.031720184260242,NaN,NaN,NaN,NaN,NaN,NaN,NaN,NaN,NaN
NaN,NaN,0.0309922442150613,0.0218465862514374,0.0240384423571716,-0.00546297048276756,-0.0198514040336401,-0.0318844373735677,0.0327793587979007,NaN,NaN,NaN,NaN,NaN,NaN,NaN,NaN,NaN
NaN,NaN,0.0348544016790887,0.025310882711589,0.0241296560901295,-0.00671235834306572,-0.0121644910201818,-0.0332843828412782,0.029416949027412,NaN,NaN,NaN,NaN,NaN,NaN,NaN,NaN,NaN
NaN,NaN,0.0335646689248582,0.0282343974055645,0.026618261768211,-0.00637192268914077,-0.0179361019060404,-0.0296298544320356,0.0306775872644115,NaN,NaN,NaN,NaN,NaN,NaN,NaN,NaN,NaN
NaN,NaN,0.0382667489660283,0.0243659442009327,0.0282611147898327,-0.00258857374137733,-0.0142831939980776,-0.0339245367261659,0.0318045434590507,NaN,NaN,NaN,NaN,NaN,NaN,NaN,NaN,NaN
NaN,NaN,0.0350730389667054,0.0308968065025207,0.0276749031084667,-0.00579446543997619,-0.0126163128540308,-0.030242832324196,0.0279416781898666,NaN,NaN,NaN,NaN,NaN,NaN,NaN,NaN,NaN
NaN,NaN,0.0372699544144173,0.02803813048619,0.0304518462556492,-0.00315837551897857,-0.0167875017747671,-0.0313647780033837,0.0294177499648261,NaN,NaN,NaN,NaN,NaN,NaN,NaN,NaN,NaN
NaN,NaN,0.0402810879362126,0.0299349365474579,0.0297749051290642,-0.00399138768261764,-0.010217970959881,-0.0329133439275514,0.0267203417655158,NaN,NaN,NaN,NaN,NaN,NaN,NaN,NaN,NaN
NaN,NaN,0.0379429653597375,0.0338504401685592,0.0311609925168644,-0.00439083193487022,-0.0155377041325361,-0.0295261423501264,0.0272966255482364,NaN,NaN,NaN,NaN,NaN,NaN,NaN,NaN,NaN
NaN,NaN,0.0423580676627656,0.0301827242316601,0.0313752898412834,0.000109821659862064,-0.0130951989218981,-0.0325916837367307,0.0283118602868247,NaN,NaN,NaN,NaN,NaN,NaN,NaN,NaN,NaN
NaN,NaN,0.0404978253257771,0.0358015982152817,0.0296140843468796,-0.00252911810821388,-0.0106810245439798,-0.029470058104683,0.0259400238331485,NaN,NaN,NaN,NaN,NaN,NaN,NaN,NaN,NaN
NaN,NaN,0.0422030397069951,0.0328450588228103,0.0319549263852726,-0.00135255967325065,-0.0147818427309782,-0.0294357668074857,0.026082870089643,NaN,NaN,NaN,NaN,NaN,NaN,NaN,NaN,NaN
NaN,NaN,0.0448545523298283,0.0356935461701748,0.0304819652277123,-0.0012437066907296,-0.00737747436020679,-0.0316738839658986,0.0235874098774123,NaN,NaN,NaN,NaN,NaN,NaN,NaN,NaN,NaN
NaN,NaN,0.0425393775415917,0.0392033470513222,0.0305790649193417,-0.000671930509270169,-0.013194552414158,-0.0276490244480859,0.024389911913507,NaN,NaN,NaN,NaN,NaN,NaN,NaN,NaN,NaN
NaN,NaN,0.0467346318376561,0.0348207292796966,0.0308840544360767,0.00343613336735871,-0.00960611065481013,-0.0310938003870736,0.0252414573963809,NaN,NaN,NaN,NaN,NaN,NaN,NaN,NaN,NaN
NaN,NaN,0.0440295681667825,0.0411169727982876,0.0286239208119999,-6.6645341576077e-05,-0.00704100614044971,-0.0269429888042699,0.0204559867318797,NaN,NaN,NaN,NaN,NaN,NaN,NaN,NaN,NaN
NaN,NaN,0.0455914520037671,0.038127092057645,0.0305766807335506,0.00289639468246605,-0.0121334779784471,-0.0261705312344323,0.0213364777203727,NaN,NaN,NaN,NaN,NaN,NaN,NaN,NaN,NaN
NaN,NaN,0.0483085669887563,0.0398557385148403,0.0290231601732861,0.00349206860119011,-0.0057207632586748,-0.0291003789219152,0.0193952661987472,NaN,NaN,NaN,NaN,NaN,NaN,NaN,NaN,NaN
NaN,NaN,0.0452797569644948,0.043834702456176,0.0295002022224556,0.00359121720248368,-0.00959741210196323,-0.0245494152817021,0.0194215108688998,NaN,NaN,NaN,NaN,NaN,NaN,NaN,NaN,NaN
NaN,NaN,0.0496336341214677,0.0396146004738209,0.0303968982237469,0.00862875963503029,-0.00602558513734645,-0.0280518773409616,0.0202372190591025,NaN,NaN,NaN,NaN,NaN,NaN,NaN,NaN,NaN
NaN,NaN,0.0474193215680619,0.0452013065757152,0.0296116070288311,0.00574408109241631,-0.00360241418335742,-0.0239449124249707,0.0156519268687892,NaN,NaN,NaN,NaN,NaN,NaN,NaN,NaN,NaN
NaN,NaN,0.0477616571200391,0.0432371658923027,0.0325793036657463,0.00732878233247902,-0.00884961595390147,-0.0244443248423825,0.0164030757781196,NaN,NaN,NaN,NaN,NaN,NaN,NaN,NaN,NaN
NaN,NaN,0.0497347385001679,0.04432265960592,0.0315562830704342,0.00870680446678307,-0.00128560026738948,-0.0273228380295526,0.0146250878509212,NaN,NaN,NaN,NaN,NaN,NaN,NaN,NaN,NaN
NaN,NaN,0.047098257423689,0.0478480508269665,0.0329330944853912,0.0095064939087024,-0.00484068205211467,-0.021875848940302,0.0151423257824111,NaN,NaN,NaN,NaN,NaN,NaN,NaN,NaN,NaN
NaN,NaN,0.0502088561964532,0.0425154840292331,0.0349806444185864,0.0139625744050136,-0.00257363801453418,-0.0255241933676492,0.0158304800327945,NaN,NaN,NaN,NaN,NaN,NaN,NaN,NaN,NaN
NaN,NaN,0.0486889750075837,0.0491420117856857,0.0349078708726059,0.0105798431759467,0.000475977756044206,-0.0221352409037839,0.0100617562469173,NaN,NaN,NaN,NaN,NaN,NaN,NaN,NaN,NaN
NaN,NaN,0.0484263979208966,0.0469686029197571,0.0382957057493816,0.0127370842819801,-0.00527816151831454,-0.0225027035388242,0.0118430410560298,NaN,NaN,NaN,NaN,NaN,NaN,NaN,NaN,NaN
NaN,NaN,0.0510783762050172,0.047796995723426,0.0384259977775704,0.0147883595054736,0.0024051379635542,-0.0250974799904119,0.0112511669334102,NaN,NaN,NaN,NaN,NaN,NaN,NaN,NaN,NaN
NaN,NaN,0.0473829441082974,0.0510262636186477,0.0401280829149376,0.0142564253037563,-0.000414608769157591,-0.0204337145599614,0.0110024106737304,NaN,NaN,NaN,NaN,NaN,NaN,NaN,NaN,NaN
NaN,NaN,0.0510957174313565,0.0463367378057834,0.0423010633724819,0.0192956627433887,0.000773349054118929,-0.0230122487458478,0.00988936843835593,NaN,NaN,NaN,NaN,NaN,NaN,NaN,NaN,NaN
NaN,NaN,0.049195744873335,0.0521084045709965,0.0419852146345268,0.0165935793047538,0.00437881539013082,-0.0208827424260865,0.00560785504543067,NaN,NaN,NaN,NaN,NaN,NaN,NaN,NaN,NaN
NaN,NaN,0.0478372060072919,0.0511150186600086,0.0463000880020748,0.0182437711482635,-0.00127041970942325,-0.0202287677141915,0.00801115157567741,NaN,NaN,NaN,NaN,NaN,NaN,NaN,NaN,NaN
NaN,NaN,0.051144202084591,0.0506228891851303,0.0464418725508343,0.0207980536943069,0.0075439524128645,-0.0226879435989152,0.00786981406175376,NaN,NaN,NaN,NaN,NaN,NaN,NaN,NaN,NaN
NaN,NaN,0.0476504013252755,0.0538741362931129,0.0478805237847458,0.0207329914992442,0.00436067322637731,-0.0170570369276296,0.00615796866380454,NaN,NaN,NaN,NaN,NaN,NaN,NaN,NaN,NaN
NaN,NaN,0.0507175073338052,0.049944308930814,0.0499310166972767,0.0247314573352924,0.00472817311432057,-0.0197469014140855,0.00682961987816573,NaN,NaN,NaN,NaN,NaN,NaN,NaN,NaN,NaN
NaN,NaN,0.0487742469025155,0.0555179020108578,0.0497060277897011,0.0218291022902122,0.00864537174250775,-0.0177335310193788,0.0024882038172412,NaN,NaN,NaN,NaN,NaN,NaN,NaN,NaN,NaN
NaN,NaN,0.0476576656413575,0.0537242119850513,0.053731762750734,0.0236938522284618,0.0038297821059435,-0.0154039952370416,0.00501287030541183,NaN,NaN,NaN,NaN,NaN,NaN,NaN,NaN,NaN
NaN,NaN,0.0510682434154054,0.0523455938042995,0.0523504437345158,0.0265599043195834,0.0117185499742239,-0.0183195378097783,0.00400758209192039,NaN,NaN,NaN,NaN,NaN,NaN,NaN,NaN,NaN
NaN,NaN,0.0472998142552873,0.0567661722840664,0.053844359650005,0.0257412345235934,0.0076200042143076,-0.0124951395603906,0.0024845716592002,NaN,NaN,NaN,NaN,NaN,NaN,NaN,NaN,NaN
NaN,NaN,0.0507461734426518,0.0519867552163002,0.055328925086845,0.0299895555799594,0.00848266968872243,-0.0154011453899633,0.00270995172225715,NaN,NaN,NaN,NaN,NaN,NaN,NaN,NaN,NaN
NaN,NaN,0.0482539356065293,0.0573094127418396,0.0557041735786091,0.0267007389193168,0.0126295883431643,-0.0126021112713109,-0.000382802909977424,NaN,NaN,NaN,NaN,NaN,NaN,NaN,NaN,NaN
NaN,NaN,0.0473355397892495,0.0562195604385731,0.0585119621294628,0.0286025741224876,0.00821504483368092,-0.0109726320418607,0.00223460468017341,NaN,NaN,NaN,NaN,NaN,NaN,NaN,NaN,NaN
NaN,NaN,0.0510010205519696,0.0535100450457928,0.0581222967642437,0.0324675069277873,0.0154825646653383,-0.0137234236511479,0.000858799093596948,NaN,NaN,NaN,NaN,NaN,NaN,NaN,NaN,NaN
NaN,NaN,0.0468721136761208,0.0574038861038086,0.0586267942029129,0.03178903843218,0.0129493672623842,-0.00833648624150859,-0.000819332427151191,NaN,NaN,NaN,NaN,NaN,NaN,NaN,NaN,NaN
NaN,NaN,0.0494055532229443,0.0535704506279823,0.0603536525207649,0.0346667320554843,0.0126272041573732,-0.0106127689990293,0.000790160619847787,NaN,NaN,NaN,NaN,NaN,NaN,NaN,NaN,NaN
NaN,NaN,0.0474764302683373,0.0588223090113994,0.0600668796735893,0.0313531422143569,0.0173265274837225,-0.00849319057791339,-0.00238997069633721,NaN,NaN,NaN,NaN,NaN,NaN,NaN,NaN,NaN
NaN,NaN,0.0472512923491498,0.0567426657022831,0.0619065397816788,0.0344732218509307,0.0127467487230509,-0.00670199649660693,-0.000644579059250342,NaN,NaN,NaN,NaN,NaN,NaN,NaN,NaN,NaN
NaN,NaN,0.049815782190611,0.0539229189695713,0.0602208645480763,0.0378507004206767,0.0200286668017119,-0.0096571761581193,-0.00249927071369408,NaN,NaN,NaN,NaN,NaN,NaN,NaN,NaN,NaN
NaN,NaN,0.0451258093429108,0.0588479948880073,0.0606450261014591,0.0359492191200843,0.0160335537269323,-0.00445966976015673,-0.00427977321184396,NaN,NaN,NaN,NaN,NaN,NaN,NaN,NaN,NaN
NaN,NaN,0.0479247875822087,0.0533504349829551,0.0626733349102627,0.0386678801005473,0.0156200837567061,-0.00701153086750613,-0.00315335718429803,NaN,NaN,NaN,NaN,NaN,NaN,NaN,NaN,NaN
NaN,NaN,0.0467618078303834,0.058353481227338,0.0612648026484142,0.0363393501465907,0.0221047897114962,-0.00507437991230593,-0.0060160192612481,NaN,NaN,NaN,NaN,NaN,NaN,NaN,NaN,NaN
NaN,NaN,0.0456414640260239,0.0582380158545372,0.062125158442844,0.0388336741452804,0.0165244352295607,-0.0035783778342496,-0.00444268015659569,NaN,NaN,NaN,NaN,NaN,NaN,NaN,NaN,NaN
NaN,NaN,0.0487701304567357,0.0549671364666817,0.0613907547134052,0.0424985029821983,0.0227090504243582,-0.00782697828738795,-0.00628610280788659,NaN,NaN,NaN,NaN,NaN,NaN,NaN,NaN,NaN
NaN,NaN,0.0440660573852559,0.0583741565884945,0.0616490849691521,0.04013650129491,0.0202072572186201,-0.00236467825501071,-0.00722917867339371,NaN,NaN,NaN,NaN,NaN,NaN,NaN,NaN,NaN
NaN,NaN,0.0465897552979489,0.05425653734225,0.0626272530692707,0.0422453508799663,0.0195137199237555,-0.0047307777616273,-0.00467241880930184,NaN,NaN,NaN,NaN,NaN,NaN,NaN,NaN,NaN
NaN,NaN,0.0457638584387799,0.0570907568277714,0.0604705335038792,0.0407172926788917,0.0254521865620821,-0.00344186457126246,-0.00832622078693627,NaN,NaN,NaN,NaN,NaN,NaN,NaN,NaN,NaN
NaN,NaN,0.0442980498385926,0.0561751922311184,0.0610760421889912,0.0434035063808551,0.0204412054493635,-0.00135281490414248,-0.00701869977153062,NaN,NaN,NaN,NaN,NaN,NaN,NaN,NaN,NaN
NaN,NaN,0.0467761129451295,0.0529272978844044,0.0602573165136467,0.0465087779884925,0.0259059641733378,-0.00541746052234278,-0.0078851091626954,NaN,NaN,NaN,NaN,NaN,NaN,NaN,NaN,NaN
NaN,NaN,0.0427423686099549,0.0579471824409363,0.0609313332873474,0.0423982926731696,0.0236175183429926,-1.05183038006849e-05,-0.0093777957323861,NaN,NaN,NaN,NaN,NaN,NaN,NaN,NaN,NaN
NaN,NaN,0.0451803662193318,0.0527670358957645,0.0622165398138653,0.0454629586165538,0.0231143247559279,-0.00218215765683757,-0.00750516680515527,NaN,NaN,NaN,NaN,NaN,NaN,NaN,NaN,NaN
NaN,NaN,0.0451186567855378,0.0560790797414181,0.0595936187940727,0.0448461250489345,0.0298492584600657,-9.82675167809552e-05,-0.009862456000216,NaN,NaN,NaN,NaN,NaN,NaN,NaN,NaN,NaN
NaN,NaN,0.0423661887956162,0.0560569142641422,0.0601038345533501,0.0466695987706771,0.0239842172935217,0.00220077676446332,-0.0092634851995778,NaN,NaN,NaN,NaN,NaN,NaN,NaN,NaN,NaN
NaN,NaN,0.0448593952072163,0.0523379755856392,0.0604216576951634,0.0484001451259246,0.0293095011487215,-0.00190020906059848,-0.00982784805334328,NaN,NaN,NaN,NaN,NaN,NaN,NaN,NaN,NaN
NaN,NaN,0.0403364457500478,0.0572436799945232,0.0604212479132305,0.0449718908494106,0.0284895275011271,0.00367561919362439,-0.0103560010854077,NaN,NaN,NaN,NaN,NaN,NaN,NaN,NaN,NaN
NaN,NaN,0.0428764418077966,0.053051573568761,0.0609324881273399,0.0485268422489753,0.0276091296448916,0.00196988327176465,-0.0082924882832837,NaN,NaN,NaN,NaN,NaN,NaN,NaN,NaN,NaN
NaN,NaN,0.0424456864905854,0.0549095807315704,0.0588588611620556,0.0478987210517516,0.0335388418510168,0.00354728294284238,-0.0109144221011472,NaN,NaN,NaN,NaN,NaN,NaN,NaN,NaN,NaN
NaN,NaN,0.0389406539810201,0.0536647936047909,0.0607081883984696,0.0487244688993087,0.0275588941052168,0.00621663970620527,-0.0104672941330743,NaN,NaN,NaN,NaN,NaN,NaN,NaN,NaN,NaN
NaN,NaN,0.0419130817366143,0.0505891380550262,0.0610554599600922,0.0506994315510383,0.0333912644758432,0.00280999211342229,-0.0105577069286179,NaN,NaN,NaN,NaN,NaN,NaN,NaN,NaN,NaN
NaN,NaN,0.0380120694947739,0.0562236768843529,0.0600139432984482,0.0468670205300441,0.0329179849698751,0.00790602160365476,-0.0120685356620622,NaN,NaN,NaN,NaN,NaN,NaN,NaN,NaN,NaN
NaN,NaN,0.0409722037923833,0.0513160539509651,0.0614500613349568,0.0501680002635112,0.0317712661102026,0.00760190753013982,-0.00949931470192193,NaN,NaN,NaN,NaN,NaN,NaN,NaN,NaN,NaN
NaN,NaN,0.040386625410368,0.0529558336080906,0.0584126831430088,0.0503634289925685,0.0377661708965509,0.00804830906660451,-0.0120425517622304,NaN,NaN,NaN,NaN,NaN,NaN,NaN,NaN,NaN
NaN,NaN,0.0365885801923772,0.052890585148513,0.0598463611143719,0.0504608080809703,0.03288933748748,0.0110597219851722,-0.0115812863174748,NaN,NaN,NaN,NaN,NaN,NaN,NaN,NaN,NaN
NaN,NaN,0.0393235579443475,0.0493558434488174,0.0601183259326111,0.0513124839490047,0.0379474248960226,0.00744077009827985,-0.0117778512600732,NaN,NaN,NaN,NaN,NaN,NaN,NaN,NaN,NaN
NaN,NaN,0.0360723294628163,0.0547463012577888,0.0593661898213516,0.0482792594557395,0.0377401869967192,0.0130274389472712,-0.0129572222892117,NaN,NaN,NaN,NaN,NaN,NaN,NaN,NaN,NaN
NaN,NaN,0.0392759301078816,0.0499769424738285,0.0597009444075714,0.0522966683929553,0.0363634687140196,0.0128489602890719,-0.0101454104248357,NaN,NaN,NaN,NaN,NaN,NaN,NaN,NaN,NaN
NaN,NaN,0.0379178196502229,0.0510964667143223,0.0576827125090252,0.0517376327043166,0.0422693576886862,0.0128685739424933,-0.0129121649030518,NaN,NaN,NaN,NaN,NaN,NaN,NaN,NaN,NaN
NaN,NaN,0.0340765983176728,0.0510541846694347,0.0592657001155506,0.0513984077697387,0.0381651308610647,0.0155345593181361,-0.0115536446634602,NaN,NaN,NaN,NaN,NaN,NaN,NaN,NaN,NaN
NaN,NaN,0.0368012011361619,0.0478534338714477,0.0596836031812321,0.0534393639391055,0.0425163816883772,0.0116895009365786,-0.011192235625155,NaN,NaN,NaN,NaN,NaN,NaN,NaN,NaN,NaN
NaN,NaN,0.0338814676118394,0.0519042772890922,0.0592774720328938,0.0499217585747829,0.0425646800770968,0.0183231812504043,-0.0122339571777654,NaN,NaN,NaN,NaN,NaN,NaN,NaN,NaN,NaN
NaN,NaN,0.0363269716811677,0.0471065317930576,0.0603586630362164,0.0544616953557124,0.0398553695752829,0.0174265783813704,-0.0093266847494912,NaN,NaN,NaN,NaN,NaN,NaN,NaN,NaN,NaN
NaN,NaN,0.0355381228340169,0.0480556240023968,0.0585901000934731,0.053133107823669,0.0470788192227095,0.0165734310236682,-0.0118975820902657,NaN,NaN,NaN,NaN,NaN,NaN,NaN,NaN,NaN
NaN,NaN,0.03129203695183,0.048633789056718,0.0604110964971672,0.0522354059939971,0.0418223973586767,0.0196512099889029,-0.0104770730201077,NaN,NaN,NaN,NaN,NaN,NaN,NaN,NaN,NaN
NaN,NaN,0.0342378475082417,0.0450688538791534,0.0607963846462856,0.0537444093351951,0.0463100124373644,0.0171823856023063,-0.00979573605097054,NaN,NaN,NaN,NaN,NaN,NaN,NaN,NaN,NaN
NaN,NaN,0.0312671520126363,0.049683929765403,0.0604126797455441,0.051249992204248,0.0477562260105818,0.0221026000169028,-0.0114256064359021,NaN,NaN,NaN,NaN,NaN,NaN,NaN,NaN,NaN
NaN,NaN,0.0326491043282052,0.0446310205103752,0.0606011235552918,0.0552375615661731,0.0453891765549391,0.0216203425613154,-0.00835442123449563,NaN,NaN,NaN,NaN,NaN,NaN,NaN,NaN,NaN
NaN,NaN,0.0319481350791951,0.0450713125707504,0.0589103819268833,0.0534380600875011,0.0521495353653639,0.0212007072356452,-0.0106196398798299,NaN,NaN,NaN,NaN,NaN,NaN,NaN,NaN,NaN
NaN,NaN,0.0273547217560311,0.0463244816007015,0.0607290872770439,0.0517820009117713,0.0468020860328882,0.0242205951896418,-0.00997233343756913,NaN,NaN,NaN,NaN,NaN,NaN,NaN,NaN,NaN
NaN,NaN,0.0313914835763474,0.0425890398861763,0.060978309198011,0.0541642495518317,0.0510530520453661,0.0204560217049827,-0.00808986974395036,NaN,NaN,NaN,NaN,NaN,NaN,NaN,NaN,NaN
NaN,NaN,0.0278154097807904,0.0460324002148506,0.0590719291406761,0.0518419035797706,0.0517741937413424,0.0265420284655799,-0.0095422486726117,NaN,NaN,NaN,NaN,NaN,NaN,NaN,NaN,NaN
NaN,NaN,0.0296231068981191,0.0417859976829883,0.0601008356946598,0.0541384705429664,0.0497166972830504,0.0258403327849616,-0.00675675598419427,NaN,NaN,NaN,NaN,NaN,NaN,NaN,NaN,NaN
NaN,NaN,0.0290912658286591,0.0419601550044414,0.0584144712823521,0.0532943383877864,0.0565382626130789,0.0242183413890113,-0.00917994556463479,NaN,NaN,NaN,NaN,NaN,NaN,NaN,NaN,NaN
NaN,NaN,0.0248804398191472,0.0425265853943226,0.0593912237721573,0.0524580479686847,0.0513551172092169,0.0283423867610206,-0.00747461942470788,NaN,NaN,NaN,NaN,NaN,NaN,NaN,NaN,NaN
NaN,NaN,0.0282174058568974,0.0388300915898678,0.0597008885282169,0.0554590114479652,0.0547000181153029,0.0250196513322104,-0.00607549352086304,NaN,NaN,NaN,NaN,NaN,NaN,NaN,NaN,NaN
NaN,NaN,0.025382199169447,0.04290699341315,0.058850702776302,0.0529721566563239,0.0564651724174231,0.0301606450763453,-0.0080192754927945,NaN,NaN,NaN,NaN,NaN,NaN,NaN,NaN,NaN
NaN,NaN,0.0264155574453374,0.0382460219504234,0.0595344984370361,0.0551999175077071,0.0535349522009104,0.0289004725006331,-0.00456527946031808,NaN,NaN,NaN,NaN,NaN,NaN,NaN,NaN,NaN
NaN,NaN,0.0266945816886922,0.0384781820418236,0.0572786861497055,0.0543068909173599,0.0592532355561464,0.0281215701785792,-0.00626449612415551,NaN,NaN,NaN,NaN,NaN,NaN,NaN,NaN,NaN
NaN,NaN,0.0227746263456841,0.040205319756448,0.0584689536529671,0.0529616699641338,0.054473092056772,0.0315267835345973,-0.00541473878062486,NaN,NaN,NaN,NaN,NaN,NaN,NaN,NaN,NaN
NaN,NaN,0.0254537992489835,0.0354698797406551,0.0577978053527962,0.0567639806395164,0.0574248817041128,0.0280296113875617,-0.00346820009387254,NaN,NaN,NaN,NaN,NaN,NaN,NaN,NaN,NaN
NaN,NaN,0.0227267936182519,0.0397444454671737,0.056020394845594,0.0534240343695274,0.0592013422622889,0.0325138178256263,-0.00519103509820222,NaN,NaN,NaN,NaN,NaN,NaN,NaN,NaN,NaN
NaN,NaN,0.0240701332998772,0.0353725565316078,0.0571042680579315,0.0553803891962161,0.0559399996175974,0.0316945892360915,-0.00257217464483498,NaN,NaN,NaN,NaN,NaN,NaN,NaN,NaN,NaN
NaN,NaN,0.0240421563697358,0.0354473044814464,0.0550910280483852,0.0547933579509845,0.061195657797119,0.0294890311148871,-0.00464529869592904,NaN,NaN,NaN,NaN,NaN,NaN,NaN,NaN,NaN
NaN,NaN,0.0202345930350324,0.0360169386209842,0.0544095048147331,0.0535325520759216,0.0554269526376932,0.0333815683212985,-0.00326185626424073,NaN,NaN,NaN,NaN,NaN,NaN,NaN,NaN,NaN
NaN,NaN,0.0239554502380391,0.0322880161644813,0.0554170095759522,0.0563173369591823,0.0583757434263437,0.0304526892092933,-0.00220605311430215,NaN,NaN,NaN,NaN,NaN,NaN,NaN,NaN,NaN
NaN,NaN,0.0205084018719693,0.0365648356916305,0.0525772021549831,0.0538438559597125,0.0611513268425673,0.0344367940512408,-0.0041883545879197,NaN,NaN,NaN,NaN,NaN,NaN,NaN,NaN,NaN
NaN,NaN,0.0221247494531175,0.0320809086503383,0.0534359560745846,0.0563626923685661,0.0562878858521193,0.0330502223757018,-0.00147468549645661,NaN,NaN,NaN,NaN,NaN,NaN,NaN,NaN,NaN
NaN,NaN,0.0220753893566628,0.0323483658673164,0.0506420256036411,0.0552093052392593,0.0619937826171129,0.0315138008979072,-0.00346717563904046,NaN,NaN,NaN,NaN,NaN,NaN,NaN,NaN,NaN
NaN,NaN,0.0178062439275285,0.0341323701383468,0.0516869322794567,0.0536477939313045,0.0565356735363215,0.0359211918500174,-0.00264424038565873,NaN,NaN,NaN,NaN,NaN,NaN,NaN,NaN,NaN
NaN,NaN,0.0211711123896142,0.0289593761505482,0.0511693776982914,0.055312924188911,0.0590492572858542,0.0320656654027213,-0.00162712437546967,NaN,NaN,NaN,NaN,NaN,NaN,NaN,NaN,NaN
NaN,NaN,0.0187864981902142,0.0331314218880531,0.0485043050187718,0.0531187654560199,0.061120369680187,0.0349931102779616,-0.00309494463241814,NaN,NaN,NaN,NaN,NaN,NaN,NaN,NaN,NaN
NaN,NaN,0.0191565871549149,0.0299601753892299,0.049535539879192,0.0549738668923965,0.0561071347668379,0.0347616021123637,-0.000115513331062781,NaN,NaN,NaN,NaN,NaN,NaN,NaN,NaN,NaN
NaN,NaN,0.0188927620959779,0.0295227331759331,0.0466090263265263,0.0544448942964664,0.0614703048243731,0.0326846223858107,-0.001671138680346,NaN,NaN,NaN,NaN,NaN,NaN,NaN,NaN,NaN
NaN,NaN,0.014856018902113,0.0309696918072101,0.0469927684801708,0.0516867452388396,0.0566369641795366,0.0373401362982501,-0.00101310340202569,NaN,NaN,NaN,NaN,NaN,NaN,NaN,NaN,NaN
NaN,NaN,0.0193194382203122,0.0269345877410766,0.0467652650016438,0.0549061411147704,0.0590781469121187,0.0342239682164897,0.000442740046613229,NaN,NaN,NaN,NaN,NaN,NaN,NaN,NaN,NaN
NaN,NaN,0.0164251111758252,0.0317805012406704,0.0438538575011383,0.0516429358249297,0.0612896468713491,0.0370619688716639,-0.000136766112215506,NaN,NaN,NaN,NaN,NaN,NaN,NaN,NaN,NaN
NaN,NaN,0.0165171072197457,0.0282154170514938,0.0442698606687676,0.0536196121101966,0.0561184037699907,0.0363711696651687,0.00198145257794143,NaN,NaN,NaN,NaN,NaN,NaN,NaN,NaN,NaN
NaN,NaN,0.0171109184933205,0.0261758764924404,0.0420922049718987,0.0527215563779464,0.0621056344583242,0.035182448157381,0.000713382386796487,NaN,NaN,NaN,NaN,NaN,NaN,NaN,NaN,NaN
NaN,NaN,0.0139373995674153,0.0293811348916885,0.0423842677312981,0.0497632474725833,0.0584074083938807,0.0409261007395495,0.0014237207409072,NaN,NaN,NaN,NaN,NaN,NaN,NaN,NaN,NaN
NaN,NaN,0.0180412538660069,0.0248466929139492,0.0419216053026806,0.0523550995712867,0.0586740646734446,0.03668048051865,0.00305707427226783,NaN,NaN,NaN,NaN,NaN,NaN,NaN,NaN,NaN
NaN,NaN,0.0152257539642354,0.0280887199284431,0.0389775270062576,0.0499594585126033,0.0617363836839407,0.0402881261494864,0.00265934365355254,NaN,NaN,NaN,NaN,NaN,NaN,NaN,NaN,NaN
NaN,NaN,0.0146181032372018,0.0248204482437965,0.0402480372625481,0.0514071622019401,0.0562529798820227,0.0403392743852843,0.00467211800181152,NaN,NaN,NaN,NaN,NaN,NaN,NaN,NaN,NaN
NaN,NaN,0.0159356825364133,0.0231706289293167,0.0371521720129143,0.0497832522814861,0.0618944663777559,0.0389979091075171,0.00298048230373145,NaN,NaN,NaN,NaN,NaN,NaN,NaN,NaN,NaN
NaN,NaN,0.0122179545772572,0.0259233390631077,0.0385126480299126,0.0472481736069312,0.0583267372324675,0.0436818097320308,0.00261804881059409,NaN,NaN,NaN,NaN,NaN,NaN,NaN,NaN,NaN
NaN,NaN,0.0164682127845784,0.0220203710438606,0.0381249756950031,0.0503921137278667,0.0584660444631784,0.0404257197466601,0.00611188682281257,NaN,NaN,NaN,NaN,NaN,NaN,NaN,NaN,NaN
NaN,NaN,0.0134116493475934,0.0250538004280922,0.0356960119146,0.0475110673432937,0.0617529798522203,0.0436874535468329,0.00460150512420417,NaN,NaN,NaN,NaN,NaN,NaN,NaN,NaN,NaN
NaN,NaN,0.0128287345481416,0.0218015661181804,0.0366632276612412,0.0476757438009372,0.056144369043371,0.0444801580694426,0.00608860375844718,NaN,NaN,NaN,NaN,NaN,NaN,NaN,NaN,NaN
NaN,NaN,0.014732674540331,0.0212843281866905,0.0338688129025589,0.047037918222486,0.0623722534849852,0.0421336349633445,0.00394574227296592,NaN,NaN,NaN,NaN,NaN,NaN,NaN,NaN,NaN
NaN,NaN,0.0119421340835591,0.0244658378602859,0.0355507814723145,0.0432833098893752,0.0577759530618399,0.0474101920214404,0.00439743372165443,NaN,NaN,NaN,NaN,NaN,NaN,NaN,NaN,NaN
NaN,NaN,0.0153498806369801,0.0196547185720798,0.0358819597798477,0.0460943394427886,0.0578234132602423,0.0430920403984298,0.00715277018510581,NaN,NaN,NaN,NaN,NaN,NaN,NaN,NaN,NaN
NaN,NaN,0.0127516396654149,0.0220956591607925,0.033483468874086,0.0438578800385585,0.0618586477115362,0.046531992086481,0.00605157437288047,NaN,NaN,NaN,NaN,NaN,NaN,NaN,NaN,NaN
NaN,NaN,0.0128858618748685,0.0207147685529587,0.035192240907539,0.0436505862599006,0.0566028777733057,0.0481478181269874,0.00643809186779739,NaN,NaN,NaN,NaN,NaN,NaN,NaN,NaN,NaN
NaN,NaN,0.0145459257376691,0.0200758440138695,0.0333092929261814,0.0422663056378951,0.0620735597088545,0.0453742649939765,0.00484698312842132,NaN,NaN,NaN,NaN,NaN,NaN,NaN,NaN,NaN
NaN,NaN,0.0112961314929028,0.0233643067719337,0.0345329949098717,0.0400518813257804,0.0582700383141249,0.0503313784089793,0.00598690333329917,NaN,NaN,NaN,NaN,NaN,NaN,NaN,NaN,NaN
NaN,NaN,0.0151323795629044,0.0186325361670849,0.0340457641917358,0.0429441222077003,0.05771504456546,0.0461740848210563,0.00905885221921684,NaN,NaN,NaN,NaN,NaN,NaN,NaN,NaN,NaN
NaN,NaN,0.0125598058414956,0.0205919457318184,0.0321220987874161,0.0398573466663947,0.0621670086159914,0.0482704546836127,0.00691582309567214,NaN,NaN,NaN,NaN,NaN,NaN,NaN,NaN,NaN
NaN,NaN,0.0119495660377045,0.0194722724797127,0.0332885989385735,0.0397756510501495,0.0568514291420191,0.0493418109205474,0.00786310853921653,NaN,NaN,NaN,NaN,NaN,NaN,NaN,NaN,NaN
NaN,NaN,0.0145495951486131,0.0182716114165184,0.0317474835950028,0.038333293152391,0.0611873503997534,0.0474925395634879,0.00675163092576743,NaN,NaN,NaN,NaN,NaN,NaN,NaN,NaN,NaN
NaN,NaN,0.0105081022096177,0.0215235663296577,0.0333179542261253,0.0362148323183646,0.0570883389785498,0.0519639496293773,0.0076713492211032,NaN,NaN,NaN,NaN,NaN,NaN,NaN,NaN,NaN
NaN,NaN,0.0131892681432267,0.0170225215794441,0.0324142919319759,0.0395533629780402,0.0566454578414171,0.0481663141933192,0.0113736544784236,NaN,NaN,NaN,NaN,NaN,NaN,NaN,NaN,NaN
NaN,NaN,0.0117995485973855,0.0189484407843944,0.0298476786750446,0.0361492485826602,0.061583125241062,0.0501369368818511,0.00990225794278861,NaN,NaN,NaN,NaN,NaN,NaN,NaN,NaN,NaN
NaN,NaN,0.0117048889709016,0.0182025259079334,0.0317308874267231,0.0353568234568229,0.0551372554376333,0.0517771822002639,0.0106138628956008,NaN,NaN,NaN,NaN,NaN,NaN,NaN,NaN,NaN
NaN,NaN,0.0127408922029038,0.0171869745196697,0.031639133526672,0.0353193097835174,0.0599090356602877,0.0496464092818011,0.0106261191006827,NaN,NaN,NaN,NaN,NaN,NaN,NaN,NaN,NaN
NaN,NaN,0.00868313837175568,0.0208959294201729,0.0310798556941639,0.0328390301292529,0.056835987813732,0.0534610506680716,0.0129275103148151,NaN,NaN,NaN,NaN,NaN,NaN,NaN,NaN,NaN
NaN,NaN,0.0126340322506924,0.0160012146176693,0.0307307028609406,0.0366806798701873,0.0559073288216799,0.0505460110095252,0.0146888648208308,NaN,NaN,NaN,NaN,NaN,NaN,NaN,NaN,NaN
NaN,NaN,0.0103940338206788,0.0178217267336246,0.0287016303676258,0.0336802938109031,0.0602213453724592,0.0525687877622355,0.0132365976508784,NaN,NaN,NaN,NaN,NaN,NaN,NaN,NaN,NaN
NaN,NaN,0.00956392738347252,0.0178204601349231,0.0306135052281509,0.0339158066635719,0.0539867926612108,0.0539413895991553,0.0148966428872275,NaN,NaN,NaN,NaN,NaN,NaN,NaN,NaN,NaN
NaN,NaN,0.0123597018731137,0.016311866575658,0.0290811443167816,0.0335046649997821,0.0573352325930803,0.051279166766714,0.0150390607353377,NaN,NaN,NaN,NaN,NaN,NaN,NaN,NaN,NaN
NaN,NaN,0.00814647305135926,0.0191278135122654,0.0289271594422947,0.0312079117720714,0.0554411087408274,0.0561680887428035,0.0165468719836402,NaN,NaN,NaN,NaN,NaN,NaN,NaN,NaN,NaN
NaN,NaN,0.0107661903214951,0.014437263244569,0.0280238510507237,0.0348007866268745,0.0543390561118334,0.0532350745585669,0.0194455203648734,NaN,NaN,NaN,NaN,NaN,NaN,NaN,NaN,NaN
NaN,NaN,0.00969824272518357,0.0170538140179512,0.0252807149129997,0.0322327205067268,0.0590297181382387,0.053756782838415,0.017207310074203,NaN,NaN,NaN,NaN,NaN,NaN,NaN,NaN,NaN
NaN,NaN,0.00874913188939293,0.016463243746936,0.0276787215310227,0.0309038163250079,0.0513157408907621,0.0556806158807982,0.0187899065252471,NaN,NaN,NaN,NaN,NaN,NaN,NaN,NaN,NaN
NaN,NaN,0.0105193153334161,0.0160645259262916,0.0260351793306957,0.031547919017612,0.0549199033751696,0.0527892131891955,0.0199046065148044,NaN,NaN,NaN,NaN,NaN,NaN,NaN,NaN,NaN
NaN,NaN,0.00735108631973466,0.0177436073960659,0.0250860498684536,0.0283730589871993,0.0545078303888052,0.0566639435079802,0.0208475333686996,NaN,NaN,NaN,NaN,NaN,NaN,NaN,NaN,NaN
NaN,NaN,0.010230065168192,0.0130876278223392,0.0245119640070091,0.0332440436905017,0.0516540345027655,0.053743576684307,0.0224549588795829,NaN,NaN,NaN,NaN,NaN,NaN,NaN,NaN,NaN
NaN,NaN,0.00906146022801598,0.0161696722449657,0.0221893386381756,0.0296036341314902,0.0558794450237959,0.0547334980753173,0.0203830641742873,NaN,NaN,NaN,NaN,NaN,NaN,NaN,NaN,NaN
NaN,NaN,0.00770789462452134,0.0173986268879768,0.0245271631914269,0.0280799531465163,0.0490291204526632,0.0563683603492488,0.0232062568005252,NaN,NaN,NaN,NaN,NaN,NaN,NaN,NaN,NaN
NaN,NaN,0.0100360893023511,0.0143812348784801,0.0223333956140171,0.0288556330924621,0.0524748649671286,0.0532833729472865,0.0226838034626174,NaN,NaN,NaN,NaN,NaN,NaN,NaN,NaN,NaN
NaN,NaN,0.0070925511730214,0.0168902924003002,0.0216751926976334,0.0258393027907005,0.050999892152807,0.0582872201290835,0.0242908936973739,NaN,NaN,NaN,NaN,NaN,NaN,NaN,NaN,NaN
NaN,NaN,0.00976893010859688,0.0137456258477566,0.0212034591871391,0.028903074664413,0.047622488088867,0.0544185061541308,0.0257155192133117,NaN,NaN,NaN,NaN,NaN,NaN,NaN,NaN,NaN
NaN,NaN,0.00879132080202302,0.0158683521391746,0.0203642444151531,0.0258802064781776,0.0521653864755838,0.0539987404433001,0.0239852336283851,NaN,NaN,NaN,NaN,NaN,NaN,NaN,NaN,NaN
NaN,NaN,0.00755344408874711,0.0159972471835014,0.0214322478908192,0.0241027587180724,0.0453376930430143,0.0566793662098159,0.026187103712194,NaN,NaN,NaN,NaN,NaN,NaN,NaN,NaN,NaN
NaN,NaN,0.0105434365880986,0.0150470560135242,0.0195933700936924,0.0252951496368041,0.0481817286684721,0.0531496909049262,0.0264928569134402,NaN,NaN,NaN,NaN,NaN,NaN,NaN,NaN,NaN
NaN,NaN,0.00779173228268822,0.0169931290389892,0.0196946421104561,0.0227101334457984,0.0470797877981871,0.0567866918233146,0.0278288763996291,NaN,NaN,NaN,NaN,NaN,NaN,NaN,NaN,NaN
NaN,NaN,0.00942638966565331,0.0133263816775676,0.0195876703995358,0.0262755901640048,0.0444341797604769,0.0543922428575267,0.0287887905772853,NaN,NaN,NaN,NaN,NaN,NaN,NaN,NaN,NaN
NaN,NaN,0.00974413830166062,0.0160928567590114,0.0179720492499958,0.0225497969513526,0.0483885009064882,0.0542474408236255,0.0281271790202785,NaN,NaN,NaN,NaN,NaN,NaN,NaN,NaN,NaN
NaN,NaN,0.00785241726165017,0.0165085432769653,0.0211359755533825,0.0197409653192153,0.0418755945041388,0.0570948292103518,0.0301481676336456,NaN,NaN,NaN,NaN,NaN,NaN,NaN,NaN,NaN
NaN,NaN,0.0106652349544068,0.0130791714133617,0.0183582500952374,0.022914577377378,0.0447887901439875,0.0535092745509852,0.0299495351549316,NaN,NaN,NaN,NaN,NaN,NaN,NaN,NaN,NaN
NaN,NaN,0.00795311185841759,0.0162790095152256,0.0180941456395279,0.0199260749941459,0.0441362869217604,0.0577744897988547,0.0307124187287021,NaN,NaN,NaN,NaN,NaN,NaN,NaN,NaN,NaN
NaN,NaN,0.0102436997306844,0.0140171622576114,0.0191832715111862,0.0224369206553092,0.0400193568542212,0.0549901519504298,0.0322625679012466,NaN,NaN,NaN,NaN,NaN,NaN,NaN,NaN,NaN
NaN,NaN,0.0101660460544129,0.0152309922220108,0.0177796938854347,0.018683355403482,0.0452326212301462,0.0549621750202884,0.0317117278512645,NaN,NaN,NaN,NaN,NaN,NaN,NaN,NaN,NaN
NaN,NaN,0.00888292569046219,0.0156298590542671,0.0185895719963204,0.0166134351020446,0.0385077644362658,0.0578703228917827,0.0329629597302604,NaN,NaN,NaN,NaN,NaN,NaN,NaN,NaN,NaN
NaN,NaN,0.0126116246295472,0.0131553722264168,0.0164900170105587,0.0192555786197772,0.0408981528356283,0.054019732454132,0.0333056491848159,NaN,NaN,NaN,NaN,NaN,NaN,NaN,NaN,NaN
NaN,NaN,0.00860470238452157,0.0156475169302818,0.0172179014819752,0.0168676302855602,0.0405532840862482,0.0578329954829921,0.0334266466137099,NaN,NaN,NaN,NaN,NaN,NaN,NaN,NaN,NaN
NaN,NaN,0.0111922517729302,0.012372465217292,0.0162949049311768,0.0194721856241813,0.036116612352392,0.0562206525889148,0.0352255520459342,NaN,NaN,NaN,NaN,NaN,NaN,NaN,NaN,NaN
NaN,NaN,0.011518568576624,0.0147696336449978,0.0141685651081692,0.0155723282223335,0.0406993713453024,0.0560003389206637,0.0343643394347358,NaN,NaN,NaN,NaN,NaN,NaN,NaN,NaN,NaN
NaN,NaN,0.00940629172449311,0.0142584493102428,0.0168055118459354,0.0146182627504459,0.0354583908095568,0.059575704911064,0.036263809078567,NaN,NaN,NaN,NaN,NaN,NaN,NaN,NaN,NaN
NaN,NaN,0.0124738820207616,0.0106508223058578,0.0139797860222946,0.0180772134190192,0.0380839195325583,0.0550217796650638,0.0360802081462073,NaN,NaN,NaN,NaN,NaN,NaN,NaN,NaN,NaN
NaN,NaN,0.00834169688945016,0.0150139009298679,0.0135063388782631,0.0141252764587989,0.0374007012918203,0.0590946768012751,0.0358380083974528,NaN,NaN,NaN,NaN,NaN,NaN,NaN,NaN,NaN
NaN,NaN,0.0101544976544877,0.0126042155267593,0.0138513938921581,0.0167714991694083,0.0319714073314875,0.0576935951200236,0.0375933279331851,NaN,NaN,NaN,NaN,NaN,NaN,NaN,NaN,NaN
NaN,NaN,0.010520675064375,0.0132696641327736,0.0130855487126003,0.0144846924667945,0.0373388242199629,0.057340381720375,0.0363349248703647,NaN,NaN,NaN,NaN,NaN,NaN,NaN,NaN,NaN
NaN,NaN,0.0087390549791356,0.0133670432211754,0.0148415201741348,0.0136360340839019,0.0323829028978556,0.0598981101599444,0.0377221857246089,NaN,NaN,NaN,NaN,NaN,NaN,NaN,NaN,NaN
NaN,NaN,0.0116950355780621,0.010603268975198,0.0127600887256752,0.0167384372180095,0.0334636096134394,0.0553693492499103,0.0374426585670638,NaN,NaN,NaN,NaN,NaN,NaN,NaN,NaN,NaN
NaN,NaN,0.00729436877494057,0.0140573022605774,0.0131619357901703,0.0130826980894199,0.0335223201885431,0.058522230067562,0.0369241354104209,NaN,NaN,NaN,NaN,NaN,NaN,NaN,NaN,NaN
NaN,NaN,0.00990006032710274,0.0116077935041782,0.0133644798236977,0.0162377209489932,0.028797199226877,0.0562281963017692,0.0382432234522033,NaN,NaN,NaN,NaN,NaN,NaN,NaN,NaN,NaN
NaN,NaN,0.0104216009688874,0.0124687080921528,0.0123110981124531,0.0136541948741069,0.033957303710243,0.0562917870071639,0.0376776498790908,NaN,NaN,NaN,NaN,NaN,NaN,NaN,NaN,NaN
NaN,NaN,0.00758898335819443,0.0121396532000896,0.014253799750198,0.012911614132463,0.0286480944826811,0.0591381136861552,0.0387182352181602,NaN,NaN,NaN,NaN,NaN,NaN,NaN,NaN,NaN
NaN,NaN,0.010399603129675,0.0100368944646713,0.0121348173755299,0.0157989190047374,0.0299083415641993,0.0539816413608302,0.0383986798163581,NaN,NaN,NaN,NaN,NaN,NaN,NaN,NaN,NaN
NaN,NaN,0.00738643932466706,0.0129407209994194,0.0115333692568432,0.0121670962398639,0.0305976879074782,0.0569200944689025,0.0375860077377486,NaN,NaN,NaN,NaN,NaN,NaN,NaN,NaN,NaN
NaN,NaN,0.00858857187752923,0.0105201577486393,0.0131902107435356,0.0150783361023059,0.026171763636133,0.0562490579274405,0.0401784186299968,NaN,NaN,NaN,NaN,NaN,NaN,NaN,NaN,NaN
NaN,NaN,0.00971910435085496,0.0110363898517486,0.0125017584699284,0.013273805481731,0.0309273202195376,0.0548142809954394,0.0390169103678393,NaN,NaN,NaN,NaN,NaN,NaN,NaN,NaN,NaN
NaN,NaN,0.00706731233124932,0.012429369026601,0.0131357469993721,0.0115116314118495,0.0252502758279055,0.0571659822550525,0.0398676176603961,NaN,NaN,NaN,NaN,NaN,NaN,NaN,NaN,NaN
NaN,NaN,0.0095838576865693,0.0091247571350929,0.0119808883803974,0.0146537275140872,0.0259643767252176,0.0524051543858756,0.0398893733557391,NaN,NaN,NaN,NaN,NaN,NaN,NaN,NaN,NaN
NaN,NaN,0.00655154588942727,0.0129308676065799,0.0126083762782703,0.0111606159334769,0.027867180503866,0.0550890025284995,0.0396162350710559,NaN,NaN,NaN,NaN,NaN,NaN,NaN,NaN,NaN
NaN,NaN,0.00880180749421319,0.0108719927908775,0.0139961772996079,0.0131461770361057,0.0226162534430235,0.0536190402296294,0.0418557678397822,NaN,NaN,NaN,NaN,NaN,NaN,NaN,NaN,NaN
NaN,NaN,0.00982236939792832,0.0107150276841518,0.01145519403993,0.0121923909609905,0.0273659799471109,0.0522484500494708,0.0408714716371226,NaN,NaN,NaN,NaN,NaN,NaN,NaN,NaN,NaN
NaN,NaN,0.00681060257678231,0.0129801159443256,0.0134409786599766,0.010911058736383,0.0222371865287035,0.055032005586933,0.041255698078506,NaN,NaN,NaN,NaN,NaN,NaN,NaN,NaN,NaN
NaN,NaN,0.0098732754898568,0.0106178721131679,0.0132025042015205,0.013322122496902,0.0229533177092283,0.0496117640820254,0.0411740583416152,NaN,NaN,NaN,NaN,NaN,NaN,NaN,NaN,NaN
NaN,NaN,0.00753720182304581,0.0133483050109741,0.0124362119871269,0.00988971452170517,0.0240679804458826,0.0522146244135608,0.0415447433527637,NaN,NaN,NaN,NaN,NaN,NaN,NaN,NaN,NaN
NaN,NaN,0.00881989377861222,0.0113342640640136,0.0143252135652195,0.0120462478225818,0.0191385459377974,0.05230498132975,0.0438787681099105,NaN,NaN,NaN,NaN,NaN,NaN,NaN,NaN,NaN
NaN,NaN,0.0100093230915566,0.0120523137690422,0.0127829620081078,0.0111392141407123,0.0234242875352114,0.0491570551481952,0.0414999467369247,NaN,NaN,NaN,NaN,NaN,NaN,NaN,NaN,NaN
NaN,NaN,0.0071564957809945,0.0141367813290951,0.0142893576460968,0.00814082111173775,0.018865668423435,0.0519703943815936,0.0431528580423522,NaN,NaN,NaN,NaN,NaN,NaN,NaN,NaN,NaN
NaN,NaN,0.00903620275979241,0.0109723521115181,0.0137010598021637,0.0113252923911205,0.0195154708101957,0.0474079568472613,0.0435897228356528,NaN,NaN,NaN,NaN,NaN,NaN,NaN,NaN,NaN
NaN,NaN,0.00718113857631882,0.0142018807770607,0.0141411097186695,0.00698955739790108,0.0214059625044077,0.0499314312425364,0.0434575309094119,NaN,NaN,NaN,NaN,NaN,NaN,NaN,NaN,NaN
NaN,NaN,0.00817599597697457,0.0122786251546737,0.0147973009782921,0.00898392881208565,0.0159147542193144,0.0492477287140597,0.0452006314929652,NaN,NaN,NaN,NaN,NaN,NaN,NaN,NaN,NaN
NaN,NaN,0.00952345210437974,0.012906578713834,0.0118396812516342,0.00918746004754212,0.02110605800893,0.0459559877005328,0.0439900797840285,NaN,NaN,NaN,NaN,NaN,NaN,NaN,NaN,NaN
NaN,NaN,0.00555089566235741,0.0151958627344963,0.0141322621542107,0.00597614805155899,0.0174351942017286,0.0493067745652903,0.0441970382865596,NaN,NaN,NaN,NaN,NaN,NaN,NaN,NaN,NaN
NaN,NaN,0.00856011065964898,0.0121276577653286,0.0143621311920773,0.00848254199081566,0.0172610741331785,0.0454017948892821,0.0446795378860164,NaN,NaN,NaN,NaN,NaN,NaN,NaN,NaN,NaN
NaN,NaN,0.00607500675444802,0.0150936407687065,0.013010167463411,0.00555720190459397,0.0189766261949747,0.0473431926754226,0.0457387683030295,NaN,NaN,NaN,NaN,NaN,NaN,NaN,NaN,NaN
NaN,NaN,0.00720583725099763,0.013442964637458,0.014325194938768,0.00781865800672676,0.0138555441274851,0.0461962502983321,0.0465855081614184,NaN,NaN,NaN,NaN,NaN,NaN,NaN,NaN,NaN
NaN,NaN,0.00889104682331284,0.0131538448573944,0.0130013571518551,0.00642860318475868,0.0182487789764612,0.042996970990013,0.0449515027042556,NaN,NaN,NaN,NaN,NaN,NaN,NaN,NaN,NaN
NaN,NaN,0.00443999546890458,0.0156319452168342,0.0142088727491985,0.00408420349413063,0.0141348291411608,0.0469316971090545,0.0455141891773868,NaN,NaN,NaN,NaN,NaN,NaN,NaN,NaN,NaN
NaN,NaN,0.00717542025571068,0.0128958685042259,0.0141424880760799,0.00715719546133187,0.0141425218656271,0.0423567798522223,0.046807051175468,NaN,NaN,NaN,NaN,NaN,NaN,NaN,NaN,NaN
NaN,NaN,0.00568454045181473,0.0152834629358646,0.0144182154375206,0.00362642119580414,0.0172095347418993,0.0444379319039096,0.0463902656968761,NaN,NaN,NaN,NaN,NaN,NaN,NaN,NaN,NaN
NaN,NaN,0.00593081939344605,0.0139008959473964,0.0160103672581802,0.00506076971942093,0.010900867380163,0.0435034428325404,0.0477227834101844,NaN,NaN,NaN,NaN,NaN,NaN,NaN,NaN,NaN
NaN,NaN,0.00726855251317223,0.0136079577447769,0.0134362102883946,0.00517917807155754,0.015800704456827,0.0399273690369834,0.0463442769881415,NaN,NaN,NaN,NaN,NaN,NaN,NaN,NaN,NaN
NaN,NaN,0.00450522530203065,0.0155834233106968,0.0156546206611286,0.00231746594363358,0.0131773736551016,0.0439871345248927,0.0472694900866675,NaN,NaN,NaN,NaN,NaN,NaN,NaN,NaN,NaN
NaN,NaN,0.00663737657790383,0.0126524394096729,0.0154093475478779,0.00524628917628434,0.0124985326304644,0.0398998950210322,0.0478147608276534,NaN,NaN,NaN,NaN,NaN,NaN,NaN,NaN,NaN
NaN,NaN,0.0052028790426751,0.0156173607053158,0.0139736206668507,0.00317303474002983,0.0157417517378538,0.0411596205619086,0.0477244784172702,NaN,NaN,NaN,NaN,NaN,NaN,NaN,NaN,NaN
NaN,NaN,0.00658119920020302,0.0134336886646148,0.0161081002491604,0.00474298383051064,0.00995224083211118,0.0409782361772765,0.0480677266653705,NaN,NaN,NaN,NaN,NaN,NaN,NaN,NaN,NaN
NaN,NaN,0.0081093132806321,0.0116263268234131,0.0146516980069767,0.00443672771507408,0.0147171478941649,0.038331026264738,0.047532272064321,NaN,NaN,NaN,NaN,NaN,NaN,NaN,NaN,NaN
NaN,NaN,0.00444625395660599,0.0150827442945835,0.0156240546542297,0.00200005258375313,0.011362374968788,0.0407503974226226,0.0488288034733462,NaN,NaN,NaN,NaN,NaN,NaN,NaN,NaN,NaN
NaN,NaN,0.0073553331506749,0.0121307683827278,0.0146937751608978,0.00554740439110901,0.0109461296572893,0.0367723275509585,0.0497118649121451,NaN,NaN,NaN,NaN,NaN,NaN,NaN,NaN,NaN
NaN,NaN,0.00722172561412057,0.0139296924414036,0.0131512814599167,0.00219129036122467,0.014667247630617,0.0387657676425685,0.0489785228904414,NaN,NaN,NaN,NaN,NaN,NaN,NaN,NaN,NaN
NaN,NaN,0.00629260096078118,0.012234405958831,0.0147888818222176,0.0039166771894088,0.00789794812347585,0.0387211572912444,0.0502896574374366,NaN,NaN,NaN,NaN,NaN,NaN,NaN,NaN,NaN
NaN,NaN,0.00835374820356568,0.0118949202539322,0.0129216173130165,0.00435356060916092,0.0131148632838934,0.0344873462405909,0.0495287668939757,NaN,NaN,NaN,NaN,NaN,NaN,NaN,NaN,NaN
NaN,NaN,0.00539454522853097,0.0140122448744175,0.0142823541003357,0.00148454691225197,0.0105862293615549,0.038344344177555,0.050978910648458,NaN,NaN,NaN,NaN,NaN,NaN,NaN,NaN,NaN
NaN,NaN,0.00833592268948754,0.0111906913759109,0.0127437160748135,0.0041736663406482,0.00907156357910329,0.035091495194744,0.0515043069657016,NaN,NaN,NaN,NaN,NaN,NaN,NaN,NaN,NaN
NaN,NaN,0.00782479423408707,0.0132924256564972,0.0111945168512951,0.00312462459260132,0.0126470227017611,0.0361297336009253,0.0493066837128329,NaN,NaN,NaN,NaN,NaN,NaN,NaN,NaN,NaN
NaN,NaN,0.00828652534012993,0.011498176837146,0.0126330004471432,0.00448379675799515,0.00707134345915013,0.0359562282052745,0.0517579992350268,NaN,NaN,NaN,NaN,NaN,NaN,NaN,NaN,NaN
NaN,NaN,0.00921408537154397,0.0110448648871776,0.0106696793275963,0.00496240342909004,0.0116692271306723,0.0325101297882308,0.0511142876979041,NaN,NaN,NaN,NaN,NaN,NaN,NaN,NaN,NaN
NaN,NaN,0.00561240020518502,0.0135521715225574,0.0107390069800507,0.00123875225835945,0.00924881289150411,0.0364372190621604,0.0512021859224963,NaN,NaN,NaN,NaN,NaN,NaN,NaN,NaN,NaN
NaN,NaN,0.0106425479364892,0.0102274244369861,0.0104417846935879,0.00581631447130348,0.00850099811699086,0.03235210297377,0.0507690650459457,NaN,NaN,NaN,NaN,NaN,NaN,NaN,NaN,NaN
NaN,NaN,0.010679428310444,0.0122565341832039,0.00897910533725129,0.00399535532051232,0.0118868772163599,0.0334194545236339,0.0499748145278621,NaN,NaN,NaN,NaN,NaN,NaN,NaN,NaN,NaN
NaN,NaN,0.00933094772820672,0.0114371938349602,0.0105689474779259,0.00564169148856308,0.00558320174362355,0.0337853711632003,0.0524141718681979,NaN,NaN,NaN,NaN,NaN,NaN,NaN,NaN,NaN
NaN,NaN,0.0105441257668038,0.0102630940915939,0.0092530073064457,0.00557487840706017,0.0106863837912291,0.0299963970270862,0.0507774469491172,NaN,NaN,NaN,NaN,NaN,NaN,NaN,NaN,NaN
NaN,NaN,0.00881708118443688,0.0125532163025734,0.0102170938092362,0.002995822680532,0.0091006022169798,0.0331215803113688,0.0511745628949332,NaN,NaN,NaN,NaN,NaN,NaN,NaN,NaN,NaN
NaN,NaN,0.0119630702150365,0.00991578527706831,0.0110693284708153,0.00688601295405533,0.0067110147550314,0.0299206246224154,0.0511097614701915,NaN,NaN,NaN,NaN,NaN,NaN,NaN,NaN,NaN
NaN,NaN,0.0113698363614579,0.0121552435399887,0.0101341315942894,0.00595122585946228,0.0107283305599897,0.0303868633297194,0.0498379473622966,NaN,NaN,NaN,NaN,NaN,NaN,NaN,NaN,NaN
NaN,NaN,0.0106446154726048,0.0114710939766762,0.0129142412382256,0.0067703240638366,0.00560406336929494,0.031046612241577,0.0521007818218398,NaN,NaN,NaN,NaN,NaN,NaN,NaN,NaN,NaN
NaN,NaN,0.0124636560988923,0.0102392894865867,0.0114892431932579,0.00655658553296234,0.00930256883051091,0.0273113009122123,0.0510257934268642,NaN,NaN,NaN,NaN,NaN,NaN,NaN,NaN,NaN
NaN,NaN,0.00938256162529191,0.0125698683502075,0.0135681600707661,0.00452576215320732,0.00875992441918546,0.0303902347174395,0.0506494087215591,NaN,NaN,NaN,NaN,NaN,NaN,NaN,NaN,NaN
NaN,NaN,0.013379816741993,0.0105417271794674,0.0142744378584515,0.00915663327032235,0.00606495628502065,0.0271367151823749,0.0501183685895133,NaN,NaN,NaN,NaN,NaN,NaN,NaN,NaN,NaN
NaN,NaN,0.0127472810757657,0.0130684239508507,0.0136101813453327,0.00738516460114624,0.00981863329555684,0.0278592724886645,0.0500387777622867,NaN,NaN,NaN,NaN,NaN,NaN,NaN,NaN,NaN
NaN,NaN,0.0108008541477223,0.0116300893666145,0.0159273305374275,0.00779828066879418,0.00382354224469357,0.0291098896947612,0.0521908407148051,NaN,NaN,NaN,NaN,NaN,NaN,NaN,NaN,NaN
NaN,NaN,0.0127992861283322,0.0107031812610027,0.0150831052499901,0.00882532457762863,0.00859873110797101,0.0244441126075496,0.0499625396963286,NaN,NaN,NaN,NaN,NaN,NaN,NaN,NaN,NaN
NaN,NaN,0.0110975548935433,0.0133811248185035,0.0162109927672039,0.00650577257329132,0.00714929515864545,0.0271344055023898,0.0495815728839564,NaN,NaN,NaN,NaN,NaN,NaN,NaN,NaN,NaN
NaN,NaN,0.0132694922698041,0.0112397161962387,0.0184232564109455,0.00948775569850113,0.00309096390750104,0.0254107509341945,0.050664011859529,NaN,NaN,NaN,NaN,NaN,NaN,NaN,NaN,NaN
NaN,NaN,0.0120274618578454,0.013026365423381,0.0166654781836163,0.00794352973753121,0.00733572731163197,0.0248392168966044,0.0498662409421134,NaN,NaN,NaN,NaN,NaN,NaN,NaN,NaN,NaN
NaN,NaN,0.0105662912440797,0.0123408188762066,0.0185076528626572,0.00792948539310601,0.00257974231984311,0.0258932691601027,0.0512926918502975,NaN,NaN,NaN,NaN,NaN,NaN,NaN,NaN,NaN
NaN,NaN,0.0126828708065053,0.0109476906897423,0.0176282608348023,0.00984853143745568,0.00649757424738103,0.0215062369194735,0.0490948637064624,NaN,NaN,NaN,NaN,NaN,NaN,NaN,NaN,NaN
NaN,NaN,0.0100963272464772,0.0147991379441616,0.018993635608543,0.00743197287374642,0.00534023831035787,0.0254679341402759,0.0486758244272399,NaN,NaN,NaN,NaN,NaN,NaN,NaN,NaN,NaN
NaN,NaN,0.0133263960791131,0.013175432914674,0.019859486206163,0.01034660275036,0.00165674576904469,0.0223886464324702,0.0499761556323695,NaN,NaN,NaN,NaN,NaN,NaN,NaN,NaN,NaN
NaN,NaN,0.0124646805537244,0.0142123860957023,0.0177606017726551,0.0090559759264579,0.00627459699656659,0.0221554432597865,0.0494876024361777,NaN,NaN,NaN,NaN,NaN,NaN,NaN,NaN,NaN
NaN,NaN,0.0101843744826814,0.0132166718782779,0.020379071070541,0.00900590802484658,0.00145306552197629,0.0236832406905402,0.0505596664782691,NaN,NaN,NaN,NaN,NaN,NaN,NaN,NaN,NaN
NaN,NaN,0.0131211139572163,0.0125297097207901,0.0186586761313568,0.0107628294354072,0.00516580159213239,0.0188831855145205,0.048088141256206,NaN,NaN,NaN,NaN,NaN,NaN,NaN,NaN,NaN
NaN,NaN,0.0113831915271779,0.0159480547251102,0.0195936494904648,0.0077573024755111,0.00446369612958127,0.0225359816637744,0.0484657180544067,NaN,NaN,NaN,NaN,NaN,NaN,NaN,NaN,NaN
NaN,NaN,0.0137508742821713,0.0140322124304172,0.0207799495595585,0.0111978502100101,-0.00010377054665393,0.01990292785437,0.0503472504254508,NaN,NaN,NaN,NaN,NaN,NaN,NaN,NaN,NaN
NaN,NaN,0.0119267486346265,0.0153403853716251,0.0183114418226372,0.00942472378665116,0.0059342917278021,0.0193291586426009,0.0503276181455779,NaN,NaN,NaN,NaN,NaN,NaN,NaN,NaN,NaN
NaN,NaN,0.0104789518130322,0.0147565765025017,0.020258073641647,0.00883355746918824,0.00198041761662656,0.0209450033095588,0.0500588943298984,NaN,NaN,NaN,NaN,NaN,NaN,NaN,NaN,NaN
NaN,NaN,0.0148448802841206,0.0133684029521343,0.0187724464970718,0.0111721270804992,0.00503901133682423,0.0170737375107516,0.0476573673125434,NaN,NaN,NaN,NaN,NaN,NaN,NaN,NaN,NaN
NaN,NaN,0.0123976812077065,0.0172998694421646,0.0200574295061718,0.00826992104703095,0.00501835460211926,0.0204332229283561,0.0494514112409282,NaN,NaN,NaN,NaN,NaN,NaN,NaN,NaN,NaN
NaN,NaN,0.0142704405200978,0.015362550848901,0.0201060072916638,0.0112843328242889,0.000699104018470582,0.0170861986068,0.0505406488712955,NaN,NaN,NaN,NaN,NaN,NaN,NaN,NaN,NaN
NaN,NaN,0.0134615123582383,0.0154925634803173,0.0184760810273777,0.0100254827266326,0.00726153815533811,0.0163857881513347,0.0498423432048488,NaN,NaN,NaN,NaN,NaN,NaN,NaN,NaN,NaN
NaN,NaN,0.0115262985539933,0.0156569232882854,0.0201717959183346,0.00970037664228585,0.0032327484562605,0.0188903939512481,0.0496075195308852,NaN,NaN,NaN,NaN,NaN,NaN,NaN,NaN,NaN
NaN,NaN,0.0153954595637818,0.0151339670361873,0.018484947218288,0.0117056631570449,0.00608853737260991,0.0141128022757281,0.0480402340229678,NaN,NaN,NaN,NaN,NaN,NaN,NaN,NaN,NaN
NaN,NaN,0.0130238093746205,0.0180604247094986,0.0194958978730332,0.00833829875045922,0.0066410351767748,0.0171037819770087,0.0490758460994887,NaN,NaN,NaN,NaN,NaN,NaN,NaN,NaN,NaN
NaN,NaN,0.0141426816893121,0.0160437946857807,0.0204624430674206,0.0111164712434402,0.00281516204025441,0.0150071699705829,0.0509793763097453,NaN,NaN,NaN,NaN,NaN,NaN,NaN,NaN,NaN
NaN,NaN,0.0131187856507798,0.0153904346467849,0.017826390399326,0.00984374443942215,0.0095406893863886,0.0147485603180636,0.0493905213709998,NaN,NaN,NaN,NaN,NaN,NaN,NaN,NaN,NaN
NaN,NaN,0.0126692548704644,0.0161846479119655,0.0187948541182171,0.00943329195433762,0.00526927153017217,0.0162402596858252,0.0489628207918334,NaN,NaN,NaN,NaN,NaN,NaN,NaN,NaN,NaN
NaN,NaN,0.0158553839040299,0.0163807285668251,0.0171672747868191,0.0115897880023113,0.00704534093286687,0.0127571132567634,0.0484129679437804,NaN,NaN,NaN,NaN,NaN,NaN,NaN,NaN,NaN
NaN,NaN,0.0134684786510964,0.0195633185746071,0.0185891622143875,0.00811748216801789,0.00778441990163022,0.0158730578211059,0.0494249616798091,NaN,NaN,NaN,NaN,NaN,NaN,NaN,NaN,NaN
NaN,NaN,0.0146181777430077,0.0154066955389377,0.019211751355518,0.0112054311757674,0.00470002854611569,0.0141985212054957,0.0506942612167525,NaN,NaN,NaN,NaN,NaN,NaN,NaN,NaN,NaN
NaN,NaN,0.0142156787527104,0.0159059589447376,0.0166015149491917,0.0113096834247699,0.0116817441060751,0.0129726213005294,0.0488657024737525,NaN,NaN,NaN,NaN,NaN,NaN,NaN,NaN,NaN
NaN,NaN,0.0129787519884606,0.0176205424310562,0.018551611288179,0.0107501261954894,0.00637527296688252,0.0162812565055598,0.0497014899786639,NaN,NaN,NaN,NaN,NaN,NaN,NaN,NaN,NaN
NaN,NaN,0.0164685666871568,0.0171713841797706,0.0179093712407242,0.0132756495004287,0.00799303615834409,0.0118737910476436,0.0485831392046142,NaN,NaN,NaN,NaN,NaN,NaN,NaN,NaN,NaN
NaN,NaN,0.0134300522816678,0.0190225181819793,0.0183946089285503,0.00960493470483925,0.0097397688999384,0.0143497679916133,0.0491100070115256,NaN,NaN,NaN,NaN,NaN,NaN,NaN,NaN,NaN
NaN,NaN,0.0143727369916936,0.0158328128697273,0.0188454994398247,0.0133203902369132,0.00601708630468541,0.0132085625615825,0.0508121294017959,NaN,NaN,NaN,NaN,NaN,NaN,NaN,NaN,NaN
NaN,NaN,0.0146442734015485,0.0164566686095592,0.0164897376137863,0.0126188808208099,0.0119647916629522,0.0122548137393702,0.0485225287314582,NaN,NaN,NaN,NaN,NaN,NaN,NaN,NaN,NaN
NaN,NaN,0.0129495643389722,0.0181556803824302,0.0190124110716473,0.0120234117930522,0.00716937447335416,0.0147057381060828,0.0491416533526111,NaN,NaN,NaN,NaN,NaN,NaN,NaN,NaN,NaN
NaN,NaN,0.0163936883521577,0.0169654315056202,0.0186571115094315,0.0139858015900245,0.00819761047508412,0.00983471614987745,0.0489149694379497,NaN,NaN,NaN,NaN,NaN,NaN,NaN,NaN,NaN
NaN,NaN,0.013860546828558,0.0187355218173858,0.0196886816459786,0.0113826804881683,0.0107287217154711,0.0124340747085322,0.0494974558290172,NaN,NaN,NaN,NaN,NaN,NaN,NaN,NaN,NaN
NaN,NaN,0.014959153564026,0.0164185775162575,0.0202646674054752,0.0148167834704509,0.0059747297539919,0.0117035825339068,0.0510231857236552,NaN,NaN,NaN,NaN,NaN,NaN,NaN,NaN,NaN
NaN,NaN,0.0147128559959432,0.0176424657644626,0.0184856550234448,0.0149220974271884,0.012616866476795,0.00973594007761373,0.0494822938975024,NaN,NaN,NaN,NaN,NaN,NaN,NaN,NaN,NaN
NaN,NaN,0.0137246482384702,0.0197433432282802,0.0223026805955063,0.0134344027464977,0.00805034974958592,0.0131406505194415,0.050878309183948,NaN,NaN,NaN,NaN,NaN,NaN,NaN,NaN,NaN
NaN,NaN,0.0165486418021222,0.017394659453809,0.0222686500686298,0.0161868334835162,0.00902130941297704,0.00866879341871633,0.0492399265106845,NaN,NaN,NaN,NaN,NaN,NaN,NaN,NaN,NaN
NaN,NaN,0.0140242360842725,0.0195498330237266,0.0224924841362129,0.0140394271438709,0.011643299110195,0.0114691313889731,0.0501299169894385,NaN,NaN,NaN,NaN,NaN,NaN,NaN,NaN,NaN
NaN,NaN,0.0149698451471825,0.0179746871532795,0.0234150336521755,0.0171073899691692,0.00745182598378354,0.0109279212144126,0.0513828438755202,NaN,NaN,NaN,NaN,NaN,NaN,NaN,NaN,NaN
NaN,NaN,0.0161435909879704,0.0184496244134304,0.0226009832161556,0.0168905221944442,0.0130277846231669,0.00950050173075094,0.0485750180717635,NaN,NaN,NaN,NaN,NaN,NaN,NaN,NaN,NaN
NaN,NaN,0.0143626600814362,0.0206535247804519,0.0258486726719032,0.0154531934385886,0.008926947809717,0.0124337208059539,0.0494391922887492,NaN,NaN,NaN,NaN,NaN,NaN,NaN,NaN,NaN
NaN,NaN,0.0170201890481015,0.0184623462797996,0.0248338663416992,0.0185745024209609,0.00965563321854764,0.00782045168549909,0.0487645980950523,NaN,NaN,NaN,NaN,NaN,NaN,NaN,NaN,NaN
NaN,NaN,0.0148551062059899,0.0196151746155617,0.0244987019735466,0.0157154911285033,0.0127569560184687,0.0108688194838275,0.0488993604715991,NaN,NaN,NaN,NaN,NaN,NaN,NaN,NaN,NaN
NaN,NaN,0.0158599101317426,0.0183477936031219,0.0261884564000259,0.0183732436125865,0.00732019285108739,0.0106256139066924,0.0495215212043452,NaN,NaN,NaN,NaN,NaN,NaN,NaN,NaN,NaN
NaN,NaN,0.0169880956721803,0.0194979956092235,0.0250517771977078,0.0184734352951637,0.0131556179597586,0.00768660200507535,0.0474372585352588,NaN,NaN,NaN,NaN,NaN,NaN,NaN,NaN,NaN
NaN,NaN,0.0149382733119031,0.0206110192181465,0.0275267855661999,0.0165062026208034,0.00933885315801793,0.0112319980350245,0.0485959728296924,NaN,NaN,NaN,NaN,NaN,NaN,NaN,NaN,NaN
NaN,NaN,0.0179954700482388,0.0189126407446262,0.027154610438932,0.0196669251745334,0.00987581650163823,0.00746697751552953,0.0473536257680583,NaN,NaN,NaN,NaN,NaN,NaN,NaN,NaN,NaN
NaN,NaN,0.0153254799855252,0.0203519252778885,0.0265822940903793,0.0170401671057334,0.013063733674547,0.00943909032018079,0.0475051705773997,NaN,NaN,NaN,NaN,NaN,NaN,NaN,NaN,NaN
NaN,NaN,0.0164124079359074,0.019136046403825,0.0271950670915733,0.0193532371049514,0.00808410087968999,0.0092268977847804,0.0482110572096038,NaN,NaN,NaN,NaN,NaN,NaN,NaN,NaN,NaN
NaN,NaN,0.0175003975940247,0.019740232610881,0.0260814660626541,0.0194650703197112,0.0128822747841089,0.00753546697766675,0.046008889102571,NaN,NaN,NaN,NaN,NaN,NaN,NaN,NaN,NaN
NaN,NaN,0.0147220015836259,0.0215463464798328,0.0281080426114689,0.0172303990548244,0.0102147620394438,0.0116051976171245,0.0480117355521846,NaN,NaN,NaN,NaN,NaN,NaN,NaN,NaN,NaN
NaN,NaN,0.0185080513668557,0.0186022495569584,0.0266535588937889,0.0199937821453204,0.0103078942969053,0.00743510765702619,0.046678677671783,NaN,NaN,NaN,NaN,NaN,NaN,NaN,NaN,NaN
NaN,NaN,0.0163666613710423,0.0194126864613888,0.0257550933796059,0.0169777498667827,0.0144765500202387,0.0102213081506003,0.0462903534110713,NaN,NaN,NaN,NaN,NaN,NaN,NaN,NaN,NaN
NaN,NaN,0.017215282501032,0.0197502908946869,0.0269948141115795,0.0196090714161983,0.00872468317296201,0.0104422923711051,0.0470411856707263,NaN,NaN,NaN,NaN,NaN,NaN,NaN,NaN,NaN
NaN,NaN,0.0175783306670686,0.019804400736272,0.0245217056411396,0.0196375326340785,0.0143588680997103,0.00765588698656453,0.0449398984249759,NaN,NaN,NaN,NaN,NaN,NaN,NaN,NaN,NaN
NaN,NaN,0.015884254903843,0.0201815677525398,0.0260073886650692,0.0166292862122646,0.0116001229956358,0.0115189571467151,0.0464930092033076,NaN,NaN,NaN,NaN,NaN,NaN,NaN,NaN,NaN
NaN,NaN,0.0182029500914117,0.0173990925492641,0.025133510066856,0.0202440844004741,0.010808740951082,0.00796050397426976,0.0446001519497562,NaN,NaN,NaN,NaN,NaN,NaN,NaN,NaN,NaN
NaN,NaN,0.0158136979055901,0.0196054888607857,0.0246657439905296,0.0163793006067863,0.0153577115609854,0.00929002282888784,0.0442643356558013,NaN,NaN,NaN,NaN,NaN,NaN,NaN,NaN,NaN
NaN,NaN,0.016280234636118,0.0194455062689182,0.0252529242473732,0.0189132616942516,0.0102582920565813,0.00992859346539869,0.0447175544735122,NaN,NaN,NaN,NaN,NaN,NaN,NaN,NaN,NaN
NaN,NaN,0.0172060437810918,0.0184426208676693,0.0232024872141968,0.0187494048004737,0.015437451399824,0.00815786985428228,0.0427630809184241,NaN,NaN,NaN,NaN,NaN,NaN,NaN,NaN,NaN
NaN,NaN,0.015132174671938,0.0187001874389049,0.0243335784810673,0.0166435168212047,0.0126562614217012,0.0111313220647086,0.0439396766062904,NaN,NaN,NaN,NaN,NaN,NaN,NaN,NaN,NaN
NaN,NaN,0.0174786977780362,0.016802394175708,0.0229475469726215,0.0196822547441116,0.0122634481861799,0.00714034406216039,0.0420520720120597,NaN,NaN,NaN,NaN,NaN,NaN,NaN,NaN,NaN
NaN,NaN,0.0150726259065171,0.0193629352094528,0.0234821820098053,0.0168105588381877,0.0162999306097239,0.00856336770326986,0.0414951411124396,NaN,NaN,NaN,NaN,NaN,NaN,NaN,NaN,NaN
NaN,NaN,0.0149172626746198,0.0185493318082687,0.0242459224003445,0.0186007470911136,0.0117791604473799,0.00925021810204877,0.0420827870305705,NaN,NaN,NaN,NaN,NaN,NaN,NaN,NaN,NaN
NaN,NaN,0.0163959980321427,0.0175584045888778,0.0214273305076252,0.0184804388409248,0.017164346970579,0.00671595899135961,0.0406233300503421,NaN,NaN,NaN,NaN,NaN,NaN,NaN,NaN,NaN
NaN,NaN,0.0144246489120026,0.018331830734193,0.0227616736131798,0.0160711445932975,0.0145585064068049,0.0100278538254012,0.0412970301743674,NaN,NaN,NaN,NaN,NaN,NaN,NaN,NaN,NaN
NaN,NaN,0.016236685992529,0.0168634703101513,0.0231274226146828,0.0200980716472259,0.0130997944846361,0.00620900286109342,0.0393913020428348,NaN,NaN,NaN,NaN,NaN,NaN,NaN,NaN,NaN
NaN,NaN,0.0142496534002324,0.0186183055581447,0.0229021729367863,0.0173239224677673,0.0180877533033102,0.00678051827223195,0.0392510076101947,NaN,NaN,NaN,NaN,NaN,NaN,NaN,NaN,NaN
NaN,NaN,0.0143070228708287,0.0181585302295086,0.0230378107565533,0.0188268163328758,0.0125433478727549,0.00819067103536023,0.0402744379874396,NaN,NaN,NaN,NaN,NaN,NaN,NaN,NaN,NaN
NaN,NaN,0.0166442700040837,0.0163334918858406,0.0214421012836586,0.0194137916987529,0.0176285926475733,0.00559082818896665,0.038338367366426,NaN,NaN,NaN,NaN,NaN,NaN,NaN,NaN,NaN
NaN,NaN,0.01351545456176,0.018176784151971,0.0222738095956932,0.0168326498096576,0.0157486994042605,0.00852624518544568,0.0384999890860248,NaN,NaN,NaN,NaN,NaN,NaN,NaN,NaN,NaN
NaN,NaN,0.0152472861421605,0.0160878276171085,0.0231591620880257,0.0202754327183357,0.014493853993675,0.00548322317869558,0.0378133994575668,NaN,NaN,NaN,NaN,NaN,NaN,NaN,NaN,NaN
NaN,NaN,0.0135683723104497,0.0181113308014271,0.0233566769796501,0.0180053153162589,0.0193240281417578,0.00596212787301435,0.0371827450629401,NaN,NaN,NaN,NaN,NaN,NaN,NaN,NaN,NaN
NaN,NaN,0.0134252094042798,0.017590721482217,0.0232635260957371,0.0198213570838561,0.013353207357189,0.00771727977068319,0.0386227560278106,NaN,NaN,NaN,NaN,NaN,NaN,NaN,NaN,NaN
NaN,NaN,0.0157423585963746,0.0162129042388794,0.0217080497580658,0.0206854567950359,0.0184040490761011,0.00454132077963247,0.0369746689733195,NaN,NaN,NaN,NaN,NaN,NaN,NaN,NaN,NaN
NaN,NaN,0.0128588721466561,0.0179673855842945,0.0241869883078228,0.0173298456793418,0.016215981192848,0.00834635091693296,0.0365243558820415,NaN,NaN,NaN,NaN,NaN,NaN,NaN,NaN,NaN
NaN,NaN,0.0142625615311166,0.0161029150428173,0.0245664091247212,0.0206330047076335,0.0147684637680262,0.00550194276244535,0.0359102231498885,NaN,NaN,NaN,NaN,NaN,NaN,NaN,NaN,NaN
NaN,NaN,0.0133105077159901,0.0181260270716545,0.0225513623493801,0.0187029504304519,0.0193357441797464,0.00610424769790067,0.0359982331331897,NaN,NaN,NaN,NaN,NaN,NaN,NaN,NaN,NaN
NaN,NaN,0.0125849329245587,0.0182078716995117,0.0234535904067646,0.019165333462297,0.0142840642705172,0.00830244837076558,0.0371048492427993,NaN,NaN,NaN,NaN,NaN,NaN,NaN,NaN,NaN
NaN,NaN,0.0147719204736253,0.0158865688087341,0.0216217534083019,0.0207087957387557,0.0179425973668306,0.0052910913315524,0.0336623084779906,NaN,NaN,NaN,NaN,NaN,NaN,NaN,NaN,NaN
NaN,NaN,0.0122240081739922,0.0181348932625648,0.0239850216942917,0.0177958608692279,0.017048043407461,0.00987945688636197,0.0338363540407348,NaN,NaN,NaN,NaN,NaN,NaN,NaN,NaN,NaN
NaN,NaN,0.0136417977822324,0.0171205712200996,0.0243102581637989,0.0204545074229827,0.0150851134433954,0.0065255966571082,0.0336894472178149,NaN,NaN,NaN,NaN,NaN,NaN,NaN,NaN,NaN
NaN,NaN,0.0126971572947999,0.0186979150118229,0.0234500141280781,0.0181913190608611,0.0200021613612383,0.00709733558566465,0.0321723227437663,NaN,NaN,NaN,NaN,NaN,NaN,NaN,NaN,NaN
NaN,NaN,0.0127074018431207,0.0175051515640613,0.0236914129394184,0.0189033151691547,0.0141519282236307,0.00991564808161153,0.0333760385450053,NaN,NaN,NaN,NaN,NaN,NaN,NaN,NaN,NaN
NaN,NaN,0.0144841604245206,0.0160941978635189,0.0226570488351475,0.0207891129975906,0.0180949989929407,0.00726279435427083,0.0308320005472827,NaN,NaN,NaN,NaN,NaN,NaN,NaN,NaN,NaN
NaN,NaN,0.0116019591999551,0.0182982658686039,0.0254902438658367,0.016875378889381,0.0175219748392313,0.011037016340803,0.0306675289806056,NaN,NaN,NaN,NaN,NaN,NaN,NaN,NaN,NaN
NaN,NaN,0.0134169578862687,0.0162300405742523,0.0248653450447212,0.0201624074106803,0.0153266798927992,0.00822721613318815,0.0298549127813506,NaN,NaN,NaN,NaN,NaN,NaN,NaN,NaN,NaN
NaN,NaN,0.0122191652966042,0.0175433544160721,0.0229933121639381,0.0186716207390418,0.0201902326419562,0.00839410913855924,0.0301385563846755,NaN,NaN,NaN,NaN,NaN,NaN,NaN,NaN,NaN
NaN,NaN,0.0123348728132745,0.0163896320106384,0.024635904415239,0.018539242548286,0.01487435514476,0.0106051434365024,0.0296915029224086,NaN,NaN,NaN,NaN,NaN,NaN,NaN,NaN,NaN
NaN,NaN,0.0135335967255135,0.015638557607114,0.0237790317672382,0.0205625222151866,0.0180695738866537,0.00769751710564985,0.0271495138343501,NaN,NaN,NaN,NaN,NaN,NaN,NaN,NaN,NaN
NaN,NaN,0.010416553200533,0.0179269289316532,0.0255279624301087,0.0175605901604285,0.0185389232113569,0.0111143347409476,0.0282623325523067,NaN,NaN,NaN,NaN,NaN,NaN,NaN,NaN,NaN
NaN,NaN,0.0119995780599614,0.0161561121882793,0.0252636717098843,0.0209498592739692,0.0148789372518271,0.00827955646188154,0.0277993162211108,NaN,NaN,NaN,NaN,NaN,NaN,NaN,NaN,NaN
NaN,NaN,0.0113018684399625,0.0162990702034828,0.0239181713598858,0.018482338738977,0.021217481441757,0.00831546826035871,0.0265462589498687,NaN,NaN,NaN,NaN,NaN,NaN,NaN,NaN,NaN
NaN,NaN,0.0117556274247666,0.0156488952876922,0.0250502312022339,0.0199426152830711,0.0155537549629419,0.0111513641265143,0.0276566934820342,NaN,NaN,NaN,NaN,NaN,NaN,NaN,NaN,NaN
NaN,NaN,0.0127264567029973,0.0155460586490032,0.0252355457681309,0.0220265426760307,0.0197341826036184,0.00809528497726812,0.0260179382797408,NaN,NaN,NaN,NaN,NaN,NaN,NaN,NaN,NaN
NaN,NaN,0.00920145663743218,0.0168019471408722,0.0264237643617283,0.0181295723741641,0.0206321452036112,0.0103637632516135,0.0259555955465961,NaN,NaN,NaN,NaN,NaN,NaN,NaN,NaN,NaN
NaN,NaN,0.0109519519222279,0.0144231071414348,0.0254014888244759,0.021376516771852,0.0163310554101675,0.00872288463385,0.0261031542953181,NaN,NaN,NaN,NaN,NaN,NaN,NaN,NaN,NaN
NaN,NaN,0.0104845397484799,0.0153892611803409,0.0234498092371117,0.0208164566283813,0.0219558898582666,0.00865685386330976,0.0248930682476688,NaN,NaN,NaN,NaN,NaN,NaN,NaN,NaN,NaN
NaN,NaN,0.010301385850956,0.0158145775737163,0.0259461821454655,0.0212581642990699,0.0174041252806395,0.0111217108157386,0.0259125498171973,NaN,NaN,NaN,NaN,NaN,NaN,NaN,NaN,NaN
NaN,NaN,0.0116938993645211,0.013330479496896,0.0256406710880886,0.0233246014540782,0.02119330430772,0.00804357794792547,0.0245097917553115,NaN,NaN,NaN,NaN,NaN,NaN,NaN,NaN,NaN
NaN,NaN,0.00846010524158677,0.0151442302109596,0.0261734248536717,0.0200934522872558,0.0219879087283819,0.0103960801449527,0.0242391494151282,NaN,NaN,NaN,NaN,NaN,NaN,NaN,NaN,NaN
NaN,NaN,0.0102609291983147,0.0139553783180115,0.0251618408995758,0.0232334436004749,0.0183902282490938,0.00804093299181356,0.0240403306718993,NaN,NaN,NaN,NaN,NaN,NaN,NaN,NaN,NaN
NaN,NaN,0.010078687996914,0.0136969176771042,0.0233656363028179,0.0217622892087093,0.0242525127008169,0.00772389216096296,0.0222267848488021,NaN,NaN,NaN,NaN,NaN,NaN,NaN,NaN,NaN
NaN,NaN,0.00971545356636246,0.0141363529207107,0.0258076199728142,0.0223469362681499,0.0195770871117323,0.0114242602673282,0.0239191842313934,NaN,NaN,NaN,NaN,NaN,NaN,NaN,NaN,NaN
NaN,NaN,0.0105273992133637,0.0120773477198478,0.0244534955757748,0.0249714219098678,0.0226300928964823,0.0078264680293311,0.0218959790702987,NaN,NaN,NaN,NaN,NaN,NaN,NaN,NaN,NaN
NaN,NaN,0.00757510665183266,0.0140868251861927,0.02578260464846,0.0210298412566772,0.0239550296440332,0.0110349301782359,0.0223830794032741,NaN,NaN,NaN,NaN,NaN,NaN,NaN,NaN,NaN
NaN,NaN,0.00993755537395676,0.0126034518422481,0.0239967749851833,0.0237612799828639,0.0196666244640558,0.00807323125870122,0.0219422658022571,NaN,NaN,NaN,NaN,NaN,NaN,NaN,NaN,NaN
NaN,NaN,0.00981432277088364,0.0128674072863456,0.0224128374296318,0.0230791234498611,0.0251035180165976,0.00871228618295087,0.0207622428473163,NaN,NaN,NaN,NaN,NaN,NaN,NaN,NaN,NaN
NaN,NaN,0.00954639989261826,0.0140139585079548,0.0239411564010273,0.022232830626308,0.0212149109914511,0.0117715132024993,0.0217823204632926,NaN,NaN,NaN,NaN,NaN,NaN,NaN,NaN,NaN
NaN,NaN,0.0108866103303929,0.0112505195381042,0.0238422499436031,0.0241521746938815,0.0227226291074961,0.0082232114461173,0.0203412477906871,NaN,NaN,NaN,NaN,NaN,NaN,NaN,NaN,NaN
NaN,NaN,0.00801443013673028,0.0139146981479522,0.0229513653951775,0.0202302449470153,0.0248915676250666,0.0106069874552001,0.0188569058712649,NaN,NaN,NaN,NaN,NaN,NaN,NaN,NaN,NaN
NaN,NaN,0.00964631217842301,0.0124548127593395,0.0225217462915073,0.0228406676178565,0.0200921457483976,0.00913518113763227,0.0182675835724998,NaN,NaN,NaN,NaN,NaN,NaN,NaN,NaN,NaN
NaN,NaN,0.00963217470174035,0.0117680368663666,0.0212249913650642,0.0219449029391399,0.0253710869922846,0.00913393316538228,0.0176618886228728,NaN,NaN,NaN,NaN,NaN,NaN,NaN,NaN,NaN
NaN,NaN,0.00842871967082223,0.0119722014011738,0.0228345402914177,0.0217431970959296,0.0211190965249746,0.0118871089604606,0.0180406761404205,NaN,NaN,NaN,NaN,NaN,NaN,NaN,NaN,NaN
NaN,NaN,0.00989454689746102,0.010904700839698,0.0212804423111569,0.02279115850979,0.0231758292987555,0.00793569354088201,0.0167878796394992,NaN,NaN,NaN,NaN,NaN,NaN,NaN,NaN,NaN
NaN,NaN,0.00750497806196412,0.0120326814891693,0.0212526888984333,0.0194812380796066,0.0253467049672812,0.010590223648857,0.0156240989502597,NaN,NaN,NaN,NaN,NaN,NaN,NaN,NaN,NaN
NaN,NaN,0.00864998328809937,0.010807917797744,0.0202106506961475,0.0216324069624534,0.0198131960108488,0.00980545399458303,0.0151117597755122,NaN,NaN,NaN,NaN,NaN,NaN,NaN,NaN,NaN
NaN,NaN,0.00855290222292145,0.0107057330848572,0.0189696633654724,0.0213345513766399,0.024503131605646,0.00968935532243146,0.015048150443666,NaN,NaN,NaN,NaN,NaN,NaN,NaN,NaN,NaN
NaN,NaN,0.00811363461737832,0.0114510332884189,0.0213309013682495,0.0203502551739803,0.0205027286186426,0.0127480235484351,0.0165005479987788,NaN,NaN,NaN,NaN,NaN,NaN,NaN,NaN,NaN
NaN,NaN,0.00942199382310113,0.00898300983923643,0.0203032800394188,0.0211245381360641,0.0220642958059519,0.0084997956243266,0.0160552826758552,NaN,NaN,NaN,NaN,NaN,NaN,NaN,NaN,NaN
NaN,NaN,0.00704686048751076,0.0111648937405941,0.0187322506147514,0.0183627755468478,0.0236475441827982,0.0114244279053916,0.0146687296267676,NaN,NaN,NaN,NaN,NaN,NaN,NaN,NaN,NaN
NaN,NaN,0.00898403006916245,0.0107418684007522,0.019963757081617,0.0199380518024554,0.019042656965515,0.0110372584846724,0.0152800311382938,NaN,NaN,NaN,NaN,NaN,NaN,NaN,NaN,NaN
NaN,NaN,0.00879761654262742,0.0105356549562809,0.0185418696540485,0.0201157295232406,0.0236474324240892,0.0102617461767901,0.0148817230995822,NaN,NaN,NaN,NaN,NaN,NaN,NaN,NaN,NaN
NaN,NaN,0.00728326740985116,0.011106965476453,0.0198206873077046,0.0183928572660079,0.0203448508157938,0.0124917235759009,0.0160628636416125,NaN,NaN,NaN,NaN,NaN,NaN,NaN,NaN,NaN
NaN,NaN,0.00942070859794816,0.0104035002829429,0.0183308692115437,0.019355453652679,0.0223507333770006,0.00955397827298536,0.0141465184327293,NaN,NaN,NaN,NaN,NaN,NaN,NaN,NaN,NaN
NaN,NaN,0.00772925916438302,0.0117524837793705,0.0184974641936909,0.0169673376803985,0.0244575713052958,0.0128955264178027,0.0138779063757587,NaN,NaN,NaN,NaN,NaN,NaN,NaN,NaN,NaN
NaN,NaN,0.00803622308497628,0.0107055840732452,0.0192999103504311,0.0193197653716197,0.0181697096898764,0.0115936119642962,0.0144977574285197,NaN,NaN,NaN,NaN,NaN,NaN,NaN,NaN,NaN
NaN,NaN,0.00911253395800789,0.0105226350666878,0.0178673872190605,0.0189055503433337,0.024337114043495,0.0103158746448268,0.0141363856431174,NaN,NaN,NaN,NaN,NaN,NaN,NaN,NaN,NaN
NaN,NaN,0.00725326019649705,0.0106024866642353,0.0197038435774933,0.0176255219703307,0.0223525215163439,0.013461584278654,0.0155142215129066,NaN,NaN,NaN,NaN,NaN,NaN,NaN,NaN,NaN
NaN,NaN,0.00971858281021317,0.00923700013178556,0.0185097203987728,0.020550657165586,0.0221742663755625,0.0106141586390246,0.0143454116817641,NaN,NaN,NaN,NaN,NaN,NaN,NaN,NaN,NaN
NaN,NaN,0.00603253844504555,0.012446393603265,0.0184017428594719,0.0177543052559486,0.0242928948476523,0.0134170856860389,0.0136383888360191,NaN,NaN,NaN,NaN,NaN,NaN,NaN,NaN,NaN
NaN,NaN,0.00784349519138535,0.0100528945865032,0.0205706441241394,0.0205033087258926,0.0191360127403944,0.0131119099047889,0.0147129674490619,NaN,NaN,NaN,NaN,NaN,NaN,NaN,NaN,NaN
NaN,NaN,0.00789827558522423,0.0085197513641712,0.0188113385277878,0.0198865496640792,0.0241764608993738,0.0114258248892535,0.0147020523484874,NaN,NaN,NaN,NaN,NaN,NaN,NaN,NaN,NaN
NaN,NaN,0.00570622164135178,0.0100312692763206,0.0204488830107342,0.0184409321373096,0.0225830611064642,0.0145675484624614,0.0147412796553302,NaN,NaN,NaN,NaN,NaN,NaN,NaN,NaN,NaN
NaN,NaN,0.00872298035149773,0.00894562655109136,0.0196241037386547,0.0212474354630103,0.0215944621935099,0.0114987660732974,0.0131800477441478,NaN,NaN,NaN,NaN,NaN,NaN,NaN,NaN,NaN
NaN,NaN,0.00497256296997269,0.0104118449332115,0.0190181666451584,0.019268244606792,0.024594960011503,0.0140262451556434,0.0126760345932174,NaN,NaN,NaN,NaN,NaN,NaN,NaN,NaN,NaN
NaN,NaN,0.00670616406326493,0.0100516093613502,0.0208717034596096,0.0200739503925433,0.0190329153313845,0.013979921170782,0.0140528273817229,NaN,NaN,NaN,NaN,NaN,NaN,NaN,NaN,NaN
