F1_2000Hz,F2_1500Hz,F3_1000Hz,F4_900Hz,F5_800Hz,F6_700Hz,F7_600Hz,F8_500Hz,F9_400Hz,F10_200Hz,F11_100Hz,F12_80Hz,F13_600Hz,F14_600Hz,F15_600Hz,F16_600Hz,F17_600Hz,F18_600Hz
NaN,NaN,-0.00181829376864092,-0.000682908784559307,-0.00184092582882537,0.00507498509250581,-0.00335087615045874,0.00163071204345518,-0.00059308977991653,NaN,NaN,NaN,NaN,NaN,NaN,NaN,NaN,NaN
NaN,NaN,-0.000729484546657962,0.00111510257799334,-0.000575034932505029,0.00405749655328691,-0.00466167542132704,0.0013170053474217,0.00139994052976059,NaN,NaN,NaN,NaN,NaN,NaN,NaN,NaN,NaN
NaN,NaN,-0.000982096481796665,-0.000579196702650127,-0.00351771624506606,0.00301357707940042,-0.00338546547087996,0.00314252797882849,-9.7351342750096e-07,NaN,NaN,NaN,NaN,NaN,NaN,NaN,NaN,NaN
NaN,NaN,-0.00244645221876757,-0.000379018228462276,-0.00138377682984962,0.00432547531090677,-0.0050713455954489,0.00120111156623655,-3.04405596883346e-05,NaN,NaN,NaN,NaN,NaN,NaN,NaN,NaN,NaN
NaN,NaN,-0.000690909165617389,0.000517174858638706,-0.00267023132861747,0.0020247173961252,-0.00397447111996977,0.00328764666240507,0.000694836208519215,NaN,NaN,NaN,NaN,NaN,NaN,NaN,NaN,NaN
NaN,NaN,-0.00197021110701219,-0.00135459725182348,-0.00283144326628341,0.00416273600421846,-0.00358184414896338,0.00111798171322638,-0.00115827219754768,NaN,NaN,NaN,NaN,NaN,NaN,NaN,NaN,NaN
NaN,NaN,-0.00169774337458269,-0.000160716216972408,-0.000906641648422616,0.00368062756024301,-0.00507341313156454,0.00152228746931845,0.000925785580572362,NaN,NaN,NaN,NaN,NaN,NaN,NaN,NaN,NaN
NaN,NaN,-0.000791473377224368,-0.000400196503809032,-0.00388754443944587,0.00282384804449976,-0.00336706253680556,0.00343373392145925,-0.00015339376598907,NaN,NaN,NaN,NaN,NaN,NaN,NaN,NaN,NaN
NaN,NaN,-0.0022404995446171,-0.000778611492326793,-0.00179698602975501,0.00463245785795152,-0.00384153413566916,0.00174098063628965,0.000139581689533467,NaN,NaN,NaN,NaN,NaN,NaN,NaN,NaN,NaN
NaN,NaN,-0.000430064338919086,0.00116893302280611,-0.00217879103244438,0.00207869685254991,-0.00384861218723624,0.00336403373997503,0.00102802617281365,NaN,NaN,NaN,NaN,NaN,NaN,NaN,NaN,NaN
NaN,NaN,-0.00191034569191591,-0.00124784905832106,-0.00328367488206519,0.00461012474261224,-0.00316895159873335,0.00183174733441168,-0.00107460217744422,NaN,NaN,NaN,NaN,NaN,NaN,NaN,NaN,NaN
NaN,NaN,-0.00204028381752626,-0.000130466859748897,-0.000992435083996194,0.00370275578461587,-0.0047220810035166,0.00167316172640615,0.00173001987665581,NaN,NaN,NaN,NaN,NaN,NaN,NaN,NaN,NaN
NaN,NaN,-0.000722257483478946,-0.000171947967222271,-0.00412978144110336,0.00233631930314004,-0.00363731372150748,0.00393828723948294,0.000230124870237584,NaN,NaN,NaN,NaN,NaN,NaN,NaN,NaN,NaN
NaN,NaN,-0.00255122600841181,-0.000982962291648922,-0.00212309794248237,0.00442363671027124,-0.00386826309356062,0.000989813100507793,2.51780244677016e-05,NaN,NaN,NaN,NaN,NaN,NaN,NaN,NaN,NaN
NaN,NaN,-0.000389477301117343,0.00134694601971811,-0.00192867504180564,0.00284269801340997,-0.00399442004951804,0.00299869452040487,0.000695413628515477,NaN,NaN,NaN,NaN,NaN,NaN,NaN,NaN,NaN
NaN,NaN,-0.00190082757520334,-0.00143353615324789,-0.00375660048545493,0.00407794839702547,-0.00277956563028662,0.00168303374569708,-0.000779242536130672,NaN,NaN,NaN,NaN,NaN,NaN,NaN,NaN,NaN
NaN,NaN,-0.00176381139802591,0.0003752599247188,-0.000892429665933984,0.00401128432713449,-0.00480051699075072,0.00197742481153303,0.00095609081715035,NaN,NaN,NaN,NaN,NaN,NaN,NaN,NaN,NaN
NaN,NaN,-0.00102573825764315,0.000322863716670933,-0.00448703678072585,0.00224570161662996,-0.00353712203893034,0.00355288733165556,0.000190431902107472,NaN,NaN,NaN,NaN,NaN,NaN,NaN,NaN,NaN
NaN,NaN,-0.00286107702898638,-0.00142224852364355,-0.00252712430180206,0.00417061499319971,-0.00416133168134062,0.00104245145242506,-0.000489955118003612,NaN,NaN,NaN,NaN,NaN,NaN,NaN,NaN,NaN
NaN,NaN,-0.00110488205003397,0.00057107980925745,-0.00250125216067924,0.00210468075238168,-0.0046559757271704,0.002124033611229,0.000507398227152104,NaN,NaN,NaN,NaN,NaN,NaN,NaN,NaN,NaN
NaN,NaN,-0.0023443978910412,-0.00201337758820349,-0.00448124395431175,0.00276446691714227,-0.00403096514734595,0.00166252602260405,-0.000846744796338802,NaN,NaN,NaN,NaN,NaN,NaN,NaN,NaN,NaN
NaN,NaN,-0.0026156735305752,-0.000267389904668865,-0.00157309608281745,0.00297887600027025,-0.00527716788443892,0.00104425821821981,0.000845114419159169,NaN,NaN,NaN,NaN,NaN,NaN,NaN,NaN,NaN
NaN,NaN,-0.0011864286546673,5.04891164988902e-05,-0.00386755825699462,0.0012527999933809,-0.00416190910133688,0.00248883266370588,0.000379415878948445,NaN,NaN,NaN,NaN,NaN,NaN,NaN,NaN,NaN
NaN,NaN,-0.00372033386277811,-0.00176201362531477,-0.00321423547090186,0.00400210148654878,-0.00423943239244788,0.000486880283763943,-0.000646678080859904,NaN,NaN,NaN,NaN,NaN,NaN,NaN,NaN,NaN
NaN,NaN,-0.00172380178022043,0.000537906099149647,-0.00246068374932899,0.0018328835722059,-0.00506899866256087,0.00184685338657194,0.000819912830290074,NaN,NaN,NaN,NaN,NaN,NaN,NaN,NaN,NaN
NaN,NaN,-0.00294027670073168,-0.00223756555836493,-0.00479498790324821,0.00179093680344522,-0.00387904780897467,0.00120308597009474,-0.000803717693391566,NaN,NaN,NaN,NaN,NaN,NaN,NaN,NaN,NaN
NaN,NaN,-0.00280294387387888,-0.000141549598386822,-0.00125620426357879,0.00322234234772623,-0.00495832028779356,0.000913444649389324,0.000305878648456807,NaN,NaN,NaN,NaN,NaN,NaN,NaN,NaN,NaN
NaN,NaN,-0.000956187087770862,-0.000517151992729244,-0.00435238616288795,0.000742733245715499,-0.00454706686529486,0.0022785586528092,0.000150385031399007,NaN,NaN,NaN,NaN,NaN,NaN,NaN,NaN,NaN
NaN,NaN,-0.00351184799122469,-0.00154738102476889,-0.00343959690750732,0.0042205338831991,-0.00467858823928206,0.000799264501741466,-0.000839107951226955,NaN,NaN,NaN,NaN,NaN,NaN,NaN,NaN,NaN
NaN,NaN,-0.00153709023046152,0.000100389380046787,-0.0023158072096218,0.00144256628118455,-0.00567091244253485,0.00138910834114843,0.00119184581368851,NaN,NaN,NaN,NaN,NaN,NaN,NaN,NaN,NaN
NaN,NaN,-0.00204376696395533,-0.00142798547070318,-0.00408491031945838,0.00280749402008951,-0.00336626159939139,0.00194162477176481,-3.07758358151962e-05,NaN,NaN,NaN,NaN,NaN,NaN,NaN,NaN,NaN
NaN,NaN,-0.00225288613485949,-0.000486492853572902,-0.00140512274325981,0.00348484492860735,-0.00451173248681395,0.00104572970788771,0.000796555260118718,NaN,NaN,NaN,NaN,NaN,NaN,NaN,NaN,NaN
NaN,NaN,-0.000240987229820651,0.00035985584933466,-0.00317731784404411,0.00164822093211114,-0.00430473673137991,0.00256536875288778,0.000818757990297551,NaN,NaN,NaN,NaN,NaN,NaN,NaN,NaN,NaN
NaN,NaN,-0.00264655618714945,-0.00124285716932112,-0.00278578983367576,0.00462748459540308,-0.00360449391397803,0.00111583967130476,-0.000707214048209911,NaN,NaN,NaN,NaN,NaN,NaN,NaN,NaN,NaN
NaN,NaN,-0.00076463266062395,0.00161580022055811,-0.0017379215520729,0.00290580443106592,-0.00462669494542448,0.00182677407186323,0.0016341309043734,NaN,NaN,NaN,NaN,NaN,NaN,NaN,NaN,NaN
NaN,NaN,-0.00111115916418688,-0.000556360673120556,-0.00382283614696159,0.00342777348123491,-0.00248463439735739,0.00314705420654112,0.000450270900425191,NaN,NaN,NaN,NaN,NaN,NaN,NaN,NaN,NaN
NaN,NaN,-0.00178010954308168,0.000264339406082096,-0.00166611658157005,0.00406492850743234,-0.00397774937543242,0.00146706004064375,0.000962703207430119,NaN,NaN,NaN,NaN,NaN,NaN,NaN,NaN,NaN
NaN,NaN,-0.000384392279859943,0.000314798463174763,-0.00317525030792846,0.00256445608101785,-0.00394010531696646,0.00340443451326185,0.001262123415169,NaN,NaN,NaN,NaN,NaN,NaN,NaN,NaN,NaN
NaN,NaN,-0.00315256236838953,-0.00101106960695082,-0.00338686542333259,0.00485420576296747,-0.0033553464988169,0.00187421564381414,0.00012654317348885,NaN,NaN,NaN,NaN,NaN,NaN,NaN,NaN,NaN
NaN,NaN,-0.000923255521532459,0.00101487364251322,-0.00104052858174934,0.00357825658284128,-0.00470764550361006,0.00193987388532454,0.00214335946172165,NaN,NaN,NaN,NaN,NaN,NaN,NaN,NaN,NaN
NaN,NaN,-0.00106153829741136,-0.000654857348611889,-0.00401368276895179,0.00308469287119806,-0.0026217064538893,0.00317605559151464,0.000351736972030873,NaN,NaN,NaN,NaN,NaN,NaN,NaN,NaN,NaN
NaN,NaN,-0.00171935005831377,-0.000404685478618679,-0.00197742046536102,0.00430547050200403,-0.00428936990889876,0.0013351847640782,-0.000134059509340053,NaN,NaN,NaN,NaN,NaN,NaN,NaN,NaN,NaN
NaN,NaN,-0.00160582183646814,-0.000124040733984051,-0.00345475883902206,0.00238795182667673,-0.00410407396945326,0.00303553764145666,0.000500580945905919,NaN,NaN,NaN,NaN,NaN,NaN,NaN,NaN,NaN
NaN,NaN,-0.00335674552964823,-0.000993691127708492,-0.00368431122721328,0.00408826745115221,-0.00339567276629775,0.00122176830094152,-0.00128627317220283,NaN,NaN,NaN,NaN,NaN,NaN,NaN,NaN,NaN
NaN,NaN,-0.00244278280782358,-0.000482320528438625,-0.00151708634318008,0.00321889645420015,-0.005131658045381,0.00073872853439146,0.000669019946750874,NaN,NaN,NaN,NaN,NaN,NaN,NaN,NaN,NaN
NaN,NaN,-0.0015683826689686,-0.00109449748318487,-0.00471709208310737,0.00179797760210931,-0.00307775649222701,0.00263324354212576,-0.00172097729713035,NaN,NaN,NaN,NaN,NaN,NaN,NaN,NaN,NaN
NaN,NaN,-0.0030419398729767,-0.00164703254025274,-0.00263901339591636,0.00438161543570459,-0.00490380066427557,0.000437427055051861,-0.000916556736531978,NaN,NaN,NaN,NaN,NaN,NaN,NaN,NaN,NaN
NaN,NaN,-0.00110350369262354,0.000369262207338276,-0.00326756300152435,0.00161823234520853,-0.00444171565565436,0.00205496672909552,0.000125611850914235,NaN,NaN,NaN,NaN,NaN,NaN,NaN,NaN,NaN
NaN,NaN,-0.00352695404338495,-0.00138814349096113,-0.00412590713919296,0.00360599136911333,-0.00433928879889815,0.000994264822414455,-0.00144042568475318,NaN,NaN,NaN,NaN,NaN,NaN,NaN,NaN,NaN
NaN,NaN,-0.00185096456455843,-0.000518753867557583,-0.00135339708746566,0.00334320939145982,-0.00531384336742728,0.000101703893354473,-0.000325055142942195,NaN,NaN,NaN,NaN,NaN,NaN,NaN,NaN,NaN
NaN,NaN,-0.00126479013609545,-0.000513873737266598,-0.00518089072526588,0.00142990029416978,-0.00416906165870993,0.00248607594888502,-0.00174174579054428,NaN,NaN,NaN,NaN,NaN,NaN,NaN,NaN,NaN
NaN,NaN,-0.00213134853887216,-0.00157649416845137,-0.00306418077767982,0.00421153730712831,-0.00566701951417296,-0.000535600144454899,-0.00104152159959388,NaN,NaN,NaN,NaN,NaN,NaN,NaN,NaN,NaN
NaN,NaN,-0.00100062980103151,0.00121808822829432,-0.00322850333274497,0.001330062514171,-0.00529629725012152,0.00165244911234671,8.94951614706467e-05,NaN,NaN,NaN,NaN,NaN,NaN,NaN,NaN,NaN
NaN,NaN,-0.00231034873771326,-0.00133835498612219,-0.00416325317443504,0.00402793637476861,-0.00452944624218314,0.000789038579872189,-0.00109285609990669,NaN,NaN,NaN,NaN,NaN,NaN,NaN,NaN,NaN
NaN,NaN,-0.00147599546956675,-0.000600710254123745,-0.00187754543245925,0.00345005071721971,-0.00486531841549246,0.000421054404190121,-0.00030719237596107,NaN,NaN,NaN,NaN,NaN,NaN,NaN,NaN,NaN
NaN,NaN,-0.000427065480228824,7.55514580911664e-06,-0.00455874861897125,0.00176763511262834,-0.00415701034459441,0.0025270541421681,-0.000402168652120357,NaN,NaN,NaN,NaN,NaN,NaN,NaN,NaN,NaN
NaN,NaN,-0.00227063714313166,-0.000813945870807705,-0.0020213043850769,0.0045075302477926,-0.00431920948418944,0.000141713511159954,1.83607432215164e-05,NaN,NaN,NaN,NaN,NaN,NaN,NaN,NaN,NaN
NaN,NaN,-0.000634638655659122,0.00199574257809824,-0.00211572186769142,0.00210892758332193,-0.0051030664423403,0.00210289258878523,0.00119771314590859,NaN,NaN,NaN,NaN,NaN,NaN,NaN,NaN,NaN
NaN,NaN,-0.00137844874310152,-0.00155423555891806,-0.00391416163862838,0.00353442854247987,-0.00378284218701689,0.00150578443329626,-0.000710343292060619,NaN,NaN,NaN,NaN,NaN,NaN,NaN,NaN,NaN
NaN,NaN,-0.001299770611998,-0.000159822147300777,-0.0013077622813095,0.00281343585811555,-0.00521447124871581,0.00116763983290487,-8.77355244786789e-05,NaN,NaN,NaN,NaN,NaN,NaN,NaN,NaN,NaN
NaN,NaN,-0.000604799080368442,-0.000315855931451854,-0.0038518747848381,0.00170657760463655,-0.0040223597267565,0.00312116343896681,0.000146771499809499,NaN,NaN,NaN,NaN,NaN,NaN,NaN,NaN,NaN
NaN,NaN,-0.00348819239782946,-0.00112768981974417,-0.00269766809166564,0.00419445685110986,-0.00359452876242964,0.000495057295969067,-0.000508898219171291,NaN,NaN,NaN,NaN,NaN,NaN,NaN,NaN,NaN
NaN,NaN,-0.00131977542090074,0.000881061214992466,-0.00228611664594306,0.0022412498947233,-0.00527442979606955,0.00260660771649176,0.00158320618599343,NaN,NaN,NaN,NaN,NaN,NaN,NaN,NaN,NaN
NaN,NaN,-0.00188790081786768,-0.00246242408078009,-0.00488951714457168,0.00292053795419633,-0.00324284273180335,0.00257388104121977,-0.00082189711004806,NaN,NaN,NaN,NaN,NaN,NaN,NaN,NaN,NaN
NaN,NaN,-0.00180164172100679,-0.000796697776725826,-0.00188166187823905,0.00332108116708696,-0.00497031572255461,0.00129113320629889,9.4934085306401e-05,NaN,NaN,NaN,NaN,NaN,NaN,NaN,NaN,NaN
NaN,NaN,-0.00113244919824259,0.000204175967761936,-0.00425988720477714,0.00178497633896768,-0.00389413523468344,0.00269256879012877,0.000103688517507786,NaN,NaN,NaN,NaN,NaN,NaN,NaN,NaN,NaN
NaN,NaN,-0.00384688197421686,-0.00111593652885252,-0.00313891010106696,0.00398075557313859,-0.00442456069382994,0.000838789831808147,-0.000454602113071208,NaN,NaN,NaN,NaN,NaN,NaN,NaN,NaN,NaN
NaN,NaN,-0.00207520841407434,-0.000677320849111614,-0.00263526947916641,0.00169204897247255,-0.00560396897587149,0.001562110822609,0.000488361993726964,NaN,NaN,NaN,NaN,NaN,NaN,NaN,NaN,NaN
NaN,NaN,-0.00242534844922678,-0.00250448260824972,-0.00562701286495818,0.00189759186469018,-0.00332315999063818,0.00203527856986815,-0.00121854739457679,NaN,NaN,NaN,NaN,NaN,NaN,NaN,NaN,NaN
NaN,NaN,-0.0027876329307522,-0.00108469996969992,-0.00263681547464027,0.0025742722209543,-0.00619712832364409,0.000158365558794079,-0.000191503485742335,NaN,NaN,NaN,NaN,NaN,NaN,NaN,NaN,NaN
NaN,NaN,-0.00108150585341112,0.000322826463767948,-0.00467054458082809,0.0012809073086828,-0.00425379338654845,0.00210332099716955,-6.62405994565534e-05,NaN,NaN,NaN,NaN,NaN,NaN,NaN,NaN,NaN
NaN,NaN,-0.00332910387563364,-0.00189871315281683,-0.00306382687510146,0.00389390042982996,-0.00479694071206419,1.01362578182789e-05,-0.000646026155057674,NaN,NaN,NaN,NaN,NaN,NaN,NaN,NaN,NaN
NaN,NaN,-0.00163178710984842,-0.000529743473938045,-0.00280693085611953,0.00207115313969553,-0.00521503004226058,0.00111980710547262,0.000132894793447728,NaN,NaN,NaN,NaN,NaN,NaN,NaN,NaN,NaN
NaN,NaN,-0.00147962762760775,-0.00188368160646254,-0.00497141765178336,0.00178264803253114,-0.00388206529411643,0.00181822453062826,-0.00106171267301155,NaN,NaN,NaN,NaN,NaN,NaN,NaN,NaN,NaN
NaN,NaN,-0.00214228226589815,-0.000642340373209057,-0.00231884332121505,0.00306804082356393,-0.00508572521600096,9.10495631008719e-05,-0.000456185361448055,NaN,NaN,NaN,NaN,NaN,NaN,NaN,NaN,NaN
NaN,NaN,-0.00115794881033556,0.000658139843532505,-0.00394903035582198,0.00141164637170732,-0.00437963369283049,0.00177251521866613,0.000805458703932042,NaN,NaN,NaN,NaN,NaN,NaN,NaN,NaN,NaN
NaN,NaN,-0.00281963317441599,-0.00252821270745092,-0.00332262279213561,0.00387188396416605,-0.00418666365537016,0.000646993260791836,-0.000114166459146266,NaN,NaN,NaN,NaN,NaN,NaN,NaN,NaN,NaN
NaN,NaN,-0.001365186709639,-1.7385672739086e-05,-0.00257916660727157,0.00228537595830858,-0.00508246558698981,0.00111982573192411,0.000764406004842992,NaN,NaN,NaN,NaN,NaN,NaN,NaN,NaN,NaN
NaN,NaN,-0.000770313728329105,-0.00106855083625608,-0.00410983251155509,0.00240629888139665,-0.00352622556480734,0.00213269491117292,-0.000122082701030497,NaN,NaN,NaN,NaN,NaN,NaN,NaN,NaN,NaN
NaN,NaN,-0.00235127105164186,0.000513132918664875,-0.0018159105044712,0.00454610562883317,-0.00453048932346671,0.00027442697804266,7.573021381783e-05,NaN,NaN,NaN,NaN,NaN,NaN,NaN,NaN,NaN
NaN,NaN,-0.00103905617046015,0.000454627234527531,-0.00295489938677444,0.00218544504605234,-0.00400507437977164,0.00267137188833052,0.00132554648250031,NaN,NaN,NaN,NaN,NaN,NaN,NaN,NaN,NaN
NaN,NaN,-0.00213546498465197,-0.00155740205567175,-0.00275527970613136,0.00423416844569147,-0.00316436949166625,0.00139313165467077,0.000174897441562886,NaN,NaN,NaN,NaN,NaN,NaN,NaN,NaN,NaN
NaN,NaN,-0.00124912529039041,2.63864882678416e-05,-0.00155344517649307,0.00269485986791551,-0.00462796154412596,0.0013930757753163,0.00142676261990952,NaN,NaN,NaN,NaN,NaN,NaN,NaN,NaN,NaN
NaN,NaN,-0.000466218281265659,1.35528631896403e-05,-0.00393913971007957,0.00279397121630609,-0.00347872811350195,0.00181680892031485,2.08008083670093e-05,NaN,NaN,NaN,NaN,NaN,NaN,NaN,NaN,NaN
NaN,NaN,-0.00239556475329058,-0.000262323509862957,-0.001637171075951,0.00477159745059907,-0.00399773555788367,0.000654779117515621,0.000131926217970128,NaN,NaN,NaN,NaN,NaN,NaN,NaN,NaN,NaN
NaN,NaN,-0.000961290735479755,0.000312079001256886,-0.00275047408164634,0.00227608135901392,-0.00397253396901457,0.00253219504277998,0.00165247795909333,NaN,NaN,NaN,NaN,NaN,NaN,NaN,NaN,NaN
NaN,NaN,-0.00203784375238077,-0.00161765862624937,-0.00332074152053489,0.00355428433977067,-0.00359540420564978,0.00170545999329382,-0.000107013901773219,NaN,NaN,NaN,NaN,NaN,NaN,NaN,NaN,NaN
NaN,NaN,-0.00183015881824152,0.000204473990985813,-0.00175025226296081,0.00313917524181306,-0.0052164270261225,0.00106891963999563,0.00143691403597283,NaN,NaN,NaN,NaN,NaN,NaN,NaN,NaN,NaN
NaN,NaN,-0.000350156862017078,0.000443768013307514,-0.00363385217012061,0.00282315886579454,-0.00324995803627341,0.00246633191030317,9.93858072130631e-05,NaN,NaN,NaN,NaN,NaN,NaN,NaN,NaN,NaN
NaN,NaN,-0.00269988371777193,-0.000860996287277279,-0.00253636302174224,0.00429209670983255,-0.00415378796848624,6.07629529743765e-05,-0.000300989767614131,NaN,NaN,NaN,NaN,NaN,NaN,NaN,NaN,NaN
NaN,NaN,-0.000483186978575153,-7.25288312726957e-06,-0.0027856967014183,0.00187741941772401,-0.00439412507209151,0.00240745369713598,0.000515631118711705,NaN,NaN,NaN,NaN,NaN,NaN,NaN,NaN,NaN
NaN,NaN,-0.00286396412896769,-0.0019830723516255,-0.00443143682302131,0.00288978568278253,-0.00381426501068442,0.0012736615947991,-0.000974932035508876,NaN,NaN,NaN,NaN,NaN,NaN,NaN,NaN,NaN
NaN,NaN,-0.00229252322363512,-0.000343274068048534,-0.00257216306151046,0.00307938433252275,-0.00461984041127532,0.000832997005394039,0.000424044856724019,NaN,NaN,NaN,NaN,NaN,NaN,NaN,NaN,NaN
NaN,NaN,-0.000870635796066684,0.000222802419254246,-0.00475563021124496,0.00209166086278856,-0.00337499740514128,0.00208389360826307,-0.000165705850425486,NaN,NaN,NaN,NaN,NaN,NaN,NaN,NaN,NaN
NaN,NaN,-0.00307831733274118,-0.0016854030303269,-0.0032160794895996,0.00418795621953905,-0.00436713534387915,0.000504947941711483,-0.000548796078267818,NaN,NaN,NaN,NaN,NaN,NaN,NaN,NaN,NaN
NaN,NaN,-0.000939516413685245,-0.000127132724931774,-0.00337649048985137,0.00187058351002634,-0.00429495784434645,0.00239560727398687,0.000370065400299306,NaN,NaN,NaN,NaN,NaN,NaN,NaN,NaN,NaN
NaN,NaN,-0.00229772000360147,-0.00175003681700521,-0.00454462976874008,0.00284944078885019,-0.00393615650925009,0.0012647022716313,-0.000321478864255671,NaN,NaN,NaN,NaN,NaN,NaN,NaN,NaN,NaN
NaN,NaN,-0.00185485749292032,-0.000377770256212292,-0.0023388295036663,0.00334671116434038,-0.00475797417554228,0.00032257635515028,-0.000118860324922328,NaN,NaN,NaN,NaN,NaN,NaN,NaN,NaN,NaN
NaN,NaN,-0.000816525954481525,-8.2187097480831e-05,-0.00454123975456848,0.00187330297194421,-0.00415986019167273,0.00253059316795164,-0.000419472625556712,NaN,NaN,NaN,NaN,NaN,NaN,NaN,NaN,NaN
NaN,NaN,-0.00297426997470514,-0.00241699416559034,-0.00385099934161796,0.00442237011156976,-0.00406708183678954,0.000470414500644741,-0.00146251665622306,NaN,NaN,NaN,NaN,NaN,NaN,NaN,NaN,NaN
NaN,NaN,-0.00142879604148523,0.000296488661357823,-0.00294459895909919,0.00182018033228815,-0.00466769176515906,0.00192284930866056,0.000691297182735677,NaN,NaN,NaN,NaN,NaN,NaN,NaN,NaN,NaN
NaN,NaN,-0.00238835631656305,-0.00186265234272772,-0.00503389077008857,0.00349471694789827,-0.00344670924338667,0.00104878444593245,-0.000431114157739406,NaN,NaN,NaN,NaN,NaN,NaN,NaN,NaN,NaN
NaN,NaN,-0.00198945223140375,-0.000121898692062435,-0.00170577229679717,0.00375029048882425,-0.00499486538562148,0.000788442533424435,0.00033445162504601,NaN,NaN,NaN,NaN,NaN,NaN,NaN,NaN,NaN
NaN,NaN,-0.000604631442305011,-0.000182769935539303,-0.0041311411720623,0.00253003439866006,-0.00363854306730597,0.00260850761454397,0.000577172914442296,NaN,NaN,NaN,NaN,NaN,NaN,NaN,NaN,NaN
NaN,NaN,-0.0023192149286236,-0.00190033365409666,-0.00290987925351753,0.00449812388978899,-0.0038457995930609,0.00124661598723227,-0.00106381746203018,NaN,NaN,NaN,NaN,NaN,NaN,NaN,NaN,NaN
NaN,NaN,-0.000962669092890186,0.00142582904178804,-0.00218614848078384,0.00314679346047342,-0.00425144645366042,0.00159686778109365,0.00132936490505623,NaN,NaN,NaN,NaN,NaN,NaN,NaN,NaN,NaN
NaN,NaN,-0.00135585485744135,-0.0012198907546311,-0.00363569618881835,0.00362990773282945,-0.00326579052004187,0.0016292219273358,-3.9120486083751e-05,NaN,NaN,NaN,NaN,NaN,NaN,NaN,NaN,NaN
NaN,NaN,-0.00179162069010393,0.000252977270671788,-0.00148827122272147,0.00435263267718256,-0.00423336016926138,0.000958762805870113,0.000110990086492772,NaN,NaN,NaN,NaN,NaN,NaN,NaN,NaN,NaN
NaN,NaN,-0.000598969001051349,-0.000195752572229442,-0.00309800641358985,0.00204906216822565,-0.00404134008082716,0.00249216679852301,0.000175921896394963,NaN,NaN,NaN,NaN,NaN,NaN,NaN,NaN,NaN
NaN,NaN,-0.00251261337446825,-0.00085253987829977,-0.00339720310391082,0.00352271250449121,-0.00364603090080588,0.000723026435783443,-0.00115231173307014,NaN,NaN,NaN,NaN,NaN,NaN,NaN,NaN,NaN
NaN,NaN,-0.00152578397440569,0.000974118966648045,-0.00124303536237373,0.00298230326734483,-0.00473685177955,0.000975955020597515,0.00117649761765885,NaN,NaN,NaN,NaN,NaN,NaN,NaN,NaN,NaN
NaN,NaN,-0.00138176425146715,-0.000622056167533932,-0.00382294790567054,0.00244398019276559,-0.00335694837364523,0.00183355410020643,-0.000393507352176433,NaN,NaN,NaN,NaN,NaN,NaN,NaN,NaN,NaN
NaN,NaN,-0.00239347859072344,-0.000486269336154995,-0.00225080089391364,0.00405107042752206,-0.00379943835529654,0.00181112785260969,-0.000100867172780757,NaN,NaN,NaN,NaN,NaN,NaN,NaN,NaN,NaN
NaN,NaN,-0.000718588072534961,-0.00014678363125616,-0.00299589620650901,0.00101434416137636,-0.00444398808273642,0.00251563612740332,5.9171298441167e-05,NaN,NaN,NaN,NaN,NaN,NaN,NaN,NaN,NaN
NaN,NaN,-0.00279906957196848,-0.00109142411868864,-0.00407088460148467,0.00298532075248659,-0.00364187720212309,0.000669512640646038,-0.000768960734906917,NaN,NaN,NaN,NaN,NaN,NaN,NaN,NaN,NaN
NaN,NaN,-0.00191537483381884,-7.33581594734761e-05,-0.00234922306359901,0.00241356319747865,-0.00557446467670767,0.000483117740562496,0.000647711286243672,NaN,NaN,NaN,NaN,NaN,NaN,NaN,NaN,NaN
NaN,NaN,-0.00222468568730013,-0.000807761888912258,-0.00531352968634261,0.00158470473252237,-0.00371247145327895,0.00239322308819586,-0.00103917466670585,NaN,NaN,NaN,NaN,NaN,NaN,NaN,NaN,NaN
NaN,NaN,-0.00284360541748659,-0.00178622801225477,-0.00297035934151306,0.00322794890962541,-0.00538535031470625,0.000517725687435207,-0.000720531961026912,NaN,NaN,NaN,NaN,NaN,NaN,NaN,NaN,NaN
NaN,NaN,-0.00139189704107897,0.000111453492233219,-0.00348813744009628,0.000860545551404357,-0.0047266817370352,0.0013267097286492,-0.00101672979265762,NaN,NaN,NaN,NaN,NaN,NaN,NaN,NaN,NaN
NaN,NaN,-0.00285517244386332,-0.00177393455426985,-0.00474739731968536,0.00264922506175935,-0.00425556289944022,0.000452067445924816,-0.00142511474162651,NaN,NaN,NaN,NaN,NaN,NaN,NaN,NaN,NaN
NaN,NaN,-0.00174278213429109,-0.000437821935823498,-0.00250209035099639,0.00223307288251817,-0.00553592654857009,0.000375922512224254,-1.64707210691026e-05,NaN,NaN,NaN,NaN,NaN,NaN,NaN,NaN,NaN
NaN,NaN,-0.00180473371195452,-0.00132583801071936,-0.00507177697242393,0.000944792991504074,-0.00409373628887503,0.00240529302876287,-0.00134489061504913,NaN,NaN,NaN,NaN,NaN,NaN,NaN,NaN,NaN
NaN,NaN,-0.00283356576013224,-0.00167769167940908,-0.00233730213464393,0.00367291620932519,-0.00463697674664824,9.42160598545643e-05,-0.00150150181919647,NaN,NaN,NaN,NaN,NaN,NaN,NaN,NaN,NaN
NaN,NaN,-0.00127104862379686,-8.9172016790447e-05,-0.00358097167433395,0.00100313103757799,-0.00435553106459944,0.00122694645445639,-0.000835345408025508,NaN,NaN,NaN,NaN,NaN,NaN,NaN,NaN,NaN
NaN,NaN,-0.00257782458114283,-0.00156541142981344,-0.00461421819151534,0.00284809968434274,-0.00409690278562872,0.000141005706003246,-0.000964389463964229,NaN,NaN,NaN,NaN,NaN,NaN,NaN,NaN,NaN
NaN,NaN,-0.00146152271675722,-0.000530805181673107,-0.00248944299043311,0.00246242037974298,-0.00502321484479277,0.000405743461063442,-0.000115209540429836,NaN,NaN,NaN,NaN,NaN,NaN,NaN,NaN,NaN
NaN,NaN,-0.00110486342358248,-0.00062147874753767,-0.00441472889603271,0.00109510845504701,-0.00408054876121848,0.00232987452667051,-0.000826590975824122,NaN,NaN,NaN,NaN,NaN,NaN,NaN,NaN,NaN
NaN,NaN,-0.00166261388706819,-0.00145057935636335,-0.00291142524899139,0.00421043834649026,-0.00434539827498763,0.000159799795558986,-0.00129754217535568,NaN,NaN,NaN,NaN,NaN,NaN,NaN,NaN,NaN
NaN,NaN,-9.54587643112367e-05,0.000853307802268925,-0.00316744582475318,0.00136193237267435,-0.00487232196125357,0.00132134531061941,0.000180280486044164,NaN,NaN,NaN,NaN,NaN,NaN,NaN,NaN,NaN
NaN,NaN,-0.00145749940323488,-0.00151452396433645,-0.00452767969788207,0.00370912603102624,-0.00358320387992232,0.00184942383687788,-0.000726157149377589,NaN,NaN,NaN,NaN,NaN,NaN,NaN,NaN,NaN
NaN,NaN,-0.000942776042696399,-5.14720789700124e-05,-0.00156376423061981,0.00299429870210588,-0.00457020091804831,0.000937659036329327,0.000641098895963902,NaN,NaN,NaN,NaN,NaN,NaN,NaN,NaN,NaN
NaN,NaN,6.15808482204253e-05,-0.00048816923420721,-0.00385532067836418,0.00199528760276735,-0.00376328441294997,0.00266740445416265,9.93113014070937e-05,NaN,NaN,NaN,NaN,NaN,NaN,NaN,NaN,NaN
NaN,NaN,-0.000832563329216403,-0.00130905557792479,-0.00301683233798637,0.00407604849897325,-0.00439138698372214,-0.00017018641907877,-0.000534267446103816,NaN,NaN,NaN,NaN,NaN,NaN,NaN,NaN,NaN
NaN,NaN,0.000620076369765836,0.000211738307067814,-0.00268995674074783,0.00234820297919214,-0.00503861892017691,0.00208353970568472,0.00133439404695916,NaN,NaN,NaN,NaN,NaN,NaN,NaN,NaN,NaN
NaN,NaN,-0.000517962563511295,-0.00167048324268156,-0.00513475300491943,0.00297252438031137,-0.00338431063088744,0.00205118555944258,5.13481888143966e-05,NaN,NaN,NaN,NaN,NaN,NaN,NaN,NaN,NaN
NaN,NaN,-3.64129130806153e-05,-0.000275678675582943,-0.00150518404067649,0.00383744365535676,-0.00439209478887885,0.000943731259515819,0.000998279729780431,NaN,NaN,NaN,NaN,NaN,NaN,NaN,NaN,NaN
NaN,NaN,0.00099102215123518,0.000375315804073277,-0.0037540114086975,0.00207441276870668,-0.00395215663108199,0.0023456511310845,0.000345757881101842,NaN,NaN,NaN,NaN,NaN,NaN,NaN,NaN,NaN
NaN,NaN,-0.000302156496521396,-0.00184635419767195,-0.00337269069374694,0.00443106866441667,-0.00410558271202414,0.00039371077339941,-0.000303504338565593,NaN,NaN,NaN,NaN,NaN,NaN,NaN,NaN,NaN
NaN,NaN,0.000192319911244946,0.000109628099986973,-0.00246461393059387,0.0024514680262655,-0.00503858166727393,0.00126306314389997,0.00143292797535347,NaN,NaN,NaN,NaN,NaN,NaN,NaN,NaN,NaN
NaN,NaN,-0.00105792476582186,-0.00186557669561201,-0.00505154864610328,0.00239661312662065,-0.00355375546011298,0.00214372177045637,-0.000276440104547267,NaN,NaN,NaN,NaN,NaN,NaN,NaN,NaN,NaN
NaN,NaN,-0.000788269627567691,-0.000678289424589214,-0.00179763795555724,0.003420285647735,-0.00457172828707068,4.58617917805289e-05,0.000191884765323872,NaN,NaN,NaN,NaN,NaN,NaN,NaN,NaN,NaN
NaN,NaN,0.000553058397296506,0.000189405191728535,-0.0038872277897705,0.00139635405503213,-0.00398689496311514,0.00246635053675467,-0.000530877431932216,NaN,NaN,NaN,NaN,NaN,NaN,NaN,NaN,NaN
NaN,NaN,-0.000767501134153766,-0.00236253042142683,-0.00421959819019927,0.00466743833385408,-0.00458974006566374,0.000622611235788402,-0.000445549657645946,NaN,NaN,NaN,NaN,NaN,NaN,NaN,NaN,NaN
NaN,NaN,0.00074802146506651,6.39374144763377e-05,-0.00181211070836677,0.00248350552283227,-0.00493593129309981,0.00183219436924749,0.000700889805254216,NaN,NaN,NaN,NaN,NaN,NaN,NaN,NaN,NaN
NaN,NaN,-0.000330077547308368,-0.00105174977701002,-0.00510394485415115,0.00188598758541048,-0.0037026553133425,0.00191890050094419,-0.00020919861466003,NaN,NaN,NaN,NaN,NaN,NaN,NaN,NaN,NaN
NaN,NaN,-0.000338124174353046,-0.000412322323730526,-0.00157780857504501,0.00345385051332414,-0.00438613432440131,0.000276382755449352,-0.000179582556787257,NaN,NaN,NaN,NaN,NaN,NaN,NaN,NaN,NaN
NaN,NaN,0.00138040811968191,-3.56954745560262e-05,-0.00464010895908965,0.000895172124728561,-0.00457373994383185,0.00222482134025389,0.000289338359531636,NaN,NaN,NaN,NaN,NaN,NaN,NaN,NaN,NaN
NaN,NaN,-0.000467019218679828,-0.00188247088711554,-0.00356273637832298,0.00399522832594812,-0.00392607959899275,0.000788200389555035,-0.000295792987647777,NaN,NaN,NaN,NaN,NaN,NaN,NaN,NaN,NaN
NaN,NaN,0.000573361229423123,-0.000315148126295147,-0.00186489807189597,0.00261331326328218,-0.00451812135967581,0.00130242083590322,0.000969799885448689,NaN,NaN,NaN,NaN,NaN,NaN,NaN,NaN,NaN
NaN,NaN,6.69825191531951e-05,-0.000814839940479336,-0.00477949069560661,0.00251215300522745,-0.00317355233225195,0.00211917210738951,1.69078800051162e-05,NaN,NaN,NaN,NaN,NaN,NaN,NaN,NaN,NaN
NaN,NaN,0.00053309084129675,-0.000668138008525905,-0.00205848278225555,0.00403235084377229,-0.00363040330800383,0.000797755759170589,0.000331024357971425,NaN,NaN,NaN,NaN,NaN,NaN,NaN,NaN,NaN
NaN,NaN,0.00173175887418135,6.11061938495067e-05,-0.00383384437979354,0.00211421749554575,-0.00393410759958594,0.00313077468793684,0.00159402815431046,NaN,NaN,NaN,NaN,NaN,NaN,NaN,NaN,NaN
NaN,NaN,0.000349955570224362,-0.00154430766027266,-0.00332273455084457,0.00458402908407152,-0.00329367431792586,0.00178655956309134,0.000636758932766194,NaN,NaN,NaN,NaN,NaN,NaN,NaN,NaN,NaN
NaN,NaN,0.00133307830643995,0.000407967973539295,-0.00177780078471793,0.0036866997834295,-0.00417941796573966,0.00202626336734587,0.00244246301978516,NaN,NaN,NaN,NaN,NaN,NaN,NaN,NaN,NaN
NaN,NaN,0.00140836642337187,-0.000161722045352993,-0.0043682372731079,0.00317102647386491,-0.00242678063902228,0.0027394701949864,0.000499239841398473,NaN,NaN,NaN,NaN,NaN,NaN,NaN,NaN,NaN
NaN,NaN,0.00158889399123533,-0.000447712581565914,-0.00231996090830459,0.00488505116663873,-0.00336514401230185,0.000974129628351269,0.0010547923836081,NaN,NaN,NaN,NaN,NaN,NaN,NaN,NaN,NaN
NaN,NaN,0.00213762925219877,0.000740971673318806,-0.00311136157930984,0.0025546399410814,-0.00392883631381361,0.00295279894392782,0.00205840421646523,NaN,NaN,NaN,NaN,NaN,NaN,NaN,NaN,NaN
NaN,NaN,0.00133916915607794,-0.00109263483803564,-0.00332906754435195,0.0053004955407232,-0.00271396326813071,0.00238336969535643,0.0012148867341845,NaN,NaN,NaN,NaN,NaN,NaN,NaN,NaN,NaN
NaN,NaN,0.00147160322618826,0.000500485558101597,-0.0011532558661808,0.00447038910351694,-0.00410427886041968,0.00188768256824308,0.00252695260375428,NaN,NaN,NaN,NaN,NaN,NaN,NaN,NaN,NaN
NaN,NaN,0.00259911821437224,0.000323813665697041,-0.00394839705647125,0.00319030485115945,-0.00239273148569434,0.00361318115513617,0.000825742909607167,NaN,NaN,NaN,NaN,NaN,NaN,NaN,NaN,NaN
NaN,NaN,0.00180326582146032,-0.000473100434949932,-0.00144192861140861,0.00543116009794176,-0.00336411955746977,0.00131454665582472,0.00149692846268105,NaN,NaN,NaN,NaN,NaN,NaN,NaN,NaN,NaN
NaN,NaN,0.00323590071153982,0.00142746816951937,-0.00194942490876808,0.00264522037468851,-0.00341254833134978,0.00379110101979071,0.00152371329992699,NaN,NaN,NaN,NaN,NaN,NaN,NaN,NaN,NaN
NaN,NaN,0.00185573653531416,-0.000508900474718151,-0.00293867574752464,0.00530969700776041,-0.00240366521272032,0.00224497516076857,0.00105840591519761,NaN,NaN,NaN,NaN,NaN,NaN,NaN,NaN,NaN
NaN,NaN,0.00263942585540159,0.00112344722826189,-0.0005877009195198,0.0041822565253824,-0.00389668705853789,0.00247229237478071,0.0011957387420504,NaN,NaN,NaN,NaN,NaN,NaN,NaN,NaN,NaN
NaN,NaN,0.00330493034077032,0.00119297977168268,-0.00347636552275314,0.00306740752421319,-0.00253421801122992,0.0039187480918675,0.00137185184091019,NaN,NaN,NaN,NaN,NaN,NaN,NaN,NaN,NaN
NaN,NaN,0.00201823369813307,-9.15278117948504e-06,-0.0012101596754898,0.00565180904231966,-0.00323745968732207,0.00209002171080404,0.000899876186546559,NaN,NaN,NaN,NaN,NaN,NaN,NaN,NaN,NaN
NaN,NaN,0.00259306461763723,0.00166519756991571,-0.00115351663650169,0.00329997739754617,-0.00269159289988844,0.00349842358749205,0.00230036182135033,NaN,NaN,NaN,NaN,NaN,NaN,NaN,NaN,NaN
NaN,NaN,0.0019709225113426,-4.4580291917858e-05,-0.00231476412833824,0.0054949929472059,-0.00174570444020598,0.00269189823787504,0.000511551925834889,NaN,NaN,NaN,NaN,NaN,NaN,NaN,NaN,NaN
NaN,NaN,0.00247564346742972,0.000972274947950306,0.00012861652551995,0.0046327558811754,-0.00349659088048308,0.00241937462609106,0.00153853995531487,NaN,NaN,NaN,NaN,NaN,NaN,NaN,NaN,NaN
NaN,NaN,0.00314163224053724,0.00118046279627985,-0.00273469747723235,0.00310376635752618,-0.0023720002451834,0.00478351835530096,0.00119044882982659,NaN,NaN,NaN,NaN,NaN,NaN,NaN,NaN,NaN
NaN,NaN,0.00141836882782324,-0.000227659683635769,-0.000845304743658441,0.00562213710509241,-0.00282233196291296,0.00278989199917608,0.00107448054283547,NaN,NaN,NaN,NaN,NaN,NaN,NaN,NaN,NaN
NaN,NaN,0.00189650983763083,0.00211478422958559,-0.00091634602965011,0.0032565591391176,-0.00333735334667532,0.0040384044162541,0.00241213915675568,NaN,NaN,NaN,NaN,NaN,NaN,NaN,NaN,NaN
NaN,NaN,0.00135298998308523,-0.000380247574260769,-0.00248515890658988,0.0047051755245775,-0.00209606799277632,0.00292104084413343,0.00040679676264214,NaN,NaN,NaN,NaN,NaN,NaN,NaN,NaN,NaN
NaN,NaN,0.00172419653487547,0.000530939806291523,-0.000936481223713296,0.0042188388761133,-0.0034006274023947,0.00233004216473394,0.00160311786263871,NaN,NaN,NaN,NaN,NaN,NaN,NaN,NaN,NaN
NaN,NaN,0.0022884662563835,0.00105946536738581,-0.00253850506366386,0.00275045982562006,-0.00278394284638731,0.00440528963129812,0.00115697709649491,NaN,NaN,NaN,NaN,NaN,NaN,NaN,NaN,NaN
NaN,NaN,0.000258499693397122,4.60001416892436e-05,-0.00160006718457832,0.00531195080839097,-0.00319534528049796,0.00184135858338171,0.000958773026165242,NaN,NaN,NaN,NaN,NaN,NaN,NaN,NaN,NaN
NaN,NaN,0.000481439691308575,0.00208446036655611,-0.000241267548214334,0.00388186774216592,-0.00359385821017592,0.00384915966909224,0.00216934336155343,NaN,NaN,NaN,NaN,NaN,NaN,NaN,NaN,NaN
NaN,NaN,0.000598674577001172,0.000403683889696064,-0.00276796431959762,0.00403816229663789,-0.00192619475516646,0.00288995329659277,0.000484320053753133,NaN,NaN,NaN,NaN,NaN,NaN,NaN,NaN,NaN
NaN,NaN,0.000439064514163571,0.000985909510442677,-7.90497821678098e-05,0.00465512624941766,-0.00318634870442717,0.00254204843561941,0.000976747551855321,NaN,NaN,NaN,NaN,NaN,NaN,NaN,NaN,NaN
NaN,NaN,0.00195101083469732,0.00201645519215769,-0.00216107727707519,0.00275317928753793,-0.00252874183449118,0.00384854499619299,0.00126435858934807,NaN,NaN,NaN,NaN,NaN,NaN,NaN,NaN,NaN
NaN,NaN,-0.00100627361583368,0.000254020351955357,-0.00145045952619209,0.00603003776632249,-0.00224075826796858,0.00197068203609282,0.00109146786659646,NaN,NaN,NaN,NaN,NaN,NaN,NaN,NaN,NaN
NaN,NaN,0.000469015848163205,0.00239336143810457,-0.000140312181126016,0.00371592468582094,-0.00267089891228049,0.00304514889042669,0.00208444399565148,NaN,NaN,NaN,NaN,NaN,NaN,NaN,NaN,NaN
NaN,NaN,0.000146144937995511,0.00141515608508295,-0.00261764885605468,0.00431022024713457,-0.00185606616529791,0.00272134665768438,0.000930740216669316,NaN,NaN,NaN,NaN,NaN,NaN,NaN,NaN,NaN
NaN,NaN,-7.71117095913119e-05,0.00149955253679461,-9.82350272048886e-05,0.00571593991480768,-0.00220218288692801,0.00288717795532042,0.00158106414407181,NaN,NaN,NaN,NaN,NaN,NaN,NaN,NaN,NaN
NaN,NaN,0.00101583258462294,0.00295129816610521,-0.00149860890329971,0.00378344557248056,-0.00212952109965651,0.00356912959735685,0.00176205737322258,NaN,NaN,NaN,NaN,NaN,NaN,NaN,NaN,NaN
NaN,NaN,-0.00157635479020731,0.000668272633144322,-0.00119706528009071,0.00558795756660402,-0.00205996992978423,0.00243172396343046,0.00137164694994378,NaN,NaN,NaN,NaN,NaN,NaN,NaN,NaN,NaN
NaN,NaN,-0.000251064140077991,0.00242903109271235,0.000757315142739875,0.00458440161310136,-0.00273322301897376,0.00225594614069754,0.00195158151715683,NaN,NaN,NaN,NaN,NaN,NaN,NaN,NaN,NaN
NaN,NaN,-0.000567881453510684,0.00139617573101229,-0.00240413384259834,0.00394933274947107,-0.00142443540486662,0.00335462738197142,0.000952421406206365,NaN,NaN,NaN,NaN,NaN,NaN,NaN,NaN,NaN
NaN,NaN,-0.000791342992063922,0.00126016538221544,0.000375845416177375,0.00608977279625833,-0.00220859038624136,0.00283466998856359,0.00171958906382012,NaN,NaN,NaN,NaN,NaN,NaN,NaN,NaN,NaN
NaN,NaN,-4.85946123565859e-05,0.00310617711026377,-0.0011324128669609,0.00337517238222063,-0.00226974102649062,0.0035387312285214,0.00251331804126191,NaN,NaN,NaN,NaN,NaN,NaN,NaN,NaN,NaN
NaN,NaN,-0.00233327789950029,0.000356763858386936,-0.00093804584563865,0.00552805489860475,-0.00201493117007582,0.00259274963658148,0.00240232301681923,NaN,NaN,NaN,NaN,NaN,NaN,NaN,NaN,NaN
NaN,NaN,-0.00103544263887064,0.0018834623285026,-0.000104232744585412,0.00412805355153978,-0.00284019472989409,0.00293042857568556,0.00230337930649209,NaN,NaN,NaN,NaN,NaN,NaN,NaN,NaN,NaN
NaN,NaN,-0.00118586986112253,0.00121101017672724,-0.00270714895547523,0.00317640951834619,-0.00205486628207533,0.00373304237048918,0.00158173469632554,NaN,NaN,NaN,NaN,NaN,NaN,NaN,NaN,NaN
NaN,NaN,-0.00226232974576609,0.00112275804955668,-0.000619999186407464,0.00544431037269533,-0.00228209036383002,0.00263592575114065,0.00207781297892022,NaN,NaN,NaN,NaN,NaN,NaN,NaN,NaN,NaN
NaN,NaN,-0.0011200626080002,0.00267203177888102,-0.000949873642336267,0.00312539166770875,-0.00249519559535353,0.00376409266512686,0.00299406675427842,NaN,NaN,NaN,NaN,NaN,NaN,NaN,NaN,NaN
NaN,NaN,-0.00341238274025576,0.000530101615974369,-0.00100774602712287,0.00528760603629053,-0.00179685267600386,0.00287067491929823,0.00173463923662591,NaN,NaN,NaN,NaN,NaN,NaN,NaN,NaN,NaN
NaN,NaN,-0.0015562754754986,0.00198825474459833,-4.7116142620025e-06,0.00415817252360284,-0.00254062551054327,0.00361534182350927,0.00224785385459351,NaN,NaN,NaN,NaN,NaN,NaN,NaN,NaN,NaN
NaN,NaN,-0.00205527811097757,0.00153499867398447,-0.00238420353950157,0.00420084572397172,-0.00177869188579886,0.00397894878309065,0.00114444149464058,NaN,NaN,NaN,NaN,NaN,NaN,NaN,NaN,NaN
NaN,NaN,-0.00228831364559786,0.00169753308970636,-0.000681652740847009,0.00575434765778482,-0.0023896767476496,0.00281157318871313,0.002090441713032,NaN,NaN,NaN,NaN,NaN,NaN,NaN,NaN,NaN
NaN,NaN,-0.00117502926635401,0.00299924265224642,-0.000349878386865991,0.0041679700370878,-0.00225772696527808,0.00391567472737127,0.00211838139027047,NaN,NaN,NaN,NaN,NaN,NaN,NaN,NaN,NaN
NaN,NaN,-0.00235184847163813,0.00101047779996103,-0.00119773583234443,0.00570467091165483,-0.00100697937402098,0.00352265660088354,0.00176082802742409,NaN,NaN,NaN,NaN,NaN,NaN,NaN,NaN,NaN
NaN,NaN,-0.0010372307782139,0.0022460262068004,0.000861939920772178,0.00530746183358133,-0.00268647062572806,0.0038502213768273,0.0018731827828257,NaN,NaN,NaN,NaN,NaN,NaN,NaN,NaN,NaN
NaN,NaN,-0.00147022126960413,0.00250929247219271,-0.00105075450361862,0.00474986038170755,-0.00114651012214987,0.00422614042084509,0.0017864952775805,NaN,NaN,NaN,NaN,NaN,NaN,NaN,NaN,NaN
NaN,NaN,-0.00203212543177263,0.00195455949384874,0.000101030750859838,0.00703256926499307,-0.00176507594975798,0.00342099342863852,0.00261114416449952,NaN,NaN,NaN,NaN,NaN,NaN,NaN,NaN,NaN
NaN,NaN,-0.00149017019915239,0.00344268258292383,0.00104023231445656,0.00496806926093995,-0.00207386526259749,0.00439318243782812,0.00279969973295617,NaN,NaN,NaN,NaN,NaN,NaN,NaN,NaN,NaN
NaN,NaN,-0.0023347121362652,0.00163505997140116,-0.00101221637548103,0.00567360199056566,-0.00104410189184515,0.00402905393760496,0.00204912824362206,NaN,NaN,NaN,NaN,NaN,NaN,NaN,NaN,NaN
NaN,NaN,-0.00224139361428873,0.00300229739029116,0.00199204398571358,0.00647280714474618,-0.00262870999965041,0.00436801810186201,0.00265258801906991,NaN,NaN,NaN,NaN,NaN,NaN,NaN,NaN,NaN
NaN,NaN,-0.00188365398692743,0.00309572767097658,-0.00115461559713973,0.00460753566585481,-0.00130453693661063,0.00461276967447096,0.00231548649996209,NaN,NaN,NaN,NaN,NaN,NaN,NaN,NaN,NaN
NaN,NaN,-0.00369295297908442,0.00119372482974237,0.000199229403127294,0.00693794689141214,-0.00144814687761633,0.00375703324001127,0.00290078548520493,NaN,NaN,NaN,NaN,NaN,NaN,NaN,NaN,NaN
NaN,NaN,-0.00273570238399164,0.00271289821345514,0.000895635171521764,0.0040320900734514,-0.002145279077619,0.00423884366076284,0.00210122642844605,NaN,NaN,NaN,NaN,NaN,NaN,NaN,NaN,NaN
NaN,NaN,-0.00417848869013445,0.000711635012218416,-0.00197004439057006,0.00478200963698328,-0.00224245327505438,0.00398518864434057,0.00175859285324502,NaN,NaN,NaN,NaN,NaN,NaN,NaN,NaN,NaN
NaN,NaN,-0.00440977333831446,0.00164545353133387,0.000468754156221014,0.00511022633872926,-0.00327482434901564,0.00334378678720289,0.00188255188792634,NaN,NaN,NaN,NaN,NaN,NaN,NaN,NaN,NaN
NaN,NaN,-0.00397542311596529,0.00158963005621142,-0.00279256986201896,0.00285713351331651,-0.0029409265795645,0.00343229968469435,0.0020749445053904,NaN,NaN,NaN,NaN,NaN,NaN,NaN,NaN,NaN
NaN,NaN,-0.0064313393716778,-0.000122401606252726,-0.0015586978358139,0.0050895509775728,-0.00312888610157339,0.0023085844926148,0.00131073845356392,NaN,NaN,NaN,NaN,NaN,NaN,NaN,NaN,NaN
NaN,NaN,-0.0055804830675091,0.000760864723512594,-0.00138929025949134,0.00219701207242906,-0.00391639384421675,0.00252036724608236,0.00106846419900345,NaN,NaN,NaN,NaN,NaN,NaN,NaN,NaN,NaN
NaN,NaN,-0.00694254233288423,-0.000535741191318568,-0.00383464531720771,0.0033398752566427,-0.00354993703755705,0.00267772350828939,0.000725923756059879,NaN,NaN,NaN,NaN,NaN,NaN,NaN,NaN,NaN
NaN,NaN,-0.00614454789805071,0.000453621406146947,-0.00113163055599822,0.00372605747543275,-0.00418707343730299,0.00207638714831167,0.000834013054069752,NaN,NaN,NaN,NaN,NaN,NaN,NaN,NaN,NaN
NaN,NaN,-0.00532336353110925,0.00135162125904268,-0.00291651027024879,0.0030143407639116,-0.00344508874210684,0.00335857618968779,0.00124873099654602,NaN,NaN,NaN,NaN,NaN,NaN,NaN,NaN,NaN
NaN,NaN,-0.00634094520258562,0.000113446522542898,-0.00153539614499702,0.00470051891170442,-0.0030772722044882,0.00292593960087591,0.000899168381389851,NaN,NaN,NaN,NaN,NaN,NaN,NaN,NaN,NaN
NaN,NaN,-0.0035241600756611,0.00265890013057894,0.000700802488912206,0.00450963503681123,-0.00304223584923117,0.00380894516032034,0.00173883018821167,NaN,NaN,NaN,NaN,NaN,NaN,NaN,NaN,NaN
NaN,NaN,-0.00295573665547029,0.00333585988361544,-0.000618360058676142,0.00539576984010637,-0.00124444800409643,0.00493971977751547,0.00229184953301835,NaN,NaN,NaN,NaN,NaN,NaN,NaN,NaN,NaN
NaN,NaN,-0.000345388490435045,0.00584378119189448,0.00388709916054116,0.00834333128295839,-0.000269185630410597,0.00527501453082854,0.00356502337187218,NaN,NaN,NaN,NaN,NaN,NaN,NaN,NaN,NaN
NaN,NaN,0.0025594811255966,0.00879806678373522,0.0039739543038498,0.008442368125543,0.00157550361958177,0.00778390441458517,0.00458457944720673,NaN,NaN,NaN,NaN,NaN,NaN,NaN,NaN,NaN
NaN,NaN,0.00436302454424246,0.010474521923849,0.00743994577108727,0.0125497614499182,0.00377158087697656,0.00898270283263022,0.00542532158821511,NaN,NaN,NaN,NaN,NaN,NaN,NaN,NaN,NaN
NaN,NaN,0.00963185162496908,0.0151170531995983,0.0119393513935696,0.014570172643289,0.00578100246396692,0.010800849389246,0.00785752637117791,NaN,NaN,NaN,NaN,NaN,NaN,NaN,NaN,NaN
NaN,NaN,0.0138484518344436,0.0186756181307525,0.0133950458305965,0.0177159195300192,0.00939550262895257,0.0140921806208401,0.00956383971303391,NaN,NaN,NaN,NaN,NaN,NaN,NaN,NaN,NaN
NaN,NaN,0.018408281665567,0.0226306843348235,0.0199199662941586,0.0230863352771848,0.012527447315127,0.0158886273614674,0.0111446293982832,NaN,NaN,NaN,NaN,NaN,NaN,NaN,NaN,NaN
NaN,NaN,0.0248117949183021,0.0289832728691787,0.022962168737043,0.0250367855187505,0.0158879571875635,0.0201636214963704,0.0137861023637621,NaN,NaN,NaN,NaN,NaN,NaN,NaN,NaN,NaN
NaN,NaN,0.0296169909949337,0.0332000220902652,0.028979760541309,0.0317046267446131,0.0197455139180723,0.022794794034174,0.0163201007041304,NaN,NaN,NaN,NaN,NaN,NaN,NaN,NaN,NaN
NaN,NaN,0.0385049003477131,0.0414702969380111,0.0358784393805157,0.0359075178857893,0.0242422745844427,0.0256583874336987,0.0202633949908583,NaN,NaN,NaN,NaN,NaN,NaN,NaN,NaN,NaN
NaN,NaN,0.0460512395317589,0.047866042960474,0.0402175643879067,0.041849318658933,0.0301681497415605,0.0312746723405629,0.0226937557551234,NaN,NaN,NaN,NaN,NaN,NaN,NaN,NaN,NaN
NaN,NaN,0.0541599857921635,0.05550137932975,0.0497341164785515,0.0498248299118131,0.0351497196873728,0.0346231867782383,0.0260521608385413,NaN,NaN,NaN,NaN,NaN,NaN,NaN,NaN,NaN
NaN,NaN,0.0643561053390537,0.0649178328700752,0.0564493992763649,0.054615888511762,0.0407237039228979,0.0407249887697011,0.0296069073471396,NaN,NaN,NaN,NaN,NaN,NaN,NaN,NaN,NaN
NaN,NaN,0.0730649213607345,0.0728790017553062,0.0643350565272461,0.0637495552655309,0.0472588689347807,0.0449452397636681,0.033607049563822,NaN,NaN,NaN,NaN,NaN,NaN,NaN,NaN,NaN
NaN,NaN,0.0848054717595611,0.0837973060794563,0.0746613004642616,0.0707325933035463,0.0536818654557768,0.0506073457412034,0.0384638781639903,NaN,NaN,NaN,NaN,NaN,NaN,NaN,NaN,NaN
NaN,NaN,0.0957289169843231,0.0934038798101634,0.0811256104546677,0.0780704279895872,0.0609818511923853,0.0570726429335385,0.0422900493237345,NaN,NaN,NaN,NaN,NaN,NaN,NaN,NaN,NaN
NaN,NaN,0.106488076906923,0.103151064623186,0.0923867718714367,0.088022988056764,0.0670326353332105,0.0616064143590241,0.0471166844460337,NaN,NaN,NaN,NaN,NaN,NaN,NaN,NaN,NaN
NaN,NaN,0.119091944705967,0.114807404834816,0.101025738700021,0.0939316337462515,0.074052870394856,0.0690953095666676,0.0515870886835425,NaN,NaN,NaN,NaN,NaN,NaN,NaN,NaN,NaN
NaN,NaN,0.128790607612852,0.123855650682041,0.109687429799427,0.104148391401395,0.0814332106432024,0.0743539293519764,0.056207119205889,NaN,NaN,NaN,NaN,NaN,NaN,NaN,NaN,NaN
NaN,NaN,0.141954796325687,0.135114930827209,0.120310430361618,0.111337587004527,0.0882650577744547,0.080250318836382,0.0617852943929999,NaN,NaN,NaN,NaN,NaN,NaN,NaN,NaN,NaN
NaN,NaN,0.152193048905853,0.144462988037655,0.12705240486442,0.118943642592058,0.0947282501777712,0.0868736987225323,0.0651144373211234,NaN,NaN,NaN,NaN,NaN,NaN,NaN,NaN,NaN
NaN,NaN,0.162107946288112,0.152857892472336,0.137960874422182,0.128590821987018,0.101027157278925,0.0914111023060589,0.0699527698549597,NaN,NaN,NaN,NaN,NaN,NaN,NaN,NaN,NaN
NaN,NaN,0.173036681425098,0.162946388382503,0.146279205514778,0.133749659871683,0.106755461665064,0.0979391147605687,0.0741244430634348,NaN,NaN,NaN,NaN,NaN,NaN,NaN,NaN,NaN
NaN,NaN,0.181761125039581,0.169896140951702,0.152947884930957,0.142555072670802,0.114381130906016,0.102538190524986,0.0783517907354205,NaN,NaN,NaN,NaN,NaN,NaN,NaN,NaN,NaN
NaN,NaN,0.190439188789848,0.178174667317459,0.162779410316337,0.148479737108573,0.118290450545222,0.107248689722231,0.0821603971514075,NaN,NaN,NaN,NaN,NaN,NaN,NaN,NaN,NaN
NaN,NaN,0.198436306726459,0.18464827190716,0.167590343340028,0.153728354489431,0.124651532741458,0.112471341829708,0.0851727227660983,NaN,NaN,NaN,NaN,NaN,NaN,NaN,NaN,NaN
NaN,NaN,0.204603282671693,0.189950607974121,0.175880716128934,0.161628652131185,0.128764812024504,0.115212969224861,0.0884173761102526,NaN,NaN,NaN,NaN,NaN,NaN,NaN,NaN,NaN
NaN,NaN,0.212959388207916,0.197684925306627,0.182216764374364,0.164612646913156,0.133952949317366,0.120923056941441,0.0924290108475058,NaN,NaN,NaN,NaN,NaN,NaN,NaN,NaN,NaN
NaN,NaN,0.219034163218263,0.201933823782989,0.186282806976427,0.171830136096105,0.139097873242766,0.124284293245485,0.0951467777582972,NaN,NaN,NaN,NaN,NaN,NaN,NaN,NaN,NaN
NaN,NaN,0.225593132835153,0.208743915218899,0.194615312798608,0.17658332712017,0.142611231776148,0.127890094857624,0.0983523714336722,NaN,NaN,NaN,NaN,NaN,NaN,NaN,NaN,NaN
NaN,NaN,0.233267007332567,0.214218080300877,0.197764337940801,0.181063528871164,0.146997779729039,0.132593702267817,0.100609934607443,NaN,NaN,NaN,NaN,NaN,NaN,NaN,NaN,NaN
NaN,NaN,0.239056499611858,0.218765672553369,0.20526141016065,0.188078623032197,0.15107179445234,0.135074503462723,0.102861909845766,NaN,NaN,NaN,NaN,NaN,NaN,NaN,NaN,NaN
NaN,NaN,0.248380882602457,0.226851173002312,0.211740844829668,0.191841650521383,0.155188594134718,0.140489324670246,0.106331607976851,NaN,NaN,NaN,NaN,NaN,NaN,NaN,NaN,NaN
NaN,NaN,0.256541522156719,0.23236391346533,0.215865560753931,0.198365490650758,0.160745460661322,0.143883120011499,0.10865143937796,NaN,NaN,NaN,NaN,NaN,NaN,NaN,NaN,NaN
NaN,NaN,0.265778323572401,0.241669781763145,0.226245840026725,0.205174725269899,0.164542071642548,0.147919956337622,0.112218386212286,NaN,NaN,NaN,NaN,NaN,NaN,NaN,NaN,NaN
NaN,NaN,0.278244411509756,0.250497360039541,0.232088659836639,0.210909027373418,0.17041981604901,0.153676982711962,0.114424000212845,NaN,NaN,NaN,NaN,NaN,NaN,NaN,NaN,NaN
NaN,NaN,0.28827607811642,0.259138059128115,0.242582895739664,0.220727830892429,0.176886491598755,0.15750207353752,0.117455250302252,NaN,NaN,NaN,NaN,NaN,NaN,NaN,NaN,NaN
NaN,NaN,0.303624460410598,0.271471657116005,0.253324472292055,0.226972758537158,0.183030687393815,0.164060912769249,0.121721769401726,NaN,NaN,NaN,NaN,NaN,NaN,NaN,NaN,NaN
NaN,NaN,0.316951071780447,0.282179035503456,0.262417049093832,0.236582070356235,0.191174730779797,0.169508982192686,0.124842612722811,NaN,NaN,NaN,NaN,NaN,NaN,NaN,NaN,NaN
NaN,NaN,0.332023484569315,0.29490522320945,0.277620051934112,0.247303642099723,0.198006503405243,0.174429829906633,0.129027622470555,NaN,NaN,NaN,NaN,NaN,NaN,NaN,NaN,NaN
NaN,NaN,0.348643885862354,0.308553848672697,0.287943725420822,0.256343245273456,0.207107965024382,0.182522184889725,0.132586131522354,NaN,NaN,NaN,NaN,NaN,NaN,NaN,NaN,NaN
NaN,NaN,0.362393466692689,0.320216130722353,0.30317053286611,0.270150400465354,0.217420295002133,0.188396762799433,0.136373354772028,NaN,NaN,NaN,NaN,NaN,NaN,NaN,NaN,NaN
NaN,NaN,0.380226878386262,0.336131818849632,0.3169345305699,0.28016647673212,0.226339589925677,0.196766540151051,0.141830383518633,NaN,NaN,NaN,NaN,NaN,NaN,NaN,NaN,NaN
NaN,NaN,0.395136738132957,0.349459305662701,0.32965155406176,0.29334670281969,0.238725453736455,0.204112775366715,0.14587101964086,NaN,NaN,NaN,NaN,NaN,NaN,NaN,NaN,NaN
NaN,NaN,0.410400444578651,0.363063562918493,0.347002000494588,0.307376146083698,0.248508140566022,0.211644716303757,0.151225789168772,NaN,NaN,NaN,NaN,NaN,NaN,NaN,NaN,NaN
NaN,NaN,0.42689627216411,0.377616931010076,0.359514784945835,0.319129660492763,0.260792434336812,0.221950247626713,0.156149523982701,NaN,NaN,NaN,NaN,NaN,NaN,NaN,NaN,NaN
NaN,NaN,0.440116042208198,0.389361709613392,0.375088565929521,0.334560855990276,0.272546768309743,0.229801073413303,0.161843276301321,NaN,NaN,NaN,NaN,NaN,NaN,NaN,NaN,NaN
NaN,NaN,0.456424692582611,0.404632121581623,0.389636625482429,0.346449933713302,0.283387959124714,0.239693805318287,0.169157511273321,NaN,NaN,NaN,NaN,NaN,NaN,NaN,NaN,NaN
NaN,NaN,0.469431487780336,0.416810710240194,0.402542372180809,0.360377359902486,0.296820573630005,0.249777178954294,0.173986195305285,NaN,NaN,NaN,NaN,NaN,NaN,NaN,NaN,NaN
NaN,NaN,0.483941567998651,0.428738288838455,0.418382679058899,0.375692717498168,0.308433476956755,0.259368367236069,0.181359830031094,NaN,NaN,NaN,NaN,NaN,NaN,NaN,NaN,NaN
NaN,NaN,0.499202610861782,0.442841604609081,0.43223293585955,0.387617166852579,0.321538340421588,0.271396584551743,0.188596094677147,NaN,NaN,NaN,NaN,NaN,NaN,NaN,NaN,NaN
NaN,NaN,0.512749759417299,0.4536840061434,0.446905159338106,0.402985758846626,0.334134105714232,0.281634706746748,0.196440270820555,NaN,NaN,NaN,NaN,NaN,NaN,NaN,NaN,NaN
NaN,NaN,0.528970250796798,0.469662912447044,0.463081785424341,0.415615871315822,0.345897249998719,0.293692204844168,0.205609923878607,NaN,NaN,NaN,NaN,NaN,NaN,NaN,NaN,NaN
NaN,NaN,0.545372182440284,0.481971979398319,0.475625974072803,0.429216943448409,0.359648935618073,0.306150488298348,0.211990656981167,NaN,NaN,NaN,NaN,NaN,NaN,NaN,NaN,NaN
NaN,NaN,0.561811013084177,0.495610229928085,0.492612720413793,0.445272236829624,0.371747020753295,0.317297506820372,0.222079376408753,NaN,NaN,NaN,NaN,NaN,NaN,NaN,NaN,NaN
NaN,NaN,0.581279920351032,0.512229234237263,0.507978425307859,0.456679261988029,0.385474287094742,0.331459589045456,0.230610868612227,NaN,NaN,NaN,NaN,NaN,NaN,NaN,NaN,NaN
NaN,NaN,0.599973445695165,0.526218705136368,0.52384458570062,0.473309889202937,0.399091154458195,0.343117139976433,0.240686363259253,NaN,NaN,NaN,NaN,NaN,NaN,NaN,NaN,NaN
NaN,NaN,0.62025640339804,0.545664999891111,0.543038976325382,0.487078487640247,0.411873724432856,0.357427991669586,0.250581069568095,NaN,NaN,NaN,NaN,NaN,NaN,NaN,NaN,NaN
NaN,NaN,0.641830490839008,0.562433369714806,0.558446385844339,0.502520039444789,0.427377171935708,0.371507502835205,0.259128263870177,NaN,NaN,NaN,NaN,NaN,NaN,NaN,NaN,NaN
NaN,NaN,0.661939347099785,0.580838818360159,0.578377713395942,0.52046601078473,0.441274777176053,0.384578894566706,0.270416340509352,NaN,NaN,NaN,NaN,NaN,NaN,NaN,NaN,NaN
NaN,NaN,0.685113372218136,0.601519488055298,0.597694088651527,0.534214231884107,0.456273466469914,0.399771149944475,0.279887909719643,NaN,NaN,NaN,NaN,NaN,NaN,NaN,NaN,NaN
NaN,NaN,0.705101491820339,0.619392592717001,0.615546052290786,0.553485866403207,0.472188931079775,0.413393810134342,0.290866414735016,NaN,NaN,NaN,NaN,NaN,NaN,NaN,NaN,NaN
NaN,NaN,0.72635634050918,0.640980277467558,0.637567770614017,0.569589141523466,0.487509392323166,0.428311921399048,0.300649958381352,NaN,NaN,NaN,NaN,NaN,NaN,NaN,NaN,NaN
NaN,NaN,0.746283905517582,0.659644969064781,0.654249192162145,0.587861187523231,0.504939541341931,0.443983994167259,0.311022824326452,NaN,NaN,NaN,NaN,NaN,NaN,NaN,NaN,NaN
NaN,NaN,0.763536134671692,0.679053340364286,0.675816369189609,0.607207104330882,0.521834552409321,0.457832202058247,0.322199738303122,NaN,NaN,NaN,NaN,NaN,NaN,NaN,NaN,NaN
NaN,NaN,0.783249886643413,0.699194681156465,0.695147999508966,0.624124802416191,0.539054818572671,0.473892207931688,0.333117409327921,NaN,NaN,NaN,NaN,NaN,NaN,NaN,NaN,NaN
NaN,NaN,0.798323268007759,0.716435417790005,0.713039916886676,0.644046798115596,0.55734726053682,0.487944952886513,0.343675757476982,NaN,NaN,NaN,NaN,NaN,NaN,NaN,NaN,NaN
NaN,NaN,0.814094806026939,0.734663635749409,0.734414943440546,0.663005508249626,0.574556611599595,0.503485969942024,0.354699040481743,NaN,NaN,NaN,NaN,NaN,NaN,NaN,NaN,NaN
NaN,NaN,0.828269405227426,0.751168795187065,0.74948418973266,0.681074488675222,0.593759589018494,0.519000760953835,0.365216671207842,NaN,NaN,NaN,NaN,NaN,NaN,NaN,NaN,NaN
NaN,NaN,0.838644860249284,0.765788603831121,0.768899545951475,0.701651949202642,0.610938318195016,0.533556159328631,0.377519591430124,NaN,NaN,NaN,NaN,NaN,NaN,NaN,NaN,NaN
NaN,NaN,0.850946420740608,0.781815193850586,0.78644566325723,0.71840463555418,0.629603456827075,0.548883177082947,0.388150210210976,NaN,NaN,NaN,NaN,NaN,NaN,NaN,NaN,NaN
NaN,NaN,0.86019195796204,0.794535476971456,0.800820385052551,0.737604725873098,0.648246057452828,0.563380796205214,0.399643233695921,NaN,NaN,NaN,NaN,NaN,NaN,NaN,NaN,NaN
NaN,NaN,0.868740474742178,0.806895058859178,0.818239171935905,0.755167700117454,0.665439389767319,0.578998218964747,0.411280705312189,NaN,NaN,NaN,NaN,NaN,NaN,NaN,NaN,NaN
NaN,NaN,0.877259859752182,0.819831297058651,0.830487423523057,0.770643580472097,0.684461318077714,0.594363569956234,0.423411517122683,NaN,NaN,NaN,NaN,NaN,NaN,NaN,NaN,NaN
NaN,NaN,0.882367176872018,0.828883119184563,0.845781360699523,0.789122026180848,0.701490476848752,0.608489963900259,0.435513774583039,NaN,NaN,NaN,NaN,NaN,NaN,NaN,NaN,NaN
NaN,NaN,0.891130698781732,0.841434870172331,0.859584790601123,0.802972990786657,0.718253072472483,0.623587168496063,0.447271256426272,NaN,NaN,NaN,NaN,NaN,NaN,NaN,NaN,NaN
NaN,NaN,0.89620158256245,0.849020231772253,0.86973255587994,0.818683955585584,0.735500030340821,0.638314228247812,0.459275874027905,NaN,NaN,NaN,NaN,NaN,NaN,NaN,NaN,NaN
NaN,NaN,0.901593754004959,0.859361004341432,0.884113126381029,0.833749681478366,0.750736896069914,0.652837887149265,0.471617425510582,NaN,NaN,NaN,NaN,NaN,NaN,NaN,NaN,NaN
NaN,NaN,0.907584784489397,0.868220620114395,0.89310815645634,0.845497365808114,0.766723271580607,0.667687378566673,0.484374160597023,NaN,NaN,NaN,NaN,NaN,NaN,NaN,NaN,NaN
NaN,NaN,0.910102652322773,0.873953357595989,0.905036535992015,0.86072327918373,0.781494420143038,0.68128157753866,0.496389581540522,NaN,NaN,NaN,NaN,NaN,NaN,NaN,NaN,NaN
NaN,NaN,0.916009714763883,0.882937416691372,0.915838499500145,0.870482682948932,0.795443900050789,0.695459864776543,0.508913988897499,NaN,NaN,NaN,NaN,NaN,NaN,NaN,NaN,NaN
NaN,NaN,0.918604826491598,0.887913771230766,0.922680926455844,0.882903713500127,0.809186104806334,0.71039148021858,0.520291938165125,NaN,NaN,NaN,NaN,NaN,NaN,NaN,NaN,NaN
NaN,NaN,0.92155663476539,0.894624155271837,0.933881607784618,0.894309546565637,0.821408465625912,0.723385236900261,0.53311924887627,NaN,NaN,NaN,NaN,NaN,NaN,NaN,NaN,NaN
NaN,NaN,0.924109967362407,0.89985798325021,0.940378495438684,0.903407357400283,0.833695031823784,0.737671538930348,0.544960400739607,NaN,NaN,NaN,NaN,NaN,NaN,NaN,NaN,NaN
NaN,NaN,0.923295265000585,0.902669441212007,0.948546268923868,0.914592578774318,0.845350645603806,0.750415086489132,0.556919811943468,NaN,NaN,NaN,NaN,NaN,NaN,NaN,NaN,NaN
NaN,NaN,0.925315191906217,0.90791898991544,0.956453123076547,0.922685734694824,0.85559711244908,0.764109737914017,0.568437142947611,NaN,NaN,NaN,NaN,NaN,NaN,NaN,NaN,NaN
NaN,NaN,0.923886729341272,0.909776848066637,0.960648563637126,0.931346680736169,0.866648707660109,0.777171648781708,0.579252983162102,NaN,NaN,NaN,NaN,NaN,NaN,NaN,NaN,NaN
NaN,NaN,0.921708775621179,0.911981120962688,0.969774705304493,0.941605329280719,0.876463990779788,0.789048656564167,0.5910243789646,NaN,NaN,NaN,NaN,NaN,NaN,NaN,NaN,NaN
NaN,NaN,0.920019691746954,0.913207970816681,0.974538513405908,0.947577565675601,0.885822031768233,0.802288524549416,0.60174347339004,NaN,NaN,NaN,NaN,NaN,NaN,NaN,NaN,NaN
NaN,NaN,0.914792066376928,0.911913804966995,0.98035285337149,0.958144258474931,0.895777478935391,0.813538081686905,0.611414010355171,NaN,NaN,NaN,NaN,NaN,NaN,NaN,NaN,NaN
NaN,NaN,0.91082044125748,0.913190461952278,0.986530148370851,0.964476357912645,0.904083144040972,0.82585314635556,0.621616127619442,NaN,NaN,NaN,NaN,NaN,NaN,NaN,NaN,NaN
NaN,NaN,0.905164835911516,0.911173906434366,0.989556294812549,0.972850326215848,0.914421513797909,0.838648065667561,0.631716134676632,NaN,NaN,NaN,NaN,NaN,NaN,NaN,NaN,NaN
NaN,NaN,0.897192584287647,0.9098737428673,0.997289643569578,0.981930162524804,0.923516027750641,0.849593043070248,0.641702166477141,NaN,NaN,NaN,NaN,NaN,NaN,NaN,NaN,NaN
NaN,NaN,0.891439525347475,0.907846533019134,1.00097380666314,0.988573211943731,0.933770112814576,0.862254038196018,0.650932970175442,NaN,NaN,NaN,NaN,NaN,NaN,NaN,NaN,NaN
NaN,NaN,0.88045675487471,0.903489098209927,1.00496394647538,0.998659211909398,0.943842161568076,0.872939008962324,0.659138387719092,NaN,NaN,NaN,NaN,NaN,NaN,NaN,NaN,NaN
NaN,NaN,0.872835686367277,0.901793085295746,1.01076791150748,1.00558454520069,0.95258908730951,0.885047059249094,0.668882871696648,NaN,NaN,NaN,NaN,NaN,NaN,NaN,NaN,NaN
NaN,NaN,0.861974639755014,0.897505127150604,1.01246364502488,1.01334298378788,0.963790308805377,0.897125586610249,0.677288057932553,NaN,NaN,NaN,NaN,NaN,NaN,NaN,NaN,NaN
NaN,NaN,0.84975419745994,0.892232779670545,1.01915000094353,1.02314122370444,0.973932225378424,0.906961470585278,0.68707799045175,NaN,NaN,NaN,NaN,NaN,NaN,NaN,NaN,NaN
NaN,NaN,0.838441552531246,0.88704959701378,1.02141369221984,1.0294245777186,0.985528197260768,0.919552355747631,0.695049180367884,NaN,NaN,NaN,NaN,NaN,NaN,NaN,NaN,NaN
NaN,NaN,0.823761692207578,0.879174966622183,1.02346576838075,1.03896459913813,0.995900448532969,0.930976666253021,0.703905853161511,NaN,NaN,NaN,NaN,NaN,NaN,NaN,NaN,NaN
NaN,NaN,0.811374748062614,0.873392701406071,1.02745724929749,1.04554236284457,1.00629777100888,0.942572358738592,0.71322399629086,NaN,NaN,NaN,NaN,NaN,NaN,NaN,NaN,NaN
NaN,NaN,0.797336550366405,0.86433253462989,1.02679798467337,1.05290212086402,1.01782402408329,0.955785516392401,0.722366603741345,NaN,NaN,NaN,NaN,NaN,NaN,NaN,NaN,NaN
NaN,NaN,0.780640954088691,0.85416312541444,1.02902412502347,1.06128832674585,1.02877116215435,0.965890198688915,0.731956767568287,NaN,NaN,NaN,NaN,NaN,NaN,NaN,NaN,NaN
NaN,NaN,0.766959285300497,0.843625396747181,1.02777123539029,1.06565015739761,1.03962125641313,0.979267660271338,0.740359048077759,NaN,NaN,NaN,NaN,NaN,NaN,NaN,NaN,NaN
NaN,NaN,0.748606102478031,0.830518596131393,1.02541402070104,1.07257644063793,1.04948759463635,0.990219343196562,0.750254071036276,NaN,NaN,NaN,NaN,NaN,NaN,NaN,NaN,NaN
NaN,NaN,0.732938947093013,0.819633856672832,1.02554829878985,1.07742585591041,1.0594429672977,1.0021048818938,0.760246361324486,NaN,NaN,NaN,NaN,NaN,NaN,NaN,NaN,NaN
NaN,NaN,0.7150195370729,0.805348783988544,1.01983470930039,1.08124042279087,1.07009796810356,1.01524982948225,0.770003883818087,NaN,NaN,NaN,NaN,NaN,NaN,NaN,NaN,NaN
NaN,NaN,0.694549737435106,0.790578883398363,1.01713063283144,1.08725836849771,1.07943030458894,1.02509091023724,0.780008616575894,NaN,NaN,NaN,NaN,NaN,NaN,NaN,NaN,NaN
NaN,NaN,0.675896556984905,0.775993515063116,1.01122045977293,1.088020860916,1.08857056510654,1.03842087436836,0.79004704458445,NaN,NaN,NaN,NaN,NaN,NaN,NaN,NaN,NaN
NaN,NaN,0.653636606347088,0.760296203453133,1.00294871343552,1.09196296310984,1.09737128403989,1.04881899778168,0.799797898808417,NaN,NaN,NaN,NaN,NaN,NaN,NaN,NaN,NaN
NaN,NaN,0.63188040808988,0.744427491236517,0.997232404484142,1.09268507338129,1.10511532438007,1.06078124020617,0.811458560356793,NaN,NaN,NaN,NaN,NaN,NaN,NaN,NaN,NaN
NaN,NaN,0.609285814624551,0.727948632348368,0.985719860478033,1.09239729470573,1.1131706872305,1.07270736594122,0.821887510547337,NaN,NaN,NaN,NaN,NaN,NaN,NaN,NaN,NaN
NaN,NaN,0.582638161193851,0.709328588355371,0.97649416042744,1.09386362484656,1.1197329537293,1.0829476488046,0.83294739452928,NaN,NaN,NaN,NaN,NaN,NaN,NaN,NaN,NaN
NaN,NaN,0.56046640680385,0.693019770342895,0.965663959218849,1.09017178765498,1.12617113080826,1.09473197136443,0.843463553765711,NaN,NaN,NaN,NaN,NaN,NaN,NaN,NaN,NaN
NaN,NaN,0.533439164918188,0.673821915198156,0.95199035568415,1.08968297368847,1.1314313524684,1.10476825733106,0.854183579513726,NaN,NaN,NaN,NaN,NaN,NaN,NaN,NaN,NaN
NaN,NaN,0.509477203648809,0.654638756323645,0.942217168344844,1.08606217778288,1.13681259018388,1.11548247162621,0.865868474075493,NaN,NaN,NaN,NaN,NaN,NaN,NaN,NaN,NaN
NaN,NaN,0.483652988385681,0.634610813368151,0.925847926123727,1.08151555410586,1.14105588209835,1.12592460934441,0.876615266034302,NaN,NaN,NaN,NaN,NaN,NaN,NaN,NaN,NaN
NaN,NaN,0.457148795884374,0.612611707557032,0.913152602447856,1.07798405340873,1.14535175648537,1.13515759233754,0.887635010013279,NaN,NaN,NaN,NaN,NaN,NaN,NaN,NaN,NaN
NaN,NaN,0.43313846172047,0.592153009284326,0.897942260785688,1.07114892802201,1.14811860409585,1.14583485175293,0.899165733436045,NaN,NaN,NaN,NaN,NaN,NaN,NaN,NaN,NaN
NaN,NaN,0.407170375746015,0.569564935077021,0.881227907671321,1.06488541117869,1.15104986739364,1.15453947682302,0.909851877668795,NaN,NaN,NaN,NaN,NaN,NaN,NaN,NaN,NaN
NaN,NaN,0.381234122377161,0.545160167176315,0.866984558238376,1.0578982566949,1.15254257258979,1.16301501516621,0.921431309262213,NaN,NaN,NaN,NaN,NaN,NaN,NaN,NaN,NaN
NaN,NaN,0.355944039237026,0.521816455084869,0.847639628632654,1.04767848155461,1.15357054782119,1.17195144642513,0.93163912622064,NaN,NaN,NaN,NaN,NaN,NaN,NaN,NaN,NaN
NaN,NaN,0.327550565760854,0.495084423828909,0.830192734433998,1.03985585621558,1.15437457722631,1.17910640661042,0.942829469868836,NaN,NaN,NaN,NaN,NaN,NaN,NaN,NaN,NaN
NaN,NaN,0.302109347593311,0.472559567797968,0.812547412647594,1.02790177217685,1.15354029846397,1.18656663570922,0.954612488577065,NaN,NaN,NaN,NaN,NaN,NaN,NaN,NaN,NaN
NaN,NaN,0.272557923507217,0.446927894163916,0.791084767265905,1.01680377847515,1.15257349249926,1.19260494012754,0.964584699550566,NaN,NaN,NaN,NaN,NaN,NaN,NaN,NaN,NaN
NaN,NaN,0.241195971083168,0.4214271086045,0.772374235971559,1.00515606231056,1.15032630425897,1.19800132114809,0.975498850176033,NaN,NaN,NaN,NaN,NaN,NaN,NaN,NaN,NaN
NaN,NaN,0.210136866133932,0.397392709065268,0.748452992125143,0.989520385628566,1.14683099475709,1.20399939243119,0.985050140598711,NaN,NaN,NaN,NaN,NaN,NaN,NaN,NaN,NaN
NaN,NaN,0.172967037122968,0.37042443852503,0.72508759884416,0.977513197576627,1.14431750413981,1.20774418462436,0.995281520018277,NaN,NaN,NaN,NaN,NaN,NaN,NaN,NaN,NaN
NaN,NaN,0.137341527205232,0.347061243165323,0.70212191058575,0.960060100769624,1.13852953922954,1.21197902012985,1.00528247160643,NaN,NaN,NaN,NaN,NaN,NaN,NaN,NaN,NaN
NaN,NaN,0.0967483240480457,0.318924106914589,0.673903283609737,0.944665357237682,1.1343444922289,1.21529333640259,1.01339617250293,NaN,NaN,NaN,NaN,NaN,NaN,NaN,NaN,NaN
NaN,NaN,0.0539621356244121,0.291172296065876,0.649700258805145,0.927340224152431,1.12673968461362,1.21708972726386,1.02298438055247,NaN,NaN,NaN,NaN,NaN,NaN,NaN,NaN,NaN
NaN,NaN,0.0117362494881187,0.263269201178142,0.621268396212448,0.908506087725982,1.11918323126641,1.21979611341279,1.03099256260127,NaN,NaN,NaN,NaN,NaN,NaN,NaN,NaN,NaN
NaN,NaN,-0.0357491318767037,0.231742497790644,0.593537894024242,0.890875648474321,1.11135309946743,1.21983990420025,1.03948430595725,NaN,NaN,NaN,NaN,NaN,NaN,NaN,NaN,NaN
NaN,NaN,-0.0809491594021286,0.201861851174423,0.566810910536636,0.869946092134342,1.10049358022419,1.22067878369611,1.04704793048829,NaN,NaN,NaN,NaN,NaN,NaN,NaN,NaN,NaN
NaN,NaN,-0.129854584175822,0.16588826875765,0.535996016992916,0.848995227133855,1.09083304566351,1.21968115095418,1.0533681648764,NaN,NaN,NaN,NaN,NaN,NaN,NaN,NaN,NaN
NaN,NaN,-0.179706288564679,0.129381895322391,0.509229582681049,0.827907923376188,1.07807746541706,1.21737193663042,1.06071969000429,NaN,NaN,NaN,NaN,NaN,NaN,NaN,NaN,NaN
NaN,NaN,-0.227430107135054,0.0915828461535663,0.478797239198078,0.803768340265378,1.06541987893191,1.21589504529159,1.06637795893281,NaN,NaN,NaN,NaN,NaN,NaN,NaN,NaN,NaN
NaN,NaN,-0.278908738929507,0.0501338693090171,0.448651724441637,0.78121543279849,1.05181211990324,1.2119728175215,1.07203529653877,NaN,NaN,NaN,NaN,NaN,NaN,NaN,NaN,NaN
NaN,NaN,-0.32780842675614,0.00876571263749308,0.420332812650789,0.75584004051052,1.03531211999264,1.20890172545235,1.07667382312745,NaN,NaN,NaN,NaN,NaN,NaN,NaN,NaN,NaN
NaN,NaN,-0.378148404944416,-0.0362053399197369,0.387395621224035,0.729072209214792,1.02027289954034,1.20389996443312,1.08054309589594,NaN,NaN,NaN,NaN,NaN,NaN,NaN,NaN,NaN
NaN,NaN,-0.428645776647803,-0.0819374320320397,0.35798547877251,0.704248048132285,1.00210495677796,1.19796160955351,1.08531010774702,NaN,NaN,NaN,NaN,NaN,NaN,NaN,NaN,NaN
NaN,NaN,-0.475848184961554,-0.127241283398083,0.324237813188423,0.675141442334279,0.984432477625281,1.19286807600777,1.08853991580933,NaN,NaN,NaN,NaN,NaN,NaN,NaN,NaN,NaN
NaN,NaN,-0.525997111636874,-0.175110723566225,0.289639179541458,0.648449402069673,0.964911416294247,1.18469072852652,1.09105387208789,NaN,NaN,NaN,NaN,NaN,NaN,NaN,NaN,NaN
NaN,NaN,-0.573926100570437,-0.221197239797524,0.256677159054865,0.619350973283872,0.943813551338584,1.1767932621054,1.09256987897485,NaN,NaN,NaN,NaN,NaN,NaN,NaN,NaN,NaN
NaN,NaN,-0.622203739423033,-0.268972579132727,0.217275750769962,0.589923862135038,0.923631046088606,1.16834920246523,1.09335129586786,NaN,NaN,NaN,NaN,NaN,NaN,NaN,NaN,NaN
NaN,NaN,-0.670298876303908,-0.316505979489496,0.180658847971548,0.562690257793292,0.9020964094719,1.15814220507067,1.09491370124548,NaN,NaN,NaN,NaN,NaN,NaN,NaN,NaN,NaN
NaN,NaN,-0.714523511070486,-0.361410852264574,0.14026021672665,0.53153233951889,0.880294539155633,1.14886837426942,1.09562701983183,NaN,NaN,NaN,NaN,NaN,NaN,NaN,NaN,NaN
NaN,NaN,-0.762414110887524,-0.40878231425207,0.0979704232352863,0.504094663774595,0.857669249298245,1.1369432357363,1.09431558726161,NaN,NaN,NaN,NaN,NaN,NaN,NaN,NaN,NaN
NaN,NaN,-0.806803235847231,-0.45419360299032,0.0570577950614582,0.475271217292175,0.833812248083026,1.12535590652745,1.09284877283305,NaN,NaN,NaN,NaN,NaN,NaN,NaN,NaN,NaN
NaN,NaN,-0.850832274246689,-0.499813601117542,0.0102207073408257,0.445025585358962,0.810594022395283,1.1129147780351,1.09096422297686,NaN,NaN,NaN,NaN,NaN,NaN,NaN,NaN,NaN
NaN,NaN,-0.895408334273573,-0.546288739632776,-0.0327472007435669,0.417406618362293,0.785804767282874,1.09878043059628,1.08934958902925,NaN,NaN,NaN,NaN,NaN,NaN,NaN,NaN,NaN
NaN,NaN,-0.935764702100035,-0.58950916652005,-0.0792358061832298,0.38552064797841,0.760635383548409,1.08602349061888,1.08714706701964,NaN,NaN,NaN,NaN,NaN,NaN,NaN,NaN,NaN
NaN,NaN,-0.979346687037226,-0.636185470711401,-0.126732996718298,0.356102868681774,0.734966382505566,1.07010851029675,1.08322411281794,NaN,NaN,NaN,NaN,NaN,NaN,NaN,NaN,NaN
NaN,NaN,-1.0199403931086,-0.680620565753391,-0.170976742224108,0.325021430617198,0.70761869114843,1.05427168656509,1.0799104112181,NaN,NaN,NaN,NaN,NaN,NaN,NaN,NaN,NaN
NaN,NaN,-1.05991501181173,-0.72501706678789,-0.21922275336207,0.291058145230636,0.681138470890195,1.03774151180308,1.07546386746496,NaN,NaN,NaN,NaN,NaN,NaN,NaN,NaN,NaN
NaN,NaN,-1.10104521556544,-0.771695699285677,-0.264004728810202,0.26013933471404,0.653420522930295,1.0205719840936,1.07102114213437,NaN,NaN,NaN,NaN,NaN,NaN,NaN,NaN,NaN
NaN,NaN,-1.1391635779922,-0.814626205455473,-0.309970322118412,0.222991894697771,0.624722264828354,1.00243734542649,1.06602493179768,NaN,NaN,NaN,NaN,NaN,NaN,NaN,NaN,NaN
NaN,NaN,-1.18030376552391,-0.861095066856554,-0.357386543468844,0.187103044008836,0.596973750861556,0.983433447521141,1.05876311166018,NaN,NaN,NaN,NaN,NaN,NaN,NaN,NaN,NaN
NaN,NaN,-1.21970750211525,-0.904655985277107,-0.401060505823504,0.148787539219484,0.56697184604612,0.963122177611998,1.05307692168086,NaN,NaN,NaN,NaN,NaN,NaN,NaN,NaN,NaN
NaN,NaN,-1.25874982966828,-0.948089536022356,-0.448309517518889,0.107311535393819,0.539381545158297,0.943506978195122,1.04522129026979,NaN,NaN,NaN,NaN,NaN,NaN,NaN,NaN,NaN
NaN,NaN,-1.30028109817552,-0.993041030805519,-0.493096559361826,0.0686823797877878,0.51048212138024,0.922459125261715,1.03790468973845,NaN,NaN,NaN,NaN,NaN,NaN,NaN,NaN,NaN
NaN,NaN,-1.33957346721339,-1.03439225603264,-0.538081972913157,0.0248502602335066,0.480731301130921,0.900631680827549,1.02903687832683,NaN,NaN,NaN,NaN,NaN,NaN,NaN,NaN,NaN
NaN,NaN,-1.38074789016294,-1.07754596297067,-0.585852935032259,-0.0172285514418036,0.453483298542172,0.879152644168547,1.01936652762621,NaN,NaN,NaN,NaN,NaN,NaN,NaN,NaN,NaN
NaN,NaN,-1.42126889719414,-1.11912735525887,-0.629070493446003,-0.0598687829915434,0.424216468008429,0.855327028524092,1.00976315764516,NaN,NaN,NaN,NaN,NaN,NaN,NaN,NaN,NaN
NaN,NaN,-1.45945466874885,-1.15936376873772,-0.675936787442576,-0.1058686489705,0.3973699958345,0.833340588699988,1.00016729412406,NaN,NaN,NaN,NaN,NaN,NaN,NaN,NaN,NaN
NaN,NaN,-1.50010427280116,-1.2015712705664,-0.721717271075856,-0.146713104331866,0.368534740181834,0.809501357119492,0.989158185848889,NaN,NaN,NaN,NaN,NaN,NaN,NaN,NaN,NaN
NaN,NaN,-1.53727931721854,-1.24005234588306,-0.766424107418667,-0.192153282696381,0.340106584252984,0.785800557326487,0.978159862289128,NaN,NaN,NaN,NaN,NaN,NaN,NaN,NaN,NaN
NaN,NaN,-1.57486444159197,-1.28117154140394,-0.814093462244879,-0.233682651305571,0.312775861593157,0.763073567043951,0.9648385035786,NaN,NaN,NaN,NaN,NaN,NaN,NaN,NaN,NaN
NaN,NaN,-1.61102954118299,-1.32168377537649,-0.857235192374598,-0.275202129269019,0.283184465142161,0.737623613070658,0.953891030231413,NaN,NaN,NaN,NaN,NaN,NaN,NaN,NaN,NaN
NaN,NaN,-1.6423897054677,-1.35944547851007,-0.903237330780636,-0.318991817766801,0.254213404031664,0.714923277240208,0.941793615648445,NaN,NaN,NaN,NaN,NaN,NaN,NaN,NaN,NaN
NaN,NaN,-1.67576355679679,-1.40173611019175,-0.947570166603934,-0.357938908273354,0.22335039836374,0.688632637005261,0.928189526030716,NaN,NaN,NaN,NaN,NaN,NaN,NaN,NaN,NaN
NaN,NaN,-1.70303869812536,-1.43911341924589,-0.9900877802235,-0.399151832098141,0.191808197768599,0.664637632410935,0.915404720881876,NaN,NaN,NaN,NaN,NaN,NaN,NaN,NaN,NaN
NaN,NaN,-1.72996144561815,-1.480127505701,-1.03571036742748,-0.438813917571679,0.160140249999434,0.640033468347004,0.900839059332308,NaN,NaN,NaN,NaN,NaN,NaN,NaN,NaN,NaN
NaN,NaN,-1.75461305125403,-1.51918318841975,-1.07574123801411,-0.477048881584778,0.125826936336428,0.613824859004429,0.888009923228916,NaN,NaN,NaN,NaN,NaN,NaN,NaN,NaN,NaN
NaN,NaN,-1.77342239587354,-1.55613924164694,-1.11889474006117,-0.519400533521548,0.0913286433836523,0.589161351066044,0.873720156678852,NaN,NaN,NaN,NaN,NaN,NaN,NaN,NaN,NaN
NaN,NaN,-1.79445851414251,-1.59569504458826,-1.16151077585043,-0.556440331274644,0.0558872745653692,0.562118146311453,0.859051081070599,NaN,NaN,NaN,NaN,NaN,NaN,NaN,NaN,NaN
NaN,NaN,-1.80873527942943,-1.62992357064407,-1.20018105866135,-0.596476156497374,0.0185246617814604,0.537088423710278,0.845060082802471,NaN,NaN,NaN,NaN,NaN,NaN,NaN,NaN,NaN
NaN,NaN,-1.82257471426177,-1.66670729194205,-1.24285546974958,-0.636844296241179,-0.0176617650965151,0.511646181087902,0.829497514942583,NaN,NaN,NaN,NaN,NaN,NaN,NaN,NaN,NaN
NaN,NaN,-1.83432718558955,-1.70023568693917,-1.27977613271893,-0.674806885654107,-0.0569490304866728,0.484293181192091,0.815181280204949,NaN,NaN,NaN,NaN,NaN,NaN,NaN,NaN,NaN
NaN,NaN,-1.8405031394844,-1.72969725702327,-1.32098540575923,-0.718550399178639,-0.0940767823437151,0.460015371184757,0.799303087124523,NaN,NaN,NaN,NaN,NaN,NaN,NaN,NaN,NaN
NaN,NaN,-1.84867186291861,-1.76083843011778,-1.36082496406258,-0.755979880923405,-0.131314393011659,0.433700907718351,0.783212776014504,NaN,NaN,NaN,NaN,NaN,NaN,NaN,NaN,NaN
NaN,NaN,-1.85140559269833,-1.78666353945058,-1.39711050228895,-0.797680612886325,-0.169525664178461,0.408104326318911,0.767755410352644,NaN,NaN,NaN,NaN,NaN,NaN,NaN,NaN,NaN
NaN,NaN,-1.85308387323069,-1.81259541560333,-1.43864774988712,-0.838878728682175,-0.205891184387535,0.383792150508574,0.750647312680182,NaN,NaN,NaN,NaN,NaN,NaN,NaN,NaN,NaN
NaN,NaN,-1.85428259714293,-1.8351742883436,-1.4746220959884,-0.878134068334475,-0.243460271386236,0.356879088770559,0.733600551912484,NaN,NaN,NaN,NaN,NaN,NaN,NaN,NaN,NaN
NaN,NaN,-1.8505164404099,-1.85385719661038,-1.51275686831893,-0.921474747592583,-0.278779841838211,0.333461113017014,0.716257518807349,NaN,NaN,NaN,NaN,NaN,NaN,NaN,NaN,NaN
NaN,NaN,-1.84914141713428,-1.87384052921455,-1.55109779821457,-0.958958674455062,-0.314221005765527,0.308121297251394,0.697669065276083,NaN,NaN,NaN,NaN,NaN,NaN,NaN,NaN,NaN
NaN,NaN,-1.84376153914976,-1.88917898361008,-1.58528484316291,-0.999242585385218,-0.348814554391235,0.284024890255144,0.680349426994023,NaN,NaN,NaN,NaN,NaN,NaN,NaN,NaN,NaN
NaN,NaN,-1.83721879317212,-1.90424521241706,-1.62349935533227,-1.04030593880452,-0.383337043104499,0.259381312619856,0.662094927111563,NaN,NaN,NaN,NaN,NaN,NaN,NaN,NaN,NaN
NaN,NaN,-1.83113431378054,-1.91747179974239,-1.6576326815945,-1.07802059152164,-0.417909674225181,0.233221001666,0.643284464904961,NaN,NaN,NaN,NaN,NaN,NaN,NaN,NaN,NaN
NaN,NaN,-1.82066501869607,-1.92693884272497,-1.69175907881678,-1.11957125016488,-0.452212631581157,0.208870995532682,0.62495992956489,NaN,NaN,NaN,NaN,NaN,NaN,NaN,NaN,NaN
NaN,NaN,-1.81239494873929,-1.93849735681336,-1.72635754482568,-1.15641297423281,-0.4862412026802,0.182214904319456,0.604315842220482,NaN,NaN,NaN,NaN,NaN,NaN,NaN,NaN,NaN
NaN,NaN,-1.80062403722453,-1.94698284168165,-1.75585444928826,-1.19532581069507,-0.521199103323549,0.154593050222805,0.587071771452126,NaN,NaN,NaN,NaN,NaN,NaN,NaN,NaN,NaN
NaN,NaN,-1.78727429180193,-1.95434844840687,-1.78927637548865,-1.23624335625209,-0.556556858001083,0.1277144287936,0.567148732671437,NaN,NaN,NaN,NaN,NaN,NaN,NaN,NaN,NaN
NaN,NaN,-1.77576364769387,-1.96202586193006,-1.81825909675778,-1.27219760441221,-0.59184787410292,0.0973805819861203,0.547441257813868,NaN,NaN,NaN,NaN,NaN,NaN,NaN,NaN,NaN
NaN,NaN,-1.75916828035164,-1.96536981288712,-1.84665951790036,-1.31312017911114,-0.628466416029065,0.069145191203764,0.528480685034689,NaN,NaN,NaN,NaN,NaN,NaN,NaN,NaN,NaN
NaN,NaN,-1.74449056206989,-1.97160971138995,-1.87612827779473,-1.34964964934625,-0.663296837238401,0.0392012519053727,0.507137062678036,NaN,NaN,NaN,NaN,NaN,NaN,NaN,NaN,NaN
NaN,NaN,-1.72663584171581,-1.97324686471741,-1.89960757182659,-1.38836018391885,-0.701007112739414,0.00695610765736395,0.488610877374109,NaN,NaN,NaN,NaN,NaN,NaN,NaN,NaN,NaN
NaN,NaN,-1.70766437246251,-1.97425846729796,-1.92730540321888,-1.4285704086069,-0.737879533199399,-0.0230573455579967,0.467387395629582,NaN,NaN,NaN,NaN,NaN,NaN,NaN,NaN,NaN
NaN,NaN,-1.69030086888718,-1.97497895706814,-1.95036578835667,-1.46374947973527,-0.775058209774822,-0.0573176297136039,0.446535101810393,NaN,NaN,NaN,NaN,NaN,NaN,NaN,NaN,NaN
NaN,NaN,-1.66780631809282,-1.97187696371596,-1.97202192531646,-1.50351050891913,-0.81344443920049,-0.0881762395389766,0.426603643873629,NaN,NaN,NaN,NaN,NaN,NaN,NaN,NaN,NaN
NaN,NaN,-1.64718186302828,-1.9699228626899,-1.99597615660847,-1.5387893433217,-0.849496476230949,-0.120516564954111,0.404393183717426,NaN,NaN,NaN,NaN,NaN,NaN,NaN,NaN,NaN
NaN,NaN,-1.62499399675774,-1.96419481907409,-2.01382638798774,-1.57419463270344,-0.887617725757688,-0.154332980770657,0.384192443171438,NaN,NaN,NaN,NaN,NaN,NaN,NaN,NaN,NaN
NaN,NaN,-1.60069670348215,-1.95674125824492,-2.03520845534028,-1.61192396306433,-0.924076191959709,-0.184895765293428,0.36130727706283,NaN,NaN,NaN,NaN,NaN,NaN,NaN,NaN,NaN
NaN,NaN,-1.57898517145562,-1.95044302169602,-2.05235704691828,-1.64210384362377,-0.960397511599391,-0.218952872116157,0.338837890604433,NaN,NaN,NaN,NaN,NaN,NaN,NaN,NaN,NaN
NaN,NaN,-1.55173107801723,-1.93831399802487,-2.06730678589762,-1.67693940573372,-0.997870039073556,-0.248842980969736,0.317569630870518,NaN,NaN,NaN,NaN,NaN,NaN,NaN,NaN,NaN
NaN,NaN,-1.52698905958581,-1.92918770734589,-2.08609992550434,-1.70667931088246,-1.03218743192944,-0.280607097107956,0.294025386402306,NaN,NaN,NaN,NaN,NaN,NaN,NaN,NaN,NaN
NaN,NaN,-1.50096209539818,-1.91543216605108,-2.09817338647069,-1.73603800707497,-1.06887887778673,-0.312371455390045,0.273249908069071,NaN,NaN,NaN,NaN,NaN,NaN,NaN,NaN,NaN
NaN,NaN,-1.47305607615757,-1.9005119313709,-2.11360743181528,-1.76718171336688,-1.10473919275197,-0.340482868511269,0.249325870254931,NaN,NaN,NaN,NaN,NaN,NaN,NaN,NaN,NaN
NaN,NaN,-1.44721148355651,-1.88716918949406,-2.12559129954995,-1.79107913398184,-1.13997736561093,-0.372269951064178,0.22679265094727,NaN,NaN,NaN,NaN,NaN,NaN,NaN,NaN,NaN
NaN,NaN,-1.41646392463493,-1.8682405983321,-2.13426623405636,-1.81903272517957,-1.17649646091256,-0.400122028101274,0.2060136149618,NaN,NaN,NaN,NaN,NaN,NaN,NaN,NaN,NaN
NaN,NaN,-1.38694817020344,-1.85213814277571,-2.14715864421548,-1.8436169216875,-1.21041908475551,-0.429608539003918,0.183256431201395,NaN,NaN,NaN,NaN,NaN,NaN,NaN,NaN,NaN
NaN,NaN,-1.35785542248535,-1.83249656830352,-2.15195590542377,-1.86680482351221,-1.24630216124448,-0.460045241076538,0.162858213016686,NaN,NaN,NaN,NaN,NaN,NaN,NaN,NaN,NaN
NaN,NaN,-1.32521120651412,-1.81117539082091,-2.16010333882393,-1.8934398482088,-1.28116143482718,-0.486821677792856,0.140877230742869,NaN,NaN,NaN,NaN,NaN,NaN,NaN,NaN,NaN
NaN,NaN,-1.29425419314551,-1.79128405426066,-2.16527720825494,-1.91355052986182,-1.31523133802208,-0.517706197012255,0.118678821900782,NaN,NaN,NaN,NaN,NaN,NaN,NaN,NaN,NaN
NaN,NaN,-1.25917240797329,-1.76641649354618,-2.16702705161394,-1.93921135389246,-1.35090391698274,-0.545680482197592,0.0992209042403071,NaN,NaN,NaN,NaN,NaN,NaN,NaN,NaN,NaN
NaN,NaN,-1.22433438717174,-1.74359849442165,-2.17287441627802,-1.9617679680232,-1.38310337054524,-0.575465761382172,0.0763604181799262,NaN,NaN,NaN,NaN,NaN,NaN,NaN,NaN,NaN
NaN,NaN,-1.1916313861196,-1.71854561914127,-2.16931819827975,-1.98333864682354,-1.41727910923752,-0.606981642801353,0.0562393988463252,NaN,NaN,NaN,NaN,NaN,NaN,NaN,NaN,NaN
NaN,NaN,-1.15332839830565,-1.69007344890755,-2.1699896632296,-2.00814824202098,-1.44898175808582,-0.634744946170637,0.0330614994260638,NaN,NaN,NaN,NaN,NaN,NaN,NaN,NaN,NaN
NaN,NaN,-1.11812829791355,-1.66494852651279,-2.16791789890946,-2.0275106432382,-1.48023720446023,-0.66672328512747,0.010625640580353,NaN,NaN,NaN,NaN,NaN,NaN,NaN,NaN,NaN
NaN,NaN,-1.07830887480425,-1.63386407096308,-2.1616095481974,-2.05089976661839,-1.51250933843645,-0.695797071117947,-0.00970356660157753,NaN,NaN,NaN,NaN,NaN,NaN,NaN,NaN,NaN
NaN,NaN,-1.03980097739744,-1.60613947335999,-2.15905135409654,-2.07200957112946,-1.54032608109507,-0.72702802370865,-0.0337014582958849,NaN,NaN,NaN,NaN,NaN,NaN,NaN,NaN,NaN
NaN,NaN,-1.00276207371401,-1.57626886640113,-2.14782560156406,-2.08955533453263,-1.56993059056792,-0.75830809425194,-0.0562874463406236,NaN,NaN,NaN,NaN,NaN,NaN,NaN,NaN,NaN
NaN,NaN,-0.960962342161414,-1.54399991754811,-2.14077822776259,-2.11181046091951,-1.5983798130134,-0.786416434008667,-0.0799662482944162,NaN,NaN,NaN,NaN,NaN,NaN,NaN,NaN,NaN
NaN,NaN,-0.92377329065251,-1.51538544122498,-2.13132548989476,-2.12662621983327,-1.62341490003261,-0.818061676133463,-0.104965274503532,NaN,NaN,NaN,NaN,NaN,NaN,NaN,NaN,NaN
NaN,NaN,-0.881710590857741,-1.48140060503404,-2.11727075190962,-2.14417755254544,-1.65123674633893,-0.847388651479074,-0.126627204289737,NaN,NaN,NaN,NaN,NaN,NaN,NaN,NaN,NaN
NaN,NaN,-0.841613503236052,-1.45198537756126,-2.10735622705639,-2.15992170968093,-1.67366299393567,-0.876139547932932,-0.152003173997703,NaN,NaN,NaN,NaN,NaN,NaN,NaN,NaN,NaN
NaN,NaN,-0.803048888284441,-1.42096261281889,-2.09043191658081,-2.17075694003142,-1.69969653326067,-0.906634029258081,-0.175626133849922,NaN,NaN,NaN,NaN,NaN,NaN,NaN,NaN,NaN
NaN,NaN,-0.760169660735604,-1.38735360253971,-2.07603795366109,-2.18614915036596,-1.72365681814942,-0.933966335166284,-0.199496881386343,NaN,NaN,NaN,NaN,NaN,NaN,NaN,NaN,NaN
NaN,NaN,-0.721271762687441,-1.35742950041216,-2.06084895791234,-2.19363024109043,-1.74573191988263,-0.963633448142597,-0.225274586400095,NaN,NaN,NaN,NaN,NaN,NaN,NaN,NaN,NaN
NaN,NaN,-0.679740661818262,-1.32285262246054,-2.03890798525632,-2.20389693626203,-1.77076937246117,-0.991923414427826,-0.246791043600145,NaN,NaN,NaN,NaN,NaN,NaN,NaN,NaN,NaN
NaN,NaN,-0.63829863264012,-1.29083069760721,-2.02288128347815,-2.2127198392991,-1.79160650434884,-1.01857253934819,-0.272526932230297,NaN,NaN,NaN,NaN,NaN,NaN,NaN,NaN,NaN
NaN,NaN,-0.599440390307185,-1.25698222566765,-1.99903633357705,-2.21659432747401,-1.81600637349281,-1.04751556764919,-0.295221288969818,NaN,NaN,NaN,NaN,NaN,NaN,NaN,NaN,NaN
NaN,NaN,-0.556234398919817,-1.22033911545198,-1.97726050303997,-2.22546079778112,-1.83887810992989,-1.07270905401189,-0.318006058504883,NaN,NaN,NaN,NaN,NaN,NaN,NaN,NaN,NaN
NaN,NaN,-0.51677452220368,-1.18673725773018,-1.95399254472674,-2.2275149601046,-1.86030897858533,-1.1005232262202,-0.342583456358019,NaN,NaN,NaN,NaN,NaN,NaN,NaN,NaN,NaN
NaN,NaN,-0.475175825942036,-1.1480832358114,-1.92525820718826,-2.23180630826391,-1.88473747658524,-1.12752077754218,-0.362474811544719,NaN,NaN,NaN,NaN,NaN,NaN,NaN,NaN,NaN
NaN,NaN,-0.432166716146943,-1.11008384053033,-1.90047288225711,-2.23541659885086,-1.90535463008079,-1.1512672307678,-0.385794327875677,NaN,NaN,NaN,NaN,NaN,NaN,NaN,NaN,NaN
NaN,NaN,-0.392318347532031,-1.07107647482674,-1.86996726231397,-2.23469819524325,-1.92858198272976,-1.1787567811795,-0.406063613763157,NaN,NaN,NaN,NaN,NaN,NaN,NaN,NaN,NaN
NaN,NaN,-0.347239019412276,-1.02796965066712,-1.83952717022718,-2.23830261849798,-1.95116085547003,-1.20191055934508,-0.425488357713524,NaN,NaN,NaN,NaN,NaN,NaN,NaN,NaN,NaN
NaN,NaN,-0.306738613236424,-0.988696783523968,-1.80957425297917,-2.23671571933664,-1.97040048974547,-1.2278788874634,-0.447423016002479,NaN,NaN,NaN,NaN,NaN,NaN,NaN,NaN,NaN
NaN,NaN,-0.264075303513285,-0.94484847758334,-1.77207214670004,-2.23536479868926,-1.99313211801442,-1.25239228482921,-0.464279079159799,NaN,NaN,NaN,NaN,NaN,NaN,NaN,NaN,NaN
NaN,NaN,-0.219251250911232,-0.901316020380667,-1.74180330620826,-2.23552038543858,-2.01110424089226,-1.27378163512428,-0.485013262650076,NaN,NaN,NaN,NaN,NaN,NaN,NaN,NaN,NaN
NaN,NaN,-0.178893299836394,-0.858674932014158,-1.70446757139386,-2.22914959886111,-2.03126862260494,-1.29875527348001,-0.502861519625488,NaN,NaN,NaN,NaN,NaN,NaN,NaN,NaN,NaN
NaN,NaN,-0.132444573629376,-0.811449520032814,-1.6678620121044,-2.22744414233603,-2.04981810959968,-1.31897810499747,-0.519838636091057,NaN,NaN,NaN,NaN,NaN,NaN,NaN,NaN,NaN
NaN,NaN,-0.0907882657532658,-0.771104849617889,-1.63388816551984,-2.2199111583177,-2.06588070454988,-1.34157120834667,-0.539628216346803,NaN,NaN,NaN,NaN,NaN,NaN,NaN,NaN,NaN
NaN,NaN,-0.0479582679157223,-0.725170530121735,-1.59354442642749,-2.21232583397068,-2.08541350054535,-1.36363763015349,-0.55443587275416,NaN,NaN,NaN,NaN,NaN,NaN,NaN,NaN,NaN
NaN,NaN,-0.00364037050652162,-0.682039770971945,-1.56088868068279,-2.20685800188221,-2.09937752771172,-1.38114159579951,-0.572672416737381,NaN,NaN,NaN,NaN,NaN,NaN,NaN,NaN,NaN
NaN,NaN,0.0362581777687107,-0.639989364635161,-1.52203354896725,-2.19424247392453,-2.11486316832694,-1.40424158077318,-0.589300771525207,NaN,NaN,NaN,NaN,NaN,NaN,NaN,NaN,NaN
NaN,NaN,0.0807412545497452,-0.594793900590351,-1.48400910110892,-2.18662287690677,-2.13096048298272,-1.42131080504138,-0.605149963220659,NaN,NaN,NaN,NaN,NaN,NaN,NaN,NaN,NaN
NaN,NaN,0.120539685648206,-0.55547027636688,-1.44954442890109,-2.17346951016225,-2.14319081592354,-1.4419106918164,-0.623784982880655,NaN,NaN,NaN,NaN,NaN,NaN,NaN,NaN,NaN
NaN,NaN,0.161624645751241,-0.51190764431279,-1.40840653242291,-2.15949345030822,-2.15981563168558,-1.46272357206423,-0.638398719301525,NaN,NaN,NaN,NaN,NaN,NaN,NaN,NaN,NaN
NaN,NaN,0.202697219264034,-0.469752464186361,-1.37430040077985,-2.14778575696982,-2.1710742785314,-1.47924027990181,-0.656045624336305,NaN,NaN,NaN,NaN,NaN,NaN,NaN,NaN,NaN
NaN,NaN,0.238594917517427,-0.429899327199867,-1.33547196076931,-2.1290479938034,-2.18462986486945,-1.50118151332814,-0.67396356286675,NaN,NaN,NaN,NaN,NaN,NaN,NaN,NaN,NaN
NaN,NaN,0.278614276957038,-0.386295772831848,-1.29495801316322,-2.11513107293285,-2.19775894272122,-1.51814361687381,-0.689888657352033,NaN,NaN,NaN,NaN,NaN,NaN,NaN,NaN,NaN
NaN,NaN,0.314377920639041,-0.346723578613213,-1.25990517349661,-2.09724768646993,-2.20759633543882,-1.53868509109695,-0.708327913006845,NaN,NaN,NaN,NaN,NaN,NaN,NaN,NaN,NaN
NaN,NaN,0.349326172780517,-0.303817212324551,-1.21660385193051,-2.07679900922812,-2.22114974248204,-1.55894953410704,-0.723747914007011,NaN,NaN,NaN,NaN,NaN,NaN,NaN,NaN,NaN
NaN,NaN,0.385373869847778,-0.26033133987706,-1.17946330370129,-2.060057685012,-2.22945708396825,-1.57743597056348,-0.741681461503807,NaN,NaN,NaN,NaN,NaN,NaN,NaN,NaN,NaN
NaN,NaN,0.416301602434639,-0.219924680631569,-1.13725537346424,-2.0356448518578,-2.23855368408355,-1.59878987472136,-0.759704155197445,NaN,NaN,NaN,NaN,NaN,NaN,NaN,NaN,NaN
NaN,NaN,0.448541140120748,-0.173969369124582,-1.09386151568712,-2.01650475733913,-2.24850743624362,-1.61860631432016,-0.775167667588297,NaN,NaN,NaN,NaN,NaN,NaN,NaN,NaN,NaN
NaN,NaN,0.479329938005928,-0.13140487272661,-1.05471921996893,-1.99289027252234,-2.25425481411609,-1.63772673930604,-0.793114905526939,NaN,NaN,NaN,NaN,NaN,NaN,NaN,NaN,NaN
NaN,NaN,0.506478773366932,-0.0862081979624539,-1.00833685980858,-1.9659743795637,-2.26192887487802,-1.65971792887528,-0.80901364358336,NaN,NaN,NaN,NaN,NaN,NaN,NaN,NaN,NaN
NaN,NaN,0.536333752732996,-0.0407553349844723,-0.965831725911509,-1.94254433386959,-2.26631920400056,-1.67674794446308,-0.825657048543993,NaN,NaN,NaN,NaN,NaN,NaN,NaN,NaN,NaN
NaN,NaN,0.558853095334295,0.00152631874758906,-0.921604222671401,-1.91103482269682,-2.27033197495136,-1.69891165222604,-0.843909033855501,NaN,NaN,NaN,NaN,NaN,NaN,NaN,NaN,NaN
NaN,NaN,0.582683386218074,0.0486078972705097,-0.873559488968264,-1.88305094488896,-2.27587598922643,-1.71736495222528,-0.858300780227485,NaN,NaN,NaN,NaN,NaN,NaN,NaN,NaN,NaN
NaN,NaN,0.606006665092233,0.0921311157532424,-0.833385287837397,-1.85144029208459,-2.2764547130743,-1.73624785270173,-0.87548142792851,NaN,NaN,NaN,NaN,NaN,NaN,NaN,NaN,NaN
NaN,NaN,0.623740928184513,0.136189304549286,-0.78490730287255,-1.81578799732961,-2.27996045338902,-1.75673363383491,-0.890174811055961,NaN,NaN,NaN,NaN,NaN,NaN,NaN,NaN,NaN
NaN,NaN,0.644850471925262,0.181325480598995,-0.742518416659247,-1.78403293364681,-2.2804650998393,-1.77351029242952,-0.90517109753758,NaN,NaN,NaN,NaN,NaN,NaN,NaN,NaN,NaN
NaN,NaN,0.658299161058191,0.220827788371632,-0.698421466217648,-1.74423262127675,-2.27996332186255,-1.793843895454,-0.922894892564121,NaN,NaN,NaN,NaN,NaN,NaN,NaN,NaN,NaN
NaN,NaN,0.674104543339733,0.26545071255047,-0.651885326073777,-1.70736258500256,-2.28090537327322,-1.81204219933231,-0.93436973663241,NaN,NaN,NaN,NaN,NaN,NaN,NaN,NaN,NaN
NaN,NaN,0.688187593531135,0.305781021971294,-0.611988752202403,-1.66901010670699,-2.27768551173601,-1.82848693456132,-0.950878453722301,NaN,NaN,NaN,NaN,NaN,NaN,NaN,NaN,NaN
NaN,NaN,0.696741586488012,0.344815153885672,-0.565684287862193,-1.62549189873971,-2.27631331968102,-1.84876134272296,-0.963985943516794,NaN,NaN,NaN,NaN,NaN,NaN,NaN,NaN,NaN
NaN,NaN,0.708917492937568,0.384870741773436,-0.52447428839029,-1.58908800804056,-2.27333230513129,-1.864559814591,-0.977616315057579,NaN,NaN,NaN,NaN,NaN,NaN,NaN,NaN,NaN
NaN,NaN,0.714692475211147,0.419092562306711,-0.483080855624091,-1.5439904818777,-2.26841145741734,-1.88285374667127,-0.993549512049261,NaN,NaN,NaN,NaN,NaN,NaN,NaN,NaN,NaN
NaN,NaN,0.7234190422411,0.457414567727634,-0.437812413142334,-1.50371450581588,-2.26570330175552,-1.90056915979464,-1.00401768954665,NaN,NaN,NaN,NaN,NaN,NaN,NaN,NaN,NaN
NaN,NaN,0.730191713135961,0.490739878524134,-0.398638154433381,-1.46311821066774,-2.25765281903538,-1.91531236867983,-1.01923248293072,NaN,NaN,NaN,NaN,NaN,NaN,NaN,NaN,NaN
NaN,NaN,0.73201276541901,0.522741575051138,-0.353669001774203,-1.41829816275276,-2.25156770634446,-1.93490080188591,-1.03177905576498,NaN,NaN,NaN,NaN,NaN,NaN,NaN,NaN,NaN
NaN,NaN,0.738843476336721,0.555972282100508,-0.311222969607722,-1.3798402773682,-2.24454432341251,-1.94890211920817,-1.04436746360928,NaN,NaN,NaN,NaN,NaN,NaN,NaN,NaN,NaN
NaN,NaN,0.739873668115858,0.583219502378294,-0.269985104964386,-1.33579298504628,-2.23443993913922,-1.96660317133743,-1.05933277430207,NaN,NaN,NaN,NaN,NaN,NaN,NaN,NaN,NaN
NaN,NaN,0.743594190042738,0.613037843514273,-0.222860164062392,-1.29515207954682,-2.22708817186746,-1.98316568161924,-1.07016662629515,NaN,NaN,NaN,NaN,NaN,NaN,NaN,NaN,NaN
NaN,NaN,0.746241288196567,0.639273219067642,-0.181866082416188,-1.25526887946762,-2.21418082329425,-1.99556249778349,-1.08535847189099,NaN,NaN,NaN,NaN,NaN,NaN,NaN,NaN,NaN
NaN,NaN,0.745175482642177,0.662321627397129,-0.135270617024313,-1.21026720502414,-2.20277111592683,-2.01365956689794,-1.09832432614833,NaN,NaN,NaN,NaN,NaN,NaN,NaN,NaN,NaN
NaN,NaN,0.748208017956737,0.687911056239197,-0.0899097314638008,-1.17234456934966,-2.19046493607554,-2.02559658910711,-1.1117703889516,NaN,NaN,NaN,NaN,NaN,NaN,NaN,NaN,NaN
NaN,NaN,0.747000930767778,0.707202900458166,-0.0464367298942913,-1.12807973870076,-2.17466508585009,-2.04053330819685,-1.12710081534654,NaN,NaN,NaN,NaN,NaN,NaN,NaN,NaN,NaN
NaN,NaN,0.747429041128877,0.728133611638138,0.00375978736459122,-1.08671310939826,-2.16136745723876,-2.05382752816755,-1.13931119935781,NaN,NaN,NaN,NaN,NaN,NaN,NaN,NaN,NaN
NaN,NaN,0.747741760622982,0.746412121016571,0.046130177511562,-1.04641763144173,-2.14277769985589,-2.06371998067577,-1.15427686395318,NaN,NaN,NaN,NaN,NaN,NaN,NaN,NaN,NaN
NaN,NaN,0.744589233707908,0.760907784361431,0.0941163123983036,-1.00041163736023,-2.12559172498974,-2.07902215074379,-1.16863180445701,NaN,NaN,NaN,NaN,NaN,NaN,NaN,NaN,NaN
NaN,NaN,0.744561927330021,0.777992412705013,0.141493455453504,-0.960154604399577,-2.10742007556352,-2.08886868904907,-1.18253393592507,NaN,NaN,NaN,NaN,NaN,NaN,NaN,NaN,NaN
NaN,NaN,0.741828737717394,0.789085619408676,0.184976440801014,-0.916066892677918,-2.08517437416109,-2.10044014852125,-1.19936271133095,NaN,NaN,NaN,NaN,NaN,NaN,NaN,NaN,NaN
NaN,NaN,0.73838189424229,0.801496424038002,0.234414097799648,-0.872008219594136,-2.06541394430193,-2.11137143548209,-1.21259766193301,NaN,NaN,NaN,NaN,NaN,NaN,NaN,NaN,NaN
NaN,NaN,0.736646747153524,0.812526021409819,0.276580546929229,-0.831741575384513,-2.04080968710574,-2.11931289758165,-1.22791719185382,NaN,NaN,NaN,NaN,NaN,NaN,NaN,NaN,NaN
NaN,NaN,0.730674603890899,0.819374762732574,0.322050099207748,-0.783408373827115,-2.01638968276772,-2.13215067635853,-1.24397086473376,NaN,NaN,NaN,NaN,NaN,NaN,NaN,NaN,NaN
NaN,NaN,0.727935956727985,0.829256505031177,0.367177334560741,-0.742930468404666,-1.99282781767639,-2.13967928316075,-1.25716479988963,NaN,NaN,NaN,NaN,NaN,NaN,NaN,NaN,NaN
NaN,NaN,0.722933748673919,0.833687030036041,0.406578854604353,-0.698205545777455,-1.96413006248865,-2.14762599791963,-1.27430508407027,NaN,NaN,NaN,NaN,NaN,NaN,NaN,NaN,NaN
NaN,NaN,0.716232808243755,0.839613463986704,0.451340992881645,-0.65415370860137,-1.93767983081731,-2.15775956984241,-1.28737895311982,NaN,NaN,NaN,NaN,NaN,NaN,NaN,NaN,NaN
NaN,NaN,0.713012276154283,0.845171820629427,0.48889290629207,-0.613980662310496,-1.90776791038904,-2.16316664244611,-1.30306412028343,NaN,NaN,NaN,NaN,NaN,NaN,NaN,NaN,NaN
NaN,NaN,0.704829098593715,0.847276479262897,0.527581070496429,-0.566673182183877,-1.87610080081019,-2.17398289244253,-1.31867668153912,NaN,NaN,NaN,NaN,NaN,NaN,NaN,NaN,NaN
NaN,NaN,0.699978025567058,0.852078005928585,0.566585511847127,-0.52671653800644,-1.84687856200132,-2.1799712220915,-1.33202011259467,NaN,NaN,NaN,NaN,NaN,NaN,NaN,NaN,NaN
NaN,NaN,0.69385918037248,0.853367384780237,0.597867035253633,-0.48382380628027,-1.81153328704628,-2.18550089399893,-1.34850102039248,NaN,NaN,NaN,NaN,NaN,NaN,NaN,NaN,NaN
NaN,NaN,0.685296935897592,0.854476440954992,0.634569582476009,-0.439844146603718,-1.77879552903566,-2.19268766816337,-1.3624232125488,NaN,NaN,NaN,NaN,NaN,NaN,NaN,NaN,NaN
NaN,NaN,0.68000756384087,0.8583246285804,0.664040987326492,-0.400700249010697,-1.74322057130727,-2.19476401459057,-1.37710651876599,NaN,NaN,NaN,NaN,NaN,NaN,NaN,NaN,NaN
NaN,NaN,0.67141609446359,0.856049817312548,0.693806727363456,-0.354542188579217,-1.7048149517456,-2.20156974743683,-1.39333393918544,NaN,NaN,NaN,NaN,NaN,NaN,NaN,NaN,NaN
NaN,NaN,0.664070194524053,0.859036438424179,0.724419579787839,-0.315194051945582,-1.6696029863039,-2.20329934384305,-1.40576415257722,NaN,NaN,NaN,NaN,NaN,NaN,NaN,NaN,NaN
NaN,NaN,0.657032543730262,0.857804112393448,0.746214856340278,-0.272735707694665,-1.62799758451971,-2.20539202566821,-1.42271303134233,NaN,NaN,NaN,NaN,NaN,NaN,NaN,NaN,NaN
NaN,NaN,0.646829439264063,0.856433801610062,0.774218869342197,-0.228804737562314,-1.58981762441787,-2.20829018976171,-1.4363344249335,NaN,NaN,NaN,NaN,NaN,NaN,NaN,NaN,NaN
NaN,NaN,0.641317760508779,0.857696246612856,0.79535504890858,-0.189555134857073,-1.54974622267279,-2.20703895788271,-1.45137385027677,NaN,NaN,NaN,NaN,NaN,NaN,NaN,NaN,NaN
NaN,NaN,0.630082080077652,0.852424942214081,0.81600913865744,-0.143336836481467,-1.50766934814844,-2.20768309782822,-1.46750679733426,NaN,NaN,NaN,NaN,NaN,NaN,NaN,NaN,NaN
NaN,NaN,0.622174965154651,0.852800619114229,0.838341583444465,-0.102830320829526,-1.46875029045138,-2.20664046357948,-1.48048095898897,NaN,NaN,NaN,NaN,NaN,NaN,NaN,NaN,NaN
NaN,NaN,0.61339799494696,0.849877514202186,0.85177524103104,-0.0603759253863245,-1.42423698293957,-2.20279741685469,-1.4972242762354,NaN,NaN,NaN,NaN,NaN,NaN,NaN,NaN,NaN
NaN,NaN,0.601909851592306,0.846076265234539,0.871532839669574,-0.0146229343954474,-1.38328116002473,-2.20297876398642,-1.51096411543161,NaN,NaN,NaN,NaN,NaN,NaN,NaN,NaN,NaN
NaN,NaN,0.594241639536146,0.845159825194666,0.886329413338293,0.0263386813458055,-1.34206700685415,-2.19657906915624,-1.52523138122827,NaN,NaN,NaN,NaN,NaN,NaN,NaN,NaN,NaN
NaN,NaN,0.582017769973997,0.837519813586065,0.898434744163145,0.0725084950681776,-1.29803610580954,-2.19333441581208,-1.54182879748017,NaN,NaN,NaN,NaN,NaN,NaN,NaN,NaN,NaN
NaN,NaN,0.571371691238407,0.835308071482965,0.915120077266086,0.114792179083452,-1.2578922285417,-2.18798329706866,-1.55355398105651,NaN,NaN,NaN,NaN,NaN,NaN,NaN,NaN,NaN
NaN,NaN,0.561590084743026,0.829751912761518,0.921583139284242,0.157065860694274,-1.21303243177924,-2.18080103050549,-1.56999499099523,NaN,NaN,NaN,NaN,NaN,NaN,NaN,NaN,NaN
NaN,NaN,0.548235831719164,0.824092358607838,0.936632753296484,0.204416200285777,-1.171879391996,-2.17702231954415,-1.58382474007279,NaN,NaN,NaN,NaN,NaN,NaN,NaN,NaN,NaN
NaN,NaN,0.539300387662176,0.820248250175306,0.944950637354244,0.245236366754398,-1.12973661708626,-2.16729266222198,-1.59634359674722,NaN,NaN,NaN,NaN,NaN,NaN,NaN,NaN,NaN
NaN,NaN,0.526513738494638,0.811333500105926,0.952592772378315,0.29163334867917,-1.08594437676463,-2.16001782219488,-1.61226233961255,NaN,NaN,NaN,NaN,NaN,NaN,NaN,NaN,NaN
NaN,NaN,0.514503979992393,0.80692391123254,0.96343301324426,0.334212690358981,-1.04610012459549,-2.15160241003711,-1.62269564839274,NaN,NaN,NaN,NaN,NaN,NaN,NaN,NaN,NaN
NaN,NaN,0.504342356633667,0.800066713500807,0.965420362486232,0.37560049793683,-1.00148686754498,-2.13962711047012,-1.63872575881154,NaN,NaN,NaN,NaN,NaN,NaN,NaN,NaN,NaN
NaN,NaN,0.489526430081848,0.790950276214668,0.975166709108938,0.423289168393239,-0.960269715515703,-2.13250184084851,-1.65101644145519,NaN,NaN,NaN,NaN,NaN,NaN,NaN,NaN,NaN
NaN,NaN,0.48065850691152,0.78633933540065,0.979139824344505,0.462311956798658,-0.919982340065568,-2.11897231291611,-1.6627899047938,NaN,NaN,NaN,NaN,NaN,NaN,NaN,NaN,NaN
NaN,NaN,0.468008613150838,0.775257602591106,0.981875081493248,0.506483059143648,-0.875627282885641,-2.10746865372736,-1.67732695611388,NaN,NaN,NaN,NaN,NaN,NaN,NaN,NaN,NaN
NaN,NaN,0.455731602322582,0.769197765994856,0.987537932528842,0.54797850898467,-0.836151666817993,-2.09495776917417,-1.68717185529143,NaN,NaN,NaN,NaN,NaN,NaN,NaN,NaN,NaN
NaN,NaN,0.445305967640403,0.761017252016851,0.986784753336299,0.585968721425161,-0.791722271470159,-2.07818641911823,-1.70171643169791,NaN,NaN,NaN,NaN,NaN,NaN,NaN,NaN,NaN
NaN,NaN,0.430417938094858,0.749947235245296,0.990537163748134,0.629156309878454,-0.751014776406616,-2.06619523118813,-1.71321152271897,NaN,NaN,NaN,NaN,NaN,NaN,NaN,NaN,NaN
NaN,NaN,0.421633014392379,0.743999399501869,0.991660990698923,0.663570243632421,-0.710933912424177,-2.04884528766949,-1.72418797882468,NaN,NaN,NaN,NaN,NaN,NaN,NaN,NaN,NaN
NaN,NaN,0.41014380932999,0.731522936631033,0.989272818847288,0.702318086987361,-0.666342858103841,-2.03328320409734,-1.73716577263743,NaN,NaN,NaN,NaN,NaN,NaN,NaN,NaN,NaN
NaN,NaN,0.398084839742902,0.724177073944399,0.992384572460044,0.738355185603723,-0.627636477229923,-2.01792671929676,-1.74770560609371,NaN,NaN,NaN,NaN,NaN,NaN,NaN,NaN,NaN
NaN,NaN,0.388880299341205,0.714904304850885,0.988464002444137,0.768457244848832,-0.583738084761232,-1.99698559593041,-1.7606320467797,NaN,NaN,NaN,NaN,NaN,NaN,NaN,NaN,NaN
NaN,NaN,0.375028906327013,0.70313693236191,0.988105387373556,0.804092980688438,-0.54345948236975,-1.98239136140425,-1.7725276623872,NaN,NaN,NaN,NaN,NaN,NaN,NaN,NaN,NaN
NaN,NaN,0.36561222926927,0.695974037308285,0.98750844685613,0.830059446161613,-0.50410003948006,-1.96094549845535,-1.78195547806293,NaN,NaN,NaN,NaN,NaN,NaN,NaN,NaN,NaN
NaN,NaN,0.355844220083478,0.682995368052313,0.981012863053669,0.858187585836276,-0.461761686829656,-1.94147042583306,-1.79453088464409,NaN,NaN,NaN,NaN,NaN,NaN,NaN,NaN,NaN
NaN,NaN,0.344331266295436,0.673202958215067,0.982095320655693,0.884664099430665,-0.424347348389953,-1.92240921433646,-1.80386918159396,NaN,NaN,NaN,NaN,NaN,NaN,NaN,NaN,NaN
NaN,NaN,0.336634406756881,0.66380570854623,0.976454709603179,0.904751199996099,-0.383955441294044,-1.89802402283628,-1.81504596518547,NaN,NaN,NaN,NaN,NaN,NaN,NaN,NaN,NaN
NaN,NaN,0.324159061473135,0.650215253490993,0.973331463469852,0.930114205693826,-0.345146652189821,-1.87911145042259,-1.82636468233735,NaN,NaN,NaN,NaN,NaN,NaN,NaN,NaN,NaN
NaN,NaN,0.316464697879079,0.642923593778202,0.971574355794776,0.946794435149059,-0.309181935963958,-1.85437485228855,-1.83388602482349,NaN,NaN,NaN,NaN,NaN,NaN,NaN,NaN,NaN
NaN,NaN,0.308281185042385,0.629393209029028,0.962805599852193,0.964909609174356,-0.268491390971273,-1.83044230218608,-1.84672130765587,NaN,NaN,NaN,NaN,NaN,NaN,NaN,NaN,NaN
NaN,NaN,0.29734498069835,0.619003448892424,0.962945931537736,0.983494393294677,-0.234050281224578,-1.80747376408059,-1.8549457428065,NaN,NaN,NaN,NaN,NaN,NaN,NaN,NaN,NaN
NaN,NaN,0.291588028829816,0.609197050590107,0.955110789223302,0.994188882177696,-0.196062527475685,-1.77950838233907,-1.86462238924772,NaN,NaN,NaN,NaN,NaN,NaN,NaN,NaN,NaN
NaN,NaN,0.281159060012821,0.595148533839771,0.950487182422269,1.01186558953486,-0.158020608005851,-1.75586361091215,-1.87437274055749,NaN,NaN,NaN,NaN,NaN,NaN,NaN,NaN,NaN
NaN,NaN,0.275700187247518,0.586851567287037,0.94723111106335,1.02190550765954,-0.123403683183521,-1.72647596921403,-1.8806604531613,NaN,NaN,NaN,NaN,NaN,NaN,NaN,NaN,NaN
NaN,NaN,0.269062129717592,0.573478576052973,0.938110259308208,1.03309002122842,-0.0819097793379721,-1.69721679415185,-1.89183854060442,NaN,NaN,NaN,NaN,NaN,NaN,NaN,NaN,NaN
NaN,NaN,0.259504934709791,0.562393322844097,0.935923048241724,1.04661012417637,-0.0463325491825041,-1.66959346856553,-1.89919073628456,NaN,NaN,NaN,NaN,NaN,NaN,NaN,NaN,NaN
NaN,NaN,0.255776962202314,0.552767284471581,0.92674963264047,1.05187271139584,-0.00678889068755477,-1.63650506760556,-1.9058770549503,NaN,NaN,NaN,NaN,NaN,NaN,NaN,NaN,NaN
NaN,NaN,0.246561115544561,0.538924701768944,0.920305290206064,1.06502615264617,0.0339180642088953,-1.60766705523808,-1.9146210004595,NaN,NaN,NaN,NaN,NaN,NaN,NaN,NaN,NaN
NaN,NaN,0.242257101398233,0.530423403043339,0.916299411042322,1.07021801522933,0.0715322272202078,-1.57384950320799,-1.9175754536894,NaN,NaN,NaN,NaN,NaN,NaN,NaN,NaN,NaN
NaN,NaN,0.237676130544666,0.517713830132076,0.905131996555913,1.07767222798429,0.11618677911368,-1.53901241372902,-1.92694949479968,NaN,NaN,NaN,NaN,NaN,NaN,NaN,NaN,NaN
NaN,NaN,0.229657350044969,0.506417837251017,0.901164394749988,1.08642997569405,0.155841190489203,-1.5075658972152,-1.93063213052422,NaN,NaN,NaN,NaN,NaN,NaN,NaN,NaN,NaN
NaN,NaN,0.227161442797903,0.497893739748785,0.89209402067839,1.08797505847178,0.19894931850043,-1.46927758704502,-1.93407848971159,NaN,NaN,NaN,NaN,NaN,NaN,NaN,NaN,NaN
NaN,NaN,0.219714568864826,0.48340163405616,0.883656983210434,1.09638080350123,0.243439026298195,-1.43587953995545,-1.93929112078816,NaN,NaN,NaN,NaN,NaN,NaN,NaN,NaN,NaN
NaN,NaN,0.21600270823789,0.475250233221838,0.878756289317001,1.09880878007971,0.284177515777022,-1.39890053894002,-1.93927715094954,NaN,NaN,NaN,NaN,NaN,NaN,NaN,NaN,NaN
NaN,NaN,0.213110560488227,0.463456820953676,0.865686946495164,1.10107381246053,0.33132171642986,-1.36041776861627,-1.94441544385821,NaN,NaN,NaN,NaN,NaN,NaN,NaN,NaN,NaN
NaN,NaN,0.206039940875295,0.452246733266899,0.859992598130096,1.10620819381438,0.3721895666143,-1.32622629057247,-1.94487829255134,NaN,NaN,NaN,NaN,NaN,NaN,NaN,NaN,NaN
NaN,NaN,0.205447414826873,0.444023639220783,0.850710236414064,1.10350041068159,0.416168462606341,-1.28492520775277,-1.94434058414966,NaN,NaN,NaN,NaN,NaN,NaN,NaN,NaN,NaN
NaN,NaN,0.199722258311037,0.430242672819683,0.8396919080454,1.10700963414274,0.460641779126793,-1.24857185061652,-1.94770806031496,NaN,NaN,NaN,NaN,NaN,NaN,NaN,NaN,NaN
NaN,NaN,0.197849703889612,0.422260288406202,0.834856667502512,1.10662583610974,0.501009844364792,-1.20990801255781,-1.94515655311019,NaN,NaN,NaN,NaN,NaN,NaN,NaN,NaN,NaN
NaN,NaN,0.196369850944999,0.411794457841703,0.81982702104627,1.1034718004521,0.545384701462657,-1.16964237417657,-1.94855765002042,NaN,NaN,NaN,NaN,NaN,NaN,NaN,NaN,NaN
NaN,NaN,0.190801324259761,0.400838509459087,0.813272242380966,1.106855556136,0.586031939955622,-1.1341437476464,-1.94815230118305,NaN,NaN,NaN,NaN,NaN,NaN,NaN,NaN,NaN
NaN,NaN,0.192003140162948,0.393718939531633,0.803404861076463,1.09982084832154,0.62551005196777,-1.09207654025037,-1.94762737052709,NaN,NaN,NaN,NaN,NaN,NaN,NaN,NaN,NaN
NaN,NaN,0.187802540075306,0.38148391272504,0.79178730113684,1.1015559209045,0.667289909096629,-1.05475455175717,-1.95016384618551,NaN,NaN,NaN,NaN,NaN,NaN,NaN,NaN,NaN
NaN,NaN,0.18671831296039,0.374300938356707,0.785005056245912,1.09907426289283,0.703470356883675,-1.01672092105825,-1.94822250427872,NaN,NaN,NaN,NaN,NaN,NaN,NaN,NaN,NaN
NaN,NaN,0.186510255497221,0.365368809808084,0.770238787813772,1.09444655827247,0.743757732333809,-0.97571320484955,-1.95049129920274,NaN,NaN,NaN,NaN,NaN,NaN,NaN,NaN,NaN
NaN,NaN,0.182729197602991,0.355479859072754,0.762049500777114,1.09535860246979,0.779981635632187,-0.940317228693554,-1.95033114897281,NaN,NaN,NaN,NaN,NaN,NaN,NaN,NaN,NaN
NaN,NaN,0.184400493216041,0.349695246923754,0.751716737582077,1.08866637921892,0.813617430748612,-0.899369526911566,-1.94862863542706,NaN,NaN,NaN,NaN,NaN,NaN,NaN,NaN,NaN
NaN,NaN,0.181786755036834,0.338895537216255,0.738783144338716,1.08903378597461,0.850698113562733,-0.862587519247124,-1.95063910009533,NaN,NaN,NaN,NaN,NaN,NaN,NaN,NaN,NaN
NaN,NaN,0.181336758595232,0.333216853696892,0.731149316712011,1.08645975938998,0.880961421998412,-0.826279443014452,-1.94683531793028,NaN,NaN,NaN,NaN,NaN,NaN,NaN,NaN,NaN
NaN,NaN,0.182266851824049,0.326648775745222,0.716276374592174,1.08040763414465,0.91368411120978,-0.786046419549772,-1.94673967110187,NaN,NaN,NaN,NaN,NaN,NaN,NaN,NaN,NaN
NaN,NaN,0.179186763178829,0.318133171904871,0.70675920782863,1.08147614053451,0.943371843667895,-0.751728244382927,-1.94434332223803,NaN,NaN,NaN,NaN,NaN,NaN,NaN,NaN,NaN
NaN,NaN,0.179859830003503,0.313499339181969,0.697251056267608,1.07423914945684,0.969107695045144,-0.712171249348709,-1.93961881594926,NaN,NaN,NaN,NaN,NaN,NaN,NaN,NaN,NaN
NaN,NaN,0.178913457256082,0.30471029903371,0.682529677583564,1.07366403914057,0.998410903038651,-0.675769463438579,-1.93747664364249,NaN,NaN,NaN,NaN,NaN,NaN,NaN,NaN,NaN
NaN,NaN,0.177430624079231,0.300116326917002,0.674838610871423,1.0698812676128,1.02018088486996,-0.640412342060396,-1.92948708804518,NaN,NaN,NaN,NaN,NaN,NaN,NaN,NaN,NaN
NaN,NaN,0.179432185303691,0.296092752624342,0.660349168761362,1.06293870485388,1.04372349021044,-0.599836126226971,-1.92440299811036,NaN,NaN,NaN,NaN,NaN,NaN,NaN,NaN,NaN
NaN,NaN,0.176012722712282,0.28835212092478,0.650439635797132,1.06196910492145,1.06454532978144,-0.564953197050878,-1.91757927211196,NaN,NaN,NaN,NaN,NaN,NaN,NaN,NaN,NaN
NaN,NaN,0.177002904873613,0.285792399454901,0.640998055173744,1.05371766141616,1.08102918055859,-0.525846049446651,-1.90672837691576,NaN,NaN,NaN,NaN,NaN,NaN,NaN,NaN,NaN
NaN,NaN,0.176309404831651,0.27980969499428,0.625910536332716,1.05023926473223,1.10122062650529,-0.487981546927282,-1.89875510083705,NaN,NaN,NaN,NaN,NaN,NaN,NaN,NaN,NaN
NaN,NaN,0.175251981180433,0.276172619570085,0.618545842303623,1.04594730190001,1.1136381552836,-0.4520477878638,-1.88613851117164,NaN,NaN,NaN,NaN,NaN,NaN,NaN,NaN,NaN
NaN,NaN,0.177740866255287,0.273944802839348,0.604603775723566,1.03637693799101,1.12892652315107,-0.410753708589861,-1.87411455931336,NaN,NaN,NaN,NaN,NaN,NaN,NaN,NaN,NaN
NaN,NaN,0.174337906699899,0.267387025315353,0.593366810067285,1.03416759870015,1.14122614649144,-0.375294253487179,-1.8623780136016,NaN,NaN,NaN,NaN,NaN,NaN,NaN,NaN,NaN
NaN,NaN,0.175454562466863,0.266772706318685,0.584741850330223,1.02477582520805,1.15030719351974,-0.335930861789772,-1.84539342792899,NaN,NaN,NaN,NaN,NaN,NaN,NaN,NaN,NaN
NaN,NaN,0.175626503240589,0.262216750789472,0.569047891481508,1.01869706413709,1.16331421223488,-0.29694659288604,-1.83230394991309,NaN,NaN,NaN,NaN,NaN,NaN,NaN,NaN,NaN
NaN,NaN,0.174470154505495,0.259618658829519,0.560990945382703,1.01377539685927,1.16981916514245,-0.260488350201437,-1.81486128391892,NaN,NaN,NaN,NaN,NaN,NaN,NaN,NaN,NaN
NaN,NaN,0.177272783529285,0.258898522961924,0.548415520175088,1.00191686651669,1.17859868717399,-0.218606867153236,-1.7982392993775,NaN,NaN,NaN,NaN,NaN,NaN,NaN,NaN,NaN
NaN,NaN,0.174519812625173,0.253389470536301,0.536776521189798,0.998483415460214,1.18597517174688,-0.183821670968124,-1.78296421216995,NaN,NaN,NaN,NaN,NaN,NaN,NaN,NaN,NaN
NaN,NaN,0.175841713261131,0.254383284855673,0.52877882583319,0.987623877590522,1.19055476424304,-0.145631503570864,-1.76259411992699,NaN,NaN,NaN,NaN,NaN,NaN,NaN,NaN,NaN
NaN,NaN,0.176991095703367,0.251745797950813,0.51230544312178,0.980360381072387,1.19898101699558,-0.107292380441019,-1.74757965402872,NaN,NaN,NaN,NaN,NaN,NaN,NaN,NaN,NaN
NaN,NaN,0.175680855226043,0.24956383954365,0.505725444241155,0.974117241567001,1.20261021343079,-0.0719962048121185,-1.72863504411847,NaN,NaN,NaN,NaN,NaN,NaN,NaN,NaN,NaN
NaN,NaN,0.178221018921856,0.250718288380691,0.493218135966648,0.9612087381538,1.20668169495669,-0.0322883355208129,-1.71011602999837,NaN,NaN,NaN,NaN,NaN,NaN,NaN,NaN,NaN
NaN,NaN,0.176105780463937,0.245574295777866,0.48197871161877,0.956005811458454,1.21221172076669,0.00185078356783682,-1.69405434774429,NaN,NaN,NaN,NaN,NaN,NaN,NaN,NaN,NaN
NaN,NaN,0.177305398445848,0.247406281787941,0.474660695477117,0.945144653087482,1.21335944545475,0.0384388526193409,-1.67291168617279,NaN,NaN,NaN,NaN,NaN,NaN,NaN,NaN,NaN
NaN,NaN,0.179337860953334,0.245907821018288,0.459321011735786,0.935011844849214,1.21888054919449,0.0773580779544621,-1.65682422490985,NaN,NaN,NaN,NaN,NaN,NaN,NaN,NaN,NaN
NaN,NaN,0.177766589384798,0.244082223881075,0.453233235462297,0.92858063406311,1.21959144634214,0.110880233090332,-1.63786838324935,NaN,NaN,NaN,NaN,NaN,NaN,NaN,NaN,NaN
NaN,NaN,0.180296471279386,0.246395573277065,0.442413781716217,0.914040565257892,1.2203223110458,0.149705152701548,-1.61878804238707,NaN,NaN,NaN,NaN,NaN,NaN,NaN,NaN,NaN
NaN,NaN,0.178907981079343,0.242296077568123,0.431760401411642,0.907377157127485,1.2238859237453,0.184048771601131,-1.6025054504183,NaN,NaN,NaN,NaN,NaN,NaN,NaN,NaN,NaN
NaN,NaN,0.180619826477293,0.244205512363502,0.425980520381321,0.894283972447738,1.22165734333006,0.219982456158808,-1.58099594088465,NaN,NaN,NaN,NaN,NaN,NaN,NaN,NaN,NaN
NaN,NaN,0.183059630852464,0.243851945061275,0.413137321307052,0.882263540988788,1.22408783447948,0.258295427750757,-1.56397877754838,NaN,NaN,NaN,NaN,NaN,NaN,NaN,NaN,NaN
NaN,NaN,0.182083940070394,0.241447102535555,0.408228580786575,0.874214939540252,1.22193798807469,0.291519578289202,-1.54448360698492,NaN,NaN,NaN,NaN,NaN,NaN,NaN,NaN,NaN
NaN,NaN,0.184935929190639,0.243819162506649,0.399693121148933,0.858025796478614,1.2202106082162,0.330584276210478,-1.52404601248175,NaN,NaN,NaN,NaN,NaN,NaN,NaN,NaN,NaN
NaN,NaN,0.18495865346146,0.240002975124905,0.389710069580663,0.849707055604085,1.22156231117454,0.365477878343275,-1.50574744241506,NaN,NaN,NaN,NaN,NaN,NaN,NaN,NaN,NaN
NaN,NaN,0.186189582508329,0.241584155965635,0.386799425764669,0.835940282559022,1.21712571394649,0.400785118084362,-1.48338193567664,NaN,NaN,NaN,NaN,NaN,NaN,NaN,NaN,NaN
NaN,NaN,0.189412703674558,0.241387050855944,0.375344083591093,0.822191763436422,1.21694675100055,0.439359456043652,-1.46319384249121,NaN,NaN,NaN,NaN,NaN,NaN,NaN,NaN,NaN
NaN,NaN,0.187610184710744,0.238823455084154,0.371287223829616,0.812633916502818,1.21338973206487,0.471680540334394,-1.44214364262492,NaN,NaN,NaN,NaN,NaN,NaN,NaN,NaN,NaN
NaN,NaN,0.190654082160715,0.241341378796884,0.365375504775632,0.796211533015594,1.20888166514245,0.509913641702345,-1.41762216137916,NaN,NaN,NaN,NaN,NaN,NaN,NaN,NaN,NaN
NaN,NaN,0.19121382565451,0.237625941891262,0.356973391904224,0.785163942491636,1.20867157739607,0.543461128812245,-1.39719618978173,NaN,NaN,NaN,NaN,NaN,NaN,NaN,NaN,NaN
NaN,NaN,0.191533921223405,0.238689344633409,0.355978143348087,0.772257227217779,1.20350461837855,0.577689748000315,-1.37076652171284,NaN,NaN,NaN,NaN,NaN,NaN,NaN,NaN,NaN
NaN,NaN,0.194716492604736,0.238981221128294,0.346552488340725,0.756626486545429,1.20168431115356,0.614065661769322,-1.34670930477053,NaN,NaN,NaN,NaN,NaN,NaN,NaN,NaN,NaN
NaN,NaN,0.193426852982763,0.235588431615421,0.344181154801239,0.746845327084884,1.19778151077238,0.644614197056702,-1.32118430482418,NaN,NaN,NaN,NaN,NaN,NaN,NaN,NaN,NaN
NaN,NaN,0.19567238346887,0.238315809775183,0.340706706925024,0.729802403366193,1.19243860629407,0.680222179483584,-1.29221741603881,NaN,NaN,NaN,NaN,NaN,NaN,NaN,NaN,NaN
NaN,NaN,0.196245239984516,0.235043570656368,0.333809015287746,0.71773374802433,1.1922037453672,0.711948036890438,-1.26687793554932,NaN,NaN,NaN,NaN,NaN,NaN,NaN,NaN,NaN
NaN,NaN,0.19535597593737,0.235622518021652,0.334228706492771,0.705260004615411,1.18601184722987,0.742278121154717,-1.23569133253962,NaN,NaN,NaN,NaN,NaN,NaN,NaN,NaN,NaN
NaN,NaN,0.198201017391208,0.235738393176386,0.326826796813596,0.68934154114686,1.18304103997555,0.775324240069798,-1.2065208752659,NaN,NaN,NaN,NaN,NaN,NaN,NaN,NaN,NaN
NaN,NaN,0.19609039829326,0.232750673104116,0.324677211179126,0.679735656594858,1.17965732154456,0.802335649471691,-1.17683016257555,NaN,NaN,NaN,NaN,NaN,NaN,NaN,NaN,NaN
NaN,NaN,0.197732990544561,0.235333062965462,0.323611908538927,0.663053340977058,1.17394494277445,0.832781254988125,-1.14265785115034,NaN,NaN,NaN,NaN,NaN,NaN,NaN,NaN,NaN
NaN,NaN,0.19767755822492,0.23292009930689,0.317850467695583,0.650526288663968,1.17328679573742,0.86174430672448,-1.11328822123081,NaN,NaN,NaN,NaN,NaN,NaN,NaN,NaN,NaN
NaN,NaN,0.19602636055303,0.233504075814077,0.319438354058851,0.638863522326574,1.16623077926245,0.885949212800673,-1.07855089502603,NaN,NaN,NaN,NaN,NaN,NaN,NaN,NaN,NaN
NaN,NaN,0.197616593849186,0.234748434532473,0.3139763893026,0.622678868239745,1.16271151614395,0.913741424422672,-1.04601545753151,NaN,NaN,NaN,NaN,NaN,NaN,NaN,NaN,NaN
NaN,NaN,0.195418970596317,0.232117746282408,0.31206993473946,0.614481404190883,1.15871394437757,0.935356173407248,-1.01384869339139,NaN,NaN,NaN,NaN,NaN,NaN,NaN,NaN,NaN
NaN,NaN,0.196392109554533,0.234272919852325,0.312427264584888,0.59839804074727,1.15196915728059,0.959013610821179,-0.977727216949764,NaN,NaN,NaN,NaN,NaN,NaN,NaN,NaN,NaN
NaN,NaN,0.196140969109062,0.232595160860607,0.30686423270284,0.5861838941928,1.15046540659872,0.982083812098911,-0.945879635682407,NaN,NaN,NaN,NaN,NaN,NaN,NaN,NaN,NaN
NaN,NaN,0.19278114841533,0.232549190778324,0.308766794337619,0.576333388453349,1.14263693255392,0.998930971812418,-0.911002722850147,NaN,NaN,NaN,NaN,NaN,NaN,NaN,NaN,NaN
NaN,NaN,0.194258803438667,0.235354651022741,0.304317512496103,0.561783801531419,1.13790523645487,1.02109898228567,-0.876419400146309,NaN,NaN,NaN,NaN,NaN,NaN,NaN,NaN,NaN
NaN,NaN,0.192166475516084,0.231692224998066,0.302237943692792,0.554251841967925,1.13351602491942,1.03549393240731,-0.844094143530431,NaN,NaN,NaN,NaN,NaN,NaN,NaN,NaN,NaN
NaN,NaN,0.191654583376173,0.235279772687742,0.303994939609159,0.540376271819696,1.12575458747354,1.05257522661608,-0.808156379779878,NaN,NaN,NaN,NaN,NaN,NaN,NaN,NaN,NaN
NaN,NaN,0.191369207512859,0.233336176980326,0.297803712024082,0.529426526045427,1.12250117969719,1.06860818688195,-0.776916803142133,NaN,NaN,NaN,NaN,NaN,NaN,NaN,NaN,NaN
NaN,NaN,0.186766946625236,0.234039344150612,0.300351661576618,0.522508699214086,1.11398835119811,1.08010437686365,-0.743021336665455,NaN,NaN,NaN,NaN,NaN,NaN,NaN,NaN,NaN
NaN,NaN,0.189311189513925,0.23656946818907,0.296190624071945,0.509522337233648,1.10769469675627,1.0958861408047,-0.709433951696459,NaN,NaN,NaN,NaN,NaN,NaN,NaN,NaN,NaN
NaN,NaN,0.185846278380874,0.233567349869797,0.294839740677465,0.503261688863859,1.1017307118794,1.10610915694754,-0.678922892829481,NaN,NaN,NaN,NaN,NaN,NaN,NaN,NaN,NaN
NaN,NaN,0.184791760456089,0.236229982484171,0.296729859842647,0.492838438367471,1.09336961445418,1.11816993330043,-0.644446281066242,NaN,NaN,NaN,NaN,NaN,NaN,NaN,NaN,NaN
NaN,NaN,0.183723924618486,0.23522482465584,0.290957429392923,0.482880532508716,1.08801411849466,1.13125073138993,-0.614873864969316,NaN,NaN,NaN,NaN,NaN,NaN,NaN,NaN,NaN
NaN,NaN,0.179256780009988,0.235493101436684,0.292987507714618,0.479444604134187,1.07906556141582,1.13916678700965,-0.583966621479097,NaN,NaN,NaN,NaN,NaN,NaN,NaN,NaN,NaN
NaN,NaN,0.180508179527048,0.237968854863235,0.2904104450184,0.467860329663381,1.07015164953676,1.15217429001253,-0.551855457296673,NaN,NaN,NaN,NaN,NaN,NaN,NaN,NaN,NaN
NaN,NaN,0.177109764825824,0.234943248588631,0.288395062966932,0.464193619554862,1.06327295688,1.16054503593962,-0.524446484914127,NaN,NaN,NaN,NaN,NaN,NaN,NaN,NaN,NaN
NaN,NaN,0.174955690216545,0.237199452031443,0.29112888587891,0.456170238321647,1.05213692796436,1.17043406118076,-0.49258642392427,NaN,NaN,NaN,NaN,NaN,NaN,NaN,NaN,NaN
NaN,NaN,0.173543898325685,0.236678954470941,0.285558161272396,0.448744058376178,1.04434159037676,1.181289165955,-0.465940819403234,NaN,NaN,NaN,NaN,NaN,NaN,NaN,NaN,NaN
NaN,NaN,0.168734678935531,0.23617792155225,0.287672151758064,0.447100776946172,1.03324879345503,1.18764784533899,-0.438388367464844,NaN,NaN,NaN,NaN,NaN,NaN,NaN,NaN,NaN
NaN,NaN,0.169001111697677,0.238238249231169,0.28656810609876,0.438002109294757,1.02230398369041,1.19780289356034,-0.408961368074718,NaN,NaN,NaN,NaN,NaN,NaN,NaN,NaN,NaN
NaN,NaN,0.165647046577457,0.234500460583755,0.284363330288519,0.436201695119962,1.01312188816276,1.20593082506578,-0.384016898742023,NaN,NaN,NaN,NaN,NaN,NaN,NaN,NaN,NaN
NaN,NaN,0.161636287283424,0.236193921674082,0.287182555480589,0.431122913723812,0.999969024332434,1.21277110997956,-0.354368728866878,NaN,NaN,NaN,NaN,NaN,NaN,NaN,NaN,NaN
NaN,NaN,0.16063146473122,0.236017175275871,0.282230322195877,0.425625204807147,0.990217108400733,1.22226743374389,-0.329719395658079,NaN,NaN,NaN,NaN,NaN,NaN,NaN,NaN,NaN
NaN,NaN,0.154751559656385,0.233620248992035,0.284077377005209,0.425453822826967,0.977669306220681,1.22511299673837,-0.303242826184336,NaN,NaN,NaN,NaN,NaN,NaN,NaN,NaN,NaN
NaN,NaN,0.154614115070823,0.234476562846491,0.28388330800711,0.417780637508258,0.963421933474213,1.23323047880452,-0.27505187811524,NaN,NaN,NaN,NaN,NaN,NaN,NaN,NaN,NaN
NaN,NaN,0.150798840385202,0.230940088886806,0.280441437794555,0.416374675696716,0.952487424137265,1.23722130779546,-0.250854031464163,NaN,NaN,NaN,NaN,NaN,NaN,NaN,NaN,NaN
NaN,NaN,0.146873762768034,0.230582293380091,0.283590947224487,0.413096159463748,0.936857037367493,1.24082317922633,-0.222737402936521,NaN,NaN,NaN,NaN,NaN,NaN,NaN,NaN,NaN
NaN,NaN,0.145081693243507,0.230380811054298,0.278914515807022,0.408268555765972,0.925487078847558,1.24686694119494,-0.197740481516424,NaN,NaN,NaN,NaN,NaN,NaN,NaN,NaN,NaN
NaN,NaN,0.139333216410402,0.226835284639189,0.281069242342104,0.408808629726991,0.910893496247203,1.247041824948,-0.171513022204939,NaN,NaN,NaN,NaN,NaN,NaN,NaN,NaN,NaN
NaN,NaN,0.138520246308569,0.227687742818186,0.280840211494554,0.40271321660839,0.894955940665871,1.25206049878519,-0.142781124731603,NaN,NaN,NaN,NaN,NaN,NaN,NaN,NaN,NaN
NaN,NaN,0.134483037453416,0.222338989634106,0.277335048599828,0.401313215261325,0.883221518369586,1.25410022560876,-0.118243978640142,NaN,NaN,NaN,NaN,NaN,NaN,NaN,NaN,NaN
NaN,NaN,0.129861460935596,0.221216876316854,0.279665701969255,0.3993570280727,0.865872040512234,1.25524737287681,-0.0906845231559904,NaN,NaN,NaN,NaN,NaN,NaN,NaN,NaN,NaN
NaN,NaN,0.128499867331508,0.219881955791304,0.275893659277547,0.394121225690469,0.85324507591334,1.25933044005554,-0.0643854823914201,NaN,NaN,NaN,NaN,NaN,NaN,NaN,NaN,NaN
NaN,NaN,0.122986046534303,0.214771677065679,0.27667516930281,0.395951851969585,0.837786406399876,1.25879751865189,-0.0389163617995412,NaN,NaN,NaN,NaN,NaN,NaN,NaN,NaN,NaN
NaN,NaN,0.121425596934084,0.214467898268291,0.27715096337973,0.389930553501472,0.821216650428444,1.26177773226421,-0.00947215156823707,NaN,NaN,NaN,NaN,NaN,NaN,NaN,NaN,NaN
NaN,NaN,0.118452666264299,0.209382150579283,0.272344184054721,0.387530497973785,0.808566253753573,1.26387896363061,0.0139938804301588,NaN,NaN,NaN,NaN,NaN,NaN,NaN,NaN,NaN
NaN,NaN,0.113698618423465,0.207038253802845,0.27468446729957,0.386193416779861,0.79238491517511,1.26348963354152,0.0416151012274592,NaN,NaN,NaN,NaN,NaN,NaN,NaN,NaN,NaN
NaN,NaN,0.113230628829721,0.204930857081005,0.270898361636985,0.380016475683078,0.778112080069453,1.26701958824318,0.0672764654251902,NaN,NaN,NaN,NaN,NaN,NaN,NaN,NaN,NaN
NaN,NaN,0.107887891989473,0.199327200908253,0.270160772784341,0.381529930746183,0.763974864157111,1.26646360729258,0.0924917074832289,NaN,NaN,NaN,NaN,NaN,NaN,NaN,NaN,NaN
NaN,NaN,0.106828568440202,0.197993975389788,0.270244144781221,0.375736433779821,0.747509528072745,1.26902977351468,0.120447124073204,NaN,NaN,NaN,NaN,NaN,NaN,NaN,NaN,NaN
NaN,NaN,0.104537365895036,0.192940507341215,0.26509808464228,0.373673721915111,0.736183248581559,1.27090683553736,0.143668907413182,NaN,NaN,NaN,NaN,NaN,NaN,NaN,NaN,NaN
NaN,NaN,0.0998664106543098,0.189118862409183,0.267660022659887,0.372390210395679,0.720918331416518,1.27007980246465,0.169585044214424,NaN,NaN,NaN,NaN,NaN,NaN,NaN,NaN,NaN
NaN,NaN,0.100010411750797,0.187133319933006,0.263034460081447,0.365968107944354,0.707517437758118,1.27257252458852,0.195215618887839,NaN,NaN,NaN,NaN,NaN,NaN,NaN,NaN,NaN
NaN,NaN,0.0954263675327335,0.179987747479269,0.260816478117098,0.367695301538333,0.695215989025504,1.27161795620244,0.219745854565796,NaN,NaN,NaN,NaN,NaN,NaN,NaN,NaN,NaN
NaN,NaN,0.0949623639996086,0.178740930069277,0.260942337049831,0.36255020997487,0.68006461870876,1.27220090825479,0.247055585214791,NaN,NaN,NaN,NaN,NaN,NaN,NaN,NaN,NaN
NaN,NaN,0.0928084756548439,0.173125725496599,0.254838393016447,0.359897356247529,0.67066807684508,1.27322137702625,0.270173470208344,NaN,NaN,NaN,NaN,NaN,NaN,NaN,NaN,NaN
NaN,NaN,0.0894094649071728,0.168691661465952,0.256198459251512,0.359503239160404,0.657308925064475,1.27008639622848,0.29619412002891,NaN,NaN,NaN,NaN,NaN,NaN,NaN,NaN,NaN
NaN,NaN,0.089108610462669,0.16650422688205,0.251403917505134,0.35323255113326,0.645580481859118,1.27161776993792,0.323391793945727,NaN,NaN,NaN,NaN,NaN,NaN,NaN,NaN,NaN
NaN,NaN,0.0859799067790542,0.159252073872873,0.248746034635891,0.355079550063238,0.635589774819285,1.26883803282302,0.34744455916613,NaN,NaN,NaN,NaN,NaN,NaN,NaN,NaN,NaN
NaN,NaN,0.0847107190008198,0.157462649304459,0.24843311025082,0.350533596938476,0.622678514691264,1.26738787044208,0.375439370701012,NaN,NaN,NaN,NaN,NaN,NaN,NaN,NaN,NaN
NaN,NaN,0.0836845319087539,0.151914369571993,0.24187177507459,0.348113666987047,0.615378733845622,1.2665586394481,0.39901639772385,NaN,NaN,NaN,NaN,NaN,NaN,NaN,NaN,NaN
NaN,NaN,0.0803964416797195,0.146991994489023,0.241953712834705,0.347887187963352,0.604418408246905,1.26166634608429,0.426514013389048,NaN,NaN,NaN,NaN,NaN,NaN,NaN,NaN,NaN
NaN,NaN,0.0805007684345279,0.145675104368517,0.237380155308832,0.342105351155624,0.594789371015698,1.26113953415673,0.454012579003271,NaN,NaN,NaN,NaN,NaN,NaN,NaN,NaN,NaN
NaN,NaN,0.078256523173574,0.138723954815456,0.232897587998499,0.343231636798009,0.586605429770619,1.25679651622098,0.4794161717388,NaN,NaN,NaN,NaN,NaN,NaN,NaN,NaN,NaN
NaN,NaN,0.0757662969942127,0.136831637728998,0.232703835650076,0.33989705494605,0.577256906898886,1.25312809247892,0.506869735846218,NaN,NaN,NaN,NaN,NaN,NaN,NaN,NaN,NaN
NaN,NaN,0.0755962747449909,0.132151182998011,0.225002524389614,0.335637781536207,0.570582602294356,1.25070000414174,0.532033252248463,NaN,NaN,NaN,NaN,NaN,NaN,NaN,NaN,NaN
NaN,NaN,0.0717105548198257,0.128153573978731,0.224406869097341,0.335995223140344,0.562333002807767,1.24516189445179,0.558828091898855,NaN,NaN,NaN,NaN,NaN,NaN,NaN,NaN,NaN
NaN,NaN,0.0723372417802845,0.126799449581692,0.219497681542028,0.330508857732639,0.553567879023224,1.2426838127188,0.586619707474407,NaN,NaN,NaN,NaN,NaN,NaN,NaN,NaN,NaN
NaN,NaN,0.06951546476436,0.120680157352278,0.214010384811748,0.330705031519756,0.548983965190322,1.23864436868947,0.61109033850759,NaN,NaN,NaN,NaN,NaN,NaN,NaN,NaN,NaN
NaN,NaN,0.0668237748856579,0.119477167982647,0.213599839194406,0.327413104241714,0.540920984121234,1.23248653833192,0.638658753314909,NaN,NaN,NaN,NaN,NaN,NaN,NaN,NaN,NaN
NaN,NaN,0.0658713485415016,0.115565333772489,0.204824377729286,0.322740342235193,0.53608943161574,1.23011254120987,0.663042026290593,NaN,NaN,NaN,NaN,NaN,NaN,NaN,NaN,NaN
NaN,NaN,0.0619172322864567,0.111646849919149,0.203141682727922,0.323008842533454,0.53037433338371,1.22299729261916,0.688972915241417,NaN,NaN,NaN,NaN,NaN,NaN,NaN,NaN,NaN
NaN,NaN,0.0619489717597995,0.111679986376354,0.197460447384704,0.316717684036121,0.523036815347344,1.21955573905628,0.71528346715301,NaN,NaN,NaN,NaN,NaN,NaN,NaN,NaN,NaN
NaN,NaN,0.0592874194796119,0.106323223818132,0.191891436411728,0.31586468569003,0.520463775964648,1.21275052775066,0.73798879487246,NaN,NaN,NaN,NaN,NaN,NaN,NaN,NaN,NaN
NaN,NaN,0.055871123384956,0.105580903846809,0.190101117773641,0.31258974573575,0.51274242264238,1.20521612812202,0.762353851178583,NaN,NaN,NaN,NaN,NaN,NaN,NaN,NaN,NaN
NaN,NaN,0.0547816808636223,0.102788370359728,0.181398299469341,0.307081699138507,0.509173911186129,1.20147353385012,0.784778347888884,NaN,NaN,NaN,NaN,NaN,NaN,NaN,NaN,NaN
NaN,NaN,0.0505341979975735,0.0994328896291942,0.178066623343814,0.307669605826959,0.504999648900897,1.19273450572412,0.806069313267168,NaN,NaN,NaN,NaN,NaN,NaN,NaN,NaN,NaN
NaN,NaN,0.0497481803710495,0.0984405467994899,0.174186621739257,0.300697315251455,0.497928060712487,1.18709687490385,0.829055434742865,NaN,NaN,NaN,NaN,NaN,NaN,NaN,NaN,NaN
NaN,NaN,0.0463329273576771,0.09404202203829,0.167368278785337,0.300296734785661,0.496857747556836,1.17892034698646,0.846531553843912,NaN,NaN,NaN,NaN,NaN,NaN,NaN,NaN,NaN
NaN,NaN,0.0429262983913456,0.0928379150815696,0.165058487041582,0.296422358369455,0.490004927041203,1.16907006476443,0.866230292895731,NaN,NaN,NaN,NaN,NaN,NaN,NaN,NaN,NaN
NaN,NaN,0.0414484198505913,0.0906919802315921,0.157140158994783,0.29162137187086,0.487314242990881,1.16287269045036,0.883059943744835,NaN,NaN,NaN,NaN,NaN,NaN,NaN,NaN,NaN
NaN,NaN,0.0373501348609959,0.086929604668209,0.153976940496553,0.290457870578393,0.483567010732562,1.15188025284927,0.898452545234856,NaN,NaN,NaN,NaN,NaN,NaN,NaN,NaN,NaN
NaN,NaN,0.0359302777166401,0.0862414131649227,0.15065379528581,0.284840877866372,0.478407483669192,1.14388287414234,0.915049868354496,NaN,NaN,NaN,NaN,NaN,NaN,NaN,NaN,NaN
NaN,NaN,0.0326756778473888,0.0821087437458724,0.143227093799699,0.282381906872615,0.476987347128064,1.13382626671713,0.926510519066748,NaN,NaN,NaN,NaN,NaN,NaN,NaN,NaN,NaN
NaN,NaN,0.0282164308543239,0.0801947640963287,0.14114528982221,0.279455542331561,0.470913019152552,1.1224271205477,0.940137630978522,NaN,NaN,NaN,NaN,NaN,NaN,NaN,NaN,NaN
NaN,NaN,0.0268311257774864,0.078888416547367,0.134045966847528,0.273423813050613,0.467926379414469,1.11385735098641,0.951354647705254,NaN,NaN,NaN,NaN,NaN,NaN,NaN,NaN,NaN
NaN,NaN,0.0218842196579014,0.0741138609834403,0.13083446858703,0.272372387116775,0.464647136749894,1.10106392179053,0.960211730280814,NaN,NaN,NaN,NaN,NaN,NaN,NaN,NaN,NaN
NaN,NaN,0.020034724783424,0.0733495431729049,0.128384773566116,0.267455208813772,0.45911873144117,1.08981227849047,0.971398125121292,NaN,NaN,NaN,NaN,NaN,NaN,NaN,NaN,NaN
NaN,NaN,0.0169835630173717,0.0691542143710346,0.120200292153944,0.26422145194374,0.457028824957282,1.07888229538124,0.977612654397187,NaN,NaN,NaN,NaN,NaN,NaN,NaN,NaN,NaN
NaN,NaN,0.0123086403424774,0.0668905417211742,0.119673200829614,0.26202917448245,0.450705051543385,1.06450446296852,0.986105925122198,NaN,NaN,NaN,NaN,NaN,NaN,NaN,NaN,NaN
NaN,NaN,0.010603295576099,0.0653350281305999,0.113488026841272,0.254340585088357,0.447593707712561,1.05437010873478,0.99372872588962,NaN,NaN,NaN,NaN,NaN,NaN,NaN,NaN,NaN
NaN,NaN,0.00571040616584166,0.0598091746457309,0.110134073479761,0.253723826026544,0.443799164267451,1.0388676298074,0.998087147900757,NaN,NaN,NaN,NaN,NaN,NaN,NaN,NaN,NaN
NaN,NaN,0.00330988497686728,0.0585333558507652,0.107731186731447,0.247720446204767,0.437427744390637,1.02604804907363,1.00707286475032,NaN,NaN,NaN,NaN,NaN,NaN,NaN,NaN,NaN
NaN,NaN,0.000658241968873579,0.0550103860684127,0.0999720403391014,0.243911076104268,0.434910658868224,1.01353457544368,1.0101611862871,NaN,NaN,NaN,NaN,NaN,NaN,NaN,NaN,NaN
NaN,NaN,-0.00370403571772234,0.0522045160420627,0.099792648984779,0.241890590405092,0.428878482552439,0.997582435350826,1.01694195968836,NaN,NaN,NaN,NaN,NaN,NaN,NaN,NaN,NaN
NaN,NaN,-0.00513695000457422,0.0507441649921627,0.0948264086085449,0.233841709559783,0.424238428594739,0.986251238476446,1.02320687351554,NaN,NaN,NaN,NaN,NaN,NaN,NaN,NaN,NaN
NaN,NaN,-0.00935435115146295,0.0451321641691417,0.0913405799704681,0.233932625269517,0.42080212769118,0.970234837125948,1.0265452179107,NaN,NaN,NaN,NaN,NaN,NaN,NaN,NaN,NaN
NaN,NaN,-0.0121608544771637,0.0443425516374797,0.0900986613172184,0.227455500280485,0.413633830966622,0.956205449741295,1.03521778685778,NaN,NaN,NaN,NaN,NaN,NaN,NaN,NaN,NaN
NaN,NaN,-0.0146262515966858,0.0407304170318336,0.0826234565514217,0.223396144574508,0.411369990678698,0.943103417497089,1.0391784782502,NaN,NaN,NaN,NaN,NaN,NaN,NaN,NaN,NaN
NaN,NaN,-0.0183970649425949,0.0371970909424514,0.0829058894353996,0.220847002929077,0.405131507786185,0.926407020281962,1.04589880881637,NaN,NaN,NaN,NaN,NaN,NaN,NaN,NaN,NaN
NaN,NaN,-0.019377747613665,0.0358231480010242,0.0788155765670429,0.213180839782581,0.398976285131842,0.914485253136566,1.05279903365105,NaN,NaN,NaN,NaN,NaN,NaN,NaN,NaN,NaN
NaN,NaN,-0.022947954077002,0.0298186505921573,0.0748159745174538,0.212424549972639,0.39579332259503,0.898453969251326,1.0568593579325,NaN,NaN,NaN,NaN,NaN,NaN,NaN,NaN,NaN
NaN,NaN,-0.0257011671249832,0.0285977239497394,0.0739003726678978,0.206471349811181,0.388066977383763,0.883729722093752,1.06611581025451,NaN,NaN,NaN,NaN,NaN,NaN,NaN,NaN,NaN
NaN,NaN,-0.026746949244019,0.0253285023160667,0.0669751325088631,0.201409071451053,0.385524075599581,0.87196838457506,1.07068344456881,NaN,NaN,NaN,NaN,NaN,NaN,NaN,NaN,NaN
NaN,NaN,-0.0307518970851864,0.0218016954847068,0.0674880118507038,0.19851541495882,0.378316272171408,0.855078607540539,1.07782117528647,NaN,NaN,NaN,NaN,NaN,NaN,NaN,NaN,NaN
NaN,NaN,-0.0307797250037159,0.0201944934912414,0.0634082043009888,0.190944731002674,0.372448865445525,0.843778870742729,1.08520969254702,NaN,NaN,NaN,NaN,NaN,NaN,NaN,NaN,NaN
NaN,NaN,-0.0344431196038689,0.0142457264252395,0.0592188918429504,0.189339820062742,0.36863953259793,0.828778281550816,1.08983387676805,NaN,NaN,NaN,NaN,NaN,NaN,NaN,NaN,NaN
NaN,NaN,-0.0362286139910187,0.0130645672567577,0.0587231115835796,0.183938633417711,0.360363334538609,0.814681168388537,1.09906417755216,NaN,NaN,NaN,NaN,NaN,NaN,NaN,NaN,NaN
NaN,NaN,-0.0371516291682686,0.00996292780716127,0.0523679153460156,0.177166633075103,0.35696197685805,0.80372870315235,1.10449920845955,NaN,NaN,NaN,NaN,NaN,NaN,NaN,NaN,NaN
NaN,NaN,-0.0402833317105736,0.00541919123012728,0.0524500393706452,0.175119902705774,0.350111819924981,0.787197988223246,1.11129072932332,NaN,NaN,NaN,NaN,NaN,NaN,NaN,NaN,NaN
NaN,NaN,-0.0403751228635277,0.0038402083106727,0.0487937414485108,0.16720837331377,0.343242496373326,0.77762451369684,1.11915548769563,NaN,NaN,NaN,NaN,NaN,NaN,NaN,NaN,NaN
NaN,NaN,-0.0422301125411953,-0.00154035885255628,0.043520295007814,0.164816085016355,0.339558128388793,0.763870015483311,1.12474696216911,NaN,NaN,NaN,NaN,NaN,NaN,NaN,NaN,NaN
NaN,NaN,-0.0441223923747505,-0.00340205405276113,0.0435161785620342,0.159199408954009,0.3313010038158,0.750301912169865,1.13277339814037,NaN,NaN,NaN,NaN,NaN,NaN,NaN,NaN,NaN
NaN,NaN,-0.04328312172341,-0.00585331369560057,0.0374739998417984,0.151950813597068,0.326791521283061,0.740923642855099,1.13974445937007,NaN,NaN,NaN,NaN,NaN,NaN,NaN,NaN,NaN
NaN,NaN,-0.0461571831886734,-0.00974335495751196,0.0367617615896355,0.150808136677369,0.320135414721638,0.7259382155947,1.14592743543714,NaN,NaN,NaN,NaN,NaN,NaN,NaN,NaN,NaN
NaN,NaN,-0.0454611313228573,-0.0109786798469334,0.0334303089815269,0.142502508824691,0.312817622097403,0.717039279382637,1.1557930286023,NaN,NaN,NaN,NaN,NaN,NaN,NaN,NaN,NaN
NaN,NaN,-0.046714095461842,-0.0162532438747197,0.0278765158194195,0.139142259722576,0.309436250599295,0.704728256653956,1.1610216225478,NaN,NaN,NaN,NaN,NaN,NaN,NaN,NaN,NaN
NaN,NaN,-0.0480693001930679,-0.0182732266597062,0.0277934977251183,0.135374836390838,0.301367532583148,0.69282533947747,1.16954788071841,NaN,NaN,NaN,NaN,NaN,NaN,NaN,NaN,NaN
NaN,NaN,-0.0463195313398804,-0.0199578029326707,0.0218396642643105,0.127700309967622,0.296196755143076,0.684517234306744,1.1772813598606,NaN,NaN,NaN,NaN,NaN,NaN,NaN,NaN,NaN
NaN,NaN,-0.0492356699590649,-0.0245449018887787,0.0200843819814812,0.126803781604394,0.290567115070492,0.671780820678881,1.18410001946419,NaN,NaN,NaN,NaN,NaN,NaN,NaN,NaN,NaN
NaN,NaN,-0.0475672055666412,-0.0252304298095017,0.0177916706937443,0.118550773477182,0.282979536922843,0.663155246268919,1.19483403367728,NaN,NaN,NaN,NaN,NaN,NaN,NaN,NaN,NaN
NaN,NaN,-0.048638412791964,-0.0298245136849194,0.0112814278739582,0.11525685316883,0.280867464961678,0.653269909065178,1.20063099516362,NaN,NaN,NaN,NaN,NaN,NaN,NaN,NaN,NaN
NaN,NaN,-0.0496534240131344,-0.0317030471972733,0.0116545529502522,0.111644681310281,0.272177964570195,0.642286486666611,1.20984568698138,NaN,NaN,NaN,NaN,NaN,NaN,NaN,NaN,NaN
NaN,NaN,-0.0478299316649403,-0.0320629661194592,0.00520650385199891,0.103988520568237,0.267836399497658,0.635855108242443,1.21797460568875,NaN,NaN,NaN,NaN,NaN,NaN,NaN,NaN,NaN
NaN,NaN,-0.0501806643490757,-0.0371213888041287,0.00273764221249924,0.103730153059587,0.262169934930474,0.623996969055346,1.22538577271431,NaN,NaN,NaN,NaN,NaN,NaN,NaN,NaN,NaN
NaN,NaN,-0.0491640326266255,-0.0369664912335187,0.00121716497718201,0.0958132778760046,0.255721159400612,0.616432003419808,1.23536580679744,NaN,NaN,NaN,NaN,NaN,NaN,NaN,NaN,NaN
NaN,NaN,-0.0500850734000172,-0.0404296328536778,-0.00578347505749359,0.0924061273690313,0.253724925341279,0.608523491512945,1.24105629948705,NaN,NaN,NaN,NaN,NaN,NaN,NaN,NaN,NaN
NaN,NaN,-0.0515918229405846,-0.041864260774067,-0.00477749766529693,0.0897022744175047,0.246002528937728,0.598545189689806,1.24933013198703,NaN,NaN,NaN,NaN,NaN,NaN,NaN,NaN,NaN
NaN,NaN,-0.0502952170257534,-0.0416653675250321,-0.0111959865850319,0.0830036250408739,0.242096841456563,0.593387096863201,1.25739423064321,NaN,NaN,NaN,NaN,NaN,NaN,NaN,NaN,NaN
NaN,NaN,-0.0520307552700009,-0.0468804572932034,-0.0145404218298305,0.0817639974411577,0.237745422991187,0.582755472253969,1.26235613105625,NaN,NaN,NaN,NaN,NaN,NaN,NaN,NaN,NaN
NaN,NaN,-0.0519693438594307,-0.0463121083788186,-0.0158650046748032,0.0740640459116548,0.231582004698187,0.576195105653217,1.27109355730742,NaN,NaN,NaN,NaN,NaN,NaN,NaN,NaN,NaN
NaN,NaN,-0.0517631490414108,-0.0489810926131516,-0.023221111909758,0.0702350249048322,0.229255821677119,0.56906912822645,1.27454174188703,NaN,NaN,NaN,NaN,NaN,NaN,NaN,NaN,NaN
NaN,NaN,-0.0544579681639637,-0.0502272208444386,-0.022987256811272,0.0686617603059858,0.222621210040719,0.559503439556769,1.28053970141142,NaN,NaN,NaN,NaN,NaN,NaN,NaN,NaN,NaN
NaN,NaN,-0.0528329592828716,-0.0489147265664845,-0.0286248131257404,0.0615813804324716,0.219169244291455,0.554890654724053,1.28626947728723,NaN,NaN,NaN,NaN,NaN,NaN,NaN,NaN,NaN
NaN,NaN,-0.054780596930262,-0.0545587090067177,-0.0320490254622807,0.0595372763928026,0.215968903275401,0.545533451925924,1.28887557862132,NaN,NaN,NaN,NaN,NaN,NaN,NaN,NaN,NaN
NaN,NaN,-0.0552823376541104,-0.053115661930254,-0.0326043731135239,0.0541321781929582,0.210560340555579,0.538886919360569,1.29442236823767,NaN,NaN,NaN,NaN,NaN,NaN,NaN,NaN,NaN
NaN,NaN,-0.0557219591622318,-0.0554148179702073,-0.0401612362426628,0.0490257365163416,0.207284413399369,0.533277395855597,1.29608882097333,NaN,NaN,NaN,NaN,NaN,NaN,NaN,NaN,NaN
NaN,NaN,-0.0584687460844483,-0.0562020090631753,-0.0405072225791325,0.0490586122032255,0.202618282409579,0.523881878446749,1.29879705114096,NaN,NaN,NaN,NaN,NaN,NaN,NaN,NaN,NaN
NaN,NaN,-0.0569719244425263,-0.0551530790738373,-0.0451352065962662,0.0404399482067674,0.198045432688862,0.519632216285875,1.30233702687353,NaN,NaN,NaN,NaN,NaN,NaN,NaN,NaN,NaN
NaN,NaN,-0.0590964947526421,-0.0591659245304375,-0.0492974548202862,0.0391115655656904,0.196274690451294,0.510661996643952,1.30111688254207,NaN,NaN,NaN,NaN,NaN,NaN,NaN,NaN,NaN
NaN,NaN,-0.0604609195773567,-0.0580005419663697,-0.0491842059952129,0.0338139419909567,0.18954916310516,0.503329321484974,1.30425843847722,NaN,NaN,NaN,NaN,NaN,NaN,NaN,NaN,NaN
NaN,NaN,-0.0600727629547085,-0.0587946993521958,-0.0574269509476532,0.0291512568946928,0.187334347637564,0.498004056256226,1.30347940577,NaN,NaN,NaN,NaN,NaN,NaN,NaN,NaN,NaN
NaN,NaN,-0.0629232247059311,-0.0602484007589131,-0.0573739959460606,0.0288367492612451,0.183126352848679,0.488744642328432,1.30333592621416,NaN,NaN,NaN,NaN,NaN,NaN,NaN,NaN,NaN
NaN,NaN,-0.061345620143887,-0.0590017137340813,-0.0614559082847942,0.0197590736206621,0.178524166466862,0.483769591640642,1.30400690687626,NaN,NaN,NaN,NaN,NaN,NaN,NaN,NaN,NaN
NaN,NaN,-0.0644116644446816,-0.0628735383264332,-0.0657013422411789,0.0194887851830572,0.177183508994252,0.475810471665075,1.30012528477043,NaN,NaN,NaN,NaN,NaN,NaN,NaN,NaN,NaN
NaN,NaN,-0.065366214204308,-0.0612814237586766,-0.0650452254873623,0.0147331354673952,0.170530755194098,0.467902704816273,1.30038510514229,NaN,NaN,NaN,NaN,NaN,NaN,NaN,NaN,NaN
NaN,NaN,-0.0656006094698872,-0.0618529205433636,-0.0720941639107574,0.0107696128543466,0.16816376161781,0.463314767669848,1.29689141614169,NaN,NaN,NaN,NaN,NaN,NaN,NaN,NaN,NaN
NaN,NaN,-0.067811103600737,-0.0634791587702542,-0.0717697283786644,0.00956341973505915,0.164557494344384,0.453034084033182,1.29447563988894,NaN,NaN,NaN,NaN,NaN,NaN,NaN,NaN,NaN
NaN,NaN,-0.0668739136939015,-0.0623985638133793,-0.0751292137962688,0.00160485855303705,0.159296546252638,0.447893071662596,1.29225924117297,NaN,NaN,NaN,NaN,NaN,NaN,NaN,NaN,NaN
NaN,NaN,-0.0685676914339031,-0.065460975956133,-0.0790436370831837,0.000581949716433883,0.157786406697899,0.440383892249277,1.2862223337385,NaN,NaN,NaN,NaN,NaN,NaN,NaN,NaN,NaN
NaN,NaN,-0.0702369008843865,-0.064155447971037,-0.0778096346718182,-0.00260993489064277,0.1508815811297,0.43180754755061,1.28327702609628,NaN,NaN,NaN,NaN,NaN,NaN,NaN,NaN,NaN
NaN,NaN,-0.0690067355220284,-0.0642886084727555,-0.0826617694062103,-0.00767979421652854,0.148639086755187,0.426490589719227,1.27781878663033,NaN,NaN,NaN,NaN,NaN,NaN,NaN,NaN,NaN
NaN,NaN,-0.0716735963408913,-0.0672672947160512,-0.0826393804115166,-0.00796464853920043,0.145203381898076,0.416242148470095,1.27200304968089,NaN,NaN,NaN,NaN,NaN,NaN,NaN,NaN,NaN
NaN,NaN,-0.0697649811093773,-0.0655265410653859,-0.0843398264211525,-0.0153895060066134,0.139086976768643,0.410967938344887,1.26751906676024,NaN,NaN,NaN,NaN,NaN,NaN,NaN,NaN,NaN
NaN,NaN,-0.0713152234141792,-0.0685275045446664,-0.0883121779722084,-0.0159945676568896,0.137877263250023,0.403593595813921,1.25946169225305,NaN,NaN,NaN,NaN,NaN,NaN,NaN,NaN,NaN
NaN,NaN,-0.0720428843681778,-0.0684451570026189,-0.0860054037135948,-0.0184997881297022,0.130385667206914,0.394740126769951,1.25391335664123,NaN,NaN,NaN,NaN,NaN,NaN,NaN,NaN,NaN
NaN,NaN,-0.0709220003967251,-0.0688988973609715,-0.090752056853186,-0.0245061109308153,0.128339737774998,0.390208422880581,1.24694957835406,NaN,NaN,NaN,NaN,NaN,NaN,NaN,NaN,NaN
NaN,NaN,-0.0720497202758755,-0.0717881393842011,-0.090948230640303,-0.0239455292467028,0.124450069042117,0.379824399691036,1.23822820810407,NaN,NaN,NaN,NaN,NaN,NaN,NaN,NaN,NaN
NaN,NaN,-0.0705880094950165,-0.0700279583446294,-0.0905635199111809,-0.0311704876367003,0.117595721157462,0.373632985841444,1.23233364401191,NaN,NaN,NaN,NaN,NaN,NaN,NaN,NaN,NaN
NaN,NaN,-0.0703777354841198,-0.0731466968766957,-0.0947019821566452,-0.0322988221887499,0.115989878894955,0.365940000604799,1.22160106403559,NaN,NaN,NaN,NaN,NaN,NaN,NaN,NaN,NaN
NaN,NaN,-0.071243139046904,-0.0736097504607945,-0.0912492340964188,-0.0344950112048537,0.108614344271094,0.356984365474394,1.21376350028246,NaN,NaN,NaN,NaN,NaN,NaN,NaN,NaN,NaN
NaN,NaN,-0.0682998616878952,-0.073389418166092,-0.0951357363325466,-0.0408508407417685,0.1052487493774,0.352075978856495,1.20586949838131,NaN,NaN,NaN,NaN,NaN,NaN,NaN,NaN,NaN
NaN,NaN,-0.0696995836381878,-0.0765085106007367,-0.09511792944492,-0.0396814534906298,0.100759402038724,0.341913964342287,1.19424737496108,NaN,NaN,NaN,NaN,NaN,NaN,NaN,NaN,NaN
NaN,NaN,-0.0682033207898106,-0.0751165000013619,-0.0942704259020199,-0.0464002194348723,0.093022346617848,0.335384461771658,1.18643743423551,NaN,NaN,NaN,NaN,NaN,NaN,NaN,NaN,NaN
NaN,NaN,-0.0669714417939152,-0.0775771846286565,-0.0981507255298008,-0.0478029402438551,0.0908223578056398,0.328300263475588,1.17484116432994,NaN,NaN,NaN,NaN,NaN,NaN,NaN,NaN,NaN
NaN,NaN,-0.0673487950746979,-0.0786527876965314,-0.0948765492600311,-0.0498035887721926,0.0835574270507398,0.318717214953116,1.16603644070953,NaN,NaN,NaN,NaN,NaN,NaN,NaN,NaN,NaN
NaN,NaN,-0.0636266526465382,-0.0777070109955579,-0.0981164901119579,-0.0559179822448641,0.0788019077202383,0.314632396887949,1.15748757002681,NaN,NaN,NaN,NaN,NaN,NaN,NaN,NaN,NaN
NaN,NaN,-0.0645457376425232,-0.0818318386785298,-0.0987946978372444,-0.0553560594562441,0.074187409253985,0.305342398326805,1.14491292713016,NaN,NaN,NaN,NaN,NaN,NaN,NaN,NaN,NaN
NaN,NaN,-0.0625299830620255,-0.0792146359793454,-0.0969590610426773,-0.0609098526183516,0.0659363010248247,0.29882043946903,1.13746886579126,NaN,NaN,NaN,NaN,NaN,NaN,NaN,NaN,NaN
NaN,NaN,-0.0603482667987312,-0.0813371946327,-0.101517065481554,-0.0633300619665533,0.0637513996383253,0.292753059159925,1.12469398854106,NaN,NaN,NaN,NaN,NaN,NaN,NaN,NaN,NaN
NaN,NaN,-0.0606079009060825,-0.0819303726069241,-0.0973459324401726,-0.0639295915607363,0.0561047756394449,0.28333859864991,1.1150031114909,NaN,NaN,NaN,NaN,NaN,NaN,NaN,NaN,NaN
NaN,NaN,-0.0569238123183216,-0.080550078045538,-0.100695452706229,-0.0700837897602469,0.0501695313772264,0.279733448963573,1.10576042411655,NaN,NaN,NaN,NaN,NaN,NaN,NaN,NaN,NaN
NaN,NaN,-0.0569062662010159,-0.0834073570780068,-0.101038887218844,-0.0688805582467467,0.0459953435977998,0.271946586411408,1.09318006289929,NaN,NaN,NaN,NaN,NaN,NaN,NaN,NaN,NaN
NaN,NaN,-0.054516511101004,-0.0812285465411454,-0.0988825774353851,-0.0735510664526373,0.0372181684991422,0.265327714126518,1.08569308621615,NaN,NaN,NaN,NaN,NaN,NaN,NaN,NaN,NaN
NaN,NaN,-0.0532528553788628,-0.0820646506957322,-0.102771314845692,-0.07565425359644,0.0353536048254076,0.261541403572968,1.07383682830065,NaN,NaN,NaN,NaN,NaN,NaN,NaN,NaN,NaN
NaN,NaN,-0.0525260884945358,-0.0828055550567418,-0.0999042010468353,-0.0755073095206171,0.0280274302980009,0.252516235899141,1.06404449296921,NaN,NaN,NaN,NaN,NaN,NaN,NaN,NaN,NaN
NaN,NaN,-0.0495594535653557,-0.0806616691164284,-0.101894418762337,-0.0813730584923178,0.0213745088597837,0.250300917517355,1.05518361059755,NaN,NaN,NaN,NaN,NaN,NaN,NaN,NaN,NaN
NaN,NaN,-0.0487029906992878,-0.0829024684838563,-0.10301193134607,-0.0795990379992872,0.0176785738488737,0.242720957588366,1.04234037427038,NaN,NaN,NaN,NaN,NaN,NaN,NaN,NaN,NaN
NaN,NaN,-0.0479648244266476,-0.0803097409419327,-0.0999786137205471,-0.0837297702673823,0.00992600259390504,0.236888512711933,1.03445201618403,NaN,NaN,NaN,NaN,NaN,NaN,NaN,NaN,NaN
NaN,NaN,-0.045584121782061,-0.0804594603590279,-0.104985850916516,-0.0864561612252146,0.00688027975168855,0.23330949593704,1.0226271810922,NaN,NaN,NaN,NaN,NaN,NaN,NaN,NaN,NaN
NaN,NaN,-0.0463849660639729,-0.0809629892222195,-0.101861412690293,-0.085354276234284,0.000339023890167784,0.225871208798101,1.01228817803591,NaN,NaN,NaN,NaN,NaN,NaN,NaN,NaN,NaN
NaN,NaN,-0.0434481893365349,-0.0779829059950619,-0.103736202285897,-0.0905323179904372,-0.00605538102778761,0.222966730337551,1.00351256755918,NaN,NaN,NaN,NaN,NaN,NaN,NaN,NaN,NaN
NaN,NaN,-0.0429400224869217,-0.0797611546925812,-0.105106811092507,-0.0890194030944258,-0.00881163018736212,0.216692261140755,0.990249248871502,NaN,NaN,NaN,NaN,NaN,NaN,NaN,NaN,NaN
NaN,NaN,-0.0429755431299175,-0.0770717558674126,-0.102282594011437,-0.0919633510056883,-0.0160628332475123,0.210619907569101,0.981654799261984,NaN,NaN,NaN,NaN,NaN,NaN,NaN,NaN,NaN
NaN,NaN,-0.0407327693586315,-0.0768352185599118,-0.106620471046578,-0.0953510368708521,-0.0190479456165728,0.209134299050978,0.969850155243573,NaN,NaN,NaN,NaN,NaN,NaN,NaN,NaN,NaN
NaN,NaN,-0.0424425658469166,-0.07633455817025,-0.103720462934386,-0.0934655184391886,-0.0246210730353293,0.200963638465813,0.95822935430139,NaN,NaN,NaN,NaN,NaN,NaN,NaN,NaN,NaN
NaN,NaN,-0.0398129393045868,-0.0733435412160664,-0.104718840734373,-0.0988234544638544,-0.0309870726147589,0.199041705321482,0.94898521406382,NaN,NaN,NaN,NaN,NaN,NaN,NaN,NaN,NaN
NaN,NaN,-0.0402955879156555,-0.0740931813828259,-0.106888654695164,-0.0974647107068449,-0.0317439770976004,0.193332660686186,0.934728863367733,NaN,NaN,NaN,NaN,NaN,NaN,NaN,NaN,NaN
NaN,NaN,-0.0407033954446282,-0.0716787648610383,-0.10349472896875,-0.0999190064612776,-0.0394559985676703,0.187112450342587,0.925509477684197,NaN,NaN,NaN,NaN,NaN,NaN,NaN,NaN,NaN
NaN,NaN,-0.0383946095292534,-0.0699766983501225,-0.107928029314886,-0.103893164778128,-0.0412030852118429,0.186244867484978,0.91381810111731,NaN,NaN,NaN,NaN,NaN,NaN,NaN,NaN,NaN
NaN,NaN,-0.0406962242608036,-0.0705321763865262,-0.104986372457158,-0.100764516973868,-0.045764796314567,0.178246464323214,0.90100833652347,NaN,NaN,NaN,NaN,NaN,NaN,NaN,NaN,NaN
NaN,NaN,-0.0382793676738705,-0.066300041716507,-0.104715879128586,-0.105805356288329,-0.0509417763629851,0.176632482301405,0.891722715178427,NaN,NaN,NaN,NaN,NaN,NaN,NaN,NaN,NaN
NaN,NaN,-0.0386587698643173,-0.0671260689608365,-0.10711651207627,-0.1042179542128,-0.0504605433622297,0.171466510485819,0.877534835318026,NaN,NaN,NaN,NaN,NaN,NaN,NaN,NaN,NaN
NaN,NaN,-0.0393919628744091,-0.0645740215889722,-0.102801880852591,-0.106285564834252,-0.0574061981121001,0.166362303983381,0.867933905402121,NaN,NaN,NaN,NaN,NaN,NaN,NaN,NaN,NaN
NaN,NaN,-0.0375139322762455,-0.0626183186880856,-0.106655581907641,-0.109734345460311,-0.0581233723739084,0.165526237081698,0.855519934276041,NaN,NaN,NaN,NaN,NaN,NaN,NaN,NaN,NaN
NaN,NaN,-0.0396430846934284,-0.063536546867302,-0.103733091668497,-0.106670741224661,-0.0607564448097643,0.158424529921225,0.842786053845581,NaN,NaN,NaN,NaN,NaN,NaN,NaN,NaN,NaN
NaN,NaN,-0.0382432509844269,-0.0596827340535432,-0.102767813072812,-0.111092828446999,-0.0650830528417525,0.156631417315414,0.832913084605631,NaN,NaN,NaN,NaN,NaN,NaN,NaN,NaN,NaN
NaN,NaN,-0.0380999018137421,-0.0598358621112614,-0.104319079832446,-0.109763439977542,-0.0639508626142439,0.152586832385471,0.819309404769835,NaN,NaN,NaN,NaN,NaN,NaN,NaN,NaN,NaN
NaN,NaN,-0.0395699572448696,-0.058068882416895,-0.100309438125502,-0.110620089108124,-0.0694276726523337,0.14725953687351,0.808580121675429,NaN,NaN,NaN,NaN,NaN,NaN,NaN,NaN,NaN
NaN,NaN,-0.037605965573069,-0.0551714447550088,-0.102319437132489,-0.113447677576914,-0.0693911275545058,0.146189130585602,0.797006892690358,NaN,NaN,NaN,NaN,NaN,NaN,NaN,NaN,NaN
NaN,NaN,-0.0401227530722584,-0.057035803537777,-0.0997808008056988,-0.110283974790946,-0.0711861586848196,0.139685369770935,0.783520578125414,NaN,NaN,NaN,NaN,NaN,NaN,NaN,NaN,NaN
NaN,NaN,-0.0388257001225914,-0.0529963595084458,-0.0979212103945126,-0.113496236735955,-0.0741020551601347,0.13699489061158,0.773757933357653,NaN,NaN,NaN,NaN,NaN,NaN,NaN,NaN,NaN
NaN,NaN,-0.0382028874640431,-0.0541073900870591,-0.100451725588452,-0.113156453007832,-0.0728297753909525,0.133845623325518,0.760068609097895,NaN,NaN,NaN,NaN,NaN,NaN,NaN,NaN,NaN
NaN,NaN,-0.040650421816584,-0.0533291955701619,-0.0955753578406681,-0.112717278534546,-0.0773368923643526,0.127968158315828,0.749013120958504,NaN,NaN,NaN,NaN,NaN,NaN,NaN,NaN,NaN
NaN,NaN,-0.0379380752031769,-0.0504476835243016,-0.0968974819940437,-0.115808822447434,-0.0773617959299979,0.127148091535976,0.73732103658646,NaN,NaN,NaN,NaN,NaN,NaN,NaN,NaN,NaN
NaN,NaN,-0.0411746446673836,-0.0529433858804017,-0.0951100877088417,-0.111852880800143,-0.0781786775866446,0.120155125599316,0.723052150288519,NaN,NaN,NaN,NaN,NaN,NaN,NaN,NaN,NaN
NaN,NaN,-0.0398817081634964,-0.0493954194001465,-0.0922278864842762,-0.114644203567877,-0.0808035543838438,0.116568844508341,0.713006998130974,NaN,NaN,NaN,NaN,NaN,NaN,NaN,NaN,NaN
NaN,NaN,-0.038607453990456,-0.0500710007957726,-0.0946241794687618,-0.1145096833352,-0.0795622131505903,0.114261623214891,0.699396333375868,NaN,NaN,NaN,NaN,NaN,NaN,NaN,NaN,NaN
NaN,NaN,-0.0408649799113239,-0.0494981629065781,-0.0891670203369965,-0.11306356289424,-0.083095446107715,0.108460098247936,0.687571982571778,NaN,NaN,NaN,NaN,NaN,NaN,NaN,NaN,NaN
NaN,NaN,-0.0388936307911839,-0.0471752581409722,-0.0895544132751335,-0.11608773493208,-0.0840268804410395,0.106629043560436,0.675896997282204,NaN,NaN,NaN,NaN,NaN,NaN,NaN,NaN,NaN
NaN,NaN,-0.0409885291640724,-0.0504093875400334,-0.088079328702103,-0.111618727678433,-0.084193866578668,0.10109274063628,0.660894303301272,NaN,NaN,NaN,NaN,NaN,NaN,NaN,NaN,NaN
NaN,NaN,-0.0397017952685322,-0.0466498618237286,-0.0842836862963547,-0.114564519608393,-0.0871974750140604,0.0967875716499596,0.650897486785349,NaN,NaN,NaN,NaN,NaN,NaN,NaN,NaN,NaN
NaN,NaN,-0.0386847165112461,-0.0479882282428055,-0.0871971240800728,-0.11354660266079,-0.086217500148147,0.094987027090004,0.636582220623192,NaN,NaN,NaN,NaN,NaN,NaN,NaN,NaN,NaN
NaN,NaN,-0.0404948164408173,-0.0480627526752263,-0.0820675483507027,-0.11221343302168,-0.0891465841511187,0.0874299031905442,0.623596734085974,NaN,NaN,NaN,NaN,NaN,NaN,NaN,NaN,NaN
NaN,NaN,-0.0383728538339104,-0.0461730991713315,-0.0821945807498802,-0.115095708752051,-0.091065313545793,0.0868262012712269,0.612438893595633,NaN,NaN,NaN,NaN,NaN,NaN,NaN,NaN,NaN
NaN,NaN,-0.0391871091608967,-0.0482078713588029,-0.0815115860265602,-0.111893244320527,-0.0906885376850066,0.0801842508129387,0.597602664211687,NaN,NaN,NaN,NaN,NaN,NaN,NaN,NaN,NaN
NaN,NaN,-0.0381267052774395,-0.0458239835910111,-0.0776558733147491,-0.113550923997536,-0.0952808520475325,0.0762513873390465,0.587467397281822,NaN,NaN,NaN,NaN,NaN,NaN,NaN,NaN,NaN
NaN,NaN,-0.0372653995339836,-0.0468246710709839,-0.0808020672363152,-0.113115027779713,-0.0940849593559202,0.0734081526510029,0.572448647299704,NaN,NaN,NaN,NaN,NaN,NaN,NaN,NaN,NaN
NaN,NaN,-0.0387711804990734,-0.0477451344243794,-0.0759276366394867,-0.11114725493826,-0.0972966625073847,0.0657087599150448,0.560388336608109,NaN,NaN,NaN,NaN,NaN,NaN,NaN,NaN,NaN
NaN,NaN,-0.0368187186007466,-0.0459642593971997,-0.0763997613054623,-0.114110108697787,-0.0997310652116236,0.0634887849203854,0.54879616452187,NaN,NaN,NaN,NaN,NaN,NaN,NaN,NaN,NaN
NaN,NaN,-0.0372228753452267,-0.0486787666789799,-0.0758862300378193,-0.111159082734957,-0.0997901855686602,0.0573806499354153,0.533936260918078,NaN,NaN,NaN,NaN,NaN,NaN,NaN,NaN,NaN
NaN,NaN,-0.0373885948841538,-0.0467505377940446,-0.0727543226045479,-0.111593041801825,-0.104526575533479,0.052989147346428,0.523797976503071,NaN,NaN,NaN,NaN,NaN,NaN,NaN,NaN,NaN
NaN,NaN,-0.0353333149735893,-0.0472975407950192,-0.076139978186499,-0.112498380476609,-0.10391136246714,0.0502391380481034,0.509447189697918,NaN,NaN,NaN,NaN,NaN,NaN,NaN,NaN,NaN
NaN,NaN,-0.0376044195775952,-0.0492555161229878,-0.0726948483449329,-0.109344139927998,-0.107162907598346,0.0420211849025994,0.497529930153784,NaN,NaN,NaN,NaN,NaN,NaN,NaN,NaN,NaN
NaN,NaN,-0.0355203990523781,-0.0470944193414956,-0.072250328080069,-0.112652682000771,-0.110352184502214,0.0390247103981286,0.487024537006315,NaN,NaN,NaN,NaN,NaN,NaN,NaN,NaN,NaN
NaN,NaN,-0.0354142841582264,-0.0498771553150921,-0.0732924594146122,-0.109190918738022,-0.109816823033422,0.0337912176958828,0.472854408154186,NaN,NaN,NaN,NaN,NaN,NaN,NaN,NaN,NaN
NaN,NaN,-0.035943163621899,-0.0473761630467682,-0.0701924590927471,-0.109174639219418,-0.114889737097352,0.0283201632313042,0.462997290024456,NaN,NaN,NaN,NaN,NaN,NaN,NaN,NaN,NaN
NaN,NaN,-0.0332547892515625,-0.0479399112276345,-0.0734215593499054,-0.11020015575923,-0.114548519132465,0.0256209482661992,0.450084632912573,NaN,NaN,NaN,NaN,NaN,NaN,NaN,NaN,NaN
NaN,NaN,-0.0357073899989094,-0.0493794192783146,-0.0699824644786228,-0.106719486648217,-0.117874663201898,0.0176950578800946,0.438736690858301,NaN,NaN,NaN,NaN,NaN,NaN,NaN,NaN,NaN
NaN,NaN,-0.0335787963752712,-0.047408237796238,-0.0695948480230679,-0.109485868597403,-0.12030073988232,0.0148702074996739,0.429137232432064,NaN,NaN,NaN,NaN,NaN,NaN,NaN,NaN,NaN
NaN,NaN,-0.0336589087431397,-0.049187306057623,-0.0721212095183243,-0.105793491238728,-0.12061528476867,0.00977646906297499,0.416198069879708,NaN,NaN,NaN,NaN,NaN,NaN,NaN,NaN,NaN
NaN,NaN,-0.0338225607459511,-0.0481488627604752,-0.0684157005113472,-0.104800608241931,-0.1250017023364,0.00396680433671766,0.407564150819477,NaN,NaN,NaN,NaN,NaN,NaN,NaN,NaN,NaN
NaN,NaN,-0.031491702485558,-0.0479393151811867,-0.071414559201609,-0.106071248883381,-0.125458944467634,0.00196332458775335,0.39671316249102,NaN,NaN,NaN,NaN,NaN,NaN,NaN,NaN,NaN
NaN,NaN,-0.034049151528355,-0.0503638272396832,-0.069738625602137,-0.102570221060887,-0.127954274294704,-0.00563837241012758,0.385507992187437,NaN,NaN,NaN,NaN,NaN,NaN,NaN,NaN,NaN
NaN,NaN,-0.0322761554901566,-0.0479760651699811,-0.0691951430004944,-0.105215680086985,-0.130891796080202,-0.00842978831011957,0.377021110335287,NaN,NaN,NaN,NaN,NaN,NaN,NaN,NaN,NaN
NaN,NaN,-0.0327208247666325,-0.0496262197605878,-0.0727423457962383,-0.102622281992808,-0.131181828556388,-0.0130292924829215,0.365785038748678,NaN,NaN,NaN,NaN,NaN,NaN,NaN,NaN,NaN
NaN,NaN,-0.0332316738252606,-0.0487963740937024,-0.0687164245706905,-0.100321654463187,-0.135661173490613,-0.0190368818827362,0.357182002345022,NaN,NaN,NaN,NaN,NaN,NaN,NaN,NaN,NaN
NaN,NaN,-0.0318976101164784,-0.0482632850519925,-0.0721694147747864,-0.103006061399356,-0.136926282075971,-0.0204720313437671,0.348614374825653,NaN,NaN,NaN,NaN,NaN,NaN,NaN,NaN,NaN
NaN,NaN,-0.0341331754510368,-0.0503633243254929,-0.0707072197061886,-0.0987558776978403,-0.138198785362571,-0.0275667535849304,0.33736414713591,NaN,NaN,NaN,NaN,NaN,NaN,NaN,NaN,NaN
NaN,NaN,-0.0327248667066063,-0.0477483195475846,-0.0705892397624363,-0.101958323502913,-0.142326258001655,-0.0304367731102199,0.330639998147186,NaN,NaN,NaN,NaN,NaN,NaN,NaN,NaN,NaN
NaN,NaN,-0.0337814521675076,-0.0491386723927765,-0.074577703194033,-0.0986121373716742,-0.141454838095039,-0.034053936857769,0.319043895879683,NaN,NaN,NaN,NaN,NaN,NaN,NaN,NaN,NaN
NaN,NaN,-0.0343946163241829,-0.0488346141986161,-0.0708174696725716,-0.0973485561553389,-0.145775020001262,-0.0398167188056201,0.312384492436346,NaN,NaN,NaN,NaN,NaN,NaN,NaN,NaN,NaN
NaN,NaN,-0.0332467798774208,-0.0471419540457039,-0.0737574874025692,-0.0993738288525492,-0.147220600275129,-0.0408086704798431,0.304070389548239,NaN,NaN,NaN,NaN,NaN,NaN,NaN,NaN,NaN
NaN,NaN,-0.0356566887979473,-0.0502784808389454,-0.0731654642683376,-0.0959244521800429,-0.14782473060283,-0.0471734779663772,0.294481902101931,NaN,NaN,NaN,NaN,NaN,NaN,NaN,NaN,NaN
NaN,NaN,-0.0346893240396942,-0.0466484275869637,-0.0721057495635857,-0.0979555735830218,-0.151136960712999,-0.0503329339214057,0.288694477358755,NaN,NaN,NaN,NaN,NaN,NaN,NaN,NaN,NaN
NaN,NaN,-0.0351914000396694,-0.0483860147408753,-0.0761396056574692,-0.0963048229459673,-0.150127183524698,-0.0525295513458938,0.279577555784878,NaN,NaN,NaN,NaN,NaN,NaN,NaN,NaN,NaN
NaN,NaN,-0.0364782084410156,-0.047180659811905,-0.0716838231843819,-0.0936843606177717,-0.153830606369108,-0.0577531720288486,0.273822894969877,NaN,NaN,NaN,NaN,NaN,NaN,NaN,NaN,NaN
NaN,NaN,-0.035284569550034,-0.0458112989775448,-0.0744811622959484,-0.0972240197006613,-0.154728978751033,-0.0581696408577651,0.267042102942166,NaN,NaN,NaN,NaN,NaN,NaN,NaN,NaN,NaN
NaN,NaN,-0.0374518130605187,-0.0481008996478825,-0.0744314855498184,-0.0931706430856138,-0.15390215056929,-0.0633932056613655,0.258638816604313,NaN,NaN,NaN,NaN,NaN,NaN,NaN,NaN,NaN
NaN,NaN,-0.0371237453703846,-0.0446815674416333,-0.0724649606806149,-0.0950504990760237,-0.156874373433917,-0.0663650932498664,0.254839076379236,NaN,NaN,NaN,NaN,NaN,NaN,NaN,NaN,NaN
NaN,NaN,-0.0370789301280941,-0.0471858007125168,-0.0760903573197235,-0.0936068559531122,-0.155473459390729,-0.0678167829998226,0.247201057800946,NaN,NaN,NaN,NaN,NaN,NaN,NaN,NaN,NaN
NaN,NaN,-0.0390441883985962,-0.0464711037687569,-0.0721244505208839,-0.0913166592363268,-0.157989799855083,-0.0730850885399074,0.241248863467869,NaN,NaN,NaN,NaN,NaN,NaN,NaN,NaN,NaN
NaN,NaN,-0.0377308931832279,-0.0450619195811062,-0.0745091392260899,-0.0945833476725966,-0.158288996545404,-0.0726482982524127,0.236470191458163,NaN,NaN,NaN,NaN,NaN,NaN,NaN,NaN,NaN
NaN,NaN,-0.0399041902904476,-0.0480688994042187,-0.0749615384799351,-0.0917538965586573,-0.157308220742076,-0.0771125743873805,0.228357012102303,NaN,NaN,NaN,NaN,NaN,NaN,NaN,NaN,NaN
NaN,NaN,-0.0397799332325424,-0.0443051641098767,-0.0722812293630947,-0.0931817071978003,-0.15923106658253,-0.0794762897082061,0.22572235641807,NaN,NaN,NaN,NaN,NaN,NaN,NaN,NaN,NaN
NaN,NaN,-0.040272602874514,-0.0469934639744073,-0.0754511347574104,-0.0930294918362051,-0.158272120980352,-0.0804468209632129,0.218712291398939,NaN,NaN,NaN,NaN,NaN,NaN,NaN,NaN,NaN
NaN,NaN,-0.0421817768995728,-0.0455114317349702,-0.0717923408907761,-0.0904695841018111,-0.15876799437198,-0.0860761630125732,0.213153767118153,NaN,NaN,NaN,NaN,NaN,NaN,NaN,NaN,NaN
NaN,NaN,-0.0413836334531273,-0.0448505838624745,-0.0735342866343369,-0.0948371144477278,-0.159031502781242,-0.085795648653099,0.208947001675066,NaN,NaN,NaN,NaN,NaN,NaN,NaN,NaN,NaN
NaN,NaN,-0.0436609220390286,-0.0473833342305928,-0.0742355166536678,-0.0922067428473383,-0.156530324248403,-0.0904289970882625,0.200193444916901,NaN,NaN,NaN,NaN,NaN,NaN,NaN,NaN,NaN
NaN,NaN,-0.0445283558850254,-0.0450326387993603,-0.0703622391980995,-0.0932164269033819,-0.159188039479583,-0.0929700176008434,0.198103948214945,NaN,NaN,NaN,NaN,NaN,NaN,NaN,NaN,NaN
NaN,NaN,-0.0450821389143433,-0.0464120206646233,-0.0741789294940342,-0.0942372682038695,-0.15694941940698,-0.0929069111831874,0.190551145652231,NaN,NaN,NaN,NaN,NaN,NaN,NaN,NaN,NaN
NaN,NaN,-0.0468075071160759,-0.0465748903564721,-0.070633458958279,-0.0915857183281332,-0.156649254141181,-0.0988803955503196,0.184954455772337,NaN,NaN,NaN,NaN,NaN,NaN,NaN,NaN,NaN
NaN,NaN,-0.0461338069920506,-0.0446929295770436,-0.0716950363081802,-0.0967408495489508,-0.156830545393556,-0.098944917578289,0.180325223782954,NaN,NaN,NaN,NaN,NaN,NaN,NaN,NaN,NaN
NaN,NaN,-0.0477226246778931,-0.0475492400340348,-0.0722482046645988,-0.0944714585784823,-0.153062190739244,-0.103311945010015,0.172299272099432,NaN,NaN,NaN,NaN,NaN,NaN,NaN,NaN,NaN
NaN,NaN,-0.0492569227402176,-0.0451987681202202,-0.0678615449529995,-0.0953759963158518,-0.156071144966215,-0.105617303658316,0.16968434182733,NaN,NaN,NaN,NaN,NaN,NaN,NaN,NaN,NaN
NaN,NaN,-0.0484284926836456,-0.0463972685150414,-0.0716714365941395,-0.0967348704580218,-0.152459420142501,-0.106340177614281,0.162251456359324,NaN,NaN,NaN,NaN,NaN,NaN,NaN,NaN,NaN
NaN,NaN,-0.0509490427260365,-0.0472387929670125,-0.0678694611948837,-0.0939763674978167,-0.152147073177427,-0.112010814506599,0.156955807188448,NaN,NaN,NaN,NaN,NaN,NaN,NaN,NaN,NaN
NaN,NaN,-0.0500719231252636,-0.0452905406467229,-0.0682367003125061,-0.0986736791674048,-0.151342112449735,-0.112373173493931,0.152353490421471,NaN,NaN,NaN,NaN,NaN,NaN,NaN,NaN,NaN
NaN,NaN,-0.0517850723748173,-0.0482287516109257,-0.0687882481676449,-0.0968624430242926,-0.14796202617678,-0.116165686655828,0.144575978347954,NaN,NaN,NaN,NaN,NaN,NaN,NaN,NaN,NaN
NaN,NaN,-0.0530736130361523,-0.0463417616895943,-0.0648101969224323,-0.0966957921627909,-0.150209680078357,-0.118852477777788,0.141245810964998,NaN,NaN,NaN,NaN,NaN,NaN,NaN,NaN,NaN
NaN,NaN,-0.0519445706789459,-0.0471285802535325,-0.0682559414368977,-0.0988470169249922,-0.14635676133427,-0.118888762105295,0.135607155689892,NaN,NaN,NaN,NaN,NaN,NaN,NaN,NaN,NaN
NaN,NaN,-0.0540473852937187,-0.0491442044488698,-0.0651432937544693,-0.095547583186999,-0.144943516580194,-0.124503985304424,0.129545195678171,NaN,NaN,NaN,NaN,NaN,NaN,NaN,NaN,NaN
NaN,NaN,-0.0530396942679848,-0.0475019102207928,-0.0652711084646095,-0.100099403643981,-0.144269481180042,-0.125008091587612,0.126088442930874,NaN,NaN,NaN,NaN,NaN,NaN,NaN,NaN,NaN
NaN,NaN,-0.0545654241626228,-0.0502473746649533,-0.065978522465836,-0.098050698870793,-0.140756364790529,-0.127411537129471,0.118410228470263,NaN,NaN,NaN,NaN,NaN,NaN,NaN,NaN,NaN
NaN,NaN,-0.0556449201588596,-0.0489155088774472,-0.0618679812711586,-0.0972917641047388,-0.142614409206241,-0.131082065660545,0.115215605774817,NaN,NaN,NaN,NaN,NaN,NaN,NaN,NaN,NaN
NaN,NaN,-0.0541856308166947,-0.0498344634882718,-0.0654873243135323,-0.0995199533645064,-0.139319259552091,-0.130513120699713,0.109460032263693,NaN,NaN,NaN,NaN,NaN,NaN,NaN,NaN,NaN
NaN,NaN,-0.056121235776421,-0.0520219725779801,-0.063362698124062,-0.0961832667235285,-0.138011664030879,-0.136495061475822,0.103660816976723,NaN,NaN,NaN,NaN,NaN,NaN,NaN,NaN,NaN
NaN,NaN,-0.0552763213102783,-0.0499952470175534,-0.0626634797614922,-0.100250575924292,-0.138139665005535,-0.136649828661272,0.100138648131785,NaN,NaN,NaN,NaN,NaN,NaN,NaN,NaN,NaN
NaN,NaN,-0.0567327794318165,-0.0535242703966408,-0.0642231656772007,-0.0977265613619238,-0.13521516310963,-0.139537450183222,0.0916814940962164,NaN,NaN,NaN,NaN,NaN,NaN,NaN,NaN,NaN
NaN,NaN,-0.0580646638457741,-0.0528786962143689,-0.0611009626251568,-0.0965784827712923,-0.136261355010599,-0.142992247153112,0.088645233491358,NaN,NaN,NaN,NaN,NaN,NaN,NaN,NaN,NaN
NaN,NaN,-0.0557621736710037,-0.0537863445691376,-0.0644348925513138,-0.0991749728564173,-0.13410629319939,-0.143319588411638,0.0837472963127463,NaN,NaN,NaN,NaN,NaN,NaN,NaN,NaN,NaN
NaN,NaN,-0.0581813026850189,-0.0562532876841336,-0.0624607680899014,-0.0953943247441202,-0.132768522826761,-0.148743052292654,0.0770916554126112,NaN,NaN,NaN,NaN,NaN,NaN,NaN,NaN,NaN
NaN,NaN,-0.0566161964719261,-0.0545586345009118,-0.0615343070191254,-0.0987439381424338,-0.134557928768724,-0.149472631771156,0.073884273597893,NaN,NaN,NaN,NaN,NaN,NaN,NaN,NaN,NaN
NaN,NaN,-0.0580747780089344,-0.0578142215720921,-0.0642651310724129,-0.0964541139546782,-0.131579950330585,-0.152095552790949,0.0661600331756441,NaN,NaN,NaN,NaN,NaN,NaN,NaN,NaN,NaN
NaN,NaN,-0.0582390074317421,-0.0572612022272854,-0.0609896136981358,-0.0954365881625563,-0.133590191481441,-0.156448647636959,0.0628399613293974,NaN,NaN,NaN,NaN,NaN,NaN,NaN,NaN,NaN
NaN,NaN,-0.0570748169605698,-0.0571413782648354,-0.063983797149073,-0.0975195469800383,-0.131579931704133,-0.156973559666464,0.0583637642654746,NaN,NaN,NaN,NaN,NaN,NaN,NaN,NaN,NaN
NaN,NaN,-0.0580243934576477,-0.0601870452276974,-0.0630371263784279,-0.0934964197222143,-0.131067555276483,-0.161748525012323,0.0512886929306357,NaN,NaN,NaN,NaN,NaN,NaN,NaN,NaN,NaN
NaN,NaN,-0.0573918764178719,-0.0578619984201699,-0.0618868871194233,-0.0962202029768378,-0.132886670408576,-0.162720117975065,0.048996633568701,NaN,NaN,NaN,NaN,NaN,NaN,NaN,NaN,NaN
NaN,NaN,-0.0569596309845413,-0.0609755960516244,-0.0653297445339073,-0.0948024692479521,-0.130695361522764,-0.16463735725362,0.041301934698519,NaN,NaN,NaN,NaN,NaN,NaN,NaN,NaN,NaN
NaN,NaN,-0.0580824148540463,-0.0609646436981469,-0.0621300368172039,-0.0924501905683428,-0.132336184261173,-0.169284843165466,0.0385483863744109,NaN,NaN,NaN,NaN,NaN,NaN,NaN,NaN,NaN
NaN,NaN,-0.0555384513621296,-0.0601600554994851,-0.0654217778307308,-0.094632018590346,-0.131974030164808,-0.16870237540085,0.0346696886214583,NaN,NaN,NaN,NaN,NaN,NaN,NaN,NaN,NaN
NaN,NaN,-0.0565679353361096,-0.0628573333136349,-0.0648010140818466,-0.0907683337572962,-0.131322774914831,-0.172967031855175,0.0278774226996272,NaN,NaN,NaN,NaN,NaN,NaN,NaN,NaN,NaN
NaN,NaN,-0.055393481690165,-0.0604341996125489,-0.063380821661364,-0.0928443821612746,-0.13463414820823,-0.174716484058687,0.0264565224739878,NaN,NaN,NaN,NaN,NaN,NaN,NaN,NaN,NaN
NaN,NaN,-0.0546175968532528,-0.0626592782549172,-0.067535731063496,-0.0917067902628332,-0.132121942816108,-0.17584798510749,0.019837966838774,NaN,NaN,NaN,NaN,NaN,NaN,NaN,NaN,NaN
NaN,NaN,-0.0551443715279068,-0.0623762865773945,-0.064631792770039,-0.0892671721521765,-0.134670320777028,-0.180084701884577,0.0168499114903777,NaN,NaN,NaN,NaN,NaN,NaN,NaN,NaN,NaN
NaN,NaN,-0.0528018158559765,-0.0610835177115708,-0.0671741730135788,-0.0914459640625864,-0.13510832178387,-0.179053895432541,0.012938673326668,NaN,NaN,NaN,NaN,NaN,NaN,NaN,NaN,NaN
NaN,NaN,-0.0531435926144089,-0.0639989671520501,-0.0678539639872421,-0.0870623963419348,-0.133980788169235,-0.18288474183161,0.00684413565128731,NaN,NaN,NaN,NaN,NaN,NaN,NaN,NaN,NaN
NaN,NaN,-0.0524698366110291,-0.0610004064850121,-0.0656303754609932,-0.0884895736817271,-0.137308776257366,-0.18432924177129,0.00512076047986436,NaN,NaN,NaN,NaN,NaN,NaN,NaN,NaN,NaN
NaN,NaN,-0.0508085620288815,-0.0636481751910954,-0.0702358214718212,-0.0887739623431116,-0.134673878429264,-0.184605490673372,-0.000712448081079248,NaN,NaN,NaN,NaN,NaN,NaN,NaN,NaN,NaN
NaN,NaN,-0.0522102770094837,-0.0630075556449204,-0.06699919612826,-0.0854779372457415,-0.13789534184131,-0.187934652227947,-0.00374796362787796,NaN,NaN,NaN,NaN,NaN,NaN,NaN,NaN,NaN
NaN,NaN,-0.0486128573005165,-0.0614744869283944,-0.0700690588516106,-0.0877054373268038,-0.138113699732154,-0.186468359340021,-0.00673959525496078,NaN,NaN,NaN,NaN,NaN,NaN,NaN,NaN,NaN
NaN,NaN,-0.0488891993348564,-0.0637106855623036,-0.0706573380690922,-0.0838564115110785,-0.137417144952148,-0.189451664943287,-0.0129740734604032,NaN,NaN,NaN,NaN,NaN,NaN,NaN,NaN,NaN
NaN,NaN,-0.0478146766011681,-0.0615917404405385,-0.0686526662272324,-0.0852536002639681,-0.139665879187911,-0.190738398838827,-0.0146367077735097,NaN,NaN,NaN,NaN,NaN,NaN,NaN,NaN,NaN
NaN,NaN,-0.0457170587663616,-0.0623817813805848,-0.073001011328112,-0.0860419089440256,-0.13808419543299,-0.189105790365526,-0.0198738698866994,NaN,NaN,NaN,NaN,NaN,NaN,NaN,NaN,NaN
NaN,NaN,-0.047306174475428,-0.0622785722128659,-0.069485436247002,-0.081750355893746,-0.140038147447437,-0.19190396766741,-0.0235098463502557,NaN,NaN,NaN,NaN,NaN,NaN,NaN,NaN,NaN
NaN,NaN,-0.04418903781819,-0.0602730249277859,-0.0717335371834148,-0.0848577509168536,-0.140825711069435,-0.189478133130857,-0.0259736043420465,NaN,NaN,NaN,NaN,NaN,NaN,NaN,NaN,NaN
NaN,NaN,-0.0437040422742333,-0.0620775928012639,-0.0726306988459934,-0.0814898277167231,-0.138795465109676,-0.190988496203014,-0.0322792728450925,NaN,NaN,NaN,NaN,NaN,NaN,NaN,NaN,NaN
NaN,NaN,-0.0428789463524784,-0.0596607920936852,-0.0711369319421162,-0.0828341359738261,-0.142245083926052,-0.191600859422275,-0.0341724094954164,NaN,NaN,NaN,NaN,NaN,NaN,NaN,NaN,NaN
NaN,NaN,-0.0406897236292328,-0.0594208088926583,-0.0749305068117489,-0.0838561693672091,-0.139407325414747,-0.188623681921551,-0.0386434656587274,NaN,NaN,NaN,NaN,NaN,NaN,NaN,NaN,NaN
NaN,NaN,-0.0423335452263321,-0.0608098765126973,-0.0720657771986832,-0.0796443189028651,-0.141204256443113,-0.191148925829718,-0.0428692859616907,NaN,NaN,NaN,NaN,NaN,NaN,NaN,NaN,NaN
NaN,NaN,-0.0386525858824219,-0.0569919382445126,-0.0739534376722683,-0.0834464246872813,-0.14173170167002,-0.188611202199051,-0.0451012936440141,NaN,NaN,NaN,NaN,NaN,NaN,NaN,NaN,NaN
NaN,NaN,-0.0387988780324425,-0.0596807410232335,-0.0754821105462421,-0.0807934405747801,-0.139529421804279,-0.189342886466572,-0.0510596533325345,NaN,NaN,NaN,NaN,NaN,NaN,NaN,NaN,NaN
NaN,NaN,-0.0383575428907837,-0.0571014058999329,-0.0731316386324276,-0.0823630543891341,-0.142606343952745,-0.189169697720596,-0.0529126499798925,NaN,NaN,NaN,NaN,NaN,NaN,NaN,NaN,NaN
NaN,NaN,-0.0359442439560856,-0.0566721965781956,-0.0764357476097454,-0.0835007766727358,-0.140185836581319,-0.185545251030514,-0.0570200060513647,NaN,NaN,NaN,NaN,NaN,NaN,NaN,NaN,NaN
NaN,NaN,-0.0374490935986008,-0.057555276643446,-0.0746041341287006,-0.0799102114979178,-0.140912882862419,-0.187597718346903,-0.061085676124397,NaN,NaN,NaN,NaN,NaN,NaN,NaN,NaN,NaN
NaN,NaN,-0.0336477887515988,-0.0537209098450451,-0.0741988784235825,-0.0839171151164919,-0.140431053815216,-0.184921544302294,-0.062925243100229,NaN,NaN,NaN,NaN,NaN,NaN,NaN,NaN,NaN
NaN,NaN,-0.0338673014824356,-0.0562103723398953,-0.0767452819806446,-0.0820646400097758,-0.138132773218482,-0.184978429485151,-0.0686203924027116,NaN,NaN,NaN,NaN,NaN,NaN,NaN,NaN,NaN
NaN,NaN,-0.0339450855438675,-0.0531881560794621,-0.0735959029358734,-0.0828778150025755,-0.140490788845151,-0.184322200972626,-0.0707124968078763,NaN,NaN,NaN,NaN,NaN,NaN,NaN,NaN,NaN
NaN,NaN,-0.0313728098456825,-0.0526645665280133,-0.0772092110079636,-0.0841330888215453,-0.138352677104801,-0.180397980172226,-0.073692319264713,NaN,NaN,NaN,NaN,NaN,NaN,NaN,NaN,NaN
NaN,NaN,-0.0328996387009586,-0.0538273972682267,-0.0756035363835205,-0.0810466858092696,-0.137882079807847,-0.181905400265047,-0.0779204119947584,NaN,NaN,NaN,NaN,NaN,NaN,NaN,NaN,NaN
NaN,NaN,-0.0290703569238152,-0.0492257138006001,-0.0743933944565166,-0.0847063178662211,-0.137088667480081,-0.179708335805723,-0.0789536771383912,NaN,NaN,NaN,NaN,NaN,NaN,NaN,NaN,NaN
NaN,NaN,-0.0287164357190098,-0.0511777472905427,-0.0775354719323029,-0.0830809364560992,-0.134100165096849,-0.177461892623493,-0.0844747808781297,NaN,NaN,NaN,NaN,NaN,NaN,NaN,NaN,NaN
NaN,NaN,-0.0287517142181362,-0.048672415059021,-0.0732052317422737,-0.0827227497939021,-0.135098021356195,-0.177954171109983,-0.0856347058919103,NaN,NaN,NaN,NaN,NaN,NaN,NaN,NaN,NaN
NaN,NaN,-0.0260534305756058,-0.0472983231059819,-0.0759936301571239,-0.0847478548530489,-0.133127901581853,-0.173715759325811,-0.0880250197854669,NaN,NaN,NaN,NaN,NaN,NaN,NaN,NaN,NaN
NaN,NaN,-0.0276613031213249,-0.0485757251493245,-0.0741152642828335,-0.0816583225969225,-0.131118796644538,-0.174940020103046,-0.0922146116402776,NaN,NaN,NaN,NaN,NaN,NaN,NaN,NaN,NaN
NaN,NaN,-0.0241392460350956,-0.0445562300495415,-0.0726840450030674,-0.0846461730543524,-0.13082524376902,-0.172491032887289,-0.0930792142656476,NaN,NaN,NaN,NaN,NaN,NaN,NaN,NaN,NaN
NaN,NaN,-0.0238656048362221,-0.046028781425169,-0.0760215325814594,-0.0833400862757117,-0.127240061638683,-0.170144006867001,-0.0982382197883756,NaN,NaN,NaN,NaN,NaN,NaN,NaN,NaN,NaN
NaN,NaN,-0.0238929484670128,-0.0440918353609353,-0.0712084947687496,-0.0823935645166785,-0.127686519054502,-0.17124225969989,-0.099612851908508,NaN,NaN,NaN,NaN,NaN,NaN,NaN,NaN,NaN
NaN,NaN,-0.0214045476798977,-0.0422889438680916,-0.073218978063475,-0.0844930077437312,-0.125074569014638,-0.167110670615026,-0.102175181081596,NaN,NaN,NaN,NaN,NaN,NaN,NaN,NaN,NaN
NaN,NaN,-0.0222354550545181,-0.0433625725321084,-0.0722007444661964,-0.0820132868830115,-0.122865620879262,-0.168460380543062,-0.106288497617546,NaN,NaN,NaN,NaN,NaN,NaN,NaN,NaN,NaN
NaN,NaN,-0.0198382493739094,-0.0390673128179818,-0.0703085018855442,-0.0844989495817572,-0.122900675860971,-0.166169289756605,-0.107175712755028,NaN,NaN,NaN,NaN,NaN,NaN,NaN,NaN,NaN
NaN,NaN,-0.019368024605986,-0.0407876891307145,-0.07318995805205,-0.0838413985911757,-0.11899791273269,-0.16432344566662,-0.112131615450683,NaN,NaN,NaN,NaN,NaN,NaN,NaN,NaN,NaN
NaN,NaN,-0.0196732562665905,-0.0393461507968217,-0.0682343720060696,-0.0823768938425928,-0.119203790901035,-0.166675761599132,-0.114356992116276,NaN,NaN,NaN,NaN,NaN,NaN,NaN,NaN,NaN
NaN,NaN,-0.0168153998141255,-0.0375117247216015,-0.0701734787386765,-0.0850807840470225,-0.117403246341079,-0.162992846477816,-0.11620682226688,NaN,NaN,NaN,NaN,NaN,NaN,NaN,NaN,NaN
NaN,NaN,-0.0181472283487286,-0.0385224146060258,-0.0695396205943932,-0.0823601672891528,-0.115488000092834,-0.164855268109629,-0.121726137867275,NaN,NaN,NaN,NaN,NaN,NaN,NaN,NaN,NaN
NaN,NaN,-0.0160344858353104,-0.0342713182083874,-0.0671420423847546,-0.0837787019554526,-0.115693971393436,-0.163602601993868,-0.122664762010875,NaN,NaN,NaN,NaN,NaN,NaN,NaN,NaN,NaN
NaN,NaN,-0.015513410854813,-0.0360191312841683,-0.0697500622433533,-0.0839515181723982,-0.112346835313171,-0.162114721048662,-0.127739799490276,NaN,NaN,NaN,NaN,NaN,NaN,NaN,NaN,NaN
NaN,NaN,-0.015607958722588,-0.0350081433765202,-0.065668354795586,-0.0821951741818339,-0.112582534430355,-0.164926979947874,-0.130223096629682,NaN,NaN,NaN,NaN,NaN,NaN,NaN,NaN,NaN
NaN,NaN,-0.0128089246039356,-0.0321983990482598,-0.0667420579654087,-0.0852325337473303,-0.111830286560386,-0.162258945662567,-0.132276942303482,NaN,NaN,NaN,NaN,NaN,NaN,NaN,NaN,NaN
NaN,NaN,-0.0136205908541645,-0.0332879719547539,-0.0666805720490326,-0.0823793152812868,-0.108867768076986,-0.163203995931932,-0.137668350061479,NaN,NaN,NaN,NaN,NaN,NaN,NaN,NaN,NaN
NaN,NaN,-0.0120444577817883,-0.0290761028639584,-0.0632361500126232,-0.083384063327685,-0.110024433461755,-0.163737159479448,-0.139098954668346,NaN,NaN,NaN,NaN,NaN,NaN,NaN,NaN,NaN
NaN,NaN,-0.0102456827347244,-0.0299675462059289,-0.0654546535176147,-0.0842188636306673,-0.106977462647289,-0.161437798548529,-0.143799805363718,NaN,NaN,NaN,NaN,NaN,NaN,NaN,NaN,NaN
NaN,NaN,-0.0110828299705948,-0.0292462368718892,-0.0615070937734951,-0.0816144200507551,-0.107609495399326,-0.165317949164698,-0.146579635610882,NaN,NaN,NaN,NaN,NaN,NaN,NaN,NaN,NaN
NaN,NaN,-0.00766167237209932,-0.0254443546048909,-0.0618369682294239,-0.0843955914024264,-0.107460986701578,-0.162197143096516,-0.1485163954106,NaN,NaN,NaN,NaN,NaN,NaN,NaN,NaN,NaN
NaN,NaN,-0.00894827588247911,-0.0276218985430508,-0.0617969958645214,-0.0813966954592615,-0.104730479297965,-0.163997780788729,-0.153626338860098,NaN,NaN,NaN,NaN,NaN,NaN,NaN,NaN,NaN
NaN,NaN,-0.00697672187137262,-0.023562151681593,-0.0576160839361061,-0.0817680510226637,-0.106717958925098,-0.164431628096888,-0.155068398734632,NaN,NaN,NaN,NaN,NaN,NaN,NaN,NaN,NaN
NaN,NaN,-0.00524855970191614,-0.0242736448756962,-0.0600608056944717,-0.0831026921514422,-0.104180421558946,-0.162419785071203,-0.159488101771179,NaN,NaN,NaN,NaN,NaN,NaN,NaN,NaN,NaN
NaN,NaN,-0.00628169446038858,-0.0241792460195332,-0.0560425213140358,-0.07943369098939,-0.105618961034149,-0.166111398745367,-0.162301962545219,NaN,NaN,NaN,NaN,NaN,NaN,NaN,NaN,NaN
NaN,NaN,-0.00355627207803385,-0.0201067400388032,-0.0564204147619118,-0.081939265364781,-0.10549628722462,-0.163033414889166,-0.163728357574049,NaN,NaN,NaN,NaN,NaN,NaN,NaN,NaN,NaN
NaN,NaN,-0.0045503844206299,-0.0227594633809834,-0.0560986428123821,-0.0792300107423216,-0.103597842035621,-0.164857074875423,-0.16821438940436,NaN,NaN,NaN,NaN,NaN,NaN,NaN,NaN,NaN
NaN,NaN,-0.00300478010224954,-0.0188832615725308,-0.0519700153333057,-0.0797221029642969,-0.105620041368335,-0.166078802455255,-0.169558623155657,NaN,NaN,NaN,NaN,NaN,NaN,NaN,NaN,NaN
NaN,NaN,-0.00165205268907205,-0.019290826957634,-0.0539068496388306,-0.0810825789812952,-0.104168482003539,-0.164191160608122,-0.173279424479309,NaN,NaN,NaN,NaN,NaN,NaN,NaN,NaN,NaN
NaN,NaN,-0.00260392023968355,-0.0191728842667847,-0.0504473774296154,-0.0775714928749949,-0.104915626225799,-0.167253144342491,-0.176377077868286,NaN,NaN,NaN,NaN,NaN,NaN,NaN,NaN,NaN
NaN,NaN,0.000293927204135493,-0.0164238435439377,-0.0496867476564754,-0.0799808057490736,-0.10545895981583,-0.164741013456175,-0.177580141743723,NaN,NaN,NaN,NaN,NaN,NaN,NaN,NaN,NaN
NaN,NaN,-0.00120324834036485,-0.0186466311327725,-0.0499153687220921,-0.0772072526160628,-0.103990897415012,-0.16596490170438,-0.181512036642137,NaN,NaN,NaN,NaN,NaN,NaN,NaN,NaN,NaN
NaN,NaN,-7.76705031360833e-05,-0.0153894049338608,-0.0456328867536892,-0.0767241942230612,-0.105683985976308,-0.167156752456018,-0.183481411358419,NaN,NaN,NaN,NaN,NaN,NaN,NaN,NaN,NaN
NaN,NaN,0.000960381638530329,-0.0156191249601155,-0.047424471990477,-0.0782999733928591,-0.104814670858711,-0.16533482472975,-0.185657018145624,NaN,NaN,NaN,NaN,NaN,NaN,NaN,NaN,NaN
NaN,NaN,0.00028414831710203,-0.0154895407370835,-0.0449757455450405,-0.0751004705671221,-0.10561523574385,-0.167618315923998,-0.189476576915088,NaN,NaN,NaN,NaN,NaN,NaN,NaN,NaN,NaN
NaN,NaN,0.0029731559867893,-0.0125111152641087,-0.0433297260266651,-0.0767786393407732,-0.106851920364231,-0.165800914425442,-0.189086837044063,NaN,NaN,NaN,NaN,NaN,NaN,NaN,NaN,NaN
NaN,NaN,0.00243056745481832,-0.0135444921664506,-0.0442408947807659,-0.0746204110328108,-0.104735545692771,-0.166125983256885,-0.193648976555172,NaN,NaN,NaN,NaN,NaN,NaN,NaN,NaN,NaN
NaN,NaN,0.00284830288243635,-0.0111691539398938,-0.0392099274855961,-0.073510684305802,-0.107143815485567,-0.167391389865467,-0.194488619735542,NaN,NaN,NaN,NaN,NaN,NaN,NaN,NaN,NaN
NaN,NaN,0.00428982258987768,-0.00977881972115332,-0.0407201229196896,-0.0749375263694674,-0.106472127018302,-0.165351644415447,-0.196997453739944,NaN,NaN,NaN,NaN,NaN,NaN,NaN,NaN,NaN
NaN,NaN,0.00402398587417944,-0.0105076727680474,-0.0379181085687984,-0.070977114373818,-0.107090674219459,-0.167103369046041,-0.200394490083757,NaN,NaN,NaN,NaN,NaN,NaN,NaN,NaN,NaN
NaN,NaN,0.00588774861049993,-0.00683308367054754,-0.0355481906396259,-0.0722867029253393,-0.107565332082838,-0.165519524622747,-0.199309629669491,NaN,NaN,NaN,NaN,NaN,NaN,NaN,NaN,NaN
NaN,NaN,0.00638965697241171,-0.00821434680741125,-0.0374707570833076,-0.0702911580447108,-0.106738448021739,-0.164474636573383,-0.203807638308111,NaN,NaN,NaN,NaN,NaN,NaN,NaN,NaN,NaN
NaN,NaN,0.00637037859511717,-0.00559030820052916,-0.0319533972603191,-0.0683443585876375,-0.107462495444148,-0.166396551091263,-0.203559254577461,NaN,NaN,NaN,NaN,NaN,NaN,NaN,NaN,NaN
NaN,NaN,0.00835145072293623,-0.00427449841420943,-0.033685433731686,-0.0703336449805647,-0.107429824648231,-0.16265403132517,-0.205866364112201,NaN,NaN,NaN,NaN,NaN,NaN,NaN,NaN,NaN
NaN,NaN,0.00760857195806845,-0.00567187343161398,-0.0310300281804909,-0.0660648162011057,-0.10651915880832,-0.165038217116186,-0.208214880248609,NaN,NaN,NaN,NaN,NaN,NaN,NaN,NaN,NaN
NaN,NaN,0.00952566222501143,-0.0015715767852574,-0.0288356645566334,-0.0671554508153349,-0.10782148304376,-0.162868794310877,-0.207049404552284,NaN,NaN,NaN,NaN,NaN,NaN,NaN,NaN,NaN
NaN,NaN,0.0099185872192417,-0.00281228471916014,-0.0304504288894047,-0.064975522691384,-0.105690970895618,-0.161814313638994,-0.210179486593309,NaN,NaN,NaN,NaN,NaN,NaN,NaN,NaN,NaN
NaN,NaN,0.00978699133944853,-0.00073243651907736,-0.0250552399617542,-0.0626894051674753,-0.106221880642503,-0.162896305579731,-0.210436568876806,NaN,NaN,NaN,NaN,NaN,NaN,NaN,NaN,NaN
NaN,NaN,0.0115737895782028,0.000695970166513387,-0.02636488439263,-0.0639681110624224,-0.106120478240579,-0.159620341170618,-0.211700019707981,NaN,NaN,NaN,NaN,NaN,NaN,NaN,NaN,NaN
NaN,NaN,0.0107391196603809,-5.34837357311808e-05,-0.0241413331192841,-0.0600700790528208,-0.104111429182619,-0.161211915571281,-0.213434589376751,NaN,NaN,NaN,NaN,NaN,NaN,NaN,NaN,NaN
NaN,NaN,0.0121202524120842,0.00299246262390322,-0.0215816675287594,-0.0600483419839293,-0.105582713959545,-0.159295477230141,-0.211525284966532,NaN,NaN,NaN,NaN,NaN,NaN,NaN,NaN,NaN
NaN,NaN,0.0114652532453571,0.00244888689000315,-0.0234533837598671,-0.0582701864186674,-0.102795600769847,-0.157159172255585,-0.214275257011953,NaN,NaN,NaN,NaN,NaN,NaN,NaN,NaN,NaN
NaN,NaN,0.0117135810966526,0.003745027143547,-0.0181761375230659,-0.0546691718045622,-0.102972421673864,-0.158468239266464,-0.214086701443496,NaN,NaN,NaN,NaN,NaN,NaN,NaN,NaN,NaN
NaN,NaN,0.0132716465110813,0.00563984017450518,-0.0201722784501423,-0.0568027200642973,-0.102619487670988,-0.154488437134811,-0.214244225343767,NaN,NaN,NaN,NaN,NaN,NaN,NaN,NaN,NaN
NaN,NaN,0.0128208118791614,0.00433425631005472,-0.0178625984650959,-0.0521801004651934,-0.0999371110180315,-0.155679784972259,-0.215411302914921,NaN,NaN,NaN,NaN,NaN,NaN,NaN,NaN,NaN
NaN,NaN,0.0130335259552036,0.0077980498560161,-0.0158143221002926,-0.0517431797925383,-0.101727150259345,-0.153281331319401,-0.213413392474952,NaN,NaN,NaN,NaN,NaN,NaN,NaN,NaN,NaN
NaN,NaN,0.0134282204623256,0.00729947562892145,-0.016639250383984,-0.0503516721073538,-0.0976319945136008,-0.151143871504852,-0.214840309044424,NaN,NaN,NaN,NaN,NaN,NaN,NaN,NaN,NaN
NaN,NaN,0.0134466792757545,0.00827373217422671,-0.0123641817432751,-0.0467892328742892,-0.0982796176055369,-0.152012143541166,-0.214485195746723,NaN,NaN,NaN,NaN,NaN,NaN,NaN,NaN,NaN
NaN,NaN,0.0151728484149013,0.0104005190320701,-0.0128967119914402,-0.0489111396018416,-0.0971568896153864,-0.148897186178753,-0.213432745358053,NaN,NaN,NaN,NaN,NaN,NaN,NaN,NaN,NaN
NaN,NaN,0.0141747872645889,0.00925638924915499,-0.0115328645867218,-0.0438296759966761,-0.0952218993285593,-0.148765292275736,-0.213991706540886,NaN,NaN,NaN,NaN,NaN,NaN,NaN,NaN,NaN
NaN,NaN,0.0147767010445629,0.0121497290917129,-0.00895338045180931,-0.0431710260454565,-0.0954210160950121,-0.146666538227388,-0.212129489800039,NaN,NaN,NaN,NaN,NaN,NaN,NaN,NaN,NaN
NaN,NaN,0.0156037713701759,0.012185752648899,-0.00968091102064743,-0.0417521002236754,-0.0916506125310358,-0.14351432796199,-0.212360718568865,NaN,NaN,NaN,NaN,NaN,NaN,NaN,NaN,NaN
NaN,NaN,0.015362689208511,0.0129212367125244,-0.00666981475175514,-0.0379027018789202,-0.0912270283976492,-0.144574750471899,-0.211801068207327,NaN,NaN,NaN,NaN,NaN,NaN,NaN,NaN,NaN
NaN,NaN,0.0171115826184784,0.015024498362133,-0.00619331286967887,-0.0395608285907656,-0.0902451722601351,-0.141428873200008,-0.20986209185988,NaN,NaN,NaN,NaN,NaN,NaN,NaN,NaN,NaN
NaN,NaN,0.0163378211970363,0.0133426042981834,-0.00617165030659332,-0.0350341352168471,-0.0879439300576147,-0.140424330044577,-0.210587629398409,NaN,NaN,NaN,NaN,NaN,NaN,NaN,NaN,NaN
NaN,NaN,0.0170279125983749,0.0167442786284179,-0.00299524428070678,-0.0342202710453421,-0.0881549118736681,-0.139303408820221,-0.207985048463646,NaN,NaN,NaN,NaN,NaN,NaN,NaN,NaN,NaN
NaN,NaN,0.0180774945135151,0.016146946955511,-0.00472033308566703,-0.0336877594236284,-0.0847089065888819,-0.135932393629143,-0.208135214915577,NaN,NaN,NaN,NaN,NaN,NaN,NaN,NaN,NaN
NaN,NaN,0.0177613104994331,0.0169853235371799,-0.00147763551891937,-0.0302126223687083,-0.0837498119750914,-0.137261577207634,-0.207349439432922,NaN,NaN,NaN,NaN,NaN,NaN,NaN,NaN,NaN
NaN,NaN,0.0188413466627632,0.0187405313142032,-0.000809635089050669,-0.0307065586093813,-0.0830174385288653,-0.13361252497513,-0.205490035286251,NaN,NaN,NaN,NaN,NaN,NaN,NaN,NaN,NaN
NaN,NaN,0.0179295446093117,0.0176313633807392,-0.00118100927890434,-0.0267835485283285,-0.0802878624478277,-0.132839545864651,-0.206312784275118,NaN,NaN,NaN,NaN,NaN,NaN,NaN,NaN,NaN
NaN,NaN,0.0191758032257591,0.0194905440099925,0.00210715545593606,-0.0252979772631079,-0.0797128080109057,-0.131310090679714,-0.203823489418331,NaN,NaN,NaN,NaN,NaN,NaN,NaN,NaN,NaN
NaN,NaN,0.0201210956389938,0.0198906029351444,0.000327640159715276,-0.0253640266600996,-0.0768273285308775,-0.128068920481989,-0.204003327807489,NaN,NaN,NaN,NaN,NaN,NaN,NaN,NaN,NaN
NaN,NaN,0.0200443919117485,0.019055802632162,0.00310989184557305,-0.020949054742232,-0.0753515920320448,-0.129149552691767,-0.203479049077335,NaN,NaN,NaN,NaN,NaN,NaN,NaN,NaN,NaN
NaN,NaN,0.0204348023350273,0.0216869192906112,0.003951677067865,-0.022040099138394,-0.0747742465415892,-0.125572286803314,-0.201300368925634,NaN,NaN,NaN,NaN,NaN,NaN,NaN,NaN,NaN
NaN,NaN,0.020638948243383,0.0197573306747169,0.00315060926853524,-0.0179944711271673,-0.0714067144969401,-0.124972962100098,-0.20209314795405,NaN,NaN,NaN,NaN,NaN,NaN,NaN,NaN,NaN
NaN,NaN,0.0206850487108265,0.0216419922896118,0.00690095214425431,-0.0164222496096045,-0.0709035767892298,-0.123515963811466,-0.199729246368709,NaN,NaN,NaN,NaN,NaN,NaN,NaN,NaN,NaN
NaN,NaN,0.0223241391892467,0.0215487110205383,0.0050880768734108,-0.0170378724578768,-0.0680564677992758,-0.120584029961416,-0.199739546796385,NaN,NaN,NaN,NaN,NaN,NaN,NaN,NaN,NaN
NaN,NaN,0.0209127012009655,0.0215427878089637,0.00827010808764802,-0.0122373888734728,-0.0665087028125223,-0.121065523732492,-0.200270326158109,NaN,NaN,NaN,NaN,NaN,NaN,NaN,NaN,NaN
NaN,NaN,0.0215602497870956,0.0238438623734207,0.00867484225212441,-0.0135874899569899,-0.0663324779549536,-0.118233371783087,-0.198301659246984,NaN,NaN,NaN,NaN,NaN,NaN,NaN,NaN,NaN
NaN,NaN,0.021634420316938,0.0217658395655841,0.00852320431052552,-0.00966390245594084,-0.0623292996266779,-0.117287539202759,-0.199008626213375,NaN,NaN,NaN,NaN,NaN,NaN,NaN,NaN,NaN
NaN,NaN,0.021886287194017,0.0231081920452804,0.0112264239627014,-0.00831139856018126,-0.0621322503963408,-0.116543635983059,-0.197825734784904,NaN,NaN,NaN,NaN,NaN,NaN,NaN,NaN,NaN
NaN,NaN,0.0232920441145931,0.0230779799409599,0.00995928509413109,-0.0088228250388056,-0.0597410796860155,-0.113944668579885,-0.19744998337895,NaN,NaN,NaN,NaN,NaN,NaN,NaN,NaN,NaN
NaN,NaN,0.0218567828948532,0.0225202108510227,0.0122934029835354,-0.00453745597042143,-0.0581634192446169,-0.114298161376306,-0.199102019241157,NaN,NaN,NaN,NaN,NaN,NaN,NaN,NaN,NaN
NaN,NaN,0.0231246295685802,0.0248077626116962,0.0136789874571453,-0.00541152083314955,-0.0582401415983137,-0.112356204796621,-0.19695209833056,NaN,NaN,NaN,NaN,NaN,NaN,NaN,NaN,NaN
NaN,NaN,0.0227150339002643,0.0230388830192775,0.0122885787325989,-0.00342661165632308,-0.0549013687947687,-0.111163534481117,-0.198108242174688,NaN,NaN,NaN,NaN,NaN,NaN,NaN,NaN,NaN
NaN,NaN,0.0230156275744472,0.0242639261074752,0.0152805083829056,-0.00156921916641295,-0.0551116800585684,-0.111261863518545,-0.197596461793485,NaN,NaN,NaN,NaN,NaN,NaN,NaN,NaN,NaN
NaN,NaN,0.0248169544453655,0.0249524901397914,0.0146023192840706,-0.00218856730498374,-0.0531765407601294,-0.108872778970787,-0.197717459222379,NaN,NaN,NaN,NaN,NaN,NaN,NaN,NaN,NaN
NaN,NaN,0.0237264315898453,0.0232516902275772,0.0155067266362797,0.00151388696394861,-0.0512283256927428,-0.109673418361732,-0.199356233051124,NaN,NaN,NaN,NaN,NaN,NaN,NaN,NaN,NaN
NaN,NaN,0.0246076862628494,0.0253762977905959,0.0170404659050594,0.000274594640359282,-0.0520218311527666,-0.10824236672003,-0.197838940939012,NaN,NaN,NaN,NaN,NaN,NaN,NaN,NaN,NaN
NaN,NaN,0.0242296065504585,0.0239130782671661,0.0153931425350796,0.00136377639137208,-0.0485906897762713,-0.105870567519257,-0.199162387570444,NaN,NaN,NaN,NaN,NaN,NaN,NaN,NaN,NaN
NaN,NaN,0.0240970420951877,0.0246083850749225,0.0179573343533169,0.00413880101405084,-0.0487054287174639,-0.107155476022551,-0.199320451637808,NaN,NaN,NaN,NaN,NaN,NaN,NaN,NaN,NaN
NaN,NaN,0.0247900019700561,0.0259566607661933,0.0169844002860676,0.00212006620131433,-0.0471900178769526,-0.103844791907856,-0.199154676219526,NaN,NaN,NaN,NaN,NaN,NaN,NaN,NaN,NaN
NaN,NaN,0.0237189810092483,0.0234624671526641,0.0177153953748833,0.00675360090099275,-0.0449675841906962,-0.104915403086731,-0.200593960752788,NaN,NaN,NaN,NaN,NaN,NaN,NaN,NaN,NaN
NaN,NaN,0.0245931576306854,0.0257169197090358,0.0197455109494816,0.00505827716551721,-0.0452841221073565,-0.103466358292887,-0.198821225484911,NaN,NaN,NaN,NaN,NaN,NaN,NaN,NaN,NaN
NaN,NaN,0.0246942992622886,0.0247684421725959,0.0180274443167339,0.006809908663854,-0.0418744942823347,-0.100822333503553,-0.200140760561529,NaN,NaN,NaN,NaN,NaN,NaN,NaN,NaN,NaN
NaN,NaN,0.0240668113644157,0.0256746935435027,0.0205217869418751,0.00921158469282091,-0.0406766830662188,-0.10202951382477,-0.199783505221906,NaN,NaN,NaN,NaN,NaN,NaN,NaN,NaN,NaN
NaN,NaN,0.0242893602068458,0.0273439402468891,0.0200895415085445,0.00787530443631113,-0.0397584921399054,-0.0984335283525676,-0.199301657548252,NaN,NaN,NaN,NaN,NaN,NaN,NaN,NaN,NaN
NaN,NaN,0.0234747323508297,0.024673782546112,0.0198423312443386,0.0112921593245119,-0.0365495457032618,-0.0991351495273799,-0.200853147825304,NaN,NaN,NaN,NaN,NaN,NaN,NaN,NaN,NaN
NaN,NaN,0.0232924725229774,0.026399392891714,0.0229162917870174,0.0105401722248644,-0.0374978556016382,-0.0976241531558723,-0.198585675379339,NaN,NaN,NaN,NaN,NaN,NaN,NaN,NaN,NaN
NaN,NaN,0.023796187650684,0.0251995700188369,0.020089560134996,0.0112529320176691,-0.0332523657658991,-0.094878390688488,-0.198774547597471,NaN,NaN,NaN,NaN,NaN,NaN,NaN,NaN,NaN
NaN,NaN,0.022146740865234,0.0257696884461135,0.0231964708703648,0.0143462081905454,-0.0326093992868361,-0.0957205484398097,-0.198858422508541,NaN,NaN,NaN,NaN,NaN,NaN,NaN,NaN,NaN
NaN,NaN,0.0230426359291111,0.0272239858992786,0.022468195243467,0.0126997230108827,-0.0309203340390619,-0.0917084852941722,-0.19721245886952,NaN,NaN,NaN,NaN,NaN,NaN,NaN,NaN,NaN
NaN,NaN,0.0216299685950313,0.0249762947447986,0.0223251627224575,0.0151209940668195,-0.0286825521567759,-0.0919983128793926,-0.197827131768766,NaN,NaN,NaN,NaN,NaN,NaN,NaN,NaN,NaN
NaN,NaN,0.0220506842548881,0.0268123785742015,0.0247207665282379,0.0150082667823881,-0.0285177825668749,-0.0908779504485816,-0.195392859449688,NaN,NaN,NaN,NaN,NaN,NaN,NaN,NaN,NaN
NaN,NaN,0.0226126442964111,0.0263346100934238,0.0221572825151573,0.0157476996537298,-0.0247341169694361,-0.0876923615821094,-0.194659033140245,NaN,NaN,NaN,NaN,NaN,NaN,NaN,NaN,NaN
NaN,NaN,0.0210169720764194,0.0265850986130924,0.0246435598868023,0.018980506574735,-0.0240764355936941,-0.0888154993541927,-0.195829910507503,NaN,NaN,NaN,NaN,NaN,NaN,NaN,NaN,NaN
NaN,NaN,0.0220242533202205,0.0283719154782981,0.025045090301622,0.0171613169368356,-0.0231294667998251,-0.0854511896856517,-0.192164187600914,NaN,NaN,NaN,NaN,NaN,NaN,NaN,NaN,NaN
NaN,NaN,0.0211207586641346,0.0263954068310947,0.0242409677642475,0.0189211254473776,-0.0202879271188673,-0.0850588979907722,-0.193170220872465,NaN,NaN,NaN,NaN,NaN,NaN,NaN,NaN,NaN
NaN,NaN,0.0213115680332218,0.0278062673993797,0.0271218465107571,0.019680674886331,-0.0203035733381209,-0.0835897180028648,-0.190293663462702,NaN,NaN,NaN,NaN,NaN,NaN,NaN,NaN,NaN
NaN,NaN,0.0215533207471405,0.0274763370640964,0.0254885861116539,0.0196354684885591,-0.0171080379465517,-0.0807604717798919,-0.189635311534706,NaN,NaN,NaN,NaN,NaN,NaN,NaN,NaN,NaN
NaN,NaN,0.0204323250169788,0.0267908091433734,0.0268993535476814,0.0233985332306474,-0.0161480492630896,-0.0806599261947364,-0.189135209938589,NaN,NaN,NaN,NaN,NaN,NaN,NaN,NaN,NaN
NaN,NaN,0.0216476078445946,0.0287880676575393,0.0280648851233612,0.0201591139193624,-0.0150539128759798,-0.0782406295426578,-0.185072799494568,NaN,NaN,NaN,NaN,NaN,NaN,NaN,NaN,NaN
NaN,NaN,0.0202202256138359,0.0268501902707309,0.0264633455711494,0.0219527853187174,-0.0125076210776266,-0.0767816195972652,-0.185656869134012,NaN,NaN,NaN,NaN,NaN,NaN,NaN,NaN,NaN
NaN,NaN,0.0208457763607536,0.0285087453909606,0.0296319098609577,0.0235744786914438,-0.0124089940169749,-0.0764259475060195,-0.182328061482015,NaN,NaN,NaN,NaN,NaN,NaN,NaN,NaN,NaN
NaN,NaN,0.0205705705399547,0.0284806380756587,0.0281050623792301,0.0231385079678148,-0.0100576839128432,-0.0729231687970848,-0.180790801813904,NaN,NaN,NaN,NaN,NaN,NaN,NaN,NaN,NaN
NaN,NaN,0.019609501522306,0.0276887158640117,0.0291798458832394,0.0265400146599859,-0.00874770420584052,-0.0737031887062282,-0.180846997818056,NaN,NaN,NaN,NaN,NaN,NaN,NaN,NaN,NaN
NaN,NaN,0.0202852319295441,0.0299626330621929,0.0310654574471603,0.0240423937793821,-0.00838219734820692,-0.071649920452425,-0.176142310073677,NaN,NaN,NaN,NaN,NaN,NaN,NaN,NaN,NaN
NaN,NaN,0.0192398595924412,0.0276314022727699,0.0278776892858635,0.0259512139018625,-0.00470239284428923,-0.0690560380705089,-0.177122415324751,NaN,NaN,NaN,NaN,NaN,NaN,NaN,NaN,NaN
NaN,NaN,0.0192587281878029,0.0290097783096523,0.032105260475267,0.0277780590113252,-0.00498557078632681,-0.0690006802566737,-0.173137341907325,NaN,NaN,NaN,NaN,NaN,NaN,NaN,NaN,NaN
NaN,NaN,0.0191537495071922,0.0292671772428245,0.0293193580049168,0.0266634149011225,-0.00343849497827856,-0.0645045156367511,-0.171365835985246,NaN,NaN,NaN,NaN,NaN,NaN,NaN,NaN,NaN
NaN,NaN,0.0179522130007778,0.0273426922746391,0.0307458647924553,0.029960930114612,-0.00140010925921767,-0.0659505615719051,-0.170495775809589,NaN,NaN,NaN,NaN,NaN,NaN,NaN,NaN,NaN
NaN,NaN,0.0184700097258125,0.0292144085057468,0.0319301159518849,0.0278128904756159,-0.00126845750007002,-0.0628572481461257,-0.166415949633423,NaN,NaN,NaN,NaN,NaN,NaN,NaN,NaN,NaN
NaN,NaN,0.017475841503862,0.0268584231622905,0.029496923966993,0.0287931819912046,0.0025139601251188,-0.0605446065552921,-0.166331217905584,NaN,NaN,NaN,NaN,NaN,NaN,NaN,NaN,NaN
NaN,NaN,0.0173738616819416,0.027805447835514,0.033755880727161,0.0311423314269632,0.00100138050523431,-0.0608626532145233,-0.16281446935803,NaN,NaN,NaN,NaN,NaN,NaN,NaN,NaN,NaN
NaN,NaN,0.0172840449328457,0.0284011403806896,0.0314406873124729,0.0289458816405386,0.00273311895337732,-0.0565221498497218,-0.160456025322977,NaN,NaN,NaN,NaN,NaN,NaN,NaN,NaN,NaN
NaN,NaN,0.0158919225747619,0.0265094379671306,0.0321864718037735,0.0327979621943086,0.00500142958965929,-0.0571639801152439,-0.160169904401603,NaN,NaN,NaN,NaN,NaN,NaN,NaN,NaN,NaN
NaN,NaN,0.0160269643480812,0.0287930222936363,0.033705105020393,0.0307656300719827,0.00501776498761804,-0.054627690721342,-0.155733288547102,NaN,NaN,NaN,NaN,NaN,NaN,NaN,NaN,NaN
NaN,NaN,0.0154410506899391,0.0263004491813869,0.0312425950008522,0.0317828578408808,0.00854328659382493,-0.051057782281229,-0.155631718507114,NaN,NaN,NaN,NaN,NaN,NaN,NaN,NaN,NaN
NaN,NaN,0.0148643198723827,0.0270238819308967,0.0350756765741001,0.0337657739873976,0.0071570129415098,-0.0517426396496982,-0.152391516884866,NaN,NaN,NaN,NaN,NaN,NaN,NaN,NaN,NaN
NaN,NaN,0.0153110566849743,0.0271453450210781,0.0324262314873825,0.0316044350620359,0.00823665794935853,-0.0475595856793613,-0.149538819959465,NaN,NaN,NaN,NaN,NaN,NaN,NaN,NaN,NaN
NaN,NaN,0.0140723417813812,0.0256349633224697,0.0334927262204777,0.0347810646053404,0.0107755550464693,-0.0474184716828555,-0.148604461273256,NaN,NaN,NaN,NaN,NaN,NaN,NaN,NaN,NaN
NaN,NaN,0.0141388195867573,0.0279883595891685,0.0350163140731941,0.0332660821732134,0.0104808659574095,-0.0452088716216773,-0.144955669811073,NaN,NaN,NaN,NaN,NaN,NaN,NaN,NaN,NaN
NaN,NaN,0.0139413792009388,0.025573458779642,0.0326414042550217,0.0340919976588339,0.0130656772574487,-0.0419431890137882,-0.144311064204279,NaN,NaN,NaN,NaN,NaN,NaN,NaN,NaN,NaN
NaN,NaN,0.0128392148132358,0.0262059013136119,0.0354303800898682,0.0359004212077707,0.0123176762184206,-0.0422564300485343,-0.141903911998573,NaN,NaN,NaN,NaN,NaN,NaN,NaN,NaN,NaN
NaN,NaN,0.0140512566382919,0.0261822829731197,0.0343517967897545,0.0333840993698686,0.0135188215693537,-0.0384799356349201,-0.138524254134002,NaN,NaN,NaN,NaN,NaN,NaN,NaN,NaN,NaN
NaN,NaN,0.0124603714163338,0.024890650320837,0.0335478046375404,0.0364301016088575,0.0160994046649042,-0.0382297637649269,-0.138835502138439,NaN,NaN,NaN,NaN,NaN,NaN,NaN,NaN,NaN
NaN,NaN,0.0125958974773918,0.02621785949547,0.0361060918706547,0.035589657491073,0.015255682291657,-0.0361668470092506,-0.135857449194494,NaN,NaN,NaN,NaN,NaN,NaN,NaN,NaN,NaN
NaN,NaN,0.0123550947124992,0.0247883911021442,0.0327073418933045,0.0353796069975942,0.0167603270432058,-0.0323252531476707,-0.135387671461406,NaN,NaN,NaN,NaN,NaN,NaN,NaN,NaN,NaN
NaN,NaN,0.0113359856720005,0.024066951382944,0.0354405687588345,0.0373437849339098,0.0166868084391657,-0.0329340028353423,-0.133309592774215,NaN,NaN,NaN,NaN,NaN,NaN,NaN,NaN,NaN
NaN,NaN,0.0113271753604446,0.0245703498609752,0.0342888766366135,0.0347536837216467,0.0178308264633718,-0.0288516434617729,-0.13067914666802,NaN,NaN,NaN,NaN,NaN,NaN,NaN,NaN,NaN
NaN,NaN,0.0103634427602325,0.0223352315612525,0.0332017065423618,0.0377369706984609,0.0202842840274873,-0.0291869568415374,-0.130794612040821,NaN,NaN,NaN,NaN,NaN,NaN,NaN,NaN,NaN
NaN,NaN,0.0104014034683739,0.023916784931013,0.0355275915402065,0.0369332020636648,0.0188115463873449,-0.0265010039098949,-0.128238168826404,NaN,NaN,NaN,NaN,NaN,NaN,NaN,NaN,NaN
NaN,NaN,0.0105782057459389,0.0224137793071956,0.0315988258856426,0.0361825188156217,0.0203676001450124,-0.0242030213363857,-0.128108510097566,NaN,NaN,NaN,NaN,NaN,NaN,NaN,NaN,NaN
NaN,NaN,0.00947747559500082,0.0218608717210979,0.0344270849066864,0.0390970555599779,0.0208601207753721,-0.024088505912611,-0.126754311194721,NaN,NaN,NaN,NaN,NaN,NaN,NaN,NaN,NaN
NaN,NaN,0.0100687722976242,0.0224090109356136,0.0332626895445477,0.0364365836139768,0.021531343581349,-0.0206189940460414,-0.124555458596054,NaN,NaN,NaN,NaN,NaN,NaN,NaN,NaN,NaN
NaN,NaN,0.0091009046251808,0.0200504551418514,0.0317103610771786,0.038989040767774,0.0243501403650347,-0.019696109253952,-0.125160352608267,NaN,NaN,NaN,NaN,NaN,NaN,NaN,NaN,NaN
NaN,NaN,0.00838412151885374,0.021245379257986,0.0344480210381638,0.0380545516964048,0.0222727136036459,-0.0187674688883514,-0.122536984553638,NaN,NaN,NaN,NaN,NaN,NaN,NaN,NaN,NaN
NaN,NaN,0.00930953950834616,0.0200048389621467,0.0307003231185566,0.0369843689259142,0.0238461272141042,-0.015851106751749,-0.122038689723316,NaN,NaN,NaN,NaN,NaN,NaN,NaN,NaN,NaN
NaN,NaN,0.00744316906881674,0.0186881537326068,0.0325883933740746,0.0396651437040418,0.0248820931932035,-0.015857160348484,-0.121215977987352,NaN,NaN,NaN,NaN,NaN,NaN,NaN,NaN,NaN
NaN,NaN,0.00857897282791479,0.0196788946874828,0.0317648620742451,0.0376055052038282,0.0248600767275396,-0.0131262245364875,-0.119053223451677,NaN,NaN,NaN,NaN,NaN,NaN,NaN,NaN,NaN
NaN,NaN,0.00722591013861044,0.0174023884125442,0.0300565929549824,0.0396094692405313,0.0276035481413904,-0.011842694390604,-0.119283017983738,NaN,NaN,NaN,NaN,NaN,NaN,NaN,NaN,NaN
NaN,NaN,0.00735858635259016,0.0181453416832179,0.032225307955135,0.039651378756389,0.0255933628698889,-0.0113766978271694,-0.117489998510185,NaN,NaN,NaN,NaN,NaN,NaN,NaN,NaN,NaN
NaN,NaN,0.00736378313255651,0.0175296443291397,0.0294677735704075,0.0383112428244203,0.0276618116816583,-0.00809317107875055,-0.115717524012628,NaN,NaN,NaN,NaN,NaN,NaN,NaN,NaN,NaN
NaN,NaN,0.00638697476339682,0.0158618691154212,0.0308952861863266,0.0409500894602388,0.0285133757909838,-0.008228939283678,-0.116146193167272,NaN,NaN,NaN,NaN,NaN,NaN,NaN,NaN,NaN
NaN,NaN,0.00742718757343634,0.0172670858689041,0.0306760714787136,0.0392228772398084,0.0281617083868089,-0.00623285423595613,-0.113051911166015,NaN,NaN,NaN,NaN,NaN,NaN,NaN,NaN,NaN
NaN,NaN,0.00629700900268896,0.0151495563574523,0.0286338487106453,0.0407251564320177,0.0298105032464567,-0.00448360692341036,-0.114293159267011,NaN,NaN,NaN,NaN,NaN,NaN,NaN,NaN,NaN
NaN,NaN,0.006418006431583,0.0157699848302097,0.0305910044747482,0.0410526094492525,0.0289515258094373,-0.00476972784478373,-0.112080355456177,NaN,NaN,NaN,NaN,NaN,NaN,NaN,NaN,NaN
NaN,NaN,0.00677967624020918,0.0149349982627124,0.0274322190719734,0.0382281688507646,0.0300272965153757,-0.00115846868235773,-0.110832159688774,NaN,NaN,NaN,NaN,NaN,NaN,NaN,NaN,NaN
NaN,NaN,0.00581432313871725,0.0138550552316398,0.0285083809333931,0.0416952965315431,0.0312130191644731,-0.00170455898720926,-0.11098251240522,NaN,NaN,NaN,NaN,NaN,NaN,NaN,NaN,NaN
NaN,NaN,0.00674309388947828,0.0147344286330432,0.0286488430040966,0.0395072845276445,0.0301286616643968,-1.39477439612774e-05,-0.107740504017177,NaN,NaN,NaN,NaN,NaN,NaN,NaN,NaN,NaN
NaN,NaN,0.00597128824544294,0.0133851098604888,0.0254500293570648,0.0399331597145647,0.0318079852780405,0.00164779249947363,-0.109064993729892,NaN,NaN,NaN,NaN,NaN,NaN,NaN,NaN,NaN
NaN,NaN,0.00625522987199171,0.0140977206416816,0.0278792911606918,0.0402151828166097,0.0309102089425627,0.000764060508421001,-0.106078950038257,NaN,NaN,NaN,NaN,NaN,NaN,NaN,NaN,NaN
NaN,NaN,0.00671174557161673,0.0137046280093879,0.0249858581858765,0.0375043821986765,0.0315212683102194,0.00418404464047247,-0.10547811659247,NaN,NaN,NaN,NaN,NaN,NaN,NaN,NaN,NaN
NaN,NaN,0.0058849360163246,0.0122671129890174,0.0258531243938099,0.0408576463814825,0.0334257298430506,0.00340804804485136,-0.104723391404453,NaN,NaN,NaN,NaN,NaN,NaN,NaN,NaN,NaN
NaN,NaN,0.00689089478206976,0.0134177806564063,0.0259134554701935,0.0389712711330503,0.0316546523293558,0.00464247886460119,-0.102082421353164,NaN,NaN,NaN,NaN,NaN,NaN,NaN,NaN,NaN
NaN,NaN,0.0062029267962013,0.0122504609413833,0.0231089451748024,0.0393189897295088,0.0339834803065363,0.00683825809877211,-0.102348183563057,NaN,NaN,NaN,NaN,NaN,NaN,NaN,NaN,NaN
NaN,NaN,0.00622989789796217,0.0126017185636253,0.0257366531926285,0.0406588276382536,0.0335338191410604,0.00567579988758856,-0.10000592591435,NaN,NaN,NaN,NaN,NaN,NaN,NaN,NaN,NaN
NaN,NaN,0.00630390078974111,0.0127702693231792,0.0228170873063694,0.0371522677596658,0.0338472464403215,0.00957656998555952,-0.0991348599103124,NaN,NaN,NaN,NaN,NaN,NaN,NaN,NaN,NaN
NaN,NaN,0.0055940467233692,0.0107631760426254,0.0224177548128258,0.0398670171853155,0.0354472586235109,0.0091198307685166,-0.0984229196813733,NaN,NaN,NaN,NaN,NaN,NaN,NaN,NaN,NaN
NaN,NaN,0.00594524846625669,0.0129239002950878,0.0230172844070087,0.0381627341266721,0.0331938118955198,0.0106734817139416,-0.0957674582508237,NaN,NaN,NaN,NaN,NaN,NaN,NaN,NaN,NaN
NaN,NaN,0.00611029745293005,0.0114795866199226,0.0202091419535767,0.0381006894167513,0.0360484087189737,0.012642837803772,-0.0949867491629751,NaN,NaN,NaN,NaN,NaN,NaN,NaN,NaN,NaN
NaN,NaN,0.00543883250308378,0.0115290398486347,0.0227745258647095,0.0397333165165037,0.035252072038323,0.0117416714541226,-0.0931044158545167,NaN,NaN,NaN,NaN,NaN,NaN,NaN,NaN,NaN
NaN,NaN,0.00635963113260611,0.011977583427021,0.0203649894732128,0.0358003040309995,0.0360614286085668,0.0149969046227246,-0.0908893582430513,NaN,NaN,NaN,NaN,NaN,NaN,NaN,NaN,NaN
NaN,NaN,0.00461673544001921,0.00991880174357599,0.0206196875709187,0.0384931301232427,0.0373168141862455,0.01420863319557,-0.0899517026749284,NaN,NaN,NaN,NaN,NaN,NaN,NaN,NaN,NaN
NaN,NaN,0.0055642444009815,0.0116991179772109,0.0209017106729637,0.0370285881217569,0.0354137682637277,0.0153663975409775,-0.087468964329067,NaN,NaN,NaN,NaN,NaN,NaN,NaN,NaN,NaN
NaN,NaN,0.00461744324517592,0.0100341739841194,0.01812774775802,0.0365027447696775,0.0377318487783972,0.0176451203636437,-0.0865629923549325,NaN,NaN,NaN,NaN,NaN,NaN,NaN,NaN,NaN
NaN,NaN,0.00437701300931318,0.00992152120549387,0.0203921840923916,0.0371757557149976,0.0370570496937338,0.0169038993529587,-0.0846609522607954,NaN,NaN,NaN,NaN,NaN,NaN,NaN,NaN,NaN
NaN,NaN,0.00477014289450987,0.0110138880797119,0.0180949838298451,0.0338949670549482,0.0371778236052099,0.0192922947220116,-0.08200716721088,NaN,NaN,NaN,NaN,NaN,NaN,NaN,NaN,NaN
NaN,NaN,0.00339770869565352,0.00897909726578898,0.0171768860357891,0.0357000750955194,0.0381472372731271,0.0188960914723187,-0.0809114848282964,NaN,NaN,NaN,NaN,NaN,NaN,NaN,NaN,NaN
NaN,NaN,0.003780426394466,0.0104073176868648,0.0182548360365521,0.0344323960598558,0.0364226141294542,0.0197494623474389,-0.0785156016257436,NaN,NaN,NaN,NaN,NaN,NaN,NaN,NaN,NaN
NaN,NaN,0.00392917723608359,0.00981237019974894,0.0155614325243126,0.0333613937254995,0.0382208862623277,0.0218540092222005,-0.076188431402746,NaN,NaN,NaN,NaN,NaN,NaN,NaN,NaN,NaN
NaN,NaN,0.00360621319365843,0.00908871393282122,0.0171746694880615,0.034339859848842,0.0369981714805666,0.0205335055701047,-0.0754012589362295,NaN,NaN,NaN,NaN,NaN,NaN,NaN,NaN,NaN
NaN,NaN,0.00387454585385664,0.0104184004255027,0.0159654402571808,0.0313478556927294,0.0367083997747007,0.0223972310535222,-0.0721738350597055,NaN,NaN,NaN,NaN,NaN,NaN,NaN,NaN,NaN
NaN,NaN,0.00245232315016134,0.0083221795745582,0.0144943603712212,0.0322179717477411,0.038348551960856,0.0230440159551411,-0.0718482074347169,NaN,NaN,NaN,NaN,NaN,NaN,NaN,NaN,NaN
NaN,NaN,0.0032068807001148,0.0093806090541572,0.0159678058165203,0.0317482312675565,0.0373816528638902,0.023331254463604,-0.0686930541899831,NaN,NaN,NaN,NaN,NaN,NaN,NaN,NaN,NaN
NaN,NaN,0.00342378572774275,0.00879560809213823,0.0132730425733219,0.0297793594654649,0.038198348256022,0.0259097700230389,-0.0668590751495988,NaN,NaN,NaN,NaN,NaN,NaN,NaN,NaN,NaN
NaN,NaN,0.00243727297735556,0.00787913079936213,0.0146986925440918,0.0311692466493696,0.0383233317455354,0.0238917057625561,-0.0664436494019659,NaN,NaN,NaN,NaN,NaN,NaN,NaN,NaN,NaN
NaN,NaN,0.0033616665120159,0.00948681708056635,0.013167523725618,0.0282699277158827,0.036717414977223,0.0259438191763669,-0.0625699435380132,NaN,NaN,NaN,NaN,NaN,NaN,NaN,NaN,NaN
NaN,NaN,0.00216402293396338,0.00741687815267748,0.0119550534921776,0.0293294002767652,0.0386993625482622,0.0266371515802651,-0.0625850868430765,NaN,NaN,NaN,NaN,NaN,NaN,NaN,NaN,NaN
NaN,NaN,0.00273272575092657,0.008867636580059,0.0137953468996178,0.0292907503899187,0.0376106837114397,0.0269557384065896,-0.059427866062227,NaN,NaN,NaN,NaN,NaN,NaN,NaN,NaN,NaN
NaN,NaN,0.00251820490908964,0.00809698577601618,0.0117901721435677,0.0271989812608808,0.0388220736106935,0.0290792656354218,-0.0577833180335195,NaN,NaN,NaN,NaN,NaN,NaN,NaN,NaN,NaN
NaN,NaN,0.00167831958484991,0.00741048927981562,0.0127643914359699,0.0290313584264368,0.038370456667811,0.028254057954958,-0.0574222442713411,NaN,NaN,NaN,NaN,NaN,NaN,NaN,NaN,NaN
NaN,NaN,0.00173971236896856,0.00860016073662943,0.012132172419418,0.0262077187653631,0.037112072231442,0.0295381282679349,-0.0541300934758813,NaN,NaN,NaN,NaN,NaN,NaN,NaN,NaN,NaN
NaN,NaN,0.000892842125419217,0.00671127091724581,0.010554158075441,0.0273147446569055,0.0395219438990656,0.0312060338668137,-0.054084980210367,NaN,NaN,NaN,NaN,NaN,NaN,NaN,NaN,NaN
NaN,NaN,0.00102285475683554,0.00735565300662226,0.0122624271947037,0.0271906179841608,0.0383949690779749,0.0302690115980416,-0.0513422911074789,NaN,NaN,NaN,NaN,NaN,NaN,NaN,NaN,NaN
NaN,NaN,0.00125305907082899,0.00750244807083315,0.0100245894330631,0.0241952983196825,0.0392897838076654,0.0335912627391129,-0.049812333008352,NaN,NaN,NaN,NaN,NaN,NaN,NaN,NaN,NaN
NaN,NaN,0.000201856654409009,0.00608212526519007,0.0103757166701447,0.0261973065789789,0.0385149234255853,0.0320645642689973,-0.0492527757790716,NaN,NaN,NaN,NaN,NaN,NaN,NaN,NaN,NaN
NaN,NaN,0.000189432811263638,0.00755210619051165,0.0107532189625393,0.0235442665871233,0.0374568478485647,0.0334747170321255,-0.0457456012275846,NaN,NaN,NaN,NaN,NaN,NaN,NaN,NaN,NaN
NaN,NaN,-0.000244731146570605,0.00463434707004732,0.00809207646428452,0.0243697164114565,0.0396475048085752,0.0345239822975903,-0.0460372914579542,NaN,NaN,NaN,NaN,NaN,NaN,NaN,NaN,NaN
NaN,NaN,-0.00032985402989046,0.0056957381554336,0.0103991301196705,0.023771453415975,0.0379284882268015,0.0333130208067208,-0.0440765221622617,NaN,NaN,NaN,NaN,NaN,NaN,NaN,NaN,NaN
NaN,NaN,-0.000442842084642811,0.0059563408382625,0.00814126892267571,0.020594954257831,0.0378915519734922,0.0356661563030987,-0.0422549297121198,NaN,NaN,NaN,NaN,NaN,NaN,NaN,NaN,NaN
NaN,NaN,-0.00147728069471971,0.0041059146412105,0.0085276187795292,0.0226299685891718,0.0373150632998052,0.0342706811837464,-0.0424166073110731,NaN,NaN,NaN,NaN,NaN,NaN,NaN,NaN,NaN
NaN,NaN,-0.00100323750424044,0.0053803923316688,0.00920685095964776,0.0204821152146906,0.0364895762225691,0.0359133106879502,-0.0386366483774812,NaN,NaN,NaN,NaN,NaN,NaN,NaN,NaN,NaN
NaN,NaN,-0.00140698446678774,0.00327267896015352,0.00677960081278191,0.0200202350970358,0.038188774259955,0.0368949619344979,-0.0379891556707056,NaN,NaN,NaN,NaN,NaN,NaN,NaN,NaN,NaN
NaN,NaN,-0.00173196016597406,0.00434749971706576,0.00919964252292023,0.0206668337341398,0.0364809335490766,0.0352280994169026,-0.0356769238618047,NaN,NaN,NaN,NaN,NaN,NaN,NaN,NaN,NaN
NaN,NaN,-0.00111784606027262,0.00475193585831827,0.00690870074807511,0.0172144023235887,0.0363001079579893,0.0380408798567563,-0.0342232224550874,NaN,NaN,NaN,NaN,NaN,NaN,NaN,NaN,NaN
NaN,NaN,-0.00219348638105051,0.00250241931159205,0.00678904442368851,0.019511099671945,0.0356582218131128,0.0367609073631077,-0.0342723590341241,NaN,NaN,NaN,NaN,NaN,NaN,NaN,NaN,NaN
NaN,NaN,-0.00157261087345735,0.00366733621437258,0.00800581736742364,0.0171816383954138,0.0343615786453787,0.0378767249397545,-0.0305906918850572,NaN,NaN,NaN,NaN,NaN,NaN,NaN,NaN,NaN
NaN,NaN,-0.00165700732516901,0.00244165982682413,0.00571023760615693,0.0161270087119192,0.0353154019733968,0.0383734178952485,-0.0305901889708669,NaN,NaN,NaN,NaN,NaN,NaN,NaN,NaN,NaN
NaN,NaN,-0.00198548479723589,0.00291758428890413,0.0076631837922226,0.0175307912286371,0.0342556500157419,0.0367705186120778,-0.0286827285793455,NaN,NaN,NaN,NaN,NaN,NaN,NaN,NaN,NaN
NaN,NaN,-0.00189434557008402,0.00405076171834177,0.00620991079388962,0.0145055016037077,0.0333393776139322,0.0392782909087449,-0.0272259724345834,NaN,NaN,NaN,NaN,NaN,NaN,NaN,NaN,NaN
NaN,NaN,-0.00288625999140398,0.0010742547698707,0.00600658444939957,0.0166060065384954,0.0332451277693811,0.0381151993982106,-0.0271521185544164,NaN,NaN,NaN,NaN,NaN,NaN,NaN,NaN,NaN
NaN,NaN,-0.00219110219525949,0.00272191341597742,0.00777239067732201,0.0142520328518003,0.0318688565215173,0.0384808925203591,-0.024556634297672,NaN,NaN,NaN,NaN,NaN,NaN,NaN,NaN,NaN
NaN,NaN,-0.00231914042281763,0.00176509122926897,0.00483747659503327,0.0136079487856477,0.0330871009549204,0.0392462161592751,-0.0237494197693498,NaN,NaN,NaN,NaN,NaN,NaN,NaN,NaN,NaN
NaN,NaN,-0.00297659828114168,0.00171751927215761,0.00660220248876916,0.0154494342859834,0.0320020729025903,0.0379895081035405,-0.0231983375754983,NaN,NaN,NaN,NaN,NaN,NaN,NaN,NaN,NaN
NaN,NaN,-0.00237300812053339,0.00298713545877642,0.00538062392054902,0.0121505407150835,0.0303059854826036,0.0402342190257817,-0.0211348247733743,NaN,NaN,NaN,NaN,NaN,NaN,NaN,NaN,NaN
NaN,NaN,-0.00409057183909075,-0.000113516788890896,0.00459993345915185,0.0142700446303934,0.0316470341106954,0.0397482549063473,-0.0216372174230249,NaN,NaN,NaN,NaN,NaN,NaN,NaN,NaN,NaN
NaN,NaN,-0.0032982025926079,0.00159220050651735,0.00650543807326661,0.0114359927829355,0.0292353184243742,0.0393980962447434,-0.0189253178444536,NaN,NaN,NaN,NaN,NaN,NaN,NaN,NaN,NaN
NaN,NaN,-0.00324236049103395,0.000541612762996617,0.00301547436295853,0.0110325065907091,0.0306914971491399,0.0407866423241406,-0.0191280295160444,NaN,NaN,NaN,NaN,NaN,NaN,NaN,NaN,NaN
NaN,NaN,-0.00426305277990953,0.000723146159240665,0.00490682287393914,0.0129569543059915,0.0284561180790964,0.0389083323292046,-0.0191809286382825,NaN,NaN,NaN,NaN,NaN,NaN,NaN,NaN,NaN
NaN,NaN,-0.00342678098725931,0.00173739369589991,0.00427974475799904,0.00965658924542367,0.0279370361289087,0.0412404013089448,-0.0170187515226038,NaN,NaN,NaN,NaN,NaN,NaN,NaN,NaN,NaN
NaN,NaN,-0.00522367476272242,-0.00155483160536581,0.00330537645398484,0.0113179010804743,0.0286920593401495,0.0399617699198037,-0.0177899238672884,NaN,NaN,NaN,NaN,NaN,NaN,NaN,NaN,NaN
NaN,NaN,-0.00461805431890146,0.000494431961366596,0.0052225039738308,0.00984914950095117,0.0263759159764353,0.0395979021899014,-0.0151046228614481,NaN,NaN,NaN,NaN,NaN,NaN,NaN,NaN,NaN
NaN,NaN,-0.00509708939838068,-0.000795468430927334,0.00185979618011819,0.00910107395611703,0.0274972469827238,0.0411742587796956,-0.0147440520134599,NaN,NaN,NaN,NaN,NaN,NaN,NaN,NaN,NaN
NaN,NaN,-0.00637739716815607,-0.00130087856571966,0.00360163016497002,0.0112785247620195,0.0258388222476545,0.0397205387465268,-0.0145748120752008,NaN,NaN,NaN,NaN,NaN,NaN,NaN,NaN,NaN
NaN,NaN,-0.0058134813492264,-0.000380117189100322,0.00312686054288254,0.00770349404774606,0.025303628416926,0.0409366411380082,-0.0120097448137434,NaN,NaN,NaN,NaN,NaN,NaN,NaN,NaN,NaN
NaN,NaN,-0.00669389783191339,-0.00261599917333418,0.00148100866257058,0.00857076025567949,0.0253642202636305,0.0395656225494652,-0.012912736555639,NaN,NaN,NaN,NaN,NaN,NaN,NaN,NaN,NaN
NaN,NaN,-0.0062322412316765,-0.000852204602172909,0.00350229529916154,0.00771710998378694,0.023266565175921,0.0395281275026112,-0.0101690229979188,NaN,NaN,NaN,NaN,NaN,NaN,NaN,NaN,NaN
NaN,NaN,-0.00676831050562517,-0.00136562411110693,0.000372790678132636,0.007203504210338,0.0231415816864076,0.0411216763071328,-0.00993785010844779,NaN,NaN,NaN,NaN,NaN,NaN,NaN,NaN,NaN
NaN,NaN,-0.00729873596477167,-0.00242833767454916,0.0019663394826542,0.00910036615096033,0.0223410913070741,0.0396372226290017,-0.00944410013228965,NaN,NaN,NaN,NaN,NaN,NaN,NaN,NaN,NaN
NaN,NaN,-0.00721422775435106,-0.000885322432926235,0.00197243033229218,0.0060196069534868,0.0215105937143865,0.0401024555079251,-0.00655998038322044,NaN,NaN,NaN,NaN,NaN,NaN,NaN,NaN,NaN
NaN,NaN,-0.00751150592016832,-0.00326736618202024,-0.000337603555332559,0.00656323856674135,0.0217789077481333,0.0396972370557099,-0.0077359800246389,NaN,NaN,NaN,NaN,NaN,NaN,NaN,NaN,NaN
NaN,NaN,-0.00741908146786348,-0.00181258444111639,0.00257624401031838,0.00662664300762117,0.0200254508575502,0.0388210301510602,-0.00498427571922851,NaN,NaN,NaN,NaN,NaN,NaN,NaN,NaN,NaN
NaN,NaN,-0.00747320993590013,-0.00253875527899557,-0.000666062400947946,0.00487652025185525,0.0193647892495695,0.0407632847539692,-0.00454416992336822,NaN,NaN,NaN,NaN,NaN,NaN,NaN,NaN,NaN
NaN,NaN,-0.00814318476962702,-0.00336275224011236,0.000840929283488852,0.00682264915667474,0.0191374720355573,0.0388023478202134,-0.00400200979978157,NaN,NaN,NaN,NaN,NaN,NaN,NaN,NaN,NaN
NaN,NaN,-0.0077997875099148,-0.00166439239304357,0.000598003103126151,0.00383090577088296,0.0175817349275652,0.0397824158183842,-0.00137901427418304,NaN,NaN,NaN,NaN,NaN,NaN,NaN,NaN,NaN
NaN,NaN,-0.0085874256377186,-0.0038049255720883,-0.00170683400453224,0.00463497242890298,0.0182513372322622,0.039029795419386,-0.00248469906121803,NaN,NaN,NaN,NaN,NaN,NaN,NaN,NaN,NaN
NaN,NaN,-0.00790189771699564,-0.0024187823049336,0.000743624700893027,0.00530353165231645,0.0162698180696073,0.0387612578682213,0.000289990285333868,NaN,NaN,NaN,NaN,NaN,NaN,NaN,NaN,NaN
NaN,NaN,-0.00806243910240786,-0.00236700076978498,-0.00204425217331542,0.00323079875670373,0.016178473951489,0.0405210850052147,0.00138373551696229,NaN,NaN,NaN,NaN,NaN,NaN,NaN,NaN,NaN
NaN,NaN,-0.00848533405708925,-0.0041723323277741,-0.00117642717183723,0.00565793714486062,0.016186948986918,0.0380299088768273,0.001280284205374,NaN,NaN,NaN,NaN,NaN,NaN,NaN,NaN,NaN
NaN,NaN,-0.00869717268991129,-0.00268068883936697,-0.00140324147165908,0.00370599678717554,0.0147236177047792,0.0386025232486039,0.00368130830853867,NaN,NaN,NaN,NaN,NaN,NaN,NaN,NaN,NaN
NaN,NaN,-0.00929049967574732,-0.00497155610840612,-0.00338984565557136,0.00397527939639985,0.0156529286226335,0.0389520672373086,0.00296318409770417,NaN,NaN,NaN,NaN,NaN,NaN,NaN,NaN,NaN
NaN,NaN,-0.00937824888872759,-0.00400430310886198,-0.00127715902150764,0.00509504578076303,0.0141579696258608,0.0384331529251843,0.0055747802349894,NaN,NaN,NaN,NaN,NaN,NaN,NaN,NaN,NaN
NaN,NaN,-0.00988496287512438,-0.00424229327957922,-0.00303387554110183,0.00268429866991937,0.0136832558831278,0.0397182104400902,0.00651653362244057,NaN,NaN,NaN,NaN,NaN,NaN,NaN,NaN,NaN
NaN,NaN,-0.0103042442982163,-0.00583356965701872,-0.00351317139090194,0.0046051514800638,0.0140024387559,0.0379519758037835,0.00666770590275216,NaN,NaN,NaN,NaN,NaN,NaN,NaN,NaN,NaN
NaN,NaN,-0.0106322188560929,-0.00450060490887457,-0.00274363817394866,0.00319671235047281,0.0117112175842825,0.0378066894821435,0.00889129442900109,NaN,NaN,NaN,NaN,NaN,NaN,NaN,NaN,NaN
NaN,NaN,-0.0111171026413407,-0.00613623086731726,-0.00567665235818519,0.00260064727626741,0.0127544106265608,0.0386709754578381,0.00798986730903077,NaN,NaN,NaN,NaN,NaN,NaN,NaN,NaN,NaN
NaN,NaN,-0.0116346385960545,-0.00536792699616247,-0.00255159945906295,0.00448555103503168,0.0115128645023409,0.0374025327376633,0.0101443889531462,NaN,NaN,NaN,NaN,NaN,NaN,NaN,NaN,NaN
NaN,NaN,-0.0112794321660961,-0.00507327516000563,-0.00482397066177024,0.000846482580527663,0.0106325970312658,0.0386719626597672,0.0115392307731478,NaN,NaN,NaN,NaN,NaN,NaN,NaN,NaN,NaN
NaN,NaN,-0.012448297876593,-0.00765115742008978,-0.00549057410777702,0.0036760454531759,0.0117710643729273,0.0362610851637631,0.0110083210262625,NaN,NaN,NaN,NaN,NaN,NaN,NaN,NaN,NaN
NaN,NaN,-0.0125231575851406,-0.00600482125203901,-0.00438148068011894,0.00128755695186555,0.00852007803526552,0.0360682082585602,0.0127318079563944,NaN,NaN,NaN,NaN,NaN,NaN,NaN,NaN,NaN
NaN,NaN,-0.0127299670760597,-0.00779003624241644,-0.00739561306060447,0.000873770331963897,0.00964496669378908,0.0368588079921513,0.0118807095083563,NaN,NaN,NaN,NaN,NaN,NaN,NaN,NaN,NaN
NaN,NaN,-0.0129570421462025,-0.00733845655243689,-0.0040400578242649,0.00174489221535623,0.00767868396845491,0.0349881162158757,0.0136105666848986,NaN,NaN,NaN,NaN,NaN,NaN,NaN,NaN,NaN
NaN,NaN,-0.0126754660789932,-0.00671106178682142,-0.00708801584066047,-0.00121969380415976,0.00721719500628145,0.035728592168501,0.0145501780304282,NaN,NaN,NaN,NaN,NaN,NaN,NaN,NaN,NaN
NaN,NaN,-0.0134852696840729,-0.00895847354452902,-0.00735971988857879,0.00128627172671258,0.0076990613063875,0.033919181417635,0.0134372848066657,NaN,NaN,NaN,NaN,NaN,NaN,NaN,NaN,NaN
NaN,NaN,-0.0136348214631047,-0.00749484423916632,-0.00638041557491912,-0.000613738084211945,0.00453848776426943,0.0344591063670426,0.015859561690983,NaN,NaN,NaN,NaN,NaN,NaN,NaN,NaN,NaN
NaN,NaN,-0.0133531708900894,-0.00921561170738035,-0.00891977833331718,-0.00151712098158896,0.00594737392869623,0.0343093683234959,0.0150243702325194,NaN,NaN,NaN,NaN,NaN,NaN,NaN,NaN,NaN
NaN,NaN,-0.0136733782176937,-0.00903368715565496,-0.00621700571597709,-0.00031852745451033,0.00428596896138819,0.0326716375760346,0.0163968789371817,NaN,NaN,NaN,NaN,NaN,NaN,NaN,NaN,NaN
NaN,NaN,-0.0128614325706925,-0.00821142245452696,-0.0085394634467472,-0.00328482710756361,0.00378301751819284,0.0325149704925328,0.0169385733994811,NaN,NaN,NaN,NaN,NaN,NaN,NaN,NaN,NaN
NaN,NaN,-0.013801081169125,-0.0102001500539094,-0.00913556577385558,-0.00102731981314719,0.00480136287418039,0.0319405121020585,0.0154768067392676,NaN,NaN,NaN,NaN,NaN,NaN,NaN,NaN,NaN
NaN,NaN,-0.0137773510699238,-0.00906028572838598,-0.00776193948210372,-0.00251046963967383,0.001383613916308,0.031403884034565,0.0178791533204882,NaN,NaN,NaN,NaN,NaN,NaN,NaN,NaN,NaN
NaN,NaN,-0.0137089361135925,-0.00992693726342016,-0.010257269309174,-0.00368678593076765,0.00350004446712168,0.03250120554488,0.0176533821019499,NaN,NaN,NaN,NaN,NaN,NaN,NaN,NaN,NaN
NaN,NaN,-0.0140163098161186,-0.0107319538704663,-0.00837588594974174,-0.00198458903469145,0.00227619347181947,0.0302422081343442,0.0182880039307444,NaN,NaN,NaN,NaN,NaN,NaN,NaN,NaN,NaN
NaN,NaN,-0.0140023958568539,-0.0096119825951367,-0.010326205806147,-0.00440638163127005,0.0020026826581064,0.0307377089969426,0.0192915226313441,NaN,NaN,NaN,NaN,NaN,NaN,NaN,NaN,NaN
NaN,NaN,-0.0140593927984204,-0.0117978525571137,-0.0116612380904068,-0.00314723351038992,0.00230877113547952,0.0302782503179818,0.0176828864011137,NaN,NaN,NaN,NaN,NaN,NaN,NaN,NaN,NaN
NaN,NaN,-0.0142171960954632,-0.0105099638215809,-0.0095429076415409,-0.00413048663176596,8.34317227903138e-05,0.0287512910775452,0.0198741580340235,NaN,NaN,NaN,NaN,NaN,NaN,NaN,NaN,NaN
NaN,NaN,-0.0142926332240071,-0.01116012011092,-0.0122405021053661,-0.00612822943367064,0.00106845435705812,0.0301502307168751,0.019229850450453,NaN,NaN,NaN,NaN,NaN,NaN,NaN,NaN,NaN
NaN,NaN,-0.0154102016870941,-0.0130199154130726,-0.0104892803889622,-0.00385349267162383,0.000345114739805771,0.0270591152123719,0.0185771423372595,NaN,NaN,NaN,NaN,NaN,NaN,NaN,NaN,NaN
NaN,NaN,-0.014932153809544,-0.0115846355668812,-0.0121736331445087,-0.00660719000734389,-0.000852435705989288,0.0281827186457425,0.0204187954756587,NaN,NaN,NaN,NaN,NaN,NaN,NaN,NaN,NaN
NaN,NaN,-0.0158289801959957,-0.0146621537617951,-0.0135524375897755,-0.00517481588758528,0.000220000865131928,0.0267269497029095,0.0175601753386824,NaN,NaN,NaN,NaN,NaN,NaN,NaN,NaN,NaN
NaN,NaN,-0.015987062889811,-0.0123090182654172,-0.0114413900834431,-0.00594801851548254,-0.00290430697593062,0.0257722136787682,0.0203177656027644,NaN,NaN,NaN,NaN,NaN,NaN,NaN,NaN,NaN
NaN,NaN,-0.0155726615970101,-0.0135933866016179,-0.0138184978228916,-0.00845158123411238,-0.00134812283310263,0.0264826451651364,0.0183961118552058,NaN,NaN,NaN,NaN,NaN,NaN,NaN,NaN,NaN
NaN,NaN,-0.0165851396207775,-0.0148389001600056,-0.0127407340866436,-0.00596644007600844,-0.00251672777327864,0.0235253048352509,0.0184860217365591,NaN,NaN,NaN,NaN,NaN,NaN,NaN,NaN,NaN
NaN,NaN,-0.0156361591701473,-0.0138650906495362,-0.0138676157754768,-0.00944872968830168,-0.0035110636332926,0.0243242492191105,0.0193950111958353,NaN,NaN,NaN,NaN,NaN,NaN,NaN,NaN,NaN
NaN,NaN,-0.0165760312859978,-0.0160244737974911,-0.0156710474354137,-0.00859317951835692,-0.00349802511724799,0.0225498934499531,0.0175434115323393,NaN,NaN,NaN,NaN,NaN,NaN,NaN,NaN,NaN
NaN,NaN,-0.0167138297741379,-0.0146157552711278,-0.0139970137339939,-0.00939173274673522,-0.00608807045015662,0.0205119547657281,0.019450462141928,NaN,NaN,NaN,NaN,NaN,NaN,NaN,NaN,NaN
NaN,NaN,-0.0160978157703842,-0.0154172514788418,-0.0163872158688415,-0.0122628884855658,-0.00490922096165984,0.021265320222786,0.0181251901182501,NaN,NaN,NaN,NaN,NaN,NaN,NaN,NaN,NaN
NaN,NaN,-0.0171492230777706,-0.016118034463337,-0.0155316656988968,-0.00963670783676207,-0.00590892123970358,0.0185279396585732,0.0180606308373778,NaN,NaN,NaN,NaN,NaN,NaN,NaN,NaN,NaN
NaN,NaN,-0.0160942394916977,-0.0154060383550435,-0.0153357899350037,-0.0128108041826636,-0.00705919775161116,0.0186133605651169,0.0189059737119048,NaN,NaN,NaN,NaN,NaN,NaN,NaN,NaN,NaN
NaN,NaN,-0.0171560962383713,-0.0166347322277337,-0.0177795431178917,-0.0119995477143675,-0.00637968617472022,0.0178556551448613,0.017518805989918,NaN,NaN,NaN,NaN,NaN,NaN,NaN,NaN,NaN
NaN,NaN,-0.0170143489425148,-0.0157872845641881,-0.0155671490889896,-0.01155398436822,-0.0078201069215235,0.0156797875873356,0.0186152334305613,NaN,NaN,NaN,NaN,NaN,NaN,NaN,NaN,NaN
NaN,NaN,-0.0162169133012261,-0.0157426928393155,-0.0177188581389297,-0.0152514653746039,-0.00776106107029288,0.0165851635150223,0.0182290884646742,NaN,NaN,NaN,NaN,NaN,NaN,NaN,NaN,NaN
NaN,NaN,-0.0175956991200413,-0.017096519213131,-0.0175819350940098,-0.0123815762344748,-0.00782588112148612,0.0132853945009022,0.0174215014073222,NaN,NaN,NaN,NaN,NaN,NaN,NaN,NaN,NaN
NaN,NaN,-0.0163681973402466,-0.0155098994485646,-0.0170853725236763,-0.0147888029459864,-0.0100357605794367,0.0136172619871407,0.0189843538197844,NaN,NaN,NaN,NaN,NaN,NaN,NaN,NaN,NaN
NaN,NaN,-0.0167955440168347,-0.0166490932218342,-0.0189902438384403,-0.0145769270602614,-0.00863132613691657,0.0129703839532643,0.0180252405795424,NaN,NaN,NaN,NaN,NaN,NaN,NaN,NaN,NaN
NaN,NaN,-0.0172469374422993,-0.0158832852951794,-0.0163658885818829,-0.0134740548674017,-0.0101432538309988,0.0100192648581772,0.018205470124182,NaN,NaN,NaN,NaN,NaN,NaN,NaN,NaN,NaN
NaN,NaN,-0.0160035286729302,-0.0155184303633481,-0.0187146468621601,-0.0168047065380961,-0.00975735100898116,0.011399168264082,0.0188276122304766,NaN,NaN,NaN,NaN,NaN,NaN,NaN,NaN,NaN
NaN,NaN,-0.0171463546042408,-0.0169856732003003,-0.0189565485876907,-0.0137582572642714,-0.00932277726921408,0.00899361793320471,0.0178681450876563,NaN,NaN,NaN,NaN,NaN,NaN,NaN,NaN,NaN
NaN,NaN,-0.0164139439051117,-0.015495575707367,-0.0181159740847458,-0.0161981920246035,-0.0121724380830225,0.00848541383068853,0.0198447654935687,NaN,NaN,NaN,NaN,NaN,NaN,NaN,NaN,NaN
NaN,NaN,-0.0172057171051468,-0.01648627940934,-0.0202206513446678,-0.0158277119044214,-0.0102186164537367,0.00846416104953581,0.0178039397093623,NaN,NaN,NaN,NaN,NaN,NaN,NaN,NaN,NaN
NaN,NaN,-0.0176222976927723,-0.0164581720940381,-0.0175761795204987,-0.015019845450297,-0.0123880206325945,0.00526460234444433,0.0183212148937552,NaN,NaN,NaN,NaN,NaN,NaN,NaN,NaN,NaN
NaN,NaN,-0.0163757969324555,-0.0158670430294781,-0.0201271651846279,-0.0188796187285334,-0.0118990576544699,0.00647880483787351,0.0188832494410841,NaN,NaN,NaN,NaN,NaN,NaN,NaN,NaN,NaN
NaN,NaN,-0.0176273640875782,-0.0178760920874386,-0.0203718236249794,-0.0158580543939024,-0.0118839702287611,0.00392308805506521,0.0181228618118136,NaN,NaN,NaN,NaN,NaN,NaN,NaN,NaN,NaN
NaN,NaN,-0.017256045777079,-0.0159128082207947,-0.01920055510224,-0.0171293469611555,-0.0137012599686083,0.00353504319112593,0.0201458248290389,NaN,NaN,NaN,NaN,NaN,NaN,NaN,NaN,NaN
NaN,NaN,-0.0171599891667332,-0.0173811313919335,-0.0218607849043716,-0.0177380780223757,-0.0124501957276758,0.00345770616452986,0.0182809072527258,NaN,NaN,NaN,NaN,NaN,NaN,NaN,NaN,NaN
NaN,NaN,-0.0177981500213112,-0.0172490512244015,-0.0193673549753536,-0.0169211032334715,-0.0139637439230379,0.000589269887617171,0.0182748350295393,NaN,NaN,NaN,NaN,NaN,NaN,NaN,NaN,NaN
NaN,NaN,-0.0166218151037659,-0.0162821335009842,-0.0214671521049847,-0.0205850007478148,-0.0150653122642931,0.00137718741219336,0.0190987574848502,NaN,NaN,NaN,NaN,NaN,NaN,NaN,NaN,NaN
NaN,NaN,-0.0183421914164986,-0.0181514469198495,-0.0222320100826134,-0.0178551452700049,-0.0145981794873175,-0.00130775969106859,0.0179010952803462,NaN,NaN,NaN,NaN,NaN,NaN,NaN,NaN,NaN
NaN,NaN,-0.0178810191040005,-0.0165348199419289,-0.0205873875480999,-0.0190048071090132,-0.0166797226944861,-0.00166203479845232,0.0198243695291846,NaN,NaN,NaN,NaN,NaN,NaN,NaN,NaN,NaN
NaN,NaN,-0.0175103527193035,-0.0173115615956097,-0.0233788779538979,-0.0204844179097563,-0.0151875017860827,-0.0018165970929355,0.0187451343032687,NaN,NaN,NaN,NaN,NaN,NaN,NaN,NaN,NaN
NaN,NaN,-0.0183540937190022,-0.0177438815347462,-0.0207296377581467,-0.0192772934678942,-0.0171649790087637,-0.00474784176428026,0.0185516240987151,NaN,NaN,NaN,NaN,NaN,NaN,NaN,NaN,NaN
NaN,NaN,-0.0168721546118225,-0.0161690895668774,-0.0227635158759464,-0.0224245304707438,-0.0177316515425143,-0.00398145641762918,0.0201390448006957,NaN,NaN,NaN,NaN,NaN,NaN,NaN,NaN,NaN
NaN,NaN,-0.0186093878631558,-0.0179356408528596,-0.0236436715883125,-0.0194399582687765,-0.0173413715043959,-0.00531905915219492,0.0185078146848052,NaN,NaN,NaN,NaN,NaN,NaN,NaN,NaN,NaN
NaN,NaN,-0.017104743111607,-0.0159515698663502,-0.0211389540296902,-0.0210911000613123,-0.0188784821608958,-0.00704958688099092,0.0207881393822997,NaN,NaN,NaN,NaN,NaN,NaN,NaN,NaN,NaN
NaN,NaN,-0.0167322885875668,-0.0167679672352582,-0.0234893886906017,-0.0225699658039957,-0.0181872545460161,-0.00621618356187052,0.0195404651555388,NaN,NaN,NaN,NaN,NaN,NaN,NaN,NaN,NaN
NaN,NaN,-0.0176812876646485,-0.0173654665462285,-0.0214390075367798,-0.0208319874946028,-0.0194938069859442,-0.00948851581294245,0.0199283051285117,NaN,NaN,NaN,NaN,NaN,NaN,NaN,NaN,NaN
NaN,NaN,-0.0168414954726662,-0.0152698417417317,-0.0229804022771229,-0.0239699112717062,-0.0204371995011267,-0.00800359647352404,0.0211286495420306,NaN,NaN,NaN,NaN,NaN,NaN,NaN,NaN,NaN
NaN,NaN,-0.018622072476622,-0.0177706104926377,-0.0236550896030773,-0.0211527722422034,-0.0195101237574515,-0.00940892498571581,0.0204136732014983,NaN,NaN,NaN,NaN,NaN,NaN,NaN,NaN,NaN
NaN,NaN,-0.0168461520855393,-0.0157222037426739,-0.021781119571339,-0.0218343699816614,-0.0212462021687922,-0.010752599943468,0.0217657114359705,NaN,NaN,NaN,NaN,NaN,NaN,NaN,NaN,NaN
NaN,NaN,-0.0166291539256539,-0.0162878331951409,-0.0235960251253952,-0.0232351908925921,-0.0198375767746863,-0.00932696859914965,0.0209224174711077,NaN,NaN,NaN,NaN,NaN,NaN,NaN,NaN,NaN
NaN,NaN,-0.0169537570958103,-0.017176538448742,-0.0223557828527798,-0.0213458912912756,-0.021639071283668,-0.012161076325962,0.0203504550251334,NaN,NaN,NaN,NaN,NaN,NaN,NaN,NaN,NaN
NaN,NaN,-0.0161778908853497,-0.014961573969534,-0.022676213697802,-0.0237187335733324,-0.0221155545392927,-0.0106260890849323,0.0221346828135817,NaN,NaN,NaN,NaN,NaN,NaN,NaN,NaN,NaN
NaN,NaN,-0.0168626178686585,-0.0178411302379876,-0.0237527108353485,-0.021560430759564,-0.0212753711918291,-0.0120791385658473,0.0209818544778197,NaN,NaN,NaN,NaN,NaN,NaN,NaN,NaN,NaN
NaN,NaN,-0.0166038405780758,-0.0158011053911954,-0.0214613033992161,-0.0223649817053229,-0.0227643138447699,-0.013623923320362,0.0218203055652945,NaN,NaN,NaN,NaN,NaN,NaN,NaN,NaN,NaN
NaN,NaN,-0.0155404378359284,-0.0159426664225369,-0.0233465238076557,-0.0239954667631537,-0.0227557643035349,-0.0125461037047595,0.0206214698943465,NaN,NaN,NaN,NaN,NaN,NaN,NaN,NaN,NaN
NaN,NaN,-0.0172002781813111,-0.0171936189047604,-0.0224688640397896,-0.0214030931238085,-0.0233613102415499,-0.015453804541418,0.019405479261574,NaN,NaN,NaN,NaN,NaN,NaN,NaN,NaN,NaN
NaN,NaN,-0.015917865622517,-0.0144689602069169,-0.0219050227266659,-0.0239724258426577,-0.0238289459327158,-0.0140211323984355,0.0213875758442252,NaN,NaN,NaN,NaN,NaN,NaN,NaN,NaN,NaN
NaN,NaN,-0.0167103838806118,-0.0177467127553731,-0.0237577399772514,-0.0225856679026037,-0.0228468662777838,-0.0151409732886047,0.0188501129838793,NaN,NaN,NaN,NaN,NaN,NaN,NaN,NaN,NaN
NaN,NaN,-0.0165543314700093,-0.0155538206211835,-0.0206516674321999,-0.0224419089499861,-0.0240776276865896,-0.0168959202953071,0.0199281933698027,NaN,NaN,NaN,NaN,NaN,NaN,NaN,NaN,NaN
NaN,NaN,-0.0152655114119019,-0.0158624050430565,-0.023724957422625,-0.0250346364919096,-0.0243340021649298,-0.0154457020350189,0.0191909397932856,NaN,NaN,NaN,NaN,NaN,NaN,NaN,NaN,NaN
NaN,NaN,-0.0174340774004425,-0.0171669644526749,-0.0221936768454422,-0.021440569544211,-0.0247438586035666,-0.0187661650367469,0.0176180290970175,NaN,NaN,NaN,NaN,NaN,NaN,NaN,NaN,NaN
NaN,NaN,-0.0151216220741238,-0.0155888942293435,-0.0217027208370079,-0.0243284145835787,-0.026282049594253,-0.017496884126255,0.0192579577657549,NaN,NaN,NaN,NaN,NaN,NaN,NaN,NaN,NaN
NaN,NaN,-0.0160348211114372,-0.0175667439810544,-0.0238014562589039,-0.0238025712314993,-0.0248054003992972,-0.0187073054500312,0.0169360215756266,NaN,NaN,NaN,NaN,NaN,NaN,NaN,NaN,NaN
NaN,NaN,-0.0148298573379482,-0.0165682544223576,-0.0214189654749741,-0.0234899448696524,-0.0267745888510641,-0.020824611444065,0.0176076355370848,NaN,NaN,NaN,NaN,NaN,NaN,NaN,NaN,NaN
NaN,NaN,-0.0148870219175781,-0.0155077387801915,-0.0234949952525009,-0.0257539714220911,-0.0268483123460707,-0.0194903428443164,0.0169900382849543,NaN,NaN,NaN,NaN,NaN,NaN,NaN,NaN,NaN
NaN,NaN,-0.0162571836893524,-0.0171721612326413,-0.022697894887339,-0.0222982431296259,-0.0263636893311438,-0.021908540535757,0.0155709448251097,NaN,NaN,NaN,NaN,NaN,NaN,NaN,NaN,NaN
NaN,NaN,-0.014283021975037,-0.0146280114762097,-0.021469852940451,-0.0252695160452276,-0.027039009956449,-0.0208556244857997,0.0175974468681185,NaN,NaN,NaN,NaN,NaN,NaN,NaN,NaN,NaN
NaN,NaN,-0.0143569689874615,-0.0168334764651566,-0.0237033134859909,-0.0244045408908278,-0.0255539788583216,-0.0217627885528297,0.0148794005605547,NaN,NaN,NaN,NaN,NaN,NaN,NaN,NaN,NaN
NaN,NaN,-0.0141151603941883,-0.0156829578093796,-0.0214906959396709,-0.0233398156706244,-0.0274431853273806,-0.0232676754482479,0.0148874099346964,NaN,NaN,NaN,NaN,NaN,NaN,NaN,NaN,NaN
NaN,NaN,-0.0135134701316322,-0.0145747770778447,-0.0228428459328522,-0.0255284982267767,-0.0274932159760889,-0.0223315286226959,0.0144830482992499,NaN,NaN,NaN,NaN,NaN,NaN,NaN,NaN,NaN
NaN,NaN,-0.0139312800650562,-0.0163951401821881,-0.0225709742468704,-0.022609174484387,-0.0267829521277842,-0.0241089577563495,0.0131012263688414,NaN,NaN,NaN,NaN,NaN,NaN,NaN,NaN,NaN
NaN,NaN,-0.0127359089140858,-0.0143884753100186,-0.0200316487413753,-0.0249631481710821,-0.0276836714425978,-0.0238404574580879,0.0144459071549742,NaN,NaN,NaN,NaN,NaN,NaN,NaN,NaN,NaN
NaN,NaN,-0.012408344138142,-0.0157488209418564,-0.0232322691542019,-0.0237291643861681,-0.0267473010996279,-0.0237452576645107,0.0125504421982138,NaN,NaN,NaN,NaN,NaN,NaN,NaN,NaN,NaN
NaN,NaN,-0.0126124527935948,-0.0145178732685357,-0.0206620237392296,-0.0225517677608877,-0.0267396456280646,-0.0254540855773181,0.0125348891112177,NaN,NaN,NaN,NaN,NaN,NaN,NaN,NaN,NaN
NaN,NaN,-0.0111861881499256,-0.0130880509726315,-0.0214540390831341,-0.0245800393167883,-0.0277493110576567,-0.0238212535865993,0.0120969812366335,NaN,NaN,NaN,NaN,NaN,NaN,NaN,NaN,NaN
NaN,NaN,-0.0120598804836239,-0.0150181611291676,-0.0214858344358314,-0.0220656732562929,-0.0258010959902701,-0.0258899259157867,0.0101760911735861,NaN,NaN,NaN,NaN,NaN,NaN,NaN,NaN,NaN
NaN,NaN,-0.0110958871130909,-0.0125501749328881,-0.0191162517827858,-0.0235243292991072,-0.0273512451628145,-0.0251170958169193,0.0111637773904173,NaN,NaN,NaN,NaN,NaN,NaN,NaN,NaN,NaN
NaN,NaN,-0.0110053066794838,-0.0141741593591481,-0.0227734251481403,-0.0226281362120062,-0.0257686487117705,-0.0254111329801769,0.00976899144977021,NaN,NaN,NaN,NaN,NaN,NaN,NaN,NaN,NaN
NaN,NaN,-0.0113910604898895,-0.0135146339647084,-0.0194023354512562,-0.0217629561666399,-0.0269825531819758,-0.0267871620841712,0.00887639326780724,NaN,NaN,NaN,NaN,NaN,NaN,NaN,NaN,NaN
NaN,NaN,-0.0094230268781151,-0.0126290393285065,-0.0204821667236198,-0.0236660393420607,-0.027539148805469,-0.0264115224369258,0.00894702477186608,NaN,NaN,NaN,NaN,NaN,NaN,NaN,NaN,NaN
NaN,NaN,-0.0098938663189377,-0.0142721531204491,-0.0207347041529526,-0.0221027585212141,-0.0257013327160773,-0.0272637384720535,0.00643470762103486,NaN,NaN,NaN,NaN,NaN,NaN,NaN,NaN,NaN
NaN,NaN,-0.00915866165208475,-0.0123871003500729,-0.0189517429632057,-0.0228920916561037,-0.0276887937167582,-0.0279972667582721,0.00805070129960465,NaN,NaN,NaN,NaN,NaN,NaN,NaN,NaN,NaN
NaN,NaN,-0.00885639159726755,-0.0127008070461064,-0.0214031329912056,-0.0229434634093195,-0.0268639399388727,-0.0269252027161807,0.00594553975194382,NaN,NaN,NaN,NaN,NaN,NaN,NaN,NaN,NaN
NaN,NaN,-0.0093595665578808,-0.0128142421356946,-0.0190942166906704,-0.0211070256773382,-0.0274454391280112,-0.0296176190264911,0.00538000343173432,NaN,NaN,NaN,NaN,NaN,NaN,NaN,NaN,NaN
NaN,NaN,-0.00786110578822748,-0.0114041452519208,-0.019230674074303,-0.0235606695059687,-0.0281543804982599,-0.028812602419445,0.00501105068057465,NaN,NaN,NaN,NaN,NaN,NaN,NaN,NaN,NaN
NaN,NaN,-0.00832104875492708,-0.0128936839513093,-0.0203705197733749,-0.022755783284083,-0.02672161522302,-0.0305138121135921,0.00294366357654023,NaN,NaN,NaN,NaN,NaN,NaN,NaN,NaN,NaN
NaN,NaN,-0.00821990712332384,-0.0110738610140591,-0.0182333766085018,-0.0224754365626723,-0.0284069551804957,-0.0304954650588722,0.00423576189011025,NaN,NaN,NaN,NaN,NaN,NaN,NaN,NaN,NaN
NaN,NaN,-0.00721322192597048,-0.0112786029688626,-0.0206212131840099,-0.022936143213883,-0.0272173396030363,-0.0303641485758514,0.00272223232119965,NaN,NaN,NaN,NaN,NaN,NaN,NaN,NaN,NaN
NaN,NaN,-0.00708894624161379,-0.0115471777729302,-0.0184624633354057,-0.020562686258927,-0.0277410967925486,-0.0313779490776748,0.00217768801182198,NaN,NaN,NaN,NaN,NaN,NaN,NaN,NaN,NaN
NaN,NaN,-0.00581234513568537,-0.00917388845603758,-0.0174919320803989,-0.0233983772341162,-0.0282107813933787,-0.0315559434481353,0.00246678916543412,NaN,NaN,NaN,NaN,NaN,NaN,NaN,NaN,NaN
NaN,NaN,-0.00621707930016176,-0.0104038489274293,-0.0194298653465618,-0.021640375489369,-0.0268800518194136,-0.0316155667193622,0.00120020909040856,NaN,NaN,NaN,NaN,NaN,NaN,NaN,NaN,NaN
NaN,NaN,-0.00566536380695955,-0.00812022734802061,-0.0164583875399937,-0.0214561040047556,-0.0280533133724627,-0.0324726815112323,0.0024830500575869,NaN,NaN,NaN,NaN,NaN,NaN,NaN,NaN,NaN
NaN,NaN,-0.00436762167858736,-0.00840955201905065,-0.0190162649911751,-0.022494305158034,-0.027362309275001,-0.0313562306352348,0.00165363279908585,NaN,NaN,NaN,NaN,NaN,NaN,NaN,NaN,NaN
NaN,NaN,-0.0042640958611931,-0.00822118271510893,-0.0166098392170776,-0.0199723581317812,-0.027746070055097,-0.033049877990076,0.000811195650991673,NaN,NaN,NaN,NaN,NaN,NaN,NaN,NaN,NaN
NaN,NaN,-0.00321594818281786,-0.00611279879133993,-0.016104000673901,-0.0221137853804976,-0.0285886375883517,-0.033126265067646,0.00102212158769059,NaN,NaN,NaN,NaN,NaN,NaN,NaN,NaN,NaN
NaN,NaN,-0.00362861721562998,-0.00754226718466574,-0.0176503314238895,-0.0206874089781195,-0.0267321019152102,-0.0325622188635558,-0.000201505890193706,NaN,NaN,NaN,NaN,NaN,NaN,NaN,NaN,NaN
NaN,NaN,-0.00250864594030039,-0.0056502667478829,-0.0153680323225368,-0.0192156771663576,-0.0278763807097372,-0.032732595015356,0.000977362224754566,NaN,NaN,NaN,NaN,NaN,NaN,NaN,NaN,NaN
NaN,NaN,-0.00142453058409349,-0.00550540883462721,-0.0165328374666084,-0.0209530221763998,-0.0269754006246027,-0.0313202629574031,0.000769807675775761,NaN,NaN,NaN,NaN,NaN,NaN,NaN,NaN,NaN
NaN,NaN,-0.00110620452808992,-0.00536233906071478,-0.0150188794893135,-0.0176438840571791,-0.0260091720798907,-0.0331606494971008,-0.000522048493924862,NaN,NaN,NaN,NaN,NaN,NaN,NaN,NaN,NaN
NaN,NaN,-0.000371186125751896,-0.00348661814253622,-0.0137220128041614,-0.0197763519827276,-0.0266844181993899,-0.0323102774806709,0.000481935867962116,NaN,NaN,NaN,NaN,NaN,NaN,NaN,NaN,NaN
NaN,NaN,-0.000847762513634128,-0.00420233954112821,-0.0157588711542,-0.0186257960740477,-0.0253437048474249,-0.0318890775330753,-0.00138603644639564,NaN,NaN,NaN,NaN,NaN,NaN,NaN,NaN,NaN
NaN,NaN,0.000249093335393505,-0.0028780174664765,-0.0123153059345592,-0.0178949127439409,-0.026210691658586,-0.0325895811207981,-0.000556600561443098,NaN,NaN,NaN,NaN,NaN,NaN,NaN,NaN,NaN
NaN,NaN,0.000905545365336971,-0.0024732833020001,-0.0132300137144436,-0.0189113954547793,-0.025267094252437,-0.0316824729331226,-0.00140997143656326,NaN,NaN,NaN,NaN,NaN,NaN,NaN,NaN,NaN
NaN,NaN,0.000736547570947247,-0.00260966617982679,-0.0130093275171627,-0.0159279222134501,-0.0247936471084055,-0.0338940660246105,-0.00254067154795242,NaN,NaN,NaN,NaN,NaN,NaN,NaN,NaN,NaN
NaN,NaN,0.00119045556736334,-0.00146562952916914,-0.0120846732121815,-0.0176637026015669,-0.0256892068961558,-0.032847650606224,-0.00154452892214371,NaN,NaN,NaN,NaN,NaN,NaN,NaN,NaN,NaN
NaN,NaN,0.00109749094796522,-0.00250280622761541,-0.0132890036863197,-0.0171539897564799,-0.0246672480085787,-0.0319470057972164,-0.00317121418387008,NaN,NaN,NaN,NaN,NaN,NaN,NaN,NaN,NaN
NaN,NaN,0.00181781308007582,-0.000776301812341746,-0.0105544170898308,-0.0159279594663531,-0.0253061166683134,-0.0324240105934829,-0.00329999746948791,NaN,NaN,NaN,NaN,NaN,NaN,NaN,NaN,NaN
NaN,NaN,0.00284943909597738,-0.00022453043978506,-0.0115562221568932,-0.0172809849027544,-0.0247890277484354,-0.0323450716920585,-0.00320528196364952,NaN,NaN,NaN,NaN,NaN,NaN,NaN,NaN,NaN
NaN,NaN,0.0019803847487007,-0.00114780638735586,-0.0110441996318211,-0.0149041379336268,-0.023887749640077,-0.0336403923817367,-0.00496695311934067,NaN,NaN,NaN,NaN,NaN,NaN,NaN,NaN,NaN
NaN,NaN,0.00281157152009352,0.000817340124437276,-0.00991623760880126,-0.0162351282779127,-0.0257169416824278,-0.0331208820231647,-0.00317613156706405,NaN,NaN,NaN,NaN,NaN,NaN,NaN,NaN,NaN
NaN,NaN,0.00210566626143797,-0.000687975179365214,-0.0113064228159298,-0.0160533154848963,-0.0241865365484652,-0.0316515716500968,-0.00472629936606003,NaN,NaN,NaN,NaN,NaN,NaN,NaN,NaN,NaN
NaN,NaN,0.00303877697539671,0.000435274351427022,-0.00877566547812118,-0.0149893166963011,-0.0246537252047953,-0.0334090332277507,-0.0046365012434156,NaN,NaN,NaN,NaN,NaN,NaN,NaN,NaN,NaN
NaN,NaN,0.00377372087192877,0.00167875762660212,-0.00953119160355224,-0.016706787282601,-0.0244456304887232,-0.0335833581872672,-0.00507535906702591,NaN,NaN,NaN,NaN,NaN,NaN,NaN,NaN,NaN
NaN,NaN,0.00318464071703299,0.00144074882943339,-0.00932112248362197,-0.014437228674069,-0.0231675578931269,-0.0339064153619499,-0.00695547582775665,NaN,NaN,NaN,NaN,NaN,NaN,NaN,NaN,NaN
NaN,NaN,0.00369647697759016,0.0027188214250297,-0.00683573918164863,-0.0144577736500651,-0.0251093468347487,-0.0336693937667102,-0.00557078542381836,NaN,NaN,NaN,NaN,NaN,NaN,NaN,NaN,NaN
NaN,NaN,0.00397134752226217,0.00268115874011225,-0.00892560841263427,-0.0149546714965254,-0.0226359403410849,-0.0315289350934715,-0.00677347677022529,NaN,NaN,NaN,NaN,NaN,NaN,NaN,NaN,NaN
NaN,NaN,0.0043517741675411,0.00304809983451075,-0.00649312423289909,-0.0132150540594012,-0.0227957739213404,-0.0338598119803161,-0.00640636803776336,NaN,NaN,NaN,NaN,NaN,NaN,NaN,NaN,NaN
NaN,NaN,0.00504093424630507,0.00494339715320772,-0.0071162721675743,-0.0147342088166624,-0.0228784194866118,-0.0332999194749088,-0.0071740572360189,NaN,NaN,NaN,NaN,NaN,NaN,NaN,NaN,NaN
NaN,NaN,0.00445788906169279,0.00382186125595278,-0.00700145872057571,-0.0123932177666575,-0.0220625064054426,-0.0335646386035175,-0.00832032906085563,NaN,NaN,NaN,NaN,NaN,NaN,NaN,NaN,NaN
NaN,NaN,0.00553872616243704,0.00549654688317484,-0.00445868732155456,-0.0126011448446661,-0.0237790456691679,-0.0329225289412231,-0.00744641320973945,NaN,NaN,NaN,NaN,NaN,NaN,NaN,NaN,NaN
NaN,NaN,0.00619370670271261,0.0052808339484424,-0.0056822030407299,-0.0133468548301607,-0.0211490838507113,-0.0315307232328147,-0.00843136133820129,NaN,NaN,NaN,NaN,NaN,NaN,NaN,NaN,NaN
NaN,NaN,0.00613410205793722,0.00524732496220774,-0.00365702347577705,-0.0107833335641772,-0.0212684980312285,-0.0336781109460086,-0.00879955040484977,NaN,NaN,NaN,NaN,NaN,NaN,NaN,NaN,NaN
NaN,NaN,0.00698166148019178,0.00666204120595163,-0.00325862230480804,-0.0118944200221449,-0.0212873107472357,-0.0325037504323215,-0.00868870439201904,NaN,NaN,NaN,NaN,NaN,NaN,NaN,NaN,NaN
NaN,NaN,0.00685261742425306,0.00566483687240786,-0.00371791334570541,-0.00968234264291823,-0.0204010269323286,-0.0314487854727001,-0.0106685471740396,NaN,NaN,NaN,NaN,NaN,NaN,NaN,NaN,NaN
NaN,NaN,0.00785988004160269,0.00768038656193918,-0.00083004967988624,-0.00941874110139907,-0.0210303402224478,-0.0318508746810645,-0.00937473522693229,NaN,NaN,NaN,NaN,NaN,NaN,NaN,NaN,NaN
NaN,NaN,0.00823248357725485,0.00749726991731829,-0.00283650966108932,-0.0104261713568121,-0.0188724471906122,-0.0306121597774715,-0.0107472439315946,NaN,NaN,NaN,NaN,NaN,NaN,NaN,NaN,NaN
NaN,NaN,0.00816807330799444,0.00736586030204004,-2.09352535118041e-05,-0.00757848494686186,-0.0185721701661047,-0.03259809340913,-0.0114300896433027,NaN,NaN,NaN,NaN,NaN,NaN,NaN,NaN,NaN
NaN,NaN,0.00897208408665998,0.00871249686557955,-0.000153983996521371,-0.00867688679136336,-0.0188263839760718,-0.0308960268982143,-0.0110830602255495,NaN,NaN,NaN,NaN,NaN,NaN,NaN,NaN,NaN
NaN,NaN,0.00904273421717031,0.00799938317019648,-0.000161788479696649,-0.00686969258822501,-0.0176879911402163,-0.0301111454852313,-0.0126997803357275,NaN,NaN,NaN,NaN,NaN,NaN,NaN,NaN,NaN
NaN,NaN,0.00950941995931013,0.0093987698443622,0.00200364826499329,-0.00650589936412871,-0.0185284352580008,-0.0306954386420936,-0.0117564623263509,NaN,NaN,NaN,NaN,NaN,NaN,NaN,NaN,NaN
NaN,NaN,0.0101627054924999,0.00947331290323442,0.000429526849378211,-0.00732220360077918,-0.0167729853371081,-0.0297967309840412,-0.0132244129684599,NaN,NaN,NaN,NaN,NaN,NaN,NaN,NaN,NaN
NaN,NaN,0.00973608524752005,0.00898088540513224,0.00200091017662392,-0.00465506338514388,-0.0173602959791121,-0.0312290678508968,-0.0145485487785966,NaN,NaN,NaN,NaN,NaN,NaN,NaN,NaN,NaN
NaN,NaN,0.0112127716953789,0.0108911397643775,0.00280279753981934,-0.00598698505200446,-0.0170176810303625,-0.0299124385007114,-0.0140769456532629,NaN,NaN,NaN,NaN,NaN,NaN,NaN,NaN,NaN
NaN,NaN,0.0101077760870491,0.00997494186837381,0.00242441980420457,-0.00414117821492255,-0.0158157719949183,-0.0299804064222068,-0.0159058955517442,NaN,NaN,NaN,NaN,NaN,NaN,NaN,NaN,NaN
NaN,NaN,0.0110739860053097,0.0103854688592643,0.00410961075006829,-0.00389288761653006,-0.0164863615015444,-0.0307004677839965,-0.0154254076090486,NaN,NaN,NaN,NaN,NaN,NaN,NaN,NaN,NaN
NaN,NaN,0.0109444390351806,0.0104149545319766,0.00261020003138886,-0.00557979219593108,-0.0154043509343561,-0.0293202663548679,-0.0161805612054498,NaN,NaN,NaN,NaN,NaN,NaN,NaN,NaN,NaN
NaN,NaN,0.0100588257725273,0.00983693848926729,0.00406541018067704,-0.00304257147945464,-0.0154133475104269,-0.0299288484044761,-0.0174993698504598,NaN,NaN,NaN,NaN,NaN,NaN,NaN,NaN,NaN
NaN,NaN,0.0116764213259254,0.0121753963418693,0.00540500594555245,-0.00431127496995032,-0.0149441285708842,-0.0290928001292438,-0.0165482287314565,NaN,NaN,NaN,NaN,NaN,NaN,NaN,NaN,NaN
NaN,NaN,0.0112062338109051,0.0107021557875366,0.00388937158762322,-0.00269626849330962,-0.0137841663042006,-0.028419081378767,-0.018789996674362,NaN,NaN,NaN,NaN,NaN,NaN,NaN,NaN,NaN
NaN,NaN,0.012038333278421,0.0124696197696418,0.00668738125144349,-0.00252496101893485,-0.0146364195922312,-0.0299059751220436,-0.0180635278132589,NaN,NaN,NaN,NaN,NaN,NaN,NaN,NaN,NaN
NaN,NaN,0.0121582503731285,0.0125300626047344,0.00506566925226556,-0.00379677512682974,-0.0138576662817892,-0.0282918254621715,-0.0191305813398988,NaN,NaN,NaN,NaN,NaN,NaN,NaN,NaN,NaN
NaN,NaN,0.0114487315828834,0.0120909812637061,0.00652631832538949,-0.000926383072510363,-0.0135548933127817,-0.0289900379963607,-0.0203822975066335,NaN,NaN,NaN,NaN,NaN,NaN,NaN,NaN,NaN
NaN,NaN,0.0132366101558243,0.0133591073342056,0.00765485776840554,-0.00214645289815962,-0.0133134199956354,-0.0281770306416244,-0.0194658947196634,NaN,NaN,NaN,NaN,NaN,NaN,NaN,NaN,NaN
NaN,NaN,0.0122286956126724,0.0126128571816177,0.006219913198341,-0.000752318883314729,-0.0122038236537871,-0.027422286827156,-0.0212129999902875,NaN,NaN,NaN,NaN,NaN,NaN,NaN,NaN,NaN
NaN,NaN,0.0134786236400638,0.0137936624475212,0.00954572199164734,0.000619128113612533,-0.0124136506298479,-0.0284095818885059,-0.021260311177078,NaN,NaN,NaN,NaN,NaN,NaN,NaN,NaN,NaN
NaN,NaN,0.0131194311494861,0.0147181677408904,0.00769957987843857,-0.000152770662680269,-0.0114978066364226,-0.0251799228378028,-0.0211085987296732,NaN,NaN,NaN,NaN,NaN,NaN,NaN,NaN,NaN
NaN,NaN,0.0132313388700519,0.0141575115509719,0.00949578447519646,0.00258483341895044,-0.0102073660770354,-0.0260000827499122,-0.0219041158464582,NaN,NaN,NaN,NaN,NaN,NaN,NaN,NaN,NaN
NaN,NaN,0.0144241768236194,0.0158073494919032,0.010263548179258,0.00204984447918832,-0.0102603397050795,-0.0250665063746662,-0.0204584983196886,NaN,NaN,NaN,NaN,NaN,NaN,NaN,NaN,NaN
NaN,NaN,0.0141845288987194,0.01514553304393,0.00985121442257271,0.00309884897433221,-0.00905179965290396,-0.024637036282608,-0.0228326630798013,NaN,NaN,NaN,NaN,NaN,NaN,NaN,NaN,NaN
NaN,NaN,0.0145020912702118,0.0164656641669959,0.0113349416690956,0.00428200117312372,-0.0093767380991873,-0.0250592048056812,-0.0226584312525423,NaN,NaN,NaN,NaN,NaN,NaN,NaN,NaN,NaN
NaN,NaN,0.0148204173262153,0.0169881733842582,0.0107001335757862,0.00293748802505434,-0.00850945326480238,-0.0225447828658313,-0.0228040528503091,NaN,NaN,NaN,NaN,NaN,NaN,NaN,NaN,NaN
NaN,NaN,0.014212207805637,0.0167762043662757,0.011176505072702,0.00601521111093462,-0.00765166792067854,-0.0233531522341461,-0.0233381477203996,NaN,NaN,NaN,NaN,NaN,NaN,NaN,NaN,NaN
NaN,NaN,0.0154238025958572,0.0179374332316608,0.0126702719765793,0.00593940145336092,-0.00780988099965422,-0.0225690531321258,-0.022723232677284,NaN,NaN,NaN,NaN,NaN,NaN,NaN,NaN,NaN
NaN,NaN,0.0152048300321136,0.0167787003107757,0.0116379567819725,0.00661405152641237,-0.00666711094769804,-0.0217778946049899,-0.0242678497937353,NaN,NaN,NaN,NaN,NaN,NaN,NaN,NaN,NaN
NaN,NaN,0.0144743378574882,0.0173961858041973,0.0138054983156811,0.00690678483806551,-0.00716577830705016,-0.0219648296721668,-0.0239672561195524,NaN,NaN,NaN,NaN,NaN,NaN,NaN,NaN,NaN
NaN,NaN,0.0155512820298706,0.0178820754178256,0.0123433591264378,0.00568304560147226,-0.00650988507065146,-0.0201034324951858,-0.0235957142916353,NaN,NaN,NaN,NaN,NaN,NaN,NaN,NaN,NaN
NaN,NaN,0.0138992089147602,0.0162715020366401,0.012184047086824,0.0085327064152807,-0.00525934237036078,-0.0207317958362789,-0.0249729541149767,NaN,NaN,NaN,NaN,NaN,NaN,NaN,NaN,NaN
NaN,NaN,0.0155642087872063,0.0178707132824153,0.0129674197572361,0.00760965398512781,-0.00635945784839957,-0.0204384105988235,-0.0241890785303743,NaN,NaN,NaN,NaN,NaN,NaN,NaN,NaN,NaN
NaN,NaN,0.0149129535372291,0.0171936790235729,0.0120942675906311,0.00694077811203897,-0.00544501083883612,-0.019350905228445,-0.0258551587370069,NaN,NaN,NaN,NaN,NaN,NaN,NaN,NaN,NaN
NaN,NaN,0.0143471564466987,0.0177619906850547,0.0137699404197823,0.00880135572515428,-0.00579516950044005,-0.0204562733658046,-0.025656339993778,NaN,NaN,NaN,NaN,NaN,NaN,NaN,NaN,NaN
NaN,NaN,0.0154571998233829,0.0181939008422584,0.0128448949593197,0.00722373253665865,-0.00536858650836317,-0.0183181988783569,-0.0240724769440324,NaN,NaN,NaN,NaN,NaN,NaN,NaN,NaN,NaN
NaN,NaN,0.0134693476672207,0.0165416787155361,0.0127092198866497,0.0103065406437963,-0.0039736701825556,-0.0189205969460697,-0.0258969564941557,NaN,NaN,NaN,NaN,NaN,NaN,NaN,NaN,NaN
NaN,NaN,0.015598779481176,0.0184497910328597,0.0146334068316113,0.00952475122176111,-0.00496726098450987,-0.0188335927911491,-0.0244966571238668,NaN,NaN,NaN,NaN,NaN,NaN,NaN,NaN,NaN
NaN,NaN,0.0149111467714344,0.0180377739258499,0.0133327403503548,0.00912366784177721,-0.00338235485348074,-0.0165965373404712,-0.0263573837485941,NaN,NaN,NaN,NaN,NaN,NaN,NaN,NaN,NaN
NaN,NaN,0.0144327077384029,0.0185465740748138,0.0148151823717247,0.0109829974826425,-0.0036079584339556,-0.0179240817912311,-0.02553878845841,NaN,NaN,NaN,NaN,NaN,NaN,NaN,NaN,NaN
NaN,NaN,0.0152653101201092,0.0189829545803756,0.0142521233695637,0.00931835151277483,-0.00298145773801176,-0.0156563113220424,-0.0244627383556993,NaN,NaN,NaN,NaN,NaN,NaN,NaN,NaN,NaN
NaN,NaN,0.0138279441113506,0.0175961780138702,0.0139794507461678,0.0123401766177267,-0.00149847554954855,-0.0162635895200462,-0.0255312633720071,NaN,NaN,NaN,NaN,NaN,NaN,NaN,NaN,NaN
NaN,NaN,0.0157478283460174,0.0197275469787807,0.0159452678102146,0.0120349449571222,-0.00224211799892752,-0.0155639613755435,-0.024031219353977,NaN,NaN,NaN,NaN,NaN,NaN,NaN,NaN,NaN
NaN,NaN,0.0152914616580044,0.0194455983825416,0.0144851030248295,0.0116062199231237,-0.000228635845511842,-0.0138829986341686,-0.0252410818842084,NaN,NaN,NaN,NaN,NaN,NaN,NaN,NaN,NaN
NaN,NaN,0.0150620582814251,0.01913578461487,0.0163053543704639,0.0142771971877664,-0.000710967806905197,-0.0149647298045844,-0.0246606444028051,NaN,NaN,NaN,NaN,NaN,NaN,NaN,NaN,NaN
NaN,NaN,0.0151016394908462,0.0207829589732379,0.0168248461025845,0.012856445973739,0.000102803232342315,-0.0122707116194457,-0.0231939417329462,NaN,NaN,NaN,NaN,NaN,NaN,NaN,NaN,NaN
NaN,NaN,0.0145422312731777,0.0190254601426811,0.0164564707714211,0.0153507513459772,0.00131490093675287,-0.0125900062509269,-0.0244032454696329,NaN,NaN,NaN,NaN,NaN,NaN,NaN,NaN,NaN
NaN,NaN,0.0151667948181663,0.0206223617084712,0.0184278757709156,0.0149858405347914,0.00164822128620775,-0.0118903594799728,-0.0232249734011323,NaN,NaN,NaN,NaN,NaN,NaN,NaN,NaN,NaN
NaN,NaN,0.0152539107317959,0.019688058901617,0.016061813517202,0.0142816116567701,0.00267925125566156,-0.0107706676014156,-0.0235468012300165,NaN,NaN,NaN,NaN,NaN,NaN,NaN,NaN,NaN
NaN,NaN,0.0138067285831009,0.0188711399920673,0.0174790815848003,0.0164904852863401,0.00262663153019578,-0.0109822640903682,-0.0234090027418764,NaN,NaN,NaN,NaN,NaN,NaN,NaN,NaN,NaN
NaN,NaN,0.0150231662507091,0.0207793826945514,0.0182430082398544,0.014960098778829,0.00297338155117662,-0.00962953667719072,-0.0220432740655572,NaN,NaN,NaN,NaN,NaN,NaN,NaN,NaN,NaN
NaN,NaN,0.0132634694988762,0.0188013466783256,0.0167747968274246,0.0166700256522745,0.0044295602759424,-0.00934702928740686,-0.0237845678833158,NaN,NaN,NaN,NaN,NaN,NaN,NaN,NaN,NaN
NaN,NaN,0.0146364997441803,0.0208411480076999,0.0192364127772938,0.0166205351706594,0.00415988651123674,-0.00983008768040842,-0.0226256859508188,NaN,NaN,NaN,NaN,NaN,NaN,NaN,NaN,NaN
NaN,NaN,0.014099499147657,0.0194769653268546,0.0167052084046494,0.0157165189739317,0.00486728188601167,-0.0084587710686416,-0.0231150400844247,NaN,NaN,NaN,NaN,NaN,NaN,NaN,NaN,NaN
NaN,NaN,0.0124189648146663,0.0192251170762271,0.0180960641640316,0.0183833984192461,0.0048662574311796,-0.00969178627807802,-0.0233561222460897,NaN,NaN,NaN,NaN,NaN,NaN,NaN,NaN,NaN
NaN,NaN,0.0132975000257526,0.0196379910000057,0.0185846546131264,0.0162205693777651,0.0050018766244951,-0.00786769788343615,-0.0220672463086279,NaN,NaN,NaN,NaN,NaN,NaN,NaN,NaN,NaN
NaN,NaN,0.012477898907188,0.0184001515396327,0.0166926169234406,0.0167957914527506,0.0060026572367254,-0.00800573851544565,-0.0237908822503717,NaN,NaN,NaN,NaN,NaN,NaN,NaN,NaN,NaN
NaN,NaN,0.01281954528046,0.0186145047434062,0.0189153486329208,0.0171894242521375,0.00534013298359544,-0.00865164797384447,-0.0228411008623273,NaN,NaN,NaN,NaN,NaN,NaN,NaN,NaN,NaN
NaN,NaN,0.0123355555648838,0.0187293926962108,0.0169531823533665,0.0160825659986585,0.00582339626756341,-0.00657619561631388,-0.0233524155822427,NaN,NaN,NaN,NaN,NaN,NaN,NaN,NaN,NaN
NaN,NaN,0.0109564344699417,0.0180561396070213,0.0185052873033176,0.0185669434722513,0.00740884256568582,-0.00719729464132494,-0.0236729581859739,NaN,NaN,NaN,NaN,NaN,NaN,NaN,NaN,NaN
NaN,NaN,0.0125097873921429,0.0192492383309097,0.0194118739503513,0.0168922950979322,0.00668913510647447,-0.00553980122883028,-0.0215683181789548,NaN,NaN,NaN,NaN,NaN,NaN,NaN,NaN,NaN
NaN,NaN,0.0112010556573902,0.0174438695200176,0.0174305224257599,0.0174503994639963,0.00887634617295892,-0.0058599526770801,-0.0229871881213815,NaN,NaN,NaN,NaN,NaN,NaN,NaN,NaN,NaN
NaN,NaN,0.0117977354044948,0.0184596444256992,0.0193225601154457,0.0185165589209646,0.00797611114588411,-0.00627524803955263,-0.0220090200212629,NaN,NaN,NaN,NaN,NaN,NaN,NaN,NaN,NaN
NaN,NaN,0.0116444210822616,0.018805258233139,0.0180022241014134,0.0168111955281347,0.00895314303246171,-0.00427370544154352,-0.0225852292981775,NaN,NaN,NaN,NaN,NaN,NaN,NaN,NaN,NaN
NaN,NaN,0.0104801374788318,0.0179633239992351,0.0192542755442749,0.0194293109234422,0.00989629340377481,-0.00493418078500933,-0.0225562092867525,NaN,NaN,NaN,NaN,NaN,NaN,NaN,NaN,NaN
NaN,NaN,0.0115592050666843,0.0195753316171855,0.0205793613034378,0.0176203472074121,0.00951802742686899,-0.00379304986078447,-0.0211703454163702,NaN,NaN,NaN,NaN,NaN,NaN,NaN,NaN,NaN
NaN,NaN,0.0104945729787384,0.0175455885716171,0.018075686826099,0.019092079019174,0.0115253628512922,-0.00340299334008402,-0.0221290675011308,NaN,NaN,NaN,NaN,NaN,NaN,NaN,NaN,NaN
NaN,NaN,0.0104949641342197,0.0182732681520671,0.0204418980914246,0.0202196126338094,0.0111600050052706,-0.00349755983431047,-0.021421336850229,NaN,NaN,NaN,NaN,NaN,NaN,NaN,NaN,NaN
NaN,NaN,0.0105445104951893,0.0185306484587879,0.019058977200378,0.0181551685091108,0.0121601895710531,-0.0010333175547809,-0.0207628359106214,NaN,NaN,NaN,NaN,NaN,NaN,NaN,NaN,NaN
NaN,NaN,0.0100358779842888,0.0171622375734538,0.0202264273005615,0.0209907477255911,0.0134307370802465,-0.00171474765617556,-0.0216989641097219,NaN,NaN,NaN,NaN,NaN,NaN,NaN,NaN,NaN
NaN,NaN,0.0108953210825954,0.0186398925967903,0.0210750298040997,0.0193096545990556,0.0126484261175695,-0.000488773245403233,-0.0196888719704778,NaN,NaN,NaN,NaN,NaN,NaN,NaN,NaN,NaN
NaN,NaN,0.0106216985101734,0.0162987711616249,0.0185644635397087,0.0202216242905706,0.014739841344029,-9.20857079715152e-05,-0.021345173290077,NaN,NaN,NaN,NaN,NaN,NaN,NaN,NaN,NaN
NaN,NaN,0.00978617177558287,0.0176424088664741,0.0209454083281647,0.0218183395918459,0.0136607737561765,-0.00072255383808321,-0.0207054291871221,NaN,NaN,NaN,NaN,NaN,NaN,NaN,NaN,NaN
NaN,NaN,0.0100599433596168,0.0178145359047145,0.0204125614303242,0.0194690597709268,0.0144067631384435,0.00118634079020315,-0.0208021749761732,NaN,NaN,NaN,NaN,NaN,NaN,NaN,NaN,NaN
NaN,NaN,0.0087920966858898,0.0161363112517089,0.0203107678729187,0.0217989867087454,0.015863612415463,0.000553488474300442,-0.0217312996295126,NaN,NaN,NaN,NaN,NaN,NaN,NaN,NaN,NaN
NaN,NaN,0.00949774117422445,0.0172716307230682,0.0208639176028858,0.0202352774795145,0.0147050657590929,0.00150543053071791,-0.0192644496467741,NaN,NaN,NaN,NaN,NaN,NaN,NaN,NaN,NaN
NaN,NaN,0.0091864000375305,0.0157153534479827,0.0188451455372463,0.0208385509904474,0.0170109832009378,0.00294017020981604,-0.0217365522888334,NaN,NaN,NaN,NaN,NaN,NaN,NaN,NaN,NaN
NaN,NaN,0.00834671960425718,0.0164421017058582,0.0212069982129227,0.0230416690465063,0.0160094016512933,0.00182584274928862,-0.0208107431438596,NaN,NaN,NaN,NaN,NaN,NaN,NaN,NaN,NaN
NaN,NaN,0.00931369320702894,0.0167959670313091,0.0212762513595711,0.0205148418899626,0.0174793639501634,0.00397792432825857,-0.020498731454912,NaN,NaN,NaN,NaN,NaN,NaN,NaN,NaN,NaN
NaN,NaN,0.00780066655230864,0.0148493910916538,0.0196627163725983,0.022015388822183,0.0181739256998602,0.00285642568390661,-0.0205724176970155,NaN,NaN,NaN,NaN,NaN,NaN,NaN,NaN,NaN
NaN,NaN,0.00820418999743803,0.0160056094415874,0.0210710996228348,0.0214034912642092,0.0174445697387758,0.00372350562732511,-0.0193476912584932,NaN,NaN,NaN,NaN,NaN,NaN,NaN,NaN,NaN
NaN,NaN,0.00843795196366652,0.0147049615867824,0.0185840585666786,0.0216048990841955,0.018857441963822,0.00474900354068571,-0.0209690121021898,NaN,NaN,NaN,NaN,NaN,NaN,NaN,NaN,NaN
NaN,NaN,0.00706440017772062,0.0151277820356578,0.0210016229587685,0.0227725913282484,0.0185324476381841,0.00408862132947737,-0.0201395948436887,NaN,NaN,NaN,NaN,NaN,NaN,NaN,NaN,NaN
NaN,NaN,0.00877300457311018,0.0158947634287567,0.0210068197387348,0.0204442476388067,0.0188140423318449,0.00581099067251974,-0.0191139851716192,NaN,NaN,NaN,NaN,NaN,NaN,NaN,NaN,NaN
NaN,NaN,0.00667084188413962,0.0139668884463996,0.0187338524895798,0.0222171691711992,0.0204112978002134,0.00535244468968206,-0.0196129878070982,NaN,NaN,NaN,NaN,NaN,NaN,NaN,NaN,NaN
NaN,NaN,0.00743679882240637,0.0156884568520278,0.0211688698667179,0.0234039721544832,0.0193538927754465,0.00626247723024183,-0.0183459048178823,NaN,NaN,NaN,NaN,NaN,NaN,NaN,NaN,NaN
NaN,NaN,0.00730576173615797,0.0138916003294677,0.0182756604093205,0.0220139359589666,0.0213812330087724,0.00730321158092314,-0.0182903793659837,NaN,NaN,NaN,NaN,NaN,NaN,NaN,NaN,NaN
NaN,NaN,0.00596162111711844,0.0142368788607807,0.0204237745541225,0.0234545615967363,0.0208305792233053,0.00661386523764425,-0.0181311232057245,NaN,NaN,NaN,NaN,NaN,NaN,NaN,NaN,NaN
NaN,NaN,0.00743862421465262,0.014421336609909,0.0193706908661018,0.0203421933110803,0.0202786215862337,0.00757171187918478,-0.0166918200460107,NaN,NaN,NaN,NaN,NaN,NaN,NaN,NaN,NaN
NaN,NaN,0.00574900017333372,0.0125865938850135,0.0171540872591625,0.0222534907516092,0.0218758770546022,0.00843780462067419,-0.0179550846126707,NaN,NaN,NaN,NaN,NaN,NaN,NaN,NaN,NaN
NaN,NaN,0.00641567812514647,0.0142410325594634,0.0200404794353138,0.023502636468038,0.020413514347941,0.00823466454069906,-0.016009402742687,NaN,NaN,NaN,NaN,NaN,NaN,NaN,NaN,NaN
NaN,NaN,0.00687884346795424,0.0135931859501094,0.0177267947631966,0.0220729445572942,0.0226396360715929,0.010230637829712,-0.0163421829250486,NaN,NaN,NaN,NaN,NaN,NaN,NaN,NaN,NaN
NaN,NaN,0.00580871657681807,0.0132157954164237,0.0197720722693096,0.0245888566132635,0.021991342427403,0.00860963363569075,-0.0158279811051519,NaN,NaN,NaN,NaN,NaN,NaN,NaN,NaN,NaN
NaN,NaN,0.00672390864444121,0.0140771011598796,0.0189650253790508,0.0211825256701559,0.0222993121763769,0.010540507476738,-0.015131407698694,NaN,NaN,NaN,NaN,NaN,NaN,NaN,NaN,NaN
NaN,NaN,0.00557014898610457,0.0122869874127597,0.017054975910772,0.0234180723782629,0.022716898592383,0.0112164614013939,-0.0158340347018869,NaN,NaN,NaN,NaN,NaN,NaN,NaN,NaN,NaN
NaN,NaN,0.00604372651529654,0.0135389457233638,0.0198453301030289,0.0237985921557993,0.0224361234625879,0.0114734319261818,-0.0142075915840299,NaN,NaN,NaN,NaN,NaN,NaN,NaN,NaN,NaN
NaN,NaN,0.00660006136846884,0.0134175571389884,0.0174778708654533,0.0227415037807077,0.0237548203488889,0.012364446859768,-0.0140195575562151,NaN,NaN,NaN,NaN,NaN,NaN,NaN,NaN,NaN
NaN,NaN,0.00495465652299269,0.0119386355169506,0.0187590727049004,0.0248345022555441,0.0239110776504579,0.0112239678613453,-0.0133942303267152,NaN,NaN,NaN,NaN,NaN,NaN,NaN,NaN,NaN
NaN,NaN,0.00659486458850248,0.0135089943893642,0.0184431680875908,0.0228263286408037,0.0232941323241297,0.0125540455095082,-0.0120055538621576,NaN,NaN,NaN,NaN,NaN,NaN,NaN,NaN,NaN
NaN,NaN,0.00528441922021254,0.0115974175520629,0.0165894263821732,0.0238204223569483,0.0244118311723772,0.0145231035761147,-0.0122484427896173,NaN,NaN,NaN,NaN,NaN,NaN,NaN,NaN,NaN
NaN,NaN,0.00515725643587454,0.0129699076302738,0.0194461466210972,0.0247685832437128,0.0245954507311884,0.0139406730644017,-0.0113539819625051,NaN,NaN,NaN,NaN,NaN,NaN,NaN,NaN,NaN
NaN,NaN,0.00625707389068945,0.0124431329556198,0.0168543131488453,0.0230892968829721,0.0247810633203092,0.014447256665638,-0.0106168215182455,NaN,NaN,NaN,NaN,NaN,NaN,NaN,NaN,NaN
NaN,NaN,0.00426199467134817,0.0109357873686046,0.0173170687097202,0.0251266954001039,0.0250170790871683,0.0142169033400326,-0.0114113886860044,NaN,NaN,NaN,NaN,NaN,NaN,NaN,NaN,NaN
NaN,NaN,0.00548934743953093,0.0126549157090873,0.0178558388191353,0.023594613885507,0.0235565231463018,0.0151666288487225,-0.00944195809036804,NaN,NaN,NaN,NaN,NaN,NaN,NaN,NaN,NaN
NaN,NaN,0.003610888432983,0.0100905562527866,0.0150260710555206,0.0234454905148596,0.0253360570689741,0.017053507011345,-0.0101840731707246,NaN,NaN,NaN,NaN,NaN,NaN,NaN,NaN,NaN
NaN,NaN,0.00353064567995413,0.0109071026333064,0.0171871678370129,0.0250300986226648,0.0249440633973184,0.0155600381306916,-0.00874275835424972,NaN,NaN,NaN,NaN,NaN,NaN,NaN,NaN,NaN
NaN,NaN,0.00443309725475653,0.0100703838058204,0.0141422273057591,0.0218342093285173,0.0247363039573732,0.0167952885143071,-0.00825256603032661,NaN,NaN,NaN,NaN,NaN,NaN,NaN,NaN,NaN
NaN,NaN,0.00240808532786711,0.00920056577403254,0.0144381084877144,0.0236340647097677,0.0248995834311548,0.0160790083221703,-0.00895260395676208,NaN,NaN,NaN,NaN,NaN,NaN,NaN,NaN,NaN
NaN,NaN,0.00359721661758764,0.0103446210511417,0.0155824245351444,0.0221084652002901,0.0231298842748705,0.0176811998001843,-0.00706455232769561,NaN,NaN,NaN,NaN,NaN,NaN,NaN,NaN,NaN
NaN,NaN,0.00293495313477858,0.00895186539370722,0.0132291772800575,0.0213794445153326,0.025556594254643,0.0191345473043233,-0.00733506428271843,NaN,NaN,NaN,NaN,NaN,NaN,NaN,NaN,NaN
NaN,NaN,0.00291723937940939,0.00943643252927965,0.0150447906392704,0.0233982538338751,0.024268277110726,0.0175241415612012,-0.00618013115793777,NaN,NaN,NaN,NaN,NaN,NaN,NaN,NaN,NaN
NaN,NaN,0.00341287062716825,0.00982356469709582,0.0123981022673737,0.0206034479197115,0.0243634582778517,0.0183889677039891,-0.00622617574602676,NaN,NaN,NaN,NaN,NaN,NaN,NaN,NaN,NaN
NaN,NaN,0.00224430293989523,0.00798753674704737,0.012563263012756,0.0223166530486196,0.0244598874172273,0.0186064128987103,-0.00679092975527359,NaN,NaN,NaN,NaN,NaN,NaN,NaN,NaN,NaN
NaN,NaN,0.00249490321827276,0.00922932501513666,0.0140632697778832,0.0204525364097208,0.023698866488606,0.0195993331484109,-0.00528723495275093,NaN,NaN,NaN,NaN,NaN,NaN,NaN,NaN,NaN
NaN,NaN,0.00247141526294096,0.00806681092459864,0.0119314537781368,0.0199481879826635,0.025273211421639,0.0206455250493794,-0.00472119571835113,NaN,NaN,NaN,NaN,NaN,NaN,NaN,NaN,NaN
NaN,NaN,0.00176338658881529,0.00747633378584093,0.0131236398059021,0.0221721676643938,0.0249551275095049,0.0192176399044304,-0.00441024573713852,NaN,NaN,NaN,NaN,NaN,NaN,NaN,NaN,NaN
NaN,NaN,0.0031516718978916,0.00857004176456637,0.0120084741550575,0.0198700313922018,0.0248543584069315,0.0209986453167706,-0.00326060252458168,NaN,NaN,NaN,NaN,NaN,NaN,NaN,NaN,NaN
NaN,NaN,0.00146027834368094,0.00722875099260515,0.0118844033616673,0.0217030046042055,0.0255954676589075,0.0216594931892663,-0.00425851466328216,NaN,NaN,NaN,NaN,NaN,NaN,NaN,NaN,NaN
NaN,NaN,0.00219425366473539,0.00881298657138056,0.0136383072870861,0.0205515732523054,0.0250966885408464,0.0215000693909436,-0.00201451154619766,NaN,NaN,NaN,NaN,NaN,NaN,NaN,NaN,NaN
NaN,NaN,0.00167004944038733,0.00694207127768702,0.0113199101227413,0.0197414716240019,0.0258440935334268,0.0226279196552544,-0.00188885750443054,NaN,NaN,NaN,NaN,NaN,NaN,NaN,NaN,NaN
NaN,NaN,0.00160865665626867,0.00682656865198321,0.0120963910061012,0.0221138482447714,0.0255209432264868,0.0214347091726571,-0.00176139669686866,NaN,NaN,NaN,NaN,NaN,NaN,NaN,NaN,NaN
NaN,NaN,0.00250445858788832,0.00735194634277529,0.0110576124328266,0.0192138960119337,0.0251077899059358,0.0230765377394467,-0.00070462497145248,NaN,NaN,NaN,NaN,NaN,NaN,NaN,NaN,NaN
NaN,NaN,0.000506231498244839,0.00573034610230631,0.0106959426242004,0.0199748238082975,0.026641771318585,0.0240889412574082,-0.00221632914811683,NaN,NaN,NaN,NaN,NaN,NaN,NaN,NaN,NaN
NaN,NaN,0.00076020316434248,0.00731443266946978,0.0123789356487881,0.0197849830146879,0.0255295672735277,0.0229222362152844,-0.000137356391254192,NaN,NaN,NaN,NaN,NaN,NaN,NaN,NaN,NaN
NaN,NaN,0.000589827012542325,0.00562117647010988,0.0092893288868557,0.0186043453868479,0.0262406693121496,0.0246807222477704,-9.25597754151877e-05,NaN,NaN,NaN,NaN,NaN,NaN,NaN,NaN,NaN
NaN,NaN,0.000109692972425061,0.00508680220324701,0.00982640398918496,0.0206490082200617,0.025289099784762,0.0231065822057038,-0.000339192619624859,NaN,NaN,NaN,NaN,NaN,NaN,NaN,NaN,NaN
NaN,NaN,0.00149203644347532,0.00498519491035646,0.0095654474037777,0.0173502636607736,0.0250582621714178,0.0248953734747677,0.00116133568614411,NaN,NaN,NaN,NaN,NaN,NaN,NaN,NaN,NaN
NaN,NaN,-0.000618433642860813,0.0041662270911426,0.00806393189607964,0.017834942555055,0.0258563869914118,0.0248473731092721,-0.000869748463931804,NaN,NaN,NaN,NaN,NaN,NaN,NaN,NaN,NaN
NaN,NaN,-0.000414436746117038,0.004616968590805,0.0094397561091076,0.0175257620867342,0.0243016557118002,0.0236174312643319,0.00188743201821732,NaN,NaN,NaN,NaN,NaN,NaN,NaN,NaN,NaN
NaN,NaN,-0.000615192640301151,0.00419640194256014,0.00651277689515458,0.0157626380678266,0.0241674148758951,0.0247205642275124,0.000588851699527973,NaN,NaN,NaN,NaN,NaN,NaN,NaN,NaN,NaN
NaN,NaN,-0.00108877016949312,0.0027285071798057,0.00776639295994149,0.0181240809615701,0.0238292702755037,0.0233884749225884,0.000839992144998783,NaN,NaN,NaN,NaN,NaN,NaN,NaN,NaN,NaN
NaN,NaN,-0.000136977124687595,0.00387649263817972,0.00770501880227433,0.0145993975456804,0.0232386068722311,0.0248009932450562,0.00147951273053574,NaN,NaN,NaN,NaN,NaN,NaN,NaN,NaN,NaN
NaN,NaN,-0.00195037393617289,0.00251484315473742,0.00585187314330445,0.0152178329881281,0.0249321983477178,0.0246706639639645,0.000969371477064366,NaN,NaN,NaN,NaN,NaN,NaN,NaN,NaN,NaN
NaN,NaN,-0.00151613547253267,0.00345853369314379,0.00767977996050225,0.0152977032121271,0.0229282715639177,0.0235776265374928,0.00278535736530709,NaN,NaN,NaN,NaN,NaN,NaN,NaN,NaN,NaN
NaN,NaN,-0.00120464532422678,0.00336547594148821,0.00483056618152962,0.0137927231844515,0.0234789998551908,0.0252781284264832,0.00265631330936837,NaN,NaN,NaN,NaN,NaN,NaN,NaN,NaN,NaN
NaN,NaN,-0.00204397185492174,0.00220882918317026,0.00640176324426041,0.0155305524822325,0.0236990713795725,0.0246388313583642,0.00234707696169304,NaN,NaN,NaN,NaN,NaN,NaN,NaN,NaN,NaN
NaN,NaN,-0.000761522043224735,0.00319776337225145,0.006248970462669,0.0129167956765741,0.0234901757260862,0.0250139494649678,0.00417857868402886,NaN,NaN,NaN,NaN,NaN,NaN,NaN,NaN,NaN
NaN,NaN,-0.00250080420422213,0.00198387752849764,0.00479837967335091,0.0131898594554514,0.0238626302501264,0.0250104849449902,0.00358044607370781,NaN,NaN,NaN,NaN,NaN,NaN,NaN,NaN,NaN
NaN,NaN,-0.00129269256043093,0.00312333207208818,0.00582790090023385,0.0141094287391752,0.0223686584552828,0.023898020129612,0.00527036813825058,NaN,NaN,NaN,NaN,NaN,NaN,NaN,NaN,NaN
NaN,NaN,-0.00124716951298372,0.00263651113588518,0.00415805815039979,0.012255742913112,0.0231532418450418,0.0265100446752816,0.00535614294737267,NaN,NaN,NaN,NaN,NaN,NaN,NaN,NaN,NaN
NaN,NaN,-0.00127339555668489,0.00156195114929384,0.00501772476612435,0.0140601431485265,0.0236267262419763,0.0253593770078927,0.00477082533567833,NaN,NaN,NaN,NaN,NaN,NaN,NaN,NaN,NaN
NaN,NaN,-0.00125460146712915,0.0031698050685615,0.0057621309000145,0.0122721155639738,0.0224264935871664,0.0260960159115105,0.00672805560558724,NaN,NaN,NaN,NaN,NaN,NaN,NaN,NaN,NaN
NaN,NaN,-0.00179368822621958,0.0020086879618854,0.00383364124475823,0.0127527711447328,0.0236733109971586,0.0260997970811635,0.00607454655497956,NaN,NaN,NaN,NaN,NaN,NaN,NaN,NaN,NaN
NaN,NaN,-0.00148884772109644,0.00257703687627024,0.00494992448269234,0.0135344301816076,0.0225554072579447,0.0252693181149273,0.00688801957100319,NaN,NaN,NaN,NaN,NaN,NaN,NaN,NaN,NaN
NaN,NaN,-0.00114740623879091,0.00185285906870073,0.00378128228961335,0.011159967398271,0.0229611099978987,0.0276767869703084,0.00747499493688034,NaN,NaN,NaN,NaN,NaN,NaN,NaN,NaN,NaN
NaN,NaN,-0.00194337039041178,0.000880111265966358,0.00350708229719506,0.0127861683722585,0.0232001432498995,0.0265203264765053,0.00698711229294228,NaN,NaN,NaN,NaN,NaN,NaN,NaN,NaN,NaN
NaN,NaN,-0.00232863991307871,0.00180694486577219,0.00404708175240861,0.0108491850551218,0.0219563246985975,0.0263983604721337,0.00895307836860108,NaN,NaN,NaN,NaN,NaN,NaN,NaN,NaN,NaN
NaN,NaN,-0.00256847410249369,0.00125670086223787,0.00196432782589303,0.0107239407952875,0.0222450719496313,0.0268357281796246,0.00756199909180092,NaN,NaN,NaN,NaN,NaN,NaN,NaN,NaN,NaN
NaN,NaN,-0.0026788917069401,0.000423427928277912,0.00356059609233246,0.011523257708177,0.0214027651866976,0.0261320767215996,0.00868191448777603,NaN,NaN,NaN,NaN,NaN,NaN,NaN,NaN,NaN
NaN,NaN,-0.00217830582308428,0.00103482257206148,0.00340532599269257,0.00931155285798013,0.0209479631206098,0.0276132521442681,0.00865865004986214,NaN,NaN,NaN,NaN,NaN,NaN,NaN,NaN,NaN
NaN,NaN,-0.0035525095348324,-0.000146653246095714,0.00154843641697274,0.0108421256300062,0.0215629526695314,0.0263304111770897,0.00847534714072632,NaN,NaN,NaN,NaN,NaN,NaN,NaN,NaN,NaN
NaN,NaN,-0.00358620478558199,0.000683658082076969,0.0025280015009533,0.00938056386075914,0.0196197294911447,0.0259017979018002,0.0095423075351088,NaN,NaN,NaN,NaN,NaN,NaN,NaN,NaN,NaN
NaN,NaN,-0.00384624867486612,6.37325235099222e-05,0.000135545565475089,0.00770245096646249,0.0202750825604501,0.0267101858965664,0.00860895467728066,NaN,NaN,NaN,NaN,NaN,NaN,NaN,NaN,NaN
NaN,NaN,-0.00376656471538202,-0.000799938779285488,0.00157114206134186,0.00916434801183641,0.0190144815763536,0.0247948465160637,0.00923975808351921,NaN,NaN,NaN,NaN,NaN,NaN,NaN,NaN,NaN
NaN,NaN,-0.00337892963337557,0.000409160066434803,0.001056139304031,0.00624887994490564,0.0183507093509737,0.0265917216650754,0.0103030863198607,NaN,NaN,NaN,NaN,NaN,NaN,NaN,NaN,NaN
NaN,NaN,-0.0044082087163891,-0.00155105043571287,-0.000426619367014306,0.00807250267826021,0.0200358630439344,0.0250288878790646,0.0102669137510626,NaN,NaN,NaN,NaN,NaN,NaN,NaN,NaN,NaN
NaN,NaN,-0.00362463115501062,0.000379748899528446,0.00105233950792657,0.00702508143149316,0.0175373667201105,0.0249961239508896,0.0116858954521983,NaN,NaN,NaN,NaN,NaN,NaN,NaN,NaN,NaN
NaN,NaN,-0.00372847362208025,-0.000672142695596752,-0.000532585249554056,0.00576306483708322,0.0185371042510572,0.0261719373277932,0.0103549237343638,NaN,NaN,NaN,NaN,NaN,NaN,NaN,NaN,NaN
NaN,NaN,-0.00352885394143717,-0.000949769955089626,0.00119885517536507,0.00767205259762704,0.0168452822884622,0.0243325938693791,0.011343932429251,NaN,NaN,NaN,NaN,NaN,NaN,NaN,NaN,NaN
NaN,NaN,-0.00331381155895845,8.09061117858317e-05,0.000436567648042304,0.00495074666105211,0.0174419806620184,0.026191644113472,0.012833377996382,NaN,NaN,NaN,NaN,NaN,NaN,NaN,NaN,NaN
NaN,NaN,-0.00404793589162485,-0.000995013605764446,-0.00117918388665809,0.00635031959973276,0.0176370182355943,0.0244922598115712,0.0124171326848834,NaN,NaN,NaN,NaN,NaN,NaN,NaN,NaN,NaN
NaN,NaN,-0.0038894061629738,6.63402267188456e-05,0.000657328351129157,0.00535153201781213,0.0159264953157011,0.0248410214893132,0.0135746176335185,NaN,NaN,NaN,NaN,NaN,NaN,NaN,NaN,NaN
NaN,NaN,-0.0035261158530678,-0.00112795059006506,-0.000624283270250696,0.00448782346211374,0.0171533451696935,0.0261831877044945,0.012986040392813,NaN,NaN,NaN,NaN,NaN,NaN,NaN,NaN,NaN
NaN,NaN,-0.00382313324856417,-0.00115335706990057,6.2511249173743e-05,0.0065137108322233,0.0163714998683038,0.0251593847982197,0.0146355803105204,NaN,NaN,NaN,NaN,NaN,NaN,NaN,NaN,NaN
NaN,NaN,-0.00334948121356623,0.000446301210710469,-9.2963741432565e-05,0.00380108482204378,0.0162660368999544,0.0263783929161339,0.015575042644438,NaN,NaN,NaN,NaN,NaN,NaN,NaN,NaN,NaN
NaN,NaN,-0.00434610812711374,-0.00141880263011747,-0.00227259384215965,0.00507727614603937,0.0165537038168016,0.0253679265491276,0.0146021830829947,NaN,NaN,NaN,NaN,NaN,NaN,NaN,NaN,NaN
NaN,NaN,-0.00371588214087145,-0.000898584466388759,0.000404939933408362,0.00431737280450761,0.014900904270083,0.0256522593311577,0.0158699366244643,NaN,NaN,NaN,NaN,NaN,NaN,NaN,NaN,NaN
NaN,NaN,-0.00344021065878527,-0.000875636678150234,-0.00143408687533035,0.0027505902107805,0.0149668605348173,0.0261762959174424,0.0161608631703226,NaN,NaN,NaN,NaN,NaN,NaN,NaN,NaN,NaN
NaN,NaN,-0.00439073710488932,-0.00139795963089758,-0.000909323857437509,0.00507738790474832,0.0143454634865824,0.025155119340828,0.0162387962433665,NaN,NaN,NaN,NaN,NaN,NaN,NaN,NaN,NaN
NaN,NaN,-0.00404739572453157,0.000306640077421131,-0.000547970698486703,0.00268953270278871,0.01370687422362,0.025857560079506,0.0173938597533076,NaN,NaN,NaN,NaN,NaN,NaN,NaN,NaN,NaN
NaN,NaN,-0.00491225912022249,-0.0022579801492005,-0.00313945026816024,0.00309266499243677,0.0151920543333593,0.0250634026936799,0.015921420136389,NaN,NaN,NaN,NaN,NaN,NaN,NaN,NaN,NaN
NaN,NaN,-0.00454036338972704,-0.00150360886376196,-0.000525227801214593,0.00367397791706026,0.0122307651957575,0.0240391527525693,0.0179178218337862,NaN,NaN,NaN,NaN,NaN,NaN,NaN,NaN,NaN
NaN,NaN,-0.00423356710719721,-0.00125878278534704,-0.00247241841376914,0.00143604702316225,0.0130786785205904,0.0255529244653493,0.0172755072805254,NaN,NaN,NaN,NaN,NaN,NaN,NaN,NaN,NaN
NaN,NaN,-0.00521164207505838,-0.00220055479924971,-0.00198803754271163,0.00411235145293176,0.0127141774913374,0.0241038982979565,0.0177236038240759,NaN,NaN,NaN,NaN,NaN,NaN,NaN,NaN,NaN
NaN,NaN,-0.00408805726813929,-0.00051800880949789,-0.00168023543180122,0.00129757798276842,0.011825043829352,0.0252429430596142,0.0191236796769469,NaN,NaN,NaN,NaN,NaN,NaN,NaN,NaN,NaN
NaN,NaN,-0.00480271695899622,-0.00287697438519293,-0.00445146025837554,0.00188783160410821,0.0130958334824148,0.0244649906865864,0.0176721948179572,NaN,NaN,NaN,NaN,NaN,NaN,NaN,NaN,NaN
NaN,NaN,-0.00420883117961542,-0.00232691664617353,-0.00175205902875556,0.00262515968643129,0.0100090206882063,0.0231828947774678,0.0197506646606295,NaN,NaN,NaN,NaN,NaN,NaN,NaN,NaN,NaN
NaN,NaN,-0.00478287978815691,-0.00115684021632963,-0.00369023443878784,0.00023642904125154,0.0110813455006185,0.025044832121542,0.0195620159599154,NaN,NaN,NaN,NaN,NaN,NaN,NaN,NaN,NaN
NaN,NaN,-0.00495951442765848,-0.00256554011624151,-0.00377314077438011,0.00205798423849046,0.0102067218443456,0.0234106590263157,0.0197512234541743,NaN,NaN,NaN,NaN,NaN,NaN,NaN,NaN,NaN
NaN,NaN,-0.00427340908693926,-0.00122750897329145,-0.00260092230261459,0.000309034949168563,0.00919307035413415,0.0241352279893666,0.021293437758383,NaN,NaN,NaN,NaN,NaN,NaN,NaN,NaN,NaN
NaN,NaN,-0.00380098639773981,-0.00305735294144445,-0.00546086491764678,0.000764023279771209,0.0105611645897928,0.0238127296082287,0.0202353621813624,NaN,NaN,NaN,NaN,NaN,NaN,NaN,NaN,NaN
NaN,NaN,-0.0044137780253853,-0.0028004941753655,-0.00264173285783424,0.00239299959503114,0.0083278158029619,0.0222979334406167,0.0218639287146895,NaN,NaN,NaN,NaN,NaN,NaN,NaN,NaN,NaN
NaN,NaN,-0.00379837869453089,-0.00134997789185339,-0.00405998812736167,-0.000375952804461122,0.00945318874922426,0.0244316493384152,0.0217951784822314,NaN,NaN,NaN,NaN,NaN,NaN,NaN,NaN,NaN
NaN,NaN,-0.00456066622185366,-0.00334544826667601,-0.0038034273845066,0.00159727758727968,0.00851722818818719,0.0227806565574914,0.0219653311166136,NaN,NaN,NaN,NaN,NaN,NaN,NaN,NaN,NaN
NaN,NaN,-0.00407682551788942,-0.00109747771542364,-0.00280629755676879,-0.000242959940806031,0.00837635633555086,0.0235687230936795,0.0231707046720354,NaN,NaN,NaN,NaN,NaN,NaN,NaN,NaN,NaN
NaN,NaN,-0.00396640791344301,-0.00348928172509962,-0.00551558943213119,-0.000382732832804322,0.00859721017089517,0.0225551647357255,0.0224504942986338,NaN,NaN,NaN,NaN,NaN,NaN,NaN,NaN,NaN
NaN,NaN,-0.00436572178053514,-0.00199454624574476,-0.00284228386105193,0.00131493783555925,0.00733916101065309,0.0214987096599846,0.0238404932412474,NaN,NaN,NaN,NaN,NaN,NaN,NaN,NaN,NaN
NaN,NaN,-0.00397033809470789,-0.00159329522769743,-0.00373477028430595,-0.00173881300725043,0.00781970483270318,0.0237100047282487,0.0239792603048651,NaN,NaN,NaN,NaN,NaN,NaN,NaN,NaN,NaN
NaN,NaN,-0.00404024316715853,-0.00299711499731833,-0.00396825285376205,0.00165475881658494,0.0082817898413244,0.0221219321004658,0.0240367415341704,NaN,NaN,NaN,NaN,NaN,NaN,NaN,NaN,NaN
NaN,NaN,-0.00369926734614031,-0.00117442358653837,-0.00231770710767402,-0.000227779382839799,0.00742104289141328,0.0224688125066071,0.0259650449249117,NaN,NaN,NaN,NaN,NaN,NaN,NaN,NaN,NaN
NaN,NaN,-0.00360153435516016,-0.00302995343129927,-0.00521622510374679,0.000131487613543868,0.00813650351968439,0.0223356520048886,0.0248843754622309,NaN,NaN,NaN,NaN,NaN,NaN,NaN,NaN,NaN
NaN,NaN,-0.00398674799847261,-0.00143325675647551,-0.0026636189383377,0.00184020376764238,0.00702059281078012,0.0209498253874093,0.0251958097311823,NaN,NaN,NaN,NaN,NaN,NaN,NaN,NaN,NaN
NaN,NaN,-0.0027827900533642,-0.00163729090612226,-0.00329580070198669,-0.00118845724500716,0.00720037532058389,0.0233950314335137,0.0260683658513396,NaN,NaN,NaN,NaN,NaN,NaN,NaN,NaN,NaN
NaN,NaN,-0.00372990785884516,-0.00285045031826788,-0.00410236330450668,0.00177001929841936,0.00785908115115793,0.022191744040659,0.0257217834684222,NaN,NaN,NaN,NaN,NaN,NaN,NaN,NaN,NaN
NaN,NaN,-0.00272475003051416,-0.00131471801917845,-0.00199172558010711,-8.95524863153696e-05,0.00667155173626573,0.022476263087204,0.0275647777113287,NaN,NaN,NaN,NaN,NaN,NaN,NaN,NaN,NaN
NaN,NaN,-0.00265182747292177,-0.00159987036507421,-0.00519005493940009,0.000294524943456054,0.00733931002226503,0.0225598213485985,0.0258793073686926,NaN,NaN,NaN,NaN,NaN,NaN,NaN,NaN,NaN
NaN,NaN,-0.00290665595578806,-0.00148164827745253,-0.00179380090654983,0.00175986788235605,0.00637401280012758,0.0216090527586251,0.026647369095978,NaN,NaN,NaN,NaN,NaN,NaN,NaN,NaN,NaN
NaN,NaN,-0.00147444947409288,-8.93210284023855e-05,-0.00256573693574561,-0.000931114191189408,0.00661170494762094,0.0229992007128506,0.027763913104233,NaN,NaN,NaN,NaN,NaN,NaN,NaN,NaN,NaN
NaN,NaN,-0.0026447307949032,-0.00220767010371977,-0.00343162478626861,0.00102617195807397,0.00713719439712198,0.0224622559956818,0.0272172640058367,NaN,NaN,NaN,NaN,NaN,NaN,NaN,NaN,NaN
NaN,NaN,-0.00180123193907396,-0.000146094452550945,-0.00123018311084403,0.000563099747523665,0.00585727778282793,0.0211917829922944,0.0287371079418032,NaN,NaN,NaN,NaN,NaN,NaN,NaN,NaN,NaN
NaN,NaN,-0.00159205688881533,-0.00087632585685545,-0.0039351909023632,-0.000430286163464189,0.0065706149956289,0.021959211420229,0.0272596205565302,NaN,NaN,NaN,NaN,NaN,NaN,NaN,NaN,NaN
NaN,NaN,-0.00226855098056452,-0.000472709279468593,-0.00113250599921836,0.00157844624482095,0.00579517719355256,0.0204736774079114,0.0280992451104491,NaN,NaN,NaN,NaN,NaN,NaN,NaN,NaN,NaN
NaN,NaN,-0.000533348012443942,0.000489048916885319,-0.00225232826293601,-0.00131763168610632,0.00516407576409013,0.0216862035207062,0.0292749839815466,NaN,NaN,NaN,NaN,NaN,NaN,NaN,NaN,NaN
NaN,NaN,-0.00166620879220621,-0.00115849797051245,-0.00335808755577697,-8.62183514982462e-05,0.00606088352409036,0.0211519596390038,0.0288000653478472,NaN,NaN,NaN,NaN,NaN,NaN,NaN,NaN,NaN
NaN,NaN,-0.000945830780741138,0.000756543386766377,-0.00125847669066085,-0.000265795970335603,0.0044271202107969,0.0195075233690053,0.0291983547601073,NaN,NaN,NaN,NaN,NaN,NaN,NaN,NaN,NaN
NaN,NaN,-0.000396350461718005,4.55158539504435e-05,-0.00348199071110381,-0.0013234990183264,0.00530405354705484,0.0212002580277234,0.0284512664172022,NaN,NaN,NaN,NaN,NaN,NaN,NaN,NaN,NaN
NaN,NaN,-0.000777261394735736,-0.000187612812927303,-0.00166246579707755,0.000336043303832412,0.00407306862083108,0.0186344643346577,0.0288306499811976,NaN,NaN,NaN,NaN,NaN,NaN,NaN,NaN,NaN
NaN,NaN,0.000132156472924786,0.00168831299621767,-0.00248240219176902,-0.00164067023433745,0.00369653490391405,0.0198313628546506,0.0306681680473654,NaN,NaN,NaN,NaN,NaN,NaN,NaN,NaN,NaN
NaN,NaN,-0.0014131311957802,-0.000464737158229885,-0.00355305062354698,-0.000782940769568086,0.0039819666465822,0.0186301429979115,0.0281387518140643,NaN,NaN,NaN,NaN,NaN,NaN,NaN,NaN,NaN
NaN,NaN,-4.71790020431702e-05,0.00115069772679514,-0.00111961649478568,8.82556196302176e-05,0.00280397397485406,0.0177612004093438,0.0296452592107623,NaN,NaN,NaN,NaN,NaN,NaN,NaN,NaN,NaN
NaN,NaN,7.90524597202118e-05,0.000619471330234471,-0.0036665788453926,-0.00176611938513815,0.00331916299667985,0.0191288848630696,0.0289682435783713,NaN,NaN,NaN,NaN,NaN,NaN,NaN,NaN,NaN
NaN,NaN,-0.000429971206661624,0.000298891473600331,-0.00170335085810317,0.000720865791663527,0.0029911139329973,0.0168846954814702,0.029696705469784,NaN,NaN,NaN,NaN,NaN,NaN,NaN,NaN,NaN
NaN,NaN,0.000368134986880856,0.00239129390198893,-0.00215103761972083,-0.00183898606337607,0.00248197850790651,0.0183000263981133,0.0311569075080721,NaN,NaN,NaN,NaN,NaN,NaN,NaN,NaN,NaN
NaN,NaN,-0.000310240376469058,0.000530660409519139,-0.0027297428411354,-9.66119114309549e-05,0.00310896349158914,0.0178547238222867,0.0295310045573084,NaN,NaN,NaN,NaN,NaN,NaN,NaN,NaN,NaN
NaN,NaN,0.000441374194148618,0.00219210262973017,-0.000522191689621347,0.000594243174418807,0.0027060360929075,0.0174270977489262,0.0304442035946219,NaN,NaN,NaN,NaN,NaN,NaN,NaN,NaN,NaN
NaN,NaN,0.000566990983012753,0.00164323698360628,-0.00176781700671806,-0.00113600515760481,0.00304278370943696,0.017947055142334,0.0303729201647608,NaN,NaN,NaN,NaN,NaN,NaN,NaN,NaN,NaN
NaN,NaN,8.84215648208433e-05,0.000986747700759831,-0.00142518343151702,0.00107808387838304,0.00283502426949174,0.0166475435010701,0.030241640934643,NaN,NaN,NaN,NaN,NaN,NaN,NaN,NaN,NaN
NaN,NaN,0.000322779577497083,0.00284410293776697,-0.000599435583959955,-0.000941768521443009,0.00186859083381326,0.0169562396816521,0.0316860477420657,NaN,NaN,NaN,NaN,NaN,NaN,NaN,NaN,NaN
NaN,NaN,0.000481197547439175,0.00143924008686251,-0.00196203501642837,8.40832944959402e-05,0.00322785613146455,0.016757830720356,0.0301961737665503,NaN,NaN,NaN,NaN,NaN,NaN,NaN,NaN,NaN
NaN,NaN,8.44727571044739e-05,0.00232950996238894,0.000508372618545157,0.00178382149897516,0.00213768717852266,0.0157041696123391,0.0317005204948752,NaN,NaN,NaN,NaN,NaN,NaN,NaN,NaN,NaN
NaN,NaN,0.00130748556208952,0.00200084622580713,-0.00161401839674606,-0.000609863782301545,0.00323191669788988,0.0172800419143944,0.0317302296850054,NaN,NaN,NaN,NaN,NaN,NaN,NaN,NaN,NaN
NaN,NaN,-0.000161992449041767,0.00201891388375467,-0.000806524471651452,0.00114126480184495,0.00310546171870859,0.0158723478428631,0.0309761377963393,NaN,NaN,NaN,NaN,NaN,NaN,NaN,NaN,NaN
NaN,NaN,0.00107873411131247,0.00350182156641191,0.000661649687875373,-0.000449229264631867,0.00239268329945238,0.0161126663200169,0.0324024024400084,NaN,NaN,NaN,NaN,NaN,NaN,NaN,NaN,NaN
NaN,NaN,0.000595545333150464,0.00188674058396524,-0.00126404599965705,0.000377859687432647,0.00297084835377367,0.0159718503467351,0.0311675059589713,NaN,NaN,NaN,NaN,NaN,NaN,NaN,NaN,NaN
NaN,NaN,0.000285750191930371,0.00246343414861864,0.000552982969869239,0.00145739293657243,0.00206683215704591,0.0141259876302987,0.032759359756407,NaN,NaN,NaN,NaN,NaN,NaN,NaN,NaN,NaN
NaN,NaN,0.00152195052457197,0.00308801632005877,-0.00105913640679015,-0.00154208042658865,0.00243407127466829,0.0153187883309632,0.0327407891842692,NaN,NaN,NaN,NaN,NaN,NaN,NaN,NaN,NaN
NaN,NaN,7.2661156688505e-06,0.00243342693526453,-0.000932085381161111,0.000682774698361754,0.00220192980971963,0.0137398612908631,0.031547168919739,NaN,NaN,NaN,NaN,NaN,NaN,NaN,NaN,NaN
NaN,NaN,0.00101875693750723,0.00406273852665133,0.000863541795600516,-0.000584438676014543,0.00137679663506181,0.0141093169562131,0.0334520216080515,NaN,NaN,NaN,NaN,NaN,NaN,NaN,NaN,NaN
NaN,NaN,0.000522455137494641,0.00283564652878946,-0.00104669393719329,0.00015473342500627,0.00215074432101877,0.0143354607037812,0.0322512301596968,NaN,NaN,NaN,NaN,NaN,NaN,NaN,NaN,NaN
NaN,NaN,0.00118809000802382,0.00355205710608667,0.00119922770439492,0.000874478137120605,0.00136634719577463,0.0130132434181481,0.0334353323075144,NaN,NaN,NaN,NaN,NaN,NaN,NaN,NaN,NaN
NaN,NaN,0.00222703621936186,0.00388539608199305,-0.000588855759512323,-0.00149562605656683,0.00150006649103792,0.0139415857605248,0.0328796866330473,NaN,NaN,NaN,NaN,NaN,NaN,NaN,NaN,NaN
NaN,NaN,0.000881647628072339,0.00286166768152422,-0.000242310629497903,0.000152237480506301,0.0014431999346319,0.0124786828867703,0.032507455626425,NaN,NaN,NaN,NaN,NaN,NaN,NaN,NaN,NaN
NaN,NaN,0.00203214765739782,0.00453143592555231,0.00114891765891419,-0.000405270839110017,0.000586886080175948,0.0126921047679692,0.0337802755627005,NaN,NaN,NaN,NaN,NaN,NaN,NaN,NaN,NaN
NaN,NaN,0.00192836106968267,0.00312543686110682,-0.000429022179256814,-0.000780910486355424,0.000689741345316482,0.0125192512981206,0.033215912708935,NaN,NaN,NaN,NaN,NaN,NaN,NaN,NaN,NaN
NaN,NaN,0.00173513026190146,0.0036822932549209,0.00091623602687226,0.000455681001767516,0.00105161604490907,0.0111175549439698,0.0338081966134875,NaN,NaN,NaN,NaN,NaN,NaN,NaN,NaN,NaN
NaN,NaN,0.00279070989442213,0.00405707608539766,0.000146497918952567,-0.00186008983291686,0.00080021482911737,0.0117206049374848,0.0331602009925215,NaN,NaN,NaN,NaN,NaN,NaN,NaN,NaN,NaN
NaN,NaN,0.00140628026080473,0.00299950342256731,0.000547953827966315,0.000656921183690429,0.0016231500824991,0.0115137768201142,0.0333510289880602,NaN,NaN,NaN,NaN,NaN,NaN,NaN,NaN,NaN
NaN,NaN,0.00250833288979872,0.00487893100459284,0.0021850512760769,0.000798798864707351,0.000143427523047042,0.0108729151300698,0.0346070851179926,NaN,NaN,NaN,NaN,NaN,NaN,NaN,NaN,NaN
NaN,NaN,0.00228425667834623,0.00342202584821886,0.000473094119418723,0.000286962604150176,0.00151768711414964,0.0119581108204632,0.0343509900364249,NaN,NaN,NaN,NaN,NaN,NaN,NaN,NaN,NaN
NaN,NaN,0.00226317153525694,0.00407460357625193,0.00225169671951638,0.00145299709402025,0.0015722812434736,0.0101883185319214,0.0335297311636774,NaN,NaN,NaN,NaN,NaN,NaN,NaN,NaN,NaN
NaN,NaN,0.00297973112416609,0.00434125985581583,0.00162735669194565,-0.000354625517502427,0.00136694324222238,0.0118191574923306,0.0340238164159625,NaN,NaN,NaN,NaN,NaN,NaN,NaN,NaN,NaN
NaN,NaN,0.00139098794412954,0.00357550780851549,0.00147244049488412,0.00154702342115343,0.00205848750677736,0.0110107694975644,0.0331220540198653,NaN,NaN,NaN,NaN,NaN,NaN,NaN,NaN,NaN
NaN,NaN,0.00262959108901365,0.00455194364864534,0.00305263413368569,0.00165380886755884,0.000760465981632781,0.0101484020463734,0.0348168003353445,NaN,NaN,NaN,NaN,NaN,NaN,NaN,NaN,NaN
NaN,NaN,0.00242330313873632,0.00433747868616289,0.00136967836200104,0.000412449007853866,0.0015301295837465,0.0106726062707215,0.0333272802624075,NaN,NaN,NaN,NaN,NaN,NaN,NaN,NaN,NaN
NaN,NaN,0.00231694610071524,0.00352652024109072,0.00275613827883111,0.00245683244429529,0.00204146293011339,0.00901598830144697,0.0331052529606192,NaN,NaN,NaN,NaN,NaN,NaN,NaN,NaN,NaN
NaN,NaN,0.00276280747008665,0.00500935341794199,0.00271776778875695,0.000637065386399627,0.00198569533434541,0.0109350529722481,0.0331447596642344,NaN,NaN,NaN,NaN,NaN,NaN,NaN,NaN,NaN
NaN,NaN,0.0017631258184944,0.0037660936601848,0.00265875919042931,0.00296250334940851,0.00263218221274049,0.00989448625963026,0.0325489926132529,NaN,NaN,NaN,NaN,NaN,NaN,NaN,NaN,NaN
NaN,NaN,0.00239703984213217,0.00535792883116907,0.00406786887227402,0.0025798415299505,0.00149434817042978,0.00934146691482359,0.0336558881196349,NaN,NaN,NaN,NaN,NaN,NaN,NaN,NaN,NaN
NaN,NaN,0.00253562064123495,0.00491314779598421,0.00235764397560464,0.00150274834595621,0.00218810898271234,0.00922952194135481,0.0328857216033308,NaN,NaN,NaN,NaN,NaN,NaN,NaN,NaN,NaN
NaN,NaN,0.00236680911136015,0.00442988451201624,0.00342248095451699,0.0029986014124006,0.00245869544354112,0.00803931031744772,0.0324939887019961,NaN,NaN,NaN,NaN,NaN,NaN,NaN,NaN,NaN
NaN,NaN,0.0027723814661537,0.00547141980011171,0.00344805507241593,0.00124423182569444,0.00111148146000536,0.00918951232354933,0.0330315853449671,NaN,NaN,NaN,NaN,NaN,NaN,NaN,NaN,NaN
NaN,NaN,0.00192288489294394,0.00402872662622637,0.00279899774371491,0.00210961676202714,0.00167915982213647,0.00829622496288114,0.0325326572152941,NaN,NaN,NaN,NaN,NaN,NaN,NaN,NaN,NaN
NaN,NaN,0.00330915854525908,0.00573364298422045,0.00416707335292206,0.00242276466451585,0.00086546328869493,0.00739865351836973,0.0329253214392035,NaN,NaN,NaN,NaN,NaN,NaN,NaN,NaN,NaN
NaN,NaN,0.00300578952980383,0.00553046565134234,0.00305490656076775,0.000819641863927245,0.00183752191272409,0.00800768260281378,0.0321992996129363,NaN,NaN,NaN,NaN,NaN,NaN,NaN,NaN,NaN
NaN,NaN,0.00313788832378729,0.00466526697952455,0.00367485074578629,0.00282474211417139,0.00193288934436471,0.00668732796232992,0.0316735866460173,NaN,NaN,NaN,NaN,NaN,NaN,NaN,NaN,NaN
NaN,NaN,0.00343160883736952,0.00616624232012934,0.00417845411478387,0.00106810010038316,0.00103665900436075,0.00747997660558516,0.0329402784797518,NaN,NaN,NaN,NaN,NaN,NaN,NaN,NaN,NaN
NaN,NaN,0.00288615183186873,0.00475111629445261,0.00336414290844308,0.00166233978234231,0.00108460349050195,0.00663061041753584,0.0319378214868872,NaN,NaN,NaN,NaN,NaN,NaN,NaN,NaN,NaN
NaN,NaN,0.00317335308742865,0.00588500152904696,0.00452280132352219,0.00261316425167024,0.000753127159744811,0.00579061333458715,0.0328830766472189,NaN,NaN,NaN,NaN,NaN,NaN,NaN,NaN,NaN
NaN,NaN,0.00342741788578375,0.00573429491002268,0.00337593345223771,0.00073016039095819,0.00171201688256891,0.00681851406019026,0.0315274993869631,NaN,NaN,NaN,NaN,NaN,NaN,NaN,NaN,NaN
NaN,NaN,0.00278655619573935,0.00472949098427004,0.00328769995151864,0.00322496867738664,0.00194892671909959,0.00550976369898611,0.0318332898411124,NaN,NaN,NaN,NaN,NaN,NaN,NaN,NaN,NaN
NaN,NaN,0.00336304486942633,0.00595323022086329,0.00448126433669434,0.00181805691681802,0.000308942171007705,0.00598799784105116,0.0319750371369688,NaN,NaN,NaN,NaN,NaN,NaN,NaN,NaN,NaN
NaN,NaN,0.00256128789139135,0.0050960409231872,0.00298744155346261,0.00206964439712465,0.000668991478354049,0.005322325717619,0.0309755044969885,NaN,NaN,NaN,NaN,NaN,NaN,NaN,NaN,NaN
NaN,NaN,0.00315159739208563,0.00574560116607851,0.00417711301027642,0.00351118273101747,0.000880774231821609,0.00491183597963148,0.0310692514273493,NaN,NaN,NaN,NaN,NaN,NaN,NaN,NaN,NaN
NaN,NaN,0.00376288027716024,0.00552189748365587,0.00321375293909417,0.00143099925480783,0.00157457229700716,0.0060523336045056,0.030238008776602,NaN,NaN,NaN,NaN,NaN,NaN,NaN,NaN,NaN
NaN,NaN,0.00267321423840864,0.00463589306552118,0.00310909090815888,0.00381877995096147,0.00173135113921793,0.00461811546604925,0.030746585408148,NaN,NaN,NaN,NaN,NaN,NaN,NaN,NaN,NaN
NaN,NaN,0.00339577154469832,0.0059791209884376,0.00499105168758736,0.00259701511822641,0.000678062560230803,0.00473350633304411,0.0300372156295149,NaN,NaN,NaN,NaN,NaN,NaN,NaN,NaN,NaN
NaN,NaN,0.0024483184630905,0.00509380574900812,0.00322489155708657,0.00316128483973444,0.00123721000757844,0.00439195309202963,0.0289559687468378,NaN,NaN,NaN,NaN,NaN,NaN,NaN,NaN,NaN
NaN,NaN,0.00302085832906111,0.00488755505163378,0.00479251234113084,0.0041439791675657,0.00142954674568803,0.00446383256833845,0.0297536279055445,NaN,NaN,NaN,NaN,NaN,NaN,NaN,NaN,NaN
NaN,NaN,0.00296812684488638,0.00548425342518992,0.00401228754102097,0.00230821198783815,0.00171618920770319,0.00516349796574408,0.0294266964289515,NaN,NaN,NaN,NaN,NaN,NaN,NaN,NaN,NaN
NaN,NaN,0.00265259475660666,0.00422663267333216,0.00361900864421235,0.00487164012156427,0.00261165586319597,0.00421926726024443,0.0293670917841761,NaN,NaN,NaN,NaN,NaN,NaN,NaN,NaN,NaN
NaN,NaN,0.00319240794730528,0.00570471610505289,0.00529442070304261,0.00361878774128854,0.0012184345444742,0.00401245776932531,0.0290543164107172,NaN,NaN,NaN,NaN,NaN,NaN,NaN,NaN,NaN
NaN,NaN,0.00267241330099447,0.00516596462208933,0.00323696149765359,0.00369714922271669,0.00244168949332864,0.00492675576727682,0.0282853047344057,NaN,NaN,NaN,NaN,NaN,NaN,NaN,NaN,NaN
NaN,NaN,0.00294327915859564,0.00551386948306269,0.00520723028360711,0.00533726415596902,0.00239137944784791,0.00399379406493002,0.0284566122087805,NaN,NaN,NaN,NaN,NaN,NaN,NaN,NaN,NaN
NaN,NaN,0.00331554741812094,0.00588615636903948,0.00434618531047211,0.00320647261105478,0.00176633161512048,0.00465235088389212,0.0288505430313914,NaN,NaN,NaN,NaN,NaN,NaN,NaN,NaN,NaN
NaN,NaN,0.00203641311478956,0.00450701664764589,0.00345602719365464,0.00505812815390527,0.00245435548034341,0.00293303627889448,0.0279442916604845,NaN,NaN,NaN,NaN,NaN,NaN,NaN,NaN,NaN
NaN,NaN,0.00297116295647963,0.00571907709915346,0.00546701340257035,0.00413991860114038,0.000574667127996993,0.0027874333075791,0.0287814388963549,NaN,NaN,NaN,NaN,NaN,NaN,NaN,NaN,NaN
NaN,NaN,0.00261273415041311,0.00511282335598177,0.0032800444799553,0.0037685816641897,0.00222800684180887,0.00408133838694387,0.0273400682005255,NaN,NaN,NaN,NaN,NaN,NaN,NaN,NaN,NaN
NaN,NaN,0.00209188268733366,0.00466930891949839,0.00491656450806962,0.00550680211745203,0.00187615317311914,0.00281680722158247,0.0283442947062819,NaN,NaN,NaN,NaN,NaN,NaN,NaN,NaN,NaN
NaN,NaN,0.00296116055202826,0.00581571112949556,0.00386526895939217,0.00333259231410921,0.00170354184713991,0.00364486474912458,0.0281384351643889,NaN,NaN,NaN,NaN,NaN,NaN,NaN,NaN,NaN
NaN,NaN,0.00151561753106459,0.00371472190696901,0.00302655710159646,0.00455726287327707,0.00216195744481714,0.00206837777416998,0.0272562677952616,NaN,NaN,NaN,NaN,NaN,NaN,NaN,NaN,NaN
NaN,NaN,0.00231033371043547,0.00485862817246622,0.00479474751530991,0.00391640118323267,0.000490699084669662,0.00200786043327147,0.0277863020989268,NaN,NaN,NaN,NaN,NaN,NaN,NaN,NaN,NaN
NaN,NaN,0.00213300989222868,0.0039167630263061,0.00271415425716744,0.00261538079939783,0.00159969938007028,0.00245029453556829,0.0266374598237841,NaN,NaN,NaN,NaN,NaN,NaN,NaN,NaN,NaN
NaN,NaN,0.00166420073461874,0.00411547001082605,0.00400597317396508,0.00453312299214303,0.000943470867544723,0.00122765425961309,0.0270970861408083,NaN,NaN,NaN,NaN,NaN,NaN,NaN,NaN,NaN
NaN,NaN,0.00208595947575911,0.00460463787991709,0.00374775467692719,0.0025175919290632,0.000944923730761123,0.00121640388291174,0.0263581934365599,NaN,NaN,NaN,NaN,NaN,NaN,NaN,NaN,NaN
NaN,NaN,0.000852758001807767,0.00290527220446772,0.00274624763308869,0.00405695638619363,0.00138944399562509,0.000984038900545178,0.025734337696728,NaN,NaN,NaN,NaN,NaN,NaN,NaN,NaN,NaN
NaN,NaN,0.00114105821800573,0.00399721067030138,0.00497283501802788,0.00430513522587717,0.000524096312195373,0.00137120832126432,0.0261891956421702,NaN,NaN,NaN,NaN,NaN,NaN,NaN,NaN,NaN
NaN,NaN,0.0015739555771385,0.0037530178912372,0.00279724685727463,0.00286979950033128,0.00184547540751131,0.00190429736297422,0.026075723299679,NaN,NaN,NaN,NaN,NaN,NaN,NaN,NaN,NaN
NaN,NaN,0.00145448551726683,0.00372742514688677,0.00417916191994057,0.0050556322094053,0.00157261651960046,0.000593051057270107,0.0258765320274203,NaN,NaN,NaN,NaN,NaN,NaN,NaN,NaN,NaN
NaN,NaN,0.00221343890977247,0.00444391022998995,0.00435693277298318,0.00389445922337472,0.00171192375031145,0.000779483210256634,0.0256861324402659,NaN,NaN,NaN,NaN,NaN,NaN,NaN,NaN,NaN
NaN,NaN,0.0011847372467552,0.00284274320680803,0.00261291949330674,0.00494275591336191,0.00241505366769464,0.00187270690124327,0.0248895536157458,NaN,NaN,NaN,NaN,NaN,NaN,NaN,NaN,NaN
NaN,NaN,0.00160649598789557,0.0037716815956325,0.00488344667731629,0.00535069382749498,0.0019496345242563,0.00128873039405638,0.0256024251672594,NaN,NaN,NaN,NaN,NaN,NaN,NaN,NaN,NaN
NaN,NaN,0.00197272927713736,0.00432889189202494,0.00292634679256783,0.0040069071110338,0.00294316944685609,0.00284524981301123,0.0254928271266787,NaN,NaN,NaN,NaN,NaN,NaN,NaN,NaN,NaN
NaN,NaN,0.0012956763918434,0.00364481683451838,0.00448657287536965,0.00616709119640291,0.00319749501553209,0.00149144206564718,0.0250438923928111,NaN,NaN,NaN,NaN,NaN,NaN,NaN,NaN,NaN
NaN,NaN,0.00202551664066656,0.00470963518697924,0.00485709024845467,0.00522241345606744,0.00308959198203714,0.00200065199654394,0.025145704576668,NaN,NaN,NaN,NaN,NaN,NaN,NaN,NaN,NaN
NaN,NaN,0.0012205931658779,0.00301157336313433,0.00255741266785966,0.00550819910131395,0.00415577006545694,0.00299558390300566,0.0243685345146029,NaN,NaN,NaN,NaN,NaN,NaN,NaN,NaN,NaN
NaN,NaN,0.00131918297362669,0.00363088424880213,0.00517753971992837,0.00640962622128427,0.00364954036679895,0.00169124801080519,0.0249235468897192,NaN,NaN,NaN,NaN,NaN,NaN,NaN,NaN,NaN
NaN,NaN,0.00148087919903143,0.0049044492431373,0.00293389050542222,0.00386022380553186,0.00359809410777719,0.00301435936610991,0.0245848993751376,NaN,NaN,NaN,NaN,NaN,NaN,NaN,NaN,NaN
NaN,NaN,0.000564886193994122,0.00291220124442286,0.0040802740889679,0.00650508678518236,0.00446306926217706,0.00172939498346144,0.0242423030528395,NaN,NaN,NaN,NaN,NaN,NaN,NaN,NaN,NaN
NaN,NaN,0.00187900097322805,0.00475087415058321,0.00399645505725251,0.00469604856334627,0.00369530555811555,0.00253495175760084,0.0247517923805087,NaN,NaN,NaN,NaN,NaN,NaN,NaN,NaN,NaN
NaN,NaN,0.000792091649297314,0.00180517535288042,0.00199623493729935,0.00448977923952043,0.00422103715148599,0.00191584576289946,0.0236770647558539,NaN,NaN,NaN,NaN,NaN,NaN,NaN,NaN,NaN
NaN,NaN,0.000169483881715375,0.00355812932927317,0.00433426438151703,0.00551835051737726,0.00341650483217866,0.000876415263822613,0.0238769452068179,NaN,NaN,NaN,NaN,NaN,NaN,NaN,NaN,NaN
NaN,NaN,0.00116048560691221,0.00371986280758089,0.00226030214010583,0.0029259396251291,0.00344347593393953,0.00159742657463842,0.0230610134991972,NaN,NaN,NaN,NaN,NaN,NaN,NaN,NaN,NaN
NaN,NaN,-4.29694240059083e-05,0.00227983321625895,0.00321688218294488,0.00617821118794382,0.00406884041634233,0.00125926334779554,0.0230518306586115,NaN,NaN,NaN,NaN,NaN,NaN,NaN,NaN,NaN
NaN,NaN,0.000638162654164868,0.00351242001731104,0.00319484709082947,0.00424294150434434,0.00261778396573694,0.00147523705284887,0.0236050735208361,NaN,NaN,NaN,NaN,NaN,NaN,NaN,NaN,NaN
NaN,NaN,-8.91443972553437e-05,0.00137648757178492,0.00122098339973794,0.003691561287269,0.00388972845879228,0.00140041459720427,0.0218490089270441,NaN,NaN,NaN,NaN,NaN,NaN,NaN,NaN,NaN
NaN,NaN,-0.000720283079620761,0.00280023764450258,0.00305492518721924,0.00507705262862146,0.00260841486063631,-0.000184268016406956,0.0220928664299815,NaN,NaN,NaN,NaN,NaN,NaN,NaN,NaN,NaN
NaN,NaN,0.000528713625196057,0.00328372444588846,0.00202914787708626,0.00262210494838655,0.00303224113789232,0.000909626226833401,0.0220025095137923,NaN,NaN,NaN,NaN,NaN,NaN,NaN,NaN,NaN
NaN,NaN,-0.00150674774098055,0.00157569747049517,0.00210180966435776,0.00473521999083459,0.00395171728935869,0.00092881147187048,0.02152842907041,NaN,NaN,NaN,NaN,NaN,NaN,NaN,NaN,NaN
NaN,NaN,0.000139830570939618,0.00310034703094668,0.00297146005808221,0.00337681150995195,0.00282310334053667,0.000264126550367413,0.0218551742824881,NaN,NaN,NaN,NaN,NaN,NaN,NaN,NaN,NaN
NaN,NaN,-0.000608319479700488,0.00142364974696344,0.00127611769615517,0.00350460759364069,0.0047252738198343,0.00146141622584158,0.0207930940183966,NaN,NaN,NaN,NaN,NaN,NaN,NaN,NaN,NaN
NaN,NaN,-0.000369938153501911,0.00264224808294481,0.00361776067196236,0.00503510585986078,0.00353556511011751,-0.000181921083518925,0.0209424595329134,NaN,NaN,NaN,NaN,NaN,NaN,NaN,NaN,NaN
NaN,NaN,0.000294262480262357,0.00337052370984263,0.00241374684749947,0.00336859724484384,0.00443732750621469,0.00232989315312201,0.0212717006894915,NaN,NaN,NaN,NaN,NaN,NaN,NaN,NaN,NaN
NaN,NaN,-0.00127188681411402,0.00148070256788439,0.00190619467078553,0.00558486557565629,0.00496147585120828,0.0011787039450913,0.0206966276261179,NaN,NaN,NaN,NaN,NaN,NaN,NaN,NaN,NaN
NaN,NaN,-0.000192781973358554,0.00302312176305956,0.00375751493750916,0.00451308093033731,0.00425083947387369,0.000975172709634838,0.0214622306618063,NaN,NaN,NaN,NaN,NaN,NaN,NaN,NaN,NaN
NaN,NaN,-0.000927949387308521,0.00179224859554476,0.00205637974916802,0.00418437994085252,0.00537017744985254,0.00171849850933844,0.0200187179240553,NaN,NaN,NaN,NaN,NaN,NaN,NaN,NaN,NaN
NaN,NaN,-0.00102292566346781,0.00228346537429995,0.00429868785916672,0.00616189441643655,0.0048778617104593,0.000750947486570415,0.0200790303739874,NaN,NaN,NaN,NaN,NaN,NaN,NaN,NaN,NaN
NaN,NaN,-0.000230928946014804,0.00335765283186144,0.00256853265940056,0.00378173193894327,0.00502379995790155,0.0026932020894795,0.0209795634242861,NaN,NaN,NaN,NaN,NaN,NaN,NaN,NaN,NaN
NaN,NaN,-0.00182833342599527,0.000888064760753575,0.00243196351705895,0.00581754720769823,0.00635672745314271,0.00179237101595694,0.019530220607218,NaN,NaN,NaN,NaN,NaN,NaN,NaN,NaN,NaN
NaN,NaN,-0.000790132272716922,0.0030426422842235,0.00411458401261674,0.00486016622744501,0.00507954892721803,0.00148039657991224,0.0200336749646037,NaN,NaN,NaN,NaN,NaN,NaN,NaN,NaN,NaN
NaN,NaN,-0.00130053429650919,0.00133232425529665,0.00214913947759972,0.00439161784015596,0.00629138586130769,0.00183049936216169,0.0188299777898161,NaN,NaN,NaN,NaN,NaN,NaN,NaN,NaN,NaN
NaN,NaN,-0.00153152092146532,0.00155796508867449,0.00327849848448144,0.00538902706466615,0.00533882913199098,0.00088010330121809,0.0190775047036974,NaN,NaN,NaN,NaN,NaN,NaN,NaN,NaN,NaN
NaN,NaN,-0.00104633911299364,0.00235361259061998,0.00190017832695351,0.00356993055902421,0.00532595825400979,0.00191178519647413,0.0197743761333792,NaN,NaN,NaN,NaN,NaN,NaN,NaN,NaN,NaN
NaN,NaN,-0.00191464840221064,0.00067672904212183,0.000874941183913809,0.00455962843261659,0.00594919932094247,0.00081582341711813,0.0174589405748217,NaN,NaN,NaN,NaN,NaN,NaN,NaN,NaN,NaN
NaN,NaN,-0.00181298522996561,0.00207268844921297,0.00322390435515748,0.00504946685396135,0.00487855088916452,-0.000108458358833256,0.0186510707232325,NaN,NaN,NaN,NaN,NaN,NaN,NaN,NaN,NaN
NaN,NaN,-0.00154280855106966,0.00112134243924326,0.000852216913093192,0.00316663063131273,0.00635562849250467,0.00193447221439177,0.017203981706795,NaN,NaN,NaN,NaN,NaN,NaN,NaN,NaN,NaN
NaN,NaN,-0.00206552265929834,0.00082616906244463,0.00250129116951333,0.00504311523400247,0.00529755291548402,0.000621158372572002,0.0182878921720355,NaN,NaN,NaN,NaN,NaN,NaN,NaN,NaN,NaN
NaN,NaN,-0.00103164284276621,0.00253142069656557,0.00211466191588746,0.0023872999008745,0.00519706320968301,0.00210065741460615,0.018554269054827,NaN,NaN,NaN,NaN,NaN,NaN,NaN,NaN,NaN
NaN,NaN,-0.00185424282002108,0.000510767359325352,0.000832491500962836,0.00395909301005304,0.00561355066505105,0.000571388494184551,0.0160016628894179,NaN,NaN,NaN,NaN,NaN,NaN,NaN,NaN,NaN
NaN,NaN,-0.00147286622571604,0.00189922030646509,0.00331597490488396,0.00411112210713327,0.00531923410502107,-3.12889703006172e-05,0.0181943128797381,NaN,NaN,NaN,NaN,NaN,NaN,NaN,NaN,NaN
NaN,NaN,-0.0012711976354088,0.00109345864135927,0.000925064964879615,0.00243159360252321,0.00602003571596773,0.00213858086984449,0.0169663640651076,NaN,NaN,NaN,NaN,NaN,NaN,NaN,NaN,NaN
NaN,NaN,-0.00175287767099993,0.000897862274238529,0.00239245681344376,0.00415083370171487,0.00521613669601114,-0.00012591134388155,0.0181091154906123,NaN,NaN,NaN,NaN,NaN,NaN,NaN,NaN,NaN
NaN,NaN,-0.00109985290813105,0.00185209538418955,0.00216873450456963,0.00273215002380311,0.00479033601489694,0.00156231571357542,0.0171790036353438,NaN,NaN,NaN,NaN,NaN,NaN,NaN,NaN,NaN
NaN,NaN,-0.00132417126345293,0.000312879938671055,0.00114135531960831,0.00345209962688386,0.00560818624702127,0.00104505915563398,0.0158650751206248,NaN,NaN,NaN,NaN,NaN,NaN,NaN,NaN,NaN
NaN,NaN,-0.00158712087916986,0.00128786291558451,0.0027203009861599,0.00397760770283639,0.00566514593568475,0.000933598469904003,0.0169982525500624,NaN,NaN,NaN,NaN,NaN,NaN,NaN,NaN,NaN
NaN,NaN,-0.00108800648498194,0.000773977745363178,0.000622813536513907,0.00197366229258478,0.00635343057122858,0.00282945458214575,0.0163461032304137,NaN,NaN,NaN,NaN,NaN,NaN,NaN,NaN,NaN
NaN,NaN,-0.00248225225853578,0.00025832306225008,0.00180225907145844,0.00455005443654954,0.00630233821478517,0.000625684600284634,0.0160271625015109,NaN,NaN,NaN,NaN,NaN,NaN,NaN,NaN,NaN
NaN,NaN,-0.00162105827378885,0.00138339798528856,0.00195885164915429,0.00230362988077104,0.00550356146898897,0.00202237043898397,0.0158540110084383,NaN,NaN,NaN,NaN,NaN,NaN,NaN,NaN,NaN
NaN,NaN,-0.00162100239443438,0.000125646848270359,0.00125851569949494,0.0033788604196161,0.00650482636895807,0.00144921590011412,0.0144619445297091,NaN,NaN,NaN,NaN,NaN,NaN,NaN,NaN,NaN
NaN,NaN,-0.00209787680554048,0.000330146659204426,0.00269128097473488,0.00369435525499284,0.00637215015497835,0.00148624528568083,0.0156125004383891,NaN,NaN,NaN,NaN,NaN,NaN,NaN,NaN,NaN
NaN,NaN,-0.00108178525018351,1.10755451411628e-05,0.000462719185937506,0.00196569017134607,0.00628471759167345,0.00318268660824591,0.0151126223596899,NaN,NaN,NaN,NaN,NaN,NaN,NaN,NaN,NaN
NaN,NaN,-0.00283324911045687,-0.000268209468534527,0.0012055606979023,0.00415208167396486,0.00647718471494348,0.00120256442945295,0.0142304736170142,NaN,NaN,NaN,NaN,NaN,NaN,NaN,NaN,NaN
NaN,NaN,-0.00181237055706636,0.00132042195279306,0.00152289955197678,0.00274852267466486,0.0057803132852617,0.00260357160489851,0.0151399659904807,NaN,NaN,NaN,NaN,NaN,NaN,NaN,NaN,NaN
NaN,NaN,-0.00288581295656816,-0.000574819486549435,0.000695251806367499,0.00320820487104356,0.00753473875132234,0.00281526122610861,0.0128695691916316,NaN,NaN,NaN,NaN,NaN,NaN,NaN,NaN,NaN
NaN,NaN,-0.00239191396879808,-0.000126965086868343,0.00202821655451165,0.00428622937761247,0.00663418707457216,0.00216644604127699,0.0152115846964686,NaN,NaN,NaN,NaN,NaN,NaN,NaN,NaN,NaN
NaN,NaN,-0.00192850648212091,7.24124499053382e-05,0.000106935335982901,0.00141680589877069,0.00671301421728761,0.00324124817173773,0.013679968843159,NaN,NaN,NaN,NaN,NaN,NaN,NaN,NaN,NaN
NaN,NaN,-0.00293412997173921,-0.000982217233589229,0.000724923743594748,0.00333674601279199,0.00614006456938417,0.001323561858347,0.0135469759795039,NaN,NaN,NaN,NaN,NaN,NaN,NaN,NaN,NaN
NaN,NaN,-0.00206857739734308,0.00135558869321054,0.00127522362648354,0.00264760456047952,0.00567166519370706,0.00272145841639334,0.0139371070060103,NaN,NaN,NaN,NaN,NaN,NaN,NaN,NaN,NaN
NaN,NaN,-0.00239688723134653,-0.000867645930460033,1.09346049915378e-05,0.00241347006522119,0.00689281535354288,0.00308957297723585,0.0130308928880064,NaN,NaN,NaN,NaN,NaN,NaN,NaN,NaN,NaN
NaN,NaN,-0.00204104750203745,-3.58444861679648e-05,0.00160310505210267,0.00401599681936204,0.00618331518974931,0.001705012958458,0.014184801557955,NaN,NaN,NaN,NaN,NaN,NaN,NaN,NaN,NaN
NaN,NaN,-0.00177636562633173,-9.93420593052483e-05,0.000386704637397391,0.000523220514878631,0.00559481245484979,0.00285482380907827,0.0133711795303194,NaN,NaN,NaN,NaN,NaN,NaN,NaN,NaN,NaN
NaN,NaN,-0.00277506007599489,-0.000890351574829159,0.000294019414771659,0.00356447300873697,0.00609560322967203,0.00163192276280218,0.012729330638346,NaN,NaN,NaN,NaN,NaN,NaN,NaN,NaN,NaN
NaN,NaN,-0.0019169208292927,0.000911832112857762,0.000841283186067206,0.00207208446227014,0.00505578157511384,0.00274695802848631,0.0135068359765379,NaN,NaN,NaN,NaN,NaN,NaN,NaN,NaN,NaN
NaN,NaN,-0.00177228643345491,-0.000706154596021709,-0.00079110176981582,0.00224685645662248,0.00614311930742891,0.0029366311840325,0.0119547124001353,NaN,NaN,NaN,NaN,NaN,NaN,NaN,NaN,NaN
NaN,NaN,-0.00234432338523523,-0.00040042002122694,0.000236836208690268,0.0027147529181093,0.00510637101736696,0.000960625451019344,0.0122074919733374,NaN,NaN,NaN,NaN,NaN,NaN,NaN,NaN,NaN
NaN,NaN,-0.00236622809219019,-0.000692818056753216,-0.000436454133402246,-0.000593435252085328,0.00435069588032396,0.00227254230897718,0.0121062199565737,NaN,NaN,NaN,NaN,NaN,NaN,NaN,NaN,NaN
NaN,NaN,-0.00308593555140154,-0.00122538555782133,-0.00149492086590423,0.00230208388529718,0.0052147769650522,0.00169933189075285,0.0111927228960364,NaN,NaN,NaN,NaN,NaN,NaN,NaN,NaN,NaN
NaN,NaN,-0.00262563868212358,-0.000216800462415752,-9.21814304698882e-05,0.00171684077940881,0.00396557536926897,0.00210430819909864,0.012500281164345,NaN,NaN,NaN,NaN,NaN,NaN,NaN,NaN,NaN
NaN,NaN,-0.00273573963689463,-0.00137676272909933,-0.00246111215771331,0.00140294781886041,0.00530690339413316,0.00280253935973936,0.0107308614048331,NaN,NaN,NaN,NaN,NaN,NaN,NaN,NaN,NaN
NaN,NaN,-0.00354666082906382,-0.00115434427182966,-0.00079698772848739,0.00186911202035844,0.00453606632557542,0.000630993138959942,0.0107985685560076,NaN,NaN,NaN,NaN,NaN,NaN,NaN,NaN,NaN
NaN,NaN,-0.00305415882515566,-0.00139417846124464,-0.00130470754326476,-0.0007756392005831,0.00443736475911768,0.00267962340634161,0.0108609485420554,NaN,NaN,NaN,NaN,NaN,NaN,NaN,NaN,NaN
NaN,NaN,-0.00376572652506487,-0.00152407933395201,-0.00278409482658996,0.00162018812261522,0.00512196135726602,0.00171102930229002,0.00979452831476616,NaN,NaN,NaN,NaN,NaN,NaN,NaN,NaN,NaN
NaN,NaN,-0.00327748997854845,-0.000885918479373989,-0.000353268401037591,0.00119433156214654,0.00398014125433595,0.00223959211628729,0.0108864481541483,NaN,NaN,NaN,NaN,NaN,NaN,NaN,NaN,NaN
NaN,NaN,-0.00297408371019022,-0.00112215776365095,-0.00280178995550765,0.000749643659219146,0.00542270404306085,0.00301812190931135,0.00940396887987542,NaN,NaN,NaN,NaN,NaN,NaN,NaN,NaN,NaN
NaN,NaN,-0.00418847246813433,-0.00178572509806448,-0.00103918747724189,0.0016848964150995,0.00457495835629137,0.000969119112899837,0.00938303274839806,NaN,NaN,NaN,NaN,NaN,NaN,NaN,NaN,NaN
NaN,NaN,-0.0022806954269375,-0.00106516082208448,-0.00161833973349227,-0.000764500582590699,0.00450550031867654,0.00344068158786589,0.0100942465457289,NaN,NaN,NaN,NaN,NaN,NaN,NaN,NaN,NaN
NaN,NaN,-0.00371763302731172,-0.00232516575973326,-0.00278325663627281,0.00135597190819681,0.00548109796848924,0.00246925626318747,0.00860802335470605,NaN,NaN,NaN,NaN,NaN,NaN,NaN,NaN,NaN
NaN,NaN,-0.00283010124015467,-0.000720347952058849,-0.000570899860273736,0.00163169926963747,0.00474865001645715,0.00294538561623388,0.00968409208386826,NaN,NaN,NaN,NaN,NaN,NaN,NaN,NaN,NaN
NaN,NaN,-0.00280074595260279,-0.00112415079396063,-0.00296994955958022,-0.000321433180943131,0.00546234113183649,0.00325287107746893,0.00833121565907883,NaN,NaN,NaN,NaN,NaN,NaN,NaN,NaN,NaN
NaN,NaN,-0.00361000939058916,-0.00180032823603445,-0.000955498830686944,0.00163190416060388,0.00536356505957277,0.00182628978412443,0.00893294317453789,NaN,NaN,NaN,NaN,NaN,NaN,NaN,NaN,NaN
NaN,NaN,-0.00256411551284449,-0.00107173595946127,-0.00216446729124679,-0.000639945501461625,0.00383254525271089,0.00349238861720854,0.00928133232325005,NaN,NaN,NaN,NaN,NaN,NaN,NaN,NaN,NaN
NaN,NaN,-0.00405680208253519,-0.00228785697739416,-0.0034188097876419,0.000764339929446578,0.00476722058859498,0.00245921660583311,0.0074012341889708,NaN,NaN,NaN,NaN,NaN,NaN,NaN,NaN,NaN
NaN,NaN,-0.00334556965875284,-0.00126597259562307,-0.00119153322399749,0.000992215937003493,0.00335943338480623,0.00234373260658079,0.0085308725926249,NaN,NaN,NaN,NaN,NaN,NaN,NaN,NaN,NaN
NaN,NaN,-0.0029365886633362,-0.00206046525757605,-0.00345647247255935,-0.001353524858132,0.0043571220060888,0.00267410997669989,0.00690487650960373,NaN,NaN,NaN,NaN,NaN,NaN,NaN,NaN,NaN
NaN,NaN,-0.0036660936360325,-0.00297187615554625,-0.0020239679676403,0.000996071612462401,0.0042745509466234,0.0016326119415074,0.00797634450524735,NaN,NaN,NaN,NaN,NaN,NaN,NaN,NaN,NaN
NaN,NaN,-0.00333249388980524,-0.00217155341427618,-0.00278646038592948,-0.00214276486076415,0.00218488660660417,0.00264229599755102,0.00802181167334008,NaN,NaN,NaN,NaN,NaN,NaN,NaN,NaN,NaN
NaN,NaN,-0.00409278838681833,-0.00286481131236845,-0.00437609763563766,-0.000781152630224824,0.00323387247529657,0.0021184643022328,0.00613226992815423,NaN,NaN,NaN,NaN,NaN,NaN,NaN,NaN,NaN
NaN,NaN,-0.00436346797990457,-0.00204787377636724,-0.00246554525316848,-0.00121915363706648,0.0019472130855623,0.00117529530446821,0.00670203445285248,NaN,NaN,NaN,NaN,NaN,NaN,NaN,NaN,NaN
NaN,NaN,-0.00312989397692339,-0.00250796575467878,-0.00505734147251739,-0.00364392646588385,0.00281894964185388,0.00253226954858595,0.00596921397179055,NaN,NaN,NaN,NaN,NaN,NaN,NaN,NaN,NaN
NaN,NaN,-0.00465081824707643,-0.00393527347963148,-0.00416533933700218,-0.00180612900294363,0.00204416376557977,0.000344946723392544,0.00609732670515465,NaN,NaN,NaN,NaN,NaN,NaN,NaN,NaN,NaN
NaN,NaN,-0.00373037352013247,-0.0025294793061524,-0.00441089184702529,-0.00356711097992957,0.000422787042528701,0.0015320849828034,0.00631672767728257,NaN,NaN,NaN,NaN,NaN,NaN,NaN,NaN,NaN
NaN,NaN,-0.00513391389298098,-0.00300776932757193,-0.00560484738768234,-0.00288869836367667,0.00229331118074091,0.000968206416776714,0.00423205522626328,NaN,NaN,NaN,NaN,NaN,NaN,NaN,NaN,NaN
NaN,NaN,-0.00440032972740786,-0.00290472779791647,-0.0033028042477478,-0.00215058797039092,0.00145769131389291,0.00130439523976141,0.00488806022137093,NaN,NaN,NaN,NaN,NaN,NaN,NaN,NaN,NaN
NaN,NaN,-0.00310905097770349,-0.00253646422546202,-0.00517439009369506,-0.00449899234808981,0.00212399673667581,0.00270987276356512,0.00512528670757699,NaN,NaN,NaN,NaN,NaN,NaN,NaN,NaN,NaN
NaN,NaN,-0.00426368607926027,-0.00419215087216192,-0.004519390926968,-0.0021501409355551,0.00209330034461648,0.000694416206291256,0.00467873615950036,NaN,NaN,NaN,NaN,NaN,NaN,NaN,NaN,NaN
NaN,NaN,-0.00347588031339304,-0.00239706386249357,-0.00381614925087585,-0.00364225008524954,0.000202678265244079,0.00156391758840376,0.00489549217551636,NaN,NaN,NaN,NaN,NaN,NaN,NaN,NaN,NaN
NaN,NaN,-0.00421747385310785,-0.00346979845683866,-0.00540716485799445,-0.00370140769518912,0.00296609860864313,0.00193154786150747,0.00297225517958092,NaN,NaN,NaN,NaN,NaN,NaN,NaN,NaN,NaN
NaN,NaN,-0.00338017760562555,-0.00297543380778128,-0.00356307165444984,-0.00180763774551451,0.00139270362463624,0.00212628741185957,0.00437719253629136,NaN,NaN,NaN,NaN,NaN,NaN,NaN,NaN,NaN
NaN,NaN,-0.00250091596293108,-0.00229191754381948,-0.0048531396848072,-0.00499592744745314,0.00255316880551012,0.00321887780349546,0.00502690179079461,NaN,NaN,NaN,NaN,NaN,NaN,NaN,NaN,NaN
NaN,NaN,-0.0044164602344002,-0.00420273069660955,-0.00457648100079192,-0.00206444063223898,0.00250349205938013,0.00166133392970854,0.00382448984116005,NaN,NaN,NaN,NaN,NaN,NaN,NaN,NaN,NaN
NaN,NaN,-0.00343007786917345,-0.00225997317951017,-0.00319886864842071,-0.00350784161128104,0.00114484143462808,0.0020002794675141,0.00398154808014321,NaN,NaN,NaN,NaN,NaN,NaN,NaN,NaN,NaN
NaN,NaN,-0.00339170737909929,-0.00389844898503118,-0.0052910475593914,-0.00331621267832816,0.00314299401846559,0.0032435019723683,0.00274117542236733,NaN,NaN,NaN,NaN,NaN,NaN,NaN,NaN,NaN
NaN,NaN,-0.00294469116973535,-0.00351897228877836,-0.0037164791089405,-0.00202800729312003,0.00182543334570558,0.002132508646658,0.00345412147968697,NaN,NaN,NaN,NaN,NaN,NaN,NaN,NaN,NaN
NaN,NaN,-0.00283375202464716,-0.00299471218507582,-0.00453054817141189,-0.00502923154272139,0.00158572954145105,0.00224011365692907,0.00422765938371109,NaN,NaN,NaN,NaN,NaN,NaN,NaN,NaN,NaN
NaN,NaN,-0.00486450089859621,-0.00512580175321394,-0.00560715706766738,-0.00283827655948699,0.00192283106055887,0.00132346872608953,0.00227853162020134,NaN,NaN,NaN,NaN,NaN,NaN,NaN,NaN,NaN
NaN,NaN,-0.00379346131133692,-0.00327418346326643,-0.00354720191777839,-0.00491153099574149,-0.000331491110652375,0.00104165051501089,0.0036514501067965,NaN,NaN,NaN,NaN,NaN,NaN,NaN,NaN,NaN
NaN,NaN,-0.00376581965732233,-0.00477946151416594,-0.00649198801935806,-0.00470889382995665,0.00157682609763772,0.00247737739603811,0.0021902422401278,NaN,NaN,NaN,NaN,NaN,NaN,NaN,NaN,NaN
NaN,NaN,-0.00384351058649675,-0.00418533359091574,-0.00434106128038062,-0.00388303422369063,-0.000126637397139954,0.000643659125974712,0.00262394053667473,NaN,NaN,NaN,NaN,NaN,NaN,NaN,NaN,NaN
NaN,NaN,-0.00380864186930315,-0.00369517851989561,-0.00579887913287773,-0.00611777999438345,-6.11281672415016e-05,0.00160048131268316,0.00271830213993477,NaN,NaN,NaN,NaN,NaN,NaN,NaN,NaN,NaN
NaN,NaN,-0.00439237623262064,-0.00536887694518858,-0.00650990666569366,-0.00503087067045271,-0.000608261553376603,-0.00025260846693224,0.000473386326727147,NaN,NaN,NaN,NaN,NaN,NaN,NaN,NaN,NaN
NaN,NaN,-0.0038579274599518,-0.0040616539530068,-0.00459158705295219,-0.00574258738197386,-0.00171316402944891,0.000559337180069027,0.00173782435983109,NaN,NaN,NaN,NaN,NaN,NaN,NaN,NaN,NaN
NaN,NaN,-0.00339811487841265,-0.00490098048370176,-0.00723427073777809,-0.00622104504145682,-0.000476609794228959,0.0014306080750733,0.000544334480461354,NaN,NaN,NaN,NaN,NaN,NaN,NaN,NaN,NaN
NaN,NaN,-0.00440964295315401,-0.00474131454150969,-0.00520715402187003,-0.00506501295603812,-0.00135035800728171,-0.000701040286609593,0.00127030042737412,NaN,NaN,NaN,NaN,NaN,NaN,NaN,NaN,NaN
NaN,NaN,-0.00331567420410768,-0.00379859257858091,-0.00624911771834983,-0.00779769965447485,-0.00136741983684866,0.000604729842355785,0.00137866912215638,NaN,NaN,NaN,NaN,NaN,NaN,NaN,NaN,NaN
NaN,NaN,-0.00474331720518724,-0.00542192507903868,-0.00737270252526893,-0.00611746334470809,-0.00131595495137541,-0.000485215593168202,-0.000313357731405024,NaN,NaN,NaN,NaN,NaN,NaN,NaN,NaN,NaN
NaN,NaN,-0.0037421640639271,-0.00359401826184088,-0.00508574681104316,-0.00637054094113409,-0.00235076609048216,0.000183790665081081,0.00124604878753113,NaN,NaN,NaN,NaN,NaN,NaN,NaN,NaN,NaN
NaN,NaN,-0.00347206189083712,-0.00397468705098921,-0.00693304376424445,-0.00685725011862814,-0.000966615853637147,0.0016410869769364,0.000811661312278981,NaN,NaN,NaN,NaN,NaN,NaN,NaN,NaN,NaN
NaN,NaN,-0.00470280467319147,-0.00378704417865568,-0.00537184910596504,-0.00478841015137732,-0.00121350946816771,-0.000198908407279911,0.000538951435980077,NaN,NaN,NaN,NaN,NaN,NaN,NaN,NaN,NaN
NaN,NaN,-0.0037329625968899,-0.00336245421688849,-0.00574216158808364,-0.00667810090817511,-0.00169202300700514,0.000893234949520168,0.00107550499766755,NaN,NaN,NaN,NaN,NaN,NaN,NaN,NaN,NaN
NaN,NaN,-0.00470377324866907,-0.00543507535379225,-0.00753760250033035,-0.00620092847384512,-0.000690106181233811,0.000742491077592907,-0.000450709184709315,NaN,NaN,NaN,NaN,NaN,NaN,NaN,NaN,NaN
NaN,NaN,-0.00374624325680391,-0.00403796110670858,-0.00458074645818366,-0.00551838078536093,-0.00205726909431784,0.000300634395292339,0.00117968274086403,NaN,NaN,NaN,NaN,NaN,NaN,NaN,NaN,NaN
NaN,NaN,-0.00415721728253023,-0.00388313804190451,-0.00761603848756446,-0.00735742622055113,-0.00121114390882819,0.00164587397496992,0.000489740351137395,NaN,NaN,NaN,NaN,NaN,NaN,NaN,NaN,NaN
NaN,NaN,-0.00513255416202204,-0.00445005271952444,-0.00544620590032234,-0.0047591479960829,-0.00150125089082091,-0.000223048288413944,-0.000187685063186412,NaN,NaN,NaN,NaN,NaN,NaN,NaN,NaN,NaN
NaN,NaN,-0.00364932982968943,-0.00372991685192877,-0.00629292713225974,-0.0072208943311125,-0.00234357628020613,0.000961817543914852,0.00160675002067971,NaN,NaN,NaN,NaN,NaN,NaN,NaN,NaN,NaN
NaN,NaN,-0.0045169685666527,-0.00588902060311132,-0.00760603608311309,-0.00691637047566473,-0.00121285754236548,0.00137107793610388,-0.000638314804139857,NaN,NaN,NaN,NaN,NaN,NaN,NaN,NaN,NaN
NaN,NaN,-0.00439157529520647,-0.00429789323728376,-0.00493854196489944,-0.00557625317014754,-0.00287754076513617,-0.000668853778430882,0.000900434980091328,NaN,NaN,NaN,NaN,NaN,NaN,NaN,NaN,NaN
NaN,NaN,-0.00417405559467928,-0.00379456926505857,-0.00748969526709213,-0.00837349914945662,-0.00215507659110396,0.000324737023523388,-0.000864533057513957,NaN,NaN,NaN,NaN,NaN,NaN,NaN,NaN,NaN
NaN,NaN,-0.00527147023725168,-0.00541430686037832,-0.00613393174232139,-0.00537048676051199,-0.00260362016949027,-0.00117804508287615,-0.00134043889314247,NaN,NaN,NaN,NaN,NaN,NaN,NaN,NaN,NaN
NaN,NaN,-0.00406930043148653,-0.00404887620728308,-0.00679530115545883,-0.00791186117567122,-0.00414488452467291,-0.00072013239938921,0.000316980013546224,NaN,NaN,NaN,NaN,NaN,NaN,NaN,NaN,NaN
NaN,NaN,-0.00431120215701715,-0.00593720723312193,-0.00809635879219665,-0.00774571322835982,-0.0033592208007273,-0.00028285782415575,-0.00164766358405662,NaN,NaN,NaN,NaN,NaN,NaN,NaN,NaN,NaN
NaN,NaN,-0.00537086098241465,-0.00474498395245367,-0.00575916753829612,-0.0058449397329241,-0.00416319432648985,-0.00229870553691095,-0.000322726836505656,NaN,NaN,NaN,NaN,NaN,NaN,NaN,NaN,NaN
NaN,NaN,-0.00480780198025362,-0.00409739811342054,-0.00782960938037528,-0.00932713621295989,-0.00437596428188651,-0.000128444541284504,-0.00141598778039527,NaN,NaN,NaN,NaN,NaN,NaN,NaN,NaN,NaN
NaN,NaN,-0.00478014169978754,-0.00550177667658621,-0.00702042044819488,-0.00640529789961874,-0.00360535073074667,-0.00207773994285769,-0.00164559604794097,NaN,NaN,NaN,NaN,NaN,NaN,NaN,NaN,NaN
NaN,NaN,-0.00428221939849512,-0.00351252753656202,-0.00683111982167854,-0.0089301320258528,-0.00592067453059523,-0.00182617108900255,-0.000649956336322551,NaN,NaN,NaN,NaN,NaN,NaN,NaN,NaN,NaN
NaN,NaN,-0.00405071123289721,-0.00519570682566458,-0.00811822624624862,-0.0086661207024008,-0.00417483585867255,-0.00139860089499659,-0.00208894284636093,NaN,NaN,NaN,NaN,NaN,NaN,NaN,NaN,NaN
NaN,NaN,-0.0048141536002125,-0.00411956359069639,-0.00611618073404922,-0.00698582851327956,-0.00567126634511321,-0.00340142871815866,-0.00116391601234985,NaN,NaN,NaN,NaN,NaN,NaN,NaN,NaN,NaN
NaN,NaN,-0.00354435114907877,-0.00358269337933355,-0.00751309009016647,-0.0101841206196696,-0.0055005176642832,-0.00108804206926531,-0.00137178721100402,NaN,NaN,NaN,NaN,NaN,NaN,NaN,NaN,NaN
NaN,NaN,-0.00454148097681658,-0.00533819917958075,-0.007311980293404,-0.0072126614395529,-0.00473690765890448,-0.00307829703767008,-0.00195444124013496,NaN,NaN,NaN,NaN,NaN,NaN,NaN,NaN,NaN
NaN,NaN,-0.00410504459190027,-0.00330061439793402,-0.00599933700383796,-0.00927896820940077,-0.00662911298665373,-0.00299693669755167,-0.000756071230474239,NaN,NaN,NaN,NaN,NaN,NaN,NaN,NaN,NaN
NaN,NaN,-0.00349217845844881,-0.00450051177661711,-0.00757440836847915,-0.00857663922943175,-0.00457565846833556,-0.00208137210089869,-0.00228066491157127,NaN,NaN,NaN,NaN,NaN,NaN,NaN,NaN,NaN
NaN,NaN,-0.00439287914681093,-0.00334500123184019,-0.00602018000305786,-0.00711425789631903,-0.00564984592589705,-0.00343221824247545,-0.00143478186995101,NaN,NaN,NaN,NaN,NaN,NaN,NaN,NaN,NaN
NaN,NaN,-0.00314261584329264,-0.00263622749965483,-0.00676670955241813,-0.00964641221798956,-0.00511983024868338,-0.000769306231328907,-0.000763223787847285,NaN,NaN,NaN,NaN,NaN,NaN,NaN,NaN,NaN
NaN,NaN,-0.00421115948605196,-0.00423091251771742,-0.00715909437955512,-0.00682985060848296,-0.00487852456960051,-0.00274967055399126,-0.00222856672674728,NaN,NaN,NaN,NaN,NaN,NaN,NaN,NaN,NaN
NaN,NaN,-0.00362654967951433,-0.00331374604623609,-0.00489162193359031,-0.00886762165464461,-0.00656231853160231,-0.00292066137869066,-0.000759479871097331,NaN,NaN,NaN,NaN,NaN,NaN,NaN,NaN,NaN
NaN,NaN,-0.00378258346366541,-0.00438770998637968,-0.00702425749720229,-0.00887682312168181,-0.00521752598676055,-0.00160842787105745,-0.00252513708740783,NaN,NaN,NaN,NaN,NaN,NaN,NaN,NaN,NaN
NaN,NaN,-0.00393679185557024,-0.00394598368923956,-0.00588448630393638,-0.00726101570762694,-0.00621843698415129,-0.00339753578979677,-0.00204505892664505,NaN,NaN,NaN,NaN,NaN,NaN,NaN,NaN,NaN
NaN,NaN,-0.00319814129519121,-0.00282135580103689,-0.00698365183294906,-0.00969666638411582,-0.00569857272300093,-0.0011946226247043,-0.00156369554072929,NaN,NaN,NaN,NaN,NaN,NaN,NaN,NaN,NaN
NaN,NaN,-0.00400364218997614,-0.00469515819471174,-0.00704668374479904,-0.00721735530532897,-0.00532302620801299,-0.00338798042018122,-0.00351515161067558,NaN,NaN,NaN,NaN,NaN,NaN,NaN,NaN,NaN
NaN,NaN,-0.00420803024220125,-0.0032289584390431,-0.00442802818239822,-0.0086879322770983,-0.00645218032392829,-0.00397853206474489,-0.00176623957425666,NaN,NaN,NaN,NaN,NaN,NaN,NaN,NaN,NaN
NaN,NaN,-0.00396774901795046,-0.00438249457996183,-0.00671191053212776,-0.00888354727067053,-0.00579196575078337,-0.00186776395518488,-0.00327237444192482,NaN,NaN,NaN,NaN,NaN,NaN,NaN,NaN,NaN
NaN,NaN,-0.00434238283681528,-0.00400828916948133,-0.00591173680246963,-0.00708834850229323,-0.0057923755327162,-0.00403441141922182,-0.00279017286569191,NaN,NaN,NaN,NaN,NaN,NaN,NaN,NaN,NaN
NaN,NaN,-0.00321769906925814,-0.00296548728268438,-0.00616408796728744,-0.00949360080994666,-0.00725900369676917,-0.00259594644982523,-0.00264868634015632,NaN,NaN,NaN,NaN,NaN,NaN,NaN,NaN,NaN
NaN,NaN,-0.00355124293613092,-0.0046698262206822,-0.00702612014235153,-0.00792927690781653,-0.00591041135582297,-0.00465027641136354,-0.00460703419715477,NaN,NaN,NaN,NaN,NaN,NaN,NaN,NaN,NaN
NaN,NaN,-0.00382438122081415,-0.0027903241328507,-0.00469405116261138,-0.00892886542715132,-0.00721485900673239,-0.00555188979584879,-0.00297617661029411,NaN,NaN,NaN,NaN,NaN,NaN,NaN,NaN,NaN
NaN,NaN,-0.00356325699734346,-0.00424924094598585,-0.00732133077205314,-0.00986868166364729,-0.0064659452715811,-0.00294755797464556,-0.00444038333565307,NaN,NaN,NaN,NaN,NaN,NaN,NaN,NaN,NaN
NaN,NaN,-0.00409157766747133,-0.00306459863107496,-0.00554403202355995,-0.00747281708754599,-0.00674107658657401,-0.00555745910484499,-0.00359518947273803,NaN,NaN,NaN,NaN,NaN,NaN,NaN,NaN,NaN
NaN,NaN,-0.00292667939114229,-0.00253400553386503,-0.00575549812735214,-0.0093430804554373,-0.00777609261664717,-0.00379912208397097,-0.00330064939529014,NaN,NaN,NaN,NaN,NaN,NaN,NaN,NaN,NaN
NaN,NaN,-0.00350029959129946,-0.00385866288464361,-0.00625422136605872,-0.00788444303907454,-0.00594094010981886,-0.0056903960891456,-0.00479089589983535,NaN,NaN,NaN,NaN,NaN,NaN,NaN,NaN,NaN
NaN,NaN,-0.0034214910750355,-0.00261385713141256,-0.00461200164378776,-0.00814873375929892,-0.00729802611264556,-0.0056417251713962,-0.00283400090605331,NaN,NaN,NaN,NaN,NaN,NaN,NaN,NaN,NaN
NaN,NaN,-0.00259479327845232,-0.00286684159558111,-0.00701034353793754,-0.00963309430517256,-0.0073206945041117,-0.00343087713796801,-0.00373714165956092,NaN,NaN,NaN,NaN,NaN,NaN,NaN,NaN,NaN
NaN,NaN,-0.00377511425661699,-0.00263881657641226,-0.00581938685597076,-0.00748570659197867,-0.00762898090276091,-0.00669680188972658,-0.00403902055889679,NaN,NaN,NaN,NaN,NaN,NaN,NaN,NaN,NaN
NaN,NaN,-0.002622211415049,-0.00233529854934507,-0.00518146814526214,-0.00987723120488226,-0.0087257063666281,-0.00450269903618998,-0.00338126467734886,NaN,NaN,NaN,NaN,NaN,NaN,NaN,NaN,NaN
NaN,NaN,-0.00294122664975779,-0.00349893022697264,-0.00650703819216384,-0.00866433256305754,-0.00687699380311339,-0.00546067606289095,-0.00441469745904518,NaN,NaN,NaN,NaN,NaN,NaN,NaN,NaN,NaN
NaN,NaN,-0.00357517792629854,-0.0024677139930039,-0.00459970818580284,-0.00815432169474661,-0.00836116808447211,-0.00524069767076677,-0.00259198742181373,NaN,NaN,NaN,NaN,NaN,NaN,NaN,NaN,NaN
NaN,NaN,-0.00258818088817255,-0.00220705543082052,-0.00706894235433235,-0.00972875976003706,-0.00806107732447951,-0.00438457008082575,-0.00374846654206825,NaN,NaN,NaN,NaN,NaN,NaN,NaN,NaN,NaN
NaN,NaN,-0.00409323542165415,-0.00316972632329756,-0.00532239587725295,-0.00723769539035857,-0.00742205965313284,-0.00648719843108362,-0.00454202788144661,NaN,NaN,NaN,NaN,NaN,NaN,NaN,NaN,NaN
NaN,NaN,-0.00232755957889215,-0.00243774403255278,-0.00490987585605277,-0.00952994101680815,-0.00879020976814597,-0.00502900804955668,-0.00375966103941513,NaN,NaN,NaN,NaN,NaN,NaN,NaN,NaN,NaN
NaN,NaN,-0.00343367277431147,-0.00332345042746359,-0.00666914419950141,-0.00833041616715491,-0.00717063981088965,-0.00539470117170519,-0.00514325248271537,NaN,NaN,NaN,NaN,NaN,NaN,NaN,NaN,NaN
NaN,NaN,-0.00363869412588732,-0.003003950905016,-0.00445209355772628,-0.0072129222098738,-0.00849719705972045,-0.00594526182491488,-0.00337055446774078,NaN,NaN,NaN,NaN,NaN,NaN,NaN,NaN,NaN
NaN,NaN,-0.00277984707402842,-0.0023386326841622,-0.00658335076392784,-0.00940860831178725,-0.00837565946373313,-0.00467501233894533,-0.00417503090769363,NaN,NaN,NaN,NaN,NaN,NaN,NaN,NaN,NaN
NaN,NaN,-0.0036631879095997,-0.00335874755304151,-0.00467387871564521,-0.0068745540920645,-0.00757323193344443,-0.00700840379674143,-0.00472797574669433,NaN,NaN,NaN,NaN,NaN,NaN,NaN,NaN,NaN
NaN,NaN,-0.00230334519195215,-0.00196057159822279,-0.00420875759543075,-0.00888201990164816,-0.00899953383001654,-0.00553043212372965,-0.00362489866286827,NaN,NaN,NaN,NaN,NaN,NaN,NaN,NaN,NaN
NaN,NaN,-0.00285081385421411,-0.00289295588057333,-0.00610658811153068,-0.00761877396143973,-0.00761838245186179,-0.00470226283747858,-0.00610406073004318,NaN,NaN,NaN,NaN,NaN,NaN,NaN,NaN,NaN
NaN,NaN,-0.0031315517311062,-0.00204619739573294,-0.00400133343161239,-0.00669933506287634,-0.00864987808260291,-0.00615428786356157,-0.00412149848610473,NaN,NaN,NaN,NaN,NaN,NaN,NaN,NaN,NaN
NaN,NaN,-0.00176049588966028,-0.00192942817132765,-0.00550286756576194,-0.00895741977728903,-0.00866960349473326,-0.0053934718259067,-0.0055321541634233,NaN,NaN,NaN,NaN,NaN,NaN,NaN,NaN,NaN
NaN,NaN,-0.00308932556557314,-0.0028194000236302,-0.00432288186372413,-0.00665858038701117,-0.00782282638344138,-0.0072097557373733,-0.00551384436160637,NaN,NaN,NaN,NaN,NaN,NaN,NaN,NaN,NaN
NaN,NaN,-0.00235181121873514,-0.00145558987181478,-0.00428039492787017,-0.00832603895105422,-0.00939676153454154,-0.00595023508746332,-0.00452766688734603,NaN,NaN,NaN,NaN,NaN,NaN,NaN,NaN,NaN
NaN,NaN,-0.00270765094804422,-0.00287667636196905,-0.00644480721772804,-0.00780317583121359,-0.00768677878174155,-0.00561682160575098,-0.00578646110564781,NaN,NaN,NaN,NaN,NaN,NaN,NaN,NaN,NaN
NaN,NaN,-0.00288156612562792,-0.00217358369748884,-0.00414281995714797,-0.0071584212128073,-0.00926635774764388,-0.0080664234944076,-0.00427144142061782,NaN,NaN,NaN,NaN,NaN,NaN,NaN,NaN,NaN
NaN,NaN,-0.00152826129245417,-0.00204051632802778,-0.00485353084028854,-0.00991051667369902,-0.00894542398843138,-0.00666798676926798,-0.0050232981351049,NaN,NaN,NaN,NaN,NaN,NaN,NaN,NaN,NaN
NaN,NaN,-0.0030283798162903,-0.00312522773068243,-0.00486094416798248,-0.00691018649376929,-0.00814050051364272,-0.0082003663070888,-0.00552883865505767,NaN,NaN,NaN,NaN,NaN,NaN,NaN,NaN,NaN
NaN,NaN,-0.00221479504155771,-0.00134399880092436,-0.00378901051105155,-0.00867880531586707,-0.0100821031907496,-0.00654115926105684,-0.00390202300817085,NaN,NaN,NaN,NaN,NaN,NaN,NaN,NaN,NaN
NaN,NaN,-0.00163821323561327,-0.00303528059642607,-0.00653419555843963,-0.00863145687617362,-0.00848415854367583,-0.00689319919426149,-0.00546874972254348,NaN,NaN,NaN,NaN,NaN,NaN,NaN,NaN,NaN
NaN,NaN,-0.00329932017969744,-0.00219386790316397,-0.00365892337382926,-0.00748201855458319,-0.0103019698241648,-0.00931199293214983,-0.00474988045364929,NaN,NaN,NaN,NaN,NaN,NaN,NaN,NaN,NaN
NaN,NaN,-0.00160895108031885,-0.00208931763093763,-0.00468896614135398,-0.0107897038105875,-0.0102828963378367,-0.00739665355164713,-0.00515763210326744,NaN,NaN,NaN,NaN,NaN,NaN,NaN,NaN,NaN
NaN,NaN,-0.00363200722980158,-0.00295311931889349,-0.00541562126697196,-0.00736001529730856,-0.00882267567309706,-0.00850921149928278,-0.00610629590422225,NaN,NaN,NaN,NaN,NaN,NaN,NaN,NaN,NaN
NaN,NaN,-0.0015906785314049,-0.000775854777505931,-0.00399216921747817,-0.00902175554074347,-0.0110646298805174,-0.00777709882337755,-0.00468623386890007,NaN,NaN,NaN,NaN,NaN,NaN,NaN,NaN,NaN
NaN,NaN,-0.0024294276421036,-0.00265243251245314,-0.00620683567346229,-0.00821815454401076,-0.00832840415629714,-0.00776713367182917,-0.00643732520014358,NaN,NaN,NaN,NaN,NaN,NaN,NaN,NaN,NaN
NaN,NaN,-0.00292248843955652,-0.00171721700947576,-0.00363925384105338,-0.00718414434231818,-0.00999040517005293,-0.00962182532627291,-0.00531573342353416,NaN,NaN,NaN,NaN,NaN,NaN,NaN,NaN,NaN
NaN,NaN,-0.00113537355112688,-0.00170781065147215,-0.00449059443296089,-0.0094266387168318,-0.00917810562047331,-0.00678406681496805,-0.00508791329533172,NaN,NaN,NaN,NaN,NaN,NaN,NaN,NaN,NaN
NaN,NaN,-0.00286565913605349,-0.0017219667546063,-0.00473633320749893,-0.00636500888504088,-0.00801069277319281,-0.00817075024921602,-0.00619980069071365,NaN,NaN,NaN,NaN,NaN,NaN,NaN,NaN,NaN
NaN,NaN,-0.000859981465813084,-4.88457493095962e-05,-0.00233160244048728,-0.00747654237784445,-0.00969441222938864,-0.00793767746169275,-0.00508416937858177,NaN,NaN,NaN,NaN,NaN,NaN,NaN,NaN,NaN
NaN,NaN,-0.0012181495015587,-0.00137260903041655,-0.00485137017191543,-0.00771997147239745,-0.00745471182259886,-0.00782232384760088,-0.00679852934748245,NaN,NaN,NaN,NaN,NaN,NaN,NaN,NaN,NaN
NaN,NaN,-0.00205373211550371,-0.00114223707835966,-0.00224206508816375,-0.00642945640720427,-0.00968223053011267,-0.00965930174667544,-0.00550402822166992,NaN,NaN,NaN,NaN,NaN,NaN,NaN,NaN,NaN
NaN,NaN,-9.46950798000525e-05,-0.00043389175455862,-0.00336149619640006,-0.00830053933896124,-0.00890325370225279,-0.00646119590480036,-0.00497287633091522,NaN,NaN,NaN,NaN,NaN,NaN,NaN,NaN,NaN
NaN,NaN,-0.00148679881143229,-0.00154207248609358,-0.0039298637372364,-0.00545715563930571,-0.00780524301323264,-0.0083066860922069,-0.00625614570647789,NaN,NaN,NaN,NaN,NaN,NaN,NaN,NaN,NaN
NaN,NaN,-0.000128781486030979,-4.39097396641342e-05,-0.00115677626551284,-0.00640999176539481,-0.00872809055241911,-0.00825032244999117,-0.00487508746058059,NaN,NaN,NaN,NaN,NaN,NaN,NaN,NaN,NaN
NaN,NaN,-0.000566484469648762,-0.000869173299482402,-0.00371433706701888,-0.0071424210909754,-0.00735446426066725,-0.00814241941649622,-0.00642411904603553,NaN,NaN,NaN,NaN,NaN,NaN,NaN,NaN,NaN
NaN,NaN,-0.000955218512293262,-0.00102822456877523,-0.00198397697628631,-0.00607881345786154,-0.00890176358613341,-0.0091464037783832,-0.00625474872261596,NaN,NaN,NaN,NaN,NaN,NaN,NaN,NaN,NaN
NaN,NaN,-0.000354142922636433,7.01959021777543e-05,-0.0033999225658287,-0.00759206362999976,-0.00923702108654349,-0.00774277027327723,-0.00567608075410438,NaN,NaN,NaN,NaN,NaN,NaN,NaN,NaN,NaN
NaN,NaN,-0.000844670522686405,-0.00158355359356695,-0.00383289443076743,-0.00610973336733878,-0.00792268278989165,-0.0090827013142795,-0.00705505283743453,NaN,NaN,NaN,NaN,NaN,NaN,NaN,NaN,NaN
NaN,NaN,-0.000873671907659931,-0.000441137444189128,-0.00139476643623008,-0.00619781785644591,-0.00965183216127722,-0.00965565096218294,-0.00556804733544899,NaN,NaN,NaN,NaN,NaN,NaN,NaN,NaN,NaN
NaN,NaN,0.000465402316573696,-0.000788520764520702,-0.00441888259471549,-0.00814543687738478,-0.00825157004389136,-0.00930953424055285,-0.0070282493737371,NaN,NaN,NaN,NaN,NaN,NaN,NaN,NaN,NaN
NaN,NaN,-0.00148378132629053,-0.00154719476025396,-0.00267900438727035,-0.00586617388762534,-0.0095588861683306,-0.0108223187514038,-0.00666976468831611,NaN,NaN,NaN,NaN,NaN,NaN,NaN,NaN,NaN
NaN,NaN,-2.25734596218299e-05,6.71039112300309e-05,-0.00312391580761566,-0.00798685126937926,-0.0100384614149031,-0.0095162505992145,-0.00604056315690589,NaN,NaN,NaN,NaN,NaN,NaN,NaN,NaN,NaN
NaN,NaN,-0.00127075060057299,-0.001780826341322,-0.00408651219428672,-0.00618079327978194,-0.0082982106784281,-0.0105996581502647,-0.00806738184959007,NaN,NaN,NaN,NaN,NaN,NaN,NaN,NaN,NaN
NaN,NaN,-0.000741554487224979,-0.000209294002464351,-0.00161211849869384,-0.00651383423246443,-0.0105009748319086,-0.0113415869661064,-0.00677917646438194,NaN,NaN,NaN,NaN,NaN,NaN,NaN,NaN,NaN
NaN,NaN,8.66706783805658e-05,-0.00118975315611654,-0.00485936091960563,-0.00851351418532431,-0.0083355194607672,-0.0100485759564132,-0.0076621075180204,NaN,NaN,NaN,NaN,NaN,NaN,NaN,NaN,NaN
NaN,NaN,-0.0013801996295418,-0.00166562173884207,-0.00308347778142585,-0.0057369249407202,-0.00976252916249602,-0.0117009843476505,-0.00748102115661216,NaN,NaN,NaN,NaN,NaN,NaN,NaN,NaN,NaN
NaN,NaN,-8.70954875911902e-05,-0.000161070119550761,-0.00316871242345466,-0.00817887135781348,-0.00999234232100813,-0.011241842318365,-0.00646608444124771,NaN,NaN,NaN,NaN,NaN,NaN,NaN,NaN,NaN
NaN,NaN,-0.00099237828302042,-0.00127696220200354,-0.00400122167290344,-0.00669043161906302,-0.00854080158266394,-0.0112045707889289,-0.00905713560253692,NaN,NaN,NaN,NaN,NaN,NaN,NaN,NaN,NaN
NaN,NaN,-6.28997271026801e-05,0.000185176987239781,-0.00138386996210708,-0.00623501488007605,-0.0100713557282385,-0.0115912931748123,-0.00697462381989074,NaN,NaN,NaN,NaN,NaN,NaN,NaN,NaN,NaN
NaN,NaN,0.00146564276171072,4.93342765063676e-05,-0.00455921428025855,-0.00777141773141921,-0.00879555555972426,-0.00970719035346216,-0.00778019922048164,NaN,NaN,NaN,NaN,NaN,NaN,NaN,NaN,NaN
NaN,NaN,-0.000408979195829792,-0.000635765235832271,-0.00208873213947906,-0.00492963590659201,-0.0093798859694895,-0.011716742325613,-0.007723612060848,NaN,NaN,NaN,NaN,NaN,NaN,NaN,NaN,NaN
NaN,NaN,0.00103669421029432,0.00143089543659395,-0.00181097449482574,-0.00693525769747794,-0.00932348507437079,-0.0108390453048438,-0.00699352966815544,NaN,NaN,NaN,NaN,NaN,NaN,NaN,NaN,NaN
NaN,NaN,0.000214932423356609,-0.000898565839937267,-0.00294594006360664,-0.00637473189271986,-0.00753126653823225,-0.0105298834629745,-0.00948032858044219,NaN,NaN,NaN,NaN,NaN,NaN,NaN,NaN,NaN
NaN,NaN,0.000728296052936154,0.000652309764215413,-0.00100264237941398,-0.00552951940335333,-0.00958606216105788,-0.011180207390377,-0.00784395756393981,NaN,NaN,NaN,NaN,NaN,NaN,NaN,NaN,NaN
NaN,NaN,0.00172261328649862,0.000767961401531163,-0.00362438993276252,-0.00759450369514525,-0.00847601878437369,-0.0103601964898796,-0.00758367153078628,NaN,NaN,NaN,NaN,NaN,NaN,NaN,NaN,NaN
NaN,NaN,-0.000574531096693439,-0.000250328075101909,-0.00224489630879058,-0.00401202240027487,-0.00882731365951865,-0.0121922197528572,-0.00829719500810218,NaN,NaN,NaN,NaN,NaN,NaN,NaN,NaN,NaN
NaN,NaN,0.00119555921507223,0.00176360111314959,-0.00132512213410034,-0.00625712447799742,-0.00948976340684264,-0.0112986716218681,-0.00761408852607322,NaN,NaN,NaN,NaN,NaN,NaN,NaN,NaN,NaN
NaN,NaN,0.000381844055179196,-0.000722434114625987,-0.00318977894009246,-0.00582165666855872,-0.00790480139645903,-0.0105089473314971,-0.00955492751866889,NaN,NaN,NaN,NaN,NaN,NaN,NaN,NaN,NaN
NaN,NaN,9.9318038943844e-05,0.00103867824752039,-0.000857542322288888,-0.0049863348249346,-0.00945299479159682,-0.0122854078896732,-0.00798764201075149,NaN,NaN,NaN,NaN,NaN,NaN,NaN,NaN,NaN
NaN,NaN,0.00113070191097601,0.000986747700759831,-0.00288929702461852,-0.00704310485161841,-0.00871959689053862,-0.0106862897761554,-0.00841409461766792,NaN,NaN,NaN,NaN,NaN,NaN,NaN,NaN,NaN
NaN,NaN,-0.000992843944307727,-0.000887240957429943,-0.00201795162380828,-0.00428840168751776,-0.00935887533220618,-0.0136440026350707,-0.00981268035441947,NaN,NaN,NaN,NaN,NaN,NaN,NaN,NaN,NaN
NaN,NaN,0.000961927634004192,0.00112678136307901,-0.00143332319081916,-0.00634172582067549,-0.0101494750657973,-0.0123264233358592,-0.00846095876962257,NaN,NaN,NaN,NaN,NaN,NaN,NaN,NaN,NaN
NaN,NaN,0.000160021644357281,-0.00122216318171316,-0.00362237827600135,-0.00628510140813887,-0.00839590641650527,-0.011452619243452,-0.01040481524736,NaN,NaN,NaN,NaN,NaN,NaN,NaN,NaN,NaN
NaN,NaN,-0.000765582609650058,-6.03196434288598e-05,-0.0010009101194252,-0.00500049092806876,-0.0095070487538275,-0.0131077098437042,-0.00867806868821693,NaN,NaN,NaN,NaN,NaN,NaN,NaN,NaN,NaN
NaN,NaN,0.000658204715970593,0.000758406031915607,-0.00304279761136665,-0.00711872824467719,-0.00900892156156867,-0.0112030247934551,-0.00855470569998336,NaN,NaN,NaN,NaN,NaN,NaN,NaN,NaN,NaN
NaN,NaN,-0.00114979042458193,-0.00104480211060339,-0.0023850789827217,-0.00458938651718199,-0.00891852739247649,-0.0136529619582385,-0.010450710823837,NaN,NaN,NaN,NaN,NaN,NaN,NaN,NaN,NaN
NaN,NaN,0.000476634066823559,0.0010422917791099,-0.0013293317121376,-0.0059716182295233,-0.00989179673585265,-0.0124596769698352,-0.00824133428007675,NaN,NaN,NaN,NaN,NaN,NaN,NaN,NaN,NaN
NaN,NaN,0.00068366707516058,-0.000733405094554958,-0.00302096741021766,-0.00631438218988478,-0.00841606023701994,-0.0117492082305641,-0.010765684118572,NaN,NaN,NaN,NaN,NaN,NaN,NaN,NaN,NaN
NaN,NaN,-0.00075954763936655,4.01886888236427e-05,-0.00109024258078231,-0.00428791739977896,-0.00910974654349654,-0.0138154963739604,-0.00917012365728927,NaN,NaN,NaN,NaN,NaN,NaN,NaN,NaN,NaN
NaN,NaN,0.00119710521054609,0.00124818857390589,-0.00217717053116454,-0.00674465321935713,-0.0094632020870146,-0.011119559664318,-0.00902675586015296,NaN,NaN,NaN,NaN,NaN,NaN,NaN,NaN,NaN
NaN,NaN,-0.000368448037382526,-0.000674005340745983,-0.00229217024267806,-0.00411560409702361,-0.00832525628599494,-0.0129091146178932,-0.010485858937803,NaN,NaN,NaN,NaN,NaN,NaN,NaN,NaN,NaN
NaN,NaN,0.000651182543757992,0.00159534837681955,-0.000222026423822778,-0.00504474737681448,-0.00956035765799849,-0.0118023867495746,-0.00804916518003059,NaN,NaN,NaN,NaN,NaN,NaN,NaN,NaN,NaN
NaN,NaN,0.00100281269502981,0.000301350165197315,-0.00264713452876701,-0.00537825399078429,-0.00682511913570731,-0.0108844565935821,-0.00912715243369651,NaN,NaN,NaN,NaN,NaN,NaN,NaN,NaN,NaN
NaN,NaN,0.000160356920484142,0.000879906374999943,-0.000158268080364603,-0.00289374613203108,-0.00787563237342207,-0.0122891704328746,-0.00844702618390632,NaN,NaN,NaN,NaN,NaN,NaN,NaN,NaN,NaN
NaN,NaN,0.00156117783141478,0.00237806912142939,-0.00114360736430778,-0.00570313655771315,-0.00785862642320959,-0.010701935995409,-0.00813119607240272,NaN,NaN,NaN,NaN,NaN,NaN,NaN,NaN,NaN
NaN,NaN,0.000584648859027463,0.000339217741081181,-0.00145155848683013,-0.00337464385665953,-0.00691346439513533,-0.0113018567450733,-0.00984529527098251,NaN,NaN,NaN,NaN,NaN,NaN,NaN,NaN,NaN
NaN,NaN,0.000607037853721218,0.00192440326888269,0.000946392251838309,-0.00443519675172865,-0.00795656430515616,-0.0116379896887035,-0.00783300521046234,NaN,NaN,NaN,NaN,NaN,NaN,NaN,NaN,NaN
NaN,NaN,0.000853205036643582,0.00123792539913362,-0.00183960335076942,-0.0050648080650717,-0.0064499637762007,-0.0102663191743583,-0.00929173575908256,NaN,NaN,NaN,NaN,NaN,NaN,NaN,NaN,NaN
NaN,NaN,-3.2799381491107e-05,0.00110726084191507,0.000428167118419272,-0.00224135466851294,-0.00715959432515471,-0.0125100242682189,-0.00862421961695266,NaN,NaN,NaN,NaN,NaN,NaN,NaN,NaN,NaN
NaN,NaN,0.00164121569347723,0.00227517660338587,-0.00111799599350585,-0.00517233856953681,-0.0079576818922457,-0.0103912467845172,-0.00805972637802673,NaN,NaN,NaN,NaN,NaN,NaN,NaN,NaN,NaN
NaN,NaN,0.000524969708446103,-0.000193889927080211,-0.00111257569612159,-0.00299965613521635,-0.00642463180217116,-0.0108580629118175,-0.0100616042521627,NaN,NaN,NaN,NaN,NaN,NaN,NaN,NaN,NaN
NaN,NaN,0.000287333440307217,0.00202204312760538,0.00114044262348519,-0.00388838001526892,-0.00769773113521903,-0.011912767101118,-0.00815406935483528,NaN,NaN,NaN,NaN,NaN,NaN,NaN,NaN,NaN
NaN,NaN,0.000676756661656933,0.00126497100670046,-0.00123916106046333,-0.00473431893624365,-0.00552577513250678,-0.00997529949624247,-0.00996074201733184,NaN,NaN,NaN,NaN,NaN,NaN,NaN,NaN,NaN
NaN,NaN,-0.000685786891457004,0.000326235104391041,-1.89235967506347e-05,-0.00199114554561675,-0.00662395345959036,-0.0125709700175018,-0.00963088618785453,NaN,NaN,NaN,NaN,NaN,NaN,NaN,NaN,NaN
NaN,NaN,0.00108516023707731,0.00169099520523256,-0.000697038189779657,-0.00535653554834425,-0.00790023791584341,-0.0106292928345889,-0.00856714816958022,NaN,NaN,NaN,NaN,NaN,NaN,NaN,NaN,NaN
NaN,NaN,-0.000128613847967548,-0.000352885317018566,-0.00146819190801277,-0.0039312953595072,-0.00623218330535262,-0.0118470529802532,-0.0109215688911111,NaN,NaN,NaN,NaN,NaN,NaN,NaN,NaN,NaN
NaN,NaN,-0.000628734070536059,0.00190326224643892,0.00142105011521683,-0.00345579930581152,-0.00763453158530562,-0.012858599681446,-0.00912013026148391,NaN,NaN,NaN,NaN,NaN,NaN,NaN,NaN,NaN
NaN,NaN,0.000394267898324566,0.00149146865684694,-0.000868978963505167,-0.00454332330264151,-0.00609887379202216,-0.0103295559771747,-0.00992170097500396,NaN,NaN,NaN,NaN,NaN,NaN,NaN,NaN,NaN
NaN,NaN,-0.000615304399010104,0.00102657105405039,-0.00038938509048118,-0.00154973589815199,-0.00699722754749625,-0.0126589241214485,-0.010392670800987,NaN,NaN,NaN,NaN,NaN,NaN,NaN,NaN,NaN
NaN,NaN,0.00133782805157049,0.00250644262511438,-7.20834893096862e-05,-0.00466022291220725,-0.00791966530474989,-0.0114068540521354,-0.00863979133040023,NaN,NaN,NaN,NaN,NaN,NaN,NaN,NaN,NaN
NaN,NaN,0.000249987405065137,0.000406589616128864,-0.000992192940126794,-0.0031836109701544,-0.00561503308805792,-0.0116005505212039,-0.010772985687557,NaN,NaN,NaN,NaN,NaN,NaN,NaN,NaN,NaN
NaN,NaN,-5.98449890579407e-05,0.00235519583899683,0.00139778567730294,-0.00269941636361182,-0.00685518222841589,-0.0122638384588451,-0.0089208272305162,NaN,NaN,NaN,NaN,NaN,NaN,NaN,NaN,NaN
NaN,NaN,0.00154799030375822,0.00224524389583773,-0.000564455108057397,-0.00457444810308516,-0.0058764180818495,-0.0105159695037097,-0.00915023060709548,NaN,NaN,NaN,NaN,NaN,NaN,NaN,NaN,NaN
NaN,NaN,-7.62548928226654e-05,0.000486105937549534,6.83678566322943e-06,-0.00151237123645842,-0.00580370041522353,-0.0121525826640815,-0.0100316529181631,NaN,NaN,NaN,NaN,NaN,NaN,NaN,NaN,NaN
NaN,NaN,0.00177711428356512,0.00295276965577311,0.0014058695572506,-0.00423416146077216,-0.00690985086354582,-0.0113902392574043,-0.0079086658564241,NaN,NaN,NaN,NaN,NaN,NaN,NaN,NaN,NaN
NaN,NaN,0.000874066662314968,0.00100975136835283,-0.00064682127655639,-0.00238062464632094,-0.004287563143104,-0.01100700001795,-0.0105703485217722,NaN,NaN,NaN,NaN,NaN,NaN,NaN,NaN,NaN
NaN,NaN,0.000556876819852429,0.00312564175207323,0.00196352688847886,-0.00139025622047484,-0.00554382416400282,-0.0119088182934017,-0.00830540927321029,NaN,NaN,NaN,NaN,NaN,NaN,NaN,NaN,NaN
NaN,NaN,0.00220161111307486,0.00324324916679567,-0.000149997935902017,-0.00326066859997809,-0.00467426690253584,-0.00956361766535944,-0.00925042228967262,NaN,NaN,NaN,NaN,NaN,NaN,NaN,NaN,NaN
NaN,NaN,0.000103415858272153,0.0010401124842853,0.000627060367454154,-0.000693533802404999,-0.00423427286538451,-0.0117021950669975,-0.0101245430317552,NaN,NaN,NaN,NaN,NaN,NaN,NaN,NaN,NaN
NaN,NaN,0.00198004947257383,0.00369577880580134,0.00197574584065781,-0.0022932852152735,-0.00590849283131926,-0.011430826295206,-0.00836631776959014,NaN,NaN,NaN,NaN,NaN,NaN,NaN,NaN,NaN
NaN,NaN,0.000906513940814572,0.00146609942991442,8.56453019271912e-05,-0.00168440514244139,-0.00345574307236044,-0.0103043730147571,-0.0099404950645597,NaN,NaN,NaN,NaN,NaN,NaN,NaN,NaN,NaN
NaN,NaN,0.000469611894610959,0.00301216940958208,0.00194734050213204,-3.36358789354554e-05,-0.00449832144173949,-0.011740844953844,-0.00872426228791786,NaN,NaN,NaN,NaN,NaN,NaN,NaN,NaN,NaN
NaN,NaN,0.00207666487646444,0.00242534305531687,-2.16989380229888e-05,-0.00280955457128584,-0.00456599134001105,-0.00919785003740496,-0.00872258590728355,NaN,NaN,NaN,NaN,NaN,NaN,NaN,NaN,NaN
NaN,NaN,0.00052454130006178,0.00127804677564806,0.000731051846135718,-6.69772271066895e-05,-0.00368825706633894,-0.0107225368507594,-0.00985803576380325,NaN,NaN,NaN,NaN,NaN,NaN,NaN,NaN,NaN
NaN,NaN,0.00160535977435453,0.0032904113419742,0.00203788368283616,-0.00201094546355307,-0.0048921032527384,-0.0108519348092765,-0.00847943620950294,NaN,NaN,NaN,NaN,NaN,NaN,NaN,NaN,NaN
NaN,NaN,0.00104200274896963,0.00184039797265238,0.000508577509511572,-0.00123962410725653,-0.00294249120148985,-0.00933285455782122,-0.00968220206171585,NaN,NaN,NaN,NaN,NaN,NaN,NaN,NaN,NaN
NaN,NaN,0.00067688704681738,0.00244538511712259,0.00230660749851571,0.000346045708283783,-0.00400116282495825,-0.0112147780843467,-0.00903577106267524,NaN,NaN,NaN,NaN,NaN,NaN,NaN,NaN,NaN
NaN,NaN,0.00181039975238188,0.00292531426627344,0.00141751108943329,-0.00276503735221922,-0.00441467004808753,-0.00881485294182009,-0.0086253372040422,NaN,NaN,NaN,NaN,NaN,NaN,NaN,NaN,NaN
NaN,NaN,0.000571275066855985,0.0014254565127582,0.000657887144673926,-0.000104658538475632,-0.00287072348388998,-0.0105480070002765,-0.0106696275082262,NaN,NaN,NaN,NaN,NaN,NaN,NaN,NaN,NaN
NaN,NaN,0.000692496013167935,0.0028982872851581,0.0028273658293377,-0.000992786372080445,-0.00519048037919371,-0.0106067362018318,-0.00876844423085761,NaN,NaN,NaN,NaN,NaN,NaN,NaN,NaN,NaN
NaN,NaN,0.000890681457046109,0.00191689680893129,-0.000196601317535776,-0.00169001170434058,-0.00332625198158591,-0.00928330819685167,-0.00987664358884406,NaN,NaN,NaN,NaN,NaN,NaN,NaN,NaN,NaN
NaN,NaN,-0.000379270005699557,0.00154555987198061,0.00177312730132447,0.000417403643950821,-0.00418236094507544,-0.0114432315118999,-0.0095210087505014,NaN,NaN,NaN,NaN,NaN,NaN,NaN,NaN,NaN
NaN,NaN,0.00192037032199247,0.00302906360108561,0.00113422138868676,-0.00224303104914725,-0.00391000497135489,-0.0091592374034614,-0.00934441136390281,NaN,NaN,NaN,NaN,NaN,NaN,NaN,NaN,NaN
NaN,NaN,1.67656059299284e-05,0.00146392013508982,0.000277833028424841,0.000216349726542831,-0.00228643032702773,-0.0103986042328567,-0.0104305570033224,NaN,NaN,NaN,NaN,NaN,NaN,NaN,NaN,NaN
NaN,NaN,0.000779760938409406,0.00322950284559435,0.00268889678894387,-0.000137906754389405,-0.00410563859137862,-0.0105071591921539,-0.00855772318512512,NaN,NaN,NaN,NaN,NaN,NaN,NaN,NaN,NaN
NaN,NaN,0.00116635293913229,0.00203400130946344,-0.000200755016218561,-0.00156283029355109,-0.00286882358583777,-0.00891223203022188,-0.00962108867436958,NaN,NaN,NaN,NaN,NaN,NaN,NaN,NaN,NaN
NaN,NaN,-0.000864414561268253,0.00180137555677599,0.00215809880076752,0.000766761368140579,-0.00332308548483222,-0.0115232693739623,-0.00969283776551795,NaN,NaN,NaN,NaN,NaN,NaN,NaN,NaN,NaN
NaN,NaN,0.0008015725131069,0.00338145743686861,0.00182565389453278,-0.00222243019379675,-0.00380325677785246,-0.00966699447114176,-0.00922754900724006,NaN,NaN,NaN,NaN,NaN,NaN,NaN,NaN,NaN
NaN,NaN,-0.000210514355179233,0.00150456305224604,0.000679382069696051,0.00041772029362619,-0.00147476407679884,-0.00984521235902018,-0.010372125824991,NaN,NaN,NaN,NaN,NaN,NaN,NaN,NaN,NaN
NaN,NaN,0.000490641158345776,0.00314153011519617,0.00289853750048981,0.000153969740495086,-0.00396573531421988,-0.0100742804594726,-0.00827143462568832,NaN,NaN,NaN,NaN,NaN,NaN,NaN,NaN,NaN
NaN,NaN,0.00107318342876776,0.0023555124886722,0.000395961983789069,-0.00141057767905295,-0.00173696863445609,-0.00796885814149088,-0.00882145511180473,NaN,NaN,NaN,NaN,NaN,NaN,NaN,NaN,NaN
NaN,NaN,-0.000632943648573322,0.00235845546800798,0.00250963581978188,0.00172194442711771,-0.00167317303809493,-0.0101080688424796,-0.00916071729928565,NaN,NaN,NaN,NaN,NaN,NaN,NaN,NaN,NaN
NaN,NaN,0.00081261799884184,0.00373988624293512,0.00285143120466576,-0.000652332091704011,-0.00251529353651373,-0.00773984592039293,-0.00796195613414359,NaN,NaN,NaN,NaN,NaN,NaN,NaN,NaN,NaN
NaN,NaN,0.0004985760266815,0.00200269024450487,0.00097148208199845,0.000754616921767593,-0.000595390675395417,-0.007984299469778,-0.00909349443584991,NaN,NaN,NaN,NaN,NaN,NaN,NaN,NaN,NaN
NaN,NaN,0.000288879435781079,0.00326638321954912,0.00327983958898888,0.00075903139077127,-0.00324511515888541,-0.0094016792960853,-0.00811826931506706,NaN,NaN,NaN,NaN,NaN,NaN,NaN,NaN,NaN
NaN,NaN,0.00140831054401739,0.00265362884480661,0.0010290005642067,-0.0012084620539099,-0.00149616586956351,-0.00763609658558077,-0.00819165753394676,NaN,NaN,NaN,NaN,NaN,NaN,NaN,NaN,NaN
NaN,NaN,-0.000152995872970981,0.0021571594067306,0.00283397821961747,0.00184247619472444,-0.00125806394013731,-0.00936895262081331,-0.00987029196888519,NaN,NaN,NaN,NaN,NaN,NaN,NaN,NaN,NaN
NaN,NaN,0.00127613724422796,0.00360268380124277,0.00348392961799012,-0.000734474742785096,-0.00187515827807753,-0.00729782160002893,-0.00742579372793746,NaN,NaN,NaN,NaN,NaN,NaN,NaN,NaN,NaN
NaN,NaN,0.000343529444459515,0.00192609827596849,0.000858847929824454,0.00092508620582521,-0.000326294330686021,-0.00723749052364534,-0.00886373715669227,NaN,NaN,NaN,NaN,NaN,NaN,NaN,NaN,NaN
NaN,NaN,0.000454692106965619,0.00330631833154863,0.00352520583449708,0.00141380704008043,-0.0019064879694876,-0.00882846887786097,-0.0078069281783731,NaN,NaN,NaN,NaN,NaN,NaN,NaN,NaN,NaN
NaN,NaN,0.00152388767552717,0.00266947995502657,0.00156724913297997,-0.000776998931542038,-0.000705677894681382,-0.00721245657283968,-0.0080774773862989,NaN,NaN,NaN,NaN,NaN,NaN,NaN,NaN,NaN
NaN,NaN,1.12521762882049e-05,0.00210928942639536,0.00292295677839623,0.00198785564862192,-1.53070965704205e-05,-0.00857920970399088,-0.00990214320093704,NaN,NaN,NaN,NaN,NaN,NaN,NaN,NaN,NaN
NaN,NaN,0.00139814050150259,0.00341062645990557,0.00349618582307206,-0.000152994180098176,-0.00181313219460814,-0.00715098928291506,-0.00757383676439834,NaN,NaN,NaN,NaN,NaN,NaN,NaN,NaN,NaN
NaN,NaN,0.000155216019872266,0.00188731800396151,0.000657440109838111,0.000927433138713241,-8.03879180845501e-05,-0.0063591229506225,-0.00885343672901702,NaN,NaN,NaN,NaN,NaN,NaN,NaN,NaN,NaN
NaN,NaN,-0.000163482565161151,0.00301637898761934,0.00354068441568719,0.00161270028911531,-0.00149365129861205,-0.0090311060436458,-0.00802271561891151,NaN,NaN,NaN,NaN,NaN,NaN,NaN,NaN,NaN
NaN,NaN,0.000824613433602887,0.00276611398536867,0.002119411661018,-0.000789944315329194,-0.000199150172799516,-0.00646853472668833,-0.00811124714285446,NaN,NaN,NaN,NaN,NaN,NaN,NaN,NaN,NaN
NaN,NaN,-0.0002667848651375,0.00152533154565996,0.0022024670082222,0.0019956415053457,0.000602122517496657,-0.00767852764208025,-0.00952885048657966,NaN,NaN,NaN,NaN,NaN,NaN,NaN,NaN,NaN
NaN,NaN,0.00112330720973356,0.002937291074583,0.00332202850161896,0.00047361827455461,-0.0010720974484381,-0.00612189646441645,-0.00692403437763763,NaN,NaN,NaN,NaN,NaN,NaN,NaN,NaN,NaN
NaN,NaN,0.000706819754365521,0.00210804145414537,0.000747070594419104,0.000687561696395278,0.000631291540533614,-0.00611459489543146,-0.00782188521892143,NaN,NaN,NaN,NaN,NaN,NaN,NaN,NaN,NaN
NaN,NaN,-0.000476053047653598,0.00258236404139704,0.00337541191159592,0.00223406008444726,-0.000269129751056123,-0.00823385666687197,-0.00778401764303756,NaN,NaN,NaN,NaN,NaN,NaN,NaN,NaN,NaN
NaN,NaN,0.00110440136146887,0.00269186894972033,0.00229837460695611,-0.000778340036049485,0.000707492353588652,-0.005626470107624,-0.00675691785484863,NaN,NaN,NaN,NaN,NaN,NaN,NaN,NaN,NaN
NaN,NaN,-0.000617856222864551,0.00134377952296442,0.00156235037623749,0.00221815309487283,0.00133572530952127,-0.00646406437833017,-0.00826232629090858,NaN,NaN,NaN,NaN,NaN,NaN,NaN,NaN,NaN
NaN,NaN,0.000742042374137478,0.00265228774029917,0.00376291660844193,0.00123381963931024,-0.000995710370868135,-0.00556159417707628,-0.00521291541129661,NaN,NaN,NaN,NaN,NaN,NaN,NaN,NaN,NaN
NaN,NaN,0.000762103062394696,0.00208829741556353,0.000466612114299399,0.000847302144393325,0.00173807528820665,-0.00541828225929445,-0.00725655378967834,NaN,NaN,NaN,NaN,NaN,NaN,NaN,NaN,NaN
NaN,NaN,0.000195244264129239,0.00221911098439402,0.00419467775403367,0.00313926837407053,0.00102790457215936,-0.00753778617460436,-0.00692654894858909,NaN,NaN,NaN,NaN,NaN,NaN,NaN,NaN,NaN
NaN,NaN,0.00174852268052443,0.00344465698678202,0.00264756469308243,0.000171310966834426,0.00203773763981492,-0.00466115425903505,-0.00590019421845985,NaN,NaN,NaN,NaN,NaN,NaN,NaN,NaN,NaN
NaN,NaN,-0.000108832556482715,0.00192503656823343,0.00267364172517167,0.00336241326294839,0.00259163242784173,-0.00516924660284227,-0.00721538933188034,NaN,NaN,NaN,NaN,NaN,NaN,NaN,NaN,NaN
NaN,NaN,0.000926649134877759,0.00375275712091631,0.00474941073237763,0.00230195350013673,0.00084078324046762,-0.00556546847898668,-0.00488371150762153,NaN,NaN,NaN,NaN,NaN,NaN,NaN,NaN,NaN
NaN,NaN,0.000854955923083859,0.00262660186369127,0.00177061273037301,0.00146247795782983,0.00285974157062204,-0.00411696385223574,-0.00643063830405784,NaN,NaN,NaN,NaN,NaN,NaN,NaN,NaN,NaN
NaN,NaN,0.000140594255450803,0.00239757101614183,0.00467958016573296,0.00357805169187486,0.00245936599579484,-0.00630411903936571,-0.00679225223332954,NaN,NaN,NaN,NaN,NaN,NaN,NaN,NaN,NaN
NaN,NaN,0.00156779022169455,0.00393948729712671,0.00327849848448144,0.000741746043786407,0.00225525734034212,-0.00377630468089289,-0.0055096347835691,NaN,NaN,NaN,NaN,NaN,NaN,NaN,NaN,NaN
NaN,NaN,-7.33305399383729e-05,0.00170746098835177,0.00289758755146371,0.00389170250855386,0.00339603436198862,-0.00441688697416491,-0.00698220478564811,NaN,NaN,NaN,NaN,NaN,NaN,NaN,NaN,NaN
NaN,NaN,0.000614991348508435,0.00374331351000971,0.00452460808931695,0.00333058065734804,0.0014037118574682,-0.00516295086223787,-0.00514485435754371,NaN,NaN,NaN,NaN,NaN,NaN,NaN,NaN,NaN
NaN,NaN,0.00107135803652151,0.00302213456113047,0.00209368853150712,0.00150775886140764,0.00347288710084589,-0.00319180663306421,-0.00650262953907562,NaN,NaN,NaN,NaN,NaN,NaN,NaN,NaN,NaN
NaN,NaN,0.000762270700458127,0.00230160753805346,0.00359786762176858,0.00395840383134782,0.00293309253659875,-0.0054901058562488,-0.00655876966387344,NaN,NaN,NaN,NaN,NaN,NaN,NaN,NaN,NaN
NaN,NaN,0.000885540556434232,0.00351826872307962,0.00321624888359414,0.00100998557172716,0.00215974089708955,-0.0029358419366569,-0.00526663409740043,NaN,NaN,NaN,NaN,NaN,NaN,NaN,NaN,NaN
NaN,NaN,-8.169381665842e-05,0.00148120548207468,0.00222398055969582,0.00310194096527994,0.00284752261844308,-0.00386010508615679,-0.0067155671325357,NaN,NaN,NaN,NaN,NaN,NaN,NaN,NaN,NaN
NaN,NaN,3.97506470714384e-05,0.00284875955064005,0.0041723073857914,0.00300525105558336,0.00133606058564813,-0.00464625309784121,-0.0050576825645597,NaN,NaN,NaN,NaN,NaN,NaN,NaN,NaN,NaN
NaN,NaN,0.000737553399327832,0.00202262054760164,0.00121135352431641,0.000306166475638747,0.00304120046106012,-0.00336140047390169,-0.00575509416133476,NaN,NaN,NaN,NaN,NaN,NaN,NaN,NaN,NaN
NaN,NaN,-0.000609492946144504,0.00131298999864763,0.00257428823291169,0.00372842303477228,0.00255443540421159,-0.00477140422541803,-0.00576882185608459,NaN,NaN,NaN,NaN,NaN,NaN,NaN,NaN,NaN
NaN,NaN,-0.000139528948542041,0.00267480712015337,0.00267069874583588,0.000597204780206084,0.00172563281860979,-0.00335452731330103,-0.00366300838262153,NaN,NaN,NaN,NaN,NaN,NaN,NaN,NaN,NaN
NaN,NaN,-0.000595299590107364,0.000967897731849614,0.00146467326461182,0.00286558992229402,0.0025832318982187,-0.00367762174088663,-0.00568798305660797,NaN,NaN,NaN,NaN,NaN,NaN,NaN,NaN,NaN
NaN,NaN,-0.000465529102560443,0.00217874746401018,0.0039792814689766,0.00230936682783067,0.00167468947377832,-0.00471351321417994,-0.00458233552247596,NaN,NaN,NaN,NaN,NaN,NaN,NaN,NaN,NaN
NaN,NaN,0.000499898504737454,0.00215434681255526,0.000930466635812384,-1.67288817465305e-06,0.00287115958538682,-0.00299485053498453,-0.00499235959917617,NaN,NaN,NaN,NaN,NaN,NaN,NaN,NaN,NaN
NaN,NaN,-0.00140413461970941,0.000629585493394795,0.00247864140449868,0.00341380364261568,0.00300327700582178,-0.00422404732186502,-0.00558529542953086,NaN,NaN,NaN,NaN,NaN,NaN,NaN,NaN,NaN
NaN,NaN,-0.000762788641926212,0.00252467792112536,0.00236315740524636,0.000866543268784881,0.00135595363584192,-0.00320858906585878,-0.00356155010134292,NaN,NaN,NaN,NaN,NaN,NaN,NaN,NaN,NaN
NaN,NaN,-0.000936424422737521,-0.000105432908943234,0.00129671855150567,0.00251183635555208,0.00325186562743814,-0.0024901668318004,-0.00630720081001831,NaN,NaN,NaN,NaN,NaN,NaN,NaN,NaN,NaN
NaN,NaN,-0.000865532148357791,0.0015489871390552,0.00285813672720299,0.00323074287734926,0.00256888953056962,-0.00355956729132837,-0.00446154298454833,NaN,NaN,NaN,NaN,NaN,NaN,NaN,NaN,NaN
NaN,NaN,0.000488499116424161,0.00213948290426439,0.00129148451863633,0.000395424431189895,0.00313848641720445,-0.00131681214649385,-0.0039655950871141,NaN,NaN,NaN,NaN,NaN,NaN,NaN,NaN,NaN
NaN,NaN,-0.00116651697802202,0.00121665399152941,0.00243518589316712,0.00393664813600481,0.00387579587307603,-0.0027483667023868,-0.00489682452947212,NaN,NaN,NaN,NaN,NaN,NaN,NaN,NaN,NaN
NaN,NaN,-5.06435220207398e-05,0.00312785829980082,0.00394903211175309,0.00155294663272798,0.00206098345127733,-0.00222904260832972,-0.00336273135811401,NaN,NaN,NaN,NaN,NaN,NaN,NaN,NaN,NaN
NaN,NaN,-0.000219436425444049,0.000378258783409062,0.00143960206090317,0.00229806057177484,0.00425955665317209,-0.000849623490163746,-0.00577269615799499,NaN,NaN,NaN,NaN,NaN,NaN,NaN,NaN,NaN
NaN,NaN,-0.000202598113295001,0.00213778789717859,0.00343185005961762,0.00314185745082796,0.00288876158204706,-0.00326638694483942,-0.00386512400776458,NaN,NaN,NaN,NaN,NaN,NaN,NaN,NaN,NaN
NaN,NaN,0.00052252964330061,0.00239704947550005,0.00141272409139977,0.0005220843013376,0.003562219562203,-0.000741385180541935,-0.00293348478347373,NaN,NaN,NaN,NaN,NaN,NaN,NaN,NaN,NaN
NaN,NaN,-0.00153215422081606,0.00127761836726374,0.00210456637917863,0.00408776453696191,0.00357441988793046,-0.00234882931787676,-0.00482891248733116,NaN,NaN,NaN,NaN,NaN,NaN,NaN,NaN,NaN
NaN,NaN,-0.000769605923172397,0.00267154749114222,0.00369684858499871,0.00155859044753015,0.00242093962636621,-0.00206555824358172,-0.003290088197294,NaN,NaN,NaN,NaN,NaN,NaN,NaN,NaN,NaN
NaN,NaN,7.45262320075805e-05,0.000565715391227665,0.00100383622824059,0.00188250443898141,0.00422070187535913,-0.000572834420988026,-0.00502709793120933,NaN,NaN,NaN,NaN,NaN,NaN,NaN,NaN,NaN
NaN,NaN,-0.00100442959713594,0.001715377230236,0.00308010814963685,0.00303442007862031,0.00386529055443437,-0.00274151216823763,-0.00359884025723052,NaN,NaN,NaN,NaN,NaN,NaN,NaN,NaN,NaN
NaN,NaN,-0.000570209759947223,0.00208438586075014,0.00136016024528847,0.000344685977324843,0.00318194192853601,-0.000838093716690007,-0.0029187885132463,NaN,NaN,NaN,NaN,NaN,NaN,NaN,NaN,NaN
NaN,NaN,-0.00235082401680605,0.000617441047021809,0.00138808129607545,0.00288715935312212,0.0032778867801729,-0.00211519773680872,-0.00526715563804222,NaN,NaN,NaN,NaN,NaN,NaN,NaN,NaN,NaN
NaN,NaN,-0.000974105734106464,0.00120644669611162,0.00243902294217454,0.00062499544583261,0.00139464077559144,-0.00234046604115671,-0.00305761145621849,NaN,NaN,NaN,NaN,NaN,NaN,NaN,NaN,NaN
NaN,NaN,-0.00084535970139162,-0.000308144580534038,-0.000384300069223779,9.52160917222494e-06,0.00318015378919275,-0.00133301715929216,-0.005095717778507,NaN,NaN,NaN,NaN,NaN,NaN,NaN,NaN,NaN
NaN,NaN,-0.00243229611563341,0.000189163047859135,0.00168059109031068,0.00189509592019022,0.00297574711051614,-0.0038423913307876,-0.00382118420869422,NaN,NaN,NaN,NaN,NaN,NaN,NaN,NaN,NaN
NaN,NaN,-0.00150354399132387,0.00146775718409723,0.000573192669738394,-1.62387732416391e-05,0.00238489744272859,-0.00108023758609003,-0.00300905229717803,NaN,NaN,NaN,NaN,NaN,NaN,NaN,NaN,NaN
NaN,NaN,-0.00273374660658495,-0.00036687378208929,0.000531674309362036,0.00168523169122636,0.00304526102748544,-0.00200122248012728,-0.00545122223168922,NaN,NaN,NaN,NaN,NaN,NaN,NaN,NaN,NaN
NaN,NaN,-0.00182986079501764,0.000613603998014393,0.00136936171232567,0.00055853626690805,0.00195734587517412,-0.00270738850910372,-0.00285191955238891,NaN,NaN,NaN,NaN,NaN,NaN,NaN,NaN,NaN
NaN,NaN,-0.00144054933237688,-0.000184334557464656,-0.000649186835895913,-0.000452321255579591,0.00380093616452844,-0.000834349799940052,-0.00424288707048011,NaN,NaN,NaN,NaN,NaN,NaN,NaN,NaN,NaN
NaN,NaN,-0.00265899865674631,-0.000138904642274914,0.000925325735200507,0.00227237469516695,0.00357823831048639,-0.00306453209001726,-0.00272926436931205,NaN,NaN,NaN,NaN,NaN,NaN,NaN,NaN,NaN
NaN,NaN,-0.00164996652650492,0.00144713770229525,0.000513122363675696,-0.00068587833084166,0.00181286049094827,-0.000250205654689732,-0.00224991264015747,NaN,NaN,NaN,NaN,NaN,NaN,NaN,NaN,NaN
NaN,NaN,-0.00234653993296282,-0.000385928641965923,-0.000361519919048684,0.00149326748214662,0.00367181760278375,-0.00132264222581095,-0.00450864928037239,NaN,NaN,NaN,NaN,NaN,NaN,NaN,NaN,NaN
NaN,NaN,-0.00140681682872431,0.000416498888322773,0.0018069529372345,0.0012862344738096,0.00243958470431001,-0.00190153371174044,-0.00190791236430717,NaN,NaN,NaN,NaN,NaN,NaN,NaN,NaN,NaN
NaN,NaN,-0.00116038887548105,0.000238262373992863,-0.000398493425260919,-0.000143066281452775,0.00449011486974389,0.000567216169050274,-0.00241788597971511,NaN,NaN,NaN,NaN,NaN,NaN,NaN,NaN,NaN
NaN,NaN,-0.00223994075107233,0.000204269100019398,0.00176778150974618,0.00343064195476472,0.00448450830784471,-0.0014222937412948,-0.00205180170208526,NaN,NaN,NaN,NaN,NaN,NaN,NaN,NaN,NaN
NaN,NaN,-0.000800861108776492,0.00200947027284807,0.00162500975905762,-0.000206694239750504,0.00292573508825929,0.001231509935072,-0.00116017209559989,NaN,NaN,NaN,NaN,NaN,NaN,NaN,NaN,NaN
NaN,NaN,-0.00147061242508547,-0.000701330345085201,0.000346322490562064,0.00283440924249589,0.0051161871573034,-0.000180822122880879,-0.00347847612768722,NaN,NaN,NaN,NaN,NaN,NaN,NaN,NaN,NaN
NaN,NaN,-0.00118991180109636,0.00107423614341921,0.00265922485171662,0.00165569013915956,0.00355152797904642,-0.000746079046317997,-0.00102688120872093,NaN,NaN,NaN,NaN,NaN,NaN,NaN,NaN,NaN
NaN,NaN,-0.000689605314012927,0.000752613205501499,0.000712164624322516,0.000695571070536971,0.00521216926184328,0.001484624784401,-0.0019911539760263,NaN,NaN,NaN,NaN,NaN,NaN,NaN,NaN,NaN
NaN,NaN,-0.00186810089993135,5.42702861518289e-05,0.00206550671039925,0.00371760106645525,0.00447560486403139,-0.000399831939527455,-0.00207029776841712,NaN,NaN,NaN,NaN,NaN,NaN,NaN,NaN,NaN
NaN,NaN,-0.000695770669456882,0.00166679944474405,0.00155318616210328,0.000144954537972808,0.00359120232072504,0.0013208796493321,-0.000698217472139125,NaN,NaN,NaN,NaN,NaN,NaN,NaN,NaN,NaN
NaN,NaN,-0.00133177085566179,-0.000664897005966244,0.000270121677507025,0.0024224107619375,0.00547074166145952,0.00046750877421194,-0.00253744917184425,NaN,NaN,NaN,NaN,NaN,NaN,NaN,NaN,NaN
NaN,NaN,-0.0017686915283169,0.00114617149908251,0.00298677100120888,0.00169072649441659,0.00411166262832315,-0.00126564528424448,-0.000621252974572901,NaN,NaN,NaN,NaN,NaN,NaN,NaN,NaN,NaN
NaN,NaN,-0.000370832223173541,0.000813018787691059,0.00119237317024575,0.000492654507979751,0.00487145421114595,0.00130169440429502,-0.00162151204616142,NaN,NaN,NaN,NaN,NaN,NaN,NaN,NaN,NaN
NaN,NaN,-0.00176645635413782,0.000239119190761509,0.00143190933643685,0.00287482864223421,0.00479633373227746,-0.000656523067542973,-0.00225555645495964,NaN,NaN,NaN,NaN,NaN,NaN,NaN,NaN,NaN
NaN,NaN,-0.000164618778702182,0.00185637946803278,0.00158673240124093,-0.000530403340235353,0.00298248988595636,0.000518992286136684,-0.00104440869957519,NaN,NaN,NaN,NaN,NaN,NaN,NaN,NaN,NaN
NaN,NaN,-0.00158900215077059,-0.00071164939921194,-0.000574084983478921,0.00110730878077447,0.00458032277432115,8.26304070263477e-05,-0.00306258471876693,NaN,NaN,NaN,NaN,NaN,NaN,NaN,NaN,NaN
NaN,NaN,-0.00237244932698862,-5.53277544289206e-05,0.00237388624130593,0.00139227486215532,0.0036060662290159,-0.00156212251264757,-0.00143550830155921,NaN,NaN,NaN,NaN,NaN,NaN,NaN,NaN,NaN
NaN,NaN,-0.00102119340347902,0.000309173274824085,-0.000273062900911706,-0.000635754549875855,0.00326518354025514,0.000852089118173656,-0.00211634235650611,NaN,NaN,NaN,NaN,NaN,NaN,NaN,NaN,NaN
NaN,NaN,-0.00206567167091028,-0.00076181043308073,-0.000161844359051126,0.00178354210220277,0.00399442774263055,-0.00057907428223795,-0.00275036813885284,NaN,NaN,NaN,NaN,NaN,NaN,NaN,NaN,NaN
NaN,NaN,-0.000541133869167728,0.0013033787496776,0.000818670673955542,-0.000408660853281617,0.0018556640764776,-0.000682898122856083,-0.00140423448950363,NaN,NaN,NaN,NaN,NaN,NaN,NaN,NaN,NaN
NaN,NaN,-0.00147815613793985,-0.000694848339965877,-0.00100498931230201,0.000379647826775908,0.00448748854008348,4.71097640305134e-05,-0.00317240627676559,NaN,NaN,NaN,NaN,NaN,NaN,NaN,NaN,NaN
NaN,NaN,-0.00166831358122484,0.000343613583633366,0.00223679555832253,0.00169815844856203,0.00293674332109125,-0.0016301090605945,-0.00148462625414443,NaN,NaN,NaN,NaN,NaN,NaN,NaN,NaN,NaN
NaN,NaN,-0.000781526852127475,0.000493426132986012,-0.00121094198645248,-0.000972446287050843,0.00281107065287263,0.00111891303580099,-0.00197642045289588,NaN,NaN,NaN,NaN,NaN,NaN,NaN,NaN,NaN
NaN,NaN,-0.0016809981946911,-0.000802173953464565,-0.000657810882936853,0.00163149437867105,0.00363335398045213,-0.0006210955568046,-0.00260161729723526,NaN,NaN,NaN,NaN,NaN,NaN,NaN,NaN,NaN
NaN,NaN,-0.000900214601036472,0.00145719598610109,0.000153873993743521,-0.000632681185379624,0.00210829463806779,-0.000815499831029835,-0.00146521749168945,NaN,NaN,NaN,NaN,NaN,NaN,NaN,NaN,NaN
NaN,NaN,-0.0013678316657509,-0.000968172889164028,-0.00033624382437362,0.000465646153315902,0.00448633370009096,0.000750574957540569,-0.00204757349759651,NaN,NaN,NaN,NaN,NaN,NaN,NaN,NaN,NaN
NaN,NaN,-0.00168062566566126,-6.2033276966152e-05,0.00131582929073678,0.0015342456754297,0.00324707862940462,-0.000886447984764042,-0.00152614461452079,NaN,NaN,NaN,NaN,NaN,NaN,NaN,NaN,NaN
NaN,NaN,-9.47882120575136e-05,0.0011200385876388,-0.000146831439148324,-0.000556778395548463,0.00329370063748987,0.00147847805540853,-0.00064002843767715,NaN,NaN,NaN,NaN,NaN,NaN,NaN,NaN,NaN
