F1_2000Hz,F2_1500Hz,F3_1000Hz,F4_900Hz,F5_800Hz,F6_700Hz,F7_600Hz,F8_500Hz,F9_400Hz,F10_200Hz,F11_100Hz,F12_80Hz,F13_600Hz,F14_600Hz,F15_600Hz,F16_600Hz,F17_600Hz,F18_600Hz
NaN,NaN,0.00211366531827177,0.00727751825373465,0.000989183633161398,0.0121478517151748,0.00198520313036473,0.00549931002024096,0.0138909614421815,NaN,NaN,NaN,NaN,NaN,NaN,NaN,NaN,NaN
NaN,NaN,-0.00259854751251017,0.00676109988611036,0.00247544407708726,0.00788211492666354,0.0036271620823148,0.00706653964880388,0.00909021708745665,NaN,NaN,NaN,NaN,NaN,NaN,NaN,NaN,NaN
NaN,NaN,0.00142944124915327,0.0035588403455525,0.00142982959611497,0.0112770837343608,-0.0027999322580096,0.00862970871094149,0.0131480267979593,NaN,NaN,NaN,NaN,NaN,NaN,NaN,NaN,NaN
NaN,NaN,-0.0040839138867644,0.00808005754273229,0.00180574864013276,0.00720454050072779,0.00205421413314374,0.00566905287269037,0.0120192265846223,NaN,NaN,NaN,NaN,NaN,NaN,NaN,NaN,NaN
NaN,NaN,-0.00116110699794566,0.00355353180687719,0.00568096324665627,0.00585330320366969,-0.00197496672141521,0.010779201213154,0.0104612915553541,NaN,NaN,NaN,NaN,NaN,NaN,NaN,NaN,NaN
NaN,NaN,-0.00091168018601214,0.00626908216994101,-0.0022282564653627,0.00891061169871439,-0.00190446560251682,0.00505762097600382,0.0143332651593179,NaN,NaN,NaN,NaN,NaN,NaN,NaN,NaN,NaN
NaN,NaN,-0.00576923521778857,0.00634356934945875,-0.000633012653755335,0.00349357394346346,-8.97463129755725e-05,0.00699436214927118,0.00759769815582937,NaN,NaN,NaN,NaN,NaN,NaN,NaN,NaN,NaN
NaN,NaN,-0.00136858704111849,0.00287344280998999,7.76050971277678e-05,0.00688638208278765,-0.00606393848526447,0.0105543613171903,0.0106907880641908,NaN,NaN,NaN,NaN,NaN,NaN,NaN,NaN,NaN
NaN,NaN,-0.00518643217704569,0.00829193342845732,-0.00157756000893035,0.00370701445111384,0.000466048373103453,0.00512408015492838,0.0102748221494646,NaN,NaN,NaN,NaN,NaN,NaN,NaN,NaN,NaN
NaN,NaN,-0.0028409148993281,0.00425578628104025,0.00191812202198586,0.00405227435597529,-0.00302739848363368,0.00997884121898096,0.00796290699023909,NaN,NaN,NaN,NaN,NaN,NaN,NaN,NaN,NaN
NaN,NaN,0.000791652923605094,0.0066125353090077,-0.00591480374472061,0.0085964579678451,-0.00309868191349475,0.00375930142763536,0.011431487534234,NaN,NaN,NaN,NaN,NaN,NaN,NaN,NaN,NaN
NaN,NaN,-0.0043137642981795,0.00555252258103186,-0.00154151782529273,0.00256163669594874,-0.00151450221407382,0.00438058671716135,0.00362296241898245,NaN,NaN,NaN,NaN,NaN,NaN,NaN,NaN,NaN
NaN,NaN,-2.75197865751888e-05,0.00146360669653708,-0.000285815597938684,0.00473973942765345,-0.00753634084928005,0.00572640371683519,0.00618765715141005,NaN,NaN,NaN,NaN,NaN,NaN,NaN,NaN,NaN
NaN,NaN,-0.00440030279181277,0.00585075069587523,-0.00410939768092552,0.00346973208555331,-0.00173118372428386,-0.00107744785782415,0.00674326557297415,NaN,NaN,NaN,NaN,NaN,NaN,NaN,NaN,NaN
NaN,NaN,-0.00311643736980235,0.00278876696150595,0.00193684160573563,0.00445371163853755,-0.0052762258516547,0.00283954587939661,0.00435410651941008,NaN,NaN,NaN,NaN,NaN,NaN,NaN,NaN,NaN
NaN,NaN,0.00140897077896322,0.00573744599144751,-0.00373519227044502,0.00926317317256083,-0.00604542379248111,0.000255759034189395,0.0088648370243997,NaN,NaN,NaN,NaN,NaN,NaN,NaN,NaN,NaN
NaN,NaN,-0.00430702152273928,0.0069366169385224,0.00208475425703606,0.00427510259517779,-0.00414986570346324,0.00197682452562731,0.00379009756822294,NaN,NaN,NaN,NaN,NaN,NaN,NaN,NaN,NaN
NaN,NaN,0.000871634906313072,0.00465822939198309,0.00449309855563721,0.00508017508157839,-0.00882797350156276,0.00457316559914034,0.00753185364980406,NaN,NaN,NaN,NaN,NaN,NaN,NaN,NaN,NaN
NaN,NaN,-0.00336441131851946,0.00995339427511984,0.000226039289069983,0.00643621800312151,-0.00422098149526088,-0.000486318793264218,0.00735572192449278,NaN,NaN,NaN,NaN,NaN,NaN,NaN,NaN,NaN
NaN,NaN,-0.000969403559186806,0.0071787980608254,0.00456421434743485,0.00566851017841448,-0.00560684536564319,0.00371072364214342,0.00378747123856253,NaN,NaN,NaN,NaN,NaN,NaN,NaN,NaN,NaN
NaN,NaN,0.00154412431099142,0.00804956604163939,-0.000790052266286997,0.00998248947629084,-0.007188901649594,0.00290080827835482,0.00634903672713942,NaN,NaN,NaN,NaN,NaN,NaN,NaN,NaN,NaN
NaN,NaN,-0.004121204042652,0.0101584901325017,0.00250379353625855,0.00445158822306742,-0.00371460278499095,0.00363789421680849,0.00317382279414839,NaN,NaN,NaN,NaN,NaN,NaN,NaN,NaN,NaN
NaN,NaN,0.00143817705490316,0.005881577473095,0.00605470299584946,0.00719705266722788,-0.00574879755246608,0.00705616471532267,0.00640355635065741,NaN,NaN,NaN,NaN,NaN,NaN,NaN,NaN,NaN
NaN,NaN,-0.00066014858505999,0.0112095621637612,0.000431209652257773,0.00939495531686892,0.000227573914647413,0.00190846544865053,0.00747599292177862,NaN,NaN,NaN,NaN,NaN,NaN,NaN,NaN,NaN
NaN,NaN,-6.00601973322528e-05,0.00704386804621512,0.00441017359359345,0.00872756955989947,-0.00105536018478839,0.00628989112738054,0.00329089004177755,NaN,NaN,NaN,NaN,NaN,NaN,NaN,NaN,NaN
NaN,NaN,0.00231859353759016,0.00688995767753416,0.000312894432378622,0.0117192570663368,-0.00324229185450046,0.0043460719025461,0.00640210348744101,NaN,NaN,NaN,NaN,NaN,NaN,NaN,NaN,NaN
NaN,NaN,-0.00327601017973696,0.00937861923497015,0.00281021728975854,0.00607236889967074,0.00188143516910107,0.0037330567574827,0.00358688298244185,NaN,NaN,NaN,NaN,NaN,NaN,NaN,NaN,NaN
NaN,NaN,0.00091823828794683,0.00367687616865927,0.00450909867746911,0.0093630482054626,-0.00171466206181018,0.00695088801148813,0.00555605280775732,NaN,NaN,NaN,NaN,NaN,NaN,NaN,NaN,NaN
NaN,NaN,-0.00120953577182566,0.00892368678372198,-0.00200896725194374,0.0109166246450817,0.00203625823390515,0.000695194277795963,0.00645215276260084,NaN,NaN,NaN,NaN,NaN,NaN,NaN,NaN,NaN
NaN,NaN,-0.00393687667868411,0.00415706608813101,0.00218550473315797,0.00740622771748652,-0.00202905793654888,0.00461550352338236,0.0023025891520471,NaN,NaN,NaN,NaN,NaN,NaN,NaN,NaN,NaN
NaN,NaN,-0.00168048697135722,0.00362317610900694,-0.00118416935341277,0.0109366294539844,-0.00393286754357784,0.0032706923520891,0.00648869786042875,NaN,NaN,NaN,NaN,NaN,NaN,NaN,NaN,NaN
NaN,NaN,-0.0084481659772185,0.00668856848399931,0.0021437628553637,0.00613154513606181,0.00185176323187382,0.00272337270143908,0.00576286229867643,NaN,NaN,NaN,NaN,NaN,NaN,NaN,NaN,NaN
NaN,NaN,-0.00393946575544154,0.00173322458188826,0.00194052964313111,0.00773356897601237,-0.00127399747240512,0.0059162631368963,0.00721708524603552,NaN,NaN,NaN,NaN,NaN,NaN,NaN,NaN,NaN
NaN,NaN,-0.00485167759082591,0.00687395755570227,-0.00431790217893043,0.00817747456797709,0.000665314151168181,0.00100405809644144,0.00893392253298468,NaN,NaN,NaN,NaN,NaN,NaN,NaN,NaN,NaN
NaN,NaN,-0.00781848015806948,0.00195176873724752,-3.38742150537055e-05,0.00425625262626757,-0.00238532607424228,0.0040055244899122,0.00352759498734182,NaN,NaN,NaN,NaN,NaN,NaN,NaN,NaN,NaN
NaN,NaN,-0.00368709596417223,-0.000215456146785679,-0.00313013062016883,0.00613946137794604,-0.00481950526106326,0.00311717313888948,0.00854535612840361,NaN,NaN,NaN,NaN,NaN,NaN,NaN,NaN,NaN
NaN,NaN,-0.00974872069976603,0.00271172795813375,-0.00364140808718124,0.00245997352370371,0.000882181925893141,0.000744722012314014,0.00601800743121809,NaN,NaN,NaN,NaN,NaN,NaN,NaN,NaN,NaN
NaN,NaN,-0.00478907408736025,-0.00125773649294085,-0.00358001530306259,0.00285260049471011,-0.0025608803795573,0.00484656465414446,0.00652194607634253,NaN,NaN,NaN,NaN,NaN,NaN,NaN,NaN,NaN
NaN,NaN,-0.00538845466993128,0.00303515766184622,-0.0083862544609777,0.00618347568282237,-0.00224208866226642,-0.00120090397831518,0.00880595881123251,NaN,NaN,NaN,NaN,NaN,NaN,NaN,NaN,NaN
NaN,NaN,-0.00696930023453509,0.000918484967163143,-0.00214840486781516,0.0038800541854774,-0.00143660639393299,0.00284109187487047,0.00552856016535467,NaN,NaN,NaN,NaN,NaN,NaN,NaN,NaN,NaN
NaN,NaN,-0.00200494112990176,-0.000737443823406162,-0.00347574442760864,0.00667763544091334,-0.00451717932689159,0.00370792967441957,0.0113274960555524,NaN,NaN,NaN,NaN,NaN,NaN,NaN,NaN,NaN
NaN,NaN,-0.00785616146943842,0.00424973268430525,-0.00579941287772575,0.00341705648073306,0.00129079039227994,0.00124117282393854,0.00985716122765249,NaN,NaN,NaN,NaN,NaN,NaN,NaN,NaN,NaN
NaN,NaN,-0.00412464993617808,-0.000352230180093708,-0.00313765570657173,0.00314319176444163,-0.00447418947684734,0.00366274190309923,0.00951145428795523,NaN,NaN,NaN,NaN,NaN,NaN,NaN,NaN,NaN
NaN,NaN,-0.00461994590781008,0.0030933280698567,-0.00664207354323783,0.00730702323683848,-0.0050199631320235,-0.00311514439817984,0.011677338067481,NaN,NaN,NaN,NaN,NaN,NaN,NaN,NaN,NaN
NaN,NaN,-0.0071223537864474,0.000673304986169872,-0.000675164313482431,0.0032653254068767,-0.00436928530204265,0.00160999518993776,0.00750033769387907,NaN,NaN,NaN,NaN,NaN,NaN,NaN,NaN,NaN
NaN,NaN,-0.00265373768828188,-0.000499956566879215,-0.00231190785901466,0.00555032534369578,-0.00783149559962718,0.00314995569351595,0.0130196905471773,NaN,NaN,NaN,NaN,NaN,NaN,NaN,NaN,NaN
NaN,NaN,-0.0076050582768706,0.00523134667794996,-0.00467506438629547,0.00250227419504275,-0.00257140432465045,0.00101605353120249,0.0118509552218408,NaN,NaN,NaN,NaN,NaN,NaN,NaN,NaN,NaN
NaN,NaN,-0.00239835041187083,0.0015282218567639,0.000555373577905508,0.00309949410924067,-0.00703491677510707,0.00399170366290491,0.0119620806314439,NaN,NaN,NaN,NaN,NaN,NaN,NaN,NaN,NaN
NaN,NaN,-0.000667710924365869,0.00663719673078352,-0.00372438892857948,0.00792789874443163,-0.00554381345379321,-0.000423845674959011,0.0132750591971368,NaN,NaN,NaN,NaN,NaN,NaN,NaN,NaN,NaN
NaN,NaN,-0.00293989586255824,0.0050324161760121,0.00115160629017434,0.00298039657839884,-0.00397563387620418,0.00503560451033991,0.00981564286727613,NaN,NaN,NaN,NaN,NaN,NaN,NaN,NaN,NaN
NaN,NaN,0.00126897436954702,0.00318113316219145,-0.00188269853727737,0.00488476497897257,-0.00655550916659801,0.00511310917499941,0.012661839161107,NaN,NaN,NaN,NaN,NaN,NaN,NaN,NaN,NaN
NaN,NaN,-0.00306439506433283,0.0074229535869866,-0.00371714323894897,0.00216770587333788,-0.00139482726323573,3.42160201398654e-05,0.00978209662813848,NaN,NaN,NaN,NaN,NaN,NaN,NaN,NaN,NaN
NaN,NaN,0.00113940877296651,0.0024008711091786,0.000873587875200125,0.00284483326443781,-0.00645168532597988,0.0023137584066717,0.00747055399794287,NaN,NaN,NaN,NaN,NaN,NaN,NaN,NaN,NaN
NaN,NaN,0.000434360331079612,0.00470095847170645,-0.00534949094192901,0.00720206318267932,-0.00547131930458515,-0.00212546515103895,0.00899408597130484,NaN,NaN,NaN,NaN,NaN,NaN,NaN,NaN,NaN
NaN,NaN,-0.00437759714744364,0.00353896592181021,-0.0017760621024839,0.00121494425305476,-0.0040896650122401,0.00218305659655016,0.00594728279490179,NaN,NaN,NaN,NaN,NaN,NaN,NaN,NaN,NaN
NaN,NaN,-0.00131715940854823,-0.00082251082737154,-0.00269466281073013,0.00339759183892359,-0.00799945031273334,0.00242900026205461,0.00894200641293234,NaN,NaN,NaN,NaN,NaN,NaN,NaN,NaN,NaN
NaN,NaN,-0.00544176357410227,0.00456073854487234,-0.00320793330805221,0.00215051365861048,-0.00352744420039623,-0.00481732266780455,0.00721306193251318,NaN,NaN,NaN,NaN,NaN,NaN,NaN,NaN,NaN
NaN,NaN,-0.00279121952674662,-0.000506345439741077,0.00102414548261246,0.00285148290762057,-0.00731649284231632,0.000916811797651462,0.0042770302631349,NaN,NaN,NaN,NaN,NaN,NaN,NaN,NaN,NaN
NaN,NaN,-0.00332669275424754,0.00142192069809729,-0.00487729177014747,0.00889353124269595,-0.00824947317111461,-0.00234270545479376,0.00885749820251173,NaN,NaN,NaN,NaN,NaN,NaN,NaN,NaN,NaN
NaN,NaN,-0.00895257028363024,0.00021947149555975,-0.00233208030598083,0.00176923019656291,-0.00553243269193141,-0.000652708884445019,0.00519816416878408,NaN,NaN,NaN,NaN,NaN,NaN,NaN,NaN,NaN
NaN,NaN,-0.00474977227471148,-0.00315539937097734,-0.00222628206150451,0.0033038449085628,-0.0114024471210238,-0.000776612039771863,0.0067925511636228,NaN,NaN,NaN,NaN,NaN,NaN,NaN,NaN,NaN
NaN,NaN,-0.00826914715192591,0.00280668560784155,-0.00437892243401924,0.00162858186134448,-0.00615247000920741,-0.00795219170686323,0.00457198012251562,NaN,NaN,NaN,NaN,NaN,NaN,NaN,NaN,NaN
NaN,NaN,-0.00700606884978091,-0.00172445948798365,0.000246193109584662,0.00160036278733363,-0.00815857608783214,0.000168494108947925,0.0023151806332559,NaN,NaN,NaN,NaN,NaN,NaN,NaN,NaN,NaN
NaN,NaN,-0.00502633782646929,0.000343691300561962,-0.00637033224241653,0.00631477353939166,-0.00745293159949748,-0.00114828425284941,0.0080001785196752,NaN,NaN,NaN,NaN,NaN,NaN,NaN,NaN,NaN
NaN,NaN,-0.0087853047492293,0.00050989512722784,-0.002349831314253,7.55455888186892e-05,-0.00388885323870151,0.00119479295972269,0.00445016312975592,NaN,NaN,NaN,NaN,NaN,NaN,NaN,NaN,NaN
NaN,NaN,-0.00209054830096041,-0.0016373808272571,-0.00228944435851493,0.00163491485485186,-0.0074138905571696,0.00155849305156153,0.00597810957212156,NaN,NaN,NaN,NaN,NaN,NaN,NaN,NaN,NaN
NaN,NaN,-0.00641205268523966,0.00392140422385031,-0.00499715298550048,0.00129285869964709,-0.00246996466982334,-0.00451743679877836,0.00351828176159567,NaN,NaN,NaN,NaN,NaN,NaN,NaN,NaN,NaN
NaN,NaN,-0.00590254473111903,-0.00154255356270975,-0.000944987089800028,0.00235912991532435,-0.00452654843199222,0.00223560181620996,0.00167735505480474,NaN,NaN,NaN,NaN,NaN,NaN,NaN,NaN,NaN
NaN,NaN,-0.00429174783251559,-0.00106648008901781,-0.00758948937194267,0.00649340120920291,-0.0053837563561198,0.000666043881210498,0.00556909132380194,NaN,NaN,NaN,NaN,NaN,NaN,NaN,NaN,NaN
NaN,NaN,-0.00928738074920451,-0.0014041404016704,-0.00444772854583183,-2.24481724823514e-05,-0.00333525647389858,0.000717210743459873,0.00221768978614515,NaN,NaN,NaN,NaN,NaN,NaN,NaN,NaN,NaN
NaN,NaN,-0.00324173750899111,-0.00399867470938868,-0.00193239390985885,0.00292258007296671,-0.00717683170902698,0.00180168000224512,0.00495587128777212,NaN,NaN,NaN,NaN,NaN,NaN,NaN,NaN,NaN
NaN,NaN,-0.00744267287276064,0.00250488121431166,-0.00522363200919547,0.00428946358927836,-0.00354469229447811,-0.00413550141092855,0.00564056101817793,NaN,NaN,NaN,NaN,NaN,NaN,NaN,NaN,NaN
NaN,NaN,-0.00592733653805529,-0.00118194546181864,0.00018860012157044,0.00419506473311534,-0.00441888754236667,0.00404989269736689,0.00380645159263319,NaN,NaN,NaN,NaN,NaN,NaN,NaN,NaN,NaN
NaN,NaN,-0.00255531551859652,-0.000913407910654011,-0.00652413085238853,0.00722422865995516,-0.00623468716609447,0.00190474015835207,0.00845585602898306,NaN,NaN,NaN,NaN,NaN,NaN,NaN,NaN,NaN
NaN,NaN,-0.00789171936533724,-5.01449782556529e-06,-0.00224343702332893,-0.000586662014635901,-0.00369646062123744,0.000838375810417347,0.00465714025873846,NaN,NaN,NaN,NaN,NaN,NaN,NaN,NaN,NaN
NaN,NaN,-0.00316671016238009,-0.00298897202689356,-0.000447362811731485,0.0025159646368896,-0.00920061429011791,0.0019036970770685,0.00654068428654379,NaN,NaN,NaN,NaN,NaN,NaN,NaN,NaN,NaN
NaN,NaN,-0.00663452702186381,0.00416742239516073,-0.00460242122547546,0.00278360811838259,-0.00508444790708988,-0.00242039638396818,0.0070631003715486,NaN,NaN,NaN,NaN,NaN,NaN,NaN,NaN,NaN
NaN,NaN,-0.00586488204620158,0.000936403613498745,-0.00169051081077972,0.00132374135622134,-0.00653934140670268,0.0049552127456991,0.00346355724711126,NaN,NaN,NaN,NaN,NaN,NaN,NaN,NaN,NaN
NaN,NaN,-0.000879288786867013,0.000215355049779949,-0.00756605729596534,0.00396519569524874,-0.00903457810151546,0.00159548518422525,0.00813045192141241,NaN,NaN,NaN,NaN,NaN,NaN,NaN,NaN,NaN
NaN,NaN,-0.00725182625077044,0.000720094632318554,-0.00299937293069282,-0.00200635152092824,-0.00523252819645374,-0.00147368836042006,0.00407977614183134,NaN,NaN,NaN,NaN,NaN,NaN,NaN,NaN,NaN
NaN,NaN,-0.00300395222924029,-0.0019411037452907,-0.00245402768390098,0.000280138532010218,-0.0108172412680384,0.00108471063140314,0.00394510689754194,NaN,NaN,NaN,NaN,NaN,NaN,NaN,NaN,NaN
NaN,NaN,-0.00556240710041796,0.00487427760284239,-0.00782477870719352,0.00198412356742968,-0.00584954802858798,-0.00337207767006475,0.00422381449122137,NaN,NaN,NaN,NaN,NaN,NaN,NaN,NaN,NaN
NaN,NaN,-0.00502551826260363,0.000251751135995922,-0.00469937190549293,0.000149213204470774,-0.0069590512381789,0.00166032386186998,-1.68883464842413e-05,NaN,NaN,NaN,NaN,NaN,NaN,NaN,NaN,NaN
NaN,NaN,-0.00104264276645457,-0.00185959439356035,-0.00741972789304176,0.00374044893154254,-0.0106461200581786,-0.00229723828670103,0.00389341849465078,NaN,NaN,NaN,NaN,NaN,NaN,NaN,NaN,NaN
NaN,NaN,-0.00886888163707529,-0.000406451780387821,-0.0036131703867189,-0.000656846483858923,-0.00693926994669406,-0.00761045220133383,-0.000592184927275714,NaN,NaN,NaN,NaN,NaN,NaN,NaN,NaN,NaN
NaN,NaN,-0.00564773487470423,-0.0026044848151893,-0.00210720315711418,0.000156142244425913,-0.0115856196449992,-0.00191871153947432,-0.00108505946021372,NaN,NaN,NaN,NaN,NaN,NaN,NaN,NaN,NaN
NaN,NaN,-0.00804121526501452,0.00282888833802038,-0.00819270700352111,0.00196842146882166,-0.00748683174121349,-0.00705910923716146,0.00157977107543654,NaN,NaN,NaN,NaN,NaN,NaN,NaN,NaN,NaN
NaN,NaN,-0.007187490487316,-0.00133950661499208,-0.00206505149738708,0.000207812020865579,-0.00806309689748256,-0.0017964288854273,-0.000760344531348286,NaN,NaN,NaN,NaN,NaN,NaN,NaN,NaN,NaN
NaN,NaN,-0.00334399672768389,-0.00140423353392786,-0.00281003505127349,0.00456556347974887,-0.00950623710620372,-0.00295924099918921,0.00443051222343153,NaN,NaN,NaN,NaN,NaN,NaN,NaN,NaN,NaN
NaN,NaN,-0.00991678717158114,0.00343894187729651,-0.00124455630915084,0.00123491180905451,-0.0051740038858649,-0.00544868486758787,0.000676630321928921,NaN,NaN,NaN,NaN,NaN,NaN,NaN,NaN,NaN
NaN,NaN,-0.00604708599469935,0.0012242567948609,0.00017302840812287,0.000932734886494776,-0.00769360397922962,0.00125769448641222,-0.000660059716513691,NaN,NaN,NaN,NaN,NaN,NaN,NaN,NaN,NaN
NaN,NaN,-0.00804115938566004,0.00462794278185659,-0.00723079979555526,0.00325917867788424,-0.0051057006882426,-0.00487020316359121,0.00276409674067205,NaN,NaN,NaN,NaN,NaN,NaN,NaN,NaN,NaN
NaN,NaN,-0.00943648549340044,0.000631227832248745,-0.000688389094041971,0.000660751441804071,-0.00578746606576412,-0.000713989909854718,-0.00188325878601366,NaN,NaN,NaN,NaN,NaN,NaN,NaN,NaN,NaN
NaN,NaN,-0.00595425176046168,-0.000459164638111057,-0.00266286745803275,0.00568516222604861,-0.00752162595260112,-0.0005403727554949,0.00256218600649542,NaN,NaN,NaN,NaN,NaN,NaN,NaN,NaN,NaN
NaN,NaN,-0.011747003668764,0.0046070997826367,-0.00358377784626403,0.00318720606931796,-0.00187024881112544,-0.00140423032280523,0.000300022099205914,NaN,NaN,NaN,NaN,NaN,NaN,NaN,NaN,NaN
NaN,NaN,-0.00643975021860873,0.000907271843364773,-0.000963054747747568,0.0033464622295772,-0.00381689925658672,0.0049147747195093,-0.000590750690510807,NaN,NaN,NaN,NaN,NaN,NaN,NaN,NaN,NaN
NaN,NaN,-0.00602059918067729,0.00410096321623617,-0.00610529646413246,0.00730683697232356,-0.00179447640645473,-0.00188477414485533,0.00366373572129911,NaN,NaN,NaN,NaN,NaN,NaN,NaN,NaN,NaN
NaN,NaN,-0.00937600540540491,0.000158600252082882,4.41706166990721e-05,0.00278966171511759,-0.000930749224304842,0.000720023337635211,-0.000439764674714145,NaN,NaN,NaN,NaN,NaN,NaN,NaN,NaN,NaN
NaN,NaN,-0.00636217104814326,-0.00121059294421381,-0.00364988312261024,0.00835856092938532,-0.00530232151019542,0.000765956167015247,0.00485908824581808,NaN,NaN,NaN,NaN,NaN,NaN,NaN,NaN,NaN
NaN,NaN,-0.0120106238367346,0.00353330348055655,-0.0053005965067617,0.00367132617005457,0.000206358386397672,-0.000967924323049374,0.00376642334837622,NaN,NaN,NaN,NaN,NaN,NaN,NaN,NaN,NaN
NaN,NaN,-0.00674220653794085,-0.00151392470676607,-0.00237788275020042,0.0030388650096332,-0.00387275998461215,0.00342907306912821,0.00294600266594595,NaN,NaN,NaN,NaN,NaN,NaN,NaN,NaN,NaN
NaN,NaN,-0.0069789673628596,0.00118130419771963,-0.00673840955035606,0.00688898978599658,-0.00374313850867717,-0.00452147873875219,0.00690155315775579,NaN,NaN,NaN,NaN,NaN,NaN,NaN,NaN,NaN
NaN,NaN,-0.0126730922105101,-0.00149654622752375,-0.00192460805313506,0.0016181137956058,-0.00394625996220081,-0.00103160816070158,0.00303023147959417,NaN,NaN,NaN,NaN,NaN,NaN,NaN,NaN,NaN
NaN,NaN,-0.00925772743842875,-0.00318436350304789,-0.00539864614741722,0.00591266570457568,-0.00729438324439495,0.00139364895585459,0.00737125638503736,NaN,NaN,NaN,NaN,NaN,NaN,NaN,NaN,NaN
NaN,NaN,-0.0132817487659243,0.00243259195607,-0.00705021634833732,0.000539251098719736,-0.00276402045953243,-0.00137981104489882,0.00691513184089369,NaN,NaN,NaN,NaN,NaN,NaN,NaN,NaN,NaN
NaN,NaN,-0.00815312298558031,-0.00118108864504999,-0.00303712874786773,-0.000443703999432425,-0.00579024140703647,0.00349515971902292,0.00421425912160582,NaN,NaN,NaN,NaN,NaN,NaN,NaN,NaN,NaN
NaN,NaN,-0.00753349545023715,0.000943369906356869,-0.00881812736527839,0.00333817345866313,-0.0074180256294009,-0.00297943207260687,0.00751294780153936,NaN,NaN,NaN,NaN,NaN,NaN,NaN,NaN,NaN
NaN,NaN,-0.0136148455979613,-0.00114372398335642,-0.00496442631022849,-0.00236703412762533,-0.00599086691606014,-0.000575800266233273,0.00237148839611715,NaN,NaN,NaN,NaN,NaN,NaN,NaN,NaN,NaN
NaN,NaN,-0.00895646321199213,-0.00380617033321566,-0.00864369064705291,-0.000666606744440893,-0.0104712363051173,0.00142650601628702,0.0044056459106893,NaN,NaN,NaN,NaN,NaN,NaN,NaN,NaN,NaN
NaN,NaN,-0.0113067488612918,0.0017408614270001,-0.011390123666691,-0.00429926769963155,-0.00501634960043399,-0.00496892335650045,0.00391992393512434,NaN,NaN,NaN,NaN,NaN,NaN,NaN,NaN,NaN
NaN,NaN,-0.00885750087521349,-0.00305962215740389,-0.00613949462907234,-0.00308746801844488,-0.00863720138537853,-0.0011320792400511,0.000227788720318737,NaN,NaN,NaN,NaN,NaN,NaN,NaN,NaN,NaN
NaN,NaN,-0.00751911582968508,-0.00139264788109964,-0.0115744882835619,0.000646260062543055,-0.00941835750806301,-0.00655122178432066,0.0045759103037805,NaN,NaN,NaN,NaN,NaN,NaN,NaN,NaN,NaN
NaN,NaN,-0.0138204071166304,-0.00100702445585436,-0.00678545996682563,-0.00404857428899656,-0.00630543042886226,-0.00372629689809401,0.000942895446011486,NaN,NaN,NaN,NaN,NaN,NaN,NaN,NaN,NaN
NaN,NaN,-0.00697408723256861,-0.00295240830261416,-0.00695902124183097,-0.00142146231761823,-0.0110382068620917,-0.00269537868734915,0.00416702244062132,NaN,NaN,NaN,NaN,NaN,NaN,NaN,NaN,NaN
NaN,NaN,-0.0101693059744624,0.002676021050623,-0.00879903525249877,-0.00170909198156248,-0.0054467137621638,-0.00826623367902357,0.00318078908700651,NaN,NaN,NaN,NaN,NaN,NaN,NaN,NaN,NaN
NaN,NaN,-0.00971349807999407,-0.00293840121109194,-0.00398210451142707,-0.00167668195596586,-0.00971924920546977,-0.0053870871925028,-0.000303363170435963,NaN,NaN,NaN,NaN,NaN,NaN,NaN,NaN,NaN
NaN,NaN,-0.00935736032746111,-0.000933990139553013,-0.00826823726432243,0.00215852303275218,-0.0113518390523192,-0.00883828925725538,0.00271285537261671,NaN,NaN,NaN,NaN,NaN,NaN,NaN,NaN,NaN
NaN,NaN,-0.0148889321329383,0.000352091830184994,-0.00551508009569564,-0.0048322449826325,-0.0094474333988425,-0.00753149467345793,-0.000379657115748462,NaN,NaN,NaN,NaN,NaN,NaN,NaN,NaN,NaN
NaN,NaN,-0.00738655137441431,-0.00230133931715197,-0.00340637952225128,-0.000119044949921469,-0.0129537138806578,-0.00403387549158651,0.00313338476795858,NaN,NaN,NaN,NaN,NaN,NaN,NaN,NaN,NaN
NaN,NaN,-0.0103088553490428,0.00294779960434729,-0.00631594300405898,0.000609677711812159,-0.00694455985891788,-0.00884194004174788,0.0036346970834226,NaN,NaN,NaN,NaN,NaN,NaN,NaN,NaN,NaN
NaN,NaN,-0.00884328889272486,-0.00179874177653498,-0.00170526296036163,-0.000417179932507376,-0.00907704641091792,-0.00336572605010588,-0.000497394915631351,NaN,NaN,NaN,NaN,NaN,NaN,NaN,NaN,NaN
NaN,NaN,-0.0080531175675181,0.000740881752183971,-0.00698712855713287,0.00298298565515627,-0.0101335946189162,-0.00611962827679235,0.00275370318073935,NaN,NaN,NaN,NaN,NaN,NaN,NaN,NaN,NaN
NaN,NaN,-0.0114057111980704,0.0020499115101605,-0.00461477056281486,-0.00276888119212041,-0.0070622231529948,-0.00547505992290098,0.000645207498261395,NaN,NaN,NaN,NaN,NaN,NaN,NaN,NaN,NaN
NaN,NaN,-0.00561538072846209,-0.00196712489802546,-0.00301773861186424,0.00249860478409876,-0.0090298656092879,-0.00225743355986197,0.00268173057217306,NaN,NaN,NaN,NaN,NaN,NaN,NaN,NaN,NaN
NaN,NaN,-0.00948156150601183,0.00231649328391844,-0.00705567389862457,0.00408867044219126,-0.00406403501498668,-0.00736011269327719,0.00312859776992506,NaN,NaN,NaN,NaN,NaN,NaN,NaN,NaN,NaN
NaN,NaN,-0.0104551288726119,-0.00266250621158785,-0.00248423978822151,0.000385471115199228,-0.00620911304819553,-0.00241201448079664,-0.00229162510853105,NaN,NaN,NaN,NaN,NaN,NaN,NaN,NaN,NaN
NaN,NaN,-0.00970990317485606,-0.00132594655830568,-0.00887447238104263,0.00321585355171313,-0.00956098024713962,-0.00650750550266821,0.00167728054899878,NaN,NaN,NaN,NaN,NaN,NaN,NaN,NaN,NaN
NaN,NaN,-0.0142207268121031,0.000157240521123943,-0.0057368093742601,-0.000584855248841146,-0.00533476878869502,-0.00558396878477652,0.000745995227286282,NaN,NaN,NaN,NaN,NaN,NaN,NaN,NaN,NaN
NaN,NaN,-0.00898078935764109,-0.00499774168808168,-0.00469246149198928,0.00307343570360293,-0.00894628872144191,-0.00205472188827116,0.00238467592377371,NaN,NaN,NaN,NaN,NaN,NaN,NaN,NaN,NaN
NaN,NaN,-0.0136393766345767,0.00135656047981077,-0.00954185813801208,0.00230913651951899,-0.00560328771340816,-0.00791320654388983,0.00407280984897322,NaN,NaN,NaN,NaN,NaN,NaN,NaN,NaN,NaN
NaN,NaN,-0.0159078921618251,-0.0037726427205295,-0.00467566043274322,-0.0024760920011128,-0.00915110518205135,-0.00272931608196814,-0.00170139011364275,NaN,NaN,NaN,NaN,NaN,NaN,NaN,NaN,NaN
NaN,NaN,-0.0143457103016165,-0.00313193004209703,-0.0113264957083932,-0.000581297596606115,-0.0133850652443167,-0.00579994248982985,0.00354206774015135,NaN,NaN,NaN,NaN,NaN,NaN,NaN,NaN,NaN
NaN,NaN,-0.0187871317806033,-0.00135792817551798,-0.00897539049522796,-0.00345399933091054,-0.00744274293053119,-0.00511428418394644,0.000822773460337582,NaN,NaN,NaN,NaN,NaN,NaN,NaN,NaN,NaN
NaN,NaN,-0.0140690702440528,-0.00527941088754839,-0.00862662881748595,-0.00174185590973745,-0.012588840322375,-0.00206312241789419,0.0023989810385198,NaN,NaN,NaN,NaN,NaN,NaN,NaN,NaN,NaN
NaN,NaN,-0.0170554678382662,-0.000196904201099338,-0.0143602976216547,-0.0016862559520329,-0.00967370753157108,-0.00831905829545576,0.0038589781858415,NaN,NaN,NaN,NaN,NaN,NaN,NaN,NaN,NaN
NaN,NaN,-0.0181107121946601,-0.00313360642273134,-0.00939748451249519,-0.00723002808323751,-0.0110456574426886,-0.00404205250379164,-0.00197678219895655,NaN,NaN,NaN,NaN,NaN,NaN,NaN,NaN,NaN
NaN,NaN,-0.0135175410153655,-0.00285569976646608,-0.0137064160420171,-0.0038227285646523,-0.0121386948691603,-0.00513728785153944,0.00307921904701895,NaN,NaN,NaN,NaN,NaN,NaN,NaN,NaN,NaN
NaN,NaN,-0.0164229694249419,-0.000151455659458104,-0.0139780455841295,-0.00624563874832044,-0.0053050409721133,-0.00557968470093329,0.000880161557385388,NaN,NaN,NaN,NaN,NaN,NaN,NaN,NaN,NaN
NaN,NaN,-0.0123753297569541,-0.00469828422743982,-0.0118049906207792,-0.00438841389647374,-0.010355715052962,-0.00344915392633993,0.00152355644483274,NaN,NaN,NaN,NaN,NaN,NaN,NaN,NaN,NaN
NaN,NaN,-0.0149189020933894,-0.00194404672462648,-0.016917076112198,-0.0035093385182942,-0.0103212933706042,-0.00987647178408224,0.000612480822989407,NaN,NaN,NaN,NaN,NaN,NaN,NaN,NaN,NaN
NaN,NaN,-0.0169119324030665,-0.00444170485813326,-0.011181842686104,-0.00843588592639814,-0.0111883733140227,-0.00593321475025732,-0.00565457504611307,NaN,NaN,NaN,NaN,NaN,NaN,NaN,NaN,NaN
NaN,NaN,-0.0134275193753031,-0.0065473134406299,-0.0129181259884111,-0.0040121409498776,-0.0127508718239066,-0.00783177169796545,-0.0006755382977038,NaN,NaN,NaN,NaN,NaN,NaN,NaN,NaN,NaN
NaN,NaN,-0.0156739439310816,-0.00350883628804392,-0.0134904609634153,-0.00544870602122197,-0.00822429020869701,-0.00940051006909925,-0.001445257779172,NaN,NaN,NaN,NaN,NaN,NaN,NaN,NaN,NaN
NaN,NaN,-0.0129722516479281,-0.00843624051291651,-0.00867244988815704,-0.00290155740610013,-0.0138638023005721,-0.00598695206281263,-0.00177194711189562,NaN,NaN,NaN,NaN,NaN,NaN,NaN,NaN,NaN
NaN,NaN,-0.0131084110083369,-0.00349779080230898,-0.0143618436171285,-0.00212347464791189,-0.0137011933790442,-0.0114422485494288,-0.000291144218257007,NaN,NaN,NaN,NaN,NaN,NaN,NaN,NaN,NaN
NaN,NaN,-0.0151736374439982,-0.00525255154449648,-0.00808044538037696,-0.00757947893968473,-0.0136522430645224,-0.00722145738836844,-0.00503068205337816,NaN,NaN,NaN,NaN,NaN,NaN,NaN,NaN,NaN
NaN,NaN,-0.0100424598397998,-0.00669971506673998,-0.0112563671185247,-0.00355191858640561,-0.0152466114329097,-0.00929826947685797,0.00122670668739981,NaN,NaN,NaN,NaN,NaN,NaN,NaN,NaN,NaN
NaN,NaN,-0.0141907382252005,-0.00199210296947664,-0.0114556515230409,-0.00573359759679685,-0.0112086947726008,-0.0107772469782503,-0.000146286305001316,NaN,NaN,NaN,NaN,NaN,NaN,NaN,NaN,NaN
NaN,NaN,-0.0106126155199793,-0.00747099917013353,-0.00768835857646385,-0.00588229255905996,-0.015894923703551,-0.00723013731476385,-0.00263757419209772,NaN,NaN,NaN,NaN,NaN,NaN,NaN,NaN,NaN
NaN,NaN,-0.0111054528000144,-0.00145560528714365,-0.0143634827448598,-0.00521583812466512,-0.0141325447427031,-0.012426265355316,0.000164235267826977,NaN,NaN,NaN,NaN,NaN,NaN,NaN,NaN,NaN
NaN,NaN,-0.0140391375365046,-0.00505602385480112,-0.00841587051885047,-0.0116821783982838,-0.0116016383932826,-0.00876920374867041,-0.00509566974263483,NaN,NaN,NaN,NaN,NaN,NaN,NaN,NaN,NaN
NaN,NaN,-0.00864147129080569,-0.00620989527184671,-0.0115478897108308,-0.00533713357678304,-0.0141623284386393,-0.0104602992796572,-0.000168563540986118,NaN,NaN,NaN,NaN,NaN,NaN,NaN,NaN,NaN
NaN,NaN,-0.0141106444837836,-0.00257602359730906,-0.0128014871491663,-0.00681611107817541,-0.0089998397694823,-0.0132457733416231,-0.0046953873000651,NaN,NaN,NaN,NaN,NaN,NaN,NaN,NaN,NaN
NaN,NaN,-0.0120891529562262,-0.00652190696079439,-0.00912345215814033,-0.00608422191968809,-0.0141046609448191,-0.00889279025432188,-0.0062224769256621,NaN,NaN,NaN,NaN,NaN,NaN,NaN,NaN,NaN
NaN,NaN,-0.0128352727236537,-0.00412313665826029,-0.0143020527078382,-0.0042814608120049,-0.0123573880361315,-0.0132445253693732,-0.00253416013341242,NaN,NaN,NaN,NaN,NaN,NaN,NaN,NaN,NaN
NaN,NaN,-0.0187615949156073,-0.00685191180188364,-0.00880294680731216,-0.00866651864877592,-0.00902498547899692,-0.0105771430098685,-0.00695274558286959,NaN,NaN,NaN,NaN,NaN,NaN,NaN,NaN,NaN
NaN,NaN,-0.0122514452280787,-0.0089039507098884,-0.011420354397463,-0.00324244009486089,-0.013982750819802,-0.0125053532683523,-0.00459791507940584,NaN,NaN,NaN,NaN,NaN,NaN,NaN,NaN,NaN
NaN,NaN,-0.0187790292742041,-0.00425441588837809,-0.0130204969658128,-0.00415176483026395,-0.0103662948774096,-0.0157741651200922,-0.00783856373648935,NaN,NaN,NaN,NaN,NaN,NaN,NaN,NaN,NaN
NaN,NaN,-0.0165368515493659,-0.00930888976533121,-0.00802143678204933,-0.00411583440533529,-0.0147313479052779,-0.0113767579459818,-0.0083848589323073,NaN,NaN,NaN,NaN,NaN,NaN,NaN,NaN,NaN
NaN,NaN,-0.0176367807628897,-0.00826418798048205,-0.0124903136505357,-0.00347312869659315,-0.0133596215115782,-0.0150535635912092,-0.00325992118935877,NaN,NaN,NaN,NaN,NaN,NaN,NaN,NaN,NaN
NaN,NaN,-0.0210848349573401,-0.00800794388730234,-0.00835900396244445,-0.00849129961958776,-0.00931892950999706,-0.0124570548796328,-0.0073269137404471,NaN,NaN,NaN,NaN,NaN,NaN,NaN,NaN,NaN
NaN,NaN,-0.0146439756693629,-0.00884212951738543,-0.0113489405824415,-0.00362303437820325,-0.0143924023674723,-0.0122642338537844,-0.00466212045769983,NaN,NaN,NaN,NaN,NaN,NaN,NaN,NaN,NaN
NaN,NaN,-0.0200366686525134,-0.00432217891890711,-0.0132281818999521,-0.00428488807907949,-0.0104436691569087,-0.0150373958313139,-0.00599465679745966,NaN,NaN,NaN,NaN,NaN,NaN,NaN,NaN,NaN
NaN,NaN,-0.018085361594179,-0.0114952998944015,-0.00837068274753013,-0.00459146084419141,-0.0141586404012439,-0.00968994649883825,-0.0071682722530871,NaN,NaN,NaN,NaN,NaN,NaN,NaN,NaN,NaN
NaN,NaN,-0.0181161138655928,-0.0100280756839008,-0.0149203577651254,-0.00404645087352643,-0.0119641650186774,-0.012766626503435,-0.0018080824277907,NaN,NaN,NaN,NaN,NaN,NaN,NaN,NaN,NaN
NaN,NaN,-0.0210497986020831,-0.00900822158534235,-0.0122106561078302,-0.00915399151078115,-0.00863202323186366,-0.0121148497128161,-0.0079057865999251,NaN,NaN,NaN,NaN,NaN,NaN,NaN,NaN,NaN
NaN,NaN,-0.0147980723025588,-0.0106686952300758,-0.0144023934020273,-0.00403451131811986,-0.0136880058513877,-0.0111525886022719,-0.00544990759711557,NaN,NaN,NaN,NaN,NaN,NaN,NaN,NaN,NaN
NaN,NaN,-0.0194188292565135,-0.00782821725685305,-0.0156639629616014,-0.00483911814323316,-0.0102621916400191,-0.0147015981638106,-0.00554352414231592,NaN,NaN,NaN,NaN,NaN,NaN,NaN,NaN,NaN
NaN,NaN,-0.0172581981363085,-0.0147480371185035,-0.0104352386309377,-0.00658640967837224,-0.0141333643065688,-0.00904638397332747,-0.00554303985457712,NaN,NaN,NaN,NaN,NaN,NaN,NaN,NaN,NaN
NaN,NaN,-0.0157393041493682,-0.0105486104973049,-0.0167737455679647,-0.00495970579019437,-0.0126886594759223,-0.0124605566525133,-0.000786291178277073,NaN,NaN,NaN,NaN,NaN,NaN,NaN,NaN,NaN
NaN,NaN,-0.0202228214087275,-0.0094007181711883,-0.0146433638049833,-0.0106701287829007,-0.0100443366633651,-0.0137777075433405,-0.00732410114627176,NaN,NaN,NaN,NaN,NaN,NaN,NaN,NaN,NaN
NaN,NaN,-0.0136814165355948,-0.011986870575735,-0.0133924113227598,-0.00502033488980184,-0.0162301812039611,-0.0107880503201159,-0.00368570324402147,NaN,NaN,NaN,NaN,NaN,NaN,NaN,NaN,NaN
NaN,NaN,-0.0185775283219603,-0.00783164452392763,-0.0155831241621248,-0.00542326228848348,-0.0123993348048922,-0.0143247105443152,-0.0026470736823588,NaN,NaN,NaN,NaN,NaN,NaN,NaN,NaN,NaN
NaN,NaN,-0.0169503773989466,-0.0123968573995323,-0.0100575873269311,-0.0085510346495236,-0.0152175355421302,-0.00861201512452681,-0.0045229436121493,NaN,NaN,NaN,NaN,NaN,NaN,NaN,NaN,NaN
NaN,NaN,-0.015297652358034,-0.008582793433258,-0.0161249117566816,-0.00621460708013425,-0.0147667009102103,-0.0128395676874788,-0.000664213415196476,NaN,NaN,NaN,NaN,NaN,NaN,NaN,NaN,NaN
NaN,NaN,-0.019055557573059,-0.0066657590456695,-0.014172952772545,-0.0123145650528992,-0.0126988481448886,-0.0133665100001963,-0.00722593974690729,NaN,NaN,NaN,NaN,NaN,NaN,NaN,NaN,NaN
NaN,NaN,-0.0130664456131247,-0.00943771030385203,-0.0128762164725534,-0.00765769140950094,-0.0192377756999728,-0.00938169735309202,-0.00503394168238932,NaN,NaN,NaN,NaN,NaN,NaN,NaN,NaN,NaN
NaN,NaN,-0.0170733119787959,-0.00483958448846048,-0.0168599487854711,-0.00831568943491827,-0.0155371654497382,-0.0136474713945063,-0.00300000768523508,NaN,NaN,NaN,NaN,NaN,NaN,NaN,NaN,NaN
NaN,NaN,-0.017209937000492,-0.00818988706547922,-0.0127267391993276,-0.0110926139556492,-0.015919026331782,-0.00871967601415236,-0.00731130477409655,NaN,NaN,NaN,NaN,NaN,NaN,NaN,NaN,NaN
NaN,NaN,-0.0143173422159938,-0.00728954027969545,-0.0180364513410799,-0.00837315203777204,-0.0166406709419486,-0.0135890029632719,-0.00520226892452532,NaN,NaN,NaN,NaN,NaN,NaN,NaN,NaN,NaN
NaN,NaN,-0.0187846358361033,-0.00582926373560137,-0.0151317679895631,-0.0121022048794354,-0.0132923986481425,-0.0148658648395212,-0.0121134461126834,NaN,NaN,NaN,NaN,NaN,NaN,NaN,NaN,NaN
NaN,NaN,-0.0123375180604247,-0.0109185504503936,-0.0137458854927293,-0.00804113553992162,-0.0193750340210196,-0.0120136149489554,-0.0100319960377722,NaN,NaN,NaN,NaN,NaN,NaN,NaN,NaN,NaN
NaN,NaN,-0.0168158757927207,-0.00502134140212244,-0.0180603863312475,-0.0070396657489861,-0.0146566185818907,-0.0164184354507597,-0.00641893010955149,NaN,NaN,NaN,NaN,NaN,NaN,NaN,NaN,NaN
NaN,NaN,-0.0174485418441085,-0.0100556055792064,-0.0125040785981885,-0.00941083165040861,-0.0145622756050822,-0.0121641539299162,-0.0111734436116725,NaN,NaN,NaN,NaN,NaN,NaN,NaN,NaN,NaN
NaN,NaN,-0.0139685246588973,-0.00868676628548807,-0.0163917729272119,-0.00653781326642881,-0.0172793533371684,-0.0157366328203352,-0.00791737225275332,NaN,NaN,NaN,NaN,NaN,NaN,NaN,NaN,NaN
NaN,NaN,-0.0189891170205859,-0.0069920013435573,-0.0129295812560789,-0.0101602296732987,-0.0123670737909075,-0.0170928061270388,-0.0125190557203799,NaN,NaN,NaN,NaN,NaN,NaN,NaN,NaN,NaN
NaN,NaN,-0.0141126188876418,-0.0112341942973823,-0.011913266183304,-0.00594523133865247,-0.0201652984784838,-0.0126516267919214,-0.00963059600811297,NaN,NaN,NaN,NaN,NaN,NaN,NaN,NaN,NaN
NaN,NaN,-0.0191074881198195,-0.00768598567325777,-0.0165509732081167,-0.0050189751588429,-0.0152611214386222,-0.0173279464506777,-0.00631963249664598,NaN,NaN,NaN,NaN,NaN,NaN,NaN,NaN,NaN
NaN,NaN,-0.0215364891531256,-0.0117264355309696,-0.010474447311329,-0.00956539394489179,-0.0173908512758013,-0.0131384104752215,-0.0111575925014525,NaN,NaN,NaN,NaN,NaN,NaN,NaN,NaN,NaN
NaN,NaN,-0.0171446512880114,-0.010446612048933,-0.0145923459543459,-0.00582706513038526,-0.0194224010871646,-0.0159318939113291,-0.0081138254366427,NaN,NaN,NaN,NaN,NaN,NaN,NaN,NaN,NaN
NaN,NaN,-0.022838701629856,-0.00816431294758028,-0.0131249168528787,-0.0101254168354596,-0.0148712511824366,-0.0164095506333979,-0.0111281068287402,NaN,NaN,NaN,NaN,NaN,NaN,NaN,NaN,NaN
NaN,NaN,-0.0176007199528006,-0.0126260186322421,-0.0126827435209028,-0.00719171347251783,-0.0199222977923152,-0.0105045184754999,-0.00831676062565142,NaN,NaN,NaN,NaN,NaN,NaN,NaN,NaN,NaN
NaN,NaN,-0.0198604810478476,-0.00840034734089083,-0.0191748441769353,-0.00587450670233617,-0.0160924199687239,-0.0144560084008845,-0.00551903035860354,NaN,NaN,NaN,NaN,NaN,NaN,NaN,NaN,NaN
NaN,NaN,-0.0216049041094569,-0.0106948281415195,-0.0122294874502889,-0.0110176611148442,-0.016863797204375,-0.0114070445561083,-0.0108556763492137,NaN,NaN,NaN,NaN,NaN,NaN,NaN,NaN,NaN
NaN,NaN,-0.0165266442539481,-0.0123762379177303,-0.0152285696579687,-0.0061994824015225,-0.0191017094718215,-0.0132127672695788,-0.00844641935448938,NaN,NaN,NaN,NaN,NaN,NaN,NaN,NaN,NaN
NaN,NaN,-0.0223525512459067,-0.00900466393310732,-0.0170886071039907,-0.00982623877159009,-0.0136149342821833,-0.0149453066551359,-0.0103798822722941,NaN,NaN,NaN,NaN,NaN,NaN,NaN,NaN,NaN
NaN,NaN,-0.0168217990042952,-0.0158491397984714,-0.0158959740413896,-0.00817254515519986,-0.0186521600650546,-0.00929087477561552,-0.00896075155954653,NaN,NaN,NaN,NaN,NaN,NaN,NaN,NaN,NaN
NaN,NaN,-0.0193156573416976,-0.0103852378912658,-0.0219284483803979,-0.00674598248830686,-0.0159503373967406,-0.0151889406406553,-0.00524997126679712,NaN,NaN,NaN,NaN,NaN,NaN,NaN,NaN,NaN
NaN,NaN,-0.0212720680477408,-0.0129051546343059,-0.0122184233381025,-0.0105286422573651,-0.0156770687268969,-0.0121512271725805,-0.0111311988196879,NaN,NaN,NaN,NaN,NaN,NaN,NaN,NaN,NaN
NaN,NaN,-0.0155433725061205,-0.0139712395854682,-0.0154042543484441,-0.00644812690249334,-0.0193556625114676,-0.0126895129942568,-0.00618550341944986,NaN,NaN,NaN,NaN,NaN,NaN,NaN,NaN,NaN
NaN,NaN,-0.0214009072127131,-0.00904702048380083,-0.0178676584376566,-0.0101181897722806,-0.0136994238661525,-0.0149646781646879,-0.00720844950895601,NaN,NaN,NaN,NaN,NaN,NaN,NaN,NaN,NaN
NaN,NaN,-0.016176746362665,-0.01486557002742,-0.0170843975259534,-0.00908799799314389,-0.0182379077838656,-0.00991202967998106,-0.00747292649369532,NaN,NaN,NaN,NaN,NaN,NaN,NaN,NaN,NaN
NaN,NaN,-0.0190042416991976,-0.00932729269940561,-0.0196700470163099,-0.00780344339242826,-0.016712308274388,-0.0150365017616423,-0.00357316222410494,NaN,NaN,NaN,NaN,NaN,NaN,NaN,NaN,NaN
NaN,NaN,-0.0218710574748305,-0.0130447598882408,-0.0110737533880941,-0.0119768302344407,-0.0159593153463599,-0.0125141635799082,-0.0103664526007681,NaN,NaN,NaN,NaN,NaN,NaN,NaN,NaN,NaN
NaN,NaN,-0.0144537250938204,-0.0132480117269248,-0.0161038079871408,-0.00888135614028821,-0.0209124613271949,-0.0111689426266821,-0.00552815731983477,NaN,NaN,NaN,NaN,NaN,NaN,NaN,NaN,NaN
NaN,NaN,-0.0193644213917044,-0.00779197018224901,-0.0182320849611036,-0.0125386785172547,-0.0144700187908408,-0.015427135702339,-0.00702794056754404,NaN,NaN,NaN,NaN,NaN,NaN,NaN,NaN,NaN
NaN,NaN,-0.0142200935127524,-0.0131300690360755,-0.0162089729322664,-0.0110786999963845,-0.0197450671063658,-0.0109107800089987,-0.00860118653993898,NaN,NaN,NaN,NaN,NaN,NaN,NaN,NaN,NaN
NaN,NaN,-0.0153428773822573,-0.00866653795916742,-0.0181545802964441,-0.00828942613831411,-0.0176393653916117,-0.0156712539755972,-0.00610665765028292,NaN,NaN,NaN,NaN,NaN,NaN,NaN,NaN,NaN
NaN,NaN,-0.017741442793825,-0.0118000658937187,-0.0125216992213003,-0.0136473994158829,-0.0167167041169402,-0.0141504228377016,-0.0118836329541712,NaN,NaN,NaN,NaN,NaN,NaN,NaN,NaN,NaN
NaN,NaN,-0.0106878105046538,-0.0106374214180202,-0.0172992163910142,-0.00918627115121732,-0.0193518068360087,-0.0131501451396616,-0.00822090890627199,NaN,NaN,NaN,NaN,NaN,NaN,NaN,NaN,NaN
NaN,NaN,-0.0161233256997851,-0.00607051353532976,-0.0198349097384683,-0.0107057984375084,-0.0138369243310687,-0.0192141354345949,-0.0092136801443606,NaN,NaN,NaN,NaN,NaN,NaN,NaN,NaN,NaN
NaN,NaN,-0.0143750655891684,-0.0116105790026874,-0.0143083670748941,-0.0105552780829991,-0.0202631804810759,-0.0141702972614439,-0.0131940038166552,NaN,NaN,NaN,NaN,NaN,NaN,NaN,NaN,NaN
NaN,NaN,-0.0171791288497237,-0.0115836079009265,-0.0186199994398824,-0.00689741553893933,-0.0193587917553183,-0.0201866038405569,-0.0102063023708373,NaN,NaN,NaN,NaN,NaN,NaN,NaN,NaN,NaN
NaN,NaN,-0.0210366483273295,-0.0131848494299144,-0.0151044243587724,-0.0143165174328412,-0.0173696730004546,-0.0184832707309397,-0.0155399495027571,NaN,NaN,NaN,NaN,NaN,NaN,NaN,NaN,NaN
NaN,NaN,-0.017146867835739,-0.0156624282487125,-0.0194281266643278,-0.0116387973927582,-0.0208948034511801,-0.0181996643805178,-0.0114860513470679,NaN,NaN,NaN,NaN,NaN,NaN,NaN,NaN,NaN
NaN,NaN,-0.024101668173292,-0.0115995707698554,-0.0230769553794138,-0.013245068063649,-0.018068574713349,-0.0232736401521834,-0.0141013914011031,NaN,NaN,NaN,NaN,NaN,NaN,NaN,NaN,NaN
NaN,NaN,-0.023708184385517,-0.0194509367235393,-0.0179389232410661,-0.0155663523279751,-0.0250168185399768,-0.017984771009651,-0.0177344248853236,NaN,NaN,NaN,NaN,NaN,NaN,NaN,NaN,NaN
NaN,NaN,-0.0271276656033782,-0.0191058817096443,-0.0242738911523096,-0.0147220897876347,-0.0257196690605876,-0.023221113558975,-0.0134151743016749,NaN,NaN,NaN,NaN,NaN,NaN,NaN,NaN,NaN
NaN,NaN,-0.0319203260781554,-0.020098429430315,-0.0239579306556455,-0.022255204191121,-0.0223307911025283,-0.0218000643217238,-0.0188104563615828,NaN,NaN,NaN,NaN,NaN,NaN,NaN,NaN,NaN
NaN,NaN,-0.0289439495148448,-0.0255969392843933,-0.0288290084912054,-0.0210708971523369,-0.0272355083094832,-0.0223064244055422,-0.0160396226904898,NaN,NaN,NaN,NaN,NaN,NaN,NaN,NaN,NaN
NaN,NaN,-0.0375965322794703,-0.0232829193361492,-0.0342399553968183,-0.0244241054557885,-0.0258097465800044,-0.0288602344953688,-0.0192801968417674,NaN,NaN,NaN,NaN,NaN,NaN,NaN,NaN,NaN
NaN,NaN,-0.038911131346443,-0.0324068817086906,-0.0318701864792577,-0.027765243818673,-0.0314784276949164,-0.0245261200034292,-0.0226880737803488,NaN,NaN,NaN,NaN,NaN,NaN,NaN,NaN,NaN
NaN,NaN,-0.0410335782410887,-0.0315841140933723,-0.0401694999648801,-0.0273942980372036,-0.0319313112365004,-0.0293328434490832,-0.0182633043489962,NaN,NaN,NaN,NaN,NaN,NaN,NaN,NaN,NaN
NaN,NaN,-0.0469963523986128,-0.0343421700187416,-0.0415317082418672,-0.0351710464262093,-0.0282740819917914,-0.0292750083171995,-0.0244590767882376,NaN,NaN,NaN,NaN,NaN,NaN,NaN,NaN,NaN
NaN,NaN,-0.0447742167355803,-0.0404323491044731,-0.0458254964663259,-0.0329759004913891,-0.0354034308062789,-0.0299392648303183,-0.022991629060319,NaN,NaN,NaN,NaN,NaN,NaN,NaN,NaN,NaN
NaN,NaN,-0.0529958206655768,-0.040619097907135,-0.0507167840017549,-0.0383360158108796,-0.0346745777593848,-0.0375205099844607,-0.0262968183718234,NaN,NaN,NaN,NaN,NaN,NaN,NaN,NaN,NaN
NaN,NaN,-0.0564755025746611,-0.0482925067432613,-0.0481302218152753,-0.0405799257957066,-0.0406095426248309,-0.0320272341632517,-0.0289042608104258,NaN,NaN,NaN,NaN,NaN,NaN,NaN,NaN,NaN
NaN,NaN,-0.0576574068012026,-0.0482077750154228,-0.0553607308878175,-0.0387331131302441,-0.041144457058787,-0.0370658569299849,-0.0262479053102046,NaN,NaN,NaN,NaN,NaN,NaN,NaN,NaN,NaN
NaN,NaN,-0.0637750226499823,-0.0504659342356414,-0.0563431085659734,-0.0450398247145737,-0.0389995652900931,-0.038190577950445,-0.0300697365067511,NaN,NaN,NaN,NaN,NaN,NaN,NaN,NaN,NaN
NaN,NaN,-0.0619596700610903,-0.056600686419794,-0.0572446846975557,-0.0436396929823483,-0.0485531467663047,-0.0396943658852251,-0.0294074916503935,NaN,NaN,NaN,NaN,NaN,NaN,NaN,NaN,NaN
NaN,NaN,-0.0687234002592353,-0.0552098865397663,-0.0621645824624769,-0.0466066818141068,-0.046856910334706,-0.0461463265382918,-0.0291653850338965,NaN,NaN,NaN,NaN,NaN,NaN,NaN,NaN,NaN
NaN,NaN,-0.0718147579076079,-0.0594575742967815,-0.0585248434557191,-0.0502631660007561,-0.0500593188868758,-0.0404085785412462,-0.033330073323062,NaN,NaN,NaN,NaN,NaN,NaN,NaN,NaN,NaN
NaN,NaN,-0.0708124871792582,-0.0597207846828193,-0.0658405499173872,-0.0489050555430974,-0.0497465807663199,-0.0437791839503916,-0.0274931767247229,NaN,NaN,NaN,NaN,NaN,NaN,NaN,NaN,NaN
NaN,NaN,-0.0761526908221034,-0.056556001562664,-0.0656294935955278,-0.0545751336418713,-0.0475455302463767,-0.0451783284806879,-0.0313611642680674,NaN,NaN,NaN,NaN,NaN,NaN,NaN,NaN,NaN
NaN,NaN,-0.0744867968799857,-0.0667826871164531,-0.0653724858178369,-0.054810758253249,-0.0547409284578559,-0.0444840833806666,-0.0319870316646605,NaN,NaN,NaN,NaN,NaN,NaN,NaN,NaN,NaN
NaN,NaN,-0.0809408436956195,-0.0637457745857925,-0.0714369790269605,-0.0564304399692143,-0.0528080988394019,-0.0505209349357756,-0.0336954311690836,NaN,NaN,NaN,NaN,NaN,NaN,NaN,NaN,NaN
NaN,NaN,-0.0835744004192141,-0.0697800370641441,-0.0680382476760618,-0.0613196599685277,-0.0531245808767077,-0.0453876525425585,-0.0401933991573363,NaN,NaN,NaN,NaN,NaN,NaN,NaN,NaN,NaN
NaN,NaN,-0.0820953297855643,-0.0708180892058105,-0.0751449467255346,-0.0595433297955121,-0.0549822527633902,-0.0501731977128657,-0.0345675588808566,NaN,NaN,NaN,NaN,NaN,NaN,NaN,NaN,NaN
NaN,NaN,-0.0880534845831183,-0.0692493694611282,-0.0733948612226717,-0.0639179381929959,-0.0516184832619425,-0.0510698564612539,-0.0393346638641863,NaN,NaN,NaN,NaN,NaN,NaN,NaN,NaN,NaN
NaN,NaN,-0.0847404907884387,-0.0788751470633239,-0.0734572784616224,-0.0631842236422623,-0.0597260374294516,-0.0488442749046953,-0.0398420856557398,NaN,NaN,NaN,NaN,NaN,NaN,NaN,NaN,NaN
NaN,NaN,-0.0894503939392356,-0.0736069160290451,-0.0796612837924234,-0.0628876346551503,-0.0567234348224398,-0.0536688238644274,-0.0409491674266367,NaN,NaN,NaN,NaN,NaN,NaN,NaN,NaN,NaN
NaN,NaN,-0.0912714834751872,-0.0771824124046058,-0.0741910861446134,-0.0671739350461091,-0.0568170886205432,-0.0492106572055491,-0.0442565732858687,NaN,NaN,NaN,NaN,NaN,NaN,NaN,NaN,NaN
NaN,NaN,-0.0878740559758929,-0.074957426894495,-0.0786362887932531,-0.0633939388596142,-0.0579020421670672,-0.0528192527854117,-0.0375473440847903,NaN,NaN,NaN,NaN,NaN,NaN,NaN,NaN,NaN
NaN,NaN,-0.0935310583057192,-0.073734116066286,-0.0753223077966444,-0.0672147642277802,-0.0558358657823798,-0.0553034067415865,-0.0426783540509253,NaN,NaN,NaN,NaN,NaN,NaN,NaN,NaN,NaN
NaN,NaN,-0.0891670856120375,-0.0780019948967189,-0.073471415938305,-0.0656680982016648,-0.0631855655180213,-0.0518564142548712,-0.0437018216810732,NaN,NaN,NaN,NaN,NaN,NaN,NaN,NaN,NaN
NaN,NaN,-0.0912576999010829,-0.070881102491209,-0.0774116554869882,-0.0645240801774586,-0.0586354400681254,-0.0581669628882082,-0.0439799146018534,NaN,NaN,NaN,NaN,NaN,NaN,NaN,NaN,NaN
NaN,NaN,-0.0920060920955924,-0.0710124562271327,-0.0696671867384187,-0.0675588320397462,-0.0585814233587977,-0.0522776142024668,-0.0448692531548052,NaN,NaN,NaN,NaN,NaN,NaN,NaN,NaN,NaN
NaN,NaN,-0.0847110609950808,-0.0698027799614162,-0.0703910851492158,-0.0620631347798432,-0.0589495006667372,-0.0543457649910124,-0.040002813305667,NaN,NaN,NaN,NaN,NaN,NaN,NaN,NaN,NaN
NaN,NaN,-0.0884791548790721,-0.0657563323863239,-0.0691810922338239,-0.0653681192003811,-0.0560525286661383,-0.0566338941716822,-0.0458721199296027,NaN,NaN,NaN,NaN,NaN,NaN,NaN,NaN,NaN
NaN,NaN,-0.0827035393061427,-0.0683808366544933,-0.0679564775540105,-0.0628036107324685,-0.0606645498143431,-0.0522246592008742,-0.0479770765862971,NaN,NaN,NaN,NaN,NaN,NaN,NaN,NaN,NaN
NaN,NaN,-0.0853335011245993,-0.0607374164052696,-0.0736004972471467,-0.0603247839414204,-0.0561990815864798,-0.0584943413996371,-0.0471576058528929,NaN,NaN,NaN,NaN,NaN,NaN,NaN,NaN,NaN
NaN,NaN,-0.0853727098049906,-0.0626539478786678,-0.065400146098303,-0.0629372555219258,-0.0546393025385138,-0.0537027240061434,-0.0506695301495104,NaN,NaN,NaN,NaN,NaN,NaN,NaN,NaN,NaN
NaN,NaN,-0.0786753084006099,-0.0649553018398971,-0.0674406738592855,-0.0572118941151227,-0.0591108802424666,-0.0557826280855807,-0.0473599077425509,NaN,NaN,NaN,NaN,NaN,NaN,NaN,NaN,NaN
NaN,NaN,-0.08384956898711,-0.0600456113703937,-0.0694131964458696,-0.0614511627160634,-0.0573976378606555,-0.0613923006021651,-0.0540930533073454,NaN,NaN,NaN,NaN,NaN,NaN,NaN,NaN,NaN
NaN,NaN,-0.0800811770798949,-0.0636936764009685,-0.0684412309540979,-0.0608231719040001,-0.0632421526776549,-0.0579260856175097,-0.0560349912605792,NaN,NaN,NaN,NaN,NaN,NaN,NaN,NaN,NaN
NaN,NaN,-0.0843190859498767,-0.0581936019249649,-0.074023764730858,-0.0591627355121697,-0.0611475150750872,-0.0650248497986468,-0.053186969574502,NaN,NaN,NaN,NaN,NaN,NaN,NaN,NaN,NaN
NaN,NaN,-0.0868342156948832,-0.0632246064730377,-0.067473419161009,-0.0645598802172268,-0.0608276616500613,-0.0621386066341074,-0.0599549838564902,NaN,NaN,NaN,NaN,NaN,NaN,NaN,NaN,NaN
NaN,NaN,-0.0840783390643386,-0.0672423506863803,-0.0738604852570764,-0.0627782601319874,-0.0696206692324874,-0.0644797094428213,-0.0566426233611613,NaN,NaN,NaN,NaN,NaN,NaN,NaN,NaN,NaN
NaN,NaN,-0.0940807062628058,-0.0656904878802985,-0.0809801669432394,-0.0715538706087197,-0.0689621124135253,-0.0730044029915007,-0.0639442668519526,NaN,NaN,NaN,NaN,NaN,NaN,NaN,NaN,NaN
NaN,NaN,-0.0959112580361155,-0.0739049206264705,-0.0840326698137991,-0.0752612981402005,-0.0772980268763301,-0.0703820966446074,-0.0675033905766516,NaN,NaN,NaN,NaN,NaN,NaN,NaN,NaN,NaN
NaN,NaN,-0.103421275639751,-0.0743204767592639,-0.0933818259848825,-0.0783488559924687,-0.0783139135407206,-0.0795669861399801,-0.0676669121943026,NaN,NaN,NaN,NaN,NaN,NaN,NaN,NaN,NaN
NaN,NaN,-0.110750374520042,-0.0839820730276794,-0.0951581375314466,-0.0899427230857933,-0.0839517119990584,-0.0786125481390627,-0.0769705080650359,NaN,NaN,NaN,NaN,NaN,NaN,NaN,NaN,NaN
NaN,NaN,-0.111488801563003,-0.0910385551639289,-0.108649909646677,-0.091769828965577,-0.0950457941459414,-0.0837337233388098,-0.0768799835107832,NaN,NaN,NaN,NaN,NaN,NaN,NaN,NaN,NaN
NaN,NaN,-0.124575932646015,-0.0948089028485507,-0.120832037331032,-0.103334284891995,-0.0960673618780371,-0.0927924745046766,-0.0845432409308463,NaN,NaN,NaN,NaN,NaN,NaN,NaN,NaN,NaN
NaN,NaN,-0.128377721780756,-0.106516503054687,-0.124464307130741,-0.111835043450507,-0.10505529527533,-0.0932616934442194,-0.091455274935773,NaN,NaN,NaN,NaN,NaN,NaN,NaN,NaN,NaN
NaN,NaN,-0.136315384084204,-0.111849908042738,-0.135930489899086,-0.11728680091134,-0.108683560387969,-0.103854332890478,-0.0925389991364985,NaN,NaN,NaN,NaN,NaN,NaN,NaN,NaN,NaN
NaN,NaN,-0.146673274362305,-0.121577814478466,-0.141082435996699,-0.128392319699439,-0.115439206706166,-0.105601624425617,-0.10299562823396,NaN,NaN,NaN,NaN,NaN,NaN,NaN,NaN,NaN
NaN,NaN,-0.148969729566791,-0.132390711713621,-0.154420782030987,-0.131202287545117,-0.127191510395884,-0.113516990866628,-0.103990671899131,NaN,NaN,NaN,NaN,NaN,NaN,NaN,NaN,NaN
NaN,NaN,-0.161623125100353,-0.136104546744415,-0.164690811337399,-0.141138400455626,-0.128459319816708,-0.125213098552194,-0.111907100047877,NaN,NaN,NaN,NaN,NaN,NaN,NaN,NaN,NaN
NaN,NaN,-0.167076372677305,-0.148344826210329,-0.164834384025501,-0.149367995133313,-0.137066323654532,-0.125826374467579,-0.119282411154321,NaN,NaN,NaN,NaN,NaN,NaN,NaN,NaN,NaN
NaN,NaN,-0.17372189941428,-0.153558183718512,-0.175993379355835,-0.152810107489737,-0.143734183506846,-0.136474725630251,-0.119086554016879,NaN,NaN,NaN,NaN,NaN,NaN,NaN,NaN,NaN
NaN,NaN,-0.182988838428476,-0.158593826253006,-0.180390637518334,-0.163036718537721,-0.149039592938304,-0.139294956650701,-0.129394674416593,NaN,NaN,NaN,NaN,NaN,NaN,NaN,NaN,NaN
NaN,NaN,-0.183363360488632,-0.168249145407268,-0.189538329990076,-0.165274183770331,-0.160570521252036,-0.145449918534723,-0.131530197080186,NaN,NaN,NaN,NaN,NaN,NaN,NaN,NaN,NaN
NaN,NaN,-0.19396086143873,-0.168913904834577,-0.19663918033378,-0.17404888155094,-0.159990735696435,-0.156097003098694,-0.13884148907285,NaN,NaN,NaN,NaN,NaN,NaN,NaN,NaN,NaN
NaN,NaN,-0.200791907632568,-0.182403311390469,-0.195200398714708,-0.180814325382623,-0.168403037236809,-0.153910183187691,-0.145696656521371,NaN,NaN,NaN,NaN,NaN,NaN,NaN,NaN,NaN
NaN,NaN,-0.204498832249859,-0.185677450407335,-0.206208147258925,-0.181542917659196,-0.175287187443852,-0.163907111462322,-0.145850939419082,NaN,NaN,NaN,NaN,NaN,NaN,NaN,NaN,NaN
NaN,NaN,-0.213552088612535,-0.190804697830269,-0.210291717351841,-0.190083704461964,-0.1783963333534,-0.167673305448261,-0.156944853927901,NaN,NaN,NaN,NaN,NaN,NaN,NaN,NaN,NaN
NaN,NaN,-0.212519195997932,-0.200702291239092,-0.218220736981796,-0.192118923684272,-0.190170094715237,-0.17317019480106,-0.160916106518319,NaN,NaN,NaN,NaN,NaN,NaN,NaN,NaN,NaN
NaN,NaN,-0.22404332565687,-0.203582462180445,-0.225382439942526,-0.200148377140674,-0.188898261980891,-0.183150918062893,-0.167696581896356,NaN,NaN,NaN,NaN,NaN,NaN,NaN,NaN,NaN
NaN,NaN,-0.231845797175386,-0.217534456659147,-0.227613683940338,-0.207540656944426,-0.199021943257928,-0.183087066587177,-0.17659877773743,NaN,NaN,NaN,NaN,NaN,NaN,NaN,NaN,NaN
NaN,NaN,-0.236798533374288,-0.221847597766706,-0.240986358524727,-0.207847173830184,-0.207639359282136,-0.194223114129272,-0.177586836483291,NaN,NaN,NaN,NaN,NaN,NaN,NaN,NaN,NaN
NaN,NaN,-0.248652071827867,-0.229897223670074,-0.24741855651276,-0.21801540957919,-0.212803673343539,-0.201194752778974,-0.189474144693425,NaN,NaN,NaN,NaN,NaN,NaN,NaN,NaN,NaN
NaN,NaN,-0.253623490357616,-0.245400019247124,-0.25559651866691,-0.223113264461669,-0.226096514956832,-0.206941385593382,-0.193953508254102,NaN,NaN,NaN,NaN,NaN,NaN,NaN,NaN,NaN
NaN,NaN,-0.270608634823778,-0.25333105053384,-0.268601413966583,-0.232770539393338,-0.230461046444058,-0.220519714828697,-0.200906296934894,NaN,NaN,NaN,NaN,NaN,NaN,NaN,NaN,NaN
NaN,NaN,-0.28437090026758,-0.270546622831413,-0.274659034015106,-0.246525708159121,-0.244608581410527,-0.225034766670433,-0.212342435236981,NaN,NaN,NaN,NaN,NaN,NaN,NaN,NaN,NaN
NaN,NaN,-0.293333948725679,-0.281042181212494,-0.292896527947353,-0.249854683449181,-0.258256797091841,-0.238755551006761,-0.215617766346744,NaN,NaN,NaN,NaN,NaN,NaN,NaN,NaN,NaN
NaN,NaN,-0.31225035818837,-0.29308652903516,-0.303176857681441,-0.265588987191829,-0.268781617628216,-0.248998013164965,-0.22886197429519,NaN,NaN,NaN,NaN,NaN,NaN,NaN,NaN,NaN
NaN,NaN,-0.321697228723982,-0.315532371658871,-0.314340565504002,-0.276441912671241,-0.285762366251826,-0.256528110083309,-0.233603281643203,NaN,NaN,NaN,NaN,NaN,NaN,NaN,NaN,NaN
NaN,NaN,-0.340846804106453,-0.325020499784538,-0.332977038027214,-0.28975418167344,-0.295145944105267,-0.272315871741739,-0.241052986796907,NaN,NaN,NaN,NaN,NaN,NaN,NaN,NaN,NaN
NaN,NaN,-0.357003797912815,-0.344391115266869,-0.342875655890869,-0.307452067305955,-0.311431981967568,-0.277839173402754,-0.254787107672504,NaN,NaN,NaN,NaN,NaN,NaN,NaN,NaN,NaN
NaN,NaN,-0.368140311116197,-0.360041898001024,-0.363230865599083,-0.3139930065178,-0.328100197361588,-0.292286910887924,-0.260207367803863,NaN,NaN,NaN,NaN,NaN,NaN,NaN,NaN,NaN
NaN,NaN,-0.389981539124468,-0.375901315618345,-0.376949433387684,-0.333394802679929,-0.337384663866639,-0.305386894222465,-0.274409590031913,NaN,NaN,NaN,NaN,NaN,NaN,NaN,NaN,NaN
NaN,NaN,-0.401419186169126,-0.398830887187311,-0.390256449730562,-0.34752777176133,-0.355298877106785,-0.314198323365417,-0.28285275560241,NaN,NaN,NaN,NaN,NaN,NaN,NaN,NaN,NaN
NaN,NaN,-0.420276605659941,-0.40778207059581,-0.410546038450169,-0.363060127516898,-0.364893846558213,-0.33060969861981,-0.29237461623173,NaN,NaN,NaN,NaN,NaN,NaN,NaN,NaN,NaN
NaN,NaN,-0.437920046174744,-0.426562078554222,-0.42055919036405,-0.381089042445334,-0.378308244393944,-0.335974470552173,-0.307756786908916,NaN,NaN,NaN,NaN,NaN,NaN,NaN,NaN,NaN
NaN,NaN,-0.448665217632273,-0.44079922537882,-0.438107505591082,-0.389309398403081,-0.393949266867518,-0.350234248515335,-0.313141340132764,NaN,NaN,NaN,NaN,NaN,NaN,NaN,NaN,NaN
NaN,NaN,-0.469361999207952,-0.45551818262417,-0.449870854766535,-0.4095985214614,-0.399465211080193,-0.364000071611372,-0.32619257804375,NaN,NaN,NaN,NaN,NaN,NaN,NaN,NaN,NaN
NaN,NaN,-0.480048311078766,-0.47353215913851,-0.461120467783379,-0.425066094418677,-0.416693356232524,-0.371085964914528,-0.335344684984496,NaN,NaN,NaN,NaN,NaN,NaN,NaN,NaN,NaN
NaN,NaN,-0.498373647356251,-0.481627550233194,-0.478468753547835,-0.439902957101973,-0.425265658991217,-0.386135150518385,-0.343333383765033,NaN,NaN,NaN,NaN,NaN,NaN,NaN,NaN,NaN
NaN,NaN,-0.515469004535892,-0.497752469290087,-0.484048567862677,-0.457348715087088,-0.437770564453482,-0.390609801586834,-0.358596773561051,NaN,NaN,NaN,NaN,NaN,NaN,NaN,NaN,NaN
NaN,NaN,-0.524027337455967,-0.510683398950884,-0.497574370504784,-0.466323982497367,-0.450276270853162,-0.402976070370642,-0.361678762104323,NaN,NaN,NaN,NaN,NaN,NaN,NaN,NaN,NaN
NaN,NaN,-0.542020284706571,-0.519989192742893,-0.507585287244486,-0.486215654333743,-0.454466123478293,-0.413956773307291,-0.373598517592957,NaN,NaN,NaN,NaN,NaN,NaN,NaN,NaN,NaN
NaN,NaN,-0.549546823972681,-0.534218982119152,-0.514789775164293,-0.500153120180281,-0.468285981910109,-0.4186543457472,-0.382966151203921,NaN,NaN,NaN,NaN,NaN,NaN,NaN,NaN,NaN
NaN,NaN,-0.563509230637768,-0.537657760340759,-0.528766840846705,-0.511018394997033,-0.475068953232646,-0.430271421399084,-0.390216571953109,NaN,NaN,NaN,NaN,NaN,NaN,NaN,NaN,NaN
NaN,NaN,-0.576091827029207,-0.547086209315845,-0.530655115993189,-0.52644202815524,-0.481108896778702,-0.434364360597101,-0.404610087837985,NaN,NaN,NaN,NaN,NaN,NaN,NaN,NaN,NaN
NaN,NaN,-0.578977511400202,-0.556695651520082,-0.541635073871779,-0.533585905601891,-0.491708334879756,-0.442727935340372,-0.40562852632623,NaN,NaN,NaN,NaN,NaN,NaN,NaN,NaN,NaN
NaN,NaN,-0.593325988525369,-0.560371171940157,-0.550330031813549,-0.549088179638299,-0.493329078303456,-0.453053359713522,-0.417460923757365,NaN,NaN,NaN,NaN,NaN,NaN,NaN,NaN,NaN
NaN,NaN,-0.599307854795673,-0.571521990258285,-0.553376648725437,-0.558965377082738,-0.50534818728435,-0.456528645780054,-0.428377775218299,NaN,NaN,NaN,NaN,NaN,NaN,NaN,NaN,NaN
NaN,NaN,-0.609302994930961,-0.572956599552223,-0.565007452072071,-0.565605110993298,-0.511264451192498,-0.468974673029152,-0.435231638815215,NaN,NaN,NaN,NaN,NaN,NaN,NaN,NaN,NaN
NaN,NaN,-0.619745877707222,-0.579298384744713,-0.564942836911844,-0.577624052336129,-0.515963569627881,-0.473857560034958,-0.449047436680606,NaN,NaN,NaN,NaN,NaN,NaN,NaN,NaN,NaN
NaN,NaN,-0.619390354627588,-0.58775278206546,-0.574165854753422,-0.580041914751443,-0.529036507354855,-0.480445791807142,-0.450619658198169,NaN,NaN,NaN,NaN,NaN,NaN,NaN,NaN,NaN
NaN,NaN,-0.63122608619354,-0.588040747005531,-0.580133583547043,-0.588236547579678,-0.529844187544465,-0.490377602007356,-0.462025994177869,NaN,NaN,NaN,NaN,NaN,NaN,NaN,NaN,NaN
NaN,NaN,-0.632797674411753,-0.596069865185806,-0.578598838449883,-0.592975526621255,-0.543077852921366,-0.491553471263614,-0.472366505976728,NaN,NaN,NaN,NaN,NaN,NaN,NaN,NaN,NaN
NaN,NaN,-0.63861121343992,-0.5951505194195,-0.58793605506556,-0.595094583501729,-0.546809271322369,-0.503646340992418,-0.477476002391389,NaN,NaN,NaN,NaN,NaN,NaN,NaN,NaN,NaN
NaN,NaN,-0.646251821094969,-0.600550588477442,-0.587019112111496,-0.602274838408145,-0.553230554209828,-0.507187080409494,-0.489193679507783,NaN,NaN,NaN,NaN,NaN,NaN,NaN,NaN,NaN
NaN,NaN,-0.644499425912121,-0.606547411788294,-0.59514756515758,-0.600498899390611,-0.566328954295993,-0.513955672111479,-0.492079047229102,NaN,NaN,NaN,NaN,NaN,NaN,NaN,NaN,NaN
NaN,NaN,-0.654132579589107,-0.605055526156017,-0.59991405546801,-0.604884534647378,-0.569043610589385,-0.523969624962774,-0.502592133101037,NaN,NaN,NaN,NaN,NaN,NaN,NaN,NaN,NaN
NaN,NaN,-0.655008432591179,-0.612097703177521,-0.598230447770523,-0.60842234971157,-0.579861816363215,-0.525173769172397,-0.513186765577605,NaN,NaN,NaN,NaN,NaN,NaN,NaN,NaN,NaN
NaN,NaN,-0.657956198924997,-0.61291961397607,-0.608800828607248,-0.607929866334113,-0.583611898468613,-0.537184328612057,-0.51547420557957,NaN,NaN,NaN,NaN,NaN,NaN,NaN,NaN,NaN
NaN,NaN,-0.664279041016319,-0.618053436536381,-0.61026045322554,-0.614186733534249,-0.589545429097295,-0.54154794740316,-0.528072839345744,NaN,NaN,NaN,NaN,NaN,NaN,NaN,NaN,NaN
NaN,NaN,-0.660738078081825,-0.625618737448046,-0.618106976301836,-0.612306281497392,-0.602547642187953,-0.549006164845196,-0.532960513349584,NaN,NaN,NaN,NaN,NaN,NaN,NaN,NaN,NaN
NaN,NaN,-0.67094561564348,-0.62349791105468,-0.62430464863913,-0.616932887157115,-0.605841357605338,-0.561163351711002,-0.545302325602582,NaN,NaN,NaN,NaN,NaN,NaN,NaN,NaN,NaN
NaN,NaN,-0.673963659578779,-0.634096715856382,-0.625242341460156,-0.623221233060273,-0.616029821680665,-0.563427341010538,-0.555951831605247,NaN,NaN,NaN,NaN,NaN,NaN,NaN,NaN,NaN
NaN,NaN,-0.67777593540571,-0.639273640025446,-0.638159953208136,-0.622457027008447,-0.623880554334998,-0.578014944519964,-0.559474168088248,NaN,NaN,NaN,NaN,NaN,NaN,NaN,NaN,NaN
NaN,NaN,-0.68468176680229,-0.644785374660084,-0.643005680443215,-0.631266835650119,-0.632625729189992,-0.584981647160021,-0.572710105892232,NaN,NaN,NaN,NaN,NaN,NaN,NaN,NaN,NaN
NaN,NaN,-0.682965767705658,-0.654148184020111,-0.651307638884949,-0.632402844300183,-0.647985026584744,-0.594539438214269,-0.578169947233012,NaN,NaN,NaN,NaN,NaN,NaN,NaN,NaN,NaN
NaN,NaN,-0.693126329356649,-0.652439393360207,-0.659797053934502,-0.639857839366111,-0.653583150701403,-0.60720080586907,-0.590150182809642,NaN,NaN,NaN,NaN,NaN,NaN,NaN,NaN,NaN
NaN,NaN,-0.698488046550968,-0.665402677167246,-0.662504036129879,-0.648780393918666,-0.666311927484154,-0.6127536304557,-0.599790805693677,NaN,NaN,NaN,NaN,NaN,NaN,NaN,NaN,NaN
NaN,NaN,-0.701603637212732,-0.669425357390234,-0.678240444661545,-0.65274099217883,-0.677719045774817,-0.627863985326258,-0.603763529773763,NaN,NaN,NaN,NaN,NaN,NaN,NaN,NaN,NaN
NaN,NaN,-0.709834423983314,-0.675289467234203,-0.683395762146877,-0.664939641525658,-0.687216393993973,-0.637005922224489,-0.61808442112427,NaN,NaN,NaN,NaN,NaN,NaN,NaN,NaN,NaN
NaN,NaN,-0.708092888021686,-0.684147034097502,-0.691276110859083,-0.670839588662299,-0.703784510837674,-0.645838604148594,-0.625468579795173,NaN,NaN,NaN,NaN,NaN,NaN,NaN,NaN,NaN
NaN,NaN,-0.717664295011976,-0.685886800546238,-0.701682616175579,-0.682603608390006,-0.710497260438084,-0.660889540638891,-0.63890389513593,NaN,NaN,NaN,NaN,NaN,NaN,NaN,NaN,NaN
NaN,NaN,-0.720645365441063,-0.699531961489508,-0.706320956499743,-0.696155357679042,-0.725018497900843,-0.667850804355112,-0.651938201602509,NaN,NaN,NaN,NaN,NaN,NaN,NaN,NaN,NaN
NaN,NaN,-0.72123770522497,-0.702030178416559,-0.723924406023192,-0.703681021501931,-0.739046823577761,-0.682641045030323,-0.658417990174106,NaN,NaN,NaN,NaN,NaN,NaN,NaN,NaN,NaN
NaN,NaN,-0.727334776097753,-0.70692310507972,-0.730675228090452,-0.718973654826793,-0.748634659098267,-0.692318939443794,-0.675435917194894,NaN,NaN,NaN,NaN,NaN,NaN,NaN,NaN,NaN
NaN,NaN,-0.722258378887394,-0.714974202472755,-0.73775314927237,-0.724803659638079,-0.765291735874295,-0.698611830201116,-0.684665454294494,NaN,NaN,NaN,NaN,NaN,NaN,NaN,NaN,NaN
NaN,NaN,-0.72774949404023,-0.71621742497761,-0.748565171064305,-0.736456907858762,-0.772217963235259,-0.71425896215078,-0.697381863113454,NaN,NaN,NaN,NaN,NaN,NaN,NaN,NaN,NaN
NaN,NaN,-0.727291972512224,-0.725783560682127,-0.754264269174504,-0.751148987134608,-0.787677452312588,-0.721535422679153,-0.711710186418107,NaN,NaN,NaN,NaN,NaN,NaN,NaN,NaN,NaN
NaN,NaN,-0.725561649674395,-0.728776086378881,-0.769247107358145,-0.757988284846457,-0.801130686299681,-0.735647176232305,-0.719955259676984,NaN,NaN,NaN,NaN,NaN,NaN,NaN,NaN,NaN
NaN,NaN,-0.730046005124071,-0.730704743672201,-0.775477152468132,-0.772977958937796,-0.810244441376805,-0.745524168785778,-0.736873740073255,NaN,NaN,NaN,NaN,NaN,NaN,NaN,NaN,NaN
NaN,NaN,-0.724697810733536,-0.740175046283791,-0.780389189870524,-0.779443852176579,-0.825954139577031,-0.752799586232868,-0.747051084157041,NaN,NaN,NaN,NaN,NaN,NaN,NaN,NaN,NaN
NaN,NaN,-0.728295956874111,-0.739139341075012,-0.791191842557358,-0.790128208269986,-0.832929205493807,-0.76917700546619,-0.756768671538642,NaN,NaN,NaN,NaN,NaN,NaN,NaN,NaN,NaN
NaN,NaN,-0.726970573091724,-0.745541420090982,-0.796186730415987,-0.80323221491805,-0.844650924550175,-0.774520505990949,-0.770728451874068,NaN,NaN,NaN,NaN,NaN,NaN,NaN,NaN,NaN
NaN,NaN,-0.722257764214495,-0.746763985861132,-0.806983348132538,-0.80589130850664,-0.856441188948035,-0.785746780064073,-0.777425480749419,NaN,NaN,NaN,NaN,NaN,NaN,NaN,NaN,NaN
NaN,NaN,-0.726214450919845,-0.745502677071878,-0.81051542624967,-0.816291387697371,-0.862422589557051,-0.793929901745287,-0.792318520810416,NaN,NaN,NaN,NaN,NaN,NaN,NaN,NaN,NaN
NaN,NaN,-0.720305171931007,-0.753387812782118,-0.815252691657709,-0.821288603862437,-0.877071362333178,-0.800034590836731,-0.801395339634231,NaN,NaN,NaN,NaN,NaN,NaN,NaN,NaN,NaN
NaN,NaN,-0.722202685797432,-0.750865996141026,-0.828629408182072,-0.827053006311568,-0.882213548170209,-0.814575739976135,-0.808944901194385,NaN,NaN,NaN,NaN,NaN,NaN,NaN,NaN,NaN
NaN,NaN,-0.721587007069805,-0.755985345948526,-0.832095790804791,-0.835734609087619,-0.892751314090371,-0.81849552768108,-0.824371700849345,NaN,NaN,NaN,NaN,NaN,NaN,NaN,NaN,NaN
NaN,NaN,-0.716373463297108,-0.757055994380304,-0.843338530661034,-0.83500407966009,-0.904881790624737,-0.828828924175468,-0.83011555832248,NaN,NaN,NaN,NaN,NaN,NaN,NaN,NaN,NaN
NaN,NaN,-0.72030221032522,-0.756426662463734,-0.847500685752796,-0.842877741476211,-0.908058885829329,-0.839299988772837,-0.844959238287023,NaN,NaN,NaN,NaN,NaN,NaN,NaN,NaN,NaN
NaN,NaN,-0.713858408057907,-0.76304600040991,-0.851640489102768,-0.843722320666226,-0.920031223790526,-0.844446849849191,-0.853063458319715,NaN,NaN,NaN,NaN,NaN,NaN,NaN,NaN,NaN
NaN,NaN,-0.714015168273666,-0.761132076639721,-0.865297962130474,-0.846104848703059,-0.922814667569279,-0.858742502357927,-0.859163900580218,NaN,NaN,NaN,NaN,NaN,NaN,NaN,NaN,NaN
NaN,NaN,-0.714239318990925,-0.764995239932129,-0.86443006262319,-0.85138745935789,-0.930611420767188,-0.862368010755745,-0.875041441734841,NaN,NaN,NaN,NaN,NaN,NaN,NaN,NaN,NaN
NaN,NaN,-0.71016413080118,-0.768651146698782,-0.873870059998201,-0.849322810342225,-0.939755350695729,-0.87249517517921,-0.87916897025328,NaN,NaN,NaN,NaN,NaN,NaN,NaN,NaN,NaN
NaN,NaN,-0.714808282578209,-0.767948817718813,-0.878484968246388,-0.855537991543921,-0.941807948397278,-0.883748289968935,-0.892490384843162,NaN,NaN,NaN,NaN,NaN,NaN,NaN,NaN,NaN
NaN,NaN,-0.708674983257273,-0.777444638568947,-0.882820014060902,-0.859763681461724,-0.95356678997147,-0.888652690526214,-0.902573181059173,NaN,NaN,NaN,NaN,NaN,NaN,NaN,NaN,NaN
NaN,NaN,-0.710216135853746,-0.774800483394453,-0.896180991233753,-0.862730186005744,-0.957800247119545,-0.90316576960322,-0.91016409334164,NaN,NaN,NaN,NaN,NaN,NaN,NaN,NaN,NaN
NaN,NaN,-0.713346124762514,-0.778338279832193,-0.895871196092533,-0.872132446190032,-0.964201581077456,-0.907400120820967,-0.927143631245902,NaN,NaN,NaN,NaN,NaN,NaN,NaN,NaN,NaN
NaN,NaN,-0.709959165328959,-0.783459082502911,-0.905593868495392,-0.873522426506194,-0.973256234423995,-0.915704165425268,-0.932115403678229,NaN,NaN,NaN,NaN,NaN,NaN,NaN,NaN,NaN
NaN,NaN,-0.713510559076288,-0.782798588532993,-0.910754289628433,-0.882295801808747,-0.973777607427716,-0.925783925529686,-0.94569391917806,NaN,NaN,NaN,NaN,NaN,NaN,NaN,NaN,NaN
NaN,NaN,-0.707479388588884,-0.792075976986477,-0.913895193637775,-0.890423658808383,-0.982961248950839,-0.927548725929228,-0.95510906886678,NaN,NaN,NaN,NaN,NaN,NaN,NaN,NaN,NaN
NaN,NaN,-0.707082067752102,-0.788226317871401,-0.924462165833878,-0.896494615396174,-0.984761104332089,-0.940682814296451,-0.963156254705003,NaN,NaN,NaN,NaN,NaN,NaN,NaN,NaN,NaN
NaN,NaN,-0.710927331024626,-0.79224264647443,-0.925393749178814,-0.91084992842904,-0.988670852379679,-0.942981392916408,-0.979274002578071,NaN,NaN,NaN,NaN,NaN,NaN,NaN,NaN,NaN
NaN,NaN,-0.705619313889959,-0.798403047282288,-0.93485177695887,-0.915640335103187,-0.996328410105586,-0.949432552632061,-0.986172979440501,NaN,NaN,NaN,NaN,NaN,NaN,NaN,NaN,NaN
NaN,NaN,-0.709201124632576,-0.798191190023014,-0.940677888841795,-0.929249528368625,-0.995781425731062,-0.959276259716717,-0.999305354174188,NaN,NaN,NaN,NaN,NaN,NaN,NaN,NaN,NaN
NaN,NaN,-0.703051657551744,-0.806136805821249,-0.941553387941288,-0.939271602352771,-1.00303037499058,-0.959269256170955,-1.0086917446218,NaN,NaN,NaN,NaN,NaN,NaN,NaN,NaN,NaN
NaN,NaN,-0.702055459046581,-0.803720079619476,-0.949577011318373,-0.946336950679931,-1.00229539384115,-0.968957562770811,-1.01561290558796,NaN,NaN,NaN,NaN,NaN,NaN,NaN,NaN,NaN
NaN,NaN,-0.704783023470858,-0.807256330061743,-0.948802430333065,-0.961255173703345,-1.00485656817424,-0.96903456452128,-1.03048851129036,NaN,NaN,NaN,NaN,NaN,NaN,NaN,NaN,NaN
NaN,NaN,-0.696448003077724,-0.810510222125837,-0.955161184222864,-0.966231584122094,-1.01202652265298,-0.973592401322094,-1.03659739133339,NaN,NaN,NaN,NaN,NaN,NaN,NaN,NaN,NaN
NaN,NaN,-0.698172458583334,-0.807084948081562,-0.95767305433886,-0.980618301352176,-1.01132058014142,-0.982286167170969,-1.04676262822371,NaN,NaN,NaN,NaN,NaN,NaN,NaN,NaN,NaN
NaN,NaN,-0.690987584316948,-0.812314138073513,-0.954844292403626,-0.991860296150359,-1.01924343441594,-0.980750490751234,-1.05544842195134,NaN,NaN,NaN,NaN,NaN,NaN,NaN,NaN,NaN
NaN,NaN,-0.687819820964554,-0.809702150780746,-0.96035323307054,-0.998305644413146,-1.02182586153018,-0.990012475129333,-1.05995008137446,NaN,NaN,NaN,NaN,NaN,NaN,NaN,NaN,NaN
NaN,NaN,-0.687863965654591,-0.808356184769461,-0.958293724955486,-1.01345707060924,-1.02663385157454,-0.9926413193607,-1.07530632403117,NaN,NaN,NaN,NaN,NaN,NaN,NaN,NaN,NaN
NaN,NaN,-0.676190749877909,-0.807760939259121,-0.958541661651301,-1.01714328261248,-1.03503052552211,-0.997817237701383,-1.07839108791571,NaN,NaN,NaN,NaN,NaN,NaN,NaN,NaN,NaN
NaN,NaN,-0.673369978690365,-0.798649605620691,-0.957434486748146,-1.02607930408946,-1.03371018950808,-1.00600978436705,-1.08573305767398,NaN,NaN,NaN,NaN,NaN,NaN,NaN,NaN,NaN
NaN,NaN,-0.662385420078257,-0.798965417105743,-0.94876217857139,-1.03558924378982,-1.03996914287078,-1.00477192628023,-1.09368230563026,NaN,NaN,NaN,NaN,NaN,NaN,NaN,NaN,NaN
NaN,NaN,-0.654256091588953,-0.790545627731869,-0.952899895758795,-1.03820447208515,-1.04408247803318,-1.01437037887808,-1.09900866981964,NaN,NaN,NaN,NaN,NaN,NaN,NaN,NaN,NaN
NaN,NaN,-0.649202735299089,-0.783201180655548,-0.947327327133583,-1.04997532772056,-1.04618214477766,-1.01763323026535,-1.11320113178711,NaN,NaN,NaN,NaN,NaN,NaN,NaN,NaN,NaN
NaN,NaN,-0.633210082674244,-0.779290594417641,-0.943427506984638,-1.05190653683773,-1.05255848203766,-1.02023467498657,-1.11541073184829,NaN,NaN,NaN,NaN,NaN,NaN,NaN,NaN,NaN
NaN,NaN,-0.62579120429776,-0.766191542405674,-0.940131612272429,-1.05668370010487,-1.04982491989601,-1.02711571457621,-1.12292175528031,NaN,NaN,NaN,NaN,NaN,NaN,NaN,NaN,NaN
NaN,NaN,-0.613145035827377,-0.764245823282787,-0.93064096957581,-1.06052745463482,-1.05438966711032,-1.02667022573587,-1.13355993640046,NaN,NaN,NaN,NaN,NaN,NaN,NaN,NaN,NaN
NaN,NaN,-0.599021119201401,-0.75268000762541,-0.932643052340912,-1.0570024731957,-1.05844021250474,-1.03686506005761,-1.14017366778474,NaN,NaN,NaN,NaN,NaN,NaN,NaN,NaN,NaN
NaN,NaN,-0.590169922584513,-0.741999209184238,-0.924273330868649,-1.06279116453758,-1.05573686246741,-1.04021953495976,-1.15127104681354,NaN,NaN,NaN,NaN,NaN,NaN,NaN,NaN,NaN
NaN,NaN,-0.568958287263134,-0.734243601817676,-0.91536932826178,-1.05847783716551,-1.05958342959154,-1.03947211134073,-1.1534211353622,NaN,NaN,NaN,NaN,NaN,NaN,NaN,NaN,NaN
NaN,NaN,-0.557103128308275,-0.717927053827831,-0.910434510709213,-1.0548000256919,-1.05301361937988,-1.04532145040866,-1.15857729103785,NaN,NaN,NaN,NaN,NaN,NaN,NaN,NaN,NaN
NaN,NaN,-0.541009427184084,-0.711506199348757,-0.899408675880598,-1.05187109070054,-1.05484141443837,-1.04346064927813,-1.16970894273739,NaN,NaN,NaN,NaN,NaN,NaN,NaN,NaN,NaN
NaN,NaN,-0.52291738721154,-0.69749398555238,-0.898712754399942,-1.04334829704991,-1.0538258630501,-1.0503426388168,-1.17329388272386,NaN,NaN,NaN,NaN,NaN,NaN,NaN,NaN,NaN
NaN,NaN,-0.510503974879005,-0.683596305806229,-0.890490368158983,-1.04339477004639,-1.04887551103699,-1.05140034186479,-1.18321839135509,NaN,NaN,NaN,NaN,NaN,NaN,NaN,NaN,NaN
NaN,NaN,-0.488023133152941,-0.675816018391439,-0.879043091238903,-1.03428306387893,-1.0492918681072,-1.04782808649179,-1.18483796131234,NaN,NaN,NaN,NaN,NaN,NaN,NaN,NaN,NaN
NaN,NaN,-0.472447713041523,-0.657559842128345,-0.875295467825102,-1.02542341085306,-1.04149507765639,-1.05317622500297,-1.1888933309577,NaN,NaN,NaN,NaN,NaN,NaN,NaN,NaN,NaN
NaN,NaN,-0.453735617125252,-0.647928178567478,-0.861761804820465,-1.0199407521092,-1.04061078687179,-1.04820240366098,-1.19925327014547,NaN,NaN,NaN,NaN,NaN,NaN,NaN,NaN,NaN
NaN,NaN,-0.431385477209308,-0.632719867188522,-0.859210409374403,-1.00592375131479,-1.03742672537434,-1.05267183932301,-1.20026634421568,NaN,NaN,NaN,NaN,NaN,NaN,NaN,NaN,NaN
NaN,NaN,-0.417335488969305,-0.613730274397919,-0.848421093226837,-1.00328374983898,-1.02954987843502,-1.05318550097581,-1.21069672864299,NaN,NaN,NaN,NaN,NaN,NaN,NaN,NaN,NaN
NaN,NaN,-0.393292521262386,-0.60485473300893,-0.835361790062355,-0.990241881033095,-1.02951268141139,-1.04985825794574,-1.21292190041762,NaN,NaN,NaN,NaN,NaN,NaN,NaN,NaN,NaN
NaN,NaN,-0.37642802032254,-0.58493905167658,-0.829991933108734,-0.979072678407344,-1.02342067693341,-1.05599267485377,-1.21587501254301,NaN,NaN,NaN,NaN,NaN,NaN,NaN,NaN,NaN
NaN,NaN,-0.357959036851147,-0.572463818151543,-0.814194075913595,-0.972323383709105,-1.02344340120423,-1.05311295094725,-1.22646763336282,NaN,NaN,NaN,NaN,NaN,NaN,NaN,NaN,NaN
NaN,NaN,-0.3345984678211,-0.553727321583816,-0.808474116177725,-0.956843163391265,-1.02339381759036,-1.05962216931221,-1.22648240413885,NaN,NaN,NaN,NaN,NaN,NaN,NaN,NaN,NaN
NaN,NaN,-0.320819773847082,-0.532400686550924,-0.793544996680187,-0.951128735711488,-1.01436427270043,-1.06168678107497,-1.23515316632014,NaN,NaN,NaN,NaN,NaN,NaN,NaN,NaN,NaN
NaN,NaN,-0.296274432116964,-0.519939888525793,-0.775562089086937,-0.937105457802924,-1.01730674912202,-1.05879636558529,-1.23526619162779,NaN,NaN,NaN,NaN,NaN,NaN,NaN,NaN,NaN
NaN,NaN,-0.277427592450598,-0.495095834393093,-0.766450587810444,-0.924190118482026,-1.01389287446606,-1.06576675626275,-1.23667027216773,NaN,NaN,NaN,NaN,NaN,NaN,NaN,NaN,NaN
NaN,NaN,-0.259688709998348,-0.47810642446954,-0.746609766186642,-0.919788166453751,-1.01345520873535,-1.0648631684744,-1.24465563681345,NaN,NaN,NaN,NaN,NaN,NaN,NaN,NaN,NaN
NaN,NaN,-0.235379756564119,-0.455029946077654,-0.738129180075096,-0.905617162158402,-1.01230588217246,-1.07052574011323,-1.24269814577322,NaN,NaN,NaN,NaN,NaN,NaN,NaN,NaN,NaN
NaN,NaN,-0.221681547486999,-0.431597907353231,-0.719515171052384,-0.900931734164866,-1.00351022963393,-1.07177231537935,-1.24920298692208,NaN,NaN,NaN,NaN,NaN,NaN,NaN,NaN,NaN
NaN,NaN,-0.195863013291576,-0.4161028231271,-0.700074780882763,-0.888512081971082,-1.00713367049563,-1.06812760311004,-1.24969548892598,NaN,NaN,NaN,NaN,NaN,NaN,NaN,NaN,NaN
NaN,NaN,-0.177204952711084,-0.38965400706608,-0.690225597621369,-0.877983517517957,-1.00416634638774,-1.07505723911163,-1.25236825432997,NaN,NaN,NaN,NaN,NaN,NaN,NaN,NaN,NaN
NaN,NaN,-0.158868086660126,-0.369583484042475,-0.668966967762875,-0.873693100681218,-1.00143641640413,-1.07467541548249,-1.26063405882936,NaN,NaN,NaN,NaN,NaN,NaN,NaN,NaN,NaN
NaN,NaN,-0.133719639057138,-0.349035620946476,-0.656878400744366,-0.859878643920335,-0.999350086198926,-1.07607171016571,-1.25786654066663,NaN,NaN,NaN,NaN,NaN,NaN,NaN,NaN,NaN
NaN,NaN,-0.117941432768324,-0.325212370861361,-0.637514900566506,-0.853211845775756,-0.991558473901629,-1.07488812955853,-1.2629898579083,NaN,NaN,NaN,NaN,NaN,NaN,NaN,NaN,NaN
NaN,NaN,-0.0899536992850092,-0.310954548675606,-0.615892272592949,-0.839977845122727,-0.994403403596758,-1.06720423403021,-1.26368991446119,NaN,NaN,NaN,NaN,NaN,NaN,NaN,NaN,NaN
NaN,NaN,-0.0688539903106478,-0.284936003644058,-0.602381054462361,-0.827370028515967,-0.989856873052001,-1.07117578464386,-1.26421750869971,NaN,NaN,NaN,NaN,NaN,NaN,NaN,NaN,NaN
NaN,NaN,-0.0488045896830347,-0.265711251903364,-0.579613402636217,-0.82002200516096,-0.985064436094641,-1.06666162687179,-1.2693174311183,NaN,NaN,NaN,NaN,NaN,NaN,NaN,NaN,NaN
NaN,NaN,-0.0220911289992121,-0.247608073312828,-0.56257064655559,-0.80361778246394,-0.986142628239274,-1.06391796919343,-1.26439978715401,NaN,NaN,NaN,NaN,NaN,NaN,NaN,NaN,NaN
NaN,NaN,-0.00408637257836139,-0.223516918975899,-0.541743964107203,-0.79438474359146,-0.979592897342324,-1.06185317116615,-1.26808527272563,NaN,NaN,NaN,NaN,NaN,NaN,NaN,NaN,NaN
NaN,NaN,0.0242730144915792,-0.20871472011883,-0.516274694503712,-0.779089595695647,-0.981575385080456,-1.05316007586953,-1.26773548659306,NaN,NaN,NaN,NaN,NaN,NaN,NaN,NaN,NaN
NaN,NaN,0.046454324251196,-0.183361474681684,-0.499510031343865,-0.762043915262135,-0.975659828977465,-1.05585070404049,-1.26505301680785,NaN,NaN,NaN,NaN,NaN,NaN,NaN,NaN,NaN
NaN,NaN,0.0661893476305219,-0.164884407330343,-0.473588399739432,-0.752593598832997,-0.970186595218062,-1.04834964576003,-1.26855302017551,NaN,NaN,NaN,NaN,NaN,NaN,NaN,NaN,NaN
NaN,NaN,0.0936737757680627,-0.14597220744569,-0.453513946534561,-0.733214005401048,-0.970830567525506,-1.04451987969514,-1.26278448265415,NaN,NaN,NaN,NaN,NaN,NaN,NaN,NaN,NaN
NaN,NaN,0.112127355164072,-0.121027644980738,-0.430158052743839,-0.721478223373803,-0.962396938698172,-1.04253746646282,-1.2664092459939,NaN,NaN,NaN,NaN,NaN,NaN,NaN,NaN,NaN
NaN,NaN,0.138317989980957,-0.106337987143585,-0.402723897398876,-0.704107064326915,-0.960274491803527,-1.03469539510843,-1.26511951323967,NaN,NaN,NaN,NaN,NaN,NaN,NaN,NaN,NaN
NaN,NaN,0.158655951595089,-0.0825072119720668,-0.385852039010691,-0.684505704363498,-0.952841643588423,-1.03810051533219,-1.26126078304272,NaN,NaN,NaN,NaN,NaN,NaN,NaN,NaN,NaN
NaN,NaN,0.175581696307442,-0.0639627727456779,-0.359350323827433,-0.672084170898112,-0.945098907099843,-1.03382214980957,-1.26411754053455,NaN,NaN,NaN,NaN,NaN,NaN,NaN,NaN,NaN
NaN,NaN,0.201095688020966,-0.0447737465389461,-0.337283175589012,-0.650677926411542,-0.941639304505467,-1.03246579023835,-1.25891822737079,NaN,NaN,NaN,NaN,NaN,NaN,NaN,NaN,NaN
NaN,NaN,0.215364388054392,-0.0192132259495945,-0.314117476494478,-0.633911009451064,-0.928810075269818,-1.03326119559642,-1.25921075579148,NaN,NaN,NaN,NaN,NaN,NaN,NaN,NaN,NaN
NaN,NaN,0.237152400290749,-0.00446498792249866,-0.286111805738377,-0.614805355241212,-0.922289215372681,-1.0277670815849,-1.25782086860757,NaN,NaN,NaN,NaN,NaN,NaN,NaN,NaN,NaN
NaN,NaN,0.253057471340677,0.018169764172247,-0.272008899749684,-0.593333005478295,-0.910816606478572,-1.0323747627699,-1.25068373393636,NaN,NaN,NaN,NaN,NaN,NaN,NaN,NaN,NaN
NaN,NaN,0.265628109550259,0.0365199295095711,-0.246345672906803,-0.58029862450591,-0.89885918830502,-1.02968530806538,-1.25198801394921,NaN,NaN,NaN,NaN,NaN,NaN,NaN,NaN,NaN
NaN,NaN,0.286262958174727,0.0531431061438828,-0.22450066372888,-0.558260626664075,-0.891220908956408,-1.02976936924097,-1.24503280382972,NaN,NaN,NaN,NaN,NaN,NaN,NaN,NaN,NaN
NaN,NaN,0.295429835891506,0.0771530118994027,-0.202852592022585,-0.541121013035687,-0.875383694069266,-1.03157937603828,-1.24439447533708,NaN,NaN,NaN,NaN,NaN,NaN,NaN,NaN,NaN
NaN,NaN,0.309778685545704,0.0894706656448155,-0.178340703399347,-0.524510167112264,-0.866493847565531,-1.02591626423236,-1.24228957455974,NaN,NaN,NaN,NaN,NaN,NaN,NaN,NaN,NaN
NaN,NaN,0.320961988395235,0.109689827751329,-0.1667927318825,-0.505164455195578,-0.854531381623625,-1.02917706670996,-1.23442295354228,NaN,NaN,NaN,NaN,NaN,NaN,NaN,NaN,NaN
NaN,NaN,0.32771873367407,0.127201691012791,-0.142361644805836,-0.492717198600682,-0.838566799061179,-1.02407157498237,-1.23491363015395,NaN,NaN,NaN,NaN,NaN,NaN,NaN,NaN,NaN
NaN,NaN,0.343472595190784,0.141487117599657,-0.121807262451815,-0.470670725723418,-0.8297175954746,-1.01831208991644,-1.22838947337489,NaN,NaN,NaN,NaN,NaN,NaN,NaN,NaN,NaN
NaN,NaN,0.348539064502499,0.163790635507515,-0.104898933471607,-0.454205389639052,-0.811503067957043,-1.01792153048154,-1.22662813749533,NaN,NaN,NaN,NaN,NaN,NaN,NaN,NaN,NaN
NaN,NaN,0.356492540663263,0.173218153160027,-0.0835010522617571,-0.43905629174939,-0.801007435070157,-1.00689442905423,-1.22353214186054,NaN,NaN,NaN,NaN,NaN,NaN,NaN,NaN,NaN
NaN,NaN,0.364105320399782,0.191137246530464,-0.0733721183253996,-0.418740104457053,-0.78830954094398,-1.00505292492744,-1.21563799094777,NaN,NaN,NaN,NaN,NaN,NaN,NaN,NaN,NaN
NaN,NaN,0.363449147766611,0.206649075936487,-0.0503427276028863,-0.406272805800351,-0.77055130560863,-0.99693948480126,-1.21781555351239,NaN,NaN,NaN,NaN,NaN,NaN,NaN,NaN,NaN
NaN,NaN,0.372016980176947,0.217911485325506,-0.0309681260599367,-0.384046811183604,-0.761299062864661,-0.986637939538923,-1.21223570194464,NaN,NaN,NaN,NaN,NaN,NaN,NaN,NaN,NaN
NaN,NaN,0.370111047154448,0.236580982547215,-0.017098795772957,-0.36736980410448,-0.742076993332982,-0.981339645411936,-1.20955978867035,NaN,NaN,NaN,NaN,NaN,NaN,NaN,NaN,NaN
NaN,NaN,0.370426821386597,0.245120018463543,0.0042838489995726,-0.351059980263623,-0.730459303008198,-0.963815432813135,-1.20584763002019,NaN,NaN,NaN,NaN,NaN,NaN,NaN,NaN,NaN
NaN,NaN,0.372418939000151,0.262022629123142,0.017074800877405,-0.328479151745948,-0.717635661707997,-0.956648495819536,-1.19723988112431,NaN,NaN,NaN,NaN,NaN,NaN,NaN,NaN,NaN
NaN,NaN,0.366782127743742,0.278236824762037,0.0421087144301661,-0.314098655750665,-0.699914064602732,-0.944729410883156,-1.19874368768554,NaN,NaN,NaN,NaN,NaN,NaN,NaN,NaN,NaN
NaN,NaN,0.370103745585463,0.287793051194361,0.0606939269588717,-0.292087088843497,-0.689673651354193,-0.92894096004602,-1.19185203101855,NaN,NaN,NaN,NaN,NaN,NaN,NaN,NaN,NaN
NaN,NaN,0.364671490019342,0.30527218778055,0.0756099893139132,-0.273532535453948,-0.67166511376369,-0.919483826335636,-1.18504627954583,NaN,NaN,NaN,NaN,NaN,NaN,NaN,NaN,NaN
NaN,NaN,0.362066189622662,0.314640659581831,0.0980252659307249,-0.256626274009856,-0.662143160002112,-0.900872853424517,-1.18198440757017,NaN,NaN,NaN,NaN,NaN,NaN,NaN,NaN,NaN
NaN,NaN,0.364371715909025,0.33152117926996,0.113460298477245,-0.231961592605027,-0.647873193369984,-0.891474020507303,-1.1716481239758,NaN,NaN,NaN,NaN,NaN,NaN,NaN,NaN,NaN
NaN,NaN,0.358167077278873,0.349556836973837,0.137415628729893,-0.216791037043246,-0.628255479382157,-0.878446698960033,-1.17192884322625,NaN,NaN,NaN,NaN,NaN,NaN,NaN,NaN,NaN
NaN,NaN,0.363573367571613,0.35832047064226,0.156105037628246,-0.193018246015223,-0.616152514116645,-0.862099212434259,-1.16227708172422,NaN,NaN,NaN,NaN,NaN,NaN,NaN,NaN,NaN
NaN,NaN,0.360869775390408,0.377239729952028,0.169109895675016,-0.171093236228141,-0.598072078423381,-0.85189836176869,-1.15425355147939,NaN,NaN,NaN,NaN,NaN,NaN,NaN,NaN,NaN
NaN,NaN,0.361345532214424,0.38743361432474,0.191744852660728,-0.150862860997828,-0.584267735825658,-0.835134592678514,-1.15046113144975,NaN,NaN,NaN,NaN,NaN,NaN,NaN,NaN,NaN
NaN,NaN,0.3684741173444,0.40356287334483,0.206824697403742,-0.123574830164822,-0.567067306833148,-0.826295950289932,-1.13772922542315,NaN,NaN,NaN,NaN,NaN,NaN,NaN,NaN,NaN
NaN,NaN,0.36614353848078,0.420180964957884,0.22947183608873,-0.104771595021399,-0.543253966020226,-0.815770459201303,-1.13597738903385,NaN,NaN,NaN,NaN,NaN,NaN,NaN,NaN,NaN
NaN,NaN,0.375035862302563,0.427277195941618,0.247186224757267,-0.0776507365905369,-0.531306680636286,-0.800261442389456,-1.12649244603138,NaN,NaN,NaN,NaN,NaN,NaN,NaN,NaN,NaN
NaN,NaN,0.377540095573446,0.443677060048988,0.259057272075249,-0.0524401697718228,-0.510199223058104,-0.794570223268238,-1.11918720763545,NaN,NaN,NaN,NaN,NaN,NaN,NaN,NaN,NaN
NaN,NaN,0.381440660780451,0.452297940593174,0.282844833879305,-0.0304035502873982,-0.490915760742306,-0.778691713538137,-1.11460221346836,NaN,NaN,NaN,NaN,NaN,NaN,NaN,NaN,NaN
NaN,NaN,0.393221164917728,0.465084105472973,0.300003465114666,0.00108694327839959,-0.471564106987595,-0.772557166244951,-1.10241323124986,NaN,NaN,NaN,NaN,NaN,NaN,NaN,NaN,NaN
NaN,NaN,0.394139001941464,0.478168572973421,0.32193274035914,0.0235845301843559,-0.445750955836653,-0.763565284039942,-1.09784814875942,NaN,NaN,NaN,NaN,NaN,NaN,NaN,NaN,NaN
NaN,NaN,0.406481372988007,0.483946665864399,0.341360371409488,0.0522528183258449,-0.431207180367589,-0.748584159489837,-1.08900397431474,NaN,NaN,NaN,NaN,NaN,NaN,NaN,NaN,NaN
NaN,NaN,0.412010541981241,0.498181894164494,0.355355467496944,0.0794793632424747,-0.406262506143927,-0.743784718986717,-1.08042530130964,NaN,NaN,NaN,NaN,NaN,NaN,NaN,NaN,NaN
NaN,NaN,0.419691438650868,0.505265533667019,0.380872644333673,0.102291066626397,-0.382309932606101,-0.729480945345131,-1.07556603264432,NaN,NaN,NaN,NaN,NaN,NaN,NaN,NaN,NaN
NaN,NaN,0.432797885364077,0.514144800346306,0.399620521663261,0.134690959433404,-0.361276217149377,-0.721933786597219,-1.06333616536479,NaN,NaN,NaN,NaN,NaN,NaN,NaN,NaN,NaN
NaN,NaN,0.435276544517061,0.524606551717928,0.419811557828022,0.157762092033712,-0.335511215375542,-0.713481382306782,-1.05862397116046,NaN,NaN,NaN,NaN,NaN,NaN,NaN,NaN,NaN
NaN,NaN,0.450190390324375,0.526063605885914,0.440761100350452,0.184730474332658,-0.317049533473134,-0.696959365930525,-1.0530763061009,NaN,NaN,NaN,NaN,NaN,NaN,NaN,NaN,NaN
NaN,NaN,0.457704990035078,0.538038439791611,0.455551210640503,0.212998461405126,-0.288221393124938,-0.691531450327602,-1.04194661017876,NaN,NaN,NaN,NaN,NaN,NaN,NaN,NaN,NaN
NaN,NaN,0.466078399544737,0.543107684444597,0.481858819572759,0.235728841701833,-0.260619450704932,-0.675208476211992,-1.0379922704063,NaN,NaN,NaN,NaN,NaN,NaN,NaN,NaN,NaN
NaN,NaN,0.478837854093096,0.548852380108049,0.499411903171373,0.267768703827945,-0.239158314065814,-0.665113833572832,-1.02470112380009,NaN,NaN,NaN,NaN,NaN,NaN,NaN,NaN,NaN
NaN,NaN,0.481513059562227,0.558225676160267,0.51707361623509,0.289377306083528,-0.211979192094683,-0.654732455339399,-1.01994001653414,NaN,NaN,NaN,NaN,NaN,NaN,NaN,NaN,NaN
NaN,NaN,0.495251892930052,0.558265313249043,0.538529146312309,0.314143948683826,-0.193339851097941,-0.637614634659258,-1.01282854911309,NaN,NaN,NaN,NaN,NaN,NaN,NaN,NaN,NaN
NaN,NaN,0.505363932674906,0.571868564676455,0.551981020568443,0.342133004645196,-0.164890628652453,-0.629746169623104,-0.998607681807092,NaN,NaN,NaN,NaN,NaN,NaN,NaN,NaN,NaN
NaN,NaN,0.511887679672024,0.577703151594809,0.576723597793413,0.361902896741716,-0.139523208485722,-0.613368005331722,-0.992728428658059,NaN,NaN,NaN,NaN,NaN,NaN,NaN,NaN,NaN
NaN,NaN,0.525922915762446,0.583854928355625,0.593544307945801,0.390649471858827,-0.12157347460258,-0.601047334101168,-0.978007310744336,NaN,NaN,NaN,NaN,NaN,NaN,NaN,NaN,NaN
NaN,NaN,0.530748675441525,0.595766674470118,0.608788009582592,0.408014838079301,-0.0951331522034404,-0.589154382076231,-0.969244776036551,NaN,NaN,NaN,NaN,NaN,NaN,NaN,NaN,NaN
NaN,NaN,0.545650618946335,0.599285695444754,0.632396347670389,0.429893672893134,-0.076151289390206,-0.570388194944826,-0.957161480303815,NaN,NaN,NaN,NaN,NaN,NaN,NaN,NaN,NaN
NaN,NaN,0.558047602748654,0.61392273355644,0.643600456266237,0.454581078568784,-0.0498089607523677,-0.559224263604847,-0.939695158716252,NaN,NaN,NaN,NaN,NaN,NaN,NaN,NaN,NaN
NaN,NaN,0.564797698384306,0.622494160871914,0.667464032618833,0.470499989072171,-0.0262838083969352,-0.543086455043522,-0.931384278204253,NaN,NaN,NaN,NaN,NaN,NaN,NaN,NaN,NaN
NaN,NaN,0.581876124119541,0.628891397010496,0.682983983157707,0.495483220050422,-0.0093437399433848,-0.526854713287321,-0.91477693405371,NaN,NaN,NaN,NaN,NaN,NaN,NaN,NaN,NaN
NaN,NaN,0.589454016512415,0.642888020466974,0.695073574631048,0.511120293716279,0.0173926871551278,-0.515429527338711,-0.905025949444583,NaN,NaN,NaN,NaN,NaN,NaN,NaN,NaN,NaN
NaN,NaN,0.606745826875946,0.648850887756756,0.715543821303678,0.529708430597869,0.0374255102409128,-0.494688768711057,-0.894246412184051,NaN,NaN,NaN,NaN,NaN,NaN,NaN,NaN,NaN
NaN,NaN,0.61975247306206,0.662173140536955,0.725563417969776,0.552969459871141,0.0628383416963819,-0.484610033061472,-0.877278571691325,NaN,NaN,NaN,NaN,NaN,NaN,NaN,NaN,NaN
NaN,NaN,0.628553843921206,0.669733635824135,0.746120296268297,0.567757912407008,0.0859811302555803,-0.467611738320556,-0.869743836786559,NaN,NaN,NaN,NaN,NaN,NaN,NaN,NaN,NaN
NaN,NaN,0.647036406075737,0.674614175897053,0.758122902213169,0.591409501115171,0.105469613922954,-0.448991750206915,-0.853605506684592,NaN,NaN,NaN,NaN,NaN,NaN,NaN,NaN,NaN
NaN,NaN,0.655915300225994,0.690239906053951,0.768167719094587,0.608285438696233,0.133630405767083,-0.437854063537088,-0.843586319800427,NaN,NaN,NaN,NaN,NaN,NaN,NaN,NaN,NaN
NaN,NaN,0.672029713964245,0.694712228815964,0.785209767370058,0.625441629866449,0.155650633974195,-0.416185875263182,-0.83273307767134,NaN,NaN,NaN,NaN,NaN,NaN,NaN,NaN,NaN
NaN,NaN,0.685402723824761,0.706960797052792,0.793349731563164,0.648959536532251,0.179760060860038,-0.406748224821058,-0.817186174657157,NaN,NaN,NaN,NaN,NaN,NaN,NaN,NaN,NaN
NaN,NaN,0.692306375926516,0.712886374186686,0.808768950252367,0.661925465295402,0.20512824471128,-0.388722737159696,-0.809345109131148,NaN,NaN,NaN,NaN,NaN,NaN,NaN,NaN,NaN
NaN,NaN,0.711313254064104,0.717480495315006,0.818231131731106,0.682615019807903,0.224806960327745,-0.370693784978357,-0.794832141812852,NaN,NaN,NaN,NaN,NaN,NaN,NaN,NaN,NaN
NaN,NaN,0.719120866483233,0.732751447450331,0.824307285098864,0.698798258284417,0.254610046399951,-0.360455681409803,-0.783285567279866,NaN,NaN,NaN,NaN,NaN,NaN,NaN,NaN,NaN
NaN,NaN,0.733255567824623,0.735152266662529,0.838186580537392,0.714554187337247,0.275823767883897,-0.33932412120339,-0.772479487325957,NaN,NaN,NaN,NaN,NaN,NaN,NaN,NaN,NaN
NaN,NaN,0.747976071065447,0.747381798665932,0.841741140781475,0.736104190776435,0.299399993969322,-0.327331238266197,-0.756591310467532,NaN,NaN,NaN,NaN,NaN,NaN,NaN,NaN,NaN
NaN,NaN,0.754152807271263,0.753405090164354,0.85351425021751,0.747414321134177,0.32608307491076,-0.309685692962375,-0.748886069025805,NaN,NaN,NaN,NaN,NaN,NaN,NaN,NaN,NaN
NaN,NaN,0.772301192259571,0.758072525005749,0.858239315299822,0.768255234191505,0.344793475819946,-0.289970152851311,-0.733953317370227,NaN,NaN,NaN,NaN,NaN,NaN,NaN,NaN,NaN
NaN,NaN,0.779214306598685,0.770724057894161,0.85991208240254,0.784655545333711,0.373410317702413,-0.27943402605888,-0.722583321597388,NaN,NaN,NaN,NaN,NaN,NaN,NaN,NaN,NaN
NaN,NaN,0.791289574330828,0.772254109125546,0.869875706581903,0.79982321379551,0.391875985665441,-0.258526076402632,-0.713949719186833,NaN,NaN,NaN,NaN,NaN,NaN,NaN,NaN,NaN
NaN,NaN,0.805075048333189,0.781073529016188,0.870400301961733,0.82129573119649,0.413530241353631,-0.245570299055544,-0.697873154398015,NaN,NaN,NaN,NaN,NaN,NaN,NaN,NaN,NaN
NaN,NaN,0.808489872938177,0.788742486130407,0.877444639651609,0.832813136706439,0.439691185606838,-0.227204338487354,-0.690370270725301,NaN,NaN,NaN,NaN,NaN,NaN,NaN,NaN,NaN
NaN,NaN,0.822751606678745,0.792396343987396,0.883273135720325,0.855728310028401,0.457548122508645,-0.207136106517282,-0.674487216141036,NaN,NaN,NaN,NaN,NaN,NaN,NaN,NaN,NaN
NaN,NaN,0.827888130074522,0.803917921822479,0.883388582466675,0.872828193435756,0.481904405756116,-0.195709840234485,-0.661322580393365,NaN,NaN,NaN,NaN,NaN,NaN,NaN,NaN,NaN
NaN,NaN,0.836863285726092,0.805460750799587,0.892826437799765,0.885657348165599,0.499069761140466,-0.173363462861744,-0.652323843654206,NaN,NaN,NaN,NaN,NaN,NaN,NaN,NaN,NaN
NaN,NaN,0.846103607541105,0.812189314257315,0.895142152755094,0.907061133960572,0.517571061505199,-0.158829745676485,-0.633502186950257,NaN,NaN,NaN,NaN,NaN,NaN,NaN,NaN,NaN
NaN,NaN,0.845691087519905,0.820907573889902,0.902549147455526,0.918570828119603,0.54259374330771,-0.141480807986227,-0.623292060311845,NaN,NaN,NaN,NaN,NaN,NaN,NaN,NaN,NaN
NaN,NaN,0.855326252853653,0.822411343198231,0.909364845453335,0.938082669357148,0.558387092901588,-0.122247841980425,-0.608140280213168,NaN,NaN,NaN,NaN,NaN,NaN,NaN,NaN,NaN
NaN,NaN,0.856338190710327,0.833983398716858,0.910427931545807,0.952959709296313,0.58011987770927,-0.111214612450567,-0.594914847727826,NaN,NaN,NaN,NaN,NaN,NaN,NaN,NaN,NaN
NaN,NaN,0.860493137365362,0.836035214107445,0.920939415542913,0.962704509923545,0.597795784129024,-0.0885340951645048,-0.585948558267167,NaN,NaN,NaN,NaN,NaN,NaN,NaN,NaN,NaN
NaN,NaN,0.865853066420338,0.843239199113062,0.924881163834167,0.98164569256672,0.615850180043102,-0.0738579042517813,-0.565423419441989,NaN,NaN,NaN,NaN,NaN,NaN,NaN,NaN,NaN
NaN,NaN,0.861288542723438,0.853556781750134,0.932877480833364,0.991996448913899,0.642302777273774,-0.056002196695772,-0.556276881810239,NaN,NaN,NaN,NaN,NaN,NaN,NaN,NaN,NaN
NaN,NaN,0.867638542181036,0.855231113474777,0.939123675076795,1.00739985374579,0.65667593444717,-0.0346487768256338,-0.542127242054751,NaN,NaN,NaN,NaN,NaN,NaN,NaN,NaN,NaN
NaN,NaN,0.865700012868426,0.867066379379442,0.940659500508142,1.01961841476926,0.680503058834195,-0.0223801292740973,-0.529054732736161,NaN,NaN,NaN,NaN,NaN,NaN,NaN,NaN,NaN
NaN,NaN,0.863633557086966,0.868977490555456,0.950374815462662,1.02805504245528,0.699188090516448,0.000393427137169056,-0.518843432631305,NaN,NaN,NaN,NaN,NaN,NaN,NaN,NaN,NaN
NaN,NaN,0.86674277750232,0.875888909887484,0.954097758828235,1.04551771325835,0.718196514649511,0.0147784307337133,-0.500669566657355,NaN,NaN,NaN,NaN,NaN,NaN,NaN,NaN,NaN
NaN,NaN,0.859578969752571,0.886518578719309,0.958523776231838,1.05363227097162,0.742924041701675,0.0327008396125166,-0.492862680669835,NaN,NaN,NaN,NaN,NaN,NaN,NaN,NaN,NaN
NaN,NaN,0.862851562773964,0.886826082806995,0.96637249722941,1.06553410781392,0.756355315102458,0.0543735727405874,-0.478666195388845,NaN,NaN,NaN,NaN,NaN,NaN,NaN,NaN,NaN
NaN,NaN,0.85888884109833,0.899196784686258,0.965337574331594,1.07697413904437,0.779101173980356,0.0672633379435865,-0.462808193381837,NaN,NaN,NaN,NaN,NaN,NaN,NaN,NaN,NaN
NaN,NaN,0.854188400184891,0.904362849634102,0.976156189887358,1.08340583411821,0.798972636116863,0.0915272339916555,-0.452566439028791,NaN,NaN,NaN,NaN,NaN,NaN,NaN,NaN,NaN
NaN,NaN,0.85532608521559,0.911168638359716,0.978389277903868,1.10010882509717,0.815576813770652,0.108035355035099,-0.434236595150044,NaN,NaN,NaN,NaN,NaN,NaN,NaN,NaN,NaN
NaN,NaN,0.847068141078732,0.921060327183416,0.981381933985782,1.10493212608465,0.837961673392177,0.127717591050896,-0.424926331009677,NaN,NaN,NaN,NaN,NaN,NaN,NaN,NaN,NaN
NaN,NaN,0.848448975807211,0.922779157500675,0.98934805750711,1.11441226346263,0.848907246841312,0.152118130747112,-0.409902645017913,NaN,NaN,NaN,NaN,NaN,NaN,NaN,NaN,NaN
NaN,NaN,0.845252080684683,0.935402657579592,0.986593428848816,1.12295625401506,0.870074364943624,0.168508793387446,-0.393249666061214,NaN,NaN,NaN,NaN,NaN,NaN,NaN,NaN,NaN
NaN,NaN,0.839462085491202,0.94182893235605,0.996500782518221,1.12652577129969,0.888949162913681,0.195490661237272,-0.38381687712293,NaN,NaN,NaN,NaN,NaN,NaN,NaN,NaN,NaN
NaN,NaN,0.840813844328901,0.945399492721966,0.996559493093324,1.13926145849594,0.903272252185464,0.218075662080082,-0.364074086513331,NaN,NaN,NaN,NaN,NaN,NaN,NaN,NaN,NaN
NaN,NaN,0.832873592948696,0.955329775553158,0.999309204368425,1.14226441500553,0.924722697241426,0.240104849610361,-0.351922413077167,NaN,NaN,NaN,NaN,NaN,NaN,NaN,NaN,NaN
NaN,NaN,0.835083826309225,0.955141387622765,1.00752162545784,1.14911529837021,0.936955563379646,0.269246249619755,-0.336087172593883,NaN,NaN,NaN,NaN,NaN,NaN,NaN,NaN,NaN
NaN,NaN,0.832722662812254,0.967781837772539,1.00485876932604,1.15665515554914,0.958932820363164,0.289114806029829,-0.31792200517278,NaN,NaN,NaN,NaN,NaN,NaN,NaN,NaN,NaN
NaN,NaN,0.827068957364342,0.970724314194134,1.01663012787564,1.15872004670867,0.979044340206504,0.318937300864491,-0.307504286732486,NaN,NaN,NaN,NaN,NaN,NaN,NaN,NaN,NaN
NaN,NaN,0.829073219424269,0.970848422240427,1.01727534815533,1.17029113365182,0.992150041861654,0.344467385832104,-0.286348120983651,NaN,NaN,NaN,NaN,NaN,NaN,NaN,NaN,NaN
NaN,NaN,0.821360024487755,0.978937890123537,1.02156712472303,1.17348644552597,1.01573450083864,0.365984345946345,-0.273407077159694,NaN,NaN,NaN,NaN,NaN,NaN,NaN,NaN,NaN
NaN,NaN,0.823041098987839,0.976635046046188,1.03103366479142,1.17882616488108,1.03016221488845,0.39727909413341,-0.257462443526795,NaN,NaN,NaN,NaN,NaN,NaN,NaN,NaN,NaN
NaN,NaN,0.820847554927847,0.985885519277266,1.0316212920831,1.18647852582702,1.05244716222417,0.419386121604475,-0.237947938706687,NaN,NaN,NaN,NaN,NaN,NaN,NaN,NaN,NaN
NaN,NaN,0.814304939335367,0.986041050147226,1.04575865700705,1.18830443961391,1.07077201421392,0.450278780583176,-0.226105762388518,NaN,NaN,NaN,NaN,NaN,NaN,NaN,NaN,NaN
NaN,NaN,0.816969713991663,0.983479093503168,1.0495299546407,1.19873184380898,1.08321435342562,0.477704013857874,-0.205155977722219,NaN,NaN,NaN,NaN,NaN,NaN,NaN,NaN,NaN
NaN,NaN,0.809463756954453,0.99147235576432,1.05355680718882,1.20053097275862,1.10636159370673,0.499773006114992,-0.192508337762168,NaN,NaN,NaN,NaN,NaN,NaN,NaN,NaN,NaN
NaN,NaN,0.810956760173819,0.988892238330057,1.06381668507917,1.20490580467352,1.12098561192882,0.533852166656288,-0.176662591960242,NaN,NaN,NaN,NaN,NaN,NaN,NaN,NaN,NaN
NaN,NaN,0.808874229764721,0.99514569688957,1.06691862255199,1.21265137238273,1.13833093608749,0.556624083939823,-0.156960630532315,NaN,NaN,NaN,NaN,NaN,NaN,NaN,NaN,NaN
NaN,NaN,0.802169396406195,0.993280760686806,1.08057756706936,1.21333174077639,1.15634314308894,0.58748774153355,-0.146125120785049,NaN,NaN,NaN,NaN,NaN,NaN,NaN,NaN,NaN
NaN,NaN,0.805941960638544,0.990973390381744,1.08432010546191,1.22306059716114,1.16658407787812,0.615608188483748,-0.127333229150584,NaN,NaN,NaN,NaN,NaN,NaN,NaN,NaN,NaN
NaN,NaN,0.799401542967341,0.997671611349991,1.08686261609061,1.22539268476733,1.18970311771166,0.637086535964045,-0.112914697941354,NaN,NaN,NaN,NaN,NaN,NaN,NaN,NaN,NaN
NaN,NaN,0.80041403961756,0.993445716541222,1.09825526162846,1.23040293944844,1.20166338573229,0.671383290711674,-0.0972131208739787,NaN,NaN,NaN,NaN,NaN,NaN,NaN,NaN,NaN
NaN,NaN,0.798738702064535,0.994654815386942,1.10153754040463,1.24014814985761,1.21634160692823,0.69284977314237,-0.0759304628930598,NaN,NaN,NaN,NaN,NaN,NaN,NaN,NaN,NaN
NaN,NaN,0.79251292241194,0.992718185972383,1.11251202210648,1.2414710749484,1.23181096802485,0.721806026223931,-0.0664420181177168,NaN,NaN,NaN,NaN,NaN,NaN,NaN,NaN,NaN
NaN,NaN,0.795665691470883,0.988023239862135,1.11635566487773,1.24989084569582,1.24049108068478,0.747076123181614,-0.0464036070964842,NaN,NaN,NaN,NaN,NaN,NaN,NaN,NaN,NaN
NaN,NaN,0.788500617122433,0.992923039685896,1.11752756669982,1.25323027042517,1.25796753506196,0.767221897069248,-0.0297839881144076,NaN,NaN,NaN,NaN,NaN,NaN,NaN,NaN,NaN
NaN,NaN,0.786971497213623,0.984829175960234,1.13024034336073,1.25703880233535,1.26520808379185,0.798084790978464,-0.0130907387695819,NaN,NaN,NaN,NaN,NaN,NaN,NaN,NaN,NaN
NaN,NaN,0.785465716248533,0.983718964945486,1.12976348757608,1.26585639683375,1.27525852586162,0.816856566045317,0.0086010864712686,NaN,NaN,NaN,NaN,NaN,NaN,NaN,NaN,NaN
NaN,NaN,0.777276671355745,0.98072878618162,1.13942072525485,1.2651456859506,1.28778002749217,0.841819661829504,0.0208889006413907,NaN,NaN,NaN,NaN,NaN,NaN,NaN,NaN,NaN
NaN,NaN,0.779909073239348,0.976422015320471,1.14307245969637,1.27153765080341,1.29366594891083,0.865549202237162,0.0461001938917131,NaN,NaN,NaN,NaN,NaN,NaN,NaN,NaN,NaN
NaN,NaN,0.771646211719296,0.979374568652323,1.14346596211059,1.27327505169281,1.30704128707778,0.883628371331724,0.0683898537196607,NaN,NaN,NaN,NaN,NaN,NaN,NaN,NaN,NaN
NaN,NaN,0.769107817536375,0.970061063509396,1.15405787512524,1.27432210041055,1.31209255720508,0.911746694866451,0.0876461959220857,NaN,NaN,NaN,NaN,NaN,NaN,NaN,NaN,NaN
NaN,NaN,0.767272925799868,0.966641600917986,1.15258247390254,1.28101639119753,1.31994369964135,0.929340272370609,0.111499863002488,NaN,NaN,NaN,NaN,NaN,NaN,NaN,NaN,NaN
NaN,NaN,0.759003787165663,0.965316701423338,1.15754821136458,1.27763196496138,1.3321208354367,0.950523520979914,0.128388541076371,NaN,NaN,NaN,NaN,NaN,NaN,NaN,NaN,NaN
NaN,NaN,0.761086503839275,0.958139426749161,1.15990961700542,1.28116216180691,1.33552191372049,0.970568358126911,0.15607489857454,NaN,NaN,NaN,NaN,NaN,NaN,NaN,NaN,NaN
NaN,NaN,0.754447980648062,0.959963496517351,1.15673281982405,1.28142475752005,1.34838850761783,0.985105111423763,0.179067613814065,NaN,NaN,NaN,NaN,NaN,NaN,NaN,NaN,NaN
NaN,NaN,0.752238771742365,0.949648335318974,1.16532551854713,1.28023368907937,1.3521307293607,1.00945515480998,0.197065217677543,NaN,NaN,NaN,NaN,NaN,NaN,NaN,NaN,NaN
NaN,NaN,0.752754985219023,0.945538166653326,1.16103759765489,1.28576138658294,1.35919238965046,1.02343873975042,0.223281556997487,NaN,NaN,NaN,NaN,NaN,NaN,NaN,NaN,NaN
NaN,NaN,0.7436481033025,0.944818421941212,1.16199443846805,1.28051399854788,1.37044025178087,1.03999929425481,0.240730742249677,NaN,NaN,NaN,NaN,NaN,NaN,NaN,NaN,NaN
NaN,NaN,0.746798544055006,0.935647055249622,1.16146948918564,1.28322792840966,1.37234305555952,1.05774309409026,0.266553262505719,NaN,NaN,NaN,NaN,NaN,NaN,NaN,NaN,NaN
NaN,NaN,0.739646396463892,0.934209745120218,1.15597444385154,1.28366306094298,1.38356282900107,1.067145372901,0.288431370887944,NaN,NaN,NaN,NaN,NaN,NaN,NaN,NaN,NaN
NaN,NaN,0.736259586041948,0.924147717397621,1.16325937941535,1.28065015790829,1.38706640864742,1.08871821236971,0.304550310853908,NaN,NaN,NaN,NaN,NaN,NaN,NaN,NaN,NaN
NaN,NaN,0.737235481714985,0.919627152126244,1.15711244553192,1.28522483302125,1.39178473095429,1.10013682318095,0.330346567813346,NaN,NaN,NaN,NaN,NaN,NaN,NaN,NaN,NaN
NaN,NaN,0.727400286918661,0.919400728981903,1.15516419321163,1.27901667399177,1.40046933258903,1.11307755035523,0.346444888297507,NaN,NaN,NaN,NaN,NaN,NaN,NaN,NaN,NaN
NaN,NaN,0.730085532045147,0.906247436743191,1.15416108429296,1.28149950546989,1.39996325190198,1.13075384793046,0.370104486379811,NaN,NaN,NaN,NaN,NaN,NaN,NaN,NaN,NaN
NaN,NaN,0.724797948127768,0.904739197086504,1.14566230013831,1.28289239151248,1.40840747918022,1.14103613344196,0.390435835603663,NaN,NaN,NaN,NaN,NaN,NaN,NaN,NaN,NaN
NaN,NaN,0.720938640510819,0.895310245197227,1.15062097817524,1.27875268129477,1.41196116398108,1.16260014397267,0.406038021925876,NaN,NaN,NaN,NaN,NaN,NaN,NaN,NaN,NaN
NaN,NaN,0.721969782238981,0.891582440327814,1.14149805888398,1.28213759181866,1.41405522416365,1.17553967905405,0.43014396566529,NaN,NaN,NaN,NaN,NaN,NaN,NaN,NaN,NaN
NaN,NaN,0.711529116010449,0.887233685445002,1.13531133890016,1.2771635283328,1.42065325344932,1.18950931278232,0.445157649252603,NaN,NaN,NaN,NaN,NaN,NaN,NaN,NaN,NaN
NaN,NaN,0.712978533333323,0.871118601154497,1.13160800918801,1.2792323869265,1.41673383827341,1.20794940662745,0.466820659372994,NaN,NaN,NaN,NaN,NaN,NaN,NaN,NaN,NaN
NaN,NaN,0.707081864452145,0.86914553840082,1.11917939767106,1.28098504287967,1.42213351617587,1.21898157444957,0.486142566684672,NaN,NaN,NaN,NaN,NaN,NaN,NaN,NaN,NaN
NaN,NaN,0.700078747099421,0.858818642538002,1.11981448516114,1.27547647474178,1.42331033538115,1.24038986784581,0.500022216025779,NaN,NaN,NaN,NaN,NaN,NaN,NaN,NaN,NaN
NaN,NaN,0.699070292389176,0.852071974169424,1.10842880591614,1.28040391621956,1.42239747161996,1.25444369313482,0.523639383051583,NaN,NaN,NaN,NaN,NaN,NaN,NaN,NaN,NaN
NaN,NaN,0.686111106401465,0.844759415578058,1.10121329113705,1.27702090559372,1.42542365531457,1.26849615869287,0.541017731908748,NaN,NaN,NaN,NaN,NaN,NaN,NaN,NaN,NaN
NaN,NaN,0.685378192788145,0.829105242829731,1.0961451454447,1.27949578357705,1.41909503902328,1.28920704049233,0.563212489966342,NaN,NaN,NaN,NaN,NaN,NaN,NaN,NaN,NaN
NaN,NaN,0.677541746622107,0.82702267516773,1.08389922216399,1.28124303785929,1.42236264015567,1.30145994869235,0.584898224357554,NaN,NaN,NaN,NaN,NaN,NaN,NaN,NaN,NaN
NaN,NaN,0.666981964236281,0.817998904477766,1.08308777943118,1.27644087789425,1.42276437546146,1.32343683314684,0.600135145966002,NaN,NaN,NaN,NaN,NaN,NaN,NaN,NaN,NaN
NaN,NaN,0.663517276620648,0.808258518319538,1.07145433112843,1.28276249063977,1.41772493313086,1.33915396330121,0.626258315775582,NaN,NaN,NaN,NaN,NaN,NaN,NaN,NaN,NaN
NaN,NaN,0.648387345349571,0.803307924162558,1.06320979803665,1.2793647092379,1.41991106386316,1.35395036933187,0.647725636396596,NaN,NaN,NaN,NaN,NaN,NaN,NaN,NaN,NaN
NaN,NaN,0.644929810291311,0.789883319031408,1.05840229228003,1.28027293501267,1.41468040238154,1.37617742565635,0.669450262818524,NaN,NaN,NaN,NaN,NaN,NaN,NaN,NaN,NaN
NaN,NaN,0.636191974258206,0.790566239248922,1.04443396240337,1.28251077277431,1.41828404332531,1.38839689937595,0.694374727342317,NaN,NaN,NaN,NaN,NaN,NaN,NaN,NaN,NaN
NaN,NaN,0.623453604852936,0.781816482286862,1.04268808647854,1.27870993358859,1.4178894978298,1.40903526839975,0.710079713050315,NaN,NaN,NaN,NaN,NaN,NaN,NaN,NaN,NaN
NaN,NaN,0.620332202738306,0.772569473575762,1.02893789097531,1.28293517647156,1.41268956999314,1.42457201999787,0.738634659234473,NaN,NaN,NaN,NaN,NaN,NaN,NaN,NaN,NaN
NaN,NaN,0.6034132753072,0.770481578748634,1.01975590720637,1.27909216699967,1.41629606078398,1.43704382625583,0.759881386790463,NaN,NaN,NaN,NaN,NaN,NaN,NaN,NaN,NaN
NaN,NaN,0.597528452849171,0.759800333272627,1.01408361255987,1.27843435523876,1.41360409150851,1.45651072186593,0.780386017892549,NaN,NaN,NaN,NaN,NaN,NaN,NaN,NaN,NaN
NaN,NaN,0.586719094639799,0.760608292859009,0.999395649729801,1.28166347412237,1.41657722706926,1.46559616473678,0.805750774476716,NaN,NaN,NaN,NaN,NaN,NaN,NaN,NaN,NaN
NaN,NaN,0.572418114965937,0.75296243254464,0.997070602922273,1.27750422475704,1.41614690016043,1.48225793537858,0.823154008273074,NaN,NaN,NaN,NaN,NaN,NaN,NaN,NaN,NaN
NaN,NaN,0.567117529785416,0.744769643735102,0.986042756436897,1.28047961411842,1.41060864145887,1.49484692064289,0.851562476042697,NaN,NaN,NaN,NaN,NaN,NaN,NaN,NaN,NaN
NaN,NaN,0.549644837951443,0.74571523417156,0.975021187065674,1.275747489611,1.41660034249556,1.50299971846107,0.872943202290723,NaN,NaN,NaN,NaN,NaN,NaN,NaN,NaN,NaN
NaN,NaN,0.54067039010503,0.736482027661017,0.971329238115383,1.27377606598505,1.41369111428988,1.52087734935049,0.892836792651603,NaN,NaN,NaN,NaN,NaN,NaN,NaN,NaN,NaN
NaN,NaN,0.529390136575482,0.737616825591734,0.958164471982551,1.27708244738945,1.41441059823167,1.52679160160187,0.919955285523126,NaN,NaN,NaN,NaN,NaN,NaN,NaN,NaN,NaN
NaN,NaN,0.513385264998457,0.731401886533907,0.955321498064829,1.26834742395052,1.41306317935717,1.5404175773001,0.93772493887324,NaN,NaN,NaN,NaN,NaN,NaN,NaN,NaN,NaN
NaN,NaN,0.506658266162655,0.72405598659437,0.945902716218067,1.26791860578426,1.4053710881902,1.55089843941096,0.963959252718875,NaN,NaN,NaN,NaN,NaN,NaN,NaN,NaN,NaN
NaN,NaN,0.487965150600454,0.724863182496241,0.933854326455427,1.26141225589284,1.41158366168869,1.5572807930148,0.983136041346976,NaN,NaN,NaN,NaN,NaN,NaN,NaN,NaN,NaN
NaN,NaN,0.477626128917715,0.717302892100027,0.930974621175361,1.25707897959122,1.40599060396683,1.57231373635295,1.00214986715097,NaN,NaN,NaN,NaN,NaN,NaN,NaN,NaN,NaN
NaN,NaN,0.466245609199783,0.714743114750794,0.918071705697609,1.25649792743692,1.40455016459358,1.57626148236159,1.02841672140736,NaN,NaN,NaN,NaN,NaN,NaN,NaN,NaN,NaN
NaN,NaN,0.448820005035183,0.708777006458452,0.914346359519792,1.24444067148337,1.40226667339933,1.58854816031817,1.04539830822129,NaN,NaN,NaN,NaN,NaN,NaN,NaN,NaN,NaN
NaN,NaN,0.443135472810051,0.699756309132984,0.905682507752014,1.24237158937224,1.39551838452947,1.59900229347113,1.06928811061759,NaN,NaN,NaN,NaN,NaN,NaN,NaN,NaN,NaN
NaN,NaN,0.426088283633969,0.701141185801437,0.893472235499454,1.23642120180496,1.39985836635363,1.60389507112268,1.08982692125816,NaN,NaN,NaN,NaN,NaN,NaN,NaN,NaN,NaN
NaN,NaN,0.41581043121793,0.690773889165333,0.891217540799213,1.23086206285128,1.39529170061481,1.61647528332833,1.10918952736635,NaN,NaN,NaN,NaN,NaN,NaN,NaN,NaN,NaN
NaN,NaN,0.406212425654909,0.685745492320469,0.878673482535911,1.22929576454529,1.391968387766,1.61928499040368,1.13577643993873,NaN,NaN,NaN,NaN,NaN,NaN,NaN,NaN,NaN
NaN,NaN,0.390083352899334,0.678281761448792,0.875737488119436,1.21720548389324,1.39072062040699,1.62979774099949,1.15233999330182,NaN,NaN,NaN,NaN,NaN,NaN,NaN,NaN,NaN
NaN,NaN,0.384886796450398,0.668016705404928,0.867584504036737,1.21397440923223,1.38446384633911,1.63862766620878,1.17638787839193,NaN,NaN,NaN,NaN,NaN,NaN,NaN,NaN,NaN
NaN,NaN,0.368505465662262,0.667284127067736,0.856056481449438,1.20856279177436,1.38791650126708,1.64043571722868,1.19912606317181,NaN,NaN,NaN,NaN,NaN,NaN,NaN,NaN,NaN
NaN,NaN,0.358206006562493,0.653236318122557,0.856180012075735,1.20063125757345,1.38293742726576,1.64988543761137,1.21956024903435,NaN,NaN,NaN,NaN,NaN,NaN,NaN,NaN,NaN
NaN,NaN,0.350623941844484,0.646578889083078,0.844485059230161,1.19861749602327,1.37868582795394,1.65169406605128,1.24657698560137,NaN,NaN,NaN,NaN,NaN,NaN,NaN,NaN,NaN
NaN,NaN,0.335534299587986,0.639771442603281,0.841377217172218,1.18333333773383,1.37921591813695,1.65921069604519,1.26366632643718,NaN,NaN,NaN,NaN,NaN,NaN,NaN,NaN,NaN
NaN,NaN,0.330166305279514,0.627737749110869,0.83433647438748,1.17905396638283,1.37276237423551,1.66702220139268,1.28822399887819,NaN,NaN,NaN,NaN,NaN,NaN,NaN,NaN,NaN
NaN,NaN,0.313859536176703,0.624693926166704,0.823087569175793,1.17084737537274,1.37589005346429,1.66597852406267,1.31184211585302,NaN,NaN,NaN,NaN,NaN,NaN,NaN,NaN,NaN
NaN,NaN,0.304031307673237,0.608492880802563,0.822688814102245,1.15986270500192,1.37044058705699,1.67365729731682,1.33064145806808,NaN,NaN,NaN,NaN,NaN,NaN,NaN,NaN,NaN
NaN,NaN,0.298329471474669,0.599508095275572,0.81153266861899,1.15440079612502,1.36720684881342,1.67431531396869,1.35563776481528,NaN,NaN,NaN,NaN,NaN,NaN,NaN,NaN,NaN
NaN,NaN,0.283791209435246,0.592890489589384,0.807269800304008,1.13785454673537,1.36909326131475,1.67913736698392,1.37079043898363,NaN,NaN,NaN,NaN,NaN,NaN,NaN,NaN,NaN
NaN,NaN,0.278917877799055,0.576604265462568,0.80091242477162,1.13204931510457,1.36290208960903,1.68522342962387,1.3933019584753,NaN,NaN,NaN,NaN,NaN,NaN,NaN,NaN,NaN
NaN,NaN,0.264214883422634,0.570875514041594,0.790532518027855,1.1226248521901,1.36550006981027,1.68067889210943,1.4149981423058,NaN,NaN,NaN,NaN,NaN,NaN,NaN,NaN,NaN
NaN,NaN,0.256008478677056,0.55291503269594,0.791422545759512,1.10898850155839,1.36193433369529,1.68605102149013,1.43134790125866,NaN,NaN,NaN,NaN,NaN,NaN,NaN,NaN,NaN
NaN,NaN,0.252325284158966,0.54234921533983,0.779369108228517,1.10254183081755,1.35852934385669,1.68443223384384,1.45254439327497,NaN,NaN,NaN,NaN,NaN,NaN,NaN,NaN,NaN
NaN,NaN,0.236787340467951,0.53205037091296,0.775298110990358,1.08649557126531,1.36094230751526,1.68379733261827,1.46574684071917,NaN,NaN,NaN,NaN,NaN,NaN,NaN,NaN,NaN
NaN,NaN,0.231485600447437,0.51217162583392,0.770145196317268,1.08004150582322,1.35422322492135,1.68670214635495,1.48520505640287,NaN,NaN,NaN,NaN,NaN,NaN,NaN,NaN,NaN
NaN,NaN,0.219267169809124,0.504440325986555,0.759671412257982,1.06883130637774,1.3534388277961,1.67882427496079,1.5033387637474,NaN,NaN,NaN,NaN,NaN,NaN,NaN,NaN,NaN
NaN,NaN,0.21149293599107,0.486179064702204,0.760969750432802,1.0531170819498,1.3496437814368,1.68159855452541,1.51627010319013,NaN,NaN,NaN,NaN,NaN,NaN,NaN,NaN,NaN
NaN,NaN,0.207732944613478,0.475327666591814,0.747781980632377,1.04626170961031,1.34371153603327,1.67838202712301,1.53629290524501,NaN,NaN,NaN,NaN,NaN,NaN,NaN,NaN,NaN
NaN,NaN,0.191365229761383,0.464070044200829,0.741831797956062,1.02973654536375,1.34449163044822,1.67609432635072,1.54821729872007,NaN,NaN,NaN,NaN,NaN,NaN,NaN,NaN,NaN
NaN,NaN,0.187706417268297,0.444286275397947,0.737565558253361,1.02091846657762,1.33608925680649,1.67833503258589,1.56690372738619,NaN,NaN,NaN,NaN,NaN,NaN,NaN,NaN,NaN
NaN,NaN,0.178965079462311,0.437077931802681,0.725137244759632,1.00948244003424,1.33459876815808,1.67033638728026,1.58461100075025,NaN,NaN,NaN,NaN,NaN,NaN,NaN,NaN,NaN
NaN,NaN,0.17281661820986,0.420268825929573,0.722783587722612,0.992834043184606,1.33174364979398,1.67268453088764,1.59548966798563,NaN,NaN,NaN,NaN,NaN,NaN,NaN,NaN,NaN
NaN,NaN,0.169483545100472,0.406912393610886,0.709775768070055,0.98600988877782,1.32525547931922,1.66977748197678,1.61449876267094,NaN,NaN,NaN,NaN,NaN,NaN,NaN,NaN,NaN
NaN,NaN,0.156249451315186,0.394052691500595,0.699852432905269,0.969078500250665,1.32502642984521,1.66544178423646,1.62465928706903,NaN,NaN,NaN,NaN,NaN,NaN,NaN,NaN,NaN
NaN,NaN,0.15387862068989,0.373686063777617,0.693598303793503,0.958441213200179,1.31540210510624,1.66706990373496,1.63928649041433,NaN,NaN,NaN,NaN,NaN,NaN,NaN,NaN,NaN
NaN,NaN,0.146879694288752,0.365067455660513,0.678479809163643,0.948710270652858,1.31462376157773,1.65829181594017,1.65583717289943,NaN,NaN,NaN,NaN,NaN,NaN,NaN,NaN,NaN
NaN,NaN,0.14053189275243,0.348339207213333,0.672496173380447,0.931131333539573,1.31122737715972,1.65964962837461,1.66192880484838,NaN,NaN,NaN,NaN,NaN,NaN,NaN,NaN,NaN
NaN,NaN,0.136969751542589,0.331691331904343,0.658225983230902,0.923142541626779,1.30247849564087,1.65660902780655,1.67859515759725,NaN,NaN,NaN,NaN,NaN,NaN,NaN,NaN,NaN
NaN,NaN,0.124309818124554,0.319778933864048,0.646464962361885,0.905516181567994,1.30028482119572,1.64916476157669,1.68577882114429,NaN,NaN,NaN,NaN,NaN,NaN,NaN,NaN,NaN
NaN,NaN,0.122616487419388,0.300605572503021,0.637297581730915,0.894052662382213,1.28904841433299,1.64978627038363,1.69854522335906,NaN,NaN,NaN,NaN,NaN,NaN,NaN,NaN,NaN
NaN,NaN,0.115248850410959,0.290210634212902,0.620482031105591,0.884006727913705,1.28458933497798,1.63860998970631,1.71052016902346,NaN,NaN,NaN,NaN,NaN,NaN,NaN,NaN,NaN
NaN,NaN,0.107372394627115,0.273854244243315,0.611971009372307,0.866484824994889,1.27951688657534,1.63824865517381,1.71424309376259,NaN,NaN,NaN,NaN,NaN,NaN,NaN,NaN,NaN
NaN,NaN,0.104280701702616,0.256996970366648,0.595996182261539,0.856755987236587,1.26740201900733,1.63377342668537,1.72772398803014,NaN,NaN,NaN,NaN,NaN,NaN,NaN,NaN,NaN
NaN,NaN,0.0923692163584443,0.247683725994042,0.581006955205036,0.840992682108966,1.26322507451308,1.62421619442466,1.7343829630651,NaN,NaN,NaN,NaN,NaN,NaN,NaN,NaN,NaN
NaN,NaN,0.0925238904116365,0.229889075946024,0.571176640539003,0.830174234191266,1.25267264957559,1.62299964499834,1.74234200853486,NaN,NaN,NaN,NaN,NaN,NaN,NaN,NaN,NaN
NaN,NaN,0.0862821106372091,0.22078830350559,0.551832958905531,0.821519509384719,1.24604662473333,1.61047577780846,1.75162204194445,NaN,NaN,NaN,NaN,NaN,NaN,NaN,NaN,NaN
NaN,NaN,0.0769105468449804,0.205965429287365,0.542435336707664,0.804545913318483,1.2397785816623,1.60817436796788,1.75307579923052,NaN,NaN,NaN,NaN,NaN,NaN,NaN,NaN,NaN
NaN,NaN,0.0760044817385885,0.189839970063379,0.524508979021145,0.796705723235694,1.22532127018106,1.60046772954229,1.765010400001,NaN,NaN,NaN,NaN,NaN,NaN,NaN,NaN,NaN
NaN,NaN,0.0640359621999475,0.183401308696678,0.506063930539919,0.783659663478223,1.21998887102139,1.58857565296057,1.76933169949431,NaN,NaN,NaN,NaN,NaN,NaN,NaN,NaN,NaN
NaN,NaN,0.0633223455903741,0.165794338773897,0.496588878183199,0.773479432294456,1.20738762955201,1.58451547769073,1.77241655651111,NaN,NaN,NaN,NaN,NaN,NaN,NaN,NaN,NaN
NaN,NaN,0.0559531812129232,0.157683841627052,0.475027847884727,0.766285263428775,1.19763765077126,1.57034318817023,1.78008098739762,NaN,NaN,NaN,NaN,NaN,NaN,NaN,NaN,NaN
NaN,NaN,0.043815533494732,0.144381817173174,0.464231453685594,0.75036413637766,1.18886619399321,1.56491970566276,1.7792868672647,NaN,NaN,NaN,NaN,NaN,NaN,NaN,NaN,NaN
NaN,NaN,0.0427920286116811,0.131288688372782,0.446370474843813,0.745367832908717,1.17203259433639,1.55678896156314,1.7892266309597,NaN,NaN,NaN,NaN,NaN,NaN,NaN,NaN,NaN
NaN,NaN,0.030603567933819,0.128185931336096,0.428254928289486,0.734170336703149,1.16587718541753,1.54499657374981,1.792424382899,NaN,NaN,NaN,NaN,NaN,NaN,NaN,NaN,NaN
NaN,NaN,0.0265884314236852,0.114083286117724,0.41982813536985,0.724566333422748,1.15169398079646,1.54302654710773,1.79493656966467,NaN,NaN,NaN,NaN,NaN,NaN,NaN,NaN,NaN
NaN,NaN,0.0170315158126565,0.108028944324663,0.398702815024687,0.721190996894923,1.14010544086826,1.53007827622059,1.80363076392193,NaN,NaN,NaN,NaN,NaN,NaN,NaN,NaN,NaN
NaN,NaN,0.00515475017406669,0.0999111269823819,0.386859632878137,0.706125941554395,1.12991749833357,1.52480423373345,1.80405499998111,NaN,NaN,NaN,NaN,NaN,NaN,NaN,NaN,NaN
NaN,NaN,0.00335640353538717,0.0903324929289132,0.369873203186823,0.699547972956983,1.11241994018686,1.5194453291333,1.81348380285878,NaN,NaN,NaN,NaN,NaN,NaN,NaN,NaN,NaN
NaN,NaN,-0.00944540756366524,0.0910544914416581,0.35124246761067,0.689519118944493,1.10692280869019,1.50945229378704,1.81682732540745,NaN,NaN,NaN,NaN,NaN,NaN,NaN,NaN,NaN
NaN,NaN,-0.0175073455514697,0.0798175257853775,0.34296865373714,0.67969265995392,1.0934183892144,1.50933932435873,1.81870846662302,NaN,NaN,NaN,NaN,NaN,NaN,NaN,NaN,NaN
NaN,NaN,-0.0248795087876109,0.0758139563016205,0.322020005284382,0.677170340398637,1.08111429552567,1.49820296016696,1.82684401634712,NaN,NaN,NaN,NaN,NaN,NaN,NaN,NaN,NaN
NaN,NaN,-0.0343865800144461,0.0721270178667813,0.309234212933613,0.661026273349611,1.07251399721038,1.49350492206577,1.82635304171223,NaN,NaN,NaN,NaN,NaN,NaN,NaN,NaN,NaN
NaN,NaN,-0.0347955423834113,0.0642377657107621,0.293846715091301,0.654944234023181,1.05595757777822,1.48923754614952,1.83198234650869,NaN,NaN,NaN,NaN,NaN,NaN,NaN,NaN,NaN
NaN,NaN,-0.0499711457135466,0.0665058714560776,0.275560680626465,0.646965612152902,1.04954661394489,1.47903425541881,1.83423864308376,NaN,NaN,NaN,NaN,NaN,NaN,NaN,NaN,NaN
NaN,NaN,-0.0580649535598544,0.0559389737657814,0.267629593460394,0.638302021155444,1.0370894480778,1.47816009742382,1.83330163944144,NaN,NaN,NaN,NaN,NaN,NaN,NaN,NaN,NaN
NaN,NaN,-0.0644796985628394,0.0525656861476212,0.246917389182878,0.634797472933618,1.02255811507833,1.46742612046364,1.8403707503118,NaN,NaN,NaN,NaN,NaN,NaN,NaN,NaN,NaN
NaN,NaN,-0.0744015436115054,0.051564533006361,0.235931787489487,0.618212499151317,1.01545359532368,1.46119806838396,1.83808722186465,NaN,NaN,NaN,NaN,NaN,NaN,NaN,NaN,NaN
NaN,NaN,-0.0768610547723559,0.0440898684076577,0.224560413359237,0.614352744499532,0.998305581165672,1.45658627075318,1.84228726315875,NaN,NaN,NaN,NaN,NaN,NaN,NaN,NaN,NaN
NaN,NaN,-0.0918432410301951,0.0471665670387059,0.208971656708551,0.606894918212978,0.993155944748044,1.44535750073555,1.84534669506926,NaN,NaN,NaN,NaN,NaN,NaN,NaN,NaN,NaN
NaN,NaN,-0.0989837470891264,0.0379776542298108,0.20363175108893,0.596666109243718,0.979851312590957,1.44301565286878,1.84304448429126,NaN,NaN,NaN,NaN,NaN,NaN,NaN,NaN,NaN
NaN,NaN,-0.102022373253324,0.0368174125663548,0.186362124829126,0.591625865975705,0.966742295427442,1.43235014674428,1.85042476866026,NaN,NaN,NaN,NaN,NaN,NaN,NaN,NaN,NaN
NaN,NaN,-0.11453776540778,0.0372781192175656,0.177769984899593,0.574493777433721,0.960395630104661,1.42456140292052,1.8459412514009,NaN,NaN,NaN,NaN,NaN,NaN,NaN,NaN,NaN
NaN,NaN,-0.117199839228609,0.0291833800486832,0.168733138440681,0.569474488923637,0.943297180934072,1.41997614798311,1.84917972076316,NaN,NaN,NaN,NaN,NaN,NaN,NaN,NaN,NaN
NaN,NaN,-0.128781692260721,0.0311201398484021,0.155639339088035,0.559555363336888,0.937773860646606,1.40734011230234,1.84955390754718,NaN,NaN,NaN,NaN,NaN,NaN,NaN,NaN,NaN
NaN,NaN,-0.136267812127092,0.0226421800665169,0.149499278365207,0.544688009152499,0.924777701152683,1.40390658674005,1.84460810038824,NaN,NaN,NaN,NaN,NaN,NaN,NaN,NaN,NaN
NaN,NaN,-0.138382827067592,0.0214194839112073,0.134670555441213,0.537471656183091,0.911799162281871,1.39295967218641,1.8499641551413,NaN,NaN,NaN,NaN,NaN,NaN,NaN,NaN,NaN
NaN,NaN,-0.151796666109779,0.0205454004220277,0.126412089763714,0.521015000025121,0.90618740360272,1.38341257271532,1.84493130657453,NaN,NaN,NaN,NaN,NaN,NaN,NaN,NaN,NaN
NaN,NaN,-0.153518476659277,0.0109535043350964,0.121405374108387,0.514242310503808,0.890073138876081,1.37845043015841,1.84655400577564,NaN,NaN,NaN,NaN,NaN,NaN,NaN,NaN,NaN
NaN,NaN,-0.162841444039562,0.0110514608434945,0.1075421905504,0.503462996760694,0.883609536690832,1.36569818404678,1.846024921421,NaN,NaN,NaN,NaN,NaN,NaN,NaN,NaN,NaN
NaN,NaN,-0.170655501210907,0.00215805668752486,0.104857783614231,0.487886328677026,0.871878485782266,1.36048789990309,1.84169535178322,NaN,NaN,NaN,NaN,NaN,NaN,NaN,NaN,NaN
NaN,NaN,-0.173071873510101,-0.00145297895748323,0.0921996197090872,0.480490006933299,0.857918798579097,1.34865680632356,1.84688564974446,NaN,NaN,NaN,NaN,NaN,NaN,NaN,NaN,NaN
NaN,NaN,-0.185877242261389,-0.00413222636658853,0.0873939952240713,0.464966331104127,0.850993577046514,1.33744351488713,1.84228275555749,NaN,NaN,NaN,NaN,NaN,NaN,NaN,NaN,NaN
NaN,NaN,-0.186779712462643,-0.016962945718357,0.0842493100450762,0.455910206267921,0.833541784091115,1.33277438503865,1.84235269788284,NaN,NaN,NaN,NaN,NaN,NaN,NaN,NaN,NaN
NaN,NaN,-0.195547592962005,-0.017308149743864,0.0722196957455404,0.444315743128148,0.826073135836244,1.31989667114976,1.84197541910786,NaN,NaN,NaN,NaN,NaN,NaN,NaN,NaN,NaN
NaN,NaN,-0.202516381764629,-0.0255118909068794,0.0728052368746527,0.427575815895883,0.814431156618715,1.31474397999409,1.8373307830431,NaN,NaN,NaN,NaN,NaN,NaN,NaN,NaN,NaN
NaN,NaN,-0.202857972258547,-0.0317614565380306,0.0630275605605372,0.418253388682691,0.7997357245816,1.30397768614057,1.84141262087602,NaN,NaN,NaN,NaN,NaN,NaN,NaN,NaN,NaN
NaN,NaN,-0.213880137676218,-0.0370231124349326,0.0580491012321241,0.400928516367761,0.791258789254547,1.29305304882291,1.83542948800702,NaN,NaN,NaN,NaN,NaN,NaN,NaN,NaN,NaN
NaN,NaN,-0.214133327031353,-0.0509332346506805,0.0572585201249846,0.388308909217206,0.775273326439977,1.29128003415826,1.83312498617549,NaN,NaN,NaN,NaN,NaN,NaN,NaN,NaN,NaN
NaN,NaN,-0.222164605880001,-0.0524658563323707,0.0448637528703936,0.376298815438834,0.768204886121869,1.27851700333122,1.83223965230961,NaN,NaN,NaN,NaN,NaN,NaN,NaN,NaN,NaN
NaN,NaN,-0.228325621360758,-0.0616852606423587,0.0457718482599982,0.356118526736585,0.757287401361585,1.27495583069685,1.82571737680216,NaN,NaN,NaN,NaN,NaN,NaN,NaN,NaN,NaN
NaN,NaN,-0.225814775699594,-0.0710223282464237,0.03782319635017,0.346711889336196,0.742387432260633,1.26584097665909,1.82714762750644,NaN,NaN,NaN,NaN,NaN,NaN,NaN,NaN,NaN
NaN,NaN,-0.235284202867964,-0.0769662524350375,0.0338819882260092,0.32885372308859,0.736830919636608,1.25617977154616,1.82012437495966,NaN,NaN,NaN,NaN,NaN,NaN,NaN,NaN,NaN
NaN,NaN,-0.236010653102615,-0.0915823916681499,0.0338611824796923,0.316163763830749,0.722659337921262,1.25560555529955,1.81636332187433,NaN,NaN,NaN,NaN,NaN,NaN,NaN,NaN,NaN
NaN,NaN,-0.240119704181173,-0.0940067174621314,0.0232796071456202,0.30484331441888,0.716675851149679,1.24170012694958,1.81696756396074,NaN,NaN,NaN,NaN,NaN,NaN,NaN,NaN,NaN
NaN,NaN,-0.247345742905357,-0.103775583464691,0.0243986657248267,0.283828653822032,0.706258169962287,1.23682388958696,1.81006583038349,NaN,NaN,NaN,NaN,NaN,NaN,NaN,NaN,NaN
NaN,NaN,-0.243307118439892,-0.115940723825285,0.0181860735998877,0.274999455044357,0.69251318986547,1.22683456090454,1.81131996798892,NaN,NaN,NaN,NaN,NaN,NaN,NaN,NaN,NaN
NaN,NaN,-0.252248616093614,-0.121608976531813,0.0148582345233687,0.257297955880252,0.68845852802527,1.2169255681074,1.80646591473002,NaN,NaN,NaN,NaN,NaN,NaN,NaN,NaN,NaN
NaN,NaN,-0.252699245834568,-0.137084502983877,0.014658894239498,0.243448984304753,0.673824935807109,1.21366793212655,1.80100046682734,NaN,NaN,NaN,NaN,NaN,NaN,NaN,NaN,NaN
NaN,NaN,-0.255579472655275,-0.139253255236933,0.00264378994567477,0.23041924131879,0.665872241957307,1.19889741686347,1.7998709401824,NaN,NaN,NaN,NaN,NaN,NaN,NaN,NaN,NaN
NaN,NaN,-0.264088873887279,-0.151160009462425,0.00230627864463412,0.210221164355365,0.656810845835328,1.19143415165308,1.79189246732373,NaN,NaN,NaN,NaN,NaN,NaN,NaN,NaN,NaN
NaN,NaN,-0.260130901956776,-0.163160212595055,-0.00449021548168578,0.201450713405696,0.642531714989066,1.18357695562008,1.79083871308345,NaN,NaN,NaN,NaN,NaN,NaN,NaN,NaN,NaN
NaN,NaN,-0.268612996810892,-0.167414624501059,-0.00908530518548407,0.184465345422116,0.639394443137765,1.17191502747301,1.78640723812957,NaN,NaN,NaN,NaN,NaN,NaN,NaN,NaN,NaN
NaN,NaN,-0.266904541427114,-0.180849902588913,-0.0116809012009374,0.169348471293536,0.626660562707305,1.16874545735482,1.77887790489573,NaN,NaN,NaN,NaN,NaN,NaN,NaN,NaN,NaN
NaN,NaN,-0.269004152292231,-0.183762260038444,-0.0253803023709527,0.158300303349582,0.618477590037704,1.15260001194838,1.77886561143775,NaN,NaN,NaN,NaN,NaN,NaN,NaN,NaN,NaN
NaN,NaN,-0.27542394506357,-0.195026159543583,-0.0273224079622499,0.139761601070253,0.612877733661056,1.14419802946213,1.76898124280948,NaN,NaN,NaN,NaN,NaN,NaN,NaN,NaN,NaN
NaN,NaN,-0.272077386403301,-0.207844101149628,-0.0360776597275011,0.130810175517884,0.598646267904163,1.13607419577602,1.76729875269909,NaN,NaN,NaN,NaN,NaN,NaN,NaN,NaN,NaN
NaN,NaN,-0.279226535135725,-0.211344700563738,-0.0448710957183115,0.115163583735315,0.595953814340949,1.12199818638328,1.7609851120748,NaN,NaN,NaN,NaN,NaN,NaN,NaN,NaN,NaN
NaN,NaN,-0.278198187375286,-0.225056600082704,-0.0488469304157964,0.101156752983419,0.583623252464652,1.1175094537175,1.75238742146272,NaN,NaN,NaN,NaN,NaN,NaN,NaN,NaN,NaN
NaN,NaN,-0.281265200251558,-0.230442140508482,-0.0626808331920377,0.0937329013443863,0.576042081816316,1.10152192336682,1.75042955789346,NaN,NaN,NaN,NaN,NaN,NaN,NaN,NaN,NaN
NaN,NaN,-0.287090362185457,-0.240523930896112,-0.0656808094693891,0.0767679293251907,0.569446827871919,1.09198974368337,1.73883325073499,NaN,NaN,NaN,NaN,NaN,NaN,NaN,NaN,NaN
NaN,NaN,-0.284784221226194,-0.253990259278604,-0.0737593622519247,0.0692659397221481,0.553309261454463,1.08315600005153,1.73557265314836,NaN,NaN,NaN,NaN,NaN,NaN,NaN,NaN,NaN
NaN,NaN,-0.291096297228554,-0.255551211793014,-0.0852563531710378,0.0548887778616821,0.54865294660461,1.06718329635623,1.7273496149816,NaN,NaN,NaN,NaN,NaN,NaN,NaN,NaN,NaN
NaN,NaN,-0.293024544739941,-0.267921168614218,-0.0892230981601945,0.0426657464898502,0.536036561830163,1.06238368821505,1.71820169899244,NaN,NaN,NaN,NaN,NaN,NaN,NaN,NaN,NaN
NaN,NaN,-0.294466977143505,-0.272338915873358,-0.103804964722561,0.0373138640619194,0.526643149210334,1.04695767087105,1.71369460064549,NaN,NaN,NaN,NaN,NaN,NaN,NaN,NaN,NaN
NaN,NaN,-0.301443495923498,-0.279533382762262,-0.109420225174593,0.0214823116160308,0.518807112826228,1.03849112910393,1.70230266291279,NaN,NaN,NaN,NaN,NaN,NaN,NaN,NaN,NaN
NaN,NaN,-0.298050631904819,-0.290839638818094,-0.118551880271601,0.0161661547220623,0.501573398364902,1.03085646328691,1.69734789643068,NaN,NaN,NaN,NaN,NaN,NaN,NaN,NaN,NaN
NaN,NaN,-0.304024879956463,-0.289133958775589,-0.131652496905493,0.00600365592011562,0.497838664455533,1.01536773068074,1.68891337353367,NaN,NaN,NaN,NaN,NaN,NaN,NaN,NaN,NaN
NaN,NaN,-0.306222074800947,-0.300314206887075,-0.135654594899582,-0.0036279890143002,0.4846732463969,1.01162753922108,1.67740848499913,NaN,NaN,NaN,NaN,NaN,NaN,NaN,NaN,NaN
NaN,NaN,-0.305472192490318,-0.302950427193233,-0.15205205619471,-0.00613874154320607,0.474187597288013,0.997480712059769,1.67329133141417,NaN,NaN,NaN,NaN,NaN,NaN,NaN,NaN,NaN
NaN,NaN,-0.312316221320846,-0.308454431850502,-0.158980742247271,-0.0191814485394085,0.466192733152032,0.987917519334587,1.66161956850071,NaN,NaN,NaN,NaN,NaN,NaN,NaN,NaN,NaN
NaN,NaN,-0.307578378492811,-0.317880124110767,-0.168609071673321,-0.0209283489190663,0.44988333771956,0.980260594908032,1.65478597048301,NaN,NaN,NaN,NaN,NaN,NaN,NaN,NaN,NaN
NaN,NaN,-0.313954622620561,-0.315464254725763,-0.182186786235737,-0.0282723489605511,0.444343942804456,0.963118634346756,1.64526256385822,NaN,NaN,NaN,NaN,NaN,NaN,NaN,NaN,NaN
NaN,NaN,-0.316451703334072,-0.325692821551153,-0.18663327410953,-0.0365619580649461,0.430390178812862,0.957880168381962,1.63196454409141,NaN,NaN,NaN,NaN,NaN,NaN,NaN,NaN,NaN
NaN,NaN,-0.317483962649324,-0.327883534390518,-0.204158287645744,-0.0362820024990166,0.417693178756356,0.942354667160544,1.62793467405815,NaN,NaN,NaN,NaN,NaN,NaN,NaN,NaN,NaN
NaN,NaN,-0.324828521484354,-0.331468791026661,-0.210935019107031,-0.0458724084698285,0.410103961480975,0.93163240623835,1.61495211187381,NaN,NaN,NaN,NaN,NaN,NaN,NaN,NaN,NaN
NaN,NaN,-0.320215066099384,-0.336914252746889,-0.219115533085035,-0.0454870644413556,0.39222346211803,0.92397155163053,1.60855889904875,NaN,NaN,NaN,NaN,NaN,NaN,NaN,NaN,NaN
NaN,NaN,-0.326136619919756,-0.332737457264254,-0.231773324461149,-0.050810820927533,0.38581614906919,0.908104515794548,1.60000993523378,NaN,NaN,NaN,NaN,NaN,NaN,NaN,NaN,NaN
NaN,NaN,-0.328958974355677,-0.338096920657942,-0.235148679615425,-0.0571245360576237,0.371618937356591,0.903852022413048,1.58952057946105,NaN,NaN,NaN,NaN,NaN,NaN,NaN,NaN,NaN
NaN,NaN,-0.32879439103029,-0.338786099363157,-0.250087540747093,-0.0557571496271218,0.358514185650468,0.890476386222872,1.58677101719756,NaN,NaN,NaN,NaN,NaN,NaN,NaN,NaN,NaN
NaN,NaN,-0.335374352658012,-0.337824899960348,-0.257154155672955,-0.0627194377981747,0.348917279048085,0.879309642288717,1.57424150619287,NaN,NaN,NaN,NaN,NaN,NaN,NaN,NaN,NaN
NaN,NaN,-0.330598344230869,-0.342273529876062,-0.263223137856888,-0.064009617587241,0.331303361458898,0.871577317986521,1.56803237858791,NaN,NaN,NaN,NaN,NaN,NaN,NaN,NaN,NaN
NaN,NaN,-0.334793486768225,-0.337189942855427,-0.2753785179569,-0.0681066732310379,0.322938892645955,0.855282004151377,1.56044828358669,NaN,NaN,NaN,NaN,NaN,NaN,NaN,NaN,NaN
NaN,NaN,-0.336848058873632,-0.340886883694717,-0.277898695470261,-0.0740064527296151,0.309345494611383,0.850239432576927,1.54867524865646,NaN,NaN,NaN,NaN,NaN,NaN,NaN,NaN,NaN
NaN,NaN,-0.333963194066503,-0.339712653566191,-0.290292773546147,-0.0726005281709755,0.295405309302926,0.836920718822512,1.54516816723723,NaN,NaN,NaN,NaN,NaN,NaN,NaN,NaN,NaN
NaN,NaN,-0.340311610275724,-0.336193967867681,-0.29647047832744,-0.080503750165614,0.285652443422199,0.82345614132646,1.53230371538181,NaN,NaN,NaN,NaN,NaN,NaN,NaN,NaN,NaN
NaN,NaN,-0.336609919691303,-0.342775624502489,-0.299236953408884,-0.083359408696803,0.267628483129859,0.815463232967886,1.52391672718901,NaN,NaN,NaN,NaN,NaN,NaN,NaN,NaN,NaN
NaN,NaN,-0.340840135836819,-0.337742496538946,-0.311698012204336,-0.0859151813589657,0.25861026312244,0.798799581054482,1.51617598373074,NaN,NaN,NaN,NaN,NaN,NaN,NaN,NaN,NaN
NaN,NaN,-0.344205879742124,-0.340253714729139,-0.311976347268986,-0.0936175543271626,0.24384911696446,0.793519242826733,1.50161915111918,NaN,NaN,NaN,NaN,NaN,NaN,NaN,NaN,NaN
NaN,NaN,-0.34302343534849,-0.339812714863607,-0.324175592662262,-0.0922716255687798,0.228712442917943,0.780971869055065,1.49727995160598,NaN,NaN,NaN,NaN,NaN,NaN,NaN,NaN,NaN
NaN,NaN,-0.350643237257221,-0.335548114288637,-0.326856721342968,-0.101439285596522,0.218569241119743,0.766837037328514,1.48515031326194,NaN,NaN,NaN,NaN,NaN,NaN,NaN,NaN,NaN
NaN,NaN,-0.347908296758154,-0.342480674643108,-0.327340468914675,-0.104826990088137,0.201638038857103,0.760361793611082,1.47502914655585,NaN,NaN,NaN,NaN,NaN,NaN,NaN,NaN,NaN
NaN,NaN,-0.350645956719139,-0.335474651563951,-0.338240817339586,-0.108036234548005,0.190434507681251,0.745372380290064,1.46712881166119,NaN,NaN,NaN,NaN,NaN,NaN,NaN,NaN,NaN
NaN,NaN,-0.354756628298977,-0.336709175515959,-0.33639545753734,-0.117537270804557,0.178562268270374,0.740410535756382,1.45111825901646,NaN,NaN,NaN,NaN,NaN,NaN,NaN,NaN,NaN
NaN,NaN,-0.351536524617889,-0.336795714009592,-0.345025185645985,-0.118659197857293,0.162738054646373,0.728342439208063,1.44679476160187,NaN,NaN,NaN,NaN,NaN,NaN,NaN,NaN,NaN
NaN,NaN,-0.358259854042747,-0.333037883300373,-0.346148062647747,-0.128122198899897,0.154683399601102,0.714782922688755,1.43329524088282,NaN,NaN,NaN,NaN,NaN,NaN,NaN,NaN,NaN
NaN,NaN,-0.35267985346339,-0.340783525515386,-0.346529346109795,-0.134023189117822,0.138423718167663,0.708898454133305,1.42013563427705,NaN,NaN,NaN,NaN,NaN,NaN,NaN,NaN,NaN
NaN,NaN,-0.355518375659206,-0.335583355534861,-0.35753484085338,-0.138905573209437,0.126875895662427,0.693540013555321,1.40966069537778,NaN,NaN,NaN,NaN,NaN,NaN,NaN,NaN,NaN
NaN,NaN,-0.359983806634167,-0.338838383812496,-0.356591299326586,-0.151327255686435,0.117298863483787,0.68635383543733,1.39167883086581,NaN,NaN,NaN,NaN,NaN,NaN,NaN,NaN,NaN
NaN,NaN,-0.354190458679417,-0.340179190296719,-0.362425774486231,-0.152350332161101,0.101675983173967,0.674122235897812,1.38519690025229,NaN,NaN,NaN,NaN,NaN,NaN,NaN,NaN,NaN
NaN,NaN,-0.358599097603777,-0.338026009757111,-0.365006730110811,-0.162724464704903,0.0946542393697503,0.659880618724856,1.37060240495581,NaN,NaN,NaN,NaN,NaN,NaN,NaN,NaN,NaN
NaN,NaN,-0.351677415096977,-0.344782606024334,-0.363438252509999,-0.169611222615155,0.0803551223410371,0.654551367435488,1.35654099870104,NaN,NaN,NaN,NaN,NaN,NaN,NaN,NaN,NaN
NaN,NaN,-0.354308345490911,-0.341402091342995,-0.372807804645466,-0.175442810674819,0.0709373276962045,0.639769080255064,1.34865534145016,NaN,NaN,NaN,NaN,NaN,NaN,NaN,NaN,NaN
NaN,NaN,-0.357555215382793,-0.345811885107347,-0.369051985593008,-0.187649692913207,0.0619881745709184,0.630503426466021,1.33287029925365,NaN,NaN,NaN,NaN,NaN,NaN,NaN,NaN,NaN
NaN,NaN,-0.349802383357504,-0.349422827620098,-0.372396122814583,-0.188955369909915,0.0464440655244592,0.618475525800022,1.32623805317659,NaN,NaN,NaN,NaN,NaN,NaN,NaN,NaN,NaN
NaN,NaN,-0.353417349183777,-0.348587543029377,-0.374715861083435,-0.201512708833131,0.0394917238785032,0.602543558154139,1.31309388789911,NaN,NaN,NaN,NaN,NaN,NaN,NaN,NaN,NaN
NaN,NaN,-0.349116929942587,-0.356122128922531,-0.371467109919953,-0.211152828802976,0.0256779190434221,0.597706808868679,1.30097115996856,NaN,NaN,NaN,NaN,NaN,NaN,NaN,NaN,NaN
NaN,NaN,-0.350565918857076,-0.354722574610302,-0.377962898613381,-0.217310063114079,0.0183220725787881,0.582179482255015,1.29670046854396,NaN,NaN,NaN,NaN,NaN,NaN,NaN,NaN,NaN
NaN,NaN,-0.35278444098852,-0.358446523804256,-0.373878080548214,-0.230988323261651,0.00975938106906446,0.572822000060114,1.28200026813526,NaN,NaN,NaN,NaN,NaN,NaN,NaN,NaN,NaN
NaN,NaN,-0.34383087339423,-0.363847635943481,-0.377003897131848,-0.235734138210925,-0.00507997755873171,0.561612657431397,1.27585171375055,NaN,NaN,NaN,NaN,NaN,NaN,NaN,NaN,NaN
NaN,NaN,-0.347395976209858,-0.363357816148588,-0.381036412121224,-0.24912860574356,-0.00892904062736002,0.544749609354767,1.26385272133727,NaN,NaN,NaN,NaN,NaN,NaN,NaN,NaN,NaN
NaN,NaN,-0.345421479219416,-0.371701479215214,-0.378413770498203,-0.260912201871785,-0.0204558897482154,0.542000773522886,1.25169445413727,NaN,NaN,NaN,NaN,NaN,NaN,NaN,NaN,NaN
NaN,NaN,-0.343829848939398,-0.370793663222381,-0.384986337424683,-0.266447778364333,-0.027076065884709,0.524982567105326,1.24628816384453,NaN,NaN,NaN,NaN,NaN,NaN,NaN,NaN,NaN
NaN,NaN,-0.34660291778467,-0.374719281006643,-0.383071240188049,-0.27987422751418,-0.0330347608493563,0.515550895754131,1.22919371936102,NaN,NaN,NaN,NaN,NaN,NaN,NaN,NaN,NaN
NaN,NaN,-0.337919433737018,-0.382375628013203,-0.386905215830969,-0.285261965861234,-0.0452640507088896,0.505134276274475,1.2221338844635,NaN,NaN,NaN,NaN,NaN,NaN,NaN,NaN,NaN
NaN,NaN,-0.342284337753275,-0.382135290909597,-0.391558922977614,-0.297435078343066,-0.0463999289737937,0.490021444085869,1.21056946578998,NaN,NaN,NaN,NaN,NaN,NaN,NaN,NaN,NaN
NaN,NaN,-0.340488580191353,-0.391494635749647,-0.387303225846457,-0.307556747963342,-0.0550732616053817,0.486835687581333,1.19817544359345,NaN,NaN,NaN,NaN,NaN,NaN,NaN,NaN,NaN
NaN,NaN,-0.336156700873592,-0.390346594411919,-0.393073737771677,-0.312095399519118,-0.0616468157337901,0.470679792735609,1.19202465403456,NaN,NaN,NaN,NaN,NaN,NaN,NaN,NaN,NaN
NaN,NaN,-0.340173960799196,-0.393999520946333,-0.392529528738426,-0.325260370542916,-0.0648908730314967,0.463113355610403,1.17654881093282,NaN,NaN,NaN,NaN,NaN,NaN,NaN,NaN,NaN
NaN,NaN,-0.331914992207506,-0.402449354786465,-0.39399055034058,-0.329275078644666,-0.0752615410553214,0.45445505452517,1.17033992547173,NaN,NaN,NaN,NaN,NaN,NaN,NaN,NaN,NaN
NaN,NaN,-0.337384593808868,-0.401062783110926,-0.400277238489556,-0.339951369484576,-0.0752434733973738,0.440091638985905,1.15993111047525,NaN,NaN,NaN,NaN,NaN,NaN,NaN,NaN,NaN
NaN,NaN,-0.335158043676832,-0.410166461277792,-0.39513635650413,-0.35036608906618,-0.0833293463753459,0.435901674602064,1.1459223798253,NaN,NaN,NaN,NaN,NaN,NaN,NaN,NaN,NaN
NaN,NaN,-0.329291475141266,-0.408592675138304,-0.403252702356743,-0.354167431166085,-0.0893896858857867,0.422586984161171,1.14012623790283,NaN,NaN,NaN,NaN,NaN,NaN,NaN,NaN,NaN
NaN,NaN,-0.33366297292135,-0.411316663283893,-0.403865419478583,-0.366866461505803,-0.0917514268027541,0.416163615111145,1.12622064191479,NaN,NaN,NaN,NaN,NaN,NaN,NaN,NaN,NaN
NaN,NaN,-0.326217365586975,-0.418296888727734,-0.40740641966598,-0.369837976565274,-0.100422282116294,0.409316419783863,1.11842804241557,NaN,NaN,NaN,NaN,NaN,NaN,NaN,NaN,NaN
NaN,NaN,-0.331135046804169,-0.416399486620018,-0.413139511050152,-0.378078709860953,-0.0987275916801688,0.395072884086403,1.10978739920635,NaN,NaN,NaN,NaN,NaN,NaN,NaN,NaN,NaN
NaN,NaN,-0.328260780447939,-0.422480855394194,-0.409331388921904,-0.386877696534308,-0.105349798099875,0.391427203241619,1.0945916420557,NaN,NaN,NaN,NaN,NaN,NaN,NaN,NaN,NaN
NaN,NaN,-0.322963194126108,-0.422081485647747,-0.418412957490849,-0.387852139344128,-0.109994005756259,0.38056008440617,1.08820068303127,NaN,NaN,NaN,NaN,NaN,NaN,NaN,NaN,NaN
NaN,NaN,-0.327603806877354,-0.422808029014656,-0.419934142531323,-0.398315269073161,-0.110798817472338,0.372622589740786,1.07449094418068,NaN,NaN,NaN,NaN,NaN,NaN,NaN,NaN,NaN
NaN,NaN,-0.321784791672447,-0.429601226259062,-0.424243223072457,-0.400679319670113,-0.118953906344056,0.364517848167452,1.06513331297416,NaN,NaN,NaN,NaN,NaN,NaN,NaN,NaN,NaN
NaN,NaN,-0.327028268152693,-0.427633546549866,-0.430662047268318,-0.405753667970809,-0.117994848983168,0.349337327454123,1.05722698036213,NaN,NaN,NaN,NaN,NaN,NaN,NaN,NaN,NaN
NaN,NaN,-0.325066399896362,-0.433009084571192,-0.427175119669604,-0.413693435063275,-0.125050586061358,0.345052312288317,1.04240451592583,NaN,NaN,NaN,NaN,NaN,NaN,NaN,NaN,NaN
NaN,NaN,-0.320222982341268,-0.433283601213285,-0.43710845723884,-0.414366818537625,-0.132496044384122,0.334786324921879,1.03771849188585,NaN,NaN,NaN,NaN,NaN,NaN,NaN,NaN,NaN
NaN,NaN,-0.327589166486481,-0.432788491506168,-0.44094455629723,-0.424528721293124,-0.132994767622828,0.322648546818527,1.02363078508157,NaN,NaN,NaN,NaN,NaN,NaN,NaN,NaN,NaN
NaN,NaN,-0.324513864839294,-0.439756199974605,-0.445127722026276,-0.427006318738374,-0.142602980481267,0.31559770849708,1.01618216026206,NaN,NaN,NaN,NaN,NaN,NaN,NaN,NaN,NaN
NaN,NaN,-0.328445908749321,-0.435912296433041,-0.453225832582878,-0.430821127762708,-0.143683668570399,0.299758798602852,1.00830458689112,NaN,NaN,NaN,NaN,NaN,NaN,NaN,NaN,NaN
NaN,NaN,-0.328539320403555,-0.439114462841341,-0.451232336611914,-0.438705164512309,-0.152221102611899,0.296760033044848,0.995476717386434,NaN,NaN,NaN,NaN,NaN,NaN,NaN,NaN,NaN
NaN,NaN,-0.323510476523855,-0.43820541750271,-0.461871039272713,-0.437890983691129,-0.160507116811156,0.285524557504687,0.99141352463145,NaN,NaN,NaN,NaN,NaN,NaN,NaN,NaN,NaN
NaN,NaN,-0.331781943464496,-0.434627536941358,-0.46723523378508,-0.446075185706528,-0.160287324683547,0.273419990364346,0.979775922630021,NaN,NaN,NaN,NaN,NaN,NaN,NaN,NaN,NaN
NaN,NaN,-0.327874169820764,-0.440030772496054,-0.469732072354721,-0.446828141381654,-0.1700760837363,0.26636954319838,0.9731535299458,NaN,NaN,NaN,NaN,NaN,NaN,NaN,NaN,NaN
NaN,NaN,-0.328290489638069,-0.432558659721205,-0.479810267837214,-0.449011832048806,-0.172913488345027,0.251503194842371,0.965117035690734,NaN,NaN,NaN,NaN,NaN,NaN,NaN,NaN,NaN
NaN,NaN,-0.329601009512165,-0.433131311345884,-0.476950716377663,-0.456724170168551,-0.180140626029849,0.247252768996987,0.954106232408473,NaN,NaN,NaN,NaN,NaN,NaN,NaN,NaN,NaN
NaN,NaN,-0.325221968019226,-0.431781694550106,-0.487406358273195,-0.453116859813842,-0.189185425983548,0.235377586606774,0.951048886660525,NaN,NaN,NaN,NaN,NaN,NaN,NaN,NaN,NaN
NaN,NaN,-0.333548252606609,-0.427414089698383,-0.491174657048153,-0.458800609728011,-0.187962897466302,0.222124698731932,0.941861147318074,NaN,NaN,NaN,NaN,NaN,NaN,NaN,NaN,NaN
NaN,NaN,-0.327934463644245,-0.431044888008425,-0.491395380498337,-0.458411410024079,-0.199188817636847,0.215469877395662,0.933639487508723,NaN,NaN,NaN,NaN,NaN,NaN,NaN,NaN,NaN
NaN,NaN,-0.328028210574606,-0.422378558922598,-0.499548327328133,-0.45870298849574,-0.204234909610629,0.19900521186355,0.927955216053912,NaN,NaN,NaN,NaN,NaN,NaN,NaN,NaN,NaN
NaN,NaN,-0.329596744054773,-0.422715641815254,-0.495272141100334,-0.465056787749442,-0.212280530826926,0.19251875502232,0.916332217190454,NaN,NaN,NaN,NaN,NaN,NaN,NaN,NaN,NaN
NaN,NaN,-0.327018731409529,-0.420862365771124,-0.50371802613275,-0.459694046100291,-0.224397968845248,0.179405099872383,0.914505763236472,NaN,NaN,NaN,NaN,NaN,NaN,NaN,NaN,NaN
NaN,NaN,-0.334883899563768,-0.414159748960325,-0.505410779417919,-0.464377313425454,-0.225161597477078,0.164699814442429,0.904610684398601,NaN,NaN,NaN,NaN,NaN,NaN,NaN,NaN,NaN
NaN,NaN,-0.328896668875435,-0.416001923639366,-0.503523454220461,-0.463909156193646,-0.237590991304993,0.15873161998752,0.896441849205682,NaN,NaN,NaN,NaN,NaN,NaN,NaN,NaN,NaN
NaN,NaN,-0.329281938398102,-0.405775945890734,-0.509184908272194,-0.462821241041335,-0.243242480205178,0.143287590864929,0.893005231652448,NaN,NaN,NaN,NaN,NaN,NaN,NaN,NaN,NaN
NaN,NaN,-0.332135548019626,-0.40494898732383,-0.504426594973969,-0.468749407251986,-0.249988347636342,0.137424300584826,0.880888855341861,NaN,NaN,NaN,NaN,NaN,NaN,NaN,NaN,NaN
NaN,NaN,-0.328489289754846,-0.402589947242329,-0.510605156572031,-0.46305358739725,-0.262686875061869,0.124748963091406,0.877850620333144,NaN,NaN,NaN,NaN,NaN,NaN,NaN,NaN,NaN
NaN,NaN,-0.335471340590933,-0.39426759283621,-0.511047590674328,-0.46857383432022,-0.264226593421578,0.109714622769388,0.866201451305339,NaN,NaN,NaN,NaN,NaN,NaN,NaN,NaN,NaN
NaN,NaN,-0.329533283734539,-0.3960304933377,-0.507746014894413,-0.46873921858302,-0.275446590380549,0.104256010774407,0.855771588418672,NaN,NaN,NaN,NaN,NaN,NaN,NaN,NaN,NaN
NaN,NaN,-0.330285214954832,-0.388347845781633,-0.512192893923687,-0.467940032055291,-0.281495716767192,0.0880929261184065,0.849055188033769,NaN,NaN,NaN,NaN,NaN,NaN,NaN,NaN,NaN
NaN,NaN,-0.333160263622024,-0.388247058052608,-0.507862579227852,-0.475205018689545,-0.287569374190449,0.0798396199679701,0.834243210289666,NaN,NaN,NaN,NaN,NaN,NaN,NaN,NaN,NaN
NaN,NaN,-0.329148573005417,-0.388333931822369,-0.511322293580937,-0.470465816130551,-0.300815444784045,0.0670662514603464,0.827726280573794,NaN,NaN,NaN,NaN,NaN,NaN,NaN,NaN,NaN
NaN,NaN,-0.335503340834596,-0.380667899061033,-0.512638587654995,-0.475292264988335,-0.302110858605981,0.0511267773545114,0.815348929051349,NaN,NaN,NaN,NaN,NaN,NaN,NaN,NaN,NaN
NaN,NaN,-0.333021347546795,-0.385796208191702,-0.509187087567019,-0.477112255563649,-0.314854424791217,0.0457374185061781,0.802833685908505,NaN,NaN,NaN,NaN,NaN,NaN,NaN,NaN,NaN
NaN,NaN,-0.333681245470264,-0.380246848125049,-0.513864506186413,-0.476660955270442,-0.321478195832848,0.0291180230415193,0.795207234356591,NaN,NaN,NaN,NaN,NaN,NaN,NaN,NaN,NaN
NaN,NaN,-0.338154927963236,-0.381680358458349,-0.509109024108814,-0.484729151745948,-0.327505454765439,0.0198770306742517,0.779056443158576,NaN,NaN,NaN,NaN,NaN,NaN,NaN,NaN,NaN
NaN,NaN,-0.333859668249109,-0.381848834712097,-0.510400153846907,-0.480513799508723,-0.340601060883879,0.00920839530590456,0.771180155012795,NaN,NaN,NaN,NaN,NaN,NaN,NaN,NaN,NaN
NaN,NaN,-0.339213916236379,-0.374520797539541,-0.511674948187041,-0.48601704048148,-0.341810830281853,-0.00582549798127729,0.757336119446942,NaN,NaN,NaN,NaN,NaN,NaN,NaN,NaN,NaN
NaN,NaN,-0.337397911721685,-0.379530735570976,-0.504433524013924,-0.490646831264409,-0.354711231188655,-0.00952156337734777,0.74524239290137,NaN,NaN,NaN,NaN,NaN,NaN,NaN,NaN,NaN
NaN,NaN,-0.335862086290338,-0.375967011112759,-0.508947272004055,-0.492125957777413,-0.362447150395989,-0.0257967792713316,0.738038836304137,NaN,NaN,NaN,NaN,NaN,NaN,NaN,NaN,NaN
NaN,NaN,-0.339701798880318,-0.376068935055325,-0.502023726852106,-0.499356485476407,-0.366242383019805,-0.0334865980112227,0.720500989142844,NaN,NaN,NaN,NaN,NaN,NaN,NaN,NaN,NaN
NaN,NaN,-0.33222420992873,-0.37851514692981,-0.50153100133078,-0.497288669963988,-0.378404748039126,-0.0411946893000277,0.712666442874858,NaN,NaN,NaN,NaN,NaN,NaN,NaN,NaN,NaN
NaN,NaN,-0.334848155403355,-0.370765127498695,-0.50406326741116,-0.504050667902144,-0.3781816217767,-0.0544730767869623,0.698598815385291,NaN,NaN,NaN,NaN,NaN,NaN,NaN,NaN,NaN
NaN,NaN,-0.331641332382181,-0.377702381718943,-0.496177014113831,-0.511294401755246,-0.390105121182084,-0.0579130284750136,0.685599489394614,NaN,NaN,NaN,NaN,NaN,NaN,NaN,NaN,NaN
NaN,NaN,-0.32890734183214,-0.376041069883892,-0.500823326559233,-0.510574098249587,-0.396776520060181,-0.0730783872568281,0.676569516096303,NaN,NaN,NaN,NaN,NaN,NaN,NaN,NaN,NaN
NaN,NaN,-0.331882507676103,-0.376804363239595,-0.492663897724318,-0.519383534362229,-0.399091117428422,-0.0800907060765894,0.657826388511846,NaN,NaN,NaN,NaN,NaN,NaN,NaN,NaN,NaN
NaN,NaN,-0.322453425401667,-0.379991330463478,-0.492932845057415,-0.519923235794219,-0.410439692782044,-0.0866761625075014,0.648544939491937,NaN,NaN,NaN,NaN,NaN,NaN,NaN,NaN,NaN
NaN,NaN,-0.325669692033747,-0.374780990440437,-0.496032696367668,-0.527849070300969,-0.410706647084832,-0.099983756270376,0.634772597137877,NaN,NaN,NaN,NaN,NaN,NaN,NaN,NaN,NaN
NaN,NaN,-0.321919498169639,-0.38220834385235,-0.486477773786949,-0.533676709552916,-0.420583378867984,-0.1023412131035,0.621016217652747,NaN,NaN,NaN,NaN,NaN,NaN,NaN,NaN,NaN
NaN,NaN,-0.318829071843841,-0.382106270898172,-0.489341627956795,-0.532262011935624,-0.426094293938756,-0.114774090077844,0.611997233960816,NaN,NaN,NaN,NaN,NaN,NaN,NaN,NaN,NaN
NaN,NaN,-0.319872730547407,-0.382081516344139,-0.48095266536014,-0.541971236040505,-0.427843094216466,-0.121060424324241,0.594520537439773,NaN,NaN,NaN,NaN,NaN,NaN,NaN,NaN,NaN
NaN,NaN,-0.310630899989822,-0.38582900937278,-0.481565941275524,-0.545602183362159,-0.439052176074862,-0.125708524908987,0.584342597309539,NaN,NaN,NaN,NaN,NaN,NaN,NaN,NaN,NaN
NaN,NaN,-0.313615993732431,-0.382281899709293,-0.483573127688336,-0.551823436787041,-0.439703580336451,-0.138054919269052,0.572132343683431,NaN,NaN,NaN,NaN,NaN,NaN,NaN,NaN,NaN
NaN,NaN,-0.30987710612438,-0.389465209353754,-0.473999224753546,-0.557522888799819,-0.447248839186311,-0.140427314516273,0.556090293709228,NaN,NaN,NaN,NaN,NaN,NaN,NaN,NaN,NaN
NaN,NaN,-0.304679171318033,-0.389155637729952,-0.476776465923952,-0.556613321920546,-0.453274701135039,-0.150451940324274,0.547144977632949,NaN,NaN,NaN,NaN,NaN,NaN,NaN,NaN,NaN
NaN,NaN,-0.305235338533142,-0.388690367598125,-0.472585030050444,-0.568966086527022,-0.454477988527894,-0.156396609570947,0.528895320627877,NaN,NaN,NaN,NaN,NaN,NaN,NaN,NaN,NaN
NaN,NaN,-0.296950870329359,-0.395243712026665,-0.474299371392893,-0.571489002128753,-0.463940188633084,-0.159886312510935,0.515847640369126,NaN,NaN,NaN,NaN,NaN,NaN,NaN,NaN,NaN
NaN,NaN,-0.300173302316883,-0.39240358795602,-0.478692419977354,-0.57551928194395,-0.463914614515185,-0.172206965115038,0.502694329503963,NaN,NaN,NaN,NaN,NaN,NaN,NaN,NaN,NaN
NaN,NaN,-0.297068738514402,-0.400766995061228,-0.470896262825894,-0.581131748428258,-0.46841979433763,-0.172357615854708,0.484036920849273,NaN,NaN,NaN,NaN,NaN,NaN,NaN,NaN,NaN
NaN,NaN,-0.290643897974708,-0.401115551848003,-0.474769111873078,-0.581696744581374,-0.47408333455193,-0.179988928910461,0.475503286603877,NaN,NaN,NaN,NaN,NaN,NaN,NaN,NaN,NaN
NaN,NaN,-0.293533903682449,-0.400140438485929,-0.47285183534162,-0.591273646374854,-0.472997896717667,-0.185740646746126,0.4561907483973,NaN,NaN,NaN,NaN,NaN,NaN,NaN,NaN,NaN
NaN,NaN,-0.286929224753597,-0.408982787538359,-0.474085334838795,-0.591050408353719,-0.480916113005757,-0.186831244107452,0.442323280755469,NaN,NaN,NaN,NaN,NaN,NaN,NaN,NaN,NaN
NaN,NaN,-0.289668840491989,-0.404720254499504,-0.478863410802054,-0.59313960703245,-0.479730259971499,-0.198307690050569,0.429458996538112,NaN,NaN,NaN,NaN,NaN,NaN,NaN,NaN,NaN
NaN,NaN,-0.287966997498491,-0.410753678787538,-0.47162502274053,-0.599643796255502,-0.484510925011515,-0.197182447489467,0.411222936842629,NaN,NaN,NaN,NaN,NaN,NaN,NaN,NaN,NaN
NaN,NaN,-0.281677291864374,-0.410800859589169,-0.476259432883429,-0.598864502777966,-0.490248710261464,-0.20331220778462,0.403309209529349,NaN,NaN,NaN,NaN,NaN,NaN,NaN,NaN,NaN
NaN,NaN,-0.286162988418558,-0.408254158008882,-0.474978342802691,-0.606214630921992,-0.487520326273322,-0.208840724852053,0.384951258335301,NaN,NaN,NaN,NaN,NaN,NaN,NaN,NaN,NaN
NaN,NaN,-0.280086518401125,-0.415053930390665,-0.475428078473973,-0.605377763082894,-0.494957309560656,-0.206799135383335,0.372303208593318,NaN,NaN,NaN,NaN,NaN,NaN,NaN,NaN,NaN
NaN,NaN,-0.281408344531277,-0.409577474255154,-0.480622492880987,-0.60613472344509,-0.49388269369471,-0.216492880907026,0.362176900986621,NaN,NaN,NaN,NaN,NaN,NaN,NaN,NaN,NaN
NaN,NaN,-0.280311786705473,-0.41432232062895,-0.475016042740511,-0.613900724371585,-0.498652443634152,-0.213835631337133,0.344922939572522,NaN,NaN,NaN,NaN,NaN,NaN,NaN,NaN,NaN
NaN,NaN,-0.274104708010176,-0.414890054870436,-0.480860557557511,-0.61170690091482,-0.504070133315205,-0.22096771823999,0.338092917833516,NaN,NaN,NaN,NaN,NaN,NaN,NaN,NaN,NaN
NaN,NaN,-0.278221116537073,-0.411586411554405,-0.482965029926466,-0.618245809843453,-0.501311853872418,-0.226269402381149,0.322015365842769,NaN,NaN,NaN,NaN,NaN,NaN,NaN,NaN,NaN
NaN,NaN,-0.271665667319515,-0.416243098933288,-0.483727056683468,-0.617881103923234,-0.509377461271167,-0.225282405343023,0.309798928234765,NaN,NaN,NaN,NaN,NaN,NaN,NaN,NaN,NaN
NaN,NaN,-0.273225595379093,-0.408761468041727,-0.491562217624354,-0.616479668339404,-0.509327337490201,-0.233810451652971,0.301618768159339,NaN,NaN,NaN,NaN,NaN,NaN,NaN,NaN,NaN
NaN,NaN,-0.272470050627211,-0.411391373980829,-0.486753035487103,-0.622439387758883,-0.512801692234158,-0.233240463610855,0.285163732502648,NaN,NaN,NaN,NaN,NaN,NaN,NaN,NaN,NaN
NaN,NaN,-0.265094609135607,-0.410653878260443,-0.4929676020159,-0.618027302940997,-0.518194552855372,-0.240015853967634,0.28079419049997,NaN,NaN,NaN,NaN,NaN,NaN,NaN,NaN,NaN
NaN,NaN,-0.270954453522184,-0.405057616788933,-0.495917249621319,-0.622458926906499,-0.51620794867146,-0.247528684165445,0.266130032274911,NaN,NaN,NaN,NaN,NaN,NaN,NaN,NaN,NaN
NaN,NaN,-0.264343497479179,-0.408399295318911,-0.496048584730791,-0.620009697546872,-0.524645135151028,-0.247420147832599,0.254758397374341,NaN,NaN,NaN,NaN,NaN,NaN,NaN,NaN,NaN
NaN,NaN,-0.266143092090109,-0.400601163763592,-0.502502240390944,-0.617766905149134,-0.525916371838927,-0.258738138552872,0.248347340408751,NaN,NaN,NaN,NaN,NaN,NaN,NaN,NaN,NaN
NaN,NaN,-0.265919574672201,-0.402100034315178,-0.497800402493643,-0.622956160029086,-0.530461114244342,-0.261258595463005,0.232567215595433,NaN,NaN,NaN,NaN,NaN,NaN,NaN,NaN,NaN
NaN,NaN,-0.258811702156284,-0.400201142091343,-0.503543943317103,-0.617830048819693,-0.537394326524615,-0.268029925253359,0.22838533509154,NaN,NaN,NaN,NaN,NaN,NaN,NaN,NaN,NaN
NaN,NaN,-0.265912627005794,-0.392612204212734,-0.507250122876333,-0.622163064350995,-0.53751932864058,-0.278573353614775,0.214279895905444,NaN,NaN,NaN,NaN,NaN,NaN,NaN,NaN,NaN
NaN,NaN,-0.260973897898415,-0.394536912698337,-0.505414597840475,-0.619363285174283,-0.546536393808007,-0.278493427511421,0.204054029915521,NaN,NaN,NaN,NaN,NaN,NaN,NaN,NaN,NaN
NaN,NaN,-0.262341489219883,-0.38518920939047,-0.51168742790954,-0.616546220650586,-0.549237601803422,-0.29239358457562,0.197293168190906,NaN,NaN,NaN,NaN,NaN,NaN,NaN,NaN,NaN
NaN,NaN,-0.263563198173263,-0.385072440166065,-0.507667690665888,-0.62239365982047,-0.553606007592559,-0.295247305955854,0.182159772399852,NaN,NaN,NaN,NaN,NaN,NaN,NaN,NaN,NaN
NaN,NaN,-0.257455100441196,-0.382638652134725,-0.512356043012308,-0.61521934675208,-0.560969826178431,-0.30371591525909,0.175737818960139,NaN,NaN,NaN,NaN,NaN,NaN,NaN,NaN,NaN
NaN,NaN,-0.262461536699751,-0.37253670792658,-0.516129296423363,-0.618646446188601,-0.559478424833893,-0.314286761757103,0.161026368174741,NaN,NaN,NaN,NaN,NaN,NaN,NaN,NaN,NaN
NaN,NaN,-0.259052132392147,-0.373356513936111,-0.511471565963196,-0.615802075287017,-0.568019602792143,-0.316211973156896,0.150050470862576,NaN,NaN,NaN,NaN,NaN,NaN,NaN,NaN,NaN
NaN,NaN,-0.257591054910639,-0.365075174976179,-0.517211549134421,-0.613757356574448,-0.570051879035115,-0.330310613688198,0.14384203243632,NaN,NaN,NaN,NaN,NaN,NaN,NaN,NaN,NaN
NaN,NaN,-0.260971103930691,-0.363547861833164,-0.512315381468701,-0.616510401984366,-0.574514758186221,-0.335853771146503,0.129080904904792,NaN,NaN,NaN,NaN,NaN,NaN,NaN,NaN,NaN
NaN,NaN,-0.255493232184866,-0.362453203905413,-0.513581849785017,-0.609150588085564,-0.581323564396977,-0.343747251507011,0.122016860429236,NaN,NaN,NaN,NaN,NaN,NaN,NaN,NaN,NaN
NaN,NaN,-0.260231596553543,-0.35088869209964,-0.515949849189686,-0.608565847893866,-0.580972474412799,-0.354318470534054,0.111590406183192,NaN,NaN,NaN,NaN,NaN,NaN,NaN,NaN,NaN
NaN,NaN,-0.25827743964813,-0.352683369327375,-0.509774305076765,-0.607771150340947,-0.589105807589173,-0.35824501964089,0.102738110605666,NaN,NaN,NaN,NaN,NaN,NaN,NaN,NaN,NaN
NaN,NaN,-0.256419469738224,-0.346020669002125,-0.514222059549259,-0.603188316842231,-0.593131281779885,-0.372656193401781,0.0996841734983415,NaN,NaN,NaN,NaN,NaN,NaN,NaN,NaN,NaN
NaN,NaN,-0.261620124006489,-0.343853984285185,-0.508634999544787,-0.606097209771785,-0.596737586306214,-0.37944294589397,0.085406383756587,NaN,NaN,NaN,NaN,NaN,NaN,NaN,NaN,NaN
NaN,NaN,-0.255736214244583,-0.341202676553318,-0.507902458460497,-0.599389750083598,-0.604533668951869,-0.385787655439344,0.0807503483035059,NaN,NaN,NaN,NaN,NaN,NaN,NaN,NaN,NaN
NaN,NaN,-0.26124569507859,-0.329753853637764,-0.508788965792822,-0.598995558490666,-0.603877310054183,-0.39611302393314,0.0737237616219015,NaN,NaN,NaN,NaN,NaN,NaN,NaN,NaN,NaN
NaN,NaN,-0.259035890126446,-0.332097880799362,-0.501622941495346,-0.599148463030967,-0.612025060104012,-0.398146436389652,0.0662365055419893,NaN,NaN,NaN,NaN,NaN,NaN,NaN,NaN,NaN
NaN,NaN,-0.256619387442091,-0.325761571783611,-0.505529504419731,-0.594778026958617,-0.615190588282227,-0.410590284343925,0.0637638999857396,NaN,NaN,NaN,NaN,NaN,NaN,NaN,NaN,NaN
NaN,NaN,-0.261038941467026,-0.323267005641052,-0.498489413560795,-0.598077591081771,-0.616552703426957,-0.415902715947595,0.0502212590314836,NaN,NaN,NaN,NaN,NaN,NaN,NaN,NaN,NaN
NaN,NaN,-0.253634777987221,-0.321814757097551,-0.496723961235451,-0.592749606391105,-0.623282365845322,-0.418827366855112,0.0459573476352186,NaN,NaN,NaN,NaN,NaN,NaN,NaN,NaN,NaN
NaN,NaN,-0.259002939933756,-0.312271606434175,-0.497201655210423,-0.593402016481074,-0.62191497941482,-0.429474823948112,0.0387941173054666,NaN,NaN,NaN,NaN,NaN,NaN,NaN,NaN,NaN
NaN,NaN,-0.255583831244924,-0.316741824407169,-0.48909818023579,-0.595030434002789,-0.628844932066083,-0.431640670474735,0.0289661868252248,NaN,NaN,NaN,NaN,NaN,NaN,NaN,NaN,NaN
NaN,NaN,-0.251480423981169,-0.31143926482279,-0.491676546783613,-0.589862748553666,-0.632137585775733,-0.443462488081423,0.0246113410927743,NaN,NaN,NaN,NaN,NaN,NaN,NaN,NaN,NaN
NaN,NaN,-0.254288696819761,-0.309795741248915,-0.484043501467871,-0.5939072217249,-0.632284921007037,-0.447678734388319,0.010303935293147,NaN,NaN,NaN,NaN,NaN,NaN,NaN,NaN,NaN
NaN,NaN,-0.24815683173559,-0.311518967408726,-0.481483407468962,-0.589436724355134,-0.640520401643395,-0.449583773341146,0.00562938514728255,NaN,NaN,NaN,NaN,NaN,NaN,NaN,NaN,NaN
NaN,NaN,-0.25261939423702,-0.305277001369783,-0.481270190478729,-0.591237064024123,-0.639695510612607,-0.460463725801674,-0.00186005022745424,NaN,NaN,NaN,NaN,NaN,NaN,NaN,NaN,NaN
NaN,NaN,-0.249196727895954,-0.309834838170597,-0.471925933064388,-0.593582525422486,-0.645921942191004,-0.461384040143457,-0.0144924537501841,NaN,NaN,NaN,NaN,NaN,NaN,NaN,NaN,NaN
NaN,NaN,-0.245201819712141,-0.305391758937427,-0.4724109844877,-0.589647482653769,-0.65118076686728,-0.472570285972324,-0.0202238873801737,NaN,NaN,NaN,NaN,NaN,NaN,NaN,NaN,NaN
NaN,NaN,-0.248989136094072,-0.303299952555487,-0.465755939634012,-0.595329854210528,-0.650283940480828,-0.475866683598724,-0.0343072355948,NaN,NaN,NaN,NaN,NaN,NaN,NaN,NaN,NaN
NaN,NaN,-0.243454248780229,-0.3060866373368,-0.460813541115689,-0.59409918593398,-0.658922013239741,-0.477241241213051,-0.0413386465273409,NaN,NaN,NaN,NaN,NaN,NaN,NaN,NaN,NaN
NaN,NaN,-0.244608399594047,-0.298432432372162,-0.460255939663815,-0.595949761142644,-0.657211508946299,-0.487019755717483,-0.0499687099121123,NaN,NaN,NaN,NaN,NaN,NaN,NaN,NaN,NaN
NaN,NaN,-0.240794819915512,-0.300854876894543,-0.450192533583807,-0.600207712074431,-0.662194066094041,-0.487599466767278,-0.0649941467903166,NaN,NaN,NaN,NaN,NaN,NaN,NaN,NaN,NaN
NaN,NaN,-0.233560417914608,-0.297776725400278,-0.449286990018057,-0.595492332746896,-0.666592069314599,-0.496463087227312,-0.0706324109099417,NaN,NaN,NaN,NaN,NaN,NaN,NaN,NaN,NaN
NaN,NaN,-0.237398584509113,-0.295672495175192,-0.442546505631375,-0.601065255274686,-0.664081707941174,-0.499580633666483,-0.0855106243155509,NaN,NaN,NaN,NaN,NaN,NaN,NaN,NaN,NaN
NaN,NaN,-0.228659668141821,-0.299083166081497,-0.437244728357958,-0.599958732297334,-0.670926668094277,-0.499264207508531,-0.0940364540777712,NaN,NaN,NaN,NaN,NaN,NaN,NaN,NaN,NaN
NaN,NaN,-0.226185218566873,-0.292092398066112,-0.437559589893984,-0.600853956808957,-0.668541029440045,-0.510101337757078,-0.103908138092568,NaN,NaN,NaN,NaN,NaN,NaN,NaN,NaN,NaN
NaN,NaN,-0.222295754724958,-0.296639431525061,-0.427364159525799,-0.60441837044588,-0.672495350586056,-0.511560068305698,-0.120138631876519,NaN,NaN,NaN,NaN,NaN,NaN,NaN,NaN,NaN
NaN,NaN,-0.214859274351814,-0.295188281942198,-0.427931074203419,-0.600653852840575,-0.676748421387553,-0.520815142270294,-0.126813532527497,NaN,NaN,NaN,NaN,NaN,NaN,NaN,NaN,NaN
NaN,NaN,-0.219049089724043,-0.293892365206072,-0.4213018456115,-0.60606956811777,-0.673430081801295,-0.527308919306961,-0.141521593298724,NaN,NaN,NaN,NaN,NaN,NaN,NaN,NaN,NaN
NaN,NaN,-0.208728582734087,-0.29605191599209,-0.415116410852837,-0.603782947679671,-0.679665528582215,-0.527819470342365,-0.150156890716365,NaN,NaN,NaN,NaN,NaN,NaN,NaN,NaN,NaN
NaN,NaN,-0.206206430816868,-0.288696479309389,-0.415122538955378,-0.602443798949632,-0.676641244785666,-0.538869817581144,-0.158630007620862,NaN,NaN,NaN,NaN,NaN,NaN,NaN,NaN,NaN
NaN,NaN,-0.20363599913738,-0.293486830104181,-0.404710855485367,-0.606453682800444,-0.678237680690169,-0.539149829026428,-0.171485947187951,NaN,NaN,NaN,NaN,NaN,NaN,NaN,NaN,NaN
NaN,NaN,-0.197858465039947,-0.291924406100103,-0.404911257476973,-0.601631667038115,-0.681300018327117,-0.545857847508159,-0.175493260588458,NaN,NaN,NaN,NaN,NaN,NaN,NaN,NaN,NaN
NaN,NaN,-0.200679366612652,-0.28792774702985,-0.399222739191221,-0.607016518285188,-0.676586222247958,-0.55262452068564,-0.187932619567922,NaN,NaN,NaN,NaN,NaN,NaN,NaN,NaN,NaN
NaN,NaN,-0.191343528354385,-0.291310757655689,-0.391712535323071,-0.604527316560658,-0.682367090480208,-0.551815685656038,-0.196423003192952,NaN,NaN,NaN,NaN,NaN,NaN,NaN,NaN,NaN
NaN,NaN,-0.188565076464632,-0.285314362753221,-0.393755912931132,-0.602636973878058,-0.679093044595599,-0.562698432084289,-0.20218936141949,NaN,NaN,NaN,NaN,NaN,NaN,NaN,NaN,NaN
NaN,NaN,-0.187256940776327,-0.289464075375387,-0.386401705594229,-0.607589859088572,-0.679210167722582,-0.562087447222439,-0.214148325588515,NaN,NaN,NaN,NaN,NaN,NaN,NaN,NaN,NaN
NaN,NaN,-0.180825245702484,-0.288703650493214,-0.387384697945284,-0.602792243977698,-0.681571647869229,-0.567200166013208,-0.217306477691939,NaN,NaN,NaN,NaN,NaN,NaN,NaN,NaN,NaN
NaN,NaN,-0.182803989523867,-0.282836206514427,-0.384818084688353,-0.605465419163617,-0.675655197696566,-0.572949183013407,-0.228776814158967,NaN,NaN,NaN,NaN,NaN,NaN,NaN,NaN,NaN
NaN,NaN,-0.173637894118049,-0.288483038801739,-0.376986928434538,-0.604119266887816,-0.680157788442254,-0.571710319098202,-0.23619330834966,NaN,NaN,NaN,NaN,NaN,NaN,NaN,NaN,NaN
NaN,NaN,-0.1708413931968,-0.282968212176153,-0.382184900493788,-0.599408953955087,-0.677030668007016,-0.580986031171051,-0.241156978275588,NaN,NaN,NaN,NaN,NaN,NaN,NaN,NaN,NaN
NaN,NaN,-0.171138689989069,-0.284979328770229,-0.376578897388148,-0.605141412039908,-0.674171209679722,-0.580118392434088,-0.25258892562609,NaN,NaN,NaN,NaN,NaN,NaN,NaN,NaN,NaN
NaN,NaN,-0.164032009566048,-0.283271339047739,-0.378440760226416,-0.597449861040028,-0.678143244581103,-0.584807042803732,-0.256105487909129,NaN,NaN,NaN,NaN,NaN,NaN,NaN,NaN,NaN
NaN,NaN,-0.165995740467527,-0.277280010540077,-0.375126592965292,-0.597774035801801,-0.672192484484791,-0.591130052533117,-0.267411799844316,NaN,NaN,NaN,NaN,NaN,NaN,NaN,NaN,NaN
NaN,NaN,-0.15683389189265,-0.281638413924763,-0.36811663970487,-0.594820811917695,-0.677716568456769,-0.588693712677923,-0.274791339155248,NaN,NaN,NaN,NaN,NaN,NaN,NaN,NaN,NaN
NaN,NaN,-0.154773266190508,-0.275113437581846,-0.374424580634999,-0.590347222556981,-0.674819577829718,-0.597239808019367,-0.278730125840714,NaN,NaN,NaN,NaN,NaN,NaN,NaN,NaN,NaN
NaN,NaN,-0.155903407508352,-0.274553265679666,-0.368348874302077,-0.593136515041503,-0.672277272091984,-0.596113354738918,-0.288825625296643,NaN,NaN,NaN,NaN,NaN,NaN,NaN,NaN,NaN
NaN,NaN,-0.146714010411718,-0.273284692574331,-0.369269859196114,-0.583322759290847,-0.676382709638953,-0.598117765810457,-0.29283755805712,NaN,NaN,NaN,NaN,NaN,NaN,NaN,NaN,NaN
NaN,NaN,-0.147422877276161,-0.266216215003321,-0.367202341706919,-0.58233674945465,-0.672115389602065,-0.601440333601204,-0.302192320790103,NaN,NaN,NaN,NaN,NaN,NaN,NaN,NaN,NaN
NaN,NaN,-0.138236721182087,-0.269392434764692,-0.361530754865574,-0.579936638047608,-0.675700366841435,-0.597293172802893,-0.308849805708936,NaN,NaN,NaN,NaN,NaN,NaN,NaN,NaN,NaN
NaN,NaN,-0.135201783055284,-0.260934312153646,-0.368659041972326,-0.575322959145221,-0.674339834945082,-0.605431591000524,-0.311594972129872,NaN,NaN,NaN,NaN,NaN,NaN,NaN,NaN,NaN
NaN,NaN,-0.135937546515682,-0.257548433054277,-0.363276463152336,-0.57573248030773,-0.671716411011099,-0.605594181295601,-0.323488985862544,NaN,NaN,NaN,NaN,NaN,NaN,NaN,NaN,NaN
NaN,NaN,-0.125642911666849,-0.25549274336178,-0.363736890406775,-0.565714895298394,-0.6768232810961,-0.606388841595617,-0.328551469113639,NaN,NaN,NaN,NaN,NaN,NaN,NaN,NaN,NaN
NaN,NaN,-0.124870323711851,-0.246005565185139,-0.363931480945515,-0.563779849132212,-0.673156664119839,-0.611208938833443,-0.334950623776725,NaN,NaN,NaN,NaN,NaN,NaN,NaN,NaN,NaN
NaN,NaN,-0.11862887921355,-0.246888105083296,-0.357812952400612,-0.561434257348689,-0.674990885304093,-0.606901646431652,-0.342019753273538,NaN,NaN,NaN,NaN,NaN,NaN,NaN,NaN,NaN
NaN,NaN,-0.11667213323138,-0.237656817097256,-0.364119924755263,-0.553622845133456,-0.673663936899781,-0.615058895971742,-0.342514266934207,NaN,NaN,NaN,NaN,NaN,NaN,NaN,NaN,NaN
NaN,NaN,-0.117528931373575,-0.232276696968862,-0.356934137792753,-0.552346188148173,-0.669750333176732,-0.615787693139282,-0.354548202570489,NaN,NaN,NaN,NaN,NaN,NaN,NaN,NaN,NaN
NaN,NaN,-0.107441851073721,-0.229598474014589,-0.356410063953566,-0.541498217304858,-0.675371703104853,-0.615950935360161,-0.356779390688947,NaN,NaN,NaN,NaN,NaN,NaN,NaN,NaN,NaN
NaN,NaN,-0.109145854735592,-0.219392780471632,-0.354276850969958,-0.537968392988356,-0.671275150375247,-0.622753483083216,-0.361477689560464,NaN,NaN,NaN,NaN,NaN,NaN,NaN,NaN,NaN
NaN,NaN,-0.105283827656725,-0.219449311751911,-0.347626462729143,-0.535694568922433,-0.674893692480206,-0.619926937695709,-0.366262415166905,NaN,NaN,NaN,NaN,NaN,NaN,NaN,NaN,NaN
NaN,NaN,-0.102337421053865,-0.20938199411709,-0.351861540378498,-0.525738078673991,-0.674652405427575,-0.628484749075142,-0.365804036822131,NaN,NaN,NaN,NaN,NaN,NaN,NaN,NaN,NaN
NaN,NaN,-0.103837669962862,-0.202655069787094,-0.34307000428574,-0.525086879303368,-0.671230744914889,-0.630175788726774,-0.375101225193551,NaN,NaN,NaN,NaN,NaN,NaN,NaN,NaN,NaN
NaN,NaN,-0.0935700993480471,-0.199356697756836,-0.340448666514324,-0.514335654249104,-0.677432421939254,-0.630797521051136,-0.374445443715861,NaN,NaN,NaN,NaN,NaN,NaN,NaN,NaN,NaN
NaN,NaN,-0.0974004055800227,-0.188155588019678,-0.338592391611504,-0.511136039664658,-0.672172107146859,-0.638186150070396,-0.376715058203748,NaN,NaN,NaN,NaN,NaN,NaN,NaN,NaN,NaN
NaN,NaN,-0.095380869829872,-0.188336935151407,-0.331040501744913,-0.508954565545234,-0.675645977603078,-0.636334904309479,-0.381317840632012,NaN,NaN,NaN,NaN,NaN,NaN,NaN,NaN,NaN
NaN,NaN,-0.0912635113539485,-0.178266451019833,-0.334207631797957,-0.498164746483477,-0.675408210949778,-0.644426309343544,-0.380877939727119,NaN,NaN,NaN,NaN,NaN,NaN,NaN,NaN,NaN
NaN,NaN,-0.0926952521743563,-0.170820154506752,-0.326592393369841,-0.497173632999572,-0.671158455656647,-0.64709508868691,-0.389307060953191,NaN,NaN,NaN,NaN,NaN,NaN,NaN,NaN,NaN
NaN,NaN,-0.0828377987684992,-0.168781694281885,-0.321760691852736,-0.487359318455371,-0.676166456537127,-0.646486469384399,-0.38920757707577,NaN,NaN,NaN,NaN,NaN,NaN,NaN,NaN,NaN
NaN,NaN,-0.0865543160083083,-0.157669786620924,-0.320656106026339,-0.483529123982104,-0.671122730122685,-0.654781983073917,-0.390693651255181,NaN,NaN,NaN,NaN,NaN,NaN,NaN,NaN,NaN
NaN,NaN,-0.0838882933797625,-0.158196356404612,-0.311238441766667,-0.479318093081626,-0.672626592563271,-0.65419001581904,-0.396951282139829,NaN,NaN,NaN,NaN,NaN,NaN,NaN,NaN,NaN
NaN,NaN,-0.0770052607598094,-0.149336237717459,-0.312913462670016,-0.467764179726752,-0.672384988860965,-0.661161449577776,-0.395230533298066,NaN,NaN,NaN,NaN,NaN,NaN,NaN,NaN,NaN
NaN,NaN,-0.0784112039449004,-0.142055381346533,-0.305067163111138,-0.465947094877871,-0.666792303668141,-0.663042832937208,-0.402668336149266,NaN,NaN,NaN,NaN,NaN,NaN,NaN,NaN,NaN
NaN,NaN,-0.0709708306433943,-0.141248315829823,-0.296628784538674,-0.458449556996735,-0.671651833103776,-0.662407130774227,-0.401825265701821,NaN,NaN,NaN,NaN,NaN,NaN,NaN,NaN,NaN
NaN,NaN,-0.0740410100164202,-0.131904952485153,-0.295729778857397,-0.45396259384385,-0.667190853850722,-0.67131567823526,-0.402389498170426,NaN,NaN,NaN,NaN,NaN,NaN,NaN,NaN,NaN
NaN,NaN,-0.0715529258789805,-0.131355639804193,-0.285420708508658,-0.451049193313035,-0.670174941764951,-0.671144035484758,-0.409443186338952,NaN,NaN,NaN,NaN,NaN,NaN,NaN,NaN,NaN
NaN,NaN,-0.0643226775767592,-0.124403782445976,-0.286399807931351,-0.439581688066634,-0.6708464439677,-0.677741040315595,-0.40718597706776,NaN,NaN,NaN,NaN,NaN,NaN,NaN,NaN,NaN
NaN,NaN,-0.0670064139606742,-0.116409104574511,-0.277148720027374,-0.440751466473254,-0.666296989070058,-0.679720287051168,-0.413778120394757,NaN,NaN,NaN,NaN,NaN,NaN,NaN,NaN,NaN
NaN,NaN,-0.060520683551052,-0.116535466421434,-0.268637865932154,-0.434972162862929,-0.671322889970422,-0.678516049709287,-0.411908471699765,NaN,NaN,NaN,NaN,NaN,NaN,NaN,NaN,NaN
NaN,NaN,-0.0619540262462882,-0.107873030263969,-0.266599051804709,-0.430483933111342,-0.666264541791558,-0.686765630569425,-0.412784101184419,NaN,NaN,NaN,NaN,NaN,NaN,NaN,NaN,NaN
NaN,NaN,-0.0570216301324156,-0.105916153896639,-0.254452482016253,-0.428668058981808,-0.667480122642398,-0.683788415815798,-0.419559919949582,NaN,NaN,NaN,NaN,NaN,NaN,NaN,NaN,NaN
NaN,NaN,-0.0471682559194354,-0.100092444825956,-0.254746221156286,-0.419202543368253,-0.666990656750083,-0.68778056728479,-0.417067719366363,NaN,NaN,NaN,NaN,NaN,NaN,NaN,NaN,NaN
NaN,NaN,-0.0497109341861991,-0.0913965741880626,-0.244976125807928,-0.422297272404345,-0.660992864863753,-0.690879487272468,-0.424362303432038,NaN,NaN,NaN,NaN,NaN,NaN,NaN,NaN,NaN
NaN,NaN,-0.0413678485395697,-0.0930400232561321,-0.236463837475943,-0.415089971890363,-0.664628580556988,-0.690056160863605,-0.425806356336883,NaN,NaN,NaN,NaN,NaN,NaN,NaN,NaN,NaN
NaN,NaN,-0.0396420705559043,-0.0854828434773177,-0.233523316831755,-0.40957218365899,-0.660348240630507,-0.698742420252529,-0.428610903885177,NaN,NaN,NaN,NaN,NaN,NaN,NaN,NaN,NaN
NaN,NaN,-0.034223505431631,-0.0852527322955818,-0.221709434093403,-0.408915061076793,-0.659466743813634,-0.695519876506296,-0.436634378250649,NaN,NaN,NaN,NaN,NaN,NaN,NaN,NaN,NaN
NaN,NaN,-0.0236917558553008,-0.0809047969766349,-0.219535112531351,-0.400924983938845,-0.658334516333222,-0.699841716166702,-0.434957718219569,NaN,NaN,NaN,NaN,NaN,NaN,NaN,NaN,NaN
NaN,NaN,-0.0266149352731494,-0.0732127430625648,-0.21112759798901,-0.402137733569058,-0.651279412554383,-0.704630241569248,-0.442679593082479,NaN,NaN,NaN,NaN,NaN,NaN,NaN,NaN,NaN
NaN,NaN,-0.0188587504865912,-0.0769701081104965,-0.200047262163328,-0.393661021759423,-0.654114265339255,-0.70282766672608,-0.446042896922639,NaN,NaN,NaN,NaN,NaN,NaN,NaN,NaN,NaN
NaN,NaN,-0.0154530342163828,-0.0683773162551612,-0.197526022942232,-0.388100709339293,-0.649173915730595,-0.709872600462404,-0.448313051577619,NaN,NaN,NaN,NaN,NaN,NaN,NaN,NaN,NaN
NaN,NaN,-0.0116662021221903,-0.0697406048663348,-0.186204083414244,-0.390794056972178,-0.647211898462653,-0.705816057350603,-0.457152606662324,NaN,NaN,NaN,NaN,NaN,NaN,NaN,NaN,NaN
NaN,NaN,-0.0015131841840533,-0.0660766514726371,-0.183479350210594,-0.384007863273534,-0.644715395169139,-0.70932086634275,-0.457009965296796,NaN,NaN,NaN,NaN,NaN,NaN,NaN,NaN,NaN
NaN,NaN,-0.00450116502664363,-0.0579448084123821,-0.17569662273066,-0.38292877705923,-0.637820516126036,-0.714250934150186,-0.465570365752986,NaN,NaN,NaN,NaN,NaN,NaN,NaN,NaN,NaN
NaN,NaN,0.00433283937551701,-0.0600405636020393,-0.162458785028624,-0.376274067481669,-0.638811834500909,-0.71003580543038,-0.472563089545777,NaN,NaN,NaN,NaN,NaN,NaN,NaN,NaN,NaN
NaN,NaN,0.00949279484727109,-0.0518515187092513,-0.161348238737749,-0.370419885536345,-0.632539116190552,-0.714577735241619,-0.473685333248189,NaN,NaN,NaN,NaN,NaN,NaN,NaN,NaN,NaN
NaN,NaN,0.0130594250319215,-0.0520617368407935,-0.150390707106756,-0.373372047712716,-0.626671318309188,-0.710629542198149,-0.483732627447656,NaN,NaN,NaN,NaN,NaN,NaN,NaN,NaN,NaN
NaN,NaN,0.0231770340857717,-0.0502648989446849,-0.149123195709156,-0.364569484760674,-0.623533636675954,-0.711325072523323,-0.485425883647016,NaN,NaN,NaN,NaN,NaN,NaN,NaN,NaN,NaN
NaN,NaN,0.0212120738384935,-0.0419129098542423,-0.141121290774511,-0.362457226534995,-0.614873808221698,-0.714149215098587,-0.494803575541785,NaN,NaN,NaN,NaN,NaN,NaN,NaN,NaN,NaN
NaN,NaN,0.0296740707514497,-0.045400023717472,-0.128427885623144,-0.357020053585681,-0.615492094652533,-0.708031543370453,-0.502355800684503,NaN,NaN,NaN,NaN,NaN,NaN,NaN,NaN,NaN
NaN,NaN,0.03620683295109,-0.0393839034028739,-0.12991502151029,-0.351099300702723,-0.60832921822536,-0.712540560241905,-0.503140682097486,NaN,NaN,NaN,NaN,NaN,NaN,NaN,NaN,NaN
NaN,NaN,0.0375063445923539,-0.0402788857706279,-0.120157387257981,-0.352968073954495,-0.600747246639609,-0.709594991829363,-0.514652890827468,NaN,NaN,NaN,NaN,NaN,NaN,NaN,NaN,NaN
NaN,NaN,0.0472303580997201,-0.039468392986843,-0.118838112951683,-0.342282935550126,-0.599091485487103,-0.709854458298651,-0.516535727050117,NaN,NaN,NaN,NaN,NaN,NaN,NaN,NaN,NaN
NaN,NaN,0.0444215637204858,-0.0303316714950294,-0.110471706987785,-0.340416993518981,-0.589656666265607,-0.711814761933056,-0.524466981854251,NaN,NaN,NaN,NaN,NaN,NaN,NaN,NaN,NaN
NaN,NaN,0.0512296062467309,-0.0340908433087558,-0.0996388608230821,-0.336096010675343,-0.588622898207783,-0.704406128104893,-0.529936490323356,NaN,NaN,NaN,NaN,NaN,NaN,NaN,NaN,NaN
NaN,NaN,0.0568724338469716,-0.0288500117846221,-0.101891320349144,-0.329579583873662,-0.581025522546649,-0.707775876697269,-0.528864705678037,NaN,NaN,NaN,NaN,NaN,NaN,NaN,NaN,NaN
NaN,NaN,0.0546096366403314,-0.0285419116504878,-0.0936036111428014,-0.330047349949988,-0.573383424775481,-0.705181305136648,-0.538393290456346,NaN,NaN,NaN,NaN,NaN,NaN,NaN,NaN,NaN
NaN,NaN,0.0637703676281186,-0.0268715659864635,-0.090985309482979,-0.320003836920174,-0.572009966121793,-0.702859964992967,-0.539686115201524,NaN,NaN,NaN,NaN,NaN,NaN,NaN,NaN,NaN
NaN,NaN,0.060251402532837,-0.0174277501888961,-0.0861592145277731,-0.318389333357724,-0.562463574455857,-0.705085285779205,-0.544131727632096,NaN,NaN,NaN,NaN,NaN,NaN,NaN,NaN,NaN
NaN,NaN,0.0676110301671239,-0.0214225838669033,-0.0778112487508527,-0.313825834115657,-0.560375977651953,-0.696603991862503,-0.548931019123605,NaN,NaN,NaN,NaN,NaN,NaN,NaN,NaN,NaN
NaN,NaN,0.0723858465013715,-0.0160867760666103,-0.080587465466427,-0.306056480427893,-0.553822465585351,-0.701697003867594,-0.547955738123467,NaN,NaN,NaN,NaN,NaN,NaN,NaN,NaN,NaN
NaN,NaN,0.0708364610133382,-0.0127992632575721,-0.0741962270452253,-0.305360149165305,-0.543803409086346,-0.699366797533003,-0.55655661385875,NaN,NaN,NaN,NaN,NaN,NaN,NaN,NaN,NaN
NaN,NaN,0.0791989181695195,-0.0113681743629665,-0.0711550304307214,-0.295459519644889,-0.542476851837516,-0.695787650372949,-0.557015122588685,NaN,NaN,NaN,NaN,NaN,NaN,NaN,NaN,NaN
NaN,NaN,0.0773600589988443,-0.0020733515508861,-0.06934442758696,-0.291138592680606,-0.532290362166047,-0.698078592147795,-0.55936622780185,NaN,NaN,NaN,NaN,NaN,NaN,NaN,NaN,NaN
NaN,NaN,0.0835644741115781,-0.0078157375343532,-0.0627326706065408,-0.286378733386906,-0.530547913508296,-0.692466460939613,-0.56541757073622,NaN,NaN,NaN,NaN,NaN,NaN,NaN,NaN,NaN
NaN,NaN,0.0860174846408578,-0.00125462587554163,-0.0661905595673791,-0.277503918429526,-0.524696041242957,-0.698371213700739,-0.564303019758275,NaN,NaN,NaN,NaN,NaN,NaN,NaN,NaN,NaN
NaN,NaN,0.083471472239277,0.00215347458045774,-0.0605670289708845,-0.27510924594632,-0.514713492588877,-0.696356911983457,-0.572214921679309,NaN,NaN,NaN,NaN,NaN,NaN,NaN,NaN,NaN
NaN,NaN,0.0915194776413652,0.00365083638947301,-0.057580519617962,-0.264220110645207,-0.515712745832085,-0.69291351440188,-0.571806965138724,NaN,NaN,NaN,NaN,NaN,NaN,NaN,NaN,NaN
NaN,NaN,0.0891479950902673,0.0137853023819237,-0.0562040993584863,-0.257895871570023,-0.505350441084981,-0.696336217995849,-0.574135290201714,NaN,NaN,NaN,NaN,NaN,NaN,NaN,NaN,NaN
NaN,NaN,0.0925937023518296,0.0101367716900616,-0.0481881687058679,-0.253447427918824,-0.504606742756247,-0.69127105253574,-0.579921057190707,NaN,NaN,NaN,NaN,NaN,NaN,NaN,NaN,NaN
NaN,NaN,0.0947890904305192,0.0178286579660683,-0.0512377099706403,-0.242404046972903,-0.498448893772244,-0.695680604156223,-0.57907109495621,NaN,NaN,NaN,NaN,NaN,NaN,NaN,NaN,NaN
NaN,NaN,0.0907285985110017,0.0238971931151658,-0.0452822560085527,-0.240420646538647,-0.489358105109811,-0.692101326611009,-0.58500935670357,NaN,NaN,NaN,NaN,NaN,NaN,NaN,NaN,NaN
NaN,NaN,0.0986769710240575,0.0251798850707322,-0.0406412707282773,-0.229808337559613,-0.49137974564898,-0.687419642534223,-0.584794928993991,NaN,NaN,NaN,NaN,NaN,NaN,NaN,NaN,NaN
NaN,NaN,0.0954368252811643,0.0352387649230271,-0.0405716823055021,-0.222454316487225,-0.481982142077565,-0.692420062448946,-0.587280442681125,NaN,NaN,NaN,NaN,NaN,NaN,NaN,NaN,NaN
NaN,NaN,0.0965584170577737,0.0334772427789479,-0.0324178414060346,-0.219394716938647,-0.481119923637986,-0.687947497543064,-0.593619731929114,NaN,NaN,NaN,NaN,NaN,NaN,NaN,NaN,NaN
NaN,NaN,0.100571486031792,0.0405910385064393,-0.0370119252814523,-0.206976312717112,-0.477285500960231,-0.690307562079397,-0.592858040448239,NaN,NaN,NaN,NaN,NaN,NaN,NaN,NaN,NaN
NaN,NaN,0.0952900302169534,0.0472938415817528,-0.0318817907585374,-0.205972365608128,-0.468905292795777,-0.688635893937317,-0.598737628873399,NaN,NaN,NaN,NaN,NaN,NaN,NaN,NaN,NaN
NaN,NaN,0.102530225044272,0.0478768867663651,-0.0264822618676893,-0.195371195247086,-0.469588436530709,-0.684464313861099,-0.599752323444894,NaN,NaN,NaN,NaN,NaN,NaN,NaN,NaN,NaN
NaN,NaN,0.09804231194236,0.0569632609597951,-0.0273220354332201,-0.186121094545039,-0.460050780670523,-0.689734612431494,-0.601206918921283,NaN,NaN,NaN,NaN,NaN,NaN,NaN,NaN,NaN
NaN,NaN,0.0980215248224946,0.0557179895452767,-0.0193655790402166,-0.181724600067052,-0.458113443450808,-0.684819650676218,-0.607557868327907,NaN,NaN,NaN,NaN,NaN,NaN,NaN,NaN,NaN
NaN,NaN,0.101033254390738,0.0613751967660695,-0.0234570467485658,-0.170741829594287,-0.455241766171336,-0.686872136619058,-0.60551478874307,NaN,NaN,NaN,NaN,NaN,NaN,NaN,NaN,NaN
NaN,NaN,0.0946424443779203,0.0678878982774525,-0.0185420477403871,-0.169077798297318,-0.447887838231206,-0.687206369664636,-0.610946876671126,NaN,NaN,NaN,NaN,NaN,NaN,NaN,NaN,NaN
NaN,NaN,0.0988705929873201,0.0660503057054787,-0.0121832007183305,-0.158987626006516,-0.448323957966447,-0.683011934932438,-0.611917519684842,NaN,NaN,NaN,NaN,NaN,NaN,NaN,NaN,NaN
NaN,NaN,0.0931488078592035,0.0759689283780366,-0.0142498986436597,-0.150390028526696,-0.44042375345695,-0.686969683345524,-0.611209826286843,NaN,NaN,NaN,NaN,NaN,NaN,NaN,NaN,NaN
NaN,NaN,0.092692273533127,0.0740052533559113,-0.00522808373110213,-0.146536364724549,-0.438280221419215,-0.68092491554853,-0.616169007237962,NaN,NaN,NaN,NaN,NaN,NaN,NaN,NaN,NaN
NaN,NaN,0.0955405373630735,0.0808530633560925,-0.00752751916782776,-0.136784709563168,-0.436198417441725,-0.680928231056896,-0.610487268980554,NaN,NaN,NaN,NaN,NaN,NaN,NaN,NaN,NaN
NaN,NaN,0.0893494029102537,0.0865000260285645,-0.000887449981140286,-0.134500026276025,-0.426490329550385,-0.680782888855902,-0.614156046625188,NaN,NaN,NaN,NaN,NaN,NaN,NaN,NaN,NaN
NaN,NaN,0.0923651371655675,0.0839638670198231,0.0039956419156321,-0.125120732506427,-0.428121652798533,-0.675538555558887,-0.614594382908156,NaN,NaN,NaN,NaN,NaN,NaN,NaN,NaN,NaN
NaN,NaN,0.088143582319996,0.0921258663050442,0.00262965246899208,-0.119463786055955,-0.420480542229294,-0.678138603296247,-0.612159682180694,NaN,NaN,NaN,NaN,NaN,NaN,NaN,NaN,NaN
NaN,NaN,0.0861256670711252,0.0907299068979531,0.0103698930130728,-0.11845445590249,-0.417535644369006,-0.671810862448183,-0.617775166150144,NaN,NaN,NaN,NaN,NaN,NaN,NaN,NaN,NaN
NaN,NaN,0.0889032993970128,0.0937361602894574,0.0099899320290812,-0.108214564194592,-0.415162355052113,-0.671380349274841,-0.612631527449897,NaN,NaN,NaN,NaN,NaN,NaN,NaN,NaN,NaN
NaN,NaN,0.0817950543520662,0.0991731469742566,0.015247378347946,-0.106670859774264,-0.405428450899005,-0.67174043583509,-0.616571971889546,NaN,NaN,NaN,NaN,NaN,NaN,NaN,NaN,NaN
NaN,NaN,0.085601686364195,0.094382516782692,0.0218444018052348,-0.0976071725987519,-0.405919500039696,-0.665063579406706,-0.617371009405663,NaN,NaN,NaN,NaN,NaN,NaN,NaN,NaN,NaN
NaN,NaN,0.0827907499430391,0.102124992500952,0.0210436134026774,-0.0910419072412575,-0.398263153033137,-0.668973644103971,-0.616506034251264,NaN,NaN,NaN,NaN,NaN,NaN,NaN,NaN,NaN
NaN,NaN,0.0794807736335012,0.10074313331764,0.0307135915742644,-0.0906676273249711,-0.393266775058388,-0.660892129715648,-0.62168673958998,NaN,NaN,NaN,NaN,NaN,NaN,NaN,NaN,NaN
NaN,NaN,0.0826263342557165,0.101847178976944,0.0310868842886218,-0.0802041436933602,-0.391312860296845,-0.660136584963766,-0.617212982591203,NaN,NaN,NaN,NaN,NaN,NaN,NaN,NaN,NaN
NaN,NaN,0.0750477526841375,0.10450671960037,0.0358609555648097,-0.0781345400415982,-0.383479468868851,-0.660160799350706,-0.620388792570642,NaN,NaN,NaN,NaN,NaN,NaN,NaN,NaN,NaN
NaN,NaN,0.0782466035840722,0.0992917602173596,0.0439695155606993,-0.0730799544059361,-0.383748099552273,-0.653250814255443,-0.622376030053905,NaN,NaN,NaN,NaN,NaN,NaN,NaN,NaN,NaN
NaN,NaN,0.0762185927984926,0.106065772216728,0.0423348768041857,-0.0659264843367661,-0.377780203120589,-0.657064915474621,-0.622674872841647,NaN,NaN,NaN,NaN,NaN,NaN,NaN,NaN,NaN
NaN,NaN,0.0722322527823659,0.104428358118942,0.0530278941975363,-0.068261570801648,-0.371491819964528,-0.649801120933262,-0.628696301694921,NaN,NaN,NaN,NaN,NaN,NaN,NaN,NaN,NaN
NaN,NaN,0.0766832296309682,0.10419416774433,0.0544254368530043,-0.0604550945960606,-0.370668642567277,-0.648866631861893,-0.624851355072072,NaN,NaN,NaN,NaN,NaN,NaN,NaN,NaN,NaN
NaN,NaN,0.0705152664838048,0.106372568499258,0.0582024155543574,-0.0585231590472783,-0.361718651251673,-0.64895434382197,-0.628901602443269,NaN,NaN,NaN,NaN,NaN,NaN,NaN,NaN,NaN
NaN,NaN,0.0743232954797956,0.100772693496159,0.0661200730489024,-0.0557700391315545,-0.361117445276856,-0.639903117742506,-0.632012983526996,NaN,NaN,NaN,NaN,NaN,NaN,NaN,NaN,NaN
NaN,NaN,0.0732246514914247,0.106094307940414,0.0636580659435519,-0.0505571286582078,-0.354564939038634,-0.642213077124325,-0.632407547648957,NaN,NaN,NaN,NaN,NaN,NaN,NaN,NaN,NaN
NaN,NaN,0.0687617537138673,0.103214919310024,0.0733669361458548,-0.0535552236639584,-0.346793722705722,-0.636393819775549,-0.640348655845931,NaN,NaN,NaN,NaN,NaN,NaN,NaN,NaN,NaN
NaN,NaN,0.0743989002464029,0.100194379430225,0.0741791239367255,-0.0458926926755036,-0.346603826032757,-0.634801686581341,-0.637681999918035,NaN,NaN,NaN,NaN,NaN,NaN,NaN,NaN,NaN
NaN,NaN,0.0677516598758909,0.101075913500002,0.0767203679667242,-0.0450289468669022,-0.336048681633353,-0.634548739370075,-0.643637081351092,NaN,NaN,NaN,NaN,NaN,NaN,NaN,NaN,NaN
NaN,NaN,0.0719517943022462,0.094170640896967,0.0819357185052164,-0.0416795011066521,-0.335756097333312,-0.625654534276691,-0.647456602867654,NaN,NaN,NaN,NaN,NaN,NaN,NaN,NaN,NaN
NaN,NaN,0.0708444703874799,0.0990286429635792,0.0811328439400919,-0.036895129402789,-0.328325447039485,-0.627244655814138,-0.648396344598344,NaN,NaN,NaN,NaN,NaN,NaN,NaN,NaN,NaN
NaN,NaN,0.0664625790474626,0.0961020921580105,0.0900536476062067,-0.0388299520515526,-0.320337735460877,-0.622552969332901,-0.654630264010241,NaN,NaN,NaN,NaN,NaN,NaN,NaN,NaN,NaN
NaN,NaN,0.0727482054887029,0.0904117298535615,0.0917641705261,-0.0302675399386014,-0.320138544188618,-0.618484672930208,-0.651881614442876,NaN,NaN,NaN,NaN,NaN,NaN,NaN,NaN,NaN
NaN,NaN,0.0647435065863344,0.0926184800676613,0.0918847209201582,-0.0305408272348965,-0.309293087916255,-0.618485771890846,-0.657163088884166,NaN,NaN,NaN,NaN,NaN,NaN,NaN,NaN,NaN
NaN,NaN,0.0678284381089422,0.0850792003087311,0.0982155165062674,-0.0303105484150971,-0.309190754191756,-0.608244185175863,-0.660727986808827,NaN,NaN,NaN,NaN,NaN,NaN,NaN,NaN,NaN
NaN,NaN,0.0663975168524,0.0879431848637372,0.0966565756486186,-0.0258692945741738,-0.302785098897099,-0.611123350288835,-0.658990138884595,NaN,NaN,NaN,NaN,NaN,NaN,NaN,NaN,NaN
NaN,NaN,0.0619235363362047,0.0850010809711724,0.104720413534475,-0.0276519763671483,-0.294409770862937,-0.605526530023781,-0.665303183462432,NaN,NaN,NaN,NaN,NaN,NaN,NaN,NaN,NaN
NaN,NaN,0.0683862444517824,0.079248618077448,0.104810155777765,-0.0200816276871289,-0.293063450949073,-0.600842629399267,-0.663357594724706,NaN,NaN,NaN,NaN,NaN,NaN,NaN,NaN,NaN
NaN,NaN,0.062392699396393,0.0827336271516591,0.10346320256455,-0.0206441278957451,-0.282515552239299,-0.599143058832851,-0.668314894404223,NaN,NaN,NaN,NaN,NaN,NaN,NaN,NaN,NaN
NaN,NaN,0.0644488547501775,0.0766650547496587,0.110754825024439,-0.0208298708700265,-0.279461894528746,-0.58885868715879,-0.672016305591872,NaN,NaN,NaN,NaN,NaN,NaN,NaN,NaN,NaN
NaN,NaN,0.0651329856870386,0.080005392175129,0.10728108495338,-0.0128148342870797,-0.271728843794942,-0.590174049910274,-0.669445147480777,NaN,NaN,NaN,NaN,NaN,NaN,NaN,NaN,NaN
NaN,NaN,0.0621846233067724,0.0754475181214123,0.112810775487257,-0.0135402228139962,-0.262524173008084,-0.58318415733811,-0.676756718870213,NaN,NaN,NaN,NaN,NaN,NaN,NaN,NaN,NaN
NaN,NaN,0.0667781670150968,0.0703216863087922,0.111567683367563,-0.00830840649238477,-0.262097701774716,-0.577516463425127,-0.677512636151126,NaN,NaN,NaN,NaN,NaN,NaN,NaN,NaN,NaN
NaN,NaN,0.0626291249451848,0.072154324244669,0.106652106939388,-0.00906925978294263,-0.251348283486247,-0.576536972846952,-0.681912539269736,NaN,NaN,NaN,NaN,NaN,NaN,NaN,NaN,NaN
NaN,NaN,0.0630194422362062,0.0665364747158795,0.113930094836784,-0.0088121029936398,-0.24872692708838,-0.568364188846317,-0.687577718611768,NaN,NaN,NaN,NaN,NaN,NaN,NaN,NaN,NaN
NaN,NaN,0.0652322646734926,0.0681604963950425,0.109788503347469,0.00303614554771533,-0.242305904971242,-0.570572410550085,-0.684000620361379,NaN,NaN,NaN,NaN,NaN,NaN,NaN,NaN,NaN
NaN,NaN,0.0608968835828515,0.0643343811146527,0.11369052141769,0.000410616824713848,-0.234723784373879,-0.565551892694202,-0.691605129953435,NaN,NaN,NaN,NaN,NaN,NaN,NaN,NaN,NaN
NaN,NaN,0.0641090523956033,0.0588346977941304,0.111674766837192,0.00603681100377192,-0.234200977133393,-0.558686145421234,-0.691761629398873,NaN,NaN,NaN,NaN,NaN,NaN,NaN,NaN,NaN
NaN,NaN,0.0584781829772207,0.0618065481297284,0.107021525351835,0.00485513029464831,-0.225138929085612,-0.559248608376947,-0.692040187980941,NaN,NaN,NaN,NaN,NaN,NaN,NaN,NaN,NaN
NaN,NaN,0.0588017058131906,0.0575299334935456,0.113995771704746,0.00678375033506503,-0.222253393726229,-0.55204961526033,-0.696209942664912,NaN,NaN,NaN,NaN,NaN,NaN,NaN,NaN,NaN
NaN,NaN,0.0607265633104059,0.0584033091775685,0.108743913321329,0.0166889805889999,-0.21698628027904,-0.551938955512014,-0.691782491024545,NaN,NaN,NaN,NaN,NaN,NaN,NaN,NaN,NaN
NaN,NaN,0.0538709302005979,0.0571758632771283,0.109781239031387,0.0120258298314487,-0.208972044633507,-0.547988396909204,-0.698473615314773,NaN,NaN,NaN,NaN,NaN,NaN,NaN,NaN,NaN
NaN,NaN,0.0571775723753187,0.0511478406600266,0.106554802356792,0.0166610222853099,-0.210387654946923,-0.539628063168493,-0.698352897282651,NaN,NaN,NaN,NaN,NaN,NaN,NaN,NaN,NaN
NaN,NaN,0.0517288696525308,0.0551977900079995,0.101513404248787,0.0173673186994468,-0.202379715041995,-0.542520955976215,-0.697318346913865,NaN,NaN,NaN,NaN,NaN,NaN,NaN,NaN,NaN
NaN,NaN,0.0510314021764013,0.0525006053261071,0.107879422454668,0.0196754340625679,-0.198008310394168,-0.534698274757829,-0.700643000867179,NaN,NaN,NaN,NaN,NaN,NaN,NaN,NaN,NaN
NaN,NaN,0.0543897513804647,0.0517568697444707,0.100420441328121,0.0285509009457504,-0.193188343541503,-0.532576740559307,-0.695738041516355,NaN,NaN,NaN,NaN,NaN,NaN,NaN,NaN,NaN
NaN,NaN,0.0460914809761259,0.052210218947342,0.100463300793005,0.0251990709997093,-0.18502956663239,-0.528477617379394,-0.700690349306872,NaN,NaN,NaN,NaN,NaN,NaN,NaN,NaN,NaN
NaN,NaN,0.0498570230362626,0.0458377932421475,0.09734458088739,0.0302707743442928,-0.186856430368304,-0.520114824947086,-0.698307299729398,NaN,NaN,NaN,NaN,NaN,NaN,NaN,NaN,NaN
NaN,NaN,0.0451659512279245,0.0500190031937867,0.0915322525785693,0.0335236419535552,-0.179345909850478,-0.525533129301039,-0.696267870929053,NaN,NaN,NaN,NaN,NaN,NaN,NaN,NaN,NaN
NaN,NaN,0.0415217418728086,0.0460378413311749,0.096808194963766,0.0351940434969341,-0.174149204389929,-0.517695174392429,-0.699814086522868,NaN,NaN,NaN,NaN,NaN,NaN,NaN,NaN,NaN
NaN,NaN,0.0435489703474256,0.0455658843032628,0.0885028092549571,0.0430479053951179,-0.172042720364213,-0.515983738776413,-0.695302815850785,NaN,NaN,NaN,NaN,NaN,NaN,NaN,NaN,NaN
NaN,NaN,0.0349380177018854,0.046186610799244,0.0878972074375876,0.0413671847976123,-0.164795149462104,-0.513746776457992,-0.699414381500295,NaN,NaN,NaN,NaN,NaN,NaN,NaN,NaN,NaN
NaN,NaN,0.0361539524553033,0.0412737724594384,0.0874131990955599,0.0470866416192924,-0.16862683405149,-0.505505540248123,-0.696745229627898,NaN,NaN,NaN,NaN,NaN,NaN,NaN,NaN,NaN
NaN,NaN,0.0324789163229677,0.046618837606123,0.0818935668454894,0.052268259654132,-0.160776064144253,-0.509597194220987,-0.694432252760938,NaN,NaN,NaN,NaN,NaN,NaN,NaN,NaN,NaN
NaN,NaN,0.0290042821822378,0.0443267596177369,0.087773881702257,0.0532425907052433,-0.155158382253527,-0.498261284854379,-0.697716990228703,NaN,NaN,NaN,NaN,NaN,NaN,NaN,NaN,NaN
NaN,NaN,0.0306073491034719,0.0449816283993035,0.0804178675995597,0.0613592532075321,-0.154879059986949,-0.494774003353086,-0.692763900127223,NaN,NaN,NaN,NaN,NaN,NaN,NaN,NaN,NaN
NaN,NaN,0.0232082706449243,0.0472154801003247,0.0789582429812678,0.059276555160371,-0.1486326422261,-0.492648315455881,-0.696200201030782,NaN,NaN,NaN,NaN,NaN,NaN,NaN,NaN,NaN
NaN,NaN,0.0259600494561407,0.0418194343559056,0.0789339540885218,0.064684968868581,-0.151832424448609,-0.484982599344221,-0.694865932431033,NaN,NaN,NaN,NaN,NaN,NaN,NaN,NaN,NaN
NaN,NaN,0.0214013372121068,0.0478668471090107,0.0727220697687396,0.069681514481393,-0.143967312173724,-0.487479829069343,-0.693263591941407,NaN,NaN,NaN,NaN,NaN,NaN,NaN,NaN,NaN
NaN,NaN,0.0189048525450441,0.0454829407147675,0.0774174070344695,0.0686885197258865,-0.138446655468821,-0.476848875012365,-0.698264663781932,NaN,NaN,NaN,NaN,NaN,NaN,NaN,NaN,NaN
NaN,NaN,0.0205764089284154,0.0442131941429883,0.0704047156856784,0.0771857020057117,-0.138823878364443,-0.474666041161981,-0.694204320874026,NaN,NaN,NaN,NaN,NaN,NaN,NaN,NaN,NaN
NaN,NaN,0.0112730924544546,0.0462095213345795,0.0687577089653739,0.0754023124075805,-0.132574331359744,-0.4737145461404,-0.696494480337909,NaN,NaN,NaN,NaN,NaN,NaN,NaN,NaN,NaN
NaN,NaN,0.0142352570352765,0.0396817137710362,0.0690387821183928,0.0797266666389381,-0.135285467253804,-0.466123652484384,-0.695368604477456,NaN,NaN,NaN,NaN,NaN,NaN,NaN,NaN,NaN
NaN,NaN,0.0103911486027452,0.0445447077266484,0.0636448784158953,0.0835083578325187,-0.128340967343926,-0.467079524722067,-0.692707517858556,NaN,NaN,NaN,NaN,NaN,NaN,NaN,NaN,NaN
NaN,NaN,0.00476815817334379,0.0430462283305436,0.0682274697707423,0.0796212595499431,-0.124686085032105,-0.457235277470318,-0.696457860734275,NaN,NaN,NaN,NaN,NaN,NaN,NaN,NaN,NaN
NaN,NaN,0.00479166475512709,0.0401775126568585,0.0623233130560645,0.0875022043085967,-0.12712480907309,-0.456517469909159,-0.692198624577334,NaN,NaN,NaN,NaN,NaN,NaN,NaN,NaN,NaN
NaN,NaN,-0.00513263898513591,0.0421862264386921,0.0606737917648085,0.0867487457192813,-0.121685047047019,-0.4563107908034,-0.692954597737601,NaN,NaN,NaN,NaN,NaN,NaN,NaN,NaN,NaN
NaN,NaN,-0.00234845014832294,0.0352286321334153,0.0632275155173072,0.0876534697211658,-0.125469848857999,-0.448086839940515,-0.692137194540313,NaN,NaN,NaN,NaN,NaN,NaN,NaN,NaN,NaN
NaN,NaN,-0.00391186135432994,0.0399955322257786,0.0570568515346774,0.0895284083283817,-0.120019227610707,-0.447259229447809,-0.68775873046737,NaN,NaN,NaN,NaN,NaN,NaN,NaN,NaN,NaN
NaN,NaN,-0.0112494725229529,0.0386839133910447,0.0603373607979544,0.0847606141663467,-0.114696253435492,-0.438691769566503,-0.690011953677943,NaN,NaN,NaN,NaN,NaN,NaN,NaN,NaN,NaN
NaN,NaN,-0.00960607933423793,0.0355445553771763,0.0548552794740924,0.0923759271002685,-0.11886958439815,-0.435463544752565,-0.684233879413417,NaN,NaN,NaN,NaN,NaN,NaN,NaN,NaN,NaN
NaN,NaN,-0.015028909915903,0.0363924128226548,0.0531646496043929,0.0895340335167324,-0.11244042252171,-0.434680023070541,-0.683577837165406,NaN,NaN,NaN,NaN,NaN,NaN,NaN,NaN,NaN
NaN,NaN,-0.0118015419187335,0.0297472213618069,0.056717421709133,0.0873643685675537,-0.116619453178525,-0.425444488253561,-0.683824935670903,NaN,NaN,NaN,NaN,NaN,NaN,NaN,NaN,NaN
NaN,NaN,-0.0130150552334574,0.033847648393324,0.0492043493674525,0.0886456821657096,-0.111089352862715,-0.424924810256925,-0.679531259205153,NaN,NaN,NaN,NaN,NaN,NaN,NaN,NaN,NaN
NaN,NaN,-0.0200755606832293,0.0310444233230858,0.0518669633553752,0.084513906816331,-0.106002282695651,-0.41996853503224,-0.682644223537257,NaN,NaN,NaN,NaN,NaN,NaN,NaN,NaN,NaN
NaN,NaN,-0.016375602358797,0.0266314816884308,0.0488352662311324,0.0924434293604766,-0.110689591960787,-0.416831225928036,-0.677576543506196,NaN,NaN,NaN,NaN,NaN,NaN,NaN,NaN,NaN
NaN,NaN,-0.0209704685451773,0.0290826854519158,0.047198932467533,0.0872876462138568,-0.103917554365277,-0.41688706802961,-0.677879987027457,NaN,NaN,NaN,NaN,NaN,NaN,NaN,NaN,NaN
NaN,NaN,-0.0175884637477187,0.0228455995432644,0.0520348063097724,0.0859269653058921,-0.106044769631505,-0.406334847983089,-0.678829507645181,NaN,NaN,NaN,NaN,NaN,NaN,NaN,NaN,NaN
NaN,NaN,-0.02059093596957,0.0267175545207768,0.0458961984501609,0.0878703188694392,-0.100358635531544,-0.406841263946262,-0.673222182061484,NaN,NaN,NaN,NaN,NaN,NaN,NaN,NaN,NaN
NaN,NaN,-0.0247027065100459,0.0246611570231228,0.051137197612358,0.083694138059703,-0.0950496870743033,-0.402131398048368,-0.676904352124742,NaN,NaN,NaN,NaN,NaN,NaN,NaN,NaN,NaN
NaN,NaN,-0.0181621770801333,0.019713803868702,0.0500470659123191,0.0896015916562949,-0.0999757501946685,-0.398377497520414,-0.673245148476174,NaN,NaN,NaN,NaN,NaN,NaN,NaN,NaN,NaN
NaN,NaN,-0.0229886259379176,0.0226656121424943,0.0501086635874041,0.0842025656796371,-0.093272686349034,-0.397464447494713,-0.674205174412539,NaN,NaN,NaN,NaN,NaN,NaN,NaN,NaN,NaN
NaN,NaN,-0.0218165005984095,0.016830261539629,0.0552775970087775,0.0821879659391319,-0.0935538340078589,-0.387518015530077,-0.67627762791138,NaN,NaN,NaN,NaN,NaN,NaN,NaN,NaN,NaN
NaN,NaN,-0.0216463107111243,0.0188440975956231,0.0487390792356261,0.0851249475575362,-0.0889962207244631,-0.389347654607263,-0.670384572561791,NaN,NaN,NaN,NaN,NaN,NaN,NaN,NaN,NaN
NaN,NaN,-0.0257749568166522,0.0170147751681119,0.0532698518024214,0.079196334312049,-0.0847308750914332,-0.384654571142164,-0.674846185114196,NaN,NaN,NaN,NaN,NaN,NaN,NaN,NaN,NaN
NaN,NaN,-0.018801082992771,0.011413484554699,0.0525117924795874,0.0814154338634883,-0.0887962471412417,-0.378871206965414,-0.671090794470122,NaN,NaN,NaN,NaN,NaN,NaN,NaN,NaN,NaN
NaN,NaN,-0.0238338384272841,0.0148286630622654,0.0508583596335181,0.0764355216718589,-0.0806659873293635,-0.378208850350347,-0.671782878901771,NaN,NaN,NaN,NaN,NaN,NaN,NaN,NaN,NaN
NaN,NaN,-0.0230145353319434,0.00825637553255849,0.0549467353509196,0.0735829365051662,-0.0784969184266326,-0.367358364936081,-0.674190291877797,NaN,NaN,NaN,NaN,NaN,NaN,NaN,NaN,NaN
NaN,NaN,-0.0198272328319339,0.00870292608063512,0.0479600279019602,0.0759004023469363,-0.074184745894551,-0.368770603861776,-0.668697816994002,NaN,NaN,NaN,NaN,NaN,NaN,NaN,NaN,NaN
NaN,NaN,-0.0232358734550265,0.00730797250192457,0.0521073377118834,0.0707898814774429,-0.0692023005055186,-0.363948569472996,-0.674827540036252,NaN,NaN,NaN,NaN,NaN,NaN,NaN,NaN,NaN
NaN,NaN,-0.0185717541219977,0.000383887182882361,0.0520311927781829,0.072757486680833,-0.0734505656825301,-0.357887131001917,-0.673529406752398,NaN,NaN,NaN,NaN,NaN,NaN,NaN,NaN,NaN
NaN,NaN,-0.0226405534388808,0.00262381110709005,0.047774024157358,0.0695250336624061,-0.0649735744761225,-0.358356256809202,-0.674878502007535,NaN,NaN,NaN,NaN,NaN,NaN,NaN,NaN,NaN
NaN,NaN,-0.022356686318138,-0.00461247216541476,0.051524702309204,0.0658246096766864,-0.0624331313835379,-0.348483566966024,-0.676722129549792,NaN,NaN,NaN,NaN,NaN,NaN,NaN,NaN,NaN
NaN,NaN,-0.0189691122116831,-0.00575373347480006,0.0454323066757449,0.0683525357938682,-0.0607758242355582,-0.347742420461145,-0.669560799118093,NaN,NaN,NaN,NaN,NaN,NaN,NaN,NaN,NaN
NaN,NaN,-0.0237816657366542,-0.00515818994123644,0.0492403542981871,0.0631534834004318,-0.055578708993077,-0.342307091530529,-0.673115489747336,NaN,NaN,NaN,NaN,NaN,NaN,NaN,NaN,NaN
NaN,NaN,-0.0188719380142478,-0.0128749797828884,0.0491553245471247,0.0659338724411403,-0.0587736297117469,-0.336094797428814,-0.670681161548903,NaN,NaN,NaN,NaN,NaN,NaN,NaN,NaN,NaN
NaN,NaN,-0.0219042870642928,-0.00894710819799609,0.0430186724649199,0.0619320538438236,-0.0518019538091418,-0.336772222843138,-0.670636085536292,NaN,NaN,NaN,NaN,NaN,NaN,NaN,NaN,NaN
NaN,NaN,-0.0208412754776267,-0.0150853994079322,0.0464864520715006,0.0564841148055469,-0.0513726699815985,-0.327732712801662,-0.670574692752173,NaN,NaN,NaN,NaN,NaN,NaN,NaN,NaN,NaN
NaN,NaN,-0.0171366232874182,-0.0164191650934905,0.0402853152142294,0.0580996800757324,-0.0516981858478782,-0.327081308540073,-0.664888856675437,NaN,NaN,NaN,NaN,NaN,NaN,NaN,NaN,NaN
NaN,NaN,-0.0237944621088294,-0.0146889540143699,0.0422011761353739,0.0536675531960403,-0.0445058051215407,-0.322108418520656,-0.668800672259143,NaN,NaN,NaN,NaN,NaN,NaN,NaN,NaN,NaN
NaN,NaN,-0.0155195679011134,-0.0225113930888862,0.0415542981014975,0.0552115183866893,-0.0477006885873076,-0.315459445890156,-0.666284238662532,NaN,NaN,NaN,NaN,NaN,NaN,NaN,NaN,NaN
NaN,NaN,-0.0198509443046836,-0.0169164727218837,0.034251928179098,0.0534027036822711,-0.0406762253211734,-0.315927454110351,-0.664665339257529,NaN,NaN,NaN,NaN,NaN,NaN,NaN,NaN,NaN
NaN,NaN,-0.0178783844651965,-0.0230639467724056,0.0376450902210005,0.0481395576692497,-0.0394117127822634,-0.306172222670284,-0.665422653522304,NaN,NaN,NaN,NaN,NaN,NaN,NaN,NaN,NaN
NaN,NaN,-0.0134914639832762,-0.0228203500397891,0.032090198098255,0.0526043739713107,-0.0389516394304034,-0.304438491191831,-0.65957521435242,NaN,NaN,NaN,NaN,NaN,NaN,NaN,NaN,NaN
NaN,NaN,-0.0189375776293067,-0.0208103137798995,0.0324881522343882,0.0494927134908115,-0.0309269729720351,-0.301539153631893,-0.662520074959805,NaN,NaN,NaN,NaN,NaN,NaN,NaN,NaN,NaN
NaN,NaN,-0.0115983459594039,-0.0281834642179698,0.031580485253168,0.0531254675782596,-0.0350771885083911,-0.294007361706463,-0.658118961121848,NaN,NaN,NaN,NaN,NaN,NaN,NaN,NaN,NaN
NaN,NaN,-0.0149843554439334,-0.0227187054939956,0.0250867827223071,0.052251235077468,-0.0289746973382231,-0.296234321620432,-0.655086835589221,NaN,NaN,NaN,NaN,NaN,NaN,NaN,NaN,NaN
NaN,NaN,-0.0152124177160052,-0.0285881611295433,0.0287699958668479,0.0474332053757583,-0.0305049534605738,-0.287515726711717,-0.655619831498673,NaN,NaN,NaN,NaN,NaN,NaN,NaN,NaN,NaN
NaN,NaN,-0.0109418753030089,-0.0283038283475131,0.0236634424315222,0.0519489277697479,-0.0315315875874755,-0.287088696684805,-0.649650631215384,NaN,NaN,NaN,NaN,NaN,NaN,NaN,NaN,NaN
NaN,NaN,-0.0171688284220484,-0.0249928089566917,0.0222426167116889,0.0474651124871646,-0.0251520465778109,-0.285291337248054,-0.649099716659596,NaN,NaN,NaN,NaN,NaN,NaN,NaN,NaN,NaN
NaN,NaN,-0.0124250251295355,-0.0314705486186237,0.021702226100994,0.0497625921464835,-0.0293809588717219,-0.278937817391125,-0.643508204933217,NaN,NaN,NaN,NaN,NaN,NaN,NaN,NaN,NaN
NaN,NaN,-0.0136580962183264,-0.0249672534652442,0.0157184785590895,0.0493180905080711,-0.025585446851134,-0.281343032445875,-0.638163959350398,NaN,NaN,NaN,NaN,NaN,NaN,NaN,NaN,NaN
NaN,NaN,-0.0143900598826197,-0.0286757054515571,0.018901161699129,0.04431556580433,-0.0263712037073371,-0.27292024421331,-0.640280445780566,NaN,NaN,NaN,NaN,NaN,NaN,NaN,NaN,NaN
NaN,NaN,-0.0103066015484122,-0.028035383928606,0.0123198775933512,0.0486382622815048,-0.0279440398977992,-0.27284160333511,-0.634183523919394,NaN,NaN,NaN,NaN,NaN,NaN,NaN,NaN,NaN
NaN,NaN,-0.0167723085226802,-0.0235282669552059,0.00975617006285272,0.045455113480178,-0.022555444733977,-0.271734912719694,-0.633182557042649,NaN,NaN,NaN,NaN,NaN,NaN,NaN,NaN,NaN
NaN,NaN,-0.0124218958856848,-0.0296938272901267,0.00984706714613519,0.0469946455753719,-0.0260950106846091,-0.265344456609455,-0.629762293513825,NaN,NaN,NaN,NaN,NaN,NaN,NaN,NaN,NaN
NaN,NaN,-0.0141674551608351,-0.0233872460909576,0.00268914535505853,0.0466495719350253,-0.0227101187871691,-0.266134758319822,-0.62380236920338,NaN,NaN,NaN,NaN,NaN,NaN,NaN,NaN,NaN
NaN,NaN,-0.0154189105572489,-0.027037490416357,0.00602771326763711,0.0436616097188865,-0.0224058929549453,-0.258806739773718,-0.626193297769835,NaN,NaN,NaN,NaN,NaN,NaN,NaN,NaN,NaN
NaN,NaN,-0.0116713243963507,-0.0271184037216396,-9.77158682265167e-06,0.0507775847412025,-0.0240934680866,-0.257879216995207,-0.617644892748406,NaN,NaN,NaN,NaN,NaN,NaN,NaN,NaN,NaN
NaN,NaN,-0.0181756812574652,-0.0227219464965553,-0.00267605498568931,0.0494945761359607,-0.0182758126126525,-0.258451682355371,-0.616680713113358,NaN,NaN,NaN,NaN,NaN,NaN,NaN,NaN,NaN
NaN,NaN,-0.0116465325894145,-0.0268314446099491,-0.0016934537901155,0.050490625629512,-0.0230104703174826,-0.251029283579555,-0.614085210230163,NaN,NaN,NaN,NaN,NaN,NaN,NaN,NaN,NaN
NaN,NaN,-0.0133448738100318,-0.0214465561099739,-0.00860381141440787,0.0511477482117091,-0.0214329961405989,-0.25401195588347,-0.607980800535491,NaN,NaN,NaN,NaN,NaN,NaN,NaN,NaN,NaN
NaN,NaN,-0.0178124095740107,-0.0245196225829811,-0.00370745748417296,0.0489757922089969,-0.0200542103217837,-0.249031969186035,-0.610595283772758,NaN,NaN,NaN,NaN,NaN,NaN,NaN,NaN,NaN
NaN,NaN,-0.0136107664050845,-0.0250055494495124,-0.00896436363594451,0.0571349416471397,-0.0225494842694995,-0.248659049000707,-0.601080706085971,NaN,NaN,NaN,NaN,NaN,NaN,NaN,NaN,NaN
NaN,NaN,-0.019596823626974,-0.0192323739417285,-0.0122614690675012,0.0543544967270767,-0.0176084454821345,-0.249093045320478,-0.598958333697131,NaN,NaN,NaN,NaN,NaN,NaN,NaN,NaN,NaN
NaN,NaN,-0.0158443014564303,-0.0218698422201366,-0.00918635368482986,0.0536210243202125,-0.0233418535159823,-0.239781104799476,-0.597041299309543,NaN,NaN,NaN,NaN,NaN,NaN,NaN,NaN,NaN
NaN,NaN,-0.0167340311648635,-0.0158176238425464,-0.0148418472720853,0.0559293259478484,-0.0203322659896609,-0.242280532445875,-0.589678318913987,NaN,NaN,NaN,NaN,NaN,NaN,NaN,NaN,NaN
NaN,NaN,-0.0230317834260253,-0.0173767509647102,-0.00937042027847686,0.0525322523511325,-0.0184109102653262,-0.236951541926828,-0.59169375684481,NaN,NaN,NaN,NaN,NaN,NaN,NaN,NaN,NaN
NaN,NaN,-0.0180722113194255,-0.0178323539682121,-0.0134533011926881,0.0599038754201804,-0.0205769430564639,-0.23449942546722,-0.58240631010752,NaN,NaN,NaN,NaN,NaN,NaN,NaN,NaN,NaN
NaN,NaN,-0.0220816295089511,-0.0107136036046237,-0.0166009107245676,0.0551724028385555,-0.0162928964661357,-0.234228466477362,-0.58063629430156,NaN,NaN,NaN,NaN,NaN,NaN,NaN,NaN,NaN
NaN,NaN,-0.0194562125446585,-0.0138505774327011,-0.0125842840983144,0.0544618223405753,-0.0221688899861571,-0.225213208075729,-0.580420544113925,NaN,NaN,NaN,NaN,NaN,NaN,NaN,NaN,NaN
NaN,NaN,-0.0202116269113806,-0.0097288976200313,-0.0185520873977415,0.0574843738771354,-0.0192827399538752,-0.228737835612264,-0.573775557544044,NaN,NaN,NaN,NaN,NaN,NaN,NaN,NaN,NaN
NaN,NaN,-0.0247744928540972,-0.0115281010754794,-0.0143383742882482,0.0533561189270889,-0.0171383697258231,-0.224390030678478,-0.575692349787763,NaN,NaN,NaN,NaN,NaN,NaN,NaN,NaN,NaN
NaN,NaN,-0.0186127881946353,-0.0139217118509502,-0.0178003424419633,0.0587185066736614,-0.021099713044047,-0.221316554423538,-0.567032875236085,NaN,NaN,NaN,NaN,NaN,NaN,NaN,NaN,NaN
NaN,NaN,-0.0233531642200736,-0.00720750938732332,-0.0186082834018938,0.055765785703746,-0.0162480067180392,-0.221299548473326,-0.563505435105374,NaN,NaN,NaN,NaN,NaN,NaN,NaN,NaN,NaN
NaN,NaN,-0.0208004835488585,-0.0108515511043758,-0.0133599454178087,0.055565942505685,-0.0193685520159003,-0.213252139117685,-0.563839221116117,NaN,NaN,NaN,NaN,NaN,NaN,NaN,NaN,NaN
NaN,NaN,-0.0209500725807933,-0.00700813185054964,-0.0187782497717611,0.0586319681800281,-0.0175830203758475,-0.218196288522449,-0.556236015375665,NaN,NaN,NaN,NaN,NaN,NaN,NaN,NaN,NaN
NaN,NaN,-0.0240754793824938,-0.00827474917847818,-0.0149481484307519,0.0540470298922931,-0.0156797695623633,-0.214215797212091,-0.557769233103803,NaN,NaN,NaN,NaN,NaN,NaN,NaN,NaN,NaN
NaN,NaN,-0.0185010667385844,-0.0100329185612888,-0.0163535328222982,0.0563180786169444,-0.0219876546131369,-0.210526418712107,-0.548910604532769,NaN,NaN,NaN,NaN,NaN,NaN,NaN,NaN,NaN
NaN,NaN,-0.0243633511903075,-0.00191128279645151,-0.0167461970462076,0.0529548306561386,-0.017630257056832,-0.211429149683681,-0.54662459876757,NaN,NaN,NaN,NaN,NaN,NaN,NaN,NaN,NaN
NaN,NaN,-0.022838701629856,-0.00548158239204592,-0.0112236963226072,0.0510568138755237,-0.0195462483631369,-0.204146486546961,-0.547087913121989,NaN,NaN,NaN,NaN,NaN,NaN,NaN,NaN,NaN
NaN,NaN,-0.0204875964166907,-0.00161150868613428,-0.0168691129996053,0.0528984670139228,-0.0193730968700644,-0.206941720869509,-0.539449931796601,NaN,NaN,NaN,NaN,NaN,NaN,NaN,NaN,NaN
NaN,NaN,-0.0231479938568858,-0.00189906384427256,-0.0124834963692895,0.0472491574085628,-0.0174098130034205,-0.20167436527845,-0.539304515089801,NaN,NaN,NaN,NaN,NaN,NaN,NaN,NaN,NaN
NaN,NaN,-0.0165048885586051,-0.00414260130006975,-0.011007499100136,0.0503567573226367,-0.022692256020188,-0.195425581958261,-0.531212495382836,NaN,NaN,NaN,NaN,NaN,NaN,NaN,NaN,NaN
NaN,NaN,-0.0203127312900809,0.00383309621732527,-0.0118412749482862,0.0479555283285057,-0.0160272646414038,-0.197085068401066,-0.529466563578656,NaN,NaN,NaN,NaN,NaN,NaN,NaN,NaN,NaN
NaN,NaN,-0.0179938498379973,-0.000615775842258396,-0.00660595685379425,0.044975482354251,-0.0179394747780558,-0.191576649274793,-0.531618831422141,NaN,NaN,NaN,NaN,NaN,NaN,NaN,NaN,NaN
NaN,NaN,-0.0132678348066596,-3.22836228103061e-05,-0.0116221719993822,0.0480491262472545,-0.0180764723287818,-0.193645153965917,-0.524379493411592,NaN,NaN,NaN,NaN,NaN,NaN,NaN,NaN,NaN
NaN,NaN,-0.0172262910249022,0.000167485069444714,-0.00765678674118438,0.0414424915409957,-0.0148951675461527,-0.189455375846592,-0.52435600545626,NaN,NaN,NaN,NaN,NaN,NaN,NaN,NaN,NaN
NaN,NaN,-0.0114918212833193,-0.00361770789701647,-0.00540278121964851,0.0440041874147331,-0.0200285989509818,-0.183413923557964,-0.518894469108394,NaN,NaN,NaN,NaN,NaN,NaN,NaN,NaN,NaN
NaN,NaN,-0.0150002624335078,0.00405370790880018,-0.00753318160908142,0.0439752232826625,-0.0123149197267291,-0.187311340894667,-0.516555899497083,NaN,NaN,NaN,NaN,NaN,NaN,NaN,NaN,NaN
NaN,NaN,-0.0128414753320006,-0.0025248194821567,0.000626489369703144,0.0401254151559745,-0.0144463631974455,-0.18130347209808,-0.518105489876082,NaN,NaN,NaN,NaN,NaN,NaN,NaN,NaN,NaN
NaN,NaN,-0.0081509809436587,-0.000895452011415424,-0.00334882378714004,0.0452445600725089,-0.0151380564736125,-0.180360545244184,-0.509600968774369,NaN,NaN,NaN,NaN,NaN,NaN,NaN,NaN,NaN
NaN,NaN,-0.0132432292642382,-0.000348728407213153,0.00118358790738663,0.0377655182577049,-0.0109180848764178,-0.176108033236233,-0.509822195138743,NaN,NaN,NaN,NaN,NaN,NaN,NaN,NaN,NaN
NaN,NaN,-0.00719579788468157,-0.00344597201425737,0.00400236606462082,0.0405339677430068,-0.0167749490307566,-0.170568843212095,-0.505322957154325,NaN,NaN,NaN,NaN,NaN,NaN,NaN,NaN,NaN
NaN,NaN,-0.0106499801816729,0.00312015016000563,0.00151610731942734,0.0410936367309963,-0.00896368582713572,-0.175465308901039,-0.502489333715251,NaN,NaN,NaN,NaN,NaN,NaN,NaN,NaN,NaN
NaN,NaN,-0.0067541833462504,-0.00248965274173922,0.00986837580664238,0.0360540826416885,-0.0117488991187808,-0.167418458338943,-0.503900510933211,NaN,NaN,NaN,NaN,NaN,NaN,NaN,NaN,NaN
NaN,NaN,-0.00326621266625201,-0.00109756763655848,0.00445685148103318,0.0396097418464099,-0.0125058594809767,-0.164684542294708,-0.495933195318988,NaN,NaN,NaN,NaN,NaN,NaN,NaN,NaN,NaN
NaN,NaN,-0.0076566535475043,-1.36757977694888e-05,0.00797965362532219,0.0328391571141158,-0.00681380216944186,-0.162415430721012,-0.496204415079167,NaN,NaN,NaN,NaN,NaN,NaN,NaN,NaN,NaN
NaN,NaN,-0.000244350308397164,-0.00350989799577898,0.00993751719458184,0.036080774346677,-0.0109517801271674,-0.156760197904077,-0.4932916105948,NaN,NaN,NaN,NaN,NaN,NaN,NaN,NaN,NaN
NaN,NaN,-0.0017657774927405,0.000529378395488796,0.00789082407815537,0.0370208513534938,-0.00289228220450846,-0.161628351386753,-0.488932871933988,NaN,NaN,NaN,NaN,NaN,NaN,NaN,NaN,NaN
NaN,NaN,0.00160210845448698,-0.00375656809289164,0.0131871251748331,0.0314871747589981,-0.00374580209124056,-0.152546168144909,-0.49145481896024,NaN,NaN,NaN,NaN,NaN,NaN,NaN,NaN,NaN
NaN,NaN,0.00430588690020765,-0.00445766772706217,0.00874713793261132,0.0350785781241332,-0.00386452709305254,-0.151422546085087,-0.483699062582067,NaN,NaN,NaN,NaN,NaN,NaN,NaN,NaN,NaN
NaN,NaN,-0.000604380989292015,-0.0030341597982139,0.0112179553495177,0.0299502503670131,0.000694203777432761,-0.151678343143431,-0.484828663732818,NaN,NaN,NaN,NaN,NaN,NaN,NaN,NaN,NaN
NaN,NaN,0.00418088478424276,-0.00884237166125483,0.0146720072613486,0.033690032044736,-0.00183599476683108,-0.146414824601379,-0.48231876802068,NaN,NaN,NaN,NaN,NaN,NaN,NaN,NaN,NaN
NaN,NaN,0.00499735665895666,-0.00378694783527559,0.0103250032649764,0.0345720690287029,0.00401127676498922,-0.150233005013433,-0.474924197163394,NaN,NaN,NaN,NaN,NaN,NaN,NaN,NaN,NaN
NaN,NaN,0.0044275921342584,-0.00723887633163637,0.0155291965590247,0.0291757625139629,0.00514948333632978,-0.139916782107321,-0.476318927224687,NaN,NaN,NaN,NaN,NaN,NaN,NaN,NaN,NaN
NaN,NaN,0.00798679036476339,-0.00851501177627749,0.0121251194165476,0.033900883475629,0.00363224710357221,-0.139288958933321,-0.467589398588946,NaN,NaN,NaN,NaN,NaN,NaN,NaN,NaN,NaN
NaN,NaN,0.00295535740830625,-0.00647673781592554,0.0148770658658274,0.0312884864009296,0.00987402687799963,-0.140594133015838,-0.467661240812352,NaN,NaN,NaN,NaN,NaN,NaN,NaN,NaN,NaN
NaN,NaN,0.008998933112404,-0.0111139233000965,0.0192952415333517,0.0328743052280818,0.00806176628005537,-0.135805980142322,-0.46471030798178,NaN,NaN,NaN,NaN,NaN,NaN,NaN,NaN,NaN
NaN,NaN,0.00987221566416944,-0.00483939822394556,0.0128195880339869,0.0331381116605674,0.0112784054411653,-0.138304960753885,-0.457757482048085,NaN,NaN,NaN,NaN,NaN,NaN,NaN,NaN,NaN
NaN,NaN,0.00762184230067457,-0.00818306978423304,0.0167457646117934,0.0264636766708766,0.0126670819057229,-0.130624511119095,-0.459854410704186,NaN,NaN,NaN,NaN,NaN,NaN,NaN,NaN,NaN
NaN,NaN,0.0117397595701429,-0.00929441701252169,0.0127292497442492,0.0318880159951126,0.00994808564913305,-0.130731035795179,-0.453667727973273,NaN,NaN,NaN,NaN,NaN,NaN,NaN,NaN,NaN
NaN,NaN,0.00770331439950193,-0.00586400206763453,0.0130667982981928,0.0275538456238185,0.0164462026489976,-0.134167634721962,-0.454541140910199,NaN,NaN,NaN,NaN,NaN,NaN,NaN,NaN,NaN
NaN,NaN,0.0143086266277048,-0.00951392974335856,0.0169583483026751,0.0293164853549873,0.0127919908894304,-0.128203817483154,-0.452360821630767,NaN,NaN,NaN,NaN,NaN,NaN,NaN,NaN,NaN
NaN,NaN,0.0146259282288762,-0.00301190118868059,0.00948763251168809,0.0307971578634654,0.0175548676682714,-0.129813031133381,-0.445812133815101,NaN,NaN,NaN,NaN,NaN,NaN,NaN,NaN,NaN
NaN,NaN,0.0118596766648504,-0.00487767558176226,0.0143962053941019,0.0265859779513751,0.0200936716331247,-0.123857223268715,-0.449067162092736,NaN,NaN,NaN,NaN,NaN,NaN,NaN,NaN,NaN
NaN,NaN,0.016234769350073,-0.00639118652422136,0.0110445430861243,0.03342734319934,0.0172718759907487,-0.124599003072944,-0.442962975915483,NaN,NaN,NaN,NaN,NaN,NaN,NaN,NaN,NaN
NaN,NaN,0.0136857022104474,-0.00144306968528933,0.0111971123502978,0.0299736824429904,0.0232261378599408,-0.128047727819649,-0.44369236912947,NaN,NaN,NaN,NaN,NaN,NaN,NaN,NaN,NaN
NaN,NaN,0.0182577323672983,-0.00532029594857401,0.014673348365856,0.0322723914481079,0.0191604305340055,-0.12081090438005,-0.44065221559625,NaN,NaN,NaN,NaN,NaN,NaN,NaN,NaN,NaN
NaN,NaN,0.0170341607687684,0.000882424157074032,0.00806544706089577,0.0362251293457424,0.0217656377984289,-0.123829190459219,-0.433965822424701,NaN,NaN,NaN,NaN,NaN,NaN,NaN,NaN,NaN
NaN,NaN,0.013267650133154,-0.000468645501920644,0.0131158976243266,0.0325084258414184,0.0239682715667489,-0.119189322766033,-0.435858735557607,NaN,NaN,NaN,NaN,NaN,NaN,NaN,NaN,NaN
NaN,NaN,0.0183805924413415,-0.00138160239536471,0.0112305095778235,0.0398307446933662,0.0208194513155225,-0.119812545206514,-0.428073977794459,NaN,NaN,NaN,NaN,NaN,NaN,NaN,NaN,NaN
NaN,NaN,0.0155502286312791,0.00503092605989271,0.0112896485613116,0.0373902883923923,0.0271799747182134,-0.12092061417934,-0.426831779744437,NaN,NaN,NaN,NaN,NaN,NaN,NaN,NaN,NaN
NaN,NaN,0.0177246433255884,0.00138446290414625,0.0144983528540858,0.0394794311917697,0.02492125670445,-0.111813918527332,-0.422298511233142,NaN,NaN,NaN,NaN,NaN,NaN,NaN,NaN,NaN
NaN,NaN,0.0175651822743627,0.00755758557837301,0.00856193512542328,0.0442969020999347,0.0269258540405038,-0.115311519082752,-0.414990609254649,NaN,NaN,NaN,NaN,NaN,NaN,NaN,NaN,NaN
NaN,NaN,0.0137345966456148,0.00844511736553007,0.0135081520663031,0.0410154428876316,0.030239853663564,-0.110986140396562,-0.417273895557931,NaN,NaN,NaN,NaN,NaN,NaN,NaN,NaN,NaN
NaN,NaN,0.0201426361260625,0.00653456498306089,0.0115304513262042,0.0469286893106376,0.0273234915269616,-0.11012200343248,-0.409508974965623,NaN,NaN,NaN,NaN,NaN,NaN,NaN,NaN,NaN
NaN,NaN,0.0151065651831838,0.0135753450207024,0.00847552701695046,0.0462770987845336,0.0342748087180856,-0.110325013127294,-0.407148388888648,NaN,NaN,NaN,NaN,NaN,NaN,NaN,NaN,NaN
NaN,NaN,0.0168082219121667,0.0104951446167737,0.0124092473076113,0.0475595485962306,0.0324274745119813,-0.101786331113544,-0.403278687711766,NaN,NaN,NaN,NaN,NaN,NaN,NaN,NaN,NaN
NaN,NaN,0.0173901495096895,0.0156197098306923,0.00633834659917435,0.05337398169407,0.0335004139972928,-0.104956646289793,-0.395456770177892,NaN,NaN,NaN,NaN,NaN,NaN,NaN,NaN,NaN
NaN,NaN,0.0136414457617017,0.0156057772449761,0.0115072241411932,0.0505204093254482,0.0379059981836084,-0.101947394039598,-0.397413013245872,NaN,NaN,NaN,NaN,NaN,NaN,NaN,NaN,NaN
NaN,NaN,0.0197622281072351,0.0139017735831051,0.0108123829947241,0.0576009754634773,0.0334642414284948,-0.0988792076968821,-0.390222402032426,NaN,NaN,NaN,NaN,NaN,NaN,NaN,NaN,NaN
NaN,NaN,0.0138693031428071,0.0211301219872742,0.0072295477972754,0.0566127118266498,0.0397677865160707,-0.101165269341436,-0.386491859074643,NaN,NaN,NaN,NaN,NaN,NaN,NaN,NaN,NaN
NaN,NaN,0.0145597484467241,0.0168870722166806,0.0118063649521597,0.0571160544253265,0.0360114459229711,-0.0954848349356325,-0.383147312071136,NaN,NaN,NaN,NaN,NaN,NaN,NaN,NaN,NaN
NaN,NaN,0.0148421254513475,0.0202338730208188,0.00603132679922661,0.0623263199425613,0.034404746843696,-0.100182835783926,-0.375875545408538,NaN,NaN,NaN,NaN,NaN,NaN,NaN,NaN,NaN
NaN,NaN,0.0102418575940343,0.0206706819347649,0.0100866591916808,0.0583107736504947,0.0374471355510953,-0.0984356373810442,-0.378138603385499,NaN,NaN,NaN,NaN,NaN,NaN,NaN,NaN,NaN
NaN,NaN,0.0143642638383123,0.0191829127482682,0.00963245317204079,0.0623342734373485,0.0325419340564016,-0.0934255689644488,-0.370569521304181,NaN,NaN,NaN,NaN,NaN,NaN,NaN,NaN,NaN
NaN,NaN,0.00940545541622365,0.0272552442960053,0.00663668647272667,0.060773190537778,0.0375420186949972,-0.0967741020285757,-0.36583747130256,NaN,NaN,NaN,NaN,NaN,NaN,NaN,NaN,NaN
NaN,NaN,0.0100934420285436,0.0235517283193379,0.0117441339777239,0.0601403009689723,0.0343379523886445,-0.090632271792856,-0.363302858289292,NaN,NaN,NaN,NaN,NaN,NaN,NaN,NaN,NaN
NaN,NaN,0.0127111103890153,0.0275499333850651,0.00624053910238823,0.066504940817443,0.0343914661837819,-0.0942064084374579,-0.356917766597083,NaN,NaN,NaN,NaN,NaN,NaN,NaN,NaN,NaN
NaN,NaN,0.00826221970298017,0.030000112693718,0.0106834879503973,0.0617717732287323,0.0379645411206487,-0.0899854310118826,-0.360588239248803,NaN,NaN,NaN,NaN,NaN,NaN,NaN,NaN,NaN
NaN,NaN,0.0125162218270513,0.0273825933448582,0.0106638184176215,0.0648533147371685,0.0330648716820482,-0.0857520856225165,-0.354222686704209,NaN,NaN,NaN,NaN,NaN,NaN,NaN,NaN,NaN
NaN,NaN,0.0082708623764726,0.0345480774752408,0.00730789065225205,0.0627471287346756,0.0377556082142595,-0.0899544365965994,-0.351022811349443,NaN,NaN,NaN,NaN,NaN,NaN,NaN,NaN,NaN
NaN,NaN,0.00982075077869619,0.0300490630082398,0.0136879532025584,0.0624951500988876,0.0336391065551046,-0.0856326341890963,-0.350768802430442,NaN,NaN,NaN,NaN,NaN,NaN,NaN,NaN,NaN
NaN,NaN,0.0126642834899637,0.0325694267861157,0.00802919998629174,0.067427806983081,0.0350911502076391,-0.0876620605849894,-0.344045808281711,NaN,NaN,NaN,NaN,NaN,NaN,NaN,NaN,NaN
NaN,NaN,0.00722772521354879,0.0346478221229821,0.0136492660628088,0.0631307218767082,0.0385130156112913,-0.0849332109355601,-0.347122544165662,NaN,NaN,NaN,NaN,NaN,NaN,NaN,NaN,NaN
NaN,NaN,0.0123978693542692,0.0301591639630108,0.0138485318408736,0.0660939854181682,0.0342092249823812,-0.0813837543391855,-0.339997591193727,NaN,NaN,NaN,NaN,NaN,NaN,NaN,NaN,NaN
NaN,NaN,0.00826452938296522,0.0361147296838074,0.0123201756165751,0.0653226081825172,0.0385972444249395,-0.0875296823942335,-0.336111796762755,NaN,NaN,NaN,NaN,NaN,NaN,NaN,NaN,NaN
NaN,NaN,0.0104426321146699,0.0328357477895527,0.0193167923377284,0.0642152470148479,0.0354378257228139,-0.0820854686462553,-0.337231302376798,NaN,NaN,NaN,NaN,NaN,NaN,NaN,NaN,NaN
NaN,NaN,0.0128822688517782,0.0358909701220303,0.016374818830324,0.0693428110874569,0.036075949324489,-0.0825418912136229,-0.329847646620086,NaN,NaN,NaN,NaN,NaN,NaN,NaN,NaN,NaN
NaN,NaN,0.00654676077344144,0.0375738700143605,0.0208356490717658,0.0647712093389904,0.0398448068929914,-0.0811373822652968,-0.332292815413287,NaN,NaN,NaN,NaN,NaN,NaN,NaN,NaN,NaN
NaN,NaN,0.0108500484881612,0.0338799466602116,0.022000063060356,0.0668835793233787,0.0349248532487157,-0.0766901679598959,-0.326078491028359,NaN,NaN,NaN,NaN,NaN,NaN,NaN,NaN,NaN
NaN,NaN,0.00851470125295843,0.039289850484541,0.0199944785223731,0.0651802834666645,0.0387702282799486,-0.0812667988502653,-0.322313097979835,NaN,NaN,NaN,NaN,NaN,NaN,NaN,NaN,NaN
NaN,NaN,0.00874451441147054,0.0367353444210797,0.027512598632408,0.0633875061369812,0.0388044078184369,-0.0718717657291563,-0.323894949372819,NaN,NaN,NaN,NaN,NaN,NaN,NaN,NaN,NaN
NaN,NaN,0.0115360793230745,0.0372685824744015,0.025990314631296,0.0686999936200058,0.0398361455930475,-0.0712546155118616,-0.316427493210843,NaN,NaN,NaN,NaN,NaN,NaN,NaN,NaN,NaN
NaN,NaN,0.00673615453221525,0.0386122946850567,0.0272789856777914,0.0638084639407074,0.0449750904275182,-0.0699161745869787,-0.317118739452174,NaN,NaN,NaN,NaN,NaN,NaN,NaN,NaN,NaN
NaN,NaN,0.0108469937501165,0.0335340162030964,0.0295597946630248,0.0654179383612548,0.0421455834342244,-0.0658832311892183,-0.313622349616101,NaN,NaN,NaN,NaN,NaN,NaN,NaN,NaN,NaN
NaN,NaN,0.0109157626090261,0.0393284631184845,0.0266191250072249,0.0642750938034927,0.0472361181212667,-0.0695746213459643,-0.310810742642692,NaN,NaN,NaN,NaN,NaN,NaN,NaN,NaN,NaN
NaN,NaN,0.0082570601759168,0.034401058893612,0.032867666183544,0.0621636923945819,0.0488848943544629,-0.061581433590618,-0.313337849196008,NaN,NaN,NaN,NaN,NaN,NaN,NaN,NaN,NaN
NaN,NaN,0.0119804878292295,0.0324326900057107,0.0305693483339079,0.0667194430328285,0.0482796650661233,-0.063523874458042,-0.306587995704225,NaN,NaN,NaN,NaN,NaN,NaN,NaN,NaN,NaN
NaN,NaN,0.00640451056339468,0.0335991342775136,0.0302105283723601,0.0618422370947277,0.0531071197522882,-0.0637975529098185,-0.308016812171748,NaN,NaN,NaN,NaN,NaN,NaN,NaN,NaN,NaN
NaN,NaN,0.0104673307893487,0.0277728175036221,0.0332659183429011,0.0623314608431732,0.0512782816125158,-0.0582382649445208,-0.305797451849988,NaN,NaN,NaN,NaN,NaN,NaN,NaN,NaN,NaN
NaN,NaN,0.00871152696587766,0.0336219889334946,0.0297358705089816,0.0637715463138496,0.0569495890570882,-0.0601387962960871,-0.302204707380345,NaN,NaN,NaN,NaN,NaN,NaN,NaN,NaN,NaN
NaN,NaN,0.00501311463691915,0.028609908860138,0.0379463171945342,0.060749013403741,0.0582916435135606,-0.0525744080805453,-0.304289137687495,NaN,NaN,NaN,NaN,NaN,NaN,NaN,NaN,NaN
NaN,NaN,0.00983779398181165,0.026662513356617,0.0331908909962901,0.0656878728962814,0.0570025626851323,-0.052669477488962,-0.296781392510942,NaN,NaN,NaN,NaN,NaN,NaN,NaN,NaN,NaN
NaN,NaN,0.00375949857213224,0.029113679867199,0.0347076056884058,0.0587500785089408,0.0637368817163709,-0.0526160195731791,-0.297843472775033,NaN,NaN,NaN,NaN,NaN,NaN,NaN,NaN,NaN
NaN,NaN,0.00867332411386693,0.024471800517252,0.0381037665889986,0.0586135093665992,0.0597199011875394,-0.0445516228937777,-0.295512297864965,NaN,NaN,NaN,NaN,NaN,NaN,NaN,NaN,NaN
NaN,NaN,0.00559049738027776,0.0285467838160306,0.0329551359997519,0.0588075038588916,0.0638447474969629,-0.0464678749704035,-0.291113698597959,NaN,NaN,NaN,NaN,NaN,NaN,NaN,NaN,NaN
NaN,NaN,0.00424082470514501,0.0241565105728417,0.0393779648826846,0.055094898173896,0.066322214557052,-0.0404807932936819,-0.292468400414994,NaN,NaN,NaN,NaN,NaN,NaN,NaN,NaN,NaN
NaN,NaN,0.00982201737739767,0.0223369484059125,0.0339962615059145,0.0583172184027111,0.0651406083537343,-0.0392611332499655,-0.285350972529462,NaN,NaN,NaN,NaN,NaN,NaN,NaN,NaN,NaN
NaN,NaN,0.00585883004047597,0.0253743079714089,0.0346099658296832,0.0533863682843124,0.0734342407716516,-0.0404400758707197,-0.285643985237887,NaN,NaN,NaN,NaN,NaN,NaN,NaN,NaN,NaN
NaN,NaN,0.0109416347501489,0.0200609822980671,0.0390924400077589,0.0537236188150321,0.0691126060022119,-0.0314980007970007,-0.285021153952888,NaN,NaN,NaN,NaN,NaN,NaN,NaN,NaN,NaN
NaN,NaN,0.00934145492889608,0.0227568445019036,0.0329360438869723,0.0554639068044101,0.0730862614048723,-0.0355958573782118,-0.279707809653094,NaN,NaN,NaN,NaN,NaN,NaN,NaN,NaN,NaN
NaN,NaN,0.00781967384197439,0.0191851479224473,0.0378454735861548,0.0514209982551013,0.0758472044302228,-0.0301754482352408,-0.281948441382459,NaN,NaN,NaN,NaN,NaN,NaN,NaN,NaN,NaN
NaN,NaN,0.0137684409079763,0.0166865957192689,0.0352475306378134,0.0554165956176197,0.0747985538376573,-0.0296897448861273,-0.274163925763181,NaN,NaN,NaN,NaN,NaN,NaN,NaN,NaN,NaN
NaN,NaN,0.00963806254245962,0.0203788799456864,0.0348785778866538,0.0522320684588825,0.0813220773173574,-0.0318354003393324,-0.274503877129367,NaN,NaN,NaN,NaN,NaN,NaN,NaN,NaN,NaN
NaN,NaN,0.0120980579910489,0.0149546337537079,0.0388510225699671,0.0521697816050922,0.0777044292820695,-0.0235994167887839,-0.273685896512082,NaN,NaN,NaN,NaN,NaN,NaN,NaN,NaN,NaN
NaN,NaN,0.0107669000086995,0.0182643306664734,0.0332548728571661,0.0556727652049934,0.0801546644700769,-0.0272627927624853,-0.266340853389314,NaN,NaN,NaN,NaN,NaN,NaN,NaN,NaN,NaN
NaN,NaN,0.0076721337197038,0.0171673258058339,0.03736187502606,0.0513833914495384,0.0837324705256227,-0.0223451487981947,-0.267412712540439,NaN,NaN,NaN,NaN,NaN,NaN,NaN,NaN,NaN
NaN,NaN,0.0146731276569578,0.0156600174717217,0.0357805079208144,0.0563111868298923,0.0826871540678743,-0.0215067163371714,-0.260888369496873,NaN,NaN,NaN,NaN,NaN,NaN,NaN,NaN,NaN
NaN,NaN,0.0101164084432336,0.021027732383421,0.0349153278754481,0.0526120480693256,0.0885124650133851,-0.0230813779198797,-0.260805817063859,NaN,NaN,NaN,NaN,NaN,NaN,NaN,NaN,NaN
NaN,NaN,0.0122750279066774,0.0158260536603242,0.0381879954026469,0.0509088639713203,0.0854234542979005,-0.0161769435071619,-0.261496504511645,NaN,NaN,NaN,NaN,NaN,NaN,NaN,NaN,NaN
NaN,NaN,0.0122947905717107,0.01980714101713,0.0311725287125834,0.0544817526436721,0.0873890105916265,-0.020319559451309,-0.254194097336343,NaN,NaN,NaN,NaN,NaN,NaN,NaN,NaN,NaN
NaN,NaN,0.00945638013460363,0.0182143931500226,0.0336978843794592,0.0493032452262317,0.090756784780145,-0.0171451278292807,-0.258042005564979,NaN,NaN,NaN,NaN,NaN,NaN,NaN,NaN,NaN
NaN,NaN,0.0174563106653901,0.0165099424533158,0.0313136054561861,0.0534729626573001,0.086576450271726,-0.0138466067874106,-0.252966260280421,NaN,NaN,NaN,NaN,NaN,NaN,NaN,NaN,NaN
NaN,NaN,0.0119672444222185,0.0207110268286973,0.0275502240644225,0.0506566618181144,0.0933862250579599,-0.0171820640825899,-0.252615691836885,NaN,NaN,NaN,NaN,NaN,NaN,NaN,NaN,NaN
NaN,NaN,0.0137126360593053,0.0158928667418271,0.0318250319348105,0.0512109663880741,0.0911864038838151,-0.00954229461785872,-0.252465041097215,NaN,NaN,NaN,NaN,NaN,NaN,NaN,NaN,NaN
NaN,NaN,0.0138198499140951,0.019809525202921,0.0259354411051997,0.0574585762418186,0.0931910757256749,-0.0127295412385138,-0.245368865992835,NaN,NaN,NaN,NaN,NaN,NaN,NaN,NaN,NaN
NaN,NaN,0.0108863328156682,0.0191099529377728,0.0290086193369158,0.0534767252005016,0.09630567918551,-0.0105739020073088,-0.248589602973273,NaN,NaN,NaN,NaN,NaN,NaN,NaN,NaN,NaN
NaN,NaN,0.0172115590927812,0.0165819523147851,0.0277647449062594,0.0566250425375377,0.0894109305275682,-0.0075347170495661,-0.245037631805947,NaN,NaN,NaN,NaN,NaN,NaN,NaN,NaN,NaN
NaN,NaN,0.0100752812383386,0.0212455873600751,0.0236398427174815,0.0551994670725738,0.0949228886796239,-0.0131609298550757,-0.243217212822249,NaN,NaN,NaN,NaN,NaN,NaN,NaN,NaN,NaN
NaN,NaN,0.0103064727542611,0.0166525651923924,0.0301480738805064,0.0558838960326587,0.0915215868784192,-0.00574080350634176,-0.242501919832042,NaN,NaN,NaN,NaN,NaN,NaN,NaN,NaN,NaN
NaN,NaN,0.0110806998369905,0.0205388066581994,0.0250979213402995,0.0609669987655555,0.0927887443734411,-0.00870578068133909,-0.234888748940042,NaN,NaN,NaN,NaN,NaN,NaN,NaN,NaN,NaN
NaN,NaN,0.00778189939834799,0.021983250718525,0.0288086457536944,0.0557021949983512,0.0954015139771703,-0.00566160383459646,-0.237064784135631,NaN,NaN,NaN,NaN,NaN,NaN,NaN,NaN,NaN
NaN,NaN,0.0127077203748437,0.0195767690650731,0.027590196429325,0.0592892770267402,0.0891869847012761,-0.00148439857002813,-0.232688704248479,NaN,NaN,NaN,NaN,NaN,NaN,NaN,NaN,NaN
NaN,NaN,0.00645401967146124,0.0245167088918,0.023650646059347,0.0591428544915592,0.0942846905721429,-0.00498371275898535,-0.230141946788838,NaN,NaN,NaN,NaN,NaN,NaN,NaN,NaN,NaN
NaN,NaN,0.00613265750386442,0.0199590211025982,0.0277846193300017,0.0585747290945922,0.0929192412925962,0.0017755657172529,-0.230258511122277,NaN,NaN,NaN,NaN,NaN,NaN,NaN,NaN,NaN
NaN,NaN,0.00833221790768827,0.022978611033371,0.0209703741954096,0.0617981110311424,0.0935518142117265,0.000795814368757419,-0.22297052082043,NaN,NaN,NaN,NaN,NaN,NaN,NaN,NaN,NaN
NaN,NaN,0.00389899206735815,0.0253603940121441,0.0226572042690047,0.0576825779474651,0.0952808890773061,0.00263426375749987,-0.224638538178018,NaN,NaN,NaN,NaN,NaN,NaN,NaN,NaN,NaN
NaN,NaN,0.00819849861242498,0.0221174356750756,0.0218430048213728,0.0619331341780101,0.0920642499161962,0.00755688098433893,-0.22069149997454,NaN,NaN,NaN,NaN,NaN,NaN,NaN,NaN,NaN
NaN,NaN,0.00232425597884382,0.0265672390572339,0.0171327663944491,0.0617601689494525,0.0954996008707288,0.00381929722789209,-0.217680124308875,NaN,NaN,NaN,NaN,NaN,NaN,NaN,NaN,NaN
NaN,NaN,0.00189858568289007,0.0226850209049492,0.0204251593337782,0.0596514497495567,0.095329504115701,0.0107117734587518,-0.217393034812024,NaN,NaN,NaN,NaN,NaN,NaN,NaN,NaN,NaN
NaN,NaN,0.00416555521466459,0.0257645321301728,0.0155823191986807,0.063819006512252,0.0940050330294374,0.0108946479595033,-0.209201698865703,NaN,NaN,NaN,NaN,NaN,NaN,NaN,NaN,NaN
NaN,NaN,-0.000383247757175315,0.0280168426446229,0.0168312041447886,0.0612613525784885,0.0983089167906049,0.0112215980625479,-0.211461776610425,NaN,NaN,NaN,NaN,NaN,NaN,NaN,NaN,NaN
NaN,NaN,0.00398716968872274,0.024353261779955,0.0190875193463095,0.064228453168956,0.093382220370889,0.0155896499491064,-0.20767254170399,NaN,NaN,NaN,NaN,NaN,NaN,NaN,NaN,NaN
NaN,NaN,-0.00025755646250521,0.0276368444077283,0.0145908145592936,0.0637276251412307,0.0977913063300851,0.011108516875538,-0.204602250572255,NaN,NaN,NaN,NaN,NaN,NaN,NaN,NaN,NaN
NaN,NaN,-0.00142444776914393,0.0240458135716229,0.0190483106659182,0.0595493395424758,0.0940894853605035,0.0186558060086099,-0.204129082824996,NaN,NaN,NaN,NaN,NaN,NaN,NaN,NaN,NaN
NaN,NaN,0.000691647505542885,0.0249988918415814,0.0151074936972388,0.0636408072508251,0.0912447978092435,0.0188219167030184,-0.195782756175807,NaN,NaN,NaN,NaN,NaN,NaN,NaN,NaN,NaN
NaN,NaN,-0.00433468180320536,0.0294497755579262,0.0163475683317908,0.0601535816288864,0.0970911938978437,0.0177593521511881,-0.197407578792384,NaN,NaN,NaN,NaN,NaN,NaN,NaN,NaN,NaN
NaN,NaN,0.000703531181594979,0.0233520713857918,0.0194650775180586,0.0608866442538177,0.0915350538028482,0.0223857901728479,-0.193570790555289,NaN,NaN,NaN,NaN,NaN,NaN,NaN,NaN,NaN
NaN,NaN,-0.00222836541555201,0.0281672512404233,0.0141676029549368,0.061796695420829,0.094918995751262,0.0200823314226,-0.188458332534841,NaN,NaN,NaN,NaN,NaN,NaN,NaN,NaN,NaN
NaN,NaN,-0.00431434171817576,0.0259668526462823,0.0201039089248904,0.0560012426770603,0.0933582295013669,0.0290810681617586,-0.188983114179185,NaN,NaN,NaN,NaN,NaN,NaN,NaN,NaN,NaN
NaN,NaN,0.000546882724544655,0.0273492333702355,0.015583995579315,0.0618301671541606,0.0907316949499849,0.0279860190785257,-0.182151285674384,NaN,NaN,NaN,NaN,NaN,NaN,NaN,NaN,NaN
NaN,NaN,-0.00502644958517825,0.0305008662156373,0.0156402847157248,0.0569520485199367,0.096105798734546,0.0255537397897569,-0.184286007400563,NaN,NaN,NaN,NaN,NaN,NaN,NaN,NaN,NaN
NaN,NaN,0.00082935286142553,0.023856717836073,0.0192294529066809,0.057386175224868,0.0912210304571393,0.0309664003289072,-0.182354518886617,NaN,NaN,NaN,NaN,NaN,NaN,NaN,NaN,NaN
NaN,NaN,-0.00320291998408114,0.0279967819563656,0.0134610457704791,0.0583269041574871,0.0933238450719121,0.0287648655212251,-0.176580169912389,NaN,NaN,NaN,NaN,NaN,NaN,NaN,NaN,NaN
NaN,NaN,-0.0060590814294604,0.0252709311656266,0.0207958815978297,0.0535875525868808,0.0935770344270471,0.0367414757347433,-0.179470380511096,NaN,NaN,NaN,NaN,NaN,NaN,NaN,NaN,NaN
NaN,NaN,-0.00144711616061007,0.0250454765967637,0.0168152226494082,0.0594574180043613,0.0914694700671438,0.034549086514744,-0.172170208509973,NaN,NaN,NaN,NaN,NaN,NaN,NaN,NaN,NaN
NaN,NaN,-0.00672970818898951,0.0278417167476922,0.0187710000561007,0.0542126749254142,0.0962867919636968,0.0325272410846082,-0.172614486630967,NaN,NaN,NaN,NaN,NaN,NaN,NaN,NaN,NaN
NaN,NaN,-0.00116283925793444,0.0204298419169694,0.0233240871117838,0.0551740978456413,0.0910067703856233,0.0379339597857324,-0.169891560193112,NaN,NaN,NaN,NaN,NaN,NaN,NaN,NaN,NaN
NaN,NaN,-0.00552906575224673,0.0249151286892205,0.0179348772750624,0.0559233841098224,0.0929138396216634,0.036554522041115,-0.165170797821096,NaN,NaN,NaN,NaN,NaN,NaN,NaN,NaN,NaN
NaN,NaN,-0.00782816591284548,0.0222610269896298,0.0247195808575877,0.0513178263402854,0.0927388068569902,0.0435540072357981,-0.168413849290422,NaN,NaN,NaN,NaN,NaN,NaN,NaN,NaN,NaN
NaN,NaN,-0.00309419738672053,0.0214911026171952,0.0214693582044371,0.0549701009488975,0.0899571512175802,0.0433195374644129,-0.161387821402362,NaN,NaN,NaN,NaN,NaN,NaN,NaN,NaN,NaN
NaN,NaN,-0.00718085947058474,0.0249385607651978,0.0234871803210505,0.0492313471234714,0.0941609923077825,0.0419347911811201,-0.161622011776975,NaN,NaN,NaN,NaN,NaN,NaN,NaN,NaN,NaN
NaN,NaN,-0.00172479929945742,0.0189905201308041,0.0266013367460497,0.0499260765112316,0.0898955349160436,0.0505560070014326,-0.160759458061269,NaN,NaN,NaN,NaN,NaN,NaN,NaN,NaN,NaN
NaN,NaN,-0.0051333840431956,0.0225335319749623,0.0212517639981039,0.0507742878592884,0.0942353677285913,0.0510873079037992,-0.156380733218005,NaN,NaN,NaN,NaN,NaN,NaN,NaN,NaN,NaN
NaN,NaN,-0.00639188023827349,0.0208495703748971,0.0266735514984854,0.0473250974512969,0.0964968052042726,0.0573117278254358,-0.158764304336122,NaN,NaN,NaN,NaN,NaN,NaN,NaN,NaN,NaN
NaN,NaN,-0.00121538447759425,0.0185359602085858,0.0257829835997351,0.0505300578273212,0.0950693298412565,0.0586809582746355,-0.152006180699876,NaN,NaN,NaN,NaN,NaN,NaN,NaN,NaN,NaN
NaN,NaN,-0.00499027701638018,0.0221590844206124,0.0260353720174559,0.0459526259995376,0.101004313333154,0.0573914676642744,-0.153682952489665,NaN,NaN,NaN,NaN,NaN,NaN,NaN,NaN,NaN
NaN,NaN,-0.00287924813649927,0.0137500611357003,0.0274356341348418,0.045354735533086,0.0975243334008458,0.0673083208239404,-0.153912020590117,NaN,NaN,NaN,NaN,NaN,NaN,NaN,NaN,NaN
NaN,NaN,-0.00404654922507082,0.0150604692510872,0.0242397075877913,0.0478388522363578,0.0990416255129579,0.0655518464482157,-0.149779239412358,NaN,NaN,NaN,NaN,NaN,NaN,NaN,NaN,NaN
NaN,NaN,-0.0078753467144755,0.013164557259491,0.028713930247856,0.0422724303401386,0.100652143014789,0.0691945656872122,-0.151508556421807,NaN,NaN,NaN,NaN,NaN,NaN,NaN,NaN,NaN
NaN,NaN,-0.00212621795556818,0.0100174506418019,0.0280676855133303,0.0457379561460887,0.0978202890886072,0.0706797085440485,-0.144466118629983,NaN,NaN,NaN,NaN,NaN,NaN,NaN,NaN,NaN
NaN,NaN,-0.00559012326023852,0.0137857866696625,0.0249416640387305,0.0419149514830982,0.102327424688459,0.0686294018960325,-0.144534161057284,NaN,NaN,NaN,NaN,NaN,NaN,NaN,NaN,NaN
NaN,NaN,-0.00479291113636767,0.00509118263047034,0.0289277991638907,0.0411728922820961,0.0987371016575101,0.0784324846899835,-0.143805214878133,NaN,NaN,NaN,NaN,NaN,NaN,NaN,NaN,NaN
NaN,NaN,-0.0040708194913653,0.00792778630178267,0.0246203204975851,0.0436188247598087,0.099298037244201,0.0754209227598039,-0.13693479236584,NaN,NaN,NaN,NaN,NaN,NaN,NaN,NaN,NaN
NaN,NaN,-0.00867229806802546,0.00732047085087591,0.0290923452363738,0.0361651149190341,0.101717650545955,0.0784935049450723,-0.13905841272693,NaN,NaN,NaN,NaN,NaN,NaN,NaN,NaN,NaN
NaN,NaN,-0.00333362179420267,0.00452626098316008,0.0263987554596194,0.0381652419067298,0.0977741327418092,0.0805594764387934,-0.132461724545768,NaN,NaN,NaN,NaN,NaN,NaN,NaN,NaN,NaN
NaN,NaN,-0.00789797785303866,0.00783754114430243,0.0208175441609152,0.0345361758566772,0.101140398187757,0.078685618165764,-0.1329021097384,NaN,NaN,NaN,NaN,NaN,NaN,NaN,NaN,NaN
NaN,NaN,-0.00773823740504061,-0.00022983576733774,0.0266518889353999,0.0325554948843395,0.0974376272691491,0.0878319881594507,-0.132284996774009,NaN,NaN,NaN,NaN,NaN,NaN,NaN,NaN,NaN
NaN,NaN,-0.00675949188492571,0.0028375682644158,0.0206966398642786,0.0347164426542198,0.0987295206917528,0.0847362905478803,-0.125868128355554,NaN,NaN,NaN,NaN,NaN,NaN,NaN,NaN,NaN
NaN,NaN,-0.00974380331657206,0.00421654034774595,0.0251645854101904,0.0275955316222583,0.102330796076179,0.0874516918993322,-0.127116547640374,NaN,NaN,NaN,NaN,NaN,NaN,NaN,NaN,NaN
NaN,NaN,-0.00338732185385501,0.000537611287048399,0.0224462969587573,0.0311265107787525,0.0985187065137628,0.0903822287655203,-0.121285127218774,NaN,NaN,NaN,NaN,NaN,NaN,NaN,NaN,NaN
NaN,NaN,-0.00758821996472155,0.00334515769403273,0.0172325110421904,0.0305139985478794,0.101900785817027,0.0875880375242559,-0.121118234213403,NaN,NaN,NaN,NaN,NaN,NaN,NaN,NaN,NaN
NaN,NaN,-0.00618535014412677,-0.00400131966550058,0.0234103834615477,0.0273910318113243,0.0970929261578325,0.0946109361684648,-0.121851557608655,NaN,NaN,NaN,NaN,NaN,NaN,NaN,NaN,NaN
NaN,NaN,-0.00559692191503321,-0.00114782180268472,0.0168056486533411,0.0305283222890769,0.0988948490751985,0.0895153723395197,-0.115114276971629,NaN,NaN,NaN,NaN,NaN,NaN,NaN,NaN,NaN
NaN,NaN,-0.00852689998767649,0.000902019184043944,0.0202776564644106,0.0238986280358707,0.100986469192624,0.0903437278902857,-0.116063555445483,NaN,NaN,NaN,NaN,NaN,NaN,NaN,NaN,NaN
NaN,NaN,-0.00302939596197879,-0.00363197575885957,0.0183079837249049,0.0303011727131282,0.0968015153242353,0.0934859730041353,-0.110850235190204,NaN,NaN,NaN,NaN,NaN,NaN,NaN,NaN,NaN
NaN,NaN,-0.00848694624922549,0.000897101800849974,0.0160173213468321,0.029219199398843,0.0983507890535596,0.0906517348921625,-0.108445243652871,NaN,NaN,NaN,NaN,NaN,NaN,NaN,NaN,NaN
NaN,NaN,-0.00811495738647258,-0.0042638222463817,0.0210827289508112,0.0267959353125965,0.0962085049880746,0.0981595545745222,-0.10932817470651,NaN,NaN,NaN,NaN,NaN,NaN,NaN,NaN,NaN
NaN,NaN,-0.00652990224383151,5.69743327408431e-05,0.0162073111520537,0.0300780837036048,0.0958757434321645,0.0946647293603746,-0.101957464333585,NaN,NaN,NaN,NaN,NaN,NaN,NaN,NaN,NaN
NaN,NaN,-0.0112713958563594,0.00239591647308165,0.0187167784558066,0.0254507329858219,0.0993837561739686,0.0958266101515619,-0.101863754656127,NaN,NaN,NaN,NaN,NaN,NaN,NaN,NaN,NaN
NaN,NaN,-0.00600944193623339,-0.00213783632595247,0.0165136976526507,0.031021047810403,0.0946204882396463,0.101179721925291,-0.0987365597150832,NaN,NaN,NaN,NaN,NaN,NaN,NaN,NaN,NaN
NaN,NaN,-0.0112742457034377,0.00292891238253409,0.0132428741441496,0.028936878273574,0.0960285920931104,0.0974371835327474,-0.0965603382549792,NaN,NaN,NaN,NaN,NaN,NaN,NaN,NaN,NaN
NaN,NaN,-0.0106352839114455,-0.00255220036585039,0.0177345684157141,0.0266126137770092,0.0951470580233339,0.103829818937811,-0.0989016459546595,NaN,NaN,NaN,NaN,NaN,NaN,NaN,NaN,NaN
NaN,NaN,-0.00682278456709658,0.00125983331721121,0.0109387262151965,0.0299589675463115,0.0921244133545163,0.0997604422009317,-0.0908471771739035,NaN,NaN,NaN,NaN,NaN,NaN,NaN,NaN,NaN
NaN,NaN,-0.0128584626557616,0.00197784576933676,0.0113833582387694,0.025741082111684,0.0980036106241945,0.0990574985480634,-0.0914378033242732,NaN,NaN,NaN,NaN,NaN,NaN,NaN,NaN,NaN
NaN,NaN,-0.00858361753247058,-0.0025725218244285,0.0113531088815459,0.0301711787081634,0.0916200463010076,0.105302537951502,-0.0875586585364848,NaN,NaN,NaN,NaN,NaN,NaN,NaN,NaN,NaN
NaN,NaN,-0.0127189877869872,0.000627167265823424,0.00608554839952073,0.0310861658848201,0.0954690721167329,0.100289042267832,-0.0853097194097548,NaN,NaN,NaN,NaN,NaN,NaN,NaN,NaN,NaN
NaN,NaN,-0.0131487559022692,-0.00450356330353922,0.0124940721677073,0.028307080695716,0.0929025519920591,0.106565131965908,-0.0865239777825385,NaN,NaN,NaN,NaN,NaN,NaN,NaN,NaN,NaN
NaN,NaN,-0.0114448453726557,-0.00253411408145136,0.00511131048066697,0.033126973042575,0.0901733856929544,0.102575830343994,-0.0777878926358729,NaN,NaN,NaN,NaN,NaN,NaN,NaN,NaN,NaN
NaN,NaN,-0.0188146616759089,-0.000641424465963304,0.00417626261575302,0.0273228031195079,0.0942828465534452,0.102592817667755,-0.0796240137181788,NaN,NaN,NaN,NaN,NaN,NaN,NaN,NaN,NaN
NaN,NaN,-0.0163268010558871,-0.00564793523032373,0.00482677280767044,0.0312776085532581,0.0862895470393899,0.108451395455631,-0.0757882313094645,NaN,NaN,NaN,NaN,NaN,NaN,NaN,NaN,NaN
NaN,NaN,-0.0196642327549246,-0.00205560054261392,-0.000156417639421612,0.0325245377219593,0.0900015753043893,0.103245339516434,-0.0733633467219382,NaN,NaN,NaN,NaN,NaN,NaN,NaN,NaN,NaN
NaN,NaN,-0.0208167258145598,-0.00538120444495386,0.0065709723518618,0.0275495242870723,0.0881661061478856,0.109696722749504,-0.0725391634963065,NaN,NaN,NaN,NaN,NaN,NaN,NaN,NaN,NaN
NaN,NaN,-0.0186571005227355,-0.00214569668848223,0.000165819971395344,0.0315824304319297,0.0870195921791795,0.109001341435942,-0.0630766467414408,NaN,NaN,NaN,NaN,NaN,NaN,NaN,NaN,NaN
NaN,NaN,-0.0249878774823931,0.000619809817483961,0.000138643978668064,0.025226451883403,0.0898587849272493,0.109608470622334,-0.0641787366233378,NaN,NaN,NaN,NaN,NaN,NaN,NaN,NaN,NaN
NaN,NaN,-0.0196752596142081,-0.00478987048942751,0.00113156422836861,0.0292544965244209,0.0824305746985677,0.114835928354296,-0.0616368220410853,NaN,NaN,NaN,NaN,NaN,NaN,NaN,NaN,NaN
NaN,NaN,-0.0224883194508341,-0.00111991937834924,-0.00387302801148811,0.0293157402969276,0.0866090465618375,0.109320859584841,-0.0578989775143176,NaN,NaN,NaN,NaN,NaN,NaN,NaN,NaN,NaN
NaN,NaN,-0.0233069333674697,-0.00474561404068178,-0.000206411035226971,0.0243102726138507,0.0853101682199243,0.115030928674969,-0.0582687125764399,NaN,NaN,NaN,NaN,NaN,NaN,NaN,NaN,NaN
NaN,NaN,-0.0204712610187319,-0.00171974699575609,-0.00667411103980461,0.0286060352421676,0.0839033682180646,0.114887821648153,-0.0500339024923354,NaN,NaN,NaN,NaN,NaN,NaN,NaN,NaN,NaN
NaN,NaN,-0.0259022872390536,0.00018784378092581,-0.00530491784350792,0.0241917897559082,0.0861970853341821,0.114715638730559,-0.0502451264522582,NaN,NaN,NaN,NaN,NaN,NaN,NaN,NaN,NaN
NaN,NaN,-0.0210777010264186,-0.00442345093567079,-0.00368374601142326,0.0280648436940586,0.0802036334110502,0.118181537065539,-0.0486032978854685,NaN,NaN,NaN,NaN,NaN,NaN,NaN,NaN,NaN
NaN,NaN,-0.0225700895728854,-8.50523598880173e-05,-0.00913105175034919,0.0286129829085742,0.0827612128390077,0.11435743344191,-0.0420351081750899,NaN,NaN,NaN,NaN,NaN,NaN,NaN,NaN,NaN
NaN,NaN,-0.0240388038995055,-0.00332547749955362,-0.00361840441958824,0.0253877942062294,0.0842000130845312,0.118684041473898,-0.0436994561217337,NaN,NaN,NaN,NaN,NaN,NaN,NaN,NaN,NaN
NaN,NaN,-0.0207107599320201,-0.00127075638253397,-0.00702881455557266,0.0295248035884773,0.080099958582044,0.11920155880216,-0.035116405900529,NaN,NaN,NaN,NaN,NaN,NaN,NaN,NaN,NaN
NaN,NaN,-0.026501872712591,0.00161327023427778,-0.00468078270690361,0.0243170526421939,0.0823843252195123,0.115373767141136,-0.0355786026678591,NaN,NaN,NaN,NaN,NaN,NaN,NaN,NaN,NaN
NaN,NaN,-0.0238748911263732,-0.00346780221540636,-0.00118392720954338,0.0257819485462581,0.0758559216095212,0.119978095564875,-0.0340819672904521,NaN,NaN,NaN,NaN,NaN,NaN,NaN,NaN,NaN
NaN,NaN,-0.0238592449071196,0.000814214091709196,-0.005655914695429,0.0259781968391811,0.075906157149196,0.115350875232252,-0.0285371520779639,NaN,NaN,NaN,NaN,NaN,NaN,NaN,NaN,NaN
NaN,NaN,-0.0271933983506945,-0.0030108953603,-0.000942845047878414,0.0217219222880279,0.0761479843689206,0.119033343318733,-0.030265034850648,NaN,NaN,NaN,NaN,NaN,NaN,NaN,NaN,NaN
NaN,NaN,-0.0230031173171786,-0.00241723309833711,-0.00224321350591102,0.0240609203077232,0.0700651254786256,0.120201147321495,-0.0230090261660128,NaN,NaN,NaN,NaN,NaN,NaN,NaN,NaN,NaN
NaN,NaN,-0.0287534195425299,0.00151961643617445,-0.00342779994146743,0.0195131231642639,0.0731172930730584,0.115871261034044,-0.0223507301173716,NaN,NaN,NaN,NaN,NaN,NaN,NaN,NaN,NaN
NaN,NaN,-0.025794812613943,-0.00247156645734018,0.00046354517204842,0.0205002505875503,0.0688893307281736,0.122576634559664,-0.0219738052449732,NaN,NaN,NaN,NaN,NaN,NaN,NaN,NaN,NaN
NaN,NaN,-0.023953997665861,0.000750493001154002,-0.00370371356742302,0.0228302334047233,0.0694390718175176,0.115654057983193,-0.0162757129631549,NaN,NaN,NaN,NaN,NaN,NaN,NaN,NaN,NaN
NaN,NaN,-0.0279958258809832,-0.00259550686557001,0.000233732013536304,0.0171335381067668,0.0700662058128122,0.118690765622887,-0.0198414490781336,NaN,NaN,NaN,NaN,NaN,NaN,NaN,NaN,NaN
NaN,NaN,-0.0227934207262782,-0.00188582043726153,-0.000342011602090984,0.0201720525122558,0.0638194155229333,0.119303724888596,-0.0135549099407702,NaN,NaN,NaN,NaN,NaN,NaN,NaN,NaN,NaN
NaN,NaN,-0.0301535140218524,0.000359728675296839,-0.00373025626079956,0.0151548501647388,0.0683823745979074,0.113920736286673,-0.0132442579827815,NaN,NaN,NaN,NaN,NaN,NaN,NaN,NaN,NaN
NaN,NaN,-0.0263731453063277,-0.00518180828172869,-9.19416682639701e-06,0.0160346333480751,0.0643815432025197,0.119287072840962,-0.0134890654347449,NaN,NaN,NaN,NaN,NaN,NaN,NaN,NaN,NaN
NaN,NaN,-0.0249020654203681,-0.00368155937273211,-0.00404813528196731,0.0190996531940376,0.0658817176057103,0.113628934297594,-0.00675690707187944,NaN,NaN,NaN,NaN,NaN,NaN,NaN,NaN,NaN
NaN,NaN,-0.0299049067737845,-0.00573307674009508,0.00172228351099572,0.0144100156224643,0.0676989514662031,0.117157398883137,-0.00969163488965326,NaN,NaN,NaN,NaN,NaN,NaN,NaN,NaN,NaN
NaN,NaN,-0.0242596763613013,-0.00574250172455019,0.00267996251447281,0.0167522173918163,0.0626162585152391,0.118380840096506,-0.00175970953326517,NaN,NaN,NaN,NaN,NaN,NaN,NaN,NaN,NaN
NaN,NaN,-0.0303637694062976,-0.00401502873379892,-0.00223807260529914,0.0139459375835334,0.0669575255645517,0.113649516526493,-0.00101042326908403,NaN,NaN,NaN,NaN,NaN,NaN,NaN,NaN,NaN
NaN,NaN,-0.0276087123396186,-0.0105707759745807,0.00334122016890129,0.0128185529805099,0.0626990903450254,0.118117834601435,-0.00151529323678308,NaN,NaN,NaN,NaN,NaN,NaN,NaN,NaN,NaN
NaN,NaN,-0.0262052278461245,-0.00897935058552927,-0.00302962228791633,0.0152977523005878,0.0629756558967832,0.114885418835911,0.00494534734267897,NaN,NaN,NaN,NaN,NaN,NaN,NaN,NaN,NaN
NaN,NaN,-0.0319692950191287,-0.00988360892612642,0.00437908604605278,0.00973298815855136,0.0649989169372323,0.11756483388308,0.00290334809202856,NaN,NaN,NaN,NaN,NaN,NaN,NaN,NaN,NaN
NaN,NaN,-0.0267485986890582,-0.012227840978691,0.00267033263905129,0.0119368326462184,0.0597785186303857,0.118527281258139,0.00999188635129637,NaN,NaN,NaN,NaN,NaN,NaN,NaN,NaN,NaN
NaN,NaN,-0.032810223424652,-0.00899982105571932,-0.00120408103005806,0.00795650897392382,0.0651558634175065,0.115160065863165,0.0109321868755311,NaN,NaN,NaN,NaN,NaN,NaN,NaN,NaN,NaN
NaN,NaN,-0.0294116038324622,-0.0152046645768375,0.00385314956171593,0.00627103863128772,0.0622586865259412,0.121120791111025,0.00918418753523535,NaN,NaN,NaN,NaN,NaN,NaN,NaN,NaN,NaN
NaN,NaN,-0.0274354677142886,-0.0133860709853858,-0.00102724149959007,0.00986013231643786,0.0640568469001058,0.118804237965378,0.0145217462219686,NaN,NaN,NaN,NaN,NaN,NaN,NaN,NaN,NaN
NaN,NaN,-0.03228447320483,-0.0140973592885227,0.00410464390976509,0.00342566190132251,0.0670334097279313,0.119786746028694,0.0130871928073854,NaN,NaN,NaN,NaN,NaN,NaN,NaN,NaN,NaN
NaN,NaN,-0.0283295001330165,-0.0190140533037872,0.000838421134782642,0.00598026109704127,0.062778830183864,0.12158529755834,0.0187201483883352,NaN,NaN,NaN,NaN,NaN,NaN,NaN,NaN,NaN
NaN,NaN,-0.0339574079456118,-0.0171611497886867,-0.00292479261891761,0.00233396557935824,0.0658821460140947,0.117876063261065,0.0196970871426553,NaN,NaN,NaN,NaN,NaN,NaN,NaN,NaN,NaN
NaN,NaN,-0.0305192816498068,-0.0241426790841312,0.000621273963285297,0.00105429110893359,0.0640119944049123,0.122758000317845,0.0162348768450708,NaN,NaN,NaN,NaN,NaN,NaN,NaN,NaN,NaN
NaN,NaN,-0.0282715718688754,-0.0234985950179786,-0.00313208639757553,0.00481005428203692,0.0620336231125596,0.118936839673552,0.0233336596526594,NaN,NaN,NaN,NaN,NaN,NaN,NaN,NaN,NaN
NaN,NaN,-0.0338037769737033,-0.023764133710453,-0.00164141148464599,-0.00153547482720266,0.065563968969703,0.117915011171135,0.0215247890688867,NaN,NaN,NaN,NaN,NaN,NaN,NaN,NaN,NaN
NaN,NaN,-0.0303309123458651,-0.0278463813253135,-0.00389159858362594,0.000340506861296795,0.0607847940458063,0.120938102874788,0.0270043558217973,NaN,NaN,NaN,NaN,NaN,NaN,NaN,NaN,NaN
NaN,NaN,-0.0343540209772376,-0.0239620583840103,-0.00603682562844673,-0.00273229884138951,0.0638803612722162,0.116894840422901,0.0286951347031087,NaN,NaN,NaN,NaN,NaN,NaN,NaN,NaN,NaN
NaN,NaN,-0.0317038308324603,-0.0284413846917838,0.000454977004361957,-0.00415437253347287,0.0626027915908101,0.122274271372589,0.0252364634313077,NaN,NaN,NaN,NaN,NaN,NaN,NaN,NaN,NaN
NaN,NaN,-0.0275437246503619,-0.026223588991949,-0.00488101706044593,-0.00135138960710416,0.0598176528049711,0.117497778657707,0.0325051381029577,NaN,NaN,NaN,NaN,NaN,NaN,NaN,NaN,NaN
NaN,NaN,-0.0342967260124472,-0.0254784564264507,-0.00567342355983177,-0.00787880601516614,0.06396665762198,0.117585192594561,0.029975628737399,NaN,NaN,NaN,NaN,NaN,NaN,NaN,NaN,NaN
NaN,NaN,-0.0314042243602065,-0.0297644587941856,-0.00732531041042724,-0.0084345261954392,0.0574137602282766,0.120664983216557,0.0337046256997079,NaN,NaN,NaN,NaN,NaN,NaN,NaN,NaN,NaN
NaN,NaN,-0.0340751829983977,-0.0251656624265403,-0.0102431812896005,-0.0101758013867463,0.0615177821649316,0.116242989126476,0.0341228454150648,NaN,NaN,NaN,NaN,NaN,NaN,NaN,NaN,NaN
NaN,NaN,-0.0320620733740119,-0.0284841137715072,-0.0028669388605825,-0.0116601060532654,0.0588856037987474,0.120983998451266,0.0302802829780073,NaN,NaN,NaN,NaN,NaN,NaN,NaN,NaN,NaN
NaN,NaN,-0.0270470689477709,-0.0275095033236236,-0.0088631474985353,-0.00651559190979848,0.0566039193702939,0.118611435565981,0.0385150558092088,NaN,NaN,NaN,NaN,NaN,NaN,NaN,NaN,NaN
NaN,NaN,-0.0340809199454573,-0.0253358895667285,-0.00971568018333831,-0.0116988490723694,0.0617510039640668,0.11846039367083,0.0353593437709302,NaN,NaN,NaN,NaN,NaN,NaN,NaN,NaN,NaN
NaN,NaN,-0.0304035368802336,-0.0315651523657531,-0.00957439854876914,-0.00969970928660283,0.0544124055935148,0.120852421197924,0.0386858789958448,NaN,NaN,NaN,NaN,NaN,NaN,NaN,NaN,NaN
NaN,NaN,-0.0326981294395713,-0.025643654424736,-0.0124401526166669,-0.0100789252125348,0.057774722231746,0.114511921230587,0.0387348106839151,NaN,NaN,NaN,NaN,NaN,NaN,NaN,NaN,NaN
NaN,NaN,-0.032785822773197,-0.029332325119564,-0.00845062747733512,-0.0100904177331055,0.0545107346309427,0.118368174109492,0.0380564166941137,NaN,NaN,NaN,NaN,NaN,NaN,NaN,NaN,NaN
NaN,NaN,-0.0303757462146071,-0.0299406836517543,-0.0143069700910322,-0.00492878588071714,0.052262223912597,0.115519891653094,0.0460629409887285,NaN,NaN,NaN,NaN,NaN,NaN,NaN,NaN,NaN
NaN,NaN,-0.0388665396215705,-0.0280829000063629,-0.0141443052901498,-0.0107037867807473,0.0548849027885202,0.113445463750395,0.0449138938226194,NaN,NaN,NaN,NaN,NaN,NaN,NaN,NaN,NaN
NaN,NaN,-0.0348438593985823,-0.0333066510744781,-0.0116694273068182,-0.00963649111023793,0.0499482598437074,0.117084532204899,0.047691749665925,NaN,NaN,NaN,NaN,NaN,NaN,NaN,NaN,NaN
NaN,NaN,-0.0372141498567847,-0.0263817648180217,-0.0145546273900739,-0.00930114047757039,0.0516814697815183,0.112332682285341,0.0506102352179975,NaN,NaN,NaN,NaN,NaN,NaN,NaN,NaN,NaN
NaN,NaN,-0.0389569896700171,-0.0293030257113666,-0.0121079498543016,-0.00998633312216649,0.0512821000350717,0.117149706158671,0.0510439335145444,NaN,NaN,NaN,NaN,NaN,NaN,NaN,NaN,NaN
NaN,NaN,-0.0360700200738696,-0.0304844083972663,-0.0172036813213102,-0.00571839841237912,0.0475917529596094,0.115403215560946,0.0576510711349935,NaN,NaN,NaN,NaN,NaN,NaN,NaN,NaN,NaN
NaN,NaN,-0.043383398229101,-0.0291464145072193,-0.017512936295437,-0.0120571847461785,0.0499230210019353,0.112557987842592,0.0563693477549047,NaN,NaN,NaN,NaN,NaN,NaN,NaN,NaN,NaN
NaN,NaN,-0.0395363654436854,-0.0328985827751846,-0.0158282296373121,-0.0113620455764855,0.0463105138672593,0.117171331468853,0.0576576276459188,NaN,NaN,NaN,NaN,NaN,NaN,NaN,NaN,NaN
NaN,NaN,-0.0418837639930037,-0.0280696007199974,-0.0208254458023778,-0.00882028000584493,0.0461903732551339,0.112576595667633,0.0609805120863408,NaN,NaN,NaN,NaN,NaN,NaN,NaN,NaN,NaN
NaN,NaN,-0.0438107076527861,-0.0317744578011722,-0.0208158531798593,-0.0113071720503892,0.0462573353482488,0.115418265733751,0.0602421222962827,NaN,NaN,NaN,NaN,NaN,NaN,NaN,NaN,NaN
NaN,NaN,-0.0392392921688346,-0.0338292534239978,-0.0246947930766813,-0.00783419566384206,0.0414452847374681,0.113717111918959,0.0673805235661954,NaN,NaN,NaN,NaN,NaN,NaN,NaN,NaN,NaN
NaN,NaN,-0.0460922058167246,-0.0321247841008396,-0.0252096654488317,-0.0121126729451741,0.0459455285502675,0.110097042444977,0.0658307282962293,NaN,NaN,NaN,NaN,NaN,NaN,NaN,NaN,NaN
NaN,NaN,-0.0420729342343596,-0.0366168509014339,-0.022285461576151,-0.0111581045590962,0.0408057455254796,0.115517805490526,0.0679236895181627,NaN,NaN,NaN,NaN,NaN,NaN,NaN,NaN,NaN
NaN,NaN,-0.0445054742934493,-0.0313603545315952,-0.0279948787404768,-0.00723272891870389,0.041206959290624,0.10940983814362,0.0735602958836049,NaN,NaN,NaN,NaN,NaN,NaN,NaN,NaN,NaN
NaN,NaN,-0.0468915041031626,-0.0342378618903846,-0.0265585185600988,-0.0122627648912991,0.0418783683611158,0.111058074209723,0.0711884035505742,NaN,NaN,NaN,NaN,NaN,NaN,NaN,NaN,NaN
NaN,NaN,-0.0428478691222457,-0.0362828972526283,-0.0297314973189107,-0.00889851110211263,0.0360020395649675,0.108832269135746,0.0764380826391668,NaN,NaN,NaN,NaN,NaN,NaN,NaN,NaN,NaN
NaN,NaN,-0.0503099608661917,-0.0335783923752994,-0.0301032626642458,-0.0138762998782719,0.0389273051453832,0.105093344274792,0.0735779165067167,NaN,NaN,NaN,NaN,NaN,NaN,NaN,NaN,NaN
NaN,NaN,-0.0482741828503398,-0.0384788254984111,-0.0263851249231569,-0.0134486738049115,0.0315564457608465,0.111544056955609,0.0754546060003728,NaN,NaN,NaN,NaN,NaN,NaN,NaN,NaN,NaN
NaN,NaN,-0.0505053709687975,-0.0326704087444038,-0.0328257048143617,-0.0114561650358761,0.0322661508156064,0.105748883608612,0.0830055645443887,NaN,NaN,NaN,NaN,NaN,NaN,NaN,NaN,NaN
NaN,NaN,-0.0523907962682036,-0.0336916970797271,-0.0281781257702581,-0.0162720526956643,0.0328369584215883,0.108628309491905,0.0804951659180612,NaN,NaN,NaN,NaN,NaN,NaN,NaN,NaN,NaN
NaN,NaN,-0.045511228168228,-0.0355910735913009,-0.0298693889393083,-0.0122100147806729,0.0282498035861257,0.108276437196764,0.0859769492186994,NaN,NaN,NaN,NaN,NaN,NaN,NaN,NaN,NaN
NaN,NaN,-0.0518273088576583,-0.0318975600190849,-0.0317382180704347,-0.0140601243280495,0.0313908938599828,0.104321780774626,0.084515033546874,NaN,NaN,NaN,NaN,NaN,NaN,NaN,NaN,NaN
NaN,NaN,-0.0496641072871474,-0.0365424382277221,-0.0288949088765852,-0.016290772279414,0.0249940116239789,0.109396091822418,0.0848751759864778,NaN,NaN,NaN,NaN,NaN,NaN,NaN,NaN,NaN
NaN,NaN,-0.0501510399820593,-0.0321284535117835,-0.037216145695614,-0.0152193229102219,0.0254285667372945,0.101684256616863,0.0922475627400369,NaN,NaN,NaN,NaN,NaN,NaN,NaN,NaN,NaN
NaN,NaN,-0.0517441790046481,-0.0326990376003475,-0.032666392774748,-0.0200986522637929,0.0260185223354104,0.101830641899141,0.086714109662959,NaN,NaN,NaN,NaN,NaN,NaN,NaN,NaN,NaN
NaN,NaN,-0.0455373052003172,-0.0373986216970176,-0.0348121041073076,-0.0162899713419999,0.020428221328378,0.0998798936343519,0.0907800032534093,NaN,NaN,NaN,NaN,NaN,NaN,NaN,NaN,NaN
NaN,NaN,-0.0523641790690211,-0.0333767237849922,-0.0381830634190313,-0.0186507064305867,0.0240741256905797,0.0960835806763498,0.0898343196846933,NaN,NaN,NaN,NaN,NaN,NaN,NaN,NaN,NaN
NaN,NaN,-0.0505598347129611,-0.0367048236318321,-0.0338252188278905,-0.0216633114420498,0.0201695557965043,0.100506636474165,0.091548530641982,NaN,NaN,NaN,NaN,NaN,NaN,NaN,NaN,NaN
NaN,NaN,-0.0508378345014838,-0.0334965850003452,-0.0387338103367559,-0.0192467715047921,0.0199097726775411,0.0934342287218897,0.0975543505289048,NaN,NaN,NaN,NaN,NaN,NaN,NaN,NaN,NaN
NaN,NaN,-0.052853533202627,-0.0337588640638084,-0.0319744759811632,-0.023734852244767,0.0208449881805185,0.0930554970836965,0.0913018232919664,NaN,NaN,NaN,NaN,NaN,NaN,NaN,NaN,NaN
NaN,NaN,-0.0482708114626196,-0.0386044236608238,-0.0342130588008634,-0.0185377556287373,0.0132795382572416,0.0933455481863348,0.0951214006878824,NaN,NaN,NaN,NaN,NaN,NaN,NaN,NaN,NaN
NaN,NaN,-0.05604474725745,-0.0333001504429073,-0.036453131736683,-0.0229297052525605,0.017452850593448,0.090137011531624,0.095208218578288,NaN,NaN,NaN,NaN,NaN,NaN,NaN,NaN,NaN
NaN,NaN,-0.0551820445301322,-0.0381022731550426,-0.0315024444474451,-0.0259537655316914,0.0137097534073594,0.0946491762733785,0.0957989937402696,NaN,NaN,NaN,NaN,NaN,NaN,NaN,NaN,NaN
NaN,NaN,-0.0536975722255496,-0.035308752466032,-0.0342234709872476,-0.0230197082661713,0.011787652624965,0.0869324609375326,0.100064115855882,NaN,NaN,NaN,NaN,NaN,NaN,NaN,NaN,NaN
NaN,NaN,-0.0550556081774024,-0.0362009781189651,-0.0307524317516557,-0.028616565784129,0.0128167454434636,0.086893885556492,0.0935484899916143,NaN,NaN,NaN,NaN,NaN,NaN,NaN,NaN,NaN
NaN,NaN,-0.0505732830109385,-0.0399126338549346,-0.0326305741085283,-0.0246960702740277,0.00770581479203732,0.090993288133177,0.0978806673325986,NaN,NaN,NaN,NaN,NaN,NaN,NaN,NaN,NaN
NaN,NaN,-0.0560265305878905,-0.0342763813920707,-0.0352043399228326,-0.0280210036241139,0.0138816010488275,0.0856341041362612,0.0999040215053052,NaN,NaN,NaN,NaN,NaN,NaN,NaN,NaN,NaN
NaN,NaN,-0.0541238758208541,-0.0407290312238426,-0.0288028197004072,-0.0300616617702569,0.0119048688842061,0.0907012440002291,0.0988445861973256,NaN,NaN,NaN,NaN,NaN,NaN,NaN,NaN,NaN
NaN,NaN,-0.0507611866535929,-0.0383662099726886,-0.0325414092852346,-0.0262471507691468,0.0105678994489911,0.0824860103166429,0.102522844705769,NaN,NaN,NaN,NaN,NaN,NaN,NaN,NaN,NaN
NaN,NaN,-0.0547113168480185,-0.0399684573300571,-0.0314789937450162,-0.0318085248970116,0.0128298398388627,0.0846479639149038,0.0951691030301542,NaN,NaN,NaN,NaN,NaN,NaN,NaN,NaN,NaN
NaN,NaN,-0.0512681427838591,-0.0453530850597114,-0.0331884177042715,-0.0284309718214596,0.00937383214962513,0.0873124032950727,0.0978573656417817,NaN,NaN,NaN,NaN,NaN,NaN,NaN,NaN,NaN
NaN,NaN,-0.0573767434301165,-0.0418506416269035,-0.0351333545161954,-0.031287971457156,0.0135894079042676,0.0816389910614816,0.099463692192027,NaN,NaN,NaN,NaN,NaN,NaN,NaN,NaN,NaN
NaN,NaN,-0.055577223324993,-0.0477474781461448,-0.027362249941992,-0.03372593181363,0.0111116428209546,0.0837618663645117,0.0969875662364454,NaN,NaN,NaN,NaN,NaN,NaN,NaN,NaN,NaN
NaN,NaN,-0.0528554144742278,-0.0460267293043823,-0.0329368861033193,-0.030098858793887,0.00894818048012287,0.079741588953766,0.102194441739509,NaN,NaN,NaN,NaN,NaN,NaN,NaN,NaN,NaN
NaN,NaN,-0.0574364225806979,-0.045997206378767,-0.0313602128638498,-0.0348724271558846,0.0133135501576665,0.0826019786036341,0.0965561776198835,NaN,NaN,NaN,NaN,NaN,NaN,NaN,NaN,NaN
NaN,NaN,-0.0524563241245535,-0.0520074034817905,-0.0316602291180364,-0.0327495704793061,0.00868040661346943,0.0865510284638731,0.100039733830878,NaN,NaN,NaN,NaN,NaN,NaN,NaN,NaN,NaN
NaN,NaN,-0.0572514246644763,-0.0486933666058273,-0.0341236890866033,-0.0352923418783272,0.0121222581995729,0.0782996408379404,0.102651069197843,NaN,NaN,NaN,NaN,NaN,NaN,NaN,NaN,NaN
NaN,NaN,-0.0552507202567843,-0.0536994489618034,-0.0280756802870504,-0.040485694577607,0.00789654965531857,0.080714057359728,0.0996412767805547,NaN,NaN,NaN,NaN,NaN,NaN,NaN,NaN,NaN
NaN,NaN,-0.0529561276974467,-0.0522627348788471,-0.03612744823234,-0.0366298887335385,0.00506545941364796,0.0783766984677641,0.10274464849014,NaN,NaN,NaN,NaN,NaN,NaN,NaN,NaN,NaN
NaN,NaN,-0.0578894737603453,-0.0530204402991027,-0.0378756897165052,-0.0424598562919224,0.0106792297495607,0.0791934497392504,0.0971303752400369,NaN,NaN,NaN,NaN,NaN,NaN,NaN,NaN,NaN
NaN,NaN,-0.0507135215642241,-0.059217646975109,-0.0358985663964025,-0.0399563680790986,0.00545234943759472,0.0829837463534204,0.0979375525154561,NaN,NaN,NaN,NaN,NaN,NaN,NaN,NaN,NaN
NaN,NaN,-0.0541095893325595,-0.0535880627818794,-0.0382799395932428,-0.0425942461394394,0.010075285686374,0.0732512764370767,0.100430721674153,NaN,NaN,NaN,NaN,NaN,NaN,NaN,NaN,NaN
NaN,NaN,-0.0524211573841361,-0.0572469497807712,-0.0330582188083402,-0.0477409954570855,0.00660817663204701,0.0781967669463484,0.0963661505617589,NaN,NaN,NaN,NaN,NaN,NaN,NaN,NaN,NaN
NaN,NaN,-0.0494804132225302,-0.0557553062923641,-0.040254585595297,-0.0424905713104332,0.00479010458123715,0.0762109823263017,0.09949755508084,NaN,NaN,NaN,NaN,NaN,NaN,NaN,NaN,NaN
NaN,NaN,-0.0541740554811743,-0.0551446194537372,-0.0406854526712171,-0.0483395005964364,0.00963028113377125,0.0747575789428083,0.0939377083219976,NaN,NaN,NaN,NaN,NaN,NaN,NaN,NaN,NaN
NaN,NaN,-0.0477960418405322,-0.0615531245954723,-0.0358043724312059,-0.0456441599332417,0.00367592613232167,0.0773139476514189,0.0947291648723573,NaN,NaN,NaN,NaN,NaN,NaN,NaN,NaN,NaN
NaN,NaN,-0.0509069013836173,-0.0556448700614662,-0.0390076191736929,-0.0475429403983677,0.00538978318703206,0.0682362533843843,0.0965496769883127,NaN,NaN,NaN,NaN,NaN,NaN,NaN,NaN,NaN
NaN,NaN,-0.0508274968209056,-0.0611602554805965,-0.036008723230528,-0.0518984380566205,0.00243179093134434,0.0729049920773832,0.0922731741108388,NaN,NaN,NaN,NaN,NaN,NaN,NaN,NaN,NaN
NaN,NaN,-0.0478712368252066,-0.0602418782897682,-0.0422498883320562,-0.0467579844795788,-0.00117060204017131,0.0703291401005117,0.0945702998675794,NaN,NaN,NaN,NaN,NaN,NaN,NaN,NaN,NaN
NaN,NaN,-0.0518977354707507,-0.0572374689169616,-0.0403657668842546,-0.0515027004682148,0.003171335561395,0.0677760682738153,0.0914243480898828,NaN,NaN,NaN,NaN,NaN,NaN,NaN,NaN,NaN
NaN,NaN,-0.0458421457054404,-0.0612192081995696,-0.0344191046072713,-0.0490974295341099,-0.00247244198787181,0.0699841968453256,0.0932611210979909,NaN,NaN,NaN,NaN,NaN,NaN,NaN,NaN,NaN
NaN,NaN,-0.0474323417486933,-0.0564875866063327,-0.0398518258346788,-0.0476285661958779,-0.00161186267602413,0.0642641998565523,0.0958686939217538,NaN,NaN,NaN,NaN,NaN,NaN,NaN,NaN,NaN
NaN,NaN,-0.0485191020610121,-0.0597333389111251,-0.037396617384123,-0.0519361007415379,-0.00224549730288951,0.0675068974233,0.0907198211886377,NaN,NaN,NaN,NaN,NaN,NaN,NaN,NaN,NaN
NaN,NaN,-0.0451708297672061,-0.0585426057465763,-0.0425976255549661,-0.0475876438819493,-0.00687713210451572,0.0653505876398413,0.0931150897182912,NaN,NaN,NaN,NaN,NaN,NaN,NaN,NaN,NaN
NaN,NaN,-0.0488982062282351,-0.0552363733537883,-0.0411294513954393,-0.0510642151736344,-0.00153111700880496,0.0617810331023065,0.0893038942255468,NaN,NaN,NaN,NaN,NaN,NaN,NaN,NaN,NaN
NaN,NaN,-0.0439634073021201,-0.0583053606339187,-0.0364378580464593,-0.0491759959065045,-0.00783645023572414,0.065661165092024,0.0882583169974775,NaN,NaN,NaN,NaN,NaN,NaN,NaN,NaN,NaN
NaN,NaN,-0.0460268828513411,-0.0552448483892173,-0.044746298493313,-0.0480330023371304,-0.00520557572114437,0.0602629214263288,0.0907380937375516,NaN,NaN,NaN,NaN,NaN,NaN,NaN,NaN,NaN
NaN,NaN,-0.0481018509211329,-0.0567871558256835,-0.0414386318637601,-0.0514543462001408,-0.00441866402494876,0.0645538784301607,0.086411467079112,NaN,NaN,NaN,NaN,NaN,NaN,NaN,NaN,NaN
NaN,NaN,-0.0437393497171191,-0.0560105818100662,-0.043417692334818,-0.0456757131420697,-0.00805490125882594,0.0640945128834574,0.0907878263630361,NaN,NaN,NaN,NaN,NaN,NaN,NaN,NaN,NaN
NaN,NaN,-0.0475144098939685,-0.0530236626752109,-0.0434791782511941,-0.0469907406174267,-0.00217566673624484,0.0605464718973963,0.0879996142127008,NaN,NaN,NaN,NaN,NaN,NaN,NaN,NaN,NaN
NaN,NaN,-0.0445933352651385,-0.0579479749091358,-0.039841693045067,-0.0442217882179345,-0.00794450228083103,0.0643686011171667,0.0859635195471734,NaN,NaN,NaN,NaN,NaN,NaN,NaN,NaN,NaN
NaN,NaN,-0.0472122888507632,-0.0553426186331005,-0.0490047523392908,-0.0423448379539574,-0.00526795570719211,0.0587683163321344,0.0894439465143174,NaN,NaN,NaN,NaN,NaN,NaN,NaN,NaN,NaN
NaN,NaN,-0.0510859015824584,-0.0572287331112117,-0.0445033536864988,-0.0478567588531102,-0.00671817396748035,0.060635599467787,0.0857522210814447,NaN,NaN,NaN,NaN,NaN,NaN,NaN,NaN,NaN
NaN,NaN,-0.0474540415646819,-0.0574002454765529,-0.0453679749383203,-0.0414447519384945,-0.0107052217887637,0.0592134698963491,0.0909556506909818,NaN,NaN,NaN,NaN,NaN,NaN,NaN,NaN,NaN
NaN,NaN,-0.0506198305132178,-0.0526257830448837,-0.046898119301962,-0.0437799501620854,-0.00667447631227939,0.0559517547226278,0.0894299394227952,NaN,NaN,NaN,NaN,NaN,NaN,NaN,NaN,NaN
NaN,NaN,-0.0486763838174132,-0.0588783847876281,-0.0441055858148805,-0.0414977441929902,-0.0106606673167941,0.0617710865772096,0.0885887129940481,NaN,NaN,NaN,NaN,NaN,NaN,NaN,NaN,NaN
NaN,NaN,-0.0497533279897956,-0.0542580189891548,-0.0516088606430761,-0.0410383227669323,-0.00896312703359096,0.0572564631438581,0.0929648673870057,NaN,NaN,NaN,NaN,NaN,NaN,NaN,NaN,NaN
NaN,NaN,-0.0535538505258349,-0.0544210935719699,-0.0464058408154718,-0.0486276331745709,-0.00968864594566791,0.05817588341597,0.0895972235836477,NaN,NaN,NaN,NaN,NaN,NaN,NaN,NaN,NaN
NaN,NaN,-0.049168531918743,-0.055727646011898,-0.0501044207824937,-0.0438774037562932,-0.0145035464035269,0.058141983274254,0.0928852765597791,NaN,NaN,NaN,NaN,NaN,NaN,NaN,NaN,NaN
NaN,NaN,-0.0530326824130801,-0.0507667328007907,-0.0529058949662916,-0.0455131600998963,-0.0100177194641825,0.0554587870574323,0.0908848888017625,NaN,NaN,NaN,NaN,NaN,NaN,NaN,NaN,NaN
NaN,NaN,-0.0511154431345252,-0.058717508126089,-0.051805183441805,-0.0455959733032311,-0.0139617588089701,0.0603970691299764,0.0892400613762826,NaN,NaN,NaN,NaN,NaN,NaN,NaN,NaN,NaN
NaN,NaN,-0.0513718734922198,-0.0545015598424167,-0.0570822620405428,-0.0448989528619374,-0.0148062448667285,0.0539084516203729,0.0929104408957452,NaN,NaN,NaN,NaN,NaN,NaN,NaN,NaN,NaN
NaN,NaN,-0.0543465550484446,-0.0538669566400737,-0.0518529602898828,-0.0518997419082249,-0.015181474732041,0.0536364681756822,0.0889962597526998,NaN,NaN,NaN,NaN,NaN,NaN,NaN,NaN,NaN
NaN,NaN,-0.0485438938679484,-0.0555005336888523,-0.0557466150833837,-0.0471625137530888,-0.0225064757930037,0.0538925446307985,0.0921209587492437,NaN,NaN,NaN,NaN,NaN,NaN,NaN,NaN,NaN
NaN,NaN,-0.0515901382508067,-0.0507452192493171,-0.0572823101295702,-0.0464729997717465,-0.0162656645940539,0.0502395808434812,0.0909228122570009,NaN,NaN,NaN,NaN,NaN,NaN,NaN,NaN,NaN
NaN,NaN,-0.0491232323887137,-0.0572478811033458,-0.0530355536951295,-0.0456241923772419,-0.0210448767708537,0.0545920423901407,0.0906685611941308,NaN,NaN,NaN,NaN,NaN,NaN,NaN,NaN,NaN
NaN,NaN,-0.0490116413178233,-0.0518433416970462,-0.0556741209341756,-0.0449408623777951,-0.0217321183251139,0.0481052502727835,0.0939358084239454,NaN,NaN,NaN,NaN,NaN,NaN,NaN,NaN,NaN
NaN,NaN,-0.0519362177195338,-0.049281422305891,-0.051319647730755,-0.0512781585954751,-0.0198812450932261,0.0457346804178087,0.090406524274537,NaN,NaN,NaN,NaN,NaN,NaN,NaN,NaN,NaN
NaN,NaN,-0.0461560572924403,-0.0509795213826389,-0.0534056240333787,-0.0470334510706986,-0.0271464179919955,0.0481667175627081,0.0922373181917161,NaN,NaN,NaN,NaN,NaN,NaN,NaN,NaN,NaN
NaN,NaN,-0.0483349237086562,-0.0462756904550285,-0.0557760448767416,-0.047324303110751,-0.0223556201623675,0.0425462603307096,0.0927269889749975,NaN,NaN,NaN,NaN,NaN,NaN,NaN,NaN,NaN
NaN,NaN,-0.0473392653705863,-0.0506230297275276,-0.0475521498932115,-0.047278370281371,-0.0256672542260882,0.0470930143928854,0.0903899094798059,NaN,NaN,NaN,NaN,NaN,NaN,NaN,NaN,NaN
NaN,NaN,-0.0449625301601676,-0.044442195702383,-0.0505125077082388,-0.0469715926252926,-0.0258051458464858,0.0420183308160631,0.0952662213482351,NaN,NaN,NaN,NaN,NaN,NaN,NaN,NaN,NaN
NaN,NaN,-0.0472633812072066,-0.0423622171171398,-0.0471494460119478,-0.0521970759533967,-0.0229351822005507,0.0424407787359087,0.0918090029396505,NaN,NaN,NaN,NaN,NaN,NaN,NaN,NaN,NaN
NaN,NaN,-0.0400891985239771,-0.0440538341887683,-0.0480340161933176,-0.0471989843451108,-0.0275147188173529,0.0455970681941835,0.0927419646419973,NaN,NaN,NaN,NaN,NaN,NaN,NaN,NaN,NaN
NaN,NaN,-0.0416999209167746,-0.0413674528487415,-0.0499580727531187,-0.0469619068705166,-0.0243820104466674,0.0394713870919077,0.0910147524215669,NaN,NaN,NaN,NaN,NaN,NaN,NaN,NaN,NaN
NaN,NaN,-0.0413040715696601,-0.0453747662492484,-0.0427779109789602,-0.0489220428668583,-0.0263785052763221,0.0424297705030767,0.0869657530226201,NaN,NaN,NaN,NaN,NaN,NaN,NaN,NaN,NaN
NaN,NaN,-0.0396601568403033,-0.0422676506229133,-0.0479138383282892,-0.0470497678422059,-0.0265476893352267,0.0383748478925554,0.0913466757871599,NaN,NaN,NaN,NaN,NaN,NaN,NaN,NaN,NaN
NaN,NaN,-0.0429289873184947,-0.0418155866451949,-0.0457818360640279,-0.0523227858745183,-0.0244877900646922,0.036854780439171,0.0879089592732877,NaN,NaN,NaN,NaN,NaN,NaN,NaN,NaN,NaN
NaN,NaN,-0.0368629853668002,-0.0454369599707813,-0.0462558420016042,-0.0465791332923497,-0.0292162451611754,0.0382369376457063,0.0880586414374799,NaN,NaN,NaN,NaN,NaN,NaN,NaN,NaN,NaN
NaN,NaN,-0.0401298786940363,-0.0414103868194312,-0.0457655192925207,-0.0444826144181813,-0.0258713815079924,0.0319967783725588,0.0869469403066129,NaN,NaN,NaN,NaN,NaN,NaN,NaN,NaN,NaN
NaN,NaN,-0.040095661902645,-0.0447003396936149,-0.0392611065520517,-0.0481679882310952,-0.0264758284853694,0.0358542978501646,0.0823553523756952,NaN,NaN,NaN,NaN,NaN,NaN,NaN,NaN,NaN
NaN,NaN,-0.0393026221039084,-0.0424749444015712,-0.0436106251193754,-0.0463111545347298,-0.0275613967047927,0.0325103841460077,0.0873586593903989,NaN,NaN,NaN,NaN,NaN,NaN,NaN,NaN,NaN
NaN,NaN,-0.0436214256527213,-0.0409560876675338,-0.0421198198212854,-0.0519579868220414,-0.0247917551265952,0.0301714792585699,0.0830049126185865,NaN,NaN,NaN,NaN,NaN,NaN,NaN,NaN,NaN
NaN,NaN,-0.0387419100346354,-0.045515004802534,-0.0407347196354143,-0.0471708956562603,-0.031472057448506,0.0338697425759165,0.0826195313372106,NaN,NaN,NaN,NaN,NaN,NaN,NaN,NaN,NaN
NaN,NaN,-0.0415266949178961,-0.0413815344460697,-0.0417247527851335,-0.0469649243556584,-0.0270610529648062,0.0284731752908556,0.0808850361742467,NaN,NaN,NaN,NaN,NaN,NaN,NaN,NaN,NaN
NaN,NaN,-0.0411749157550124,-0.044351279992649,-0.0360829310132734,-0.0522128339313591,-0.0286477658616301,0.0323588579631178,0.0774537457861394,NaN,NaN,NaN,NaN,NaN,NaN,NaN,NaN,NaN
NaN,NaN,-0.0389119881632117,-0.0443747493215293,-0.0420354792489282,-0.051733649840268,-0.030601363973498,0.0281145043409197,0.0819992705025167,NaN,NaN,NaN,NaN,NaN,NaN,NaN,NaN,NaN
NaN,NaN,-0.0417161631824759,-0.0422492290623874,-0.0415311867012254,-0.056507572104844,-0.0271392654346225,0.0269588075316278,0.0779284967817754,NaN,NaN,NaN,NaN,NaN,NaN,NaN,NaN,NaN
NaN,NaN,-0.0367582674565104,-0.0467874335833282,-0.0391432942463628,-0.05164405660859,-0.0315809290574786,0.0321102693415014,0.0770787208117933,NaN,NaN,NaN,NaN,NaN,NaN,NaN,NaN,NaN
NaN,NaN,-0.0366116586568144,-0.041812941689083,-0.0408209414793722,-0.0511380504273499,-0.0267717282937762,0.0264809645450441,0.0768135919012517,NaN,NaN,NaN,NaN,NaN,NaN,NaN,NaN,NaN
NaN,NaN,-0.0375169787051467,-0.0458028579838962,-0.0362843202068082,-0.0553156282209481,-0.0274888839291331,0.0284064739680616,0.0738302304186315,NaN,NaN,NaN,NaN,NaN,NaN,NaN,NaN,NaN
NaN,NaN,-0.0342510539533881,-0.0456971342452259,-0.043376490624117,-0.0522835958205784,-0.0293348956571814,0.0246760427689878,0.0780674128570051,NaN,NaN,NaN,NaN,NaN,NaN,NaN,NaN,NaN
NaN,NaN,-0.0371619771661547,-0.0446351843662948,-0.040736526401209,-0.0565755213998879,-0.0264286104308364,0.0236612923181383,0.0727459101714582,NaN,NaN,NaN,NaN,NaN,NaN,NaN,NaN,NaN
NaN,NaN,-0.0324413079263953,-0.0484163540192337,-0.036847975255417,-0.0518656741284455,-0.030738212512612,0.0285559698677389,0.0707513524927587,NaN,NaN,NaN,NaN,NaN,NaN,NaN,NaN,NaN
NaN,NaN,-0.0321879695596484,-0.0426524731107444,-0.0390498453392259,-0.0508256103300179,-0.0274534936712977,0.0223353497422067,0.0729877001382798,NaN,NaN,NaN,NaN,NaN,NaN,NaN,NaN,NaN
NaN,NaN,-0.033557311767557,-0.0449167045541496,-0.0336634480966798,-0.0544831934773053,-0.0268755707608458,0.025514847759041,0.0712596311010808,NaN,NaN,NaN,NaN,NaN,NaN,NaN,NaN,NaN
NaN,NaN,-0.0293511237444666,-0.0442295933850498,-0.0382511617256872,-0.0511616315149392,-0.0291794951723811,0.0236701771355001,0.0769415183701009,NaN,NaN,NaN,NaN,NaN,NaN,NaN,NaN,NaN
NaN,NaN,-0.0315803560855177,-0.041434061039278,-0.0351107978834383,-0.0550872120462979,-0.0274642970131633,0.0222759127354948,0.0708155951239557,NaN,NaN,NaN,NaN,NaN,NaN,NaN,NaN,NaN
NaN,NaN,-0.0261600400748042,-0.0444824288376064,-0.0311487095071546,-0.0524660232864941,-0.0318092334734198,0.0253506183362333,0.0690637214817495,NaN,NaN,NaN,NaN,NaN,NaN,NaN,NaN,NaN
NaN,NaN,-0.0259294446053294,-0.0400476197488994,-0.0368198120607606,-0.0500441375576581,-0.0300139974521395,0.0196346819138853,0.0704080297388524,NaN,NaN,NaN,NaN,NaN,NaN,NaN,NaN,NaN
NaN,NaN,-0.0284560296180037,-0.0413899536021442,-0.0332383924736253,-0.0560162249409283,-0.02848575298655,0.0220999672746984,0.0674984848834962,NaN,NaN,NaN,NaN,NaN,NaN,NaN,NaN,NaN
NaN,NaN,-0.0228175233545092,-0.0423484521694869,-0.0362754726423494,-0.0533995810352887,-0.0326283689306971,0.0205364443099825,0.0698656088449449,NaN,NaN,NaN,NaN,NaN,NaN,NaN,NaN,NaN
NaN,NaN,-0.0255284543576029,-0.0370292405374736,-0.0341071487976781,-0.057054891755494,-0.0293290096985099,0.0176720127201406,0.064588902775237,NaN,NaN,NaN,NaN,NaN,NaN,NaN,NaN,NaN
NaN,NaN,-0.0198369372131613,-0.0409662390835971,-0.0307344572259656,-0.0534889693760003,-0.0338451418744323,0.022837239477667,0.0619837327637166,NaN,NaN,NaN,NaN,NaN,NaN,NaN,NaN,NaN
NaN,NaN,-0.0188953514637736,-0.0367847869880885,-0.0372941160215608,-0.0500839795374001,-0.0303561839925048,0.0176336981094209,0.0639590493180246,NaN,NaN,NaN,NaN,NaN,NaN,NaN,NaN,NaN
NaN,NaN,-0.0227550316097525,-0.0389950948544235,-0.0322494582845441,-0.0562139819764222,-0.0290532078312632,0.0196546680963365,0.0584024249352903,NaN,NaN,NaN,NaN,NaN,NaN,NaN,NaN,NaN
NaN,NaN,-0.0171669844033507,-0.0403014051504821,-0.0344461129619352,-0.0529253515802945,-0.0333126302527186,0.0184542678034632,0.0610602146722764,NaN,NaN,NaN,NaN,NaN,NaN,NaN,NaN,NaN
NaN,NaN,-0.0214757482948092,-0.0367036129124851,-0.0335607232166997,-0.0552650574051465,-0.0302775244878527,0.0147306352591841,0.0563855155148,NaN,NaN,NaN,NaN,NaN,NaN,NaN,NaN,NaN
NaN,NaN,-0.0182499262931136,-0.0428031611033172,-0.0316985437287561,-0.0516442428731049,-0.0337315205203292,0.0193437739944784,0.0541728234626741,NaN,NaN,NaN,NaN,NaN,NaN,NaN,NaN,NaN
NaN,NaN,-0.0187728266658572,-0.0394461902566642,-0.0374134370698206,-0.0487671452962483,-0.0313684571253058,0.0125738225615351,0.0563739857413263,NaN,NaN,NaN,NaN,NaN,NaN,NaN,NaN,NaN
NaN,NaN,-0.023004570180395,-0.0418575147875041,-0.0315804892791978,-0.0558114271067704,-0.0318701419697997,0.0148520610964624,0.0515189080275983,NaN,NaN,NaN,NaN,NaN,NaN,NaN,NaN,NaN
NaN,NaN,-0.0174452449621943,-0.0423975142427177,-0.0323005320145361,-0.0514158080720032,-0.0364110659526583,0.0151125333941309,0.0557556993104905,NaN,NaN,NaN,NaN,NaN,NaN,NaN,NaN,NaN
NaN,NaN,-0.0219017724933413,-0.0383730645068378,-0.0327633434547655,-0.0535525787078465,-0.0336025509701964,0.0124303802585928,0.053238185379693,NaN,NaN,NaN,NaN,NaN,NaN,NaN,NaN,NaN
NaN,NaN,-0.0187802027406481,-0.0418651330061645,-0.0311282762898675,-0.0495443712376679,-0.0345212820636031,0.0174310795700876,0.0506968109645337,NaN,NaN,NaN,NaN,NaN,NaN,NaN,NaN,NaN
NaN,NaN,-0.0181853670122412,-0.0385038594492168,-0.0366219618930093,-0.0466285492681588,-0.0328399467931983,0.0128716595208971,0.0553960039057226,NaN,NaN,NaN,NaN,NaN,NaN,NaN,NaN,NaN
NaN,NaN,-0.0226722929122237,-0.0399538541920871,-0.031836751998829,-0.0526422295176114,-0.0315329659448859,0.0144947871303884,0.0504122546650857,NaN,NaN,NaN,NaN,NaN,NaN,NaN,NaN,NaN
NaN,NaN,-0.0162300366403845,-0.0409518222101421,-0.0328223706795446,-0.047362971624049,-0.0361679348813292,0.0174019105470506,0.0543792417981118,NaN,NaN,NaN,NaN,NaN,NaN,NaN,NaN,NaN
NaN,NaN,-0.0211269121112612,-0.0361958558448047,-0.0358069801344148,-0.0480556148492421,-0.0306175689862963,0.012710782859358,0.051820023242423,NaN,NaN,NaN,NaN,NaN,NaN,NaN,NaN,NaN
NaN,NaN,-0.0187979164960173,-0.0397444742508621,-0.0325782896591894,-0.045064467509898,-0.0326289090977904,0.0166623100376455,0.0489389582313985,NaN,NaN,NaN,NaN,NaN,NaN,NaN,NaN,NaN
NaN,NaN,-0.0168841976167945,-0.0357500503547878,-0.0366257803155653,-0.041042774488839,-0.0311305042074916,0.012604239556822,0.0546302332319707,NaN,NaN,NaN,NaN,NaN,NaN,NaN,NaN,NaN
NaN,NaN,-0.0210364620628146,-0.0371215532310695,-0.0318985918177835,-0.0448177787863339,-0.0297483842538592,0.0140765860414831,0.0512017368115873,NaN,NaN,NaN,NaN,NaN,NaN,NaN,NaN,NaN
NaN,NaN,-0.0141921538355139,-0.0389870296009273,-0.0326557943238489,-0.0396425868772591,-0.0341468717621562,0.0164098657405702,0.0538832939006776,NaN,NaN,NaN,NaN,NaN,NaN,NaN,NaN,NaN
NaN,NaN,-0.0210556845607546,-0.0342574569173545,-0.0365147666646711,-0.0406366619669522,-0.0302165042327639,0.00956738290551584,0.0527700654007882,NaN,NaN,NaN,NaN,NaN,NaN,NaN,NaN,NaN
NaN,NaN,-0.0204036469998149,-0.037844594825098,-0.0318231360627882,-0.0410951706968869,-0.0339700136052367,0.0135860211885301,0.048993384722659,NaN,NaN,NaN,NaN,NaN,NaN,NaN,NaN,NaN
NaN,NaN,-0.0191194463016776,-0.0347272160239906,-0.0364878514422647,-0.0376909817957009,-0.0347863178418872,0.00823352408770006,0.0535577594079465,NaN,NaN,NaN,NaN,NaN,NaN,NaN,NaN,NaN
NaN,NaN,-0.0225888836624411,-0.0355474131890029,-0.0332155191911928,-0.0424090060793484,-0.0344907346831557,0.00874508095148485,0.0509570783712358,NaN,NaN,NaN,NaN,NaN,NaN,NaN,NaN,NaN
NaN,NaN,-0.0172967735173491,-0.0374319444187374,-0.0344751888527147,-0.0391344014011944,-0.0383787642883059,0.0103420756495325,0.0538613146879167,NaN,NaN,NaN,NaN,NaN,NaN,NaN,NaN,NaN
NaN,NaN,-0.0216339054944304,-0.0311723391302318,-0.0385196992768518,-0.0404162737928952,-0.0342229421900508,0.00417416838172358,0.0534425175525636,NaN,NaN,NaN,NaN,NaN,NaN,NaN,NaN,NaN
NaN,NaN,-0.0206838074567107,-0.0335869605429859,-0.0326499828709833,-0.0415658611260975,-0.0360941741334197,0.0100402712560026,0.0500814302601308,NaN,NaN,NaN,NaN,NaN,NaN,NaN,NaN,NaN
NaN,NaN,-0.0178463655950812,-0.0299033003636093,-0.0377803967906705,-0.0363131459259118,-0.0376505259143111,0.00572599393490236,0.053647520277688,NaN,NaN,NaN,NaN,NaN,NaN,NaN,NaN,NaN
NaN,NaN,-0.0232700157406119,-0.0302817339785785,-0.0359892772151701,-0.0425585764848317,-0.0361243303583857,0.0059920914209215,0.0495623483099431,NaN,NaN,NaN,NaN,NaN,NaN,NaN,NaN,NaN
NaN,NaN,-0.0187265399338988,-0.0319135601409168,-0.0374963620318643,-0.0401352192663277,-0.0405460077987906,0.00601766553882044,0.0522232859172315,NaN,NaN,NaN,NaN,NaN,NaN,NaN,NaN,NaN
NaN,NaN,-0.0230582516135958,-0.0270596000142784,-0.0402344876541368,-0.0413198802076901,-0.0369750003980395,-0.00103926363226492,0.0512486009635419,NaN,NaN,NaN,NaN,NaN,NaN,NaN,NaN,NaN
NaN,NaN,-0.022416011566141,-0.0299551191516609,-0.0347321593775026,-0.0424593720041836,-0.038818106399655,0.00448917892936151,0.0455432071127386,NaN,NaN,NaN,NaN,NaN,NaN,NaN,NaN,NaN
NaN,NaN,-0.0176048922779349,-0.0280306900628299,-0.03839935377376,-0.036042633970889,-0.0427409488426444,-0.000412092384067364,0.0485082029141874,NaN,NaN,NaN,NaN,NaN,NaN,NaN,NaN,NaN
NaN,NaN,-0.0230913321914462,-0.0271360243447513,-0.0373068192614786,-0.0425274330579365,-0.0395231920944449,-0.0013880811893614,0.0460947922207803,NaN,NaN,NaN,NaN,NaN,NaN,NaN,NaN,NaN
NaN,NaN,-0.018332497352579,-0.0297296832092494,-0.0351156966401807,-0.0389107722245778,-0.0439965765641925,-0.000813790436950512,0.048010280612895,NaN,NaN,NaN,NaN,NaN,NaN,NaN,NaN,NaN
NaN,NaN,-0.0217774223031787,-0.0237977917082996,-0.0358271339549295,-0.0390982288323964,-0.0392877910004851,-0.00729294570919592,0.0481406657733411,NaN,NaN,NaN,NaN,NaN,NaN,NaN,NaN,NaN
NaN,NaN,-0.0216239217164305,-0.0282483028956146,-0.0288293623937837,-0.0398984398149575,-0.0421336706446406,-0.00200754108664114,0.0423434435166807,NaN,NaN,NaN,NaN,NaN,NaN,NaN,NaN,NaN
NaN,NaN,-0.0182936612012175,-0.0265034327991695,-0.0329435729994051,-0.0347759980165089,-0.0454851280616519,-0.00580253156658728,0.0462182855941743,NaN,NaN,NaN,NaN,NaN,NaN,NaN,NaN,NaN
NaN,NaN,-0.0239084746184138,-0.0240565503724307,-0.0316807554675809,-0.0402848269247139,-0.0428165349828002,-0.0069774136209162,0.0449263735451192,NaN,NaN,NaN,NaN,NaN,NaN,NaN,NaN,NaN
NaN,NaN,-0.020058107698181,-0.0267191829868049,-0.0281439834846727,-0.0378872859679783,-0.0476290885077712,-0.00567816274997313,0.0453705585338563,NaN,NaN,NaN,NaN,NaN,NaN,NaN,NaN,NaN
NaN,NaN,-0.0217146884145526,-0.0208631383963317,-0.0297222585989706,-0.0368468868934239,-0.0435874465571639,-0.0104572631680639,0.0456719531454534,NaN,NaN,NaN,NaN,NaN,NaN,NaN,NaN,NaN
NaN,NaN,-0.0211269679906157,-0.0244280549474449,-0.0247284138216249,-0.0379372607373322,-0.0446753058301207,-0.00373009669419844,0.0401577784456701,NaN,NaN,NaN,NaN,NaN,NaN,NaN,NaN,NaN
NaN,NaN,-0.0172414902093199,-0.0229760485478134,-0.0282650554193727,-0.032540265043887,-0.0454850535558459,-0.00463999884959776,0.0454972370304555,NaN,NaN,NaN,NaN,NaN,NaN,NaN,NaN,NaN
NaN,NaN,-0.022643738562086,-0.0206589366086215,-0.0274005831791631,-0.0368570941888417,-0.0394976738559005,-0.00661861228581984,0.0436086824871988,NaN,NaN,NaN,NaN,NaN,NaN,NaN,NaN,NaN
NaN,NaN,-0.0179517354311732,-0.0254094081707687,-0.0235101693882219,-0.0352032515608395,-0.0437346141504046,-0.00475864934560377,0.0419542438127489,NaN,NaN,NaN,NaN,NaN,NaN,NaN,NaN,NaN
NaN,NaN,-0.0199816647412566,-0.021856729198286,-0.0267805831147901,-0.0334705445372189,-0.0417684990631339,-0.00987522381183226,0.0416532962359876,NaN,NaN,NaN,NaN,NaN,NaN,NaN,NaN,NaN
NaN,NaN,-0.0204751166941908,-0.0264461750872821,-0.0247126744701139,-0.0359921004079903,-0.0424540269838568,-0.00528168010350782,0.0354746787585706,NaN,NaN,NaN,NaN,NaN,NaN,NaN,NaN,NaN
NaN,NaN,-0.0166859749200133,-0.0260700325258464,-0.0283930191411249,-0.0316011752389992,-0.0440314452813861,-0.00856643619772512,0.0413886329867334,NaN,NaN,NaN,NaN,NaN,NaN,NaN,NaN,NaN
NaN,NaN,-0.0234720009805945,-0.0243331531770915,-0.026266176403927,-0.0363506223463143,-0.0383160676525828,-0.0115888573491247,0.0392174220420808,NaN,NaN,NaN,NaN,NaN,NaN,NaN,NaN,NaN
NaN,NaN,-0.0185355443002967,-0.0291063303836078,-0.0211759397401086,-0.0357806901835526,-0.0444212782846686,-0.00717395993706305,0.0373372494019956,NaN,NaN,NaN,NaN,NaN,NaN,NaN,NaN,NaN
NaN,NaN,-0.0199513222517756,-0.0249069223888606,-0.0251364448680154,-0.0326246987485016,-0.0429752137230632,-0.0108320087456377,0.0388184434511156,NaN,NaN,NaN,NaN,NaN,NaN,NaN,NaN,NaN
NaN,NaN,-0.0208118270578173,-0.0263757112212867,-0.0229155385507814,-0.0361107509039963,-0.0417856353985068,-0.00632453786965925,0.0341840519346685,NaN,NaN,NaN,NaN,NaN,NaN,NaN,NaN,NaN
NaN,NaN,-0.0157819028439311,-0.0269051681049556,-0.0259780065728895,-0.0333864647351826,-0.0447946641312835,-0.00872783439990599,0.0403295702077836,NaN,NaN,NaN,NaN,NaN,NaN,NaN,NaN,NaN
NaN,NaN,-0.0236133384945182,-0.024339411664793,-0.0248018020405046,-0.039499982764634,-0.0408561195896861,-0.0122048713528784,0.0371185189821214,NaN,NaN,NaN,NaN,NaN,NaN,NaN,NaN,NaN
NaN,NaN,-0.0200298141183642,-0.0302540364452094,-0.0215777681781522,-0.0409228946470345,-0.0477892573641536,-0.00770028757688124,0.0339407718517274,NaN,NaN,NaN,NaN,NaN,NaN,NaN,NaN,NaN
NaN,NaN,-0.0203974443914679,-0.0262495728917808,-0.0276383125795595,-0.0385822947525109,-0.0452044088112113,-0.0119122870528372,0.0351207389273138,NaN,NaN,NaN,NaN,NaN,NaN,NaN,NaN,NaN
NaN,NaN,-0.0199256177487162,-0.0277438054569454,-0.0234447905434839,-0.042235742827567,-0.0429618213044402,-0.00880649390455801,0.0304064026810617,NaN,NaN,NaN,NaN,NaN,NaN,NaN,NaN,NaN
NaN,NaN,-0.0145466524603156,-0.0289051088281364,-0.0254569129659406,-0.0400283779405678,-0.0462826940881011,-0.0107592351996573,0.0349728635289163,NaN,NaN,NaN,NaN,NaN,NaN,NaN,NaN,NaN
NaN,NaN,-0.0198501061143664,-0.0259707535393924,-0.0238496923460237,-0.04409566851488,-0.0421037379370925,-0.0147206157707842,0.0322820490934343,NaN,NaN,NaN,NaN,NaN,NaN,NaN,NaN,NaN
NaN,NaN,-0.0156800534071711,-0.0321107956357688,-0.0215208271159402,-0.043486676683339,-0.0459118600653407,-0.0105203323328169,0.0276323838867635,NaN,NaN,NaN,NaN,NaN,NaN,NaN,NaN,NaN
NaN,NaN,-0.0151018697263983,-0.0289468320794792,-0.0270965994908086,-0.0399713064931954,-0.0420214835273024,-0.0153791912161978,0.0287110789455862,NaN,NaN,NaN,NaN,NaN,NaN,NaN,NaN,NaN
NaN,NaN,-0.0150721977891711,-0.0307433905788154,-0.0230182261778585,-0.0414190474354352,-0.0409327860640284,-0.0143379353248747,0.0241304992475004,NaN,NaN,NaN,NaN,NaN,NaN,NaN,NaN,NaN
NaN,NaN,-0.0119532916190413,-0.0327525327690334,-0.0232020506276361,-0.037958439012679,-0.0454013462828395,-0.0159715123736532,0.0285936019160242,NaN,NaN,NaN,NaN,NaN,NaN,NaN,NaN,NaN
NaN,NaN,-0.0186504881324557,-0.0288024025746078,-0.0234608279182188,-0.0405670176648224,-0.0426760915385482,-0.0211484737956198,0.0252915791012735,NaN,NaN,NaN,NaN,NaN,NaN,NaN,NaN,NaN
NaN,NaN,-0.0157903592529086,-0.032967724163124,-0.0203586669279806,-0.0404455545746411,-0.0439604226218459,-0.0161341585480841,0.0209612085260839,NaN,NaN,NaN,NaN,NaN,NaN,NaN,NaN,NaN
NaN,NaN,-0.0157902661206511,-0.028364625085184,-0.0240919293476812,-0.0370398383044327,-0.0424172024892566,-0.0193980343901785,0.0242370611764879,NaN,NaN,NaN,NaN,NaN,NaN,NaN,NaN,NaN
NaN,NaN,-0.0155885975303439,-0.0282401258834094,-0.0194131323708765,-0.0383427772127713,-0.0399338308440444,-0.0175394498073729,0.0205130188502759,NaN,NaN,NaN,NaN,NaN,NaN,NaN,NaN,NaN
NaN,NaN,-0.0127189505340842,-0.0299852381237239,-0.0186459833397142,-0.0349157150291527,-0.0460375513600108,-0.0162459358834894,0.0229157193340749,NaN,NaN,NaN,NaN,NaN,NaN,NaN,NaN,NaN
NaN,NaN,-0.0181964683773306,-0.025164060551712,-0.0215861873342268,-0.0374955530666436,-0.0402157049344775,-0.021444653000799,0.0177973008491487,NaN,NaN,NaN,NaN,NaN,NaN,NaN,NaN,NaN
NaN,NaN,-0.015131858313301,-0.0295070412345619,-0.0186064952625505,-0.0404343973301972,-0.0416274781988856,-0.0161296881997259,0.0137726089693994,NaN,NaN,NaN,NaN,NaN,NaN,NaN,NaN,NaN
NaN,NaN,-0.0136596422138003,-0.0255337397344798,-0.0231704787923566,-0.0359557229482258,-0.0414824526475665,-0.0202227950358065,0.0174457079507799,NaN,NaN,NaN,NaN,NaN,NaN,NaN,NaN,NaN
NaN,NaN,-0.0150198574604777,-0.0255684221871585,-0.0192315244688264,-0.0377208213709916,-0.038772173570275,-0.0189529367053183,0.0126005767621488,NaN,NaN,NaN,NaN,NaN,NaN,NaN,NaN,NaN
NaN,NaN,-0.0111042048277644,-0.0286983365901203,-0.0208264143778554,-0.0336572374605263,-0.0442198145853278,-0.0170253411197336,0.0132042414285631,NaN,NaN,NaN,NaN,NaN,NaN,NaN,NaN,NaN
NaN,NaN,-0.0163076716902045,-0.0240855145045013,-0.0246928000463716,-0.0359825450383748,-0.0369295704828498,-0.0218703046703013,0.00979928884286589,NaN,NaN,NaN,NaN,NaN,NaN,NaN,NaN,NaN
NaN,NaN,-0.0141048889102725,-0.0288325774260253,-0.0199823939813844,-0.0391150857709969,-0.0377094972597358,-0.0172465116047533,0.00819812181968397,NaN,NaN,NaN,NaN,NaN,NaN,NaN,NaN,NaN
NaN,NaN,-0.0115656937899378,-0.0257298576422424,-0.0248218441023103,-0.0321313958071793,-0.0374628644155261,-0.0215135708713206,0.0128156191446275,NaN,NaN,NaN,NaN,NaN,NaN,NaN,NaN,NaN
NaN,NaN,-0.0149299662055758,-0.0262433330305309,-0.0223523864163629,-0.0339149530433739,-0.0340641889439818,-0.0203410916292341,0.00711233008284277,NaN,NaN,NaN,NaN,NaN,NaN,NaN,NaN,NaN
NaN,NaN,-0.0139151226224688,-0.0306374805756301,-0.0256832057251207,-0.0300635057889546,-0.0401977490352389,-0.0187654242181452,0.0083639717437715,NaN,NaN,NaN,NaN,NaN,NaN,NaN,NaN,NaN
NaN,NaN,-0.0211648355664996,-0.0269299412854404,-0.0286739805354349,-0.0343599389695252,-0.0350263196693656,-0.0237303979956778,0.00675559628386206,NaN,NaN,NaN,NaN,NaN,NaN,NaN,NaN,NaN
NaN,NaN,-0.0202218342067984,-0.030448906380722,-0.022725064457821,-0.0369495931469525,-0.0384407717453238,-0.0201372437441023,0.00512216824669546,NaN,NaN,NaN,NaN,NaN,NaN,NaN,NaN,NaN
NaN,NaN,-0.0165229562165526,-0.0279292317815513,-0.0274175146235696,-0.0303638945721711,-0.0392301793860194,-0.0232974447571905,0.0105566589869947,NaN,NaN,NaN,NaN,NaN,NaN,NaN,NaN,NaN
NaN,NaN,-0.0209639679136065,-0.0265135842152328,-0.0261411184086076,-0.0326448153161133,-0.0365083891617057,-0.0219517208897742,0.00522463235635466,NaN,NaN,NaN,NaN,NaN,NaN,NaN,NaN,NaN
NaN,NaN,-0.0197235952558306,-0.0306712875850887,-0.0278856904818288,-0.0298889573120202,-0.0410118553506133,-0.0192386105918558,0.0083554967083425,NaN,NaN,NaN,NaN,NaN,NaN,NaN,NaN,NaN
NaN,NaN,-0.0240423615517405,-0.0265101942010612,-0.0314619877948038,-0.0337343509697045,-0.036496561365008,-0.0244546130561503,0.00847284335274405,NaN,NaN,NaN,NaN,NaN,NaN,NaN,NaN,NaN
NaN,NaN,-0.0217053565623549,-0.0284463952072353,-0.0264383593215219,-0.0363201867245759,-0.0391532521413562,-0.0212148212158354,0.00499291929979033,NaN,NaN,NaN,NaN,NaN,NaN,NaN,NaN,NaN
NaN,NaN,-0.0183618712665824,-0.0279903079159946,-0.0329713077856771,-0.030125531872424,-0.0402730930315253,-0.0238095604145201,0.00920188266415304,NaN,NaN,NaN,NaN,NaN,NaN,NaN,NaN,NaN
NaN,NaN,-0.0234032507481364,-0.0261358211525173,-0.0324541629864446,-0.0338750365578259,-0.0375041592584845,-0.0245272003376158,0.00427689987797445,NaN,NaN,NaN,NaN,NaN,NaN,NaN,NaN,NaN
NaN,NaN,-0.0214855085553912,-0.0294951948114128,-0.0308101178719274,-0.0301509010993565,-0.0411274511085746,-0.0227340318524512,0.00539789560813612,NaN,NaN,NaN,NaN,NaN,NaN,NaN,NaN,NaN
NaN,NaN,-0.0240846249701766,-0.0235744605549068,-0.0342421160651914,-0.0330326366626347,-0.0371707830296752,-0.028807577517,0.00621410671252913,NaN,NaN,NaN,NaN,NaN,NaN,NaN,NaN,NaN
NaN,NaN,-0.020606861585596,-0.0254818278141708,-0.0285146498693697,-0.0330185550653065,-0.0384011346565482,-0.0249397017323645,0.00233850095052427,NaN,NaN,NaN,NaN,NaN,NaN,NaN,NaN,NaN
NaN,NaN,-0.0164665925743369,-0.0256884324141235,-0.0332067088796369,-0.0273222509228314,-0.039822165267348,-0.0267816901468905,0.0070441945232839,NaN,NaN,NaN,NaN,NaN,NaN,NaN,NaN,NaN
NaN,NaN,-0.0227481398227004,-0.0232244322784633,-0.0315965080274812,-0.0292420979045952,-0.0360004085766074,-0.0282146603130968,0.00341797832030958,NaN,NaN,NaN,NaN,NaN,NaN,NaN,NaN,NaN
NaN,NaN,-0.0196469101550368,-0.02710892285783,-0.0291012899591199,-0.0271397303246583,-0.0401689339147803,-0.025326014336315,0.003788737837264,NaN,NaN,NaN,NaN,NaN,NaN,NaN,NaN,NaN
NaN,NaN,-0.0232817690315035,-0.0205193872340412,-0.0329408907903902,-0.0288140993022049,-0.0373715202974078,-0.0326155878865393,0.00534607682008452,NaN,NaN,NaN,NaN,NaN,NaN,NaN,NaN,NaN
NaN,NaN,-0.0212846222760466,-0.0240845459290237,-0.0273715072883836,-0.0310049239002789,-0.0410771038101908,-0.0294243179523619,0.00134796488661474,NaN,NaN,NaN,NaN,NaN,NaN,NaN,NaN,NaN
NaN,NaN,-0.0182662430646208,-0.0241564626582355,-0.0319747367514841,-0.0252646054529274,-0.0433991331325766,-0.0304469101392897,0.00730194735903448,NaN,NaN,NaN,NaN,NaN,NaN,NaN,NaN,NaN
NaN,NaN,-0.0236908617856291,-0.0207278544791431,-0.0290553385032884,-0.0272959876262272,-0.0386064167784449,-0.0313056826853426,0.00378331753987974,NaN,NaN,NaN,NaN,NaN,NaN,NaN,NaN,NaN
NaN,NaN,-0.0197398375215319,-0.0226685072072238,-0.0262691752626173,-0.0261877510153378,-0.0411075208054778,-0.0271685615443857,0.00530001360554403,NaN,NaN,NaN,NaN,NaN,NaN,NaN,NaN,NaN
NaN,NaN,-0.0216719407083777,-0.0166246707328052,-0.0300401562465898,-0.0271591018342103,-0.0384795706437823,-0.0343778737151297,0.00791011962670988,NaN,NaN,NaN,NaN,NaN,NaN,NaN,NaN,NaN
NaN,NaN,-0.021271583760002,-0.020210989076683,-0.0247521998001806,-0.0303084808789814,-0.0400157499777076,-0.0303873054945143,0.00419481310624784,NaN,NaN,NaN,NaN,NaN,NaN,NaN,NaN,NaN
NaN,NaN,-0.0176056373359946,-0.0222336913235874,-0.0304253885163538,-0.0243824380838002,-0.0423181097673175,-0.0303983137273462,0.0083247258104772,NaN,NaN,NaN,NaN,NaN,NaN,NaN,NaN,NaN
NaN,NaN,-0.0249525803568152,-0.018398020673582,-0.0292115771784059,-0.0268491390549267,-0.0370322953628299,-0.0322945609950693,0.00278059977669424,NaN,NaN,NaN,NaN,NaN,NaN,NaN,NaN,NaN
NaN,NaN,-0.022687398964384,-0.0231345410235614,-0.0264232346429102,-0.025926813056382,-0.0408210459815261,-0.0294267207646044,0.00235446381945318,NaN,NaN,NaN,NaN,NaN,NaN,NaN,NaN,NaN
NaN,NaN,-0.0255818191411284,-0.0198151583560199,-0.0317433589710466,-0.0260877269708241,-0.0388059805797335,-0.0377684094273718,0.00429813403267569,NaN,NaN,NaN,NaN,NaN,NaN,NaN,NaN,NaN
NaN,NaN,-0.0261032107713011,-0.0247808958180637,-0.0268314519538156,-0.0292420047723378,-0.0388280901776549,-0.0329532295727404,0.00103390428800291,NaN,NaN,NaN,NaN,NaN,NaN,NaN,NaN,NaN
NaN,NaN,-0.0224120627584246,-0.0259839596935005,-0.0300756396366827,-0.0229073162578667,-0.0416855927275416,-0.0326761797332438,0.00473674971241659,NaN,NaN,NaN,NaN,NaN,NaN,NaN,NaN,NaN
NaN,NaN,-0.0302047740163592,-0.0210630561001987,-0.0286389255537263,-0.02578512163988,-0.0357720855342147,-0.0343684487306746,0.000844436023423138,NaN,NaN,NaN,NaN,NaN,NaN,NaN,NaN,NaN
NaN,NaN,-0.0278564627709178,-0.0263634177633018,-0.0241944307102434,-0.0247617471419896,-0.0408000539706942,-0.0311272412800463,0.00131419513005919,NaN,NaN,NaN,NaN,NaN,NaN,NaN,NaN,NaN
NaN,NaN,-0.0305646556856421,-0.0246790650077552,-0.0316882433010809,-0.0257539595865334,-0.0404262769685981,-0.0386348746978911,0.00401674422998136,NaN,NaN,NaN,NaN,NaN,NaN,NaN,NaN,NaN
NaN,NaN,-0.0312010842802313,-0.0291223863847942,-0.0253318735970728,-0.0305413115226353,-0.0400917086468932,-0.0330630325042875,-0.000291274603417453,NaN,NaN,NaN,NaN,NaN,NaN,NaN,NaN,NaN
NaN,NaN,-0.0274244594814566,-0.0290566536374778,-0.0276614838852159,-0.0252060811423386,-0.0423580262528655,-0.0317719027661951,0.00304593357820219,NaN,NaN,NaN,NaN,NaN,NaN,NaN,NaN,NaN
NaN,NaN,-0.0335289623083857,-0.0225495959408969,-0.0272343420995943,-0.0274232994221772,-0.0376349914537665,-0.0344291709625395,-0.000850682821085987,NaN,NaN,NaN,NaN,NaN,NaN,NaN,NaN,NaN
NaN,NaN,-0.0313699144365576,-0.0273972975798339,-0.0248564147962801,-0.0282946261965359,-0.0418792333172557,-0.0297542669140967,-0.00113445680957132,NaN,NaN,NaN,NaN,NaN,NaN,NaN,NaN,NaN
NaN,NaN,-0.0305802646519927,-0.0245034175701827,-0.0307834261669389,-0.027817267497691,-0.040165972308993,-0.035195761200157,0.0030885322727651,NaN,NaN,NaN,NaN,NaN,NaN,NaN,NaN,NaN
NaN,NaN,-0.0311823460700301,-0.0287427793033809,-0.0247934201373331,-0.0329200211369122,-0.037935305731177,-0.0289050497376593,-0.00143611219148928,NaN,NaN,NaN,NaN,NaN,NaN,NaN,NaN,NaN
NaN,NaN,-0.0257635015489844,-0.0282460304685325,-0.0260185749842397,-0.0260632704400147,-0.0398517254458663,-0.0267466537916334,0.000801204029509487,NaN,NaN,NaN,NaN,NaN,NaN,NaN,NaN,NaN
NaN,NaN,-0.0311333585026053,-0.0242174084075183,-0.0285890252901784,-0.0277041676842297,-0.0357345159815547,-0.0311865665280493,-0.00218841594081217,NaN,NaN,NaN,NaN,NaN,NaN,NaN,NaN,NaN
NaN,NaN,-0.0298888135196952,-0.0300453270562381,-0.0263209009184114,-0.029033127745303,-0.0403583276735541,-0.0274983242416056,-0.00432593163471514,NaN,NaN,NaN,NaN,NaN,NaN,NaN,NaN,NaN
NaN,NaN,-0.0276651318611888,-0.0285513738878459,-0.0308637620522253,-0.0291099991106118,-0.0402857217656371,-0.0343375660741003,0.000731839124152126,NaN,NaN,NaN,NaN,NaN,NaN,NaN,NaN,NaN
NaN,NaN,-0.0283338400962142,-0.0315393733568878,-0.0244849288477174,-0.0340907308661068,-0.0380489457117316,-0.0307408169173868,-0.00562128957729631,NaN,NaN,NaN,NaN,NaN,NaN,NaN,NaN,NaN
NaN,NaN,-0.0232135962190417,-0.0319695140011997,-0.0258502477421037,-0.0276694107257451,-0.0421145599054095,-0.0292294852697523,-0.00206352558355623,NaN,NaN,NaN,NaN,NaN,NaN,NaN,NaN,NaN
NaN,NaN,-0.0281285020949629,-0.0272361042686195,-0.0286468231691591,-0.0287916171752537,-0.0372510444091555,-0.0336501382553251,-0.00366931196670824,NaN,NaN,NaN,NaN,NaN,NaN,NaN,NaN,NaN
NaN,NaN,-0.0266252543272761,-0.0328121746667118,-0.0235453175021879,-0.0311276722156132,-0.0422693829702136,-0.029430110778776,-0.00419195156913096,NaN,NaN,NaN,NaN,NaN,NaN,NaN,NaN,NaN
NaN,NaN,-0.0229117173197058,-0.0298968928642959,-0.0280793496979944,-0.0306671704553689,-0.0416679162250754,-0.0350641094410094,0.000142572704741421,NaN,NaN,NaN,NaN,NaN,NaN,NaN,NaN,NaN
NaN,NaN,-0.0252236511053828,-0.0309749546237678,-0.0234235191358797,-0.0368901002608861,-0.0383224751518962,-0.0314860426151427,-0.0062556506357699,NaN,NaN,NaN,NaN,NaN,NaN,NaN,NaN,NaN
NaN,NaN,-0.021320161545494,-0.0325376580246181,-0.0261506924046747,-0.030280392190131,-0.0435712601708171,-0.0308915421628626,-0.00458986845236116,NaN,NaN,NaN,NaN,NaN,NaN,NaN,NaN,NaN
NaN,NaN,-0.0273451480510024,-0.0283352139182777,-0.0303485730303995,-0.033191743811282,-0.0384372140930888,-0.0356384560727747,-0.00590431850772196,NaN,NaN,NaN,NaN,NaN,NaN,NaN,NaN,NaN
NaN,NaN,-0.0253408859910754,-0.0339869263358802,-0.0239347779764406,-0.0369190085136021,-0.0431260879801509,-0.0304862492048414,-0.00840821650247866,NaN,NaN,NaN,NaN,NaN,NaN,NaN,NaN,NaN
NaN,NaN,-0.0200881335379866,-0.0293834361024589,-0.0289298148466817,-0.0358683648907269,-0.0399724993573424,-0.0359143138193758,-0.00450692486386591,NaN,NaN,NaN,NaN,NaN,NaN,NaN,NaN,NaN
NaN,NaN,-0.0230546008291033,-0.0295015091784686,-0.024209927917885,-0.0405702400409306,-0.0375562946962115,-0.0325928077363642,-0.0110442319176703,NaN,NaN,NaN,NaN,NaN,NaN,NaN,NaN,NaN
NaN,NaN,-0.018629160845497,-0.0324754270501823,-0.0278723166896574,-0.0330537404321755,-0.0410024303661582,-0.0316534199082525,-0.0112702639065295,NaN,NaN,NaN,NaN,NaN,NaN,NaN,NaN,NaN
NaN,NaN,-0.0234184499325541,-0.0285926687308044,-0.0309475065781347,-0.0342581826650227,-0.0360190164016482,-0.0378604054712923,-0.0116303318403273,NaN,NaN,NaN,NaN,NaN,NaN,NaN,NaN,NaN
NaN,NaN,-0.0216433304788855,-0.0344693700559825,-0.0244586282982103,-0.0374039854311074,-0.0388145673738715,-0.0332129009329947,-0.0148905755243807,NaN,NaN,NaN,NaN,NaN,NaN,NaN,NaN,NaN
NaN,NaN,-0.0178429383280066,-0.0313063750751705,-0.0293936693681947,-0.0349449399315442,-0.0382329936789271,-0.039120596673456,-0.0112088338695078,NaN,NaN,NaN,NaN,NaN,NaN,NaN,NaN,NaN
NaN,NaN,-0.0231485153975276,-0.0316087568886966,-0.0256037452830545,-0.037642217745694,-0.036336858169913,-0.0372144215070875,-0.0165685952864199,NaN,NaN,NaN,NaN,NaN,NaN,NaN,NaN,NaN
NaN,NaN,-0.0191820311786917,-0.0342264997549743,-0.0291505941762201,-0.0311725805901612,-0.0402991328107116,-0.036323201682535,-0.0139422842524558,NaN,NaN,NaN,NaN,NaN,NaN,NaN,NaN,NaN
NaN,NaN,-0.0214602138342646,-0.0295417050607891,-0.0302050562216512,-0.0319244000517453,-0.0362662639187571,-0.041356292393175,-0.0124269851706534,NaN,NaN,NaN,NaN,NaN,NaN,NaN,NaN,NaN
NaN,NaN,-0.0199378367008952,-0.032116513956377,-0.0223606565608255,-0.0354195419155682,-0.0378244597183463,-0.03652297037479,-0.0137741619012862,NaN,NaN,NaN,NaN,NaN,NaN,NaN,NaN,NaN
NaN,NaN,-0.0167137655856398,-0.0300162884183616,-0.0272756928219072,-0.032580330541047,-0.0382650311754939,-0.0388370462023886,-0.00929368075352007,NaN,NaN,NaN,NaN,NaN,NaN,NaN,NaN,NaN
NaN,NaN,-0.0231772187592772,-0.0276393483169765,-0.0264222288145296,-0.0350057925485695,-0.0356678891645667,-0.0378447965049418,-0.0137339287660628,NaN,NaN,NaN,NaN,NaN,NaN,NaN,NaN,NaN
NaN,NaN,-0.0176507692279605,-0.0315862933881969,-0.0287213662280313,-0.0309333797000969,-0.0392392132149932,-0.03536405118939,-0.0117878743670493,NaN,NaN,NaN,NaN,NaN,NaN,NaN,NaN,NaN
NaN,NaN,-0.0195658105852393,-0.0261403101273269,-0.0300846548392049,-0.0313240136407937,-0.0357811752425429,-0.0402210846805247,-0.0116689817271739,NaN,NaN,NaN,NaN,NaN,NaN,NaN,NaN,NaN
NaN,NaN,-0.0201396356763629,-0.0306003953107089,-0.0242358931912653,-0.0365771758758153,-0.037786387251496,-0.0350206539296778,-0.0147481576762705,NaN,NaN,NaN,NaN,NaN,NaN,NaN,NaN,NaN
NaN,NaN,-0.0171119246127394,-0.0300532246716709,-0.0312127472473852,-0.0325835156642521,-0.0406527559922931,-0.0376421779656084,-0.0116203108094245,NaN,NaN,NaN,NaN,NaN,NaN,NaN,NaN,NaN
NaN,NaN,-0.0223450261595038,-0.0280919710882396,-0.0306912438585035,-0.0346236336433018,-0.0360157381461856,-0.0369770273828181,-0.0138266884944945,NaN,NaN,NaN,NaN,NaN,NaN,NaN,NaN,NaN
NaN,NaN,-0.0151327523829726,-0.0310724454708785,-0.0296638087941877,-0.0297061759435261,-0.0386608060168025,-0.0339432068431051,-0.0123191007636099,NaN,NaN,NaN,NaN,NaN,NaN,NaN,NaN,NaN
NaN,NaN,-0.0168944980444697,-0.0260253290422649,-0.0301768744005434,-0.0283599491619195,-0.0351617153452632,-0.0391184918844374,-0.010904459025672,NaN,NaN,NaN,NaN,NaN,NaN,NaN,NaN,NaN
NaN,NaN,-0.0182624060156134,-0.0308475124426574,-0.0272538812472097,-0.0322793084584797,-0.0368689600096938,-0.0336763270461233,-0.0149070785604029,NaN,NaN,NaN,NaN,NaN,NaN,NaN,NaN,NaN
NaN,NaN,-0.0169804963710097,-0.0305473099239559,-0.0337319189323656,-0.0289829853378857,-0.0403271283673045,-0.0368729241454275,-0.0103957147560626,NaN,NaN,NaN,NaN,NaN,NaN,NaN,NaN,NaN
NaN,NaN,-0.0236177715899733,-0.0274951609559745,-0.0328507201387159,-0.0319502349399651,-0.0365162308977839,-0.0392379805707606,-0.0140633375607043,NaN,NaN,NaN,NaN,NaN,NaN,NaN,NaN,NaN
NaN,NaN,-0.0185131925585059,-0.0304270575531215,-0.0303706826283208,-0.0292757745288933,-0.0418003130422828,-0.0354371600114973,-0.0142571271620303,NaN,NaN,NaN,NaN,NaN,NaN,NaN,NaN,NaN
NaN,NaN,-0.0215585801245955,-0.0256354960389823,-0.0322766529037229,-0.0287346947394932,-0.039400574164271,-0.0405093290173681,-0.0123386957905799,NaN,NaN,NaN,NaN,NaN,NaN,NaN,NaN,NaN
NaN,NaN,-0.021472749436119,-0.0292220006473751,-0.0295162686719171,-0.0335737537049378,-0.0404206145273444,-0.0336249552929075,-0.0156355777047186,NaN,NaN,NaN,NaN,NaN,NaN,NaN,NaN,NaN
NaN,NaN,-0.0189744766297129,-0.0276556650884838,-0.0335754008604757,-0.0288256849550332,-0.0434338155852553,-0.0370554633700522,-0.0101005786321669,NaN,NaN,NaN,NaN,NaN,NaN,NaN,NaN,NaN
NaN,NaN,-0.0237694840373782,-0.0223065021224708,-0.0310186596228353,-0.0320610623263443,-0.0389133434461352,-0.0386845141911181,-0.0145957933030634,NaN,NaN,NaN,NaN,NaN,NaN,NaN,NaN,NaN
NaN,NaN,-0.0185441310944346,-0.0274356308170051,-0.0278832504166833,-0.0295080091260994,-0.0436867069171664,-0.0334048092627199,-0.0170220189950972,NaN,NaN,NaN,NaN,NaN,NaN,NaN,NaN,NaN
NaN,NaN,-0.0199117410423545,-0.0230766686387748,-0.0331739635779134,-0.0276545095645512,-0.0409651029573676,-0.0375145122670801,-0.0152830534837752,NaN,NaN,NaN,NaN,NaN,NaN,NaN,NaN,NaN
NaN,NaN,-0.0205364722254065,-0.0263708683438987,-0.0298176446570627,-0.0326089035176362,-0.040326997982144,-0.0336642757320078,-0.0191548035703211,NaN,NaN,NaN,NaN,NaN,NaN,NaN,NaN,NaN
NaN,NaN,-0.0185485083105353,-0.0261916818805427,-0.0329388977600805,-0.0272505577110375,-0.044668544428229,-0.0388399519288214,-0.0154641212187319,NaN,NaN,NaN,NaN,NaN,NaN,NaN,NaN,NaN
NaN,NaN,-0.0227700631561068,-0.0210962298103065,-0.0306750388457052,-0.0304535809361065,-0.0390517938600776,-0.0415029384457739,-0.0203777046165972,NaN,NaN,NaN,NaN,NaN,NaN,NaN,NaN,NaN
NaN,NaN,-0.0179895098747996,-0.0270524474569053,-0.028817683608698,-0.0273806075953568,-0.0438150990473029,-0.0357454836630495,-0.0214538478515654,NaN,NaN,NaN,NaN,NaN,NaN,NaN,NaN,NaN
NaN,NaN,-0.0181949223818568,-0.0216537567563743,-0.0333549195541612,-0.0240914556585873,-0.0398867245482203,-0.0388296515011461,-0.0182300188801795,NaN,NaN,NaN,NaN,NaN,NaN,NaN,NaN,NaN
NaN,NaN,-0.0214717808606414,-0.024668727327177,-0.0285013505830041,-0.0271469201349343,-0.0390074256526229,-0.0372363634669455,-0.0209216156266242,NaN,NaN,NaN,NaN,NaN,NaN,NaN,NaN,NaN
NaN,NaN,-0.019060363197544,-0.023811389017889,-0.0298377612246744,-0.0228917631708706,-0.0430740643011329,-0.0417241461836966,-0.0183519103787451,NaN,NaN,NaN,NaN,NaN,NaN,NaN,NaN,NaN
NaN,NaN,-0.0245300206782607,-0.0198509770222396,-0.0294539631916753,-0.0266145947777356,-0.0376454967724082,-0.0427482284867438,-0.0218376645110159,NaN,NaN,NaN,NaN,NaN,NaN,NaN,NaN,NaN
NaN,NaN,-0.0209929320456771,-0.0253440106995792,-0.0272140206410162,-0.025511610826167,-0.0423700961934325,-0.0355988748633536,-0.0239874736629038,NaN,NaN,NaN,NaN,NaN,NaN,NaN,NaN,NaN
NaN,NaN,-0.0210961598398474,-0.0228642153330535,-0.0310225898041002,-0.0232461314105118,-0.0403405952917334,-0.0403912000620039,-0.0194075086377173,NaN,NaN,NaN,NaN,NaN,NaN,NaN,NaN,NaN
NaN,NaN,-0.0251310962679175,-0.0244042875953407,-0.0263640956594221,-0.0284298914872731,-0.0401057529913184,-0.0403055928909453,-0.0227706262133627,NaN,NaN,NaN,NaN,NaN,NaN,NaN,NaN,NaN
NaN,NaN,-0.0213581595065383,-0.0235498736389369,-0.0271964000179044,-0.0253767925702656,-0.0438398536013362,-0.0406910114252241,-0.018545998003295,NaN,NaN,NaN,NaN,NaN,NaN,NaN,NaN,NaN
NaN,NaN,-0.0247865627946643,-0.0187942052968234,-0.028082814217972,-0.0279825586282338,-0.0377145077751872,-0.0393098600470694,-0.0200349406562358,NaN,NaN,NaN,NaN,NaN,NaN,NaN,NaN,NaN
NaN,NaN,-0.020356130922058,-0.0241429026015491,-0.0258604177846185,-0.0263436730407799,-0.0393066037164923,-0.0308807015680941,-0.0206574366651087,NaN,NaN,NaN,NaN,NaN,NaN,NaN,NaN,NaN
NaN,NaN,-0.0191032785417823,-0.0219163152166099,-0.0300051198913328,-0.0231941077314938,-0.0375112373100516,-0.0365406096243532,-0.0155360752008467,NaN,NaN,NaN,NaN,NaN,NaN,NaN,NaN,NaN
NaN,NaN,-0.0241217102350978,-0.0219287204333038,-0.0261214116229288,-0.0287124733828629,-0.0358049612210986,-0.0354369364940794,-0.0196283997259646,NaN,NaN,NaN,NaN,NaN,NaN,NaN,NaN,NaN
NaN,NaN,-0.020360824787834,-0.0226080643721313,-0.0288740845038168,-0.0262569669090832,-0.0402336794601676,-0.035122969027725,-0.0164238491318732,NaN,NaN,NaN,NaN,NaN,NaN,NaN,NaN,NaN
NaN,NaN,-0.0246917355301169,-0.0185780825801582,-0.0313504526032678,-0.0278770025276268,-0.0353477377163169,-0.0355020918213995,-0.0180774682424574,NaN,NaN,NaN,NaN,NaN,NaN,NaN,NaN,NaN
NaN,NaN,-0.0207654844465045,-0.0260494316704959,-0.0272029751552812,-0.0263669374786938,-0.0374461564885375,-0.0310160413646372,-0.0185927131436377,NaN,NaN,NaN,NaN,NaN,NaN,NaN,NaN,NaN
NaN,NaN,-0.0209951485934046,-0.0231849069483966,-0.0299946890784971,-0.0224115359984959,-0.0357372168170211,-0.0369066193961771,-0.0129066535494834,NaN,NaN,NaN,NaN,NaN,NaN,NaN,NaN,NaN
NaN,NaN,-0.0258212062957076,-0.021140970546791,-0.0238446073247663,-0.0275426018439854,-0.0336198176907298,-0.0344040438794764,-0.0155796424708872,NaN,NaN,NaN,NaN,NaN,NaN,NaN,NaN,NaN
NaN,NaN,-0.0216656077148703,-0.0229434708841533,-0.0258202777816526,-0.0246337647937859,-0.0381872657405135,-0.0328283578419359,-0.0132745632193595,NaN,NaN,NaN,NaN,NaN,NaN,NaN,NaN,NaN
NaN,NaN,-0.0254392895343093,-0.0207032116838188,-0.0289685392393343,-0.0279851477049912,-0.0339249003397223,-0.0354049362504156,-0.0145566591284781,NaN,NaN,NaN,NaN,NaN,NaN,NaN,NaN,NaN
NaN,NaN,-0.0212258371951369,-0.0271042848714084,-0.0248403029157392,-0.0275511141323174,-0.0372861552702185,-0.0327092416846426,-0.015516033139041,NaN,NaN,NaN,NaN,NaN,NaN,NaN,NaN,NaN
NaN,NaN,-0.021470327997425,-0.0239205959029884,-0.0287362301363222,-0.024847987612399,-0.0380142073796984,-0.0376182616018923,-0.0105656811259299,NaN,NaN,NaN,NaN,NaN,NaN,NaN,NaN,NaN
NaN,NaN,-0.0270440142097262,-0.0219481664486617,-0.0239848645045034,-0.0305016185545052,-0.0375033955739733,-0.0364293538295897,-0.0152645574174433,NaN,NaN,NaN,NaN,NaN,NaN,NaN,NaN,NaN
NaN,NaN,-0.0215129266919879,-0.0252118187733383,-0.0262376220537893,-0.0297478246890629,-0.0416372757123706,-0.0350909129047068,-0.014156171794942,NaN,NaN,NaN,NaN,NaN,NaN,NaN,NaN,NaN
NaN,NaN,-0.0235339525582579,-0.0222210439630241,-0.0295404644324056,-0.031387473961028,-0.0377661216722724,-0.0381610550248297,-0.0141872593424826,NaN,NaN,NaN,NaN,NaN,NaN,NaN,NaN,NaN
NaN,NaN,-0.018922229433277,-0.0265411327369899,-0.0247638785852663,-0.0303258779846753,-0.0396602641509768,-0.0344268799090059,-0.0157777161560565,NaN,NaN,NaN,NaN,NaN,NaN,NaN,NaN,NaN
NaN,NaN,-0.0186476010324744,-0.0226346070655078,-0.0269545727981798,-0.0268032621049012,-0.0404693413244483,-0.0383566886448534,-0.0114680023155718,NaN,NaN,NaN,NaN,NaN,NaN,NaN,NaN,NaN
NaN,NaN,-0.0244304995479373,-0.0212295765765399,-0.024404741974043,-0.0328733432494725,-0.0381092022823092,-0.0382961526775034,-0.0183145457170516,NaN,NaN,NaN,NaN,NaN,NaN,NaN,NaN,NaN
NaN,NaN,-0.0191903944554118,-0.0262699502297134,-0.0269009099914304,-0.0336392815612877,-0.0412054586874244,-0.0369834721350344,-0.0177317054234057,NaN,NaN,NaN,NaN,NaN,NaN,NaN,NaN,NaN
NaN,NaN,-0.0211464885117797,-0.0234442057796211,-0.029654551447796,-0.0334998253189648,-0.0390610325800177,-0.0414657973014982,-0.0171965302191287,NaN,NaN,NaN,NaN,NaN,NaN,NaN,NaN,NaN
NaN,NaN,-0.0191698494794158,-0.0278720113225669,-0.0255024546398393,-0.03435675384632,-0.041482471274018,-0.0390500396752032,-0.0211764627359419,NaN,NaN,NaN,NaN,NaN,NaN,NaN,NaN,NaN
NaN,NaN,-0.0201349976899413,-0.0260831269212455,-0.0269475878788702,-0.0305466200613106,-0.044122398244023,-0.042880774315563,-0.0176032201610118,NaN,NaN,NaN,NaN,NaN,NaN,NaN,NaN,NaN
NaN,NaN,-0.0267013247551707,-0.0242394621260852,-0.0266150312139265,-0.0376236844264592,-0.0396591279374358,-0.0424063213431509,-0.0234534346721678,NaN,NaN,NaN,NaN,NaN,NaN,NaN,NaN,NaN
NaN,NaN,-0.0191125731410769,-0.0286153371222705,-0.0251872950805894,-0.0352760623597229,-0.0437980744706389,-0.0377200737857493,-0.0181917228959113,NaN,NaN,NaN,NaN,NaN,NaN,NaN,NaN,NaN
NaN,NaN,-0.0201426904144076,-0.023893606174776,-0.0271645860387556,-0.0331420111857975,-0.0407856557236907,-0.0416804857813986,-0.0163259857557326,NaN,NaN,NaN,NaN,NaN,NaN,NaN,NaN,NaN
NaN,NaN,-0.0187210451307086,-0.0257427285202236,-0.0223323443545572,-0.0346960719131554,-0.0411801453398463,-0.0384776488208445,-0.019405832257083,NaN,NaN,NaN,NaN,NaN,NaN,NaN,NaN,NaN
NaN,NaN,-0.0182699497284678,-0.0240295978971214,-0.025712765903639,-0.0309095192157353,-0.0429345894323584,-0.0398534916603239,-0.0176571251116305,NaN,NaN,NaN,NaN,NaN,NaN,NaN,NaN,NaN
NaN,NaN,-0.0245201300325183,-0.0221850576587409,-0.025871407390999,-0.0387918982111538,-0.0378218147622344,-0.0398526534700068,-0.0222453789077311,NaN,NaN,NaN,NaN,NaN,NaN,NaN,NaN,NaN
NaN,NaN,-0.0169214505197791,-0.026447572071144,-0.0234779642535917,-0.0356008890472973,-0.0439989234970805,-0.0358207345270785,-0.017711626108697,NaN,NaN,NaN,NaN,NaN,NaN,NaN,NaN,NaN
NaN,NaN,-0.0195680830123213,-0.0219407158680648,-0.0276336745931379,-0.0332229803704346,-0.0395282957421538,-0.0412642404699,-0.0169336551092177,NaN,NaN,NaN,NaN,NaN,NaN,NaN,NaN,NaN
NaN,NaN,-0.0188647295775202,-0.0238467606492729,-0.0230093041075937,-0.0344214993917073,-0.0387725460993048,-0.0369984291755827,-0.0229980924389868,NaN,NaN,NaN,NaN,NaN,NaN,NaN,NaN,NaN
NaN,NaN,-0.017372136140087,-0.0228413234241695,-0.0264155605448953,-0.0306127812170113,-0.0386168103383776,-0.0366899378859671,-0.0202428118548899,NaN,NaN,NaN,NaN,NaN,NaN,NaN,NaN,NaN
NaN,NaN,-0.0214181739332465,-0.0217741208859176,-0.0253404231383077,-0.0366007942163075,-0.034051709221482,-0.0377814293169649,-0.0221213639936953,NaN,NaN,NaN,NaN,NaN,NaN,NaN,NaN,NaN
NaN,NaN,-0.0152890096845416,-0.0259793775864334,-0.0219906979812852,-0.0324371676348771,-0.0388043041990992,-0.0349880762660177,-0.0189776473901778,NaN,NaN,NaN,NaN,NaN,NaN,NaN,NaN,NaN
NaN,NaN,-0.0176594491543559,-0.0229909124561042,-0.0274028183533422,-0.0294877621733273,-0.0361941609250304,-0.0411089144909056,-0.019127255048564,NaN,NaN,NaN,NaN,NaN,NaN,NaN,NaN,NaN
NaN,NaN,-0.0191265802325991,-0.0248215014823169,-0.0241634176685087,-0.0321205179595078,-0.0358937348889109,-0.0382192068063887,-0.0255376600883513,NaN,NaN,NaN,NaN,NaN,NaN,NaN,NaN,NaN
NaN,NaN,-0.017408532226303,-0.0249503779001922,-0.0276835189773313,-0.02950189965001,-0.0379432033466098,-0.038822796966997,-0.0200727523527651,NaN,NaN,NaN,NaN,NaN,NaN,NaN,NaN,NaN
NaN,NaN,-0.0228553723039416,-0.0234624597020835,-0.0263420046879522,-0.0344447638296212,-0.0345567654536959,-0.0426678926014574,-0.0202525721154719,NaN,NaN,NaN,NaN,NaN,NaN,NaN,NaN,NaN
NaN,NaN,-0.017359991693714,-0.0280341918357105,-0.0222130791856519,-0.0322602349721516,-0.0395368266569373,-0.0393587917351397,-0.0177792773805171,NaN,NaN,NaN,NaN,NaN,NaN,NaN,NaN,NaN
NaN,NaN,-0.0191452066840914,-0.023279771465847,-0.0286513866497747,-0.0281900759243096,-0.0363664183484313,-0.0435446582996519,-0.0164179072938471,NaN,NaN,NaN,NaN,NaN,NaN,NaN,NaN,NaN
NaN,NaN,-0.0215864639224795,-0.0250012467392177,-0.0253178292526475,-0.0337515990637864,-0.0346337672041652,-0.0388006501161726,-0.0219801568649321,NaN,NaN,NaN,NaN,NaN,NaN,NaN,NaN,NaN
NaN,NaN,-0.0187056783082274,-0.0241000803895683,-0.0281279274834863,-0.0313446703754986,-0.0375623482929465,-0.0383247815334471,-0.014911846931985,NaN,NaN,NaN,NaN,NaN,NaN,NaN,NaN,NaN
NaN,NaN,-0.0235792520882872,-0.0215290154107303,-0.0277874918295614,-0.0369706224106873,-0.0346332456635234,-0.0421970717870863,-0.0153763347528487,NaN,NaN,NaN,NaN,NaN,NaN,NaN,NaN,NaN
NaN,NaN,-0.0188150528313903,-0.0270290712602825,-0.0250910708321802,-0.034198037853154,-0.0408981222378012,-0.0391809277498396,-0.0165549979768305,NaN,NaN,NaN,NaN,NaN,NaN,NaN,NaN,NaN
NaN,NaN,-0.0186155449094561,-0.0225366878100128,-0.0334629902257196,-0.0310858744584645,-0.0383633788393733,-0.0429721743130358,-0.0165114120803385,NaN,NaN,NaN,NaN,NaN,NaN,NaN,NaN,NaN
NaN,NaN,-0.0230850923301963,-0.0248610454388351,-0.0288346150531045,-0.0367516684733952,-0.0371856283115145,-0.0403709717356833,-0.0230940000377207,NaN,NaN,NaN,NaN,NaN,NaN,NaN,NaN,NaN
NaN,NaN,-0.0186128813268927,-0.0243809672780723,-0.0307224431647531,-0.0318532842599476,-0.0400657247470614,-0.0406660706066759,-0.0161970348320513,NaN,NaN,NaN,NaN,NaN,NaN,NaN,NaN,NaN
NaN,NaN,-0.0227843496444014,-0.0215184169598312,-0.0304795356108419,-0.0355584952437008,-0.036614112900376,-0.0444884605967673,-0.015216799195817,NaN,NaN,NaN,NaN,NaN,NaN,NaN,NaN,NaN
NaN,NaN,-0.0159993294122008,-0.0264760705419273,-0.0279434883608095,-0.0313413362406815,-0.041769411759257,-0.0414017781877192,-0.0171369628272563,NaN,NaN,NaN,NaN,NaN,NaN,NaN,NaN,NaN
NaN,NaN,-0.0160105425359992,-0.0221494997628421,-0.0338685998334161,-0.0287326830827321,-0.0376210216151473,-0.0451837301516207,-0.0150985957346469,NaN,NaN,NaN,NaN,NaN,NaN,NaN,NaN,NaN
NaN,NaN,-0.0200304846706179,-0.0232377501912803,-0.0286325739337675,-0.0336515563928212,-0.0363934825824496,-0.0435014635586413,-0.0201694236360102,NaN,NaN,NaN,NaN,NaN,NaN,NaN,NaN,NaN
NaN,NaN,-0.0168785165490893,-0.0238205159791202,-0.0292860271050207,-0.0297668609224881,-0.0420841056572196,-0.044032466437784,-0.013188509013465,NaN,NaN,NaN,NaN,NaN,NaN,NaN,NaN,NaN
NaN,NaN,-0.0214342858137873,-0.0206599424370021,-0.0309367591156236,-0.0337165627085293,-0.0410415272878405,-0.0490164764487417,-0.0134640501103907,NaN,NaN,NaN,NaN,NaN,NaN,NaN,NaN,NaN
NaN,NaN,-0.0148305568339614,-0.0238771217652053,-0.0288882964863054,-0.0312579828702534,-0.0439218844937083,-0.0448850922548445,-0.0155241915247946,NaN,NaN,NaN,NaN,NaN,NaN,NaN,NaN,NaN
NaN,NaN,-0.0153996508064059,-0.018459730107376,-0.032140866072344,-0.0276112961970891,-0.0402274582253691,-0.0470954746269854,-0.0134461500905066,NaN,NaN,NaN,NaN,NaN,NaN,NaN,NaN,NaN
NaN,NaN,-0.0192728351297167,-0.0164836684950084,-0.0261146315945856,-0.0326559166812027,-0.038506914274573,-0.0436739258730086,-0.016546541567853,NaN,NaN,NaN,NaN,NaN,NaN,NaN,NaN,NaN
NaN,NaN,-0.0144694271924285,-0.0185189249702186,-0.0257019998146764,-0.0290058586203183,-0.0441726337836978,-0.0435689658188494,-0.011178230609706,NaN,NaN,NaN,NaN,NaN,NaN,NaN,NaN,NaN
NaN,NaN,-0.0170254792513636,-0.0146476219185085,-0.0284631477309934,-0.0314503754877175,-0.0414465967284438,-0.048650168653694,-0.0121395976505786,NaN,NaN,NaN,NaN,NaN,NaN,NaN,NaN,NaN
NaN,NaN,-0.0113679926337985,-0.018746931362936,-0.024806961567568,-0.030665549954089,-0.0426657911108729,-0.0445732482039602,-0.0152811349592715,NaN,NaN,NaN,NaN,NaN,NaN,NaN,NaN,NaN
NaN,NaN,-0.0119439783932952,-0.0134997668452949,-0.0287459345175497,-0.0263986583255852,-0.0413461442755458,-0.047132764782873,-0.0138483510575801,NaN,NaN,NaN,NaN,NaN,NaN,NaN,NaN,NaN
NaN,NaN,-0.0169174830856112,-0.0130652117319793,-0.0231935197128526,-0.0318843718074883,-0.0409594963954684,-0.0463229611777933,-0.0173802242837458,NaN,NaN,NaN,NaN,NaN,NaN,NaN,NaN,NaN
NaN,NaN,-0.0121051530780581,-0.0163306521959991,-0.0249178075803987,-0.0263487953149403,-0.0477474596070048,-0.0467835746967467,-0.0140920595489054,NaN,NaN,NaN,NaN,NaN,NaN,NaN,NaN,NaN
NaN,NaN,-0.0148800473155764,-0.0125356803425044,-0.0268527233614198,-0.0277832555972661,-0.0422821048365828,-0.0531718515121611,-0.0126775295696765,NaN,NaN,NaN,NaN,NaN,NaN,NaN,NaN,NaN
NaN,NaN,-0.0119876574220446,-0.0161469581313819,-0.0219263622178308,-0.0263149324261273,-0.0431958254145381,-0.0467148617171915,-0.0150973291359454,NaN,NaN,NaN,NaN,NaN,NaN,NaN,NaN,NaN
NaN,NaN,-0.0131540644409445,-0.011272508908102,-0.0249833168102972,-0.0221184674107159,-0.0422856066094634,-0.0483506180607947,-0.0116698385439425,NaN,NaN,NaN,NaN,NaN,NaN,NaN,NaN,NaN
NaN,NaN,-0.018673920208433,-0.0111747945435733,-0.0205019229664079,-0.027765243818673,-0.0415391329394576,-0.0476101234817179,-0.0148636044226199,NaN,NaN,NaN,NaN,NaN,NaN,NaN,NaN,NaN
NaN,NaN,-0.0139106150212077,-0.0148291180618495,-0.0221217164410821,-0.0227495688401783,-0.0470160174833533,-0.0479871228599222,-0.0120395177267104,NaN,NaN,NaN,NaN,NaN,NaN,NaN,NaN,NaN
NaN,NaN,-0.0166730109097746,-0.0111967737563342,-0.0236586594595186,-0.0254674288832272,-0.0408313650356528,-0.0538688719534548,-0.0105024815760165,NaN,NaN,NaN,NaN,NaN,NaN,NaN,NaN,NaN
NaN,NaN,-0.0158921155574111,-0.0158254096992702,-0.0181660355641119,-0.0273548285864914,-0.04297430102694,-0.0466280810796889,-0.0155056582055598,NaN,NaN,NaN,NaN,NaN,NaN,NaN,NaN,NaN
NaN,NaN,-0.0164411860945014,-0.012410696852991,-0.0230531694008581,-0.0252584400974835,-0.0438035506473777,-0.047864076521364,-0.0126408168337851,NaN,NaN,NaN,NaN,NaN,NaN,NaN,NaN,NaN
NaN,NaN,-0.0201621736826686,-0.0124015326388568,-0.021661792100834,-0.0298745963179196,-0.0424718338714835,-0.0474653214478167,-0.0148939655385523,NaN,NaN,NaN,NaN,NaN,NaN,NaN,NaN,NaN
NaN,NaN,-0.0135515156628874,-0.016550164926836,-0.0210690611614458,-0.0255089286171521,-0.0442222919033763,-0.044754241433111,-0.00953688633065515,NaN,NaN,NaN,NaN,NaN,NaN,NaN,NaN,NaN
NaN,NaN,-0.0140583041550902,-0.0114954861589164,-0.0228210838152639,-0.0252907383643712,-0.0368197861777541,-0.0483168669306906,-0.00861266043405825,NaN,NaN,NaN,NaN,NaN,NaN,NaN,NaN,NaN
NaN,NaN,-0.0142431716861514,-0.014450218785593,-0.0176400059475175,-0.0275527346335972,-0.0376027490662333,-0.0402930572890909,-0.0136180536113291,NaN,NaN,NaN,NaN,NaN,NaN,NaN,NaN,NaN
NaN,NaN,-0.0131465952338961,-0.014086891222784,-0.0227146336449853,-0.0240846383773411,-0.0395258743034598,-0.0434527553879889,-0.0102135108075648,NaN,NaN,NaN,NaN,NaN,NaN,NaN,NaN,NaN
NaN,NaN,-0.0169358673932341,-0.0137924815304965,-0.0222590306414835,-0.0281871329449738,-0.0366873707340953,-0.0464592322969111,-0.0127654277942687,NaN,NaN,NaN,NaN,NaN,NaN,NaN,NaN,NaN
NaN,NaN,-0.0116787749769477,-0.0195111746676654,-0.0193308034552805,-0.0252238135241593,-0.0402876402901408,-0.0449730463587912,-0.00889982443671518,NaN,NaN,NaN,NaN,NaN,NaN,NaN,NaN,NaN
NaN,NaN,-0.0132603097202567,-0.01346912633259,-0.021394223125147,-0.0253921780191983,-0.0350470136569735,-0.049066656109062,-0.00895013448219591,NaN,NaN,NaN,NaN,NaN,NaN,NaN,NaN,NaN
NaN,NaN,-0.013476320678213,-0.0163416231759281,-0.016407400520014,-0.0280565056406582,-0.0365592580007312,-0.0413563110196264,-0.012779136862567,NaN,NaN,NaN,NaN,NaN,NaN,NaN,NaN,NaN
NaN,NaN,-0.0106230649592665,-0.0153225886412353,-0.0201355034126512,-0.0232175770603741,-0.0382513221071955,-0.0446007408463629,-0.00818356287102991,NaN,NaN,NaN,NaN,NaN,NaN,NaN,NaN,NaN
NaN,NaN,-0.0146138939502028,-0.0132516252585143,-0.0183951781703703,-0.0282098944686974,-0.0336074869798419,-0.0468861691915663,-0.00989574354510599,NaN,NaN,NaN,NaN,NaN,NaN,NaN,NaN,NaN
NaN,NaN,-0.00899876388333117,-0.0172227288373203,-0.0140592382861845,-0.0245927120946969,-0.0390355888472792,-0.0434699662291678,-0.00909495514254862,NaN,NaN,NaN,NaN,NaN,NaN,NaN,NaN,NaN
NaN,NaN,-0.0110372799875525,-0.0109943414815158,-0.0180210845185987,-0.0262488830291356,-0.0361607636975047,-0.0466817811393412,-0.00897779476266199,NaN,NaN,NaN,NaN,NaN,NaN,NaN,NaN,NaN
NaN,NaN,-0.0121610883118895,-0.0146472307630271,-0.0130693541480772,-0.0289791482888783,-0.0384890701340434,-0.0409980498516234,-0.0135139503739386,NaN,NaN,NaN,NaN,NaN,NaN,NaN,NaN,NaN
NaN,NaN,-0.00839902939818179,-0.0145974795110912,-0.0192232356979124,-0.0250650416516388,-0.0391385744975802,-0.0443716354930075,-0.00970458027344042,NaN,NaN,NaN,NaN,NaN,NaN,NaN,NaN,NaN
NaN,NaN,-0.0128886747600821,-0.0114561470933647,-0.0152588935209981,-0.0298628802799309,-0.0331731553839442,-0.0470307849609526,-0.012690642591527,NaN,NaN,NaN,NaN,NaN,NaN,NaN,NaN,NaN
NaN,NaN,-0.00706749888680254,-0.0152714031525344,-0.0128355735553972,-0.0266994941436375,-0.0384549837278125,-0.0417100459599169,-0.0125505530498534,NaN,NaN,NaN,NaN,NaN,NaN,NaN,NaN,NaN
NaN,NaN,-0.00768315898797785,-0.00930112253505892,-0.0166656935228578,-0.0276992875539387,-0.0343777280019519,-0.0457524329685839,-0.0108284631035834,NaN,NaN,NaN,NaN,NaN,NaN,NaN,NaN,NaN
NaN,NaN,-0.00903037297151362,-0.0135888385363311,-0.0118660667552225,-0.0297730449043835,-0.0340534414814708,-0.0408448472880991,-0.0157538742981463,NaN,NaN,NaN,NaN,NaN,NaN,NaN,NaN,NaN
NaN,NaN,-0.00519764530084406,-0.0138260836489887,-0.0170911961807481,-0.0257796827160443,-0.033112004743695,-0.0441378176474245,-0.0126501673124343,NaN,NaN,NaN,NaN,NaN,NaN,NaN,NaN,NaN
NaN,NaN,-0.00831770631096636,-0.0104587937482089,-0.0139360801889173,-0.0284801084004963,-0.0291065167354342,-0.0466584049427183,-0.0166916602514296,NaN,NaN,NaN,NaN,NaN,NaN,NaN,NaN,NaN
NaN,NaN,-0.00480457129500186,-0.0166704172976703,-0.012510299832987,-0.0269850562714661,-0.0340268615351912,-0.0423251845204504,-0.0179275811872988,NaN,NaN,NaN,NaN,NaN,NaN,NaN,NaN,NaN
NaN,NaN,-0.00597217040679728,-0.0123447964676113,-0.0174811595691911,-0.0253199073874081,-0.0328992534147498,-0.0483130485081347,-0.0168534309826403,NaN,NaN,NaN,NaN,NaN,NaN,NaN,NaN,NaN
NaN,NaN,-0.00980821358583247,-0.0157269502766818,-0.0123199561251871,-0.0282576154374207,-0.0316589925156829,-0.043706671174732,-0.0221229472420722,NaN,NaN,NaN,NaN,NaN,NaN,NaN,NaN,NaN
NaN,NaN,-0.00565721573851382,-0.014936927963087,-0.0161402226998083,-0.0237855906986321,-0.0336719903813597,-0.0465484157466562,-0.0168974639139681,NaN,NaN,NaN,NaN,NaN,NaN,NaN,NaN,NaN
NaN,NaN,-0.0092038411142615,-0.0111774953790397,-0.0126765222861043,-0.0265616025232399,-0.0297982100116011,-0.0471432887279661,-0.0189199426434546,NaN,NaN,NaN,NaN,NaN,NaN,NaN,NaN,NaN
NaN,NaN,-0.00601679938457285,-0.016489479947874,-0.00973238811032691,-0.0251682694458092,-0.0337769876884219,-0.0425566368066939,-0.0183866673372298,NaN,NaN,NaN,NaN,NaN,NaN,NaN,NaN,NaN
NaN,NaN,-0.00724025922439372,-0.0111483636089057,-0.0150898957266084,-0.0225503589414681,-0.0313886854516265,-0.0467376791202696,-0.0155448296330481,NaN,NaN,NaN,NaN,NaN,NaN,NaN,NaN,NaN
NaN,NaN,-0.0104639950635222,-0.0116436595805377,-0.0111863689138166,-0.026732313951167,-0.0284105393754241,-0.0429070934915217,-0.0196595058999568,NaN,NaN,NaN,NaN,NaN,NaN,NaN,NaN,NaN
NaN,NaN,-0.0036665882410792,-0.0117276462503166,-0.0135839284970037,-0.0215905006431664,-0.0320703204439875,-0.0439510315918596,-0.014408075924924,NaN,NaN,NaN,NaN,NaN,NaN,NaN,NaN,NaN
NaN,NaN,-0.00761832031033312,-0.00953518252451128,-0.0124780946983568,-0.025940168222102,-0.0275518785880801,-0.0450020291173132,-0.0174090952835589,NaN,NaN,NaN,NaN,NaN,NaN,NaN,NaN,NaN
NaN,NaN,-0.0044825758280543,-0.0134617688842506,-0.0108290949477426,-0.0242411005698765,-0.031070061372399,-0.0405735716485651,-0.018301358189395,NaN,NaN,NaN,NaN,NaN,NaN,NaN,NaN,NaN
NaN,NaN,-0.00628472226283824,-0.00905886690694994,-0.0174313896908037,-0.0214299406313027,-0.0272744189666507,-0.0452214300894411,-0.0151586287878066,NaN,NaN,NaN,NaN,NaN,NaN,NaN,NaN,NaN
NaN,NaN,-0.00784317883274828,-0.00916915412623591,-0.0123732091500036,-0.0236019152604664,-0.0247863162027594,-0.0406906575226458,-0.0188285053930789,NaN,NaN,NaN,NaN,NaN,NaN,NaN,NaN,NaN
NaN,NaN,-0.000598662668683877,-0.0101156572588176,-0.0128681884719602,-0.0182136926256741,-0.0281987938748595,-0.0405357040726813,-0.0153374240956812,NaN,NaN,NaN,NaN,NaN,NaN,NaN,NaN,NaN
NaN,NaN,-0.00659977006337916,-0.00737060259658998,-0.0126515069617502,-0.0217174771629895,-0.0247350189553496,-0.0428227156662615,-0.0182104052267581,NaN,NaN,NaN,NaN,NaN,NaN,NaN,NaN,NaN
NaN,NaN,-0.00509404497764384,-0.0115819315202922,-0.0120804758383504,-0.0206393781506146,-0.0281614850925204,-0.0405377157294424,-0.0195013300738841,NaN,NaN,NaN,NaN,NaN,NaN,NaN,NaN,NaN
NaN,NaN,-0.00567181887648379,-0.00783194254715151,-0.017056346090006,-0.0188694182240094,-0.0270371738539931,-0.0458046056592138,-0.0151149125061541,NaN,NaN,NaN,NaN,NaN,NaN,NaN,NaN,NaN
NaN,NaN,-0.00742991375348841,-0.00790281619507975,-0.0111003147079221,-0.0207673604988183,-0.0265185948179957,-0.0425072953366907,-0.0186954380236178,NaN,NaN,NaN,NaN,NaN,NaN,NaN,NaN,NaN
NaN,NaN,-0.00120396646282946,-0.0101430008896083,-0.0118157194568388,-0.0174988280438508,-0.0309073406921622,-0.0406592533254297,-0.0159886420927554,NaN,NaN,NaN,NaN,NaN,NaN,NaN,NaN,NaN
NaN,NaN,-0.00665037813208376,-0.00500383253771967,-0.0128855110718481,-0.019607863893422,-0.02722623233664,-0.0444026112818392,-0.0168165506086855,NaN,NaN,NaN,NaN,NaN,NaN,NaN,NaN,NaN
NaN,NaN,-0.00412528323552882,-0.00899229596931643,-0.0103335754586927,-0.0202841530942048,-0.0291243981288668,-0.0406866342091234,-0.0170799100063353,NaN,NaN,NaN,NaN,NaN,NaN,NaN,NaN,NaN
NaN,NaN,-0.00176773327014719,-0.00322495054084963,-0.0145861433459989,-0.0170706245504941,-0.0287628959583041,-0.0448134549224051,-0.0113291793725997,NaN,NaN,NaN,NaN,NaN,NaN,NaN,NaN,NaN
NaN,NaN,-0.00424536796829974,-0.0025073664971084,-0.00944233700768867,-0.020403567274722,-0.0258713442550895,-0.0409765176736983,-0.0170587503574401,NaN,NaN,NaN,NaN,NaN,NaN,NaN,NaN,NaN
NaN,NaN,0.00116749746181692,-0.00479847591001696,-0.0115156100703947,-0.0170074250005806,-0.0305568095015284,-0.0391709253453882,-0.0167035625539332,NaN,NaN,NaN,NaN,NaN,NaN,NaN,NaN,NaN
NaN,NaN,-0.00373388561032092,-0.000989143062421741,-0.0143917018188707,-0.0193146276675786,-0.0259414914714095,-0.0461931906902464,-0.0185309105775862,NaN,NaN,NaN,NaN,NaN,NaN,NaN,NaN,NaN
NaN,NaN,-0.00227351593396937,-0.00522837441045946,-0.00968995705382743,-0.0201008501850689,-0.029028378771424,-0.042716153737274,-0.0211088300905734,NaN,NaN,NaN,NaN,NaN,NaN,NaN,NaN,NaN
NaN,NaN,-0.000476473146894326,5.18334321289631e-05,-0.0146359877301923,-0.0162238101862992,-0.0291539955602881,-0.0463229798042448,-0.0166669615767508,NaN,NaN,NaN,NaN,NaN,NaN,NaN,NaN,NaN
NaN,NaN,-0.00517628076098238,-0.000299219299146595,-0.0108551533533804,-0.0198894958399857,-0.0264391716288325,-0.0435605466627749,-0.0222607084773093,NaN,NaN,NaN,NaN,NaN,NaN,NaN,NaN,NaN
NaN,NaN,0.00108891246297086,-0.00402003924925035,-0.0110887104286424,-0.0145442444287861,-0.0297325890229937,-0.0423309028410586,-0.0204047315977126,NaN,NaN,NaN,NaN,NaN,NaN,NaN,NaN,NaN
NaN,NaN,-0.00330937015435969,-0.00041822369773096,-0.0121437498940698,-0.0148128192328537,-0.0238623324500319,-0.049517229970661,-0.0197772064469367,NaN,NaN,NaN,NaN,NaN,NaN,NaN,NaN,NaN
NaN,NaN,-0.00169689687512194,-0.00345290105421251,-0.00552079841630378,-0.0139670106970395,-0.0267184938954112,-0.0445679955446394,-0.0226358452103644,NaN,NaN,NaN,NaN,NaN,NaN,NaN,NaN,NaN
NaN,NaN,-0.000908811712482323,0.00110607196014219,-0.01012572288649,-0.0115837934815014,-0.0266829732524153,-0.0461920544767054,-0.0178575643561392,NaN,NaN,NaN,NaN,NaN,NaN,NaN,NaN,NaN
NaN,NaN,-0.00543330716512476,0.000744830559900341,-0.00714612394707122,-0.0156488302551831,-0.0242904614375827,-0.0442170918249758,-0.023600807156375,NaN,NaN,NaN,NaN,NaN,NaN,NaN,NaN,NaN
NaN,NaN,0.0013557177541467,-0.00339681680876917,-0.0054727980508081,-0.0117335128985966,-0.0271655473576781,-0.0437409065925749,-0.0203333736620455,NaN,NaN,NaN,NaN,NaN,NaN,NaN,NaN,NaN
NaN,NaN,-0.00246974560044085,0.00266968805711561,-0.00683433577554145,-0.0102229263090218,-0.0226706493364569,-0.0494031057023676,-0.0192548648677378,NaN,NaN,NaN,NaN,NaN,NaN,NaN,NaN,NaN
NaN,NaN,-0.00236271801016604,0.00060772125046545,-0.000623308272527841,-0.0124695371293152,-0.0237084779607054,-0.041834638293949,-0.0222839542887717,NaN,NaN,NaN,NaN,NaN,NaN,NaN,NaN,NaN
NaN,NaN,-0.000375406021097055,0.00318614367764288,-0.00555020958321014,-0.00991460265746961,-0.02395654504168,-0.0408880606555613,-0.0175641977451354,NaN,NaN,NaN,NaN,NaN,NaN,NaN,NaN,NaN
NaN,NaN,-0.00402207406780993,0.00401136998455816,-0.00296573355929771,-0.0123625281654919,-0.0194893631802794,-0.0391759731137427,-0.0219876260719805,NaN,NaN,NaN,NaN,NaN,NaN,NaN,NaN,NaN
NaN,NaN,0.00399026167967046,7.42797177129707e-06,-0.00129056364433685,-0.00736590804687391,-0.0218549225198027,-0.0386056870484026,-0.0196233333311587,NaN,NaN,NaN,NaN,NaN,NaN,NaN,NaN,NaN
NaN,NaN,-0.00110928820989405,0.00521396819870764,-0.00511928662793556,-0.00600606532922635,-0.0188146199749705,-0.0446528390311869,-0.0194177345595866,NaN,NaN,NaN,NaN,NaN,NaN,NaN,NaN,NaN
NaN,NaN,-0.00274139376900469,0.00109452356021696,-0.000955194385217813,-0.0116336378656949,-0.0183568563030955,-0.0385307714605005,-0.0236525700650721,NaN,NaN,NaN,NaN,NaN,NaN,NaN,NaN,NaN
NaN,NaN,0.000436819022676597,0.00086297814171606,-0.00691241786019721,-0.00775376664629827,-0.0205381069051024,-0.0391531184577616,-0.0190511473677664,NaN,NaN,NaN,NaN,NaN,NaN,NaN,NaN,NaN
NaN,NaN,-0.00355713921211039,0.00199878190081411,-0.00313970461623588,-0.0101435589992131,-0.0149232562350032,-0.0394941501581343,-0.021735926832965,NaN,NaN,NaN,NaN,NaN,NaN,NaN,NaN,NaN
NaN,NaN,0.00456496221401418,-0.00163853566724962,-0.000993285478519587,-0.00404218541613469,-0.0188928883241412,-0.0379531838261755,-0.0193582602999716,NaN,NaN,NaN,NaN,NaN,NaN,NaN,NaN,NaN
NaN,NaN,-0.000901417011239876,0.00425871063392454,-0.00388740763204017,-0.00384779976836095,-0.0145313743220565,-0.0431917242967756,-0.0168754660747557,NaN,NaN,NaN,NaN,NaN,NaN,NaN,NaN,NaN
NaN,NaN,-0.00255468221924578,-0.000157062221357289,0.00125606343014321,-0.00964861693015943,-0.0142109993563887,-0.0367231115960749,-0.0192118005118876,NaN,NaN,NaN,NaN,NaN,NaN,NaN,NaN,NaN
NaN,NaN,0.00153022897817815,0.00116973717134291,-0.00321026161448875,-0.00460749821892629,-0.0168935622738597,-0.0376017585658701,-0.0140201986990481,NaN,NaN,NaN,NaN,NaN,NaN,NaN,NaN,NaN
NaN,NaN,-0.00234582381866251,0.0028247346393376,-0.000806667061018136,-0.00768255772224317,-0.0122550915645358,-0.0390738442802103,-0.0171257310770064,NaN,NaN,NaN,NaN,NaN,NaN,NaN,NaN,NaN
NaN,NaN,0.00410941508986677,-0.00130856807906336,0.00185235202176652,-0.00415154131284604,-0.0178329501019713,-0.0369583264255198,-0.0163512059710532,NaN,NaN,NaN,NaN,NaN,NaN,NaN,NaN,NaN
NaN,NaN,-0.001777903312662,0.00376754973452383,-0.00321767494218269,-0.00734042706123243,-0.0130388367639777,-0.04202112632629,-0.0144368165395766,NaN,NaN,NaN,NaN,NaN,NaN,NaN,NaN,NaN
NaN,NaN,-0.00385687606952464,0.000971793871334134,0.000316209940744253,-0.013116880824479,-0.0149226601885554,-0.0364819363021525,-0.0170822755656748,NaN,NaN,NaN,NaN,NaN,NaN,NaN,NaN,NaN
NaN,NaN,0.00118832183458532,0.00242465708773428,-0.00299486532943168,-0.00891290934911619,-0.0166222493814227,-0.0382189832889708,-0.0118635163865595,NaN,NaN,NaN,NaN,NaN,NaN,NaN,NaN,NaN
NaN,NaN,-0.00122970821879183,0.00591821570318037,-0.000844963045286326,-0.0101142968439187,-0.0126925896571872,-0.0381201327109011,-0.0146206596158057,NaN,NaN,NaN,NaN,NaN,NaN,NaN,NaN,NaN
NaN,NaN,0.00368264583327497,0.000603250902107296,0.00187051281197152,-0.00867611127129445,-0.0154365826116797,-0.0356213197374018,-0.0146185734532385,NaN,NaN,NaN,NaN,NaN,NaN,NaN,NaN,NaN
NaN,NaN,-0.000460566157319894,0.00648803610723311,-0.00399646550552764,-0.00885116266241918,-0.0129701424108741,-0.040644165899721,-0.0122853310070544,NaN,NaN,NaN,NaN,NaN,NaN,NaN,NaN,NaN
NaN,NaN,-0.00330387535116946,0.00323829774182135,-6.65822638742002e-05,-0.0137737053834523,-0.012673627929568,-0.0370798453950556,-0.0158434489033728,NaN,NaN,NaN,NaN,NaN,NaN,NaN,NaN,NaN
NaN,NaN,0.0017916884777757,0.00345341463010603,-0.00266715154187599,-0.00876058222881208,-0.0168267864452597,-0.0392918855213793,-0.0108432525060683,NaN,NaN,NaN,NaN,NaN,NaN,NaN,NaN,NaN
NaN,NaN,-0.00248963865063464,0.00577317152540976,-0.000404540599750666,-0.0109113785826291,-0.0130581151412722,-0.0422681689524325,-0.0138791219554453,NaN,NaN,NaN,NaN,NaN,NaN,NaN,NaN,NaN
NaN,NaN,0.00119316471197332,0.00130077425759131,0.00276475012166581,-0.0106325219773377,-0.0168040808008906,-0.0388927020394476,-0.015095913525632,NaN,NaN,NaN,NaN,NaN,NaN,NaN,NaN,NaN
NaN,NaN,-0.00212372201106822,0.007870062928608,-0.00182562708990493,-0.00791743727556119,-0.0141648430095908,-0.042231754239765,-0.0119482108614951,NaN,NaN,NaN,NaN,NaN,NaN,NaN,NaN,NaN
NaN,NaN,-0.00381003054402148,0.00652003635089689,0.00388412535054764,-0.013063534667405,-0.0118489231632945,-0.0385225199424895,-0.0145578698478251,NaN,NaN,NaN,NaN,NaN,NaN,NaN,NaN,NaN
NaN,NaN,0.00192289320208753,0.00727604676406675,0.00257502108676514,-0.00543322744003187,-0.0169334973858592,-0.0388574421667727,-0.0101328768990546,NaN,NaN,NaN,NaN,NaN,NaN,NaN,NaN,NaN
NaN,NaN,-0.00354132535479342,0.00929573152582937,0.00356606006486497,-0.00913422884574781,-0.0128723907934424,-0.04127385171887,-0.0141812057457476,NaN,NaN,NaN,NaN,NaN,NaN,NaN,NaN,NaN
NaN,NaN,0.000489382868787895,0.00620677668969923,0.00600003436071953,-0.00825170757404218,-0.0157175067530867,-0.0382898383104475,-0.0177402549646407,NaN,NaN,NaN,NaN,NaN,NaN,NaN,NaN,NaN
NaN,NaN,-0.00192864718458926,0.0103341189436226,0.000951520948243948,-0.00737656237712751,-0.0132823403643367,-0.0407606371009024,-0.015115098770669,NaN,NaN,NaN,NaN,NaN,NaN,NaN,NaN,NaN
NaN,NaN,-0.00334215270898615,0.00864173818748289,0.00610275924069962,-0.0120834666692341,-0.0121041614280936,-0.0383158967160853,-0.0195919477603942,NaN,NaN,NaN,NaN,NaN,NaN,NaN,NaN,NaN
NaN,NaN,0.0031744417307588,0.00690640483420187,0.00398178383572182,-0.00481075005761037,-0.0166689645217654,-0.0384331688546808,-0.0166536995432883,NaN,NaN,NaN,NaN,NaN,NaN,NaN,NaN,NaN
NaN,NaN,-0.0019098903479365,0.00956885118406111,0.00263920783860764,-0.00738857643834005,-0.00991201435196369,-0.0407805487775477,-0.0194100418351203,NaN,NaN,NaN,NaN,NaN,NaN,NaN,NaN,NaN
NaN,NaN,0.00268149269201482,0.00529029939692312,0.00649490192396721,-0.00568196507326017,-0.0110720511244532,-0.0356279135012301,-0.0222038046680003,NaN,NaN,NaN,NaN,NaN,NaN,NaN,NaN,NaN
NaN,NaN,0.00109863547064985,0.0091273297778874,0.00274832159144959,-0.00459425481191526,-0.00750968639719455,-0.0388936147355707,-0.0171016098223239,NaN,NaN,NaN,NaN,NaN,NaN,NaN,NaN,NaN
NaN,NaN,-0.00118928881905352,0.00761348355930143,0.00679087623818001,-0.00742970364323507,-0.00664193590152233,-0.0370675146841677,-0.0224949174783736,NaN,NaN,NaN,NaN,NaN,NaN,NaN,NaN,NaN
NaN,NaN,0.00404997808315481,0.00367192153256231,0.00473818540437302,-0.00141155304542432,-0.0118746276663539,-0.0366482891404303,-0.0200655811689406,NaN,NaN,NaN,NaN,NaN,NaN,NaN,NaN,NaN
NaN,NaN,-0.00104381623289858,0.00719999496262365,0.0011267399774321,-0.00291090788474927,-0.00484336574542491,-0.0397957310342463,-0.0234091037176161,NaN,NaN,NaN,NaN,NaN,NaN,NaN,NaN,NaN
NaN,NaN,0.000215480899593482,0.00229075152795607,0.00557563066346726,-0.00378342675200353,-0.00659915094244449,-0.0340770937764319,-0.0255602167211085,NaN,NaN,NaN,NaN,NaN,NaN,NaN,NaN,NaN
NaN,NaN,-0.00157364564559733,0.00690938506644064,0.00121726453168473,-0.00258429305783162,-0.00727428530323474,-0.0380847797059687,-0.0198263057730704,NaN,NaN,NaN,NaN,NaN,NaN,NaN,NaN,NaN
NaN,NaN,-0.00546355652234828,0.00566333134095961,0.00450943395359597,-0.00680689098468671,-0.00622427497971027,-0.0364906348549994,-0.0250494980476409,NaN,NaN,NaN,NaN,NaN,NaN,NaN,NaN,NaN
NaN,NaN,0.00119051975586141,0.000584009777715741,0.00269095212085328,-0.00119321378103147,-0.011234920816302,-0.0334570378327044,-0.0219830439649134,NaN,NaN,NaN,NaN,NaN,NaN,NaN,NaN,NaN
NaN,NaN,-0.00281688677690302,0.00590886522453123,-0.000635489971803812,-0.00327514814368139,-0.00286568363177745,-0.0360037021600874,-0.0226325297019988,NaN,NaN,NaN,NaN,NaN,NaN,NaN,NaN,NaN
NaN,NaN,-0.00206633391402041,0.0014134084097653,0.00336487576229653,-0.00665912734499822,-0.00516293977367847,-0.0298638277017744,-0.0230632105134039,NaN,NaN,NaN,NaN,NaN,NaN,NaN,NaN,NaN
NaN,NaN,-0.00342489140651499,0.00589467186849409,-0.0013161191357843,-0.00379333602419744,-0.0066579919027087,-0.0344006352388533,-0.0190539599619418,NaN,NaN,NaN,NaN,NaN,NaN,NaN,NaN,NaN
NaN,NaN,-0.00562938781998431,0.00227052320163542,0.00114821627600274,-0.00875439824691663,-0.0056705292032954,-0.032814965423313,-0.0241347902677565,NaN,NaN,NaN,NaN,NaN,NaN,NaN,NaN,NaN
NaN,NaN,0.00199592751838888,-0.0027568305619449,-0.000588849337267069,-0.00337930726042638,-0.00952555273640125,-0.0302057534718188,-0.0220008135996371,NaN,NaN,NaN,NaN,NaN,NaN,NaN,NaN,NaN
NaN,NaN,-0.001975287819126,0.00231979016583258,-0.00501561179892936,-0.00573676409355054,-0.0014658685492274,-0.0334697410726221,-0.0229049043021708,NaN,NaN,NaN,NaN,NaN,NaN,NaN,NaN,NaN
NaN,NaN,-0.000530471229770531,0.000502239655664502,0.0012074111388453,-0.00795625480047117,-0.00454847176539867,-0.0280523494147928,-0.0234810576997309,NaN,NaN,NaN,NaN,NaN,NaN,NaN,NaN,NaN
NaN,NaN,-5.91102483061458e-05,0.00287944052737051,-0.00267160326378265,-0.00287980171075712,-0.00455120985376804,-0.0323105797433527,-0.0207663641534358,NaN,NaN,NaN,NaN,NaN,NaN,NaN,NaN,NaN
NaN,NaN,-0.00252305450461184,0.000922023992946682,3.22124348410089e-05,-0.0051889974080647,-0.00339968536961048,-0.0313309587800177,-0.0245580204985648,NaN,NaN,NaN,NaN,NaN,NaN,NaN,NaN,NaN
NaN,NaN,0.00471550119497503,-0.00399241622168726,-0.00127434000508705,-0.000571686347636084,-0.00708606501090496,-0.0290732279681833,-0.0235370488129168,NaN,NaN,NaN,NaN,NaN,NaN,NaN,NaN,NaN
NaN,NaN,-0.000232950920083871,0.00375710029523664,-0.00484266519682327,-0.00223270015946279,-0.00171315331923931,-0.0320748061203631,-0.0243913510106116,NaN,NaN,NaN,NaN,NaN,NaN,NaN,NaN,NaN
NaN,NaN,-0.000773639554002633,0.00162496764581495,0.00245054051144204,-0.0058092768692101,-0.00414405425059764,-0.0291643299424322,-0.0269791984222441,NaN,NaN,NaN,NaN,NaN,NaN,NaN,NaN,NaN
NaN,NaN,-8.41255726603176e-05,0.00108023707192236,-0.00157143190638938,-0.00118619160881887,-0.0074809830354449,-0.0330898545944365,-0.0240666174552947,NaN,NaN,NaN,NaN,NaN,NaN,NaN,NaN,NaN
NaN,NaN,-0.00320722269437586,0.00129779402535253,0.00151763468844971,-0.00275593580833326,-0.00501364876496761,-0.0324231952690752,-0.026277167465499,NaN,NaN,NaN,NaN,NaN,NaN,NaN,NaN,NaN
NaN,NaN,0.00317215067722524,-0.00154342900592989,0.00170885383946976,-0.000538624396237235,-0.00799049098956554,-0.0272956125700148,-0.0238957942686587,NaN,NaN,NaN,NaN,NaN,NaN,NaN,NaN,NaN
NaN,NaN,-0.000339736366489281,0.00785369027774626,0.000104054658246847,-0.000310468991907934,-0.001292456285834,-0.0294937759899767,-0.0227383651993781,NaN,NaN,NaN,NaN,NaN,NaN,NaN,NaN,NaN
NaN,NaN,-0.000649363869645943,0.00476630006354147,0.00581373259289345,-0.00525176854959379,-0.00217453052270381,-0.0255150169396074,-0.0266085692904501,NaN,NaN,NaN,NaN,NaN,NaN,NaN,NaN,NaN
NaN,NaN,0.00143437725879873,0.00384544555466467,0.00105510264499268,0.00147312549718966,-0.00661792640554874,-0.0290801197552355,-0.0233987846634894,NaN,NaN,NaN,NaN,NaN,NaN,NaN,NaN,NaN
NaN,NaN,-0.00218388544938838,0.00507350612800413,0.00218341857059083,-0.0020330991052712,-0.00242542882430522,-0.0284455165528925,-0.0261853576860934,NaN,NaN,NaN,NaN,NaN,NaN,NaN,NaN,NaN
NaN,NaN,0.00336955381014074,0.0028496754578858,0.00270618855817399,0.00132765291103472,-0.00557527353036373,-0.0229876496159704,-0.0256300472877532,NaN,NaN,NaN,NaN,NaN,NaN,NaN,NaN,NaN
NaN,NaN,-0.00165427955410754,0.00957142163436705,0.000650945900512548,0.000735853294221063,0.000166404647946669,-0.0262311853730353,-0.0250979081950694,NaN,NaN,NaN,NaN,NaN,NaN,NaN,NaN,NaN
NaN,NaN,-0.00259191649577891,0.00332820762317472,0.00510769694907746,-0.00211030574670682,-0.00178832967746227,-0.0237769641244086,-0.0302565784416705,NaN,NaN,NaN,NaN,NaN,NaN,NaN,NaN,NaN
NaN,NaN,-0.00135102229736124,0.00286932636421019,0.000716902165246816,0.00487940056094279,-0.00618774850833385,-0.0262472227477701,-0.0243400537632018,NaN,NaN,NaN,NaN,NaN,NaN,NaN,NaN,NaN
NaN,NaN,-0.00453910710833346,0.00506881226222807,0.00199598058922372,0.00127475378879656,-0.0013382401036021,-0.0248279616498621,-0.0261002348027735,NaN,NaN,NaN,NaN,NaN,NaN,NaN,NaN,NaN
NaN,NaN,-0.000638988936164727,0.00262334544580275,0.00428649395568451,0.00437665400871386,-0.00425819714534252,-0.0194086887204321,-0.0243911088667422,NaN,NaN,NaN,NaN,NaN,NaN,NaN,NaN,NaN
NaN,NaN,-0.0055068630220679,0.0061007735542565,8.10323642023532e-05,0.00287407679328074,-0.000508897350907015,-0.0235145546757849,-0.0237853021584063,NaN,NaN,NaN,NaN,NaN,NaN,NaN,NaN,NaN
NaN,NaN,-0.00732741239092623,0.000400315713098583,0.00551529958708367,0.000768281946269174,-0.00268308852779834,-0.021722056742874,-0.0279004999659567,NaN,NaN,NaN,NaN,NaN,NaN,NaN,NaN,NaN
NaN,NaN,-0.00442254277489459,-0.00039829339463419,0.00156744181974015,0.00567441476353755,-0.00631079484689205,-0.0237336203717859,-0.0203361303768664,NaN,NaN,NaN,NaN,NaN,NaN,NaN,NaN,NaN
NaN,NaN,-0.00852295117996012,0.0037262176386624,0.000850286184383246,0.000478119084921976,-0.00152495165336101,-0.0239745348953875,-0.0227047630808859,NaN,NaN,NaN,NaN,NaN,NaN,NaN,NaN,NaN
NaN,NaN,-0.00522901224515711,0.000415719788482723,0.00351977333290658,0.00114498330124964,-0.00401182507145374,-0.0166535012685927,-0.0214166508279353,NaN,NaN,NaN,NaN,NaN,NaN,NaN,NaN,NaN
NaN,NaN,-0.00773821877858912,0.00323181573670202,-0.0012279601408712,0.000863518992749354,-0.000508915977358507,-0.0205818943941267,-0.0196167209408789,NaN,NaN,NaN,NaN,NaN,NaN,NaN,NaN,NaN
NaN,NaN,-0.00842437999866282,7.75938145428281e-05,0.00505636244876465,-0.0013161856137837,-0.00101395358312099,-0.0177497238182696,-0.022633107121995,NaN,NaN,NaN,NaN,NaN,NaN,NaN,NaN,NaN
NaN,NaN,-0.00424710022828852,0.000221241008451519,0.000794742106033178,0.00422142116197695,-0.00359524448382823,-0.018023625787464,-0.0159745604954272,NaN,NaN,NaN,NaN,NaN,NaN,NaN,NaN,NaN
NaN,NaN,-0.00863528730891024,0.00528961021821791,-0.00120562702553192,-0.000521637072476248,0.00115001167190106,-0.0186659403407248,-0.0196427420936137,NaN,NaN,NaN,NaN,NaN,NaN,NaN,NaN,NaN
NaN,NaN,-0.00672436239741122,-0.000628181058952275,0.00133615717156014,-0.00125583591094861,-0.00185296346414058,-0.0129453100526007,-0.0208338291607409,NaN,NaN,NaN,NaN,NaN,NaN,NaN,NaN,NaN
NaN,NaN,-0.00801113354585444,0.000461149703672466,-0.00326040402190605,0.00100202528604617,-0.00184487958419292,-0.0191478625201853,-0.018262577917388,NaN,NaN,NaN,NaN,NaN,NaN,NaN,NaN,NaN
NaN,NaN,-0.00972055750510966,-0.00191843535382456,0.00257490932805619,-0.0015581432186688,-0.00119083036649196,-0.0173749037348898,-0.0222450436316043,NaN,NaN,NaN,NaN,NaN,NaN,NaN,NaN,NaN
NaN,NaN,-0.00496269124172007,-0.00141762595255083,-0.000141311587261347,0.00379772526988139,-0.00606799905168979,-0.0185822703206213,-0.0157886871359854,NaN,NaN,NaN,NaN,NaN,NaN,NaN,NaN,NaN
NaN,NaN,-0.0103830445053366,0.00303402144830519,-0.00155487299101272,-0.00107312904826055,0.000389773054242445,-0.0187275007629069,-0.0182786525450259,NaN,NaN,NaN,NaN,NaN,NaN,NaN,NaN,NaN
NaN,NaN,-0.00698900702021395,-0.00319628443200296,0.00399724379046044,-0.00090368421903501,-0.00380061973798244,-0.013324805375305,-0.0184534431658297,NaN,NaN,NaN,NaN,NaN,NaN,NaN,NaN,NaN
NaN,NaN,-0.00663603576443469,-0.000664428133556309,-0.000174299032854227,0.00232830313810458,-0.00213146616685359,-0.019507166769472,-0.0126139016113787,NaN,NaN,NaN,NaN,NaN,NaN,NaN,NaN,NaN
NaN,NaN,-0.00858060004732882,-0.000179823745080891,0.00568779915435395,-0.000441822727831702,-0.00191644241082637,-0.0184463903569849,-0.0175203510783225,NaN,NaN,NaN,NaN,NaN,NaN,NaN,NaN,NaN
NaN,NaN,-0.00393845992706095,-0.000862967480012837,0.00307765588028512,0.00176723716625323,-0.00570269708502262,-0.0179606125020655,-0.0133847386799365,NaN,NaN,NaN,NaN,NaN,NaN,NaN,NaN,NaN
NaN,NaN,-0.00984237449786936,0.00340759355943495,0.00110515192015252,-0.00292463557949911,0.00101619924438031,-0.0188355528080137,-0.0162192934415846,NaN,NaN,NaN,NaN,NaN,NaN,NaN,NaN,NaN
NaN,NaN,-0.00599617990277087,-0.00374952729422754,0.00564285352690301,-0.00298135312429319,-0.00372531299459903,-0.0127493039035471,-0.0165462621710806,NaN,NaN,NaN,NaN,NaN,NaN,NaN,NaN,NaN
NaN,NaN,-0.00457680704615389,0.00175306175272757,-0.000532262177633432,3.65231729423003e-05,-0.00319099460709064,-0.020365715798107,-0.0124773324690371,NaN,NaN,NaN,NaN,NaN,NaN,NaN,NaN,NaN
NaN,NaN,-0.0076547163965491,0.00260319162528807,0.00603251889212212,-0.00342356370917211,-0.00117835064399211,-0.0179720305168303,-0.0186959595642596,NaN,NaN,NaN,NaN,NaN,NaN,NaN,NaN,NaN
NaN,NaN,-0.00261013316533839,-8.40451199716563e-06,0.00327228367192826,-0.00121014522543798,-0.00350535322892635,-0.0157575503253611,-0.0148134806416541,NaN,NaN,NaN,NaN,NaN,NaN,NaN,NaN,NaN
NaN,NaN,-0.00829159202597415,0.00261811141293341,0.00020674228532395,-0.00284293996325384,0.00178550894391568,-0.0180388808512362,-0.0170240492783099,NaN,NaN,NaN,NaN,NaN,NaN,NaN,NaN,NaN
NaN,NaN,-0.00512453647873675,-0.00427419717986292,0.00444623440368256,-0.00340253444543729,-0.00190636550056903,-0.0135813288652571,-0.0177266017756968,NaN,NaN,NaN,NaN,NaN,NaN,NaN,NaN,NaN
NaN,NaN,-0.00374828385732447,0.000556628894022045,-0.00204011067883888,0.000879779884902139,-0.00181895156371562,-0.0217178471648367,-0.014427298422864,NaN,NaN,NaN,NaN,NaN,NaN,NaN,NaN,NaN
NaN,NaN,-0.00971476467869555,0.000274382274559078,0.0049162542806395,-0.004370830526265,0.00177446345818074,-0.0203421160840662,-0.0199945585094004,NaN,NaN,NaN,NaN,NaN,NaN,NaN,NaN,NaN
NaN,NaN,-0.00448313462159907,-0.00527013491470522,0.0024901217208632,-0.000275954177292685,-0.00141038035023181,-0.0181508630776079,-0.016288583841136,NaN,NaN,NaN,NaN,NaN,NaN,NaN,NaN,NaN
NaN,NaN,-0.0108360956849841,-0.00354634996134943,-0.00121261194484153,-0.00243075521818052,0.00189514423739941,-0.0204651624226244,-0.0167697795889884,NaN,NaN,NaN,NaN,NaN,NaN,NaN,NaN,NaN
NaN,NaN,-0.00759310009501254,-0.00669887687642282,0.00472624584896645,-0.00276865767470251,-0.00094589252936809,-0.015688800092903,-0.0174746417663603,NaN,NaN,NaN,NaN,NaN,NaN,NaN,NaN,NaN
NaN,NaN,-0.00576254832170283,-0.00218186925728029,0.000689167378974768,0.0029666875101005,0.000196318729043318,-0.0205787092709215,-0.0130233482680827,NaN,NaN,NaN,NaN,NaN,NaN,NaN,NaN,NaN
NaN,NaN,-0.0121363151314047,-0.0018396082111091,0.00651397541029534,-0.00226769926181684,0.00390380213987858,-0.018245261933771,-0.0177859083972483,NaN,NaN,NaN,NaN,NaN,NaN,NaN,NaN,NaN
NaN,NaN,-0.00583345922253405,-0.0071085097976417,0.00285357966883263,0.00115180058249583,-0.000869710342764543,-0.014501922603813,-0.0147770100496321,NaN,NaN,NaN,NaN,NaN,NaN,NaN,NaN,NaN
NaN,NaN,-0.012186606550434,-0.00365911449868387,-0.000916302354501871,-0.00102751286855588,0.00226759876143963,-0.0175559528433951,-0.014260330911687,NaN,NaN,NaN,NaN,NaN,NaN,NaN,NaN,NaN
NaN,NaN,-0.0095572221519736,-0.00616755734760469,0.00399908780915818,-0.0027219239079083,0.000440325243592573,-0.0142166957521113,-0.0178803258798628,NaN,NaN,NaN,NaN,NaN,NaN,NaN,NaN,NaN
NaN,NaN,-0.00822513284704958,-0.00442058246214098,-0.000365369172262338,0.000716686675635477,0.00189339335095914,-0.0175208233558806,-0.0141643674335986,NaN,NaN,NaN,NaN,NaN,NaN,NaN,NaN,NaN
NaN,NaN,-0.0136405314745692,-0.00537073637921518,0.00318919107182107,-0.00385603265992055,0.00520510192048581,-0.0156260475778254,-0.0188388617001086,NaN,NaN,NaN,NaN,NaN,NaN,NaN,NaN,NaN
NaN,NaN,-0.00839288266918932,-0.0112876522131652,-0.000151090474294809,0.000829935500708719,0.00102309103143246,-0.0101686463021906,-0.0154958420656233,NaN,NaN,NaN,NaN,NaN,NaN,NaN,NaN,NaN
NaN,NaN,-0.0120016272606639,-0.00501575346667475,-0.00238468140499511,0.000555567870227,0.00598562474381955,-0.0146298118197592,-0.013120634224227,NaN,NaN,NaN,NaN,NaN,NaN,NaN,NaN,NaN
NaN,NaN,-0.00944682317397868,-0.00912260662395662,0.00267823025448403,-0.00076771112314115,0.00515047053825886,-0.0103065565490397,-0.0182177254221945,NaN,NaN,NaN,NaN,NaN,NaN,NaN,NaN,NaN
NaN,NaN,-0.00669681387565409,-0.00707043733079142,-0.00159272194044509,0.00296359551915278,0.00453050772678883,-0.0121071383618983,-0.0151783541999369,NaN,NaN,NaN,NaN,NaN,NaN,NaN,NaN,NaN
NaN,NaN,-0.0130247596146849,-0.00750320430476374,0.000634293852878424,-0.00157380806437383,0.00757958333027394,-0.0129387907945784,-0.0198892259262114,NaN,NaN,NaN,NaN,NaN,NaN,NaN,NaN,NaN
NaN,NaN,-0.00788790094278132,-0.0119250121303291,-0.000199332983659891,0.00232144860395541,0.00164495374095471,-0.00742428081866819,-0.0170024425945788,NaN,NaN,NaN,NaN,NaN,NaN,NaN,NaN,NaN
NaN,NaN,-0.0129092383625296,-0.00486806433279222,-0.00419511661069313,0.00178876934417834,0.00587928633224995,-0.0131370507442625,-0.0151581072471648,NaN,NaN,NaN,NaN,NaN,NaN,NaN,NaN,NaN
NaN,NaN,-0.0107303533198622,-0.00964099939543909,0.00224762394888482,-0.00231232823959241,0.00449096377027066,-0.00801356586453039,-0.0200863124094515,NaN,NaN,NaN,NaN,NaN,NaN,NaN,NaN,NaN
NaN,NaN,-0.00808757650277888,-0.00716090600568956,-0.00290802881257453,0.00287774620422473,0.00168947096002133,-0.0095820620917948,-0.0171526835523158,NaN,NaN,NaN,NaN,NaN,NaN,NaN,NaN,NaN
NaN,NaN,-0.0139645572247294,-0.0061040970273704,-0.00161712259190002,-0.00315606923929105,0.0066154595745805,-0.0110144175851019,-0.0200285704098254,NaN,NaN,NaN,NaN,NaN,NaN,NaN,NaN,NaN
NaN,NaN,-0.00767168509385859,-0.00951487969238466,-0.000589817912744669,0.00139351604351153,-0.000345226721644091,-0.00589791762467939,-0.0182191782854109,NaN,NaN,NaN,NaN,NaN,NaN,NaN,NaN,NaN
NaN,NaN,-0.0111068125309733,-0.00262448962409205,-0.00611732915179649,-0.000867977311524252,0.00342974032294781,-0.0112308010720881,-0.015303021039775,NaN,NaN,NaN,NaN,NaN,NaN,NaN,NaN,NaN
NaN,NaN,-0.00985731291196619,-0.00797763865072435,-0.000560425372289804,-0.0059129516982163,0.00171236286890538,-0.00526757987972815,-0.0226110161505251,NaN,NaN,NaN,NaN,NaN,NaN,NaN,NaN,NaN
NaN,NaN,-0.00601635234973704,-0.00752093668658441,-0.00636656969921508,-0.000714830627354483,-0.000820052223086046,-0.00912249165412504,-0.0186826043985396,NaN,NaN,NaN,NaN,NaN,NaN,NaN,NaN,NaN
NaN,NaN,-0.0117840144278792,-0.00480181004483408,-0.00558030992882171,-0.00546016128888975,0.00379414821994336,-0.0123329468333395,-0.0227551848850756,NaN,NaN,NaN,NaN,NaN,NaN,NaN,NaN,NaN
NaN,NaN,-0.006448765421131,-0.00816209639985269,-0.00306082159416595,-0.00182202415696035,-0.00297779624330966,-0.0074807003402384,-0.0200701446495562,NaN,NaN,NaN,NaN,NaN,NaN,NaN,NaN,NaN
NaN,NaN,-0.00967961656472956,-0.00261186088998026,-0.00701775044338622,-0.00239815892806898,0.00235745276343854,-0.0121906966232928,-0.0175503769181281,NaN,NaN,NaN,NaN,NaN,NaN,NaN,NaN,NaN
NaN,NaN,-0.00957791613958155,-0.00733243699748224,-0.00141096502678314,-0.00527290957203756,0.000283006234288527,-0.00628221857186873,-0.0224776507578402,NaN,NaN,NaN,NaN,NaN,NaN,NaN,NaN,NaN
NaN,NaN,-0.00499005349896227,-0.00772996272523111,-0.00575683280961433,0.00166749251851191,-0.000853989617705034,-0.0108766749763163,-0.0164464057646304,NaN,NaN,NaN,NaN,NaN,NaN,NaN,NaN,NaN
NaN,NaN,-0.0108705546202448,-0.0031257274337501,-0.00387785226242462,-0.00140961589446912,0.00248090888392956,-0.0141803741717013,-0.0203689874372988,NaN,NaN,NaN,NaN,NaN,NaN,NaN,NaN,NaN
NaN,NaN,-0.00813432889602457,-0.00737334068495935,-0.00134316474335113,-0.000770467837962011,-0.00374902446734874,-0.00752903598186094,-0.0187024229429274,NaN,NaN,NaN,NaN,NaN,NaN,NaN,NaN,NaN
NaN,NaN,-0.0120246123018054,-0.00311592992026514,-0.0061247983588449,-0.000953994264515738,-0.00138737668263881,-0.0122342080139788,-0.0174232513866931,NaN,NaN,NaN,NaN,NaN,NaN,NaN,NaN,NaN
NaN,NaN,-0.0139880638065127,-0.00853617142517275,-0.00106550023095527,-0.00334766091934095,-0.00208799202907054,-0.00832911657926161,-0.0227555201612025,NaN,NaN,NaN,NaN,NaN,NaN,NaN,NaN,NaN
NaN,NaN,-0.00790531667492663,-0.00771541546661562,-0.00470773518221298,0.00411707578071704,-0.00575151701438396,-0.0108216710650595,-0.0174214259944468,NaN,NaN,NaN,NaN,NaN,NaN,NaN,NaN,NaN
NaN,NaN,-0.014629186266878,-0.00191150631386942,-0.00170205921070495,0.000236403623906274,0.000838093115210844,-0.0130773902201327,-0.0192795262895136,NaN,NaN,NaN,NaN,NaN,NaN,NaN,NaN,NaN
NaN,NaN,-0.0104083019735602,-0.00563331346590227,0.000341039000583502,-0.000738393088492254,-0.00340637226569621,-0.00500015991565306,-0.0175568402967959,NaN,NaN,NaN,NaN,NaN,NaN,NaN,NaN,NaN
NaN,NaN,-0.0126062232496527,-0.00136688749868578,-0.00607607156174102,0.00113397506841769,-9.6936123251604e-05,-0.00965355041262228,-0.0163834856114894,NaN,NaN,NaN,NaN,NaN,NaN,NaN,NaN,NaN
NaN,NaN,-0.0114772926511553,-0.00528265189010805,-0.00038893163340011,-0.00124683933487783,0.00202366675269635,-0.00614564942952711,-0.0216673442385703,NaN,NaN,NaN,NaN,NaN,NaN,NaN,NaN,NaN
NaN,NaN,-0.00533523889801775,-0.00472009580213732,-0.00307322681085983,0.00692736027607073,-0.00146979873049228,-0.00711236226197798,-0.0176278070769816,NaN,NaN,NaN,NaN,NaN,NaN,NaN,NaN,NaN
NaN,NaN,-0.0125951963903693,0.000160686414650021,-0.00179988533394256,0.00138131571778407,0.00615773315560849,-0.00963384362694342,-0.0179568433425933,NaN,NaN,NaN,NaN,NaN,NaN,NaN,NaN,NaN
NaN,NaN,-0.00943717467210566,-0.00718607034165567,-0.00112786159055152,0.000568848530141016,0.00219132344257863,-0.00266168343659956,-0.0188301631472617,NaN,NaN,NaN,NaN,NaN,NaN,NaN,NaN,NaN
NaN,NaN,-0.0108996677639273,-0.00359382878620333,-0.00753105819361129,0.00338576404222598,0.00329818169605763,-0.007944275464979,-0.0167986692152529,NaN,NaN,NaN,NaN,NaN,NaN,NaN,NaN,NaN
NaN,NaN,-0.0101236897947577,-0.00561360668022341,-0.000513244570659784,0.00133139682778468,0.00433224777710469,-0.00356957393523771,-0.021307220425418,NaN,NaN,NaN,NaN,NaN,NaN,NaN,NaN,NaN
NaN,NaN,-0.00543427574060236,-0.00684794436771578,-0.00165620088713088,0.00803656546243777,0.0016585324240926,-0.00409530552860815,-0.0144419574401885,NaN,NaN,NaN,NaN,NaN,NaN,NaN,NaN,NaN
NaN,NaN,-0.0132347542288092,-0.0024533497877807,-0.00266826912896552,0.00144801704057803,0.00822711328995259,-0.00690622332331259,-0.0147172563932448,NaN,NaN,NaN,NaN,NaN,NaN,NaN,NaN,NaN
NaN,NaN,-0.0106354515495089,-0.0104781093784065,-0.0018554852916471,0.000128724107829233,0.00263632799518139,-0.00132404344913084,-0.0157580652497321,NaN,NaN,NaN,NaN,NaN,NaN,NaN,NaN,NaN
NaN,NaN,-0.0103231604637889,-0.00584459330517954,-0.00713049635426917,0.00189099130996813,0.00246043841373952,-0.00620108174916822,-0.0130245589874297,NaN,NaN,NaN,NaN,NaN,NaN,NaN,NaN,NaN
NaN,NaN,-0.0120982799174575,-0.00656981419403261,-0.000845149309801248,-0.000993966629418234,0.00277572835814984,-0.00292051660653669,-0.0159002968333274,NaN,NaN,NaN,NaN,NaN,NaN,NaN,NaN,NaN
NaN,NaN,-0.00617378311775004,-0.00795873280245966,-0.00392292827503601,0.00229915274151911,0.000147517426133467,-0.00255571755405981,-0.0100193300507575,NaN,NaN,NaN,NaN,NaN,NaN,NaN,NaN,NaN
NaN,NaN,-0.0134269978346614,-0.00405827935416407,-0.00573427617685714,-0.00325361596575628,0.00675579126012356,-0.0068202063703211,-0.0106178724430113,NaN,NaN,NaN,NaN,NaN,NaN,NaN,NaN,NaN
NaN,NaN,-0.00914758923075472,-0.0103720689900607,-0.00339302435653129,-0.00522358672848592,0.00278403575551541,0.000151246014866047,-0.0121207663081198,NaN,NaN,NaN,NaN,NaN,NaN,NaN,NaN,NaN
NaN,NaN,-0.00438929455898081,-0.00351697604734606,-0.0071134904040567,-0.00040551977387319,0.00227991084587605,-0.00370746555563528,-0.00780967411022478,NaN,NaN,NaN,NaN,NaN,NaN,NaN,NaN,NaN
NaN,NaN,-0.00696931886098658,-0.00437254484374231,-0.00218783706562438,-0.00415981145730863,0.00469563121926816,-0.0016680740081938,-0.0117461511157065,NaN,NaN,NaN,NaN,NaN,NaN,NaN,NaN,NaN
NaN,NaN,-0.000214082324722161,-0.0058650265224666,-0.00477894410626808,-6.55497812355557e-05,0.00175928290021451,-0.0016142994427355,-0.00794179153065973,NaN,NaN,NaN,NaN,NaN,NaN,NaN,NaN,NaN
NaN,NaN,-0.00822651120446001,-0.00319783042747683,-0.0072907769693605,-0.00537352966299901,0.0070255209041837,-0.00745950343844015,-0.010569015260747,NaN,NaN,NaN,NaN,NaN,NaN,NaN,NaN,NaN
NaN,NaN,-0.00566148119590556,-0.00782339300591654,-0.00294615715877929,-0.00806439997783552,0.00191250409019024,-0.00124381932255346,-0.0142237299345046,NaN,NaN,NaN,NaN,NaN,NaN,NaN,NaN,NaN
NaN,NaN,-0.00281291934273516,-0.00306435327608294,-0.00678199544684806,-0.00104559915295492,-0.000601172791599916,-0.00751402306195814,-0.00985374089699083,NaN,NaN,NaN,NaN,NaN,NaN,NaN,NaN,NaN
NaN,NaN,-0.00475105749986445,-0.00263112064082331,-0.0010022075487844,-0.00559972928992162,0.00457258488070996,-0.00571621659037191,-0.0136899144611865,NaN,NaN,NaN,NaN,NaN,NaN,NaN,NaN,NaN
NaN,NaN,0.000860179638645302,-0.00487337287146753,-0.00135283187167564,-0.000320490022810797,0.00237127359044583,-0.00393511804577429,-0.00994031664352709,NaN,NaN,NaN,NaN,NaN,NaN,NaN,NaN,NaN
NaN,NaN,-0.00662204729936396,4.98031489163013e-05,-0.00127048432962814,-0.00379693092933545,0.00709840620887311,-0.00758178609248716,-0.00960843053083711,NaN,NaN,NaN,NaN,NaN,NaN,NaN,NaN,NaN
NaN,NaN,-0.00302734705231463,-0.00281058650095171,0.00423301741345009,-0.00448303627005468,0.00273899699580701,-0.000963174577918835,-0.0120754108987361,NaN,NaN,NaN,NaN,NaN,NaN,NaN,NaN,NaN
NaN,NaN,0.000244016623279701,0.000349074345043239,0.000230267493558737,0.0016556460953628,0.00198248366844685,-0.00535402524110395,-0.00703310009460741,NaN,NaN,NaN,NaN,NaN,NaN,NaN,NaN,NaN
NaN,NaN,-0.00145158650896822,0.00140288446467215,0.00381291642649254,-0.0034499760173882,0.0086109672023061,-0.00341069030400831,-0.0120971852205306,NaN,NaN,NaN,NaN,NaN,NaN,NaN,NaN,NaN
NaN,NaN,0.00281418753244604,-0.00267189394313997,0.00405614063007912,-0.00104803921810041,0.00619969855082066,-0.000195410873857327,-0.00908769082646662,NaN,NaN,NaN,NaN,NaN,NaN,NaN,NaN,NaN
NaN,NaN,-0.00314001845739161,0.00341008950393492,0.00336655214293084,-0.00343758942714582,0.0100845802856687,-0.00425634982821066,-0.00954727989058786,NaN,NaN,NaN,NaN,NaN,NaN,NaN,NaN,NaN
NaN,NaN,0.00079427925326551,0.000750008713415203,0.00750290959937653,-0.0023697722159947,0.00705126266014607,0.00272262764337938,-0.0134695262871295,NaN,NaN,NaN,NaN,NaN,NaN,NaN,NaN,NaN
NaN,NaN,0.0059243951497289,0.00359838430207068,0.00321068599684319,0.00472286386260142,0.00762562791836293,0.00021127906802576,-0.00935878020148569,NaN,NaN,NaN,NaN,NaN,NaN,NaN,NaN,NaN
NaN,NaN,0.00207818192817892,0.00500330303232962,0.00605479612810692,0.00110517857441058,0.0147709582282308,0.00157831159594934,-0.0141357758305579,NaN,NaN,NaN,NaN,NaN,NaN,NaN,NaN,NaN
NaN,NaN,0.00584767279603208,-0.000607244927474919,0.00818001836402497,0.0022657555139934,0.0114218291176561,0.00407613736751955,-0.0122368091009169,NaN,NaN,NaN,NaN,NaN,NaN,NaN,NaN,NaN
NaN,NaN,0.000184318846246849,0.0057708804718762,0.00393505006892762,0.0023607131637012,0.0141588185263875,-0.0019001037144335,-0.0123636179826766,NaN,NaN,NaN,NaN,NaN,NaN,NaN,NaN,NaN
NaN,NaN,0.00205065203287328,-0.000103585679122868,0.00792280569536767,0.00178802428611865,0.0109498907161954,0.00448226851585787,-0.0166902073882132,NaN,NaN,NaN,NaN,NaN,NaN,NaN,NaN,NaN
NaN,NaN,0.00642390069939817,0.00127391491453939,0.0010327695296534,0.00726405201324572,0.0101684179438356,0.00148188245657366,-0.0106192880533248,NaN,NaN,NaN,NaN,NaN,NaN,NaN,NaN,NaN
NaN,NaN,2.13560221406324e-05,0.000822949897459087,0.00547819569571099,0.00124456031092753,0.017185318870664,0.000997091803583317,-0.0139800959489852,NaN,NaN,NaN,NaN,NaN,NaN,NaN,NaN,NaN
NaN,NaN,0.00332853836395467,-0.00289759065587229,0.00753546863658509,0.00240830374726405,0.0113352161182168,0.00319484544161242,-0.0118626781962424,NaN,NaN,NaN,NaN,NaN,NaN,NaN,NaN,NaN
NaN,NaN,-0.000465725684383264,0.00299460787694746,0.00278205409510216,0.00276511205205073,0.0139859091771844,-0.00254226925608236,-0.0104765535555392,NaN,NaN,NaN,NaN,NaN,NaN,NaN,NaN,NaN
NaN,NaN,0.00179282469131673,-0.000828583050558033,0.0074518731222876,0.0022241067684566,0.0121469568742517,0.00561447736981791,-0.0133227312229186,NaN,NaN,NaN,NaN,NaN,NaN,NaN,NaN,NaN
NaN,NaN,0.00775865358688558,-0.00015819843489832,0.00184017032249055,0.00702982438572993,0.0113260332776311,0.00319756490353029,-0.00587252315502459,NaN,NaN,NaN,NaN,NaN,NaN,NaN,NaN,NaN
NaN,NaN,0.00125723970510686,0.00268883604924971,0.0043100191639193,-0.000147133638771872,0.0163840089274648,0.00354530212644022,-0.00975967731695467,NaN,NaN,NaN,NaN,NaN,NaN,NaN,NaN,NaN
NaN,NaN,0.00529465345122541,-0.000252746302673283,0.00531934931738457,0.000808142552462717,0.00975796545875104,0.00525217426184099,-0.00954828571896845,NaN,NaN,NaN,NaN,NaN,NaN,NaN,NaN,NaN
NaN,NaN,0.00193833453037466,0.00372413147609526,-0.00127946227924743,0.0014250692523395,0.0110141892267469,-0.000181552793947048,-0.00882297169785791,NaN,NaN,NaN,NaN,NaN,NaN,NaN,NaN,NaN
NaN,NaN,0.00323184845425809,0.001144088547638,0.00313947707278809,4.38433683787784e-05,0.0110326666666272,0.00621488240722101,-0.0122487486563235,NaN,NaN,NaN,NaN,NaN,NaN,NaN,NaN,NaN
NaN,NaN,0.00919834790208067,0.000293064605405864,-0.00147502139346519,0.00435704035529246,0.00975001196396382,0.00381821689370554,-0.00477849852662378,NaN,NaN,NaN,NaN,NaN,NaN,NaN,NaN,NaN
NaN,NaN,0.00267229122497762,0.00521473188321882,0.00145048633081994,-0.000735524614962439,0.0141729560030702,0.00325417068961542,-0.00868182044844919,NaN,NaN,NaN,NaN,NaN,NaN,NaN,NaN,NaN
NaN,NaN,0.00812436533548559,0.000739745538642941,0.00434045478565774,0.00169453812607874,0.00900890271198781,0.00596720648172777,-0.00726069670539194,NaN,NaN,NaN,NaN,NaN,NaN,NaN,NaN,NaN
NaN,NaN,0.00664497805216039,0.00554537002365881,7.80893848665678e-05,0.00423328621157755,0.0114308815730813,0.00173507181170862,-0.0049915851316958,NaN,NaN,NaN,NaN,NaN,NaN,NaN,NaN,NaN
NaN,NaN,0.00826307651974882,0.00338883672278219,0.00635267034037194,0.00262226579555621,0.0117820088101629,0.00512212437752169,-0.0083187350295096,NaN,NaN,NaN,NaN,NaN,NaN,NaN,NaN,NaN
NaN,NaN,0.0138620947060796,0.00351830918710524,0.00296332672102532,0.00771434647807231,0.010544020338178,0.00367497948172968,-0.00311217617612177,NaN,NaN,NaN,NaN,NaN,NaN,NaN,NaN,NaN
NaN,NaN,0.0057313692329141,0.00857900429885679,0.00626870229704461,0.00293461276063075,0.0137713883353475,0.00156009492638987,-0.00622091230373674,NaN,NaN,NaN,NaN,NaN,NaN,NaN,NaN,NaN
NaN,NaN,0.00999749717690672,0.00360803280394369,0.0103603376434573,0.00486038295396914,0.00935909862649472,0.00574054119351786,-0.00638177033882433,NaN,NaN,NaN,NaN,NaN,NaN,NaN,NaN,NaN
NaN,NaN,0.00862824810125555,0.010198835026434,0.006846606581045,0.00798135666021456,0.0110251974595788,0.00126171779993456,-0.00204655688624674,NaN,NaN,NaN,NaN,NaN,NaN,NaN,NaN,NaN
NaN,NaN,0.00980454576589788,0.00918225918333822,0.0125769039974936,0.00491926116713633,0.013105287803531,0.0065089568233816,-0.00578460630398088,NaN,NaN,NaN,NaN,NaN,NaN,NaN,NaN,NaN
NaN,NaN,0.0152884152291032,0.0100601797215252,0.0102250350998171,0.010554861704198,0.0106656696928743,0.00594256368640345,-0.00180327680330568,NaN,NaN,NaN,NaN,NaN,NaN,NaN,NaN,NaN
NaN,NaN,0.00846440983392919,0.014593615870884,0.0101301892088183,0.00494446275600543,0.0145947147442106,0.00375520360830706,-0.00461916786055857,NaN,NaN,NaN,NaN,NaN,NaN,NaN,NaN,NaN
NaN,NaN,0.0113656100390169,0.00973401192944342,0.0147905832515486,0.00670481143364062,0.0106705684496167,0.00936606821778696,-0.00676746826987558,NaN,NaN,NaN,NaN,NaN,NaN,NaN,NaN,NaN
NaN,NaN,0.0105824795124742,0.0147389953247815,0.00828665479881844,0.00978246001371493,0.0123074982596639,0.00352613550785463,-0.00181398701291376,NaN,NaN,NaN,NaN,NaN,NaN,NaN,NaN,NaN
NaN,NaN,0.00989641142465795,0.012791506689003,0.0116515977667101,0.00652294276126971,0.0151999626590017,0.00783480626705568,-0.00632846143465334,NaN,NaN,NaN,NaN,NaN,NaN,NaN,NaN,NaN
NaN,NaN,0.0143374044952604,0.0108264719359189,0.00922121837599358,0.0112542663312828,0.0114238035215142,0.00654473823669832,-0.0034674012325316,NaN,NaN,NaN,NaN,NaN,NaN,NaN,NaN,NaN
NaN,NaN,0.00750280064918722,0.0131860894374161,0.00900418296320519,0.00723652211794009,0.0163829658461812,0.00438371596101206,-0.00467176895957285,NaN,NaN,NaN,NaN,NaN,NaN,NaN,NaN,NaN
NaN,NaN,0.0109693509099695,0.00880576271932417,0.0144507063911684,0.00932898042568316,0.0141766254140142,0.0103537544346182,-0.00523423191528612,NaN,NaN,NaN,NaN,NaN,NaN,NaN,NaN,NaN
NaN,NaN,0.0108215686438295,0.0131237653307229,0.00810530766708932,0.0136881661213314,0.0152603868676427,0.00479942110541742,0.00286944795031256,NaN,NaN,NaN,NaN,NaN,NaN,NaN,NaN,NaN
NaN,NaN,0.00886500892617429,0.0138373074344903,0.0115749871717223,0.00998785389432063,0.0177685316933397,0.00841481534007471,-0.00167905699830347,NaN,NaN,NaN,NaN,NaN,NaN,NaN,NaN,NaN
NaN,NaN,0.0134178724644395,0.01103680182617,0.00999583661420426,0.013352256695119,0.0134883407784704,0.00901007947686594,0.00224294725436873,NaN,NaN,NaN,NaN,NaN,NaN,NaN,NaN,NaN
NaN,NaN,0.00520982859112943,0.0137141493372231,0.0095270833359488,0.0109864552117263,0.0176540162695649,0.00597130430105608,0.000546468678900661,NaN,NaN,NaN,NaN,NaN,NaN,NaN,NaN,NaN
NaN,NaN,0.00822133464195455,0.00830875311415487,0.0146132221804388,0.0110512938893711,0.0142771523727182,0.0111244611180155,-0.000571565445473728,NaN,NaN,NaN,NaN,NaN,NaN,NaN,NaN,NaN
NaN,NaN,0.00773360100962842,0.0135282014719754,0.00699129685623726,0.014350224713174,0.01293465088141,0.00673342419031542,0.00687972295660681,NaN,NaN,NaN,NaN,NaN,NaN,NaN,NaN,NaN
NaN,NaN,0.00460953531243528,0.0131220144442826,0.0112273058281668,0.0078437071836864,0.0152799632681611,0.0100078798568575,0.0029059185423345,NaN,NaN,NaN,NaN,NaN,NaN,NaN,NaN,NaN
NaN,NaN,0.00999235627629484,0.00923055757205778,0.0100287681804427,0.0120139461553966,0.0118015107048753,0.0137729748821585,0.00715096134323782,NaN,NaN,NaN,NaN,NaN,NaN,NaN,NaN,NaN
NaN,NaN,0.00509784636475767,0.0129226741604119,0.0101409552977808,0.0102374855972206,0.0182886939777139,0.0104864679015009,0.00649357799071974,NaN,NaN,NaN,NaN,NaN,NaN,NaN,NaN,NaN
NaN,NaN,0.00947290179707731,0.00858435009043509,0.0149670875058897,0.0104200434482967,0.0161919888390306,0.0159521952009527,0.00561958763379759,NaN,NaN,NaN,NaN,NaN,NaN,NaN,NaN,NaN
NaN,NaN,0.0100226428864213,0.014537997286728,0.00797102957828126,0.0146504644847785,0.0144273560775522,0.0125674709415762,0.0118279143013448,NaN,NaN,NaN,NaN,NaN,NaN,NaN,NaN,NaN
NaN,NaN,0.0065398317334863,0.0127750222794324,0.0115505492673644,0.00764874411591639,0.0183443125618699,0.0154713533556787,0.00750296402353949,NaN,NaN,NaN,NaN,NaN,NaN,NaN,NaN,NaN
NaN,NaN,0.0120335359630796,0.00849444020908171,0.0114565415666827,0.0146072697437679,0.0141910609139207,0.0182061634695856,0.0103007501699418,NaN,NaN,NaN,NaN,NaN,NaN,NaN,NaN,NaN
NaN,NaN,0.00720729199626173,0.0128709298781663,0.00944881498677811,0.0124567341602718,0.0200539414120916,0.013464148316416,0.0109051226415128,NaN,NaN,NaN,NaN,NaN,NaN,NaN,NaN,NaN
NaN,NaN,0.0105809335170003,0.010058354329279,0.0150950512276419,0.0128965605593597,0.0164104584885839,0.0182502522802679,0.0095069280602426,NaN,NaN,NaN,NaN,NaN,NaN,NaN,NaN,NaN
NaN,NaN,0.011307048475525,0.0141395029835015,0.00966311231119713,0.0162138384378826,0.0157544721199277,0.0170049808657495,0.0160636252500505,NaN,NaN,NaN,NaN,NaN,NaN,NaN,NaN,NaN
NaN,NaN,0.00723795113541807,0.0140451972595959,0.0133599786446818,0.0116079826451217,0.0204608734978441,0.0199718579387991,0.0123815483190507,NaN,NaN,NaN,NaN,NaN,NaN,NaN,NaN,NaN
NaN,NaN,0.0124272805211755,0.00930115182321363,0.0154396778331526,0.0167916495896255,0.0144090835286382,0.0218838445580332,0.0145246333219499,NaN,NaN,NaN,NaN,NaN,NaN,NaN,NaN,NaN
NaN,NaN,0.00698202369191373,0.014641932886055,0.0115179343508013,0.0143460523880397,0.0180366594625715,0.0159791663027136,0.0163115805723161,NaN,NaN,NaN,NaN,NaN,NaN,NaN,NaN,NaN
NaN,NaN,0.00871294257619108,0.0127556693963318,0.0173169633732565,0.0105214458502208,0.0139430310858491,0.0198186740017263,0.0126289448477716,NaN,NaN,NaN,NaN,NaN,NaN,NaN,NaN,NaN
NaN,NaN,0.0107347880063268,0.0139175129346161,0.0112187935398348,0.0131005202032005,0.0132105086280111,0.0181569523847429,0.0176876841821165,NaN,NaN,NaN,NaN,NaN,NaN,NaN,NaN,NaN
NaN,NaN,0.00711509106137479,0.0138886233083516,0.0141400544331797,0.00932467771538844,0.0174502801431421,0.0187498323357431,0.0125192164220304,NaN,NaN,NaN,NaN,NaN,NaN,NaN,NaN,NaN
NaN,NaN,0.0126765210685941,0.00940519918124968,0.0146599373207816,0.0131341036952411,0.0116271671189073,0.0213654145336477,0.015261886898467,NaN,NaN,NaN,NaN,NaN,NaN,NaN,NaN,NaN
NaN,NaN,0.00934655857660497,0.0183121633939057,0.0116563288853892,0.0117669594086086,0.0157490704489949,0.0153360880649416,0.017406555149743,NaN,NaN,NaN,NaN,NaN,NaN,NaN,NaN,NaN
